BOM_LINE_ID,BOM_ID,PART_ID,QUANTITY_PER,FIND_NUMBER
1,1,4995,14.0000,1
2,1,21943,18.0000,2
3,1,10985,9.0000,3
4,1,18059,20.0000,4
5,1,16640,17.0000,5
6,1,13515,5.0000,6
7,1,27108,7.0000,7
8,1,7390,7.0000,8
9,1,12235,1.0000,9
10,1,24353,17.0000,10
11,2,19894,20.0000,1
12,2,11699,3.0000,2
13,2,5024,12.0000,3
14,2,17061,8.0000,4
15,2,29661,17.0000,5
16,2,11941,11.0000,6
17,2,19146,19.0000,7
18,2,10954,5.0000,8
19,2,21271,14.0000,9
20,2,14971,5.0000,10
21,3,24414,6.0000,1
22,3,16228,11.0000,2
23,3,24366,8.0000,3
24,3,27484,18.0000,4
25,3,11363,9.0000,5
26,3,12392,12.0000,6
27,3,22440,7.0000,7
28,3,1344,5.0000,8
29,3,22010,11.0000,9
30,3,21403,1.0000,10
31,4,18017,20.0000,1
32,4,22760,18.0000,2
33,4,16,17.0000,3
34,4,14758,14.0000,4
35,4,23603,9.0000,5
36,4,10472,1.0000,6
37,4,1265,1.0000,7
38,4,5960,7.0000,8
39,4,23420,17.0000,9
40,4,20035,1.0000,10
41,5,18506,4.0000,1
42,5,28217,5.0000,2
43,5,2827,1.0000,3
44,5,10178,4.0000,4
45,5,4297,16.0000,5
46,5,17971,10.0000,6
47,5,16618,12.0000,7
48,5,2335,11.0000,8
49,5,11845,10.0000,9
50,5,24558,12.0000,10
51,6,9427,16.0000,1
52,6,9710,19.0000,2
53,6,2401,14.0000,3
54,6,14519,10.0000,4
55,6,14207,11.0000,5
56,6,6807,12.0000,6
57,6,4481,17.0000,7
58,6,5608,13.0000,8
59,6,19540,6.0000,9
60,6,17290,20.0000,10
61,7,1137,14.0000,1
62,7,5275,18.0000,2
63,7,3631,2.0000,3
64,7,27663,18.0000,4
65,7,15219,10.0000,5
66,7,5134,8.0000,6
67,7,15144,12.0000,7
68,7,21321,3.0000,8
69,7,18583,19.0000,9
70,7,9349,9.0000,10
71,8,19564,2.0000,1
72,8,24251,17.0000,2
73,8,7140,18.0000,3
74,8,17985,13.0000,4
75,8,27567,15.0000,5
76,8,11706,6.0000,6
77,8,5155,15.0000,7
78,8,2617,19.0000,8
79,8,6884,18.0000,9
80,8,25724,2.0000,10
81,9,20617,19.0000,1
82,9,22817,17.0000,2
83,9,23823,16.0000,3
84,9,12849,17.0000,4
85,9,29111,19.0000,5
86,9,22233,16.0000,6
87,9,8115,14.0000,7
88,9,6470,19.0000,8
89,9,10588,4.0000,9
90,9,26917,2.0000,10
91,10,28463,19.0000,1
92,10,28498,16.0000,2
93,10,12986,4.0000,3
94,10,3317,2.0000,4
95,10,5431,1.0000,5
96,10,22136,7.0000,6
97,10,27024,20.0000,7
98,10,14163,4.0000,8
99,10,6959,11.0000,9
100,10,26210,5.0000,10
101,11,29985,8.0000,1
102,11,16343,9.0000,2
103,11,7627,5.0000,3
104,11,18807,14.0000,4
105,11,12302,14.0000,5
106,11,9707,20.0000,6
107,11,20148,11.0000,7
108,11,6461,4.0000,8
109,11,20490,17.0000,9
110,11,22423,12.0000,10
111,12,1197,6.0000,1
112,12,412,17.0000,2
113,12,15881,5.0000,3
114,12,2026,9.0000,4
115,12,25240,15.0000,5
116,12,20400,18.0000,6
117,12,28169,10.0000,7
118,12,12014,4.0000,8
119,12,18822,19.0000,9
120,12,25659,2.0000,10
121,13,10116,9.0000,1
122,13,7056,5.0000,2
123,13,11774,9.0000,3
124,13,21799,12.0000,4
125,13,11048,20.0000,5
126,13,19783,18.0000,6
127,13,11774,19.0000,7
128,13,17294,4.0000,8
129,13,8151,18.0000,9
130,13,18180,12.0000,10
131,14,10480,11.0000,1
132,14,6373,2.0000,2
133,14,2238,1.0000,3
134,14,21896,11.0000,4
135,14,17076,10.0000,5
136,14,29385,2.0000,6
137,14,11027,20.0000,7
138,14,29593,8.0000,8
139,14,7612,1.0000,9
140,14,28259,2.0000,10
141,15,22526,1.0000,1
142,15,9862,3.0000,2
143,15,23096,10.0000,3
144,15,29438,13.0000,4
145,15,4238,10.0000,5
146,15,27923,5.0000,6
147,15,707,8.0000,7
148,15,14747,19.0000,8
149,15,19167,1.0000,9
150,15,12283,5.0000,10
151,16,12554,6.0000,1
152,16,28545,14.0000,2
153,16,1268,13.0000,3
154,16,13743,7.0000,4
155,16,26496,6.0000,5
156,16,22315,5.0000,6
157,16,4636,12.0000,7
158,16,15211,6.0000,8
159,16,18939,1.0000,9
160,16,17773,1.0000,10
161,17,3325,10.0000,1
162,17,7621,14.0000,2
163,17,16990,8.0000,3
164,17,3183,5.0000,4
165,17,10662,3.0000,5
166,17,23805,9.0000,6
167,17,21201,11.0000,7
168,17,8180,6.0000,8
169,17,25458,12.0000,9
170,17,17732,18.0000,10
171,18,11363,8.0000,1
172,18,8599,19.0000,2
173,18,29525,7.0000,3
174,18,16354,3.0000,4
175,18,16506,1.0000,5
176,18,1965,14.0000,6
177,18,19932,13.0000,7
178,18,2545,5.0000,8
179,18,8360,4.0000,9
180,18,22892,12.0000,10
181,19,10446,6.0000,1
182,19,19975,18.0000,2
183,19,27660,13.0000,3
184,19,3592,12.0000,4
185,19,21890,1.0000,5
186,19,8950,2.0000,6
187,19,7546,19.0000,7
188,19,12892,5.0000,8
189,19,24524,16.0000,9
190,19,3945,20.0000,10
191,20,26439,17.0000,1
192,20,29359,4.0000,2
193,20,5811,20.0000,3
194,20,23701,4.0000,4
195,20,23433,17.0000,5
196,20,5779,2.0000,6
197,20,3799,15.0000,7
198,20,15038,1.0000,8
199,20,23290,18.0000,9
200,20,19602,6.0000,10
201,21,23570,13.0000,1
202,21,9722,13.0000,2
203,21,10441,1.0000,3
204,21,17537,1.0000,4
205,21,15660,15.0000,5
206,21,4372,2.0000,6
207,21,25818,16.0000,7
208,21,14819,6.0000,8
209,21,859,7.0000,9
210,21,20336,12.0000,10
211,22,27671,11.0000,1
212,22,4378,8.0000,2
213,22,28408,5.0000,3
214,22,18447,19.0000,4
215,22,6594,7.0000,5
216,22,6013,9.0000,6
217,22,399,4.0000,7
218,22,15435,17.0000,8
219,22,20339,6.0000,9
220,22,15228,18.0000,10
221,23,15636,11.0000,1
222,23,1281,10.0000,2
223,23,1936,6.0000,3
224,23,15352,1.0000,4
225,23,3154,7.0000,5
226,23,6977,8.0000,6
227,23,5620,13.0000,7
228,23,18629,5.0000,8
229,23,1552,5.0000,9
230,23,27198,10.0000,10
231,24,26929,10.0000,1
232,24,4120,13.0000,2
233,24,17248,10.0000,3
234,24,2630,16.0000,4
235,24,28467,5.0000,5
236,24,24910,16.0000,6
237,24,3067,15.0000,7
238,24,9166,3.0000,8
239,24,24478,16.0000,9
240,24,16409,10.0000,10
241,25,15716,20.0000,1
242,25,26701,12.0000,2
243,25,13885,3.0000,3
244,25,10266,18.0000,4
245,25,13859,18.0000,5
246,25,3976,10.0000,6
247,25,16810,17.0000,7
248,25,26714,19.0000,8
249,25,29279,5.0000,9
250,25,4760,2.0000,10
251,26,4528,9.0000,1
252,26,14900,20.0000,2
253,26,16767,13.0000,3
254,26,14095,3.0000,4
255,26,29101,11.0000,5
256,26,7567,10.0000,6
257,26,17944,8.0000,7
258,26,3267,6.0000,8
259,26,27896,12.0000,9
260,26,23715,1.0000,10
261,27,14132,15.0000,1
262,27,7171,8.0000,2
263,27,26926,2.0000,3
264,27,12754,9.0000,4
265,27,25274,11.0000,5
266,27,12174,4.0000,6
267,27,17179,8.0000,7
268,27,28227,12.0000,8
269,27,948,17.0000,9
270,27,8823,12.0000,10
271,28,7379,5.0000,1
272,28,8553,3.0000,2
273,28,12809,19.0000,3
274,28,3316,16.0000,4
275,28,14861,14.0000,5
276,28,25551,1.0000,6
277,28,2559,5.0000,7
278,28,15440,20.0000,8
279,28,18056,4.0000,9
280,28,19560,1.0000,10
281,29,4918,11.0000,1
282,29,3796,15.0000,2
283,29,3039,11.0000,3
284,29,8356,10.0000,4
285,29,8966,13.0000,5
286,29,16062,4.0000,6
287,29,9255,7.0000,7
288,29,7080,11.0000,8
289,29,7907,17.0000,9
290,29,13972,7.0000,10
291,30,14362,12.0000,1
292,30,14581,14.0000,2
293,30,15412,13.0000,3
294,30,16806,3.0000,4
295,30,6060,18.0000,5
296,30,22766,20.0000,6
297,30,2633,4.0000,7
298,30,29243,12.0000,8
299,30,3835,11.0000,9
300,30,19618,5.0000,10
301,31,2483,9.0000,1
302,31,9247,18.0000,2
303,31,4056,8.0000,3
304,31,984,10.0000,4
305,31,8303,20.0000,5
306,31,9838,17.0000,6
307,31,19448,13.0000,7
308,31,7154,20.0000,8
309,31,1679,7.0000,9
310,31,2494,6.0000,10
311,32,2480,2.0000,1
312,32,29857,18.0000,2
313,32,27866,14.0000,3
314,32,17698,5.0000,4
315,32,5495,15.0000,5
316,32,25483,5.0000,6
317,32,7292,19.0000,7
318,32,4791,8.0000,8
319,32,4134,13.0000,9
320,32,5782,18.0000,10
321,33,26508,10.0000,1
322,33,6159,16.0000,2
323,33,17171,11.0000,3
324,33,27108,11.0000,4
325,33,29127,5.0000,5
326,33,16225,16.0000,6
327,33,25893,20.0000,7
328,33,14309,9.0000,8
329,33,2838,15.0000,9
330,33,11302,6.0000,10
331,34,27888,1.0000,1
332,34,23586,4.0000,2
333,34,21404,16.0000,3
334,34,8952,17.0000,4
335,34,26,1.0000,5
336,34,1059,3.0000,6
337,34,20972,9.0000,7
338,34,10487,1.0000,8
339,34,24600,18.0000,9
340,34,18970,17.0000,10
341,35,11126,4.0000,1
342,35,22165,17.0000,2
343,35,24625,5.0000,3
344,35,28680,20.0000,4
345,35,20004,17.0000,5
346,35,23028,7.0000,6
347,35,117,11.0000,7
348,35,26631,9.0000,8
349,35,10338,19.0000,9
350,35,29126,17.0000,10
351,36,424,5.0000,1
352,36,16073,17.0000,2
353,36,8686,6.0000,3
354,36,2412,18.0000,4
355,36,27578,13.0000,5
356,36,11618,19.0000,6
357,36,18232,18.0000,7
358,36,1517,2.0000,8
359,36,22943,14.0000,9
360,36,16895,8.0000,10
361,37,12228,4.0000,1
362,37,3636,1.0000,2
363,37,1024,15.0000,3
364,37,25242,14.0000,4
365,37,8711,15.0000,5
366,37,26255,17.0000,6
367,37,24372,12.0000,7
368,37,14527,11.0000,8
369,37,21208,2.0000,9
370,37,4954,2.0000,10
371,38,1283,16.0000,1
372,38,16332,19.0000,2
373,38,13188,14.0000,3
374,38,10864,20.0000,4
375,38,22894,19.0000,5
376,38,15675,17.0000,6
377,38,16906,17.0000,7
378,38,27208,10.0000,8
379,38,10677,3.0000,9
380,38,15589,10.0000,10
381,39,20645,8.0000,1
382,39,10521,1.0000,2
383,39,26463,2.0000,3
384,39,8095,7.0000,4
385,39,16036,9.0000,5
386,39,29524,20.0000,6
387,39,29621,12.0000,7
388,39,17178,11.0000,8
389,39,23379,18.0000,9
390,39,16460,7.0000,10
391,40,13995,9.0000,1
392,40,28404,6.0000,2
393,40,8206,2.0000,3
394,40,8784,1.0000,4
395,40,12010,3.0000,5
396,40,16971,6.0000,6
397,40,26018,1.0000,7
398,40,156,1.0000,8
399,40,8733,6.0000,9
400,40,24144,5.0000,10
401,41,16747,4.0000,1
402,41,7757,9.0000,2
403,41,15542,9.0000,3
404,41,11450,6.0000,4
405,41,7435,19.0000,5
406,41,9551,2.0000,6
407,41,15270,7.0000,7
408,41,4477,2.0000,8
409,41,23037,7.0000,9
410,41,15487,5.0000,10
411,42,670,9.0000,1
412,42,7253,8.0000,2
413,42,6486,5.0000,3
414,42,8625,19.0000,4
415,42,762,7.0000,5
416,42,28564,9.0000,6
417,42,18308,8.0000,7
418,42,8446,18.0000,8
419,42,1408,7.0000,9
420,42,10282,2.0000,10
421,43,21046,12.0000,1
422,43,20100,2.0000,2
423,43,9653,17.0000,3
424,43,12576,6.0000,4
425,43,26734,5.0000,5
426,43,29687,15.0000,6
427,43,9376,18.0000,7
428,43,25474,8.0000,8
429,43,22506,20.0000,9
430,43,1310,12.0000,10
431,44,5109,20.0000,1
432,44,14105,2.0000,2
433,44,20948,14.0000,3
434,44,19859,20.0000,4
435,44,6542,10.0000,5
436,44,23643,20.0000,6
437,44,7404,4.0000,7
438,44,24959,3.0000,8
439,44,23244,14.0000,9
440,44,18590,16.0000,10
441,45,11052,18.0000,1
442,45,14829,20.0000,2
443,45,17649,19.0000,3
444,45,11185,15.0000,4
445,45,26202,9.0000,5
446,45,15496,4.0000,6
447,45,17283,2.0000,7
448,45,25726,11.0000,8
449,45,2074,14.0000,9
450,45,8253,10.0000,10
451,46,21435,2.0000,1
452,46,27265,7.0000,2
453,46,10203,18.0000,3
454,46,3767,7.0000,4
455,46,27598,17.0000,5
456,46,22961,18.0000,6
457,46,27861,2.0000,7
458,46,7059,14.0000,8
459,46,23159,5.0000,9
460,46,26115,5.0000,10
461,47,22272,3.0000,1
462,47,2237,15.0000,2
463,47,19741,3.0000,3
464,47,18408,14.0000,4
465,47,1554,13.0000,5
466,47,17212,15.0000,6
467,47,18791,17.0000,7
468,47,14798,8.0000,8
469,47,17493,18.0000,9
470,47,19634,18.0000,10
471,48,28511,19.0000,1
472,48,3469,13.0000,2
473,48,11375,13.0000,3
474,48,15335,10.0000,4
475,48,24878,14.0000,5
476,48,11791,3.0000,6
477,48,14200,3.0000,7
478,48,2994,15.0000,8
479,48,15534,1.0000,9
480,48,28507,13.0000,10
481,49,28589,8.0000,1
482,49,6037,4.0000,2
483,49,13931,4.0000,3
484,49,15644,4.0000,4
485,49,5061,13.0000,5
486,49,14986,13.0000,6
487,49,15669,6.0000,7
488,49,18475,13.0000,8
489,49,17098,9.0000,9
490,49,16933,16.0000,10
491,50,14241,8.0000,1
492,50,11882,15.0000,2
493,50,4506,15.0000,3
494,50,16790,16.0000,4
495,50,3027,7.0000,5
496,50,24709,5.0000,6
497,50,13207,9.0000,7
498,50,14304,19.0000,8
499,50,11718,8.0000,9
500,50,12679,11.0000,10
501,51,11955,5.0000,1
502,51,19181,6.0000,2
503,51,20351,10.0000,3
504,51,15651,9.0000,4
505,51,6548,14.0000,5
506,51,6015,20.0000,6
507,51,22473,10.0000,7
508,51,17797,7.0000,8
509,51,11053,19.0000,9
510,51,29595,14.0000,10
511,52,460,17.0000,1
512,52,24035,16.0000,2
513,52,1190,8.0000,3
514,52,4372,18.0000,4
515,52,12401,20.0000,5
516,52,11450,18.0000,6
517,52,23094,17.0000,7
518,52,17459,4.0000,8
519,52,4839,3.0000,9
520,52,1727,7.0000,10
521,53,300,14.0000,1
522,53,8427,13.0000,2
523,53,17627,19.0000,3
524,53,29572,5.0000,4
525,53,21461,6.0000,5
526,53,29860,3.0000,6
527,53,10502,15.0000,7
528,53,29267,8.0000,8
529,53,13187,9.0000,9
530,53,25327,1.0000,10
531,54,3462,1.0000,1
532,54,17782,17.0000,2
533,54,19222,11.0000,3
534,54,21525,4.0000,4
535,54,16018,4.0000,5
536,54,19679,17.0000,6
537,54,2836,8.0000,7
538,54,22076,20.0000,8
539,54,23471,20.0000,9
540,54,3516,17.0000,10
541,55,17553,16.0000,1
542,55,22458,18.0000,2
543,55,17574,6.0000,3
544,55,15160,16.0000,4
545,55,2904,4.0000,5
546,55,16503,5.0000,6
547,55,29547,14.0000,7
548,55,12159,20.0000,8
549,55,395,9.0000,9
550,55,27413,6.0000,10
551,56,26064,2.0000,1
552,56,12180,9.0000,2
553,56,12182,18.0000,3
554,56,12050,6.0000,4
555,56,8064,9.0000,5
556,56,4933,3.0000,6
557,56,4280,19.0000,7
558,56,2712,14.0000,8
559,56,11996,20.0000,9
560,56,26387,20.0000,10
561,57,13941,9.0000,1
562,57,26298,11.0000,2
563,57,26515,12.0000,3
564,57,16833,14.0000,4
565,57,5278,10.0000,5
566,57,6169,20.0000,6
567,57,4432,14.0000,7
568,57,21367,14.0000,8
569,57,1976,18.0000,9
570,57,27575,12.0000,10
571,58,11935,19.0000,1
572,58,6273,5.0000,2
573,58,15765,16.0000,3
574,58,18799,4.0000,4
575,58,10401,9.0000,5
576,58,7755,13.0000,6
577,58,2845,5.0000,7
578,58,12574,13.0000,8
579,58,6697,16.0000,9
580,58,10742,16.0000,10
581,59,24309,19.0000,1
582,59,10179,11.0000,2
583,59,9180,9.0000,3
584,59,19154,1.0000,4
585,59,25673,14.0000,5
586,59,14713,9.0000,6
587,59,26165,14.0000,7
588,59,26742,12.0000,8
589,59,19764,11.0000,9
590,59,1277,6.0000,10
591,60,28532,20.0000,1
592,60,27921,9.0000,2
593,60,10801,12.0000,3
594,60,4623,20.0000,4
595,60,23700,11.0000,5
596,60,18941,19.0000,6
597,60,26629,9.0000,7
598,60,13740,20.0000,8
599,60,6065,18.0000,9
600,60,19079,10.0000,10
601,61,3099,2.0000,1
602,61,16045,15.0000,2
603,61,4523,11.0000,3
604,61,2890,14.0000,4
605,61,1931,16.0000,5
606,61,23464,14.0000,6
607,61,4549,14.0000,7
608,61,775,13.0000,8
609,61,10446,2.0000,9
610,61,7990,8.0000,10
611,62,28192,9.0000,1
612,62,7998,1.0000,2
613,62,487,18.0000,3
614,62,4542,9.0000,4
615,62,12328,17.0000,5
616,62,11836,13.0000,6
617,62,29120,3.0000,7
618,62,24730,18.0000,8
619,62,10121,17.0000,9
620,62,2030,4.0000,10
621,63,20955,19.0000,1
622,63,6151,19.0000,2
623,63,29,17.0000,3
624,63,16028,15.0000,4
625,63,19122,11.0000,5
626,63,25040,4.0000,6
627,63,27696,2.0000,7
628,63,16069,6.0000,8
629,63,5236,1.0000,9
630,63,10899,20.0000,10
631,64,28099,15.0000,1
632,64,23313,5.0000,2
633,64,5845,17.0000,3
634,64,25654,1.0000,4
635,64,18095,1.0000,5
636,64,21281,8.0000,6
637,64,27796,17.0000,7
638,64,27908,20.0000,8
639,64,24240,12.0000,9
640,64,28580,18.0000,10
641,65,277,17.0000,1
642,65,19880,5.0000,2
643,65,2919,6.0000,3
644,65,25798,6.0000,4
645,65,20602,20.0000,5
646,65,6455,9.0000,6
647,65,3498,5.0000,7
648,65,22868,3.0000,8
649,65,22372,7.0000,9
650,65,21167,13.0000,10
651,66,23759,10.0000,1
652,66,7917,2.0000,2
653,66,13561,18.0000,3
654,66,13541,17.0000,4
655,66,3841,4.0000,5
656,66,19739,20.0000,6
657,66,27923,3.0000,7
658,66,6554,20.0000,8
659,66,7496,19.0000,9
660,66,6633,12.0000,10
661,67,20082,4.0000,1
662,67,21594,2.0000,2
663,67,20649,3.0000,3
664,67,22825,9.0000,4
665,67,11297,14.0000,5
666,67,4670,8.0000,6
667,67,13,3.0000,7
668,67,1970,15.0000,8
669,67,21482,3.0000,9
670,67,27642,20.0000,10
671,68,17933,18.0000,1
672,68,25786,9.0000,2
673,68,3573,12.0000,3
674,68,19031,20.0000,4
675,68,22200,19.0000,5
676,68,16735,9.0000,6
677,68,12374,18.0000,7
678,68,22323,10.0000,8
679,68,7826,6.0000,9
680,68,5699,7.0000,10
681,69,2686,18.0000,1
682,69,25068,5.0000,2
683,69,7939,20.0000,3
684,69,10565,7.0000,4
685,69,3705,7.0000,5
686,69,29518,18.0000,6
687,69,14412,19.0000,7
688,69,13429,14.0000,8
689,69,4821,9.0000,9
690,69,10341,10.0000,10
691,70,21807,4.0000,1
692,70,29960,18.0000,2
693,70,13086,11.0000,3
694,70,22032,4.0000,4
695,70,11539,20.0000,5
696,70,3594,13.0000,6
697,70,29604,6.0000,7
698,70,26998,19.0000,8
699,70,11121,12.0000,9
700,70,12573,7.0000,10
701,71,4607,10.0000,1
702,71,3242,19.0000,2
703,71,18009,17.0000,3
704,71,5742,8.0000,4
705,71,11018,15.0000,5
706,71,1533,15.0000,6
707,71,8814,2.0000,7
708,71,21443,1.0000,8
709,71,17481,18.0000,9
710,71,4943,2.0000,10
711,72,341,18.0000,1
712,72,11291,4.0000,2
713,72,10287,3.0000,3
714,72,5199,6.0000,4
715,72,23469,7.0000,5
716,72,10562,2.0000,6
717,72,5193,2.0000,7
718,72,396,14.0000,8
719,72,25598,2.0000,9
720,72,10972,14.0000,10
721,73,12781,17.0000,1
722,73,23724,3.0000,2
723,73,22752,3.0000,3
724,73,22461,13.0000,4
725,73,14602,9.0000,5
726,73,26599,3.0000,6
727,73,24901,19.0000,7
728,73,359,10.0000,8
729,73,19224,12.0000,9
730,73,23920,10.0000,10
731,74,21666,5.0000,1
732,74,20870,10.0000,2
733,74,1066,7.0000,3
734,74,5098,2.0000,4
735,74,19245,3.0000,5
736,74,21560,6.0000,6
737,74,26423,7.0000,7
738,74,2825,9.0000,8
739,74,15920,17.0000,9
740,74,13281,6.0000,10
741,75,15243,10.0000,1
742,75,21061,9.0000,2
743,75,22896,2.0000,3
744,75,11239,6.0000,4
745,75,27306,9.0000,5
746,75,15780,12.0000,6
747,75,24988,10.0000,7
748,75,9107,13.0000,8
749,75,16681,6.0000,9
750,75,17109,13.0000,10
751,76,9368,8.0000,1
752,76,1364,18.0000,2
753,76,27964,12.0000,3
754,76,5113,16.0000,4
755,76,25710,16.0000,5
756,76,22272,8.0000,6
757,76,21957,18.0000,7
758,76,10102,4.0000,8
759,76,4089,6.0000,9
760,76,10291,11.0000,10
761,77,8389,2.0000,1
762,77,12914,3.0000,2
763,77,29662,14.0000,3
764,77,9987,14.0000,4
765,77,10797,1.0000,5
766,77,27572,1.0000,6
767,77,22836,17.0000,7
768,77,17409,14.0000,8
769,77,5362,18.0000,9
770,77,8628,8.0000,10
771,78,1946,14.0000,1
772,78,20855,2.0000,2
773,78,5918,5.0000,3
774,78,23248,16.0000,4
775,78,16667,9.0000,5
776,78,24618,3.0000,6
777,78,20204,20.0000,7
778,78,7715,11.0000,8
779,78,21467,9.0000,9
780,78,4523,1.0000,10
781,79,6302,20.0000,1
782,79,19807,8.0000,2
783,79,608,3.0000,3
784,79,29627,1.0000,4
785,79,2615,5.0000,5
786,79,4070,3.0000,6
787,79,2012,15.0000,7
788,79,23881,7.0000,8
789,79,5977,2.0000,9
790,79,12162,11.0000,10
791,80,15801,11.0000,1
792,80,2248,1.0000,2
793,80,10025,9.0000,3
794,80,19534,3.0000,4
795,80,10735,8.0000,5
796,80,19334,12.0000,6
797,80,3912,4.0000,7
798,80,2691,10.0000,8
799,80,16221,20.0000,9
800,80,4450,20.0000,10
801,81,18906,11.0000,1
802,81,21002,14.0000,2
803,81,22887,5.0000,3
804,81,29925,3.0000,4
805,81,9866,1.0000,5
806,81,22636,16.0000,6
807,81,3158,14.0000,7
808,81,12751,8.0000,8
809,81,10140,9.0000,9
810,81,22637,16.0000,10
811,82,14779,4.0000,1
812,82,12192,12.0000,2
813,82,1360,15.0000,3
814,82,28243,19.0000,4
815,82,12811,17.0000,5
816,82,5498,11.0000,6
817,82,11248,20.0000,7
818,82,17923,18.0000,8
819,82,16524,19.0000,9
820,82,9413,17.0000,10
821,83,26966,9.0000,1
822,83,20760,11.0000,2
823,83,8329,4.0000,3
824,83,1899,2.0000,4
825,83,14322,15.0000,5
826,83,16889,9.0000,6
827,83,24444,15.0000,7
828,83,17836,10.0000,8
829,83,28471,16.0000,9
830,83,19783,4.0000,10
831,84,27333,6.0000,1
832,84,22859,20.0000,2
833,84,15613,19.0000,3
834,84,15873,11.0000,4
835,84,15618,12.0000,5
836,84,24559,8.0000,6
837,84,3070,10.0000,7
838,84,21972,10.0000,8
839,84,4505,19.0000,9
840,84,2639,1.0000,10
841,85,28639,2.0000,1
842,85,27421,18.0000,2
843,85,17946,20.0000,3
844,85,21774,12.0000,4
845,85,5409,19.0000,5
846,85,9613,8.0000,6
847,85,27372,2.0000,7
848,85,6725,11.0000,8
849,85,5662,11.0000,9
850,85,8097,10.0000,10
851,86,6310,3.0000,1
852,86,28001,7.0000,2
853,86,17740,9.0000,3
854,86,57,7.0000,4
855,86,4145,14.0000,5
856,86,14601,18.0000,6
857,86,26957,5.0000,7
858,86,3802,12.0000,8
859,86,19983,13.0000,9
860,86,28774,9.0000,10
861,87,17260,17.0000,1
862,87,18531,5.0000,2
863,87,3522,15.0000,3
864,87,743,7.0000,4
865,87,21441,18.0000,5
866,87,11940,17.0000,6
867,87,21089,4.0000,7
868,87,26337,4.0000,8
869,87,27406,3.0000,9
870,87,25911,12.0000,10
871,88,26808,11.0000,1
872,88,20120,5.0000,2
873,88,1840,8.0000,3
874,88,26957,12.0000,4
875,88,20118,8.0000,5
876,88,25793,5.0000,6
877,88,7229,20.0000,7
878,88,28529,5.0000,8
879,88,19783,7.0000,9
880,88,3443,14.0000,10
881,89,29977,10.0000,1
882,89,14108,12.0000,2
883,89,3890,5.0000,3
884,89,26737,14.0000,4
885,89,6341,10.0000,5
886,89,19867,19.0000,6
887,89,2044,6.0000,7
888,89,13577,10.0000,8
889,89,25735,4.0000,9
890,89,26325,2.0000,10
891,90,9927,18.0000,1
892,90,9669,18.0000,2
893,90,22979,10.0000,3
894,90,29904,8.0000,4
895,90,10284,17.0000,5
896,90,1068,11.0000,6
897,90,7564,20.0000,7
898,90,27055,10.0000,8
899,90,3164,8.0000,9
900,90,6476,17.0000,10
901,91,18141,17.0000,1
902,91,5301,12.0000,2
903,91,16087,20.0000,3
904,91,25519,17.0000,4
905,91,22706,1.0000,5
906,91,25856,3.0000,6
907,91,4356,13.0000,7
908,91,12628,13.0000,8
909,91,23611,15.0000,9
910,91,8103,12.0000,10
911,92,22095,7.0000,1
912,92,8536,9.0000,2
913,92,5936,16.0000,3
914,92,9926,9.0000,4
915,92,22829,17.0000,5
916,92,960,5.0000,6
917,92,5337,12.0000,7
918,92,18443,15.0000,8
919,92,3980,16.0000,9
920,92,18978,8.0000,10
921,93,8286,1.0000,1
922,93,13535,1.0000,2
923,93,15778,4.0000,3
924,93,18088,12.0000,4
925,93,10626,2.0000,5
926,93,13245,14.0000,6
927,93,5266,16.0000,7
928,93,28453,1.0000,8
929,93,1963,3.0000,9
930,93,21826,20.0000,10
931,94,24198,1.0000,1
932,94,25849,2.0000,2
933,94,4329,7.0000,3
934,94,21901,4.0000,4
935,94,9731,20.0000,5
936,94,4452,18.0000,6
937,94,12212,8.0000,7
938,94,5701,3.0000,8
939,94,805,1.0000,9
940,94,4834,18.0000,10
941,95,1456,18.0000,1
942,95,27252,11.0000,2
943,95,5936,2.0000,3
944,95,5075,12.0000,4
945,95,11723,11.0000,5
946,95,21254,18.0000,6
947,95,918,10.0000,7
948,95,4471,10.0000,8
949,95,8562,7.0000,9
950,95,19411,20.0000,10
951,96,20225,14.0000,1
952,96,29530,5.0000,2
953,96,14820,18.0000,3
954,96,12848,13.0000,4
955,96,6622,5.0000,5
956,96,15695,14.0000,6
957,96,7508,13.0000,7
958,96,22361,6.0000,8
959,96,19420,14.0000,9
960,96,25391,6.0000,10
961,97,22624,13.0000,1
962,97,3889,20.0000,2
963,97,5084,4.0000,3
964,97,27476,17.0000,4
965,97,343,8.0000,5
966,97,5577,10.0000,6
967,97,4333,3.0000,7
968,97,23748,12.0000,8
969,97,4066,7.0000,9
970,97,5146,16.0000,10
971,98,4945,8.0000,1
972,98,3838,17.0000,2
973,98,11987,14.0000,3
974,98,3961,19.0000,4
975,98,21113,8.0000,5
976,98,26259,1.0000,6
977,98,6844,7.0000,7
978,98,5399,13.0000,8
979,98,6703,18.0000,9
980,98,25544,20.0000,10
981,99,19080,15.0000,1
982,99,9305,10.0000,2
983,99,781,7.0000,3
984,99,7800,12.0000,4
985,99,19211,8.0000,5
986,99,16852,11.0000,6
987,99,6011,8.0000,7
988,99,14657,9.0000,8
989,99,234,1.0000,9
990,99,4342,4.0000,10
991,100,8334,17.0000,1
992,100,21279,16.0000,2
993,100,3361,15.0000,3
994,100,26260,1.0000,4
995,100,2,1.0000,5
996,100,11869,8.0000,6
997,100,23119,13.0000,7
998,100,14,4.0000,8
999,100,19398,10.0000,9
1000,100,20556,1.0000,10
1001,101,23471,9.0000,1
1002,101,5545,14.0000,2
1003,101,17194,3.0000,3
1004,101,10247,3.0000,4
1005,101,29614,4.0000,5
1006,101,26079,5.0000,6
1007,101,1487,7.0000,7
1008,101,10247,13.0000,8
1009,101,11782,3.0000,9
1010,101,8919,8.0000,10
1011,102,24739,20.0000,1
1012,102,3911,1.0000,2
1013,102,2119,10.0000,3
1014,102,1040,16.0000,4
1015,102,4716,14.0000,5
1016,102,8255,16.0000,6
1017,102,320,19.0000,7
1018,102,16055,9.0000,8
1019,102,4524,20.0000,9
1020,102,10067,10.0000,10
1021,103,920,9.0000,1
1022,103,2311,8.0000,2
1023,103,29886,13.0000,3
1024,103,19493,6.0000,4
1025,103,15390,16.0000,5
1026,103,10807,12.0000,6
1027,103,1617,8.0000,7
1028,103,5411,20.0000,8
1029,103,11986,5.0000,9
1030,103,3018,5.0000,10
1031,104,9273,14.0000,1
1032,104,11650,9.0000,2
1033,104,17042,20.0000,3
1034,104,2120,14.0000,4
1035,104,21291,16.0000,5
1036,104,7598,6.0000,6
1037,104,561,1.0000,7
1038,104,21608,3.0000,8
1039,104,3583,10.0000,9
1040,104,3518,11.0000,10
1041,105,29238,13.0000,1
1042,105,29469,15.0000,2
1043,105,18134,3.0000,3
1044,105,26839,4.0000,4
1045,105,21407,2.0000,5
1046,105,28143,13.0000,6
1047,105,17666,13.0000,7
1048,105,21770,7.0000,8
1049,105,14195,17.0000,9
1050,105,14988,14.0000,10
1051,106,5896,4.0000,1
1052,106,23923,18.0000,2
1053,106,11968,20.0000,3
1054,106,19460,17.0000,4
1055,106,530,16.0000,5
1056,106,27334,5.0000,6
1057,106,24032,16.0000,7
1058,106,24822,16.0000,8
1059,106,6885,4.0000,9
1060,106,22308,14.0000,10
1061,107,2826,18.0000,1
1062,107,29944,1.0000,2
1063,107,7306,19.0000,3
1064,107,11368,15.0000,4
1065,107,14932,14.0000,5
1066,107,29074,14.0000,6
1067,107,20890,20.0000,7
1068,107,21038,17.0000,8
1069,107,1852,15.0000,9
1070,107,26655,15.0000,10
1071,108,6905,12.0000,1
1072,108,1994,8.0000,2
1073,108,1531,7.0000,3
1074,108,11361,3.0000,4
1075,108,6032,8.0000,5
1076,108,26440,14.0000,6
1077,108,16058,4.0000,7
1078,108,7996,2.0000,8
1079,108,28957,1.0000,9
1080,108,29279,1.0000,10
1081,109,16827,16.0000,1
1082,109,20858,1.0000,2
1083,109,6492,11.0000,3
1084,109,24975,3.0000,4
1085,109,2102,10.0000,5
1086,109,15512,17.0000,6
1087,109,27357,14.0000,7
1088,109,1120,14.0000,8
1089,109,12241,17.0000,9
1090,109,7024,15.0000,10
1091,110,7304,16.0000,1
1092,110,28620,1.0000,2
1093,110,2763,19.0000,3
1094,110,10240,16.0000,4
1095,110,5883,8.0000,5
1096,110,11785,11.0000,6
1097,110,27972,9.0000,7
1098,110,21882,1.0000,8
1099,110,20163,12.0000,9
1100,110,11514,4.0000,10
1101,111,16778,15.0000,1
1102,111,20971,19.0000,2
1103,111,20634,13.0000,3
1104,111,16193,16.0000,4
1105,111,1342,9.0000,5
1106,111,12571,7.0000,6
1107,111,22279,20.0000,7
1108,111,7632,9.0000,8
1109,111,29839,2.0000,9
1110,111,5313,17.0000,10
1111,112,6888,16.0000,1
1112,112,21930,20.0000,2
1113,112,28014,15.0000,3
1114,112,13861,11.0000,4
1115,112,16716,12.0000,5
1116,112,12057,11.0000,6
1117,112,17268,15.0000,7
1118,112,5645,10.0000,8
1119,112,2735,10.0000,9
1120,112,29485,13.0000,10
1121,113,18497,9.0000,1
1122,113,3801,10.0000,2
1123,113,9573,16.0000,3
1124,113,1412,17.0000,4
1125,113,22678,4.0000,5
1126,113,1621,11.0000,6
1127,113,15267,8.0000,7
1128,113,25512,19.0000,8
1129,113,25718,16.0000,9
1130,113,29551,6.0000,10
1131,114,17065,17.0000,1
1132,114,18068,17.0000,2
1133,114,13737,11.0000,3
1134,114,5171,14.0000,4
1135,114,19067,5.0000,5
1136,114,5585,13.0000,6
1137,114,3236,20.0000,7
1138,114,25958,14.0000,8
1139,114,24798,11.0000,9
1140,114,13498,12.0000,10
1141,115,13424,7.0000,1
1142,115,28465,2.0000,2
1143,115,13569,19.0000,3
1144,115,27697,8.0000,4
1145,115,7784,4.0000,5
1146,115,13903,2.0000,6
1147,115,29211,13.0000,7
1148,115,5661,10.0000,8
1149,115,9782,7.0000,9
1150,115,3561,5.0000,10
1151,116,20291,9.0000,1
1152,116,11153,9.0000,2
1153,116,11444,1.0000,3
1154,116,8055,5.0000,4
1155,116,29554,11.0000,5
1156,116,20938,12.0000,6
1157,116,23755,4.0000,7
1158,116,22661,19.0000,8
1159,116,16378,2.0000,9
1160,116,25428,11.0000,10
1161,117,12632,2.0000,1
1162,117,18215,6.0000,2
1163,117,13816,11.0000,3
1164,117,677,9.0000,4
1165,117,4774,11.0000,5
1166,117,12641,12.0000,6
1167,117,16356,8.0000,7
1168,117,19412,11.0000,8
1169,117,6836,20.0000,9
1170,117,18932,7.0000,10
1171,118,12216,14.0000,1
1172,118,13706,15.0000,2
1173,118,7821,7.0000,3
1174,118,27253,4.0000,4
1175,118,2582,16.0000,5
1176,118,21354,11.0000,6
1177,118,15028,15.0000,7
1178,118,23472,8.0000,8
1179,118,16728,8.0000,9
1180,118,14754,17.0000,10
1181,119,23936,17.0000,1
1182,119,24170,10.0000,2
1183,119,17734,13.0000,3
1184,119,16567,8.0000,4
1185,119,6602,1.0000,5
1186,119,1691,3.0000,6
1187,119,28582,7.0000,7
1188,119,14183,18.0000,8
1189,119,15927,15.0000,9
1190,119,11150,7.0000,10
1191,120,9042,17.0000,1
1192,120,22083,8.0000,2
1193,120,4645,16.0000,3
1194,120,26719,2.0000,4
1195,120,25322,8.0000,5
1196,120,8049,16.0000,6
1197,120,25878,1.0000,7
1198,120,15052,11.0000,8
1199,120,29880,17.0000,9
1200,120,27348,9.0000,10
1201,121,17290,7.0000,1
1202,121,20428,7.0000,2
1203,121,18330,14.0000,3
1204,121,12036,3.0000,4
1205,121,10266,1.0000,5
1206,121,25206,14.0000,6
1207,121,16925,16.0000,7
1208,121,841,1.0000,8
1209,121,25682,3.0000,9
1210,121,4579,12.0000,10
1211,122,2912,10.0000,1
1212,122,8503,18.0000,2
1213,122,19702,8.0000,3
1214,122,20295,15.0000,4
1215,122,25842,15.0000,5
1216,122,3443,15.0000,6
1217,122,21536,10.0000,7
1218,122,19038,4.0000,8
1219,122,4132,1.0000,9
1220,122,18406,12.0000,10
1221,123,18823,3.0000,1
1222,123,12134,13.0000,2
1223,123,4812,20.0000,3
1224,123,13994,18.0000,4
1225,123,8403,17.0000,5
1226,123,11619,10.0000,6
1227,123,19555,8.0000,7
1228,123,5554,15.0000,8
1229,123,19467,16.0000,9
1230,123,22621,20.0000,10
1231,124,5883,14.0000,1
1232,124,27454,5.0000,2
1233,124,19710,13.0000,3
1234,124,18467,19.0000,4
1235,124,8891,6.0000,5
1236,124,9591,8.0000,6
1237,124,702,20.0000,7
1238,124,16324,2.0000,8
1239,124,22505,17.0000,9
1240,124,13791,12.0000,10
1241,125,27007,18.0000,1
1242,125,6057,2.0000,2
1243,125,20803,10.0000,3
1244,125,8476,14.0000,4
1245,125,1205,18.0000,5
1246,125,3424,5.0000,6
1247,125,12586,4.0000,7
1248,125,4351,3.0000,8
1249,125,20074,12.0000,9
1250,125,28611,11.0000,10
1251,126,7980,1.0000,1
1252,126,17988,11.0000,2
1253,126,28560,16.0000,3
1254,126,1729,11.0000,4
1255,126,12208,16.0000,5
1256,126,1046,20.0000,6
1257,126,12652,14.0000,7
1258,126,17950,16.0000,8
1259,126,2111,5.0000,9
1260,126,15422,15.0000,10
1261,127,13579,6.0000,1
1262,127,17930,15.0000,2
1263,127,22767,18.0000,3
1264,127,22737,14.0000,4
1265,127,26860,2.0000,5
1266,127,12704,14.0000,6
1267,127,21829,11.0000,7
1268,127,13301,14.0000,8
1269,127,29481,8.0000,9
1270,127,11421,7.0000,10
1271,128,24516,8.0000,1
1272,128,25674,14.0000,2
1273,128,27419,7.0000,3
1274,128,16963,8.0000,4
1275,128,23234,17.0000,5
1276,128,1772,9.0000,6
1277,128,10821,18.0000,7
1278,128,20815,16.0000,8
1279,128,12666,16.0000,9
1280,128,23941,11.0000,10
1281,129,26320,20.0000,1
1282,129,18005,6.0000,2
1283,129,4417,9.0000,3
1284,129,15469,13.0000,4
1285,129,19200,15.0000,5
1286,129,15720,18.0000,6
1287,129,18184,19.0000,7
1288,129,20113,2.0000,8
1289,129,20290,1.0000,9
1290,129,3331,12.0000,10
1291,130,2047,9.0000,1
1292,130,1608,3.0000,2
1293,130,19572,9.0000,3
1294,130,18826,4.0000,4
1295,130,28734,2.0000,5
1296,130,17885,5.0000,6
1297,130,3798,18.0000,7
1298,130,4661,7.0000,8
1299,130,18786,15.0000,9
1300,130,4529,7.0000,10
1301,131,1547,14.0000,1
1302,131,28379,7.0000,2
1303,131,12467,7.0000,3
1304,131,19771,2.0000,4
1305,131,22343,5.0000,5
1306,131,27753,8.0000,6
1307,131,26847,10.0000,7
1308,131,24957,19.0000,8
1309,131,2981,19.0000,9
1310,131,28825,5.0000,10
1311,132,9472,8.0000,1
1312,132,3195,9.0000,2
1313,132,1193,10.0000,3
1314,132,3599,5.0000,4
1315,132,12876,17.0000,5
1316,132,26556,3.0000,6
1317,132,7962,19.0000,7
1318,132,20698,4.0000,8
1319,132,19997,18.0000,9
1320,132,24917,2.0000,10
1321,133,29626,17.0000,1
1322,133,8072,1.0000,2
1323,133,23441,7.0000,3
1324,133,10138,11.0000,4
1325,133,28531,8.0000,5
1326,133,23047,2.0000,6
1327,133,25381,12.0000,7
1328,133,19185,6.0000,8
1329,133,9189,13.0000,9
1330,133,21529,1.0000,10
1331,134,10522,4.0000,1
1332,134,25195,12.0000,2
1333,134,4057,8.0000,3
1334,134,13234,16.0000,4
1335,134,5765,12.0000,5
1336,134,10362,13.0000,6
1337,134,13583,12.0000,7
1338,134,6331,16.0000,8
1339,134,19416,7.0000,9
1340,134,21863,10.0000,10
1341,135,4418,7.0000,1
1342,135,24347,14.0000,2
1343,135,16747,19.0000,3
1344,135,1392,6.0000,4
1345,135,21751,8.0000,5
1346,135,25675,2.0000,6
1347,135,7905,20.0000,7
1348,135,3935,2.0000,8
1349,135,15617,12.0000,9
1350,135,9818,16.0000,10
1351,136,25875,10.0000,1
1352,136,18654,4.0000,2
1353,136,4024,20.0000,3
1354,136,8855,11.0000,4
1355,136,1900,19.0000,5
1356,136,7872,15.0000,6
1357,136,8519,19.0000,7
1358,136,24832,15.0000,8
1359,136,8334,13.0000,9
1360,136,11943,18.0000,10
1361,137,7344,19.0000,1
1362,137,12565,13.0000,2
1363,137,7913,17.0000,3
1364,137,7207,15.0000,4
1365,137,4962,11.0000,5
1366,137,19589,7.0000,6
1367,137,16969,19.0000,7
1368,137,28998,18.0000,8
1369,137,22033,18.0000,9
1370,137,7043,19.0000,10
1371,138,29455,4.0000,1
1372,138,14825,11.0000,2
1373,138,2970,7.0000,3
1374,138,17317,9.0000,4
1375,138,1106,13.0000,5
1376,138,9199,17.0000,6
1377,138,5327,12.0000,7
1378,138,12159,18.0000,8
1379,138,11849,10.0000,9
1380,138,28075,6.0000,10
1381,139,10239,2.0000,1
1382,139,19722,14.0000,2
1383,139,19299,18.0000,3
1384,139,15958,12.0000,4
1385,139,18847,17.0000,5
1386,139,24421,6.0000,6
1387,139,23921,3.0000,7
1388,139,15943,11.0000,8
1389,139,16161,15.0000,9
1390,139,18516,12.0000,10
1391,140,12475,19.0000,1
1392,140,21597,18.0000,2
1393,140,22900,5.0000,3
1394,140,25438,15.0000,4
1395,140,20508,8.0000,5
1396,140,14687,8.0000,6
1397,140,16016,13.0000,7
1398,140,16139,6.0000,8
1399,140,5767,2.0000,9
1400,140,15099,17.0000,10
1401,141,19043,12.0000,1
1402,141,3759,18.0000,2
1403,141,27960,20.0000,3
1404,141,17562,6.0000,4
1405,141,15428,14.0000,5
1406,141,18649,4.0000,6
1407,141,2749,19.0000,7
1408,141,13170,18.0000,8
1409,141,515,11.0000,9
1410,141,660,8.0000,10
1411,142,348,14.0000,1
1412,142,1711,10.0000,2
1413,142,20524,6.0000,3
1414,142,28562,5.0000,4
1415,142,27187,9.0000,5
1416,142,19346,14.0000,6
1417,142,22849,3.0000,7
1418,142,20655,8.0000,8
1419,142,18198,20.0000,9
1420,142,24323,18.0000,10
1421,143,16807,10.0000,1
1422,143,16777,11.0000,2
1423,143,17159,3.0000,3
1424,143,13204,14.0000,4
1425,143,26451,9.0000,5
1426,143,3455,10.0000,6
1427,143,21701,9.0000,7
1428,143,24932,19.0000,8
1429,143,4957,1.0000,9
1430,143,10531,19.0000,10
1431,144,20444,2.0000,1
1432,144,24466,12.0000,2
1433,144,19203,7.0000,3
1434,144,2153,15.0000,4
1435,144,3774,12.0000,5
1436,144,23473,13.0000,6
1437,144,3194,20.0000,7
1438,144,1458,18.0000,8
1439,144,1629,20.0000,9
1440,144,6443,16.0000,10
1441,145,11408,7.0000,1
1442,145,19634,11.0000,2
1443,145,15699,20.0000,3
1444,145,6221,15.0000,4
1445,145,1863,12.0000,5
1446,145,26829,10.0000,6
1447,145,29939,10.0000,7
1448,145,20858,1.0000,8
1449,145,23383,18.0000,9
1450,145,13336,18.0000,10
1451,146,6833,10.0000,1
1452,146,13679,7.0000,2
1453,146,2327,14.0000,3
1454,146,26712,16.0000,4
1455,146,23146,1.0000,5
1456,146,28710,16.0000,6
1457,146,26735,9.0000,7
1458,146,28528,3.0000,8
1459,146,3882,8.0000,9
1460,146,1124,20.0000,10
1461,147,18965,7.0000,1
1462,147,5917,1.0000,2
1463,147,15009,3.0000,3
1464,147,8647,1.0000,4
1465,147,8248,18.0000,5
1466,147,28649,17.0000,6
1467,147,2777,20.0000,7
1468,147,19464,14.0000,8
1469,147,17592,1.0000,9
1470,147,13533,12.0000,10
1471,148,26594,4.0000,1
1472,148,3854,13.0000,2
1473,148,20800,5.0000,3
1474,148,8109,8.0000,4
1475,148,13365,18.0000,5
1476,148,11639,3.0000,6
1477,148,7690,9.0000,7
1478,148,6240,7.0000,8
1479,148,732,1.0000,9
1480,148,8799,11.0000,10
1481,149,25843,3.0000,1
1482,149,8907,19.0000,2
1483,149,14883,8.0000,3
1484,149,28652,14.0000,4
1485,149,11025,17.0000,5
1486,149,29673,7.0000,6
1487,149,11788,13.0000,7
1488,149,24826,5.0000,8
1489,149,16646,16.0000,9
1490,149,24775,2.0000,10
1491,150,3446,9.0000,1
1492,150,21270,6.0000,2
1493,150,19800,10.0000,3
1494,150,23154,14.0000,4
1495,150,7443,16.0000,5
1496,150,2035,2.0000,6
1497,150,2136,12.0000,7
1498,150,7463,5.0000,8
1499,150,17746,18.0000,9
1500,150,26716,10.0000,10
1501,151,12898,2.0000,1
1502,151,24952,16.0000,2
1503,151,17246,13.0000,3
1504,151,18487,2.0000,4
1505,151,13678,5.0000,5
1506,151,7967,18.0000,6
1507,151,16124,18.0000,7
1508,151,18419,14.0000,8
1509,151,6047,18.0000,9
1510,151,16760,13.0000,10
1511,152,24500,6.0000,1
1512,152,16633,8.0000,2
1513,152,3426,4.0000,3
1514,152,12493,1.0000,4
1515,152,22534,4.0000,5
1516,152,8259,16.0000,6
1517,152,4670,13.0000,7
1518,152,19393,7.0000,8
1519,152,12857,8.0000,9
1520,152,29908,10.0000,10
1521,153,753,4.0000,1
1522,153,854,13.0000,2
1523,153,27466,14.0000,3
1524,153,20769,13.0000,4
1525,153,29090,10.0000,5
1526,153,12301,19.0000,6
1527,153,16040,5.0000,7
1528,153,28408,3.0000,8
1529,153,20304,5.0000,9
1530,153,15755,10.0000,10
1531,154,10126,14.0000,1
1532,154,25872,5.0000,2
1533,154,23825,3.0000,3
1534,154,14057,18.0000,4
1535,154,11786,11.0000,5
1536,154,15470,19.0000,6
1537,154,18832,15.0000,7
1538,154,7920,3.0000,8
1539,154,29356,11.0000,9
1540,154,19554,18.0000,10
1541,155,18279,3.0000,1
1542,155,20663,16.0000,2
1543,155,19976,8.0000,3
1544,155,5711,2.0000,4
1545,155,28547,1.0000,5
1546,155,6009,15.0000,6
1547,155,16590,16.0000,7
1548,155,27162,20.0000,8
1549,155,28305,2.0000,9
1550,155,29711,4.0000,10
1551,156,11213,9.0000,1
1552,156,24802,20.0000,2
1553,156,15617,3.0000,3
1554,156,11933,17.0000,4
1555,156,27904,5.0000,5
1556,156,26525,14.0000,6
1557,156,10011,20.0000,7
1558,156,28156,14.0000,8
1559,156,9609,5.0000,9
1560,156,19982,13.0000,10
1561,157,15450,5.0000,1
1562,157,3864,9.0000,2
1563,157,525,6.0000,3
1564,157,4209,9.0000,4
1565,157,19285,3.0000,5
1566,157,20711,16.0000,6
1567,157,28707,16.0000,7
1568,157,18882,11.0000,8
1569,157,17076,14.0000,9
1570,157,19715,8.0000,10
1571,158,4708,19.0000,1
1572,158,23169,14.0000,2
1573,158,2339,17.0000,3
1574,158,6793,15.0000,4
1575,158,3771,13.0000,5
1576,158,6102,6.0000,6
1577,158,29719,9.0000,7
1578,158,2918,8.0000,8
1579,158,4913,5.0000,9
1580,158,25404,4.0000,10
1581,159,2311,6.0000,1
1582,159,25092,19.0000,2
1583,159,26657,13.0000,3
1584,159,26751,9.0000,4
1585,159,29587,16.0000,5
1586,159,21178,5.0000,6
1587,159,5890,4.0000,7
1588,159,8525,19.0000,8
1589,159,29230,5.0000,9
1590,159,28814,15.0000,10
1591,160,2409,5.0000,1
1592,160,4339,1.0000,2
1593,160,1634,2.0000,3
1594,160,9466,12.0000,4
1595,160,27034,5.0000,5
1596,160,9031,7.0000,6
1597,160,6224,14.0000,7
1598,160,22415,4.0000,8
1599,160,29619,11.0000,9
1600,160,4683,20.0000,10
1601,161,26091,11.0000,1
1602,161,13472,12.0000,2
1603,161,2822,3.0000,3
1604,161,18628,7.0000,4
1605,161,243,11.0000,5
1606,161,23672,2.0000,6
1607,161,3804,17.0000,7
1608,161,9294,16.0000,8
1609,161,6004,13.0000,9
1610,161,2184,14.0000,10
1611,162,20857,18.0000,1
1612,162,9389,16.0000,2
1613,162,15585,15.0000,3
1614,162,19853,12.0000,4
1615,162,28818,15.0000,5
1616,162,19111,2.0000,6
1617,162,29755,15.0000,7
1618,162,11946,4.0000,8
1619,162,6014,5.0000,9
1620,162,10501,10.0000,10
1621,163,20798,9.0000,1
1622,163,16060,10.0000,2
1623,163,26304,20.0000,3
1624,163,24511,17.0000,4
1625,163,3139,10.0000,5
1626,163,15457,10.0000,6
1627,163,8055,1.0000,7
1628,163,25092,14.0000,8
1629,163,18114,11.0000,9
1630,163,27092,9.0000,10
1631,164,19155,14.0000,1
1632,164,16874,3.0000,2
1633,164,7478,1.0000,3
1634,164,23497,14.0000,4
1635,164,12048,9.0000,5
1636,164,5371,4.0000,6
1637,164,7176,7.0000,7
1638,164,24930,18.0000,8
1639,164,19261,10.0000,9
1640,164,19287,12.0000,10
1641,165,10210,17.0000,1
1642,165,9352,13.0000,2
1643,165,16197,20.0000,3
1644,165,2561,15.0000,4
1645,165,16118,20.0000,5
1646,165,3072,4.0000,6
1647,165,155,20.0000,7
1648,165,18644,11.0000,8
1649,165,26475,7.0000,9
1650,165,668,11.0000,10
1651,166,17053,8.0000,1
1652,166,28883,14.0000,2
1653,166,16534,14.0000,3
1654,166,15389,18.0000,4
1655,166,19854,12.0000,5
1656,166,20102,15.0000,6
1657,166,29397,20.0000,7
1658,166,17768,16.0000,8
1659,166,25527,8.0000,9
1660,166,12607,13.0000,10
1661,167,4386,6.0000,1
1662,167,2944,4.0000,2
1663,167,22663,1.0000,3
1664,167,19762,12.0000,4
1665,167,5499,16.0000,5
1666,167,19749,4.0000,6
1667,167,24254,1.0000,7
1668,167,9596,3.0000,8
1669,167,3202,18.0000,9
1670,167,16426,5.0000,10
1671,168,17097,7.0000,1
1672,168,18029,18.0000,2
1673,168,29721,9.0000,3
1674,168,18723,12.0000,4
1675,168,13537,3.0000,5
1676,168,27300,11.0000,6
1677,168,18283,5.0000,7
1678,168,8785,15.0000,8
1679,168,24403,20.0000,9
1680,168,5273,8.0000,10
1681,169,11525,15.0000,1
1682,169,11864,20.0000,2
1683,169,5993,4.0000,3
1684,169,29185,7.0000,4
1685,169,3580,9.0000,5
1686,169,16137,4.0000,6
1687,169,1401,18.0000,7
1688,169,20622,15.0000,8
1689,169,7326,17.0000,9
1690,169,12270,3.0000,10
1691,170,8282,12.0000,1
1692,170,3275,16.0000,2
1693,170,25687,8.0000,3
1694,170,11429,8.0000,4
1695,170,27498,6.0000,5
1696,170,271,8.0000,6
1697,170,6290,14.0000,7
1698,170,17474,18.0000,8
1699,170,4374,3.0000,9
1700,170,19237,2.0000,10
1701,171,20784,4.0000,1
1702,171,1501,10.0000,2
1703,171,21700,12.0000,3
1704,171,10073,1.0000,4
1705,171,9783,15.0000,5
1706,171,24451,14.0000,6
1707,171,19612,16.0000,7
1708,171,27888,3.0000,8
1709,171,16931,7.0000,9
1710,171,3207,16.0000,10
1711,172,8184,1.0000,1
1712,172,12489,4.0000,2
1713,172,5649,11.0000,3
1714,172,17474,16.0000,4
1715,172,29164,7.0000,5
1716,172,15293,5.0000,6
1717,172,29126,11.0000,7
1718,172,10322,16.0000,8
1719,172,4839,6.0000,9
1720,172,612,8.0000,10
1721,173,8780,13.0000,1
1722,173,9567,2.0000,2
1723,173,24088,4.0000,3
1724,173,18934,2.0000,4
1725,173,4849,14.0000,5
1726,173,23183,11.0000,6
1727,173,1031,12.0000,7
1728,173,1952,10.0000,8
1729,173,8179,16.0000,9
1730,173,5229,4.0000,10
1731,174,17304,6.0000,1
1732,174,13670,2.0000,2
1733,174,18267,14.0000,3
1734,174,25491,10.0000,4
1735,174,26696,8.0000,5
1736,174,20089,19.0000,6
1737,174,18306,10.0000,7
1738,174,11223,2.0000,8
1739,174,23567,17.0000,9
1740,174,9041,8.0000,10
1741,175,9492,11.0000,1
1742,175,26974,8.0000,2
1743,175,26919,17.0000,3
1744,175,2684,9.0000,4
1745,175,1485,5.0000,5
1746,175,15789,20.0000,6
1747,175,13696,17.0000,7
1748,175,15571,2.0000,8
1749,175,845,8.0000,9
1750,175,29758,12.0000,10
1751,176,29215,2.0000,1
1752,176,6917,7.0000,2
1753,176,25287,2.0000,3
1754,176,18683,6.0000,4
1755,176,4941,11.0000,5
1756,176,17698,20.0000,6
1757,176,16217,17.0000,7
1758,176,23352,3.0000,8
1759,176,21544,20.0000,9
1760,176,10641,9.0000,10
1761,177,13189,15.0000,1
1762,177,29940,17.0000,2
1763,177,22040,10.0000,3
1764,177,2951,2.0000,4
1765,177,9203,12.0000,5
1766,177,12898,10.0000,6
1767,177,12934,8.0000,7
1768,177,12213,5.0000,8
1769,177,29114,6.0000,9
1770,177,5131,14.0000,10
1771,178,25341,16.0000,1
1772,178,26249,15.0000,2
1773,178,29586,9.0000,3
1774,178,24444,16.0000,4
1775,178,27179,6.0000,5
1776,178,29027,3.0000,6
1777,178,1854,14.0000,7
1778,178,3694,1.0000,8
1779,178,17034,11.0000,9
1780,178,18230,19.0000,10
1781,179,17208,1.0000,1
1782,179,8858,11.0000,2
1783,179,14509,10.0000,3
1784,179,19095,9.0000,4
1785,179,18749,8.0000,5
1786,179,11335,3.0000,6
1787,179,14363,16.0000,7
1788,179,6334,15.0000,8
1789,179,24422,11.0000,9
1790,179,22853,6.0000,10
1791,180,20615,10.0000,1
1792,180,18137,18.0000,2
1793,180,10636,2.0000,3
1794,180,20455,10.0000,4
1795,180,8577,18.0000,5
1796,180,29878,19.0000,6
1797,180,14560,7.0000,7
1798,180,21503,15.0000,8
1799,180,15109,7.0000,9
1800,180,14325,2.0000,10
1801,181,12959,11.0000,1
1802,181,19279,11.0000,2
1803,181,1208,4.0000,3
1804,181,27741,2.0000,4
1805,181,2525,15.0000,5
1806,181,1180,14.0000,6
1807,181,9333,9.0000,7
1808,181,19381,16.0000,8
1809,181,14599,9.0000,9
1810,181,21008,10.0000,10
1811,182,3041,9.0000,1
1812,182,8226,7.0000,2
1813,182,13063,8.0000,3
1814,182,27912,13.0000,4
1815,182,29210,5.0000,5
1816,182,7482,4.0000,6
1817,182,22565,14.0000,7
1818,182,496,18.0000,8
1819,182,29581,13.0000,9
1820,182,12839,14.0000,10
1821,183,25497,4.0000,1
1822,183,6734,2.0000,2
1823,183,15506,12.0000,3
1824,183,26769,1.0000,4
1825,183,44,16.0000,5
1826,183,6033,5.0000,6
1827,183,27510,16.0000,7
1828,183,3732,16.0000,8
1829,183,16784,19.0000,9
1830,183,21065,2.0000,10
1831,184,16885,6.0000,1
1832,184,8323,14.0000,2
1833,184,20265,18.0000,3
1834,184,28218,19.0000,4
1835,184,7301,20.0000,5
1836,184,7853,10.0000,6
1837,184,26064,9.0000,7
1838,184,15634,13.0000,8
1839,184,23537,13.0000,9
1840,184,13293,6.0000,10
1841,185,22502,13.0000,1
1842,185,13408,6.0000,2
1843,185,9082,1.0000,3
1844,185,15143,3.0000,4
1845,185,12575,15.0000,5
1846,185,10263,19.0000,6
1847,185,9815,20.0000,7
1848,185,17680,20.0000,8
1849,185,10124,16.0000,9
1850,185,24822,17.0000,10
1851,186,2439,12.0000,1
1852,186,11010,20.0000,2
1853,186,27080,9.0000,3
1854,186,945,2.0000,4
1855,186,20363,3.0000,5
1856,186,29420,1.0000,6
1857,186,7281,6.0000,7
1858,186,13368,6.0000,8
1859,186,15749,12.0000,9
1860,186,26807,7.0000,10
1861,187,15493,6.0000,1
1862,187,130,19.0000,2
1863,187,3747,14.0000,3
1864,187,7026,12.0000,4
1865,187,20858,16.0000,5
1866,187,27242,3.0000,6
1867,187,21208,17.0000,7
1868,187,17616,1.0000,8
1869,187,27861,9.0000,9
1870,187,7836,6.0000,10
1871,188,20180,1.0000,1
1872,188,2242,14.0000,2
1873,188,8994,4.0000,3
1874,188,15693,20.0000,4
1875,188,14568,10.0000,5
1876,188,29332,13.0000,6
1877,188,2935,9.0000,7
1878,188,17941,1.0000,8
1879,188,15346,12.0000,9
1880,188,28926,10.0000,10
1881,189,25205,1.0000,1
1882,189,11144,10.0000,2
1883,189,25605,6.0000,3
1884,189,7209,13.0000,4
1885,189,11532,15.0000,5
1886,189,17957,14.0000,6
1887,189,18545,16.0000,7
1888,189,17474,9.0000,8
1889,189,12983,7.0000,9
1890,189,2161,18.0000,10
1891,190,10827,8.0000,1
1892,190,1982,12.0000,2
1893,190,21512,9.0000,3
1894,190,19278,14.0000,4
1895,190,2943,14.0000,5
1896,190,18995,5.0000,6
1897,190,8959,2.0000,7
1898,190,26248,14.0000,8
1899,190,15397,16.0000,9
1900,190,1233,3.0000,10
1901,191,7693,13.0000,1
1902,191,9973,19.0000,2
1903,191,6653,10.0000,3
1904,191,25282,1.0000,4
1905,191,23747,6.0000,5
1906,191,10932,11.0000,6
1907,191,11733,13.0000,7
1908,191,937,6.0000,8
1909,191,4479,1.0000,9
1910,191,22665,1.0000,10
1911,192,19791,8.0000,1
1912,192,25128,4.0000,2
1913,192,2023,14.0000,3
1914,192,2170,18.0000,4
1915,192,4416,9.0000,5
1916,192,14926,4.0000,6
1917,192,17225,9.0000,7
1918,192,4085,20.0000,8
1919,192,25751,10.0000,9
1920,192,11513,9.0000,10
1921,193,12333,11.0000,1
1922,193,28894,15.0000,2
1923,193,15333,3.0000,3
1924,193,21968,16.0000,4
1925,193,2249,11.0000,5
1926,193,27423,1.0000,6
1927,193,25298,2.0000,7
1928,193,20644,15.0000,8
1929,193,5194,7.0000,9
1930,193,780,8.0000,10
1931,194,24378,1.0000,1
1932,194,15292,1.0000,2
1933,194,24243,15.0000,3
1934,194,21504,8.0000,4
1935,194,6153,10.0000,5
1936,194,19732,7.0000,6
1937,194,15281,13.0000,7
1938,194,22136,2.0000,8
1939,194,28775,6.0000,9
1940,194,26517,3.0000,10
1941,195,17762,20.0000,1
1942,195,20917,18.0000,2
1943,195,4290,16.0000,3
1944,195,3785,19.0000,4
1945,195,3011,9.0000,5
1946,195,2736,3.0000,6
1947,195,11063,5.0000,7
1948,195,11838,14.0000,8
1949,195,3218,20.0000,9
1950,195,13598,16.0000,10
1951,196,24554,11.0000,1
1952,196,29742,17.0000,2
1953,196,12943,5.0000,3
1954,196,18,2.0000,4
1955,196,7168,20.0000,5
1956,196,7800,4.0000,6
1957,196,25436,1.0000,7
1958,196,4060,7.0000,8
1959,196,18946,17.0000,9
1960,196,13720,2.0000,10
1961,197,20211,10.0000,1
1962,197,16034,14.0000,2
1963,197,5238,5.0000,3
1964,197,23698,20.0000,4
1965,197,7722,17.0000,5
1966,197,7815,20.0000,6
1967,197,276,15.0000,7
1968,197,6380,3.0000,8
1969,197,4435,6.0000,9
1970,197,24597,9.0000,10
1971,198,1665,1.0000,1
1972,198,10917,9.0000,2
1973,198,5781,2.0000,3
1974,198,21459,20.0000,4
1975,198,27299,2.0000,5
1976,198,8916,13.0000,6
1977,198,15080,12.0000,7
1978,198,7281,16.0000,8
1979,198,11655,12.0000,9
1980,198,24762,9.0000,10
1981,199,207,5.0000,1
1982,199,28968,3.0000,2
1983,199,14226,13.0000,3
1984,199,6366,4.0000,4
1985,199,19282,9.0000,5
1986,199,10247,4.0000,6
1987,199,6955,16.0000,7
1988,199,17234,12.0000,8
1989,199,13481,1.0000,9
1990,199,18475,1.0000,10
1991,200,18506,10.0000,1
1992,200,27134,15.0000,2
1993,200,20945,18.0000,3
1994,200,24995,2.0000,4
1995,200,432,3.0000,5
1996,200,27234,13.0000,6
1997,200,28994,18.0000,7
1998,200,25464,3.0000,8
1999,200,28644,3.0000,9
2000,200,18539,18.0000,10
2001,201,9665,1.0000,1
2002,201,9248,11.0000,2
2003,201,4949,14.0000,3
2004,201,14062,3.0000,4
2005,201,24759,13.0000,5
2006,201,7483,3.0000,6
2007,201,17946,12.0000,7
2008,201,17747,18.0000,8
2009,201,16873,4.0000,9
2010,201,15160,19.0000,10
2011,202,6974,17.0000,1
2012,202,25399,9.0000,2
2013,202,28574,10.0000,3
2014,202,6469,8.0000,4
2015,202,29905,14.0000,5
2016,202,11220,6.0000,6
2017,202,20423,16.0000,7
2018,202,24052,13.0000,8
2019,202,5423,19.0000,9
2020,202,4741,9.0000,10
2021,203,29110,8.0000,1
2022,203,2460,10.0000,2
2023,203,6197,11.0000,3
2024,203,8131,8.0000,4
2025,203,7923,12.0000,5
2026,203,15480,8.0000,6
2027,203,10685,3.0000,7
2028,203,3028,12.0000,8
2029,203,22128,5.0000,9
2030,203,5290,14.0000,10
2031,204,22729,3.0000,1
2032,204,15297,10.0000,2
2033,204,27211,18.0000,3
2034,204,8764,14.0000,4
2035,204,8358,14.0000,5
2036,204,12221,2.0000,6
2037,204,12415,9.0000,7
2038,204,25838,2.0000,8
2039,204,24715,9.0000,9
2040,204,7795,3.0000,10
2041,205,17353,17.0000,1
2042,205,2147,13.0000,2
2043,205,11233,12.0000,3
2044,205,25726,20.0000,4
2045,205,918,15.0000,5
2046,205,18227,4.0000,6
2047,205,21710,11.0000,7
2048,205,13228,12.0000,8
2049,205,12698,7.0000,9
2050,205,23127,4.0000,10
2051,206,2449,4.0000,1
2052,206,19291,8.0000,2
2053,206,24870,10.0000,3
2054,206,27902,4.0000,4
2055,206,7616,19.0000,5
2056,206,19658,16.0000,6
2057,206,16586,12.0000,7
2058,206,26371,11.0000,8
2059,206,8596,18.0000,9
2060,206,13124,14.0000,10
2061,207,16215,1.0000,1
2062,207,3562,14.0000,2
2063,207,4848,15.0000,3
2064,207,7542,16.0000,4
2065,207,28882,9.0000,5
2066,207,1567,8.0000,6
2067,207,7576,6.0000,7
2068,207,17408,3.0000,8
2069,207,14892,5.0000,9
2070,207,28726,17.0000,10
2071,208,14741,3.0000,1
2072,208,18624,2.0000,2
2073,208,15168,15.0000,3
2074,208,27090,1.0000,4
2075,208,15415,13.0000,5
2076,208,29237,14.0000,6
2077,208,29644,11.0000,7
2078,208,25637,2.0000,8
2079,208,19073,10.0000,9
2080,208,14823,4.0000,10
2081,209,10900,13.0000,1
2082,209,20100,14.0000,2
2083,209,28065,8.0000,3
2084,209,470,9.0000,4
2085,209,21138,8.0000,5
2086,209,7325,20.0000,6
2087,209,23964,19.0000,7
2088,209,6965,8.0000,8
2089,209,12604,11.0000,9
2090,209,20952,11.0000,10
2091,210,4438,14.0000,1
2092,210,26771,14.0000,2
2093,210,24895,4.0000,3
2094,210,16962,19.0000,4
2095,210,28872,3.0000,5
2096,210,18783,18.0000,6
2097,210,1567,9.0000,7
2098,210,16783,1.0000,8
2099,210,21377,1.0000,9
2100,210,9954,17.0000,10
2101,211,24164,12.0000,1
2102,211,12341,17.0000,2
2103,211,13575,7.0000,3
2104,211,8975,3.0000,4
2105,211,25918,12.0000,5
2106,211,15620,2.0000,6
2107,211,873,15.0000,7
2108,211,471,11.0000,8
2109,211,16311,15.0000,9
2110,211,20444,18.0000,10
2111,212,26155,5.0000,1
2112,212,14197,19.0000,2
2113,212,23518,17.0000,3
2114,212,16610,20.0000,4
2115,212,5320,7.0000,5
2116,212,386,7.0000,6
2117,212,25733,7.0000,7
2118,212,18992,7.0000,8
2119,212,29234,4.0000,9
2120,212,2381,11.0000,10
2121,213,26267,6.0000,1
2122,213,18846,18.0000,2
2123,213,12071,12.0000,3
2124,213,3326,19.0000,4
2125,213,17414,18.0000,5
2126,213,13942,13.0000,6
2127,213,9491,6.0000,7
2128,213,23011,7.0000,8
2129,213,28781,19.0000,9
2130,213,24018,11.0000,10
2131,214,15210,17.0000,1
2132,214,24522,4.0000,2
2133,214,20191,8.0000,3
2134,214,6705,1.0000,4
2135,214,11801,3.0000,5
2136,214,22156,16.0000,6
2137,214,23457,4.0000,7
2138,214,25690,18.0000,8
2139,214,11669,20.0000,9
2140,214,13850,6.0000,10
2141,215,25903,1.0000,1
2142,215,8204,7.0000,2
2143,215,26880,20.0000,3
2144,215,25157,5.0000,4
2145,215,1666,17.0000,5
2146,215,12383,18.0000,6
2147,215,18599,16.0000,7
2148,215,29277,3.0000,8
2149,215,3460,11.0000,9
2150,215,28551,20.0000,10
2151,216,14857,16.0000,1
2152,216,27653,14.0000,2
2153,216,14191,3.0000,3
2154,216,17397,8.0000,4
2155,216,10313,12.0000,5
2156,216,17009,13.0000,6
2157,216,18939,7.0000,7
2158,216,24302,15.0000,8
2159,216,1609,9.0000,9
2160,216,20249,10.0000,10
2161,217,27622,20.0000,1
2162,217,6642,2.0000,2
2163,217,18694,11.0000,3
2164,217,2016,1.0000,4
2165,217,10925,14.0000,5
2166,217,29466,13.0000,6
2167,217,7992,19.0000,7
2168,217,13920,18.0000,8
2169,217,17272,16.0000,9
2170,217,27672,6.0000,10
2171,218,17147,8.0000,1
2172,218,11493,20.0000,2
2173,218,7039,8.0000,3
2174,218,4030,6.0000,4
2175,218,10735,17.0000,5
2176,218,23000,14.0000,6
2177,218,3407,12.0000,7
2178,218,9300,7.0000,8
2179,218,20894,5.0000,9
2180,218,6615,8.0000,10
2181,219,24526,10.0000,1
2182,219,18112,12.0000,2
2183,219,22863,16.0000,3
2184,219,19004,4.0000,4
2185,219,4921,13.0000,5
2186,219,7374,15.0000,6
2187,219,16117,7.0000,7
2188,219,14095,3.0000,8
2189,219,14280,12.0000,9
2190,219,16029,4.0000,10
2191,220,27110,4.0000,1
2192,220,23297,14.0000,2
2193,220,10834,17.0000,3
2194,220,17082,7.0000,4
2195,220,14913,18.0000,5
2196,220,19065,19.0000,6
2197,220,5518,19.0000,7
2198,220,2436,13.0000,8
2199,220,10447,7.0000,9
2200,220,18304,7.0000,10
2201,221,14248,18.0000,1
2202,221,16200,19.0000,2
2203,221,17325,17.0000,3
2204,221,3367,11.0000,4
2205,221,20533,17.0000,5
2206,221,2620,11.0000,6
2207,221,4115,11.0000,7
2208,221,3843,12.0000,8
2209,221,7596,8.0000,9
2210,221,12644,10.0000,10
2211,222,29260,18.0000,1
2212,222,12977,12.0000,2
2213,222,3175,10.0000,3
2214,222,25704,1.0000,4
2215,222,23930,10.0000,5
2216,222,26836,20.0000,6
2217,222,15101,15.0000,7
2218,222,25420,16.0000,8
2219,222,16387,3.0000,9
2220,222,3276,8.0000,10
2221,223,20859,19.0000,1
2222,223,335,10.0000,2
2223,223,11435,20.0000,3
2224,223,26653,9.0000,4
2225,223,20096,19.0000,5
2226,223,8498,17.0000,6
2227,223,7768,15.0000,7
2228,223,21643,3.0000,8
2229,223,27170,1.0000,9
2230,223,13053,20.0000,10
2231,224,2754,12.0000,1
2232,224,1766,5.0000,2
2233,224,4764,7.0000,3
2234,224,28148,15.0000,4
2235,224,28638,6.0000,5
2236,224,8608,4.0000,6
2237,224,15392,6.0000,7
2238,224,23706,1.0000,8
2239,224,14501,15.0000,9
2240,224,23175,10.0000,10
2241,225,8253,7.0000,1
2242,225,17011,5.0000,2
2243,225,15263,19.0000,3
2244,225,3277,4.0000,4
2245,225,2703,10.0000,5
2246,225,29172,10.0000,6
2247,225,8450,8.0000,7
2248,225,27637,16.0000,8
2249,225,2502,2.0000,9
2250,225,28816,18.0000,10
2251,226,16045,18.0000,1
2252,226,26537,16.0000,2
2253,226,25816,6.0000,3
2254,226,12437,5.0000,4
2255,226,28596,1.0000,5
2256,226,24110,9.0000,6
2257,226,16682,17.0000,7
2258,226,19351,10.0000,8
2259,226,6026,20.0000,9
2260,226,1700,14.0000,10
2261,227,23890,17.0000,1
2262,227,12678,9.0000,2
2263,227,15412,6.0000,3
2264,227,19856,17.0000,4
2265,227,19627,17.0000,5
2266,227,8186,15.0000,6
2267,227,11843,18.0000,7
2268,227,13415,10.0000,8
2269,227,28083,3.0000,9
2270,227,25255,16.0000,10
2271,228,7936,5.0000,1
2272,228,22300,10.0000,2
2273,228,8737,16.0000,3
2274,228,7839,5.0000,4
2275,228,9341,8.0000,5
2276,228,12783,6.0000,6
2277,228,29484,19.0000,7
2278,228,20772,11.0000,8
2279,228,28595,16.0000,9
2280,228,4947,19.0000,10
2281,229,8978,15.0000,1
2282,229,19912,6.0000,2
2283,229,9118,8.0000,3
2284,229,20190,11.0000,4
2285,229,14929,13.0000,5
2286,229,19723,6.0000,6
2287,229,21336,16.0000,7
2288,229,7093,1.0000,8
2289,229,21560,11.0000,9
2290,229,8898,19.0000,10
2291,230,19776,10.0000,1
2292,230,9416,11.0000,2
2293,230,23871,16.0000,3
2294,230,26972,11.0000,4
2295,230,17351,20.0000,5
2296,230,11748,14.0000,6
2297,230,4938,19.0000,7
2298,230,5485,11.0000,8
2299,230,25604,17.0000,9
2300,230,27357,4.0000,10
2301,231,19111,2.0000,1
2302,231,8499,9.0000,2
2303,231,18806,15.0000,3
2304,231,1903,8.0000,4
2305,231,8555,11.0000,5
2306,231,14243,20.0000,6
2307,231,20905,19.0000,7
2308,231,20154,11.0000,8
2309,231,580,14.0000,9
2310,231,22831,15.0000,10
2311,232,28313,17.0000,1
2312,232,25514,16.0000,2
2313,232,20294,12.0000,3
2314,232,24657,20.0000,4
2315,232,17292,5.0000,5
2316,232,8845,19.0000,6
2317,232,28292,11.0000,7
2318,232,3421,7.0000,8
2319,232,4681,10.0000,9
2320,232,18977,3.0000,10
2321,233,9562,18.0000,1
2322,233,5741,12.0000,2
2323,233,21142,10.0000,3
2324,233,13248,15.0000,4
2325,233,24101,17.0000,5
2326,233,28083,17.0000,6
2327,233,12823,20.0000,7
2328,233,17104,14.0000,8
2329,233,16083,2.0000,9
2330,233,20468,18.0000,10
2331,234,24884,8.0000,1
2332,234,155,20.0000,2
2333,234,17236,16.0000,3
2334,234,7897,4.0000,4
2335,234,21076,6.0000,5
2336,234,20422,7.0000,6
2337,234,8895,20.0000,7
2338,234,7591,11.0000,8
2339,234,23688,18.0000,9
2340,234,1799,17.0000,10
2341,235,17570,2.0000,1
2342,235,20214,3.0000,2
2343,235,11003,15.0000,3
2344,235,9533,3.0000,4
2345,235,20769,19.0000,5
2346,235,7930,3.0000,6
2347,235,14286,11.0000,7
2348,235,10973,17.0000,8
2349,235,15887,9.0000,9
2350,235,12024,11.0000,10
2351,236,20604,7.0000,1
2352,236,26124,9.0000,2
2353,236,27933,5.0000,3
2354,236,4434,6.0000,4
2355,236,12306,13.0000,5
2356,236,11149,5.0000,6
2357,236,22728,12.0000,7
2358,236,3631,10.0000,8
2359,236,4073,7.0000,9
2360,236,22810,17.0000,10
2361,237,25271,17.0000,1
2362,237,1788,6.0000,2
2363,237,21706,9.0000,3
2364,237,19998,5.0000,4
2365,237,16272,10.0000,5
2366,237,16437,5.0000,6
2367,237,1107,5.0000,7
2368,237,27346,15.0000,8
2369,237,26429,9.0000,9
2370,237,16250,3.0000,10
2371,238,11897,6.0000,1
2372,238,22373,15.0000,2
2373,238,5679,13.0000,3
2374,238,24003,13.0000,4
2375,238,21497,17.0000,5
2376,238,12175,12.0000,6
2377,238,29746,17.0000,7
2378,238,19776,19.0000,8
2379,238,12508,16.0000,9
2380,238,28527,18.0000,10
2381,239,1144,1.0000,1
2382,239,22308,15.0000,2
2383,239,17319,6.0000,3
2384,239,22101,8.0000,4
2385,239,27825,16.0000,5
2386,239,8709,11.0000,6
2387,239,17584,5.0000,7
2388,239,10231,7.0000,8
2389,239,428,16.0000,9
2390,239,5112,3.0000,10
2391,240,14871,4.0000,1
2392,240,4994,5.0000,2
2393,240,9848,5.0000,3
2394,240,26542,11.0000,4
2395,240,3563,14.0000,5
2396,240,22335,5.0000,6
2397,240,7723,11.0000,7
2398,240,22174,15.0000,8
2399,240,4861,15.0000,9
2400,240,19970,2.0000,10
2401,241,26221,16.0000,1
2402,241,3738,2.0000,2
2403,241,9112,2.0000,3
2404,241,5759,13.0000,4
2405,241,13550,1.0000,5
2406,241,14272,17.0000,6
2407,241,1257,6.0000,7
2408,241,9249,10.0000,8
2409,241,19852,9.0000,9
2410,241,26099,3.0000,10
2411,242,25755,1.0000,1
2412,242,20221,18.0000,2
2413,242,22634,7.0000,3
2414,242,7432,4.0000,4
2415,242,13052,19.0000,5
2416,242,459,3.0000,6
2417,242,18341,14.0000,7
2418,242,16660,12.0000,8
2419,242,24965,2.0000,9
2420,242,7750,18.0000,10
2421,243,12046,14.0000,1
2422,243,26441,13.0000,2
2423,243,1844,8.0000,3
2424,243,16546,15.0000,4
2425,243,17602,6.0000,5
2426,243,24876,19.0000,6
2427,243,28906,19.0000,7
2428,243,22000,15.0000,8
2429,243,20282,1.0000,9
2430,243,22426,18.0000,10
2431,244,29316,5.0000,1
2432,244,18992,10.0000,2
2433,244,18900,11.0000,3
2434,244,15775,17.0000,4
2435,244,6662,7.0000,5
2436,244,10185,11.0000,6
2437,244,9096,18.0000,7
2438,244,23344,13.0000,8
2439,244,8643,16.0000,9
2440,244,6834,16.0000,10
2441,245,22835,2.0000,1
2442,245,17742,13.0000,2
2443,245,29817,12.0000,3
2444,245,7855,12.0000,4
2445,245,2836,17.0000,5
2446,245,7405,2.0000,6
2447,245,26494,7.0000,7
2448,245,25344,10.0000,8
2449,245,5048,9.0000,9
2450,245,8541,5.0000,10
2451,246,7028,1.0000,1
2452,246,26280,18.0000,2
2453,246,11550,12.0000,3
2454,246,3945,15.0000,4
2455,246,991,16.0000,5
2456,246,21396,10.0000,6
2457,246,12316,14.0000,7
2458,246,6191,18.0000,8
2459,246,17393,18.0000,9
2460,246,16200,18.0000,10
2461,247,17040,12.0000,1
2462,247,2428,1.0000,2
2463,247,3272,10.0000,3
2464,247,14786,1.0000,4
2465,247,25802,14.0000,5
2466,247,9814,3.0000,6
2467,247,21330,7.0000,7
2468,247,22545,7.0000,8
2469,247,16160,13.0000,9
2470,247,19570,16.0000,10
2471,248,2477,1.0000,1
2472,248,19963,18.0000,2
2473,248,28083,3.0000,3
2474,248,15059,20.0000,4
2475,248,9967,15.0000,5
2476,248,3953,3.0000,6
2477,248,4974,16.0000,7
2478,248,4864,12.0000,8
2479,248,26970,10.0000,9
2480,248,24206,16.0000,10
2481,249,19303,5.0000,1
2482,249,15490,1.0000,2
2483,249,525,9.0000,3
2484,249,11119,2.0000,4
2485,249,20994,17.0000,5
2486,249,12856,19.0000,6
2487,249,19910,2.0000,7
2488,249,25795,15.0000,8
2489,249,11378,14.0000,9
2490,249,21809,5.0000,10
2491,250,17352,1.0000,1
2492,250,27924,16.0000,2
2493,250,20083,2.0000,3
2494,250,19344,20.0000,4
2495,250,17662,3.0000,5
2496,250,27318,1.0000,6
2497,250,14378,7.0000,7
2498,250,24661,16.0000,8
2499,250,23002,19.0000,9
2500,250,18311,15.0000,10
2501,251,2009,5.0000,1
2502,251,29374,5.0000,2
2503,251,7669,13.0000,3
2504,251,2344,18.0000,4
2505,251,20196,13.0000,5
2506,251,13896,17.0000,6
2507,251,5344,12.0000,7
2508,251,20049,8.0000,8
2509,251,8130,16.0000,9
2510,251,17534,13.0000,10
2511,252,25626,8.0000,1
2512,252,6618,15.0000,2
2513,252,10180,18.0000,3
2514,252,7444,2.0000,4
2515,252,11772,8.0000,5
2516,252,11608,5.0000,6
2517,252,4481,17.0000,7
2518,252,17614,13.0000,8
2519,252,4760,13.0000,9
2520,252,2729,1.0000,10
2521,253,23390,17.0000,1
2522,253,28885,20.0000,2
2523,253,12286,17.0000,3
2524,253,24366,13.0000,4
2525,253,28700,12.0000,5
2526,253,12336,10.0000,6
2527,253,28104,14.0000,7
2528,253,5704,12.0000,8
2529,253,13296,20.0000,9
2530,253,15568,6.0000,10
2531,254,3893,18.0000,1
2532,254,9181,16.0000,2
2533,254,17296,15.0000,3
2534,254,95,12.0000,4
2535,254,10448,11.0000,5
2536,254,20513,4.0000,6
2537,254,23,2.0000,7
2538,254,2263,12.0000,8
2539,254,19280,18.0000,9
2540,254,5301,5.0000,10
2541,255,26373,19.0000,1
2542,255,9951,17.0000,2
2543,255,19107,14.0000,3
2544,255,17038,14.0000,4
2545,255,27356,15.0000,5
2546,255,1026,11.0000,6
2547,255,14504,6.0000,7
2548,255,24867,12.0000,8
2549,255,20791,6.0000,9
2550,255,17701,3.0000,10
2551,256,27171,18.0000,1
2552,256,12078,9.0000,2
2553,256,7381,11.0000,3
2554,256,3287,9.0000,4
2555,256,22551,2.0000,5
2556,256,9708,16.0000,6
2557,256,24961,7.0000,7
2558,256,1891,2.0000,8
2559,256,29536,6.0000,9
2560,256,1960,15.0000,10
2561,257,29918,14.0000,1
2562,257,18991,14.0000,2
2563,257,4862,4.0000,3
2564,257,4319,10.0000,4
2565,257,16550,3.0000,5
2566,257,13168,8.0000,6
2567,257,29767,1.0000,7
2568,257,4461,19.0000,8
2569,257,25460,1.0000,9
2570,257,7869,5.0000,10
2571,258,22294,1.0000,1
2572,258,2303,14.0000,2
2573,258,8374,12.0000,3
2574,258,5358,12.0000,4
2575,258,23106,8.0000,5
2576,258,4405,10.0000,6
2577,258,19589,14.0000,7
2578,258,7743,9.0000,8
2579,258,28914,14.0000,9
2580,258,11401,8.0000,10
2581,259,14378,3.0000,1
2582,259,9498,6.0000,2
2583,259,25220,7.0000,3
2584,259,19738,14.0000,4
2585,259,16572,18.0000,5
2586,259,10452,15.0000,6
2587,259,17530,2.0000,7
2588,259,25980,8.0000,8
2589,259,19763,14.0000,9
2590,259,10385,8.0000,10
2591,260,25307,8.0000,1
2592,260,2089,11.0000,2
2593,260,17378,19.0000,3
2594,260,28228,2.0000,4
2595,260,12614,16.0000,5
2596,260,5733,4.0000,6
2597,260,24935,16.0000,7
2598,260,6243,11.0000,8
2599,260,4123,9.0000,9
2600,260,2533,9.0000,10
2601,261,6661,19.0000,1
2602,261,21386,18.0000,2
2603,261,2131,17.0000,3
2604,261,14058,4.0000,4
2605,261,14159,20.0000,5
2606,261,5056,17.0000,6
2607,261,12238,3.0000,7
2608,261,16733,3.0000,8
2609,261,22792,7.0000,9
2610,261,9515,13.0000,10
2611,262,19312,20.0000,1
2612,262,10496,1.0000,2
2613,262,15049,6.0000,3
2614,262,11157,20.0000,4
2615,262,995,13.0000,5
2616,262,10836,11.0000,6
2617,262,13363,18.0000,7
2618,262,29423,6.0000,8
2619,262,10458,8.0000,9
2620,262,4064,13.0000,10
2621,263,19386,15.0000,1
2622,263,24194,11.0000,2
2623,263,25651,12.0000,3
2624,263,1754,8.0000,4
2625,263,8802,7.0000,5
2626,263,22831,18.0000,6
2627,263,7258,12.0000,7
2628,263,23286,13.0000,8
2629,263,23116,1.0000,9
2630,263,20762,8.0000,10
2631,264,5363,17.0000,1
2632,264,15324,3.0000,2
2633,264,7962,8.0000,3
2634,264,7404,4.0000,4
2635,264,28449,20.0000,5
2636,264,15113,9.0000,6
2637,264,21906,8.0000,7
2638,264,9328,11.0000,8
2639,264,27334,15.0000,9
2640,264,6027,3.0000,10
2641,265,638,2.0000,1
2642,265,18443,4.0000,2
2643,265,22518,18.0000,3
2644,265,26330,10.0000,4
2645,265,2568,17.0000,5
2646,265,16195,16.0000,6
2647,265,8758,18.0000,7
2648,265,11827,5.0000,8
2649,265,13923,9.0000,9
2650,265,29147,20.0000,10
2651,266,24478,6.0000,1
2652,266,21408,7.0000,2
2653,266,21515,15.0000,3
2654,266,29274,1.0000,4
2655,266,12218,16.0000,5
2656,266,9820,2.0000,6
2657,266,12800,20.0000,7
2658,266,18744,14.0000,8
2659,266,10445,11.0000,9
2660,266,29907,20.0000,10
2661,267,23982,11.0000,1
2662,267,18954,15.0000,2
2663,267,5583,12.0000,3
2664,267,11020,20.0000,4
2665,267,20188,20.0000,5
2666,267,6528,16.0000,6
2667,267,20309,9.0000,7
2668,267,22124,8.0000,8
2669,267,20987,14.0000,9
2670,267,17788,19.0000,10
2671,268,25590,20.0000,1
2672,268,22732,8.0000,2
2673,268,188,18.0000,3
2674,268,19293,8.0000,4
2675,268,260,17.0000,5
2676,268,15310,14.0000,6
2677,268,9509,6.0000,7
2678,268,10612,3.0000,8
2679,268,122,16.0000,9
2680,268,17186,10.0000,10
2681,269,20356,4.0000,1
2682,269,3019,13.0000,2
2683,269,28216,2.0000,3
2684,269,24219,20.0000,4
2685,269,25863,4.0000,5
2686,269,160,9.0000,6
2687,269,3502,19.0000,7
2688,269,11355,6.0000,8
2689,269,25587,16.0000,9
2690,269,21687,4.0000,10
2691,270,28270,18.0000,1
2692,270,26007,1.0000,2
2693,270,20727,17.0000,3
2694,270,8031,2.0000,4
2695,270,11093,4.0000,5
2696,270,17186,8.0000,6
2697,270,1209,16.0000,7
2698,270,22773,4.0000,8
2699,270,11108,6.0000,9
2700,270,9404,11.0000,10
2701,271,4309,1.0000,1
2702,271,11120,2.0000,2
2703,271,15850,5.0000,3
2704,271,3728,10.0000,4
2705,271,800,9.0000,5
2706,271,25851,9.0000,6
2707,271,3487,20.0000,7
2708,271,2175,2.0000,8
2709,271,24603,18.0000,9
2710,271,7080,12.0000,10
2711,272,8228,15.0000,1
2712,272,14662,11.0000,2
2713,272,28736,9.0000,3
2714,272,26268,7.0000,4
2715,272,10203,13.0000,5
2716,272,20322,14.0000,6
2717,272,304,8.0000,7
2718,272,21629,18.0000,8
2719,272,10998,13.0000,9
2720,272,5935,7.0000,10
2721,273,24285,9.0000,1
2722,273,22296,12.0000,2
2723,273,14294,5.0000,3
2724,273,29687,19.0000,4
2725,273,26726,12.0000,5
2726,273,9774,10.0000,6
2727,273,19370,3.0000,7
2728,273,11131,4.0000,8
2729,273,19023,20.0000,9
2730,273,19761,13.0000,10
2731,274,26053,13.0000,1
2732,274,24230,16.0000,2
2733,274,23337,2.0000,3
2734,274,26652,17.0000,4
2735,274,29400,9.0000,5
2736,274,27637,9.0000,6
2737,274,7883,7.0000,7
2738,274,18240,11.0000,8
2739,274,1706,14.0000,9
2740,274,26700,15.0000,10
2741,275,26087,19.0000,1
2742,275,23171,18.0000,2
2743,275,21440,20.0000,3
2744,275,21666,19.0000,4
2745,275,2745,4.0000,5
2746,275,23600,17.0000,6
2747,275,13473,13.0000,7
2748,275,4083,17.0000,8
2749,275,29954,1.0000,9
2750,275,4418,11.0000,10
2751,276,17261,10.0000,1
2752,276,19704,19.0000,2
2753,276,25349,11.0000,3
2754,276,10285,10.0000,4
2755,276,11992,7.0000,5
2756,276,14720,14.0000,6
2757,276,27839,9.0000,7
2758,276,6954,11.0000,8
2759,276,12513,2.0000,9
2760,276,13286,6.0000,10
2761,277,12343,19.0000,1
2762,277,25407,15.0000,2
2763,277,555,16.0000,3
2764,277,28874,7.0000,4
2765,277,27582,8.0000,5
2766,277,11801,5.0000,6
2767,277,12449,17.0000,7
2768,277,8898,5.0000,8
2769,277,1408,7.0000,9
2770,277,27933,15.0000,10
2771,278,24983,17.0000,1
2772,278,12457,16.0000,2
2773,278,2068,11.0000,3
2774,278,14915,1.0000,4
2775,278,10618,7.0000,5
2776,278,15650,8.0000,6
2777,278,6435,4.0000,7
2778,278,25160,14.0000,8
2779,278,19270,7.0000,9
2780,278,7424,17.0000,10
2781,279,15482,1.0000,1
2782,279,26274,1.0000,2
2783,279,13588,18.0000,3
2784,279,855,14.0000,4
2785,279,20651,8.0000,5
2786,279,3491,5.0000,6
2787,279,27096,3.0000,7
2788,279,14339,17.0000,8
2789,279,11972,17.0000,9
2790,279,2851,2.0000,10
2791,280,17741,1.0000,1
2792,280,20514,3.0000,2
2793,280,26832,4.0000,3
2794,280,29317,18.0000,4
2795,280,20668,18.0000,5
2796,280,1350,17.0000,6
2797,280,23537,2.0000,7
2798,280,3330,13.0000,8
2799,280,26110,14.0000,9
2800,280,26785,9.0000,10
2801,281,17695,17.0000,1
2802,281,23092,14.0000,2
2803,281,23352,7.0000,3
2804,281,12107,13.0000,4
2805,281,918,11.0000,5
2806,281,23942,14.0000,6
2807,281,14835,11.0000,7
2808,281,25688,10.0000,8
2809,281,28363,17.0000,9
2810,281,27155,14.0000,10
2811,282,20231,7.0000,1
2812,282,29065,15.0000,2
2813,282,15361,6.0000,3
2814,282,7803,17.0000,4
2815,282,2990,6.0000,5
2816,282,27382,7.0000,6
2817,282,22054,10.0000,7
2818,282,1855,16.0000,8
2819,282,25495,6.0000,9
2820,282,25393,6.0000,10
2821,283,11735,18.0000,1
2822,283,13657,1.0000,2
2823,283,6929,18.0000,3
2824,283,14317,20.0000,4
2825,283,23004,11.0000,5
2826,283,6180,9.0000,6
2827,283,14525,10.0000,7
2828,283,17136,7.0000,8
2829,283,25288,4.0000,9
2830,283,21824,19.0000,10
2831,284,21375,12.0000,1
2832,284,1168,19.0000,2
2833,284,19779,18.0000,3
2834,284,19394,10.0000,4
2835,284,18453,4.0000,5
2836,284,4299,20.0000,6
2837,284,4761,8.0000,7
2838,284,22565,3.0000,8
2839,284,25906,2.0000,9
2840,284,22861,5.0000,10
2841,285,12259,19.0000,1
2842,285,26469,19.0000,2
2843,285,2352,1.0000,3
2844,285,16683,10.0000,4
2845,285,24630,9.0000,5
2846,285,8454,4.0000,6
2847,285,6097,18.0000,7
2848,285,27876,3.0000,8
2849,285,20759,18.0000,9
2850,285,26876,4.0000,10
2851,286,11430,20.0000,1
2852,286,8871,8.0000,2
2853,286,7064,7.0000,3
2854,286,12736,15.0000,4
2855,286,17654,4.0000,5
2856,286,18981,4.0000,6
2857,286,13482,12.0000,7
2858,286,9151,17.0000,8
2859,286,27642,20.0000,9
2860,286,24243,20.0000,10
2861,287,18082,12.0000,1
2862,287,12441,1.0000,2
2863,287,2492,13.0000,3
2864,287,5654,9.0000,4
2865,287,7184,3.0000,5
2866,287,11643,12.0000,6
2867,287,4441,14.0000,7
2868,287,17847,7.0000,8
2869,287,8263,14.0000,9
2870,287,25835,5.0000,10
2871,288,8731,12.0000,1
2872,288,5882,18.0000,2
2873,288,8108,17.0000,3
2874,288,9057,17.0000,4
2875,288,5898,11.0000,5
2876,288,10006,5.0000,6
2877,288,2895,3.0000,7
2878,288,19990,12.0000,8
2879,288,22221,8.0000,9
2880,288,28652,1.0000,10
2881,289,12827,15.0000,1
2882,289,17920,17.0000,2
2883,289,22758,20.0000,3
2884,289,27278,7.0000,4
2885,289,16001,8.0000,5
2886,289,8927,14.0000,6
2887,289,15814,2.0000,7
2888,289,396,12.0000,8
2889,289,19912,5.0000,9
2890,289,9839,6.0000,10
2891,290,12964,18.0000,1
2892,290,2310,18.0000,2
2893,290,20904,17.0000,3
2894,290,26709,7.0000,4
2895,290,10012,3.0000,5
2896,290,544,16.0000,6
2897,290,15297,2.0000,7
2898,290,3056,9.0000,8
2899,290,21552,6.0000,9
2900,290,5678,12.0000,10
2901,291,964,15.0000,1
2902,291,21970,8.0000,2
2903,291,1455,10.0000,3
2904,291,19827,14.0000,4
2905,291,6803,19.0000,5
2906,291,29345,8.0000,6
2907,291,27176,20.0000,7
2908,291,10663,3.0000,8
2909,291,6874,20.0000,9
2910,291,16880,9.0000,10
2911,292,1298,4.0000,1
2912,292,11958,4.0000,2
2913,292,26231,3.0000,3
2914,292,16878,15.0000,4
2915,292,14531,6.0000,5
2916,292,15310,2.0000,6
2917,292,16381,19.0000,7
2918,292,17648,3.0000,8
2919,292,26710,8.0000,9
2920,292,26163,4.0000,10
2921,293,27993,13.0000,1
2922,293,1155,12.0000,2
2923,293,7844,16.0000,3
2924,293,22282,17.0000,4
2925,293,8702,10.0000,5
2926,293,25003,20.0000,6
2927,293,7136,20.0000,7
2928,293,7319,20.0000,8
2929,293,18746,6.0000,9
2930,293,19792,14.0000,10
2931,294,6759,7.0000,1
2932,294,4942,20.0000,2
2933,294,25280,8.0000,3
2934,294,4164,19.0000,4
2935,294,25512,4.0000,5
2936,294,13098,15.0000,6
2937,294,8818,19.0000,7
2938,294,8006,14.0000,8
2939,294,1240,13.0000,9
2940,294,21966,7.0000,10
2941,295,21327,6.0000,1
2942,295,15978,13.0000,2
2943,295,19498,17.0000,3
2944,295,26702,11.0000,4
2945,295,6648,18.0000,5
2946,295,27498,4.0000,6
2947,295,12244,9.0000,7
2948,295,20856,18.0000,8
2949,295,17894,6.0000,9
2950,295,13622,7.0000,10
2951,296,18950,20.0000,1
2952,296,24135,19.0000,2
2953,296,4742,3.0000,3
2954,296,16763,13.0000,4
2955,296,11448,20.0000,5
2956,296,23701,18.0000,6
2957,296,11665,13.0000,7
2958,296,22724,6.0000,8
2959,296,5938,7.0000,9
2960,296,200,20.0000,10
2961,297,5303,7.0000,1
2962,297,25019,2.0000,2
2963,297,249,12.0000,3
2964,297,10161,17.0000,4
2965,297,4567,19.0000,5
2966,297,29721,13.0000,6
2967,297,7648,8.0000,7
2968,297,23762,9.0000,8
2969,297,18638,12.0000,9
2970,297,19100,7.0000,10
2971,298,21192,14.0000,1
2972,298,9497,6.0000,2
2973,298,4053,2.0000,3
2974,298,3102,4.0000,4
2975,298,28772,3.0000,5
2976,298,1724,15.0000,6
2977,298,26879,10.0000,7
2978,298,4192,18.0000,8
2979,298,8968,9.0000,9
2980,298,15498,14.0000,10
2981,299,24789,4.0000,1
2982,299,18859,1.0000,2
2983,299,8467,16.0000,3
2984,299,20153,20.0000,4
2985,299,11196,16.0000,5
2986,299,5586,11.0000,6
2987,299,8343,12.0000,7
2988,299,1101,7.0000,8
2989,299,17361,5.0000,9
2990,299,8520,17.0000,10
2991,300,4901,12.0000,1
2992,300,24026,9.0000,2
2993,300,23941,19.0000,3
2994,300,27567,17.0000,4
2995,300,7536,9.0000,5
2996,300,2510,9.0000,6
2997,300,19669,1.0000,7
2998,300,16692,2.0000,8
2999,300,25781,12.0000,9
3000,300,23457,5.0000,10
3001,301,5118,3.0000,1
3002,301,10538,3.0000,2
3003,301,25777,8.0000,3
3004,301,27029,13.0000,4
3005,301,24126,18.0000,5
3006,301,23480,14.0000,6
3007,301,16076,15.0000,7
3008,301,27841,11.0000,8
3009,301,23003,3.0000,9
3010,301,21012,11.0000,10
3011,302,14417,16.0000,1
3012,302,19935,20.0000,2
3013,302,4732,18.0000,3
3014,302,1863,19.0000,4
3015,302,2045,5.0000,5
3016,302,16406,5.0000,6
3017,302,10438,10.0000,7
3018,302,18987,9.0000,8
3019,302,5821,3.0000,9
3020,302,1414,2.0000,10
3021,303,13987,10.0000,1
3022,303,7753,12.0000,2
3023,303,19532,7.0000,3
3024,303,2949,13.0000,4
3025,303,16057,5.0000,5
3026,303,18975,1.0000,6
3027,303,7124,18.0000,7
3028,303,2243,17.0000,8
3029,303,18279,9.0000,9
3030,303,28715,7.0000,10
3031,304,4482,7.0000,1
3032,304,10884,5.0000,2
3033,304,11430,7.0000,3
3034,304,3113,5.0000,4
3035,304,25486,12.0000,5
3036,304,22511,7.0000,6
3037,304,27975,10.0000,7
3038,304,6696,7.0000,8
3039,304,21868,10.0000,9
3040,304,4363,2.0000,10
3041,305,5302,8.0000,1
3042,305,13536,14.0000,2
3043,305,29808,2.0000,3
3044,305,3746,16.0000,4
3045,305,4143,13.0000,5
3046,305,13699,5.0000,6
3047,305,28153,3.0000,7
3048,305,1092,4.0000,8
3049,305,24,9.0000,9
3050,305,10415,3.0000,10
3051,306,5886,16.0000,1
3052,306,7951,7.0000,2
3053,306,5193,8.0000,3
3054,306,5465,8.0000,4
3055,306,16655,13.0000,5
3056,306,25424,15.0000,6
3057,306,11541,15.0000,7
3058,306,6773,7.0000,8
3059,306,29240,17.0000,9
3060,306,10339,11.0000,10
3061,307,7076,2.0000,1
3062,307,27402,20.0000,2
3063,307,6098,9.0000,3
3064,307,16781,18.0000,4
3065,307,10661,5.0000,5
3066,307,17975,5.0000,6
3067,307,8236,5.0000,7
3068,307,21552,5.0000,8
3069,307,14380,17.0000,9
3070,307,2637,11.0000,10
3071,308,2516,3.0000,1
3072,308,20576,11.0000,2
3073,308,14406,2.0000,3
3074,308,8288,5.0000,4
3075,308,21243,6.0000,5
3076,308,23645,18.0000,6
3077,308,646,2.0000,7
3078,308,28278,1.0000,8
3079,308,13282,8.0000,9
3080,308,21443,19.0000,10
3081,309,29261,12.0000,1
3082,309,16356,10.0000,2
3083,309,28776,4.0000,3
3084,309,28385,11.0000,4
3085,309,17318,18.0000,5
3086,309,4760,1.0000,6
3087,309,5660,6.0000,7
3088,309,17234,11.0000,8
3089,309,26979,8.0000,9
3090,309,1242,11.0000,10
3091,310,18019,9.0000,1
3092,310,10369,12.0000,2
3093,310,10722,13.0000,3
3094,310,12079,16.0000,4
3095,310,8728,11.0000,5
3096,310,28526,18.0000,6
3097,310,2345,16.0000,7
3098,310,13093,3.0000,8
3099,310,8030,2.0000,9
3100,310,16380,1.0000,10
3101,311,24193,13.0000,1
3102,311,8947,16.0000,2
3103,311,18355,15.0000,3
3104,311,14604,4.0000,4
3105,311,28475,7.0000,5
3106,311,17577,11.0000,6
3107,311,12138,20.0000,7
3108,311,17346,20.0000,8
3109,311,7708,13.0000,9
3110,311,8055,16.0000,10
3111,312,26637,6.0000,1
3112,312,27346,4.0000,2
3113,312,16860,13.0000,3
3114,312,18728,4.0000,4
3115,312,6928,20.0000,5
3116,312,11653,19.0000,6
3117,312,6098,18.0000,7
3118,312,13676,2.0000,8
3119,312,17601,20.0000,9
3120,312,138,7.0000,10
3121,313,15448,20.0000,1
3122,313,4813,17.0000,2
3123,313,3798,11.0000,3
3124,313,21488,10.0000,4
3125,313,29671,9.0000,5
3126,313,22825,17.0000,6
3127,313,4740,17.0000,7
3128,313,19367,12.0000,8
3129,313,2904,7.0000,9
3130,313,16358,19.0000,10
3131,314,5408,18.0000,1
3132,314,17263,5.0000,2
3133,314,11679,11.0000,3
3134,314,11646,16.0000,4
3135,314,15714,5.0000,5
3136,314,3268,12.0000,6
3137,314,13771,5.0000,7
3138,314,21270,16.0000,8
3139,314,20250,1.0000,9
3140,314,22472,20.0000,10
3141,315,19632,4.0000,1
3142,315,3531,3.0000,2
3143,315,25630,20.0000,3
3144,315,9223,16.0000,4
3145,315,26736,5.0000,5
3146,315,2341,8.0000,6
3147,315,25121,13.0000,7
3148,315,23937,1.0000,8
3149,315,27246,15.0000,9
3150,315,10682,13.0000,10
3151,316,28415,3.0000,1
3152,316,29801,7.0000,2
3153,316,27169,5.0000,3
3154,316,14633,17.0000,4
3155,316,19367,3.0000,5
3156,316,13781,19.0000,6
3157,316,8523,18.0000,7
3158,316,17856,20.0000,8
3159,316,3884,16.0000,9
3160,316,4657,3.0000,10
3161,317,7819,6.0000,1
3162,317,773,1.0000,2
3163,317,22286,14.0000,3
3164,317,8414,19.0000,4
3165,317,8024,13.0000,5
3166,317,6633,13.0000,6
3167,317,13403,4.0000,7
3168,317,6514,1.0000,8
3169,317,16302,19.0000,9
3170,317,21511,6.0000,10
3171,318,24746,15.0000,1
3172,318,3934,17.0000,2
3173,318,26402,8.0000,3
3174,318,10555,11.0000,4
3175,318,25477,8.0000,5
3176,318,8252,15.0000,6
3177,318,26110,6.0000,7
3178,318,24788,18.0000,8
3179,318,20124,19.0000,9
3180,318,11965,7.0000,10
3181,319,15269,16.0000,1
3182,319,26794,4.0000,2
3183,319,660,14.0000,3
3184,319,621,10.0000,4
3185,319,27953,20.0000,5
3186,319,25981,17.0000,6
3187,319,16930,14.0000,7
3188,319,21536,5.0000,8
3189,319,16734,2.0000,9
3190,319,12501,5.0000,10
3191,320,6183,1.0000,1
3192,320,8368,10.0000,2
3193,320,17503,20.0000,3
3194,320,22527,16.0000,4
3195,320,5926,8.0000,5
3196,320,7634,20.0000,6
3197,320,22183,13.0000,7
3198,320,18765,13.0000,8
3199,320,11021,3.0000,9
3200,320,21911,20.0000,10
3201,321,20492,4.0000,1
3202,321,15723,6.0000,2
3203,321,12687,8.0000,3
3204,321,11872,4.0000,4
3205,321,6658,10.0000,5
3206,321,606,8.0000,6
3207,321,16046,20.0000,7
3208,321,11914,15.0000,8
3209,321,19013,15.0000,9
3210,321,18332,20.0000,10
3211,322,5654,19.0000,1
3212,322,19886,6.0000,2
3213,322,2798,7.0000,3
3214,322,12146,3.0000,4
3215,322,13223,2.0000,5
3216,322,11839,8.0000,6
3217,322,21078,18.0000,7
3218,322,3316,15.0000,8
3219,322,10686,17.0000,9
3220,322,14234,11.0000,10
3221,323,27120,20.0000,1
3222,323,21245,8.0000,2
3223,323,25811,1.0000,3
3224,323,28323,15.0000,4
3225,323,26079,2.0000,5
3226,323,628,20.0000,6
3227,323,13626,12.0000,7
3228,323,25948,12.0000,8
3229,323,18927,16.0000,9
3230,323,2536,17.0000,10
3231,324,28449,4.0000,1
3232,324,29453,8.0000,2
3233,324,25422,15.0000,3
3234,324,14089,14.0000,4
3235,324,19076,1.0000,5
3236,324,7836,5.0000,6
3237,324,5372,2.0000,7
3238,324,29762,13.0000,8
3239,324,3311,3.0000,9
3240,324,788,14.0000,10
3241,325,5395,2.0000,1
3242,325,7516,13.0000,2
3243,325,5285,15.0000,3
3244,325,23291,16.0000,4
3245,325,16876,3.0000,5
3246,325,7852,19.0000,6
3247,325,15831,12.0000,7
3248,325,18393,17.0000,8
3249,325,22983,5.0000,9
3250,325,17524,17.0000,10
3251,326,2478,7.0000,1
3252,326,14962,11.0000,2
3253,326,13681,12.0000,3
3254,326,9902,19.0000,4
3255,326,26296,16.0000,5
3256,326,14138,7.0000,6
3257,326,24461,13.0000,7
3258,326,22705,19.0000,8
3259,326,20698,14.0000,9
3260,326,2095,3.0000,10
3261,327,17909,15.0000,1
3262,327,13639,17.0000,2
3263,327,25966,10.0000,3
3264,327,5268,4.0000,4
3265,327,21412,16.0000,5
3266,327,11025,9.0000,6
3267,327,8799,2.0000,7
3268,327,1200,19.0000,8
3269,327,6404,20.0000,9
3270,327,20518,10.0000,10
3271,328,21212,15.0000,1
3272,328,25354,3.0000,2
3273,328,401,5.0000,3
3274,328,6025,12.0000,4
3275,328,5035,14.0000,5
3276,328,24853,13.0000,6
3277,328,19210,8.0000,7
3278,328,3890,15.0000,8
3279,328,19631,6.0000,9
3280,328,9704,2.0000,10
3281,329,2993,19.0000,1
3282,329,17835,5.0000,2
3283,329,17310,18.0000,3
3284,329,3924,5.0000,4
3285,329,1623,13.0000,5
3286,329,10776,11.0000,6
3287,329,15130,14.0000,7
3288,329,1363,16.0000,8
3289,329,13626,10.0000,9
3290,329,25513,3.0000,10
3291,330,5543,20.0000,1
3292,330,29800,3.0000,2
3293,330,18675,15.0000,3
3294,330,5781,6.0000,4
3295,330,20393,7.0000,5
3296,330,17234,12.0000,6
3297,330,23194,7.0000,7
3298,330,20497,3.0000,8
3299,330,29725,7.0000,9
3300,330,28654,7.0000,10
3301,331,7088,4.0000,1
3302,331,24586,14.0000,2
3303,331,17856,7.0000,3
3304,331,19713,5.0000,4
3305,331,29608,14.0000,5
3306,331,459,11.0000,6
3307,331,3674,1.0000,7
3308,331,17205,19.0000,8
3309,331,6781,4.0000,9
3310,331,21935,19.0000,10
3311,332,26101,2.0000,1
3312,332,14686,13.0000,2
3313,332,9252,15.0000,3
3314,332,14253,15.0000,4
3315,332,9599,3.0000,5
3316,332,20788,14.0000,6
3317,332,22859,5.0000,7
3318,332,24867,5.0000,8
3319,332,29156,9.0000,9
3320,332,28861,16.0000,10
3321,333,23203,2.0000,1
3322,333,2015,8.0000,2
3323,333,7256,9.0000,3
3324,333,7696,3.0000,4
3325,333,20341,7.0000,5
3326,333,7581,12.0000,6
3327,333,9499,15.0000,7
3328,333,15414,11.0000,8
3329,333,10009,10.0000,9
3330,333,20084,5.0000,10
3331,334,18673,19.0000,1
3332,334,3215,17.0000,2
3333,334,29112,5.0000,3
3334,334,15642,9.0000,4
3335,334,17429,4.0000,5
3336,334,27925,4.0000,6
3337,334,12839,15.0000,7
3338,334,11310,19.0000,8
3339,334,21081,1.0000,9
3340,334,17901,11.0000,10
3341,335,17101,4.0000,1
3342,335,1364,9.0000,2
3343,335,17820,17.0000,3
3344,335,22506,4.0000,4
3345,335,25999,2.0000,5
3346,335,16479,20.0000,6
3347,335,15486,9.0000,7
3348,335,9406,7.0000,8
3349,335,17815,13.0000,9
3350,335,3090,20.0000,10
3351,336,20696,4.0000,1
3352,336,12901,20.0000,2
3353,336,15524,2.0000,3
3354,336,1217,13.0000,4
3355,336,28574,14.0000,5
3356,336,21444,6.0000,6
3357,336,14388,18.0000,7
3358,336,7731,3.0000,8
3359,336,6981,9.0000,9
3360,336,23205,10.0000,10
3361,337,11447,17.0000,1
3362,337,2808,15.0000,2
3363,337,21004,5.0000,3
3364,337,14374,11.0000,4
3365,337,28289,15.0000,5
3366,337,4577,9.0000,6
3367,337,2260,13.0000,7
3368,337,23864,14.0000,8
3369,337,24785,11.0000,9
3370,337,27254,1.0000,10
3371,338,11622,2.0000,1
3372,338,26826,12.0000,2
3373,338,12506,1.0000,3
3374,338,6855,9.0000,4
3375,338,23181,11.0000,5
3376,338,4308,12.0000,6
3377,338,9121,19.0000,7
3378,338,27682,11.0000,8
3379,338,26190,4.0000,9
3380,338,2235,15.0000,10
3381,339,8634,10.0000,1
3382,339,4344,15.0000,2
3383,339,29300,7.0000,3
3384,339,13445,18.0000,4
3385,339,14392,18.0000,5
3386,339,20300,2.0000,6
3387,339,26186,7.0000,7
3388,339,13509,7.0000,8
3389,339,17630,18.0000,9
3390,339,17762,18.0000,10
3391,340,14591,7.0000,1
3392,340,16646,9.0000,2
3393,340,20637,20.0000,3
3394,340,8065,3.0000,4
3395,340,11379,3.0000,5
3396,340,26071,8.0000,6
3397,340,95,11.0000,7
3398,340,13294,12.0000,8
3399,340,9177,14.0000,9
3400,340,2461,12.0000,10
3401,341,29528,8.0000,1
3402,341,26908,3.0000,2
3403,341,15551,8.0000,3
3404,341,15175,19.0000,4
3405,341,5139,4.0000,5
3406,341,10123,4.0000,6
3407,341,29905,16.0000,7
3408,341,960,9.0000,8
3409,341,26165,10.0000,9
3410,341,5159,1.0000,10
3411,342,9090,18.0000,1
3412,342,28012,15.0000,2
3413,342,5619,19.0000,3
3414,342,7005,10.0000,4
3415,342,27871,14.0000,5
3416,342,4749,10.0000,6
3417,342,14311,11.0000,7
3418,342,25221,17.0000,8
3419,342,25829,14.0000,9
3420,342,18661,15.0000,10
3421,343,22647,5.0000,1
3422,343,28615,14.0000,2
3423,343,3178,14.0000,3
3424,343,18029,11.0000,4
3425,343,4921,19.0000,5
3426,343,3566,11.0000,6
3427,343,12721,14.0000,7
3428,343,9338,19.0000,8
3429,343,6041,12.0000,9
3430,343,5738,3.0000,10
3431,344,21703,12.0000,1
3432,344,4477,13.0000,2
3433,344,10569,6.0000,3
3434,344,5886,4.0000,4
3435,344,28069,10.0000,5
3436,344,3904,18.0000,6
3437,344,12614,19.0000,7
3438,344,6943,11.0000,8
3439,344,19527,8.0000,9
3440,344,3258,18.0000,10
3441,345,7235,20.0000,1
3442,345,5490,18.0000,2
3443,345,269,1.0000,3
3444,345,21089,18.0000,4
3445,345,21998,14.0000,5
3446,345,11466,9.0000,6
3447,345,18716,8.0000,7
3448,345,2177,14.0000,8
3449,345,17569,11.0000,9
3450,345,16838,19.0000,10
3451,346,16943,8.0000,1
3452,346,6589,15.0000,2
3453,346,21842,6.0000,3
3454,346,14534,10.0000,4
3455,346,23842,8.0000,5
3456,346,15731,15.0000,6
3457,346,55,7.0000,7
3458,346,10935,16.0000,8
3459,346,11905,2.0000,9
3460,346,21109,15.0000,10
3461,347,23587,9.0000,1
3462,347,28360,12.0000,2
3463,347,27709,8.0000,3
3464,347,26931,17.0000,4
3465,347,9337,7.0000,5
3466,347,24109,1.0000,6
3467,347,22158,8.0000,7
3468,347,4097,15.0000,8
3469,347,6157,16.0000,9
3470,347,18677,14.0000,10
3471,348,9189,3.0000,1
3472,348,8852,9.0000,2
3473,348,11238,6.0000,3
3474,348,26738,1.0000,4
3475,348,13389,3.0000,5
3476,348,13366,7.0000,6
3477,348,17185,7.0000,7
3478,348,24203,10.0000,8
3479,348,17971,17.0000,9
3480,348,16636,16.0000,10
3481,349,14153,1.0000,1
3482,349,21110,5.0000,2
3483,349,11561,1.0000,3
3484,349,11781,11.0000,4
3485,349,20015,19.0000,5
3486,349,28039,17.0000,6
3487,349,15971,1.0000,7
3488,349,26730,17.0000,8
3489,349,19476,14.0000,9
3490,349,10122,18.0000,10
3491,350,4034,7.0000,1
3492,350,20377,17.0000,2
3493,350,15753,2.0000,3
3494,350,27689,2.0000,4
3495,350,10698,4.0000,5
3496,350,10056,14.0000,6
3497,350,6263,17.0000,7
3498,350,6085,7.0000,8
3499,350,5142,9.0000,9
3500,350,26482,2.0000,10
3501,351,14444,19.0000,1
3502,351,13302,8.0000,2
3503,351,26376,1.0000,3
3504,351,23876,18.0000,4
3505,351,17201,15.0000,5
3506,351,7117,7.0000,6
3507,351,18754,19.0000,7
3508,351,24517,4.0000,8
3509,351,28448,19.0000,9
3510,351,28083,19.0000,10
3511,352,20492,15.0000,1
3512,352,9492,4.0000,2
3513,352,23087,18.0000,3
3514,352,20333,4.0000,4
3515,352,18791,3.0000,5
3516,352,2691,14.0000,6
3517,352,12441,20.0000,7
3518,352,16787,6.0000,8
3519,352,16145,8.0000,9
3520,352,1804,9.0000,10
3521,353,4633,14.0000,1
3522,353,8246,8.0000,2
3523,353,3920,10.0000,3
3524,353,16725,4.0000,4
3525,353,11584,5.0000,5
3526,353,7145,11.0000,6
3527,353,16476,2.0000,7
3528,353,1139,6.0000,8
3529,353,1533,17.0000,9
3530,353,19843,1.0000,10
3531,354,19923,7.0000,1
3532,354,11032,1.0000,2
3533,354,2795,10.0000,3
3534,354,21661,7.0000,4
3535,354,26490,8.0000,5
3536,354,7621,9.0000,6
3537,354,27327,13.0000,7
3538,354,22074,1.0000,8
3539,354,3146,10.0000,9
3540,354,28765,6.0000,10
3541,355,21704,6.0000,1
3542,355,3675,10.0000,2
3543,355,12077,5.0000,3
3544,355,1962,8.0000,4
3545,355,20232,7.0000,5
3546,355,10168,4.0000,6
3547,355,518,2.0000,7
3548,355,19897,11.0000,8
3549,355,2239,9.0000,9
3550,355,21390,4.0000,10
3551,356,8609,4.0000,1
3552,356,6172,13.0000,2
3553,356,4535,16.0000,3
3554,356,19576,19.0000,4
3555,356,333,15.0000,5
3556,356,28733,10.0000,6
3557,356,18108,16.0000,7
3558,356,11591,3.0000,8
3559,356,28978,2.0000,9
3560,356,22358,12.0000,10
3561,357,10931,12.0000,1
3562,357,8926,5.0000,2
3563,357,19631,11.0000,3
3564,357,8271,5.0000,4
3565,357,7160,4.0000,5
3566,357,13824,8.0000,6
3567,357,13749,15.0000,7
3568,357,22721,17.0000,8
3569,357,19325,3.0000,9
3570,357,13294,5.0000,10
3571,358,19931,4.0000,1
3572,358,27512,20.0000,2
3573,358,18000,3.0000,3
3574,358,28275,19.0000,4
3575,358,19947,18.0000,5
3576,358,16769,10.0000,6
3577,358,12342,13.0000,7
3578,358,606,17.0000,8
3579,358,9892,17.0000,9
3580,358,27174,17.0000,10
3581,359,26463,14.0000,1
3582,359,15435,16.0000,2
3583,359,6649,2.0000,3
3584,359,21442,10.0000,4
3585,359,21888,19.0000,5
3586,359,14016,7.0000,6
3587,359,27980,11.0000,7
3588,359,5201,6.0000,8
3589,359,4998,19.0000,9
3590,359,19684,7.0000,10
3591,360,17197,4.0000,1
3592,360,15688,1.0000,2
3593,360,15616,2.0000,3
3594,360,23530,9.0000,4
3595,360,2722,2.0000,5
3596,360,14945,15.0000,6
3597,360,17028,2.0000,7
3598,360,12798,6.0000,8
3599,360,17923,17.0000,9
3600,360,24164,14.0000,10
3601,361,29752,10.0000,1
3602,361,2952,4.0000,2
3603,361,28284,7.0000,3
3604,361,3277,10.0000,4
3605,361,14017,19.0000,5
3606,361,10915,4.0000,6
3607,361,17144,16.0000,7
3608,361,29249,16.0000,8
3609,361,6647,7.0000,9
3610,361,19609,5.0000,10
3611,362,11586,16.0000,1
3612,362,22538,14.0000,2
3613,362,20374,6.0000,3
3614,362,16092,7.0000,4
3615,362,21861,16.0000,5
3616,362,3077,8.0000,6
3617,362,446,4.0000,7
3618,362,4308,7.0000,8
3619,362,3720,18.0000,9
3620,362,4712,14.0000,10
3621,363,16938,20.0000,1
3622,363,23896,15.0000,2
3623,363,6013,17.0000,3
3624,363,2954,17.0000,4
3625,363,4407,2.0000,5
3626,363,7249,14.0000,6
3627,363,7389,19.0000,7
3628,363,13040,4.0000,8
3629,363,27507,14.0000,9
3630,363,11172,19.0000,10
3631,364,18671,4.0000,1
3632,364,22913,3.0000,2
3633,364,4244,4.0000,3
3634,364,967,4.0000,4
3635,364,23783,18.0000,5
3636,364,19766,5.0000,6
3637,364,4437,18.0000,7
3638,364,1978,7.0000,8
3639,364,1389,9.0000,9
3640,364,26146,6.0000,10
3641,365,10088,20.0000,1
3642,365,20349,14.0000,2
3643,365,15383,20.0000,3
3644,365,1806,18.0000,4
3645,365,23829,19.0000,5
3646,365,26756,5.0000,6
3647,365,17097,19.0000,7
3648,365,329,15.0000,8
3649,365,24405,18.0000,9
3650,365,5310,20.0000,10
3651,366,24780,16.0000,1
3652,366,1631,6.0000,2
3653,366,16226,15.0000,3
3654,366,9998,4.0000,4
3655,366,14657,19.0000,5
3656,366,26190,19.0000,6
3657,366,6798,20.0000,7
3658,366,712,11.0000,8
3659,366,6414,7.0000,9
3660,366,24321,10.0000,10
3661,367,29955,4.0000,1
3662,367,2375,8.0000,2
3663,367,5755,1.0000,3
3664,367,14603,19.0000,4
3665,367,3876,4.0000,5
3666,367,26338,15.0000,6
3667,367,17941,18.0000,7
3668,367,15026,17.0000,8
3669,367,498,16.0000,9
3670,367,2211,14.0000,10
3671,368,17836,2.0000,1
3672,368,26987,7.0000,2
3673,368,13154,19.0000,3
3674,368,29774,8.0000,4
3675,368,4663,10.0000,5
3676,368,8293,5.0000,6
3677,368,27845,15.0000,7
3678,368,11391,14.0000,8
3679,368,8397,2.0000,9
3680,368,27178,19.0000,10
3681,369,15743,11.0000,1
3682,369,859,4.0000,2
3683,369,20564,3.0000,3
3684,369,23241,16.0000,4
3685,369,9435,10.0000,5
3686,369,26534,1.0000,6
3687,369,11723,10.0000,7
3688,369,24337,4.0000,8
3689,369,27249,1.0000,9
3690,369,1262,19.0000,10
3691,370,25891,2.0000,1
3692,370,18504,4.0000,2
3693,370,24809,14.0000,3
3694,370,10583,6.0000,4
3695,370,8124,10.0000,5
3696,370,8428,11.0000,6
3697,370,8489,19.0000,7
3698,370,19147,17.0000,8
3699,370,9575,6.0000,9
3700,370,15193,7.0000,10
3701,371,26843,3.0000,1
3702,371,7005,4.0000,2
3703,371,20653,7.0000,3
3704,371,23805,18.0000,4
3705,371,15212,5.0000,5
3706,371,19589,5.0000,6
3707,371,9735,4.0000,7
3708,371,24617,9.0000,8
3709,371,16766,20.0000,9
3710,371,10458,10.0000,10
3711,372,7299,1.0000,1
3712,372,22358,15.0000,2
3713,372,22022,14.0000,3
3714,372,7702,10.0000,4
3715,372,28194,1.0000,5
3716,372,14903,15.0000,6
3717,372,11906,13.0000,7
3718,372,14745,8.0000,8
3719,372,11765,19.0000,9
3720,372,18379,18.0000,10
3721,373,353,12.0000,1
3722,373,14628,5.0000,2
3723,373,18048,18.0000,3
3724,373,2936,4.0000,4
3725,373,6715,16.0000,5
3726,373,20054,11.0000,6
3727,373,19410,16.0000,7
3728,373,10648,2.0000,8
3729,373,23183,19.0000,9
3730,373,15393,4.0000,10
3731,374,6140,20.0000,1
3732,374,1364,13.0000,2
3733,374,4144,5.0000,3
3734,374,631,10.0000,4
3735,374,3921,18.0000,5
3736,374,12861,1.0000,6
3737,374,3319,16.0000,7
3738,374,14999,16.0000,8
3739,374,15504,9.0000,9
3740,374,13784,4.0000,10
3741,375,25666,8.0000,1
3742,375,17338,17.0000,2
3743,375,16185,8.0000,3
3744,375,15543,18.0000,4
3745,375,14856,10.0000,5
3746,375,14001,3.0000,6
3747,375,13276,6.0000,7
3748,375,23349,18.0000,8
3749,375,24135,19.0000,9
3750,375,5783,7.0000,10
3751,376,26275,5.0000,1
3752,376,17047,14.0000,2
3753,376,8663,18.0000,3
3754,376,22306,4.0000,4
3755,376,25720,15.0000,5
3756,376,12033,13.0000,6
3757,376,3417,1.0000,7
3758,376,13957,9.0000,8
3759,376,16920,8.0000,9
3760,376,3760,13.0000,10
3761,377,17602,2.0000,1
3762,377,15441,14.0000,2
3763,377,6355,17.0000,3
3764,377,28038,4.0000,4
3765,377,25621,7.0000,5
3766,377,20809,17.0000,6
3767,377,21701,4.0000,7
3768,377,17522,10.0000,8
3769,377,2218,7.0000,9
3770,377,17755,14.0000,10
3771,378,28037,20.0000,1
3772,378,2120,9.0000,2
3773,378,15799,11.0000,3
3774,378,28227,14.0000,4
3775,378,21717,12.0000,5
3776,378,18670,9.0000,6
3777,378,2436,4.0000,7
3778,378,11259,14.0000,8
3779,378,2205,7.0000,9
3780,378,20350,16.0000,10
3781,379,10756,9.0000,1
3782,379,24412,6.0000,2
3783,379,25561,20.0000,3
3784,379,25222,4.0000,4
3785,379,1240,1.0000,5
3786,379,21579,10.0000,6
3787,379,14713,15.0000,7
3788,379,6664,5.0000,8
3789,379,3345,1.0000,9
3790,379,17400,2.0000,10
3791,380,12865,20.0000,1
3792,380,5709,15.0000,2
3793,380,15915,3.0000,3
3794,380,13563,7.0000,4
3795,380,1531,14.0000,5
3796,380,8230,20.0000,6
3797,380,6366,2.0000,7
3798,380,17936,19.0000,8
3799,380,19055,2.0000,9
3800,380,26852,1.0000,10
3801,381,25878,10.0000,1
3802,381,15635,2.0000,2
3803,381,25252,3.0000,3
3804,381,15641,16.0000,4
3805,381,15678,14.0000,5
3806,381,10045,2.0000,6
3807,381,1335,7.0000,7
3808,381,10559,3.0000,8
3809,381,7166,12.0000,9
3810,381,11988,16.0000,10
3811,382,8919,3.0000,1
3812,382,11295,11.0000,2
3813,382,6449,14.0000,3
3814,382,4608,3.0000,4
3815,382,26285,4.0000,5
3816,382,17160,11.0000,6
3817,382,18396,9.0000,7
3818,382,28553,3.0000,8
3819,382,26572,19.0000,9
3820,382,20355,1.0000,10
3821,383,2913,3.0000,1
3822,383,10463,8.0000,2
3823,383,1706,17.0000,3
3824,383,29304,1.0000,4
3825,383,10842,16.0000,5
3826,383,4394,5.0000,6
3827,383,15028,16.0000,7
3828,383,5957,19.0000,8
3829,383,29492,17.0000,9
3830,383,12770,3.0000,10
3831,384,25580,17.0000,1
3832,384,27203,18.0000,2
3833,384,7321,2.0000,3
3834,384,23238,13.0000,4
3835,384,2419,9.0000,5
3836,384,12411,11.0000,6
3837,384,10360,20.0000,7
3838,384,29117,9.0000,8
3839,384,17498,9.0000,9
3840,384,18463,6.0000,10
3841,385,25084,13.0000,1
3842,385,1428,18.0000,2
3843,385,33,19.0000,3
3844,385,2642,11.0000,4
3845,385,2574,6.0000,5
3846,385,27916,14.0000,6
3847,385,7676,5.0000,7
3848,385,29206,17.0000,8
3849,385,4101,12.0000,9
3850,385,12245,3.0000,10
3851,386,21413,6.0000,1
3852,386,602,5.0000,2
3853,386,23476,16.0000,3
3854,386,954,10.0000,4
3855,386,27656,4.0000,5
3856,386,13903,5.0000,6
3857,386,26857,11.0000,7
3858,386,24917,4.0000,8
3859,386,4437,4.0000,9
3860,386,28703,18.0000,10
3861,387,2535,8.0000,1
3862,387,18611,15.0000,2
3863,387,25704,2.0000,3
3864,387,16433,4.0000,4
3865,387,28468,7.0000,5
3866,387,26496,18.0000,6
3867,387,3672,7.0000,7
3868,387,4532,18.0000,8
3869,387,1346,15.0000,9
3870,387,24474,18.0000,10
3871,388,1844,8.0000,1
3872,388,24966,8.0000,2
3873,388,3210,13.0000,3
3874,388,25687,2.0000,4
3875,388,11,15.0000,5
3876,388,26345,3.0000,6
3877,388,14690,13.0000,7
3878,388,28421,16.0000,8
3879,388,2440,12.0000,9
3880,388,24089,18.0000,10
3881,389,27982,1.0000,1
3882,389,21325,13.0000,2
3883,389,27728,8.0000,3
3884,389,11679,9.0000,4
3885,389,13783,8.0000,5
3886,389,10349,1.0000,6
3887,389,23181,3.0000,7
3888,389,9153,7.0000,8
3889,389,16178,16.0000,9
3890,389,12486,20.0000,10
3891,390,20771,2.0000,1
3892,390,8142,9.0000,2
3893,390,27436,11.0000,3
3894,390,12567,12.0000,4
3895,390,12619,2.0000,5
3896,390,10065,3.0000,6
3897,390,17502,16.0000,7
3898,390,2593,19.0000,8
3899,390,18333,8.0000,9
3900,390,749,6.0000,10
3901,391,22926,16.0000,1
3902,391,5170,19.0000,2
3903,391,9383,12.0000,3
3904,391,11287,16.0000,4
3905,391,18424,15.0000,5
3906,391,26709,14.0000,6
3907,391,7302,8.0000,7
3908,391,24543,7.0000,8
3909,391,2730,14.0000,9
3910,391,19413,18.0000,10
3911,392,8043,13.0000,1
3912,392,13782,4.0000,2
3913,392,2757,18.0000,3
3914,392,23247,8.0000,4
3915,392,2807,13.0000,5
3916,392,14264,17.0000,6
3917,392,22944,4.0000,7
3918,392,9679,7.0000,8
3919,392,22864,11.0000,9
3920,392,14284,10.0000,10
3921,393,9615,9.0000,1
3922,393,19996,1.0000,2
3923,393,21900,8.0000,3
3924,393,15129,10.0000,4
3925,393,25768,12.0000,5
3926,393,18545,20.0000,6
3927,393,6983,15.0000,7
3928,393,5074,10.0000,8
3929,393,12020,18.0000,9
3930,393,5469,10.0000,10
3931,394,7011,20.0000,1
3932,394,10831,3.0000,2
3933,394,16937,12.0000,3
3934,394,1922,4.0000,4
3935,394,21885,19.0000,5
3936,394,8201,18.0000,6
3937,394,3701,12.0000,7
3938,394,21132,20.0000,8
3939,394,5592,15.0000,9
3940,394,12287,10.0000,10
3941,395,2903,12.0000,1
3942,395,12565,17.0000,2
3943,395,8927,19.0000,3
3944,395,5151,1.0000,4
3945,395,20252,15.0000,5
3946,395,5086,4.0000,6
3947,395,18726,17.0000,7
3948,395,8190,15.0000,8
3949,395,25451,8.0000,9
3950,395,23438,13.0000,10
3951,396,15049,8.0000,1
3952,396,17950,19.0000,2
3953,396,27565,19.0000,3
3954,396,8756,13.0000,4
3955,396,5913,5.0000,5
3956,396,20843,1.0000,6
3957,396,17322,8.0000,7
3958,396,10426,2.0000,8
3959,396,20544,19.0000,9
3960,396,7909,17.0000,10
3961,397,10447,9.0000,1
3962,397,7551,2.0000,2
3963,397,24782,2.0000,3
3964,397,29748,18.0000,4
3965,397,19051,3.0000,5
3966,397,23592,3.0000,6
3967,397,10487,18.0000,7
3968,397,17629,3.0000,8
3969,397,29690,17.0000,9
3970,397,9977,19.0000,10
3971,398,19514,16.0000,1
3972,398,1736,4.0000,2
3973,398,4374,9.0000,3
3974,398,4136,12.0000,4
3975,398,7468,11.0000,5
3976,398,511,11.0000,6
3977,398,25310,18.0000,7
3978,398,21260,5.0000,8
3979,398,163,16.0000,9
3980,398,19817,11.0000,10
3981,399,9414,18.0000,1
3982,399,20837,19.0000,2
3983,399,16206,1.0000,3
3984,399,20531,10.0000,4
3985,399,20646,18.0000,5
3986,399,28854,20.0000,6
3987,399,5198,9.0000,7
3988,399,12645,15.0000,8
3989,399,20609,12.0000,9
3990,399,4141,19.0000,10
3991,400,19227,19.0000,1
3992,400,25799,8.0000,2
3993,400,23939,7.0000,3
3994,400,14450,10.0000,4
3995,400,23233,19.0000,5
3996,400,27343,4.0000,6
3997,400,15131,10.0000,7
3998,400,6527,4.0000,8
3999,400,2784,15.0000,9
4000,400,6603,7.0000,10
4001,401,29891,11.0000,1
4002,401,16030,6.0000,2
4003,401,1221,11.0000,3
4004,401,27735,11.0000,4
4005,401,23558,11.0000,5
4006,401,24094,17.0000,6
4007,401,13854,5.0000,7
4008,401,10481,18.0000,8
4009,401,28678,12.0000,9
4010,401,16319,5.0000,10
4011,402,26321,13.0000,1
4012,402,16531,7.0000,2
4013,402,20518,13.0000,3
4014,402,17475,17.0000,4
4015,402,15746,7.0000,5
4016,402,1484,1.0000,6
4017,402,10992,17.0000,7
4018,402,1927,1.0000,8
4019,402,13151,17.0000,9
4020,402,24174,1.0000,10
4021,403,29182,13.0000,1
4022,403,9562,9.0000,2
4023,403,2764,11.0000,3
4024,403,29454,7.0000,4
4025,403,18706,5.0000,5
4026,403,3380,8.0000,6
4027,403,1482,7.0000,7
4028,403,15370,6.0000,8
4029,403,6466,1.0000,9
4030,403,29378,12.0000,10
4031,404,11187,5.0000,1
4032,404,10259,16.0000,2
4033,404,26014,9.0000,3
4034,404,20272,14.0000,4
4035,404,19104,6.0000,5
4036,404,22556,17.0000,6
4037,404,12063,14.0000,7
4038,404,29830,19.0000,8
4039,404,15769,1.0000,9
4040,404,28410,1.0000,10
4041,405,8327,3.0000,1
4042,405,17124,20.0000,2
4043,405,822,2.0000,3
4044,405,15115,9.0000,4
4045,405,24489,18.0000,5
4046,405,23921,11.0000,6
4047,405,22666,2.0000,7
4048,405,2531,17.0000,8
4049,405,11343,3.0000,9
4050,405,10518,9.0000,10
4051,406,16639,7.0000,1
4052,406,19621,18.0000,2
4053,406,2629,8.0000,3
4054,406,158,4.0000,4
4055,406,4435,11.0000,5
4056,406,25787,8.0000,6
4057,406,20820,9.0000,7
4058,406,18335,11.0000,8
4059,406,9128,13.0000,9
4060,406,10071,12.0000,10
4061,407,2235,4.0000,1
4062,407,14102,7.0000,2
4063,407,14320,19.0000,3
4064,407,6222,10.0000,4
4065,407,25552,8.0000,5
4066,407,17070,5.0000,6
4067,407,14283,9.0000,7
4068,407,9661,8.0000,8
4069,407,17203,7.0000,9
4070,407,2446,12.0000,10
4071,408,20707,20.0000,1
4072,408,6287,14.0000,2
4073,408,9369,6.0000,3
4074,408,4450,13.0000,4
4075,408,26192,19.0000,5
4076,408,21047,1.0000,6
4077,408,16893,9.0000,7
4078,408,28675,16.0000,8
4079,408,18734,17.0000,9
4080,408,15597,18.0000,10
4081,409,30000,11.0000,1
4082,409,27611,14.0000,2
4083,409,24497,20.0000,3
4084,409,5457,13.0000,4
4085,409,26764,2.0000,5
4086,409,19141,18.0000,6
4087,409,13297,10.0000,7
4088,409,5963,20.0000,8
4089,409,82,20.0000,9
4090,409,3214,16.0000,10
4091,410,19559,13.0000,1
4092,410,5671,18.0000,2
4093,410,27669,9.0000,3
4094,410,11053,14.0000,4
4095,410,1958,6.0000,5
4096,410,18397,18.0000,6
4097,410,13410,12.0000,7
4098,410,29776,20.0000,8
4099,410,6748,3.0000,9
4100,410,6284,10.0000,10
4101,411,4372,12.0000,1
4102,411,3552,8.0000,2
4103,411,13721,8.0000,3
4104,411,24698,9.0000,4
4105,411,28394,9.0000,5
4106,411,10727,9.0000,6
4107,411,7412,20.0000,7
4108,411,12174,12.0000,8
4109,411,26401,6.0000,9
4110,411,26580,15.0000,10
4111,412,24472,5.0000,1
4112,412,23035,1.0000,2
4113,412,2052,17.0000,3
4114,412,21,20.0000,4
4115,412,27087,14.0000,5
4116,412,24538,11.0000,6
4117,412,20067,4.0000,7
4118,412,5523,4.0000,8
4119,412,5578,20.0000,9
4120,412,2171,15.0000,10
4121,413,3002,1.0000,1
4122,413,27965,15.0000,2
4123,413,22666,12.0000,3
4124,413,23997,4.0000,4
4125,413,13887,6.0000,5
4126,413,25493,20.0000,6
4127,413,13204,13.0000,7
4128,413,20114,1.0000,8
4129,413,5944,18.0000,9
4130,413,20297,14.0000,10
4131,414,16004,15.0000,1
4132,414,16738,5.0000,2
4133,414,4351,15.0000,3
4134,414,17560,8.0000,4
4135,414,21622,17.0000,5
4136,414,7153,11.0000,6
4137,414,29780,7.0000,7
4138,414,29709,13.0000,8
4139,414,25201,3.0000,9
4140,414,2396,4.0000,10
4141,415,22603,19.0000,1
4142,415,2387,14.0000,2
4143,415,22955,13.0000,3
4144,415,27514,16.0000,4
4145,415,7316,20.0000,5
4146,415,10988,5.0000,6
4147,415,2306,13.0000,7
4148,415,1877,16.0000,8
4149,415,9565,13.0000,9
4150,415,15789,11.0000,10
4151,416,22884,3.0000,1
4152,416,14424,17.0000,2
4153,416,16750,19.0000,3
4154,416,848,6.0000,4
4155,416,8470,4.0000,5
4156,416,17255,13.0000,6
4157,416,29360,9.0000,7
4158,416,153,18.0000,8
4159,416,6388,12.0000,9
4160,416,12407,20.0000,10
4161,417,668,4.0000,1
4162,417,11579,5.0000,2
4163,417,21207,8.0000,3
4164,417,20371,14.0000,4
4165,417,8584,2.0000,5
4166,417,19584,19.0000,6
4167,417,22083,11.0000,7
4168,417,8933,7.0000,8
4169,417,23708,14.0000,9
4170,417,13647,3.0000,10
4171,418,10767,9.0000,1
4172,418,21653,5.0000,2
4173,418,1739,16.0000,3
4174,418,10968,11.0000,4
4175,418,28782,20.0000,5
4176,418,25553,5.0000,6
4177,418,14458,11.0000,7
4178,418,29672,19.0000,8
4179,418,7543,2.0000,9
4180,418,27177,10.0000,10
4181,419,11857,1.0000,1
4182,419,21279,19.0000,2
4183,419,18396,9.0000,3
4184,419,21990,12.0000,4
4185,419,25159,13.0000,5
4186,419,10187,10.0000,6
4187,419,7071,4.0000,7
4188,419,555,8.0000,8
4189,419,14005,5.0000,9
4190,419,17896,3.0000,10
4191,420,29949,9.0000,1
4192,420,8507,11.0000,2
4193,420,22737,17.0000,3
4194,420,17975,17.0000,4
4195,420,3044,19.0000,5
4196,420,26882,5.0000,6
4197,420,12479,4.0000,7
4198,420,18224,16.0000,8
4199,420,13979,14.0000,9
4200,420,21778,11.0000,10
4201,421,22032,8.0000,1
4202,421,10094,18.0000,2
4203,421,2699,6.0000,3
4204,421,23277,3.0000,4
4205,421,8054,15.0000,5
4206,421,24986,16.0000,6
4207,421,4738,13.0000,7
4208,421,13587,13.0000,8
4209,421,4472,14.0000,9
4210,421,15490,3.0000,10
4211,422,9483,16.0000,1
4212,422,2063,5.0000,2
4213,422,27096,12.0000,3
4214,422,25623,1.0000,4
4215,422,6378,6.0000,5
4216,422,2497,10.0000,6
4217,422,19611,10.0000,7
4218,422,19269,10.0000,8
4219,422,22323,19.0000,9
4220,422,28353,2.0000,10
4221,423,13050,17.0000,1
4222,423,19311,6.0000,2
4223,423,17057,11.0000,3
4224,423,2482,13.0000,4
4225,423,9544,13.0000,5
4226,423,14293,6.0000,6
4227,423,26062,7.0000,7
4228,423,15176,17.0000,8
4229,423,8647,19.0000,9
4230,423,19964,4.0000,10
4231,424,20534,11.0000,1
4232,424,6634,1.0000,2
4233,424,7525,10.0000,3
4234,424,24836,20.0000,4
4235,424,19991,11.0000,5
4236,424,27997,17.0000,6
4237,424,22131,12.0000,7
4238,424,11426,2.0000,8
4239,424,19010,14.0000,9
4240,424,13965,2.0000,10
4241,425,20430,10.0000,1
4242,425,715,17.0000,2
4243,425,8191,18.0000,3
4244,425,23859,12.0000,4
4245,425,21147,3.0000,5
4246,425,14691,9.0000,6
4247,425,2892,16.0000,7
4248,425,9542,6.0000,8
4249,425,13059,1.0000,9
4250,425,8758,3.0000,10
4251,426,8853,16.0000,1
4252,426,18658,2.0000,2
4253,426,5884,16.0000,3
4254,426,18096,19.0000,4
4255,426,25172,10.0000,5
4256,426,16810,6.0000,6
4257,426,17922,1.0000,7
4258,426,20361,1.0000,8
4259,426,12896,15.0000,9
4260,426,1251,16.0000,10
4261,427,12246,3.0000,1
4262,427,6923,2.0000,2
4263,427,14041,15.0000,3
4264,427,27278,19.0000,4
4265,427,17007,16.0000,5
4266,427,23571,15.0000,6
4267,427,18688,19.0000,7
4268,427,27644,20.0000,8
4269,427,23782,14.0000,9
4270,427,19565,9.0000,10
4271,428,7974,4.0000,1
4272,428,8845,14.0000,2
4273,428,24878,17.0000,3
4274,428,636,13.0000,4
4275,428,11681,10.0000,5
4276,428,20767,11.0000,6
4277,428,2416,9.0000,7
4278,428,2941,9.0000,8
4279,428,22210,16.0000,9
4280,428,14956,10.0000,10
4281,429,11494,19.0000,1
4282,429,11188,7.0000,2
4283,429,20850,6.0000,3
4284,429,22199,3.0000,4
4285,429,20365,1.0000,5
4286,429,3470,12.0000,6
4287,429,6271,12.0000,7
4288,429,29112,17.0000,8
4289,429,24668,10.0000,9
4290,429,2900,13.0000,10
4291,430,18609,3.0000,1
4292,430,28248,11.0000,2
4293,430,19295,8.0000,3
4294,430,2898,19.0000,4
4295,430,19209,10.0000,5
4296,430,4774,5.0000,6
4297,430,5279,3.0000,7
4298,430,15545,5.0000,8
4299,430,7632,15.0000,9
4300,430,19476,14.0000,10
4301,431,9490,4.0000,1
4302,431,1568,13.0000,2
4303,431,20523,1.0000,3
4304,431,15198,5.0000,4
4305,431,3794,1.0000,5
4306,431,3038,3.0000,6
4307,431,19353,11.0000,7
4308,431,10605,1.0000,8
4309,431,24685,16.0000,9
4310,431,7919,5.0000,10
4311,432,2314,15.0000,1
4312,432,10531,13.0000,2
4313,432,22186,13.0000,3
4314,432,29699,9.0000,4
4315,432,17458,7.0000,5
4316,432,5330,4.0000,6
4317,432,12980,19.0000,7
4318,432,18362,19.0000,8
4319,432,21855,19.0000,9
4320,432,13664,19.0000,10
4321,433,24846,14.0000,1
4322,433,27963,12.0000,2
4323,433,9520,17.0000,3
4324,433,21727,11.0000,4
4325,433,28041,2.0000,5
4326,433,25778,10.0000,6
4327,433,16746,3.0000,7
4328,433,22497,9.0000,8
4329,433,3161,19.0000,9
4330,433,14925,2.0000,10
4331,434,20698,3.0000,1
4332,434,20933,4.0000,2
4333,434,21934,18.0000,3
4334,434,6241,14.0000,4
4335,434,9548,11.0000,5
4336,434,3934,2.0000,6
4337,434,9592,8.0000,7
4338,434,944,13.0000,8
4339,434,23596,19.0000,9
4340,434,2584,1.0000,10
4341,435,21676,9.0000,1
4342,435,691,6.0000,2
4343,435,23871,18.0000,3
4344,435,23048,11.0000,4
4345,435,23499,20.0000,5
4346,435,16948,7.0000,6
4347,435,21603,18.0000,7
4348,435,6987,3.0000,8
4349,435,6841,16.0000,9
4350,435,972,8.0000,10
4351,436,6370,13.0000,1
4352,436,15793,9.0000,2
4353,436,4361,9.0000,3
4354,436,25323,18.0000,4
4355,436,9628,8.0000,5
4356,436,22851,17.0000,6
4357,436,15238,6.0000,7
4358,436,20365,18.0000,8
4359,436,987,12.0000,9
4360,436,25449,6.0000,10
4361,437,25334,4.0000,1
4362,437,10620,7.0000,2
4363,437,7612,8.0000,3
4364,437,16970,7.0000,4
4365,437,28365,20.0000,5
4366,437,24323,19.0000,6
4367,437,1742,15.0000,7
4368,437,14406,2.0000,8
4369,437,10456,14.0000,9
4370,437,1518,1.0000,10
4371,438,15601,4.0000,1
4372,438,12657,18.0000,2
4373,438,14612,4.0000,3
4374,438,21095,20.0000,4
4375,438,25485,6.0000,5
4376,438,6662,5.0000,6
4377,438,17838,3.0000,7
4378,438,19571,14.0000,8
4379,438,6293,13.0000,9
4380,438,3943,5.0000,10
4381,439,28917,15.0000,1
4382,439,14820,16.0000,2
4383,439,6967,13.0000,3
4384,439,1668,3.0000,4
4385,439,2421,1.0000,5
4386,439,21589,18.0000,6
4387,439,5709,12.0000,7
4388,439,18328,3.0000,8
4389,439,25484,17.0000,9
4390,439,15286,20.0000,10
4391,440,6091,2.0000,1
4392,440,23013,17.0000,2
4393,440,27932,6.0000,3
4394,440,24585,19.0000,4
4395,440,27606,14.0000,5
4396,440,23533,20.0000,6
4397,440,10809,2.0000,7
4398,440,5451,5.0000,8
4399,440,12718,10.0000,9
4400,440,24556,1.0000,10
4401,441,26149,18.0000,1
4402,441,7339,9.0000,2
4403,441,22309,7.0000,3
4404,441,12154,18.0000,4
4405,441,15111,6.0000,5
4406,441,11167,20.0000,6
4407,441,6758,12.0000,7
4408,441,6173,12.0000,8
4409,441,3575,9.0000,9
4410,441,11410,7.0000,10
4411,442,915,7.0000,1
4412,442,7697,11.0000,2
4413,442,248,8.0000,3
4414,442,19869,9.0000,4
4415,442,535,20.0000,5
4416,442,29126,4.0000,6
4417,442,21168,3.0000,7
4418,442,15569,14.0000,8
4419,442,7885,13.0000,9
4420,442,18558,17.0000,10
4421,443,21311,4.0000,1
4422,443,21589,7.0000,2
4423,443,20416,19.0000,3
4424,443,3263,3.0000,4
4425,443,2955,20.0000,5
4426,443,14099,12.0000,6
4427,443,26444,11.0000,7
4428,443,10454,14.0000,8
4429,443,23607,6.0000,9
4430,443,21641,17.0000,10
4431,444,23187,17.0000,1
4432,444,21851,15.0000,2
4433,444,22823,3.0000,3
4434,444,27422,18.0000,4
4435,444,839,3.0000,5
4436,444,15901,9.0000,6
4437,444,28051,9.0000,7
4438,444,15629,20.0000,8
4439,444,23445,19.0000,9
4440,444,1052,17.0000,10
4441,445,26581,16.0000,1
4442,445,1232,9.0000,2
4443,445,17535,19.0000,3
4444,445,1397,12.0000,4
4445,445,20136,12.0000,5
4446,445,5719,8.0000,6
4447,445,16363,7.0000,7
4448,445,27369,20.0000,8
4449,445,22132,6.0000,9
4450,445,17393,14.0000,10
4451,446,27351,15.0000,1
4452,446,5919,6.0000,2
4453,446,16480,17.0000,3
4454,446,11252,13.0000,4
4455,446,11155,1.0000,5
4456,446,7467,18.0000,6
4457,446,1089,20.0000,7
4458,446,15105,11.0000,8
4459,446,14336,16.0000,9
4460,446,16774,19.0000,10
4461,447,28327,14.0000,1
4462,447,7553,2.0000,2
4463,447,4887,4.0000,3
4464,447,2593,3.0000,4
4465,447,2624,13.0000,5
4466,447,6541,13.0000,6
4467,447,10082,6.0000,7
4468,447,17688,17.0000,8
4469,447,14054,14.0000,9
4470,447,18524,20.0000,10
4471,448,15611,20.0000,1
4472,448,18298,1.0000,2
4473,448,14056,13.0000,3
4474,448,12708,17.0000,4
4475,448,16248,17.0000,5
4476,448,5983,7.0000,6
4477,448,17846,6.0000,7
4478,448,26670,7.0000,8
4479,448,21219,4.0000,9
4480,448,9782,19.0000,10
4481,449,1011,6.0000,1
4482,449,4442,18.0000,2
4483,449,24228,3.0000,3
4484,449,8867,5.0000,4
4485,449,25730,16.0000,5
4486,449,3444,16.0000,6
4487,449,23459,9.0000,7
4488,449,6443,5.0000,8
4489,449,2949,15.0000,9
4490,449,6635,17.0000,10
4491,450,16868,15.0000,1
4492,450,1319,7.0000,2
4493,450,8779,8.0000,3
4494,450,21456,1.0000,4
4495,450,3553,16.0000,5
4496,450,19953,6.0000,6
4497,450,25217,4.0000,7
4498,450,11381,18.0000,8
4499,450,27699,18.0000,9
4500,450,29615,5.0000,10
4501,451,21296,6.0000,1
4502,451,12852,4.0000,2
4503,451,27436,19.0000,3
4504,451,3244,8.0000,4
4505,451,23277,3.0000,5
4506,451,26157,16.0000,6
4507,451,27598,12.0000,7
4508,451,24986,3.0000,8
4509,451,18280,14.0000,9
4510,451,26644,7.0000,10
4511,452,22284,4.0000,1
4512,452,23183,9.0000,2
4513,452,28168,19.0000,3
4514,452,26385,12.0000,4
4515,452,6078,20.0000,5
4516,452,12478,2.0000,6
4517,452,21170,19.0000,7
4518,452,55,16.0000,8
4519,452,2293,5.0000,9
4520,452,1808,15.0000,10
4521,453,482,2.0000,1
4522,453,29296,17.0000,2
4523,453,19160,11.0000,3
4524,453,19464,2.0000,4
4525,453,24399,16.0000,5
4526,453,1255,15.0000,6
4527,453,15460,19.0000,7
4528,453,2074,6.0000,8
4529,453,14845,9.0000,9
4530,453,24809,7.0000,10
4531,454,27724,7.0000,1
4532,454,485,8.0000,2
4533,454,15381,12.0000,3
4534,454,28464,17.0000,4
4535,454,14035,20.0000,5
4536,454,116,4.0000,6
4537,454,24484,13.0000,7
4538,454,5478,13.0000,8
4539,454,10907,18.0000,9
4540,454,9115,15.0000,10
4541,455,14370,3.0000,1
4542,455,13195,12.0000,2
4543,455,29754,1.0000,3
4544,455,14559,18.0000,4
4545,455,2625,7.0000,5
4546,455,17072,18.0000,6
4547,455,25740,16.0000,7
4548,455,23894,20.0000,8
4549,455,17778,6.0000,9
4550,455,23500,7.0000,10
4551,456,28034,8.0000,1
4552,456,3461,9.0000,2
4553,456,19370,12.0000,3
4554,456,26690,20.0000,4
4555,456,26522,19.0000,5
4556,456,3513,7.0000,6
4557,456,15318,6.0000,7
4558,456,3592,12.0000,8
4559,456,25476,8.0000,9
4560,456,1159,14.0000,10
4561,457,22828,18.0000,1
4562,457,12568,3.0000,2
4563,457,26478,10.0000,3
4564,457,25746,4.0000,4
4565,457,13609,17.0000,5
4566,457,11334,14.0000,6
4567,457,3727,13.0000,7
4568,457,25704,7.0000,8
4569,457,27859,6.0000,9
4570,457,10889,20.0000,10
4571,458,16199,11.0000,1
4572,458,4631,2.0000,2
4573,458,3442,16.0000,3
4574,458,24333,10.0000,4
4575,458,17292,13.0000,5
4576,458,5338,16.0000,6
4577,458,28779,16.0000,7
4578,458,12224,16.0000,8
4579,458,24660,8.0000,9
4580,458,15187,3.0000,10
4581,459,6458,4.0000,1
4582,459,8003,8.0000,2
4583,459,29594,10.0000,3
4584,459,29450,15.0000,4
4585,459,2114,6.0000,5
4586,459,8271,13.0000,6
4587,459,19520,4.0000,7
4588,459,21977,2.0000,8
4589,459,28800,2.0000,9
4590,459,4007,15.0000,10
4591,460,5605,2.0000,1
4592,460,28038,2.0000,2
4593,460,7444,12.0000,3
4594,460,25873,19.0000,4
4595,460,6152,5.0000,5
4596,460,18034,15.0000,6
4597,460,18245,5.0000,7
4598,460,27698,9.0000,8
4599,460,9487,2.0000,9
4600,460,18494,4.0000,10
4601,461,6163,11.0000,1
4602,461,11980,12.0000,2
4603,461,19328,9.0000,3
4604,461,4960,15.0000,4
4605,461,16750,4.0000,5
4606,461,12002,5.0000,6
4607,461,12937,12.0000,7
4608,461,23280,2.0000,8
4609,461,1868,8.0000,9
4610,461,10698,15.0000,10
4611,462,26151,14.0000,1
4612,462,29575,13.0000,2
4613,462,28485,17.0000,3
4614,462,2067,9.0000,4
4615,462,5924,15.0000,5
4616,462,13529,13.0000,6
4617,462,7372,1.0000,7
4618,462,15393,5.0000,8
4619,462,3902,13.0000,9
4620,462,15634,17.0000,10
4621,463,6518,18.0000,1
4622,463,18786,10.0000,2
4623,463,29586,6.0000,3
4624,463,11165,16.0000,4
4625,463,1965,12.0000,5
4626,463,19590,6.0000,6
4627,463,17883,1.0000,7
4628,463,13233,11.0000,8
4629,463,10990,7.0000,9
4630,463,6297,8.0000,10
4631,464,4277,19.0000,1
4632,464,7594,9.0000,2
4633,464,20855,10.0000,3
4634,464,24134,6.0000,4
4635,464,12782,11.0000,5
4636,464,25911,17.0000,6
4637,464,5651,14.0000,7
4638,464,9394,9.0000,8
4639,464,24350,8.0000,9
4640,464,5511,11.0000,10
4641,465,15394,12.0000,1
4642,465,9110,3.0000,2
4643,465,21165,18.0000,3
4644,465,15331,14.0000,4
4645,465,22438,7.0000,5
4646,465,7111,10.0000,6
4647,465,26812,10.0000,7
4648,465,15282,5.0000,8
4649,465,15568,3.0000,9
4650,465,17881,20.0000,10
4651,466,28878,3.0000,1
4652,466,16399,12.0000,2
4653,466,9343,16.0000,3
4654,466,6580,2.0000,4
4655,466,7973,17.0000,5
4656,466,24803,8.0000,6
4657,466,12770,19.0000,7
4658,466,4430,11.0000,8
4659,466,24008,3.0000,9
4660,466,10527,14.0000,10
4661,467,28896,2.0000,1
4662,467,10520,8.0000,2
4663,467,23891,8.0000,3
4664,467,22436,7.0000,4
4665,467,5722,3.0000,5
4666,467,2619,4.0000,6
4667,467,7737,2.0000,7
4668,467,3805,14.0000,8
4669,467,24157,13.0000,9
4670,467,26740,10.0000,10
4671,468,698,18.0000,1
4672,468,5547,3.0000,2
4673,468,18867,13.0000,3
4674,468,9551,10.0000,4
4675,468,8098,12.0000,5
4676,468,25851,18.0000,6
4677,468,24632,8.0000,7
4678,468,17571,2.0000,8
4679,468,1550,12.0000,9
4680,468,12290,14.0000,10
4681,469,4688,4.0000,1
4682,469,23648,4.0000,2
4683,469,5958,20.0000,3
4684,469,582,6.0000,4
4685,469,26713,7.0000,5
4686,469,561,16.0000,6
4687,469,8127,6.0000,7
4688,469,16055,17.0000,8
4689,469,12915,15.0000,9
4690,469,2340,2.0000,10
4691,470,4279,2.0000,1
4692,470,6116,3.0000,2
4693,470,15191,15.0000,3
4694,470,8883,16.0000,4
4695,470,838,4.0000,5
4696,470,21697,4.0000,6
4697,470,1780,17.0000,7
4698,470,16150,5.0000,8
4699,470,13257,11.0000,9
4700,470,7564,15.0000,10
4701,471,9158,9.0000,1
4702,471,24417,16.0000,2
4703,471,13578,7.0000,3
4704,471,24285,13.0000,4
4705,471,5714,17.0000,5
4706,471,22908,19.0000,6
4707,471,25984,7.0000,7
4708,471,4886,3.0000,8
4709,471,14376,20.0000,9
4710,471,19954,18.0000,10
4711,472,6506,9.0000,1
4712,472,418,12.0000,2
4713,472,10067,18.0000,3
4714,472,9283,9.0000,4
4715,472,17770,20.0000,5
4716,472,3507,8.0000,6
4717,472,965,8.0000,7
4718,472,12811,10.0000,8
4719,472,24650,8.0000,9
4720,472,8932,8.0000,10
4721,473,7777,1.0000,1
4722,473,19399,20.0000,2
4723,473,13406,2.0000,3
4724,473,20705,6.0000,4
4725,473,23643,19.0000,5
4726,473,15670,5.0000,6
4727,473,3206,10.0000,7
4728,473,12950,1.0000,8
4729,473,2642,18.0000,9
4730,473,20695,14.0000,10
4731,474,12597,11.0000,1
4732,474,20274,1.0000,2
4733,474,1975,4.0000,3
4734,474,19771,5.0000,4
4735,474,18694,3.0000,5
4736,474,18913,16.0000,6
4737,474,17597,11.0000,7
4738,474,18100,15.0000,8
4739,474,15276,3.0000,9
4740,474,29535,8.0000,10
4741,475,2932,15.0000,1
4742,475,18586,19.0000,2
4743,475,18477,20.0000,3
4744,475,22714,14.0000,4
4745,475,4002,11.0000,5
4746,475,129,11.0000,6
4747,475,22817,7.0000,7
4748,475,15690,20.0000,8
4749,475,29350,20.0000,9
4750,475,16113,17.0000,10
4751,476,14221,6.0000,1
4752,476,8506,11.0000,2
4753,476,15253,5.0000,3
4754,476,1286,19.0000,4
4755,476,29595,8.0000,5
4756,476,9983,3.0000,6
4757,476,13908,20.0000,7
4758,476,1791,19.0000,8
4759,476,23406,5.0000,9
4760,476,5258,6.0000,10
4761,477,201,8.0000,1
4762,477,3095,14.0000,2
4763,477,3049,17.0000,3
4764,477,1950,18.0000,4
4765,477,23282,16.0000,5
4766,477,25118,6.0000,6
4767,477,23604,3.0000,7
4768,477,19812,10.0000,8
4769,477,288,8.0000,9
4770,477,15433,8.0000,10
4771,478,9365,7.0000,1
4772,478,19466,15.0000,2
4773,478,3629,6.0000,3
4774,478,16265,11.0000,4
4775,478,2174,12.0000,5
4776,478,6418,1.0000,6
4777,478,8522,1.0000,7
4778,478,287,18.0000,8
4779,478,16763,15.0000,9
4780,478,20656,19.0000,10
4781,479,25176,11.0000,1
4782,479,8768,10.0000,2
4783,479,17951,10.0000,3
4784,479,20590,5.0000,4
4785,479,21704,19.0000,5
4786,479,3505,10.0000,6
4787,479,12468,17.0000,7
4788,479,7690,14.0000,8
4789,479,5313,4.0000,9
4790,479,10362,10.0000,10
4791,480,6349,11.0000,1
4792,480,21479,1.0000,2
4793,480,2449,10.0000,3
4794,480,24950,7.0000,4
4795,480,24009,6.0000,5
4796,480,5015,17.0000,6
4797,480,29700,16.0000,7
4798,480,26557,18.0000,8
4799,480,19096,20.0000,9
4800,480,17338,16.0000,10
4801,481,6651,12.0000,1
4802,481,2287,11.0000,2
4803,481,22302,2.0000,3
4804,481,13678,9.0000,4
4805,481,13847,5.0000,5
4806,481,27843,16.0000,6
4807,481,1943,4.0000,7
4808,481,2563,1.0000,8
4809,481,21728,13.0000,9
4810,481,14885,9.0000,10
4811,482,22767,16.0000,1
4812,482,5688,2.0000,2
4813,482,14679,1.0000,3
4814,482,5794,15.0000,4
4815,482,913,20.0000,5
4816,482,1303,19.0000,6
4817,482,13489,20.0000,7
4818,482,6147,4.0000,8
4819,482,2627,2.0000,9
4820,482,11981,9.0000,10
4821,483,16278,11.0000,1
4822,483,24161,14.0000,2
4823,483,2252,7.0000,3
4824,483,23876,13.0000,4
4825,483,19054,7.0000,5
4826,483,28093,10.0000,6
4827,483,14818,12.0000,7
4828,483,24543,12.0000,8
4829,483,3798,3.0000,9
4830,483,9236,6.0000,10
4831,484,24519,12.0000,1
4832,484,22802,18.0000,2
4833,484,16245,20.0000,3
4834,484,21566,9.0000,4
4835,484,24971,13.0000,5
4836,484,793,17.0000,6
4837,484,225,20.0000,7
4838,484,2817,20.0000,8
4839,484,18777,11.0000,9
4840,484,14291,20.0000,10
4841,485,12319,6.0000,1
4842,485,3066,2.0000,2
4843,485,10854,4.0000,3
4844,485,25667,18.0000,4
4845,485,2859,10.0000,5
4846,485,2507,12.0000,6
4847,485,15027,1.0000,7
4848,485,27368,2.0000,8
4849,485,15887,5.0000,9
4850,485,8163,11.0000,10
4851,486,25185,17.0000,1
4852,486,21546,8.0000,2
4853,486,22271,10.0000,3
4854,486,3782,10.0000,4
4855,486,9346,9.0000,5
4856,486,25203,18.0000,6
4857,486,4481,10.0000,7
4858,486,26449,20.0000,8
4859,486,13551,4.0000,9
4860,486,14305,8.0000,10
4861,487,24226,15.0000,1
4862,487,25454,18.0000,2
4863,487,21116,17.0000,3
4864,487,15267,15.0000,4
4865,487,19178,15.0000,5
4866,487,12250,3.0000,6
4867,487,7918,3.0000,7
4868,487,13010,4.0000,8
4869,487,24094,18.0000,9
4870,487,19507,13.0000,10
4871,488,14545,6.0000,1
4872,488,3023,11.0000,2
4873,488,17878,13.0000,3
4874,488,11013,12.0000,4
4875,488,5891,4.0000,5
4876,488,2933,17.0000,6
4877,488,14028,11.0000,7
4878,488,22174,19.0000,8
4879,488,29747,3.0000,9
4880,488,22782,14.0000,10
4881,489,25227,5.0000,1
4882,489,26428,3.0000,2
4883,489,7776,5.0000,3
4884,489,17650,18.0000,4
4885,489,7043,12.0000,5
4886,489,7739,11.0000,6
4887,489,7824,16.0000,7
4888,489,7205,16.0000,8
4889,489,17589,1.0000,9
4890,489,20373,4.0000,10
4891,490,6135,7.0000,1
4892,490,113,17.0000,2
4893,490,9528,2.0000,3
4894,490,14350,18.0000,4
4895,490,4787,10.0000,5
4896,490,22409,12.0000,6
4897,490,22778,4.0000,7
4898,490,8924,6.0000,8
4899,490,28153,2.0000,9
4900,490,12814,11.0000,10
4901,491,26176,14.0000,1
4902,491,4931,5.0000,2
4903,491,14082,20.0000,3
4904,491,25337,1.0000,4
4905,491,1683,13.0000,5
4906,491,10311,4.0000,6
4907,491,11115,3.0000,7
4908,491,12156,18.0000,8
4909,491,554,9.0000,9
4910,491,12731,2.0000,10
4911,492,5075,17.0000,1
4912,492,14251,5.0000,2
4913,492,10724,7.0000,3
4914,492,28336,12.0000,4
4915,492,15338,17.0000,5
4916,492,3092,2.0000,6
4917,492,181,2.0000,7
4918,492,7659,6.0000,8
4919,492,28227,16.0000,9
4920,492,10749,17.0000,10
4921,493,23321,13.0000,1
4922,493,12959,2.0000,2
4923,493,14607,18.0000,3
4924,493,3278,16.0000,4
4925,493,7113,12.0000,5
4926,493,9714,14.0000,6
4927,493,21911,2.0000,7
4928,493,905,19.0000,8
4929,493,7769,4.0000,9
4930,493,26091,14.0000,10
4931,494,6036,17.0000,1
4932,494,6406,8.0000,2
4933,494,15472,4.0000,3
4934,494,10324,12.0000,4
4935,494,17282,5.0000,5
4936,494,29052,17.0000,6
4937,494,22388,17.0000,7
4938,494,16837,6.0000,8
4939,494,10215,12.0000,9
4940,494,24393,2.0000,10
4941,495,5871,3.0000,1
4942,495,23199,8.0000,2
4943,495,13730,20.0000,3
4944,495,23103,8.0000,4
4945,495,24474,14.0000,5
4946,495,18895,12.0000,6
4947,495,16184,2.0000,7
4948,495,12448,2.0000,8
4949,495,4261,6.0000,9
4950,495,16598,4.0000,10
4951,496,601,17.0000,1
4952,496,19511,14.0000,2
4953,496,29225,15.0000,3
4954,496,14347,11.0000,4
4955,496,2699,16.0000,5
4956,496,10923,2.0000,6
4957,496,4730,8.0000,7
4958,496,9178,20.0000,8
4959,496,26645,20.0000,9
4960,496,21502,13.0000,10
4961,497,29766,17.0000,1
4962,497,11164,18.0000,2
4963,497,303,8.0000,3
4964,497,17541,18.0000,4
4965,497,14661,16.0000,5
4966,497,13522,20.0000,6
4967,497,11927,12.0000,7
4968,497,5084,4.0000,8
4969,497,20453,2.0000,9
4970,497,25837,11.0000,10
4971,498,12680,20.0000,1
4972,498,11196,9.0000,2
4973,498,2991,10.0000,3
4974,498,5496,17.0000,4
4975,498,28723,4.0000,5
4976,498,25663,10.0000,6
4977,498,27334,7.0000,7
4978,498,13688,9.0000,8
4979,498,6749,3.0000,9
4980,498,15162,11.0000,10
4981,499,3871,7.0000,1
4982,499,29870,19.0000,2
4983,499,5132,5.0000,3
4984,499,18625,10.0000,4
4985,499,4141,14.0000,5
4986,499,12793,12.0000,6
4987,499,8985,13.0000,7
4988,499,29478,9.0000,8
4989,499,7129,3.0000,9
4990,499,20856,18.0000,10
4991,500,28161,17.0000,1
4992,500,29094,1.0000,2
4993,500,20732,13.0000,3
4994,500,7350,1.0000,4
4995,500,18315,20.0000,5
4996,500,21982,5.0000,6
4997,500,730,15.0000,7
4998,500,27656,1.0000,8
4999,500,2616,15.0000,9
5000,500,3769,4.0000,10
5001,501,5334,19.0000,1
5002,501,4489,10.0000,2
5003,501,8588,16.0000,3
5004,501,9968,4.0000,4
5005,501,7791,16.0000,5
5006,501,23790,9.0000,6
5007,501,408,1.0000,7
5008,501,10275,13.0000,8
5009,501,8267,10.0000,9
5010,501,22105,1.0000,10
5011,502,2911,2.0000,1
5012,502,5277,1.0000,2
5013,502,7687,3.0000,3
5014,502,23553,10.0000,4
5015,502,3895,7.0000,5
5016,502,3001,13.0000,6
5017,502,24131,4.0000,7
5018,502,14382,17.0000,8
5019,502,22166,16.0000,9
5020,502,16323,19.0000,10
5021,503,17573,20.0000,1
5022,503,6687,20.0000,2
5023,503,4898,4.0000,3
5024,503,26084,11.0000,4
5025,503,14960,6.0000,5
5026,503,8938,18.0000,6
5027,503,3518,18.0000,7
5028,503,22653,3.0000,8
5029,503,25454,11.0000,9
5030,503,25046,19.0000,10
5031,504,28503,5.0000,1
5032,504,7316,15.0000,2
5033,504,5911,20.0000,3
5034,504,24224,10.0000,4
5035,504,16911,19.0000,5
5036,504,14223,18.0000,6
5037,504,9057,7.0000,7
5038,504,18452,15.0000,8
5039,504,15254,11.0000,9
5040,504,24052,7.0000,10
5041,505,20175,12.0000,1
5042,505,29361,5.0000,2
5043,505,29061,3.0000,3
5044,505,22242,18.0000,4
5045,505,608,14.0000,5
5046,505,23232,8.0000,6
5047,505,5725,10.0000,7
5048,505,27625,19.0000,8
5049,505,4663,17.0000,9
5050,505,14398,4.0000,10
5051,506,2303,18.0000,1
5052,506,9548,5.0000,2
5053,506,8747,14.0000,3
5054,506,16933,5.0000,4
5055,506,16616,8.0000,5
5056,506,12268,1.0000,6
5057,506,3871,18.0000,7
5058,506,22537,13.0000,8
5059,506,26711,2.0000,9
5060,506,6190,19.0000,10
5061,507,6125,2.0000,1
5062,507,19892,12.0000,2
5063,507,16448,1.0000,3
5064,507,21258,2.0000,4
5065,507,1763,14.0000,5
5066,507,2351,3.0000,6
5067,507,14121,2.0000,7
5068,507,4535,5.0000,8
5069,507,2172,8.0000,9
5070,507,6264,3.0000,10
5071,508,2366,6.0000,1
5072,508,29026,12.0000,2
5073,508,17208,6.0000,3
5074,508,4390,7.0000,4
5075,508,13952,12.0000,5
5076,508,24209,16.0000,6
5077,508,12376,5.0000,7
5078,508,26005,20.0000,8
5079,508,26746,20.0000,9
5080,508,15387,10.0000,10
5081,509,28969,1.0000,1
5082,509,6669,9.0000,2
5083,509,2299,7.0000,3
5084,509,25072,13.0000,4
5085,509,6190,2.0000,5
5086,509,3570,9.0000,6
5087,509,19147,4.0000,7
5088,509,18858,6.0000,8
5089,509,5325,18.0000,9
5090,509,5092,16.0000,10
5091,510,24805,4.0000,1
5092,510,19043,10.0000,2
5093,510,22692,15.0000,3
5094,510,29827,3.0000,4
5095,510,536,4.0000,5
5096,510,12142,7.0000,6
5097,510,22047,15.0000,7
5098,510,18833,6.0000,8
5099,510,1339,2.0000,9
5100,510,27123,3.0000,10
5101,511,14713,17.0000,1
5102,511,27293,14.0000,2
5103,511,8579,5.0000,3
5104,511,25306,5.0000,4
5105,511,8894,20.0000,5
5106,511,28877,5.0000,6
5107,511,1445,8.0000,7
5108,511,7273,11.0000,8
5109,511,5684,4.0000,9
5110,511,15583,4.0000,10
5111,512,408,1.0000,1
5112,512,3336,3.0000,2
5113,512,2258,18.0000,3
5114,512,9534,19.0000,4
5115,512,2186,5.0000,5
5116,512,23962,16.0000,6
5117,512,24981,10.0000,7
5118,512,22800,11.0000,8
5119,512,11117,10.0000,9
5120,512,23723,17.0000,10
5121,513,1803,8.0000,1
5122,513,17031,5.0000,2
5123,513,20195,10.0000,3
5124,513,29832,14.0000,4
5125,513,13807,4.0000,5
5126,513,23981,8.0000,6
5127,513,5767,19.0000,7
5128,513,25365,12.0000,8
5129,513,16491,9.0000,9
5130,513,12864,5.0000,10
5131,514,19828,18.0000,1
5132,514,2721,5.0000,2
5133,514,15394,11.0000,3
5134,514,4515,9.0000,4
5135,514,25654,7.0000,5
5136,514,8377,7.0000,6
5137,514,13521,12.0000,7
5138,514,21403,11.0000,8
5139,514,16496,3.0000,9
5140,514,27907,16.0000,10
5141,515,14034,14.0000,1
5142,515,26525,2.0000,2
5143,515,4681,17.0000,3
5144,515,10934,15.0000,4
5145,515,24829,4.0000,5
5146,515,15785,10.0000,6
5147,515,22210,12.0000,7
5148,515,16338,11.0000,8
5149,515,3821,13.0000,9
5150,515,10882,10.0000,10
5151,516,16059,6.0000,1
5152,516,11608,17.0000,2
5153,516,25895,13.0000,3
5154,516,25649,20.0000,4
5155,516,25059,20.0000,5
5156,516,20657,18.0000,6
5157,516,25274,5.0000,7
5158,516,11459,8.0000,8
5159,516,27113,9.0000,9
5160,516,14621,3.0000,10
5161,517,9935,3.0000,1
5162,517,13309,4.0000,2
5163,517,1205,8.0000,3
5164,517,7965,20.0000,4
5165,517,4069,3.0000,5
5166,517,5063,19.0000,6
5167,517,9130,13.0000,7
5168,517,19311,2.0000,8
5169,517,19436,13.0000,9
5170,517,29763,1.0000,10
5171,518,28195,9.0000,1
5172,518,13330,20.0000,2
5173,518,17515,15.0000,3
5174,518,12773,7.0000,4
5175,518,27194,9.0000,5
5176,518,16454,4.0000,6
5177,518,7272,8.0000,7
5178,518,17067,2.0000,8
5179,518,26844,13.0000,9
5180,518,26786,2.0000,10
5181,519,20366,3.0000,1
5182,519,20075,16.0000,2
5183,519,5286,18.0000,3
5184,519,27112,6.0000,4
5185,519,28028,8.0000,5
5186,519,6543,20.0000,6
5187,519,5807,5.0000,7
5188,519,8318,16.0000,8
5189,519,26881,7.0000,9
5190,519,12573,16.0000,10
5191,520,11329,3.0000,1
5192,520,12405,12.0000,2
5193,520,13647,11.0000,3
5194,520,3745,2.0000,4
5195,520,25414,4.0000,5
5196,520,18677,6.0000,6
5197,520,4595,8.0000,7
5198,520,28301,4.0000,8
5199,520,20670,16.0000,9
5200,520,25732,20.0000,10
5201,521,23176,9.0000,1
5202,521,27115,9.0000,2
5203,521,3373,3.0000,3
5204,521,6831,3.0000,4
5205,521,24785,10.0000,5
5206,521,8393,2.0000,6
5207,521,15284,4.0000,7
5208,521,27191,16.0000,8
5209,521,26839,16.0000,9
5210,521,12966,11.0000,10
5211,522,3987,4.0000,1
5212,522,28655,8.0000,2
5213,522,26238,7.0000,3
5214,522,18551,13.0000,4
5215,522,12875,9.0000,5
5216,522,27819,19.0000,6
5217,522,21101,3.0000,7
5218,522,3338,19.0000,8
5219,522,12748,13.0000,9
5220,522,12677,20.0000,10
5221,523,23144,20.0000,1
5222,523,4616,3.0000,2
5223,523,19519,11.0000,3
5224,523,22829,18.0000,4
5225,523,18229,7.0000,5
5226,523,28743,3.0000,6
5227,523,494,16.0000,7
5228,523,29903,12.0000,8
5229,523,27934,4.0000,9
5230,523,18617,5.0000,10
5231,524,24701,3.0000,1
5232,524,8227,20.0000,2
5233,524,25338,17.0000,3
5234,524,24843,5.0000,4
5235,524,26879,14.0000,5
5236,524,14139,7.0000,6
5237,524,6696,20.0000,7
5238,524,3062,1.0000,8
5239,524,4757,4.0000,9
5240,524,23084,3.0000,10
5241,525,1586,15.0000,1
5242,525,15571,1.0000,2
5243,525,14115,20.0000,3
5244,525,13855,8.0000,4
5245,525,8822,18.0000,5
5246,525,26364,1.0000,6
5247,525,25129,13.0000,7
5248,525,22160,18.0000,8
5249,525,21676,16.0000,9
5250,525,25599,12.0000,10
5251,526,915,17.0000,1
5252,526,21068,12.0000,2
5253,526,19492,4.0000,3
5254,526,12378,13.0000,4
5255,526,7496,2.0000,5
5256,526,16537,18.0000,6
5257,526,15543,3.0000,7
5258,526,3906,13.0000,8
5259,526,8102,5.0000,9
5260,526,6878,16.0000,10
5261,527,52,8.0000,1
5262,527,26587,1.0000,2
5263,527,1102,5.0000,3
5264,527,4105,12.0000,4
5265,527,24340,4.0000,5
5266,527,18504,16.0000,6
5267,527,764,15.0000,7
5268,527,13892,5.0000,8
5269,527,3547,12.0000,9
5270,527,7057,7.0000,10
5271,528,9233,5.0000,1
5272,528,22802,20.0000,2
5273,528,7383,15.0000,3
5274,528,16917,10.0000,4
5275,528,23239,1.0000,5
5276,528,2936,14.0000,6
5277,528,21482,1.0000,7
5278,528,10149,4.0000,8
5279,528,28347,16.0000,9
5280,528,2068,18.0000,10
5281,529,14418,3.0000,1
5282,529,23758,18.0000,2
5283,529,1475,12.0000,3
5284,529,22135,14.0000,4
5285,529,16372,11.0000,5
5286,529,18415,17.0000,6
5287,529,28964,3.0000,7
5288,529,26056,20.0000,8
5289,529,25961,17.0000,9
5290,529,17582,1.0000,10
5291,530,22875,4.0000,1
5292,530,28509,12.0000,2
5293,530,19185,18.0000,3
5294,530,813,4.0000,4
5295,530,16246,14.0000,5
5296,530,15184,7.0000,6
5297,530,2981,6.0000,7
5298,530,14559,19.0000,8
5299,530,25877,9.0000,9
5300,530,10865,3.0000,10
5301,531,23577,16.0000,1
5302,531,21017,2.0000,2
5303,531,20495,9.0000,3
5304,531,14132,17.0000,4
5305,531,6255,13.0000,5
5306,531,15103,18.0000,6
5307,531,13700,9.0000,7
5308,531,2113,18.0000,8
5309,531,28017,14.0000,9
5310,531,16804,18.0000,10
5311,532,892,16.0000,1
5312,532,27377,1.0000,2
5313,532,22039,14.0000,3
5314,532,10933,9.0000,4
5315,532,23089,19.0000,5
5316,532,10826,20.0000,6
5317,532,27725,18.0000,7
5318,532,10735,4.0000,8
5319,532,8627,20.0000,9
5320,532,27150,15.0000,10
5321,533,19399,17.0000,1
5322,533,2184,11.0000,2
5323,533,21066,19.0000,3
5324,533,1287,20.0000,4
5325,533,4958,11.0000,5
5326,533,29894,15.0000,6
5327,533,23540,1.0000,7
5328,533,6918,6.0000,8
5329,533,21450,20.0000,9
5330,533,28919,17.0000,10
5331,534,16708,3.0000,1
5332,534,28273,6.0000,2
5333,534,23697,10.0000,3
5334,534,5515,5.0000,4
5335,534,28349,16.0000,5
5336,534,28295,19.0000,6
5337,534,28907,4.0000,7
5338,534,28217,13.0000,8
5339,534,21607,1.0000,9
5340,534,19875,12.0000,10
5341,535,10725,9.0000,1
5342,535,24461,3.0000,2
5343,535,7707,11.0000,3
5344,535,1707,7.0000,4
5345,535,13152,4.0000,5
5346,535,15350,20.0000,6
5347,535,17329,14.0000,7
5348,535,2303,20.0000,8
5349,535,22031,15.0000,9
5350,535,14731,4.0000,10
5351,536,550,3.0000,1
5352,536,8767,13.0000,2
5353,536,22378,2.0000,3
5354,536,1249,6.0000,4
5355,536,15212,4.0000,5
5356,536,4953,20.0000,6
5357,536,2749,5.0000,7
5358,536,24232,14.0000,8
5359,536,3305,8.0000,9
5360,536,8213,13.0000,10
5361,537,29710,11.0000,1
5362,537,11665,18.0000,2
5363,537,4092,9.0000,3
5364,537,9124,5.0000,4
5365,537,29028,15.0000,5
5366,537,28522,7.0000,6
5367,537,23186,12.0000,7
5368,537,9304,14.0000,8
5369,537,9618,15.0000,9
5370,537,14846,19.0000,10
5371,538,13384,18.0000,1
5372,538,24774,18.0000,2
5373,538,28918,14.0000,3
5374,538,20501,15.0000,4
5375,538,14119,6.0000,5
5376,538,20485,3.0000,6
5377,538,15522,12.0000,7
5378,538,11708,6.0000,8
5379,538,15803,15.0000,9
5380,538,3864,8.0000,10
5381,539,28375,1.0000,1
5382,539,3485,20.0000,2
5383,539,27719,4.0000,3
5384,539,4985,14.0000,4
5385,539,28083,11.0000,5
5386,539,25035,2.0000,6
5387,539,24320,16.0000,7
5388,539,24757,7.0000,8
5389,539,26671,16.0000,9
5390,539,29171,17.0000,10
5391,540,28272,15.0000,1
5392,540,22597,5.0000,2
5393,540,28234,18.0000,3
5394,540,3480,5.0000,4
5395,540,26489,9.0000,5
5396,540,18512,6.0000,6
5397,540,23991,15.0000,7
5398,540,173,20.0000,8
5399,540,8832,3.0000,9
5400,540,27563,1.0000,10
5401,541,10127,1.0000,1
5402,541,20837,2.0000,2
5403,541,10587,6.0000,3
5404,541,22064,8.0000,4
5405,541,15569,4.0000,5
5406,541,3970,7.0000,6
5407,541,3893,7.0000,7
5408,541,6887,13.0000,8
5409,541,1469,4.0000,9
5410,541,24514,2.0000,10
5411,542,3951,3.0000,1
5412,542,20515,8.0000,2
5413,542,22791,16.0000,3
5414,542,20384,6.0000,4
5415,542,18689,19.0000,5
5416,542,3885,2.0000,6
5417,542,18003,5.0000,7
5418,542,24359,3.0000,8
5419,542,29140,12.0000,9
5420,542,3874,13.0000,10
5421,543,21858,10.0000,1
5422,543,28001,11.0000,2
5423,543,19058,13.0000,3
5424,543,13665,8.0000,4
5425,543,16366,10.0000,5
5426,543,9245,8.0000,6
5427,543,15209,14.0000,7
5428,543,24578,9.0000,8
5429,543,15451,10.0000,9
5430,543,2,10.0000,10
5431,544,1686,7.0000,1
5432,544,19844,3.0000,2
5433,544,11613,18.0000,3
5434,544,4751,7.0000,4
5435,544,6997,8.0000,5
5436,544,10766,1.0000,6
5437,544,11824,8.0000,7
5438,544,28259,19.0000,8
5439,544,5029,12.0000,9
5440,544,25171,12.0000,10
5441,545,7872,18.0000,1
5442,545,4263,17.0000,2
5443,545,5925,3.0000,3
5444,545,3158,6.0000,4
5445,545,621,3.0000,5
5446,545,4957,15.0000,6
5447,545,6163,17.0000,7
5448,545,22181,17.0000,8
5449,545,16057,20.0000,9
5450,545,16050,14.0000,10
5451,546,11149,11.0000,1
5452,546,10151,18.0000,2
5453,546,28959,4.0000,3
5454,546,28261,1.0000,4
5455,546,18534,5.0000,5
5456,546,26602,1.0000,6
5457,546,21000,14.0000,7
5458,546,7199,4.0000,8
5459,546,28131,12.0000,9
5460,546,1039,15.0000,10
5461,547,22819,14.0000,1
5462,547,16311,12.0000,2
5463,547,15578,14.0000,3
5464,547,29519,5.0000,4
5465,547,28127,5.0000,5
5466,547,23326,10.0000,6
5467,547,26405,16.0000,7
5468,547,29799,19.0000,8
5469,547,3212,3.0000,9
5470,547,15581,7.0000,10
5471,548,8040,9.0000,1
5472,548,13480,14.0000,2
5473,548,16601,12.0000,3
5474,548,11362,13.0000,4
5475,548,21623,7.0000,5
5476,548,25785,12.0000,6
5477,548,4029,18.0000,7
5478,548,12465,17.0000,8
5479,548,3569,14.0000,9
5480,548,2105,20.0000,10
5481,549,12372,14.0000,1
5482,549,9857,3.0000,2
5483,549,9679,2.0000,3
5484,549,1330,17.0000,4
5485,549,17702,16.0000,5
5486,549,20774,14.0000,6
5487,549,15870,2.0000,7
5488,549,10773,12.0000,8
5489,549,4338,12.0000,9
5490,549,21931,4.0000,10
5491,550,8933,19.0000,1
5492,550,14658,16.0000,2
5493,550,16544,7.0000,3
5494,550,1461,14.0000,4
5495,550,24842,14.0000,5
5496,550,23106,15.0000,6
5497,550,6217,12.0000,7
5498,550,26619,18.0000,8
5499,550,4967,10.0000,9
5500,550,22403,10.0000,10
5501,551,24216,17.0000,1
5502,551,29116,11.0000,2
5503,551,20143,9.0000,3
5504,551,19005,17.0000,4
5505,551,9930,16.0000,5
5506,551,10827,2.0000,6
5507,551,28350,3.0000,7
5508,551,10430,3.0000,8
5509,551,16995,20.0000,9
5510,551,13271,19.0000,10
5511,552,3243,12.0000,1
5512,552,18542,15.0000,2
5513,552,20925,10.0000,3
5514,552,1502,7.0000,4
5515,552,24990,19.0000,5
5516,552,15362,18.0000,6
5517,552,10776,19.0000,7
5518,552,15940,2.0000,8
5519,552,2029,6.0000,9
5520,552,11643,5.0000,10
5521,553,16935,1.0000,1
5522,553,1462,4.0000,2
5523,553,12312,9.0000,3
5524,553,25716,4.0000,4
5525,553,20866,5.0000,5
5526,553,5075,13.0000,6
5527,553,812,5.0000,7
5528,553,27815,20.0000,8
5529,553,10134,15.0000,9
5530,553,20126,16.0000,10
5531,554,835,2.0000,1
5532,554,19050,8.0000,2
5533,554,10683,2.0000,3
5534,554,29215,1.0000,4
5535,554,19039,4.0000,5
5536,554,7113,15.0000,6
5537,554,10168,13.0000,7
5538,554,7927,7.0000,8
5539,554,6685,18.0000,9
5540,554,5589,2.0000,10
5541,555,23983,10.0000,1
5542,555,16710,19.0000,2
5543,555,17213,19.0000,3
5544,555,630,4.0000,4
5545,555,9617,14.0000,5
5546,555,9876,12.0000,6
5547,555,12457,9.0000,7
5548,555,8598,18.0000,8
5549,555,2615,19.0000,9
5550,555,19868,19.0000,10
5551,556,4477,3.0000,1
5552,556,19124,16.0000,2
5553,556,6716,12.0000,3
5554,556,6186,18.0000,4
5555,556,12642,5.0000,5
5556,556,23772,2.0000,6
5557,556,4658,4.0000,7
5558,556,28197,14.0000,8
5559,556,19736,11.0000,9
5560,556,5405,13.0000,10
5561,557,20309,5.0000,1
5562,557,12868,6.0000,2
5563,557,22502,9.0000,3
5564,557,18109,14.0000,4
5565,557,19636,19.0000,5
5566,557,1498,10.0000,6
5567,557,12951,13.0000,7
5568,557,13377,13.0000,8
5569,557,8377,8.0000,9
5570,557,11905,6.0000,10
5571,558,12743,7.0000,1
5572,558,10415,3.0000,2
5573,558,22427,19.0000,3
5574,558,21028,3.0000,4
5575,558,3869,16.0000,5
5576,558,10133,2.0000,6
5577,558,9119,18.0000,7
5578,558,14242,12.0000,8
5579,558,2824,9.0000,9
5580,558,10472,1.0000,10
5581,559,92,12.0000,1
5582,559,6161,19.0000,2
5583,559,29182,16.0000,3
5584,559,14214,3.0000,4
5585,559,13696,3.0000,5
5586,559,25631,9.0000,6
5587,559,5300,14.0000,7
5588,559,562,8.0000,8
5589,559,5140,18.0000,9
5590,559,5204,12.0000,10
5591,560,6287,3.0000,1
5592,560,14849,6.0000,2
5593,560,7511,12.0000,3
5594,560,3095,5.0000,4
5595,560,14076,1.0000,5
5596,560,24919,17.0000,6
5597,560,24378,11.0000,7
5598,560,23697,8.0000,8
5599,560,9287,13.0000,9
5600,560,27352,10.0000,10
5601,561,14311,19.0000,1
5602,561,14166,1.0000,2
5603,561,3357,17.0000,3
5604,561,17699,7.0000,4
5605,561,19970,4.0000,5
5606,561,11242,2.0000,6
5607,561,21685,14.0000,7
5608,561,22166,11.0000,8
5609,561,21684,7.0000,9
5610,561,8143,3.0000,10
5611,562,2290,18.0000,1
5612,562,26792,8.0000,2
5613,562,6632,19.0000,3
5614,562,28678,19.0000,4
5615,562,11776,10.0000,5
5616,562,12487,5.0000,6
5617,562,25594,5.0000,7
5618,562,8755,17.0000,8
5619,562,16722,11.0000,9
5620,562,2958,2.0000,10
5621,563,3203,1.0000,1
5622,563,22756,11.0000,2
5623,563,12869,20.0000,3
5624,563,15318,2.0000,4
5625,563,21603,4.0000,5
5626,563,7114,19.0000,6
5627,563,16501,7.0000,7
5628,563,2530,11.0000,8
5629,563,4724,20.0000,9
5630,563,17829,10.0000,10
5631,564,20628,6.0000,1
5632,564,17014,3.0000,2
5633,564,8484,18.0000,3
5634,564,27387,9.0000,4
5635,564,3744,2.0000,5
5636,564,12187,2.0000,6
5637,564,20144,6.0000,7
5638,564,13934,11.0000,8
5639,564,24250,17.0000,9
5640,564,6733,4.0000,10
5641,565,10378,19.0000,1
5642,565,14261,7.0000,2
5643,565,18944,9.0000,3
5644,565,4292,1.0000,4
5645,565,23966,6.0000,5
5646,565,11363,2.0000,6
5647,565,22009,12.0000,7
5648,565,27486,11.0000,8
5649,565,26231,1.0000,9
5650,565,14048,6.0000,10
5651,566,3257,1.0000,1
5652,566,26946,10.0000,2
5653,566,29437,15.0000,3
5654,566,11088,13.0000,4
5655,566,23340,19.0000,5
5656,566,15544,18.0000,6
5657,566,10849,6.0000,7
5658,566,9036,18.0000,8
5659,566,10618,10.0000,9
5660,566,14739,13.0000,10
5661,567,6257,3.0000,1
5662,567,19016,12.0000,2
5663,567,23219,6.0000,3
5664,567,18290,4.0000,4
5665,567,21777,18.0000,5
5666,567,5938,9.0000,6
5667,567,10684,11.0000,7
5668,567,18897,16.0000,8
5669,567,4312,13.0000,9
5670,567,16183,4.0000,10
5671,568,19239,9.0000,1
5672,568,24812,10.0000,2
5673,568,18738,10.0000,3
5674,568,5055,10.0000,4
5675,568,6199,13.0000,5
5676,568,24686,7.0000,6
5677,568,27248,5.0000,7
5678,568,2759,9.0000,8
5679,568,431,11.0000,9
5680,568,27306,15.0000,10
5681,569,8802,10.0000,1
5682,569,24408,1.0000,2
5683,569,11185,20.0000,3
5684,569,24614,4.0000,4
5685,569,10973,3.0000,5
5686,569,25269,17.0000,6
5687,569,4589,2.0000,7
5688,569,10151,19.0000,8
5689,569,15289,12.0000,9
5690,569,2376,10.0000,10
5691,570,1921,20.0000,1
5692,570,24765,7.0000,2
5693,570,13737,13.0000,3
5694,570,5738,9.0000,4
5695,570,29933,18.0000,5
5696,570,20759,19.0000,6
5697,570,11861,4.0000,7
5698,570,24306,14.0000,8
5699,570,21920,10.0000,9
5700,570,8907,8.0000,10
5701,571,3615,6.0000,1
5702,571,3409,4.0000,2
5703,571,28487,14.0000,3
5704,571,22895,19.0000,4
5705,571,2287,3.0000,5
5706,571,6214,20.0000,6
5707,571,28128,18.0000,7
5708,571,577,9.0000,8
5709,571,12557,6.0000,9
5710,571,6427,4.0000,10
5711,572,1422,13.0000,1
5712,572,5633,17.0000,2
5713,572,25197,10.0000,3
5714,572,22583,9.0000,4
5715,572,18724,6.0000,5
5716,572,15018,4.0000,6
5717,572,5840,15.0000,7
5718,572,12543,2.0000,8
5719,572,19655,17.0000,9
5720,572,9298,14.0000,10
5721,573,15827,12.0000,1
5722,573,29401,13.0000,2
5723,573,22722,6.0000,3
5724,573,18289,16.0000,4
5725,573,14647,15.0000,5
5726,573,14847,13.0000,6
5727,573,26733,11.0000,7
5728,573,11392,2.0000,8
5729,573,14026,19.0000,9
5730,573,14673,17.0000,10
5731,574,20819,14.0000,1
5732,574,6918,6.0000,2
5733,574,23292,12.0000,3
5734,574,2596,13.0000,4
5735,574,24519,1.0000,5
5736,574,22096,1.0000,6
5737,574,14055,5.0000,7
5738,574,24035,1.0000,8
5739,574,26115,17.0000,9
5740,574,29673,4.0000,10
5741,575,11314,10.0000,1
5742,575,24616,7.0000,2
5743,575,20560,13.0000,3
5744,575,26163,16.0000,4
5745,575,25332,17.0000,5
5746,575,7559,7.0000,6
5747,575,16186,1.0000,7
5748,575,7307,3.0000,8
5749,575,22186,6.0000,9
5750,575,11576,17.0000,10
5751,576,15129,18.0000,1
5752,576,27200,18.0000,2
5753,576,15848,20.0000,3
5754,576,28738,5.0000,4
5755,576,5400,16.0000,5
5756,576,10269,20.0000,6
5757,576,8767,18.0000,7
5758,576,11023,16.0000,8
5759,576,24889,19.0000,9
5760,576,17661,2.0000,10
5761,577,8732,3.0000,1
5762,577,18390,17.0000,2
5763,577,11704,7.0000,3
5764,577,9996,11.0000,4
5765,577,29451,16.0000,5
5766,577,16502,19.0000,6
5767,577,917,8.0000,7
5768,577,6718,16.0000,8
5769,577,14233,9.0000,9
5770,577,1801,5.0000,10
5771,578,19722,7.0000,1
5772,578,8841,7.0000,2
5773,578,7561,13.0000,3
5774,578,6748,2.0000,4
5775,578,11835,2.0000,5
5776,578,14516,16.0000,6
5777,578,20346,17.0000,7
5778,578,3279,4.0000,8
5779,578,14449,8.0000,9
5780,578,26551,16.0000,10
5781,579,15900,14.0000,1
5782,579,25739,12.0000,2
5783,579,27187,20.0000,3
5784,579,7401,12.0000,4
5785,579,10149,10.0000,5
5786,579,20987,2.0000,6
5787,579,12782,3.0000,7
5788,579,23905,12.0000,8
5789,579,8977,4.0000,9
5790,579,17083,20.0000,10
5791,580,11102,18.0000,1
5792,580,5701,1.0000,2
5793,580,6055,10.0000,3
5794,580,23573,15.0000,4
5795,580,5104,13.0000,5
5796,580,4728,7.0000,6
5797,580,13911,9.0000,7
5798,580,13531,8.0000,8
5799,580,4512,2.0000,9
5800,580,14395,1.0000,10
5801,581,18509,5.0000,1
5802,581,29868,2.0000,2
5803,581,13602,20.0000,3
5804,581,27250,10.0000,4
5805,581,23576,14.0000,5
5806,581,15987,5.0000,6
5807,581,15329,3.0000,7
5808,581,23762,20.0000,8
5809,581,17530,2.0000,9
5810,581,26955,18.0000,10
5811,582,5087,13.0000,1
5812,582,28585,17.0000,2
5813,582,21112,13.0000,3
5814,582,12425,19.0000,4
5815,582,29926,7.0000,5
5816,582,19884,3.0000,6
5817,582,7170,4.0000,7
5818,582,3012,14.0000,8
5819,582,14854,13.0000,9
5820,582,19655,5.0000,10
5821,583,4955,20.0000,1
5822,583,14360,14.0000,2
5823,583,2295,9.0000,3
5824,583,23971,15.0000,4
5825,583,18806,9.0000,5
5826,583,16947,14.0000,6
5827,583,2120,13.0000,7
5828,583,10619,14.0000,8
5829,583,8398,3.0000,9
5830,583,16742,1.0000,10
5831,584,3333,18.0000,1
5832,584,24852,5.0000,2
5833,584,25096,1.0000,3
5834,584,28404,11.0000,4
5835,584,4439,8.0000,5
5836,584,4898,7.0000,6
5837,584,13682,3.0000,7
5838,584,23955,5.0000,8
5839,584,21192,13.0000,9
5840,584,23618,14.0000,10
5841,585,29188,14.0000,1
5842,585,11745,15.0000,2
5843,585,3413,13.0000,3
5844,585,6616,6.0000,4
5845,585,21466,14.0000,5
5846,585,2758,6.0000,6
5847,585,10202,18.0000,7
5848,585,16249,6.0000,8
5849,585,9201,6.0000,9
5850,585,14316,13.0000,10
5851,586,9023,1.0000,1
5852,586,2899,9.0000,2
5853,586,15489,19.0000,3
5854,586,8667,3.0000,4
5855,586,9711,17.0000,5
5856,586,16966,17.0000,6
5857,586,25371,10.0000,7
5858,586,5225,15.0000,8
5859,586,29682,14.0000,9
5860,586,27069,3.0000,10
5861,587,21455,11.0000,1
5862,587,821,7.0000,2
5863,587,18243,12.0000,3
5864,587,19288,15.0000,4
5865,587,17215,5.0000,5
5866,587,20557,8.0000,6
5867,587,21776,18.0000,7
5868,587,23241,8.0000,8
5869,587,16697,1.0000,9
5870,587,525,2.0000,10
5871,588,19245,2.0000,1
5872,588,21990,13.0000,2
5873,588,4309,8.0000,3
5874,588,16130,8.0000,4
5875,588,13374,13.0000,5
5876,588,29320,20.0000,6
5877,588,1777,16.0000,7
5878,588,708,13.0000,8
5879,588,24839,6.0000,9
5880,588,26032,15.0000,10
5881,589,21123,15.0000,1
5882,589,5798,15.0000,2
5883,589,7693,11.0000,3
5884,589,1450,7.0000,4
5885,589,20429,20.0000,5
5886,589,20989,10.0000,6
5887,589,23574,9.0000,7
5888,589,7516,8.0000,8
5889,589,22551,11.0000,9
5890,589,23902,15.0000,10
5891,590,21554,8.0000,1
5892,590,8121,14.0000,2
5893,590,25410,18.0000,3
5894,590,22575,17.0000,4
5895,590,20510,4.0000,5
5896,590,24874,10.0000,6
5897,590,22006,5.0000,7
5898,590,29372,17.0000,8
5899,590,29625,6.0000,9
5900,590,9247,15.0000,10
5901,591,11080,13.0000,1
5902,591,20222,8.0000,2
5903,591,19618,18.0000,3
5904,591,25422,3.0000,4
5905,591,22600,17.0000,5
5906,591,15885,2.0000,6
5907,591,8167,2.0000,7
5908,591,19990,14.0000,8
5909,591,28815,14.0000,9
5910,591,18523,7.0000,10
5911,592,14869,5.0000,1
5912,592,22362,17.0000,2
5913,592,28108,12.0000,3
5914,592,10757,7.0000,4
5915,592,14190,5.0000,5
5916,592,12691,10.0000,6
5917,592,11414,14.0000,7
5918,592,28333,8.0000,8
5919,592,2873,3.0000,9
5920,592,7320,19.0000,10
5921,593,29527,16.0000,1
5922,593,1698,5.0000,2
5923,593,29501,19.0000,3
5924,593,15520,6.0000,4
5925,593,1291,16.0000,5
5926,593,11026,1.0000,6
5927,593,15,7.0000,7
5928,593,26055,12.0000,8
5929,593,14138,3.0000,9
5930,593,25747,4.0000,10
5931,594,29944,10.0000,1
5932,594,17846,18.0000,2
5933,594,14354,9.0000,3
5934,594,25122,8.0000,4
5935,594,21324,1.0000,5
5936,594,277,19.0000,6
5937,594,20509,17.0000,7
5938,594,20536,15.0000,8
5939,594,1778,5.0000,9
5940,594,5327,5.0000,10
5941,595,15779,17.0000,1
5942,595,17607,11.0000,2
5943,595,19987,7.0000,3
5944,595,10461,3.0000,4
5945,595,18773,9.0000,5
5946,595,12465,7.0000,6
5947,595,29812,20.0000,7
5948,595,29697,13.0000,8
5949,595,4601,4.0000,9
5950,595,51,18.0000,10
5951,596,20253,17.0000,1
5952,596,22439,3.0000,2
5953,596,25109,14.0000,3
5954,596,28804,7.0000,4
5955,596,23224,17.0000,5
5956,596,26557,11.0000,6
5957,596,19681,19.0000,7
5958,596,25838,17.0000,8
5959,596,10871,19.0000,9
5960,596,7965,19.0000,10
5961,597,9189,18.0000,1
5962,597,29283,4.0000,2
5963,597,1526,18.0000,3
5964,597,2762,12.0000,4
5965,597,5967,12.0000,5
5966,597,15844,1.0000,6
5967,597,2108,2.0000,7
5968,597,20192,2.0000,8
5969,597,21483,16.0000,9
5970,597,11791,16.0000,10
5971,598,881,12.0000,1
5972,598,22474,15.0000,2
5973,598,12229,14.0000,3
5974,598,10705,18.0000,4
5975,598,29678,4.0000,5
5976,598,12118,3.0000,6
5977,598,6569,14.0000,7
5978,598,787,14.0000,8
5979,598,23514,13.0000,9
5980,598,3319,18.0000,10
5981,599,13069,18.0000,1
5982,599,12586,8.0000,2
5983,599,27283,1.0000,3
5984,599,29900,5.0000,4
5985,599,6689,14.0000,5
5986,599,9769,20.0000,6
5987,599,26897,8.0000,7
5988,599,21599,17.0000,8
5989,599,13519,8.0000,9
5990,599,12820,2.0000,10
5991,600,27442,10.0000,1
5992,600,24846,18.0000,2
5993,600,19268,14.0000,3
5994,600,2770,8.0000,4
5995,600,26051,4.0000,5
5996,600,28966,18.0000,6
5997,600,23398,15.0000,7
5998,600,20035,19.0000,8
5999,600,14506,3.0000,9
6000,600,9765,6.0000,10
6001,601,9697,18.0000,1
6002,601,25761,6.0000,2
6003,601,9589,14.0000,3
6004,601,16946,16.0000,4
6005,601,24384,7.0000,5
6006,601,5576,15.0000,6
6007,601,5147,10.0000,7
6008,601,4620,9.0000,8
6009,601,17279,18.0000,9
6010,601,8317,17.0000,10
6011,602,27222,15.0000,1
6012,602,22192,16.0000,2
6013,602,13725,4.0000,3
6014,602,25778,19.0000,4
6015,602,6155,18.0000,5
6016,602,22183,15.0000,6
6017,602,5659,3.0000,7
6018,602,26514,8.0000,8
6019,602,26951,13.0000,9
6020,602,4047,2.0000,10
6021,603,15206,4.0000,1
6022,603,24887,20.0000,2
6023,603,24461,10.0000,3
6024,603,18579,1.0000,4
6025,603,2379,9.0000,5
6026,603,16086,14.0000,6
6027,603,4527,3.0000,7
6028,603,23415,10.0000,8
6029,603,16584,8.0000,9
6030,603,5712,15.0000,10
6031,604,9198,10.0000,1
6032,604,24502,12.0000,2
6033,604,13060,13.0000,3
6034,604,23545,2.0000,4
6035,604,25075,2.0000,5
6036,604,14694,6.0000,6
6037,604,4765,16.0000,7
6038,604,16960,11.0000,8
6039,604,25230,14.0000,9
6040,604,10513,8.0000,10
6041,605,10284,11.0000,1
6042,605,10406,10.0000,2
6043,605,26410,3.0000,3
6044,605,1556,1.0000,4
6045,605,6624,4.0000,5
6046,605,16466,8.0000,6
6047,605,6466,16.0000,7
6048,605,7099,9.0000,8
6049,605,12066,10.0000,9
6050,605,3307,7.0000,10
6051,606,19074,5.0000,1
6052,606,21520,1.0000,2
6053,606,23256,8.0000,3
6054,606,23909,7.0000,4
6055,606,22968,7.0000,5
6056,606,17034,19.0000,6
6057,606,2959,19.0000,7
6058,606,27505,5.0000,8
6059,606,11816,12.0000,9
6060,606,19038,15.0000,10
6061,607,20483,17.0000,1
6062,607,17075,15.0000,2
6063,607,6874,1.0000,3
6064,607,27306,18.0000,4
6065,607,19180,16.0000,5
6066,607,25325,16.0000,6
6067,607,7284,15.0000,7
6068,607,3109,2.0000,8
6069,607,4437,17.0000,9
6070,607,27479,8.0000,10
6071,608,24286,16.0000,1
6072,608,28151,12.0000,2
6073,608,24003,6.0000,3
6074,608,26800,17.0000,4
6075,608,6535,20.0000,5
6076,608,10911,3.0000,6
6077,608,3745,8.0000,7
6078,608,14373,11.0000,8
6079,608,5603,17.0000,9
6080,608,28459,2.0000,10
6081,609,15555,1.0000,1
6082,609,14251,15.0000,2
6083,609,8481,13.0000,3
6084,609,24088,19.0000,4
6085,609,17140,6.0000,5
6086,609,9878,12.0000,6
6087,609,26226,14.0000,7
6088,609,15278,20.0000,8
6089,609,19126,18.0000,9
6090,609,11994,11.0000,10
6091,610,975,3.0000,1
6092,610,18031,16.0000,2
6093,610,24708,20.0000,3
6094,610,27600,13.0000,4
6095,610,18972,5.0000,5
6096,610,24672,6.0000,6
6097,610,24428,10.0000,7
6098,610,14930,13.0000,8
6099,610,9839,19.0000,9
6100,610,3304,5.0000,10
6101,611,3412,14.0000,1
6102,611,8437,18.0000,2
6103,611,17621,3.0000,3
6104,611,22845,15.0000,4
6105,611,22654,6.0000,5
6106,611,29857,7.0000,6
6107,611,16002,14.0000,7
6108,611,10763,4.0000,8
6109,611,4225,6.0000,9
6110,611,15408,3.0000,10
6111,612,10389,19.0000,1
6112,612,21524,18.0000,2
6113,612,350,3.0000,3
6114,612,23964,14.0000,4
6115,612,9162,9.0000,5
6116,612,29942,11.0000,6
6117,612,28760,9.0000,7
6118,612,19885,11.0000,8
6119,612,14338,15.0000,9
6120,612,23303,16.0000,10
6121,613,23130,4.0000,1
6122,613,6530,15.0000,2
6123,613,27556,11.0000,3
6124,613,21875,2.0000,4
6125,613,23257,13.0000,5
6126,613,25832,18.0000,6
6127,613,442,8.0000,7
6128,613,23198,14.0000,8
6129,613,11378,6.0000,9
6130,613,1841,5.0000,10
6131,614,19706,9.0000,1
6132,614,25456,18.0000,2
6133,614,15831,13.0000,3
6134,614,22413,8.0000,4
6135,614,11194,6.0000,5
6136,614,29202,1.0000,6
6137,614,9871,14.0000,7
6138,614,19698,13.0000,8
6139,614,26625,19.0000,9
6140,614,17785,15.0000,10
6141,615,21503,8.0000,1
6142,615,561,6.0000,2
6143,615,8839,13.0000,3
6144,615,17267,2.0000,4
6145,615,24090,19.0000,5
6146,615,12721,1.0000,6
6147,615,2224,5.0000,7
6148,615,9192,11.0000,8
6149,615,8164,3.0000,9
6150,615,9210,6.0000,10
6151,616,12843,6.0000,1
6152,616,18098,4.0000,2
6153,616,15415,9.0000,3
6154,616,24351,14.0000,4
6155,616,13185,1.0000,5
6156,616,4584,6.0000,6
6157,616,22174,9.0000,7
6158,616,3578,4.0000,8
6159,616,27118,3.0000,9
6160,616,4099,1.0000,10
6161,617,23887,3.0000,1
6162,617,9966,12.0000,2
6163,617,12616,1.0000,3
6164,617,10901,6.0000,4
6165,617,5105,7.0000,5
6166,617,1023,13.0000,6
6167,617,23996,15.0000,7
6168,617,21466,9.0000,8
6169,617,27972,14.0000,9
6170,617,7270,13.0000,10
6171,618,5850,16.0000,1
6172,618,7800,19.0000,2
6173,618,6190,15.0000,3
6174,618,16452,12.0000,4
6175,618,15394,1.0000,5
6176,618,9379,5.0000,6
6177,618,8131,19.0000,7
6178,618,7008,13.0000,8
6179,618,11854,19.0000,9
6180,618,2563,15.0000,10
6181,619,24934,1.0000,1
6182,619,27843,2.0000,2
6183,619,28561,1.0000,3
6184,619,9753,2.0000,4
6185,619,20551,13.0000,5
6186,619,1003,15.0000,6
6187,619,25962,7.0000,7
6188,619,8904,14.0000,8
6189,619,12107,19.0000,9
6190,619,21343,19.0000,10
6191,620,28755,10.0000,1
6192,620,23943,4.0000,2
6193,620,20406,1.0000,3
6194,620,29153,14.0000,4
6195,620,1687,15.0000,5
6196,620,22695,16.0000,6
6197,620,9662,18.0000,7
6198,620,13348,8.0000,8
6199,620,9242,11.0000,9
6200,620,22016,11.0000,10
6201,621,2932,2.0000,1
6202,621,4179,20.0000,2
6203,621,26788,6.0000,3
6204,621,17693,4.0000,4
6205,621,1179,2.0000,5
6206,621,22647,8.0000,6
6207,621,20267,4.0000,7
6208,621,23833,19.0000,8
6209,621,20905,11.0000,9
6210,621,18433,14.0000,10
6211,622,10276,15.0000,1
6212,622,22351,14.0000,2
6213,622,11168,7.0000,3
6214,622,9292,5.0000,4
6215,622,21467,14.0000,5
6216,622,21550,7.0000,6
6217,622,23544,20.0000,7
6218,622,29881,11.0000,8
6219,622,19760,19.0000,9
6220,622,21060,4.0000,10
6221,623,15037,14.0000,1
6222,623,16693,4.0000,2
6223,623,22534,14.0000,3
6224,623,13411,14.0000,4
6225,623,15192,16.0000,5
6226,623,13463,20.0000,6
6227,623,28879,11.0000,7
6228,623,16084,17.0000,8
6229,623,12335,16.0000,9
6230,623,25936,6.0000,10
6231,624,8225,6.0000,1
6232,624,6561,19.0000,2
6233,624,2144,13.0000,3
6234,624,23583,10.0000,4
6235,624,23623,20.0000,5
6236,624,2906,6.0000,6
6237,624,23126,10.0000,7
6238,624,25773,4.0000,8
6239,624,12460,4.0000,9
6240,624,8544,11.0000,10
6241,625,2120,19.0000,1
6242,625,6054,12.0000,2
6243,625,21595,14.0000,3
6244,625,8126,18.0000,4
6245,625,185,11.0000,5
6246,625,3730,10.0000,6
6247,625,23196,5.0000,7
6248,625,15082,13.0000,8
6249,625,29624,7.0000,9
6250,625,26644,11.0000,10
6251,626,13254,17.0000,1
6252,626,3233,17.0000,2
6253,626,20302,11.0000,3
6254,626,7805,5.0000,4
6255,626,12485,17.0000,5
6256,626,8293,1.0000,6
6257,626,22263,19.0000,7
6258,626,4211,3.0000,8
6259,626,3350,2.0000,9
6260,626,6232,17.0000,10
6261,627,13120,11.0000,1
6262,627,12521,4.0000,2
6263,627,28038,7.0000,3
6264,627,16373,3.0000,4
6265,627,13802,5.0000,5
6266,627,23674,19.0000,6
6267,627,439,2.0000,7
6268,627,35,8.0000,8
6269,627,16595,5.0000,9
6270,627,20346,5.0000,10
6271,628,17002,12.0000,1
6272,628,20061,15.0000,2
6273,628,10053,10.0000,3
6274,628,26289,5.0000,4
6275,628,639,10.0000,5
6276,628,12752,8.0000,6
6277,628,19013,17.0000,7
6278,628,9847,10.0000,8
6279,628,20749,5.0000,9
6280,628,12495,1.0000,10
6281,629,28890,14.0000,1
6282,629,1873,15.0000,2
6283,629,7454,5.0000,3
6284,629,13498,20.0000,4
6285,629,6998,13.0000,5
6286,629,26938,17.0000,6
6287,629,25596,3.0000,7
6288,629,26906,3.0000,8
6289,629,14213,11.0000,9
6290,629,28741,10.0000,10
6291,630,6143,5.0000,1
6292,630,29508,6.0000,2
6293,630,23668,19.0000,3
6294,630,18666,16.0000,4
6295,630,10087,13.0000,5
6296,630,13638,15.0000,6
6297,630,12746,4.0000,7
6298,630,7571,8.0000,8
6299,630,15991,3.0000,9
6300,630,11538,20.0000,10
6301,631,13371,5.0000,1
6302,631,21117,9.0000,2
6303,631,25680,12.0000,3
6304,631,19793,16.0000,4
6305,631,5483,11.0000,5
6306,631,7784,9.0000,6
6307,631,27251,13.0000,7
6308,631,13031,16.0000,8
6309,631,13502,19.0000,9
6310,631,17380,12.0000,10
6311,632,6884,16.0000,1
6312,632,16515,13.0000,2
6313,632,24605,11.0000,3
6314,632,11373,8.0000,4
6315,632,7642,16.0000,5
6316,632,15784,20.0000,6
6317,632,21647,10.0000,7
6318,632,4492,18.0000,8
6319,632,12376,15.0000,9
6320,632,26518,15.0000,10
6321,633,20011,1.0000,1
6322,633,4878,18.0000,2
6323,633,320,19.0000,3
6324,633,10786,13.0000,4
6325,633,18721,12.0000,5
6326,633,4006,16.0000,6
6327,633,7551,9.0000,7
6328,633,24411,7.0000,8
6329,633,28010,13.0000,9
6330,633,27461,1.0000,10
6331,634,23587,15.0000,1
6332,634,2942,15.0000,2
6333,634,23446,19.0000,3
6334,634,12243,5.0000,4
6335,634,1956,19.0000,5
6336,634,580,13.0000,6
6337,634,16444,9.0000,7
6338,634,21224,6.0000,8
6339,634,19786,3.0000,9
6340,634,16589,8.0000,10
6341,635,195,15.0000,1
6342,635,8916,1.0000,2
6343,635,28577,9.0000,3
6344,635,29979,17.0000,4
6345,635,21481,4.0000,5
6346,635,1509,17.0000,6
6347,635,14904,19.0000,7
6348,635,14656,3.0000,8
6349,635,3360,15.0000,9
6350,635,7132,14.0000,10
6351,636,29721,2.0000,1
6352,636,10393,2.0000,2
6353,636,29609,13.0000,3
6354,636,19886,11.0000,4
6355,636,20620,12.0000,5
6356,636,21846,11.0000,6
6357,636,22262,19.0000,7
6358,636,5097,10.0000,8
6359,636,17582,11.0000,9
6360,636,10311,2.0000,10
6361,637,23924,10.0000,1
6362,637,18392,8.0000,2
6363,637,19661,4.0000,3
6364,637,6495,20.0000,4
6365,637,27040,18.0000,5
6366,637,27208,4.0000,6
6367,637,23550,5.0000,7
6368,637,12867,1.0000,8
6369,637,19093,5.0000,9
6370,637,20509,8.0000,10
6371,638,18362,7.0000,1
6372,638,13433,12.0000,2
6373,638,28482,11.0000,3
6374,638,7551,5.0000,4
6375,638,12898,13.0000,5
6376,638,12223,7.0000,6
6377,638,24243,3.0000,7
6378,638,5411,9.0000,8
6379,638,11745,18.0000,9
6380,638,26959,8.0000,10
6381,639,9939,4.0000,1
6382,639,22096,2.0000,2
6383,639,12404,13.0000,3
6384,639,13913,7.0000,4
6385,639,26978,11.0000,5
6386,639,14704,18.0000,6
6387,639,10552,18.0000,7
6388,639,19601,16.0000,8
6389,639,22657,9.0000,9
6390,639,28467,19.0000,10
6391,640,8293,15.0000,1
6392,640,6326,1.0000,2
6393,640,25203,5.0000,3
6394,640,18810,5.0000,4
6395,640,25048,5.0000,5
6396,640,13994,16.0000,6
6397,640,9164,6.0000,7
6398,640,29101,8.0000,8
6399,640,28513,15.0000,9
6400,640,10962,7.0000,10
6401,641,9081,20.0000,1
6402,641,8071,20.0000,2
6403,641,21093,2.0000,3
6404,641,27540,10.0000,4
6405,641,22731,10.0000,5
6406,641,14077,5.0000,6
6407,641,2602,7.0000,7
6408,641,25234,5.0000,8
6409,641,26120,4.0000,9
6410,641,27920,11.0000,10
6411,642,4968,10.0000,1
6412,642,491,16.0000,2
6413,642,22138,10.0000,3
6414,642,10124,5.0000,4
6415,642,773,1.0000,5
6416,642,15880,19.0000,6
6417,642,28351,18.0000,7
6418,642,17195,7.0000,8
6419,642,29793,5.0000,9
6420,642,16039,19.0000,10
6421,643,25392,16.0000,1
6422,643,18216,3.0000,2
6423,643,4550,8.0000,3
6424,643,25964,10.0000,4
6425,643,1627,20.0000,5
6426,643,11991,3.0000,6
6427,643,17628,9.0000,7
6428,643,16294,10.0000,8
6429,643,13874,16.0000,9
6430,643,10512,12.0000,10
6431,644,7484,19.0000,1
6432,644,10598,7.0000,2
6433,644,13023,14.0000,3
6434,644,17711,8.0000,4
6435,644,8572,20.0000,5
6436,644,464,8.0000,6
6437,644,8868,18.0000,7
6438,644,2197,10.0000,8
6439,644,19606,8.0000,9
6440,644,10372,11.0000,10
6441,645,22101,8.0000,1
6442,645,10735,3.0000,2
6443,645,19969,7.0000,3
6444,645,8277,18.0000,4
6445,645,9652,7.0000,5
6446,645,7558,4.0000,6
6447,645,15017,6.0000,7
6448,645,14353,14.0000,8
6449,645,21517,16.0000,9
6450,645,11842,20.0000,10
6451,646,22460,4.0000,1
6452,646,9896,1.0000,2
6453,646,21362,10.0000,3
6454,646,29121,18.0000,4
6455,646,25699,19.0000,5
6456,646,11611,2.0000,6
6457,646,5732,10.0000,7
6458,646,17832,15.0000,8
6459,646,9119,4.0000,9
6460,646,536,6.0000,10
6461,647,20867,13.0000,1
6462,647,19236,5.0000,2
6463,647,24311,20.0000,3
6464,647,20333,14.0000,4
6465,647,7897,9.0000,5
6466,647,15361,13.0000,6
6467,647,25505,18.0000,7
6468,647,12561,17.0000,8
6469,647,13280,17.0000,9
6470,647,706,20.0000,10
6471,648,7721,2.0000,1
6472,648,17558,20.0000,2
6473,648,29449,11.0000,3
6474,648,22072,10.0000,4
6475,648,23992,12.0000,5
6476,648,17444,16.0000,6
6477,648,16290,17.0000,7
6478,648,14502,20.0000,8
6479,648,27942,3.0000,9
6480,648,817,18.0000,10
6481,649,17495,7.0000,1
6482,649,13326,19.0000,2
6483,649,5211,5.0000,3
6484,649,28669,7.0000,4
6485,649,2116,14.0000,5
6486,649,24703,8.0000,6
6487,649,28459,6.0000,7
6488,649,4918,8.0000,8
6489,649,28536,15.0000,9
6490,649,23145,12.0000,10
6491,650,11397,2.0000,1
6492,650,21361,13.0000,2
6493,650,16519,17.0000,3
6494,650,14836,20.0000,4
6495,650,16076,20.0000,5
6496,650,27587,4.0000,6
6497,650,13658,4.0000,7
6498,650,13716,4.0000,8
6499,650,22837,17.0000,9
6500,650,18104,4.0000,10
6501,651,24625,18.0000,1
6502,651,15248,8.0000,2
6503,651,26499,12.0000,3
6504,651,19377,12.0000,4
6505,651,29464,4.0000,5
6506,651,2200,15.0000,6
6507,651,4856,18.0000,7
6508,651,27874,9.0000,8
6509,651,12636,6.0000,9
6510,651,6264,17.0000,10
6511,652,17524,15.0000,1
6512,652,3568,16.0000,2
6513,652,20559,7.0000,3
6514,652,26818,5.0000,4
6515,652,23987,20.0000,5
6516,652,28332,5.0000,6
6517,652,2913,16.0000,7
6518,652,15931,12.0000,8
6519,652,15874,14.0000,9
6520,652,25909,18.0000,10
6521,653,10059,20.0000,1
6522,653,29481,11.0000,2
6523,653,4108,16.0000,3
6524,653,4717,13.0000,4
6525,653,16291,13.0000,5
6526,653,7013,12.0000,6
6527,653,16954,3.0000,7
6528,653,25611,2.0000,8
6529,653,18386,11.0000,9
6530,653,22457,10.0000,10
6531,654,11519,13.0000,1
6532,654,26084,4.0000,2
6533,654,16001,12.0000,3
6534,654,10367,13.0000,4
6535,654,3153,2.0000,5
6536,654,10285,5.0000,6
6537,654,8707,8.0000,7
6538,654,14216,3.0000,8
6539,654,6234,17.0000,9
6540,654,6576,6.0000,10
6541,655,15151,10.0000,1
6542,655,8351,2.0000,2
6543,655,11812,1.0000,3
6544,655,12171,5.0000,4
6545,655,20837,15.0000,5
6546,655,4105,11.0000,6
6547,655,25199,8.0000,7
6548,655,19960,4.0000,8
6549,655,27863,5.0000,9
6550,655,14714,18.0000,10
6551,656,6764,12.0000,1
6552,656,21010,17.0000,2
6553,656,29926,11.0000,3
6554,656,10533,7.0000,4
6555,656,3399,14.0000,5
6556,656,649,16.0000,6
6557,656,17151,11.0000,7
6558,656,16035,2.0000,8
6559,656,4878,17.0000,9
6560,656,2283,20.0000,10
6561,657,17867,5.0000,1
6562,657,12165,7.0000,2
6563,657,13200,14.0000,3
6564,657,19064,17.0000,4
6565,657,26737,1.0000,5
6566,657,9102,5.0000,6
6567,657,4455,2.0000,7
6568,657,25567,13.0000,8
6569,657,24094,14.0000,9
6570,657,12003,7.0000,10
6571,658,22739,3.0000,1
6572,658,27975,3.0000,2
6573,658,13434,14.0000,3
6574,658,11385,15.0000,4
6575,658,9624,19.0000,5
6576,658,21565,8.0000,6
6577,658,1547,13.0000,7
6578,658,29410,14.0000,8
6579,658,589,2.0000,9
6580,658,24702,14.0000,10
6581,659,10130,16.0000,1
6582,659,21757,5.0000,2
6583,659,7456,8.0000,3
6584,659,11717,20.0000,4
6585,659,27623,9.0000,5
6586,659,29241,16.0000,6
6587,659,12442,4.0000,7
6588,659,8853,7.0000,8
6589,659,8788,7.0000,9
6590,659,5812,9.0000,10
6591,660,20176,10.0000,1
6592,660,19004,2.0000,2
6593,660,11236,5.0000,3
6594,660,16550,15.0000,4
6595,660,210,6.0000,5
6596,660,26160,18.0000,6
6597,660,8358,13.0000,7
6598,660,25821,12.0000,8
6599,660,28404,6.0000,9
6600,660,26277,7.0000,10
6601,661,3640,8.0000,1
6602,661,25472,13.0000,2
6603,661,11647,12.0000,3
6604,661,26745,8.0000,4
6605,661,8332,3.0000,5
6606,661,24398,11.0000,6
6607,661,1095,10.0000,7
6608,661,9013,6.0000,8
6609,661,16386,4.0000,9
6610,661,25294,19.0000,10
6611,662,24709,14.0000,1
6612,662,3634,19.0000,2
6613,662,24314,9.0000,3
6614,662,28298,11.0000,4
6615,662,8033,19.0000,5
6616,662,12001,2.0000,6
6617,662,24639,8.0000,7
6618,662,1443,13.0000,8
6619,662,21563,9.0000,9
6620,662,13683,19.0000,10
6621,663,22751,8.0000,1
6622,663,8190,16.0000,2
6623,663,22918,10.0000,3
6624,663,5848,9.0000,4
6625,663,27994,13.0000,5
6626,663,22234,20.0000,6
6627,663,19929,8.0000,7
6628,663,28319,16.0000,8
6629,663,10781,12.0000,9
6630,663,2197,1.0000,10
6631,664,14030,3.0000,1
6632,664,21307,7.0000,2
6633,664,9404,10.0000,3
6634,664,15141,13.0000,4
6635,664,2962,4.0000,5
6636,664,6121,10.0000,6
6637,664,18866,17.0000,7
6638,664,22129,9.0000,8
6639,664,11004,13.0000,9
6640,664,26379,14.0000,10
6641,665,20875,14.0000,1
6642,665,19560,5.0000,2
6643,665,15261,10.0000,3
6644,665,2535,9.0000,4
6645,665,13180,3.0000,5
6646,665,18305,15.0000,6
6647,665,19812,7.0000,7
6648,665,2189,10.0000,8
6649,665,18360,20.0000,9
6650,665,3527,19.0000,10
6651,666,29940,20.0000,1
6652,666,20995,1.0000,2
6653,666,8674,6.0000,3
6654,666,29702,5.0000,4
6655,666,3290,4.0000,5
6656,666,19684,6.0000,6
6657,666,18044,13.0000,7
6658,666,2484,18.0000,8
6659,666,26928,4.0000,9
6660,666,1263,13.0000,10
6661,667,7922,10.0000,1
6662,667,22139,1.0000,2
6663,667,17737,18.0000,3
6664,667,302,4.0000,4
6665,667,6652,4.0000,5
6666,667,17799,19.0000,6
6667,667,10267,7.0000,7
6668,667,16958,5.0000,8
6669,667,11957,6.0000,9
6670,667,21644,15.0000,10
6671,668,11246,12.0000,1
6672,668,6430,7.0000,2
6673,668,9563,20.0000,3
6674,668,19046,12.0000,4
6675,668,25494,18.0000,5
6676,668,7394,9.0000,6
6677,668,12294,19.0000,7
6678,668,28146,2.0000,8
6679,668,29054,2.0000,9
6680,668,9167,20.0000,10
6681,669,24358,10.0000,1
6682,669,10726,3.0000,2
6683,669,14565,17.0000,3
6684,669,29669,13.0000,4
6685,669,5865,10.0000,5
6686,669,2004,12.0000,6
6687,669,9869,15.0000,7
6688,669,3822,4.0000,8
6689,669,22909,14.0000,9
6690,669,15773,10.0000,10
6691,670,2621,6.0000,1
6692,670,8777,19.0000,2
6693,670,27597,19.0000,3
6694,670,14391,11.0000,4
6695,670,14738,9.0000,5
6696,670,6555,10.0000,6
6697,670,27809,13.0000,7
6698,670,22322,17.0000,8
6699,670,6408,12.0000,9
6700,670,11215,9.0000,10
6701,671,12571,13.0000,1
6702,671,157,10.0000,2
6703,671,28224,7.0000,3
6704,671,5748,14.0000,4
6705,671,16620,3.0000,5
6706,671,12683,20.0000,6
6707,671,29057,19.0000,7
6708,671,13955,1.0000,8
6709,671,24263,12.0000,9
6710,671,9665,15.0000,10
6711,672,27965,5.0000,1
6712,672,26975,6.0000,2
6713,672,12484,10.0000,3
6714,672,19151,3.0000,4
6715,672,9859,11.0000,5
6716,672,569,8.0000,6
6717,672,27916,5.0000,7
6718,672,22782,11.0000,8
6719,672,21289,20.0000,9
6720,672,23583,1.0000,10
6721,673,12419,6.0000,1
6722,673,8977,15.0000,2
6723,673,28640,3.0000,3
6724,673,19636,19.0000,4
6725,673,2884,2.0000,5
6726,673,5910,10.0000,6
6727,673,21040,3.0000,7
6728,673,21966,2.0000,8
6729,673,553,10.0000,9
6730,673,5419,13.0000,10
6731,674,13451,15.0000,1
6732,674,4172,14.0000,2
6733,674,24580,9.0000,3
6734,674,13605,2.0000,4
6735,674,1601,6.0000,5
6736,674,28553,7.0000,6
6737,674,24262,6.0000,7
6738,674,14690,17.0000,8
6739,674,17852,15.0000,9
6740,674,28846,13.0000,10
6741,675,26552,13.0000,1
6742,675,29614,4.0000,2
6743,675,7558,13.0000,3
6744,675,5448,6.0000,4
6745,675,10078,6.0000,5
6746,675,6583,7.0000,6
6747,675,26881,10.0000,7
6748,675,29098,12.0000,8
6749,675,29183,11.0000,9
6750,675,27468,9.0000,10
6751,676,19205,19.0000,1
6752,676,5770,5.0000,2
6753,676,4624,9.0000,3
6754,676,3397,6.0000,4
6755,676,20185,12.0000,5
6756,676,29489,12.0000,6
6757,676,27794,16.0000,7
6758,676,19412,13.0000,8
6759,676,22623,9.0000,9
6760,676,26532,13.0000,10
6761,677,22165,17.0000,1
6762,677,2706,5.0000,2
6763,677,20888,14.0000,3
6764,677,10848,18.0000,4
6765,677,20663,5.0000,5
6766,677,25787,9.0000,6
6767,677,2050,10.0000,7
6768,677,7738,6.0000,8
6769,677,16086,11.0000,9
6770,677,23850,4.0000,10
6771,678,14995,1.0000,1
6772,678,11273,8.0000,2
6773,678,3314,17.0000,3
6774,678,22739,2.0000,4
6775,678,6818,11.0000,5
6776,678,20957,20.0000,6
6777,678,3998,8.0000,7
6778,678,20450,12.0000,8
6779,678,15912,8.0000,9
6780,678,4497,12.0000,10
6781,679,8608,14.0000,1
6782,679,20102,12.0000,2
6783,679,24601,8.0000,3
6784,679,18390,12.0000,4
6785,679,24620,16.0000,5
6786,679,18358,9.0000,6
6787,679,16875,6.0000,7
6788,679,19428,20.0000,8
6789,679,26218,10.0000,9
6790,679,6289,13.0000,10
6791,680,2355,3.0000,1
6792,680,12834,13.0000,2
6793,680,26451,20.0000,3
6794,680,17943,18.0000,4
6795,680,2333,14.0000,5
6796,680,6981,18.0000,6
6797,680,15477,17.0000,7
6798,680,28677,6.0000,8
6799,680,2156,15.0000,9
6800,680,22482,18.0000,10
6801,681,23501,19.0000,1
6802,681,8234,15.0000,2
6803,681,28763,15.0000,3
6804,681,1124,15.0000,4
6805,681,17518,14.0000,5
6806,681,837,12.0000,6
6807,681,14750,19.0000,7
6808,681,15985,17.0000,8
6809,681,13110,19.0000,9
6810,681,13858,5.0000,10
6811,682,7131,14.0000,1
6812,682,2223,7.0000,2
6813,682,5079,9.0000,3
6814,682,14196,16.0000,4
6815,682,8954,11.0000,5
6816,682,20089,15.0000,6
6817,682,4729,5.0000,7
6818,682,7539,5.0000,8
6819,682,17500,14.0000,9
6820,682,25251,18.0000,10
6821,683,28103,14.0000,1
6822,683,24290,10.0000,2
6823,683,8163,12.0000,3
6824,683,9716,6.0000,4
6825,683,21297,16.0000,5
6826,683,13055,17.0000,6
6827,683,1256,15.0000,7
6828,683,17193,2.0000,8
6829,683,28815,4.0000,9
6830,683,19880,11.0000,10
6831,684,29757,4.0000,1
6832,684,11304,12.0000,2
6833,684,22907,16.0000,3
6834,684,8503,1.0000,4
6835,684,29351,12.0000,5
6836,684,3668,17.0000,6
6837,684,8453,5.0000,7
6838,684,1606,12.0000,8
6839,684,26149,8.0000,9
6840,684,6151,18.0000,10
6841,685,13657,1.0000,1
6842,685,319,20.0000,2
6843,685,22640,19.0000,3
6844,685,26931,9.0000,4
6845,685,8234,5.0000,5
6846,685,26352,6.0000,6
6847,685,16212,9.0000,7
6848,685,5098,7.0000,8
6849,685,6707,9.0000,9
6850,685,2214,3.0000,10
6851,686,13218,16.0000,1
6852,686,12689,6.0000,2
6853,686,7953,10.0000,3
6854,686,19716,17.0000,4
6855,686,26343,8.0000,5
6856,686,2162,20.0000,6
6857,686,24432,5.0000,7
6858,686,2815,16.0000,8
6859,686,9644,9.0000,9
6860,686,11308,6.0000,10
6861,687,15756,20.0000,1
6862,687,23348,8.0000,2
6863,687,23463,19.0000,3
6864,687,7719,6.0000,4
6865,687,26473,17.0000,5
6866,687,3303,4.0000,6
6867,687,2627,18.0000,7
6868,687,9523,17.0000,8
6869,687,17853,1.0000,9
6870,687,17249,9.0000,10
6871,688,5573,2.0000,1
6872,688,3137,10.0000,2
6873,688,22817,7.0000,3
6874,688,10937,11.0000,4
6875,688,16716,20.0000,5
6876,688,7554,11.0000,6
6877,688,19181,3.0000,7
6878,688,20113,14.0000,8
6879,688,9917,6.0000,9
6880,688,743,4.0000,10
6881,689,26739,20.0000,1
6882,689,4874,14.0000,2
6883,689,421,8.0000,3
6884,689,9295,12.0000,4
6885,689,11014,10.0000,5
6886,689,20913,17.0000,6
6887,689,6889,12.0000,7
6888,689,11898,5.0000,8
6889,689,28284,18.0000,9
6890,689,6042,14.0000,10
6891,690,29544,12.0000,1
6892,690,15477,9.0000,2
6893,690,6065,9.0000,3
6894,690,27855,15.0000,4
6895,690,2414,5.0000,5
6896,690,10565,9.0000,6
6897,690,2596,20.0000,7
6898,690,15183,10.0000,8
6899,690,9040,8.0000,9
6900,690,27436,10.0000,10
6901,691,4189,9.0000,1
6902,691,9300,10.0000,2
6903,691,15053,6.0000,3
6904,691,21855,16.0000,4
6905,691,2516,20.0000,5
6906,691,16585,9.0000,6
6907,691,22913,11.0000,7
6908,691,10527,11.0000,8
6909,691,15922,2.0000,9
6910,691,21698,3.0000,10
6911,692,29637,8.0000,1
6912,692,8180,7.0000,2
6913,692,19993,19.0000,3
6914,692,16035,17.0000,4
6915,692,26878,3.0000,5
6916,692,3735,19.0000,6
6917,692,21627,10.0000,7
6918,692,24476,1.0000,8
6919,692,27643,11.0000,9
6920,692,23664,6.0000,10
6921,693,17230,1.0000,1
6922,693,20652,15.0000,2
6923,693,18189,18.0000,3
6924,693,27900,17.0000,4
6925,693,7732,13.0000,5
6926,693,17904,16.0000,6
6927,693,8821,8.0000,7
6928,693,18010,11.0000,8
6929,693,29587,19.0000,9
6930,693,28495,6.0000,10
6931,694,2766,16.0000,1
6932,694,23619,10.0000,2
6933,694,18704,16.0000,3
6934,694,3344,8.0000,4
6935,694,14774,10.0000,5
6936,694,23581,2.0000,6
6937,694,14962,6.0000,7
6938,694,813,6.0000,8
6939,694,2341,11.0000,9
6940,694,20826,9.0000,10
6941,695,16782,9.0000,1
6942,695,24977,19.0000,2
6943,695,14189,6.0000,3
6944,695,25114,14.0000,4
6945,695,3377,7.0000,5
6946,695,14295,2.0000,6
6947,695,15120,13.0000,7
6948,695,219,1.0000,8
6949,695,5179,14.0000,9
6950,695,12942,20.0000,10
6951,696,26847,14.0000,1
6952,696,10542,13.0000,2
6953,696,16118,12.0000,3
6954,696,19121,17.0000,4
6955,696,2535,4.0000,5
6956,696,12875,9.0000,6
6957,696,12391,6.0000,7
6958,696,14648,12.0000,8
6959,696,24483,8.0000,9
6960,696,22119,8.0000,10
6961,697,593,7.0000,1
6962,697,13104,6.0000,2
6963,697,4367,13.0000,3
6964,697,23337,15.0000,4
6965,697,14130,11.0000,5
6966,697,25286,4.0000,6
6967,697,9151,19.0000,7
6968,697,24419,12.0000,8
6969,697,9905,2.0000,9
6970,697,19912,9.0000,10
6971,698,7427,19.0000,1
6972,698,28184,5.0000,2
6973,698,24610,6.0000,3
6974,698,17731,7.0000,4
6975,698,21564,19.0000,5
6976,698,25598,9.0000,6
6977,698,24895,4.0000,7
6978,698,9112,9.0000,8
6979,698,27727,7.0000,9
6980,698,973,1.0000,10
6981,699,9138,8.0000,1
6982,699,27561,2.0000,2
6983,699,11658,10.0000,3
6984,699,23057,15.0000,4
6985,699,22961,17.0000,5
6986,699,8231,10.0000,6
6987,699,16113,5.0000,7
6988,699,854,1.0000,8
6989,699,29041,8.0000,9
6990,699,15201,5.0000,10
6991,700,20973,7.0000,1
6992,700,6070,12.0000,2
6993,700,20778,5.0000,3
6994,700,15524,16.0000,4
6995,700,17144,19.0000,5
6996,700,11498,4.0000,6
6997,700,7823,1.0000,7
6998,700,24237,17.0000,8
6999,700,17777,12.0000,9
7000,700,12633,15.0000,10
7001,701,27381,13.0000,1
7002,701,463,3.0000,2
7003,701,24628,6.0000,3
7004,701,29980,7.0000,4
7005,701,17165,8.0000,5
7006,701,13167,11.0000,6
7007,701,13170,5.0000,7
7008,701,13910,13.0000,8
7009,701,2612,7.0000,9
7010,701,3673,20.0000,10
7011,702,26531,18.0000,1
7012,702,2079,16.0000,2
7013,702,22157,20.0000,3
7014,702,19768,19.0000,4
7015,702,4636,20.0000,5
7016,702,4418,17.0000,6
7017,702,13191,19.0000,7
7018,702,25871,1.0000,8
7019,702,23901,13.0000,9
7020,702,16292,1.0000,10
7021,703,24496,2.0000,1
7022,703,9725,10.0000,2
7023,703,11098,6.0000,3
7024,703,3411,1.0000,4
7025,703,13120,20.0000,5
7026,703,20225,8.0000,6
7027,703,9901,18.0000,7
7028,703,8890,16.0000,8
7029,703,18364,18.0000,9
7030,703,2008,2.0000,10
7031,704,23400,8.0000,1
7032,704,14968,1.0000,2
7033,704,5219,1.0000,3
7034,704,20895,9.0000,4
7035,704,20352,12.0000,5
7036,704,2685,19.0000,6
7037,704,1907,4.0000,7
7038,704,489,20.0000,8
7039,704,25818,16.0000,9
7040,704,29467,15.0000,10
7041,705,6960,2.0000,1
7042,705,13118,20.0000,2
7043,705,25556,16.0000,3
7044,705,23656,6.0000,4
7045,705,12566,13.0000,5
7046,705,8950,16.0000,6
7047,705,21766,7.0000,7
7048,705,15700,20.0000,8
7049,705,10283,1.0000,9
7050,705,23826,4.0000,10
7051,706,2425,14.0000,1
7052,706,17208,16.0000,2
7053,706,28083,11.0000,3
7054,706,12261,3.0000,4
7055,706,26966,9.0000,5
7056,706,249,7.0000,6
7057,706,7139,2.0000,7
7058,706,28960,17.0000,8
7059,706,23248,15.0000,9
7060,706,19478,5.0000,10
7061,707,29142,20.0000,1
7062,707,12585,14.0000,2
7063,707,1942,20.0000,3
7064,707,9841,8.0000,4
7065,707,22753,18.0000,5
7066,707,21917,11.0000,6
7067,707,16521,9.0000,7
7068,707,21142,8.0000,8
7069,707,25975,17.0000,9
7070,707,14138,16.0000,10
7071,708,1933,1.0000,1
7072,708,7276,3.0000,2
7073,708,15465,16.0000,3
7074,708,17581,11.0000,4
7075,708,8072,14.0000,5
7076,708,25198,15.0000,6
7077,708,9943,12.0000,7
7078,708,27664,6.0000,8
7079,708,10390,8.0000,9
7080,708,11788,6.0000,10
7081,709,22351,10.0000,1
7082,709,295,14.0000,2
7083,709,21943,11.0000,3
7084,709,11851,11.0000,4
7085,709,8286,7.0000,5
7086,709,3734,5.0000,6
7087,709,21993,7.0000,7
7088,709,4104,2.0000,8
7089,709,1460,1.0000,9
7090,709,1413,2.0000,10
7091,710,16324,14.0000,1
7092,710,21173,10.0000,2
7093,710,25079,2.0000,3
7094,710,7099,10.0000,4
7095,710,25738,15.0000,5
7096,710,2161,12.0000,6
7097,710,895,6.0000,7
7098,710,8241,3.0000,8
7099,710,16408,16.0000,9
7100,710,15367,19.0000,10
7101,711,23452,14.0000,1
7102,711,13705,9.0000,2
7103,711,3726,6.0000,3
7104,711,21244,11.0000,4
7105,711,11668,17.0000,5
7106,711,5065,2.0000,6
7107,711,3569,8.0000,7
7108,711,18824,20.0000,8
7109,711,21749,13.0000,9
7110,711,21802,20.0000,10
7111,712,19033,9.0000,1
7112,712,10924,16.0000,2
7113,712,24169,13.0000,3
7114,712,17712,16.0000,4
7115,712,27917,7.0000,5
7116,712,8434,16.0000,6
7117,712,22688,6.0000,7
7118,712,29402,12.0000,8
7119,712,12119,14.0000,9
7120,712,17089,4.0000,10
7121,713,2248,17.0000,1
7122,713,19354,14.0000,2
7123,713,2866,10.0000,3
7124,713,21326,9.0000,4
7125,713,2435,13.0000,5
7126,713,6773,13.0000,6
7127,713,26123,8.0000,7
7128,713,11149,4.0000,8
7129,713,16616,2.0000,9
7130,713,29220,8.0000,10
7131,714,14752,1.0000,1
7132,714,18022,1.0000,2
7133,714,18720,5.0000,3
7134,714,28597,17.0000,4
7135,714,1481,3.0000,5
7136,714,12353,2.0000,6
7137,714,4530,4.0000,7
7138,714,21044,2.0000,8
7139,714,3382,14.0000,9
7140,714,2413,2.0000,10
7141,715,25471,10.0000,1
7142,715,22348,5.0000,2
7143,715,24496,10.0000,3
7144,715,3316,8.0000,4
7145,715,20824,18.0000,5
7146,715,210,15.0000,6
7147,715,18527,3.0000,7
7148,715,25841,10.0000,8
7149,715,8363,3.0000,9
7150,715,7662,7.0000,10
7151,716,3090,14.0000,1
7152,716,2240,12.0000,2
7153,716,17386,1.0000,3
7154,716,24203,19.0000,4
7155,716,5540,3.0000,5
7156,716,7172,6.0000,6
7157,716,16721,6.0000,7
7158,716,24203,15.0000,8
7159,716,1512,4.0000,9
7160,716,24618,7.0000,10
7161,717,22964,2.0000,1
7162,717,27362,4.0000,2
7163,717,25037,10.0000,3
7164,717,29716,11.0000,4
7165,717,24724,14.0000,5
7166,717,26962,12.0000,6
7167,717,14435,9.0000,7
7168,717,24849,6.0000,8
7169,717,8987,6.0000,9
7170,717,25987,11.0000,10
7171,718,15980,2.0000,1
7172,718,21389,12.0000,2
7173,718,25521,15.0000,3
7174,718,6275,17.0000,4
7175,718,25405,18.0000,5
7176,718,5827,3.0000,6
7177,718,27974,6.0000,7
7178,718,17218,14.0000,8
7179,718,24885,10.0000,9
7180,718,11249,14.0000,10
7181,719,15815,5.0000,1
7182,719,2532,7.0000,2
7183,719,20596,10.0000,3
7184,719,5597,4.0000,4
7185,719,11110,3.0000,5
7186,719,17489,15.0000,6
7187,719,7559,15.0000,7
7188,719,28563,18.0000,8
7189,719,9674,13.0000,9
7190,719,10606,14.0000,10
7191,720,23496,4.0000,1
7192,720,15433,10.0000,2
7193,720,15571,15.0000,3
7194,720,23073,18.0000,4
7195,720,29121,12.0000,5
7196,720,26470,5.0000,6
7197,720,19537,7.0000,7
7198,720,1456,14.0000,8
7199,720,23307,5.0000,9
7200,720,25978,12.0000,10
7201,721,21111,14.0000,1
7202,721,17974,2.0000,2
7203,721,8740,14.0000,3
7204,721,27884,6.0000,4
7205,721,14513,16.0000,5
7206,721,15308,18.0000,6
7207,721,8798,5.0000,7
7208,721,8957,12.0000,8
7209,721,6671,12.0000,9
7210,721,9470,16.0000,10
7211,722,21923,19.0000,1
7212,722,27134,18.0000,2
7213,722,18825,20.0000,3
7214,722,10694,19.0000,4
7215,722,10453,12.0000,5
7216,722,20238,1.0000,6
7217,722,6360,7.0000,7
7218,722,4529,5.0000,8
7219,722,28403,3.0000,9
7220,722,4076,10.0000,10
7221,723,29235,7.0000,1
7222,723,29606,8.0000,2
7223,723,27644,20.0000,3
7224,723,12512,18.0000,4
7225,723,29391,15.0000,5
7226,723,11747,5.0000,6
7227,723,16648,5.0000,7
7228,723,3066,14.0000,8
7229,723,10900,8.0000,9
7230,723,16899,4.0000,10
7231,724,2461,12.0000,1
7232,724,3802,5.0000,2
7233,724,28105,4.0000,3
7234,724,18447,20.0000,4
7235,724,4450,12.0000,5
7236,724,18332,12.0000,6
7237,724,2328,20.0000,7
7238,724,12476,19.0000,8
7239,724,454,10.0000,9
7240,724,24140,3.0000,10
7241,725,3339,11.0000,1
7242,725,13001,13.0000,2
7243,725,15406,13.0000,3
7244,725,14050,19.0000,4
7245,725,19130,15.0000,5
7246,725,3995,4.0000,6
7247,725,25759,2.0000,7
7248,725,8448,17.0000,8
7249,725,11162,17.0000,9
7250,725,4595,13.0000,10
7251,726,29228,9.0000,1
7252,726,5510,1.0000,2
7253,726,11977,20.0000,3
7254,726,7475,15.0000,4
7255,726,2713,8.0000,5
7256,726,22293,9.0000,6
7257,726,26446,9.0000,7
7258,726,19717,5.0000,8
7259,726,7995,1.0000,9
7260,726,4782,17.0000,10
7261,727,27813,1.0000,1
7262,727,21114,15.0000,2
7263,727,200,16.0000,3
7264,727,17953,16.0000,4
7265,727,24018,5.0000,5
7266,727,19064,12.0000,6
7267,727,22989,9.0000,7
7268,727,5309,13.0000,8
7269,727,24469,12.0000,9
7270,727,1755,2.0000,10
7271,728,5300,1.0000,1
7272,728,19832,5.0000,2
7273,728,4956,6.0000,3
7274,728,1397,16.0000,4
7275,728,26594,20.0000,5
7276,728,28764,8.0000,6
7277,728,17924,13.0000,7
7278,728,23705,9.0000,8
7279,728,11646,3.0000,9
7280,728,27026,12.0000,10
7281,729,4703,5.0000,1
7282,729,21882,5.0000,2
7283,729,13225,9.0000,3
7284,729,9133,18.0000,4
7285,729,24495,1.0000,5
7286,729,7007,3.0000,6
7287,729,10104,14.0000,7
7288,729,11552,4.0000,8
7289,729,3082,19.0000,9
7290,729,6076,9.0000,10
7291,730,21857,7.0000,1
7292,730,16596,9.0000,2
7293,730,5555,16.0000,3
7294,730,4628,17.0000,4
7295,730,1827,14.0000,5
7296,730,16907,12.0000,6
7297,730,14788,13.0000,7
7298,730,12941,2.0000,8
7299,730,17922,7.0000,9
7300,730,18819,16.0000,10
7301,731,21429,11.0000,1
7302,731,5042,3.0000,2
7303,731,12302,4.0000,3
7304,731,3002,9.0000,4
7305,731,12184,1.0000,5
7306,731,7227,5.0000,6
7307,731,21376,17.0000,7
7308,731,16338,17.0000,8
7309,731,5506,13.0000,9
7310,731,26493,9.0000,10
7311,732,2489,9.0000,1
7312,732,11103,19.0000,2
7313,732,29533,13.0000,3
7314,732,24959,3.0000,4
7315,732,21685,17.0000,5
7316,732,25915,14.0000,6
7317,732,9495,1.0000,7
7318,732,23635,14.0000,8
7319,732,24173,4.0000,9
7320,732,19961,9.0000,10
7321,733,9413,10.0000,1
7322,733,21024,4.0000,2
7323,733,5543,6.0000,3
7324,733,18456,12.0000,4
7325,733,402,7.0000,5
7326,733,9079,7.0000,6
7327,733,22148,19.0000,7
7328,733,15071,20.0000,8
7329,733,1784,18.0000,9
7330,733,15804,8.0000,10
7331,734,17166,1.0000,1
7332,734,20834,8.0000,2
7333,734,17187,12.0000,3
7334,734,3405,15.0000,4
7335,734,2128,2.0000,5
7336,734,18467,19.0000,6
7337,734,27670,5.0000,7
7338,734,2293,1.0000,8
7339,734,7517,11.0000,9
7340,734,29628,7.0000,10
7341,735,27404,6.0000,1
7342,735,1904,11.0000,2
7343,735,5629,8.0000,3
7344,735,8814,11.0000,4
7345,735,16529,3.0000,5
7346,735,3191,11.0000,6
7347,735,13717,20.0000,7
7348,735,2408,8.0000,8
7349,735,25309,1.0000,9
7350,735,25026,3.0000,10
7351,736,29298,19.0000,1
7352,736,9463,7.0000,2
7353,736,7573,4.0000,3
7354,736,9722,5.0000,4
7355,736,17514,12.0000,5
7356,736,1285,20.0000,6
7357,736,22154,9.0000,7
7358,736,19950,20.0000,8
7359,736,8765,9.0000,9
7360,736,22924,9.0000,10
7361,737,15128,17.0000,1
7362,737,18184,4.0000,2
7363,737,2752,13.0000,3
7364,737,15862,13.0000,4
7365,737,10372,7.0000,5
7366,737,12868,4.0000,6
7367,737,25000,13.0000,7
7368,737,15943,17.0000,8
7369,737,17809,1.0000,9
7370,737,8244,7.0000,10
7371,738,23695,9.0000,1
7372,738,22609,9.0000,2
7373,738,19228,4.0000,3
7374,738,16606,9.0000,4
7375,738,5645,7.0000,5
7376,738,4316,7.0000,6
7377,738,19302,7.0000,7
7378,738,10354,5.0000,8
7379,738,23754,5.0000,9
7380,738,1354,6.0000,10
7381,739,15397,18.0000,1
7382,739,16233,16.0000,2
7383,739,11009,7.0000,3
7384,739,16714,5.0000,4
7385,739,12128,6.0000,5
7386,739,841,11.0000,6
7387,739,15615,2.0000,7
7388,739,13020,5.0000,8
7389,739,808,14.0000,9
7390,739,8228,3.0000,10
7391,740,27758,8.0000,1
7392,740,19112,6.0000,2
7393,740,14028,7.0000,3
7394,740,16066,9.0000,4
7395,740,9872,17.0000,5
7396,740,18056,2.0000,6
7397,740,20663,20.0000,7
7398,740,16441,9.0000,8
7399,740,25590,9.0000,9
7400,740,9299,20.0000,10
7401,741,14082,6.0000,1
7402,741,12901,14.0000,2
7403,741,24319,16.0000,3
7404,741,3815,4.0000,4
7405,741,21384,20.0000,5
7406,741,10239,20.0000,6
7407,741,8082,16.0000,7
7408,741,4626,7.0000,8
7409,741,15805,14.0000,9
7410,741,21491,13.0000,10
7411,742,20610,15.0000,1
7412,742,21256,15.0000,2
7413,742,27291,16.0000,3
7414,742,22537,14.0000,4
7415,742,21540,16.0000,5
7416,742,525,6.0000,6
7417,742,17959,8.0000,7
7418,742,10178,11.0000,8
7419,742,2918,10.0000,9
7420,742,1220,15.0000,10
7421,743,17106,6.0000,1
7422,743,5249,20.0000,2
7423,743,1369,16.0000,3
7424,743,16257,15.0000,4
7425,743,17206,20.0000,5
7426,743,2777,1.0000,6
7427,743,14615,2.0000,7
7428,743,28238,20.0000,8
7429,743,19353,15.0000,9
7430,743,28785,7.0000,10
7431,744,6072,7.0000,1
7432,744,6618,9.0000,2
7433,744,25372,12.0000,3
7434,744,18238,17.0000,4
7435,744,7117,7.0000,5
7436,744,17180,11.0000,6
7437,744,11324,20.0000,7
7438,744,5712,4.0000,8
7439,744,28266,13.0000,9
7440,744,18421,11.0000,10
7441,745,16290,7.0000,1
7442,745,29305,10.0000,2
7443,745,11603,12.0000,3
7444,745,16398,13.0000,4
7445,745,6620,1.0000,5
7446,745,26103,15.0000,6
7447,745,8511,14.0000,7
7448,745,3279,2.0000,8
7449,745,13613,18.0000,9
7450,745,13291,3.0000,10
7451,746,722,3.0000,1
7452,746,25253,16.0000,2
7453,746,12261,1.0000,3
7454,746,13781,19.0000,4
7455,746,7734,6.0000,5
7456,746,2002,14.0000,6
7457,746,28194,20.0000,7
7458,746,20132,14.0000,8
7459,746,7948,2.0000,9
7460,746,14046,8.0000,10
7461,747,16560,16.0000,1
7462,747,2017,2.0000,2
7463,747,24965,19.0000,3
7464,747,25654,11.0000,4
7465,747,26111,4.0000,5
7466,747,24212,9.0000,6
7467,747,3566,4.0000,7
7468,747,4923,3.0000,8
7469,747,1573,16.0000,9
7470,747,25669,6.0000,10
7471,748,23896,10.0000,1
7472,748,5883,6.0000,2
7473,748,6543,10.0000,3
7474,748,20397,8.0000,4
7475,748,11610,3.0000,5
7476,748,7833,9.0000,6
7477,748,1495,14.0000,7
7478,748,18917,18.0000,8
7479,748,22108,4.0000,9
7480,748,25766,3.0000,10
7481,749,20724,16.0000,1
7482,749,23244,5.0000,2
7483,749,14496,5.0000,3
7484,749,20329,1.0000,4
7485,749,21266,3.0000,5
7486,749,422,4.0000,6
7487,749,13782,8.0000,7
7488,749,9334,17.0000,8
7489,749,11841,7.0000,9
7490,749,28056,4.0000,10
7491,750,21908,8.0000,1
7492,750,18255,19.0000,2
7493,750,9328,19.0000,3
7494,750,24973,1.0000,4
7495,750,18530,12.0000,5
7496,750,16951,14.0000,6
7497,750,24394,8.0000,7
7498,750,16483,4.0000,8
7499,750,27635,15.0000,9
7500,750,28723,1.0000,10
7501,751,21180,10.0000,1
7502,751,1567,5.0000,2
7503,751,459,7.0000,3
7504,751,17118,17.0000,4
7505,751,3679,17.0000,5
7506,751,1865,7.0000,6
7507,751,12172,4.0000,7
7508,751,27615,14.0000,8
7509,751,2090,20.0000,9
7510,751,5271,1.0000,10
7511,752,15778,19.0000,1
7512,752,8603,19.0000,2
7513,752,174,16.0000,3
7514,752,8392,10.0000,4
7515,752,8023,19.0000,5
7516,752,18015,7.0000,6
7517,752,622,12.0000,7
7518,752,24881,16.0000,8
7519,752,23580,6.0000,9
7520,752,23028,9.0000,10
7521,753,13637,16.0000,1
7522,753,17848,10.0000,2
7523,753,21747,20.0000,3
7524,753,27779,3.0000,4
7525,753,901,10.0000,5
7526,753,25317,2.0000,6
7527,753,9379,7.0000,7
7528,753,12078,20.0000,8
7529,753,21627,9.0000,9
7530,753,23591,11.0000,10
7531,754,25696,20.0000,1
7532,754,8464,15.0000,2
7533,754,22783,20.0000,3
7534,754,7973,15.0000,4
7535,754,25123,9.0000,5
7536,754,21760,7.0000,6
7537,754,2081,4.0000,7
7538,754,13460,18.0000,8
7539,754,28961,7.0000,9
7540,754,3674,13.0000,10
7541,755,1430,8.0000,1
7542,755,25416,12.0000,2
7543,755,6006,11.0000,3
7544,755,13543,5.0000,4
7545,755,2764,6.0000,5
7546,755,8844,12.0000,6
7547,755,12165,16.0000,7
7548,755,2916,2.0000,8
7549,755,3566,6.0000,9
7550,755,8072,5.0000,10
7551,756,26664,1.0000,1
7552,756,14455,10.0000,2
7553,756,3344,15.0000,3
7554,756,23287,19.0000,4
7555,756,19797,18.0000,5
7556,756,3007,17.0000,6
7557,756,10331,6.0000,7
7558,756,18582,2.0000,8
7559,756,2837,5.0000,9
7560,756,24466,16.0000,10
7561,757,8479,16.0000,1
7562,757,25770,9.0000,2
7563,757,24354,5.0000,3
7564,757,12026,20.0000,4
7565,757,27068,9.0000,5
7566,757,24357,1.0000,6
7567,757,17287,16.0000,7
7568,757,11047,4.0000,8
7569,757,29825,8.0000,9
7570,757,17109,15.0000,10
7571,758,7918,19.0000,1
7572,758,4804,10.0000,2
7573,758,9766,2.0000,3
7574,758,3902,3.0000,4
7575,758,22957,20.0000,5
7576,758,8795,5.0000,6
7577,758,29419,8.0000,7
7578,758,26480,3.0000,8
7579,758,9214,20.0000,9
7580,758,29369,11.0000,10
7581,759,19740,7.0000,1
7582,759,22678,1.0000,2
7583,759,4305,16.0000,3
7584,759,13272,10.0000,4
7585,759,10773,6.0000,5
7586,759,12562,19.0000,6
7587,759,3920,16.0000,7
7588,759,18865,2.0000,8
7589,759,3398,12.0000,9
7590,759,2465,14.0000,10
7591,760,4400,8.0000,1
7592,760,26686,8.0000,2
7593,760,168,8.0000,3
7594,760,21856,8.0000,4
7595,760,13623,4.0000,5
7596,760,16328,7.0000,6
7597,760,21653,1.0000,7
7598,760,21615,16.0000,8
7599,760,9290,19.0000,9
7600,760,7828,19.0000,10
7601,761,22353,13.0000,1
7602,761,29884,10.0000,2
7603,761,27105,17.0000,3
7604,761,17420,20.0000,4
7605,761,15438,9.0000,5
7606,761,2308,4.0000,6
7607,761,4390,6.0000,7
7608,761,14773,16.0000,8
7609,761,8139,4.0000,9
7610,761,19914,15.0000,10
7611,762,19331,1.0000,1
7612,762,24323,17.0000,2
7613,762,25804,2.0000,3
7614,762,16947,7.0000,4
7615,762,14113,15.0000,5
7616,762,9021,7.0000,6
7617,762,27541,12.0000,7
7618,762,15515,19.0000,8
7619,762,23393,1.0000,9
7620,762,18404,13.0000,10
7621,763,24774,3.0000,1
7622,763,9606,11.0000,2
7623,763,11065,19.0000,3
7624,763,23671,16.0000,4
7625,763,11717,2.0000,5
7626,763,1599,16.0000,6
7627,763,12983,7.0000,7
7628,763,14402,16.0000,8
7629,763,24905,10.0000,9
7630,763,8115,2.0000,10
7631,764,26282,9.0000,1
7632,764,14842,7.0000,2
7633,764,24602,8.0000,3
7634,764,11804,19.0000,4
7635,764,18498,1.0000,5
7636,764,21861,9.0000,6
7637,764,12870,1.0000,7
7638,764,10521,4.0000,8
7639,764,835,12.0000,9
7640,764,20193,7.0000,10
7641,765,5996,4.0000,1
7642,765,5824,18.0000,2
7643,765,19842,14.0000,3
7644,765,1242,11.0000,4
7645,765,11592,10.0000,5
7646,765,17378,16.0000,6
7647,765,11702,3.0000,7
7648,765,28850,11.0000,8
7649,765,23451,20.0000,9
7650,765,25970,9.0000,10
7651,766,11861,16.0000,1
7652,766,24134,19.0000,2
7653,766,1389,10.0000,3
7654,766,12504,19.0000,4
7655,766,18388,6.0000,5
7656,766,26505,6.0000,6
7657,766,17451,20.0000,7
7658,766,17380,2.0000,8
7659,766,15302,8.0000,9
7660,766,12348,12.0000,10
7661,767,24529,14.0000,1
7662,767,5897,16.0000,2
7663,767,15117,11.0000,3
7664,767,1851,1.0000,4
7665,767,2569,16.0000,5
7666,767,24562,8.0000,6
7667,767,23758,3.0000,7
7668,767,27045,14.0000,8
7669,767,12544,7.0000,9
7670,767,17167,20.0000,10
7671,768,3580,13.0000,1
7672,768,8193,15.0000,2
7673,768,7863,10.0000,3
7674,768,7610,19.0000,4
7675,768,12408,10.0000,5
7676,768,10110,12.0000,6
7677,768,19445,11.0000,7
7678,768,23775,19.0000,8
7679,768,27540,18.0000,9
7680,768,19407,5.0000,10
7681,769,14435,2.0000,1
7682,769,24093,5.0000,2
7683,769,8296,4.0000,3
7684,769,4376,19.0000,4
7685,769,1635,6.0000,5
7686,769,29986,3.0000,6
7687,769,28653,8.0000,7
7688,769,27616,18.0000,8
7689,769,2865,7.0000,9
7690,769,15383,18.0000,10
7691,770,27450,11.0000,1
7692,770,12586,11.0000,2
7693,770,4709,11.0000,3
7694,770,25129,6.0000,4
7695,770,17880,13.0000,5
7696,770,19060,19.0000,6
7697,770,11178,14.0000,7
7698,770,21443,13.0000,8
7699,770,29867,9.0000,9
7700,770,16169,12.0000,10
7701,771,19743,8.0000,1
7702,771,26126,16.0000,2
7703,771,732,7.0000,3
7704,771,7108,1.0000,4
7705,771,25854,8.0000,5
7706,771,10925,13.0000,6
7707,771,18157,5.0000,7
7708,771,24964,17.0000,8
7709,771,10909,8.0000,9
7710,771,16415,6.0000,10
7711,772,15055,3.0000,1
7712,772,22046,3.0000,2
7713,772,17120,2.0000,3
7714,772,23260,16.0000,4
7715,772,4988,14.0000,5
7716,772,25885,5.0000,6
7717,772,13576,1.0000,7
7718,772,16374,1.0000,8
7719,772,18880,2.0000,9
7720,772,29597,19.0000,10
7721,773,25230,16.0000,1
7722,773,20753,11.0000,2
7723,773,9510,14.0000,3
7724,773,4841,3.0000,4
7725,773,19886,5.0000,5
7726,773,15369,9.0000,6
7727,773,26615,9.0000,7
7728,773,22939,2.0000,8
7729,773,10389,10.0000,9
7730,773,5404,16.0000,10
7731,774,9268,15.0000,1
7732,774,28790,13.0000,2
7733,774,656,10.0000,3
7734,774,10250,6.0000,4
7735,774,15456,20.0000,5
7736,774,10135,12.0000,6
7737,774,22411,2.0000,7
7738,774,28900,6.0000,8
7739,774,1270,17.0000,9
7740,774,12391,6.0000,10
7741,775,26075,20.0000,1
7742,775,1800,11.0000,2
7743,775,26251,1.0000,3
7744,775,12605,1.0000,4
7745,775,20683,7.0000,5
7746,775,27110,12.0000,6
7747,775,17475,6.0000,7
7748,775,15093,1.0000,8
7749,775,12609,14.0000,9
7750,775,22110,2.0000,10
7751,776,10503,3.0000,1
7752,776,5131,3.0000,2
7753,776,26187,15.0000,3
7754,776,20805,3.0000,4
7755,776,16367,2.0000,5
7756,776,5365,13.0000,6
7757,776,10416,7.0000,7
7758,776,24657,4.0000,8
7759,776,21281,20.0000,9
7760,776,9326,14.0000,10
7761,777,9739,6.0000,1
7762,777,4655,4.0000,2
7763,777,11601,13.0000,3
7764,777,15242,2.0000,4
7765,777,6969,17.0000,5
7766,777,6310,7.0000,6
7767,777,21808,7.0000,7
7768,777,19778,9.0000,8
7769,777,14886,1.0000,9
7770,777,17033,12.0000,10
7771,778,5245,8.0000,1
7772,778,23453,19.0000,2
7773,778,27597,12.0000,3
7774,778,22386,19.0000,4
7775,778,10362,9.0000,5
7776,778,10422,14.0000,6
7777,778,5361,11.0000,7
7778,778,27912,12.0000,8
7779,778,25939,6.0000,9
7780,778,19031,3.0000,10
7781,779,18061,17.0000,1
7782,779,4431,18.0000,2
7783,779,11178,4.0000,3
7784,779,14263,8.0000,4
7785,779,5141,12.0000,5
7786,779,22344,16.0000,6
7787,779,28302,14.0000,7
7788,779,13810,7.0000,8
7789,779,3702,11.0000,9
7790,779,2988,14.0000,10
7791,780,4353,5.0000,1
7792,780,7178,17.0000,2
7793,780,12586,12.0000,3
7794,780,29587,5.0000,4
7795,780,10054,14.0000,5
7796,780,11617,10.0000,6
7797,780,15551,1.0000,7
7798,780,24421,2.0000,8
7799,780,26416,14.0000,9
7800,780,12299,2.0000,10
7801,781,23060,7.0000,1
7802,781,6419,11.0000,2
7803,781,7891,3.0000,3
7804,781,25190,9.0000,4
7805,781,17764,15.0000,5
7806,781,4315,9.0000,6
7807,781,5146,17.0000,7
7808,781,12972,17.0000,8
7809,781,5123,6.0000,9
7810,781,17071,2.0000,10
7811,782,21744,8.0000,1
7812,782,26187,13.0000,2
7813,782,27570,11.0000,3
7814,782,16542,7.0000,4
7815,782,3980,20.0000,5
7816,782,18662,20.0000,6
7817,782,16943,4.0000,7
7818,782,24383,3.0000,8
7819,782,25883,7.0000,9
7820,782,18068,12.0000,10
7821,783,22451,8.0000,1
7822,783,17921,8.0000,2
7823,783,19299,1.0000,3
7824,783,7046,17.0000,4
7825,783,14700,18.0000,5
7826,783,1856,13.0000,6
7827,783,27508,7.0000,7
7828,783,9547,18.0000,8
7829,783,27832,4.0000,9
7830,783,25002,12.0000,10
7831,784,21808,18.0000,1
7832,784,19701,10.0000,2
7833,784,1726,10.0000,3
7834,784,22008,9.0000,4
7835,784,18436,3.0000,5
7836,784,27332,4.0000,6
7837,784,19604,7.0000,7
7838,784,28469,20.0000,8
7839,784,29836,4.0000,9
7840,784,4185,17.0000,10
7841,785,14797,11.0000,1
7842,785,25153,12.0000,2
7843,785,20722,10.0000,3
7844,785,3988,4.0000,4
7845,785,459,11.0000,5
7846,785,19883,13.0000,6
7847,785,5189,17.0000,7
7848,785,12934,6.0000,8
7849,785,23322,13.0000,9
7850,785,22142,11.0000,10
7851,786,5842,12.0000,1
7852,786,26390,4.0000,2
7853,786,25397,4.0000,3
7854,786,10468,10.0000,4
7855,786,7167,6.0000,5
7856,786,5638,1.0000,6
7857,786,8275,15.0000,7
7858,786,9195,17.0000,8
7859,786,16569,6.0000,9
7860,786,1506,6.0000,10
7861,787,9877,6.0000,1
7862,787,23879,2.0000,2
7863,787,29244,1.0000,3
7864,787,21338,14.0000,4
7865,787,10415,1.0000,5
7866,787,17829,8.0000,6
7867,787,5784,19.0000,7
7868,787,25381,8.0000,8
7869,787,14665,1.0000,9
7870,787,27289,16.0000,10
7871,788,20816,11.0000,1
7872,788,25193,18.0000,2
7873,788,19558,6.0000,3
7874,788,18176,11.0000,4
7875,788,4552,2.0000,5
7876,788,5700,8.0000,6
7877,788,5523,3.0000,7
7878,788,26753,3.0000,8
7879,788,6638,6.0000,9
7880,788,6740,7.0000,10
7881,789,23143,10.0000,1
7882,789,19772,2.0000,2
7883,789,26753,8.0000,3
7884,789,20617,16.0000,4
7885,789,23586,10.0000,5
7886,789,29155,3.0000,6
7887,789,24894,18.0000,7
7888,789,27485,9.0000,8
7889,789,1067,17.0000,9
7890,789,26983,17.0000,10
7891,790,3891,11.0000,1
7892,790,4422,13.0000,2
7893,790,15588,14.0000,3
7894,790,8420,14.0000,4
7895,790,10353,1.0000,5
7896,790,16048,2.0000,6
7897,790,26277,6.0000,7
7898,790,13554,4.0000,8
7899,790,11069,10.0000,9
7900,790,8296,12.0000,10
7901,791,4066,8.0000,1
7902,791,5882,17.0000,2
7903,791,7067,19.0000,3
7904,791,29279,5.0000,4
7905,791,2433,10.0000,5
7906,791,3220,5.0000,6
7907,791,15624,3.0000,7
7908,791,8815,20.0000,8
7909,791,20987,19.0000,9
7910,791,11549,6.0000,10
7911,792,7155,16.0000,1
7912,792,2607,2.0000,2
7913,792,14560,16.0000,3
7914,792,9352,17.0000,4
7915,792,14081,9.0000,5
7916,792,7911,11.0000,6
7917,792,6872,20.0000,7
7918,792,25799,15.0000,8
7919,792,11798,4.0000,9
7920,792,29484,4.0000,10
7921,793,20898,8.0000,1
7922,793,20383,18.0000,2
7923,793,10365,3.0000,3
7924,793,25723,2.0000,4
7925,793,10661,19.0000,5
7926,793,25735,2.0000,6
7927,793,19855,10.0000,7
7928,793,21982,15.0000,8
7929,793,12179,11.0000,9
7930,793,17053,17.0000,10
7931,794,20354,3.0000,1
7932,794,19996,12.0000,2
7933,794,4951,20.0000,3
7934,794,6648,14.0000,4
7935,794,27995,7.0000,5
7936,794,17626,16.0000,6
7937,794,16780,13.0000,7
7938,794,697,12.0000,8
7939,794,4160,18.0000,9
7940,794,15689,4.0000,10
7941,795,5466,20.0000,1
7942,795,3864,4.0000,2
7943,795,21502,2.0000,3
7944,795,11837,1.0000,4
7945,795,23412,2.0000,5
7946,795,9017,19.0000,6
7947,795,8549,6.0000,7
7948,795,12759,20.0000,8
7949,795,2824,11.0000,9
7950,795,2180,4.0000,10
7951,796,8207,10.0000,1
7952,796,22631,10.0000,2
7953,796,20657,5.0000,3
7954,796,24067,2.0000,4
7955,796,29562,15.0000,5
7956,796,19785,15.0000,6
7957,796,25062,7.0000,7
7958,796,28792,8.0000,8
7959,796,6165,5.0000,9
7960,796,4428,19.0000,10
7961,797,11656,8.0000,1
7962,797,22186,14.0000,2
7963,797,2176,18.0000,3
7964,797,27150,12.0000,4
7965,797,12873,7.0000,5
7966,797,18374,6.0000,6
7967,797,21956,20.0000,7
7968,797,19477,9.0000,8
7969,797,3000,3.0000,9
7970,797,6006,15.0000,10
7971,798,13839,10.0000,1
7972,798,17261,13.0000,2
7973,798,20210,11.0000,3
7974,798,9117,9.0000,4
7975,798,29846,13.0000,5
7976,798,9029,2.0000,6
7977,798,27232,8.0000,7
7978,798,17722,13.0000,8
7979,798,3731,7.0000,9
7980,798,29359,17.0000,10
7981,799,13557,1.0000,1
7982,799,17948,16.0000,2
7983,799,4786,3.0000,3
7984,799,14778,4.0000,4
7985,799,26580,12.0000,5
7986,799,2955,9.0000,6
7987,799,18499,2.0000,7
7988,799,8388,8.0000,8
7989,799,5504,4.0000,9
7990,799,25483,4.0000,10
7991,800,29382,15.0000,1
7992,800,13268,13.0000,2
7993,800,11598,14.0000,3
7994,800,26308,1.0000,4
7995,800,9477,12.0000,5
7996,800,2981,20.0000,6
7997,800,8741,19.0000,7
7998,800,1255,4.0000,8
7999,800,20834,3.0000,9
8000,800,1977,19.0000,10
8001,801,14548,15.0000,1
8002,801,27735,1.0000,2
8003,801,12380,6.0000,3
8004,801,25623,1.0000,4
8005,801,5244,1.0000,5
8006,801,16243,12.0000,6
8007,801,1491,2.0000,7
8008,801,9694,6.0000,8
8009,801,3874,19.0000,9
8010,801,6193,13.0000,10
8011,802,29301,20.0000,1
8012,802,20736,16.0000,2
8013,802,19515,12.0000,3
8014,802,21002,20.0000,4
8015,802,2137,18.0000,5
8016,802,20702,20.0000,6
8017,802,11971,3.0000,7
8018,802,3621,12.0000,8
8019,802,23007,9.0000,9
8020,802,27578,17.0000,10
8021,803,19702,10.0000,1
8022,803,13481,16.0000,2
8023,803,22828,10.0000,3
8024,803,7481,12.0000,4
8025,803,11105,8.0000,5
8026,803,17962,8.0000,6
8027,803,17552,7.0000,7
8028,803,5633,1.0000,8
8029,803,9526,2.0000,9
8030,803,7345,7.0000,10
8031,804,888,17.0000,1
8032,804,23944,16.0000,2
8033,804,26229,12.0000,3
8034,804,4897,12.0000,4
8035,804,23257,2.0000,5
8036,804,4040,17.0000,6
8037,804,11446,8.0000,7
8038,804,16672,13.0000,8
8039,804,22274,18.0000,9
8040,804,26406,4.0000,10
8041,805,4880,11.0000,1
8042,805,22966,11.0000,2
8043,805,27876,17.0000,3
8044,805,3885,19.0000,4
8045,805,21266,15.0000,5
8046,805,24377,15.0000,6
8047,805,26267,14.0000,7
8048,805,9743,2.0000,8
8049,805,9340,2.0000,9
8050,805,26763,11.0000,10
8051,806,6154,18.0000,1
8052,806,14884,10.0000,2
8053,806,17022,7.0000,3
8054,806,6059,5.0000,4
8055,806,21114,2.0000,5
8056,806,23876,9.0000,6
8057,806,19871,16.0000,7
8058,806,16533,12.0000,8
8059,806,6893,17.0000,9
8060,806,6287,16.0000,10
8061,807,25921,7.0000,1
8062,807,7647,7.0000,2
8063,807,18704,2.0000,3
8064,807,7764,10.0000,4
8065,807,11381,5.0000,5
8066,807,26538,11.0000,6
8067,807,29533,17.0000,7
8068,807,622,14.0000,8
8069,807,29861,18.0000,9
8070,807,10641,4.0000,10
8071,808,24477,3.0000,1
8072,808,4882,16.0000,2
8073,808,24646,6.0000,3
8074,808,27358,7.0000,4
8075,808,5742,1.0000,5
8076,808,5560,4.0000,6
8077,808,29060,6.0000,7
8078,808,5069,15.0000,8
8079,808,22054,3.0000,9
8080,808,12349,9.0000,10
8081,809,19856,9.0000,1
8082,809,8981,11.0000,2
8083,809,13450,6.0000,3
8084,809,6208,13.0000,4
8085,809,23898,11.0000,5
8086,809,10087,6.0000,6
8087,809,18830,1.0000,7
8088,809,13975,5.0000,8
8089,809,10601,19.0000,9
8090,809,16042,16.0000,10
8091,810,19537,3.0000,1
8092,810,26968,17.0000,2
8093,810,22590,1.0000,3
8094,810,4340,10.0000,4
8095,810,23726,6.0000,5
8096,810,17656,10.0000,6
8097,810,15438,6.0000,7
8098,810,1032,4.0000,8
8099,810,15897,11.0000,9
8100,810,11171,8.0000,10
8101,811,10009,19.0000,1
8102,811,18245,9.0000,2
8103,811,5976,11.0000,3
8104,811,13990,6.0000,4
8105,811,3516,15.0000,5
8106,811,3086,16.0000,6
8107,811,23257,11.0000,7
8108,811,20059,3.0000,8
8109,811,26084,18.0000,9
8110,811,652,15.0000,10
8111,812,15724,6.0000,1
8112,812,475,7.0000,2
8113,812,13572,15.0000,3
8114,812,21547,10.0000,4
8115,812,11096,1.0000,5
8116,812,12634,13.0000,6
8117,812,2717,6.0000,7
8118,812,4764,9.0000,8
8119,812,19758,9.0000,9
8120,812,26255,17.0000,10
8121,813,13344,16.0000,1
8122,813,1933,6.0000,2
8123,813,3479,11.0000,3
8124,813,7344,18.0000,4
8125,813,10862,8.0000,5
8126,813,28859,14.0000,6
8127,813,11389,6.0000,7
8128,813,24186,17.0000,8
8129,813,21406,18.0000,9
8130,813,27962,6.0000,10
8131,814,1984,17.0000,1
8132,814,12531,9.0000,2
8133,814,23997,4.0000,3
8134,814,14593,19.0000,4
8135,814,28697,6.0000,5
8136,814,4172,4.0000,6
8137,814,11034,3.0000,7
8138,814,1520,7.0000,8
8139,814,1918,15.0000,9
8140,814,23455,14.0000,10
8141,815,13667,17.0000,1
8142,815,14204,1.0000,2
8143,815,8964,7.0000,3
8144,815,24601,9.0000,4
8145,815,19111,8.0000,5
8146,815,22753,1.0000,6
8147,815,1238,12.0000,7
8148,815,20358,6.0000,8
8149,815,8175,10.0000,9
8150,815,24507,19.0000,10
8151,816,10877,13.0000,1
8152,816,5791,5.0000,2
8153,816,25559,14.0000,3
8154,816,19319,2.0000,4
8155,816,4982,20.0000,5
8156,816,21807,6.0000,6
8157,816,3873,20.0000,7
8158,816,10249,20.0000,8
8159,816,6644,13.0000,9
8160,816,24428,13.0000,10
8161,817,21657,2.0000,1
8162,817,12436,1.0000,2
8163,817,9349,15.0000,3
8164,817,14233,15.0000,4
8165,817,20614,10.0000,5
8166,817,27647,5.0000,6
8167,817,4375,2.0000,7
8168,817,28573,8.0000,8
8169,817,14759,5.0000,9
8170,817,6464,6.0000,10
8171,818,12746,14.0000,1
8172,818,9302,13.0000,2
8173,818,413,20.0000,3
8174,818,13638,18.0000,4
8175,818,10390,3.0000,5
8176,818,28737,18.0000,6
8177,818,16241,16.0000,7
8178,818,9878,19.0000,8
8179,818,800,18.0000,9
8180,818,17412,8.0000,10
8181,819,15785,12.0000,1
8182,819,7194,13.0000,2
8183,819,2386,11.0000,3
8184,819,19628,10.0000,4
8185,819,20769,20.0000,5
8186,819,24460,13.0000,6
8187,819,1302,19.0000,7
8188,819,23634,8.0000,8
8189,819,29195,8.0000,9
8190,819,6215,13.0000,10
8191,820,9869,15.0000,1
8192,820,21479,17.0000,2
8193,820,27029,12.0000,3
8194,820,7104,10.0000,4
8195,820,25855,20.0000,5
8196,820,32,17.0000,6
8197,820,5709,2.0000,7
8198,820,24442,13.0000,8
8199,820,26449,13.0000,9
8200,820,22083,16.0000,10
8201,821,28746,10.0000,1
8202,821,8353,14.0000,2
8203,821,19937,4.0000,3
8204,821,2034,17.0000,4
8205,821,21053,2.0000,5
8206,821,29427,7.0000,6
8207,821,7597,8.0000,7
8208,821,27572,17.0000,8
8209,821,29690,11.0000,9
8210,821,21272,17.0000,10
8211,822,10123,16.0000,1
8212,822,1593,9.0000,2
8213,822,14927,20.0000,3
8214,822,13434,2.0000,4
8215,822,4580,5.0000,5
8216,822,22614,9.0000,6
8217,822,8855,6.0000,7
8218,822,21156,1.0000,8
8219,822,18192,6.0000,9
8220,822,1176,20.0000,10
8221,823,6674,17.0000,1
8222,823,7738,1.0000,2
8223,823,21092,3.0000,3
8224,823,5898,3.0000,4
8225,823,28212,8.0000,5
8226,823,27683,20.0000,6
8227,823,3740,13.0000,7
8228,823,10145,17.0000,8
8229,823,2121,9.0000,9
8230,823,11723,7.0000,10
8231,824,23738,7.0000,1
8232,824,11362,17.0000,2
8233,824,24958,7.0000,3
8234,824,14726,19.0000,4
8235,824,25974,2.0000,5
8236,824,18073,18.0000,6
8237,824,1101,13.0000,7
8238,824,16220,4.0000,8
8239,824,15000,4.0000,9
8240,824,16977,17.0000,10
8241,825,12162,18.0000,1
8242,825,7227,17.0000,2
8243,825,13433,18.0000,3
8244,825,5893,17.0000,4
8245,825,14494,7.0000,5
8246,825,20923,7.0000,6
8247,825,5080,6.0000,7
8248,825,17401,4.0000,8
8249,825,10509,12.0000,9
8250,825,6172,2.0000,10
8251,826,19431,8.0000,1
8252,826,25125,10.0000,2
8253,826,20449,9.0000,3
8254,826,3249,4.0000,4
8255,826,1207,13.0000,5
8256,826,212,14.0000,6
8257,826,16839,20.0000,7
8258,826,20456,13.0000,8
8259,826,26731,12.0000,9
8260,826,490,9.0000,10
8261,827,20197,1.0000,1
8262,827,8058,9.0000,2
8263,827,22321,16.0000,3
8264,827,10727,3.0000,4
8265,827,16014,1.0000,5
8266,827,21278,6.0000,6
8267,827,15218,4.0000,7
8268,827,26877,10.0000,8
8269,827,2048,16.0000,9
8270,827,23982,18.0000,10
8271,828,20770,11.0000,1
8272,828,1356,20.0000,2
8273,828,24882,14.0000,3
8274,828,24998,1.0000,4
8275,828,20941,8.0000,5
8276,828,27682,17.0000,6
8277,828,15713,20.0000,7
8278,828,15487,1.0000,8
8279,828,16003,11.0000,9
8280,828,27300,1.0000,10
8281,829,2123,20.0000,1
8282,829,19585,1.0000,2
8283,829,1184,8.0000,3
8284,829,19387,19.0000,4
8285,829,22475,14.0000,5
8286,829,10747,9.0000,6
8287,829,20884,8.0000,7
8288,829,20456,16.0000,8
8289,829,12407,2.0000,9
8290,829,13424,9.0000,10
8291,830,866,8.0000,1
8292,830,23671,6.0000,2
8293,830,19877,17.0000,3
8294,830,7085,19.0000,4
8295,830,434,17.0000,5
8296,830,26056,13.0000,6
8297,830,19136,18.0000,7
8298,830,5442,15.0000,8
8299,830,378,19.0000,9
8300,830,24687,6.0000,10
8301,831,22330,13.0000,1
8302,831,13150,3.0000,2
8303,831,20081,16.0000,3
8304,831,14993,2.0000,4
8305,831,17066,12.0000,5
8306,831,114,10.0000,6
8307,831,23458,19.0000,7
8308,831,7581,6.0000,8
8309,831,17139,2.0000,9
8310,831,3397,6.0000,10
8311,832,10035,19.0000,1
8312,832,17934,10.0000,2
8313,832,26250,11.0000,3
8314,832,7031,11.0000,4
8315,832,15446,20.0000,5
8316,832,21115,5.0000,6
8317,832,7485,17.0000,7
8318,832,7929,16.0000,8
8319,832,17280,14.0000,9
8320,832,24243,14.0000,10
8321,833,26614,12.0000,1
8322,833,18260,6.0000,2
8323,833,29015,10.0000,3
8324,833,16856,19.0000,4
8325,833,13819,14.0000,5
8326,833,14101,15.0000,6
8327,833,26183,2.0000,7
8328,833,19676,3.0000,8
8329,833,282,6.0000,9
8330,833,29105,8.0000,10
8331,834,7952,4.0000,1
8332,834,27243,12.0000,2
8333,834,11824,4.0000,3
8334,834,8279,15.0000,4
8335,834,15196,14.0000,5
8336,834,18942,19.0000,6
8337,834,19676,8.0000,7
8338,834,887,17.0000,8
8339,834,9573,18.0000,9
8340,834,17438,19.0000,10
8341,835,6402,16.0000,1
8342,835,26831,1.0000,2
8343,835,25146,13.0000,3
8344,835,9189,13.0000,4
8345,835,15808,9.0000,5
8346,835,14242,6.0000,6
8347,835,7042,1.0000,7
8348,835,11971,15.0000,8
8349,835,16563,16.0000,9
8350,835,17521,4.0000,10
8351,836,16963,10.0000,1
8352,836,7760,9.0000,2
8353,836,10760,13.0000,3
8354,836,5257,9.0000,4
8355,836,8430,5.0000,5
8356,836,11375,16.0000,6
8357,836,27864,10.0000,7
8358,836,10980,17.0000,8
8359,836,27821,6.0000,9
8360,836,24757,15.0000,10
8361,837,2296,20.0000,1
8362,837,19390,11.0000,2
8363,837,541,18.0000,3
8364,837,20084,5.0000,4
8365,837,8199,8.0000,5
8366,837,8105,18.0000,6
8367,837,23140,1.0000,7
8368,837,13873,1.0000,8
8369,837,9173,10.0000,9
8370,837,28078,3.0000,10
8371,838,3447,2.0000,1
8372,838,18262,11.0000,2
8373,838,54,7.0000,3
8374,838,2608,2.0000,4
8375,838,6024,13.0000,5
8376,838,20654,14.0000,6
8377,838,3262,14.0000,7
8378,838,10797,10.0000,8
8379,838,4374,4.0000,9
8380,838,22325,8.0000,10
8381,839,6323,12.0000,1
8382,839,24136,18.0000,2
8383,839,26984,17.0000,3
8384,839,7418,5.0000,4
8385,839,4452,17.0000,5
8386,839,7691,11.0000,6
8387,839,3991,19.0000,7
8388,839,10745,11.0000,8
8389,839,3222,3.0000,9
8390,839,17172,12.0000,10
8391,840,26000,9.0000,1
8392,840,17502,11.0000,2
8393,840,8012,15.0000,3
8394,840,14487,16.0000,4
8395,840,11971,7.0000,5
8396,840,15134,10.0000,6
8397,840,18189,7.0000,7
8398,840,547,17.0000,8
8399,840,22140,3.0000,9
8400,840,3762,19.0000,10
8401,841,2044,5.0000,1
8402,841,9912,5.0000,2
8403,841,7262,8.0000,3
8404,841,20358,9.0000,4
8405,841,19322,18.0000,5
8406,841,1175,5.0000,6
8407,841,25131,18.0000,7
8408,841,22002,6.0000,8
8409,841,5375,10.0000,9
8410,841,14712,7.0000,10
8411,842,11053,4.0000,1
8412,842,5876,18.0000,2
8413,842,22257,8.0000,3
8414,842,23232,7.0000,4
8415,842,16784,19.0000,5
8416,842,26758,3.0000,6
8417,842,10659,9.0000,7
8418,842,16746,6.0000,8
8419,842,11898,3.0000,9
8420,842,29506,16.0000,10
8421,843,4969,13.0000,1
8422,843,7493,12.0000,2
8423,843,14596,4.0000,3
8424,843,5766,5.0000,4
8425,843,8137,11.0000,5
8426,843,12710,6.0000,6
8427,843,19592,16.0000,7
8428,843,14133,11.0000,8
8429,843,26305,6.0000,9
8430,843,11977,15.0000,10
8431,844,8620,15.0000,1
8432,844,12456,3.0000,2
8433,844,42,11.0000,3
8434,844,27501,8.0000,4
8435,844,8042,16.0000,5
8436,844,27236,12.0000,6
8437,844,9519,14.0000,7
8438,844,9618,1.0000,8
8439,844,13650,5.0000,9
8440,844,23048,15.0000,10
8441,845,29874,2.0000,1
8442,845,9095,11.0000,2
8443,845,24730,19.0000,3
8444,845,25688,12.0000,4
8445,845,23749,17.0000,5
8446,845,12819,16.0000,6
8447,845,4665,17.0000,7
8448,845,16427,15.0000,8
8449,845,29561,2.0000,9
8450,845,25383,6.0000,10
8451,846,15978,11.0000,1
8452,846,10446,14.0000,2
8453,846,11287,11.0000,3
8454,846,15465,8.0000,4
8455,846,3634,1.0000,5
8456,846,24583,12.0000,6
8457,846,15936,15.0000,7
8458,846,25450,10.0000,8
8459,846,4785,17.0000,9
8460,846,22014,16.0000,10
8461,847,6542,18.0000,1
8462,847,15969,19.0000,2
8463,847,11699,16.0000,3
8464,847,2259,10.0000,4
8465,847,11605,17.0000,5
8466,847,21191,9.0000,6
8467,847,27753,5.0000,7
8468,847,12840,19.0000,8
8469,847,10275,15.0000,9
8470,847,22166,12.0000,10
8471,848,26779,15.0000,1
8472,848,23765,6.0000,2
8473,848,9461,19.0000,3
8474,848,11313,7.0000,4
8475,848,3367,8.0000,5
8476,848,11548,6.0000,6
8477,848,26922,5.0000,7
8478,848,17216,13.0000,8
8479,848,10718,11.0000,9
8480,848,23285,19.0000,10
8481,849,24165,6.0000,1
8482,849,1078,11.0000,2
8483,849,20110,10.0000,3
8484,849,29315,20.0000,4
8485,849,24923,11.0000,5
8486,849,14190,10.0000,6
8487,849,5707,4.0000,7
8488,849,4160,20.0000,8
8489,849,20710,2.0000,9
8490,849,5776,3.0000,10
8491,850,7841,2.0000,1
8492,850,2763,5.0000,2
8493,850,29600,2.0000,3
8494,850,2262,3.0000,4
8495,850,4350,9.0000,5
8496,850,24501,13.0000,6
8497,850,4443,3.0000,7
8498,850,25301,16.0000,8
8499,850,23634,2.0000,9
8500,850,21613,19.0000,10
8501,851,25368,14.0000,1
8502,851,28822,15.0000,2
8503,851,15312,13.0000,3
8504,851,15860,15.0000,4
8505,851,28788,11.0000,5
8506,851,27523,3.0000,6
8507,851,17446,20.0000,7
8508,851,2807,17.0000,8
8509,851,4529,13.0000,9
8510,851,13003,3.0000,10
8511,852,5208,6.0000,1
8512,852,26771,15.0000,2
8513,852,6562,6.0000,3
8514,852,22960,16.0000,4
8515,852,21660,14.0000,5
8516,852,8013,1.0000,6
8517,852,389,7.0000,7
8518,852,26909,8.0000,8
8519,852,16509,10.0000,9
8520,852,25955,14.0000,10
8521,853,29785,6.0000,1
8522,853,27733,13.0000,2
8523,853,22830,6.0000,3
8524,853,18772,6.0000,4
8525,853,104,5.0000,5
8526,853,7268,19.0000,6
8527,853,17689,7.0000,7
8528,853,10996,2.0000,8
8529,853,12003,17.0000,9
8530,853,29296,15.0000,10
8531,854,5887,14.0000,1
8532,854,17726,14.0000,2
8533,854,4823,20.0000,3
8534,854,13003,5.0000,4
8535,854,10965,2.0000,5
8536,854,2622,18.0000,6
8537,854,10252,3.0000,7
8538,854,27318,9.0000,8
8539,854,3562,18.0000,9
8540,854,22277,7.0000,10
8541,855,16859,9.0000,1
8542,855,21529,6.0000,2
8543,855,3400,4.0000,3
8544,855,8492,8.0000,4
8545,855,22588,14.0000,5
8546,855,18457,9.0000,6
8547,855,20487,11.0000,7
8548,855,869,17.0000,8
8549,855,23322,7.0000,9
8550,855,22098,5.0000,10
8551,856,28771,4.0000,1
8552,856,21708,6.0000,2
8553,856,14558,3.0000,3
8554,856,18569,19.0000,4
8555,856,15001,15.0000,5
8556,856,20996,4.0000,6
8557,856,25492,2.0000,7
8558,856,13799,17.0000,8
8559,856,14075,5.0000,9
8560,856,9230,8.0000,10
8561,857,3951,19.0000,1
8562,857,11004,16.0000,2
8563,857,17595,9.0000,3
8564,857,3082,5.0000,4
8565,857,24599,18.0000,5
8566,857,12127,3.0000,6
8567,857,19440,8.0000,7
8568,857,15423,6.0000,8
8569,857,24214,1.0000,9
8570,857,18968,18.0000,10
8571,858,3869,14.0000,1
8572,858,1829,6.0000,2
8573,858,20339,4.0000,3
8574,858,13411,5.0000,4
8575,858,3449,17.0000,5
8576,858,20021,14.0000,6
8577,858,11356,15.0000,7
8578,858,13199,13.0000,8
8579,858,15679,20.0000,9
8580,858,3358,9.0000,10
8581,859,17822,8.0000,1
8582,859,21525,20.0000,2
8583,859,14552,3.0000,3
8584,859,13760,7.0000,4
8585,859,2808,4.0000,5
8586,859,13250,13.0000,6
8587,859,10212,17.0000,7
8588,859,19977,2.0000,8
8589,859,24905,4.0000,9
8590,859,22187,19.0000,10
8591,860,28284,7.0000,1
8592,860,11421,8.0000,2
8593,860,11680,13.0000,3
8594,860,10957,17.0000,4
8595,860,7224,20.0000,5
8596,860,19591,16.0000,6
8597,860,9728,1.0000,7
8598,860,736,15.0000,8
8599,860,9796,13.0000,9
8600,860,28431,8.0000,10
8601,861,27699,5.0000,1
8602,861,6249,12.0000,2
8603,861,2222,14.0000,3
8604,861,13832,1.0000,4
8605,861,22133,6.0000,5
8606,861,24797,9.0000,6
8607,861,11321,19.0000,7
8608,861,26731,14.0000,8
8609,861,25142,18.0000,9
8610,861,17574,11.0000,10
8611,862,10504,20.0000,1
8612,862,26758,4.0000,2
8613,862,2581,14.0000,3
8614,862,22169,8.0000,4
8615,862,3333,11.0000,5
8616,862,21007,16.0000,6
8617,862,12691,8.0000,7
8618,862,13958,4.0000,8
8619,862,24707,17.0000,9
8620,862,4542,11.0000,10
8621,863,24825,2.0000,1
8622,863,21941,19.0000,2
8623,863,21972,3.0000,3
8624,863,4591,1.0000,4
8625,863,9014,19.0000,5
8626,863,15110,3.0000,6
8627,863,11002,18.0000,7
8628,863,10376,18.0000,8
8629,863,4178,1.0000,9
8630,863,13103,18.0000,10
8631,864,2770,14.0000,1
8632,864,21031,6.0000,2
8633,864,22437,19.0000,3
8634,864,29378,5.0000,4
8635,864,5599,3.0000,5
8636,864,25922,7.0000,6
8637,864,9724,4.0000,7
8638,864,22880,13.0000,8
8639,864,7254,17.0000,9
8640,864,4260,4.0000,10
8641,865,18174,6.0000,1
8642,865,2473,19.0000,2
8643,865,18849,1.0000,3
8644,865,3775,19.0000,4
8645,865,17906,8.0000,5
8646,865,27794,8.0000,6
8647,865,21485,19.0000,7
8648,865,22597,18.0000,8
8649,865,21916,14.0000,9
8650,865,6228,9.0000,10
8651,866,23675,8.0000,1
8652,866,2111,5.0000,2
8653,866,15495,3.0000,3
8654,866,6760,7.0000,4
8655,866,11369,5.0000,5
8656,866,16655,4.0000,6
8657,866,9845,19.0000,7
8658,866,12115,1.0000,8
8659,866,18662,13.0000,9
8660,866,4875,3.0000,10
8661,867,23234,8.0000,1
8662,867,7149,1.0000,2
8663,867,22840,17.0000,3
8664,867,8795,20.0000,4
8665,867,11789,15.0000,5
8666,867,20583,19.0000,6
8667,867,29594,18.0000,7
8668,867,11075,3.0000,8
8669,867,22624,19.0000,9
8670,867,15154,6.0000,10
8671,868,27726,3.0000,1
8672,868,6546,19.0000,2
8673,868,25115,8.0000,3
8674,868,25803,16.0000,4
8675,868,28249,10.0000,5
8676,868,21844,4.0000,6
8677,868,18790,2.0000,7
8678,868,26795,5.0000,8
8679,868,15505,3.0000,9
8680,868,25251,12.0000,10
8681,869,8242,10.0000,1
8682,869,6672,6.0000,2
8683,869,6196,10.0000,3
8684,869,20395,20.0000,4
8685,869,24187,19.0000,5
8686,869,15166,20.0000,6
8687,869,8701,10.0000,7
8688,869,23043,15.0000,8
8689,869,13700,1.0000,9
8690,869,26826,13.0000,10
8691,870,20497,15.0000,1
8692,870,6932,7.0000,2
8693,870,1802,8.0000,3
8694,870,25738,7.0000,4
8695,870,22728,4.0000,5
8696,870,303,8.0000,6
8697,870,21966,4.0000,7
8698,870,8119,8.0000,8
8699,870,612,8.0000,9
8700,870,299,2.0000,10
8701,871,8395,8.0000,1
8702,871,17006,13.0000,2
8703,871,29939,3.0000,3
8704,871,19954,14.0000,4
8705,871,12380,14.0000,5
8706,871,18332,5.0000,6
8707,871,16568,9.0000,7
8708,871,636,1.0000,8
8709,871,24682,1.0000,9
8710,871,23327,2.0000,10
8711,872,9909,9.0000,1
8712,872,4974,13.0000,2
8713,872,6606,5.0000,3
8714,872,15247,20.0000,4
8715,872,18637,11.0000,5
8716,872,14040,14.0000,6
8717,872,7938,10.0000,7
8718,872,11628,8.0000,8
8719,872,19980,14.0000,9
8720,872,15609,8.0000,10
8721,873,18309,17.0000,1
8722,873,11510,19.0000,2
8723,873,13695,1.0000,3
8724,873,18180,10.0000,4
8725,873,9649,5.0000,5
8726,873,27137,2.0000,6
8727,873,15493,20.0000,7
8728,873,22343,11.0000,8
8729,873,12592,19.0000,9
8730,873,4526,17.0000,10
8731,874,3047,2.0000,1
8732,874,10663,10.0000,2
8733,874,26537,3.0000,3
8734,874,29656,15.0000,4
8735,874,876,7.0000,5
8736,874,28850,19.0000,6
8737,874,10322,13.0000,7
8738,874,5128,13.0000,8
8739,874,22032,15.0000,9
8740,874,18560,20.0000,10
8741,875,2429,5.0000,1
8742,875,9856,2.0000,2
8743,875,9786,13.0000,3
8744,875,11589,20.0000,4
8745,875,17918,20.0000,5
8746,875,3671,15.0000,6
8747,875,2093,19.0000,7
8748,875,9210,2.0000,8
8749,875,9494,1.0000,9
8750,875,83,4.0000,10
8751,876,28710,5.0000,1
8752,876,24232,18.0000,2
8753,876,12387,11.0000,3
8754,876,5216,7.0000,4
8755,876,23989,6.0000,5
8756,876,14396,1.0000,6
8757,876,12434,18.0000,7
8758,876,18890,12.0000,8
8759,876,23799,6.0000,9
8760,876,25519,1.0000,10
8761,877,3857,19.0000,1
8762,877,4614,20.0000,2
8763,877,11589,2.0000,3
8764,877,17362,4.0000,4
8765,877,15923,20.0000,5
8766,877,21277,1.0000,6
8767,877,18078,6.0000,7
8768,877,1307,16.0000,8
8769,877,17800,3.0000,9
8770,877,16840,16.0000,10
8771,878,5762,18.0000,1
8772,878,2873,2.0000,2
8773,878,4183,11.0000,3
8774,878,8696,9.0000,4
8775,878,16223,12.0000,5
8776,878,22056,17.0000,6
8777,878,7409,1.0000,7
8778,878,14395,7.0000,8
8779,878,4542,2.0000,9
8780,878,18463,12.0000,10
8781,879,4678,1.0000,1
8782,879,17330,3.0000,2
8783,879,18441,10.0000,3
8784,879,10116,13.0000,4
8785,879,82,18.0000,5
8786,879,28256,10.0000,6
8787,879,3571,13.0000,7
8788,879,6508,12.0000,8
8789,879,24418,5.0000,9
8790,879,24259,5.0000,10
8791,880,10729,8.0000,1
8792,880,16062,12.0000,2
8793,880,10922,8.0000,3
8794,880,13584,13.0000,4
8795,880,25024,19.0000,5
8796,880,5197,13.0000,6
8797,880,9876,9.0000,7
8798,880,5453,13.0000,8
8799,880,2075,15.0000,9
8800,880,13926,15.0000,10
8801,881,21270,15.0000,1
8802,881,25175,5.0000,2
8803,881,13439,20.0000,3
8804,881,9670,8.0000,4
8805,881,22315,8.0000,5
8806,881,2430,7.0000,6
8807,881,3246,1.0000,7
8808,881,23148,1.0000,8
8809,881,3488,20.0000,9
8810,881,9988,1.0000,10
8811,882,8511,2.0000,1
8812,882,1582,14.0000,2
8813,882,3006,14.0000,3
8814,882,25570,7.0000,4
8815,882,15544,14.0000,5
8816,882,13493,10.0000,6
8817,882,18631,4.0000,7
8818,882,22745,5.0000,8
8819,882,14755,8.0000,9
8820,882,11719,12.0000,10
8821,883,10114,4.0000,1
8822,883,13007,5.0000,2
8823,883,18165,18.0000,3
8824,883,24073,9.0000,4
8825,883,21917,17.0000,5
8826,883,1027,7.0000,6
8827,883,10357,5.0000,7
8828,883,29491,11.0000,8
8829,883,12625,13.0000,9
8830,883,15128,5.0000,10
8831,884,10711,9.0000,1
8832,884,1600,6.0000,2
8833,884,12156,8.0000,3
8834,884,11433,13.0000,4
8835,884,8017,12.0000,5
8836,884,13662,2.0000,6
8837,884,8527,2.0000,7
8838,884,18551,2.0000,8
8839,884,15461,18.0000,9
8840,884,25854,18.0000,10
8841,885,12165,5.0000,1
8842,885,5535,1.0000,2
8843,885,7587,8.0000,3
8844,885,12821,12.0000,4
8845,885,6549,18.0000,5
8846,885,15571,11.0000,6
8847,885,22433,9.0000,7
8848,885,29351,16.0000,8
8849,885,8186,9.0000,9
8850,885,20804,6.0000,10
8851,886,3555,15.0000,1
8852,886,8608,3.0000,2
8853,886,12038,3.0000,3
8854,886,28666,14.0000,4
8855,886,6845,13.0000,5
8856,886,1074,3.0000,6
8857,886,20345,11.0000,7
8858,886,4842,4.0000,8
8859,886,13941,14.0000,9
8860,886,25225,12.0000,10
8861,887,1468,5.0000,1
8862,887,26115,5.0000,2
8863,887,12450,12.0000,3
8864,887,22712,1.0000,4
8865,887,23604,4.0000,5
8866,887,7969,1.0000,6
8867,887,19132,4.0000,7
8868,887,7402,5.0000,8
8869,887,13686,9.0000,9
8870,887,21120,11.0000,10
8871,888,29035,8.0000,1
8872,888,6014,1.0000,2
8873,888,19799,9.0000,3
8874,888,12009,20.0000,4
8875,888,1631,19.0000,5
8876,888,25010,5.0000,6
8877,888,26665,20.0000,7
8878,888,15802,14.0000,8
8879,888,17230,10.0000,9
8880,888,8101,16.0000,10
8881,889,12792,5.0000,1
8882,889,4973,20.0000,2
8883,889,8158,13.0000,3
8884,889,13634,19.0000,4
8885,889,24506,6.0000,5
8886,889,16992,14.0000,6
8887,889,7784,17.0000,7
8888,889,14525,8.0000,8
8889,889,20846,11.0000,9
8890,889,12248,10.0000,10
8891,890,5662,7.0000,1
8892,890,6675,7.0000,2
8893,890,20504,5.0000,3
8894,890,25204,17.0000,4
8895,890,27393,10.0000,5
8896,890,19265,6.0000,6
8897,890,1191,11.0000,7
8898,890,25242,2.0000,8
8899,890,10129,15.0000,9
8900,890,17722,7.0000,10
8901,891,16269,2.0000,1
8902,891,23357,18.0000,2
8903,891,1213,16.0000,3
8904,891,15737,7.0000,4
8905,891,20331,19.0000,5
8906,891,21551,12.0000,6
8907,891,10459,2.0000,7
8908,891,27082,1.0000,8
8909,891,20339,5.0000,9
8910,891,29604,13.0000,10
8911,892,17343,17.0000,1
8912,892,7828,7.0000,2
8913,892,15524,18.0000,3
8914,892,19692,10.0000,4
8915,892,16679,15.0000,5
8916,892,23229,7.0000,6
8917,892,5690,15.0000,7
8918,892,22186,20.0000,8
8919,892,23967,11.0000,9
8920,892,5395,19.0000,10
8921,893,1251,12.0000,1
8922,893,3090,14.0000,2
8923,893,18757,11.0000,3
8924,893,23521,7.0000,4
8925,893,12594,17.0000,5
8926,893,12915,8.0000,6
8927,893,8592,14.0000,7
8928,893,5291,13.0000,8
8929,893,9092,13.0000,9
8930,893,13999,10.0000,10
8931,894,11159,16.0000,1
8932,894,20891,14.0000,2
8933,894,8571,16.0000,3
8934,894,4895,19.0000,4
8935,894,24610,9.0000,5
8936,894,12016,12.0000,6
8937,894,10656,2.0000,7
8938,894,14320,4.0000,8
8939,894,18982,10.0000,9
8940,894,6549,10.0000,10
8941,895,16153,20.0000,1
8942,895,25963,18.0000,2
8943,895,10527,6.0000,3
8944,895,23360,1.0000,4
8945,895,10598,4.0000,5
8946,895,11043,16.0000,6
8947,895,14275,6.0000,7
8948,895,8937,8.0000,8
8949,895,25555,20.0000,9
8950,895,29891,11.0000,10
8951,896,7954,16.0000,1
8952,896,23426,7.0000,2
8953,896,15650,3.0000,3
8954,896,16143,14.0000,4
8955,896,1451,2.0000,5
8956,896,13407,4.0000,6
8957,896,25538,4.0000,7
8958,896,20941,17.0000,8
8959,896,27548,12.0000,9
8960,896,15034,1.0000,10
8961,897,19277,15.0000,1
8962,897,9164,8.0000,2
8963,897,1825,7.0000,3
8964,897,18821,11.0000,4
8965,897,6550,5.0000,5
8966,897,15180,16.0000,6
8967,897,5228,3.0000,7
8968,897,18595,11.0000,8
8969,897,17119,12.0000,9
8970,897,4782,20.0000,10
8971,898,983,10.0000,1
8972,898,18433,7.0000,2
8973,898,22436,3.0000,3
8974,898,13696,13.0000,4
8975,898,23304,3.0000,5
8976,898,1976,15.0000,6
8977,898,27059,16.0000,7
8978,898,18126,12.0000,8
8979,898,26349,20.0000,9
8980,898,13692,7.0000,10
8981,899,27089,11.0000,1
8982,899,16058,8.0000,2
8983,899,3846,3.0000,3
8984,899,24012,13.0000,4
8985,899,10675,17.0000,5
8986,899,21227,11.0000,6
8987,899,29847,13.0000,7
8988,899,10837,1.0000,8
8989,899,18351,5.0000,9
8990,899,28483,10.0000,10
8991,900,15370,7.0000,1
8992,900,29799,7.0000,2
8993,900,2573,18.0000,3
8994,900,16320,20.0000,4
8995,900,3717,13.0000,5
8996,900,19206,17.0000,6
8997,900,1369,19.0000,7
8998,900,13346,20.0000,8
8999,900,15739,15.0000,9
9000,900,2583,15.0000,10
9001,901,21385,9.0000,1
9002,901,1604,14.0000,2
9003,901,22280,9.0000,3
9004,901,20192,18.0000,4
9005,901,23240,13.0000,5
9006,901,5476,8.0000,6
9007,901,18240,5.0000,7
9008,901,24494,18.0000,8
9009,901,4296,15.0000,9
9010,901,17789,18.0000,10
9011,902,1781,9.0000,1
9012,902,23004,17.0000,2
9013,902,17946,8.0000,3
9014,902,15472,14.0000,4
9015,902,7324,10.0000,5
9016,902,16234,4.0000,6
9017,902,25471,1.0000,7
9018,902,22157,15.0000,8
9019,902,25616,3.0000,9
9020,902,5319,14.0000,10
9021,903,24766,15.0000,1
9022,903,28230,16.0000,2
9023,903,29526,5.0000,3
9024,903,5788,2.0000,4
9025,903,12165,2.0000,5
9026,903,24168,16.0000,6
9027,903,29623,1.0000,7
9028,903,23909,4.0000,8
9029,903,14922,20.0000,9
9030,903,8859,18.0000,10
9031,904,29877,2.0000,1
9032,904,10393,4.0000,2
9033,904,11061,10.0000,3
9034,904,19293,11.0000,4
9035,904,24194,8.0000,5
9036,904,5634,15.0000,6
9037,904,5629,12.0000,7
9038,904,5596,5.0000,8
9039,904,10769,18.0000,9
9040,904,27315,11.0000,10
9041,905,8276,14.0000,1
9042,905,8061,14.0000,2
9043,905,14594,8.0000,3
9044,905,15409,8.0000,4
9045,905,1945,4.0000,5
9046,905,2751,17.0000,6
9047,905,14313,10.0000,7
9048,905,7286,4.0000,8
9049,905,19194,11.0000,9
9050,905,25977,5.0000,10
9051,906,15008,14.0000,1
9052,906,21131,18.0000,2
9053,906,28980,14.0000,3
9054,906,28810,7.0000,4
9055,906,16695,14.0000,5
9056,906,7601,7.0000,6
9057,906,27451,14.0000,7
9058,906,25079,5.0000,8
9059,906,72,2.0000,9
9060,906,20190,12.0000,10
9061,907,23637,1.0000,1
9062,907,12761,11.0000,2
9063,907,15229,20.0000,3
9064,907,24576,18.0000,4
9065,907,13068,4.0000,5
9066,907,16935,9.0000,6
9067,907,20523,4.0000,7
9068,907,295,1.0000,8
9069,907,22574,2.0000,9
9070,907,19788,18.0000,10
9071,908,9563,10.0000,1
9072,908,25151,16.0000,2
9073,908,22065,3.0000,3
9074,908,28315,20.0000,4
9075,908,296,14.0000,5
9076,908,11315,10.0000,6
9077,908,4313,11.0000,7
9078,908,783,20.0000,8
9079,908,14638,10.0000,9
9080,908,13784,2.0000,10
9081,909,8381,16.0000,1
9082,909,8009,8.0000,2
9083,909,5310,14.0000,3
9084,909,25859,2.0000,4
9085,909,1303,3.0000,5
9086,909,20380,16.0000,6
9087,909,18139,12.0000,7
9088,909,17504,2.0000,8
9089,909,2098,9.0000,9
9090,909,6156,18.0000,10
9091,910,18751,7.0000,1
9092,910,5017,16.0000,2
9093,910,1936,3.0000,3
9094,910,3508,9.0000,4
9095,910,8276,5.0000,5
9096,910,16832,8.0000,6
9097,910,8843,9.0000,7
9098,910,9655,6.0000,8
9099,910,23118,7.0000,9
9100,910,22248,3.0000,10
9101,911,17258,4.0000,1
9102,911,27547,2.0000,2
9103,911,21117,15.0000,3
9104,911,17622,2.0000,4
9105,911,29754,18.0000,5
9106,911,18296,6.0000,6
9107,911,1277,8.0000,7
9108,911,23531,18.0000,8
9109,911,20404,20.0000,9
9110,911,8164,7.0000,10
9111,912,25643,10.0000,1
9112,912,7416,17.0000,2
9113,912,25666,17.0000,3
9114,912,26933,11.0000,4
9115,912,4755,13.0000,5
9116,912,6835,3.0000,6
9117,912,27889,19.0000,7
9118,912,19582,19.0000,8
9119,912,17794,11.0000,9
9120,912,19758,11.0000,10
9121,913,18978,4.0000,1
9122,913,26219,2.0000,2
9123,913,19540,3.0000,3
9124,913,1579,5.0000,4
9125,913,13679,1.0000,5
9126,913,16167,2.0000,6
9127,913,10960,18.0000,7
9128,913,26697,6.0000,8
9129,913,6985,5.0000,9
9130,913,14910,18.0000,10
9131,914,28430,1.0000,1
9132,914,17917,7.0000,2
9133,914,21234,3.0000,3
9134,914,28465,2.0000,4
9135,914,5426,3.0000,5
9136,914,15571,16.0000,6
9137,914,9897,11.0000,7
9138,914,19809,16.0000,8
9139,914,4690,13.0000,9
9140,914,14306,19.0000,10
9141,915,22370,12.0000,1
9142,915,26582,13.0000,2
9143,915,20122,11.0000,3
9144,915,5135,15.0000,4
9145,915,25867,17.0000,5
9146,915,27355,3.0000,6
9147,915,28239,5.0000,7
9148,915,8790,1.0000,8
9149,915,20587,5.0000,9
9150,915,9104,10.0000,10
9151,916,2779,20.0000,1
9152,916,5325,19.0000,2
9153,916,23775,7.0000,3
9154,916,16566,6.0000,4
9155,916,19971,8.0000,5
9156,916,4027,18.0000,6
9157,916,5684,9.0000,7
9158,916,25548,12.0000,8
9159,916,16783,20.0000,9
9160,916,25921,6.0000,10
9161,917,4903,6.0000,1
9162,917,4496,18.0000,2
9163,917,5800,20.0000,3
9164,917,2653,11.0000,4
9165,917,17875,15.0000,5
9166,917,26405,19.0000,6
9167,917,15023,7.0000,7
9168,917,29149,19.0000,8
9169,917,28609,7.0000,9
9170,917,8738,9.0000,10
9171,918,21116,12.0000,1
9172,918,23360,4.0000,2
9173,918,11751,18.0000,3
9174,918,14276,11.0000,4
9175,918,7472,9.0000,5
9176,918,18462,10.0000,6
9177,918,7294,6.0000,7
9178,918,26586,2.0000,8
9179,918,12586,16.0000,9
9180,918,10713,20.0000,10
9181,919,21947,19.0000,1
9182,919,19382,1.0000,2
9183,919,5738,7.0000,3
9184,919,26809,12.0000,4
9185,919,17291,19.0000,5
9186,919,2612,19.0000,6
9187,919,1030,18.0000,7
9188,919,25391,10.0000,8
9189,919,10371,7.0000,9
9190,919,25519,18.0000,10
9191,920,2145,16.0000,1
9192,920,8668,18.0000,2
9193,920,6938,2.0000,3
9194,920,28327,10.0000,4
9195,920,1052,16.0000,5
9196,920,13378,13.0000,6
9197,920,17982,18.0000,7
9198,920,29080,3.0000,8
9199,920,26049,8.0000,9
9200,920,7590,14.0000,10
9201,921,20917,7.0000,1
9202,921,21669,9.0000,2
9203,921,9954,16.0000,3
9204,921,26909,17.0000,4
9205,921,7670,10.0000,5
9206,921,25438,1.0000,6
9207,921,11031,20.0000,7
9208,921,18431,9.0000,8
9209,921,13769,1.0000,9
9210,921,593,11.0000,10
9211,922,23280,8.0000,1
9212,922,24097,13.0000,2
9213,922,16995,2.0000,3
9214,922,3987,15.0000,4
9215,922,9959,9.0000,5
9216,922,9534,19.0000,6
9217,922,19782,5.0000,7
9218,922,20582,17.0000,8
9219,922,26539,1.0000,9
9220,922,610,15.0000,10
9221,923,10810,6.0000,1
9222,923,5003,10.0000,2
9223,923,5672,5.0000,3
9224,923,5669,15.0000,4
9225,923,16254,6.0000,5
9226,923,20334,14.0000,6
9227,923,27829,16.0000,7
9228,923,7931,3.0000,8
9229,923,9431,18.0000,9
9230,923,25932,13.0000,10
9231,924,27296,3.0000,1
9232,924,13964,11.0000,2
9233,924,13894,20.0000,3
9234,924,25816,17.0000,4
9235,924,16587,2.0000,5
9236,924,23485,7.0000,6
9237,924,6887,14.0000,7
9238,924,27891,6.0000,8
9239,924,20304,19.0000,9
9240,924,1754,4.0000,10
9241,925,23859,10.0000,1
9242,925,3468,20.0000,2
9243,925,7616,13.0000,3
9244,925,1042,16.0000,4
9245,925,12235,18.0000,5
9246,925,11805,1.0000,6
9247,925,8591,6.0000,7
9248,925,17661,3.0000,8
9249,925,15478,11.0000,9
9250,925,23772,1.0000,10
9251,926,3301,9.0000,1
9252,926,26325,18.0000,2
9253,926,28194,14.0000,3
9254,926,14555,20.0000,4
9255,926,11417,18.0000,5
9256,926,22965,14.0000,6
9257,926,10054,7.0000,7
9258,926,23049,14.0000,8
9259,926,3467,4.0000,9
9260,926,29632,16.0000,10
9261,927,25414,4.0000,1
9262,927,7997,4.0000,2
9263,927,741,20.0000,3
9264,927,10832,9.0000,4
9265,927,10767,14.0000,5
9266,927,4017,18.0000,6
9267,927,10535,19.0000,7
9268,927,5750,7.0000,8
9269,927,3360,5.0000,9
9270,927,11545,14.0000,10
9271,928,16375,14.0000,1
9272,928,16015,15.0000,2
9273,928,14801,6.0000,3
9274,928,18103,3.0000,4
9275,928,12105,5.0000,5
9276,928,16488,2.0000,6
9277,928,18330,13.0000,7
9278,928,27226,19.0000,8
9279,928,6286,9.0000,9
9280,928,10823,12.0000,10
9281,929,21310,9.0000,1
9282,929,11772,18.0000,2
9283,929,27554,15.0000,3
9284,929,1176,20.0000,4
9285,929,9396,19.0000,5
9286,929,1131,14.0000,6
9287,929,29114,11.0000,7
9288,929,5662,15.0000,8
9289,929,18755,10.0000,9
9290,929,26355,14.0000,10
9291,930,2080,10.0000,1
9292,930,27643,5.0000,2
9293,930,361,20.0000,3
9294,930,20940,10.0000,4
9295,930,13827,13.0000,5
9296,930,16135,5.0000,6
9297,930,12057,15.0000,7
9298,930,14301,1.0000,8
9299,930,4502,12.0000,9
9300,930,15335,3.0000,10
9301,931,4857,10.0000,1
9302,931,23015,16.0000,2
9303,931,6646,5.0000,3
9304,931,6292,18.0000,4
9305,931,10507,9.0000,5
9306,931,28,8.0000,6
9307,931,1205,17.0000,7
9308,931,5769,17.0000,8
9309,931,15124,14.0000,9
9310,931,8471,2.0000,10
9311,932,4710,12.0000,1
9312,932,9631,17.0000,2
9313,932,8277,14.0000,3
9314,932,23730,20.0000,4
9315,932,10111,7.0000,5
9316,932,6003,14.0000,6
9317,932,27670,7.0000,7
9318,932,11850,8.0000,8
9319,932,21483,12.0000,9
9320,932,15984,4.0000,10
9321,933,14059,8.0000,1
9322,933,11664,16.0000,2
9323,933,689,4.0000,3
9324,933,28418,15.0000,4
9325,933,1339,7.0000,5
9326,933,8948,17.0000,6
9327,933,24132,16.0000,7
9328,933,17492,16.0000,8
9329,933,10096,16.0000,9
9330,933,4354,1.0000,10
9331,934,25342,18.0000,1
9332,934,3512,1.0000,2
9333,934,2119,10.0000,3
9334,934,9436,10.0000,4
9335,934,20103,7.0000,5
9336,934,27307,16.0000,6
9337,934,14167,20.0000,7
9338,934,8057,17.0000,8
9339,934,22041,16.0000,9
9340,934,16214,17.0000,10
9341,935,15524,20.0000,1
9342,935,21316,5.0000,2
9343,935,19700,10.0000,3
9344,935,6234,12.0000,4
9345,935,21345,6.0000,5
9346,935,15099,10.0000,6
9347,935,18259,3.0000,7
9348,935,19836,16.0000,8
9349,935,3616,11.0000,9
9350,935,10977,18.0000,10
9351,936,12405,8.0000,1
9352,936,7600,18.0000,2
9353,936,25147,7.0000,3
9354,936,14810,6.0000,4
9355,936,15467,13.0000,5
9356,936,5262,2.0000,6
9357,936,9904,5.0000,7
9358,936,13030,10.0000,8
9359,936,6666,11.0000,9
9360,936,3563,20.0000,10
9361,937,14108,17.0000,1
9362,937,25385,12.0000,2
9363,937,22129,8.0000,3
9364,937,27172,14.0000,4
9365,937,3497,18.0000,5
9366,937,22222,4.0000,6
9367,937,13758,12.0000,7
9368,937,29944,1.0000,8
9369,937,1757,12.0000,9
9370,937,4496,6.0000,10
9371,938,17184,12.0000,1
9372,938,21877,3.0000,2
9373,938,28162,1.0000,3
9374,938,17915,11.0000,4
9375,938,9730,5.0000,5
9376,938,24763,12.0000,6
9377,938,2142,18.0000,7
9378,938,14877,16.0000,8
9379,938,26554,19.0000,9
9380,938,7954,10.0000,10
9381,939,14650,13.0000,1
9382,939,26089,6.0000,2
9383,939,16914,15.0000,3
9384,939,383,19.0000,4
9385,939,4109,1.0000,5
9386,939,25466,20.0000,6
9387,939,18823,5.0000,7
9388,939,24040,5.0000,8
9389,939,20514,20.0000,9
9390,939,10096,20.0000,10
9391,940,13290,8.0000,1
9392,940,8256,16.0000,2
9393,940,20261,8.0000,3
9394,940,10908,20.0000,4
9395,940,29453,20.0000,5
9396,940,13654,14.0000,6
9397,940,17723,17.0000,7
9398,940,11515,1.0000,8
9399,940,27102,12.0000,9
9400,940,20200,8.0000,10
9401,941,1222,13.0000,1
9402,941,15175,4.0000,2
9403,941,17788,6.0000,3
9404,941,15320,13.0000,4
9405,941,18578,12.0000,5
9406,941,20102,5.0000,6
9407,941,6570,15.0000,7
9408,941,18292,2.0000,8
9409,941,13760,4.0000,9
9410,941,18451,12.0000,10
9411,942,18754,4.0000,1
9412,942,29009,5.0000,2
9413,942,23124,10.0000,3
9414,942,2286,20.0000,4
9415,942,29438,18.0000,5
9416,942,192,11.0000,6
9417,942,15818,15.0000,7
9418,942,14148,9.0000,8
9419,942,18297,6.0000,9
9420,942,27689,11.0000,10
9421,943,2267,20.0000,1
9422,943,1709,11.0000,2
9423,943,22154,14.0000,3
9424,943,21456,16.0000,4
9425,943,7788,5.0000,5
9426,943,19359,7.0000,6
9427,943,7464,20.0000,7
9428,943,2826,6.0000,8
9429,943,21019,7.0000,9
9430,943,10064,3.0000,10
9431,944,9027,14.0000,1
9432,944,912,17.0000,2
9433,944,11511,19.0000,3
9434,944,27543,11.0000,4
9435,944,24615,20.0000,5
9436,944,10511,19.0000,6
9437,944,25910,17.0000,7
9438,944,17789,13.0000,8
9439,944,4053,8.0000,9
9440,944,28842,8.0000,10
9441,945,9689,9.0000,1
9442,945,2415,13.0000,2
9443,945,715,16.0000,3
9444,945,19922,3.0000,4
9445,945,4130,7.0000,5
9446,945,7310,5.0000,6
9447,945,25508,10.0000,7
9448,945,28390,19.0000,8
9449,945,11904,4.0000,9
9450,945,15495,10.0000,10
9451,946,13015,1.0000,1
9452,946,17027,5.0000,2
9453,946,9877,1.0000,3
9454,946,4310,1.0000,4
9455,946,13286,20.0000,5
9456,946,26758,4.0000,6
9457,946,27779,9.0000,7
9458,946,5030,7.0000,8
9459,946,18192,18.0000,9
9460,946,15089,19.0000,10
9461,947,25466,11.0000,1
9462,947,25419,17.0000,2
9463,947,8319,10.0000,3
9464,947,20804,15.0000,4
9465,947,6199,20.0000,5
9466,947,20978,18.0000,6
9467,947,6715,1.0000,7
9468,947,7083,10.0000,8
9469,947,26639,15.0000,9
9470,947,3820,3.0000,10
9471,948,13010,5.0000,1
9472,948,22378,11.0000,2
9473,948,29464,8.0000,3
9474,948,28889,17.0000,4
9475,948,19137,5.0000,5
9476,948,14249,11.0000,6
9477,948,23110,12.0000,7
9478,948,21619,3.0000,8
9479,948,10863,15.0000,9
9480,948,7648,19.0000,10
9481,949,18039,7.0000,1
9482,949,12281,6.0000,2
9483,949,416,3.0000,3
9484,949,3330,2.0000,4
9485,949,16069,3.0000,5
9486,949,9785,17.0000,6
9487,949,19681,16.0000,7
9488,949,26138,10.0000,8
9489,949,23674,20.0000,9
9490,949,14526,18.0000,10
9491,950,11518,3.0000,1
9492,950,14454,12.0000,2
9493,950,22994,15.0000,3
9494,950,6945,11.0000,4
9495,950,641,18.0000,5
9496,950,27554,8.0000,6
9497,950,29812,8.0000,7
9498,950,9828,20.0000,8
9499,950,22207,20.0000,9
9500,950,10930,11.0000,10
9501,951,10051,5.0000,1
9502,951,11464,10.0000,2
9503,951,16370,15.0000,3
9504,951,3364,4.0000,4
9505,951,28886,4.0000,5
9506,951,2256,19.0000,6
9507,951,26724,14.0000,7
9508,951,7222,12.0000,8
9509,951,22140,13.0000,9
9510,951,20467,11.0000,10
9511,952,8911,1.0000,1
9512,952,11354,8.0000,2
9513,952,22710,3.0000,3
9514,952,5139,8.0000,4
9515,952,17036,1.0000,5
9516,952,12224,1.0000,6
9517,952,6745,2.0000,7
9518,952,7176,4.0000,8
9519,952,28794,16.0000,9
9520,952,1863,6.0000,10
9521,953,2273,17.0000,1
9522,953,28805,17.0000,2
9523,953,11985,8.0000,3
9524,953,16664,11.0000,4
9525,953,4892,9.0000,5
9526,953,9646,13.0000,6
9527,953,17560,6.0000,7
9528,953,1261,15.0000,8
9529,953,17574,20.0000,9
9530,953,16758,9.0000,10
9531,954,27205,5.0000,1
9532,954,22104,4.0000,2
9533,954,17182,20.0000,3
9534,954,24534,18.0000,4
9535,954,6930,6.0000,5
9536,954,24722,6.0000,6
9537,954,9701,1.0000,7
9538,954,29388,14.0000,8
9539,954,2600,10.0000,9
9540,954,8902,3.0000,10
9541,955,21777,12.0000,1
9542,955,12383,2.0000,2
9543,955,15833,4.0000,3
9544,955,7094,3.0000,4
9545,955,5226,8.0000,5
9546,955,8587,17.0000,6
9547,955,28695,7.0000,7
9548,955,13813,2.0000,8
9549,955,13655,5.0000,9
9550,955,15077,7.0000,10
9551,956,17845,9.0000,1
9552,956,19972,18.0000,2
9553,956,15105,3.0000,3
9554,956,998,20.0000,4
9555,956,13582,10.0000,5
9556,956,26910,18.0000,6
9557,956,11276,4.0000,7
9558,956,27260,15.0000,8
9559,956,1973,2.0000,9
9560,956,14925,5.0000,10
9561,957,508,13.0000,1
9562,957,9651,17.0000,2
9563,957,4707,13.0000,3
9564,957,27944,18.0000,4
9565,957,10731,18.0000,5
9566,957,10497,15.0000,6
9567,957,27100,12.0000,7
9568,957,7386,8.0000,8
9569,957,8760,10.0000,9
9570,957,28655,10.0000,10
9571,958,2566,6.0000,1
9572,958,22042,13.0000,2
9573,958,27481,16.0000,3
9574,958,27745,7.0000,4
9575,958,19397,15.0000,5
9576,958,28112,11.0000,6
9577,958,12270,13.0000,7
9578,958,7518,14.0000,8
9579,958,29313,5.0000,9
9580,958,6816,20.0000,10
9581,959,27545,20.0000,1
9582,959,20094,10.0000,2
9583,959,15508,13.0000,3
9584,959,7494,19.0000,4
9585,959,23106,14.0000,5
9586,959,2153,8.0000,6
9587,959,11238,15.0000,7
9588,959,26774,3.0000,8
9589,959,21516,3.0000,9
9590,959,13732,20.0000,10
9591,960,1566,16.0000,1
9592,960,14332,6.0000,2
9593,960,29583,7.0000,3
9594,960,18158,15.0000,4
9595,960,1045,18.0000,5
9596,960,7541,11.0000,6
9597,960,10182,10.0000,7
9598,960,20846,6.0000,8
9599,960,22057,3.0000,9
9600,960,19357,16.0000,10
9601,961,9719,10.0000,1
9602,961,15977,8.0000,2
9603,961,5589,4.0000,3
9604,961,27983,8.0000,4
9605,961,21039,1.0000,5
9606,961,17909,14.0000,6
9607,961,23200,15.0000,7
9608,961,2245,13.0000,8
9609,961,7756,1.0000,9
9610,961,22360,6.0000,10
9611,962,323,11.0000,1
9612,962,27997,17.0000,2
9613,962,16990,6.0000,3
9614,962,1870,18.0000,4
9615,962,29412,6.0000,5
9616,962,1251,15.0000,6
9617,962,13410,15.0000,7
9618,962,967,1.0000,8
9619,962,4064,13.0000,9
9620,962,28820,19.0000,10
9621,963,25167,14.0000,1
9622,963,26616,19.0000,2
9623,963,5306,14.0000,3
9624,963,12743,17.0000,4
9625,963,6005,4.0000,5
9626,963,23342,6.0000,6
9627,963,6432,9.0000,7
9628,963,5532,7.0000,8
9629,963,6099,10.0000,9
9630,963,27373,1.0000,10
9631,964,25107,4.0000,1
9632,964,16138,14.0000,2
9633,964,5223,19.0000,3
9634,964,20618,10.0000,4
9635,964,18021,17.0000,5
9636,964,21241,10.0000,6
9637,964,2317,9.0000,7
9638,964,15808,20.0000,8
9639,964,6495,7.0000,9
9640,964,21058,5.0000,10
9641,965,13742,15.0000,1
9642,965,2243,20.0000,2
9643,965,23580,12.0000,3
9644,965,9562,19.0000,4
9645,965,28176,6.0000,5
9646,965,29159,17.0000,6
9647,965,981,9.0000,7
9648,965,16783,13.0000,8
9649,965,21625,7.0000,9
9650,965,19423,5.0000,10
9651,966,6870,10.0000,1
9652,966,16469,8.0000,2
9653,966,18709,20.0000,3
9654,966,14264,6.0000,4
9655,966,2941,20.0000,5
9656,966,28400,3.0000,6
9657,966,15170,9.0000,7
9658,966,12696,20.0000,8
9659,966,3098,12.0000,9
9660,966,20123,15.0000,10
9661,967,7323,6.0000,1
9662,967,163,8.0000,2
9663,967,4191,14.0000,3
9664,967,20916,2.0000,4
9665,967,26043,11.0000,5
9666,967,13205,8.0000,6
9667,967,5489,13.0000,7
9668,967,7752,9.0000,8
9669,967,25079,7.0000,9
9670,967,16616,9.0000,10
9671,968,11920,17.0000,1
9672,968,8473,14.0000,2
9673,968,11398,13.0000,3
9674,968,15224,14.0000,4
9675,968,8016,18.0000,5
9676,968,2184,2.0000,6
9677,968,12416,12.0000,7
9678,968,28991,1.0000,8
9679,968,9993,18.0000,9
9680,968,4556,14.0000,10
9681,969,24645,19.0000,1
9682,969,21195,1.0000,2
9683,969,17355,2.0000,3
9684,969,3598,12.0000,4
9685,969,13334,5.0000,5
9686,969,9463,4.0000,6
9687,969,20282,19.0000,7
9688,969,2591,11.0000,8
9689,969,17503,14.0000,9
9690,969,23231,20.0000,10
9691,970,18525,17.0000,1
9692,970,24418,8.0000,2
9693,970,12918,15.0000,3
9694,970,9356,8.0000,4
9695,970,2522,4.0000,5
9696,970,10267,3.0000,6
9697,970,9861,8.0000,7
9698,970,26422,5.0000,8
9699,970,9218,1.0000,9
9700,970,29844,8.0000,10
9701,971,16579,15.0000,1
9702,971,3756,7.0000,2
9703,971,2942,2.0000,3
9704,971,28157,19.0000,4
9705,971,2417,20.0000,5
9706,971,26481,7.0000,6
9707,971,23516,9.0000,7
9708,971,2917,18.0000,8
9709,971,6332,8.0000,9
9710,971,136,20.0000,10
9711,972,8622,14.0000,1
9712,972,22357,19.0000,2
9713,972,17798,19.0000,3
9714,972,27500,1.0000,4
9715,972,21540,1.0000,5
9716,972,5247,3.0000,6
9717,972,313,4.0000,7
9718,972,552,6.0000,8
9719,972,3235,16.0000,9
9720,972,11918,17.0000,10
9721,973,1816,4.0000,1
9722,973,4215,1.0000,2
9723,973,18061,6.0000,3
9724,973,25048,2.0000,4
9725,973,1979,14.0000,5
9726,973,12173,9.0000,6
9727,973,3648,11.0000,7
9728,973,5333,7.0000,8
9729,973,5522,12.0000,9
9730,973,25013,17.0000,10
9731,974,28829,6.0000,1
9732,974,26021,14.0000,2
9733,974,20001,14.0000,3
9734,974,9583,13.0000,4
9735,974,19974,18.0000,5
9736,974,23003,17.0000,6
9737,974,1404,12.0000,7
9738,974,28756,3.0000,8
9739,974,9544,2.0000,9
9740,974,20608,4.0000,10
9741,975,21914,13.0000,1
9742,975,9815,5.0000,2
9743,975,12886,18.0000,3
9744,975,24303,19.0000,4
9745,975,28497,14.0000,5
9746,975,2458,5.0000,6
9747,975,12114,9.0000,7
9748,975,8864,13.0000,8
9749,975,13154,9.0000,9
9750,975,23702,3.0000,10
9751,976,3620,17.0000,1
9752,976,12540,17.0000,2
9753,976,723,2.0000,3
9754,976,28221,15.0000,4
9755,976,23181,20.0000,5
9756,976,20506,19.0000,6
9757,976,11529,16.0000,7
9758,976,13721,17.0000,8
9759,976,17807,17.0000,9
9760,976,12692,20.0000,10
9761,977,13573,6.0000,1
9762,977,10496,6.0000,2
9763,977,5657,13.0000,3
9764,977,19089,13.0000,4
9765,977,13304,6.0000,5
9766,977,18953,11.0000,6
9767,977,4131,14.0000,7
9768,977,16291,5.0000,8
9769,977,20597,15.0000,9
9770,977,29505,4.0000,10
9771,978,22099,2.0000,1
9772,978,12102,9.0000,2
9773,978,7845,3.0000,3
9774,978,131,1.0000,4
9775,978,16200,17.0000,5
9776,978,16520,14.0000,6
9777,978,27347,3.0000,7
9778,978,6482,4.0000,8
9779,978,14979,6.0000,9
9780,978,1431,7.0000,10
9781,979,13879,15.0000,1
9782,979,16652,6.0000,2
9783,979,4891,15.0000,3
9784,979,3296,18.0000,4
9785,979,15414,11.0000,5
9786,979,23615,17.0000,6
9787,979,7362,14.0000,7
9788,979,13670,15.0000,8
9789,979,685,14.0000,9
9790,979,13927,17.0000,10
9791,980,12120,5.0000,1
9792,980,7455,1.0000,2
9793,980,15199,20.0000,3
9794,980,28046,13.0000,4
9795,980,23528,18.0000,5
9796,980,25786,15.0000,6
9797,980,2306,10.0000,7
9798,980,14807,3.0000,8
9799,980,23351,4.0000,9
9800,980,24585,5.0000,10
9801,981,18040,1.0000,1
9802,981,7120,7.0000,2
9803,981,22106,12.0000,3
9804,981,17260,18.0000,4
9805,981,16807,5.0000,5
9806,981,18642,11.0000,6
9807,981,13670,20.0000,7
9808,981,28885,5.0000,8
9809,981,22179,12.0000,9
9810,981,29202,11.0000,10
9811,982,14080,4.0000,1
9812,982,3231,19.0000,2
9813,982,23816,10.0000,3
9814,982,28108,17.0000,4
9815,982,20436,5.0000,5
9816,982,28339,4.0000,6
9817,982,12463,20.0000,7
9818,982,26611,17.0000,8
9819,982,3589,6.0000,9
9820,982,21630,10.0000,10
9821,983,13797,12.0000,1
9822,983,1734,5.0000,2
9823,983,22262,7.0000,3
9824,983,10660,8.0000,4
9825,983,6589,17.0000,5
9826,983,15106,1.0000,6
9827,983,24851,7.0000,7
9828,983,8992,1.0000,8
9829,983,1721,3.0000,9
9830,983,19591,2.0000,10
9831,984,13932,9.0000,1
9832,984,8746,9.0000,2
9833,984,6963,4.0000,3
9834,984,4823,9.0000,4
9835,984,10048,2.0000,5
9836,984,24243,19.0000,6
9837,984,29472,13.0000,7
9838,984,8966,16.0000,8
9839,984,14292,9.0000,9
9840,984,8579,16.0000,10
9841,985,20523,13.0000,1
9842,985,27485,1.0000,2
9843,985,10696,18.0000,3
9844,985,3019,14.0000,4
9845,985,10254,2.0000,5
9846,985,9484,13.0000,6
9847,985,26561,8.0000,7
9848,985,12812,6.0000,8
9849,985,17702,19.0000,9
9850,985,17745,7.0000,10
9851,986,5869,16.0000,1
9852,986,12016,2.0000,2
9853,986,28356,18.0000,3
9854,986,8699,2.0000,4
9855,986,14632,20.0000,5
9856,986,22423,12.0000,6
9857,986,22973,17.0000,7
9858,986,27817,20.0000,8
9859,986,23062,19.0000,9
9860,986,19629,3.0000,10
9861,987,13951,6.0000,1
9862,987,25742,10.0000,2
9863,987,11574,19.0000,3
9864,987,3687,11.0000,4
9865,987,1076,16.0000,5
9866,987,15158,20.0000,6
9867,987,16834,1.0000,7
9868,987,24853,16.0000,8
9869,987,19418,7.0000,9
9870,987,28407,14.0000,10
9871,988,29055,12.0000,1
9872,988,21317,3.0000,2
9873,988,26535,4.0000,3
9874,988,2061,13.0000,4
9875,988,15810,4.0000,5
9876,988,10885,19.0000,6
9877,988,6596,7.0000,7
9878,988,5901,16.0000,8
9879,988,3428,17.0000,9
9880,988,28010,14.0000,10
9881,989,5471,19.0000,1
9882,989,888,4.0000,2
9883,989,11178,13.0000,3
9884,989,24506,18.0000,4
9885,989,2839,17.0000,5
9886,989,17687,9.0000,6
9887,989,6515,10.0000,7
9888,989,28372,2.0000,8
9889,989,14904,15.0000,9
9890,989,13683,15.0000,10
9891,990,23947,19.0000,1
9892,990,5805,6.0000,2
9893,990,204,18.0000,3
9894,990,9065,2.0000,4
9895,990,22722,9.0000,5
9896,990,21219,7.0000,6
9897,990,8006,11.0000,7
9898,990,13202,9.0000,8
9899,990,16404,3.0000,9
9900,990,10863,11.0000,10
9901,991,25806,5.0000,1
9902,991,8818,3.0000,2
9903,991,12405,12.0000,3
9904,991,25930,8.0000,4
9905,991,6154,14.0000,5
9906,991,26419,18.0000,6
9907,991,14464,6.0000,7
9908,991,13520,8.0000,8
9909,991,3354,11.0000,9
9910,991,9765,5.0000,10
9911,992,13661,6.0000,1
9912,992,5699,7.0000,2
9913,992,24702,1.0000,3
9914,992,14494,18.0000,4
9915,992,2568,1.0000,5
9916,992,15387,9.0000,6
9917,992,22153,14.0000,7
9918,992,8385,20.0000,8
9919,992,29573,17.0000,9
9920,992,23843,2.0000,10
9921,993,3303,5.0000,1
9922,993,5617,8.0000,2
9923,993,11155,12.0000,3
9924,993,15060,8.0000,4
9925,993,5504,6.0000,5
9926,993,21232,14.0000,6
9927,993,24056,3.0000,7
9928,993,4682,1.0000,8
9929,993,20840,17.0000,9
9930,993,3871,16.0000,10
9931,994,19562,18.0000,1
9932,994,21439,20.0000,2
9933,994,29075,8.0000,3
9934,994,2588,9.0000,4
9935,994,9171,13.0000,5
9936,994,10189,7.0000,6
9937,994,17630,15.0000,7
9938,994,23027,8.0000,8
9939,994,24564,14.0000,9
9940,994,19365,12.0000,10
9941,995,22198,4.0000,1
9942,995,29394,13.0000,2
9943,995,3525,17.0000,3
9944,995,9943,15.0000,4
9945,995,3494,14.0000,5
9946,995,4250,7.0000,6
9947,995,13069,9.0000,7
9948,995,3909,20.0000,8
9949,995,49,10.0000,9
9950,995,4623,6.0000,10
9951,996,26047,2.0000,1
9952,996,24642,8.0000,2
9953,996,21831,8.0000,3
9954,996,5947,7.0000,4
9955,996,17544,6.0000,5
9956,996,14339,11.0000,6
9957,996,11833,20.0000,7
9958,996,18603,10.0000,8
9959,996,26704,2.0000,9
9960,996,16720,5.0000,10
9961,997,3225,11.0000,1
9962,997,22115,2.0000,2
9963,997,26914,9.0000,3
9964,997,21958,7.0000,4
9965,997,2922,18.0000,5
9966,997,18160,14.0000,6
9967,997,26622,18.0000,7
9968,997,28134,9.0000,8
9969,997,21315,5.0000,9
9970,997,12571,2.0000,10
9971,998,18813,3.0000,1
9972,998,22466,11.0000,2
9973,998,7762,17.0000,3
9974,998,23155,17.0000,4
9975,998,1969,9.0000,5
9976,998,16470,13.0000,6
9977,998,7763,12.0000,7
9978,998,2785,5.0000,8
9979,998,24595,1.0000,9
9980,998,18334,9.0000,10
9981,999,10970,11.0000,1
9982,999,12890,12.0000,2
9983,999,149,15.0000,3
9984,999,6008,4.0000,4
9985,999,21347,3.0000,5
9986,999,29299,2.0000,6
9987,999,22348,13.0000,7
9988,999,25396,13.0000,8
9989,999,24788,9.0000,9
9990,999,21722,18.0000,10
9991,1000,11761,19.0000,1
9992,1000,16468,16.0000,2
9993,1000,19956,3.0000,3
9994,1000,19156,4.0000,4
9995,1000,7835,18.0000,5
9996,1000,20721,12.0000,6
9997,1000,14152,8.0000,7
9998,1000,19579,1.0000,8
9999,1000,3639,11.0000,9
10000,1000,17979,5.0000,10
10001,1001,4667,10.0000,1
10002,1001,10839,5.0000,2
10003,1001,25329,4.0000,3
10004,1001,2709,17.0000,4
10005,1001,12523,9.0000,5
10006,1001,2726,10.0000,6
10007,1001,13821,6.0000,7
10008,1001,16085,6.0000,8
10009,1001,10265,4.0000,9
10010,1001,16263,18.0000,10
10011,1002,21364,1.0000,1
10012,1002,23222,9.0000,2
10013,1002,29338,4.0000,3
10014,1002,14204,7.0000,4
10015,1002,24332,3.0000,5
10016,1002,26297,16.0000,6
10017,1002,18076,15.0000,7
10018,1002,22426,8.0000,8
10019,1002,29562,8.0000,9
10020,1002,22076,10.0000,10
10021,1003,23584,11.0000,1
10022,1003,22463,19.0000,2
10023,1003,7845,6.0000,3
10024,1003,18520,8.0000,4
10025,1003,27935,19.0000,5
10026,1003,3712,19.0000,6
10027,1003,9333,19.0000,7
10028,1003,760,12.0000,8
10029,1003,14189,3.0000,9
10030,1003,14914,16.0000,10
10031,1004,10674,2.0000,1
10032,1004,18073,8.0000,2
10033,1004,15883,12.0000,3
10034,1004,10614,5.0000,4
10035,1004,12395,2.0000,5
10036,1004,16692,13.0000,6
10037,1004,23072,9.0000,7
10038,1004,19048,5.0000,8
10039,1004,22086,7.0000,9
10040,1004,14409,10.0000,10
10041,1005,9562,15.0000,1
10042,1005,12801,9.0000,2
10043,1005,26017,11.0000,3
10044,1005,13291,17.0000,4
10045,1005,17135,17.0000,5
10046,1005,911,14.0000,6
10047,1005,13240,12.0000,7
10048,1005,18406,3.0000,8
10049,1005,6070,17.0000,9
10050,1005,28480,2.0000,10
10051,1006,23370,4.0000,1
10052,1006,4893,8.0000,2
10053,1006,9189,17.0000,3
10054,1006,25539,4.0000,4
10055,1006,1631,16.0000,5
10056,1006,12283,6.0000,6
10057,1006,26530,20.0000,7
10058,1006,5431,16.0000,8
10059,1006,27124,9.0000,9
10060,1006,604,18.0000,10
10061,1007,3184,11.0000,1
10062,1007,22463,14.0000,2
10063,1007,10422,5.0000,3
10064,1007,10146,2.0000,4
10065,1007,3508,14.0000,5
10066,1007,18597,12.0000,6
10067,1007,11164,5.0000,7
10068,1007,24956,10.0000,8
10069,1007,17392,11.0000,9
10070,1007,8129,3.0000,10
10071,1008,3845,9.0000,1
10072,1008,10856,2.0000,2
10073,1008,13870,11.0000,3
10074,1008,857,20.0000,4
10075,1008,1368,7.0000,5
10076,1008,29241,20.0000,6
10077,1008,20565,7.0000,7
10078,1008,21805,14.0000,8
10079,1008,11132,5.0000,9
10080,1008,7505,10.0000,10
10081,1009,21601,20.0000,1
10082,1009,7737,17.0000,2
10083,1009,21371,15.0000,3
10084,1009,12178,14.0000,4
10085,1009,3611,3.0000,5
10086,1009,6047,14.0000,6
10087,1009,24299,20.0000,7
10088,1009,24205,5.0000,8
10089,1009,25773,12.0000,9
10090,1009,22691,4.0000,10
10091,1010,15910,6.0000,1
10092,1010,4093,9.0000,2
10093,1010,24282,1.0000,3
10094,1010,14527,4.0000,4
10095,1010,6466,11.0000,5
10096,1010,29638,9.0000,6
10097,1010,20153,15.0000,7
10098,1010,19547,8.0000,8
10099,1010,28564,1.0000,9
10100,1010,18198,18.0000,10
10101,1011,11163,18.0000,1
10102,1011,22687,1.0000,2
10103,1011,16110,7.0000,3
10104,1011,13834,6.0000,4
10105,1011,1700,16.0000,5
10106,1011,1396,1.0000,6
10107,1011,25087,5.0000,7
10108,1011,7632,14.0000,8
10109,1011,214,5.0000,9
10110,1011,19719,20.0000,10
10111,1012,6799,12.0000,1
10112,1012,1029,17.0000,2
10113,1012,27537,17.0000,3
10114,1012,15554,17.0000,4
10115,1012,25372,5.0000,5
10116,1012,26119,1.0000,6
10117,1012,25089,3.0000,7
10118,1012,29753,2.0000,8
10119,1012,26132,15.0000,9
10120,1012,3583,13.0000,10
10121,1013,479,12.0000,1
10122,1013,14929,12.0000,2
10123,1013,17997,9.0000,3
10124,1013,23505,9.0000,4
10125,1013,25027,19.0000,5
10126,1013,14610,3.0000,6
10127,1013,17050,18.0000,7
10128,1013,26343,5.0000,8
10129,1013,25358,20.0000,9
10130,1013,19906,15.0000,10
10131,1014,4542,7.0000,1
10132,1014,211,1.0000,2
10133,1014,29815,4.0000,3
10134,1014,12452,10.0000,4
10135,1014,26084,13.0000,5
10136,1014,17234,3.0000,6
10137,1014,2956,7.0000,7
10138,1014,13264,18.0000,8
10139,1014,21157,3.0000,9
10140,1014,22279,20.0000,10
10141,1015,637,19.0000,1
10142,1015,16240,19.0000,2
10143,1015,24547,9.0000,3
10144,1015,1679,19.0000,4
10145,1015,10824,10.0000,5
10146,1015,6281,13.0000,6
10147,1015,4412,6.0000,7
10148,1015,23247,13.0000,8
10149,1015,22525,20.0000,9
10150,1015,20553,10.0000,10
10151,1016,26930,12.0000,1
10152,1016,23934,18.0000,2
10153,1016,2748,18.0000,3
10154,1016,27011,4.0000,4
10155,1016,147,6.0000,5
10156,1016,3707,3.0000,6
10157,1016,23420,14.0000,7
10158,1016,24522,7.0000,8
10159,1016,7784,11.0000,9
10160,1016,29202,11.0000,10
10161,1017,14183,4.0000,1
10162,1017,10304,9.0000,2
10163,1017,11035,12.0000,3
10164,1017,4106,6.0000,4
10165,1017,20950,16.0000,5
10166,1017,19846,13.0000,6
10167,1017,27967,8.0000,7
10168,1017,17944,3.0000,8
10169,1017,26488,11.0000,9
10170,1017,19404,2.0000,10
10171,1018,29790,1.0000,1
10172,1018,14746,3.0000,2
10173,1018,20653,14.0000,3
10174,1018,17903,2.0000,4
10175,1018,11545,2.0000,5
10176,1018,8441,13.0000,6
10177,1018,27564,17.0000,7
10178,1018,4923,17.0000,8
10179,1018,25248,17.0000,9
10180,1018,5812,8.0000,10
10181,1019,20847,18.0000,1
10182,1019,29114,17.0000,2
10183,1019,1546,20.0000,3
10184,1019,27711,19.0000,4
10185,1019,16794,19.0000,5
10186,1019,17301,19.0000,6
10187,1019,17367,6.0000,7
10188,1019,5651,19.0000,8
10189,1019,25691,3.0000,9
10190,1019,10353,5.0000,10
10191,1020,13017,8.0000,1
10192,1020,12736,8.0000,2
10193,1020,10628,4.0000,3
10194,1020,9216,16.0000,4
10195,1020,164,7.0000,5
10196,1020,3732,20.0000,6
10197,1020,25143,20.0000,7
10198,1020,6817,1.0000,8
10199,1020,15966,2.0000,9
10200,1020,19358,1.0000,10
10201,1021,15512,15.0000,1
10202,1021,25860,1.0000,2
10203,1021,4386,4.0000,3
10204,1021,19499,13.0000,4
10205,1021,16379,10.0000,5
10206,1021,27463,18.0000,6
10207,1021,29863,2.0000,7
10208,1021,26466,15.0000,8
10209,1021,11364,12.0000,9
10210,1021,29436,19.0000,10
10211,1022,13712,11.0000,1
10212,1022,17767,16.0000,2
10213,1022,22963,9.0000,3
10214,1022,18286,5.0000,4
10215,1022,20831,20.0000,5
10216,1022,18053,8.0000,6
10217,1022,13979,11.0000,7
10218,1022,16468,7.0000,8
10219,1022,1030,10.0000,9
10220,1022,788,4.0000,10
10221,1023,1304,20.0000,1
10222,1023,27339,3.0000,2
10223,1023,7239,14.0000,3
10224,1023,24773,8.0000,4
10225,1023,27173,5.0000,5
10226,1023,21499,2.0000,6
10227,1023,28255,13.0000,7
10228,1023,14207,12.0000,8
10229,1023,2475,11.0000,9
10230,1023,29157,11.0000,10
10231,1024,8251,16.0000,1
10232,1024,4645,9.0000,2
10233,1024,28299,6.0000,3
10234,1024,9359,19.0000,4
10235,1024,18673,15.0000,5
10236,1024,11096,19.0000,6
10237,1024,8759,18.0000,7
10238,1024,3122,11.0000,8
10239,1024,28883,16.0000,9
10240,1024,27019,14.0000,10
10241,1025,21562,10.0000,1
10242,1025,7656,18.0000,2
10243,1025,29573,2.0000,3
10244,1025,21019,3.0000,4
10245,1025,4351,13.0000,5
10246,1025,7767,8.0000,6
10247,1025,15150,1.0000,7
10248,1025,25754,17.0000,8
10249,1025,24260,20.0000,9
10250,1025,20943,1.0000,10
10251,1026,29705,18.0000,1
10252,1026,3226,9.0000,2
10253,1026,4660,1.0000,3
10254,1026,702,5.0000,4
10255,1026,29501,5.0000,5
10256,1026,25376,5.0000,6
10257,1026,21021,11.0000,7
10258,1026,24248,9.0000,8
10259,1026,10826,13.0000,9
10260,1026,13413,20.0000,10
10261,1027,23156,14.0000,1
10262,1027,25327,8.0000,2
10263,1027,18168,16.0000,3
10264,1027,29909,12.0000,4
10265,1027,10841,8.0000,5
10266,1027,8384,13.0000,6
10267,1027,28018,6.0000,7
10268,1027,20209,5.0000,8
10269,1027,21337,4.0000,9
10270,1027,4996,18.0000,10
10271,1028,13350,2.0000,1
10272,1028,5389,18.0000,2
10273,1028,23317,16.0000,3
10274,1028,4231,12.0000,4
10275,1028,18396,10.0000,5
10276,1028,10759,17.0000,6
10277,1028,8707,16.0000,7
10278,1028,16535,12.0000,8
10279,1028,8093,18.0000,9
10280,1028,16041,19.0000,10
10281,1029,13394,4.0000,1
10282,1029,6201,6.0000,2
10283,1029,28378,4.0000,3
10284,1029,11208,18.0000,4
10285,1029,3659,20.0000,5
10286,1029,15987,5.0000,6
10287,1029,27292,16.0000,7
10288,1029,5549,11.0000,8
10289,1029,29177,2.0000,9
10290,1029,12576,2.0000,10
10291,1030,13642,2.0000,1
10292,1030,28652,2.0000,2
10293,1030,10273,13.0000,3
10294,1030,10777,20.0000,4
10295,1030,29047,3.0000,5
10296,1030,17413,20.0000,6
10297,1030,7255,20.0000,7
10298,1030,24446,9.0000,8
10299,1030,17591,20.0000,9
10300,1030,13913,10.0000,10
10301,1031,16103,17.0000,1
10302,1031,7813,2.0000,2
10303,1031,22435,10.0000,3
10304,1031,22388,7.0000,4
10305,1031,24324,3.0000,5
10306,1031,4056,3.0000,6
10307,1031,29310,20.0000,7
10308,1031,24261,13.0000,8
10309,1031,2491,10.0000,9
10310,1031,28773,18.0000,10
10311,1032,12273,11.0000,1
10312,1032,15413,9.0000,2
10313,1032,10860,10.0000,3
10314,1032,5674,18.0000,4
10315,1032,24981,8.0000,5
10316,1032,11946,4.0000,6
10317,1032,9609,4.0000,7
10318,1032,29051,5.0000,8
10319,1032,11925,14.0000,9
10320,1032,3479,8.0000,10
10321,1033,27052,14.0000,1
10322,1033,29121,3.0000,2
10323,1033,29396,1.0000,3
10324,1033,6494,1.0000,4
10325,1033,10142,1.0000,5
10326,1033,25282,17.0000,6
10327,1033,7551,3.0000,7
10328,1033,15628,17.0000,8
10329,1033,10895,13.0000,9
10330,1033,4576,9.0000,10
10331,1034,28967,12.0000,1
10332,1034,5145,7.0000,2
10333,1034,10835,9.0000,3
10334,1034,24558,15.0000,4
10335,1034,12588,10.0000,5
10336,1034,28590,17.0000,6
10337,1034,21094,17.0000,7
10338,1034,8773,14.0000,8
10339,1034,28660,5.0000,9
10340,1034,29075,12.0000,10
10341,1035,13665,4.0000,1
10342,1035,16899,16.0000,2
10343,1035,29060,15.0000,3
10344,1035,4702,3.0000,4
10345,1035,26243,16.0000,5
10346,1035,29806,20.0000,6
10347,1035,8572,6.0000,7
10348,1035,22240,19.0000,8
10349,1035,17440,3.0000,9
10350,1035,18663,7.0000,10
10351,1036,12729,8.0000,1
10352,1036,27308,14.0000,2
10353,1036,29715,7.0000,3
10354,1036,19168,4.0000,4
10355,1036,11062,11.0000,5
10356,1036,18808,18.0000,6
10357,1036,22794,19.0000,7
10358,1036,6390,4.0000,8
10359,1036,23745,14.0000,9
10360,1036,16527,12.0000,10
10361,1037,322,1.0000,1
10362,1037,18556,17.0000,2
10363,1037,18792,5.0000,3
10364,1037,19153,1.0000,4
10365,1037,187,10.0000,5
10366,1037,15887,4.0000,6
10367,1037,9595,15.0000,7
10368,1037,26163,3.0000,8
10369,1037,9488,2.0000,9
10370,1037,9804,1.0000,10
10371,1038,16766,18.0000,1
10372,1038,10640,7.0000,2
10373,1038,3267,20.0000,3
10374,1038,12055,7.0000,4
10375,1038,1915,3.0000,5
10376,1038,15908,14.0000,6
10377,1038,24597,6.0000,7
10378,1038,27294,5.0000,8
10379,1038,18196,9.0000,9
10380,1038,18129,3.0000,10
10381,1039,24297,1.0000,1
10382,1039,27186,5.0000,2
10383,1039,8946,20.0000,3
10384,1039,1739,13.0000,4
10385,1039,16997,8.0000,5
10386,1039,15055,1.0000,6
10387,1039,8606,4.0000,7
10388,1039,10479,15.0000,8
10389,1039,9656,8.0000,9
10390,1039,13236,4.0000,10
10391,1040,26317,15.0000,1
10392,1040,11151,2.0000,2
10393,1040,17699,11.0000,3
10394,1040,13777,18.0000,4
10395,1040,27571,12.0000,5
10396,1040,3485,7.0000,6
10397,1040,17797,1.0000,7
10398,1040,7138,7.0000,8
10399,1040,17503,10.0000,9
10400,1040,10246,6.0000,10
10401,1041,24183,20.0000,1
10402,1041,4534,15.0000,2
10403,1041,10243,19.0000,3
10404,1041,3508,13.0000,4
10405,1041,20479,7.0000,5
10406,1041,12572,6.0000,6
10407,1041,5005,3.0000,7
10408,1041,14950,10.0000,8
10409,1041,3495,20.0000,9
10410,1041,17026,20.0000,10
10411,1042,29714,3.0000,1
10412,1042,10314,9.0000,2
10413,1042,12426,10.0000,3
10414,1042,4287,1.0000,4
10415,1042,21128,10.0000,5
10416,1042,27360,10.0000,6
10417,1042,18054,5.0000,7
10418,1042,26392,1.0000,8
10419,1042,18096,9.0000,9
10420,1042,20152,18.0000,10
10421,1043,14563,2.0000,1
10422,1043,15889,3.0000,2
10423,1043,9540,13.0000,3
10424,1043,18122,4.0000,4
10425,1043,15499,15.0000,5
10426,1043,9148,2.0000,6
10427,1043,16049,5.0000,7
10428,1043,29500,5.0000,8
10429,1043,5738,18.0000,9
10430,1043,15085,11.0000,10
10431,1044,12478,16.0000,1
10432,1044,11097,7.0000,2
10433,1044,19540,18.0000,3
10434,1044,27531,1.0000,4
10435,1044,8039,3.0000,5
10436,1044,19207,8.0000,6
10437,1044,16859,3.0000,7
10438,1044,15882,11.0000,8
10439,1044,21662,20.0000,9
10440,1044,27393,18.0000,10
10441,1045,28753,6.0000,1
10442,1045,6776,5.0000,2
10443,1045,11434,13.0000,3
10444,1045,22563,9.0000,4
10445,1045,24122,15.0000,5
10446,1045,20576,17.0000,6
10447,1045,15049,1.0000,7
10448,1045,28814,16.0000,8
10449,1045,444,4.0000,9
10450,1045,16876,13.0000,10
10451,1046,14476,8.0000,1
10452,1046,8986,4.0000,2
10453,1046,14170,12.0000,3
10454,1046,21470,10.0000,4
10455,1046,26575,16.0000,5
10456,1046,21169,12.0000,6
10457,1046,9137,14.0000,7
10458,1046,7677,19.0000,8
10459,1046,11417,8.0000,9
10460,1046,29851,14.0000,10
10461,1047,24147,3.0000,1
10462,1047,8039,3.0000,2
10463,1047,7586,8.0000,3
10464,1047,6495,19.0000,4
10465,1047,11673,15.0000,5
10466,1047,20902,17.0000,6
10467,1047,15737,16.0000,7
10468,1047,12635,7.0000,8
10469,1047,13009,5.0000,9
10470,1047,25973,19.0000,10
10471,1048,12753,1.0000,1
10472,1048,2840,11.0000,2
10473,1048,678,12.0000,3
10474,1048,22464,3.0000,4
10475,1048,1955,9.0000,5
10476,1048,15428,7.0000,6
10477,1048,16817,20.0000,7
10478,1048,12039,11.0000,8
10479,1048,21425,6.0000,9
10480,1048,24795,7.0000,10
10481,1049,1756,5.0000,1
10482,1049,14864,2.0000,2
10483,1049,19552,20.0000,3
10484,1049,20174,8.0000,4
10485,1049,19394,4.0000,5
10486,1049,7541,18.0000,6
10487,1049,15636,11.0000,7
10488,1049,16035,20.0000,8
10489,1049,24513,4.0000,9
10490,1049,22514,4.0000,10
10491,1050,19439,2.0000,1
10492,1050,26358,18.0000,2
10493,1050,5254,18.0000,3
10494,1050,25490,10.0000,4
10495,1050,5117,9.0000,5
10496,1050,11178,8.0000,6
10497,1050,2379,5.0000,7
10498,1050,25956,12.0000,8
10499,1050,19118,6.0000,9
10500,1050,18000,8.0000,10
10501,1051,14028,19.0000,1
10502,1051,24590,9.0000,2
10503,1051,26561,7.0000,3
10504,1051,24567,1.0000,4
10505,1051,21283,4.0000,5
10506,1051,5552,4.0000,6
10507,1051,23661,10.0000,7
10508,1051,15213,8.0000,8
10509,1051,24377,2.0000,9
10510,1051,15591,14.0000,10
10511,1052,18302,4.0000,1
10512,1052,18243,8.0000,2
10513,1052,26734,3.0000,3
10514,1052,11419,15.0000,4
10515,1052,6469,18.0000,5
10516,1052,23155,1.0000,6
10517,1052,10078,11.0000,7
10518,1052,28886,3.0000,8
10519,1052,8290,4.0000,9
10520,1052,20035,19.0000,10
10521,1053,17658,2.0000,1
10522,1053,9420,1.0000,2
10523,1053,10067,10.0000,3
10524,1053,9396,6.0000,4
10525,1053,2152,12.0000,5
10526,1053,15454,9.0000,6
10527,1053,105,11.0000,7
10528,1053,4158,4.0000,8
10529,1053,15752,14.0000,9
10530,1053,7203,18.0000,10
10531,1054,2212,10.0000,1
10532,1054,25704,7.0000,2
10533,1054,10063,10.0000,3
10534,1054,16866,6.0000,4
10535,1054,7591,12.0000,5
10536,1054,20371,11.0000,6
10537,1054,7886,11.0000,7
10538,1054,19683,2.0000,8
10539,1054,20693,6.0000,9
10540,1054,23916,13.0000,10
10541,1055,16728,7.0000,1
10542,1055,24394,17.0000,2
10543,1055,16732,8.0000,3
10544,1055,3553,8.0000,4
10545,1055,3009,18.0000,5
10546,1055,25011,14.0000,6
10547,1055,23591,3.0000,7
10548,1055,23998,3.0000,8
10549,1055,18461,10.0000,9
10550,1055,8396,14.0000,10
10551,1056,19518,10.0000,1
10552,1056,25891,16.0000,2
10553,1056,10525,18.0000,3
10554,1056,26114,1.0000,4
10555,1056,25320,9.0000,5
10556,1056,13110,7.0000,6
10557,1056,9057,16.0000,7
10558,1056,13327,16.0000,8
10559,1056,15936,12.0000,9
10560,1056,857,9.0000,10
10561,1057,23263,11.0000,1
10562,1057,10126,6.0000,2
10563,1057,21041,10.0000,3
10564,1057,1865,3.0000,4
10565,1057,24282,17.0000,5
10566,1057,23062,9.0000,6
10567,1057,15330,20.0000,7
10568,1057,20543,17.0000,8
10569,1057,8271,20.0000,9
10570,1057,18565,18.0000,10
10571,1058,24252,6.0000,1
10572,1058,8427,9.0000,2
10573,1058,17254,2.0000,3
10574,1058,27098,14.0000,4
10575,1058,13430,3.0000,5
10576,1058,13412,11.0000,6
10577,1058,27951,2.0000,7
10578,1058,6988,11.0000,8
10579,1058,8671,5.0000,9
10580,1058,13247,16.0000,10
10581,1059,15555,9.0000,1
10582,1059,8524,11.0000,2
10583,1059,18597,3.0000,3
10584,1059,19065,6.0000,4
10585,1059,26714,2.0000,5
10586,1059,6921,13.0000,6
10587,1059,24845,13.0000,7
10588,1059,14974,6.0000,8
10589,1059,26603,15.0000,9
10590,1059,8578,11.0000,10
10591,1060,3070,5.0000,1
10592,1060,4853,5.0000,2
10593,1060,14028,2.0000,3
10594,1060,13900,14.0000,4
10595,1060,27554,10.0000,5
10596,1060,26768,19.0000,6
10597,1060,19762,19.0000,7
10598,1060,23846,17.0000,8
10599,1060,23506,6.0000,9
10600,1060,22210,18.0000,10
10601,1061,29598,16.0000,1
10602,1061,266,6.0000,2
10603,1061,3819,17.0000,3
10604,1061,805,7.0000,4
10605,1061,10701,3.0000,5
10606,1061,7407,9.0000,6
10607,1061,2021,16.0000,7
10608,1061,22968,19.0000,8
10609,1061,13418,18.0000,9
10610,1061,11247,18.0000,10
10611,1062,10821,18.0000,1
10612,1062,11377,3.0000,2
10613,1062,9048,7.0000,3
10614,1062,17838,4.0000,4
10615,1062,8100,15.0000,5
10616,1062,14804,3.0000,6
10617,1062,26600,10.0000,7
10618,1062,3858,10.0000,8
10619,1062,25543,9.0000,9
10620,1062,27051,20.0000,10
10621,1063,10268,19.0000,1
10622,1063,21360,3.0000,2
10623,1063,27624,12.0000,3
10624,1063,15184,6.0000,4
10625,1063,15783,19.0000,5
10626,1063,24692,4.0000,6
10627,1063,24702,11.0000,7
10628,1063,11746,5.0000,8
10629,1063,9803,4.0000,9
10630,1063,29286,2.0000,10
10631,1064,19002,5.0000,1
10632,1064,4121,16.0000,2
10633,1064,2378,3.0000,3
10634,1064,2421,3.0000,4
10635,1064,3398,17.0000,5
10636,1064,11149,13.0000,6
10637,1064,9971,7.0000,7
10638,1064,9207,1.0000,8
10639,1064,6643,19.0000,9
10640,1064,24240,2.0000,10
10641,1065,11396,20.0000,1
10642,1065,9725,12.0000,2
10643,1065,23738,4.0000,3
10644,1065,25685,9.0000,4
10645,1065,24421,1.0000,5
10646,1065,14391,14.0000,6
10647,1065,11835,14.0000,7
10648,1065,24468,2.0000,8
10649,1065,29882,3.0000,9
10650,1065,5481,20.0000,10
10651,1066,7790,3.0000,1
10652,1066,20154,10.0000,2
10653,1066,321,10.0000,3
10654,1066,858,7.0000,4
10655,1066,27149,14.0000,5
10656,1066,2661,17.0000,6
10657,1066,5072,13.0000,7
10658,1066,6736,17.0000,8
10659,1066,9891,4.0000,9
10660,1066,20587,7.0000,10
10661,1067,15429,12.0000,1
10662,1067,20072,1.0000,2
10663,1067,11155,2.0000,3
10664,1067,2154,10.0000,4
10665,1067,22203,6.0000,5
10666,1067,12292,4.0000,6
10667,1067,18765,12.0000,7
10668,1067,26440,14.0000,8
10669,1067,29333,14.0000,9
10670,1067,21532,10.0000,10
10671,1068,21011,16.0000,1
10672,1068,529,7.0000,2
10673,1068,17533,16.0000,3
10674,1068,7099,10.0000,4
10675,1068,19629,16.0000,5
10676,1068,23120,8.0000,6
10677,1068,12289,19.0000,7
10678,1068,13935,8.0000,8
10679,1068,9181,5.0000,9
10680,1068,23327,5.0000,10
10681,1069,13930,10.0000,1
10682,1069,8341,6.0000,2
10683,1069,25267,8.0000,3
10684,1069,4087,6.0000,4
10685,1069,2951,10.0000,5
10686,1069,27754,19.0000,6
10687,1069,15949,16.0000,7
10688,1069,22464,3.0000,8
10689,1069,26564,8.0000,9
10690,1069,17769,2.0000,10
10691,1070,11374,16.0000,1
10692,1070,19540,19.0000,2
10693,1070,20308,2.0000,3
10694,1070,24954,14.0000,4
10695,1070,20277,12.0000,5
10696,1070,14200,20.0000,6
10697,1070,25680,7.0000,7
10698,1070,9542,18.0000,8
10699,1070,15307,9.0000,9
10700,1070,11511,12.0000,10
10701,1071,9605,8.0000,1
10702,1071,28665,12.0000,2
10703,1071,10220,20.0000,3
10704,1071,18046,7.0000,4
10705,1071,12570,7.0000,5
10706,1071,27069,19.0000,6
10707,1071,16354,5.0000,7
10708,1071,15491,1.0000,8
10709,1071,15910,20.0000,9
10710,1071,8361,8.0000,10
10711,1072,19892,18.0000,1
10712,1072,19674,2.0000,2
10713,1072,17322,1.0000,3
10714,1072,22872,4.0000,4
10715,1072,28748,1.0000,5
10716,1072,6373,6.0000,6
10717,1072,26611,6.0000,7
10718,1072,3697,12.0000,8
10719,1072,12633,19.0000,9
10720,1072,13181,4.0000,10
10721,1073,10890,2.0000,1
10722,1073,10777,16.0000,2
10723,1073,10362,10.0000,3
10724,1073,2923,19.0000,4
10725,1073,12339,3.0000,5
10726,1073,22883,20.0000,6
10727,1073,14211,1.0000,7
10728,1073,23300,4.0000,8
10729,1073,29678,11.0000,9
10730,1073,158,5.0000,10
10731,1074,29437,16.0000,1
10732,1074,19816,18.0000,2
10733,1074,25279,1.0000,3
10734,1074,11775,1.0000,4
10735,1074,15711,8.0000,5
10736,1074,18849,2.0000,6
10737,1074,7645,9.0000,7
10738,1074,25702,14.0000,8
10739,1074,14088,20.0000,9
10740,1074,8049,12.0000,10
10741,1075,851,6.0000,1
10742,1075,90,6.0000,2
10743,1075,7110,2.0000,3
10744,1075,19601,10.0000,4
10745,1075,14749,18.0000,5
10746,1075,13056,20.0000,6
10747,1075,21171,2.0000,7
10748,1075,29582,3.0000,8
10749,1075,3832,14.0000,9
10750,1075,3976,20.0000,10
10751,1076,9822,2.0000,1
10752,1076,13089,10.0000,2
10753,1076,24873,11.0000,3
10754,1076,22665,8.0000,4
10755,1076,12619,19.0000,5
10756,1076,11152,20.0000,6
10757,1076,11836,19.0000,7
10758,1076,22862,18.0000,8
10759,1076,28906,3.0000,9
10760,1076,13949,20.0000,10
10761,1077,23036,2.0000,1
10762,1077,18990,1.0000,2
10763,1077,19742,16.0000,3
10764,1077,16441,1.0000,4
10765,1077,6276,16.0000,5
10766,1077,19689,2.0000,6
10767,1077,1242,14.0000,7
10768,1077,5506,14.0000,8
10769,1077,9557,1.0000,9
10770,1077,11734,20.0000,10
10771,1078,2378,19.0000,1
10772,1078,21123,18.0000,2
10773,1078,5872,4.0000,3
10774,1078,20075,17.0000,4
10775,1078,25041,18.0000,5
10776,1078,19572,17.0000,6
10777,1078,21911,2.0000,7
10778,1078,22517,10.0000,8
10779,1078,23448,6.0000,9
10780,1078,24492,20.0000,10
10781,1079,15408,17.0000,1
10782,1079,8149,7.0000,2
10783,1079,28827,6.0000,3
10784,1079,4747,14.0000,4
10785,1079,14640,5.0000,5
10786,1079,6456,4.0000,6
10787,1079,4567,3.0000,7
10788,1079,24025,20.0000,8
10789,1079,29618,6.0000,9
10790,1079,19729,1.0000,10
10791,1080,19063,11.0000,1
10792,1080,19170,15.0000,2
10793,1080,12646,12.0000,3
10794,1080,26567,7.0000,4
10795,1080,11249,11.0000,5
10796,1080,14110,14.0000,6
10797,1080,27541,10.0000,7
10798,1080,5284,11.0000,8
10799,1080,4429,11.0000,9
10800,1080,7896,8.0000,10
10801,1081,11011,13.0000,1
10802,1081,6038,9.0000,2
10803,1081,18851,16.0000,3
10804,1081,635,1.0000,4
10805,1081,19066,6.0000,5
10806,1081,11004,7.0000,6
10807,1081,2797,10.0000,7
10808,1081,29101,5.0000,8
10809,1081,2208,11.0000,9
10810,1081,26678,19.0000,10
10811,1082,6009,14.0000,1
10812,1082,6757,11.0000,2
10813,1082,4667,14.0000,3
10814,1082,17507,17.0000,4
10815,1082,15876,2.0000,5
10816,1082,18595,14.0000,6
10817,1082,9597,10.0000,7
10818,1082,15865,9.0000,8
10819,1082,7321,10.0000,9
10820,1082,28805,8.0000,10
10821,1083,18371,11.0000,1
10822,1083,23394,5.0000,2
10823,1083,11403,18.0000,3
10824,1083,13393,6.0000,4
10825,1083,9517,5.0000,5
10826,1083,27153,9.0000,6
10827,1083,5295,12.0000,7
10828,1083,28332,1.0000,8
10829,1083,9717,2.0000,9
10830,1083,16820,10.0000,10
10831,1084,19831,18.0000,1
10832,1084,18762,9.0000,2
10833,1084,25678,7.0000,3
10834,1084,29828,2.0000,4
10835,1084,18156,10.0000,5
10836,1084,7864,14.0000,6
10837,1084,3444,18.0000,7
10838,1084,7219,10.0000,8
10839,1084,22356,2.0000,9
10840,1084,18402,7.0000,10
10841,1085,8951,16.0000,1
10842,1085,20585,16.0000,2
10843,1085,9264,7.0000,3
10844,1085,12566,14.0000,4
10845,1085,5138,11.0000,5
10846,1085,6242,16.0000,6
10847,1085,5288,1.0000,7
10848,1085,27482,7.0000,8
10849,1085,18802,19.0000,9
10850,1085,5457,9.0000,10
10851,1086,28430,15.0000,1
10852,1086,10295,10.0000,2
10853,1086,1408,5.0000,3
10854,1086,19838,6.0000,4
10855,1086,28393,6.0000,5
10856,1086,25536,9.0000,6
10857,1086,11763,8.0000,7
10858,1086,12388,3.0000,8
10859,1086,29928,1.0000,9
10860,1086,23082,4.0000,10
10861,1087,18070,13.0000,1
10862,1087,20890,15.0000,2
10863,1087,1139,5.0000,3
10864,1087,1973,11.0000,4
10865,1087,20483,13.0000,5
10866,1087,9255,3.0000,6
10867,1087,7332,3.0000,7
10868,1087,19939,8.0000,8
10869,1087,12862,6.0000,9
10870,1087,12098,3.0000,10
10871,1088,28216,3.0000,1
10872,1088,21314,7.0000,2
10873,1088,23818,1.0000,3
10874,1088,28720,5.0000,4
10875,1088,22973,1.0000,5
10876,1088,29612,14.0000,6
10877,1088,21226,5.0000,7
10878,1088,28623,17.0000,8
10879,1088,29463,19.0000,9
10880,1088,27677,2.0000,10
10881,1089,6139,7.0000,1
10882,1089,27262,18.0000,2
10883,1089,18938,20.0000,3
10884,1089,21407,17.0000,4
10885,1089,5666,19.0000,5
10886,1089,7512,14.0000,6
10887,1089,5085,18.0000,7
10888,1089,28360,3.0000,8
10889,1089,29333,10.0000,9
10890,1089,2219,16.0000,10
10891,1090,13960,7.0000,1
10892,1090,8171,9.0000,2
10893,1090,19409,12.0000,3
10894,1090,3197,5.0000,4
10895,1090,2225,16.0000,5
10896,1090,16587,18.0000,6
10897,1090,15336,3.0000,7
10898,1090,1344,20.0000,8
10899,1090,20591,18.0000,9
10900,1090,1161,19.0000,10
10901,1091,22524,4.0000,1
10902,1091,9102,3.0000,2
10903,1091,20425,9.0000,3
10904,1091,23547,2.0000,4
10905,1091,28152,6.0000,5
10906,1091,16630,16.0000,6
10907,1091,3353,10.0000,7
10908,1091,20927,17.0000,8
10909,1091,19875,4.0000,9
10910,1091,1523,1.0000,10
10911,1092,17136,6.0000,1
10912,1092,7882,15.0000,2
10913,1092,1745,2.0000,3
10914,1092,10045,2.0000,4
10915,1092,24446,5.0000,5
10916,1092,17681,2.0000,6
10917,1092,16259,17.0000,7
10918,1092,1432,12.0000,8
10919,1092,9700,11.0000,9
10920,1092,9734,13.0000,10
10921,1093,13469,6.0000,1
10922,1093,18646,4.0000,2
10923,1093,6010,18.0000,3
10924,1093,15614,4.0000,4
10925,1093,25870,16.0000,5
10926,1093,611,7.0000,6
10927,1093,2708,13.0000,7
10928,1093,22723,3.0000,8
10929,1093,9,17.0000,9
10930,1093,423,14.0000,10
10931,1094,10151,14.0000,1
10932,1094,13080,6.0000,2
10933,1094,20794,2.0000,3
10934,1094,27348,11.0000,4
10935,1094,8211,6.0000,5
10936,1094,18830,3.0000,6
10937,1094,5048,20.0000,7
10938,1094,5384,13.0000,8
10939,1094,27504,7.0000,9
10940,1094,14181,13.0000,10
10941,1095,22171,10.0000,1
10942,1095,1847,18.0000,2
10943,1095,5176,13.0000,3
10944,1095,2692,8.0000,4
10945,1095,26963,16.0000,5
10946,1095,18104,3.0000,6
10947,1095,5266,7.0000,7
10948,1095,22980,3.0000,8
10949,1095,21724,5.0000,9
10950,1095,3570,6.0000,10
10951,1096,9235,9.0000,1
10952,1096,8141,17.0000,2
10953,1096,8353,7.0000,3
10954,1096,17832,15.0000,4
10955,1096,9388,4.0000,5
10956,1096,26966,20.0000,6
10957,1096,6122,15.0000,7
10958,1096,18236,12.0000,8
10959,1096,23916,10.0000,9
10960,1096,7299,16.0000,10
10961,1097,11794,3.0000,1
10962,1097,18654,14.0000,2
10963,1097,27826,6.0000,3
10964,1097,863,20.0000,4
10965,1097,12780,20.0000,5
10966,1097,1720,20.0000,6
10967,1097,21800,15.0000,7
10968,1097,26963,6.0000,8
10969,1097,20403,1.0000,9
10970,1097,9532,17.0000,10
10971,1098,15257,14.0000,1
10972,1098,18337,17.0000,2
10973,1098,10941,18.0000,3
10974,1098,4877,11.0000,4
10975,1098,28588,12.0000,5
10976,1098,15451,20.0000,6
10977,1098,7447,20.0000,7
10978,1098,9826,6.0000,8
10979,1098,21813,5.0000,9
10980,1098,25886,7.0000,10
10981,1099,26566,5.0000,1
10982,1099,26671,20.0000,2
10983,1099,19603,5.0000,3
10984,1099,8108,3.0000,4
10985,1099,8996,5.0000,5
10986,1099,1484,15.0000,6
10987,1099,756,18.0000,7
10988,1099,27416,17.0000,8
10989,1099,19561,13.0000,9
10990,1099,8178,14.0000,10
10991,1100,29789,18.0000,1
10992,1100,16308,16.0000,2
10993,1100,22715,15.0000,3
10994,1100,24206,17.0000,4
10995,1100,7986,7.0000,5
10996,1100,23565,20.0000,6
10997,1100,27990,11.0000,7
10998,1100,13064,15.0000,8
10999,1100,1152,3.0000,9
11000,1100,28739,12.0000,10
11001,1101,23573,9.0000,1
11002,1101,12160,18.0000,2
11003,1101,11809,6.0000,3
11004,1101,24409,12.0000,4
11005,1101,20475,18.0000,5
11006,1101,1084,9.0000,6
11007,1101,16759,9.0000,7
11008,1101,9282,17.0000,8
11009,1101,6093,1.0000,9
11010,1101,6492,18.0000,10
11011,1102,7138,5.0000,1
11012,1102,22316,19.0000,2
11013,1102,8771,6.0000,3
11014,1102,10405,4.0000,4
11015,1102,29368,7.0000,5
11016,1102,16635,10.0000,6
11017,1102,26240,2.0000,7
11018,1102,21820,4.0000,8
11019,1102,25216,8.0000,9
11020,1102,21452,13.0000,10
11021,1103,20610,11.0000,1
11022,1103,2275,7.0000,2
11023,1103,25571,18.0000,3
11024,1103,19806,12.0000,4
11025,1103,14134,18.0000,5
11026,1103,20687,7.0000,6
11027,1103,13976,5.0000,7
11028,1103,28192,1.0000,8
11029,1103,6009,5.0000,9
11030,1103,3492,6.0000,10
11031,1104,14166,16.0000,1
11032,1104,26706,10.0000,2
11033,1104,672,17.0000,3
11034,1104,22360,19.0000,4
11035,1104,28807,17.0000,5
11036,1104,2428,11.0000,6
11037,1104,14332,15.0000,7
11038,1104,21775,8.0000,8
11039,1104,27443,20.0000,9
11040,1104,1029,11.0000,10
11041,1105,28116,20.0000,1
11042,1105,26962,2.0000,2
11043,1105,18235,2.0000,3
11044,1105,24692,10.0000,4
11045,1105,13387,5.0000,5
11046,1105,6705,15.0000,6
11047,1105,26193,10.0000,7
11048,1105,14807,7.0000,8
11049,1105,22383,6.0000,9
11050,1105,26922,13.0000,10
11051,1106,4538,12.0000,1
11052,1106,20461,5.0000,2
11053,1106,18014,15.0000,3
11054,1106,17675,20.0000,4
11055,1106,17447,7.0000,5
11056,1106,13803,20.0000,6
11057,1106,14496,20.0000,7
11058,1106,5855,20.0000,8
11059,1106,15567,1.0000,9
11060,1106,12396,7.0000,10
11061,1107,24960,8.0000,1
11062,1107,10458,13.0000,2
11063,1107,28740,14.0000,3
11064,1107,962,14.0000,4
11065,1107,25035,6.0000,5
11066,1107,1028,4.0000,6
11067,1107,4264,18.0000,7
11068,1107,11722,3.0000,8
11069,1107,18047,14.0000,9
11070,1107,18815,13.0000,10
11071,1108,14153,13.0000,1
11072,1108,14355,4.0000,2
11073,1108,16999,19.0000,3
11074,1108,24530,20.0000,4
11075,1108,24497,20.0000,5
11076,1108,19834,14.0000,6
11077,1108,223,15.0000,7
11078,1108,26322,7.0000,8
11079,1108,9998,17.0000,9
11080,1108,4289,8.0000,10
11081,1109,13436,5.0000,1
11082,1109,19609,18.0000,2
11083,1109,5204,5.0000,3
11084,1109,26718,20.0000,4
11085,1109,21857,19.0000,5
11086,1109,16279,6.0000,6
11087,1109,20283,5.0000,7
11088,1109,17742,2.0000,8
11089,1109,12438,20.0000,9
11090,1109,2299,6.0000,10
11091,1110,16795,18.0000,1
11092,1110,22962,9.0000,2
11093,1110,24432,7.0000,3
11094,1110,6715,10.0000,4
11095,1110,11317,20.0000,5
11096,1110,19171,6.0000,6
11097,1110,27074,6.0000,7
11098,1110,1537,19.0000,8
11099,1110,12874,3.0000,9
11100,1110,19899,19.0000,10
11101,1111,7419,6.0000,1
11102,1111,9574,20.0000,2
11103,1111,28638,14.0000,3
11104,1111,28609,8.0000,4
11105,1111,17757,11.0000,5
11106,1111,15412,17.0000,6
11107,1111,21680,11.0000,7
11108,1111,17698,5.0000,8
11109,1111,18271,1.0000,9
11110,1111,18316,13.0000,10
11111,1112,12479,2.0000,1
11112,1112,8138,10.0000,2
11113,1112,9002,5.0000,3
11114,1112,23492,2.0000,4
11115,1112,8264,7.0000,5
11116,1112,14991,1.0000,6
11117,1112,20411,18.0000,7
11118,1112,19133,12.0000,8
11119,1112,25903,20.0000,9
11120,1112,22187,14.0000,10
11121,1113,15351,13.0000,1
11122,1113,1232,16.0000,2
11123,1113,14837,5.0000,3
11124,1113,24690,13.0000,4
11125,1113,19073,1.0000,5
11126,1113,8030,18.0000,6
11127,1113,14041,9.0000,7
11128,1113,18438,3.0000,8
11129,1113,6159,5.0000,9
11130,1113,1658,14.0000,10
11131,1114,15853,17.0000,1
11132,1114,4070,17.0000,2
11133,1114,15714,16.0000,3
11134,1114,23618,9.0000,4
11135,1114,10121,9.0000,5
11136,1114,17667,12.0000,6
11137,1114,4446,20.0000,7
11138,1114,18026,14.0000,8
11139,1114,13608,1.0000,9
11140,1114,15811,4.0000,10
11141,1115,12898,1.0000,1
11142,1115,10889,11.0000,2
11143,1115,23748,6.0000,3
11144,1115,1965,14.0000,4
11145,1115,1196,1.0000,5
11146,1115,21962,15.0000,6
11147,1115,18295,9.0000,7
11148,1115,6218,12.0000,8
11149,1115,10878,20.0000,9
11150,1115,15675,9.0000,10
11151,1116,9076,17.0000,1
11152,1116,8332,20.0000,2
11153,1116,28258,15.0000,3
11154,1116,3347,8.0000,4
11155,1116,14790,5.0000,5
11156,1116,21285,16.0000,6
11157,1116,6846,10.0000,7
11158,1116,16400,20.0000,8
11159,1116,13229,13.0000,9
11160,1116,5005,8.0000,10
11161,1117,6238,8.0000,1
11162,1117,1785,8.0000,2
11163,1117,25959,1.0000,3
11164,1117,9557,10.0000,4
11165,1117,6053,16.0000,5
11166,1117,12099,20.0000,6
11167,1117,15706,4.0000,7
11168,1117,5196,7.0000,8
11169,1117,19513,2.0000,9
11170,1117,961,10.0000,10
11171,1118,28087,12.0000,1
11172,1118,6074,2.0000,2
11173,1118,1824,16.0000,3
11174,1118,29610,3.0000,4
11175,1118,8863,8.0000,5
11176,1118,10839,14.0000,6
11177,1118,16844,4.0000,7
11178,1118,24370,8.0000,8
11179,1118,1914,8.0000,9
11180,1118,439,19.0000,10
11181,1119,773,20.0000,1
11182,1119,1140,2.0000,2
11183,1119,20576,17.0000,3
11184,1119,17393,4.0000,4
11185,1119,24150,8.0000,5
11186,1119,17713,10.0000,6
11187,1119,9445,14.0000,7
11188,1119,3507,7.0000,8
11189,1119,12487,14.0000,9
11190,1119,24377,19.0000,10
11191,1120,327,19.0000,1
11192,1120,15556,1.0000,2
11193,1120,22201,20.0000,3
11194,1120,22250,18.0000,4
11195,1120,10886,19.0000,5
11196,1120,11173,8.0000,6
11197,1120,5926,5.0000,7
11198,1120,21661,15.0000,8
11199,1120,17906,15.0000,9
11200,1120,8519,13.0000,10
11201,1121,28576,4.0000,1
11202,1121,28141,5.0000,2
11203,1121,22045,6.0000,3
11204,1121,7156,6.0000,4
11205,1121,8457,5.0000,5
11206,1121,19109,4.0000,6
11207,1121,18903,6.0000,7
11208,1121,28649,7.0000,8
11209,1121,17013,6.0000,9
11210,1121,27540,1.0000,10
11211,1122,2749,5.0000,1
11212,1122,12732,3.0000,2
11213,1122,18311,12.0000,3
11214,1122,10737,3.0000,4
11215,1122,11334,16.0000,5
11216,1122,13457,8.0000,6
11217,1122,13925,6.0000,7
11218,1122,29515,14.0000,8
11219,1122,8168,1.0000,9
11220,1122,14924,7.0000,10
11221,1123,22390,18.0000,1
11222,1123,2740,4.0000,2
11223,1123,5414,17.0000,3
11224,1123,5716,13.0000,4
11225,1123,11871,4.0000,5
11226,1123,26404,1.0000,6
11227,1123,2296,10.0000,7
11228,1123,13062,8.0000,8
11229,1123,18070,17.0000,9
11230,1123,2063,4.0000,10
11231,1124,21325,12.0000,1
11232,1124,93,7.0000,2
11233,1124,1538,1.0000,3
11234,1124,26375,12.0000,4
11235,1124,26323,11.0000,5
11236,1124,29280,4.0000,6
11237,1124,25133,9.0000,7
11238,1124,12786,11.0000,8
11239,1124,3909,1.0000,9
11240,1124,3577,18.0000,10
11241,1125,16932,11.0000,1
11242,1125,25256,1.0000,2
11243,1125,29671,2.0000,3
11244,1125,21085,15.0000,4
11245,1125,15739,11.0000,5
11246,1125,12896,3.0000,6
11247,1125,11114,6.0000,7
11248,1125,24599,15.0000,8
11249,1125,24753,6.0000,9
11250,1125,28300,9.0000,10
11251,1126,28852,2.0000,1
11252,1126,25494,9.0000,2
11253,1126,6228,7.0000,3
11254,1126,16629,16.0000,4
11255,1126,15834,4.0000,5
11256,1126,29384,4.0000,6
11257,1126,11495,14.0000,7
11258,1126,13340,18.0000,8
11259,1126,18420,13.0000,9
11260,1126,414,15.0000,10
11261,1127,27609,20.0000,1
11262,1127,4899,19.0000,2
11263,1127,4309,10.0000,3
11264,1127,15372,5.0000,4
11265,1127,15754,16.0000,5
11266,1127,18749,19.0000,6
11267,1127,2430,4.0000,7
11268,1127,4443,16.0000,8
11269,1127,15167,15.0000,9
11270,1127,13359,12.0000,10
11271,1128,27584,1.0000,1
11272,1128,14968,1.0000,2
11273,1128,6929,7.0000,3
11274,1128,26570,19.0000,4
11275,1128,22048,3.0000,5
11276,1128,1167,18.0000,6
11277,1128,8203,12.0000,7
11278,1128,26775,7.0000,8
11279,1128,25320,4.0000,9
11280,1128,21741,20.0000,10
11281,1129,7380,17.0000,1
11282,1129,10251,18.0000,2
11283,1129,26017,2.0000,3
11284,1129,10922,14.0000,4
11285,1129,9899,18.0000,5
11286,1129,26203,6.0000,6
11287,1129,23748,4.0000,7
11288,1129,11385,19.0000,8
11289,1129,6127,9.0000,9
11290,1129,11213,10.0000,10
11291,1130,18435,7.0000,1
11292,1130,16836,16.0000,2
11293,1130,29390,14.0000,3
11294,1130,20703,5.0000,4
11295,1130,27229,6.0000,5
11296,1130,17465,16.0000,6
11297,1130,3249,17.0000,7
11298,1130,14136,17.0000,8
11299,1130,20806,13.0000,9
11300,1130,22871,14.0000,10
11301,1131,4927,17.0000,1
11302,1131,17255,2.0000,2
11303,1131,24867,10.0000,3
11304,1131,13955,4.0000,4
11305,1131,8990,12.0000,5
11306,1131,13315,12.0000,6
11307,1131,15999,13.0000,7
11308,1131,8012,13.0000,8
11309,1131,28859,15.0000,9
11310,1131,5238,4.0000,10
11311,1132,23625,19.0000,1
11312,1132,22903,5.0000,2
11313,1132,11458,15.0000,3
11314,1132,8248,13.0000,4
11315,1132,16728,17.0000,5
11316,1132,17415,17.0000,6
11317,1132,25051,20.0000,7
11318,1132,6731,20.0000,8
11319,1132,16786,17.0000,9
11320,1132,26320,17.0000,10
11321,1133,13991,12.0000,1
11322,1133,18687,17.0000,2
11323,1133,6486,15.0000,3
11324,1133,17917,8.0000,4
11325,1133,13932,13.0000,5
11326,1133,13013,14.0000,6
11327,1133,5670,5.0000,7
11328,1133,6338,17.0000,8
11329,1133,16188,18.0000,9
11330,1133,16916,17.0000,10
11331,1134,11976,15.0000,1
11332,1134,18226,2.0000,2
11333,1134,12400,16.0000,3
11334,1134,24218,4.0000,4
11335,1134,19319,20.0000,5
11336,1134,14118,12.0000,6
11337,1134,14781,20.0000,7
11338,1134,20957,1.0000,8
11339,1134,8892,19.0000,9
11340,1134,9687,3.0000,10
11341,1135,19990,9.0000,1
11342,1135,25648,9.0000,2
11343,1135,16635,5.0000,3
11344,1135,8394,2.0000,4
11345,1135,14229,2.0000,5
11346,1135,26998,5.0000,6
11347,1135,25171,12.0000,7
11348,1135,25499,13.0000,8
11349,1135,17285,2.0000,9
11350,1135,6208,3.0000,10
11351,1136,3313,10.0000,1
11352,1136,17030,1.0000,2
11353,1136,25740,15.0000,3
11354,1136,7985,18.0000,4
11355,1136,18028,1.0000,5
11356,1136,4362,10.0000,6
11357,1136,122,7.0000,7
11358,1136,26944,1.0000,8
11359,1136,22644,20.0000,9
11360,1136,13107,9.0000,10
11361,1137,13109,1.0000,1
11362,1137,12651,9.0000,2
11363,1137,23308,19.0000,3
11364,1137,24742,3.0000,4
11365,1137,25383,11.0000,5
11366,1137,1365,15.0000,6
11367,1137,11219,16.0000,7
11368,1137,25627,17.0000,8
11369,1137,10322,4.0000,9
11370,1137,5853,4.0000,10
11371,1138,29428,1.0000,1
11372,1138,8023,11.0000,2
11373,1138,10721,6.0000,3
11374,1138,14175,8.0000,4
11375,1138,12108,5.0000,5
11376,1138,2544,11.0000,6
11377,1138,19494,14.0000,7
11378,1138,14387,7.0000,8
11379,1138,17535,5.0000,9
11380,1138,13450,17.0000,10
11381,1139,1168,3.0000,1
11382,1139,3361,10.0000,2
11383,1139,5979,3.0000,3
11384,1139,7305,13.0000,4
11385,1139,26601,5.0000,5
11386,1139,16522,14.0000,6
11387,1139,21736,17.0000,7
11388,1139,25974,18.0000,8
11389,1139,11837,8.0000,9
11390,1139,18320,7.0000,10
11391,1140,2284,6.0000,1
11392,1140,18592,13.0000,2
11393,1140,18282,3.0000,3
11394,1140,11427,4.0000,4
11395,1140,2348,3.0000,5
11396,1140,28603,19.0000,6
11397,1140,8469,3.0000,7
11398,1140,10491,12.0000,8
11399,1140,25858,12.0000,9
11400,1140,18091,11.0000,10
11401,1141,8355,16.0000,1
11402,1141,4736,1.0000,2
11403,1141,13079,6.0000,3
11404,1141,4065,11.0000,4
11405,1141,19356,14.0000,5
11406,1141,9978,16.0000,6
11407,1141,26918,8.0000,7
11408,1141,29317,14.0000,8
11409,1141,11313,4.0000,9
11410,1141,3,2.0000,10
11411,1142,23089,18.0000,1
11412,1142,26150,3.0000,2
11413,1142,24597,5.0000,3
11414,1142,10159,6.0000,4
11415,1142,14000,19.0000,5
11416,1142,11991,6.0000,6
11417,1142,1433,9.0000,7
11418,1142,28255,3.0000,8
11419,1142,24689,8.0000,9
11420,1142,13476,12.0000,10
11421,1143,6739,15.0000,1
11422,1143,27609,17.0000,2
11423,1143,22420,16.0000,3
11424,1143,6550,17.0000,4
11425,1143,17220,12.0000,5
11426,1143,23158,15.0000,6
11427,1143,16118,11.0000,7
11428,1143,5790,18.0000,8
11429,1143,24123,10.0000,9
11430,1143,29410,1.0000,10
11431,1144,11270,13.0000,1
11432,1144,11858,17.0000,2
11433,1144,24943,19.0000,3
11434,1144,8555,19.0000,4
11435,1144,13006,7.0000,5
11436,1144,17130,5.0000,6
11437,1144,5719,5.0000,7
11438,1144,25841,19.0000,8
11439,1144,27342,13.0000,9
11440,1144,2434,19.0000,10
11441,1145,16037,9.0000,1
11442,1145,647,8.0000,2
11443,1145,20739,10.0000,3
11444,1145,3110,14.0000,4
11445,1145,22858,2.0000,5
11446,1145,20286,12.0000,6
11447,1145,151,20.0000,7
11448,1145,6268,16.0000,8
11449,1145,19285,5.0000,9
11450,1145,24696,9.0000,10
11451,1146,25036,9.0000,1
11452,1146,26334,5.0000,2
11453,1146,24600,13.0000,3
11454,1146,10684,6.0000,4
11455,1146,22471,5.0000,5
11456,1146,15092,13.0000,6
11457,1146,28271,15.0000,7
11458,1146,23340,4.0000,8
11459,1146,13237,19.0000,9
11460,1146,22770,7.0000,10
11461,1147,850,7.0000,1
11462,1147,28841,7.0000,2
11463,1147,11105,9.0000,3
11464,1147,19921,5.0000,4
11465,1147,17262,20.0000,5
11466,1147,14944,13.0000,6
11467,1147,3435,19.0000,7
11468,1147,6626,20.0000,8
11469,1147,21797,13.0000,9
11470,1147,1500,5.0000,10
11471,1148,28972,1.0000,1
11472,1148,18745,18.0000,2
11473,1148,25856,13.0000,3
11474,1148,25941,20.0000,4
11475,1148,15290,3.0000,5
11476,1148,28483,15.0000,6
11477,1148,2431,17.0000,7
11478,1148,25909,20.0000,8
11479,1148,224,2.0000,9
11480,1148,19506,9.0000,10
11481,1149,15441,2.0000,1
11482,1149,10823,14.0000,2
11483,1149,13675,1.0000,3
11484,1149,24449,11.0000,4
11485,1149,2767,13.0000,5
11486,1149,13663,10.0000,6
11487,1149,13538,4.0000,7
11488,1149,3456,18.0000,8
11489,1149,26727,5.0000,9
11490,1149,18201,16.0000,10
11491,1150,19458,19.0000,1
11492,1150,8684,5.0000,2
11493,1150,17984,16.0000,3
11494,1150,2778,16.0000,4
11495,1150,23419,13.0000,5
11496,1150,12790,3.0000,6
11497,1150,15612,20.0000,7
11498,1150,1176,10.0000,8
11499,1150,14693,6.0000,9
11500,1150,16566,7.0000,10
11501,1151,7328,20.0000,1
11502,1151,22636,13.0000,2
11503,1151,9613,18.0000,3
11504,1151,9377,16.0000,4
11505,1151,9606,19.0000,5
11506,1151,17621,10.0000,6
11507,1151,4917,3.0000,7
11508,1151,15067,2.0000,8
11509,1151,16160,11.0000,9
11510,1151,17308,16.0000,10
11511,1152,13152,17.0000,1
11512,1152,12307,18.0000,2
11513,1152,24344,9.0000,3
11514,1152,17867,20.0000,4
11515,1152,11383,3.0000,5
11516,1152,19729,9.0000,6
11517,1152,6073,6.0000,7
11518,1152,15782,15.0000,8
11519,1152,29408,12.0000,9
11520,1152,29621,12.0000,10
11521,1153,13915,18.0000,1
11522,1153,7479,3.0000,2
11523,1153,14865,15.0000,3
11524,1153,18878,8.0000,4
11525,1153,21878,16.0000,5
11526,1153,5238,14.0000,6
11527,1153,26762,9.0000,7
11528,1153,15086,19.0000,8
11529,1153,16274,18.0000,9
11530,1153,23683,6.0000,10
11531,1154,15318,9.0000,1
11532,1154,8953,5.0000,2
11533,1154,27508,5.0000,3
11534,1154,22630,2.0000,4
11535,1154,7539,15.0000,5
11536,1154,21434,14.0000,6
11537,1154,15836,11.0000,7
11538,1154,15769,12.0000,8
11539,1154,4592,18.0000,9
11540,1154,21192,7.0000,10
11541,1155,19419,7.0000,1
11542,1155,6141,5.0000,2
11543,1155,981,3.0000,3
11544,1155,4828,17.0000,4
11545,1155,18011,5.0000,5
11546,1155,29996,17.0000,6
11547,1155,21205,17.0000,7
11548,1155,5420,19.0000,8
11549,1155,5024,4.0000,9
11550,1155,1114,8.0000,10
11551,1156,28938,17.0000,1
11552,1156,16694,9.0000,2
11553,1156,12430,10.0000,3
11554,1156,23178,17.0000,4
11555,1156,25861,5.0000,5
11556,1156,9871,16.0000,6
11557,1156,26060,15.0000,7
11558,1156,13953,1.0000,8
11559,1156,19377,1.0000,9
11560,1156,13734,12.0000,10
11561,1157,5348,16.0000,1
11562,1157,28131,3.0000,2
11563,1157,19364,8.0000,3
11564,1157,9030,14.0000,4
11565,1157,961,17.0000,5
11566,1157,2795,14.0000,6
11567,1157,14950,6.0000,7
11568,1157,8237,7.0000,8
11569,1157,4890,8.0000,9
11570,1157,18689,12.0000,10
11571,1158,16931,10.0000,1
11572,1158,27405,20.0000,2
11573,1158,24424,9.0000,3
11574,1158,1532,19.0000,4
11575,1158,22973,8.0000,5
11576,1158,15828,19.0000,6
11577,1158,22159,3.0000,7
11578,1158,13407,4.0000,8
11579,1158,17965,3.0000,9
11580,1158,24417,9.0000,10
11581,1159,2208,20.0000,1
11582,1159,14720,15.0000,2
11583,1159,16840,7.0000,3
11584,1159,25904,15.0000,4
11585,1159,29220,19.0000,5
11586,1159,8321,13.0000,6
11587,1159,8770,13.0000,7
11588,1159,11718,8.0000,8
11589,1159,21158,17.0000,9
11590,1159,26223,4.0000,10
11591,1160,4735,4.0000,1
11592,1160,10234,3.0000,2
11593,1160,15188,17.0000,3
11594,1160,26600,12.0000,4
11595,1160,22015,18.0000,5
11596,1160,17201,6.0000,6
11597,1160,10176,14.0000,7
11598,1160,25052,6.0000,8
11599,1160,16018,16.0000,9
11600,1160,5913,1.0000,10
11601,1161,16531,6.0000,1
11602,1161,24565,15.0000,2
11603,1161,24824,13.0000,3
11604,1161,15142,20.0000,4
11605,1161,25865,3.0000,5
11606,1161,16555,10.0000,6
11607,1161,17916,6.0000,7
11608,1161,17699,20.0000,8
11609,1161,28628,5.0000,9
11610,1161,12425,4.0000,10
11611,1162,3483,5.0000,1
11612,1162,2438,13.0000,2
11613,1162,4117,1.0000,3
11614,1162,16575,4.0000,4
11615,1162,15970,17.0000,5
11616,1162,9704,2.0000,6
11617,1162,17638,15.0000,7
11618,1162,20734,20.0000,8
11619,1162,14232,1.0000,9
11620,1162,2622,16.0000,10
11621,1163,22029,11.0000,1
11622,1163,7490,10.0000,2
11623,1163,7094,7.0000,3
11624,1163,9250,16.0000,4
11625,1163,2899,2.0000,5
11626,1163,1083,9.0000,6
11627,1163,3839,12.0000,7
11628,1163,2557,15.0000,8
11629,1163,28633,15.0000,9
11630,1163,17929,17.0000,10
11631,1164,29940,2.0000,1
11632,1164,20813,17.0000,2
11633,1164,844,11.0000,3
11634,1164,13224,9.0000,4
11635,1164,4908,19.0000,5
11636,1164,9646,7.0000,6
11637,1164,11703,4.0000,7
11638,1164,26394,3.0000,8
11639,1164,9681,16.0000,9
11640,1164,12150,1.0000,10
11641,1165,964,12.0000,1
11642,1165,10840,9.0000,2
11643,1165,10534,2.0000,3
11644,1165,27821,6.0000,4
11645,1165,15806,17.0000,5
11646,1165,11378,7.0000,6
11647,1165,526,1.0000,7
11648,1165,25808,15.0000,8
11649,1165,24781,19.0000,9
11650,1165,6274,6.0000,10
11651,1166,3846,6.0000,1
11652,1166,14111,9.0000,2
11653,1166,26430,4.0000,3
11654,1166,10697,6.0000,4
11655,1166,5292,1.0000,5
11656,1166,11123,19.0000,6
11657,1166,16965,14.0000,7
11658,1166,12355,16.0000,8
11659,1166,29344,11.0000,9
11660,1166,24742,9.0000,10
11661,1167,5815,18.0000,1
11662,1167,29805,7.0000,2
11663,1167,8954,17.0000,3
11664,1167,3427,19.0000,4
11665,1167,11448,9.0000,5
11666,1167,13800,1.0000,6
11667,1167,5107,3.0000,7
11668,1167,8010,10.0000,8
11669,1167,21127,5.0000,9
11670,1167,12996,15.0000,10
11671,1168,11145,20.0000,1
11672,1168,21497,9.0000,2
11673,1168,1482,3.0000,3
11674,1168,24764,20.0000,4
11675,1168,23799,17.0000,5
11676,1168,20712,19.0000,6
11677,1168,4842,3.0000,7
11678,1168,12841,20.0000,8
11679,1168,107,10.0000,9
11680,1168,3437,3.0000,10
11681,1169,27044,6.0000,1
11682,1169,12837,14.0000,2
11683,1169,8065,20.0000,3
11684,1169,2358,13.0000,4
11685,1169,20675,12.0000,5
11686,1169,9835,14.0000,6
11687,1169,20767,16.0000,7
11688,1169,29705,6.0000,8
11689,1169,21839,8.0000,9
11690,1169,9391,13.0000,10
11691,1170,7957,14.0000,1
11692,1170,13346,8.0000,2
11693,1170,1678,12.0000,3
11694,1170,16535,15.0000,4
11695,1170,6430,16.0000,5
11696,1170,27667,18.0000,6
11697,1170,8776,9.0000,7
11698,1170,23574,6.0000,8
11699,1170,29491,16.0000,9
11700,1170,26991,6.0000,10
11701,1171,21399,20.0000,1
11702,1171,8151,3.0000,2
11703,1171,8145,12.0000,3
11704,1171,22099,18.0000,4
11705,1171,12066,8.0000,5
11706,1171,3746,10.0000,6
11707,1171,28705,2.0000,7
11708,1171,4699,5.0000,8
11709,1171,10762,17.0000,9
11710,1171,14229,20.0000,10
11711,1172,15487,2.0000,1
11712,1172,25237,2.0000,2
11713,1172,10659,9.0000,3
11714,1172,1099,16.0000,4
11715,1172,4306,18.0000,5
11716,1172,21959,7.0000,6
11717,1172,28374,1.0000,7
11718,1172,17547,14.0000,8
11719,1172,12793,3.0000,9
11720,1172,17634,15.0000,10
11721,1173,5698,4.0000,1
11722,1173,22581,15.0000,2
11723,1173,3634,5.0000,3
11724,1173,14776,7.0000,4
11725,1173,5448,19.0000,5
11726,1173,8250,5.0000,6
11727,1173,29935,19.0000,7
11728,1173,9158,13.0000,8
11729,1173,10160,19.0000,9
11730,1173,1086,17.0000,10
11731,1174,5320,9.0000,1
11732,1174,13119,4.0000,2
11733,1174,29371,19.0000,3
11734,1174,6710,7.0000,4
11735,1174,21751,14.0000,5
11736,1174,2273,12.0000,6
11737,1174,26256,18.0000,7
11738,1174,21498,11.0000,8
11739,1174,6347,18.0000,9
11740,1174,1237,12.0000,10
11741,1175,7581,13.0000,1
11742,1175,13171,16.0000,2
11743,1175,19550,18.0000,3
11744,1175,26353,8.0000,4
11745,1175,24947,2.0000,5
11746,1175,5150,10.0000,6
11747,1175,23406,12.0000,7
11748,1175,21365,2.0000,8
11749,1175,15266,9.0000,9
11750,1175,28053,17.0000,10
11751,1176,25137,3.0000,1
11752,1176,24118,3.0000,2
11753,1176,8564,17.0000,3
11754,1176,14943,14.0000,4
11755,1176,19303,9.0000,5
11756,1176,20091,9.0000,6
11757,1176,20517,13.0000,7
11758,1176,4213,8.0000,8
11759,1176,22124,4.0000,9
11760,1176,17441,14.0000,10
11761,1177,995,10.0000,1
11762,1177,20778,1.0000,2
11763,1177,12795,17.0000,3
11764,1177,23967,7.0000,4
11765,1177,8261,6.0000,5
11766,1177,24594,4.0000,6
11767,1177,29642,13.0000,7
11768,1177,10372,6.0000,8
11769,1177,13684,18.0000,9
11770,1177,22284,4.0000,10
11771,1178,4632,18.0000,1
11772,1178,744,15.0000,2
11773,1178,19797,8.0000,3
11774,1178,27169,13.0000,4
11775,1178,5721,14.0000,5
11776,1178,22033,6.0000,6
11777,1178,11601,9.0000,7
11778,1178,11807,17.0000,8
11779,1178,18070,4.0000,9
11780,1178,29129,19.0000,10
11781,1179,14228,3.0000,1
11782,1179,8108,16.0000,2
11783,1179,18184,15.0000,3
11784,1179,10037,15.0000,4
11785,1179,11089,3.0000,5
11786,1179,13658,4.0000,6
11787,1179,23786,7.0000,7
11788,1179,7470,18.0000,8
11789,1179,18996,3.0000,9
11790,1179,7609,7.0000,10
11791,1180,27084,15.0000,1
11792,1180,12545,17.0000,2
11793,1180,9962,13.0000,3
11794,1180,6383,17.0000,4
11795,1180,14017,5.0000,5
11796,1180,5129,10.0000,6
11797,1180,1607,18.0000,7
11798,1180,28853,19.0000,8
11799,1180,14632,14.0000,9
11800,1180,2932,3.0000,10
11801,1181,2235,16.0000,1
11802,1181,27455,4.0000,2
11803,1181,21433,1.0000,3
11804,1181,10151,13.0000,4
11805,1181,22123,3.0000,5
11806,1181,2984,19.0000,6
11807,1181,6480,8.0000,7
11808,1181,521,8.0000,8
11809,1181,6242,9.0000,9
11810,1181,15403,7.0000,10
11811,1182,6489,10.0000,1
11812,1182,21577,6.0000,2
11813,1182,16336,15.0000,3
11814,1182,2903,16.0000,4
11815,1182,10032,16.0000,5
11816,1182,17045,5.0000,6
11817,1182,17649,12.0000,7
11818,1182,22142,4.0000,8
11819,1182,8680,13.0000,9
11820,1182,1592,15.0000,10
11821,1183,37,4.0000,1
11822,1183,8678,19.0000,2
11823,1183,28824,11.0000,3
11824,1183,29715,14.0000,4
11825,1183,21398,13.0000,5
11826,1183,3622,5.0000,6
11827,1183,20420,14.0000,7
11828,1183,5773,20.0000,8
11829,1183,15763,17.0000,9
11830,1183,17989,10.0000,10
11831,1184,28691,2.0000,1
11832,1184,13816,14.0000,2
11833,1184,7049,20.0000,3
11834,1184,4019,8.0000,4
11835,1184,21782,18.0000,5
11836,1184,27453,15.0000,6
11837,1184,23749,14.0000,7
11838,1184,5701,10.0000,8
11839,1184,19545,13.0000,9
11840,1184,27589,15.0000,10
11841,1185,16667,17.0000,1
11842,1185,28434,8.0000,2
11843,1185,18483,10.0000,3
11844,1185,3757,13.0000,4
11845,1185,11832,9.0000,5
11846,1185,7974,13.0000,6
11847,1185,27322,19.0000,7
11848,1185,5386,3.0000,8
11849,1185,16040,9.0000,9
11850,1185,25726,15.0000,10
11851,1186,24560,3.0000,1
11852,1186,7271,11.0000,2
11853,1186,19162,7.0000,3
11854,1186,29406,5.0000,4
11855,1186,13308,3.0000,5
11856,1186,22955,1.0000,6
11857,1186,26556,15.0000,7
11858,1186,20677,20.0000,8
11859,1186,19890,1.0000,9
11860,1186,6412,19.0000,10
11861,1187,4648,20.0000,1
11862,1187,21211,16.0000,2
11863,1187,26068,9.0000,3
11864,1187,15799,15.0000,4
11865,1187,18509,8.0000,5
11866,1187,24772,14.0000,6
11867,1187,24042,20.0000,7
11868,1187,28977,7.0000,8
11869,1187,16588,12.0000,9
11870,1187,10,14.0000,10
11871,1188,11897,6.0000,1
11872,1188,16264,17.0000,2
11873,1188,14587,12.0000,3
11874,1188,7847,19.0000,4
11875,1188,878,4.0000,5
11876,1188,110,19.0000,6
11877,1188,18456,17.0000,7
11878,1188,24164,4.0000,8
11879,1188,6945,4.0000,9
11880,1188,14418,3.0000,10
11881,1189,21797,13.0000,1
11882,1189,5518,3.0000,2
11883,1189,25235,10.0000,3
11884,1189,2023,11.0000,4
11885,1189,5754,4.0000,5
11886,1189,22567,15.0000,6
11887,1189,16061,16.0000,7
11888,1189,23002,8.0000,8
11889,1189,10606,16.0000,9
11890,1189,24459,17.0000,10
11891,1190,5431,20.0000,1
11892,1190,29723,5.0000,2
11893,1190,21438,5.0000,3
11894,1190,2170,16.0000,4
11895,1190,14463,19.0000,5
11896,1190,12876,14.0000,6
11897,1190,5932,19.0000,7
11898,1190,7803,11.0000,8
11899,1190,3123,3.0000,9
11900,1190,21880,13.0000,10
11901,1191,7907,5.0000,1
11902,1191,25980,19.0000,2
11903,1191,4446,13.0000,3
11904,1191,18115,11.0000,4
11905,1191,12069,10.0000,5
11906,1191,14898,11.0000,6
11907,1191,1969,2.0000,7
11908,1191,10727,9.0000,8
11909,1191,8020,6.0000,9
11910,1191,16830,6.0000,10
11911,1192,8304,4.0000,1
11912,1192,4658,10.0000,2
11913,1192,26683,6.0000,3
11914,1192,14658,11.0000,4
11915,1192,6346,2.0000,5
11916,1192,27226,6.0000,6
11917,1192,26793,10.0000,7
11918,1192,1806,14.0000,8
11919,1192,302,4.0000,9
11920,1192,21102,8.0000,10
11921,1193,15052,12.0000,1
11922,1193,4639,15.0000,2
11923,1193,24559,17.0000,3
11924,1193,2367,19.0000,4
11925,1193,20153,8.0000,5
11926,1193,5595,8.0000,6
11927,1193,17797,8.0000,7
11928,1193,890,3.0000,8
11929,1193,23998,18.0000,9
11930,1193,9869,1.0000,10
11931,1194,7604,6.0000,1
11932,1194,19533,17.0000,2
11933,1194,10914,8.0000,3
11934,1194,14671,19.0000,4
11935,1194,8889,3.0000,5
11936,1194,19531,2.0000,6
11937,1194,26770,7.0000,7
11938,1194,13334,13.0000,8
11939,1194,9655,11.0000,9
11940,1194,25648,16.0000,10
11941,1195,14625,16.0000,1
11942,1195,12941,14.0000,2
11943,1195,11060,5.0000,3
11944,1195,29704,8.0000,4
11945,1195,703,18.0000,5
11946,1195,19875,3.0000,6
11947,1195,8679,10.0000,7
11948,1195,16389,7.0000,8
11949,1195,18068,19.0000,9
11950,1195,15037,15.0000,10
11951,1196,19327,14.0000,1
11952,1196,6640,16.0000,2
11953,1196,10617,6.0000,3
11954,1196,24481,6.0000,4
11955,1196,14025,11.0000,5
11956,1196,10721,7.0000,6
11957,1196,19197,17.0000,7
11958,1196,3818,10.0000,8
11959,1196,8138,13.0000,9
11960,1196,25298,8.0000,10
11961,1197,27012,18.0000,1
11962,1197,29798,19.0000,2
11963,1197,18905,19.0000,3
11964,1197,17631,2.0000,4
11965,1197,13776,11.0000,5
11966,1197,23061,10.0000,6
11967,1197,1617,6.0000,7
11968,1197,9763,3.0000,8
11969,1197,26728,15.0000,9
11970,1197,27061,7.0000,10
11971,1198,26196,9.0000,1
11972,1198,18897,15.0000,2
11973,1198,19758,14.0000,3
11974,1198,10689,4.0000,4
11975,1198,5771,4.0000,5
11976,1198,579,4.0000,6
11977,1198,21557,7.0000,7
11978,1198,7780,17.0000,8
11979,1198,8804,17.0000,9
11980,1198,20743,15.0000,10
11981,1199,5764,17.0000,1
11982,1199,14506,9.0000,2
11983,1199,27210,1.0000,3
11984,1199,12480,20.0000,4
11985,1199,20549,15.0000,5
11986,1199,29073,13.0000,6
11987,1199,2488,7.0000,7
11988,1199,5420,1.0000,8
11989,1199,9517,11.0000,9
11990,1199,9257,13.0000,10
11991,1200,29787,1.0000,1
11992,1200,7068,8.0000,2
11993,1200,26521,16.0000,3
11994,1200,27511,8.0000,4
11995,1200,18836,6.0000,5
11996,1200,11573,16.0000,6
11997,1200,15967,16.0000,7
11998,1200,2951,19.0000,8
11999,1200,13817,17.0000,9
12000,1200,24445,4.0000,10
12001,1201,24188,13.0000,1
12002,1201,17129,18.0000,2
12003,1201,4939,20.0000,3
12004,1201,14511,11.0000,4
12005,1201,5458,16.0000,5
12006,1201,9992,3.0000,6
12007,1201,5079,9.0000,7
12008,1201,27287,15.0000,8
12009,1201,4777,10.0000,9
12010,1201,4554,17.0000,10
12011,1202,18936,11.0000,1
12012,1202,1554,3.0000,2
12013,1202,24089,6.0000,3
12014,1202,11574,19.0000,4
12015,1202,11356,19.0000,5
12016,1202,13741,10.0000,6
12017,1202,13149,2.0000,7
12018,1202,8595,7.0000,8
12019,1202,15504,12.0000,9
12020,1202,14570,9.0000,10
12021,1203,5670,18.0000,1
12022,1203,24867,8.0000,2
12023,1203,11653,12.0000,3
12024,1203,17918,1.0000,4
12025,1203,15401,1.0000,5
12026,1203,26434,9.0000,6
12027,1203,14063,17.0000,7
12028,1203,8492,13.0000,8
12029,1203,25856,12.0000,9
12030,1203,10234,15.0000,10
12031,1204,12918,9.0000,1
12032,1204,25930,5.0000,2
12033,1204,10133,2.0000,3
12034,1204,13639,13.0000,4
12035,1204,26911,5.0000,5
12036,1204,4128,11.0000,6
12037,1204,8069,6.0000,7
12038,1204,17370,7.0000,8
12039,1204,25524,5.0000,9
12040,1204,4312,19.0000,10
12041,1205,26216,10.0000,1
12042,1205,3340,11.0000,2
12043,1205,28285,4.0000,3
12044,1205,5414,11.0000,4
12045,1205,2067,4.0000,5
12046,1205,8049,20.0000,6
12047,1205,9019,10.0000,7
12048,1205,27055,4.0000,8
12049,1205,3106,2.0000,9
12050,1205,832,3.0000,10
12051,1206,23555,2.0000,1
12052,1206,23743,10.0000,2
12053,1206,26583,14.0000,3
12054,1206,579,20.0000,4
12055,1206,135,9.0000,5
12056,1206,7498,13.0000,6
12057,1206,28562,18.0000,7
12058,1206,8070,14.0000,8
12059,1206,27458,20.0000,9
12060,1206,25552,16.0000,10
12061,1207,29126,4.0000,1
12062,1207,12584,1.0000,2
12063,1207,15737,8.0000,3
12064,1207,440,5.0000,4
12065,1207,20469,1.0000,5
12066,1207,9054,17.0000,6
12067,1207,20505,1.0000,7
12068,1207,20829,17.0000,8
12069,1207,23862,13.0000,9
12070,1207,15839,2.0000,10
12071,1208,9110,3.0000,1
12072,1208,9987,4.0000,2
12073,1208,25486,3.0000,3
12074,1208,10051,1.0000,4
12075,1208,21348,16.0000,5
12076,1208,22225,11.0000,6
12077,1208,11645,11.0000,7
12078,1208,10537,18.0000,8
12079,1208,10701,1.0000,9
12080,1208,28681,18.0000,10
12081,1209,19072,13.0000,1
12082,1209,15633,20.0000,2
12083,1209,26720,3.0000,3
12084,1209,3745,1.0000,4
12085,1209,24163,8.0000,5
12086,1209,19819,8.0000,6
12087,1209,23570,6.0000,7
12088,1209,9754,12.0000,8
12089,1209,9337,8.0000,9
12090,1209,16505,7.0000,10
12091,1210,13803,6.0000,1
12092,1210,24287,5.0000,2
12093,1210,18275,14.0000,3
12094,1210,6351,8.0000,4
12095,1210,12962,8.0000,5
12096,1210,7421,3.0000,6
12097,1210,14424,2.0000,7
12098,1210,12243,3.0000,8
12099,1210,29787,10.0000,9
12100,1210,1477,19.0000,10
12101,1211,5888,11.0000,1
12102,1211,15225,18.0000,2
12103,1211,20340,5.0000,3
12104,1211,16968,10.0000,4
12105,1211,7588,13.0000,5
12106,1211,2437,5.0000,6
12107,1211,7953,15.0000,7
12108,1211,15908,2.0000,8
12109,1211,1205,3.0000,9
12110,1211,6925,4.0000,10
12111,1212,17149,19.0000,1
12112,1212,10418,20.0000,2
12113,1212,8874,3.0000,3
12114,1212,25561,6.0000,4
12115,1212,26714,10.0000,5
12116,1212,24791,2.0000,6
12117,1212,5185,16.0000,7
12118,1212,9434,19.0000,8
12119,1212,12918,4.0000,9
12120,1212,22699,13.0000,10
12121,1213,16059,4.0000,1
12122,1213,14920,5.0000,2
12123,1213,7310,15.0000,3
12124,1213,3568,16.0000,4
12125,1213,19222,12.0000,5
12126,1213,15165,20.0000,6
12127,1213,15271,17.0000,7
12128,1213,7741,15.0000,8
12129,1213,6320,18.0000,9
12130,1213,28901,19.0000,10
12131,1214,6737,8.0000,1
12132,1214,16287,18.0000,2
12133,1214,24498,7.0000,3
12134,1214,13753,13.0000,4
12135,1214,11244,13.0000,5
12136,1214,18662,12.0000,6
12137,1214,6490,12.0000,7
12138,1214,7867,4.0000,8
12139,1214,16062,1.0000,9
12140,1214,14914,3.0000,10
12141,1215,25805,9.0000,1
12142,1215,7609,13.0000,2
12143,1215,12982,13.0000,3
12144,1215,17340,8.0000,4
12145,1215,22172,1.0000,5
12146,1215,149,10.0000,6
12147,1215,7235,18.0000,7
12148,1215,27903,16.0000,8
12149,1215,18329,9.0000,9
12150,1215,28511,14.0000,10
12151,1216,1320,8.0000,1
12152,1216,7989,20.0000,2
12153,1216,29898,1.0000,3
12154,1216,19017,16.0000,4
12155,1216,13084,6.0000,5
12156,1216,2726,10.0000,6
12157,1216,800,10.0000,7
12158,1216,17644,12.0000,8
12159,1216,4888,3.0000,9
12160,1216,29605,19.0000,10
12161,1217,23293,9.0000,1
12162,1217,28378,20.0000,2
12163,1217,2198,1.0000,3
12164,1217,5245,6.0000,4
12165,1217,11220,9.0000,5
12166,1217,9772,7.0000,6
12167,1217,743,3.0000,7
12168,1217,24551,20.0000,8
12169,1217,30,16.0000,9
12170,1217,25077,11.0000,10
12171,1218,21000,20.0000,1
12172,1218,6757,9.0000,2
12173,1218,23768,18.0000,3
12174,1218,29115,19.0000,4
12175,1218,22377,14.0000,5
12176,1218,23233,20.0000,6
12177,1218,1693,15.0000,7
12178,1218,16550,15.0000,8
12179,1218,15093,12.0000,9
12180,1218,13007,20.0000,10
12181,1219,27064,13.0000,1
12182,1219,21971,4.0000,2
12183,1219,4015,20.0000,3
12184,1219,25990,9.0000,4
12185,1219,6749,17.0000,5
12186,1219,13065,19.0000,6
12187,1219,29317,8.0000,7
12188,1219,12330,10.0000,8
12189,1219,24649,16.0000,9
12190,1219,19147,17.0000,10
12191,1220,23960,15.0000,1
12192,1220,27191,6.0000,2
12193,1220,6777,16.0000,3
12194,1220,26846,4.0000,4
12195,1220,24660,10.0000,5
12196,1220,28134,17.0000,6
12197,1220,23957,14.0000,7
12198,1220,17786,9.0000,8
12199,1220,25880,20.0000,9
12200,1220,4608,12.0000,10
12201,1221,9375,14.0000,1
12202,1221,14011,13.0000,2
12203,1221,21676,10.0000,3
12204,1221,5055,8.0000,4
12205,1221,20567,19.0000,5
12206,1221,3193,20.0000,6
12207,1221,21330,9.0000,7
12208,1221,20410,3.0000,8
12209,1221,22952,4.0000,9
12210,1221,7598,13.0000,10
12211,1222,18384,12.0000,1
12212,1222,10409,2.0000,2
12213,1222,13663,13.0000,3
12214,1222,26574,9.0000,4
12215,1222,2691,3.0000,5
12216,1222,23684,18.0000,6
12217,1222,26019,9.0000,7
12218,1222,29282,11.0000,8
12219,1222,12874,2.0000,9
12220,1222,22975,2.0000,10
12221,1223,3401,13.0000,1
12222,1223,22538,18.0000,2
12223,1223,28414,7.0000,3
12224,1223,6521,8.0000,4
12225,1223,27129,14.0000,5
12226,1223,10507,8.0000,6
12227,1223,24155,12.0000,7
12228,1223,26912,8.0000,8
12229,1223,19802,16.0000,9
12230,1223,7140,12.0000,10
12231,1224,16721,16.0000,1
12232,1224,24599,16.0000,2
12233,1224,9817,17.0000,3
12234,1224,13234,12.0000,4
12235,1224,13232,8.0000,5
12236,1224,23623,17.0000,6
12237,1224,11768,3.0000,7
12238,1224,10439,14.0000,8
12239,1224,5093,18.0000,9
12240,1224,3799,20.0000,10
12241,1225,9710,3.0000,1
12242,1225,20835,11.0000,2
12243,1225,3062,8.0000,3
12244,1225,1226,19.0000,4
12245,1225,20259,1.0000,5
12246,1225,21212,3.0000,6
12247,1225,285,1.0000,7
12248,1225,8550,9.0000,8
12249,1225,21138,3.0000,9
12250,1225,23547,2.0000,10
12251,1226,21356,8.0000,1
12252,1226,8070,9.0000,2
12253,1226,12441,11.0000,3
12254,1226,13388,11.0000,4
12255,1226,28024,19.0000,5
12256,1226,25050,20.0000,6
12257,1226,11270,12.0000,7
12258,1226,12591,12.0000,8
12259,1226,19975,16.0000,9
12260,1226,28824,20.0000,10
12261,1227,86,16.0000,1
12262,1227,1840,7.0000,2
12263,1227,27889,1.0000,3
12264,1227,27168,12.0000,4
12265,1227,24692,17.0000,5
12266,1227,2407,13.0000,6
12267,1227,9672,19.0000,7
12268,1227,9747,8.0000,8
12269,1227,17453,15.0000,9
12270,1227,9127,10.0000,10
12271,1228,15325,11.0000,1
12272,1228,15910,15.0000,2
12273,1228,25528,17.0000,3
12274,1228,25797,6.0000,4
12275,1228,16603,4.0000,5
12276,1228,28220,14.0000,6
12277,1228,16681,5.0000,7
12278,1228,22218,16.0000,8
12279,1228,19292,4.0000,9
12280,1228,21700,13.0000,10
12281,1229,12863,17.0000,1
12282,1229,1925,12.0000,2
12283,1229,6582,11.0000,3
12284,1229,12997,15.0000,4
12285,1229,3337,10.0000,5
12286,1229,14827,4.0000,6
12287,1229,17290,6.0000,7
12288,1229,20232,15.0000,8
12289,1229,20680,16.0000,9
12290,1229,9556,4.0000,10
12291,1230,20163,1.0000,1
12292,1230,26224,3.0000,2
12293,1230,27761,16.0000,3
12294,1230,17039,18.0000,4
12295,1230,2573,8.0000,5
12296,1230,7889,14.0000,6
12297,1230,18592,10.0000,7
12298,1230,8587,11.0000,8
12299,1230,14640,18.0000,9
12300,1230,21437,12.0000,10
12301,1231,25817,6.0000,1
12302,1231,24610,12.0000,2
12303,1231,19218,16.0000,3
12304,1231,4334,10.0000,4
12305,1231,29607,14.0000,5
12306,1231,24678,14.0000,6
12307,1231,17865,20.0000,7
12308,1231,20030,11.0000,8
12309,1231,6913,15.0000,9
12310,1231,27225,7.0000,10
12311,1232,23856,1.0000,1
12312,1232,4453,10.0000,2
12313,1232,11369,8.0000,3
12314,1232,29981,15.0000,4
12315,1232,9739,4.0000,5
12316,1232,12867,18.0000,6
12317,1232,28974,18.0000,7
12318,1232,28461,17.0000,8
12319,1232,25053,10.0000,9
12320,1232,15865,7.0000,10
12321,1233,28415,13.0000,1
12322,1233,29191,2.0000,2
12323,1233,16650,8.0000,3
12324,1233,16321,19.0000,4
12325,1233,5214,17.0000,5
12326,1233,19896,16.0000,6
12327,1233,3003,14.0000,7
12328,1233,6868,20.0000,8
12329,1233,25082,6.0000,9
12330,1233,29734,2.0000,10
12331,1234,20060,20.0000,1
12332,1234,3076,5.0000,2
12333,1234,12027,19.0000,3
12334,1234,7723,11.0000,4
12335,1234,1233,16.0000,5
12336,1234,29953,15.0000,6
12337,1234,17090,17.0000,7
12338,1234,28656,19.0000,8
12339,1234,4622,9.0000,9
12340,1234,25982,5.0000,10
12341,1235,17461,2.0000,1
12342,1235,1804,10.0000,2
12343,1235,6542,14.0000,3
12344,1235,367,16.0000,4
12345,1235,17134,6.0000,5
12346,1235,28088,14.0000,6
12347,1235,4960,20.0000,7
12348,1235,29376,8.0000,8
12349,1235,27195,12.0000,9
12350,1235,23105,8.0000,10
12351,1236,10366,20.0000,1
12352,1236,18627,2.0000,2
12353,1236,9038,17.0000,3
12354,1236,1431,9.0000,4
12355,1236,28471,2.0000,5
12356,1236,1901,16.0000,6
12357,1236,6037,9.0000,7
12358,1236,13711,17.0000,8
12359,1236,17173,4.0000,9
12360,1236,14370,4.0000,10
12361,1237,5513,20.0000,1
12362,1237,11608,19.0000,2
12363,1237,6706,12.0000,3
12364,1237,19181,17.0000,4
12365,1237,21337,13.0000,5
12366,1237,29463,2.0000,6
12367,1237,22444,2.0000,7
12368,1237,23782,13.0000,8
12369,1237,660,14.0000,9
12370,1237,13588,20.0000,10
12371,1238,1458,5.0000,1
12372,1238,14718,2.0000,2
12373,1238,24641,20.0000,3
12374,1238,12537,7.0000,4
12375,1238,20782,18.0000,5
12376,1238,10281,6.0000,6
12377,1238,10147,8.0000,7
12378,1238,27789,8.0000,8
12379,1238,25297,15.0000,9
12380,1238,25364,8.0000,10
12381,1239,24304,19.0000,1
12382,1239,26205,14.0000,2
12383,1239,12687,10.0000,3
12384,1239,20875,19.0000,4
12385,1239,11507,15.0000,5
12386,1239,6896,17.0000,6
12387,1239,202,11.0000,7
12388,1239,241,9.0000,8
12389,1239,3549,20.0000,9
12390,1239,19850,10.0000,10
12391,1240,4305,14.0000,1
12392,1240,18455,19.0000,2
12393,1240,79,12.0000,3
12394,1240,8334,17.0000,4
12395,1240,21229,20.0000,5
12396,1240,12151,6.0000,6
12397,1240,16279,1.0000,7
12398,1240,15557,10.0000,8
12399,1240,7944,9.0000,9
12400,1240,21242,14.0000,10
12401,1241,24670,1.0000,1
12402,1241,18084,18.0000,2
12403,1241,489,16.0000,3
12404,1241,5262,4.0000,4
12405,1241,7234,9.0000,5
12406,1241,24309,17.0000,6
12407,1241,20618,7.0000,7
12408,1241,20829,19.0000,8
12409,1241,1645,12.0000,9
12410,1241,27024,5.0000,10
12411,1242,9815,15.0000,1
12412,1242,7273,6.0000,2
12413,1242,29033,19.0000,3
12414,1242,29416,16.0000,4
12415,1242,12472,17.0000,5
12416,1242,16257,15.0000,6
12417,1242,28315,14.0000,7
12418,1242,2733,13.0000,8
12419,1242,16648,20.0000,9
12420,1242,14530,4.0000,10
12421,1243,25422,12.0000,1
12422,1243,6471,19.0000,2
12423,1243,17752,8.0000,3
12424,1243,14016,3.0000,4
12425,1243,24926,9.0000,5
12426,1243,5046,16.0000,6
12427,1243,3498,16.0000,7
12428,1243,24292,13.0000,8
12429,1243,14267,10.0000,9
12430,1243,20059,17.0000,10
12431,1244,6523,11.0000,1
12432,1244,4710,2.0000,2
12433,1244,21086,1.0000,3
12434,1244,19199,16.0000,4
12435,1244,9454,3.0000,5
12436,1244,6679,2.0000,6
12437,1244,7081,13.0000,7
12438,1244,24299,14.0000,8
12439,1244,616,2.0000,9
12440,1244,27310,14.0000,10
12441,1245,21005,10.0000,1
12442,1245,23234,20.0000,2
12443,1245,15639,4.0000,3
12444,1245,29700,4.0000,4
12445,1245,11055,13.0000,5
12446,1245,12225,14.0000,6
12447,1245,27587,8.0000,7
12448,1245,21322,16.0000,8
12449,1245,7883,20.0000,9
12450,1245,26475,2.0000,10
12451,1246,15909,12.0000,1
12452,1246,2765,19.0000,2
12453,1246,28747,17.0000,3
12454,1246,154,16.0000,4
12455,1246,4013,16.0000,5
12456,1246,24377,7.0000,6
12457,1246,26334,18.0000,7
12458,1246,21032,17.0000,8
12459,1246,24269,17.0000,9
12460,1246,18754,18.0000,10
12461,1247,5506,13.0000,1
12462,1247,8601,17.0000,2
12463,1247,4033,2.0000,3
12464,1247,938,14.0000,4
12465,1247,3131,18.0000,5
12466,1247,1161,11.0000,6
12467,1247,23689,10.0000,7
12468,1247,12967,5.0000,8
12469,1247,9236,3.0000,9
12470,1247,887,8.0000,10
12471,1248,18189,10.0000,1
12472,1248,6953,2.0000,2
12473,1248,5946,5.0000,3
12474,1248,23678,8.0000,4
12475,1248,7051,4.0000,5
12476,1248,12935,11.0000,6
12477,1248,4666,9.0000,7
12478,1248,3953,2.0000,8
12479,1248,14085,9.0000,9
12480,1248,6157,16.0000,10
12481,1249,4577,14.0000,1
12482,1249,7217,14.0000,2
12483,1249,8812,8.0000,3
12484,1249,17270,5.0000,4
12485,1249,26008,12.0000,5
12486,1249,29965,2.0000,6
12487,1249,28949,11.0000,7
12488,1249,820,12.0000,8
12489,1249,4711,18.0000,9
12490,1249,15137,4.0000,10
12491,1250,8100,2.0000,1
12492,1250,26743,11.0000,2
12493,1250,8194,10.0000,3
12494,1250,21303,19.0000,4
12495,1250,12063,19.0000,5
12496,1250,28456,6.0000,6
12497,1250,7332,11.0000,7
12498,1250,25659,11.0000,8
12499,1250,20112,2.0000,9
12500,1250,14383,1.0000,10
12501,1251,14160,14.0000,1
12502,1251,13024,18.0000,2
12503,1251,23918,20.0000,3
12504,1251,9050,1.0000,4
12505,1251,22051,2.0000,5
12506,1251,18322,10.0000,6
12507,1251,3425,9.0000,7
12508,1251,27411,18.0000,8
12509,1251,1503,9.0000,9
12510,1251,6996,1.0000,10
12511,1252,26692,4.0000,1
12512,1252,19674,2.0000,2
12513,1252,14054,13.0000,3
12514,1252,5557,2.0000,4
12515,1252,7784,7.0000,5
12516,1252,8838,18.0000,6
12517,1252,14258,12.0000,7
12518,1252,11776,6.0000,8
12519,1252,24137,15.0000,9
12520,1252,27882,19.0000,10
12521,1253,17437,19.0000,1
12522,1253,16117,4.0000,2
12523,1253,14313,13.0000,3
12524,1253,29288,19.0000,4
12525,1253,13163,5.0000,5
12526,1253,22765,7.0000,6
12527,1253,19695,2.0000,7
12528,1253,18956,14.0000,8
12529,1253,23418,5.0000,9
12530,1253,9191,20.0000,10
12531,1254,8875,4.0000,1
12532,1254,16970,20.0000,2
12533,1254,7083,20.0000,3
12534,1254,6778,15.0000,4
12535,1254,22811,4.0000,5
12536,1254,10873,2.0000,6
12537,1254,5988,19.0000,7
12538,1254,29852,2.0000,8
12539,1254,8916,5.0000,9
12540,1254,1635,7.0000,10
12541,1255,6661,20.0000,1
12542,1255,9697,19.0000,2
12543,1255,19749,7.0000,3
12544,1255,220,16.0000,4
12545,1255,21123,8.0000,5
12546,1255,295,10.0000,6
12547,1255,24494,19.0000,7
12548,1255,25647,3.0000,8
12549,1255,19078,1.0000,9
12550,1255,12009,16.0000,10
12551,1256,24602,16.0000,1
12552,1256,16347,2.0000,2
12553,1256,13493,6.0000,3
12554,1256,4657,17.0000,4
12555,1256,4231,8.0000,5
12556,1256,27939,11.0000,6
12557,1256,4821,15.0000,7
12558,1256,15009,20.0000,8
12559,1256,10545,1.0000,9
12560,1256,3291,7.0000,10
12561,1257,2460,15.0000,1
12562,1257,24084,18.0000,2
12563,1257,17514,4.0000,3
12564,1257,6222,18.0000,4
12565,1257,19782,18.0000,5
12566,1257,28801,11.0000,6
12567,1257,15706,13.0000,7
12568,1257,10656,1.0000,8
12569,1257,11522,16.0000,9
12570,1257,8857,9.0000,10
12571,1258,14584,2.0000,1
12572,1258,19900,17.0000,2
12573,1258,8533,17.0000,3
12574,1258,8004,9.0000,4
12575,1258,21345,15.0000,5
12576,1258,4806,1.0000,6
12577,1258,23751,12.0000,7
12578,1258,25328,4.0000,8
12579,1258,16589,16.0000,9
12580,1258,7901,10.0000,10
12581,1259,1188,14.0000,1
12582,1259,21120,18.0000,2
12583,1259,29322,20.0000,3
12584,1259,23170,15.0000,4
12585,1259,29309,1.0000,5
12586,1259,28043,13.0000,6
12587,1259,28666,18.0000,7
12588,1259,15392,12.0000,8
12589,1259,14125,2.0000,9
12590,1259,7641,5.0000,10
12591,1260,1691,3.0000,1
12592,1260,10192,5.0000,2
12593,1260,151,11.0000,3
12594,1260,17367,7.0000,4
12595,1260,12756,11.0000,5
12596,1260,20130,9.0000,6
12597,1260,14346,3.0000,7
12598,1260,22611,15.0000,8
12599,1260,21293,4.0000,9
12600,1260,13008,2.0000,10
12601,1261,16181,17.0000,1
12602,1261,1184,19.0000,2
12603,1261,5478,4.0000,3
12604,1261,4678,11.0000,4
12605,1261,4725,2.0000,5
12606,1261,3113,15.0000,6
12607,1261,25998,11.0000,7
12608,1261,24852,11.0000,8
12609,1261,8361,6.0000,9
12610,1261,5712,1.0000,10
12611,1262,28002,1.0000,1
12612,1262,24467,7.0000,2
12613,1262,26567,9.0000,3
12614,1262,26145,10.0000,4
12615,1262,4827,20.0000,5
12616,1262,27073,19.0000,6
12617,1262,1978,17.0000,7
12618,1262,14834,7.0000,8
12619,1262,26676,9.0000,9
12620,1262,16391,20.0000,10
12621,1263,10099,6.0000,1
12622,1263,22404,3.0000,2
12623,1263,4623,4.0000,3
12624,1263,19939,6.0000,4
12625,1263,21538,2.0000,5
12626,1263,4527,6.0000,6
12627,1263,884,9.0000,7
12628,1263,27315,6.0000,8
12629,1263,4185,18.0000,9
12630,1263,25057,10.0000,10
12631,1264,15134,14.0000,1
12632,1264,12362,6.0000,2
12633,1264,23484,7.0000,3
12634,1264,27162,12.0000,4
12635,1264,24877,17.0000,5
12636,1264,26989,1.0000,6
12637,1264,7196,14.0000,7
12638,1264,10552,16.0000,8
12639,1264,20323,12.0000,9
12640,1264,13266,4.0000,10
12641,1265,21642,15.0000,1
12642,1265,6520,3.0000,2
12643,1265,14605,18.0000,3
12644,1265,17213,15.0000,4
12645,1265,24368,8.0000,5
12646,1265,13212,1.0000,6
12647,1265,654,20.0000,7
12648,1265,23161,11.0000,8
12649,1265,1749,10.0000,9
12650,1265,11731,4.0000,10
12651,1266,3172,12.0000,1
12652,1266,28407,15.0000,2
12653,1266,15044,4.0000,3
12654,1266,2030,2.0000,4
12655,1266,26283,17.0000,5
12656,1266,5072,17.0000,6
12657,1266,27732,3.0000,7
12658,1266,7709,1.0000,8
12659,1266,7189,16.0000,9
12660,1266,459,14.0000,10
12661,1267,22427,1.0000,1
12662,1267,25339,5.0000,2
12663,1267,5921,13.0000,3
12664,1267,27437,15.0000,4
12665,1267,15541,8.0000,5
12666,1267,13894,5.0000,6
12667,1267,25359,9.0000,7
12668,1267,23257,2.0000,8
12669,1267,16137,2.0000,9
12670,1267,21173,11.0000,10
12671,1268,19074,7.0000,1
12672,1268,10563,20.0000,2
12673,1268,25492,11.0000,3
12674,1268,14589,2.0000,4
12675,1268,9359,6.0000,5
12676,1268,6767,9.0000,6
12677,1268,9470,20.0000,7
12678,1268,27846,5.0000,8
12679,1268,4697,2.0000,9
12680,1268,20549,16.0000,10
12681,1269,2093,1.0000,1
12682,1269,20093,16.0000,2
12683,1269,14128,13.0000,3
12684,1269,22753,16.0000,4
12685,1269,1844,19.0000,5
12686,1269,21788,4.0000,6
12687,1269,2782,17.0000,7
12688,1269,16770,11.0000,8
12689,1269,28402,10.0000,9
12690,1269,7618,10.0000,10
12691,1270,17401,9.0000,1
12692,1270,28322,1.0000,2
12693,1270,4690,9.0000,3
12694,1270,26865,19.0000,4
12695,1270,12172,4.0000,5
12696,1270,23980,10.0000,6
12697,1270,29746,18.0000,7
12698,1270,6481,16.0000,8
12699,1270,3884,18.0000,9
12700,1270,26264,2.0000,10
12701,1271,22853,20.0000,1
12702,1271,11640,11.0000,2
12703,1271,8788,6.0000,3
12704,1271,22440,11.0000,4
12705,1271,190,15.0000,5
12706,1271,1724,4.0000,6
12707,1271,17216,16.0000,7
12708,1271,16006,10.0000,8
12709,1271,15717,4.0000,9
12710,1271,18023,8.0000,10
12711,1272,22292,12.0000,1
12712,1272,16078,1.0000,2
12713,1272,13511,13.0000,3
12714,1272,27902,15.0000,4
12715,1272,25747,8.0000,5
12716,1272,29245,10.0000,6
12717,1272,12493,1.0000,7
12718,1272,25510,17.0000,8
12719,1272,10355,19.0000,9
12720,1272,459,14.0000,10
12721,1273,18004,20.0000,1
12722,1273,2437,6.0000,2
12723,1273,21150,16.0000,3
12724,1273,13398,4.0000,4
12725,1273,15608,3.0000,5
12726,1273,18364,14.0000,6
12727,1273,8593,18.0000,7
12728,1273,2135,6.0000,8
12729,1273,26598,16.0000,9
12730,1273,17204,2.0000,10
12731,1274,19361,15.0000,1
12732,1274,13690,7.0000,2
12733,1274,14654,9.0000,3
12734,1274,15558,20.0000,4
12735,1274,16616,10.0000,5
12736,1274,18053,15.0000,6
12737,1274,10201,16.0000,7
12738,1274,14320,4.0000,8
12739,1274,2163,2.0000,9
12740,1274,2145,2.0000,10
12741,1275,28040,14.0000,1
12742,1275,20375,19.0000,2
12743,1275,7288,13.0000,3
12744,1275,24223,4.0000,4
12745,1275,665,16.0000,5
12746,1275,12347,5.0000,6
12747,1275,26240,9.0000,7
12748,1275,20389,12.0000,8
12749,1275,5171,1.0000,9
12750,1275,2852,7.0000,10
12751,1276,12259,8.0000,1
12752,1276,4370,20.0000,2
12753,1276,3738,12.0000,3
12754,1276,1483,4.0000,4
12755,1276,10976,12.0000,5
12756,1276,29911,8.0000,6
12757,1276,9681,14.0000,7
12758,1276,17524,13.0000,8
12759,1276,312,1.0000,9
12760,1276,22508,6.0000,10
12761,1277,11364,19.0000,1
12762,1277,25819,13.0000,2
12763,1277,21494,20.0000,3
12764,1277,6915,12.0000,4
12765,1277,18688,15.0000,5
12766,1277,19063,5.0000,6
12767,1277,20338,1.0000,7
12768,1277,1951,18.0000,8
12769,1277,25434,10.0000,9
12770,1277,8922,20.0000,10
12771,1278,23423,12.0000,1
12772,1278,14627,6.0000,2
12773,1278,10195,18.0000,3
12774,1278,11921,14.0000,4
12775,1278,222,7.0000,5
12776,1278,6104,10.0000,6
12777,1278,9143,12.0000,7
12778,1278,20819,10.0000,8
12779,1278,25413,13.0000,9
12780,1278,9406,17.0000,10
12781,1279,12127,11.0000,1
12782,1279,19918,14.0000,2
12783,1279,12903,10.0000,3
12784,1279,6560,5.0000,4
12785,1279,10592,3.0000,5
12786,1279,22259,19.0000,6
12787,1279,8194,7.0000,7
12788,1279,25538,8.0000,8
12789,1279,24769,20.0000,9
12790,1279,24206,3.0000,10
12791,1280,17768,11.0000,1
12792,1280,13544,7.0000,2
12793,1280,14600,10.0000,3
12794,1280,8136,20.0000,4
12795,1280,27544,3.0000,5
12796,1280,3531,5.0000,6
12797,1280,2235,20.0000,7
12798,1280,15887,12.0000,8
12799,1280,8635,4.0000,9
12800,1280,26307,6.0000,10
12801,1281,6299,15.0000,1
12802,1281,22993,16.0000,2
12803,1281,24580,3.0000,3
12804,1281,7503,10.0000,4
12805,1281,4576,9.0000,5
12806,1281,11726,14.0000,6
12807,1281,20753,16.0000,7
12808,1281,27743,10.0000,8
12809,1281,29964,1.0000,9
12810,1281,5266,17.0000,10
12811,1282,21382,16.0000,1
12812,1282,3435,8.0000,2
12813,1282,24052,12.0000,3
12814,1282,29937,13.0000,4
12815,1282,16385,10.0000,5
12816,1282,2115,20.0000,6
12817,1282,16668,14.0000,7
12818,1282,11355,13.0000,8
12819,1282,10107,18.0000,9
12820,1282,19983,8.0000,10
12821,1283,2421,11.0000,1
12822,1283,25160,17.0000,2
12823,1283,16325,3.0000,3
12824,1283,17748,14.0000,4
12825,1283,18743,1.0000,5
12826,1283,18215,4.0000,6
12827,1283,8787,15.0000,7
12828,1283,25142,2.0000,8
12829,1283,6925,16.0000,9
12830,1283,20157,4.0000,10
12831,1284,6312,3.0000,1
12832,1284,18542,6.0000,2
12833,1284,25273,20.0000,3
12834,1284,19763,5.0000,4
12835,1284,11405,15.0000,5
12836,1284,5121,5.0000,6
12837,1284,11635,17.0000,7
12838,1284,19390,10.0000,8
12839,1284,29871,2.0000,9
12840,1284,12421,2.0000,10
12841,1285,20980,2.0000,1
12842,1285,1534,9.0000,2
12843,1285,7442,10.0000,3
12844,1285,13077,13.0000,4
12845,1285,13930,20.0000,5
12846,1285,29224,13.0000,6
12847,1285,17718,6.0000,7
12848,1285,29080,5.0000,8
12849,1285,16054,16.0000,9
12850,1285,2830,9.0000,10
12851,1286,235,9.0000,1
12852,1286,25821,7.0000,2
12853,1286,42,16.0000,3
12854,1286,24745,12.0000,4
12855,1286,25898,4.0000,5
12856,1286,29773,14.0000,6
12857,1286,8050,6.0000,7
12858,1286,1120,20.0000,8
12859,1286,19638,5.0000,9
12860,1286,7947,11.0000,10
12861,1287,9845,11.0000,1
12862,1287,446,19.0000,2
12863,1287,28408,13.0000,3
12864,1287,24971,17.0000,4
12865,1287,23234,14.0000,5
12866,1287,27132,18.0000,6
12867,1287,734,16.0000,7
12868,1287,28949,12.0000,8
12869,1287,27486,11.0000,9
12870,1287,1790,10.0000,10
12871,1288,29154,14.0000,1
12872,1288,27307,4.0000,2
12873,1288,21509,2.0000,3
12874,1288,3115,18.0000,4
12875,1288,26762,12.0000,5
12876,1288,20832,10.0000,6
12877,1288,13457,4.0000,7
12878,1288,19022,12.0000,8
12879,1288,19411,10.0000,9
12880,1288,19492,20.0000,10
12881,1289,7277,16.0000,1
12882,1289,29539,4.0000,2
12883,1289,21075,1.0000,3
12884,1289,8072,20.0000,4
12885,1289,26196,3.0000,5
12886,1289,9781,9.0000,6
12887,1289,24942,13.0000,7
12888,1289,15135,16.0000,8
12889,1289,27035,15.0000,9
12890,1289,25586,18.0000,10
12891,1290,19328,18.0000,1
12892,1290,19623,8.0000,2
12893,1290,6403,3.0000,3
12894,1290,199,15.0000,4
12895,1290,22657,20.0000,5
12896,1290,29932,11.0000,6
12897,1290,7651,7.0000,7
12898,1290,10656,4.0000,8
12899,1290,7187,13.0000,9
12900,1290,19774,6.0000,10
12901,1291,12462,18.0000,1
12902,1291,235,4.0000,2
12903,1291,27098,19.0000,3
12904,1291,19482,6.0000,4
12905,1291,18613,16.0000,5
12906,1291,21902,8.0000,6
12907,1291,23051,13.0000,7
12908,1291,2909,3.0000,8
12909,1291,7247,14.0000,9
12910,1291,21200,19.0000,10
12911,1292,4222,18.0000,1
12912,1292,29536,1.0000,2
12913,1292,24320,19.0000,3
12914,1292,14531,10.0000,4
12915,1292,191,7.0000,5
12916,1292,29004,8.0000,6
12917,1292,15306,9.0000,7
12918,1292,19596,4.0000,8
12919,1292,11281,18.0000,9
12920,1292,1503,12.0000,10
12921,1293,8781,14.0000,1
12922,1293,23936,18.0000,2
12923,1293,14208,3.0000,3
12924,1293,27755,14.0000,4
12925,1293,13728,10.0000,5
12926,1293,26787,16.0000,6
12927,1293,18015,17.0000,7
12928,1293,804,18.0000,8
12929,1293,4406,7.0000,9
12930,1293,986,17.0000,10
12931,1294,2261,6.0000,1
12932,1294,18777,5.0000,2
12933,1294,26367,8.0000,3
12934,1294,28229,4.0000,4
12935,1294,11965,18.0000,5
12936,1294,17333,16.0000,6
12937,1294,8710,14.0000,7
12938,1294,29639,7.0000,8
12939,1294,24034,11.0000,9
12940,1294,5304,5.0000,10
12941,1295,24489,4.0000,1
12942,1295,29810,8.0000,2
12943,1295,18924,10.0000,3
12944,1295,770,2.0000,4
12945,1295,11048,15.0000,5
12946,1295,6884,17.0000,6
12947,1295,6438,4.0000,7
12948,1295,19026,7.0000,8
12949,1295,1194,13.0000,9
12950,1295,12144,20.0000,10
12951,1296,14772,6.0000,1
12952,1296,19976,12.0000,2
12953,1296,14467,10.0000,3
12954,1296,1604,4.0000,4
12955,1296,24446,2.0000,5
12956,1296,8869,17.0000,6
12957,1296,27930,5.0000,7
12958,1296,27841,16.0000,8
12959,1296,12920,15.0000,9
12960,1296,4849,15.0000,10
12961,1297,17717,16.0000,1
12962,1297,19310,9.0000,2
12963,1297,2615,9.0000,3
12964,1297,1272,13.0000,4
12965,1297,2737,20.0000,5
12966,1297,2407,5.0000,6
12967,1297,26153,3.0000,7
12968,1297,4048,18.0000,8
12969,1297,12088,2.0000,9
12970,1297,1393,11.0000,10
12971,1298,22,1.0000,1
12972,1298,19829,2.0000,2
12973,1298,12188,3.0000,3
12974,1298,1258,10.0000,4
12975,1298,16443,16.0000,5
12976,1298,12035,19.0000,6
12977,1298,25826,7.0000,7
12978,1298,8814,11.0000,8
12979,1298,25627,5.0000,9
12980,1298,1387,16.0000,10
12981,1299,15481,7.0000,1
12982,1299,23953,6.0000,2
12983,1299,2696,9.0000,3
12984,1299,29869,14.0000,4
12985,1299,21863,9.0000,5
12986,1299,22366,3.0000,6
12987,1299,14559,18.0000,7
12988,1299,2773,14.0000,8
12989,1299,338,20.0000,9
12990,1299,704,5.0000,10
12991,1300,16065,11.0000,1
12992,1300,20360,2.0000,2
12993,1300,14547,17.0000,3
12994,1300,6861,20.0000,4
12995,1300,15615,4.0000,5
12996,1300,18356,8.0000,6
12997,1300,24058,8.0000,7
12998,1300,11867,19.0000,8
12999,1300,20577,10.0000,9
13000,1300,6117,1.0000,10
13001,1301,23038,16.0000,1
13002,1301,155,17.0000,2
13003,1301,22942,8.0000,3
13004,1301,5614,3.0000,4
13005,1301,4678,19.0000,5
13006,1301,27806,10.0000,6
13007,1301,13701,2.0000,7
13008,1301,881,12.0000,8
13009,1301,20739,16.0000,9
13010,1301,2625,10.0000,10
13011,1302,12914,1.0000,1
13012,1302,16887,1.0000,2
13013,1302,3645,3.0000,3
13014,1302,24155,10.0000,4
13015,1302,10797,2.0000,5
13016,1302,26393,5.0000,6
13017,1302,17202,19.0000,7
13018,1302,615,19.0000,8
13019,1302,25845,5.0000,9
13020,1302,28964,12.0000,10
13021,1303,734,5.0000,1
13022,1303,19236,6.0000,2
13023,1303,4251,15.0000,3
13024,1303,19102,20.0000,4
13025,1303,25124,13.0000,5
13026,1303,25173,6.0000,6
13027,1303,3225,3.0000,7
13028,1303,4813,12.0000,8
13029,1303,28564,19.0000,9
13030,1303,28016,7.0000,10
13031,1304,19347,11.0000,1
13032,1304,11690,17.0000,2
13033,1304,21349,8.0000,3
13034,1304,9994,1.0000,4
13035,1304,432,20.0000,5
13036,1304,29582,6.0000,6
13037,1304,19778,19.0000,7
13038,1304,707,6.0000,8
13039,1304,5628,19.0000,9
13040,1304,8181,1.0000,10
13041,1305,29436,15.0000,1
13042,1305,13162,7.0000,2
13043,1305,11231,12.0000,3
13044,1305,10976,17.0000,4
13045,1305,19238,11.0000,5
13046,1305,18640,4.0000,6
13047,1305,8622,11.0000,7
13048,1305,23286,17.0000,8
13049,1305,20950,2.0000,9
13050,1305,19048,7.0000,10
13051,1306,22418,3.0000,1
13052,1306,29411,12.0000,2
13053,1306,27998,9.0000,3
13054,1306,951,7.0000,4
13055,1306,22240,16.0000,5
13056,1306,28443,20.0000,6
13057,1306,4903,3.0000,7
13058,1306,22715,9.0000,8
13059,1306,22051,1.0000,9
13060,1306,10235,11.0000,10
13061,1307,27697,6.0000,1
13062,1307,9723,13.0000,2
13063,1307,6016,3.0000,3
13064,1307,25816,9.0000,4
13065,1307,14095,3.0000,5
13066,1307,28080,3.0000,6
13067,1307,29506,8.0000,7
13068,1307,26213,19.0000,8
13069,1307,21256,19.0000,9
13070,1307,8995,18.0000,10
13071,1308,21724,16.0000,1
13072,1308,25076,11.0000,2
13073,1308,16986,2.0000,3
13074,1308,18813,18.0000,4
13075,1308,4170,5.0000,5
13076,1308,17193,11.0000,6
13077,1308,14153,13.0000,7
13078,1308,10841,8.0000,8
13079,1308,18917,6.0000,9
13080,1308,20857,16.0000,10
13081,1309,14509,5.0000,1
13082,1309,28314,15.0000,2
13083,1309,24584,5.0000,3
13084,1309,4198,15.0000,4
13085,1309,15136,6.0000,5
13086,1309,8127,5.0000,6
13087,1309,18461,11.0000,7
13088,1309,28823,16.0000,8
13089,1309,19287,9.0000,9
13090,1309,12326,9.0000,10
13091,1310,11979,18.0000,1
13092,1310,9730,18.0000,2
13093,1310,13945,11.0000,3
13094,1310,9817,6.0000,4
13095,1310,9394,1.0000,5
13096,1310,6444,1.0000,6
13097,1310,27713,9.0000,7
13098,1310,14099,13.0000,8
13099,1310,27121,10.0000,9
13100,1310,26867,2.0000,10
13101,1311,8614,8.0000,1
13102,1311,17791,13.0000,2
13103,1311,11661,17.0000,3
13104,1311,24150,13.0000,4
13105,1311,29467,13.0000,5
13106,1311,25193,7.0000,6
13107,1311,9857,13.0000,7
13108,1311,7795,9.0000,8
13109,1311,26413,3.0000,9
13110,1311,25490,1.0000,10
13111,1312,11138,9.0000,1
13112,1312,14983,10.0000,2
13113,1312,13435,8.0000,3
13114,1312,3137,8.0000,4
13115,1312,5807,5.0000,5
13116,1312,8086,10.0000,6
13117,1312,18021,12.0000,7
13118,1312,25455,16.0000,8
13119,1312,4878,9.0000,9
13120,1312,16151,11.0000,10
13121,1313,6796,8.0000,1
13122,1313,9722,14.0000,2
13123,1313,3562,13.0000,3
13124,1313,19399,8.0000,4
13125,1313,20152,15.0000,5
13126,1313,21924,11.0000,6
13127,1313,22014,4.0000,7
13128,1313,10708,4.0000,8
13129,1313,14543,2.0000,9
13130,1313,28610,18.0000,10
13131,1314,18941,3.0000,1
13132,1314,6082,7.0000,2
13133,1314,4396,18.0000,3
13134,1314,25483,5.0000,4
13135,1314,318,10.0000,5
13136,1314,2571,8.0000,6
13137,1314,17436,3.0000,7
13138,1314,4985,18.0000,8
13139,1314,19504,16.0000,9
13140,1314,11997,9.0000,10
13141,1315,1203,14.0000,1
13142,1315,27572,19.0000,2
13143,1315,14736,8.0000,3
13144,1315,17266,4.0000,4
13145,1315,19020,14.0000,5
13146,1315,2838,15.0000,6
13147,1315,3793,13.0000,7
13148,1315,1750,15.0000,8
13149,1315,7871,1.0000,9
13150,1315,9457,18.0000,10
13151,1316,24795,11.0000,1
13152,1316,23760,6.0000,2
13153,1316,13507,10.0000,3
13154,1316,26002,4.0000,4
13155,1316,20569,9.0000,5
13156,1316,8042,10.0000,6
13157,1316,9983,15.0000,7
13158,1316,14694,7.0000,8
13159,1316,24510,19.0000,9
13160,1316,277,2.0000,10
13161,1317,24685,3.0000,1
13162,1317,6555,10.0000,2
13163,1317,6052,16.0000,3
13164,1317,946,3.0000,4
13165,1317,628,19.0000,5
13166,1317,25011,9.0000,6
13167,1317,16743,1.0000,7
13168,1317,20644,6.0000,8
13169,1317,11201,9.0000,9
13170,1317,155,11.0000,10
13171,1318,11619,16.0000,1
13172,1318,4428,13.0000,2
13173,1318,20743,18.0000,3
13174,1318,11896,12.0000,4
13175,1318,21478,11.0000,5
13176,1318,8234,20.0000,6
13177,1318,15635,20.0000,7
13178,1318,19248,10.0000,8
13179,1318,27866,17.0000,9
13180,1318,12410,19.0000,10
13181,1319,28495,5.0000,1
13182,1319,14472,2.0000,2
13183,1319,11008,18.0000,3
13184,1319,19999,10.0000,4
13185,1319,23746,13.0000,5
13186,1319,3310,20.0000,6
13187,1319,22659,7.0000,7
13188,1319,21438,5.0000,8
13189,1319,20964,13.0000,9
13190,1319,16016,12.0000,10
13191,1320,19167,12.0000,1
13192,1320,27219,10.0000,2
13193,1320,9019,6.0000,3
13194,1320,8400,15.0000,4
13195,1320,13273,20.0000,5
13196,1320,7594,19.0000,6
13197,1320,25343,1.0000,7
13198,1320,6944,17.0000,8
13199,1320,22823,13.0000,9
13200,1320,9191,9.0000,10
13201,1321,7219,13.0000,1
13202,1321,200,19.0000,2
13203,1321,21511,11.0000,3
13204,1321,13523,14.0000,4
13205,1321,17538,14.0000,5
13206,1321,24045,13.0000,6
13207,1321,18469,16.0000,7
13208,1321,13268,12.0000,8
13209,1321,13184,8.0000,9
13210,1321,27256,6.0000,10
13211,1322,11652,8.0000,1
13212,1322,17779,9.0000,2
13213,1322,25374,1.0000,3
13214,1322,8243,13.0000,4
13215,1322,11555,17.0000,5
13216,1322,3583,6.0000,6
13217,1322,6618,8.0000,7
13218,1322,8757,10.0000,8
13219,1322,4912,12.0000,9
13220,1322,7246,14.0000,10
13221,1323,18216,9.0000,1
13222,1323,7600,8.0000,2
13223,1323,6108,13.0000,3
13224,1323,10172,12.0000,4
13225,1323,12807,3.0000,5
13226,1323,18546,4.0000,6
13227,1323,21686,14.0000,7
13228,1323,10627,20.0000,8
13229,1323,17468,3.0000,9
13230,1323,845,19.0000,10
13231,1324,13544,4.0000,1
13232,1324,6586,13.0000,2
13233,1324,20656,20.0000,3
13234,1324,27106,7.0000,4
13235,1324,22681,19.0000,5
13236,1324,26010,7.0000,6
13237,1324,18113,12.0000,7
13238,1324,9405,14.0000,8
13239,1324,25412,16.0000,9
13240,1324,16953,5.0000,10
13241,1325,15034,16.0000,1
13242,1325,1005,2.0000,2
13243,1325,3629,18.0000,3
13244,1325,28895,17.0000,4
13245,1325,21926,8.0000,5
13246,1325,16693,1.0000,6
13247,1325,29800,17.0000,7
13248,1325,26068,18.0000,8
13249,1325,26037,9.0000,9
13250,1325,19143,6.0000,10
13251,1326,14204,15.0000,1
13252,1326,28814,2.0000,2
13253,1326,19988,7.0000,3
13254,1326,8843,13.0000,4
13255,1326,11509,20.0000,5
13256,1326,16302,19.0000,6
13257,1326,13434,8.0000,7
13258,1326,6721,3.0000,8
13259,1326,12252,1.0000,9
13260,1326,19582,6.0000,10
13261,1327,7034,18.0000,1
13262,1327,17603,20.0000,2
13263,1327,9335,15.0000,3
13264,1327,938,13.0000,4
13265,1327,20411,5.0000,5
13266,1327,16020,4.0000,6
13267,1327,27057,11.0000,7
13268,1327,16182,16.0000,8
13269,1327,25190,8.0000,9
13270,1327,18921,3.0000,10
13271,1328,20741,5.0000,1
13272,1328,16024,5.0000,2
13273,1328,26529,14.0000,3
13274,1328,26686,14.0000,4
13275,1328,22921,1.0000,5
13276,1328,29506,8.0000,6
13277,1328,21875,15.0000,7
13278,1328,11378,4.0000,8
13279,1328,17828,1.0000,9
13280,1328,14381,11.0000,10
13281,1329,25529,20.0000,1
13282,1329,4366,13.0000,2
13283,1329,13619,3.0000,3
13284,1329,8597,7.0000,4
13285,1329,29451,13.0000,5
13286,1329,4272,17.0000,6
13287,1329,1002,19.0000,7
13288,1329,24826,16.0000,8
13289,1329,20404,20.0000,9
13290,1329,19261,16.0000,10
13291,1330,10212,19.0000,1
13292,1330,10514,19.0000,2
13293,1330,9420,18.0000,3
13294,1330,17576,15.0000,4
13295,1330,7795,8.0000,5
13296,1330,11850,16.0000,6
13297,1330,8512,9.0000,7
13298,1330,12770,15.0000,8
13299,1330,29240,12.0000,9
13300,1330,19042,15.0000,10
13301,1331,23286,5.0000,1
13302,1331,25154,9.0000,2
13303,1331,20647,12.0000,3
13304,1331,17693,3.0000,4
13305,1331,11682,9.0000,5
13306,1331,9444,19.0000,6
13307,1331,21847,17.0000,7
13308,1331,13654,13.0000,8
13309,1331,2593,14.0000,9
13310,1331,1325,1.0000,10
13311,1332,11734,6.0000,1
13312,1332,16193,17.0000,2
13313,1332,28070,1.0000,3
13314,1332,25032,2.0000,4
13315,1332,16308,20.0000,5
13316,1332,25482,11.0000,6
13317,1332,6836,17.0000,7
13318,1332,1865,4.0000,8
13319,1332,27934,20.0000,9
13320,1332,13700,9.0000,10
13321,1333,17786,7.0000,1
13322,1333,13686,16.0000,2
13323,1333,27333,9.0000,3
13324,1333,26008,9.0000,4
13325,1333,23467,16.0000,5
13326,1333,7677,16.0000,6
13327,1333,26756,3.0000,7
13328,1333,20733,3.0000,8
13329,1333,28184,4.0000,9
13330,1333,6518,14.0000,10
13331,1334,1738,6.0000,1
13332,1334,29644,13.0000,2
13333,1334,27980,14.0000,3
13334,1334,3598,19.0000,4
13335,1334,10496,18.0000,5
13336,1334,6106,12.0000,6
13337,1334,15973,2.0000,7
13338,1334,2045,12.0000,8
13339,1334,21994,18.0000,9
13340,1334,4528,18.0000,10
13341,1335,22133,20.0000,1
13342,1335,12217,8.0000,2
13343,1335,19841,18.0000,3
13344,1335,4416,4.0000,4
13345,1335,28480,3.0000,5
13346,1335,978,2.0000,6
13347,1335,11748,9.0000,7
13348,1335,12870,6.0000,8
13349,1335,13225,4.0000,9
13350,1335,9109,20.0000,10
13351,1336,7069,8.0000,1
13352,1336,26793,13.0000,2
13353,1336,9641,15.0000,3
13354,1336,12355,8.0000,4
13355,1336,1799,7.0000,5
13356,1336,13726,7.0000,6
13357,1336,29124,1.0000,7
13358,1336,23775,13.0000,8
13359,1336,9076,5.0000,9
13360,1336,28542,18.0000,10
13361,1337,1857,6.0000,1
13362,1337,22918,4.0000,2
13363,1337,26691,1.0000,3
13364,1337,5719,1.0000,4
13365,1337,9078,10.0000,5
13366,1337,14755,8.0000,6
13367,1337,3463,18.0000,7
13368,1337,20121,18.0000,8
13369,1337,7583,15.0000,9
13370,1337,24756,8.0000,10
13371,1338,19858,18.0000,1
13372,1338,21992,15.0000,2
13373,1338,23573,17.0000,3
13374,1338,2526,6.0000,4
13375,1338,4684,3.0000,5
13376,1338,15271,17.0000,6
13377,1338,11460,4.0000,7
13378,1338,686,10.0000,8
13379,1338,4185,9.0000,9
13380,1338,133,10.0000,10
13381,1339,22841,19.0000,1
13382,1339,19872,2.0000,2
13383,1339,1234,8.0000,3
13384,1339,8028,5.0000,4
13385,1339,26999,18.0000,5
13386,1339,13052,9.0000,6
13387,1339,15620,17.0000,7
13388,1339,21263,2.0000,8
13389,1339,18121,5.0000,9
13390,1339,10417,16.0000,10
13391,1340,5166,18.0000,1
13392,1340,12592,20.0000,2
13393,1340,2114,12.0000,3
13394,1340,28904,19.0000,4
13395,1340,25189,17.0000,5
13396,1340,1823,11.0000,6
13397,1340,13190,2.0000,7
13398,1340,11323,7.0000,8
13399,1340,21426,11.0000,9
13400,1340,10580,7.0000,10
13401,1341,6330,7.0000,1
13402,1341,22339,16.0000,2
13403,1341,3372,8.0000,3
13404,1341,21112,17.0000,4
13405,1341,3501,4.0000,5
13406,1341,16419,13.0000,6
13407,1341,15951,4.0000,7
13408,1341,16934,11.0000,8
13409,1341,16237,7.0000,9
13410,1341,4721,7.0000,10
13411,1342,3754,4.0000,1
13412,1342,12295,20.0000,2
13413,1342,11060,8.0000,3
13414,1342,17639,4.0000,4
13415,1342,17247,4.0000,5
13416,1342,21417,5.0000,6
13417,1342,17432,14.0000,7
13418,1342,15252,17.0000,8
13419,1342,19530,12.0000,9
13420,1342,17785,20.0000,10
13421,1343,18183,6.0000,1
13422,1343,11943,17.0000,2
13423,1343,27881,7.0000,3
13424,1343,23328,14.0000,4
13425,1343,18484,10.0000,5
13426,1343,27586,10.0000,6
13427,1343,13198,7.0000,7
13428,1343,6608,4.0000,8
13429,1343,26374,20.0000,9
13430,1343,10150,2.0000,10
13431,1344,23510,7.0000,1
13432,1344,19276,10.0000,2
13433,1344,1461,8.0000,3
13434,1344,4198,5.0000,4
13435,1344,25574,4.0000,5
13436,1344,319,7.0000,6
13437,1344,13984,2.0000,7
13438,1344,4830,10.0000,8
13439,1344,14546,12.0000,9
13440,1344,27757,18.0000,10
13441,1345,11755,4.0000,1
13442,1345,23765,7.0000,2
13443,1345,25441,12.0000,3
13444,1345,5909,5.0000,4
13445,1345,2093,17.0000,5
13446,1345,14038,11.0000,6
13447,1345,20696,20.0000,7
13448,1345,10918,13.0000,8
13449,1345,13566,11.0000,9
13450,1345,2329,19.0000,10
13451,1346,3408,20.0000,1
13452,1346,7594,2.0000,2
13453,1346,25105,17.0000,3
13454,1346,7477,2.0000,4
13455,1346,28240,19.0000,5
13456,1346,24971,12.0000,6
13457,1346,14755,2.0000,7
13458,1346,29425,2.0000,8
13459,1346,17550,8.0000,9
13460,1346,23708,11.0000,10
13461,1347,27093,15.0000,1
13462,1347,29343,15.0000,2
13463,1347,9516,2.0000,3
13464,1347,19726,19.0000,4
13465,1347,27299,9.0000,5
13466,1347,18470,14.0000,6
13467,1347,9414,16.0000,7
13468,1347,18315,20.0000,8
13469,1347,1795,18.0000,9
13470,1347,278,16.0000,10
13471,1348,25167,20.0000,1
13472,1348,8082,17.0000,2
13473,1348,16707,15.0000,3
13474,1348,26611,9.0000,4
13475,1348,2966,2.0000,5
13476,1348,14703,13.0000,6
13477,1348,7013,11.0000,7
13478,1348,19261,13.0000,8
13479,1348,1769,18.0000,9
13480,1348,29556,2.0000,10
13481,1349,12860,13.0000,1
13482,1349,19691,8.0000,2
13483,1349,4361,13.0000,3
13484,1349,21372,7.0000,4
13485,1349,26259,5.0000,5
13486,1349,26666,13.0000,6
13487,1349,23722,18.0000,7
13488,1349,232,2.0000,8
13489,1349,10639,14.0000,9
13490,1349,16234,20.0000,10
13491,1350,15288,1.0000,1
13492,1350,14074,19.0000,2
13493,1350,26994,4.0000,3
13494,1350,20331,3.0000,4
13495,1350,4915,3.0000,5
13496,1350,1052,6.0000,6
13497,1350,2469,9.0000,7
13498,1350,992,13.0000,8
13499,1350,18855,8.0000,9
13500,1350,20257,10.0000,10
13501,1351,28706,11.0000,1
13502,1351,15763,4.0000,2
13503,1351,16513,12.0000,3
13504,1351,26293,13.0000,4
13505,1351,24112,3.0000,5
13506,1351,4207,12.0000,6
13507,1351,11651,5.0000,7
13508,1351,15290,5.0000,8
13509,1351,20682,15.0000,9
13510,1351,5589,2.0000,10
13511,1352,14269,4.0000,1
13512,1352,26436,17.0000,2
13513,1352,8256,9.0000,3
13514,1352,29294,19.0000,4
13515,1352,7004,5.0000,5
13516,1352,19363,12.0000,6
13517,1352,23467,10.0000,7
13518,1352,1326,9.0000,8
13519,1352,4570,3.0000,9
13520,1352,25290,5.0000,10
13521,1353,5312,14.0000,1
13522,1353,237,3.0000,2
13523,1353,5778,7.0000,3
13524,1353,4387,3.0000,4
13525,1353,25955,19.0000,5
13526,1353,12143,2.0000,6
13527,1353,13326,19.0000,7
13528,1353,4150,3.0000,8
13529,1353,13541,17.0000,9
13530,1353,7064,5.0000,10
13531,1354,2335,20.0000,1
13532,1354,8608,8.0000,2
13533,1354,2983,1.0000,3
13534,1354,11868,12.0000,4
13535,1354,20659,6.0000,5
13536,1354,19650,10.0000,6
13537,1354,15212,14.0000,7
13538,1354,11523,10.0000,8
13539,1354,18169,3.0000,9
13540,1354,20554,3.0000,10
13541,1355,2732,16.0000,1
13542,1355,21624,12.0000,2
13543,1355,6049,9.0000,3
13544,1355,2584,15.0000,4
13545,1355,19063,9.0000,5
13546,1355,20205,9.0000,6
13547,1355,4196,10.0000,7
13548,1355,23726,8.0000,8
13549,1355,3827,17.0000,9
13550,1355,984,17.0000,10
13551,1356,10269,9.0000,1
13552,1356,12189,10.0000,2
13553,1356,26548,1.0000,3
13554,1356,19152,13.0000,4
13555,1356,3406,5.0000,5
13556,1356,23665,1.0000,6
13557,1356,13082,9.0000,7
13558,1356,15322,17.0000,8
13559,1356,19776,9.0000,9
13560,1356,7152,12.0000,10
13561,1357,24659,13.0000,1
13562,1357,22000,13.0000,2
13563,1357,236,19.0000,3
13564,1357,7294,12.0000,4
13565,1357,777,11.0000,5
13566,1357,15968,12.0000,6
13567,1357,1362,8.0000,7
13568,1357,11225,11.0000,8
13569,1357,8048,7.0000,9
13570,1357,13892,18.0000,10
13571,1358,28215,17.0000,1
13572,1358,26372,13.0000,2
13573,1358,22785,5.0000,3
13574,1358,23796,6.0000,4
13575,1358,70,12.0000,5
13576,1358,25463,20.0000,6
13577,1358,209,16.0000,7
13578,1358,16117,3.0000,8
13579,1358,10505,10.0000,9
13580,1358,8889,19.0000,10
13581,1359,8351,9.0000,1
13582,1359,3256,15.0000,2
13583,1359,29492,15.0000,3
13584,1359,27469,15.0000,4
13585,1359,2562,15.0000,5
13586,1359,26695,13.0000,6
13587,1359,21278,18.0000,7
13588,1359,20340,7.0000,8
13589,1359,3837,14.0000,9
13590,1359,20019,16.0000,10
13591,1360,27641,20.0000,1
13592,1360,14801,11.0000,2
13593,1360,13402,16.0000,3
13594,1360,2125,13.0000,4
13595,1360,19138,1.0000,5
13596,1360,24632,9.0000,6
13597,1360,11885,15.0000,7
13598,1360,9365,1.0000,8
13599,1360,6771,7.0000,9
13600,1360,14957,6.0000,10
13601,1361,17302,6.0000,1
13602,1361,19035,16.0000,2
13603,1361,25624,4.0000,3
13604,1361,1104,5.0000,4
13605,1361,717,4.0000,5
13606,1361,3294,8.0000,6
13607,1361,7154,20.0000,7
13608,1361,9140,6.0000,8
13609,1361,22728,5.0000,9
13610,1361,21249,4.0000,10
13611,1362,19273,19.0000,1
13612,1362,21933,6.0000,2
13613,1362,4061,14.0000,3
13614,1362,25941,18.0000,4
13615,1362,10067,2.0000,5
13616,1362,10908,17.0000,6
13617,1362,1227,9.0000,7
13618,1362,5819,3.0000,8
13619,1362,26449,14.0000,9
13620,1362,2692,18.0000,10
13621,1363,26318,16.0000,1
13622,1363,17880,7.0000,2
13623,1363,10672,4.0000,3
13624,1363,963,3.0000,4
13625,1363,18412,15.0000,5
13626,1363,25501,4.0000,6
13627,1363,2154,1.0000,7
13628,1363,27181,19.0000,8
13629,1363,5733,4.0000,9
13630,1363,23987,1.0000,10
13631,1364,17198,18.0000,1
13632,1364,5320,3.0000,2
13633,1364,15283,18.0000,3
13634,1364,25739,14.0000,4
13635,1364,18042,7.0000,5
13636,1364,2558,6.0000,6
13637,1364,5106,12.0000,7
13638,1364,1749,12.0000,8
13639,1364,9581,16.0000,9
13640,1364,11995,2.0000,10
13641,1365,16264,3.0000,1
13642,1365,6642,3.0000,2
13643,1365,19107,12.0000,3
13644,1365,16315,17.0000,4
13645,1365,15554,1.0000,5
13646,1365,14710,3.0000,6
13647,1365,24374,14.0000,7
13648,1365,26032,4.0000,8
13649,1365,18670,19.0000,9
13650,1365,8609,1.0000,10
13651,1366,15579,10.0000,1
13652,1366,13283,14.0000,2
13653,1366,20795,1.0000,3
13654,1366,15088,18.0000,4
13655,1366,29795,16.0000,5
13656,1366,1748,3.0000,6
13657,1366,20086,13.0000,7
13658,1366,6573,11.0000,8
13659,1366,11893,3.0000,9
13660,1366,23666,10.0000,10
13661,1367,15756,16.0000,1
13662,1367,13007,6.0000,2
13663,1367,29335,2.0000,3
13664,1367,11382,4.0000,4
13665,1367,5227,20.0000,5
13666,1367,18011,3.0000,6
13667,1367,24047,2.0000,7
13668,1367,11849,18.0000,8
13669,1367,28565,19.0000,9
13670,1367,16572,15.0000,10
13671,1368,12313,16.0000,1
13672,1368,22658,18.0000,2
13673,1368,8659,15.0000,3
13674,1368,22135,16.0000,4
13675,1368,776,1.0000,5
13676,1368,779,12.0000,6
13677,1368,23643,10.0000,7
13678,1368,17666,7.0000,8
13679,1368,19994,16.0000,9
13680,1368,18234,8.0000,10
13681,1369,22736,20.0000,1
13682,1369,5050,10.0000,2
13683,1369,14279,18.0000,3
13684,1369,16198,3.0000,4
13685,1369,13592,1.0000,5
13686,1369,5563,14.0000,6
13687,1369,7439,3.0000,7
13688,1369,8447,10.0000,8
13689,1369,27538,14.0000,9
13690,1369,10255,5.0000,10
13691,1370,4510,6.0000,1
13692,1370,26805,6.0000,2
13693,1370,7933,7.0000,3
13694,1370,9404,4.0000,4
13695,1370,6934,13.0000,5
13696,1370,18542,16.0000,6
13697,1370,12292,8.0000,7
13698,1370,4125,14.0000,8
13699,1370,12511,17.0000,9
13700,1370,8306,3.0000,10
13701,1371,28477,6.0000,1
13702,1371,24398,8.0000,2
13703,1371,5818,13.0000,3
13704,1371,17625,18.0000,4
13705,1371,9912,17.0000,5
13706,1371,11053,5.0000,6
13707,1371,4449,10.0000,7
13708,1371,23458,11.0000,8
13709,1371,23878,14.0000,9
13710,1371,13519,1.0000,10
13711,1372,15298,17.0000,1
13712,1372,3680,4.0000,2
13713,1372,237,18.0000,3
13714,1372,10771,15.0000,4
13715,1372,86,2.0000,5
13716,1372,4873,6.0000,6
13717,1372,5988,17.0000,7
13718,1372,7811,9.0000,8
13719,1372,15134,5.0000,9
13720,1372,24853,2.0000,10
13721,1373,8452,4.0000,1
13722,1373,5844,2.0000,2
13723,1373,20615,9.0000,3
13724,1373,15616,12.0000,4
13725,1373,10269,18.0000,5
13726,1373,12758,20.0000,6
13727,1373,2487,2.0000,7
13728,1373,12381,3.0000,8
13729,1373,2075,8.0000,9
13730,1373,24826,15.0000,10
13731,1374,7984,11.0000,1
13732,1374,19464,18.0000,2
13733,1374,25791,14.0000,3
13734,1374,14338,12.0000,4
13735,1374,10865,3.0000,5
13736,1374,25522,13.0000,6
13737,1374,5650,20.0000,7
13738,1374,4373,20.0000,8
13739,1374,23312,4.0000,9
13740,1374,18632,19.0000,10
13741,1375,19115,12.0000,1
13742,1375,23588,5.0000,2
13743,1375,20153,1.0000,3
13744,1375,5500,18.0000,4
13745,1375,14372,4.0000,5
13746,1375,9555,10.0000,6
13747,1375,20187,5.0000,7
13748,1375,21647,10.0000,8
13749,1375,15270,12.0000,9
13750,1375,22278,5.0000,10
13751,1376,8946,18.0000,1
13752,1376,19192,13.0000,2
13753,1376,2074,19.0000,3
13754,1376,6896,18.0000,4
13755,1376,11832,5.0000,5
13756,1376,21297,10.0000,6
13757,1376,20055,5.0000,7
13758,1376,5924,12.0000,8
13759,1376,4686,13.0000,9
13760,1376,20318,11.0000,10
13761,1377,13614,9.0000,1
13762,1377,1950,13.0000,2
13763,1377,22893,9.0000,3
13764,1377,17,17.0000,4
13765,1377,4925,1.0000,5
13766,1377,2890,8.0000,6
13767,1377,21163,20.0000,7
13768,1377,23771,13.0000,8
13769,1377,13974,1.0000,9
13770,1377,3462,13.0000,10
13771,1378,22920,16.0000,1
13772,1378,26547,20.0000,2
13773,1378,21522,10.0000,3
13774,1378,13853,11.0000,4
13775,1378,8956,13.0000,5
13776,1378,6814,8.0000,6
13777,1378,22317,10.0000,7
13778,1378,21454,10.0000,8
13779,1378,28239,14.0000,9
13780,1378,24527,4.0000,10
13781,1379,27802,3.0000,1
13782,1379,11924,14.0000,2
13783,1379,6004,8.0000,3
13784,1379,1708,20.0000,4
13785,1379,20186,9.0000,5
13786,1379,16587,2.0000,6
13787,1379,19940,20.0000,7
13788,1379,4404,8.0000,8
13789,1379,10644,17.0000,9
13790,1379,7969,11.0000,10
13791,1380,11457,1.0000,1
13792,1380,18402,11.0000,2
13793,1380,23634,11.0000,3
13794,1380,20485,7.0000,4
13795,1380,16989,5.0000,5
13796,1380,17053,1.0000,6
13797,1380,4881,2.0000,7
13798,1380,10070,6.0000,8
13799,1380,11503,2.0000,9
13800,1380,18366,1.0000,10
13801,1381,23789,1.0000,1
13802,1381,7987,13.0000,2
13803,1381,11560,19.0000,3
13804,1381,24582,11.0000,4
13805,1381,15121,2.0000,5
13806,1381,26826,8.0000,6
13807,1381,4696,4.0000,7
13808,1381,8514,9.0000,8
13809,1381,8490,6.0000,9
13810,1381,21494,18.0000,10
13811,1382,29194,10.0000,1
13812,1382,13596,18.0000,2
13813,1382,9060,17.0000,3
13814,1382,28470,19.0000,4
13815,1382,28855,16.0000,5
13816,1382,27332,7.0000,6
13817,1382,22452,3.0000,7
13818,1382,12974,10.0000,8
13819,1382,14926,6.0000,9
13820,1382,16862,19.0000,10
13821,1383,22043,19.0000,1
13822,1383,10465,19.0000,2
13823,1383,7034,15.0000,3
13824,1383,18883,3.0000,4
13825,1383,18982,19.0000,5
13826,1383,1412,10.0000,6
13827,1383,10560,4.0000,7
13828,1383,29686,6.0000,8
13829,1383,2192,18.0000,9
13830,1383,7017,3.0000,10
13831,1384,15659,6.0000,1
13832,1384,17815,9.0000,2
13833,1384,12107,18.0000,3
13834,1384,1139,15.0000,4
13835,1384,1595,6.0000,5
13836,1384,17624,1.0000,6
13837,1384,17896,20.0000,7
13838,1384,25725,11.0000,8
13839,1384,3594,3.0000,9
13840,1384,28795,14.0000,10
13841,1385,18701,9.0000,1
13842,1385,18005,9.0000,2
13843,1385,15196,7.0000,3
13844,1385,5327,17.0000,4
13845,1385,6974,18.0000,5
13846,1385,14419,16.0000,6
13847,1385,24007,1.0000,7
13848,1385,27208,19.0000,8
13849,1385,18682,16.0000,9
13850,1385,3484,4.0000,10
13851,1386,12919,8.0000,1
13852,1386,8830,19.0000,2
13853,1386,10148,11.0000,3
13854,1386,2497,8.0000,4
13855,1386,1735,4.0000,5
13856,1386,24111,17.0000,6
13857,1386,25643,2.0000,7
13858,1386,8693,3.0000,8
13859,1386,20823,7.0000,9
13860,1386,6035,1.0000,10
13861,1387,9825,5.0000,1
13862,1387,12665,13.0000,2
13863,1387,25006,10.0000,3
13864,1387,4821,19.0000,4
13865,1387,27147,5.0000,5
13866,1387,20362,14.0000,6
13867,1387,25651,7.0000,7
13868,1387,16236,13.0000,8
13869,1387,17301,4.0000,9
13870,1387,15624,4.0000,10
13871,1388,15755,2.0000,1
13872,1388,871,10.0000,2
13873,1388,4828,19.0000,3
13874,1388,10615,10.0000,4
13875,1388,12251,12.0000,5
13876,1388,15279,2.0000,6
13877,1388,9355,19.0000,7
13878,1388,1577,10.0000,8
13879,1388,11036,12.0000,9
13880,1388,29890,10.0000,10
13881,1389,18290,12.0000,1
13882,1389,1762,16.0000,2
13883,1389,21123,20.0000,3
13884,1389,16622,16.0000,4
13885,1389,29611,17.0000,5
13886,1389,6383,2.0000,6
13887,1389,775,15.0000,7
13888,1389,27136,6.0000,8
13889,1389,28533,10.0000,9
13890,1389,8025,1.0000,10
13891,1390,24972,3.0000,1
13892,1390,13306,3.0000,2
13893,1390,27707,4.0000,3
13894,1390,823,12.0000,4
13895,1390,23864,6.0000,5
13896,1390,29430,19.0000,6
13897,1390,16533,20.0000,7
13898,1390,21822,2.0000,8
13899,1390,15458,16.0000,9
13900,1390,13786,17.0000,10
13901,1391,1780,3.0000,1
13902,1391,9621,2.0000,2
13903,1391,12145,14.0000,3
13904,1391,8822,19.0000,4
13905,1391,28644,2.0000,5
13906,1391,17931,13.0000,6
13907,1391,13321,4.0000,7
13908,1391,453,7.0000,8
13909,1391,16907,20.0000,9
13910,1391,19324,6.0000,10
13911,1392,20448,13.0000,1
13912,1392,27705,20.0000,2
13913,1392,16816,10.0000,3
13914,1392,1998,17.0000,4
13915,1392,12629,14.0000,5
13916,1392,8030,10.0000,6
13917,1392,5932,3.0000,7
13918,1392,27455,20.0000,8
13919,1392,5759,14.0000,9
13920,1392,14212,11.0000,10
13921,1393,25465,19.0000,1
13922,1393,10863,18.0000,2
13923,1393,22328,3.0000,3
13924,1393,19423,8.0000,4
13925,1393,1644,5.0000,5
13926,1393,9926,17.0000,6
13927,1393,10216,3.0000,7
13928,1393,11123,10.0000,8
13929,1393,22054,1.0000,9
13930,1393,23667,11.0000,10
13931,1394,6823,17.0000,1
13932,1394,3332,18.0000,2
13933,1394,25864,7.0000,3
13934,1394,19513,14.0000,4
13935,1394,12347,5.0000,5
13936,1394,6570,10.0000,6
13937,1394,11928,11.0000,7
13938,1394,27106,16.0000,8
13939,1394,9290,14.0000,9
13940,1394,6545,1.0000,10
13941,1395,17522,13.0000,1
13942,1395,628,19.0000,2
13943,1395,12825,19.0000,3
13944,1395,633,1.0000,4
13945,1395,26379,6.0000,5
13946,1395,6571,5.0000,6
13947,1395,24835,6.0000,7
13948,1395,7681,7.0000,8
13949,1395,20161,4.0000,9
13950,1395,19499,4.0000,10
13951,1396,22680,17.0000,1
13952,1396,15805,3.0000,2
13953,1396,601,13.0000,3
13954,1396,7970,9.0000,4
13955,1396,5219,9.0000,5
13956,1396,21731,15.0000,6
13957,1396,20825,10.0000,7
13958,1396,27849,11.0000,8
13959,1396,11090,5.0000,9
13960,1396,17453,1.0000,10
13961,1397,7200,8.0000,1
13962,1397,6039,2.0000,2
13963,1397,29719,16.0000,3
13964,1397,26636,5.0000,4
13965,1397,22629,13.0000,5
13966,1397,17566,16.0000,6
13967,1397,23195,2.0000,7
13968,1397,17209,3.0000,8
13969,1397,7751,18.0000,9
13970,1397,22427,2.0000,10
13971,1398,10710,6.0000,1
13972,1398,23289,12.0000,2
13973,1398,23230,20.0000,3
13974,1398,28937,1.0000,4
13975,1398,12826,6.0000,5
13976,1398,17857,3.0000,6
13977,1398,19731,3.0000,7
13978,1398,5525,6.0000,8
13979,1398,24350,19.0000,9
13980,1398,22402,9.0000,10
13981,1399,19791,3.0000,1
13982,1399,3287,4.0000,2
13983,1399,19699,13.0000,3
13984,1399,11089,10.0000,4
13985,1399,25467,16.0000,5
13986,1399,1090,2.0000,6
13987,1399,13547,2.0000,7
13988,1399,26921,6.0000,8
13989,1399,9574,15.0000,9
13990,1399,17932,2.0000,10
13991,1400,24309,13.0000,1
13992,1400,10708,16.0000,2
13993,1400,29619,12.0000,3
13994,1400,21270,3.0000,4
13995,1400,16585,12.0000,5
13996,1400,26146,6.0000,6
13997,1400,6810,12.0000,7
13998,1400,4471,9.0000,8
13999,1400,5374,9.0000,9
14000,1400,2264,6.0000,10
14001,1401,26267,14.0000,1
14002,1401,22848,2.0000,2
14003,1401,629,18.0000,3
14004,1401,13918,18.0000,4
14005,1401,23416,12.0000,5
14006,1401,9750,4.0000,6
14007,1401,22066,6.0000,7
14008,1401,7669,11.0000,8
14009,1401,1503,7.0000,9
14010,1401,18820,10.0000,10
14011,1402,29877,9.0000,1
14012,1402,22151,17.0000,2
14013,1402,2477,7.0000,3
14014,1402,3559,5.0000,4
14015,1402,21410,20.0000,5
14016,1402,16581,19.0000,6
14017,1402,15745,9.0000,7
14018,1402,4109,13.0000,8
14019,1402,16263,19.0000,9
14020,1402,6310,13.0000,10
14021,1403,16326,11.0000,1
14022,1403,27199,20.0000,2
14023,1403,21332,13.0000,3
14024,1403,18476,4.0000,4
14025,1403,898,20.0000,5
14026,1403,7631,8.0000,6
14027,1403,26589,11.0000,7
14028,1403,15767,8.0000,8
14029,1403,13383,14.0000,9
14030,1403,23585,7.0000,10
14031,1404,3015,5.0000,1
14032,1404,22305,14.0000,2
14033,1404,15995,8.0000,3
14034,1404,23524,15.0000,4
14035,1404,19479,19.0000,5
14036,1404,22390,20.0000,6
14037,1404,7523,15.0000,7
14038,1404,29402,7.0000,8
14039,1404,1019,18.0000,9
14040,1404,11474,18.0000,10
14041,1405,22477,12.0000,1
14042,1405,25589,4.0000,2
14043,1405,28001,17.0000,3
14044,1405,17298,12.0000,4
14045,1405,22872,19.0000,5
14046,1405,11202,5.0000,6
14047,1405,6985,16.0000,7
14048,1405,2237,13.0000,8
14049,1405,3357,11.0000,9
14050,1405,7123,1.0000,10
14051,1406,28143,3.0000,1
14052,1406,22224,14.0000,2
14053,1406,9097,10.0000,3
14054,1406,12127,8.0000,4
14055,1406,21016,12.0000,5
14056,1406,28931,16.0000,6
14057,1406,25976,16.0000,7
14058,1406,5546,20.0000,8
14059,1406,17481,10.0000,9
14060,1406,1584,4.0000,10
14061,1407,15472,12.0000,1
14062,1407,18263,11.0000,2
14063,1407,19835,10.0000,3
14064,1407,24677,3.0000,4
14065,1407,25989,3.0000,5
14066,1407,25942,18.0000,6
14067,1407,20898,17.0000,7
14068,1407,1664,6.0000,8
14069,1407,22778,18.0000,9
14070,1407,10089,10.0000,10
14071,1408,24959,8.0000,1
14072,1408,346,15.0000,2
14073,1408,7471,7.0000,3
14074,1408,23103,13.0000,4
14075,1408,20385,4.0000,5
14076,1408,20687,2.0000,6
14077,1408,22397,12.0000,7
14078,1408,20260,19.0000,8
14079,1408,28263,15.0000,9
14080,1408,19113,8.0000,10
14081,1409,6187,11.0000,1
14082,1409,4777,17.0000,2
14083,1409,9889,7.0000,3
14084,1409,1966,15.0000,4
14085,1409,26733,1.0000,5
14086,1409,17383,11.0000,6
14087,1409,26352,8.0000,7
14088,1409,4587,17.0000,8
14089,1409,16704,17.0000,9
14090,1409,384,8.0000,10
14091,1410,29112,2.0000,1
14092,1410,14405,20.0000,2
14093,1410,18542,12.0000,3
14094,1410,2852,17.0000,4
14095,1410,9951,17.0000,5
14096,1410,2992,6.0000,6
14097,1410,10975,20.0000,7
14098,1410,4011,16.0000,8
14099,1410,16234,2.0000,9
14100,1410,20363,10.0000,10
14101,1411,13091,19.0000,1
14102,1411,3060,19.0000,2
14103,1411,26582,13.0000,3
14104,1411,28668,16.0000,4
14105,1411,19037,15.0000,5
14106,1411,28383,17.0000,6
14107,1411,381,4.0000,7
14108,1411,7126,9.0000,8
14109,1411,27935,5.0000,9
14110,1411,15656,9.0000,10
14111,1412,26799,16.0000,1
14112,1412,13244,5.0000,2
14113,1412,8299,2.0000,3
14114,1412,14331,17.0000,4
14115,1412,11213,13.0000,5
14116,1412,15669,15.0000,6
14117,1412,12579,9.0000,7
14118,1412,16817,13.0000,8
14119,1412,11078,5.0000,9
14120,1412,3615,17.0000,10
14121,1413,4769,14.0000,1
14122,1413,23077,3.0000,2
14123,1413,18045,16.0000,3
14124,1413,20703,19.0000,4
14125,1413,28330,2.0000,5
14126,1413,12054,11.0000,6
14127,1413,7136,12.0000,7
14128,1413,21126,12.0000,8
14129,1413,15578,7.0000,9
14130,1413,22422,2.0000,10
14131,1414,4364,18.0000,1
14132,1414,22749,16.0000,2
14133,1414,2355,4.0000,3
14134,1414,9086,7.0000,4
14135,1414,18696,9.0000,5
14136,1414,8705,2.0000,6
14137,1414,25519,8.0000,7
14138,1414,12823,1.0000,8
14139,1414,27533,9.0000,9
14140,1414,4178,1.0000,10
14141,1415,3951,7.0000,1
14142,1415,10904,15.0000,2
14143,1415,13620,10.0000,3
14144,1415,21917,20.0000,4
14145,1415,18544,9.0000,5
14146,1415,6915,12.0000,6
14147,1415,362,1.0000,7
14148,1415,27059,14.0000,8
14149,1415,2157,13.0000,9
14150,1415,22635,11.0000,10
14151,1416,18524,18.0000,1
14152,1416,2664,8.0000,2
14153,1416,4463,17.0000,3
14154,1416,2430,4.0000,4
14155,1416,14834,19.0000,5
14156,1416,3260,1.0000,6
14157,1416,9529,12.0000,7
14158,1416,29947,11.0000,8
14159,1416,24403,15.0000,9
14160,1416,25394,4.0000,10
14161,1417,26784,17.0000,1
14162,1417,286,18.0000,2
14163,1417,6959,14.0000,3
14164,1417,28823,15.0000,4
14165,1417,19032,11.0000,5
14166,1417,2788,3.0000,6
14167,1417,2175,16.0000,7
14168,1417,15050,3.0000,8
14169,1417,25716,17.0000,9
14170,1417,27166,11.0000,10
14171,1418,20037,16.0000,1
14172,1418,4726,19.0000,2
14173,1418,20444,20.0000,3
14174,1418,21651,7.0000,4
14175,1418,29135,1.0000,5
14176,1418,13111,4.0000,6
14177,1418,176,14.0000,7
14178,1418,14774,9.0000,8
14179,1418,9409,17.0000,9
14180,1418,26702,1.0000,10
14181,1419,25779,5.0000,1
14182,1419,24003,14.0000,2
14183,1419,1969,16.0000,3
14184,1419,17200,2.0000,4
14185,1419,20575,15.0000,5
14186,1419,1508,19.0000,6
14187,1419,16886,7.0000,7
14188,1419,12215,3.0000,8
14189,1419,7672,10.0000,9
14190,1419,20452,1.0000,10
14191,1420,11606,1.0000,1
14192,1420,72,19.0000,2
14193,1420,28543,2.0000,3
14194,1420,20356,6.0000,4
14195,1420,27913,11.0000,5
14196,1420,19370,1.0000,6
14197,1420,23950,10.0000,7
14198,1420,24633,6.0000,8
14199,1420,7055,14.0000,9
14200,1420,4122,4.0000,10
14201,1421,5662,10.0000,1
14202,1421,11328,11.0000,2
14203,1421,23668,4.0000,3
14204,1421,26766,16.0000,4
14205,1421,8552,8.0000,5
14206,1421,28092,11.0000,6
14207,1421,3685,6.0000,7
14208,1421,1930,11.0000,8
14209,1421,24322,12.0000,9
14210,1421,26954,5.0000,10
14211,1422,25775,3.0000,1
14212,1422,11182,5.0000,2
14213,1422,14824,4.0000,3
14214,1422,10667,8.0000,4
14215,1422,19311,2.0000,5
14216,1422,19970,19.0000,6
14217,1422,18535,12.0000,7
14218,1422,9350,3.0000,8
14219,1422,13707,3.0000,9
14220,1422,23458,13.0000,10
14221,1423,5432,18.0000,1
14222,1423,25371,20.0000,2
14223,1423,20326,6.0000,3
14224,1423,23507,19.0000,4
14225,1423,1522,11.0000,5
14226,1423,19250,15.0000,6
14227,1423,6643,13.0000,7
14228,1423,9512,16.0000,8
14229,1423,12556,14.0000,9
14230,1423,10128,3.0000,10
14231,1424,9924,6.0000,1
14232,1424,19580,18.0000,2
14233,1424,8050,16.0000,3
14234,1424,29637,11.0000,4
14235,1424,15501,16.0000,5
14236,1424,622,6.0000,6
14237,1424,2384,11.0000,7
14238,1424,8604,4.0000,8
14239,1424,22377,14.0000,9
14240,1424,3326,13.0000,10
14241,1425,1967,1.0000,1
14242,1425,22853,6.0000,2
14243,1425,24606,14.0000,3
14244,1425,8971,17.0000,4
14245,1425,4331,2.0000,5
14246,1425,24281,3.0000,6
14247,1425,1311,8.0000,7
14248,1425,4949,16.0000,8
14249,1425,5830,17.0000,9
14250,1425,26243,5.0000,10
14251,1426,16772,18.0000,1
14252,1426,13595,15.0000,2
14253,1426,12863,7.0000,3
14254,1426,13018,4.0000,4
14255,1426,14856,15.0000,5
14256,1426,12243,10.0000,6
14257,1426,10811,7.0000,7
14258,1426,13870,12.0000,8
14259,1426,20767,3.0000,9
14260,1426,8918,10.0000,10
14261,1427,21432,17.0000,1
14262,1427,12843,6.0000,2
14263,1427,16771,11.0000,3
14264,1427,24197,12.0000,4
14265,1427,21814,8.0000,5
14266,1427,25072,19.0000,6
14267,1427,17574,3.0000,7
14268,1427,25427,4.0000,8
14269,1427,4259,10.0000,9
14270,1427,25256,9.0000,10
14271,1428,5503,11.0000,1
14272,1428,15956,5.0000,2
14273,1428,20740,9.0000,3
14274,1428,7465,18.0000,4
14275,1428,21298,11.0000,5
14276,1428,373,13.0000,6
14277,1428,24223,17.0000,7
14278,1428,22176,4.0000,8
14279,1428,25944,7.0000,9
14280,1428,870,5.0000,10
14281,1429,15033,6.0000,1
14282,1429,9965,3.0000,2
14283,1429,19953,12.0000,3
14284,1429,20256,11.0000,4
14285,1429,24014,1.0000,5
14286,1429,28110,5.0000,6
14287,1429,18144,14.0000,7
14288,1429,11069,8.0000,8
14289,1429,4748,11.0000,9
14290,1429,12998,6.0000,10
14291,1430,13825,9.0000,1
14292,1430,14975,3.0000,2
14293,1430,22352,4.0000,3
14294,1430,3006,20.0000,4
14295,1430,21627,2.0000,5
14296,1430,4178,11.0000,6
14297,1430,10518,18.0000,7
14298,1430,718,6.0000,8
14299,1430,1563,8.0000,9
14300,1430,27168,20.0000,10
14301,1431,6005,4.0000,1
14302,1431,24603,16.0000,2
14303,1431,9097,5.0000,3
14304,1431,14448,20.0000,4
14305,1431,27654,2.0000,5
14306,1431,8263,11.0000,6
14307,1431,3396,2.0000,7
14308,1431,19059,15.0000,8
14309,1431,11328,13.0000,9
14310,1431,29148,16.0000,10
14311,1432,7830,4.0000,1
14312,1432,11883,7.0000,2
14313,1432,28532,11.0000,3
14314,1432,25841,17.0000,4
14315,1432,3943,2.0000,5
14316,1432,23668,19.0000,6
14317,1432,4138,13.0000,7
14318,1432,22089,2.0000,8
14319,1432,16740,8.0000,9
14320,1432,15733,5.0000,10
14321,1433,10132,18.0000,1
14322,1433,10980,19.0000,2
14323,1433,4576,7.0000,3
14324,1433,25330,20.0000,4
14325,1433,9687,17.0000,5
14326,1433,29623,4.0000,6
14327,1433,26118,10.0000,7
14328,1433,22514,17.0000,8
14329,1433,19379,10.0000,9
14330,1433,23665,1.0000,10
14331,1434,7989,20.0000,1
14332,1434,17450,4.0000,2
14333,1434,9634,11.0000,3
14334,1434,11978,3.0000,4
14335,1434,14467,2.0000,5
14336,1434,13532,7.0000,6
14337,1434,3969,13.0000,7
14338,1434,7971,13.0000,8
14339,1434,3694,20.0000,9
14340,1434,9770,10.0000,10
14341,1435,21303,3.0000,1
14342,1435,26064,9.0000,2
14343,1435,11719,7.0000,3
14344,1435,25508,20.0000,4
14345,1435,27274,11.0000,5
14346,1435,18495,13.0000,6
14347,1435,1058,9.0000,7
14348,1435,8144,20.0000,8
14349,1435,10038,14.0000,9
14350,1435,16122,15.0000,10
14351,1436,16937,2.0000,1
14352,1436,3825,3.0000,2
14353,1436,3645,11.0000,3
14354,1436,25718,11.0000,4
14355,1436,5448,16.0000,5
14356,1436,1231,5.0000,6
14357,1436,26218,10.0000,7
14358,1436,3254,19.0000,8
14359,1436,20588,11.0000,9
14360,1436,1010,7.0000,10
14361,1437,2054,20.0000,1
14362,1437,5647,13.0000,2
14363,1437,3824,12.0000,3
14364,1437,13677,10.0000,4
14365,1437,2672,18.0000,5
14366,1437,1949,14.0000,6
14367,1437,12105,5.0000,7
14368,1437,29043,2.0000,8
14369,1437,23949,8.0000,9
14370,1437,19813,1.0000,10
14371,1438,8234,3.0000,1
14372,1438,18950,20.0000,2
14373,1438,18581,5.0000,3
14374,1438,27846,2.0000,4
14375,1438,12890,13.0000,5
14376,1438,6834,12.0000,6
14377,1438,4624,6.0000,7
14378,1438,11877,17.0000,8
14379,1438,5309,6.0000,9
14380,1438,27808,6.0000,10
14381,1439,3975,14.0000,1
14382,1439,21966,20.0000,2
14383,1439,7845,3.0000,3
14384,1439,5135,17.0000,4
14385,1439,26312,2.0000,5
14386,1439,21225,3.0000,6
14387,1439,12711,7.0000,7
14388,1439,5136,18.0000,8
14389,1439,3393,15.0000,9
14390,1439,25985,13.0000,10
14391,1440,21579,13.0000,1
14392,1440,13293,12.0000,2
14393,1440,9687,13.0000,3
14394,1440,26420,7.0000,4
14395,1440,26938,12.0000,5
14396,1440,4167,8.0000,6
14397,1440,24079,11.0000,7
14398,1440,29101,12.0000,8
14399,1440,3845,16.0000,9
14400,1440,16111,17.0000,10
14401,1441,8567,16.0000,1
14402,1441,16435,2.0000,2
14403,1441,779,17.0000,3
14404,1441,27433,18.0000,4
14405,1441,16890,9.0000,5
14406,1441,27707,15.0000,6
14407,1441,24922,1.0000,7
14408,1441,28734,19.0000,8
14409,1441,14383,2.0000,9
14410,1441,602,4.0000,10
14411,1442,21136,4.0000,1
14412,1442,6862,4.0000,2
14413,1442,3823,5.0000,3
14414,1442,13231,10.0000,4
14415,1442,7574,5.0000,5
14416,1442,16860,8.0000,6
14417,1442,14746,6.0000,7
14418,1442,16851,2.0000,8
14419,1442,3476,11.0000,9
14420,1442,27786,4.0000,10
14421,1443,4109,13.0000,1
14422,1443,22929,15.0000,2
14423,1443,15175,7.0000,3
14424,1443,12792,17.0000,4
14425,1443,27780,1.0000,5
14426,1443,16329,5.0000,6
14427,1443,967,12.0000,7
14428,1443,11677,12.0000,8
14429,1443,9296,5.0000,9
14430,1443,11827,3.0000,10
14431,1444,1136,9.0000,1
14432,1444,29703,7.0000,2
14433,1444,22685,6.0000,3
14434,1444,17733,10.0000,4
14435,1444,27265,1.0000,5
14436,1444,954,2.0000,6
14437,1444,19041,15.0000,7
14438,1444,23043,3.0000,8
14439,1444,8498,12.0000,9
14440,1444,20891,19.0000,10
14441,1445,10110,17.0000,1
14442,1445,18509,5.0000,2
14443,1445,25636,3.0000,3
14444,1445,25710,18.0000,4
14445,1445,6904,11.0000,5
14446,1445,8807,4.0000,6
14447,1445,29875,16.0000,7
14448,1445,884,12.0000,8
14449,1445,4400,12.0000,9
14450,1445,324,19.0000,10
14451,1446,19165,7.0000,1
14452,1446,16282,14.0000,2
14453,1446,13494,11.0000,3
14454,1446,27940,17.0000,4
14455,1446,8829,10.0000,5
14456,1446,2904,2.0000,6
14457,1446,1718,9.0000,7
14458,1446,735,20.0000,8
14459,1446,18130,5.0000,9
14460,1446,9068,19.0000,10
14461,1447,20647,3.0000,1
14462,1447,8540,20.0000,2
14463,1447,17915,20.0000,3
14464,1447,27314,11.0000,4
14465,1447,3107,1.0000,5
14466,1447,28224,13.0000,6
14467,1447,9528,16.0000,7
14468,1447,19841,19.0000,8
14469,1447,23141,14.0000,9
14470,1447,7732,13.0000,10
14471,1448,14183,15.0000,1
14472,1448,17542,19.0000,2
14473,1448,3655,18.0000,3
14474,1448,12148,3.0000,4
14475,1448,13436,12.0000,5
14476,1448,19224,15.0000,6
14477,1448,21520,4.0000,7
14478,1448,11898,13.0000,8
14479,1448,5875,4.0000,9
14480,1448,19836,19.0000,10
14481,1449,9716,2.0000,1
14482,1449,12719,16.0000,2
14483,1449,1241,3.0000,3
14484,1449,13810,7.0000,4
14485,1449,29725,13.0000,5
14486,1449,24612,9.0000,6
14487,1449,4571,10.0000,7
14488,1449,15918,10.0000,8
14489,1449,7157,1.0000,9
14490,1449,25545,17.0000,10
14491,1450,3217,3.0000,1
14492,1450,28916,10.0000,2
14493,1450,13006,20.0000,3
14494,1450,29473,2.0000,4
14495,1450,5472,3.0000,5
14496,1450,17477,7.0000,6
14497,1450,29727,2.0000,7
14498,1450,21781,9.0000,8
14499,1450,24584,17.0000,9
14500,1450,20478,2.0000,10
14501,1451,3556,8.0000,1
14502,1451,19860,3.0000,2
14503,1451,1042,9.0000,3
14504,1451,24965,13.0000,4
14505,1451,1975,19.0000,5
14506,1451,17938,6.0000,6
14507,1451,29904,5.0000,7
14508,1451,23036,7.0000,8
14509,1451,27988,6.0000,9
14510,1451,28809,11.0000,10
14511,1452,27859,16.0000,1
14512,1452,23697,19.0000,2
14513,1452,17254,16.0000,3
14514,1452,22551,6.0000,4
14515,1452,29312,5.0000,5
14516,1452,240,19.0000,6
14517,1452,22157,17.0000,7
14518,1452,21633,9.0000,8
14519,1452,11910,2.0000,9
14520,1452,26447,9.0000,10
14521,1453,29913,12.0000,1
14522,1453,19957,4.0000,2
14523,1453,1159,20.0000,3
14524,1453,998,7.0000,4
14525,1453,2358,15.0000,5
14526,1453,9863,13.0000,6
14527,1453,27697,5.0000,7
14528,1453,25969,12.0000,8
14529,1453,26384,19.0000,9
14530,1453,9730,15.0000,10
14531,1454,22564,15.0000,1
14532,1454,29762,2.0000,2
14533,1454,1046,8.0000,3
14534,1454,27547,15.0000,4
14535,1454,25012,10.0000,5
14536,1454,15057,11.0000,6
14537,1454,18181,15.0000,7
14538,1454,27721,9.0000,8
14539,1454,17562,12.0000,9
14540,1454,6468,8.0000,10
14541,1455,12675,10.0000,1
14542,1455,6637,4.0000,2
14543,1455,17170,10.0000,3
14544,1455,10939,20.0000,4
14545,1455,26571,18.0000,5
14546,1455,3187,9.0000,6
14547,1455,26220,19.0000,7
14548,1455,24926,5.0000,8
14549,1455,12988,1.0000,9
14550,1455,9819,10.0000,10
14551,1456,18874,15.0000,1
14552,1456,2381,9.0000,2
14553,1456,17492,1.0000,3
14554,1456,12203,1.0000,4
14555,1456,27205,14.0000,5
14556,1456,1734,11.0000,6
14557,1456,14964,2.0000,7
14558,1456,1796,5.0000,8
14559,1456,13778,2.0000,9
14560,1456,21977,2.0000,10
14561,1457,18157,20.0000,1
14562,1457,2696,20.0000,2
14563,1457,29779,17.0000,3
14564,1457,29966,2.0000,4
14565,1457,23780,9.0000,5
14566,1457,24410,8.0000,6
14567,1457,15442,3.0000,7
14568,1457,19750,3.0000,8
14569,1457,18701,1.0000,9
14570,1457,19783,17.0000,10
14571,1458,21066,12.0000,1
14572,1458,13510,6.0000,2
14573,1458,11203,13.0000,3
14574,1458,11834,5.0000,4
14575,1458,29558,15.0000,5
14576,1458,325,18.0000,6
14577,1458,1045,3.0000,7
14578,1458,27623,6.0000,8
14579,1458,12509,7.0000,9
14580,1458,17793,2.0000,10
14581,1459,5521,10.0000,1
14582,1459,27239,8.0000,2
14583,1459,7146,13.0000,3
14584,1459,7221,14.0000,4
14585,1459,28508,1.0000,5
14586,1459,12561,9.0000,6
14587,1459,19948,9.0000,7
14588,1459,2184,15.0000,8
14589,1459,9053,11.0000,9
14590,1459,26822,12.0000,10
14591,1460,9364,6.0000,1
14592,1460,763,10.0000,2
14593,1460,788,12.0000,3
14594,1460,25245,11.0000,4
14595,1460,14027,2.0000,5
14596,1460,15576,14.0000,6
14597,1460,7733,2.0000,7
14598,1460,18406,1.0000,8
14599,1460,26078,17.0000,9
14600,1460,7412,1.0000,10
14601,1461,26940,2.0000,1
14602,1461,6062,5.0000,2
14603,1461,29115,3.0000,3
14604,1461,12122,18.0000,4
14605,1461,24035,4.0000,5
14606,1461,22247,1.0000,6
14607,1461,13644,19.0000,7
14608,1461,22809,18.0000,8
14609,1461,4131,6.0000,9
14610,1461,5341,10.0000,10
14611,1462,3038,8.0000,1
14612,1462,27624,14.0000,2
14613,1462,9438,16.0000,3
14614,1462,7728,3.0000,4
14615,1462,4082,5.0000,5
14616,1462,24768,8.0000,6
14617,1462,13969,2.0000,7
14618,1462,9733,19.0000,8
14619,1462,7555,17.0000,9
14620,1462,2084,6.0000,10
14621,1463,9217,20.0000,1
14622,1463,28838,17.0000,2
14623,1463,8950,16.0000,3
14624,1463,19362,17.0000,4
14625,1463,17988,3.0000,5
14626,1463,8075,20.0000,6
14627,1463,6667,14.0000,7
14628,1463,3026,5.0000,8
14629,1463,18627,3.0000,9
14630,1463,5163,15.0000,10
14631,1464,9795,3.0000,1
14632,1464,29778,2.0000,2
14633,1464,10847,16.0000,3
14634,1464,4638,15.0000,4
14635,1464,29990,5.0000,5
14636,1464,16035,14.0000,6
14637,1464,3302,8.0000,7
14638,1464,25371,16.0000,8
14639,1464,2763,4.0000,9
14640,1464,11382,17.0000,10
14641,1465,26415,19.0000,1
14642,1465,13044,18.0000,2
14643,1465,20768,1.0000,3
14644,1465,12284,12.0000,4
14645,1465,12987,9.0000,5
14646,1465,27025,20.0000,6
14647,1465,8678,18.0000,7
14648,1465,4408,9.0000,8
14649,1465,18956,3.0000,9
14650,1465,13929,16.0000,10
14651,1466,14683,13.0000,1
14652,1466,22653,10.0000,2
14653,1466,4378,9.0000,3
14654,1466,26035,6.0000,4
14655,1466,1577,19.0000,5
14656,1466,19643,12.0000,6
14657,1466,20418,3.0000,7
14658,1466,11647,20.0000,8
14659,1466,24589,10.0000,9
14660,1466,1502,17.0000,10
14661,1467,26105,2.0000,1
14662,1467,16041,18.0000,2
14663,1467,3797,3.0000,3
14664,1467,25243,19.0000,4
14665,1467,6013,16.0000,5
14666,1467,5349,20.0000,6
14667,1467,10924,5.0000,7
14668,1467,1881,6.0000,8
14669,1467,21756,9.0000,9
14670,1467,6295,2.0000,10
14671,1468,4774,20.0000,1
14672,1468,23695,12.0000,2
14673,1468,2394,3.0000,3
14674,1468,5780,10.0000,4
14675,1468,22458,16.0000,5
14676,1468,8244,10.0000,6
14677,1468,20407,16.0000,7
14678,1468,21999,17.0000,8
14679,1468,12735,13.0000,9
14680,1468,8646,6.0000,10
14681,1469,15192,2.0000,1
14682,1469,2917,20.0000,2
14683,1469,4435,7.0000,3
14684,1469,5582,8.0000,4
14685,1469,24629,13.0000,5
14686,1469,16880,2.0000,6
14687,1469,8491,5.0000,7
14688,1469,10069,7.0000,8
14689,1469,6920,15.0000,9
14690,1469,798,18.0000,10
14691,1470,19551,16.0000,1
14692,1470,13806,18.0000,2
14693,1470,17821,1.0000,3
14694,1470,16495,12.0000,4
14695,1470,20542,4.0000,5
14696,1470,17741,1.0000,6
14697,1470,5683,17.0000,7
14698,1470,2806,3.0000,8
14699,1470,13934,11.0000,9
14700,1470,27981,11.0000,10
14701,1471,13807,19.0000,1
14702,1471,8986,10.0000,2
14703,1471,28329,5.0000,3
14704,1471,14322,6.0000,4
14705,1471,19648,6.0000,5
14706,1471,7932,6.0000,6
14707,1471,28358,12.0000,7
14708,1471,14413,17.0000,8
14709,1471,8960,4.0000,9
14710,1471,16267,17.0000,10
14711,1472,15112,17.0000,1
14712,1472,13611,7.0000,2
14713,1472,20964,13.0000,3
14714,1472,8586,8.0000,4
14715,1472,13553,5.0000,5
14716,1472,27542,4.0000,6
14717,1472,28283,11.0000,7
14718,1472,6666,5.0000,8
14719,1472,27151,7.0000,9
14720,1472,21840,4.0000,10
14721,1473,29132,12.0000,1
14722,1473,27841,5.0000,2
14723,1473,8457,12.0000,3
14724,1473,12660,4.0000,4
14725,1473,6744,4.0000,5
14726,1473,6416,9.0000,6
14727,1473,16805,8.0000,7
14728,1473,10525,12.0000,8
14729,1473,24458,12.0000,9
14730,1473,19769,6.0000,10
14731,1474,15773,3.0000,1
14732,1474,16917,10.0000,2
14733,1474,27204,5.0000,3
14734,1474,22450,8.0000,4
14735,1474,1730,1.0000,5
14736,1474,12815,1.0000,6
14737,1474,19352,12.0000,7
14738,1474,18168,19.0000,8
14739,1474,868,19.0000,9
14740,1474,27374,10.0000,10
14741,1475,12681,6.0000,1
14742,1475,4625,3.0000,2
14743,1475,13788,12.0000,3
14744,1475,12087,7.0000,4
14745,1475,28824,10.0000,5
14746,1475,27144,5.0000,6
14747,1475,694,2.0000,7
14748,1475,12212,4.0000,8
14749,1475,14942,4.0000,9
14750,1475,21457,7.0000,10
14751,1476,20541,3.0000,1
14752,1476,1892,11.0000,2
14753,1476,2620,3.0000,3
14754,1476,4947,7.0000,4
14755,1476,25213,17.0000,5
14756,1476,29435,1.0000,6
14757,1476,15472,20.0000,7
14758,1476,23279,10.0000,8
14759,1476,22460,20.0000,9
14760,1476,20638,5.0000,10
14761,1477,24979,14.0000,1
14762,1477,5614,9.0000,2
14763,1477,26954,20.0000,3
14764,1477,28109,20.0000,4
14765,1477,16709,1.0000,5
14766,1477,561,20.0000,6
14767,1477,4699,10.0000,7
14768,1477,15863,9.0000,8
14769,1477,24405,9.0000,9
14770,1477,23328,2.0000,10
14771,1478,11101,8.0000,1
14772,1478,15487,20.0000,2
14773,1478,3384,8.0000,3
14774,1478,29583,18.0000,4
14775,1478,4448,20.0000,5
14776,1478,20313,1.0000,6
14777,1478,2794,11.0000,7
14778,1478,10890,17.0000,8
14779,1478,25904,13.0000,9
14780,1478,1062,1.0000,10
14781,1479,16856,2.0000,1
14782,1479,21914,6.0000,2
14783,1479,14446,13.0000,3
14784,1479,7334,20.0000,4
14785,1479,26193,19.0000,5
14786,1479,10968,4.0000,6
14787,1479,27722,15.0000,7
14788,1479,18862,14.0000,8
14789,1479,19351,16.0000,9
14790,1479,6015,18.0000,10
14791,1480,1515,13.0000,1
14792,1480,16597,2.0000,2
14793,1480,9314,2.0000,3
14794,1480,15247,15.0000,4
14795,1480,7852,19.0000,5
14796,1480,11157,16.0000,6
14797,1480,20314,1.0000,7
14798,1480,14092,14.0000,8
14799,1480,20653,10.0000,9
14800,1480,9820,11.0000,10
14801,1481,3092,17.0000,1
14802,1481,16570,19.0000,2
14803,1481,21097,13.0000,3
14804,1481,16302,7.0000,4
14805,1481,26903,6.0000,5
14806,1481,28418,4.0000,6
14807,1481,5168,15.0000,7
14808,1481,21404,3.0000,8
14809,1481,18985,16.0000,9
14810,1481,477,1.0000,10
14811,1482,25799,1.0000,1
14812,1482,11922,7.0000,2
14813,1482,14514,17.0000,3
14814,1482,15482,18.0000,4
14815,1482,3725,6.0000,5
14816,1482,9687,6.0000,6
14817,1482,28359,13.0000,7
14818,1482,11197,5.0000,8
14819,1482,24512,5.0000,9
14820,1482,29852,2.0000,10
14821,1483,18057,4.0000,1
14822,1483,15916,7.0000,2
14823,1483,28109,18.0000,3
14824,1483,6926,17.0000,4
14825,1483,17960,18.0000,5
14826,1483,14743,14.0000,6
14827,1483,10898,19.0000,7
14828,1483,3560,12.0000,8
14829,1483,2331,13.0000,9
14830,1483,21869,14.0000,10
14831,1484,23582,10.0000,1
14832,1484,13285,8.0000,2
14833,1484,14746,16.0000,3
14834,1484,1362,9.0000,4
14835,1484,13994,3.0000,5
14836,1484,385,8.0000,6
14837,1484,23925,13.0000,7
14838,1484,27644,10.0000,8
14839,1484,19668,10.0000,9
14840,1484,28645,10.0000,10
14841,1485,21093,20.0000,1
14842,1485,21980,17.0000,2
14843,1485,17968,16.0000,3
14844,1485,19833,4.0000,4
14845,1485,20898,9.0000,5
14846,1485,10988,16.0000,6
14847,1485,11975,20.0000,7
14848,1485,26626,2.0000,8
14849,1485,2448,4.0000,9
14850,1485,5729,2.0000,10
14851,1486,9928,19.0000,1
14852,1486,11865,3.0000,2
14853,1486,10461,6.0000,3
14854,1486,1969,8.0000,4
14855,1486,13724,14.0000,5
14856,1486,1223,3.0000,6
14857,1486,28723,16.0000,7
14858,1486,837,7.0000,8
14859,1486,11877,9.0000,9
14860,1486,28445,3.0000,10
14861,1487,1960,14.0000,1
14862,1487,15345,1.0000,2
14863,1487,3759,5.0000,3
14864,1487,9419,10.0000,4
14865,1487,24299,9.0000,5
14866,1487,18301,3.0000,6
14867,1487,8868,16.0000,7
14868,1487,26488,12.0000,8
14869,1487,17713,9.0000,9
14870,1487,10368,13.0000,10
14871,1488,3283,15.0000,1
14872,1488,27414,6.0000,2
14873,1488,5953,15.0000,3
14874,1488,97,14.0000,4
14875,1488,25676,8.0000,5
14876,1488,3124,18.0000,6
14877,1488,2050,6.0000,7
14878,1488,14756,7.0000,8
14879,1488,7889,12.0000,9
14880,1488,26346,5.0000,10
14881,1489,20565,1.0000,1
14882,1489,25604,1.0000,2
14883,1489,534,4.0000,3
14884,1489,17296,14.0000,4
14885,1489,11742,6.0000,5
14886,1489,27053,14.0000,6
14887,1489,16125,18.0000,7
14888,1489,18724,14.0000,8
14889,1489,1745,8.0000,9
14890,1489,25533,6.0000,10
14891,1490,11971,3.0000,1
14892,1490,10377,10.0000,2
14893,1490,11887,13.0000,3
14894,1490,3280,7.0000,4
14895,1490,8102,7.0000,5
14896,1490,20316,8.0000,6
14897,1490,23980,10.0000,7
14898,1490,19966,1.0000,8
14899,1490,20850,18.0000,9
14900,1490,11299,1.0000,10
14901,1491,9752,8.0000,1
14902,1491,8288,13.0000,2
14903,1491,285,3.0000,3
14904,1491,20568,11.0000,4
14905,1491,29468,16.0000,5
14906,1491,16053,9.0000,6
14907,1491,25967,1.0000,7
14908,1491,8892,6.0000,8
14909,1491,14853,20.0000,9
14910,1491,5263,19.0000,10
14911,1492,4544,20.0000,1
14912,1492,11220,5.0000,2
14913,1492,4313,12.0000,3
14914,1492,20681,1.0000,4
14915,1492,1512,1.0000,5
14916,1492,18306,19.0000,6
14917,1492,14415,11.0000,7
14918,1492,25271,19.0000,8
14919,1492,2922,10.0000,9
14920,1492,8611,12.0000,10
14921,1493,17945,4.0000,1
14922,1493,5111,2.0000,2
14923,1493,25243,20.0000,3
14924,1493,19107,13.0000,4
14925,1493,12997,4.0000,5
14926,1493,25227,13.0000,6
14927,1493,5214,8.0000,7
14928,1493,24477,5.0000,8
14929,1493,25803,7.0000,9
14930,1493,2078,1.0000,10
14931,1494,12250,20.0000,1
14932,1494,25893,15.0000,2
14933,1494,26281,3.0000,3
14934,1494,5285,18.0000,4
14935,1494,10880,18.0000,5
14936,1494,214,20.0000,6
14937,1494,5325,16.0000,7
14938,1494,4127,16.0000,8
14939,1494,20534,11.0000,9
14940,1494,23512,1.0000,10
14941,1495,11330,14.0000,1
14942,1495,6054,1.0000,2
14943,1495,11652,10.0000,3
14944,1495,15848,2.0000,4
14945,1495,25533,16.0000,5
14946,1495,3641,11.0000,6
14947,1495,15237,1.0000,7
14948,1495,1582,6.0000,8
14949,1495,9013,4.0000,9
14950,1495,571,10.0000,10
14951,1496,17389,10.0000,1
14952,1496,26563,10.0000,2
14953,1496,12996,15.0000,3
14954,1496,11509,17.0000,4
14955,1496,9893,5.0000,5
14956,1496,11809,12.0000,6
14957,1496,2381,1.0000,7
14958,1496,14301,3.0000,8
14959,1496,3307,15.0000,9
14960,1496,4274,17.0000,10
14961,1497,12482,19.0000,1
14962,1497,14630,7.0000,2
14963,1497,4998,5.0000,3
14964,1497,2655,2.0000,4
14965,1497,27442,14.0000,5
14966,1497,7504,16.0000,6
14967,1497,12093,12.0000,7
14968,1497,12870,9.0000,8
14969,1497,17255,15.0000,9
14970,1497,14426,20.0000,10
14971,1498,23070,13.0000,1
14972,1498,11744,16.0000,2
14973,1498,25188,1.0000,3
14974,1498,29326,5.0000,4
14975,1498,3106,11.0000,5
14976,1498,8948,16.0000,6
14977,1498,9937,1.0000,7
14978,1498,636,16.0000,8
14979,1498,17142,3.0000,9
14980,1498,17984,16.0000,10
14981,1499,25097,19.0000,1
14982,1499,4234,12.0000,2
14983,1499,23002,7.0000,3
14984,1499,25227,5.0000,4
14985,1499,499,15.0000,5
14986,1499,25853,12.0000,6
14987,1499,11633,20.0000,7
14988,1499,19227,10.0000,8
14989,1499,6044,19.0000,9
14990,1499,29662,20.0000,10
14991,1500,10617,18.0000,1
14992,1500,18252,4.0000,2
14993,1500,8679,11.0000,3
14994,1500,12723,11.0000,4
14995,1500,454,20.0000,5
14996,1500,26978,18.0000,6
14997,1500,22235,13.0000,7
14998,1500,2746,4.0000,8
14999,1500,20332,2.0000,9
15000,1500,5011,7.0000,10
