PO_ID,PO_NUMBER,SUPPLIER_ID,PLANT_ID,ORDER_DATE,CURRENCY_CODE,STATUS
1,PO-0000001,495,2,2025-01-19,USD,RECEIVED
2,PO-0000002,443,2,2023-05-19,USD,RECEIVED
3,PO-0000003,485,1,2024-06-28,USD,RECEIVED
4,PO-0000004,59,8,2025-06-13,USD,RECEIVED
5,PO-0000005,140,5,2026-08-22,USD,OPEN
6,PO-0000006,15,9,2023-06-04,USD,RECEIVED
7,PO-0000007,108,7,2024-06-26,USD,RECEIVED
8,PO-0000008,390,11,2024-03-14,USD,RECEIVED
9,PO-0000009,235,9,2025-04-01,USD,RECEIVED
10,PO-0000010,353,5,2025-07-18,USD,RECEIVED
11,PO-0000011,394,8,2024-04-04,USD,RECEIVED
12,PO-0000012,199,11,2026-02-07,USD,RECEIVED
13,PO-0000013,24,12,2024-05-11,USD,RECEIVED
14,PO-0000014,61,8,2023-04-14,USD,PARTIAL
15,PO-0000015,161,5,2023-07-17,USD,RECEIVED
16,PO-0000016,441,7,2024-11-29,USD,PARTIAL
17,PO-0000017,146,3,2024-02-07,USD,RECEIVED
18,PO-0000018,454,9,2024-05-02,USD,RECEIVED
19,PO-0000019,271,2,2025-08-26,USD,RECEIVED
20,PO-0000020,471,1,2026-01-03,USD,RECEIVED
21,PO-0000021,414,10,2025-11-12,USD,CANCELLED
22,PO-0000022,228,7,2024-02-25,USD,RECEIVED
23,PO-0000023,366,12,2025-09-16,USD,RECEIVED
24,PO-0000024,484,6,2026-07-09,USD,RECEIVED
25,PO-0000025,363,1,2023-10-10,USD,OPEN
26,PO-0000026,392,4,2025-12-16,USD,RECEIVED
27,PO-0000027,440,11,2025-08-26,USD,OPEN
28,PO-0000028,344,1,2023-12-17,USD,CANCELLED
29,PO-0000029,10,3,2025-11-24,USD,RECEIVED
30,PO-0000030,403,1,2024-12-24,USD,RECEIVED
31,PO-0000031,17,8,2023-07-21,USD,RECEIVED
32,PO-0000032,260,6,2025-01-03,USD,RECEIVED
33,PO-0000033,16,9,2024-09-30,USD,RECEIVED
34,PO-0000034,258,2,2023-08-12,USD,RECEIVED
35,PO-0000035,103,9,2024-03-21,USD,CANCELLED
36,PO-0000036,472,9,2024-03-22,USD,CANCELLED
37,PO-0000037,265,5,2023-01-02,USD,CANCELLED
38,PO-0000038,460,3,2026-04-20,USD,RECEIVED
39,PO-0000039,420,1,2026-08-17,USD,RECEIVED
40,PO-0000040,35,1,2023-12-31,USD,OPEN
41,PO-0000041,6,8,2026-04-09,USD,CANCELLED
42,PO-0000042,217,5,2025-10-30,USD,OPEN
43,PO-0000043,327,1,2023-09-08,USD,RECEIVED
44,PO-0000044,178,4,2026-06-10,USD,RECEIVED
45,PO-0000045,297,4,2023-03-17,USD,RECEIVED
46,PO-0000046,471,10,2024-02-13,USD,RECEIVED
47,PO-0000047,118,8,2023-06-05,USD,RECEIVED
48,PO-0000048,335,7,2026-04-02,USD,RECEIVED
49,PO-0000049,345,6,2025-04-02,USD,RECEIVED
50,PO-0000050,58,8,2024-12-06,USD,RECEIVED
51,PO-0000051,427,8,2025-05-14,USD,RECEIVED
52,PO-0000052,210,11,2024-10-20,USD,RECEIVED
53,PO-0000053,401,6,2023-08-21,USD,CANCELLED
54,PO-0000054,19,2,2024-12-20,USD,RECEIVED
55,PO-0000055,207,3,2024-06-18,USD,RECEIVED
56,PO-0000056,307,4,2023-02-07,USD,RECEIVED
57,PO-0000057,481,9,2025-10-11,USD,RECEIVED
58,PO-0000058,108,9,2024-10-30,USD,OPEN
59,PO-0000059,40,6,2026-04-10,USD,RECEIVED
60,PO-0000060,290,12,2026-09-28,USD,CANCELLED
61,PO-0000061,137,10,2024-08-14,USD,CANCELLED
62,PO-0000062,275,6,2023-09-14,USD,RECEIVED
63,PO-0000063,131,2,2024-05-05,USD,RECEIVED
64,PO-0000064,163,2,2024-01-27,USD,RECEIVED
65,PO-0000065,219,10,2025-11-14,USD,RECEIVED
66,PO-0000066,134,12,2024-10-26,USD,RECEIVED
67,PO-0000067,144,8,2024-09-11,USD,RECEIVED
68,PO-0000068,321,3,2024-04-22,USD,RECEIVED
69,PO-0000069,83,3,2025-04-23,USD,CANCELLED
70,PO-0000070,349,5,2024-07-30,USD,RECEIVED
71,PO-0000071,64,2,2023-03-17,USD,RECEIVED
72,PO-0000072,251,1,2023-04-19,USD,CANCELLED
73,PO-0000073,140,10,2025-07-03,USD,RECEIVED
74,PO-0000074,485,1,2025-08-26,USD,RECEIVED
75,PO-0000075,67,11,2023-10-16,USD,PARTIAL
76,PO-0000076,206,6,2026-01-19,USD,RECEIVED
77,PO-0000077,155,11,2026-03-24,USD,RECEIVED
78,PO-0000078,117,11,2023-07-30,USD,CANCELLED
79,PO-0000079,384,6,2026-07-09,USD,RECEIVED
80,PO-0000080,224,6,2023-04-20,USD,RECEIVED
81,PO-0000081,117,3,2023-07-24,USD,RECEIVED
82,PO-0000082,317,9,2023-11-27,USD,RECEIVED
83,PO-0000083,323,4,2025-02-04,USD,CANCELLED
84,PO-0000084,349,9,2024-12-01,USD,RECEIVED
85,PO-0000085,111,11,2026-04-25,USD,RECEIVED
86,PO-0000086,233,12,2023-03-01,USD,RECEIVED
87,PO-0000087,115,2,2023-09-10,USD,RECEIVED
88,PO-0000088,470,11,2023-07-24,USD,RECEIVED
89,PO-0000089,88,12,2026-03-19,USD,PARTIAL
90,PO-0000090,417,6,2024-05-21,USD,RECEIVED
91,PO-0000091,463,3,2025-04-11,USD,RECEIVED
92,PO-0000092,498,12,2025-10-21,USD,RECEIVED
93,PO-0000093,486,12,2023-09-28,USD,RECEIVED
94,PO-0000094,317,10,2025-06-09,USD,RECEIVED
95,PO-0000095,431,5,2025-01-06,USD,RECEIVED
96,PO-0000096,136,11,2024-08-17,USD,RECEIVED
97,PO-0000097,24,4,2026-07-21,USD,RECEIVED
98,PO-0000098,163,8,2023-12-05,USD,RECEIVED
99,PO-0000099,459,11,2023-04-19,USD,RECEIVED
100,PO-0000100,210,9,2025-11-29,USD,CANCELLED
101,PO-0000101,485,4,2025-09-07,USD,RECEIVED
102,PO-0000102,343,1,2023-02-17,USD,RECEIVED
103,PO-0000103,127,5,2023-02-04,USD,RECEIVED
104,PO-0000104,307,10,2025-07-09,USD,OPEN
105,PO-0000105,302,10,2025-04-08,USD,RECEIVED
106,PO-0000106,207,4,2023-08-17,USD,RECEIVED
107,PO-0000107,148,3,2023-03-02,USD,RECEIVED
108,PO-0000108,461,12,2023-09-08,USD,CANCELLED
109,PO-0000109,490,5,2023-10-11,USD,PARTIAL
110,PO-0000110,423,12,2025-02-27,USD,RECEIVED
111,PO-0000111,197,2,2023-11-23,USD,RECEIVED
112,PO-0000112,412,5,2026-07-28,USD,RECEIVED
113,PO-0000113,381,1,2026-01-20,USD,RECEIVED
114,PO-0000114,26,1,2024-04-03,USD,OPEN
115,PO-0000115,240,7,2026-05-25,USD,RECEIVED
116,PO-0000116,400,10,2024-09-26,USD,RECEIVED
117,PO-0000117,169,2,2025-03-14,USD,RECEIVED
118,PO-0000118,14,4,2025-02-05,USD,RECEIVED
119,PO-0000119,322,11,2024-11-19,USD,OPEN
120,PO-0000120,159,2,2024-09-07,USD,OPEN
121,PO-0000121,116,9,2024-12-15,USD,RECEIVED
122,PO-0000122,56,1,2025-03-30,USD,RECEIVED
123,PO-0000123,274,9,2025-12-22,USD,RECEIVED
124,PO-0000124,299,4,2023-07-31,USD,RECEIVED
125,PO-0000125,48,4,2025-11-29,USD,RECEIVED
126,PO-0000126,283,10,2025-06-04,USD,RECEIVED
127,PO-0000127,274,3,2024-12-25,USD,PARTIAL
128,PO-0000128,294,12,2024-04-06,USD,RECEIVED
129,PO-0000129,151,6,2023-06-11,USD,CANCELLED
130,PO-0000130,180,4,2026-08-23,USD,CANCELLED
131,PO-0000131,480,7,2024-03-02,USD,OPEN
132,PO-0000132,373,10,2024-12-21,USD,RECEIVED
133,PO-0000133,238,5,2023-10-16,USD,RECEIVED
134,PO-0000134,396,11,2024-07-23,USD,OPEN
135,PO-0000135,76,6,2024-03-28,USD,CANCELLED
136,PO-0000136,385,10,2024-02-02,USD,RECEIVED
137,PO-0000137,27,8,2026-02-24,USD,OPEN
138,PO-0000138,93,8,2023-11-16,USD,OPEN
139,PO-0000139,112,1,2023-05-24,USD,RECEIVED
140,PO-0000140,259,6,2025-06-18,USD,PARTIAL
141,PO-0000141,26,1,2024-09-14,USD,RECEIVED
142,PO-0000142,362,11,2024-10-18,USD,RECEIVED
143,PO-0000143,96,6,2026-01-20,USD,PARTIAL
144,PO-0000144,438,9,2025-04-22,USD,RECEIVED
145,PO-0000145,238,6,2023-12-11,USD,RECEIVED
146,PO-0000146,423,9,2025-07-06,USD,RECEIVED
147,PO-0000147,207,12,2023-01-19,USD,OPEN
148,PO-0000148,247,7,2024-07-24,USD,RECEIVED
149,PO-0000149,167,5,2024-04-19,USD,RECEIVED
150,PO-0000150,283,5,2026-08-01,USD,RECEIVED
151,PO-0000151,54,10,2024-03-06,USD,CANCELLED
152,PO-0000152,45,10,2025-06-19,USD,RECEIVED
153,PO-0000153,268,9,2024-07-07,USD,RECEIVED
154,PO-0000154,243,3,2023-07-25,USD,PARTIAL
155,PO-0000155,496,2,2024-01-29,USD,RECEIVED
156,PO-0000156,315,9,2025-01-07,USD,RECEIVED
157,PO-0000157,136,8,2023-10-06,USD,RECEIVED
158,PO-0000158,211,2,2024-01-25,USD,RECEIVED
159,PO-0000159,439,9,2023-08-31,USD,RECEIVED
160,PO-0000160,273,1,2024-12-27,USD,RECEIVED
161,PO-0000161,325,6,2025-11-12,USD,OPEN
162,PO-0000162,121,6,2024-02-12,USD,RECEIVED
163,PO-0000163,490,4,2023-01-04,USD,RECEIVED
164,PO-0000164,183,5,2023-11-05,USD,RECEIVED
165,PO-0000165,162,7,2023-03-30,USD,RECEIVED
166,PO-0000166,305,1,2024-05-15,USD,PARTIAL
167,PO-0000167,201,3,2025-03-05,USD,RECEIVED
168,PO-0000168,180,2,2024-08-12,USD,RECEIVED
169,PO-0000169,458,12,2026-06-18,USD,RECEIVED
170,PO-0000170,232,2,2023-03-08,USD,RECEIVED
171,PO-0000171,363,4,2023-07-26,USD,CANCELLED
172,PO-0000172,99,7,2025-10-16,USD,RECEIVED
173,PO-0000173,25,3,2025-04-09,USD,RECEIVED
174,PO-0000174,354,7,2026-09-26,USD,PARTIAL
175,PO-0000175,6,1,2025-04-28,USD,RECEIVED
176,PO-0000176,465,2,2023-04-16,USD,RECEIVED
177,PO-0000177,432,9,2025-07-31,USD,RECEIVED
178,PO-0000178,45,5,2025-11-05,USD,RECEIVED
179,PO-0000179,360,12,2024-07-22,USD,RECEIVED
180,PO-0000180,392,8,2024-11-17,USD,RECEIVED
181,PO-0000181,446,10,2026-08-02,USD,RECEIVED
182,PO-0000182,475,2,2025-12-16,USD,RECEIVED
183,PO-0000183,160,5,2026-04-24,USD,OPEN
184,PO-0000184,92,4,2024-04-29,USD,RECEIVED
185,PO-0000185,390,1,2025-06-18,USD,OPEN
186,PO-0000186,450,10,2023-01-21,USD,RECEIVED
187,PO-0000187,46,7,2024-06-04,USD,PARTIAL
188,PO-0000188,392,5,2026-07-06,USD,RECEIVED
189,PO-0000189,24,4,2026-07-25,USD,RECEIVED
190,PO-0000190,445,4,2023-01-14,USD,CANCELLED
191,PO-0000191,439,1,2025-01-02,USD,PARTIAL
192,PO-0000192,359,12,2024-10-16,USD,OPEN
193,PO-0000193,311,4,2025-07-22,USD,RECEIVED
194,PO-0000194,201,4,2026-02-16,USD,RECEIVED
195,PO-0000195,433,9,2023-08-07,USD,RECEIVED
196,PO-0000196,279,2,2026-03-18,USD,OPEN
197,PO-0000197,299,3,2023-10-03,USD,RECEIVED
198,PO-0000198,38,9,2026-09-03,USD,RECEIVED
199,PO-0000199,290,10,2023-08-26,USD,RECEIVED
200,PO-0000200,102,6,2025-09-30,USD,RECEIVED
201,PO-0000201,70,1,2023-05-17,USD,OPEN
202,PO-0000202,222,9,2024-09-21,USD,RECEIVED
203,PO-0000203,441,5,2023-06-11,USD,CANCELLED
204,PO-0000204,37,9,2025-07-27,USD,RECEIVED
205,PO-0000205,160,7,2024-02-09,USD,PARTIAL
206,PO-0000206,372,10,2023-05-16,USD,RECEIVED
207,PO-0000207,318,12,2023-08-19,USD,RECEIVED
208,PO-0000208,319,10,2026-03-02,USD,RECEIVED
209,PO-0000209,359,11,2025-07-09,USD,RECEIVED
210,PO-0000210,336,12,2024-03-17,USD,RECEIVED
211,PO-0000211,171,11,2025-02-19,USD,RECEIVED
212,PO-0000212,378,4,2024-08-18,USD,RECEIVED
213,PO-0000213,408,5,2023-09-07,USD,RECEIVED
214,PO-0000214,447,7,2024-03-29,USD,CANCELLED
215,PO-0000215,94,11,2023-07-23,USD,CANCELLED
216,PO-0000216,13,9,2026-07-23,USD,CANCELLED
217,PO-0000217,399,8,2025-04-27,USD,PARTIAL
218,PO-0000218,435,1,2024-11-11,USD,RECEIVED
219,PO-0000219,339,10,2025-02-07,USD,CANCELLED
220,PO-0000220,228,10,2023-05-12,USD,CANCELLED
221,PO-0000221,136,11,2024-03-04,USD,RECEIVED
222,PO-0000222,281,6,2024-06-01,USD,OPEN
223,PO-0000223,436,2,2026-04-07,USD,RECEIVED
224,PO-0000224,352,5,2025-09-24,USD,RECEIVED
225,PO-0000225,154,7,2023-12-02,USD,RECEIVED
226,PO-0000226,477,4,2024-10-14,USD,OPEN
227,PO-0000227,120,5,2026-08-06,USD,RECEIVED
228,PO-0000228,129,5,2025-12-27,USD,OPEN
229,PO-0000229,52,5,2023-06-24,USD,RECEIVED
230,PO-0000230,198,2,2025-08-18,USD,RECEIVED
231,PO-0000231,429,6,2023-10-11,USD,RECEIVED
232,PO-0000232,120,5,2026-03-20,USD,OPEN
233,PO-0000233,248,10,2026-07-21,USD,CANCELLED
234,PO-0000234,130,8,2025-05-05,USD,CANCELLED
235,PO-0000235,467,9,2025-05-24,USD,RECEIVED
236,PO-0000236,410,8,2025-02-26,USD,CANCELLED
237,PO-0000237,67,3,2024-11-08,USD,RECEIVED
238,PO-0000238,166,11,2025-08-01,USD,RECEIVED
239,PO-0000239,478,8,2025-08-19,USD,RECEIVED
240,PO-0000240,409,6,2023-05-01,USD,RECEIVED
241,PO-0000241,216,12,2025-01-31,USD,PARTIAL
242,PO-0000242,201,8,2025-09-30,USD,RECEIVED
243,PO-0000243,385,7,2023-06-25,USD,RECEIVED
244,PO-0000244,266,2,2025-11-17,USD,RECEIVED
245,PO-0000245,359,2,2024-09-01,USD,RECEIVED
246,PO-0000246,476,2,2023-08-07,USD,RECEIVED
247,PO-0000247,310,1,2025-10-10,USD,RECEIVED
248,PO-0000248,214,7,2026-05-27,USD,RECEIVED
249,PO-0000249,279,5,2023-09-03,USD,RECEIVED
250,PO-0000250,260,2,2025-04-09,USD,RECEIVED
251,PO-0000251,28,1,2024-09-17,USD,RECEIVED
252,PO-0000252,400,12,2023-10-13,USD,RECEIVED
253,PO-0000253,267,5,2024-09-07,USD,RECEIVED
254,PO-0000254,95,7,2024-01-04,USD,CANCELLED
255,PO-0000255,101,3,2025-09-27,USD,RECEIVED
256,PO-0000256,67,10,2026-03-08,USD,OPEN
257,PO-0000257,444,8,2023-05-13,USD,RECEIVED
258,PO-0000258,267,10,2024-10-09,USD,RECEIVED
259,PO-0000259,396,4,2024-12-15,USD,RECEIVED
260,PO-0000260,215,5,2026-03-30,USD,RECEIVED
261,PO-0000261,132,11,2026-07-14,USD,CANCELLED
262,PO-0000262,171,12,2023-01-28,USD,PARTIAL
263,PO-0000263,426,6,2026-01-02,USD,CANCELLED
264,PO-0000264,254,5,2023-03-08,USD,RECEIVED
265,PO-0000265,274,11,2024-10-29,USD,RECEIVED
266,PO-0000266,174,4,2023-04-22,USD,RECEIVED
267,PO-0000267,179,8,2023-10-07,USD,OPEN
268,PO-0000268,227,4,2025-02-05,USD,RECEIVED
269,PO-0000269,448,5,2024-01-30,USD,RECEIVED
270,PO-0000270,323,12,2023-11-10,USD,RECEIVED
271,PO-0000271,379,9,2026-06-02,USD,RECEIVED
272,PO-0000272,53,7,2025-04-22,USD,CANCELLED
273,PO-0000273,309,11,2025-09-18,USD,RECEIVED
274,PO-0000274,316,12,2024-07-31,USD,RECEIVED
275,PO-0000275,361,6,2023-04-13,USD,RECEIVED
276,PO-0000276,51,5,2025-09-24,USD,RECEIVED
277,PO-0000277,59,5,2025-01-29,USD,RECEIVED
278,PO-0000278,440,8,2023-08-14,USD,PARTIAL
279,PO-0000279,56,12,2024-03-27,USD,RECEIVED
280,PO-0000280,60,5,2025-02-13,USD,RECEIVED
281,PO-0000281,418,7,2025-10-04,USD,CANCELLED
282,PO-0000282,296,3,2023-04-24,USD,RECEIVED
283,PO-0000283,39,11,2023-02-06,USD,RECEIVED
284,PO-0000284,356,10,2023-02-13,USD,PARTIAL
285,PO-0000285,466,9,2023-07-09,USD,RECEIVED
286,PO-0000286,62,8,2025-06-23,USD,RECEIVED
287,PO-0000287,255,3,2026-09-07,USD,RECEIVED
288,PO-0000288,80,11,2025-04-10,USD,RECEIVED
289,PO-0000289,407,9,2026-09-25,USD,RECEIVED
290,PO-0000290,472,3,2025-06-19,USD,RECEIVED
291,PO-0000291,362,8,2025-11-09,USD,CANCELLED
292,PO-0000292,81,10,2023-09-04,USD,RECEIVED
293,PO-0000293,412,1,2026-09-04,USD,RECEIVED
294,PO-0000294,306,7,2023-12-29,USD,RECEIVED
295,PO-0000295,60,10,2023-01-06,USD,RECEIVED
296,PO-0000296,266,4,2026-09-16,USD,RECEIVED
297,PO-0000297,133,12,2023-06-05,USD,CANCELLED
298,PO-0000298,243,8,2023-07-16,USD,CANCELLED
299,PO-0000299,335,7,2024-04-01,USD,RECEIVED
300,PO-0000300,118,1,2023-11-12,USD,RECEIVED
301,PO-0000301,483,1,2023-05-07,USD,OPEN
302,PO-0000302,247,2,2026-03-20,USD,RECEIVED
303,PO-0000303,56,12,2023-05-16,USD,RECEIVED
304,PO-0000304,484,6,2026-08-18,USD,CANCELLED
305,PO-0000305,303,12,2023-04-04,USD,RECEIVED
306,PO-0000306,338,1,2023-10-10,USD,RECEIVED
307,PO-0000307,448,1,2023-02-06,USD,RECEIVED
308,PO-0000308,154,8,2025-01-14,USD,RECEIVED
309,PO-0000309,179,3,2023-10-22,USD,OPEN
310,PO-0000310,494,6,2024-02-16,USD,CANCELLED
311,PO-0000311,480,10,2026-06-29,USD,RECEIVED
312,PO-0000312,357,2,2023-09-09,USD,RECEIVED
313,PO-0000313,366,2,2023-12-29,USD,RECEIVED
314,PO-0000314,198,5,2025-01-01,USD,RECEIVED
315,PO-0000315,495,7,2025-05-25,USD,RECEIVED
316,PO-0000316,483,5,2026-09-27,USD,RECEIVED
317,PO-0000317,292,7,2026-09-25,USD,RECEIVED
318,PO-0000318,291,8,2026-01-20,USD,RECEIVED
319,PO-0000319,134,5,2023-02-15,USD,PARTIAL
320,PO-0000320,282,6,2025-09-22,USD,RECEIVED
321,PO-0000321,8,10,2024-05-12,USD,OPEN
322,PO-0000322,159,4,2025-10-26,USD,RECEIVED
323,PO-0000323,171,3,2025-12-21,USD,RECEIVED
324,PO-0000324,108,11,2024-04-27,USD,CANCELLED
325,PO-0000325,127,9,2023-06-18,USD,CANCELLED
326,PO-0000326,225,8,2025-11-16,USD,PARTIAL
327,PO-0000327,393,8,2024-06-28,USD,RECEIVED
328,PO-0000328,309,9,2025-10-24,USD,RECEIVED
329,PO-0000329,338,11,2024-08-24,USD,RECEIVED
330,PO-0000330,302,6,2024-09-25,USD,RECEIVED
331,PO-0000331,388,1,2025-12-22,USD,PARTIAL
332,PO-0000332,86,4,2024-02-25,USD,RECEIVED
333,PO-0000333,404,8,2026-06-19,USD,OPEN
334,PO-0000334,452,9,2025-06-25,USD,RECEIVED
335,PO-0000335,26,1,2023-01-31,USD,RECEIVED
336,PO-0000336,59,11,2025-07-12,USD,OPEN
337,PO-0000337,472,9,2025-04-12,USD,RECEIVED
338,PO-0000338,487,1,2024-10-31,USD,PARTIAL
339,PO-0000339,100,10,2025-04-29,USD,RECEIVED
340,PO-0000340,470,5,2023-03-04,USD,RECEIVED
341,PO-0000341,126,8,2025-08-05,USD,RECEIVED
342,PO-0000342,165,9,2024-09-28,USD,RECEIVED
343,PO-0000343,125,5,2023-05-05,USD,RECEIVED
344,PO-0000344,180,4,2024-03-20,USD,RECEIVED
345,PO-0000345,4,5,2026-05-05,USD,RECEIVED
346,PO-0000346,28,11,2023-09-23,USD,OPEN
347,PO-0000347,117,11,2026-05-05,USD,RECEIVED
348,PO-0000348,131,5,2026-05-27,USD,PARTIAL
349,PO-0000349,338,3,2024-08-25,USD,RECEIVED
350,PO-0000350,126,9,2023-08-03,USD,RECEIVED
351,PO-0000351,424,5,2023-07-01,USD,RECEIVED
352,PO-0000352,73,5,2025-03-15,USD,RECEIVED
353,PO-0000353,186,2,2023-03-20,USD,RECEIVED
354,PO-0000354,412,2,2026-09-17,USD,CANCELLED
355,PO-0000355,78,5,2024-01-08,USD,RECEIVED
356,PO-0000356,118,7,2024-01-19,USD,RECEIVED
357,PO-0000357,232,2,2025-02-10,USD,OPEN
358,PO-0000358,17,6,2024-05-30,USD,OPEN
359,PO-0000359,443,6,2025-01-10,USD,RECEIVED
360,PO-0000360,395,12,2023-11-11,USD,RECEIVED
361,PO-0000361,228,8,2024-07-20,USD,RECEIVED
362,PO-0000362,136,5,2024-09-26,USD,RECEIVED
363,PO-0000363,24,11,2026-01-27,USD,OPEN
364,PO-0000364,242,6,2025-05-22,USD,CANCELLED
365,PO-0000365,211,3,2025-05-29,USD,RECEIVED
366,PO-0000366,255,9,2023-08-05,USD,RECEIVED
367,PO-0000367,372,12,2023-09-05,USD,PARTIAL
368,PO-0000368,27,11,2025-12-29,USD,PARTIAL
369,PO-0000369,208,2,2025-02-01,USD,RECEIVED
370,PO-0000370,454,2,2023-09-23,USD,OPEN
371,PO-0000371,283,8,2025-08-21,USD,RECEIVED
372,PO-0000372,332,3,2025-07-30,USD,RECEIVED
373,PO-0000373,188,2,2023-05-27,USD,RECEIVED
374,PO-0000374,364,12,2023-06-23,USD,RECEIVED
375,PO-0000375,394,3,2025-03-31,USD,RECEIVED
376,PO-0000376,175,5,2026-01-10,USD,RECEIVED
377,PO-0000377,406,1,2023-01-27,USD,CANCELLED
378,PO-0000378,208,2,2025-02-03,USD,PARTIAL
379,PO-0000379,177,3,2023-01-26,USD,RECEIVED
380,PO-0000380,89,10,2023-04-10,USD,CANCELLED
381,PO-0000381,145,12,2024-11-16,USD,RECEIVED
382,PO-0000382,21,9,2024-01-01,USD,CANCELLED
383,PO-0000383,463,2,2025-03-07,USD,PARTIAL
384,PO-0000384,95,7,2024-10-01,USD,RECEIVED
385,PO-0000385,36,1,2023-12-27,USD,RECEIVED
386,PO-0000386,24,8,2025-06-21,USD,CANCELLED
387,PO-0000387,121,8,2023-07-11,USD,RECEIVED
388,PO-0000388,178,11,2023-12-02,USD,OPEN
389,PO-0000389,379,6,2024-01-26,USD,RECEIVED
390,PO-0000390,460,7,2026-07-06,USD,PARTIAL
391,PO-0000391,495,9,2025-02-05,USD,CANCELLED
392,PO-0000392,404,2,2025-07-21,USD,PARTIAL
393,PO-0000393,206,6,2025-02-06,USD,RECEIVED
394,PO-0000394,284,1,2025-09-08,USD,PARTIAL
395,PO-0000395,10,11,2025-10-12,USD,RECEIVED
396,PO-0000396,471,10,2023-01-28,USD,RECEIVED
397,PO-0000397,18,1,2023-03-28,USD,RECEIVED
398,PO-0000398,156,5,2023-05-14,USD,RECEIVED
399,PO-0000399,233,6,2023-05-31,USD,CANCELLED
400,PO-0000400,144,9,2023-02-10,USD,RECEIVED
401,PO-0000401,247,4,2023-10-30,USD,OPEN
402,PO-0000402,257,9,2024-04-13,USD,PARTIAL
403,PO-0000403,42,9,2023-12-01,USD,RECEIVED
404,PO-0000404,450,6,2023-11-20,USD,RECEIVED
405,PO-0000405,435,11,2023-01-26,USD,RECEIVED
406,PO-0000406,51,2,2023-07-19,USD,RECEIVED
407,PO-0000407,270,7,2025-07-16,USD,RECEIVED
408,PO-0000408,477,6,2024-01-02,USD,RECEIVED
409,PO-0000409,37,11,2025-04-20,USD,PARTIAL
410,PO-0000410,487,9,2024-01-12,USD,RECEIVED
411,PO-0000411,170,1,2024-02-20,USD,CANCELLED
412,PO-0000412,253,4,2024-01-22,USD,PARTIAL
413,PO-0000413,486,1,2026-02-08,USD,OPEN
414,PO-0000414,125,11,2026-05-06,USD,RECEIVED
415,PO-0000415,262,11,2025-02-12,USD,RECEIVED
416,PO-0000416,64,5,2023-10-30,USD,RECEIVED
417,PO-0000417,308,4,2025-12-11,USD,RECEIVED
418,PO-0000418,446,10,2023-08-06,USD,RECEIVED
419,PO-0000419,408,11,2023-11-23,USD,RECEIVED
420,PO-0000420,282,2,2026-06-03,USD,OPEN
421,PO-0000421,46,4,2024-12-19,USD,OPEN
422,PO-0000422,100,6,2026-07-02,USD,RECEIVED
423,PO-0000423,153,5,2024-12-29,USD,CANCELLED
424,PO-0000424,76,2,2026-05-22,USD,RECEIVED
425,PO-0000425,234,1,2025-04-11,USD,RECEIVED
426,PO-0000426,187,3,2025-11-25,USD,OPEN
427,PO-0000427,376,10,2026-01-19,USD,RECEIVED
428,PO-0000428,474,8,2025-10-28,USD,RECEIVED
429,PO-0000429,6,12,2025-09-06,USD,RECEIVED
430,PO-0000430,310,8,2024-11-08,USD,RECEIVED
431,PO-0000431,109,4,2023-01-29,USD,RECEIVED
432,PO-0000432,105,2,2023-08-10,USD,RECEIVED
433,PO-0000433,448,2,2025-08-07,USD,RECEIVED
434,PO-0000434,359,4,2025-08-13,USD,RECEIVED
435,PO-0000435,42,6,2025-10-27,USD,RECEIVED
436,PO-0000436,143,4,2024-07-18,USD,RECEIVED
437,PO-0000437,404,8,2026-07-18,USD,RECEIVED
438,PO-0000438,459,3,2023-01-03,USD,RECEIVED
439,PO-0000439,244,6,2026-03-04,USD,RECEIVED
440,PO-0000440,90,4,2024-02-18,USD,RECEIVED
441,PO-0000441,52,10,2023-07-01,USD,RECEIVED
442,PO-0000442,329,4,2024-04-04,USD,RECEIVED
443,PO-0000443,149,11,2025-12-25,USD,PARTIAL
444,PO-0000444,185,7,2025-11-16,USD,RECEIVED
445,PO-0000445,202,5,2026-08-30,USD,PARTIAL
446,PO-0000446,496,4,2024-03-05,USD,RECEIVED
447,PO-0000447,283,2,2025-01-18,USD,RECEIVED
448,PO-0000448,226,11,2024-12-31,USD,OPEN
449,PO-0000449,74,10,2025-11-09,USD,RECEIVED
450,PO-0000450,253,10,2025-03-30,USD,RECEIVED
451,PO-0000451,435,10,2025-05-27,USD,CANCELLED
452,PO-0000452,265,3,2026-05-15,USD,RECEIVED
453,PO-0000453,203,2,2025-12-28,USD,RECEIVED
454,PO-0000454,267,3,2024-04-01,USD,RECEIVED
455,PO-0000455,98,5,2023-10-14,USD,RECEIVED
456,PO-0000456,461,6,2025-04-05,USD,RECEIVED
457,PO-0000457,361,2,2025-03-20,USD,RECEIVED
458,PO-0000458,59,2,2023-10-01,USD,RECEIVED
459,PO-0000459,159,1,2024-12-04,USD,RECEIVED
460,PO-0000460,115,9,2025-04-15,USD,CANCELLED
461,PO-0000461,272,7,2024-06-11,USD,RECEIVED
462,PO-0000462,237,7,2025-06-09,USD,RECEIVED
463,PO-0000463,241,7,2023-05-29,USD,RECEIVED
464,PO-0000464,408,2,2025-11-07,USD,CANCELLED
465,PO-0000465,54,1,2024-08-30,USD,PARTIAL
466,PO-0000466,212,7,2024-08-14,USD,RECEIVED
467,PO-0000467,291,9,2026-06-09,USD,RECEIVED
468,PO-0000468,298,4,2024-08-01,USD,CANCELLED
469,PO-0000469,493,6,2024-12-17,USD,RECEIVED
470,PO-0000470,134,10,2026-04-12,USD,RECEIVED
471,PO-0000471,11,3,2025-03-14,USD,RECEIVED
472,PO-0000472,469,1,2025-07-05,USD,PARTIAL
473,PO-0000473,375,1,2024-03-16,USD,RECEIVED
474,PO-0000474,335,6,2026-09-17,USD,RECEIVED
475,PO-0000475,378,10,2024-08-22,USD,RECEIVED
476,PO-0000476,291,7,2024-04-13,USD,RECEIVED
477,PO-0000477,200,7,2026-01-09,USD,RECEIVED
478,PO-0000478,494,7,2024-04-15,USD,RECEIVED
479,PO-0000479,34,5,2023-07-24,USD,RECEIVED
480,PO-0000480,7,5,2025-11-30,USD,RECEIVED
481,PO-0000481,89,8,2024-05-01,USD,RECEIVED
482,PO-0000482,37,8,2026-01-01,USD,RECEIVED
483,PO-0000483,431,8,2026-06-16,USD,RECEIVED
484,PO-0000484,144,12,2025-02-11,USD,PARTIAL
485,PO-0000485,61,5,2025-07-21,USD,RECEIVED
486,PO-0000486,486,9,2025-03-06,USD,RECEIVED
487,PO-0000487,169,2,2024-11-23,USD,RECEIVED
488,PO-0000488,475,9,2025-11-04,USD,RECEIVED
489,PO-0000489,98,5,2024-08-08,USD,PARTIAL
490,PO-0000490,433,8,2023-03-29,USD,RECEIVED
491,PO-0000491,241,8,2023-12-01,USD,RECEIVED
492,PO-0000492,382,7,2025-01-09,USD,RECEIVED
493,PO-0000493,6,11,2026-04-07,USD,RECEIVED
494,PO-0000494,290,12,2026-03-16,USD,RECEIVED
495,PO-0000495,27,7,2023-04-04,USD,RECEIVED
496,PO-0000496,209,1,2024-07-14,USD,RECEIVED
497,PO-0000497,207,1,2026-08-09,USD,RECEIVED
498,PO-0000498,304,3,2023-08-05,USD,RECEIVED
499,PO-0000499,218,12,2026-09-04,USD,PARTIAL
500,PO-0000500,179,3,2024-04-01,USD,OPEN
501,PO-0000501,455,1,2024-05-13,USD,RECEIVED
502,PO-0000502,181,2,2025-09-28,USD,PARTIAL
503,PO-0000503,351,2,2023-02-28,USD,OPEN
504,PO-0000504,151,5,2024-09-30,USD,CANCELLED
505,PO-0000505,48,6,2025-04-22,USD,RECEIVED
506,PO-0000506,15,4,2025-04-04,USD,RECEIVED
507,PO-0000507,473,10,2023-03-05,USD,RECEIVED
508,PO-0000508,297,11,2023-11-14,USD,CANCELLED
509,PO-0000509,53,11,2023-08-13,USD,RECEIVED
510,PO-0000510,95,6,2025-10-03,USD,RECEIVED
511,PO-0000511,460,9,2026-01-11,USD,RECEIVED
512,PO-0000512,35,4,2023-07-23,USD,RECEIVED
513,PO-0000513,190,4,2023-06-06,USD,OPEN
514,PO-0000514,372,6,2026-06-01,USD,RECEIVED
515,PO-0000515,401,4,2026-05-14,USD,OPEN
516,PO-0000516,450,6,2026-09-23,USD,RECEIVED
517,PO-0000517,94,1,2026-03-18,USD,RECEIVED
518,PO-0000518,459,4,2023-01-06,USD,RECEIVED
519,PO-0000519,339,3,2024-03-31,USD,OPEN
520,PO-0000520,227,7,2024-11-27,USD,CANCELLED
521,PO-0000521,300,10,2024-09-07,USD,RECEIVED
522,PO-0000522,427,5,2025-07-06,USD,RECEIVED
523,PO-0000523,127,3,2024-10-02,USD,OPEN
524,PO-0000524,72,1,2024-10-11,USD,OPEN
525,PO-0000525,461,10,2025-10-25,USD,PARTIAL
526,PO-0000526,360,11,2024-05-17,USD,OPEN
527,PO-0000527,2,3,2023-08-25,USD,RECEIVED
528,PO-0000528,267,12,2023-10-16,USD,RECEIVED
529,PO-0000529,187,1,2023-01-11,USD,OPEN
530,PO-0000530,327,9,2024-09-28,USD,RECEIVED
531,PO-0000531,462,9,2026-08-22,USD,RECEIVED
532,PO-0000532,282,5,2024-04-06,USD,RECEIVED
533,PO-0000533,222,11,2024-01-10,USD,OPEN
534,PO-0000534,25,4,2026-06-23,USD,CANCELLED
535,PO-0000535,18,12,2025-10-04,USD,RECEIVED
536,PO-0000536,179,1,2024-08-22,USD,RECEIVED
537,PO-0000537,336,12,2026-04-26,USD,RECEIVED
538,PO-0000538,76,8,2024-07-30,USD,CANCELLED
539,PO-0000539,471,8,2024-02-02,USD,CANCELLED
540,PO-0000540,16,1,2024-02-13,USD,RECEIVED
541,PO-0000541,53,8,2023-09-17,USD,RECEIVED
542,PO-0000542,458,2,2025-10-08,USD,CANCELLED
543,PO-0000543,74,10,2025-02-12,USD,OPEN
544,PO-0000544,160,4,2023-03-20,USD,RECEIVED
545,PO-0000545,404,8,2023-12-05,USD,RECEIVED
546,PO-0000546,3,5,2026-03-10,USD,RECEIVED
547,PO-0000547,47,6,2025-08-15,USD,RECEIVED
548,PO-0000548,159,12,2024-04-09,USD,OPEN
549,PO-0000549,395,9,2026-03-29,USD,RECEIVED
550,PO-0000550,413,2,2026-06-17,USD,OPEN
551,PO-0000551,64,6,2026-06-13,USD,CANCELLED
552,PO-0000552,180,5,2023-02-08,USD,RECEIVED
553,PO-0000553,182,10,2024-12-29,USD,RECEIVED
554,PO-0000554,50,2,2023-09-10,USD,RECEIVED
555,PO-0000555,64,1,2025-04-27,USD,RECEIVED
556,PO-0000556,433,7,2026-01-28,USD,RECEIVED
557,PO-0000557,280,11,2023-03-20,USD,RECEIVED
558,PO-0000558,212,6,2024-12-12,USD,OPEN
559,PO-0000559,496,12,2024-03-02,USD,RECEIVED
560,PO-0000560,387,8,2025-06-27,USD,RECEIVED
561,PO-0000561,441,9,2025-09-20,USD,RECEIVED
562,PO-0000562,298,7,2025-01-03,USD,RECEIVED
563,PO-0000563,15,12,2024-04-04,USD,RECEIVED
564,PO-0000564,333,2,2026-01-03,USD,PARTIAL
565,PO-0000565,278,6,2024-04-08,USD,RECEIVED
566,PO-0000566,169,8,2024-06-16,USD,OPEN
567,PO-0000567,432,10,2026-09-28,USD,RECEIVED
568,PO-0000568,367,2,2024-09-12,USD,OPEN
569,PO-0000569,476,6,2025-10-12,USD,OPEN
570,PO-0000570,75,8,2025-09-03,USD,CANCELLED
571,PO-0000571,435,3,2024-04-30,USD,RECEIVED
572,PO-0000572,273,1,2024-08-16,USD,RECEIVED
573,PO-0000573,265,12,2024-10-27,USD,RECEIVED
574,PO-0000574,299,12,2025-01-05,USD,RECEIVED
575,PO-0000575,401,9,2026-08-12,USD,RECEIVED
576,PO-0000576,255,5,2025-09-13,USD,RECEIVED
577,PO-0000577,345,5,2025-03-02,USD,RECEIVED
578,PO-0000578,74,1,2024-09-27,USD,RECEIVED
579,PO-0000579,197,12,2023-01-31,USD,CANCELLED
580,PO-0000580,242,8,2023-09-11,USD,RECEIVED
581,PO-0000581,309,11,2026-01-10,USD,RECEIVED
582,PO-0000582,179,7,2025-07-09,USD,OPEN
583,PO-0000583,180,9,2026-08-06,USD,RECEIVED
584,PO-0000584,154,5,2025-10-10,USD,OPEN
585,PO-0000585,173,6,2026-07-24,USD,RECEIVED
586,PO-0000586,213,5,2024-08-10,USD,RECEIVED
587,PO-0000587,165,2,2024-02-27,USD,RECEIVED
588,PO-0000588,242,4,2024-04-16,USD,RECEIVED
589,PO-0000589,264,7,2026-01-14,USD,RECEIVED
590,PO-0000590,277,2,2025-07-26,USD,PARTIAL
591,PO-0000591,32,12,2023-11-22,USD,RECEIVED
592,PO-0000592,421,1,2026-05-13,USD,CANCELLED
593,PO-0000593,301,12,2024-02-12,USD,RECEIVED
594,PO-0000594,123,4,2024-09-10,USD,RECEIVED
595,PO-0000595,200,11,2024-01-04,USD,OPEN
596,PO-0000596,441,11,2024-02-20,USD,RECEIVED
597,PO-0000597,129,5,2025-11-04,USD,RECEIVED
598,PO-0000598,240,12,2024-09-30,USD,RECEIVED
599,PO-0000599,65,6,2023-07-20,USD,RECEIVED
600,PO-0000600,79,6,2026-05-16,USD,RECEIVED
601,PO-0000601,99,2,2026-09-23,USD,RECEIVED
602,PO-0000602,45,7,2024-09-06,USD,CANCELLED
603,PO-0000603,23,11,2025-07-21,USD,OPEN
604,PO-0000604,390,2,2026-03-31,USD,RECEIVED
605,PO-0000605,431,12,2024-03-27,USD,RECEIVED
606,PO-0000606,464,10,2023-09-06,USD,CANCELLED
607,PO-0000607,49,6,2025-01-16,USD,RECEIVED
608,PO-0000608,275,1,2026-01-11,USD,PARTIAL
609,PO-0000609,446,2,2023-09-03,USD,RECEIVED
610,PO-0000610,490,8,2023-01-09,USD,RECEIVED
611,PO-0000611,192,1,2025-01-31,USD,OPEN
612,PO-0000612,498,1,2026-02-28,USD,RECEIVED
613,PO-0000613,487,2,2026-04-29,USD,RECEIVED
614,PO-0000614,42,9,2026-01-09,USD,RECEIVED
615,PO-0000615,328,5,2024-04-29,USD,OPEN
616,PO-0000616,336,1,2025-05-05,USD,OPEN
617,PO-0000617,120,11,2024-08-08,USD,PARTIAL
618,PO-0000618,230,6,2025-05-21,USD,CANCELLED
619,PO-0000619,121,1,2024-06-06,USD,RECEIVED
620,PO-0000620,30,4,2024-01-30,USD,RECEIVED
621,PO-0000621,455,3,2025-07-11,USD,PARTIAL
622,PO-0000622,151,11,2023-09-15,USD,OPEN
623,PO-0000623,29,5,2026-03-04,USD,CANCELLED
624,PO-0000624,28,3,2025-02-12,USD,RECEIVED
625,PO-0000625,122,3,2025-08-21,USD,PARTIAL
626,PO-0000626,40,12,2023-02-13,USD,RECEIVED
627,PO-0000627,196,10,2024-06-30,USD,RECEIVED
628,PO-0000628,69,6,2026-03-07,USD,CANCELLED
629,PO-0000629,236,1,2024-04-18,USD,RECEIVED
630,PO-0000630,399,4,2025-01-30,USD,OPEN
631,PO-0000631,99,7,2025-10-31,USD,RECEIVED
632,PO-0000632,313,5,2024-02-07,USD,RECEIVED
633,PO-0000633,345,5,2024-09-05,USD,RECEIVED
634,PO-0000634,154,5,2026-04-01,USD,RECEIVED
635,PO-0000635,95,5,2024-06-17,USD,RECEIVED
636,PO-0000636,281,4,2025-06-03,USD,OPEN
637,PO-0000637,296,1,2023-08-23,USD,OPEN
638,PO-0000638,408,8,2024-03-19,USD,RECEIVED
639,PO-0000639,240,12,2023-10-05,USD,OPEN
640,PO-0000640,80,10,2025-12-10,USD,RECEIVED
641,PO-0000641,277,9,2023-11-18,USD,RECEIVED
642,PO-0000642,380,9,2023-02-24,USD,PARTIAL
643,PO-0000643,419,2,2023-12-19,USD,RECEIVED
644,PO-0000644,298,6,2026-08-24,USD,PARTIAL
645,PO-0000645,102,4,2025-07-31,USD,RECEIVED
646,PO-0000646,455,5,2025-12-02,USD,CANCELLED
647,PO-0000647,498,1,2026-05-18,USD,RECEIVED
648,PO-0000648,368,3,2026-02-18,USD,RECEIVED
649,PO-0000649,372,11,2026-09-04,USD,RECEIVED
650,PO-0000650,167,9,2023-09-21,USD,PARTIAL
651,PO-0000651,259,6,2025-08-01,USD,PARTIAL
652,PO-0000652,417,6,2024-02-01,USD,RECEIVED
653,PO-0000653,61,10,2026-04-02,USD,RECEIVED
654,PO-0000654,41,1,2023-06-23,USD,RECEIVED
655,PO-0000655,341,8,2026-05-13,USD,CANCELLED
656,PO-0000656,239,8,2023-11-16,USD,RECEIVED
657,PO-0000657,423,7,2023-06-12,USD,OPEN
658,PO-0000658,54,4,2024-12-25,USD,RECEIVED
659,PO-0000659,496,3,2023-04-03,USD,RECEIVED
660,PO-0000660,133,12,2025-11-14,USD,RECEIVED
661,PO-0000661,82,12,2024-04-30,USD,RECEIVED
662,PO-0000662,94,6,2025-04-20,USD,RECEIVED
663,PO-0000663,149,3,2025-05-26,USD,RECEIVED
664,PO-0000664,325,1,2024-11-21,USD,RECEIVED
665,PO-0000665,297,10,2023-04-08,USD,RECEIVED
666,PO-0000666,170,12,2024-05-16,USD,RECEIVED
667,PO-0000667,13,7,2023-01-30,USD,RECEIVED
668,PO-0000668,470,3,2026-05-15,USD,RECEIVED
669,PO-0000669,482,3,2023-01-13,USD,RECEIVED
670,PO-0000670,142,4,2025-02-28,USD,RECEIVED
671,PO-0000671,433,10,2023-09-10,USD,RECEIVED
672,PO-0000672,286,5,2024-08-25,USD,RECEIVED
673,PO-0000673,73,8,2025-02-03,USD,CANCELLED
674,PO-0000674,31,12,2026-02-01,USD,RECEIVED
675,PO-0000675,200,7,2023-04-27,USD,RECEIVED
676,PO-0000676,235,5,2023-12-01,USD,RECEIVED
677,PO-0000677,374,10,2023-09-21,USD,RECEIVED
678,PO-0000678,323,6,2025-07-17,USD,RECEIVED
679,PO-0000679,326,6,2023-12-12,USD,CANCELLED
680,PO-0000680,199,11,2024-04-27,USD,RECEIVED
681,PO-0000681,186,6,2024-09-09,USD,RECEIVED
682,PO-0000682,68,1,2025-12-08,USD,RECEIVED
683,PO-0000683,439,12,2023-07-15,USD,RECEIVED
684,PO-0000684,65,11,2023-09-02,USD,RECEIVED
685,PO-0000685,205,7,2024-01-06,USD,RECEIVED
686,PO-0000686,18,10,2026-09-10,USD,RECEIVED
687,PO-0000687,412,7,2026-05-18,USD,RECEIVED
688,PO-0000688,429,10,2023-02-26,USD,RECEIVED
689,PO-0000689,321,5,2026-08-30,USD,RECEIVED
690,PO-0000690,341,10,2024-10-05,USD,OPEN
691,PO-0000691,307,8,2026-08-09,USD,RECEIVED
692,PO-0000692,460,2,2024-09-23,USD,RECEIVED
693,PO-0000693,86,7,2023-12-17,USD,RECEIVED
694,PO-0000694,32,12,2025-07-22,USD,RECEIVED
695,PO-0000695,39,12,2026-03-25,USD,CANCELLED
696,PO-0000696,94,9,2025-12-28,USD,OPEN
697,PO-0000697,104,6,2025-01-18,USD,PARTIAL
698,PO-0000698,498,11,2023-07-22,USD,RECEIVED
699,PO-0000699,121,12,2025-11-26,USD,RECEIVED
700,PO-0000700,73,3,2023-07-27,USD,OPEN
701,PO-0000701,107,2,2026-05-13,USD,RECEIVED
702,PO-0000702,242,3,2023-02-03,USD,RECEIVED
703,PO-0000703,9,1,2025-07-10,USD,OPEN
704,PO-0000704,242,12,2023-01-07,USD,RECEIVED
705,PO-0000705,18,7,2025-06-14,USD,RECEIVED
706,PO-0000706,33,3,2024-10-24,USD,RECEIVED
707,PO-0000707,314,2,2026-01-15,USD,RECEIVED
708,PO-0000708,443,9,2024-03-09,USD,RECEIVED
709,PO-0000709,481,6,2023-11-25,USD,RECEIVED
710,PO-0000710,443,6,2023-01-01,USD,RECEIVED
711,PO-0000711,341,6,2023-03-19,USD,CANCELLED
712,PO-0000712,291,4,2023-08-25,USD,RECEIVED
713,PO-0000713,287,11,2025-02-08,USD,OPEN
714,PO-0000714,199,10,2023-08-22,USD,RECEIVED
715,PO-0000715,469,7,2025-12-02,USD,RECEIVED
716,PO-0000716,62,10,2025-03-23,USD,RECEIVED
717,PO-0000717,193,2,2026-01-17,USD,RECEIVED
718,PO-0000718,396,2,2025-08-11,USD,RECEIVED
719,PO-0000719,98,6,2024-01-25,USD,OPEN
720,PO-0000720,472,10,2024-03-07,USD,PARTIAL
721,PO-0000721,281,1,2023-02-20,USD,RECEIVED
722,PO-0000722,224,3,2026-08-28,USD,RECEIVED
723,PO-0000723,252,3,2025-08-31,USD,PARTIAL
724,PO-0000724,461,1,2023-05-26,USD,RECEIVED
725,PO-0000725,102,9,2024-01-20,USD,RECEIVED
726,PO-0000726,99,3,2023-12-03,USD,RECEIVED
727,PO-0000727,401,11,2023-06-22,USD,RECEIVED
728,PO-0000728,359,2,2025-10-19,USD,OPEN
729,PO-0000729,224,12,2024-04-22,USD,RECEIVED
730,PO-0000730,420,10,2025-08-30,USD,PARTIAL
731,PO-0000731,166,1,2024-07-19,USD,OPEN
732,PO-0000732,370,10,2024-04-15,USD,RECEIVED
733,PO-0000733,66,11,2025-04-07,USD,RECEIVED
734,PO-0000734,98,10,2025-08-25,USD,RECEIVED
735,PO-0000735,245,3,2025-06-10,USD,PARTIAL
736,PO-0000736,60,2,2024-07-11,USD,RECEIVED
737,PO-0000737,423,11,2026-09-18,USD,RECEIVED
738,PO-0000738,325,1,2025-10-02,USD,RECEIVED
739,PO-0000739,420,9,2023-01-27,USD,OPEN
740,PO-0000740,281,6,2025-04-19,USD,RECEIVED
741,PO-0000741,243,6,2025-03-25,USD,RECEIVED
742,PO-0000742,61,9,2023-07-28,USD,RECEIVED
743,PO-0000743,396,2,2026-04-15,USD,RECEIVED
744,PO-0000744,239,2,2025-06-26,USD,RECEIVED
745,PO-0000745,306,1,2025-06-03,USD,RECEIVED
746,PO-0000746,280,4,2023-07-29,USD,RECEIVED
747,PO-0000747,488,6,2026-06-22,USD,RECEIVED
748,PO-0000748,107,9,2025-10-15,USD,OPEN
749,PO-0000749,181,10,2025-12-21,USD,RECEIVED
750,PO-0000750,109,5,2026-02-20,USD,RECEIVED
751,PO-0000751,368,12,2024-02-08,USD,RECEIVED
752,PO-0000752,364,2,2024-02-18,USD,CANCELLED
753,PO-0000753,464,4,2024-11-09,USD,RECEIVED
754,PO-0000754,113,8,2026-01-13,USD,RECEIVED
755,PO-0000755,210,8,2025-01-19,USD,OPEN
756,PO-0000756,272,12,2023-01-24,USD,RECEIVED
757,PO-0000757,457,2,2026-02-13,USD,RECEIVED
758,PO-0000758,102,8,2026-05-13,USD,CANCELLED
759,PO-0000759,89,10,2026-04-06,USD,RECEIVED
760,PO-0000760,291,3,2023-02-06,USD,CANCELLED
761,PO-0000761,389,2,2025-02-18,USD,RECEIVED
762,PO-0000762,414,3,2023-01-01,USD,PARTIAL
763,PO-0000763,162,2,2023-01-03,USD,RECEIVED
764,PO-0000764,487,6,2025-04-15,USD,PARTIAL
765,PO-0000765,297,1,2026-09-21,USD,CANCELLED
766,PO-0000766,72,9,2023-07-03,USD,RECEIVED
767,PO-0000767,336,1,2023-03-27,USD,RECEIVED
768,PO-0000768,409,10,2023-11-09,USD,RECEIVED
769,PO-0000769,362,6,2025-02-15,USD,RECEIVED
770,PO-0000770,128,8,2024-04-23,USD,RECEIVED
771,PO-0000771,446,2,2025-08-20,USD,CANCELLED
772,PO-0000772,355,10,2024-12-31,USD,OPEN
773,PO-0000773,418,5,2024-02-10,USD,OPEN
774,PO-0000774,248,8,2026-07-04,USD,RECEIVED
775,PO-0000775,167,1,2023-01-10,USD,RECEIVED
776,PO-0000776,118,7,2025-05-06,USD,PARTIAL
777,PO-0000777,204,12,2023-08-13,USD,RECEIVED
778,PO-0000778,215,11,2026-04-16,USD,PARTIAL
779,PO-0000779,467,5,2023-01-27,USD,CANCELLED
780,PO-0000780,23,9,2026-04-20,USD,CANCELLED
781,PO-0000781,302,12,2023-06-21,USD,CANCELLED
782,PO-0000782,307,4,2024-11-19,USD,CANCELLED
783,PO-0000783,108,11,2025-12-24,USD,RECEIVED
784,PO-0000784,127,5,2026-01-25,USD,PARTIAL
785,PO-0000785,115,1,2024-08-12,USD,RECEIVED
786,PO-0000786,70,7,2024-03-04,USD,CANCELLED
787,PO-0000787,12,7,2023-02-13,USD,CANCELLED
788,PO-0000788,381,7,2026-01-02,USD,RECEIVED
789,PO-0000789,477,2,2024-08-20,USD,RECEIVED
790,PO-0000790,162,7,2024-03-10,USD,CANCELLED
791,PO-0000791,301,3,2023-05-15,USD,RECEIVED
792,PO-0000792,248,1,2025-02-21,USD,RECEIVED
793,PO-0000793,25,5,2023-06-29,USD,RECEIVED
794,PO-0000794,34,3,2025-04-24,USD,CANCELLED
795,PO-0000795,235,4,2023-02-06,USD,CANCELLED
796,PO-0000796,334,4,2023-06-25,USD,OPEN
797,PO-0000797,412,12,2026-04-26,USD,RECEIVED
798,PO-0000798,191,2,2026-04-12,USD,PARTIAL
799,PO-0000799,221,4,2025-02-24,USD,RECEIVED
800,PO-0000800,450,12,2025-04-10,USD,RECEIVED
801,PO-0000801,406,3,2024-01-24,USD,RECEIVED
802,PO-0000802,2,6,2026-03-02,USD,RECEIVED
803,PO-0000803,387,1,2025-11-26,USD,RECEIVED
804,PO-0000804,425,7,2025-06-05,USD,OPEN
805,PO-0000805,366,1,2023-01-26,USD,RECEIVED
806,PO-0000806,136,8,2023-06-07,USD,RECEIVED
807,PO-0000807,158,2,2024-03-06,USD,RECEIVED
808,PO-0000808,251,8,2026-01-19,USD,PARTIAL
809,PO-0000809,140,9,2025-04-13,USD,RECEIVED
810,PO-0000810,137,8,2023-03-09,USD,RECEIVED
811,PO-0000811,279,12,2026-01-06,USD,RECEIVED
812,PO-0000812,192,8,2024-08-28,USD,RECEIVED
813,PO-0000813,360,3,2025-05-16,USD,RECEIVED
814,PO-0000814,243,7,2024-05-04,USD,RECEIVED
815,PO-0000815,311,9,2025-09-18,USD,RECEIVED
816,PO-0000816,498,3,2026-02-27,USD,PARTIAL
817,PO-0000817,248,12,2024-10-07,USD,OPEN
818,PO-0000818,423,2,2026-08-30,USD,CANCELLED
819,PO-0000819,24,7,2023-03-26,USD,RECEIVED
820,PO-0000820,413,5,2024-02-12,USD,CANCELLED
821,PO-0000821,466,9,2023-08-01,USD,RECEIVED
822,PO-0000822,260,11,2023-01-18,USD,RECEIVED
823,PO-0000823,329,12,2023-04-04,USD,RECEIVED
824,PO-0000824,399,10,2026-03-21,USD,OPEN
825,PO-0000825,322,7,2026-09-18,USD,RECEIVED
826,PO-0000826,389,5,2024-05-24,USD,RECEIVED
827,PO-0000827,444,11,2025-08-17,USD,RECEIVED
828,PO-0000828,336,6,2023-06-25,USD,RECEIVED
829,PO-0000829,471,4,2023-08-31,USD,PARTIAL
830,PO-0000830,283,12,2026-02-09,USD,RECEIVED
831,PO-0000831,333,10,2026-04-08,USD,RECEIVED
832,PO-0000832,359,4,2024-02-21,USD,PARTIAL
833,PO-0000833,113,11,2024-09-15,USD,RECEIVED
834,PO-0000834,373,3,2024-09-12,USD,OPEN
835,PO-0000835,118,4,2025-06-13,USD,CANCELLED
836,PO-0000836,59,4,2025-03-13,USD,CANCELLED
837,PO-0000837,70,2,2024-07-04,USD,RECEIVED
838,PO-0000838,472,6,2023-07-05,USD,OPEN
839,PO-0000839,5,3,2023-07-27,USD,RECEIVED
840,PO-0000840,139,9,2024-09-12,USD,RECEIVED
841,PO-0000841,139,10,2023-07-29,USD,OPEN
842,PO-0000842,421,2,2023-11-07,USD,RECEIVED
843,PO-0000843,446,4,2023-05-06,USD,RECEIVED
844,PO-0000844,274,8,2023-07-01,USD,CANCELLED
845,PO-0000845,409,3,2023-08-18,USD,OPEN
846,PO-0000846,113,8,2023-04-28,USD,CANCELLED
847,PO-0000847,372,10,2026-08-14,USD,RECEIVED
848,PO-0000848,225,11,2023-04-02,USD,RECEIVED
849,PO-0000849,162,3,2023-05-12,USD,RECEIVED
850,PO-0000850,97,10,2023-12-04,USD,RECEIVED
851,PO-0000851,310,11,2026-01-14,USD,RECEIVED
852,PO-0000852,1,7,2025-11-12,USD,RECEIVED
853,PO-0000853,240,5,2024-03-17,USD,OPEN
854,PO-0000854,57,7,2026-01-28,USD,RECEIVED
855,PO-0000855,145,10,2024-10-14,USD,RECEIVED
856,PO-0000856,101,2,2024-09-27,USD,PARTIAL
857,PO-0000857,457,9,2023-04-24,USD,RECEIVED
858,PO-0000858,302,4,2026-03-27,USD,RECEIVED
859,PO-0000859,483,1,2024-10-02,USD,RECEIVED
860,PO-0000860,274,1,2025-05-15,USD,RECEIVED
861,PO-0000861,260,5,2025-03-01,USD,RECEIVED
862,PO-0000862,31,5,2025-07-23,USD,OPEN
863,PO-0000863,22,3,2025-06-16,USD,RECEIVED
864,PO-0000864,243,3,2024-09-30,USD,PARTIAL
865,PO-0000865,441,6,2025-12-20,USD,PARTIAL
866,PO-0000866,440,5,2024-11-29,USD,OPEN
867,PO-0000867,89,12,2023-04-27,USD,RECEIVED
868,PO-0000868,337,12,2023-12-30,USD,RECEIVED
869,PO-0000869,406,7,2026-06-10,USD,CANCELLED
870,PO-0000870,411,8,2025-09-04,USD,RECEIVED
871,PO-0000871,308,11,2025-11-10,USD,RECEIVED
872,PO-0000872,120,9,2025-01-24,USD,OPEN
873,PO-0000873,340,8,2023-02-22,USD,CANCELLED
874,PO-0000874,457,4,2025-12-01,USD,OPEN
875,PO-0000875,118,8,2024-04-06,USD,RECEIVED
876,PO-0000876,293,9,2024-02-12,USD,CANCELLED
877,PO-0000877,229,4,2024-10-22,USD,RECEIVED
878,PO-0000878,29,1,2024-04-22,USD,RECEIVED
879,PO-0000879,283,3,2025-02-15,USD,RECEIVED
880,PO-0000880,443,2,2025-04-07,USD,RECEIVED
881,PO-0000881,477,2,2026-02-14,USD,RECEIVED
882,PO-0000882,108,4,2026-03-20,USD,RECEIVED
883,PO-0000883,390,1,2023-03-02,USD,OPEN
884,PO-0000884,237,6,2023-10-28,USD,CANCELLED
885,PO-0000885,341,2,2024-02-28,USD,CANCELLED
886,PO-0000886,367,3,2023-05-18,USD,RECEIVED
887,PO-0000887,44,10,2026-06-28,USD,OPEN
888,PO-0000888,77,2,2023-11-17,USD,CANCELLED
889,PO-0000889,235,8,2023-06-04,USD,RECEIVED
890,PO-0000890,325,2,2023-03-01,USD,PARTIAL
891,PO-0000891,427,6,2026-09-17,USD,OPEN
892,PO-0000892,169,10,2023-03-01,USD,RECEIVED
893,PO-0000893,479,6,2025-09-15,USD,CANCELLED
894,PO-0000894,404,12,2026-01-08,USD,CANCELLED
895,PO-0000895,284,1,2024-11-13,USD,RECEIVED
896,PO-0000896,68,11,2025-11-01,USD,CANCELLED
897,PO-0000897,64,8,2024-11-05,USD,PARTIAL
898,PO-0000898,55,2,2025-05-28,USD,OPEN
899,PO-0000899,164,4,2026-04-06,USD,OPEN
900,PO-0000900,476,9,2023-09-16,USD,CANCELLED
901,PO-0000901,141,1,2024-08-20,USD,RECEIVED
902,PO-0000902,301,12,2023-04-09,USD,RECEIVED
903,PO-0000903,87,12,2026-04-09,USD,RECEIVED
904,PO-0000904,19,1,2025-08-03,USD,RECEIVED
905,PO-0000905,206,1,2023-01-11,USD,OPEN
906,PO-0000906,356,11,2026-01-09,USD,RECEIVED
907,PO-0000907,356,9,2026-01-11,USD,OPEN
908,PO-0000908,128,5,2026-03-27,USD,RECEIVED
909,PO-0000909,111,11,2025-04-14,USD,RECEIVED
910,PO-0000910,103,4,2025-05-21,USD,RECEIVED
911,PO-0000911,95,11,2024-05-11,USD,RECEIVED
912,PO-0000912,36,5,2024-04-29,USD,RECEIVED
913,PO-0000913,436,12,2025-08-20,USD,RECEIVED
914,PO-0000914,426,5,2023-12-06,USD,RECEIVED
915,PO-0000915,329,9,2024-08-04,USD,RECEIVED
916,PO-0000916,460,9,2025-02-06,USD,RECEIVED
917,PO-0000917,337,12,2023-08-17,USD,RECEIVED
918,PO-0000918,443,3,2023-09-26,USD,RECEIVED
919,PO-0000919,480,12,2024-11-16,USD,RECEIVED
920,PO-0000920,478,8,2025-01-27,USD,RECEIVED
921,PO-0000921,286,9,2024-12-15,USD,RECEIVED
922,PO-0000922,35,9,2023-12-30,USD,OPEN
923,PO-0000923,278,12,2025-01-24,USD,CANCELLED
924,PO-0000924,88,8,2024-07-18,USD,RECEIVED
925,PO-0000925,126,10,2026-01-16,USD,RECEIVED
926,PO-0000926,245,2,2026-06-21,USD,RECEIVED
927,PO-0000927,266,12,2023-01-05,USD,RECEIVED
928,PO-0000928,453,5,2024-03-19,USD,PARTIAL
929,PO-0000929,463,11,2023-05-22,USD,OPEN
930,PO-0000930,326,4,2023-09-19,USD,RECEIVED
931,PO-0000931,198,5,2025-03-04,USD,RECEIVED
932,PO-0000932,349,10,2024-10-05,USD,RECEIVED
933,PO-0000933,329,3,2026-01-18,USD,RECEIVED
934,PO-0000934,401,4,2025-10-29,USD,RECEIVED
935,PO-0000935,231,12,2025-12-09,USD,RECEIVED
936,PO-0000936,452,2,2024-12-27,USD,RECEIVED
937,PO-0000937,212,12,2023-04-20,USD,OPEN
938,PO-0000938,201,3,2024-02-29,USD,RECEIVED
939,PO-0000939,305,1,2024-10-10,USD,PARTIAL
940,PO-0000940,334,6,2026-08-04,USD,RECEIVED
941,PO-0000941,456,6,2023-05-09,USD,CANCELLED
942,PO-0000942,252,11,2025-03-06,USD,PARTIAL
943,PO-0000943,436,10,2024-05-14,USD,RECEIVED
944,PO-0000944,75,8,2026-04-13,USD,RECEIVED
945,PO-0000945,223,7,2025-01-04,USD,RECEIVED
946,PO-0000946,254,10,2026-01-05,USD,RECEIVED
947,PO-0000947,418,2,2023-06-15,USD,RECEIVED
948,PO-0000948,471,2,2024-03-10,USD,CANCELLED
949,PO-0000949,62,11,2024-03-11,USD,RECEIVED
950,PO-0000950,411,8,2026-09-04,USD,RECEIVED
951,PO-0000951,225,10,2023-11-07,USD,RECEIVED
952,PO-0000952,30,5,2024-03-20,USD,RECEIVED
953,PO-0000953,320,2,2026-04-14,USD,RECEIVED
954,PO-0000954,348,1,2024-01-24,USD,RECEIVED
955,PO-0000955,122,5,2026-09-28,USD,RECEIVED
956,PO-0000956,195,10,2025-05-20,USD,RECEIVED
957,PO-0000957,8,5,2026-09-02,USD,RECEIVED
958,PO-0000958,361,2,2023-11-09,USD,RECEIVED
959,PO-0000959,420,2,2023-04-30,USD,RECEIVED
960,PO-0000960,391,10,2025-12-09,USD,RECEIVED
961,PO-0000961,124,9,2024-06-20,USD,OPEN
962,PO-0000962,389,12,2025-03-31,USD,RECEIVED
963,PO-0000963,84,12,2024-12-07,USD,RECEIVED
964,PO-0000964,476,5,2026-03-02,USD,CANCELLED
965,PO-0000965,343,12,2026-06-25,USD,RECEIVED
966,PO-0000966,77,10,2024-05-01,USD,OPEN
967,PO-0000967,333,3,2026-05-21,USD,RECEIVED
968,PO-0000968,248,8,2026-05-12,USD,CANCELLED
969,PO-0000969,66,11,2023-08-24,USD,RECEIVED
970,PO-0000970,146,12,2025-07-30,USD,OPEN
971,PO-0000971,445,4,2024-04-05,USD,RECEIVED
972,PO-0000972,338,9,2026-02-11,USD,RECEIVED
973,PO-0000973,487,6,2023-07-19,USD,OPEN
974,PO-0000974,461,7,2024-06-21,USD,RECEIVED
975,PO-0000975,113,8,2026-04-08,USD,RECEIVED
976,PO-0000976,259,1,2024-09-27,USD,RECEIVED
977,PO-0000977,344,11,2024-12-02,USD,PARTIAL
978,PO-0000978,399,9,2025-08-18,USD,RECEIVED
979,PO-0000979,203,6,2026-07-03,USD,PARTIAL
980,PO-0000980,44,12,2026-06-15,USD,RECEIVED
981,PO-0000981,80,7,2023-01-02,USD,PARTIAL
982,PO-0000982,305,10,2023-06-10,USD,RECEIVED
983,PO-0000983,281,7,2023-10-30,USD,RECEIVED
984,PO-0000984,300,4,2024-02-23,USD,PARTIAL
985,PO-0000985,211,12,2023-08-25,USD,RECEIVED
986,PO-0000986,352,3,2023-05-15,USD,CANCELLED
987,PO-0000987,11,12,2026-08-26,USD,OPEN
988,PO-0000988,157,9,2024-09-10,USD,CANCELLED
989,PO-0000989,234,1,2024-03-09,USD,PARTIAL
990,PO-0000990,342,4,2024-08-09,USD,RECEIVED
991,PO-0000991,334,5,2026-09-26,USD,RECEIVED
992,PO-0000992,279,4,2024-11-12,USD,RECEIVED
993,PO-0000993,361,7,2023-10-25,USD,PARTIAL
994,PO-0000994,260,9,2024-03-13,USD,RECEIVED
995,PO-0000995,2,1,2023-12-26,USD,RECEIVED
996,PO-0000996,369,8,2026-05-28,USD,RECEIVED
997,PO-0000997,119,1,2025-05-09,USD,RECEIVED
998,PO-0000998,14,4,2025-07-31,USD,PARTIAL
999,PO-0000999,398,6,2023-03-08,USD,OPEN
1000,PO-0001000,56,5,2025-10-17,USD,CANCELLED
1001,PO-0001001,471,1,2024-07-18,USD,RECEIVED
1002,PO-0001002,45,2,2025-05-07,USD,RECEIVED
1003,PO-0001003,194,7,2026-09-10,USD,RECEIVED
1004,PO-0001004,247,3,2025-01-24,USD,RECEIVED
1005,PO-0001005,114,8,2025-01-04,USD,PARTIAL
1006,PO-0001006,79,9,2025-10-04,USD,RECEIVED
1007,PO-0001007,487,7,2026-02-16,USD,RECEIVED
1008,PO-0001008,247,5,2023-08-16,USD,RECEIVED
1009,PO-0001009,282,11,2024-05-06,USD,RECEIVED
1010,PO-0001010,419,8,2023-12-09,USD,RECEIVED
1011,PO-0001011,239,4,2024-07-19,USD,CANCELLED
1012,PO-0001012,411,5,2024-03-11,USD,RECEIVED
1013,PO-0001013,119,6,2026-06-25,USD,RECEIVED
1014,PO-0001014,40,8,2025-09-01,USD,RECEIVED
1015,PO-0001015,216,6,2024-12-03,USD,RECEIVED
1016,PO-0001016,255,4,2026-09-28,USD,RECEIVED
1017,PO-0001017,320,11,2025-09-05,USD,RECEIVED
1018,PO-0001018,55,5,2026-09-10,USD,RECEIVED
1019,PO-0001019,24,12,2023-07-01,USD,PARTIAL
1020,PO-0001020,67,10,2023-09-02,USD,CANCELLED
1021,PO-0001021,420,9,2025-12-06,USD,OPEN
1022,PO-0001022,311,8,2024-06-18,USD,RECEIVED
1023,PO-0001023,386,9,2026-06-21,USD,RECEIVED
1024,PO-0001024,493,6,2024-08-27,USD,PARTIAL
1025,PO-0001025,390,4,2026-05-09,USD,RECEIVED
1026,PO-0001026,307,12,2024-12-17,USD,RECEIVED
1027,PO-0001027,117,4,2024-08-16,USD,RECEIVED
1028,PO-0001028,411,8,2025-12-22,USD,RECEIVED
1029,PO-0001029,486,5,2025-01-26,USD,CANCELLED
1030,PO-0001030,18,9,2025-07-23,USD,RECEIVED
1031,PO-0001031,273,6,2024-01-24,USD,RECEIVED
1032,PO-0001032,150,5,2023-11-15,USD,CANCELLED
1033,PO-0001033,42,8,2023-12-26,USD,PARTIAL
1034,PO-0001034,120,10,2024-09-23,USD,RECEIVED
1035,PO-0001035,291,8,2023-12-09,USD,RECEIVED
1036,PO-0001036,98,6,2025-11-04,USD,RECEIVED
1037,PO-0001037,61,9,2023-03-30,USD,PARTIAL
1038,PO-0001038,108,3,2026-08-16,USD,RECEIVED
1039,PO-0001039,83,6,2023-04-19,USD,RECEIVED
1040,PO-0001040,18,7,2023-07-15,USD,RECEIVED
1041,PO-0001041,238,9,2025-07-08,USD,RECEIVED
1042,PO-0001042,469,7,2023-08-18,USD,RECEIVED
1043,PO-0001043,134,7,2024-09-29,USD,RECEIVED
1044,PO-0001044,339,12,2023-05-17,USD,RECEIVED
1045,PO-0001045,407,6,2023-07-21,USD,RECEIVED
1046,PO-0001046,143,9,2024-05-29,USD,RECEIVED
1047,PO-0001047,166,5,2025-12-25,USD,RECEIVED
1048,PO-0001048,270,3,2023-06-27,USD,RECEIVED
1049,PO-0001049,195,5,2023-07-16,USD,PARTIAL
1050,PO-0001050,488,10,2025-02-03,USD,RECEIVED
1051,PO-0001051,396,8,2025-10-03,USD,PARTIAL
1052,PO-0001052,423,10,2025-06-15,USD,RECEIVED
1053,PO-0001053,468,4,2026-09-21,USD,RECEIVED
1054,PO-0001054,460,9,2023-06-11,USD,PARTIAL
1055,PO-0001055,30,4,2025-04-09,USD,OPEN
1056,PO-0001056,334,5,2025-07-30,USD,RECEIVED
1057,PO-0001057,32,8,2024-04-22,USD,PARTIAL
1058,PO-0001058,322,8,2023-06-23,USD,RECEIVED
1059,PO-0001059,385,8,2023-09-24,USD,RECEIVED
1060,PO-0001060,308,6,2024-06-21,USD,RECEIVED
1061,PO-0001061,326,2,2023-07-25,USD,CANCELLED
1062,PO-0001062,444,5,2024-07-16,USD,PARTIAL
1063,PO-0001063,306,11,2024-08-11,USD,OPEN
1064,PO-0001064,368,3,2026-09-19,USD,OPEN
1065,PO-0001065,432,6,2023-07-12,USD,RECEIVED
1066,PO-0001066,74,6,2024-03-18,USD,RECEIVED
1067,PO-0001067,390,8,2023-10-21,USD,RECEIVED
1068,PO-0001068,38,5,2025-03-09,USD,OPEN
1069,PO-0001069,352,3,2025-03-09,USD,RECEIVED
1070,PO-0001070,155,11,2026-10-01,USD,RECEIVED
1071,PO-0001071,405,12,2023-01-21,USD,RECEIVED
1072,PO-0001072,494,12,2025-11-25,USD,RECEIVED
1073,PO-0001073,31,7,2026-07-17,USD,PARTIAL
1074,PO-0001074,361,7,2023-01-21,USD,CANCELLED
1075,PO-0001075,32,12,2023-02-25,USD,CANCELLED
1076,PO-0001076,440,10,2026-04-09,USD,RECEIVED
1077,PO-0001077,58,4,2024-01-10,USD,RECEIVED
1078,PO-0001078,496,10,2024-08-06,USD,RECEIVED
1079,PO-0001079,457,1,2023-06-24,USD,RECEIVED
1080,PO-0001080,279,9,2025-10-02,USD,CANCELLED
1081,PO-0001081,327,4,2026-03-12,USD,PARTIAL
1082,PO-0001082,358,5,2024-01-24,USD,CANCELLED
1083,PO-0001083,492,11,2023-08-15,USD,PARTIAL
1084,PO-0001084,475,7,2024-11-18,USD,RECEIVED
1085,PO-0001085,102,10,2024-02-03,USD,RECEIVED
1086,PO-0001086,12,5,2024-12-28,USD,PARTIAL
1087,PO-0001087,357,10,2024-03-18,USD,PARTIAL
1088,PO-0001088,120,6,2023-07-28,USD,RECEIVED
1089,PO-0001089,241,5,2026-04-10,USD,RECEIVED
1090,PO-0001090,24,3,2023-05-07,USD,RECEIVED
1091,PO-0001091,304,8,2023-03-24,USD,RECEIVED
1092,PO-0001092,120,1,2023-06-16,USD,RECEIVED
1093,PO-0001093,263,7,2023-10-27,USD,RECEIVED
1094,PO-0001094,240,12,2026-07-20,USD,RECEIVED
1095,PO-0001095,383,4,2023-05-05,USD,RECEIVED
1096,PO-0001096,285,7,2026-03-30,USD,RECEIVED
1097,PO-0001097,472,9,2025-02-16,USD,RECEIVED
1098,PO-0001098,382,9,2026-09-12,USD,RECEIVED
1099,PO-0001099,163,12,2026-06-10,USD,RECEIVED
1100,PO-0001100,14,8,2026-01-22,USD,RECEIVED
1101,PO-0001101,278,3,2024-09-23,USD,RECEIVED
1102,PO-0001102,471,7,2023-10-16,USD,RECEIVED
1103,PO-0001103,134,9,2025-11-08,USD,PARTIAL
1104,PO-0001104,193,8,2025-03-05,USD,OPEN
1105,PO-0001105,342,1,2024-06-08,USD,RECEIVED
1106,PO-0001106,71,7,2025-01-11,USD,RECEIVED
1107,PO-0001107,279,8,2023-05-21,USD,RECEIVED
1108,PO-0001108,132,1,2026-09-01,USD,RECEIVED
1109,PO-0001109,339,2,2025-03-14,USD,RECEIVED
1110,PO-0001110,313,9,2024-02-14,USD,RECEIVED
1111,PO-0001111,388,12,2023-12-30,USD,RECEIVED
1112,PO-0001112,430,12,2025-08-21,USD,RECEIVED
1113,PO-0001113,14,3,2025-09-13,USD,RECEIVED
1114,PO-0001114,361,3,2026-03-10,USD,RECEIVED
1115,PO-0001115,216,4,2025-11-15,USD,RECEIVED
1116,PO-0001116,57,7,2025-09-05,USD,CANCELLED
1117,PO-0001117,268,11,2024-02-27,USD,PARTIAL
1118,PO-0001118,145,6,2026-08-15,USD,PARTIAL
1119,PO-0001119,235,6,2024-01-16,USD,RECEIVED
1120,PO-0001120,485,1,2026-03-12,USD,CANCELLED
1121,PO-0001121,497,1,2024-10-05,USD,OPEN
1122,PO-0001122,301,2,2024-09-03,USD,RECEIVED
1123,PO-0001123,73,12,2023-02-08,USD,RECEIVED
1124,PO-0001124,412,5,2023-10-25,USD,RECEIVED
1125,PO-0001125,178,8,2023-02-17,USD,OPEN
1126,PO-0001126,121,11,2023-05-31,USD,RECEIVED
1127,PO-0001127,267,4,2026-03-30,USD,RECEIVED
1128,PO-0001128,12,11,2025-08-02,USD,RECEIVED
1129,PO-0001129,218,12,2024-03-19,USD,PARTIAL
1130,PO-0001130,51,6,2024-03-13,USD,RECEIVED
1131,PO-0001131,65,5,2026-06-01,USD,RECEIVED
1132,PO-0001132,68,9,2026-08-05,USD,RECEIVED
1133,PO-0001133,237,11,2023-05-18,USD,RECEIVED
1134,PO-0001134,171,10,2023-11-02,USD,RECEIVED
1135,PO-0001135,67,9,2024-07-11,USD,RECEIVED
1136,PO-0001136,85,9,2025-02-02,USD,RECEIVED
1137,PO-0001137,236,4,2024-11-28,USD,RECEIVED
1138,PO-0001138,458,6,2025-08-30,USD,OPEN
1139,PO-0001139,298,7,2024-05-18,USD,RECEIVED
1140,PO-0001140,498,12,2024-04-23,USD,RECEIVED
1141,PO-0001141,424,11,2023-07-12,USD,RECEIVED
1142,PO-0001142,465,6,2025-04-25,USD,PARTIAL
1143,PO-0001143,69,3,2023-03-28,USD,RECEIVED
1144,PO-0001144,197,4,2024-04-14,USD,RECEIVED
1145,PO-0001145,284,8,2026-02-25,USD,RECEIVED
1146,PO-0001146,403,2,2026-01-27,USD,RECEIVED
1147,PO-0001147,211,5,2024-07-04,USD,RECEIVED
1148,PO-0001148,161,2,2024-07-23,USD,RECEIVED
1149,PO-0001149,282,11,2026-09-11,USD,RECEIVED
1150,PO-0001150,61,1,2025-09-07,USD,RECEIVED
1151,PO-0001151,291,1,2023-08-12,USD,PARTIAL
1152,PO-0001152,153,5,2025-01-17,USD,PARTIAL
1153,PO-0001153,444,9,2024-03-30,USD,PARTIAL
1154,PO-0001154,55,9,2023-08-26,USD,RECEIVED
1155,PO-0001155,54,3,2024-11-07,USD,RECEIVED
1156,PO-0001156,438,12,2024-02-05,USD,RECEIVED
1157,PO-0001157,255,8,2024-06-18,USD,RECEIVED
1158,PO-0001158,161,11,2024-11-13,USD,RECEIVED
1159,PO-0001159,378,10,2023-12-26,USD,PARTIAL
1160,PO-0001160,428,11,2024-06-11,USD,RECEIVED
1161,PO-0001161,132,6,2026-04-12,USD,CANCELLED
1162,PO-0001162,215,2,2023-01-11,USD,RECEIVED
1163,PO-0001163,316,7,2023-01-04,USD,RECEIVED
1164,PO-0001164,177,5,2025-08-17,USD,RECEIVED
1165,PO-0001165,274,11,2026-02-23,USD,RECEIVED
1166,PO-0001166,141,4,2024-01-16,USD,RECEIVED
1167,PO-0001167,356,12,2024-09-25,USD,RECEIVED
1168,PO-0001168,412,3,2025-04-29,USD,RECEIVED
1169,PO-0001169,336,4,2023-06-16,USD,PARTIAL
1170,PO-0001170,432,3,2025-12-09,USD,RECEIVED
1171,PO-0001171,216,6,2026-06-07,USD,CANCELLED
1172,PO-0001172,206,11,2024-09-16,USD,OPEN
1173,PO-0001173,321,7,2025-06-05,USD,RECEIVED
1174,PO-0001174,253,4,2024-03-07,USD,RECEIVED
1175,PO-0001175,82,12,2023-07-19,USD,RECEIVED
1176,PO-0001176,354,3,2024-10-27,USD,RECEIVED
1177,PO-0001177,28,3,2023-04-21,USD,RECEIVED
1178,PO-0001178,472,12,2024-07-16,USD,RECEIVED
1179,PO-0001179,228,4,2023-10-26,USD,PARTIAL
1180,PO-0001180,254,1,2025-09-21,USD,RECEIVED
1181,PO-0001181,436,9,2025-09-08,USD,RECEIVED
1182,PO-0001182,170,2,2026-03-27,USD,RECEIVED
1183,PO-0001183,234,1,2025-07-27,USD,RECEIVED
1184,PO-0001184,67,8,2024-04-24,USD,RECEIVED
1185,PO-0001185,102,5,2025-04-12,USD,CANCELLED
1186,PO-0001186,191,11,2023-04-21,USD,PARTIAL
1187,PO-0001187,82,7,2023-09-17,USD,PARTIAL
1188,PO-0001188,183,10,2023-06-15,USD,CANCELLED
1189,PO-0001189,427,11,2023-07-17,USD,RECEIVED
1190,PO-0001190,150,11,2024-02-07,USD,RECEIVED
1191,PO-0001191,42,1,2026-03-10,USD,RECEIVED
1192,PO-0001192,83,4,2024-11-06,USD,RECEIVED
1193,PO-0001193,145,12,2023-07-14,USD,RECEIVED
1194,PO-0001194,219,6,2024-02-22,USD,RECEIVED
1195,PO-0001195,322,8,2025-10-18,USD,RECEIVED
1196,PO-0001196,49,8,2023-11-25,USD,RECEIVED
1197,PO-0001197,378,9,2025-02-16,USD,OPEN
1198,PO-0001198,52,7,2023-02-22,USD,RECEIVED
1199,PO-0001199,380,1,2025-03-15,USD,RECEIVED
1200,PO-0001200,348,9,2025-09-16,USD,RECEIVED
1201,PO-0001201,290,7,2024-07-17,USD,RECEIVED
1202,PO-0001202,428,3,2023-04-19,USD,PARTIAL
1203,PO-0001203,330,6,2024-01-12,USD,RECEIVED
1204,PO-0001204,36,3,2024-08-24,USD,RECEIVED
1205,PO-0001205,266,5,2026-09-17,USD,RECEIVED
1206,PO-0001206,206,10,2023-08-30,USD,RECEIVED
1207,PO-0001207,425,4,2024-07-25,USD,OPEN
1208,PO-0001208,341,5,2026-09-18,USD,RECEIVED
1209,PO-0001209,182,11,2023-05-17,USD,RECEIVED
1210,PO-0001210,79,4,2024-04-16,USD,CANCELLED
1211,PO-0001211,412,2,2023-04-09,USD,PARTIAL
1212,PO-0001212,3,10,2024-11-25,USD,PARTIAL
1213,PO-0001213,202,12,2023-09-19,USD,RECEIVED
1214,PO-0001214,295,3,2023-06-14,USD,RECEIVED
1215,PO-0001215,342,3,2023-06-18,USD,RECEIVED
1216,PO-0001216,443,11,2023-08-02,USD,RECEIVED
1217,PO-0001217,36,6,2023-09-18,USD,RECEIVED
1218,PO-0001218,38,8,2026-01-30,USD,RECEIVED
1219,PO-0001219,132,9,2024-09-25,USD,RECEIVED
1220,PO-0001220,406,12,2023-12-06,USD,CANCELLED
1221,PO-0001221,323,3,2026-05-03,USD,RECEIVED
1222,PO-0001222,134,9,2024-04-02,USD,RECEIVED
1223,PO-0001223,312,8,2024-03-26,USD,RECEIVED
1224,PO-0001224,494,6,2024-07-25,USD,PARTIAL
1225,PO-0001225,403,9,2025-05-28,USD,RECEIVED
1226,PO-0001226,119,2,2026-06-03,USD,RECEIVED
1227,PO-0001227,55,12,2023-04-23,USD,PARTIAL
1228,PO-0001228,54,7,2024-06-18,USD,RECEIVED
1229,PO-0001229,467,4,2025-09-28,USD,RECEIVED
1230,PO-0001230,121,12,2026-06-19,USD,RECEIVED
1231,PO-0001231,383,6,2026-06-05,USD,OPEN
1232,PO-0001232,454,5,2023-02-13,USD,RECEIVED
1233,PO-0001233,210,5,2025-07-11,USD,RECEIVED
1234,PO-0001234,467,7,2023-05-10,USD,OPEN
1235,PO-0001235,391,10,2023-08-19,USD,RECEIVED
1236,PO-0001236,91,12,2025-05-15,USD,PARTIAL
1237,PO-0001237,202,12,2024-12-06,USD,RECEIVED
1238,PO-0001238,324,6,2026-08-01,USD,CANCELLED
1239,PO-0001239,5,1,2023-04-29,USD,RECEIVED
1240,PO-0001240,291,4,2023-10-03,USD,PARTIAL
1241,PO-0001241,7,10,2026-03-28,USD,RECEIVED
1242,PO-0001242,57,6,2023-01-07,USD,RECEIVED
1243,PO-0001243,303,10,2026-03-30,USD,RECEIVED
1244,PO-0001244,476,10,2024-09-11,USD,RECEIVED
1245,PO-0001245,205,10,2023-06-18,USD,RECEIVED
1246,PO-0001246,424,5,2025-10-25,USD,RECEIVED
1247,PO-0001247,86,12,2026-08-08,USD,RECEIVED
1248,PO-0001248,351,7,2026-03-08,USD,RECEIVED
1249,PO-0001249,74,12,2025-07-14,USD,RECEIVED
1250,PO-0001250,111,11,2025-05-14,USD,RECEIVED
1251,PO-0001251,480,9,2026-06-23,USD,RECEIVED
1252,PO-0001252,488,3,2025-10-30,USD,RECEIVED
1253,PO-0001253,60,12,2026-02-01,USD,OPEN
1254,PO-0001254,229,3,2023-06-13,USD,RECEIVED
1255,PO-0001255,208,4,2025-07-12,USD,RECEIVED
1256,PO-0001256,46,12,2023-06-24,USD,RECEIVED
1257,PO-0001257,152,6,2024-06-29,USD,RECEIVED
1258,PO-0001258,450,4,2023-01-23,USD,RECEIVED
1259,PO-0001259,111,9,2024-05-01,USD,CANCELLED
1260,PO-0001260,422,11,2024-03-27,USD,CANCELLED
1261,PO-0001261,79,6,2025-04-29,USD,PARTIAL
1262,PO-0001262,430,11,2023-03-18,USD,RECEIVED
1263,PO-0001263,267,6,2026-04-13,USD,RECEIVED
1264,PO-0001264,237,2,2023-06-26,USD,CANCELLED
1265,PO-0001265,360,10,2024-12-15,USD,PARTIAL
1266,PO-0001266,204,2,2023-06-23,USD,RECEIVED
1267,PO-0001267,329,3,2026-08-22,USD,PARTIAL
1268,PO-0001268,301,6,2023-12-26,USD,RECEIVED
1269,PO-0001269,481,8,2023-09-08,USD,OPEN
1270,PO-0001270,421,7,2024-06-03,USD,RECEIVED
1271,PO-0001271,16,12,2026-07-31,USD,RECEIVED
1272,PO-0001272,174,6,2024-06-17,USD,RECEIVED
1273,PO-0001273,419,11,2023-02-17,USD,RECEIVED
1274,PO-0001274,463,12,2023-02-07,USD,PARTIAL
1275,PO-0001275,234,1,2026-07-26,USD,RECEIVED
1276,PO-0001276,272,9,2026-04-29,USD,PARTIAL
1277,PO-0001277,321,2,2026-09-09,USD,RECEIVED
1278,PO-0001278,315,8,2023-09-14,USD,RECEIVED
1279,PO-0001279,166,4,2024-10-01,USD,RECEIVED
1280,PO-0001280,441,3,2023-03-22,USD,OPEN
1281,PO-0001281,320,12,2026-02-13,USD,RECEIVED
1282,PO-0001282,5,10,2023-07-23,USD,RECEIVED
1283,PO-0001283,417,5,2026-06-11,USD,RECEIVED
1284,PO-0001284,469,5,2025-08-30,USD,RECEIVED
1285,PO-0001285,200,7,2025-05-14,USD,RECEIVED
1286,PO-0001286,220,6,2025-07-31,USD,RECEIVED
1287,PO-0001287,184,3,2024-11-10,USD,RECEIVED
1288,PO-0001288,113,10,2024-10-25,USD,RECEIVED
1289,PO-0001289,290,5,2023-03-14,USD,RECEIVED
1290,PO-0001290,331,12,2024-04-15,USD,RECEIVED
1291,PO-0001291,47,5,2023-08-20,USD,CANCELLED
1292,PO-0001292,108,7,2024-05-28,USD,OPEN
1293,PO-0001293,72,1,2026-03-05,USD,RECEIVED
1294,PO-0001294,326,8,2024-07-19,USD,RECEIVED
1295,PO-0001295,234,6,2025-03-07,USD,RECEIVED
1296,PO-0001296,385,1,2024-02-12,USD,RECEIVED
1297,PO-0001297,298,2,2024-04-14,USD,CANCELLED
1298,PO-0001298,161,3,2024-05-03,USD,OPEN
1299,PO-0001299,286,11,2025-07-17,USD,RECEIVED
1300,PO-0001300,29,3,2025-10-16,USD,RECEIVED
1301,PO-0001301,47,2,2024-06-26,USD,RECEIVED
1302,PO-0001302,379,7,2025-07-29,USD,RECEIVED
1303,PO-0001303,467,11,2026-02-25,USD,CANCELLED
1304,PO-0001304,271,6,2023-12-01,USD,CANCELLED
1305,PO-0001305,343,5,2023-06-05,USD,RECEIVED
1306,PO-0001306,253,4,2026-09-24,USD,OPEN
1307,PO-0001307,347,10,2024-05-24,USD,RECEIVED
1308,PO-0001308,457,11,2026-06-06,USD,RECEIVED
1309,PO-0001309,481,3,2024-04-27,USD,RECEIVED
1310,PO-0001310,325,5,2024-07-14,USD,RECEIVED
1311,PO-0001311,472,8,2023-11-04,USD,RECEIVED
1312,PO-0001312,195,1,2023-06-15,USD,PARTIAL
1313,PO-0001313,193,6,2026-04-28,USD,CANCELLED
1314,PO-0001314,99,1,2023-04-07,USD,RECEIVED
1315,PO-0001315,376,9,2026-02-27,USD,RECEIVED
1316,PO-0001316,56,3,2026-09-20,USD,PARTIAL
1317,PO-0001317,462,7,2024-12-17,USD,RECEIVED
1318,PO-0001318,198,4,2024-12-03,USD,PARTIAL
1319,PO-0001319,497,6,2023-01-26,USD,RECEIVED
1320,PO-0001320,417,2,2023-03-14,USD,RECEIVED
1321,PO-0001321,126,5,2025-09-16,USD,RECEIVED
1322,PO-0001322,72,5,2025-10-25,USD,RECEIVED
1323,PO-0001323,441,11,2023-07-12,USD,RECEIVED
1324,PO-0001324,138,7,2023-10-27,USD,RECEIVED
1325,PO-0001325,31,12,2025-11-23,USD,PARTIAL
1326,PO-0001326,47,2,2023-10-26,USD,OPEN
1327,PO-0001327,381,12,2025-01-04,USD,RECEIVED
1328,PO-0001328,185,6,2026-01-16,USD,OPEN
1329,PO-0001329,189,5,2024-01-25,USD,CANCELLED
1330,PO-0001330,29,1,2024-08-21,USD,RECEIVED
1331,PO-0001331,22,12,2026-01-03,USD,CANCELLED
1332,PO-0001332,195,12,2025-11-06,USD,PARTIAL
1333,PO-0001333,57,8,2024-02-14,USD,CANCELLED
1334,PO-0001334,234,8,2026-06-13,USD,RECEIVED
1335,PO-0001335,265,12,2024-11-20,USD,CANCELLED
1336,PO-0001336,362,5,2023-07-28,USD,CANCELLED
1337,PO-0001337,83,8,2026-01-06,USD,OPEN
1338,PO-0001338,331,8,2024-06-15,USD,CANCELLED
1339,PO-0001339,416,7,2026-04-09,USD,RECEIVED
1340,PO-0001340,363,6,2025-05-13,USD,RECEIVED
1341,PO-0001341,418,7,2026-06-14,USD,RECEIVED
1342,PO-0001342,347,2,2026-05-16,USD,RECEIVED
1343,PO-0001343,247,7,2024-11-07,USD,OPEN
1344,PO-0001344,392,10,2026-01-28,USD,PARTIAL
1345,PO-0001345,251,4,2025-01-24,USD,OPEN
1346,PO-0001346,175,6,2026-06-09,USD,RECEIVED
1347,PO-0001347,405,8,2025-06-24,USD,RECEIVED
1348,PO-0001348,435,10,2026-06-23,USD,RECEIVED
1349,PO-0001349,117,12,2025-02-16,USD,RECEIVED
1350,PO-0001350,318,4,2025-02-14,USD,RECEIVED
1351,PO-0001351,375,10,2025-12-28,USD,PARTIAL
1352,PO-0001352,154,8,2024-06-26,USD,OPEN
1353,PO-0001353,24,8,2026-02-01,USD,RECEIVED
1354,PO-0001354,355,3,2023-09-05,USD,RECEIVED
1355,PO-0001355,400,11,2025-11-28,USD,RECEIVED
1356,PO-0001356,372,11,2026-01-31,USD,RECEIVED
1357,PO-0001357,19,11,2025-06-20,USD,PARTIAL
1358,PO-0001358,332,7,2024-03-31,USD,RECEIVED
1359,PO-0001359,334,5,2025-08-10,USD,RECEIVED
1360,PO-0001360,443,2,2026-03-12,USD,PARTIAL
1361,PO-0001361,344,11,2023-07-25,USD,RECEIVED
1362,PO-0001362,65,1,2025-01-03,USD,PARTIAL
1363,PO-0001363,413,9,2025-02-22,USD,RECEIVED
1364,PO-0001364,207,3,2025-01-16,USD,RECEIVED
1365,PO-0001365,462,3,2024-02-22,USD,RECEIVED
1366,PO-0001366,89,3,2026-05-04,USD,RECEIVED
1367,PO-0001367,469,7,2025-11-03,USD,OPEN
1368,PO-0001368,498,10,2024-05-12,USD,RECEIVED
1369,PO-0001369,33,6,2024-04-11,USD,RECEIVED
1370,PO-0001370,43,3,2023-06-03,USD,RECEIVED
1371,PO-0001371,455,8,2025-12-19,USD,RECEIVED
1372,PO-0001372,325,3,2025-02-21,USD,RECEIVED
1373,PO-0001373,470,3,2024-06-23,USD,CANCELLED
1374,PO-0001374,317,5,2026-08-12,USD,OPEN
1375,PO-0001375,106,5,2024-05-03,USD,OPEN
1376,PO-0001376,199,9,2023-08-29,USD,RECEIVED
1377,PO-0001377,327,8,2025-04-09,USD,RECEIVED
1378,PO-0001378,159,2,2025-12-21,USD,OPEN
1379,PO-0001379,349,2,2023-06-10,USD,RECEIVED
1380,PO-0001380,75,6,2025-10-22,USD,RECEIVED
1381,PO-0001381,239,2,2023-05-19,USD,RECEIVED
1382,PO-0001382,222,2,2024-08-18,USD,CANCELLED
1383,PO-0001383,299,6,2024-07-08,USD,RECEIVED
1384,PO-0001384,458,12,2023-09-23,USD,OPEN
1385,PO-0001385,347,5,2024-01-13,USD,PARTIAL
1386,PO-0001386,421,6,2023-07-09,USD,CANCELLED
1387,PO-0001387,421,11,2024-12-01,USD,RECEIVED
1388,PO-0001388,443,7,2024-02-19,USD,RECEIVED
1389,PO-0001389,161,7,2026-06-03,USD,RECEIVED
1390,PO-0001390,16,4,2026-04-10,USD,PARTIAL
1391,PO-0001391,475,7,2024-07-25,USD,RECEIVED
1392,PO-0001392,97,10,2023-03-11,USD,RECEIVED
1393,PO-0001393,400,5,2024-10-16,USD,PARTIAL
1394,PO-0001394,438,11,2023-01-26,USD,OPEN
1395,PO-0001395,8,12,2025-01-03,USD,CANCELLED
1396,PO-0001396,187,8,2024-08-14,USD,RECEIVED
1397,PO-0001397,16,1,2024-07-14,USD,OPEN
1398,PO-0001398,139,2,2023-01-04,USD,RECEIVED
1399,PO-0001399,267,2,2026-01-18,USD,CANCELLED
1400,PO-0001400,99,5,2025-12-22,USD,RECEIVED
1401,PO-0001401,43,4,2025-02-11,USD,RECEIVED
1402,PO-0001402,259,10,2024-11-01,USD,RECEIVED
1403,PO-0001403,460,4,2023-02-15,USD,OPEN
1404,PO-0001404,62,2,2026-03-15,USD,RECEIVED
1405,PO-0001405,428,10,2023-12-25,USD,PARTIAL
1406,PO-0001406,149,12,2023-07-08,USD,RECEIVED
1407,PO-0001407,249,11,2025-11-01,USD,RECEIVED
1408,PO-0001408,170,10,2023-08-17,USD,RECEIVED
1409,PO-0001409,15,7,2025-07-24,USD,RECEIVED
1410,PO-0001410,160,12,2023-10-12,USD,RECEIVED
1411,PO-0001411,348,10,2024-03-05,USD,CANCELLED
1412,PO-0001412,211,10,2026-05-01,USD,RECEIVED
1413,PO-0001413,24,10,2026-08-07,USD,PARTIAL
1414,PO-0001414,62,9,2024-06-10,USD,RECEIVED
1415,PO-0001415,187,9,2024-10-12,USD,RECEIVED
1416,PO-0001416,346,10,2023-04-02,USD,RECEIVED
1417,PO-0001417,349,3,2024-05-31,USD,CANCELLED
1418,PO-0001418,155,4,2024-07-03,USD,RECEIVED
1419,PO-0001419,198,12,2025-05-15,USD,PARTIAL
1420,PO-0001420,323,2,2023-10-30,USD,OPEN
1421,PO-0001421,307,10,2024-08-06,USD,OPEN
1422,PO-0001422,277,7,2023-07-17,USD,PARTIAL
1423,PO-0001423,159,3,2024-01-08,USD,OPEN
1424,PO-0001424,204,6,2024-06-16,USD,RECEIVED
1425,PO-0001425,451,1,2025-01-12,USD,RECEIVED
1426,PO-0001426,455,10,2024-10-11,USD,RECEIVED
1427,PO-0001427,201,1,2025-01-23,USD,RECEIVED
1428,PO-0001428,432,7,2026-03-13,USD,RECEIVED
1429,PO-0001429,457,5,2025-07-07,USD,PARTIAL
1430,PO-0001430,31,11,2024-01-18,USD,RECEIVED
1431,PO-0001431,444,2,2024-10-25,USD,RECEIVED
1432,PO-0001432,466,8,2026-08-17,USD,RECEIVED
1433,PO-0001433,203,3,2025-03-18,USD,RECEIVED
1434,PO-0001434,153,3,2025-08-21,USD,RECEIVED
1435,PO-0001435,274,12,2025-10-23,USD,RECEIVED
1436,PO-0001436,473,5,2025-07-11,USD,RECEIVED
1437,PO-0001437,194,8,2023-01-15,USD,RECEIVED
1438,PO-0001438,458,10,2025-07-18,USD,RECEIVED
1439,PO-0001439,129,8,2023-05-08,USD,RECEIVED
1440,PO-0001440,443,4,2026-08-15,USD,OPEN
1441,PO-0001441,408,3,2026-08-21,USD,RECEIVED
1442,PO-0001442,134,7,2026-08-16,USD,RECEIVED
1443,PO-0001443,199,12,2023-05-07,USD,CANCELLED
1444,PO-0001444,221,7,2024-04-02,USD,RECEIVED
1445,PO-0001445,363,4,2024-01-24,USD,RECEIVED
1446,PO-0001446,329,6,2025-09-19,USD,CANCELLED
1447,PO-0001447,439,10,2025-07-30,USD,RECEIVED
1448,PO-0001448,358,9,2023-08-08,USD,RECEIVED
1449,PO-0001449,383,10,2024-10-25,USD,RECEIVED
1450,PO-0001450,336,2,2024-02-25,USD,RECEIVED
1451,PO-0001451,333,2,2026-06-06,USD,OPEN
1452,PO-0001452,179,3,2025-05-29,USD,RECEIVED
1453,PO-0001453,327,6,2024-07-23,USD,RECEIVED
1454,PO-0001454,212,4,2024-11-10,USD,RECEIVED
1455,PO-0001455,146,5,2025-03-07,USD,RECEIVED
1456,PO-0001456,210,12,2023-05-16,USD,RECEIVED
1457,PO-0001457,235,5,2025-11-12,USD,RECEIVED
1458,PO-0001458,28,7,2025-04-23,USD,RECEIVED
1459,PO-0001459,382,4,2025-02-01,USD,RECEIVED
1460,PO-0001460,124,4,2026-06-27,USD,PARTIAL
1461,PO-0001461,465,11,2026-06-16,USD,RECEIVED
1462,PO-0001462,417,5,2024-01-03,USD,RECEIVED
1463,PO-0001463,9,7,2025-05-16,USD,OPEN
1464,PO-0001464,147,9,2023-05-12,USD,RECEIVED
1465,PO-0001465,248,10,2025-04-23,USD,PARTIAL
1466,PO-0001466,149,9,2025-01-01,USD,RECEIVED
1467,PO-0001467,277,4,2023-10-06,USD,PARTIAL
1468,PO-0001468,464,10,2024-08-23,USD,RECEIVED
1469,PO-0001469,92,5,2023-12-12,USD,RECEIVED
1470,PO-0001470,33,4,2026-01-20,USD,PARTIAL
1471,PO-0001471,94,12,2026-05-07,USD,PARTIAL
1472,PO-0001472,354,5,2025-02-19,USD,CANCELLED
1473,PO-0001473,300,5,2023-08-04,USD,RECEIVED
1474,PO-0001474,109,12,2024-07-01,USD,RECEIVED
1475,PO-0001475,365,10,2026-01-27,USD,PARTIAL
1476,PO-0001476,139,11,2026-05-15,USD,RECEIVED
1477,PO-0001477,190,9,2026-06-16,USD,RECEIVED
1478,PO-0001478,240,3,2023-12-16,USD,RECEIVED
1479,PO-0001479,232,5,2023-06-04,USD,CANCELLED
1480,PO-0001480,299,11,2026-03-19,USD,RECEIVED
1481,PO-0001481,343,3,2026-04-03,USD,OPEN
1482,PO-0001482,407,7,2025-07-01,USD,RECEIVED
1483,PO-0001483,383,8,2023-08-09,USD,RECEIVED
1484,PO-0001484,152,6,2026-07-28,USD,CANCELLED
1485,PO-0001485,25,5,2025-04-21,USD,RECEIVED
1486,PO-0001486,173,7,2023-12-24,USD,RECEIVED
1487,PO-0001487,288,1,2024-08-25,USD,RECEIVED
1488,PO-0001488,326,1,2025-11-02,USD,RECEIVED
1489,PO-0001489,146,4,2025-06-08,USD,PARTIAL
1490,PO-0001490,275,2,2026-01-02,USD,RECEIVED
1491,PO-0001491,446,9,2023-01-31,USD,CANCELLED
1492,PO-0001492,270,10,2024-02-24,USD,RECEIVED
1493,PO-0001493,300,10,2023-08-29,USD,CANCELLED
1494,PO-0001494,154,6,2024-04-21,USD,RECEIVED
1495,PO-0001495,443,12,2024-03-17,USD,RECEIVED
1496,PO-0001496,35,6,2025-06-17,USD,RECEIVED
1497,PO-0001497,136,8,2026-08-11,USD,RECEIVED
1498,PO-0001498,463,1,2024-06-27,USD,RECEIVED
1499,PO-0001499,246,2,2025-01-07,USD,RECEIVED
1500,PO-0001500,216,10,2023-07-07,USD,RECEIVED
1501,PO-0001501,398,6,2024-06-16,USD,RECEIVED
1502,PO-0001502,452,4,2025-05-04,USD,RECEIVED
1503,PO-0001503,246,5,2023-10-23,USD,RECEIVED
1504,PO-0001504,487,2,2023-11-30,USD,RECEIVED
1505,PO-0001505,178,9,2024-06-04,USD,RECEIVED
1506,PO-0001506,467,2,2024-08-03,USD,RECEIVED
1507,PO-0001507,124,6,2023-10-14,USD,RECEIVED
1508,PO-0001508,419,10,2026-03-22,USD,CANCELLED
1509,PO-0001509,47,10,2024-08-29,USD,RECEIVED
1510,PO-0001510,260,9,2026-07-11,USD,RECEIVED
1511,PO-0001511,500,10,2023-04-12,USD,RECEIVED
1512,PO-0001512,133,12,2023-12-07,USD,RECEIVED
1513,PO-0001513,426,12,2024-09-06,USD,RECEIVED
1514,PO-0001514,493,1,2026-01-12,USD,RECEIVED
1515,PO-0001515,34,8,2025-10-17,USD,RECEIVED
1516,PO-0001516,259,8,2023-10-14,USD,RECEIVED
1517,PO-0001517,170,9,2023-01-22,USD,RECEIVED
1518,PO-0001518,393,3,2024-11-07,USD,OPEN
1519,PO-0001519,357,12,2023-07-17,USD,CANCELLED
1520,PO-0001520,408,10,2024-09-17,USD,OPEN
1521,PO-0001521,253,4,2025-10-09,USD,RECEIVED
1522,PO-0001522,354,1,2023-02-24,USD,RECEIVED
1523,PO-0001523,466,6,2026-01-04,USD,RECEIVED
1524,PO-0001524,269,9,2025-10-02,USD,OPEN
1525,PO-0001525,90,6,2024-10-29,USD,PARTIAL
1526,PO-0001526,301,11,2023-09-13,USD,RECEIVED
1527,PO-0001527,40,1,2026-03-17,USD,RECEIVED
1528,PO-0001528,408,3,2025-03-25,USD,CANCELLED
1529,PO-0001529,304,9,2025-05-25,USD,RECEIVED
1530,PO-0001530,255,6,2025-07-19,USD,RECEIVED
1531,PO-0001531,126,10,2023-12-19,USD,RECEIVED
1532,PO-0001532,372,5,2023-01-14,USD,RECEIVED
1533,PO-0001533,325,11,2026-07-31,USD,RECEIVED
1534,PO-0001534,57,10,2025-10-19,USD,RECEIVED
1535,PO-0001535,286,7,2025-07-18,USD,RECEIVED
1536,PO-0001536,470,3,2024-05-03,USD,RECEIVED
1537,PO-0001537,332,3,2024-11-01,USD,RECEIVED
1538,PO-0001538,420,3,2024-05-11,USD,PARTIAL
1539,PO-0001539,356,3,2026-01-02,USD,PARTIAL
1540,PO-0001540,54,6,2024-07-15,USD,PARTIAL
1541,PO-0001541,279,7,2024-10-09,USD,RECEIVED
1542,PO-0001542,163,8,2023-02-01,USD,PARTIAL
1543,PO-0001543,476,8,2026-06-23,USD,RECEIVED
1544,PO-0001544,211,6,2023-01-21,USD,RECEIVED
1545,PO-0001545,47,1,2023-07-20,USD,RECEIVED
1546,PO-0001546,9,11,2025-05-24,USD,RECEIVED
1547,PO-0001547,90,12,2024-10-16,USD,PARTIAL
1548,PO-0001548,162,12,2025-09-29,USD,RECEIVED
1549,PO-0001549,305,2,2023-01-12,USD,RECEIVED
1550,PO-0001550,211,12,2024-06-07,USD,RECEIVED
1551,PO-0001551,213,9,2024-11-25,USD,RECEIVED
1552,PO-0001552,302,4,2024-09-22,USD,PARTIAL
1553,PO-0001553,117,7,2024-08-02,USD,RECEIVED
1554,PO-0001554,433,5,2024-06-30,USD,RECEIVED
1555,PO-0001555,404,5,2023-06-04,USD,PARTIAL
1556,PO-0001556,25,6,2025-12-22,USD,RECEIVED
1557,PO-0001557,11,4,2026-07-12,USD,RECEIVED
1558,PO-0001558,156,10,2023-01-23,USD,RECEIVED
1559,PO-0001559,109,1,2026-04-04,USD,RECEIVED
1560,PO-0001560,482,5,2026-04-29,USD,OPEN
1561,PO-0001561,450,5,2023-03-15,USD,RECEIVED
1562,PO-0001562,364,1,2024-07-17,USD,RECEIVED
1563,PO-0001563,25,6,2026-01-15,USD,RECEIVED
1564,PO-0001564,209,5,2024-05-16,USD,RECEIVED
1565,PO-0001565,285,3,2026-08-20,USD,RECEIVED
1566,PO-0001566,211,4,2025-10-16,USD,RECEIVED
1567,PO-0001567,207,4,2024-07-06,USD,PARTIAL
1568,PO-0001568,382,11,2023-07-02,USD,CANCELLED
1569,PO-0001569,76,10,2025-05-18,USD,RECEIVED
1570,PO-0001570,215,12,2023-05-05,USD,RECEIVED
1571,PO-0001571,208,7,2026-07-07,USD,OPEN
1572,PO-0001572,169,2,2025-02-05,USD,RECEIVED
1573,PO-0001573,339,1,2025-07-08,USD,RECEIVED
1574,PO-0001574,293,3,2023-03-09,USD,RECEIVED
1575,PO-0001575,271,1,2025-07-03,USD,RECEIVED
1576,PO-0001576,102,6,2024-10-15,USD,RECEIVED
1577,PO-0001577,219,5,2025-01-08,USD,RECEIVED
1578,PO-0001578,418,8,2023-05-03,USD,OPEN
1579,PO-0001579,413,1,2023-02-12,USD,RECEIVED
1580,PO-0001580,404,4,2025-09-09,USD,OPEN
1581,PO-0001581,311,6,2023-03-11,USD,RECEIVED
1582,PO-0001582,92,11,2025-09-09,USD,RECEIVED
1583,PO-0001583,157,5,2026-07-24,USD,RECEIVED
1584,PO-0001584,251,9,2024-12-11,USD,RECEIVED
1585,PO-0001585,87,4,2024-03-25,USD,RECEIVED
1586,PO-0001586,178,5,2026-09-20,USD,RECEIVED
1587,PO-0001587,390,4,2023-11-05,USD,RECEIVED
1588,PO-0001588,25,11,2024-05-02,USD,RECEIVED
1589,PO-0001589,230,1,2025-08-19,USD,CANCELLED
1590,PO-0001590,314,11,2026-05-22,USD,RECEIVED
1591,PO-0001591,409,5,2026-01-21,USD,OPEN
1592,PO-0001592,339,5,2026-02-21,USD,RECEIVED
1593,PO-0001593,134,10,2025-11-11,USD,CANCELLED
1594,PO-0001594,466,12,2026-09-03,USD,RECEIVED
1595,PO-0001595,34,9,2023-08-13,USD,RECEIVED
1596,PO-0001596,31,3,2024-12-25,USD,RECEIVED
1597,PO-0001597,224,10,2025-06-29,USD,OPEN
1598,PO-0001598,415,12,2025-03-14,USD,CANCELLED
1599,PO-0001599,119,11,2025-07-10,USD,PARTIAL
1600,PO-0001600,183,4,2024-04-22,USD,PARTIAL
1601,PO-0001601,91,7,2025-12-15,USD,PARTIAL
1602,PO-0001602,472,8,2026-09-08,USD,RECEIVED
1603,PO-0001603,322,7,2025-09-27,USD,RECEIVED
1604,PO-0001604,128,7,2024-07-29,USD,RECEIVED
1605,PO-0001605,243,3,2026-09-22,USD,RECEIVED
1606,PO-0001606,172,10,2025-02-27,USD,RECEIVED
1607,PO-0001607,304,9,2025-12-30,USD,RECEIVED
1608,PO-0001608,294,8,2023-04-07,USD,RECEIVED
1609,PO-0001609,4,9,2023-10-15,USD,OPEN
1610,PO-0001610,184,2,2026-07-28,USD,RECEIVED
1611,PO-0001611,357,10,2025-07-12,USD,RECEIVED
1612,PO-0001612,389,12,2023-10-31,USD,OPEN
1613,PO-0001613,85,11,2024-10-30,USD,RECEIVED
1614,PO-0001614,353,8,2023-07-27,USD,RECEIVED
1615,PO-0001615,318,3,2023-11-04,USD,RECEIVED
1616,PO-0001616,111,10,2025-08-20,USD,RECEIVED
1617,PO-0001617,255,7,2025-08-09,USD,CANCELLED
1618,PO-0001618,446,4,2026-05-25,USD,CANCELLED
1619,PO-0001619,14,1,2026-09-02,USD,CANCELLED
1620,PO-0001620,1,10,2024-09-17,USD,OPEN
1621,PO-0001621,298,5,2025-10-05,USD,RECEIVED
1622,PO-0001622,60,6,2023-08-31,USD,CANCELLED
1623,PO-0001623,304,4,2023-10-10,USD,PARTIAL
1624,PO-0001624,11,9,2026-04-17,USD,RECEIVED
1625,PO-0001625,139,2,2023-10-03,USD,RECEIVED
1626,PO-0001626,457,6,2023-01-26,USD,OPEN
1627,PO-0001627,55,9,2023-05-25,USD,RECEIVED
1628,PO-0001628,92,10,2024-02-23,USD,RECEIVED
1629,PO-0001629,114,3,2023-06-04,USD,RECEIVED
1630,PO-0001630,92,9,2025-10-12,USD,RECEIVED
1631,PO-0001631,155,10,2024-12-07,USD,RECEIVED
1632,PO-0001632,374,3,2025-01-27,USD,OPEN
1633,PO-0001633,478,5,2026-02-05,USD,RECEIVED
1634,PO-0001634,497,6,2025-02-05,USD,RECEIVED
1635,PO-0001635,48,1,2024-04-08,USD,RECEIVED
1636,PO-0001636,371,4,2026-10-01,USD,RECEIVED
1637,PO-0001637,176,11,2024-07-10,USD,RECEIVED
1638,PO-0001638,430,10,2023-03-25,USD,RECEIVED
1639,PO-0001639,261,6,2025-01-22,USD,RECEIVED
1640,PO-0001640,287,4,2025-07-19,USD,RECEIVED
1641,PO-0001641,210,5,2024-06-16,USD,CANCELLED
1642,PO-0001642,352,9,2026-05-30,USD,RECEIVED
1643,PO-0001643,197,4,2023-08-11,USD,RECEIVED
1644,PO-0001644,61,3,2026-02-10,USD,RECEIVED
1645,PO-0001645,118,8,2024-10-03,USD,CANCELLED
1646,PO-0001646,72,12,2026-06-15,USD,CANCELLED
1647,PO-0001647,155,12,2025-06-03,USD,RECEIVED
1648,PO-0001648,144,7,2024-12-24,USD,CANCELLED
1649,PO-0001649,475,3,2024-11-30,USD,PARTIAL
1650,PO-0001650,168,11,2024-07-04,USD,RECEIVED
1651,PO-0001651,53,4,2024-12-29,USD,RECEIVED
1652,PO-0001652,383,10,2024-11-13,USD,RECEIVED
1653,PO-0001653,34,6,2023-04-12,USD,OPEN
1654,PO-0001654,389,6,2024-09-05,USD,OPEN
1655,PO-0001655,354,12,2026-08-22,USD,OPEN
1656,PO-0001656,102,11,2024-02-15,USD,RECEIVED
1657,PO-0001657,397,8,2026-03-28,USD,RECEIVED
1658,PO-0001658,268,4,2023-04-10,USD,RECEIVED
1659,PO-0001659,27,4,2026-09-29,USD,RECEIVED
1660,PO-0001660,107,9,2025-05-07,USD,RECEIVED
1661,PO-0001661,386,6,2025-05-12,USD,RECEIVED
1662,PO-0001662,444,8,2023-07-24,USD,RECEIVED
1663,PO-0001663,163,9,2024-02-09,USD,RECEIVED
1664,PO-0001664,262,4,2023-10-18,USD,RECEIVED
1665,PO-0001665,499,12,2023-06-28,USD,OPEN
1666,PO-0001666,249,8,2025-11-07,USD,RECEIVED
1667,PO-0001667,254,9,2023-12-31,USD,CANCELLED
1668,PO-0001668,96,11,2023-11-18,USD,RECEIVED
1669,PO-0001669,202,2,2023-12-04,USD,RECEIVED
1670,PO-0001670,426,1,2024-08-20,USD,RECEIVED
1671,PO-0001671,97,7,2026-02-12,USD,RECEIVED
1672,PO-0001672,29,6,2025-04-23,USD,RECEIVED
1673,PO-0001673,221,5,2026-01-11,USD,RECEIVED
1674,PO-0001674,223,12,2023-06-21,USD,RECEIVED
1675,PO-0001675,37,7,2023-02-16,USD,CANCELLED
1676,PO-0001676,300,3,2023-05-24,USD,RECEIVED
1677,PO-0001677,283,9,2024-02-07,USD,RECEIVED
1678,PO-0001678,285,11,2023-03-03,USD,RECEIVED
1679,PO-0001679,403,12,2025-07-06,USD,RECEIVED
1680,PO-0001680,273,8,2024-12-03,USD,RECEIVED
1681,PO-0001681,25,3,2023-12-22,USD,RECEIVED
1682,PO-0001682,364,8,2023-07-17,USD,RECEIVED
1683,PO-0001683,493,8,2025-04-28,USD,RECEIVED
1684,PO-0001684,185,11,2026-04-26,USD,CANCELLED
1685,PO-0001685,80,9,2023-03-21,USD,RECEIVED
1686,PO-0001686,137,12,2025-01-13,USD,RECEIVED
1687,PO-0001687,401,10,2024-11-30,USD,RECEIVED
1688,PO-0001688,122,7,2024-09-20,USD,RECEIVED
1689,PO-0001689,326,9,2023-01-20,USD,RECEIVED
1690,PO-0001690,270,7,2024-06-29,USD,RECEIVED
1691,PO-0001691,282,4,2025-08-05,USD,OPEN
1692,PO-0001692,275,12,2025-03-01,USD,RECEIVED
1693,PO-0001693,187,12,2023-12-23,USD,RECEIVED
1694,PO-0001694,429,12,2023-03-26,USD,RECEIVED
1695,PO-0001695,498,2,2024-11-05,USD,CANCELLED
1696,PO-0001696,271,4,2025-11-16,USD,OPEN
1697,PO-0001697,290,6,2023-08-03,USD,OPEN
1698,PO-0001698,474,6,2024-09-24,USD,RECEIVED
1699,PO-0001699,374,11,2024-06-11,USD,RECEIVED
1700,PO-0001700,237,6,2024-04-25,USD,RECEIVED
1701,PO-0001701,284,12,2024-02-07,USD,RECEIVED
1702,PO-0001702,1,6,2023-08-18,USD,RECEIVED
1703,PO-0001703,200,12,2025-10-17,USD,OPEN
1704,PO-0001704,73,5,2024-07-09,USD,CANCELLED
1705,PO-0001705,283,11,2024-11-25,USD,CANCELLED
1706,PO-0001706,451,6,2023-08-04,USD,CANCELLED
1707,PO-0001707,112,4,2024-02-09,USD,RECEIVED
1708,PO-0001708,388,11,2026-07-06,USD,RECEIVED
1709,PO-0001709,431,7,2023-09-25,USD,RECEIVED
1710,PO-0001710,207,4,2024-11-25,USD,RECEIVED
1711,PO-0001711,184,9,2025-09-12,USD,PARTIAL
1712,PO-0001712,489,12,2024-11-08,USD,CANCELLED
1713,PO-0001713,149,3,2023-05-09,USD,RECEIVED
1714,PO-0001714,474,4,2025-10-05,USD,RECEIVED
1715,PO-0001715,164,11,2023-12-14,USD,RECEIVED
1716,PO-0001716,293,5,2025-04-05,USD,RECEIVED
1717,PO-0001717,126,3,2024-07-02,USD,RECEIVED
1718,PO-0001718,322,12,2025-01-07,USD,OPEN
1719,PO-0001719,339,10,2024-04-22,USD,RECEIVED
1720,PO-0001720,112,12,2023-05-04,USD,RECEIVED
1721,PO-0001721,280,5,2023-12-10,USD,OPEN
1722,PO-0001722,67,6,2025-09-03,USD,RECEIVED
1723,PO-0001723,88,8,2025-08-10,USD,PARTIAL
1724,PO-0001724,434,2,2023-09-05,USD,PARTIAL
1725,PO-0001725,349,10,2024-11-27,USD,RECEIVED
1726,PO-0001726,183,7,2026-07-13,USD,RECEIVED
1727,PO-0001727,31,8,2024-06-03,USD,CANCELLED
1728,PO-0001728,452,2,2025-11-28,USD,RECEIVED
1729,PO-0001729,179,12,2023-10-23,USD,RECEIVED
1730,PO-0001730,229,4,2024-11-25,USD,RECEIVED
1731,PO-0001731,304,2,2024-07-04,USD,PARTIAL
1732,PO-0001732,170,2,2026-09-26,USD,RECEIVED
1733,PO-0001733,267,10,2023-01-07,USD,RECEIVED
1734,PO-0001734,491,6,2023-11-19,USD,RECEIVED
1735,PO-0001735,196,12,2024-03-17,USD,RECEIVED
1736,PO-0001736,89,7,2023-10-26,USD,RECEIVED
1737,PO-0001737,306,6,2023-10-25,USD,OPEN
1738,PO-0001738,223,6,2025-11-11,USD,RECEIVED
1739,PO-0001739,67,5,2025-08-05,USD,RECEIVED
1740,PO-0001740,41,12,2025-03-05,USD,RECEIVED
1741,PO-0001741,492,7,2024-05-15,USD,RECEIVED
1742,PO-0001742,474,8,2024-04-17,USD,PARTIAL
1743,PO-0001743,419,1,2025-08-15,USD,RECEIVED
1744,PO-0001744,184,1,2025-04-17,USD,RECEIVED
1745,PO-0001745,485,9,2024-03-05,USD,RECEIVED
1746,PO-0001746,289,12,2025-01-24,USD,RECEIVED
1747,PO-0001747,196,5,2025-02-06,USD,CANCELLED
1748,PO-0001748,71,6,2024-10-01,USD,RECEIVED
1749,PO-0001749,345,4,2023-02-05,USD,RECEIVED
1750,PO-0001750,258,4,2023-12-29,USD,RECEIVED
1751,PO-0001751,215,2,2026-03-26,USD,RECEIVED
1752,PO-0001752,417,7,2026-07-28,USD,RECEIVED
1753,PO-0001753,287,6,2023-05-16,USD,RECEIVED
1754,PO-0001754,183,6,2024-09-01,USD,RECEIVED
1755,PO-0001755,441,7,2026-04-16,USD,RECEIVED
1756,PO-0001756,198,8,2023-03-02,USD,OPEN
1757,PO-0001757,217,9,2023-12-20,USD,PARTIAL
1758,PO-0001758,352,11,2026-09-11,USD,RECEIVED
1759,PO-0001759,44,4,2024-11-20,USD,OPEN
1760,PO-0001760,141,1,2026-04-04,USD,RECEIVED
1761,PO-0001761,189,7,2025-04-30,USD,RECEIVED
1762,PO-0001762,440,9,2024-11-02,USD,PARTIAL
1763,PO-0001763,40,6,2026-03-11,USD,RECEIVED
1764,PO-0001764,451,6,2024-07-28,USD,CANCELLED
1765,PO-0001765,203,12,2025-02-14,USD,RECEIVED
1766,PO-0001766,398,2,2024-06-14,USD,RECEIVED
1767,PO-0001767,434,4,2026-07-02,USD,OPEN
1768,PO-0001768,213,1,2023-04-10,USD,RECEIVED
1769,PO-0001769,114,2,2023-09-29,USD,CANCELLED
1770,PO-0001770,131,6,2025-07-03,USD,RECEIVED
1771,PO-0001771,341,8,2026-08-21,USD,RECEIVED
1772,PO-0001772,249,3,2023-12-15,USD,RECEIVED
1773,PO-0001773,86,1,2024-05-19,USD,OPEN
1774,PO-0001774,444,8,2025-06-02,USD,PARTIAL
1775,PO-0001775,179,6,2023-09-19,USD,OPEN
1776,PO-0001776,27,11,2026-08-21,USD,RECEIVED
1777,PO-0001777,354,6,2023-04-18,USD,OPEN
1778,PO-0001778,194,5,2024-05-30,USD,RECEIVED
1779,PO-0001779,34,7,2023-09-17,USD,PARTIAL
1780,PO-0001780,230,11,2026-02-22,USD,RECEIVED
1781,PO-0001781,208,1,2023-08-23,USD,RECEIVED
1782,PO-0001782,358,7,2024-08-23,USD,RECEIVED
1783,PO-0001783,9,10,2024-11-06,USD,OPEN
1784,PO-0001784,95,1,2023-06-18,USD,RECEIVED
1785,PO-0001785,249,8,2024-09-26,USD,RECEIVED
1786,PO-0001786,335,11,2024-11-29,USD,RECEIVED
1787,PO-0001787,363,12,2026-07-07,USD,RECEIVED
1788,PO-0001788,334,11,2023-03-16,USD,RECEIVED
1789,PO-0001789,422,11,2023-11-02,USD,RECEIVED
1790,PO-0001790,353,10,2025-01-28,USD,RECEIVED
1791,PO-0001791,115,10,2023-01-01,USD,RECEIVED
1792,PO-0001792,137,10,2025-07-17,USD,RECEIVED
1793,PO-0001793,136,2,2026-03-05,USD,RECEIVED
1794,PO-0001794,455,10,2025-07-24,USD,RECEIVED
1795,PO-0001795,77,6,2023-05-13,USD,PARTIAL
1796,PO-0001796,378,11,2025-11-30,USD,RECEIVED
1797,PO-0001797,60,7,2023-05-26,USD,CANCELLED
1798,PO-0001798,3,11,2023-08-30,USD,RECEIVED
1799,PO-0001799,109,11,2025-08-03,USD,RECEIVED
1800,PO-0001800,325,6,2024-08-08,USD,RECEIVED
1801,PO-0001801,459,7,2024-09-18,USD,PARTIAL
1802,PO-0001802,279,11,2024-03-28,USD,RECEIVED
1803,PO-0001803,208,4,2024-11-12,USD,RECEIVED
1804,PO-0001804,241,2,2024-10-25,USD,RECEIVED
1805,PO-0001805,25,11,2025-11-02,USD,PARTIAL
1806,PO-0001806,180,2,2025-09-09,USD,RECEIVED
1807,PO-0001807,333,9,2024-08-27,USD,CANCELLED
1808,PO-0001808,381,4,2025-07-08,USD,RECEIVED
1809,PO-0001809,99,5,2024-03-21,USD,RECEIVED
1810,PO-0001810,8,2,2024-06-19,USD,RECEIVED
1811,PO-0001811,41,1,2025-11-16,USD,OPEN
1812,PO-0001812,226,3,2026-01-24,USD,RECEIVED
1813,PO-0001813,63,8,2023-11-13,USD,CANCELLED
1814,PO-0001814,412,9,2024-09-05,USD,RECEIVED
1815,PO-0001815,210,9,2026-05-01,USD,RECEIVED
1816,PO-0001816,482,8,2026-07-10,USD,RECEIVED
1817,PO-0001817,65,10,2023-12-11,USD,RECEIVED
1818,PO-0001818,496,2,2025-10-30,USD,RECEIVED
1819,PO-0001819,81,1,2024-08-03,USD,RECEIVED
1820,PO-0001820,339,10,2024-03-11,USD,RECEIVED
1821,PO-0001821,497,12,2024-12-22,USD,RECEIVED
1822,PO-0001822,234,2,2024-10-26,USD,CANCELLED
1823,PO-0001823,6,4,2024-03-28,USD,OPEN
1824,PO-0001824,269,1,2026-09-14,USD,RECEIVED
1825,PO-0001825,44,12,2023-04-12,USD,RECEIVED
1826,PO-0001826,33,5,2025-03-30,USD,RECEIVED
1827,PO-0001827,10,12,2025-10-20,USD,RECEIVED
1828,PO-0001828,232,4,2026-09-30,USD,RECEIVED
1829,PO-0001829,284,7,2024-02-19,USD,RECEIVED
1830,PO-0001830,65,2,2025-09-23,USD,RECEIVED
1831,PO-0001831,385,2,2025-07-05,USD,RECEIVED
1832,PO-0001832,323,10,2025-05-14,USD,CANCELLED
1833,PO-0001833,265,6,2026-03-23,USD,OPEN
1834,PO-0001834,218,11,2025-03-26,USD,RECEIVED
1835,PO-0001835,301,4,2025-11-10,USD,RECEIVED
1836,PO-0001836,353,2,2026-08-30,USD,RECEIVED
1837,PO-0001837,64,5,2024-01-02,USD,RECEIVED
1838,PO-0001838,134,9,2024-09-13,USD,RECEIVED
1839,PO-0001839,37,1,2025-04-14,USD,RECEIVED
1840,PO-0001840,293,10,2024-09-07,USD,RECEIVED
1841,PO-0001841,2,5,2024-01-05,USD,OPEN
1842,PO-0001842,408,6,2025-12-10,USD,RECEIVED
1843,PO-0001843,82,9,2025-02-09,USD,RECEIVED
1844,PO-0001844,143,3,2023-04-21,USD,RECEIVED
1845,PO-0001845,75,3,2025-05-15,USD,RECEIVED
1846,PO-0001846,263,11,2026-02-07,USD,RECEIVED
1847,PO-0001847,315,12,2024-01-04,USD,OPEN
1848,PO-0001848,180,4,2026-08-05,USD,OPEN
1849,PO-0001849,124,8,2024-06-14,USD,RECEIVED
1850,PO-0001850,322,9,2024-11-26,USD,RECEIVED
1851,PO-0001851,439,4,2023-06-03,USD,RECEIVED
1852,PO-0001852,10,8,2026-02-28,USD,RECEIVED
1853,PO-0001853,80,5,2024-03-23,USD,CANCELLED
1854,PO-0001854,445,6,2025-02-05,USD,CANCELLED
1855,PO-0001855,363,3,2023-08-11,USD,RECEIVED
1856,PO-0001856,420,5,2026-02-11,USD,RECEIVED
1857,PO-0001857,281,10,2025-03-18,USD,RECEIVED
1858,PO-0001858,368,6,2023-10-23,USD,RECEIVED
1859,PO-0001859,249,12,2025-10-01,USD,RECEIVED
1860,PO-0001860,307,7,2024-09-04,USD,RECEIVED
1861,PO-0001861,493,6,2025-08-17,USD,RECEIVED
1862,PO-0001862,130,3,2023-06-17,USD,RECEIVED
1863,PO-0001863,247,2,2024-06-02,USD,OPEN
1864,PO-0001864,26,12,2026-04-18,USD,PARTIAL
1865,PO-0001865,358,8,2025-01-13,USD,RECEIVED
1866,PO-0001866,242,7,2023-08-08,USD,OPEN
1867,PO-0001867,208,9,2024-03-30,USD,RECEIVED
1868,PO-0001868,116,5,2026-01-03,USD,RECEIVED
1869,PO-0001869,361,1,2024-04-30,USD,RECEIVED
1870,PO-0001870,336,2,2024-11-26,USD,RECEIVED
1871,PO-0001871,180,1,2026-09-29,USD,RECEIVED
1872,PO-0001872,242,2,2024-07-09,USD,RECEIVED
1873,PO-0001873,494,4,2024-02-14,USD,PARTIAL
1874,PO-0001874,193,4,2023-02-02,USD,RECEIVED
1875,PO-0001875,68,10,2026-05-13,USD,RECEIVED
1876,PO-0001876,332,5,2024-11-01,USD,RECEIVED
1877,PO-0001877,435,1,2026-03-08,USD,OPEN
1878,PO-0001878,441,1,2026-09-05,USD,RECEIVED
1879,PO-0001879,346,4,2026-02-09,USD,RECEIVED
1880,PO-0001880,426,2,2024-10-10,USD,RECEIVED
1881,PO-0001881,205,1,2026-08-25,USD,CANCELLED
1882,PO-0001882,144,6,2025-06-27,USD,RECEIVED
1883,PO-0001883,105,10,2024-08-20,USD,RECEIVED
1884,PO-0001884,209,5,2025-05-21,USD,RECEIVED
1885,PO-0001885,32,3,2026-07-25,USD,RECEIVED
1886,PO-0001886,457,10,2024-08-28,USD,RECEIVED
1887,PO-0001887,45,4,2024-03-12,USD,RECEIVED
1888,PO-0001888,474,1,2026-04-02,USD,RECEIVED
1889,PO-0001889,483,11,2024-11-24,USD,RECEIVED
1890,PO-0001890,161,6,2024-05-05,USD,RECEIVED
1891,PO-0001891,327,8,2025-01-03,USD,RECEIVED
1892,PO-0001892,482,4,2026-08-12,USD,RECEIVED
1893,PO-0001893,12,5,2026-04-03,USD,RECEIVED
1894,PO-0001894,278,10,2025-01-29,USD,RECEIVED
1895,PO-0001895,443,2,2023-06-23,USD,RECEIVED
1896,PO-0001896,495,9,2024-06-26,USD,RECEIVED
1897,PO-0001897,459,2,2025-06-15,USD,RECEIVED
1898,PO-0001898,248,6,2023-02-26,USD,CANCELLED
1899,PO-0001899,397,4,2026-08-21,USD,RECEIVED
1900,PO-0001900,233,3,2025-09-27,USD,OPEN
1901,PO-0001901,193,9,2023-12-18,USD,RECEIVED
1902,PO-0001902,473,3,2023-12-04,USD,RECEIVED
1903,PO-0001903,153,2,2024-02-14,USD,PARTIAL
1904,PO-0001904,282,5,2026-01-05,USD,CANCELLED
1905,PO-0001905,247,2,2025-07-25,USD,CANCELLED
1906,PO-0001906,432,7,2023-05-13,USD,RECEIVED
1907,PO-0001907,233,5,2026-08-21,USD,OPEN
1908,PO-0001908,437,2,2026-05-05,USD,RECEIVED
1909,PO-0001909,479,9,2025-02-27,USD,RECEIVED
1910,PO-0001910,165,9,2025-10-31,USD,RECEIVED
1911,PO-0001911,291,12,2023-03-26,USD,RECEIVED
1912,PO-0001912,128,8,2024-09-08,USD,PARTIAL
1913,PO-0001913,23,6,2024-12-11,USD,OPEN
1914,PO-0001914,170,10,2026-07-10,USD,OPEN
1915,PO-0001915,416,1,2026-07-16,USD,RECEIVED
1916,PO-0001916,426,8,2024-05-11,USD,RECEIVED
1917,PO-0001917,225,1,2026-05-23,USD,OPEN
1918,PO-0001918,85,8,2023-02-22,USD,RECEIVED
1919,PO-0001919,251,2,2026-07-01,USD,RECEIVED
1920,PO-0001920,13,9,2023-07-09,USD,PARTIAL
1921,PO-0001921,333,3,2024-06-06,USD,CANCELLED
1922,PO-0001922,394,3,2025-02-17,USD,RECEIVED
1923,PO-0001923,333,3,2025-01-14,USD,RECEIVED
1924,PO-0001924,468,4,2025-07-15,USD,RECEIVED
1925,PO-0001925,249,11,2024-02-27,USD,CANCELLED
1926,PO-0001926,423,1,2025-01-24,USD,RECEIVED
1927,PO-0001927,298,2,2026-09-08,USD,PARTIAL
1928,PO-0001928,144,11,2023-08-18,USD,RECEIVED
1929,PO-0001929,194,3,2025-04-07,USD,PARTIAL
1930,PO-0001930,280,4,2025-07-20,USD,OPEN
1931,PO-0001931,378,5,2024-10-16,USD,RECEIVED
1932,PO-0001932,292,1,2025-03-09,USD,RECEIVED
1933,PO-0001933,243,7,2025-05-15,USD,RECEIVED
1934,PO-0001934,4,12,2023-07-27,USD,RECEIVED
1935,PO-0001935,153,2,2026-05-09,USD,OPEN
1936,PO-0001936,232,11,2025-03-25,USD,RECEIVED
1937,PO-0001937,281,9,2023-04-07,USD,RECEIVED
1938,PO-0001938,136,6,2025-03-19,USD,OPEN
1939,PO-0001939,275,6,2026-06-28,USD,RECEIVED
1940,PO-0001940,17,3,2026-04-18,USD,RECEIVED
1941,PO-0001941,262,12,2023-02-22,USD,RECEIVED
1942,PO-0001942,417,2,2025-08-24,USD,RECEIVED
1943,PO-0001943,290,12,2023-11-02,USD,PARTIAL
1944,PO-0001944,285,7,2023-02-06,USD,RECEIVED
1945,PO-0001945,11,9,2024-02-26,USD,RECEIVED
1946,PO-0001946,236,3,2025-01-22,USD,RECEIVED
1947,PO-0001947,63,9,2023-11-08,USD,OPEN
1948,PO-0001948,338,6,2026-07-25,USD,PARTIAL
1949,PO-0001949,218,8,2025-12-03,USD,RECEIVED
1950,PO-0001950,98,8,2024-06-25,USD,RECEIVED
1951,PO-0001951,54,7,2025-06-12,USD,RECEIVED
1952,PO-0001952,242,9,2026-01-06,USD,RECEIVED
1953,PO-0001953,443,5,2025-01-15,USD,RECEIVED
1954,PO-0001954,18,10,2025-05-16,USD,OPEN
1955,PO-0001955,168,12,2025-12-15,USD,PARTIAL
1956,PO-0001956,300,8,2023-01-08,USD,RECEIVED
1957,PO-0001957,436,9,2024-07-27,USD,RECEIVED
1958,PO-0001958,60,11,2024-09-26,USD,RECEIVED
1959,PO-0001959,446,5,2025-03-23,USD,RECEIVED
1960,PO-0001960,220,10,2023-02-27,USD,CANCELLED
1961,PO-0001961,211,10,2024-03-10,USD,RECEIVED
1962,PO-0001962,34,6,2025-05-06,USD,RECEIVED
1963,PO-0001963,238,9,2024-10-02,USD,PARTIAL
1964,PO-0001964,198,12,2026-09-17,USD,RECEIVED
1965,PO-0001965,222,1,2024-04-24,USD,RECEIVED
1966,PO-0001966,315,12,2025-11-10,USD,RECEIVED
1967,PO-0001967,276,7,2023-07-27,USD,PARTIAL
1968,PO-0001968,380,11,2023-12-19,USD,CANCELLED
1969,PO-0001969,435,6,2025-12-17,USD,RECEIVED
1970,PO-0001970,97,9,2024-12-18,USD,PARTIAL
1971,PO-0001971,165,1,2025-08-08,USD,RECEIVED
1972,PO-0001972,417,5,2025-11-21,USD,RECEIVED
1973,PO-0001973,281,2,2026-09-02,USD,RECEIVED
1974,PO-0001974,459,12,2025-09-01,USD,RECEIVED
1975,PO-0001975,299,10,2025-05-04,USD,RECEIVED
1976,PO-0001976,416,9,2023-03-15,USD,RECEIVED
1977,PO-0001977,80,4,2026-03-12,USD,CANCELLED
1978,PO-0001978,281,4,2025-01-26,USD,CANCELLED
1979,PO-0001979,155,8,2023-02-05,USD,CANCELLED
1980,PO-0001980,262,9,2024-10-20,USD,RECEIVED
1981,PO-0001981,207,5,2025-01-23,USD,RECEIVED
1982,PO-0001982,468,11,2023-12-07,USD,RECEIVED
1983,PO-0001983,226,9,2023-07-28,USD,RECEIVED
1984,PO-0001984,366,12,2024-12-21,USD,OPEN
1985,PO-0001985,282,1,2026-06-22,USD,RECEIVED
1986,PO-0001986,247,12,2024-04-07,USD,RECEIVED
1987,PO-0001987,455,12,2025-12-17,USD,RECEIVED
1988,PO-0001988,234,12,2024-04-04,USD,RECEIVED
1989,PO-0001989,481,9,2025-04-16,USD,RECEIVED
1990,PO-0001990,475,1,2023-01-08,USD,RECEIVED
1991,PO-0001991,6,2,2023-04-20,USD,RECEIVED
1992,PO-0001992,134,3,2025-12-23,USD,RECEIVED
1993,PO-0001993,445,2,2023-04-21,USD,RECEIVED
1994,PO-0001994,495,2,2025-03-03,USD,PARTIAL
1995,PO-0001995,432,3,2024-12-26,USD,CANCELLED
1996,PO-0001996,234,1,2025-04-25,USD,RECEIVED
1997,PO-0001997,494,10,2026-03-11,USD,RECEIVED
1998,PO-0001998,464,7,2024-09-10,USD,RECEIVED
1999,PO-0001999,144,3,2024-03-02,USD,RECEIVED
2000,PO-0002000,39,6,2025-11-11,USD,RECEIVED
2001,PO-0002001,165,9,2026-07-17,USD,RECEIVED
2002,PO-0002002,248,7,2025-09-08,USD,RECEIVED
2003,PO-0002003,449,6,2023-10-29,USD,RECEIVED
2004,PO-0002004,62,3,2024-08-21,USD,RECEIVED
2005,PO-0002005,259,1,2026-08-18,USD,RECEIVED
2006,PO-0002006,483,7,2026-05-26,USD,RECEIVED
2007,PO-0002007,446,12,2026-08-07,USD,OPEN
2008,PO-0002008,247,2,2026-02-05,USD,RECEIVED
2009,PO-0002009,373,4,2024-08-13,USD,PARTIAL
2010,PO-0002010,160,11,2023-04-13,USD,RECEIVED
2011,PO-0002011,474,5,2025-11-07,USD,RECEIVED
2012,PO-0002012,399,1,2026-09-06,USD,RECEIVED
2013,PO-0002013,74,6,2024-12-30,USD,PARTIAL
2014,PO-0002014,469,4,2024-09-12,USD,RECEIVED
2015,PO-0002015,405,10,2023-10-20,USD,CANCELLED
2016,PO-0002016,220,10,2024-11-16,USD,RECEIVED
2017,PO-0002017,423,8,2023-03-03,USD,OPEN
2018,PO-0002018,52,1,2023-02-12,USD,RECEIVED
2019,PO-0002019,423,3,2023-10-29,USD,OPEN
2020,PO-0002020,241,1,2024-08-29,USD,RECEIVED
2021,PO-0002021,110,8,2026-02-04,USD,RECEIVED
2022,PO-0002022,460,6,2025-04-02,USD,PARTIAL
2023,PO-0002023,197,7,2023-04-06,USD,RECEIVED
2024,PO-0002024,131,4,2025-09-03,USD,CANCELLED
2025,PO-0002025,423,8,2026-01-03,USD,RECEIVED
2026,PO-0002026,480,8,2026-04-09,USD,RECEIVED
2027,PO-0002027,185,7,2026-01-19,USD,RECEIVED
2028,PO-0002028,28,12,2025-07-21,USD,RECEIVED
2029,PO-0002029,128,1,2025-06-12,USD,RECEIVED
2030,PO-0002030,290,6,2023-06-25,USD,RECEIVED
2031,PO-0002031,229,7,2024-11-19,USD,RECEIVED
2032,PO-0002032,297,2,2025-07-18,USD,RECEIVED
2033,PO-0002033,211,2,2025-01-03,USD,RECEIVED
2034,PO-0002034,264,10,2024-10-15,USD,RECEIVED
2035,PO-0002035,358,10,2023-09-19,USD,RECEIVED
2036,PO-0002036,221,10,2023-08-26,USD,RECEIVED
2037,PO-0002037,415,5,2024-04-26,USD,CANCELLED
2038,PO-0002038,338,2,2023-12-03,USD,RECEIVED
2039,PO-0002039,215,9,2023-05-08,USD,RECEIVED
2040,PO-0002040,295,11,2026-03-03,USD,CANCELLED
2041,PO-0002041,353,5,2025-10-29,USD,RECEIVED
2042,PO-0002042,147,5,2025-06-22,USD,RECEIVED
2043,PO-0002043,233,4,2025-05-12,USD,PARTIAL
2044,PO-0002044,226,8,2023-11-05,USD,RECEIVED
2045,PO-0002045,418,3,2026-06-24,USD,OPEN
2046,PO-0002046,227,4,2024-09-05,USD,RECEIVED
2047,PO-0002047,210,11,2026-06-14,USD,OPEN
2048,PO-0002048,228,12,2025-09-13,USD,CANCELLED
2049,PO-0002049,198,3,2023-01-16,USD,OPEN
2050,PO-0002050,127,4,2023-03-13,USD,RECEIVED
2051,PO-0002051,449,8,2024-03-02,USD,RECEIVED
2052,PO-0002052,291,8,2025-05-17,USD,RECEIVED
2053,PO-0002053,370,6,2025-08-21,USD,RECEIVED
2054,PO-0002054,402,4,2025-12-23,USD,CANCELLED
2055,PO-0002055,116,7,2026-08-17,USD,RECEIVED
2056,PO-0002056,158,12,2023-06-21,USD,RECEIVED
2057,PO-0002057,86,4,2026-02-19,USD,RECEIVED
2058,PO-0002058,371,3,2026-09-22,USD,RECEIVED
2059,PO-0002059,96,6,2023-10-24,USD,PARTIAL
2060,PO-0002060,124,6,2024-12-15,USD,RECEIVED
2061,PO-0002061,215,5,2026-05-31,USD,OPEN
2062,PO-0002062,62,10,2023-11-12,USD,RECEIVED
2063,PO-0002063,348,3,2024-11-22,USD,CANCELLED
2064,PO-0002064,42,12,2023-02-04,USD,PARTIAL
2065,PO-0002065,382,9,2025-07-27,USD,RECEIVED
2066,PO-0002066,67,12,2025-10-05,USD,OPEN
2067,PO-0002067,76,10,2025-11-27,USD,RECEIVED
2068,PO-0002068,408,7,2026-01-04,USD,CANCELLED
2069,PO-0002069,392,9,2025-12-10,USD,CANCELLED
2070,PO-0002070,226,5,2024-02-14,USD,RECEIVED
2071,PO-0002071,241,7,2024-04-25,USD,RECEIVED
2072,PO-0002072,124,2,2024-07-06,USD,RECEIVED
2073,PO-0002073,168,11,2024-04-26,USD,PARTIAL
2074,PO-0002074,90,5,2025-10-30,USD,RECEIVED
2075,PO-0002075,415,1,2024-03-27,USD,RECEIVED
2076,PO-0002076,237,6,2024-03-18,USD,RECEIVED
2077,PO-0002077,144,3,2024-02-27,USD,OPEN
2078,PO-0002078,137,10,2023-04-05,USD,PARTIAL
2079,PO-0002079,73,10,2024-09-10,USD,RECEIVED
2080,PO-0002080,323,4,2023-12-17,USD,RECEIVED
2081,PO-0002081,400,1,2025-10-02,USD,PARTIAL
2082,PO-0002082,100,10,2024-07-24,USD,RECEIVED
2083,PO-0002083,65,8,2026-07-15,USD,RECEIVED
2084,PO-0002084,470,5,2025-03-30,USD,CANCELLED
2085,PO-0002085,138,12,2023-09-14,USD,RECEIVED
2086,PO-0002086,325,12,2025-05-05,USD,RECEIVED
2087,PO-0002087,464,11,2026-09-16,USD,RECEIVED
2088,PO-0002088,465,12,2023-07-25,USD,RECEIVED
2089,PO-0002089,104,7,2023-04-04,USD,RECEIVED
2090,PO-0002090,452,3,2026-01-14,USD,RECEIVED
2091,PO-0002091,438,2,2023-06-01,USD,RECEIVED
2092,PO-0002092,271,10,2023-06-21,USD,OPEN
2093,PO-0002093,395,12,2024-01-17,USD,RECEIVED
2094,PO-0002094,462,7,2026-09-10,USD,PARTIAL
2095,PO-0002095,372,3,2024-09-13,USD,RECEIVED
2096,PO-0002096,283,2,2025-07-23,USD,PARTIAL
2097,PO-0002097,67,1,2023-03-30,USD,RECEIVED
2098,PO-0002098,283,1,2025-05-25,USD,RECEIVED
2099,PO-0002099,377,5,2025-01-02,USD,CANCELLED
2100,PO-0002100,454,5,2023-12-23,USD,RECEIVED
2101,PO-0002101,164,4,2024-12-10,USD,PARTIAL
2102,PO-0002102,341,9,2025-06-25,USD,RECEIVED
2103,PO-0002103,75,7,2023-08-10,USD,RECEIVED
2104,PO-0002104,475,3,2024-02-22,USD,RECEIVED
2105,PO-0002105,418,12,2023-02-19,USD,RECEIVED
2106,PO-0002106,120,2,2025-10-08,USD,RECEIVED
2107,PO-0002107,373,3,2023-03-04,USD,RECEIVED
2108,PO-0002108,471,11,2023-09-25,USD,RECEIVED
2109,PO-0002109,311,7,2023-08-03,USD,RECEIVED
2110,PO-0002110,444,10,2024-07-28,USD,RECEIVED
2111,PO-0002111,155,1,2023-05-16,USD,RECEIVED
2112,PO-0002112,197,3,2026-07-27,USD,RECEIVED
2113,PO-0002113,18,1,2023-11-04,USD,PARTIAL
2114,PO-0002114,110,12,2023-05-07,USD,RECEIVED
2115,PO-0002115,320,11,2026-03-14,USD,RECEIVED
2116,PO-0002116,386,3,2026-06-14,USD,RECEIVED
2117,PO-0002117,233,3,2023-03-07,USD,RECEIVED
2118,PO-0002118,492,11,2025-07-11,USD,RECEIVED
2119,PO-0002119,234,4,2026-04-28,USD,PARTIAL
2120,PO-0002120,381,7,2024-07-03,USD,RECEIVED
2121,PO-0002121,267,10,2024-08-29,USD,RECEIVED
2122,PO-0002122,346,2,2025-02-01,USD,CANCELLED
2123,PO-0002123,71,12,2024-02-13,USD,RECEIVED
2124,PO-0002124,326,7,2025-12-10,USD,RECEIVED
2125,PO-0002125,414,2,2026-08-12,USD,RECEIVED
2126,PO-0002126,442,1,2024-03-07,USD,OPEN
2127,PO-0002127,491,6,2024-11-12,USD,RECEIVED
2128,PO-0002128,11,11,2026-08-16,USD,RECEIVED
2129,PO-0002129,281,3,2026-02-20,USD,RECEIVED
2130,PO-0002130,18,11,2023-06-26,USD,RECEIVED
2131,PO-0002131,210,1,2023-09-05,USD,RECEIVED
2132,PO-0002132,22,12,2024-05-31,USD,RECEIVED
2133,PO-0002133,191,8,2026-01-22,USD,OPEN
2134,PO-0002134,205,9,2024-06-11,USD,RECEIVED
2135,PO-0002135,301,7,2024-09-16,USD,OPEN
2136,PO-0002136,156,8,2025-10-28,USD,RECEIVED
2137,PO-0002137,457,12,2023-06-26,USD,RECEIVED
2138,PO-0002138,190,6,2023-12-19,USD,PARTIAL
2139,PO-0002139,169,8,2025-01-21,USD,RECEIVED
2140,PO-0002140,350,6,2024-08-14,USD,RECEIVED
2141,PO-0002141,403,1,2023-01-10,USD,RECEIVED
2142,PO-0002142,204,7,2024-10-02,USD,RECEIVED
2143,PO-0002143,380,12,2026-08-08,USD,RECEIVED
2144,PO-0002144,157,5,2024-01-13,USD,RECEIVED
2145,PO-0002145,166,5,2025-09-10,USD,RECEIVED
2146,PO-0002146,383,6,2023-12-15,USD,RECEIVED
2147,PO-0002147,99,8,2024-12-04,USD,RECEIVED
2148,PO-0002148,277,3,2024-12-14,USD,RECEIVED
2149,PO-0002149,460,3,2025-10-24,USD,RECEIVED
2150,PO-0002150,51,12,2023-04-13,USD,OPEN
2151,PO-0002151,357,8,2026-09-03,USD,CANCELLED
2152,PO-0002152,153,10,2025-11-26,USD,RECEIVED
2153,PO-0002153,191,3,2025-02-28,USD,RECEIVED
2154,PO-0002154,397,4,2026-04-15,USD,RECEIVED
2155,PO-0002155,313,4,2024-04-28,USD,RECEIVED
2156,PO-0002156,9,9,2023-01-11,USD,RECEIVED
2157,PO-0002157,439,7,2024-07-11,USD,RECEIVED
2158,PO-0002158,302,11,2025-02-25,USD,RECEIVED
2159,PO-0002159,109,9,2025-05-20,USD,RECEIVED
2160,PO-0002160,249,2,2023-08-01,USD,RECEIVED
2161,PO-0002161,122,4,2025-03-18,USD,RECEIVED
2162,PO-0002162,142,6,2024-10-15,USD,RECEIVED
2163,PO-0002163,194,7,2026-05-16,USD,RECEIVED
2164,PO-0002164,16,9,2026-08-13,USD,RECEIVED
2165,PO-0002165,425,2,2025-10-06,USD,RECEIVED
2166,PO-0002166,466,5,2023-07-13,USD,RECEIVED
2167,PO-0002167,492,3,2026-10-01,USD,RECEIVED
2168,PO-0002168,420,2,2025-04-23,USD,RECEIVED
2169,PO-0002169,272,8,2025-05-31,USD,PARTIAL
2170,PO-0002170,172,2,2023-01-22,USD,CANCELLED
2171,PO-0002171,147,4,2023-06-06,USD,PARTIAL
2172,PO-0002172,493,8,2024-04-12,USD,RECEIVED
2173,PO-0002173,39,4,2026-06-16,USD,RECEIVED
2174,PO-0002174,30,10,2026-02-18,USD,OPEN
2175,PO-0002175,235,5,2023-08-18,USD,OPEN
2176,PO-0002176,500,2,2026-09-15,USD,RECEIVED
2177,PO-0002177,407,8,2025-01-16,USD,PARTIAL
2178,PO-0002178,300,11,2025-08-24,USD,RECEIVED
2179,PO-0002179,394,5,2023-03-05,USD,CANCELLED
2180,PO-0002180,115,4,2025-07-04,USD,RECEIVED
2181,PO-0002181,26,10,2023-05-26,USD,PARTIAL
2182,PO-0002182,112,4,2025-04-10,USD,RECEIVED
2183,PO-0002183,363,12,2023-05-08,USD,RECEIVED
2184,PO-0002184,4,4,2026-06-23,USD,RECEIVED
2185,PO-0002185,421,5,2025-03-10,USD,RECEIVED
2186,PO-0002186,374,3,2024-04-08,USD,CANCELLED
2187,PO-0002187,117,7,2023-06-29,USD,RECEIVED
2188,PO-0002188,95,3,2026-01-19,USD,PARTIAL
2189,PO-0002189,280,4,2026-04-08,USD,RECEIVED
2190,PO-0002190,29,8,2023-11-20,USD,RECEIVED
2191,PO-0002191,110,8,2025-01-10,USD,RECEIVED
2192,PO-0002192,297,10,2025-02-27,USD,RECEIVED
2193,PO-0002193,334,5,2025-05-06,USD,RECEIVED
2194,PO-0002194,82,7,2024-12-15,USD,RECEIVED
2195,PO-0002195,413,2,2024-09-12,USD,RECEIVED
2196,PO-0002196,65,3,2025-07-09,USD,RECEIVED
2197,PO-0002197,18,3,2024-05-24,USD,RECEIVED
2198,PO-0002198,436,1,2025-11-28,USD,RECEIVED
2199,PO-0002199,447,3,2025-03-04,USD,PARTIAL
2200,PO-0002200,304,3,2023-10-31,USD,RECEIVED
2201,PO-0002201,248,6,2025-12-27,USD,RECEIVED
2202,PO-0002202,200,3,2024-11-14,USD,RECEIVED
2203,PO-0002203,325,9,2024-01-24,USD,OPEN
2204,PO-0002204,367,3,2023-01-22,USD,RECEIVED
2205,PO-0002205,33,5,2024-07-27,USD,RECEIVED
2206,PO-0002206,120,11,2024-09-22,USD,RECEIVED
2207,PO-0002207,115,11,2023-01-23,USD,RECEIVED
2208,PO-0002208,343,8,2024-11-01,USD,RECEIVED
2209,PO-0002209,96,8,2024-09-17,USD,OPEN
2210,PO-0002210,144,10,2026-05-23,USD,RECEIVED
2211,PO-0002211,260,6,2024-07-02,USD,RECEIVED
2212,PO-0002212,477,12,2025-05-15,USD,PARTIAL
2213,PO-0002213,175,6,2026-05-16,USD,CANCELLED
2214,PO-0002214,204,5,2023-11-04,USD,RECEIVED
2215,PO-0002215,430,6,2025-10-30,USD,OPEN
2216,PO-0002216,336,12,2026-08-08,USD,RECEIVED
2217,PO-0002217,101,7,2023-04-25,USD,RECEIVED
2218,PO-0002218,420,8,2025-03-22,USD,RECEIVED
2219,PO-0002219,387,3,2024-01-15,USD,RECEIVED
2220,PO-0002220,276,4,2023-10-03,USD,RECEIVED
2221,PO-0002221,359,7,2023-02-18,USD,RECEIVED
2222,PO-0002222,335,6,2025-07-11,USD,CANCELLED
2223,PO-0002223,435,8,2025-11-12,USD,RECEIVED
2224,PO-0002224,153,9,2025-03-13,USD,RECEIVED
2225,PO-0002225,96,11,2025-02-18,USD,RECEIVED
2226,PO-0002226,498,9,2024-03-03,USD,RECEIVED
2227,PO-0002227,268,3,2024-04-08,USD,RECEIVED
2228,PO-0002228,143,7,2026-03-28,USD,RECEIVED
2229,PO-0002229,170,9,2024-09-26,USD,RECEIVED
2230,PO-0002230,53,12,2025-02-22,USD,RECEIVED
2231,PO-0002231,254,4,2025-03-31,USD,RECEIVED
2232,PO-0002232,266,5,2025-07-13,USD,CANCELLED
2233,PO-0002233,264,11,2026-08-01,USD,RECEIVED
2234,PO-0002234,148,7,2023-06-17,USD,RECEIVED
2235,PO-0002235,138,6,2023-07-02,USD,OPEN
2236,PO-0002236,108,12,2025-05-16,USD,RECEIVED
2237,PO-0002237,392,10,2026-03-28,USD,RECEIVED
2238,PO-0002238,206,1,2024-08-06,USD,RECEIVED
2239,PO-0002239,1,3,2024-08-11,USD,RECEIVED
2240,PO-0002240,175,6,2026-01-14,USD,RECEIVED
2241,PO-0002241,253,7,2025-09-15,USD,RECEIVED
2242,PO-0002242,11,1,2026-04-13,USD,CANCELLED
2243,PO-0002243,263,3,2025-03-16,USD,CANCELLED
2244,PO-0002244,277,8,2026-06-12,USD,RECEIVED
2245,PO-0002245,203,2,2023-04-30,USD,PARTIAL
2246,PO-0002246,172,6,2024-03-31,USD,RECEIVED
2247,PO-0002247,450,8,2024-05-03,USD,RECEIVED
2248,PO-0002248,137,12,2024-09-23,USD,CANCELLED
2249,PO-0002249,2,6,2024-02-17,USD,RECEIVED
2250,PO-0002250,316,10,2024-09-04,USD,RECEIVED
2251,PO-0002251,45,10,2025-04-26,USD,RECEIVED
2252,PO-0002252,37,8,2026-04-07,USD,RECEIVED
2253,PO-0002253,316,2,2023-09-03,USD,RECEIVED
2254,PO-0002254,437,1,2024-06-30,USD,RECEIVED
2255,PO-0002255,96,9,2023-09-20,USD,PARTIAL
2256,PO-0002256,110,1,2024-08-14,USD,RECEIVED
2257,PO-0002257,182,1,2023-02-06,USD,OPEN
2258,PO-0002258,351,10,2024-06-07,USD,RECEIVED
2259,PO-0002259,26,4,2024-11-30,USD,PARTIAL
2260,PO-0002260,200,6,2026-08-29,USD,CANCELLED
2261,PO-0002261,390,5,2026-05-02,USD,RECEIVED
2262,PO-0002262,178,9,2025-11-02,USD,RECEIVED
2263,PO-0002263,412,6,2023-11-02,USD,RECEIVED
2264,PO-0002264,356,5,2026-06-04,USD,RECEIVED
2265,PO-0002265,127,9,2026-09-09,USD,RECEIVED
2266,PO-0002266,186,7,2026-09-15,USD,RECEIVED
2267,PO-0002267,343,6,2025-10-29,USD,PARTIAL
2268,PO-0002268,415,2,2026-03-06,USD,RECEIVED
2269,PO-0002269,83,7,2026-09-20,USD,RECEIVED
2270,PO-0002270,255,4,2023-07-11,USD,OPEN
2271,PO-0002271,436,9,2025-12-16,USD,RECEIVED
2272,PO-0002272,300,2,2024-04-29,USD,CANCELLED
2273,PO-0002273,237,4,2024-11-29,USD,OPEN
2274,PO-0002274,339,5,2026-04-28,USD,RECEIVED
2275,PO-0002275,341,4,2026-03-31,USD,RECEIVED
2276,PO-0002276,283,2,2023-08-03,USD,PARTIAL
2277,PO-0002277,484,3,2025-07-09,USD,RECEIVED
2278,PO-0002278,272,7,2024-09-30,USD,RECEIVED
2279,PO-0002279,95,8,2024-12-29,USD,RECEIVED
2280,PO-0002280,447,11,2026-07-30,USD,RECEIVED
2281,PO-0002281,478,7,2025-03-11,USD,RECEIVED
2282,PO-0002282,412,2,2025-05-29,USD,PARTIAL
2283,PO-0002283,118,4,2024-05-31,USD,RECEIVED
2284,PO-0002284,190,7,2026-06-11,USD,RECEIVED
2285,PO-0002285,429,9,2023-05-16,USD,RECEIVED
2286,PO-0002286,223,2,2024-10-14,USD,OPEN
2287,PO-0002287,336,4,2023-10-03,USD,RECEIVED
2288,PO-0002288,93,1,2023-12-13,USD,CANCELLED
2289,PO-0002289,60,11,2026-01-03,USD,RECEIVED
2290,PO-0002290,398,11,2026-07-20,USD,RECEIVED
2291,PO-0002291,276,2,2025-03-12,USD,RECEIVED
2292,PO-0002292,416,3,2026-09-16,USD,RECEIVED
2293,PO-0002293,371,8,2025-10-16,USD,OPEN
2294,PO-0002294,472,3,2026-01-16,USD,RECEIVED
2295,PO-0002295,351,8,2024-04-03,USD,RECEIVED
2296,PO-0002296,248,6,2025-01-10,USD,RECEIVED
2297,PO-0002297,438,11,2024-04-14,USD,RECEIVED
2298,PO-0002298,485,11,2026-08-24,USD,RECEIVED
2299,PO-0002299,104,5,2025-06-07,USD,RECEIVED
2300,PO-0002300,357,8,2024-02-20,USD,RECEIVED
2301,PO-0002301,111,6,2023-03-31,USD,RECEIVED
2302,PO-0002302,499,9,2025-12-23,USD,PARTIAL
2303,PO-0002303,306,3,2024-12-17,USD,CANCELLED
2304,PO-0002304,403,8,2023-11-30,USD,RECEIVED
2305,PO-0002305,55,7,2023-08-12,USD,OPEN
2306,PO-0002306,243,4,2025-02-02,USD,RECEIVED
2307,PO-0002307,405,7,2026-06-12,USD,RECEIVED
2308,PO-0002308,154,11,2026-09-27,USD,RECEIVED
2309,PO-0002309,80,10,2023-08-25,USD,RECEIVED
2310,PO-0002310,331,7,2025-03-30,USD,RECEIVED
2311,PO-0002311,313,1,2024-03-15,USD,RECEIVED
2312,PO-0002312,14,8,2025-07-13,USD,RECEIVED
2313,PO-0002313,294,8,2024-08-08,USD,RECEIVED
2314,PO-0002314,157,8,2023-07-16,USD,PARTIAL
2315,PO-0002315,292,1,2024-07-22,USD,CANCELLED
2316,PO-0002316,345,11,2025-03-04,USD,OPEN
2317,PO-0002317,292,3,2026-08-14,USD,RECEIVED
2318,PO-0002318,421,11,2023-11-03,USD,RECEIVED
2319,PO-0002319,181,2,2023-05-15,USD,RECEIVED
2320,PO-0002320,477,7,2025-07-05,USD,RECEIVED
2321,PO-0002321,62,2,2023-11-08,USD,RECEIVED
2322,PO-0002322,241,12,2023-10-06,USD,RECEIVED
2323,PO-0002323,142,6,2025-11-07,USD,RECEIVED
2324,PO-0002324,248,11,2023-02-10,USD,RECEIVED
2325,PO-0002325,101,5,2023-07-09,USD,RECEIVED
2326,PO-0002326,83,9,2026-06-13,USD,RECEIVED
2327,PO-0002327,323,4,2024-08-28,USD,RECEIVED
2328,PO-0002328,104,10,2024-10-12,USD,RECEIVED
2329,PO-0002329,83,2,2025-09-23,USD,RECEIVED
2330,PO-0002330,468,6,2025-06-14,USD,PARTIAL
2331,PO-0002331,384,12,2025-11-07,USD,RECEIVED
2332,PO-0002332,155,4,2026-08-27,USD,OPEN
2333,PO-0002333,236,12,2026-04-28,USD,RECEIVED
2334,PO-0002334,397,12,2024-07-27,USD,RECEIVED
2335,PO-0002335,76,2,2025-06-10,USD,CANCELLED
2336,PO-0002336,422,7,2023-12-28,USD,RECEIVED
2337,PO-0002337,395,8,2023-04-30,USD,CANCELLED
2338,PO-0002338,91,11,2023-09-14,USD,CANCELLED
2339,PO-0002339,188,2,2024-12-12,USD,PARTIAL
2340,PO-0002340,299,5,2024-01-01,USD,RECEIVED
2341,PO-0002341,70,6,2024-03-15,USD,OPEN
2342,PO-0002342,214,11,2023-07-20,USD,CANCELLED
2343,PO-0002343,3,11,2023-02-27,USD,RECEIVED
2344,PO-0002344,33,11,2024-12-02,USD,PARTIAL
2345,PO-0002345,269,3,2023-12-12,USD,RECEIVED
2346,PO-0002346,430,7,2023-12-06,USD,RECEIVED
2347,PO-0002347,286,7,2026-06-28,USD,PARTIAL
2348,PO-0002348,473,5,2023-03-16,USD,RECEIVED
2349,PO-0002349,387,5,2023-09-13,USD,RECEIVED
2350,PO-0002350,24,11,2025-09-07,USD,RECEIVED
2351,PO-0002351,104,7,2025-02-25,USD,CANCELLED
2352,PO-0002352,124,9,2023-10-25,USD,RECEIVED
2353,PO-0002353,433,9,2025-04-11,USD,RECEIVED
2354,PO-0002354,434,2,2023-11-14,USD,RECEIVED
2355,PO-0002355,306,1,2026-08-14,USD,CANCELLED
2356,PO-0002356,149,1,2024-02-26,USD,RECEIVED
2357,PO-0002357,228,4,2023-02-27,USD,RECEIVED
2358,PO-0002358,131,6,2026-07-26,USD,OPEN
2359,PO-0002359,73,7,2025-08-20,USD,OPEN
2360,PO-0002360,310,9,2024-05-14,USD,CANCELLED
2361,PO-0002361,271,5,2023-02-07,USD,RECEIVED
2362,PO-0002362,288,2,2024-06-30,USD,PARTIAL
2363,PO-0002363,206,5,2026-05-25,USD,OPEN
2364,PO-0002364,498,5,2024-02-13,USD,RECEIVED
2365,PO-0002365,272,2,2025-03-04,USD,PARTIAL
2366,PO-0002366,437,9,2026-06-17,USD,RECEIVED
2367,PO-0002367,107,1,2023-05-26,USD,PARTIAL
2368,PO-0002368,346,3,2025-02-16,USD,RECEIVED
2369,PO-0002369,429,1,2023-01-31,USD,RECEIVED
2370,PO-0002370,250,11,2023-06-28,USD,RECEIVED
2371,PO-0002371,397,10,2026-01-17,USD,RECEIVED
2372,PO-0002372,373,11,2024-12-26,USD,RECEIVED
2373,PO-0002373,179,9,2025-05-29,USD,RECEIVED
2374,PO-0002374,3,9,2023-05-14,USD,RECEIVED
2375,PO-0002375,497,5,2026-02-03,USD,RECEIVED
2376,PO-0002376,175,4,2025-06-23,USD,RECEIVED
2377,PO-0002377,246,1,2025-12-11,USD,RECEIVED
2378,PO-0002378,276,7,2025-11-19,USD,RECEIVED
2379,PO-0002379,8,12,2023-06-11,USD,OPEN
2380,PO-0002380,27,6,2026-03-24,USD,RECEIVED
2381,PO-0002381,144,9,2023-02-28,USD,PARTIAL
2382,PO-0002382,308,11,2026-06-05,USD,RECEIVED
2383,PO-0002383,319,6,2024-12-29,USD,CANCELLED
2384,PO-0002384,101,8,2025-11-16,USD,CANCELLED
2385,PO-0002385,325,12,2024-02-06,USD,PARTIAL
2386,PO-0002386,209,3,2024-01-04,USD,CANCELLED
2387,PO-0002387,84,1,2026-03-01,USD,RECEIVED
2388,PO-0002388,231,7,2023-06-21,USD,RECEIVED
2389,PO-0002389,428,8,2024-10-11,USD,CANCELLED
2390,PO-0002390,112,7,2024-10-14,USD,CANCELLED
2391,PO-0002391,371,8,2024-12-20,USD,PARTIAL
2392,PO-0002392,494,1,2026-01-27,USD,RECEIVED
2393,PO-0002393,348,9,2026-03-06,USD,RECEIVED
2394,PO-0002394,42,11,2023-01-13,USD,RECEIVED
2395,PO-0002395,63,6,2024-08-06,USD,RECEIVED
2396,PO-0002396,335,9,2025-11-10,USD,CANCELLED
2397,PO-0002397,223,11,2025-10-21,USD,RECEIVED
2398,PO-0002398,174,7,2026-05-31,USD,CANCELLED
2399,PO-0002399,361,7,2024-08-28,USD,RECEIVED
2400,PO-0002400,470,10,2024-07-18,USD,OPEN
2401,PO-0002401,221,12,2023-09-24,USD,RECEIVED
2402,PO-0002402,238,2,2024-12-11,USD,RECEIVED
2403,PO-0002403,112,2,2024-10-15,USD,RECEIVED
2404,PO-0002404,259,5,2025-10-05,USD,RECEIVED
2405,PO-0002405,50,1,2023-09-08,USD,RECEIVED
2406,PO-0002406,272,9,2023-03-08,USD,RECEIVED
2407,PO-0002407,257,6,2024-06-07,USD,OPEN
2408,PO-0002408,249,6,2024-08-25,USD,CANCELLED
2409,PO-0002409,352,5,2023-06-25,USD,RECEIVED
2410,PO-0002410,99,11,2026-09-24,USD,RECEIVED
2411,PO-0002411,255,5,2026-06-07,USD,PARTIAL
2412,PO-0002412,221,2,2025-02-22,USD,RECEIVED
2413,PO-0002413,134,11,2026-08-29,USD,RECEIVED
2414,PO-0002414,432,4,2025-04-02,USD,RECEIVED
2415,PO-0002415,52,7,2024-05-21,USD,RECEIVED
2416,PO-0002416,459,3,2024-05-18,USD,OPEN
2417,PO-0002417,341,6,2025-01-08,USD,RECEIVED
2418,PO-0002418,160,4,2026-04-12,USD,RECEIVED
2419,PO-0002419,465,6,2023-03-24,USD,RECEIVED
2420,PO-0002420,250,2,2023-10-29,USD,RECEIVED
2421,PO-0002421,46,2,2026-09-06,USD,RECEIVED
2422,PO-0002422,441,9,2026-01-08,USD,PARTIAL
2423,PO-0002423,344,4,2023-05-27,USD,CANCELLED
2424,PO-0002424,46,7,2025-01-18,USD,PARTIAL
2425,PO-0002425,102,10,2024-11-01,USD,RECEIVED
2426,PO-0002426,376,7,2023-06-26,USD,RECEIVED
2427,PO-0002427,406,3,2024-01-20,USD,RECEIVED
2428,PO-0002428,500,3,2025-07-08,USD,PARTIAL
2429,PO-0002429,282,1,2026-09-20,USD,RECEIVED
2430,PO-0002430,426,2,2026-05-16,USD,RECEIVED
2431,PO-0002431,316,1,2025-10-25,USD,PARTIAL
2432,PO-0002432,492,10,2026-02-02,USD,CANCELLED
2433,PO-0002433,400,7,2025-10-09,USD,OPEN
2434,PO-0002434,275,1,2025-07-22,USD,RECEIVED
2435,PO-0002435,162,7,2026-02-24,USD,RECEIVED
2436,PO-0002436,185,11,2023-07-16,USD,RECEIVED
2437,PO-0002437,96,10,2025-04-17,USD,PARTIAL
2438,PO-0002438,344,9,2024-05-04,USD,CANCELLED
2439,PO-0002439,143,8,2024-01-07,USD,RECEIVED
2440,PO-0002440,334,12,2025-12-02,USD,OPEN
2441,PO-0002441,335,6,2023-06-24,USD,RECEIVED
2442,PO-0002442,242,1,2023-04-02,USD,RECEIVED
2443,PO-0002443,317,8,2026-05-19,USD,RECEIVED
2444,PO-0002444,355,8,2026-06-12,USD,RECEIVED
2445,PO-0002445,336,1,2025-11-10,USD,CANCELLED
2446,PO-0002446,405,2,2026-04-17,USD,RECEIVED
2447,PO-0002447,494,3,2023-01-29,USD,PARTIAL
2448,PO-0002448,344,6,2025-01-15,USD,PARTIAL
2449,PO-0002449,48,5,2025-02-13,USD,RECEIVED
2450,PO-0002450,41,5,2025-01-02,USD,RECEIVED
2451,PO-0002451,28,5,2026-06-16,USD,PARTIAL
2452,PO-0002452,280,6,2024-11-14,USD,RECEIVED
2453,PO-0002453,50,8,2025-02-20,USD,RECEIVED
2454,PO-0002454,445,7,2023-05-06,USD,OPEN
2455,PO-0002455,491,4,2023-07-04,USD,RECEIVED
2456,PO-0002456,396,6,2026-06-14,USD,RECEIVED
2457,PO-0002457,316,2,2023-03-03,USD,RECEIVED
2458,PO-0002458,191,10,2023-07-06,USD,RECEIVED
2459,PO-0002459,393,6,2023-05-16,USD,RECEIVED
2460,PO-0002460,200,10,2023-02-24,USD,RECEIVED
2461,PO-0002461,40,12,2024-10-21,USD,RECEIVED
2462,PO-0002462,428,5,2023-09-23,USD,RECEIVED
2463,PO-0002463,272,6,2025-03-11,USD,RECEIVED
2464,PO-0002464,286,5,2024-04-06,USD,RECEIVED
2465,PO-0002465,302,2,2024-05-14,USD,OPEN
2466,PO-0002466,314,7,2023-07-24,USD,RECEIVED
2467,PO-0002467,330,3,2024-04-24,USD,RECEIVED
2468,PO-0002468,45,7,2024-04-21,USD,RECEIVED
2469,PO-0002469,160,1,2025-04-25,USD,RECEIVED
2470,PO-0002470,70,4,2025-01-06,USD,RECEIVED
2471,PO-0002471,477,9,2026-01-19,USD,RECEIVED
2472,PO-0002472,463,6,2024-12-20,USD,RECEIVED
2473,PO-0002473,83,11,2025-04-10,USD,RECEIVED
2474,PO-0002474,59,12,2024-07-16,USD,RECEIVED
2475,PO-0002475,467,11,2024-12-12,USD,RECEIVED
2476,PO-0002476,453,7,2025-12-20,USD,RECEIVED
2477,PO-0002477,474,12,2026-01-23,USD,RECEIVED
2478,PO-0002478,364,4,2023-11-09,USD,CANCELLED
2479,PO-0002479,470,6,2026-06-03,USD,RECEIVED
2480,PO-0002480,206,8,2024-08-02,USD,RECEIVED
2481,PO-0002481,303,1,2026-07-09,USD,RECEIVED
2482,PO-0002482,490,1,2023-10-29,USD,RECEIVED
2483,PO-0002483,25,5,2023-11-15,USD,CANCELLED
2484,PO-0002484,119,6,2026-08-13,USD,RECEIVED
2485,PO-0002485,494,9,2025-10-29,USD,OPEN
2486,PO-0002486,356,11,2023-01-11,USD,RECEIVED
2487,PO-0002487,410,6,2024-04-14,USD,CANCELLED
2488,PO-0002488,295,7,2025-09-13,USD,OPEN
2489,PO-0002489,378,6,2026-05-27,USD,RECEIVED
2490,PO-0002490,309,9,2025-09-30,USD,OPEN
2491,PO-0002491,352,1,2024-08-26,USD,RECEIVED
2492,PO-0002492,424,4,2026-09-22,USD,RECEIVED
2493,PO-0002493,83,10,2024-05-12,USD,RECEIVED
2494,PO-0002494,344,4,2024-08-02,USD,RECEIVED
2495,PO-0002495,162,3,2023-01-19,USD,RECEIVED
2496,PO-0002496,318,5,2026-07-02,USD,RECEIVED
2497,PO-0002497,378,11,2026-06-11,USD,PARTIAL
2498,PO-0002498,161,4,2026-08-26,USD,PARTIAL
2499,PO-0002499,2,7,2025-03-03,USD,RECEIVED
2500,PO-0002500,311,7,2025-10-16,USD,PARTIAL
2501,PO-0002501,9,1,2025-09-22,USD,RECEIVED
2502,PO-0002502,374,9,2025-08-31,USD,RECEIVED
2503,PO-0002503,169,1,2026-03-01,USD,RECEIVED
2504,PO-0002504,344,10,2023-10-05,USD,RECEIVED
2505,PO-0002505,196,5,2025-11-16,USD,RECEIVED
2506,PO-0002506,396,5,2023-07-01,USD,RECEIVED
2507,PO-0002507,344,8,2023-02-27,USD,PARTIAL
2508,PO-0002508,49,12,2024-01-31,USD,PARTIAL
2509,PO-0002509,130,12,2023-09-23,USD,PARTIAL
2510,PO-0002510,34,9,2025-02-23,USD,RECEIVED
2511,PO-0002511,126,12,2025-05-30,USD,RECEIVED
2512,PO-0002512,118,7,2023-07-08,USD,RECEIVED
2513,PO-0002513,180,6,2024-04-07,USD,RECEIVED
2514,PO-0002514,444,6,2024-04-11,USD,RECEIVED
2515,PO-0002515,272,12,2024-02-12,USD,RECEIVED
2516,PO-0002516,108,1,2023-10-24,USD,RECEIVED
2517,PO-0002517,481,1,2026-04-28,USD,RECEIVED
2518,PO-0002518,114,1,2024-03-23,USD,RECEIVED
2519,PO-0002519,260,9,2025-05-23,USD,OPEN
2520,PO-0002520,229,5,2026-06-18,USD,RECEIVED
2521,PO-0002521,390,1,2024-07-24,USD,RECEIVED
2522,PO-0002522,385,12,2024-01-14,USD,RECEIVED
2523,PO-0002523,286,9,2026-07-22,USD,CANCELLED
2524,PO-0002524,366,1,2023-01-14,USD,RECEIVED
2525,PO-0002525,200,8,2024-05-12,USD,PARTIAL
2526,PO-0002526,336,10,2023-09-03,USD,RECEIVED
2527,PO-0002527,104,10,2025-05-21,USD,RECEIVED
2528,PO-0002528,204,12,2024-07-05,USD,RECEIVED
2529,PO-0002529,296,12,2024-10-10,USD,PARTIAL
2530,PO-0002530,68,6,2024-12-05,USD,RECEIVED
2531,PO-0002531,393,6,2026-04-28,USD,PARTIAL
2532,PO-0002532,181,4,2024-12-30,USD,RECEIVED
2533,PO-0002533,296,7,2025-03-17,USD,RECEIVED
2534,PO-0002534,95,4,2023-10-29,USD,RECEIVED
2535,PO-0002535,448,7,2023-01-19,USD,PARTIAL
2536,PO-0002536,13,12,2024-02-18,USD,RECEIVED
2537,PO-0002537,23,2,2026-04-24,USD,RECEIVED
2538,PO-0002538,263,12,2024-03-27,USD,CANCELLED
2539,PO-0002539,280,2,2023-10-19,USD,CANCELLED
2540,PO-0002540,301,5,2026-06-08,USD,RECEIVED
2541,PO-0002541,373,3,2023-01-21,USD,RECEIVED
2542,PO-0002542,451,5,2024-04-29,USD,CANCELLED
2543,PO-0002543,107,2,2025-06-04,USD,RECEIVED
2544,PO-0002544,38,2,2023-05-05,USD,RECEIVED
2545,PO-0002545,356,3,2026-06-25,USD,RECEIVED
2546,PO-0002546,26,3,2025-08-14,USD,RECEIVED
2547,PO-0002547,4,10,2024-06-28,USD,RECEIVED
2548,PO-0002548,367,8,2024-01-10,USD,CANCELLED
2549,PO-0002549,291,2,2024-06-25,USD,RECEIVED
2550,PO-0002550,201,11,2026-06-01,USD,OPEN
2551,PO-0002551,171,6,2024-06-20,USD,PARTIAL
2552,PO-0002552,78,1,2023-05-07,USD,OPEN
2553,PO-0002553,381,3,2023-10-24,USD,RECEIVED
2554,PO-0002554,287,1,2025-03-09,USD,RECEIVED
2555,PO-0002555,51,10,2025-12-30,USD,CANCELLED
2556,PO-0002556,208,8,2023-11-25,USD,RECEIVED
2557,PO-0002557,461,3,2023-10-15,USD,RECEIVED
2558,PO-0002558,391,6,2023-05-18,USD,PARTIAL
2559,PO-0002559,36,6,2026-08-26,USD,RECEIVED
2560,PO-0002560,460,7,2025-08-31,USD,CANCELLED
2561,PO-0002561,418,2,2025-06-25,USD,RECEIVED
2562,PO-0002562,491,6,2023-12-05,USD,RECEIVED
2563,PO-0002563,362,4,2026-05-15,USD,PARTIAL
2564,PO-0002564,319,10,2023-01-06,USD,RECEIVED
2565,PO-0002565,50,7,2024-06-26,USD,OPEN
2566,PO-0002566,168,4,2023-03-27,USD,RECEIVED
2567,PO-0002567,267,9,2026-04-25,USD,PARTIAL
2568,PO-0002568,461,7,2024-07-04,USD,CANCELLED
2569,PO-0002569,460,5,2026-07-16,USD,RECEIVED
2570,PO-0002570,369,9,2023-10-29,USD,RECEIVED
2571,PO-0002571,294,9,2024-05-29,USD,RECEIVED
2572,PO-0002572,303,10,2023-05-12,USD,RECEIVED
2573,PO-0002573,374,12,2023-10-31,USD,RECEIVED
2574,PO-0002574,358,4,2023-10-27,USD,RECEIVED
2575,PO-0002575,106,8,2023-09-17,USD,RECEIVED
2576,PO-0002576,405,6,2024-05-28,USD,RECEIVED
2577,PO-0002577,89,2,2024-08-25,USD,RECEIVED
2578,PO-0002578,243,9,2024-07-22,USD,RECEIVED
2579,PO-0002579,414,6,2024-11-22,USD,CANCELLED
2580,PO-0002580,401,12,2025-11-27,USD,RECEIVED
2581,PO-0002581,378,7,2025-10-31,USD,RECEIVED
2582,PO-0002582,498,6,2023-10-23,USD,OPEN
2583,PO-0002583,220,3,2026-02-24,USD,RECEIVED
2584,PO-0002584,238,10,2026-04-01,USD,RECEIVED
2585,PO-0002585,72,2,2023-04-18,USD,RECEIVED
2586,PO-0002586,452,11,2023-02-17,USD,OPEN
2587,PO-0002587,30,2,2024-11-16,USD,RECEIVED
2588,PO-0002588,480,12,2026-01-19,USD,RECEIVED
2589,PO-0002589,263,6,2025-03-09,USD,RECEIVED
2590,PO-0002590,385,12,2024-06-11,USD,PARTIAL
2591,PO-0002591,307,12,2025-02-26,USD,RECEIVED
2592,PO-0002592,89,7,2024-05-12,USD,CANCELLED
2593,PO-0002593,378,3,2024-10-30,USD,RECEIVED
2594,PO-0002594,228,2,2024-01-14,USD,RECEIVED
2595,PO-0002595,114,8,2025-11-22,USD,CANCELLED
2596,PO-0002596,233,4,2023-10-06,USD,OPEN
2597,PO-0002597,435,8,2023-09-06,USD,RECEIVED
2598,PO-0002598,243,11,2026-03-22,USD,RECEIVED
2599,PO-0002599,123,9,2023-06-02,USD,CANCELLED
2600,PO-0002600,33,1,2024-03-13,USD,CANCELLED
2601,PO-0002601,161,11,2023-09-14,USD,RECEIVED
2602,PO-0002602,386,10,2026-08-06,USD,RECEIVED
2603,PO-0002603,131,1,2025-10-17,USD,CANCELLED
2604,PO-0002604,58,8,2023-09-30,USD,RECEIVED
2605,PO-0002605,159,12,2023-10-09,USD,PARTIAL
2606,PO-0002606,56,5,2023-03-16,USD,OPEN
2607,PO-0002607,238,3,2024-02-10,USD,RECEIVED
2608,PO-0002608,233,7,2024-09-27,USD,RECEIVED
2609,PO-0002609,292,3,2024-07-21,USD,RECEIVED
2610,PO-0002610,15,9,2024-02-13,USD,RECEIVED
2611,PO-0002611,312,12,2025-05-09,USD,OPEN
2612,PO-0002612,496,1,2024-10-11,USD,OPEN
2613,PO-0002613,49,10,2024-02-17,USD,RECEIVED
2614,PO-0002614,157,12,2024-12-10,USD,RECEIVED
2615,PO-0002615,495,9,2026-04-14,USD,RECEIVED
2616,PO-0002616,336,3,2023-05-24,USD,RECEIVED
2617,PO-0002617,363,10,2023-09-25,USD,PARTIAL
2618,PO-0002618,423,6,2023-05-20,USD,RECEIVED
2619,PO-0002619,458,8,2024-02-04,USD,RECEIVED
2620,PO-0002620,64,1,2024-07-11,USD,RECEIVED
2621,PO-0002621,386,3,2024-10-09,USD,RECEIVED
2622,PO-0002622,194,3,2023-02-08,USD,PARTIAL
2623,PO-0002623,151,8,2024-09-04,USD,RECEIVED
2624,PO-0002624,254,8,2025-08-07,USD,RECEIVED
2625,PO-0002625,302,11,2024-08-30,USD,OPEN
2626,PO-0002626,331,2,2023-06-07,USD,PARTIAL
2627,PO-0002627,258,4,2025-05-16,USD,RECEIVED
2628,PO-0002628,286,1,2023-10-07,USD,RECEIVED
2629,PO-0002629,116,1,2026-03-15,USD,RECEIVED
2630,PO-0002630,262,4,2026-01-25,USD,RECEIVED
2631,PO-0002631,363,5,2023-06-08,USD,RECEIVED
2632,PO-0002632,324,3,2024-09-04,USD,OPEN
2633,PO-0002633,462,12,2024-12-27,USD,PARTIAL
2634,PO-0002634,404,4,2026-02-26,USD,CANCELLED
2635,PO-0002635,449,12,2026-02-22,USD,RECEIVED
2636,PO-0002636,113,9,2023-03-13,USD,PARTIAL
2637,PO-0002637,406,8,2024-07-03,USD,OPEN
2638,PO-0002638,328,7,2026-02-11,USD,OPEN
2639,PO-0002639,334,7,2023-02-02,USD,RECEIVED
2640,PO-0002640,27,11,2023-08-31,USD,CANCELLED
2641,PO-0002641,138,2,2024-01-21,USD,RECEIVED
2642,PO-0002642,443,8,2024-12-08,USD,RECEIVED
2643,PO-0002643,18,2,2024-09-29,USD,PARTIAL
2644,PO-0002644,330,6,2023-06-28,USD,OPEN
2645,PO-0002645,68,1,2024-06-10,USD,RECEIVED
2646,PO-0002646,195,8,2025-05-12,USD,RECEIVED
2647,PO-0002647,258,6,2025-04-23,USD,RECEIVED
2648,PO-0002648,327,5,2023-04-14,USD,RECEIVED
2649,PO-0002649,423,9,2024-02-16,USD,RECEIVED
2650,PO-0002650,147,8,2025-02-07,USD,RECEIVED
2651,PO-0002651,478,2,2023-07-05,USD,RECEIVED
2652,PO-0002652,408,7,2024-09-19,USD,RECEIVED
2653,PO-0002653,15,3,2026-04-26,USD,PARTIAL
2654,PO-0002654,274,1,2024-01-01,USD,PARTIAL
2655,PO-0002655,218,12,2026-04-09,USD,RECEIVED
2656,PO-0002656,320,10,2023-04-02,USD,RECEIVED
2657,PO-0002657,300,12,2023-12-19,USD,RECEIVED
2658,PO-0002658,244,2,2024-06-13,USD,RECEIVED
2659,PO-0002659,445,3,2024-12-29,USD,RECEIVED
2660,PO-0002660,407,8,2025-04-05,USD,RECEIVED
2661,PO-0002661,482,11,2025-02-01,USD,RECEIVED
2662,PO-0002662,454,7,2024-03-29,USD,RECEIVED
2663,PO-0002663,83,12,2023-03-16,USD,RECEIVED
2664,PO-0002664,20,12,2025-09-01,USD,RECEIVED
2665,PO-0002665,188,8,2024-07-21,USD,RECEIVED
2666,PO-0002666,28,8,2025-01-27,USD,RECEIVED
2667,PO-0002667,309,9,2026-05-01,USD,RECEIVED
2668,PO-0002668,124,8,2026-01-30,USD,RECEIVED
2669,PO-0002669,487,10,2025-08-25,USD,RECEIVED
2670,PO-0002670,288,11,2026-02-28,USD,RECEIVED
2671,PO-0002671,90,4,2026-06-12,USD,RECEIVED
2672,PO-0002672,232,12,2023-06-14,USD,RECEIVED
2673,PO-0002673,188,6,2023-08-13,USD,CANCELLED
2674,PO-0002674,293,12,2023-05-26,USD,RECEIVED
2675,PO-0002675,260,9,2026-08-25,USD,RECEIVED
2676,PO-0002676,310,10,2024-05-17,USD,PARTIAL
2677,PO-0002677,9,2,2024-01-19,USD,RECEIVED
2678,PO-0002678,112,3,2026-03-27,USD,RECEIVED
2679,PO-0002679,122,4,2023-11-24,USD,RECEIVED
2680,PO-0002680,186,6,2023-09-12,USD,OPEN
2681,PO-0002681,356,8,2025-04-19,USD,RECEIVED
2682,PO-0002682,19,9,2026-01-11,USD,RECEIVED
2683,PO-0002683,216,10,2025-07-28,USD,RECEIVED
2684,PO-0002684,219,8,2023-11-13,USD,RECEIVED
2685,PO-0002685,363,4,2024-08-24,USD,OPEN
2686,PO-0002686,160,1,2024-12-09,USD,RECEIVED
2687,PO-0002687,2,11,2023-03-20,USD,RECEIVED
2688,PO-0002688,355,10,2025-07-04,USD,RECEIVED
2689,PO-0002689,87,8,2026-08-06,USD,CANCELLED
2690,PO-0002690,187,8,2024-11-06,USD,RECEIVED
2691,PO-0002691,270,2,2023-09-01,USD,RECEIVED
2692,PO-0002692,7,9,2026-10-01,USD,RECEIVED
2693,PO-0002693,227,5,2023-03-24,USD,PARTIAL
2694,PO-0002694,31,6,2024-03-24,USD,RECEIVED
2695,PO-0002695,93,8,2024-04-23,USD,RECEIVED
2696,PO-0002696,186,8,2024-06-17,USD,RECEIVED
2697,PO-0002697,209,4,2025-12-16,USD,RECEIVED
2698,PO-0002698,273,4,2026-08-02,USD,RECEIVED
2699,PO-0002699,108,2,2026-02-22,USD,RECEIVED
2700,PO-0002700,404,7,2023-01-22,USD,RECEIVED
2701,PO-0002701,309,5,2023-12-01,USD,PARTIAL
2702,PO-0002702,120,2,2025-06-07,USD,RECEIVED
2703,PO-0002703,350,1,2026-01-04,USD,PARTIAL
2704,PO-0002704,228,2,2025-08-13,USD,OPEN
2705,PO-0002705,300,1,2023-03-11,USD,RECEIVED
2706,PO-0002706,351,1,2025-07-29,USD,RECEIVED
2707,PO-0002707,487,12,2024-07-19,USD,RECEIVED
2708,PO-0002708,175,6,2024-02-04,USD,RECEIVED
2709,PO-0002709,103,6,2023-09-02,USD,PARTIAL
2710,PO-0002710,80,4,2026-03-03,USD,RECEIVED
2711,PO-0002711,228,11,2026-03-01,USD,RECEIVED
2712,PO-0002712,162,11,2024-11-19,USD,PARTIAL
2713,PO-0002713,236,5,2024-02-13,USD,RECEIVED
2714,PO-0002714,268,7,2024-09-24,USD,RECEIVED
2715,PO-0002715,203,1,2023-07-29,USD,CANCELLED
2716,PO-0002716,322,6,2025-02-18,USD,RECEIVED
2717,PO-0002717,304,8,2024-01-30,USD,RECEIVED
2718,PO-0002718,129,2,2026-02-04,USD,PARTIAL
2719,PO-0002719,498,1,2025-10-15,USD,OPEN
2720,PO-0002720,435,11,2024-01-25,USD,PARTIAL
2721,PO-0002721,285,5,2023-06-24,USD,RECEIVED
2722,PO-0002722,296,4,2025-05-01,USD,RECEIVED
2723,PO-0002723,294,9,2023-03-14,USD,PARTIAL
2724,PO-0002724,187,3,2024-04-18,USD,RECEIVED
2725,PO-0002725,226,12,2025-03-16,USD,RECEIVED
2726,PO-0002726,274,10,2026-08-08,USD,RECEIVED
2727,PO-0002727,370,3,2025-08-31,USD,RECEIVED
2728,PO-0002728,131,4,2025-07-02,USD,PARTIAL
2729,PO-0002729,23,12,2023-05-16,USD,PARTIAL
2730,PO-0002730,261,5,2026-01-28,USD,RECEIVED
2731,PO-0002731,53,9,2025-09-24,USD,RECEIVED
2732,PO-0002732,230,12,2023-05-02,USD,RECEIVED
2733,PO-0002733,337,10,2025-11-05,USD,RECEIVED
2734,PO-0002734,152,1,2025-10-10,USD,CANCELLED
2735,PO-0002735,400,5,2025-02-10,USD,PARTIAL
2736,PO-0002736,137,9,2024-08-30,USD,RECEIVED
2737,PO-0002737,383,3,2025-05-13,USD,RECEIVED
2738,PO-0002738,240,7,2023-11-07,USD,RECEIVED
2739,PO-0002739,206,6,2026-06-15,USD,RECEIVED
2740,PO-0002740,200,11,2026-06-29,USD,OPEN
2741,PO-0002741,87,7,2023-05-29,USD,PARTIAL
2742,PO-0002742,171,10,2024-07-24,USD,RECEIVED
2743,PO-0002743,440,4,2025-11-01,USD,CANCELLED
2744,PO-0002744,166,7,2023-01-20,USD,RECEIVED
2745,PO-0002745,245,8,2024-12-21,USD,RECEIVED
2746,PO-0002746,100,5,2024-02-19,USD,PARTIAL
2747,PO-0002747,473,1,2024-02-18,USD,RECEIVED
2748,PO-0002748,83,1,2026-07-27,USD,RECEIVED
2749,PO-0002749,454,9,2024-06-09,USD,RECEIVED
2750,PO-0002750,418,7,2024-07-21,USD,RECEIVED
2751,PO-0002751,261,2,2025-04-25,USD,RECEIVED
2752,PO-0002752,204,3,2024-08-14,USD,RECEIVED
2753,PO-0002753,349,7,2023-03-11,USD,RECEIVED
2754,PO-0002754,285,2,2026-05-27,USD,RECEIVED
2755,PO-0002755,492,11,2023-09-29,USD,RECEIVED
2756,PO-0002756,220,6,2024-12-18,USD,RECEIVED
2757,PO-0002757,339,5,2024-08-02,USD,OPEN
2758,PO-0002758,454,11,2024-02-23,USD,RECEIVED
2759,PO-0002759,13,2,2023-11-11,USD,PARTIAL
2760,PO-0002760,286,10,2023-04-30,USD,OPEN
2761,PO-0002761,343,11,2024-08-20,USD,RECEIVED
2762,PO-0002762,407,11,2023-10-27,USD,PARTIAL
2763,PO-0002763,55,12,2023-05-05,USD,RECEIVED
2764,PO-0002764,374,7,2026-01-25,USD,RECEIVED
2765,PO-0002765,82,12,2023-11-18,USD,RECEIVED
2766,PO-0002766,301,9,2025-02-14,USD,PARTIAL
2767,PO-0002767,449,1,2025-10-31,USD,OPEN
2768,PO-0002768,398,5,2024-05-29,USD,OPEN
2769,PO-0002769,408,7,2025-08-21,USD,RECEIVED
2770,PO-0002770,433,7,2025-10-27,USD,RECEIVED
2771,PO-0002771,483,1,2024-09-07,USD,RECEIVED
2772,PO-0002772,457,4,2024-02-02,USD,RECEIVED
2773,PO-0002773,68,7,2026-06-04,USD,RECEIVED
2774,PO-0002774,415,5,2023-08-24,USD,PARTIAL
2775,PO-0002775,118,11,2025-05-14,USD,RECEIVED
2776,PO-0002776,150,4,2025-01-17,USD,RECEIVED
2777,PO-0002777,435,8,2025-04-17,USD,RECEIVED
2778,PO-0002778,160,2,2024-05-18,USD,RECEIVED
2779,PO-0002779,270,11,2025-09-29,USD,CANCELLED
2780,PO-0002780,424,9,2025-05-17,USD,RECEIVED
2781,PO-0002781,482,5,2024-12-27,USD,RECEIVED
2782,PO-0002782,274,5,2023-10-16,USD,RECEIVED
2783,PO-0002783,88,2,2025-04-28,USD,RECEIVED
2784,PO-0002784,355,10,2024-04-17,USD,RECEIVED
2785,PO-0002785,151,4,2023-04-15,USD,OPEN
2786,PO-0002786,491,1,2025-08-12,USD,PARTIAL
2787,PO-0002787,96,11,2025-09-12,USD,CANCELLED
2788,PO-0002788,339,1,2023-01-22,USD,RECEIVED
2789,PO-0002789,472,1,2023-11-18,USD,RECEIVED
2790,PO-0002790,351,2,2023-07-22,USD,CANCELLED
2791,PO-0002791,241,5,2025-01-20,USD,RECEIVED
2792,PO-0002792,14,3,2026-05-01,USD,RECEIVED
2793,PO-0002793,332,8,2023-11-18,USD,RECEIVED
2794,PO-0002794,317,2,2023-04-25,USD,RECEIVED
2795,PO-0002795,168,10,2026-05-26,USD,RECEIVED
2796,PO-0002796,350,1,2025-10-29,USD,OPEN
2797,PO-0002797,37,10,2024-09-25,USD,PARTIAL
2798,PO-0002798,330,5,2023-11-10,USD,OPEN
2799,PO-0002799,110,2,2025-02-06,USD,RECEIVED
2800,PO-0002800,285,9,2023-11-12,USD,CANCELLED
2801,PO-0002801,195,5,2026-07-27,USD,RECEIVED
2802,PO-0002802,92,6,2024-12-02,USD,RECEIVED
2803,PO-0002803,352,7,2023-03-15,USD,OPEN
2804,PO-0002804,107,9,2024-05-19,USD,RECEIVED
2805,PO-0002805,418,7,2024-02-18,USD,PARTIAL
2806,PO-0002806,442,6,2023-10-21,USD,RECEIVED
2807,PO-0002807,335,11,2025-08-02,USD,RECEIVED
2808,PO-0002808,188,2,2026-09-05,USD,RECEIVED
2809,PO-0002809,363,1,2023-03-16,USD,OPEN
2810,PO-0002810,155,2,2024-09-23,USD,RECEIVED
2811,PO-0002811,231,3,2025-02-07,USD,RECEIVED
2812,PO-0002812,65,7,2023-05-09,USD,RECEIVED
2813,PO-0002813,361,2,2023-02-27,USD,CANCELLED
2814,PO-0002814,303,5,2025-10-29,USD,CANCELLED
2815,PO-0002815,490,6,2024-05-11,USD,RECEIVED
2816,PO-0002816,382,3,2025-08-24,USD,RECEIVED
2817,PO-0002817,54,2,2023-08-08,USD,RECEIVED
2818,PO-0002818,355,8,2025-10-06,USD,CANCELLED
2819,PO-0002819,495,2,2026-05-30,USD,RECEIVED
2820,PO-0002820,393,6,2024-03-10,USD,RECEIVED
2821,PO-0002821,235,6,2024-09-16,USD,OPEN
2822,PO-0002822,157,9,2026-05-28,USD,PARTIAL
2823,PO-0002823,429,10,2024-12-01,USD,RECEIVED
2824,PO-0002824,317,12,2024-10-10,USD,RECEIVED
2825,PO-0002825,4,11,2024-04-03,USD,RECEIVED
2826,PO-0002826,180,1,2026-01-16,USD,PARTIAL
2827,PO-0002827,25,10,2024-08-21,USD,RECEIVED
2828,PO-0002828,136,11,2023-01-15,USD,RECEIVED
2829,PO-0002829,288,12,2024-09-28,USD,OPEN
2830,PO-0002830,324,11,2024-04-09,USD,CANCELLED
2831,PO-0002831,375,4,2023-07-09,USD,PARTIAL
2832,PO-0002832,168,7,2023-03-12,USD,RECEIVED
2833,PO-0002833,279,6,2023-12-13,USD,RECEIVED
2834,PO-0002834,394,6,2024-11-28,USD,RECEIVED
2835,PO-0002835,453,4,2024-02-14,USD,RECEIVED
2836,PO-0002836,299,8,2026-05-03,USD,OPEN
2837,PO-0002837,261,4,2023-02-06,USD,CANCELLED
2838,PO-0002838,65,7,2026-05-05,USD,RECEIVED
2839,PO-0002839,406,2,2025-12-10,USD,RECEIVED
2840,PO-0002840,361,9,2025-11-04,USD,RECEIVED
2841,PO-0002841,259,3,2023-11-08,USD,RECEIVED
2842,PO-0002842,469,7,2023-05-14,USD,CANCELLED
2843,PO-0002843,352,9,2024-08-28,USD,RECEIVED
2844,PO-0002844,183,6,2025-06-09,USD,PARTIAL
2845,PO-0002845,130,1,2023-07-22,USD,PARTIAL
2846,PO-0002846,454,8,2025-02-27,USD,RECEIVED
2847,PO-0002847,97,6,2026-04-05,USD,CANCELLED
2848,PO-0002848,376,11,2026-06-26,USD,RECEIVED
2849,PO-0002849,259,10,2024-05-26,USD,RECEIVED
2850,PO-0002850,376,12,2023-09-07,USD,OPEN
2851,PO-0002851,430,4,2026-05-09,USD,RECEIVED
2852,PO-0002852,371,12,2025-07-27,USD,PARTIAL
2853,PO-0002853,64,7,2025-03-11,USD,RECEIVED
2854,PO-0002854,236,7,2026-07-02,USD,RECEIVED
2855,PO-0002855,154,8,2024-08-15,USD,RECEIVED
2856,PO-0002856,481,4,2025-06-24,USD,RECEIVED
2857,PO-0002857,482,8,2024-06-29,USD,RECEIVED
2858,PO-0002858,151,1,2024-01-23,USD,RECEIVED
2859,PO-0002859,142,4,2026-09-10,USD,RECEIVED
2860,PO-0002860,243,12,2025-05-05,USD,CANCELLED
2861,PO-0002861,82,8,2026-01-26,USD,PARTIAL
2862,PO-0002862,441,5,2023-03-11,USD,RECEIVED
2863,PO-0002863,492,9,2024-04-10,USD,RECEIVED
2864,PO-0002864,154,1,2024-05-24,USD,RECEIVED
2865,PO-0002865,184,11,2025-11-17,USD,RECEIVED
2866,PO-0002866,143,12,2026-03-17,USD,RECEIVED
2867,PO-0002867,441,2,2026-05-22,USD,RECEIVED
2868,PO-0002868,347,7,2025-10-17,USD,RECEIVED
2869,PO-0002869,263,10,2025-09-13,USD,RECEIVED
2870,PO-0002870,335,5,2026-01-03,USD,OPEN
2871,PO-0002871,231,4,2024-01-01,USD,RECEIVED
2872,PO-0002872,382,10,2026-03-05,USD,RECEIVED
2873,PO-0002873,108,1,2024-08-04,USD,RECEIVED
2874,PO-0002874,57,5,2024-02-19,USD,RECEIVED
2875,PO-0002875,398,11,2025-11-20,USD,RECEIVED
2876,PO-0002876,6,9,2025-03-30,USD,PARTIAL
2877,PO-0002877,395,3,2024-12-26,USD,RECEIVED
2878,PO-0002878,490,12,2026-04-17,USD,PARTIAL
2879,PO-0002879,221,4,2024-06-18,USD,CANCELLED
2880,PO-0002880,152,1,2026-06-12,USD,PARTIAL
2881,PO-0002881,327,3,2026-05-04,USD,CANCELLED
2882,PO-0002882,420,5,2025-02-10,USD,RECEIVED
2883,PO-0002883,258,8,2024-07-20,USD,RECEIVED
2884,PO-0002884,278,7,2025-07-02,USD,OPEN
2885,PO-0002885,1,8,2025-04-10,USD,RECEIVED
2886,PO-0002886,427,6,2023-08-15,USD,CANCELLED
2887,PO-0002887,314,2,2023-10-13,USD,RECEIVED
2888,PO-0002888,396,8,2024-11-30,USD,RECEIVED
2889,PO-0002889,412,9,2024-12-25,USD,RECEIVED
2890,PO-0002890,339,2,2025-07-17,USD,RECEIVED
2891,PO-0002891,464,2,2023-01-17,USD,RECEIVED
2892,PO-0002892,310,10,2023-03-18,USD,OPEN
2893,PO-0002893,404,1,2025-12-14,USD,RECEIVED
2894,PO-0002894,209,7,2023-07-05,USD,PARTIAL
2895,PO-0002895,12,7,2024-08-30,USD,RECEIVED
2896,PO-0002896,44,12,2025-03-14,USD,PARTIAL
2897,PO-0002897,297,10,2025-04-12,USD,RECEIVED
2898,PO-0002898,56,5,2025-10-27,USD,RECEIVED
2899,PO-0002899,52,10,2023-09-06,USD,OPEN
2900,PO-0002900,178,4,2025-04-16,USD,RECEIVED
2901,PO-0002901,464,3,2024-04-14,USD,RECEIVED
2902,PO-0002902,470,8,2023-03-19,USD,RECEIVED
2903,PO-0002903,455,2,2023-03-11,USD,RECEIVED
2904,PO-0002904,327,2,2026-08-23,USD,CANCELLED
2905,PO-0002905,303,3,2025-10-06,USD,RECEIVED
2906,PO-0002906,345,8,2025-11-17,USD,RECEIVED
2907,PO-0002907,176,8,2024-08-18,USD,RECEIVED
2908,PO-0002908,163,7,2025-03-14,USD,RECEIVED
2909,PO-0002909,374,8,2026-03-04,USD,RECEIVED
2910,PO-0002910,380,1,2024-10-05,USD,RECEIVED
2911,PO-0002911,298,4,2025-05-11,USD,RECEIVED
2912,PO-0002912,458,4,2023-05-13,USD,RECEIVED
2913,PO-0002913,231,11,2025-11-05,USD,RECEIVED
2914,PO-0002914,378,7,2023-01-19,USD,RECEIVED
2915,PO-0002915,31,6,2025-05-14,USD,RECEIVED
2916,PO-0002916,310,6,2026-08-17,USD,RECEIVED
2917,PO-0002917,381,7,2025-12-07,USD,RECEIVED
2918,PO-0002918,148,7,2025-09-30,USD,RECEIVED
2919,PO-0002919,210,4,2023-09-19,USD,RECEIVED
2920,PO-0002920,163,8,2026-05-05,USD,RECEIVED
2921,PO-0002921,493,1,2026-02-10,USD,RECEIVED
2922,PO-0002922,155,4,2024-01-11,USD,RECEIVED
2923,PO-0002923,344,8,2024-03-03,USD,RECEIVED
2924,PO-0002924,282,9,2025-04-28,USD,RECEIVED
2925,PO-0002925,202,6,2025-10-01,USD,RECEIVED
2926,PO-0002926,3,12,2024-09-22,USD,RECEIVED
2927,PO-0002927,136,8,2026-08-01,USD,RECEIVED
2928,PO-0002928,319,8,2023-04-24,USD,OPEN
2929,PO-0002929,246,2,2026-02-20,USD,RECEIVED
2930,PO-0002930,292,6,2025-10-03,USD,RECEIVED
2931,PO-0002931,259,3,2024-12-09,USD,RECEIVED
2932,PO-0002932,442,4,2023-12-07,USD,RECEIVED
2933,PO-0002933,280,8,2025-09-14,USD,RECEIVED
2934,PO-0002934,164,7,2024-02-06,USD,OPEN
2935,PO-0002935,12,4,2025-01-15,USD,CANCELLED
2936,PO-0002936,98,11,2023-11-11,USD,RECEIVED
2937,PO-0002937,318,3,2024-09-20,USD,PARTIAL
2938,PO-0002938,6,2,2023-11-01,USD,RECEIVED
2939,PO-0002939,240,1,2026-05-04,USD,RECEIVED
2940,PO-0002940,466,3,2025-07-28,USD,PARTIAL
2941,PO-0002941,327,6,2024-09-03,USD,CANCELLED
2942,PO-0002942,478,1,2025-10-22,USD,RECEIVED
2943,PO-0002943,498,9,2025-11-03,USD,RECEIVED
2944,PO-0002944,202,3,2025-08-12,USD,RECEIVED
2945,PO-0002945,148,6,2023-03-09,USD,RECEIVED
2946,PO-0002946,498,4,2025-08-24,USD,RECEIVED
2947,PO-0002947,244,1,2024-02-07,USD,RECEIVED
2948,PO-0002948,356,2,2025-02-13,USD,RECEIVED
2949,PO-0002949,394,2,2024-11-29,USD,RECEIVED
2950,PO-0002950,122,7,2023-05-06,USD,RECEIVED
2951,PO-0002951,450,4,2023-08-17,USD,RECEIVED
2952,PO-0002952,135,7,2025-11-30,USD,RECEIVED
2953,PO-0002953,242,11,2024-01-18,USD,RECEIVED
2954,PO-0002954,263,5,2025-09-16,USD,RECEIVED
2955,PO-0002955,448,12,2023-11-09,USD,RECEIVED
2956,PO-0002956,201,6,2025-09-20,USD,RECEIVED
2957,PO-0002957,165,9,2025-11-19,USD,RECEIVED
2958,PO-0002958,224,10,2023-02-02,USD,RECEIVED
2959,PO-0002959,438,11,2023-10-10,USD,RECEIVED
2960,PO-0002960,200,8,2025-02-27,USD,PARTIAL
2961,PO-0002961,303,3,2025-11-17,USD,RECEIVED
2962,PO-0002962,19,2,2023-05-24,USD,CANCELLED
2963,PO-0002963,249,4,2026-05-27,USD,CANCELLED
2964,PO-0002964,161,5,2023-08-17,USD,RECEIVED
2965,PO-0002965,67,7,2026-05-10,USD,RECEIVED
2966,PO-0002966,221,5,2025-09-02,USD,RECEIVED
2967,PO-0002967,148,8,2025-04-22,USD,RECEIVED
2968,PO-0002968,262,5,2025-10-22,USD,RECEIVED
2969,PO-0002969,138,4,2024-10-02,USD,RECEIVED
2970,PO-0002970,100,11,2026-04-02,USD,RECEIVED
2971,PO-0002971,192,6,2023-02-23,USD,RECEIVED
2972,PO-0002972,497,6,2024-03-15,USD,OPEN
2973,PO-0002973,53,6,2023-01-09,USD,RECEIVED
2974,PO-0002974,102,8,2023-04-08,USD,CANCELLED
2975,PO-0002975,272,7,2023-05-15,USD,RECEIVED
2976,PO-0002976,224,7,2024-06-30,USD,RECEIVED
2977,PO-0002977,379,2,2026-09-02,USD,RECEIVED
2978,PO-0002978,192,2,2025-05-05,USD,CANCELLED
2979,PO-0002979,468,9,2024-09-01,USD,CANCELLED
2980,PO-0002980,498,10,2023-12-23,USD,OPEN
2981,PO-0002981,289,8,2024-05-05,USD,RECEIVED
2982,PO-0002982,359,9,2023-07-04,USD,RECEIVED
2983,PO-0002983,467,12,2025-01-17,USD,OPEN
2984,PO-0002984,153,8,2025-09-08,USD,OPEN
2985,PO-0002985,196,12,2026-04-04,USD,RECEIVED
2986,PO-0002986,86,7,2025-10-29,USD,RECEIVED
2987,PO-0002987,343,12,2025-10-11,USD,OPEN
2988,PO-0002988,101,7,2024-12-21,USD,CANCELLED
2989,PO-0002989,361,9,2026-02-14,USD,RECEIVED
2990,PO-0002990,20,5,2026-08-28,USD,RECEIVED
2991,PO-0002991,401,8,2024-08-16,USD,RECEIVED
2992,PO-0002992,26,5,2025-07-31,USD,PARTIAL
2993,PO-0002993,441,7,2026-08-16,USD,RECEIVED
2994,PO-0002994,67,1,2024-07-31,USD,RECEIVED
2995,PO-0002995,36,1,2023-01-04,USD,RECEIVED
2996,PO-0002996,10,9,2026-05-19,USD,OPEN
2997,PO-0002997,169,9,2025-09-17,USD,OPEN
2998,PO-0002998,192,2,2023-09-06,USD,RECEIVED
2999,PO-0002999,281,12,2023-04-03,USD,OPEN
3000,PO-0003000,457,1,2026-04-08,USD,RECEIVED
3001,PO-0003001,118,7,2023-04-15,USD,OPEN
3002,PO-0003002,38,3,2023-06-01,USD,RECEIVED
3003,PO-0003003,277,8,2025-09-30,USD,PARTIAL
3004,PO-0003004,29,9,2023-11-10,USD,RECEIVED
3005,PO-0003005,126,6,2023-02-21,USD,RECEIVED
3006,PO-0003006,480,6,2024-07-17,USD,RECEIVED
3007,PO-0003007,76,7,2023-09-28,USD,CANCELLED
3008,PO-0003008,341,11,2023-03-18,USD,RECEIVED
3009,PO-0003009,3,3,2024-08-28,USD,RECEIVED
3010,PO-0003010,12,3,2024-06-10,USD,CANCELLED
3011,PO-0003011,417,4,2023-07-08,USD,RECEIVED
3012,PO-0003012,435,12,2026-03-17,USD,CANCELLED
3013,PO-0003013,232,6,2023-08-27,USD,RECEIVED
3014,PO-0003014,363,3,2023-12-11,USD,RECEIVED
3015,PO-0003015,45,9,2023-06-10,USD,RECEIVED
3016,PO-0003016,406,5,2025-10-14,USD,RECEIVED
3017,PO-0003017,438,10,2024-03-27,USD,RECEIVED
3018,PO-0003018,487,9,2024-04-23,USD,RECEIVED
3019,PO-0003019,321,11,2026-06-13,USD,RECEIVED
3020,PO-0003020,414,10,2025-02-04,USD,PARTIAL
3021,PO-0003021,487,2,2023-10-21,USD,RECEIVED
3022,PO-0003022,253,12,2026-06-08,USD,RECEIVED
3023,PO-0003023,32,11,2026-01-29,USD,RECEIVED
3024,PO-0003024,449,5,2024-01-14,USD,RECEIVED
3025,PO-0003025,57,9,2023-01-08,USD,RECEIVED
3026,PO-0003026,475,5,2026-02-02,USD,RECEIVED
3027,PO-0003027,124,10,2026-06-02,USD,CANCELLED
3028,PO-0003028,243,1,2026-02-06,USD,RECEIVED
3029,PO-0003029,279,1,2025-12-13,USD,RECEIVED
3030,PO-0003030,215,11,2024-02-25,USD,RECEIVED
3031,PO-0003031,482,7,2026-09-18,USD,RECEIVED
3032,PO-0003032,384,9,2024-11-11,USD,RECEIVED
3033,PO-0003033,430,11,2023-09-19,USD,RECEIVED
3034,PO-0003034,113,9,2024-06-09,USD,OPEN
3035,PO-0003035,486,8,2023-01-24,USD,RECEIVED
3036,PO-0003036,11,11,2024-09-30,USD,RECEIVED
3037,PO-0003037,475,6,2024-11-18,USD,RECEIVED
3038,PO-0003038,196,11,2024-08-08,USD,RECEIVED
3039,PO-0003039,368,10,2023-08-27,USD,OPEN
3040,PO-0003040,363,2,2025-05-17,USD,RECEIVED
3041,PO-0003041,302,4,2024-08-09,USD,RECEIVED
3042,PO-0003042,36,2,2024-02-10,USD,OPEN
3043,PO-0003043,308,10,2025-04-22,USD,RECEIVED
3044,PO-0003044,246,4,2025-03-04,USD,RECEIVED
3045,PO-0003045,143,9,2024-03-01,USD,OPEN
3046,PO-0003046,199,9,2024-11-09,USD,RECEIVED
3047,PO-0003047,153,7,2025-08-31,USD,CANCELLED
3048,PO-0003048,92,12,2025-09-25,USD,PARTIAL
3049,PO-0003049,24,9,2023-06-24,USD,CANCELLED
3050,PO-0003050,415,11,2025-06-08,USD,RECEIVED
3051,PO-0003051,386,4,2023-08-30,USD,RECEIVED
3052,PO-0003052,451,7,2023-06-08,USD,RECEIVED
3053,PO-0003053,193,4,2024-03-19,USD,CANCELLED
3054,PO-0003054,465,8,2026-04-15,USD,RECEIVED
3055,PO-0003055,155,5,2023-06-04,USD,PARTIAL
3056,PO-0003056,424,7,2026-09-20,USD,RECEIVED
3057,PO-0003057,41,7,2025-05-03,USD,RECEIVED
3058,PO-0003058,273,7,2024-04-22,USD,RECEIVED
3059,PO-0003059,240,9,2023-06-30,USD,RECEIVED
3060,PO-0003060,339,11,2024-11-24,USD,OPEN
3061,PO-0003061,76,6,2025-09-22,USD,RECEIVED
3062,PO-0003062,402,4,2023-02-27,USD,OPEN
3063,PO-0003063,98,1,2025-03-22,USD,RECEIVED
3064,PO-0003064,281,10,2025-02-04,USD,CANCELLED
3065,PO-0003065,161,1,2023-12-03,USD,OPEN
3066,PO-0003066,475,1,2023-01-21,USD,RECEIVED
3067,PO-0003067,236,1,2025-12-14,USD,CANCELLED
3068,PO-0003068,52,1,2026-05-04,USD,RECEIVED
3069,PO-0003069,380,9,2024-12-23,USD,RECEIVED
3070,PO-0003070,137,11,2024-08-08,USD,RECEIVED
3071,PO-0003071,16,11,2023-01-11,USD,PARTIAL
3072,PO-0003072,76,11,2023-11-01,USD,RECEIVED
3073,PO-0003073,406,6,2026-01-03,USD,RECEIVED
3074,PO-0003074,288,9,2025-09-18,USD,CANCELLED
3075,PO-0003075,243,6,2023-06-21,USD,OPEN
3076,PO-0003076,145,2,2026-01-20,USD,OPEN
3077,PO-0003077,146,10,2024-03-14,USD,PARTIAL
3078,PO-0003078,278,9,2023-05-04,USD,RECEIVED
3079,PO-0003079,282,8,2025-02-20,USD,CANCELLED
3080,PO-0003080,443,3,2023-05-05,USD,RECEIVED
3081,PO-0003081,261,8,2026-03-22,USD,OPEN
3082,PO-0003082,356,10,2024-07-28,USD,RECEIVED
3083,PO-0003083,276,8,2026-07-27,USD,RECEIVED
3084,PO-0003084,385,7,2024-02-10,USD,RECEIVED
3085,PO-0003085,318,6,2025-06-29,USD,RECEIVED
3086,PO-0003086,260,1,2023-08-29,USD,RECEIVED
3087,PO-0003087,160,6,2026-09-05,USD,RECEIVED
3088,PO-0003088,234,3,2024-06-05,USD,RECEIVED
3089,PO-0003089,479,12,2026-05-19,USD,PARTIAL
3090,PO-0003090,242,7,2023-09-16,USD,OPEN
3091,PO-0003091,19,5,2026-04-22,USD,RECEIVED
3092,PO-0003092,369,12,2025-03-19,USD,RECEIVED
3093,PO-0003093,222,5,2023-05-21,USD,RECEIVED
3094,PO-0003094,79,12,2023-09-17,USD,RECEIVED
3095,PO-0003095,228,7,2025-04-11,USD,RECEIVED
3096,PO-0003096,26,10,2025-04-11,USD,PARTIAL
3097,PO-0003097,345,4,2024-03-05,USD,RECEIVED
3098,PO-0003098,93,3,2025-10-23,USD,RECEIVED
3099,PO-0003099,30,10,2023-05-09,USD,RECEIVED
3100,PO-0003100,380,5,2026-07-10,USD,OPEN
3101,PO-0003101,193,9,2023-12-17,USD,RECEIVED
3102,PO-0003102,447,12,2025-01-28,USD,RECEIVED
3103,PO-0003103,355,11,2023-10-05,USD,RECEIVED
3104,PO-0003104,104,12,2026-09-11,USD,CANCELLED
3105,PO-0003105,475,3,2024-02-06,USD,RECEIVED
3106,PO-0003106,77,11,2026-03-30,USD,PARTIAL
3107,PO-0003107,138,4,2026-04-28,USD,RECEIVED
3108,PO-0003108,346,4,2025-10-01,USD,CANCELLED
3109,PO-0003109,208,1,2025-12-08,USD,RECEIVED
3110,PO-0003110,55,8,2024-03-05,USD,RECEIVED
3111,PO-0003111,137,2,2026-08-10,USD,RECEIVED
3112,PO-0003112,346,12,2025-05-06,USD,RECEIVED
3113,PO-0003113,360,9,2024-09-18,USD,RECEIVED
3114,PO-0003114,228,12,2026-08-19,USD,PARTIAL
3115,PO-0003115,428,8,2023-07-07,USD,RECEIVED
3116,PO-0003116,153,7,2023-02-13,USD,RECEIVED
3117,PO-0003117,98,10,2024-03-11,USD,RECEIVED
3118,PO-0003118,176,10,2024-10-04,USD,PARTIAL
3119,PO-0003119,101,8,2025-03-25,USD,RECEIVED
3120,PO-0003120,138,3,2025-10-31,USD,RECEIVED
3121,PO-0003121,448,4,2026-07-11,USD,RECEIVED
3122,PO-0003122,313,5,2024-07-15,USD,PARTIAL
3123,PO-0003123,298,11,2023-10-04,USD,RECEIVED
3124,PO-0003124,488,2,2024-05-19,USD,RECEIVED
3125,PO-0003125,171,5,2025-08-08,USD,PARTIAL
3126,PO-0003126,325,5,2025-07-31,USD,CANCELLED
3127,PO-0003127,240,9,2023-02-08,USD,CANCELLED
3128,PO-0003128,367,8,2025-06-03,USD,RECEIVED
3129,PO-0003129,404,7,2023-11-05,USD,PARTIAL
3130,PO-0003130,358,11,2023-05-14,USD,OPEN
3131,PO-0003131,408,10,2025-02-06,USD,RECEIVED
3132,PO-0003132,263,9,2024-05-27,USD,RECEIVED
3133,PO-0003133,179,11,2023-03-05,USD,OPEN
3134,PO-0003134,146,8,2023-01-18,USD,RECEIVED
3135,PO-0003135,214,9,2023-04-03,USD,RECEIVED
3136,PO-0003136,268,4,2025-01-27,USD,PARTIAL
3137,PO-0003137,271,9,2025-02-15,USD,RECEIVED
3138,PO-0003138,270,8,2024-05-19,USD,CANCELLED
3139,PO-0003139,250,1,2025-09-15,USD,RECEIVED
3140,PO-0003140,472,12,2024-07-08,USD,PARTIAL
3141,PO-0003141,132,8,2024-06-15,USD,RECEIVED
3142,PO-0003142,31,3,2025-06-30,USD,RECEIVED
3143,PO-0003143,130,8,2025-08-22,USD,RECEIVED
3144,PO-0003144,223,12,2023-04-25,USD,PARTIAL
3145,PO-0003145,236,1,2023-07-10,USD,PARTIAL
3146,PO-0003146,341,8,2023-08-26,USD,RECEIVED
3147,PO-0003147,121,9,2024-05-20,USD,RECEIVED
3148,PO-0003148,437,5,2026-02-03,USD,PARTIAL
3149,PO-0003149,246,7,2024-01-06,USD,RECEIVED
3150,PO-0003150,182,5,2026-03-30,USD,OPEN
3151,PO-0003151,415,7,2026-05-28,USD,RECEIVED
3152,PO-0003152,301,3,2023-10-27,USD,RECEIVED
3153,PO-0003153,169,5,2026-01-12,USD,RECEIVED
3154,PO-0003154,133,9,2026-09-20,USD,PARTIAL
3155,PO-0003155,367,11,2026-04-13,USD,RECEIVED
3156,PO-0003156,281,3,2024-07-26,USD,RECEIVED
3157,PO-0003157,23,6,2026-09-17,USD,RECEIVED
3158,PO-0003158,356,8,2023-06-17,USD,RECEIVED
3159,PO-0003159,384,4,2025-09-02,USD,OPEN
3160,PO-0003160,157,11,2024-01-10,USD,RECEIVED
3161,PO-0003161,319,6,2026-01-08,USD,PARTIAL
3162,PO-0003162,273,1,2023-02-16,USD,RECEIVED
3163,PO-0003163,286,2,2024-04-25,USD,CANCELLED
3164,PO-0003164,414,7,2026-06-30,USD,RECEIVED
3165,PO-0003165,24,1,2025-01-21,USD,RECEIVED
3166,PO-0003166,133,9,2023-02-19,USD,OPEN
3167,PO-0003167,403,8,2026-06-10,USD,RECEIVED
3168,PO-0003168,14,1,2023-11-10,USD,OPEN
3169,PO-0003169,302,7,2026-03-31,USD,OPEN
3170,PO-0003170,11,10,2024-11-27,USD,RECEIVED
3171,PO-0003171,246,11,2024-10-29,USD,RECEIVED
3172,PO-0003172,434,1,2023-12-12,USD,RECEIVED
3173,PO-0003173,402,4,2023-05-22,USD,RECEIVED
3174,PO-0003174,55,11,2024-12-27,USD,RECEIVED
3175,PO-0003175,477,8,2024-02-13,USD,RECEIVED
3176,PO-0003176,252,7,2024-04-04,USD,RECEIVED
3177,PO-0003177,110,2,2025-05-26,USD,RECEIVED
3178,PO-0003178,288,2,2025-04-28,USD,RECEIVED
3179,PO-0003179,124,11,2026-06-02,USD,RECEIVED
3180,PO-0003180,465,7,2024-08-08,USD,RECEIVED
3181,PO-0003181,269,12,2026-03-12,USD,OPEN
3182,PO-0003182,294,8,2024-10-05,USD,RECEIVED
3183,PO-0003183,160,6,2023-09-01,USD,RECEIVED
3184,PO-0003184,121,6,2025-09-25,USD,OPEN
3185,PO-0003185,453,12,2024-10-02,USD,RECEIVED
3186,PO-0003186,481,9,2023-06-10,USD,RECEIVED
3187,PO-0003187,430,2,2026-08-05,USD,RECEIVED
3188,PO-0003188,36,5,2025-03-22,USD,RECEIVED
3189,PO-0003189,234,2,2024-02-19,USD,RECEIVED
3190,PO-0003190,1,9,2026-01-09,USD,CANCELLED
3191,PO-0003191,183,1,2024-06-25,USD,RECEIVED
3192,PO-0003192,368,6,2024-08-27,USD,RECEIVED
3193,PO-0003193,3,4,2025-04-02,USD,OPEN
3194,PO-0003194,27,4,2026-08-02,USD,RECEIVED
3195,PO-0003195,426,4,2023-02-13,USD,RECEIVED
3196,PO-0003196,134,8,2026-03-21,USD,RECEIVED
3197,PO-0003197,183,9,2025-02-03,USD,RECEIVED
3198,PO-0003198,265,1,2025-03-20,USD,RECEIVED
3199,PO-0003199,21,3,2023-05-23,USD,RECEIVED
3200,PO-0003200,411,4,2023-06-21,USD,RECEIVED
3201,PO-0003201,492,8,2023-01-26,USD,RECEIVED
3202,PO-0003202,223,6,2025-06-07,USD,RECEIVED
3203,PO-0003203,187,4,2023-11-30,USD,PARTIAL
3204,PO-0003204,372,4,2023-02-25,USD,RECEIVED
3205,PO-0003205,158,6,2024-07-02,USD,RECEIVED
3206,PO-0003206,106,12,2023-03-02,USD,RECEIVED
3207,PO-0003207,46,8,2024-01-12,USD,RECEIVED
3208,PO-0003208,414,11,2026-07-27,USD,RECEIVED
3209,PO-0003209,13,3,2025-03-16,USD,RECEIVED
3210,PO-0003210,332,8,2023-10-09,USD,RECEIVED
3211,PO-0003211,154,7,2023-12-03,USD,RECEIVED
3212,PO-0003212,386,10,2025-12-09,USD,RECEIVED
3213,PO-0003213,298,3,2023-02-01,USD,RECEIVED
3214,PO-0003214,146,7,2023-05-30,USD,RECEIVED
3215,PO-0003215,223,2,2023-12-18,USD,PARTIAL
3216,PO-0003216,339,12,2026-02-09,USD,PARTIAL
3217,PO-0003217,78,10,2023-06-08,USD,RECEIVED
3218,PO-0003218,316,7,2025-03-04,USD,RECEIVED
3219,PO-0003219,186,5,2024-02-05,USD,RECEIVED
3220,PO-0003220,234,11,2025-03-02,USD,CANCELLED
3221,PO-0003221,120,12,2024-10-06,USD,OPEN
3222,PO-0003222,245,8,2025-02-28,USD,RECEIVED
3223,PO-0003223,311,5,2026-09-23,USD,RECEIVED
3224,PO-0003224,323,7,2025-08-12,USD,RECEIVED
3225,PO-0003225,79,2,2024-05-08,USD,RECEIVED
3226,PO-0003226,128,12,2024-02-07,USD,RECEIVED
3227,PO-0003227,126,12,2024-05-18,USD,RECEIVED
3228,PO-0003228,448,4,2025-12-11,USD,RECEIVED
3229,PO-0003229,427,12,2025-01-16,USD,RECEIVED
3230,PO-0003230,36,5,2023-06-08,USD,RECEIVED
3231,PO-0003231,449,8,2024-11-12,USD,RECEIVED
3232,PO-0003232,453,4,2025-07-14,USD,RECEIVED
3233,PO-0003233,422,3,2023-01-25,USD,OPEN
3234,PO-0003234,89,10,2023-08-04,USD,RECEIVED
3235,PO-0003235,76,5,2023-02-12,USD,CANCELLED
3236,PO-0003236,336,9,2024-01-05,USD,RECEIVED
3237,PO-0003237,372,2,2023-04-17,USD,RECEIVED
3238,PO-0003238,262,1,2025-03-14,USD,RECEIVED
3239,PO-0003239,311,7,2024-01-01,USD,OPEN
3240,PO-0003240,288,10,2023-11-26,USD,OPEN
3241,PO-0003241,395,6,2024-09-08,USD,CANCELLED
3242,PO-0003242,16,5,2024-06-02,USD,RECEIVED
3243,PO-0003243,285,11,2025-11-22,USD,RECEIVED
3244,PO-0003244,291,12,2024-09-06,USD,RECEIVED
3245,PO-0003245,376,11,2025-07-23,USD,CANCELLED
3246,PO-0003246,352,7,2024-03-05,USD,RECEIVED
3247,PO-0003247,331,4,2025-01-06,USD,RECEIVED
3248,PO-0003248,393,9,2025-08-08,USD,RECEIVED
3249,PO-0003249,483,9,2024-12-07,USD,RECEIVED
3250,PO-0003250,24,5,2024-08-17,USD,RECEIVED
3251,PO-0003251,478,11,2024-05-16,USD,RECEIVED
3252,PO-0003252,462,3,2023-05-09,USD,RECEIVED
3253,PO-0003253,181,12,2023-12-17,USD,RECEIVED
3254,PO-0003254,402,11,2024-01-26,USD,RECEIVED
3255,PO-0003255,296,4,2024-02-29,USD,CANCELLED
3256,PO-0003256,138,11,2025-08-09,USD,OPEN
3257,PO-0003257,461,5,2026-06-12,USD,RECEIVED
3258,PO-0003258,205,7,2023-07-17,USD,RECEIVED
3259,PO-0003259,198,6,2023-06-13,USD,RECEIVED
3260,PO-0003260,95,11,2025-12-10,USD,RECEIVED
3261,PO-0003261,409,3,2023-06-11,USD,CANCELLED
3262,PO-0003262,139,5,2025-05-28,USD,CANCELLED
3263,PO-0003263,466,6,2026-01-18,USD,PARTIAL
3264,PO-0003264,268,12,2026-01-18,USD,RECEIVED
3265,PO-0003265,412,4,2025-04-22,USD,RECEIVED
3266,PO-0003266,25,5,2026-04-06,USD,PARTIAL
3267,PO-0003267,299,10,2025-04-27,USD,RECEIVED
3268,PO-0003268,200,11,2026-04-04,USD,RECEIVED
3269,PO-0003269,404,8,2024-07-19,USD,RECEIVED
3270,PO-0003270,18,2,2024-06-26,USD,RECEIVED
3271,PO-0003271,212,11,2026-07-14,USD,RECEIVED
3272,PO-0003272,354,3,2026-01-27,USD,RECEIVED
3273,PO-0003273,401,1,2025-11-30,USD,RECEIVED
3274,PO-0003274,25,4,2025-12-05,USD,PARTIAL
3275,PO-0003275,35,2,2026-04-05,USD,RECEIVED
3276,PO-0003276,353,5,2023-08-13,USD,RECEIVED
3277,PO-0003277,210,4,2026-02-17,USD,OPEN
3278,PO-0003278,390,11,2025-09-24,USD,OPEN
3279,PO-0003279,131,2,2025-03-07,USD,RECEIVED
3280,PO-0003280,204,6,2024-07-09,USD,PARTIAL
3281,PO-0003281,493,11,2023-02-18,USD,RECEIVED
3282,PO-0003282,335,5,2026-04-10,USD,RECEIVED
3283,PO-0003283,310,10,2023-01-21,USD,RECEIVED
3284,PO-0003284,424,1,2023-02-27,USD,PARTIAL
3285,PO-0003285,123,9,2025-06-08,USD,RECEIVED
3286,PO-0003286,276,3,2024-05-20,USD,RECEIVED
3287,PO-0003287,130,10,2025-08-13,USD,RECEIVED
3288,PO-0003288,363,8,2025-01-12,USD,CANCELLED
3289,PO-0003289,126,10,2025-09-17,USD,RECEIVED
3290,PO-0003290,13,3,2023-12-24,USD,PARTIAL
3291,PO-0003291,43,4,2025-12-04,USD,PARTIAL
3292,PO-0003292,300,3,2024-04-04,USD,RECEIVED
3293,PO-0003293,175,11,2025-07-30,USD,RECEIVED
3294,PO-0003294,281,6,2026-02-20,USD,PARTIAL
3295,PO-0003295,393,7,2026-09-04,USD,OPEN
3296,PO-0003296,234,12,2025-05-24,USD,RECEIVED
3297,PO-0003297,194,11,2023-09-06,USD,RECEIVED
3298,PO-0003298,497,7,2026-02-27,USD,RECEIVED
3299,PO-0003299,225,11,2026-08-16,USD,RECEIVED
3300,PO-0003300,154,7,2025-01-10,USD,RECEIVED
3301,PO-0003301,88,12,2024-08-10,USD,CANCELLED
3302,PO-0003302,86,10,2023-10-05,USD,RECEIVED
3303,PO-0003303,356,7,2025-10-24,USD,RECEIVED
3304,PO-0003304,213,9,2025-08-07,USD,RECEIVED
3305,PO-0003305,108,6,2024-04-03,USD,RECEIVED
3306,PO-0003306,459,3,2024-11-04,USD,RECEIVED
3307,PO-0003307,174,1,2023-11-20,USD,RECEIVED
3308,PO-0003308,205,3,2023-08-15,USD,RECEIVED
3309,PO-0003309,281,4,2024-07-23,USD,RECEIVED
3310,PO-0003310,435,11,2023-05-17,USD,RECEIVED
3311,PO-0003311,101,10,2023-03-08,USD,RECEIVED
3312,PO-0003312,186,5,2024-02-05,USD,RECEIVED
3313,PO-0003313,252,7,2024-04-07,USD,RECEIVED
3314,PO-0003314,253,7,2025-12-27,USD,RECEIVED
3315,PO-0003315,99,3,2025-03-28,USD,OPEN
3316,PO-0003316,288,10,2024-11-21,USD,RECEIVED
3317,PO-0003317,359,5,2023-07-21,USD,RECEIVED
3318,PO-0003318,367,1,2023-12-05,USD,RECEIVED
3319,PO-0003319,156,5,2026-02-25,USD,RECEIVED
3320,PO-0003320,361,12,2023-06-14,USD,RECEIVED
3321,PO-0003321,203,2,2024-01-25,USD,RECEIVED
3322,PO-0003322,15,4,2023-01-06,USD,RECEIVED
3323,PO-0003323,256,9,2025-01-31,USD,OPEN
3324,PO-0003324,196,7,2023-09-06,USD,RECEIVED
3325,PO-0003325,341,7,2025-03-01,USD,RECEIVED
3326,PO-0003326,81,12,2026-01-02,USD,RECEIVED
3327,PO-0003327,499,3,2023-04-22,USD,CANCELLED
3328,PO-0003328,414,3,2024-01-05,USD,RECEIVED
3329,PO-0003329,9,6,2026-04-15,USD,RECEIVED
3330,PO-0003330,84,1,2025-12-27,USD,OPEN
3331,PO-0003331,173,3,2026-07-05,USD,RECEIVED
3332,PO-0003332,215,9,2026-02-28,USD,RECEIVED
3333,PO-0003333,112,1,2025-02-22,USD,RECEIVED
3334,PO-0003334,142,9,2024-10-20,USD,RECEIVED
3335,PO-0003335,429,8,2024-02-03,USD,RECEIVED
3336,PO-0003336,425,12,2025-01-30,USD,OPEN
3337,PO-0003337,339,11,2026-06-14,USD,RECEIVED
3338,PO-0003338,310,7,2025-09-18,USD,RECEIVED
3339,PO-0003339,81,5,2024-03-20,USD,CANCELLED
3340,PO-0003340,401,7,2024-04-29,USD,RECEIVED
3341,PO-0003341,101,4,2025-01-16,USD,RECEIVED
3342,PO-0003342,364,9,2023-03-06,USD,RECEIVED
3343,PO-0003343,320,9,2024-03-04,USD,RECEIVED
3344,PO-0003344,6,8,2026-03-13,USD,RECEIVED
3345,PO-0003345,499,2,2023-05-09,USD,RECEIVED
3346,PO-0003346,479,8,2025-12-02,USD,RECEIVED
3347,PO-0003347,486,1,2025-03-09,USD,RECEIVED
3348,PO-0003348,406,3,2024-05-31,USD,RECEIVED
3349,PO-0003349,315,5,2024-06-28,USD,RECEIVED
3350,PO-0003350,90,8,2024-04-29,USD,OPEN
3351,PO-0003351,196,4,2026-08-31,USD,RECEIVED
3352,PO-0003352,401,8,2024-09-18,USD,RECEIVED
3353,PO-0003353,24,6,2023-04-27,USD,RECEIVED
3354,PO-0003354,217,1,2024-01-12,USD,RECEIVED
3355,PO-0003355,74,10,2023-11-21,USD,RECEIVED
3356,PO-0003356,444,2,2025-06-06,USD,RECEIVED
3357,PO-0003357,388,10,2024-03-04,USD,RECEIVED
3358,PO-0003358,231,7,2024-03-24,USD,RECEIVED
3359,PO-0003359,481,1,2024-08-03,USD,OPEN
3360,PO-0003360,205,10,2023-11-30,USD,RECEIVED
3361,PO-0003361,447,9,2023-02-13,USD,OPEN
3362,PO-0003362,308,11,2023-11-25,USD,PARTIAL
3363,PO-0003363,4,9,2023-06-20,USD,CANCELLED
3364,PO-0003364,374,3,2024-10-29,USD,CANCELLED
3365,PO-0003365,289,3,2026-09-01,USD,RECEIVED
3366,PO-0003366,77,1,2025-06-29,USD,RECEIVED
3367,PO-0003367,260,1,2023-01-25,USD,RECEIVED
3368,PO-0003368,364,2,2026-02-26,USD,RECEIVED
3369,PO-0003369,285,11,2026-08-20,USD,RECEIVED
3370,PO-0003370,254,5,2023-08-23,USD,RECEIVED
3371,PO-0003371,122,2,2024-11-08,USD,RECEIVED
3372,PO-0003372,326,12,2023-03-09,USD,RECEIVED
3373,PO-0003373,6,5,2024-06-05,USD,RECEIVED
3374,PO-0003374,355,1,2025-02-08,USD,RECEIVED
3375,PO-0003375,181,11,2026-08-14,USD,RECEIVED
3376,PO-0003376,308,4,2025-11-09,USD,CANCELLED
3377,PO-0003377,121,3,2023-09-03,USD,RECEIVED
3378,PO-0003378,182,3,2025-02-02,USD,RECEIVED
3379,PO-0003379,190,12,2024-11-17,USD,RECEIVED
3380,PO-0003380,235,7,2026-06-13,USD,CANCELLED
3381,PO-0003381,134,6,2026-06-10,USD,RECEIVED
3382,PO-0003382,344,3,2026-07-27,USD,CANCELLED
3383,PO-0003383,300,11,2026-07-08,USD,OPEN
3384,PO-0003384,445,6,2026-02-07,USD,RECEIVED
3385,PO-0003385,392,10,2026-06-22,USD,PARTIAL
3386,PO-0003386,300,2,2023-11-16,USD,RECEIVED
3387,PO-0003387,186,3,2023-04-01,USD,RECEIVED
3388,PO-0003388,9,11,2026-06-16,USD,RECEIVED
3389,PO-0003389,130,10,2024-11-05,USD,RECEIVED
3390,PO-0003390,262,10,2025-04-03,USD,RECEIVED
3391,PO-0003391,91,3,2024-08-08,USD,RECEIVED
3392,PO-0003392,146,1,2023-05-02,USD,RECEIVED
3393,PO-0003393,137,4,2026-03-10,USD,RECEIVED
3394,PO-0003394,65,11,2024-01-03,USD,CANCELLED
3395,PO-0003395,379,11,2025-01-15,USD,RECEIVED
3396,PO-0003396,71,4,2025-11-05,USD,OPEN
3397,PO-0003397,95,3,2025-05-26,USD,OPEN
3398,PO-0003398,294,8,2025-10-31,USD,RECEIVED
3399,PO-0003399,177,2,2023-11-13,USD,RECEIVED
3400,PO-0003400,461,4,2024-12-01,USD,RECEIVED
3401,PO-0003401,28,8,2023-10-31,USD,RECEIVED
3402,PO-0003402,408,7,2024-06-16,USD,RECEIVED
3403,PO-0003403,51,4,2025-07-27,USD,RECEIVED
3404,PO-0003404,175,7,2026-01-04,USD,PARTIAL
3405,PO-0003405,139,12,2025-04-22,USD,OPEN
3406,PO-0003406,123,8,2024-01-04,USD,RECEIVED
3407,PO-0003407,405,8,2023-01-05,USD,RECEIVED
3408,PO-0003408,460,5,2023-01-08,USD,RECEIVED
3409,PO-0003409,165,2,2026-06-26,USD,RECEIVED
3410,PO-0003410,159,1,2026-08-30,USD,RECEIVED
3411,PO-0003411,90,2,2023-02-19,USD,OPEN
3412,PO-0003412,12,3,2024-01-10,USD,CANCELLED
3413,PO-0003413,119,7,2025-06-05,USD,RECEIVED
3414,PO-0003414,5,2,2026-05-03,USD,CANCELLED
3415,PO-0003415,371,2,2026-08-07,USD,RECEIVED
3416,PO-0003416,249,6,2025-01-26,USD,RECEIVED
3417,PO-0003417,311,11,2024-11-27,USD,RECEIVED
3418,PO-0003418,221,1,2023-08-29,USD,RECEIVED
3419,PO-0003419,329,2,2023-06-21,USD,RECEIVED
3420,PO-0003420,161,3,2025-02-10,USD,OPEN
3421,PO-0003421,147,5,2024-07-25,USD,RECEIVED
3422,PO-0003422,115,6,2024-05-10,USD,RECEIVED
3423,PO-0003423,178,6,2023-01-19,USD,OPEN
3424,PO-0003424,29,11,2026-01-16,USD,RECEIVED
3425,PO-0003425,421,7,2026-04-15,USD,RECEIVED
3426,PO-0003426,66,11,2024-11-05,USD,RECEIVED
3427,PO-0003427,221,2,2026-04-09,USD,PARTIAL
3428,PO-0003428,338,11,2023-12-22,USD,RECEIVED
3429,PO-0003429,41,4,2026-04-27,USD,RECEIVED
3430,PO-0003430,238,3,2023-10-28,USD,RECEIVED
3431,PO-0003431,203,12,2024-04-23,USD,OPEN
3432,PO-0003432,477,5,2026-04-12,USD,RECEIVED
3433,PO-0003433,69,10,2025-11-16,USD,RECEIVED
3434,PO-0003434,386,8,2025-09-23,USD,PARTIAL
3435,PO-0003435,69,6,2023-06-19,USD,RECEIVED
3436,PO-0003436,404,10,2023-08-04,USD,CANCELLED
3437,PO-0003437,114,11,2025-08-08,USD,RECEIVED
3438,PO-0003438,443,7,2023-06-04,USD,RECEIVED
3439,PO-0003439,27,12,2023-12-06,USD,RECEIVED
3440,PO-0003440,258,6,2023-01-09,USD,RECEIVED
3441,PO-0003441,235,12,2026-02-07,USD,RECEIVED
3442,PO-0003442,490,2,2025-11-15,USD,RECEIVED
3443,PO-0003443,269,9,2026-06-15,USD,RECEIVED
3444,PO-0003444,89,10,2023-07-19,USD,RECEIVED
3445,PO-0003445,498,2,2024-06-14,USD,OPEN
3446,PO-0003446,466,1,2024-12-03,USD,RECEIVED
3447,PO-0003447,216,8,2023-09-06,USD,CANCELLED
3448,PO-0003448,177,2,2026-02-18,USD,RECEIVED
3449,PO-0003449,69,11,2024-07-17,USD,OPEN
3450,PO-0003450,338,7,2025-05-28,USD,RECEIVED
3451,PO-0003451,443,8,2023-06-29,USD,RECEIVED
3452,PO-0003452,89,11,2024-09-16,USD,RECEIVED
3453,PO-0003453,342,6,2023-08-14,USD,PARTIAL
3454,PO-0003454,34,2,2025-02-18,USD,RECEIVED
3455,PO-0003455,342,4,2023-12-06,USD,RECEIVED
3456,PO-0003456,231,3,2024-01-28,USD,RECEIVED
3457,PO-0003457,55,11,2023-01-01,USD,CANCELLED
3458,PO-0003458,435,8,2023-08-16,USD,RECEIVED
3459,PO-0003459,405,10,2026-04-11,USD,RECEIVED
3460,PO-0003460,109,3,2026-09-21,USD,RECEIVED
3461,PO-0003461,87,9,2024-11-20,USD,RECEIVED
3462,PO-0003462,360,4,2024-12-01,USD,RECEIVED
3463,PO-0003463,209,4,2025-03-11,USD,CANCELLED
3464,PO-0003464,431,1,2025-05-21,USD,OPEN
3465,PO-0003465,337,3,2023-12-20,USD,CANCELLED
3466,PO-0003466,109,5,2024-01-24,USD,RECEIVED
3467,PO-0003467,158,12,2025-04-13,USD,RECEIVED
3468,PO-0003468,97,3,2026-04-28,USD,RECEIVED
3469,PO-0003469,157,12,2023-11-10,USD,RECEIVED
3470,PO-0003470,177,2,2026-06-10,USD,RECEIVED
3471,PO-0003471,189,7,2026-06-06,USD,PARTIAL
3472,PO-0003472,352,9,2026-03-03,USD,RECEIVED
3473,PO-0003473,238,10,2024-02-06,USD,RECEIVED
3474,PO-0003474,238,5,2024-02-22,USD,RECEIVED
3475,PO-0003475,389,11,2025-06-04,USD,RECEIVED
3476,PO-0003476,366,7,2025-12-08,USD,PARTIAL
3477,PO-0003477,185,11,2023-03-25,USD,RECEIVED
3478,PO-0003478,203,6,2026-07-23,USD,PARTIAL
3479,PO-0003479,471,9,2026-03-11,USD,OPEN
3480,PO-0003480,136,8,2023-02-25,USD,OPEN
3481,PO-0003481,153,5,2023-02-04,USD,RECEIVED
3482,PO-0003482,110,9,2023-02-27,USD,RECEIVED
3483,PO-0003483,61,1,2024-05-19,USD,RECEIVED
3484,PO-0003484,281,3,2023-06-13,USD,RECEIVED
3485,PO-0003485,15,3,2024-10-18,USD,RECEIVED
3486,PO-0003486,39,9,2024-01-17,USD,OPEN
3487,PO-0003487,471,9,2025-11-06,USD,RECEIVED
3488,PO-0003488,230,1,2025-03-27,USD,CANCELLED
3489,PO-0003489,476,2,2023-12-22,USD,RECEIVED
3490,PO-0003490,122,10,2025-04-11,USD,RECEIVED
3491,PO-0003491,34,3,2026-06-08,USD,RECEIVED
3492,PO-0003492,377,9,2023-04-29,USD,RECEIVED
3493,PO-0003493,253,6,2026-06-11,USD,RECEIVED
3494,PO-0003494,189,2,2023-06-29,USD,RECEIVED
3495,PO-0003495,198,12,2025-08-16,USD,RECEIVED
3496,PO-0003496,56,6,2023-11-11,USD,OPEN
3497,PO-0003497,263,5,2025-09-08,USD,RECEIVED
3498,PO-0003498,85,3,2024-05-20,USD,RECEIVED
3499,PO-0003499,142,1,2026-01-02,USD,CANCELLED
3500,PO-0003500,482,2,2024-07-17,USD,CANCELLED
3501,PO-0003501,444,3,2024-12-18,USD,RECEIVED
3502,PO-0003502,302,4,2026-07-04,USD,RECEIVED
3503,PO-0003503,376,1,2023-04-13,USD,CANCELLED
3504,PO-0003504,376,6,2026-09-09,USD,RECEIVED
3505,PO-0003505,201,3,2023-04-20,USD,RECEIVED
3506,PO-0003506,117,7,2026-07-31,USD,RECEIVED
3507,PO-0003507,254,3,2024-08-04,USD,RECEIVED
3508,PO-0003508,17,8,2023-03-31,USD,RECEIVED
3509,PO-0003509,448,3,2023-02-18,USD,RECEIVED
3510,PO-0003510,83,3,2024-07-04,USD,RECEIVED
3511,PO-0003511,492,3,2023-07-10,USD,RECEIVED
3512,PO-0003512,492,4,2024-02-28,USD,RECEIVED
3513,PO-0003513,87,10,2024-05-15,USD,OPEN
3514,PO-0003514,333,12,2023-02-06,USD,RECEIVED
3515,PO-0003515,291,7,2026-08-04,USD,CANCELLED
3516,PO-0003516,191,2,2023-03-04,USD,RECEIVED
3517,PO-0003517,441,12,2026-07-28,USD,RECEIVED
3518,PO-0003518,287,2,2026-06-08,USD,RECEIVED
3519,PO-0003519,145,4,2025-06-05,USD,RECEIVED
3520,PO-0003520,304,9,2025-08-20,USD,RECEIVED
3521,PO-0003521,133,2,2026-02-07,USD,CANCELLED
3522,PO-0003522,246,4,2025-06-04,USD,CANCELLED
3523,PO-0003523,420,10,2026-01-05,USD,PARTIAL
3524,PO-0003524,225,12,2023-04-04,USD,RECEIVED
3525,PO-0003525,84,9,2024-01-15,USD,PARTIAL
3526,PO-0003526,145,3,2026-06-08,USD,RECEIVED
3527,PO-0003527,476,6,2024-11-30,USD,RECEIVED
3528,PO-0003528,139,10,2025-02-13,USD,RECEIVED
3529,PO-0003529,33,9,2026-05-23,USD,RECEIVED
3530,PO-0003530,343,1,2026-01-01,USD,OPEN
3531,PO-0003531,423,3,2024-12-04,USD,CANCELLED
3532,PO-0003532,32,9,2026-03-23,USD,RECEIVED
3533,PO-0003533,295,6,2023-05-23,USD,RECEIVED
3534,PO-0003534,161,11,2025-05-17,USD,CANCELLED
3535,PO-0003535,490,8,2024-11-24,USD,CANCELLED
3536,PO-0003536,121,9,2024-01-13,USD,RECEIVED
3537,PO-0003537,327,9,2026-03-31,USD,RECEIVED
3538,PO-0003538,74,9,2024-10-22,USD,OPEN
3539,PO-0003539,146,10,2024-11-02,USD,OPEN
3540,PO-0003540,265,10,2025-03-18,USD,RECEIVED
3541,PO-0003541,204,2,2026-01-26,USD,CANCELLED
3542,PO-0003542,175,6,2025-12-01,USD,RECEIVED
3543,PO-0003543,77,5,2026-09-23,USD,RECEIVED
3544,PO-0003544,462,8,2024-08-12,USD,RECEIVED
3545,PO-0003545,232,3,2023-09-23,USD,RECEIVED
3546,PO-0003546,168,8,2023-11-18,USD,RECEIVED
3547,PO-0003547,18,6,2026-06-19,USD,RECEIVED
3548,PO-0003548,397,3,2025-10-29,USD,RECEIVED
3549,PO-0003549,239,5,2024-05-29,USD,OPEN
3550,PO-0003550,390,12,2026-09-21,USD,RECEIVED
3551,PO-0003551,109,12,2026-03-13,USD,RECEIVED
3552,PO-0003552,172,5,2023-05-03,USD,RECEIVED
3553,PO-0003553,35,8,2024-03-18,USD,PARTIAL
3554,PO-0003554,76,11,2026-08-04,USD,RECEIVED
3555,PO-0003555,333,3,2025-02-02,USD,RECEIVED
3556,PO-0003556,233,10,2025-07-02,USD,RECEIVED
3557,PO-0003557,108,12,2026-05-18,USD,RECEIVED
3558,PO-0003558,91,3,2024-04-29,USD,PARTIAL
3559,PO-0003559,478,10,2023-05-26,USD,OPEN
3560,PO-0003560,358,8,2023-12-21,USD,OPEN
3561,PO-0003561,431,12,2023-04-12,USD,RECEIVED
3562,PO-0003562,426,1,2023-08-03,USD,RECEIVED
3563,PO-0003563,131,11,2024-07-13,USD,RECEIVED
3564,PO-0003564,271,9,2026-08-09,USD,CANCELLED
3565,PO-0003565,160,12,2023-08-29,USD,RECEIVED
3566,PO-0003566,324,8,2023-09-24,USD,OPEN
3567,PO-0003567,249,7,2025-07-31,USD,RECEIVED
3568,PO-0003568,221,5,2023-07-26,USD,RECEIVED
3569,PO-0003569,325,3,2024-05-05,USD,PARTIAL
3570,PO-0003570,294,9,2024-11-05,USD,RECEIVED
3571,PO-0003571,431,12,2025-03-01,USD,OPEN
3572,PO-0003572,12,12,2025-11-30,USD,PARTIAL
3573,PO-0003573,500,7,2024-12-03,USD,RECEIVED
3574,PO-0003574,275,11,2023-11-05,USD,RECEIVED
3575,PO-0003575,447,10,2026-02-04,USD,RECEIVED
3576,PO-0003576,269,10,2025-04-07,USD,RECEIVED
3577,PO-0003577,342,5,2026-02-23,USD,RECEIVED
3578,PO-0003578,106,1,2024-11-03,USD,RECEIVED
3579,PO-0003579,392,1,2025-02-14,USD,CANCELLED
3580,PO-0003580,174,1,2026-07-26,USD,CANCELLED
3581,PO-0003581,463,2,2024-06-02,USD,RECEIVED
3582,PO-0003582,435,12,2026-04-05,USD,RECEIVED
3583,PO-0003583,149,6,2024-02-01,USD,RECEIVED
3584,PO-0003584,442,6,2026-03-21,USD,RECEIVED
3585,PO-0003585,388,7,2026-08-25,USD,RECEIVED
3586,PO-0003586,16,11,2025-11-09,USD,RECEIVED
3587,PO-0003587,480,11,2023-04-21,USD,RECEIVED
3588,PO-0003588,201,10,2023-07-17,USD,RECEIVED
3589,PO-0003589,498,3,2025-01-28,USD,RECEIVED
3590,PO-0003590,184,11,2025-03-28,USD,OPEN
3591,PO-0003591,197,8,2024-11-19,USD,RECEIVED
3592,PO-0003592,188,5,2025-05-04,USD,PARTIAL
3593,PO-0003593,116,10,2026-03-07,USD,RECEIVED
3594,PO-0003594,30,1,2024-05-14,USD,RECEIVED
3595,PO-0003595,222,2,2024-04-24,USD,RECEIVED
3596,PO-0003596,445,11,2023-06-07,USD,RECEIVED
3597,PO-0003597,28,10,2024-11-09,USD,RECEIVED
3598,PO-0003598,298,6,2024-07-02,USD,CANCELLED
3599,PO-0003599,423,5,2026-08-22,USD,RECEIVED
3600,PO-0003600,164,10,2026-02-26,USD,RECEIVED
3601,PO-0003601,252,2,2025-04-30,USD,CANCELLED
3602,PO-0003602,452,4,2023-07-14,USD,RECEIVED
3603,PO-0003603,284,11,2024-01-27,USD,RECEIVED
3604,PO-0003604,277,10,2023-07-08,USD,OPEN
3605,PO-0003605,17,11,2025-02-09,USD,OPEN
3606,PO-0003606,415,4,2024-10-25,USD,RECEIVED
3607,PO-0003607,144,8,2023-08-19,USD,RECEIVED
3608,PO-0003608,249,12,2024-05-04,USD,CANCELLED
3609,PO-0003609,147,7,2024-04-18,USD,PARTIAL
3610,PO-0003610,109,9,2024-03-26,USD,RECEIVED
3611,PO-0003611,86,12,2023-04-12,USD,OPEN
3612,PO-0003612,38,10,2025-01-30,USD,RECEIVED
3613,PO-0003613,374,6,2023-04-26,USD,RECEIVED
3614,PO-0003614,92,11,2025-10-02,USD,CANCELLED
3615,PO-0003615,361,12,2025-03-16,USD,OPEN
3616,PO-0003616,77,8,2024-02-18,USD,PARTIAL
3617,PO-0003617,446,4,2025-08-20,USD,PARTIAL
3618,PO-0003618,308,7,2023-12-15,USD,RECEIVED
3619,PO-0003619,220,10,2023-07-30,USD,RECEIVED
3620,PO-0003620,212,10,2023-04-10,USD,RECEIVED
3621,PO-0003621,438,12,2024-08-02,USD,RECEIVED
3622,PO-0003622,396,7,2023-11-30,USD,RECEIVED
3623,PO-0003623,13,9,2024-12-21,USD,PARTIAL
3624,PO-0003624,454,9,2025-10-10,USD,RECEIVED
3625,PO-0003625,407,2,2024-06-05,USD,RECEIVED
3626,PO-0003626,249,10,2023-02-06,USD,RECEIVED
3627,PO-0003627,389,7,2024-03-24,USD,OPEN
3628,PO-0003628,40,4,2024-12-31,USD,CANCELLED
3629,PO-0003629,7,10,2026-03-19,USD,RECEIVED
3630,PO-0003630,172,7,2023-04-02,USD,RECEIVED
3631,PO-0003631,171,8,2024-02-16,USD,CANCELLED
3632,PO-0003632,413,3,2023-04-01,USD,RECEIVED
3633,PO-0003633,244,4,2025-09-20,USD,RECEIVED
3634,PO-0003634,467,4,2026-06-26,USD,RECEIVED
3635,PO-0003635,283,2,2023-07-20,USD,RECEIVED
3636,PO-0003636,266,9,2024-06-08,USD,RECEIVED
3637,PO-0003637,437,2,2025-03-10,USD,RECEIVED
3638,PO-0003638,478,7,2025-08-22,USD,RECEIVED
3639,PO-0003639,389,9,2023-08-31,USD,RECEIVED
3640,PO-0003640,146,2,2023-10-18,USD,RECEIVED
3641,PO-0003641,88,4,2023-05-13,USD,RECEIVED
3642,PO-0003642,349,6,2026-03-26,USD,RECEIVED
3643,PO-0003643,383,4,2025-06-08,USD,RECEIVED
3644,PO-0003644,306,6,2023-06-15,USD,RECEIVED
3645,PO-0003645,329,3,2023-08-20,USD,RECEIVED
3646,PO-0003646,256,1,2026-08-09,USD,RECEIVED
3647,PO-0003647,97,3,2025-01-17,USD,RECEIVED
3648,PO-0003648,329,7,2024-08-17,USD,RECEIVED
3649,PO-0003649,405,2,2025-02-14,USD,RECEIVED
3650,PO-0003650,310,8,2025-04-01,USD,RECEIVED
3651,PO-0003651,280,4,2024-01-25,USD,RECEIVED
3652,PO-0003652,131,2,2023-04-23,USD,PARTIAL
3653,PO-0003653,226,11,2024-08-23,USD,RECEIVED
3654,PO-0003654,498,8,2026-05-20,USD,RECEIVED
3655,PO-0003655,157,11,2024-02-25,USD,RECEIVED
3656,PO-0003656,190,7,2024-10-13,USD,CANCELLED
3657,PO-0003657,298,8,2023-12-27,USD,RECEIVED
3658,PO-0003658,212,11,2026-08-01,USD,RECEIVED
3659,PO-0003659,414,11,2023-05-13,USD,RECEIVED
3660,PO-0003660,321,2,2023-09-08,USD,PARTIAL
3661,PO-0003661,455,8,2023-02-07,USD,RECEIVED
3662,PO-0003662,375,8,2023-08-30,USD,RECEIVED
3663,PO-0003663,255,9,2023-03-15,USD,RECEIVED
3664,PO-0003664,103,3,2024-01-01,USD,CANCELLED
3665,PO-0003665,376,4,2023-12-10,USD,RECEIVED
3666,PO-0003666,338,11,2023-12-12,USD,RECEIVED
3667,PO-0003667,441,6,2025-07-16,USD,RECEIVED
3668,PO-0003668,26,9,2023-07-13,USD,RECEIVED
3669,PO-0003669,498,8,2026-05-14,USD,RECEIVED
3670,PO-0003670,211,2,2023-04-28,USD,OPEN
3671,PO-0003671,336,2,2024-05-12,USD,PARTIAL
3672,PO-0003672,487,3,2023-03-29,USD,RECEIVED
3673,PO-0003673,154,11,2026-06-05,USD,RECEIVED
3674,PO-0003674,274,8,2023-12-17,USD,RECEIVED
3675,PO-0003675,163,2,2025-11-07,USD,CANCELLED
3676,PO-0003676,293,1,2026-09-02,USD,RECEIVED
3677,PO-0003677,345,11,2023-08-05,USD,RECEIVED
3678,PO-0003678,391,10,2025-10-24,USD,RECEIVED
3679,PO-0003679,397,10,2023-12-07,USD,PARTIAL
3680,PO-0003680,178,11,2024-07-19,USD,OPEN
3681,PO-0003681,243,11,2025-10-05,USD,RECEIVED
3682,PO-0003682,359,8,2026-01-31,USD,RECEIVED
3683,PO-0003683,64,11,2024-12-29,USD,OPEN
3684,PO-0003684,241,12,2025-05-29,USD,RECEIVED
3685,PO-0003685,435,2,2023-10-14,USD,OPEN
3686,PO-0003686,34,1,2024-10-28,USD,RECEIVED
3687,PO-0003687,223,6,2025-04-25,USD,RECEIVED
3688,PO-0003688,337,8,2023-07-19,USD,RECEIVED
3689,PO-0003689,249,1,2025-02-07,USD,RECEIVED
3690,PO-0003690,262,11,2024-02-05,USD,RECEIVED
3691,PO-0003691,391,2,2023-05-05,USD,OPEN
3692,PO-0003692,4,8,2025-01-11,USD,CANCELLED
3693,PO-0003693,309,2,2025-10-28,USD,RECEIVED
3694,PO-0003694,83,10,2024-10-14,USD,PARTIAL
3695,PO-0003695,124,10,2026-02-01,USD,RECEIVED
3696,PO-0003696,428,7,2025-08-23,USD,PARTIAL
3697,PO-0003697,489,11,2024-06-08,USD,RECEIVED
3698,PO-0003698,147,1,2026-02-13,USD,RECEIVED
3699,PO-0003699,75,6,2026-08-05,USD,RECEIVED
3700,PO-0003700,193,11,2024-08-19,USD,RECEIVED
3701,PO-0003701,343,11,2023-02-14,USD,RECEIVED
3702,PO-0003702,5,12,2025-06-13,USD,RECEIVED
3703,PO-0003703,153,7,2024-03-27,USD,RECEIVED
3704,PO-0003704,305,10,2023-09-03,USD,RECEIVED
3705,PO-0003705,212,1,2026-05-10,USD,PARTIAL
3706,PO-0003706,89,9,2023-11-21,USD,RECEIVED
3707,PO-0003707,235,12,2026-07-06,USD,OPEN
3708,PO-0003708,117,1,2024-03-16,USD,RECEIVED
3709,PO-0003709,266,8,2025-04-17,USD,RECEIVED
3710,PO-0003710,458,2,2024-11-17,USD,CANCELLED
3711,PO-0003711,299,1,2026-09-23,USD,RECEIVED
3712,PO-0003712,358,7,2025-02-25,USD,RECEIVED
3713,PO-0003713,22,2,2024-06-12,USD,PARTIAL
3714,PO-0003714,202,6,2023-03-23,USD,RECEIVED
3715,PO-0003715,194,1,2023-04-17,USD,OPEN
3716,PO-0003716,403,7,2023-07-31,USD,CANCELLED
3717,PO-0003717,406,9,2026-09-22,USD,RECEIVED
3718,PO-0003718,245,12,2024-10-21,USD,RECEIVED
3719,PO-0003719,265,7,2023-05-24,USD,RECEIVED
3720,PO-0003720,379,10,2023-11-24,USD,RECEIVED
3721,PO-0003721,353,8,2023-03-14,USD,RECEIVED
3722,PO-0003722,128,5,2025-12-31,USD,RECEIVED
3723,PO-0003723,48,6,2026-05-27,USD,RECEIVED
3724,PO-0003724,436,8,2023-09-19,USD,PARTIAL
3725,PO-0003725,215,12,2024-12-01,USD,RECEIVED
3726,PO-0003726,54,11,2023-05-10,USD,RECEIVED
3727,PO-0003727,410,4,2023-04-29,USD,RECEIVED
3728,PO-0003728,148,10,2023-09-26,USD,OPEN
3729,PO-0003729,183,3,2024-07-04,USD,PARTIAL
3730,PO-0003730,393,12,2025-10-09,USD,RECEIVED
3731,PO-0003731,140,12,2026-05-07,USD,RECEIVED
3732,PO-0003732,364,5,2026-05-28,USD,RECEIVED
3733,PO-0003733,144,1,2025-08-17,USD,RECEIVED
3734,PO-0003734,131,2,2023-07-14,USD,PARTIAL
3735,PO-0003735,421,2,2026-08-08,USD,RECEIVED
3736,PO-0003736,361,9,2023-06-07,USD,RECEIVED
3737,PO-0003737,319,12,2024-11-10,USD,RECEIVED
3738,PO-0003738,499,8,2025-11-19,USD,OPEN
3739,PO-0003739,4,9,2024-11-03,USD,RECEIVED
3740,PO-0003740,284,4,2026-02-21,USD,RECEIVED
3741,PO-0003741,166,12,2025-02-24,USD,PARTIAL
3742,PO-0003742,338,1,2026-03-26,USD,OPEN
3743,PO-0003743,185,8,2023-08-26,USD,RECEIVED
3744,PO-0003744,43,2,2024-04-25,USD,OPEN
3745,PO-0003745,356,2,2023-05-05,USD,RECEIVED
3746,PO-0003746,1,3,2024-09-25,USD,RECEIVED
3747,PO-0003747,276,10,2025-04-06,USD,RECEIVED
3748,PO-0003748,349,2,2026-03-27,USD,OPEN
3749,PO-0003749,135,11,2025-02-03,USD,CANCELLED
3750,PO-0003750,283,7,2024-04-20,USD,RECEIVED
3751,PO-0003751,275,9,2026-02-22,USD,RECEIVED
3752,PO-0003752,47,2,2025-07-27,USD,PARTIAL
3753,PO-0003753,163,2,2023-10-25,USD,OPEN
3754,PO-0003754,306,8,2024-09-04,USD,RECEIVED
3755,PO-0003755,220,3,2025-03-20,USD,RECEIVED
3756,PO-0003756,33,1,2025-07-01,USD,RECEIVED
3757,PO-0003757,417,1,2025-01-19,USD,RECEIVED
3758,PO-0003758,457,1,2023-05-23,USD,CANCELLED
3759,PO-0003759,420,8,2024-02-09,USD,RECEIVED
3760,PO-0003760,260,9,2026-09-17,USD,RECEIVED
3761,PO-0003761,102,2,2023-05-08,USD,RECEIVED
3762,PO-0003762,441,6,2023-11-30,USD,PARTIAL
3763,PO-0003763,355,9,2024-12-22,USD,RECEIVED
3764,PO-0003764,38,4,2023-03-10,USD,RECEIVED
3765,PO-0003765,121,11,2024-02-29,USD,RECEIVED
3766,PO-0003766,309,5,2025-06-08,USD,RECEIVED
3767,PO-0003767,201,12,2023-04-09,USD,RECEIVED
3768,PO-0003768,22,2,2024-09-20,USD,RECEIVED
3769,PO-0003769,218,11,2023-12-13,USD,RECEIVED
3770,PO-0003770,255,2,2023-07-04,USD,RECEIVED
3771,PO-0003771,37,4,2026-04-18,USD,RECEIVED
3772,PO-0003772,120,5,2023-09-13,USD,OPEN
3773,PO-0003773,299,11,2024-08-26,USD,RECEIVED
3774,PO-0003774,227,10,2023-03-12,USD,RECEIVED
3775,PO-0003775,217,4,2024-08-21,USD,PARTIAL
3776,PO-0003776,170,9,2025-04-22,USD,RECEIVED
3777,PO-0003777,436,8,2023-11-18,USD,CANCELLED
3778,PO-0003778,259,10,2025-03-08,USD,RECEIVED
3779,PO-0003779,205,11,2025-07-21,USD,RECEIVED
3780,PO-0003780,350,8,2024-11-05,USD,RECEIVED
3781,PO-0003781,256,5,2023-07-25,USD,RECEIVED
3782,PO-0003782,412,2,2023-09-22,USD,RECEIVED
3783,PO-0003783,61,12,2023-08-15,USD,RECEIVED
3784,PO-0003784,222,8,2025-10-29,USD,RECEIVED
3785,PO-0003785,240,1,2024-02-20,USD,RECEIVED
3786,PO-0003786,79,2,2024-08-08,USD,RECEIVED
3787,PO-0003787,213,11,2023-09-08,USD,RECEIVED
3788,PO-0003788,164,5,2025-03-09,USD,RECEIVED
3789,PO-0003789,345,5,2025-05-13,USD,RECEIVED
3790,PO-0003790,400,6,2023-09-17,USD,RECEIVED
3791,PO-0003791,365,12,2025-12-28,USD,RECEIVED
3792,PO-0003792,209,3,2025-10-04,USD,RECEIVED
3793,PO-0003793,415,11,2025-12-07,USD,RECEIVED
3794,PO-0003794,63,7,2025-03-18,USD,RECEIVED
3795,PO-0003795,31,6,2024-11-25,USD,RECEIVED
3796,PO-0003796,230,4,2025-03-22,USD,RECEIVED
3797,PO-0003797,366,10,2024-06-01,USD,OPEN
3798,PO-0003798,436,11,2026-09-04,USD,OPEN
3799,PO-0003799,55,6,2026-02-14,USD,OPEN
3800,PO-0003800,352,1,2023-04-27,USD,RECEIVED
3801,PO-0003801,378,10,2023-02-26,USD,CANCELLED
3802,PO-0003802,135,2,2024-10-14,USD,RECEIVED
3803,PO-0003803,252,11,2023-03-06,USD,RECEIVED
3804,PO-0003804,141,12,2026-05-01,USD,RECEIVED
3805,PO-0003805,178,2,2023-05-20,USD,RECEIVED
3806,PO-0003806,45,6,2025-05-24,USD,RECEIVED
3807,PO-0003807,335,3,2025-07-15,USD,RECEIVED
3808,PO-0003808,59,7,2024-01-07,USD,RECEIVED
3809,PO-0003809,166,8,2024-12-06,USD,RECEIVED
3810,PO-0003810,488,8,2024-12-15,USD,CANCELLED
3811,PO-0003811,419,3,2023-05-23,USD,OPEN
3812,PO-0003812,295,7,2025-04-03,USD,RECEIVED
3813,PO-0003813,449,10,2023-03-09,USD,RECEIVED
3814,PO-0003814,108,3,2026-06-24,USD,RECEIVED
3815,PO-0003815,285,4,2024-10-22,USD,OPEN
3816,PO-0003816,160,11,2023-05-01,USD,RECEIVED
3817,PO-0003817,396,5,2023-09-04,USD,OPEN
3818,PO-0003818,53,3,2026-03-25,USD,RECEIVED
3819,PO-0003819,72,7,2024-04-25,USD,PARTIAL
3820,PO-0003820,355,5,2023-09-05,USD,RECEIVED
3821,PO-0003821,413,7,2024-05-09,USD,RECEIVED
3822,PO-0003822,463,8,2023-11-24,USD,RECEIVED
3823,PO-0003823,206,9,2024-06-27,USD,RECEIVED
3824,PO-0003824,304,1,2024-11-19,USD,OPEN
3825,PO-0003825,342,4,2025-03-23,USD,RECEIVED
3826,PO-0003826,394,1,2025-02-25,USD,RECEIVED
3827,PO-0003827,28,8,2025-07-14,USD,OPEN
3828,PO-0003828,457,7,2024-02-04,USD,RECEIVED
3829,PO-0003829,492,9,2025-08-13,USD,CANCELLED
3830,PO-0003830,270,3,2024-11-20,USD,RECEIVED
3831,PO-0003831,80,5,2023-04-26,USD,RECEIVED
3832,PO-0003832,203,10,2024-03-22,USD,RECEIVED
3833,PO-0003833,321,6,2024-06-23,USD,RECEIVED
3834,PO-0003834,238,5,2024-05-02,USD,PARTIAL
3835,PO-0003835,419,9,2026-03-14,USD,RECEIVED
3836,PO-0003836,411,7,2023-04-19,USD,RECEIVED
3837,PO-0003837,360,8,2024-12-22,USD,RECEIVED
3838,PO-0003838,117,5,2023-04-01,USD,RECEIVED
3839,PO-0003839,498,1,2025-01-03,USD,RECEIVED
3840,PO-0003840,463,2,2026-05-29,USD,RECEIVED
3841,PO-0003841,84,5,2025-10-24,USD,RECEIVED
3842,PO-0003842,428,10,2023-05-09,USD,RECEIVED
3843,PO-0003843,33,3,2026-02-14,USD,RECEIVED
3844,PO-0003844,142,3,2026-06-16,USD,RECEIVED
3845,PO-0003845,74,2,2024-02-04,USD,RECEIVED
3846,PO-0003846,416,2,2026-07-22,USD,RECEIVED
3847,PO-0003847,176,5,2024-09-06,USD,RECEIVED
3848,PO-0003848,206,1,2024-12-21,USD,RECEIVED
3849,PO-0003849,101,4,2024-09-15,USD,CANCELLED
3850,PO-0003850,245,7,2026-08-29,USD,PARTIAL
3851,PO-0003851,413,2,2025-03-01,USD,OPEN
3852,PO-0003852,102,1,2026-08-17,USD,RECEIVED
3853,PO-0003853,476,12,2026-02-12,USD,PARTIAL
3854,PO-0003854,454,10,2026-03-16,USD,RECEIVED
3855,PO-0003855,156,4,2025-05-26,USD,RECEIVED
3856,PO-0003856,403,9,2023-04-08,USD,RECEIVED
3857,PO-0003857,357,7,2025-12-23,USD,RECEIVED
3858,PO-0003858,417,12,2026-09-02,USD,RECEIVED
3859,PO-0003859,437,12,2023-03-29,USD,PARTIAL
3860,PO-0003860,203,2,2023-11-18,USD,RECEIVED
3861,PO-0003861,35,8,2023-11-15,USD,RECEIVED
3862,PO-0003862,111,3,2023-11-25,USD,RECEIVED
3863,PO-0003863,204,2,2024-11-06,USD,RECEIVED
3864,PO-0003864,433,8,2025-12-07,USD,RECEIVED
3865,PO-0003865,468,11,2023-05-30,USD,RECEIVED
3866,PO-0003866,496,2,2025-02-14,USD,RECEIVED
3867,PO-0003867,172,11,2024-02-12,USD,OPEN
3868,PO-0003868,32,2,2023-09-21,USD,OPEN
3869,PO-0003869,346,11,2024-07-02,USD,RECEIVED
3870,PO-0003870,474,10,2024-08-14,USD,RECEIVED
3871,PO-0003871,344,4,2024-05-10,USD,RECEIVED
3872,PO-0003872,466,4,2025-12-03,USD,RECEIVED
3873,PO-0003873,210,5,2023-06-13,USD,RECEIVED
3874,PO-0003874,187,6,2023-10-11,USD,RECEIVED
3875,PO-0003875,11,11,2025-04-21,USD,RECEIVED
3876,PO-0003876,345,11,2024-10-30,USD,CANCELLED
3877,PO-0003877,190,1,2026-05-15,USD,PARTIAL
3878,PO-0003878,421,8,2026-08-08,USD,CANCELLED
3879,PO-0003879,440,12,2024-10-11,USD,CANCELLED
3880,PO-0003880,89,6,2024-01-22,USD,RECEIVED
3881,PO-0003881,482,9,2024-11-04,USD,RECEIVED
3882,PO-0003882,325,1,2024-11-15,USD,RECEIVED
3883,PO-0003883,228,8,2024-03-12,USD,RECEIVED
3884,PO-0003884,179,1,2025-12-27,USD,RECEIVED
3885,PO-0003885,283,4,2023-08-30,USD,RECEIVED
3886,PO-0003886,349,9,2024-12-07,USD,RECEIVED
3887,PO-0003887,181,3,2024-03-31,USD,RECEIVED
3888,PO-0003888,153,7,2024-09-05,USD,CANCELLED
3889,PO-0003889,178,12,2026-09-05,USD,RECEIVED
3890,PO-0003890,486,4,2023-05-02,USD,OPEN
3891,PO-0003891,271,2,2025-06-15,USD,RECEIVED
3892,PO-0003892,142,9,2026-02-28,USD,RECEIVED
3893,PO-0003893,436,7,2023-07-12,USD,RECEIVED
3894,PO-0003894,67,4,2024-03-21,USD,RECEIVED
3895,PO-0003895,119,6,2025-01-18,USD,RECEIVED
3896,PO-0003896,65,7,2023-08-12,USD,RECEIVED
3897,PO-0003897,2,4,2023-12-21,USD,OPEN
3898,PO-0003898,93,11,2024-04-01,USD,RECEIVED
3899,PO-0003899,333,4,2024-10-12,USD,RECEIVED
3900,PO-0003900,249,10,2024-11-07,USD,CANCELLED
3901,PO-0003901,426,8,2023-04-04,USD,RECEIVED
3902,PO-0003902,170,7,2024-04-25,USD,RECEIVED
3903,PO-0003903,383,4,2026-08-11,USD,RECEIVED
3904,PO-0003904,287,12,2024-03-24,USD,PARTIAL
3905,PO-0003905,424,11,2026-04-23,USD,RECEIVED
3906,PO-0003906,209,2,2026-04-15,USD,OPEN
3907,PO-0003907,302,4,2023-09-24,USD,RECEIVED
3908,PO-0003908,43,3,2024-03-28,USD,CANCELLED
3909,PO-0003909,230,10,2024-01-17,USD,RECEIVED
3910,PO-0003910,413,6,2025-03-16,USD,RECEIVED
3911,PO-0003911,43,5,2025-03-26,USD,RECEIVED
3912,PO-0003912,282,4,2025-11-03,USD,RECEIVED
3913,PO-0003913,257,6,2023-10-01,USD,RECEIVED
3914,PO-0003914,247,8,2025-01-17,USD,CANCELLED
3915,PO-0003915,307,9,2023-12-03,USD,PARTIAL
3916,PO-0003916,264,1,2026-10-01,USD,OPEN
3917,PO-0003917,444,12,2024-03-30,USD,RECEIVED
3918,PO-0003918,179,7,2025-10-22,USD,OPEN
3919,PO-0003919,364,7,2026-08-07,USD,RECEIVED
3920,PO-0003920,284,2,2023-03-02,USD,RECEIVED
3921,PO-0003921,115,9,2024-11-05,USD,CANCELLED
3922,PO-0003922,496,5,2024-11-12,USD,PARTIAL
3923,PO-0003923,400,12,2023-01-09,USD,RECEIVED
3924,PO-0003924,129,6,2025-10-09,USD,RECEIVED
3925,PO-0003925,268,8,2024-12-03,USD,RECEIVED
3926,PO-0003926,45,4,2023-06-06,USD,RECEIVED
3927,PO-0003927,483,7,2024-01-12,USD,RECEIVED
3928,PO-0003928,74,6,2024-02-15,USD,PARTIAL
3929,PO-0003929,20,2,2025-11-20,USD,OPEN
3930,PO-0003930,469,6,2026-03-07,USD,RECEIVED
3931,PO-0003931,11,8,2024-05-28,USD,RECEIVED
3932,PO-0003932,331,7,2024-01-01,USD,RECEIVED
3933,PO-0003933,437,8,2023-12-31,USD,RECEIVED
3934,PO-0003934,422,12,2024-09-16,USD,RECEIVED
3935,PO-0003935,385,11,2023-10-08,USD,RECEIVED
3936,PO-0003936,201,6,2025-05-14,USD,RECEIVED
3937,PO-0003937,201,8,2026-05-28,USD,RECEIVED
3938,PO-0003938,132,12,2024-12-30,USD,PARTIAL
3939,PO-0003939,92,11,2026-08-19,USD,OPEN
3940,PO-0003940,287,10,2025-12-29,USD,RECEIVED
3941,PO-0003941,403,8,2025-06-21,USD,RECEIVED
3942,PO-0003942,65,1,2025-05-02,USD,RECEIVED
3943,PO-0003943,427,7,2026-02-16,USD,RECEIVED
3944,PO-0003944,151,9,2023-12-14,USD,RECEIVED
3945,PO-0003945,252,3,2025-05-29,USD,RECEIVED
3946,PO-0003946,86,4,2023-04-19,USD,RECEIVED
3947,PO-0003947,226,1,2025-12-18,USD,RECEIVED
3948,PO-0003948,190,3,2025-08-14,USD,RECEIVED
3949,PO-0003949,451,4,2025-05-24,USD,RECEIVED
3950,PO-0003950,438,9,2024-06-19,USD,RECEIVED
3951,PO-0003951,49,8,2024-05-16,USD,CANCELLED
3952,PO-0003952,450,3,2025-10-20,USD,RECEIVED
3953,PO-0003953,65,11,2024-08-08,USD,RECEIVED
3954,PO-0003954,256,1,2025-08-06,USD,CANCELLED
3955,PO-0003955,413,1,2025-04-30,USD,RECEIVED
3956,PO-0003956,343,9,2025-07-04,USD,RECEIVED
3957,PO-0003957,322,8,2025-02-08,USD,PARTIAL
3958,PO-0003958,426,2,2025-11-02,USD,RECEIVED
3959,PO-0003959,44,3,2024-02-18,USD,OPEN
3960,PO-0003960,409,5,2026-06-01,USD,RECEIVED
3961,PO-0003961,447,1,2025-06-15,USD,RECEIVED
3962,PO-0003962,51,10,2025-01-06,USD,RECEIVED
3963,PO-0003963,282,2,2023-10-27,USD,RECEIVED
3964,PO-0003964,248,6,2023-10-04,USD,OPEN
3965,PO-0003965,51,7,2026-03-01,USD,RECEIVED
3966,PO-0003966,92,7,2024-07-18,USD,RECEIVED
3967,PO-0003967,487,6,2024-10-24,USD,RECEIVED
3968,PO-0003968,129,11,2025-06-30,USD,RECEIVED
3969,PO-0003969,190,9,2026-02-25,USD,RECEIVED
3970,PO-0003970,477,7,2026-07-13,USD,RECEIVED
3971,PO-0003971,14,12,2025-05-25,USD,CANCELLED
3972,PO-0003972,236,8,2023-08-29,USD,RECEIVED
3973,PO-0003973,374,9,2024-10-31,USD,RECEIVED
3974,PO-0003974,136,8,2024-11-10,USD,RECEIVED
3975,PO-0003975,468,7,2023-04-25,USD,PARTIAL
3976,PO-0003976,11,7,2025-12-16,USD,RECEIVED
3977,PO-0003977,310,10,2025-07-22,USD,RECEIVED
3978,PO-0003978,260,1,2024-12-13,USD,PARTIAL
3979,PO-0003979,163,12,2025-09-25,USD,PARTIAL
3980,PO-0003980,317,7,2024-05-22,USD,RECEIVED
3981,PO-0003981,414,10,2026-07-05,USD,RECEIVED
3982,PO-0003982,337,7,2026-09-23,USD,CANCELLED
3983,PO-0003983,206,9,2026-01-01,USD,RECEIVED
3984,PO-0003984,31,2,2026-01-29,USD,RECEIVED
3985,PO-0003985,146,2,2026-07-29,USD,RECEIVED
3986,PO-0003986,354,12,2026-03-31,USD,OPEN
3987,PO-0003987,198,9,2024-06-30,USD,RECEIVED
3988,PO-0003988,145,11,2024-03-22,USD,RECEIVED
3989,PO-0003989,109,8,2025-10-27,USD,RECEIVED
3990,PO-0003990,141,3,2023-07-01,USD,RECEIVED
3991,PO-0003991,227,3,2024-04-07,USD,RECEIVED
3992,PO-0003992,299,12,2023-08-20,USD,RECEIVED
3993,PO-0003993,439,11,2025-07-15,USD,RECEIVED
3994,PO-0003994,450,6,2026-04-05,USD,RECEIVED
3995,PO-0003995,233,11,2023-05-01,USD,RECEIVED
3996,PO-0003996,343,4,2024-10-10,USD,RECEIVED
3997,PO-0003997,131,10,2025-10-01,USD,PARTIAL
3998,PO-0003998,27,8,2025-06-30,USD,RECEIVED
3999,PO-0003999,284,3,2024-04-02,USD,RECEIVED
4000,PO-0004000,103,7,2024-07-11,USD,RECEIVED
4001,PO-0004001,391,7,2026-09-08,USD,OPEN
4002,PO-0004002,30,10,2025-01-31,USD,PARTIAL
4003,PO-0004003,221,3,2023-05-06,USD,RECEIVED
4004,PO-0004004,235,7,2025-08-25,USD,CANCELLED
4005,PO-0004005,58,7,2024-04-04,USD,RECEIVED
4006,PO-0004006,94,9,2024-09-22,USD,RECEIVED
4007,PO-0004007,354,5,2026-04-22,USD,RECEIVED
4008,PO-0004008,481,6,2024-05-13,USD,RECEIVED
4009,PO-0004009,178,8,2026-04-24,USD,CANCELLED
4010,PO-0004010,319,9,2025-12-10,USD,PARTIAL
4011,PO-0004011,321,1,2025-07-05,USD,RECEIVED
4012,PO-0004012,31,11,2024-05-09,USD,CANCELLED
4013,PO-0004013,18,9,2025-12-21,USD,RECEIVED
4014,PO-0004014,475,5,2023-11-23,USD,PARTIAL
4015,PO-0004015,246,11,2025-01-14,USD,OPEN
4016,PO-0004016,484,5,2024-07-10,USD,CANCELLED
4017,PO-0004017,492,1,2025-02-08,USD,RECEIVED
4018,PO-0004018,427,1,2024-06-06,USD,PARTIAL
4019,PO-0004019,151,5,2024-02-15,USD,RECEIVED
4020,PO-0004020,174,9,2023-10-26,USD,RECEIVED
4021,PO-0004021,182,9,2024-02-18,USD,RECEIVED
4022,PO-0004022,62,5,2025-09-22,USD,CANCELLED
4023,PO-0004023,264,11,2026-02-12,USD,RECEIVED
4024,PO-0004024,454,11,2025-08-23,USD,PARTIAL
4025,PO-0004025,206,1,2025-01-18,USD,RECEIVED
4026,PO-0004026,380,12,2024-06-15,USD,RECEIVED
4027,PO-0004027,482,3,2023-08-06,USD,OPEN
4028,PO-0004028,370,10,2023-01-21,USD,PARTIAL
4029,PO-0004029,466,5,2024-03-30,USD,OPEN
4030,PO-0004030,378,8,2023-03-27,USD,OPEN
4031,PO-0004031,187,9,2023-01-14,USD,RECEIVED
4032,PO-0004032,259,4,2023-07-23,USD,OPEN
4033,PO-0004033,14,9,2025-11-06,USD,PARTIAL
4034,PO-0004034,272,10,2024-08-01,USD,RECEIVED
4035,PO-0004035,104,6,2024-11-01,USD,RECEIVED
4036,PO-0004036,56,9,2026-07-16,USD,PARTIAL
4037,PO-0004037,63,10,2024-01-19,USD,RECEIVED
4038,PO-0004038,330,7,2026-09-30,USD,RECEIVED
4039,PO-0004039,269,9,2024-09-07,USD,OPEN
4040,PO-0004040,410,1,2026-03-03,USD,CANCELLED
4041,PO-0004041,327,3,2026-07-13,USD,OPEN
4042,PO-0004042,124,8,2023-01-12,USD,CANCELLED
4043,PO-0004043,322,10,2024-10-29,USD,RECEIVED
4044,PO-0004044,115,9,2026-08-17,USD,RECEIVED
4045,PO-0004045,489,10,2025-03-06,USD,RECEIVED
4046,PO-0004046,421,3,2025-08-08,USD,RECEIVED
4047,PO-0004047,166,10,2024-06-25,USD,RECEIVED
4048,PO-0004048,31,5,2023-07-24,USD,PARTIAL
4049,PO-0004049,343,11,2025-10-14,USD,PARTIAL
4050,PO-0004050,18,9,2026-06-22,USD,RECEIVED
4051,PO-0004051,139,3,2023-05-17,USD,RECEIVED
4052,PO-0004052,121,6,2024-03-09,USD,RECEIVED
4053,PO-0004053,129,12,2023-01-13,USD,OPEN
4054,PO-0004054,158,12,2025-04-05,USD,RECEIVED
4055,PO-0004055,435,3,2024-05-12,USD,RECEIVED
4056,PO-0004056,287,8,2026-06-10,USD,PARTIAL
4057,PO-0004057,320,5,2025-06-03,USD,OPEN
4058,PO-0004058,335,11,2025-04-10,USD,PARTIAL
4059,PO-0004059,128,5,2023-01-18,USD,RECEIVED
4060,PO-0004060,71,12,2026-06-22,USD,RECEIVED
4061,PO-0004061,235,12,2025-01-04,USD,RECEIVED
4062,PO-0004062,102,7,2023-05-20,USD,PARTIAL
4063,PO-0004063,320,11,2026-07-06,USD,CANCELLED
4064,PO-0004064,222,6,2023-06-05,USD,RECEIVED
4065,PO-0004065,52,12,2023-05-15,USD,CANCELLED
4066,PO-0004066,70,9,2024-04-06,USD,RECEIVED
4067,PO-0004067,283,1,2023-05-07,USD,RECEIVED
4068,PO-0004068,161,4,2023-12-29,USD,OPEN
4069,PO-0004069,203,3,2025-11-16,USD,RECEIVED
4070,PO-0004070,446,4,2026-02-20,USD,RECEIVED
4071,PO-0004071,207,8,2026-03-17,USD,RECEIVED
4072,PO-0004072,287,10,2023-08-19,USD,OPEN
4073,PO-0004073,369,6,2026-03-26,USD,RECEIVED
4074,PO-0004074,450,5,2026-04-07,USD,PARTIAL
4075,PO-0004075,192,11,2025-07-06,USD,RECEIVED
4076,PO-0004076,47,1,2024-01-09,USD,RECEIVED
4077,PO-0004077,393,1,2025-04-09,USD,RECEIVED
4078,PO-0004078,175,4,2025-09-01,USD,RECEIVED
4079,PO-0004079,234,9,2023-09-26,USD,PARTIAL
4080,PO-0004080,97,2,2023-02-26,USD,RECEIVED
4081,PO-0004081,500,11,2024-03-31,USD,RECEIVED
4082,PO-0004082,111,10,2023-01-02,USD,RECEIVED
4083,PO-0004083,497,8,2024-08-30,USD,OPEN
4084,PO-0004084,457,9,2024-05-01,USD,RECEIVED
4085,PO-0004085,264,2,2023-05-12,USD,OPEN
4086,PO-0004086,141,2,2024-02-16,USD,RECEIVED
4087,PO-0004087,297,2,2025-10-25,USD,PARTIAL
4088,PO-0004088,463,8,2023-08-16,USD,RECEIVED
4089,PO-0004089,82,4,2024-12-22,USD,RECEIVED
4090,PO-0004090,214,8,2024-12-16,USD,RECEIVED
4091,PO-0004091,59,9,2026-01-22,USD,RECEIVED
4092,PO-0004092,171,6,2026-08-04,USD,RECEIVED
4093,PO-0004093,169,5,2025-10-05,USD,RECEIVED
4094,PO-0004094,53,10,2024-05-28,USD,CANCELLED
4095,PO-0004095,458,2,2023-01-17,USD,OPEN
4096,PO-0004096,397,6,2026-01-05,USD,RECEIVED
4097,PO-0004097,410,4,2023-12-31,USD,PARTIAL
4098,PO-0004098,276,12,2025-06-21,USD,RECEIVED
4099,PO-0004099,248,7,2023-05-12,USD,CANCELLED
4100,PO-0004100,284,6,2025-11-07,USD,RECEIVED
4101,PO-0004101,372,12,2024-12-08,USD,RECEIVED
4102,PO-0004102,52,8,2026-02-02,USD,RECEIVED
4103,PO-0004103,221,8,2025-01-20,USD,RECEIVED
4104,PO-0004104,198,5,2024-11-28,USD,RECEIVED
4105,PO-0004105,394,1,2024-01-22,USD,RECEIVED
4106,PO-0004106,227,1,2024-11-15,USD,CANCELLED
4107,PO-0004107,412,12,2024-01-14,USD,PARTIAL
4108,PO-0004108,174,4,2026-05-25,USD,CANCELLED
4109,PO-0004109,401,2,2026-07-11,USD,RECEIVED
4110,PO-0004110,80,7,2026-06-25,USD,PARTIAL
4111,PO-0004111,472,1,2024-03-27,USD,RECEIVED
4112,PO-0004112,35,9,2024-10-18,USD,RECEIVED
4113,PO-0004113,52,9,2023-11-06,USD,OPEN
4114,PO-0004114,21,8,2023-01-30,USD,RECEIVED
4115,PO-0004115,87,6,2024-12-07,USD,RECEIVED
4116,PO-0004116,38,7,2026-08-29,USD,CANCELLED
4117,PO-0004117,67,8,2023-02-28,USD,PARTIAL
4118,PO-0004118,23,4,2023-06-03,USD,RECEIVED
4119,PO-0004119,78,12,2025-07-13,USD,OPEN
4120,PO-0004120,171,7,2025-08-03,USD,RECEIVED
4121,PO-0004121,2,1,2024-05-26,USD,RECEIVED
4122,PO-0004122,465,3,2024-11-14,USD,OPEN
4123,PO-0004123,166,8,2026-06-29,USD,RECEIVED
4124,PO-0004124,497,8,2024-02-22,USD,RECEIVED
4125,PO-0004125,387,10,2023-12-24,USD,PARTIAL
4126,PO-0004126,493,8,2025-04-02,USD,RECEIVED
4127,PO-0004127,204,5,2024-11-24,USD,RECEIVED
4128,PO-0004128,114,5,2024-07-01,USD,RECEIVED
4129,PO-0004129,444,6,2025-06-03,USD,RECEIVED
4130,PO-0004130,297,10,2026-02-23,USD,RECEIVED
4131,PO-0004131,4,3,2023-10-26,USD,RECEIVED
4132,PO-0004132,238,5,2024-07-23,USD,RECEIVED
4133,PO-0004133,351,11,2024-02-06,USD,RECEIVED
4134,PO-0004134,60,12,2025-12-24,USD,RECEIVED
4135,PO-0004135,122,9,2024-01-22,USD,RECEIVED
4136,PO-0004136,153,3,2023-05-04,USD,RECEIVED
4137,PO-0004137,280,7,2024-01-04,USD,RECEIVED
4138,PO-0004138,209,1,2024-12-02,USD,RECEIVED
4139,PO-0004139,201,11,2025-09-03,USD,RECEIVED
4140,PO-0004140,396,8,2025-02-19,USD,RECEIVED
4141,PO-0004141,103,7,2024-08-21,USD,PARTIAL
4142,PO-0004142,387,6,2023-02-10,USD,CANCELLED
4143,PO-0004143,455,1,2025-05-30,USD,RECEIVED
4144,PO-0004144,14,12,2026-07-06,USD,RECEIVED
4145,PO-0004145,316,8,2026-05-08,USD,RECEIVED
4146,PO-0004146,488,5,2026-02-21,USD,RECEIVED
4147,PO-0004147,306,5,2023-07-19,USD,RECEIVED
4148,PO-0004148,377,8,2023-02-13,USD,PARTIAL
4149,PO-0004149,65,5,2023-08-10,USD,RECEIVED
4150,PO-0004150,289,7,2024-01-31,USD,RECEIVED
4151,PO-0004151,384,11,2026-07-26,USD,RECEIVED
4152,PO-0004152,424,5,2023-03-10,USD,RECEIVED
4153,PO-0004153,250,7,2025-02-05,USD,RECEIVED
4154,PO-0004154,348,6,2026-06-23,USD,RECEIVED
4155,PO-0004155,470,8,2023-01-03,USD,PARTIAL
4156,PO-0004156,255,9,2023-12-30,USD,OPEN
4157,PO-0004157,360,1,2023-09-17,USD,RECEIVED
4158,PO-0004158,153,6,2026-08-15,USD,RECEIVED
4159,PO-0004159,388,8,2026-02-22,USD,RECEIVED
4160,PO-0004160,407,8,2026-09-02,USD,CANCELLED
4161,PO-0004161,168,4,2025-11-09,USD,CANCELLED
4162,PO-0004162,79,5,2026-01-06,USD,RECEIVED
4163,PO-0004163,207,12,2023-02-18,USD,RECEIVED
4164,PO-0004164,371,6,2026-09-18,USD,RECEIVED
4165,PO-0004165,84,10,2023-06-04,USD,RECEIVED
4166,PO-0004166,84,7,2024-12-28,USD,RECEIVED
4167,PO-0004167,83,3,2023-03-17,USD,RECEIVED
4168,PO-0004168,433,3,2023-07-21,USD,RECEIVED
4169,PO-0004169,208,10,2026-07-05,USD,OPEN
4170,PO-0004170,147,11,2026-06-06,USD,PARTIAL
4171,PO-0004171,267,1,2025-02-25,USD,RECEIVED
4172,PO-0004172,153,5,2023-09-02,USD,OPEN
4173,PO-0004173,239,12,2024-06-06,USD,RECEIVED
4174,PO-0004174,468,11,2024-02-14,USD,RECEIVED
4175,PO-0004175,282,12,2026-02-22,USD,CANCELLED
4176,PO-0004176,53,1,2025-03-06,USD,RECEIVED
4177,PO-0004177,458,11,2024-09-19,USD,RECEIVED
4178,PO-0004178,172,3,2023-02-27,USD,RECEIVED
4179,PO-0004179,43,10,2026-03-15,USD,RECEIVED
4180,PO-0004180,177,10,2026-08-08,USD,CANCELLED
4181,PO-0004181,357,1,2023-11-10,USD,RECEIVED
4182,PO-0004182,279,11,2025-08-20,USD,RECEIVED
4183,PO-0004183,396,1,2026-02-26,USD,CANCELLED
4184,PO-0004184,490,4,2024-03-11,USD,RECEIVED
4185,PO-0004185,159,9,2023-11-07,USD,RECEIVED
4186,PO-0004186,187,10,2026-09-15,USD,RECEIVED
4187,PO-0004187,71,4,2026-08-11,USD,RECEIVED
4188,PO-0004188,55,4,2024-09-08,USD,RECEIVED
4189,PO-0004189,5,1,2024-11-17,USD,RECEIVED
4190,PO-0004190,396,7,2025-01-10,USD,CANCELLED
4191,PO-0004191,449,5,2025-04-15,USD,RECEIVED
4192,PO-0004192,7,7,2025-04-19,USD,RECEIVED
4193,PO-0004193,237,1,2024-09-11,USD,OPEN
4194,PO-0004194,475,5,2024-02-18,USD,RECEIVED
4195,PO-0004195,44,7,2023-10-30,USD,RECEIVED
4196,PO-0004196,382,9,2024-12-07,USD,RECEIVED
4197,PO-0004197,479,8,2024-02-13,USD,RECEIVED
4198,PO-0004198,224,12,2023-10-24,USD,RECEIVED
4199,PO-0004199,479,2,2026-03-28,USD,RECEIVED
4200,PO-0004200,278,7,2023-03-15,USD,RECEIVED
4201,PO-0004201,32,12,2025-10-10,USD,RECEIVED
4202,PO-0004202,94,2,2024-09-23,USD,RECEIVED
4203,PO-0004203,199,10,2024-03-26,USD,RECEIVED
4204,PO-0004204,277,7,2025-04-06,USD,RECEIVED
4205,PO-0004205,54,3,2026-09-24,USD,RECEIVED
4206,PO-0004206,486,4,2024-06-10,USD,RECEIVED
4207,PO-0004207,238,5,2023-12-30,USD,RECEIVED
4208,PO-0004208,87,9,2025-10-19,USD,RECEIVED
4209,PO-0004209,472,6,2025-07-10,USD,PARTIAL
4210,PO-0004210,490,3,2026-01-13,USD,RECEIVED
4211,PO-0004211,483,4,2024-08-10,USD,RECEIVED
4212,PO-0004212,63,9,2025-11-09,USD,RECEIVED
4213,PO-0004213,96,8,2023-08-20,USD,PARTIAL
4214,PO-0004214,123,1,2024-08-10,USD,PARTIAL
4215,PO-0004215,378,2,2026-06-12,USD,RECEIVED
4216,PO-0004216,497,2,2026-01-14,USD,RECEIVED
4217,PO-0004217,111,2,2023-12-07,USD,RECEIVED
4218,PO-0004218,269,10,2024-10-29,USD,PARTIAL
4219,PO-0004219,323,7,2025-10-25,USD,RECEIVED
4220,PO-0004220,353,10,2026-04-23,USD,RECEIVED
4221,PO-0004221,50,1,2025-06-19,USD,RECEIVED
4222,PO-0004222,311,6,2025-12-21,USD,RECEIVED
4223,PO-0004223,57,7,2026-03-17,USD,RECEIVED
4224,PO-0004224,482,1,2024-07-16,USD,RECEIVED
4225,PO-0004225,44,5,2024-12-08,USD,CANCELLED
4226,PO-0004226,293,2,2025-12-23,USD,CANCELLED
4227,PO-0004227,62,3,2023-03-12,USD,OPEN
4228,PO-0004228,176,5,2024-02-11,USD,RECEIVED
4229,PO-0004229,147,3,2023-10-13,USD,RECEIVED
4230,PO-0004230,464,12,2024-05-24,USD,CANCELLED
4231,PO-0004231,34,7,2024-11-19,USD,RECEIVED
4232,PO-0004232,134,5,2025-11-06,USD,RECEIVED
4233,PO-0004233,25,10,2023-04-11,USD,OPEN
4234,PO-0004234,336,8,2026-01-14,USD,CANCELLED
4235,PO-0004235,491,7,2023-06-21,USD,PARTIAL
4236,PO-0004236,497,9,2024-10-06,USD,RECEIVED
4237,PO-0004237,131,8,2026-07-13,USD,RECEIVED
4238,PO-0004238,426,2,2026-03-05,USD,RECEIVED
4239,PO-0004239,10,2,2025-04-03,USD,RECEIVED
4240,PO-0004240,465,6,2023-05-17,USD,RECEIVED
4241,PO-0004241,430,10,2023-12-07,USD,RECEIVED
4242,PO-0004242,215,9,2023-03-22,USD,RECEIVED
4243,PO-0004243,191,10,2025-03-06,USD,OPEN
4244,PO-0004244,359,8,2026-07-08,USD,RECEIVED
4245,PO-0004245,147,3,2026-07-02,USD,OPEN
4246,PO-0004246,191,5,2024-06-15,USD,PARTIAL
4247,PO-0004247,392,8,2023-05-20,USD,OPEN
4248,PO-0004248,42,6,2024-06-28,USD,CANCELLED
4249,PO-0004249,59,5,2026-07-03,USD,RECEIVED
4250,PO-0004250,258,7,2025-08-19,USD,RECEIVED
4251,PO-0004251,353,12,2023-08-24,USD,CANCELLED
4252,PO-0004252,158,6,2023-10-10,USD,RECEIVED
4253,PO-0004253,384,4,2026-06-04,USD,OPEN
4254,PO-0004254,96,3,2026-08-31,USD,RECEIVED
4255,PO-0004255,172,2,2025-02-10,USD,OPEN
4256,PO-0004256,310,10,2025-10-02,USD,RECEIVED
4257,PO-0004257,422,5,2025-06-04,USD,PARTIAL
4258,PO-0004258,361,9,2025-04-16,USD,RECEIVED
4259,PO-0004259,396,7,2026-05-26,USD,RECEIVED
4260,PO-0004260,251,8,2023-02-17,USD,RECEIVED
4261,PO-0004261,246,7,2026-05-01,USD,RECEIVED
4262,PO-0004262,423,10,2023-05-08,USD,RECEIVED
4263,PO-0004263,41,7,2023-09-08,USD,RECEIVED
4264,PO-0004264,278,3,2025-08-27,USD,RECEIVED
4265,PO-0004265,7,4,2023-07-26,USD,PARTIAL
4266,PO-0004266,71,11,2023-04-11,USD,OPEN
4267,PO-0004267,188,11,2023-07-01,USD,RECEIVED
4268,PO-0004268,144,12,2024-07-15,USD,RECEIVED
4269,PO-0004269,282,6,2026-05-08,USD,RECEIVED
4270,PO-0004270,65,5,2026-01-18,USD,RECEIVED
4271,PO-0004271,474,12,2025-03-21,USD,RECEIVED
4272,PO-0004272,345,10,2025-09-19,USD,OPEN
4273,PO-0004273,378,5,2026-06-16,USD,CANCELLED
4274,PO-0004274,136,9,2025-08-15,USD,CANCELLED
4275,PO-0004275,181,10,2023-03-08,USD,RECEIVED
4276,PO-0004276,267,11,2023-03-15,USD,PARTIAL
4277,PO-0004277,416,1,2025-09-13,USD,RECEIVED
4278,PO-0004278,441,9,2024-11-30,USD,RECEIVED
4279,PO-0004279,210,4,2026-07-25,USD,OPEN
4280,PO-0004280,456,6,2023-11-26,USD,RECEIVED
4281,PO-0004281,494,7,2025-11-20,USD,RECEIVED
4282,PO-0004282,188,11,2024-08-05,USD,RECEIVED
4283,PO-0004283,350,2,2025-04-14,USD,PARTIAL
4284,PO-0004284,199,7,2024-10-15,USD,RECEIVED
4285,PO-0004285,365,9,2025-01-10,USD,RECEIVED
4286,PO-0004286,470,8,2024-11-06,USD,PARTIAL
4287,PO-0004287,271,12,2023-10-26,USD,OPEN
4288,PO-0004288,112,1,2023-11-12,USD,PARTIAL
4289,PO-0004289,168,2,2025-09-09,USD,RECEIVED
4290,PO-0004290,400,5,2024-11-10,USD,RECEIVED
4291,PO-0004291,109,3,2025-09-28,USD,RECEIVED
4292,PO-0004292,248,11,2026-05-04,USD,RECEIVED
4293,PO-0004293,295,8,2023-09-14,USD,RECEIVED
4294,PO-0004294,398,11,2024-06-07,USD,RECEIVED
4295,PO-0004295,209,6,2024-11-22,USD,RECEIVED
4296,PO-0004296,274,9,2024-02-19,USD,RECEIVED
4297,PO-0004297,279,11,2025-09-13,USD,RECEIVED
4298,PO-0004298,45,5,2026-03-04,USD,OPEN
4299,PO-0004299,132,7,2024-09-26,USD,RECEIVED
4300,PO-0004300,476,10,2024-12-31,USD,RECEIVED
4301,PO-0004301,490,8,2023-08-01,USD,RECEIVED
4302,PO-0004302,68,5,2025-05-27,USD,RECEIVED
4303,PO-0004303,23,1,2025-06-16,USD,RECEIVED
4304,PO-0004304,198,9,2025-03-24,USD,RECEIVED
4305,PO-0004305,294,9,2026-02-04,USD,RECEIVED
4306,PO-0004306,38,11,2026-03-27,USD,RECEIVED
4307,PO-0004307,353,11,2023-03-26,USD,CANCELLED
4308,PO-0004308,105,9,2025-05-31,USD,RECEIVED
4309,PO-0004309,185,8,2026-02-08,USD,RECEIVED
4310,PO-0004310,419,9,2025-05-08,USD,RECEIVED
4311,PO-0004311,314,7,2026-07-27,USD,RECEIVED
4312,PO-0004312,31,9,2024-07-16,USD,RECEIVED
4313,PO-0004313,186,5,2026-08-24,USD,PARTIAL
4314,PO-0004314,199,1,2026-06-13,USD,RECEIVED
4315,PO-0004315,458,3,2023-01-15,USD,RECEIVED
4316,PO-0004316,330,4,2025-08-05,USD,RECEIVED
4317,PO-0004317,480,7,2024-05-14,USD,RECEIVED
4318,PO-0004318,362,7,2024-03-12,USD,RECEIVED
4319,PO-0004319,355,11,2026-01-30,USD,RECEIVED
4320,PO-0004320,164,7,2026-08-20,USD,RECEIVED
4321,PO-0004321,346,2,2024-09-02,USD,RECEIVED
4322,PO-0004322,463,12,2025-07-08,USD,RECEIVED
4323,PO-0004323,20,1,2024-08-10,USD,RECEIVED
4324,PO-0004324,227,3,2024-10-31,USD,CANCELLED
4325,PO-0004325,41,10,2025-03-18,USD,CANCELLED
4326,PO-0004326,278,2,2024-07-18,USD,RECEIVED
4327,PO-0004327,246,7,2024-09-18,USD,RECEIVED
4328,PO-0004328,497,1,2026-04-09,USD,RECEIVED
4329,PO-0004329,161,11,2023-01-24,USD,PARTIAL
4330,PO-0004330,425,10,2024-08-12,USD,RECEIVED
4331,PO-0004331,198,7,2024-10-16,USD,RECEIVED
4332,PO-0004332,433,8,2026-05-02,USD,RECEIVED
4333,PO-0004333,434,6,2023-11-06,USD,CANCELLED
4334,PO-0004334,241,10,2023-02-04,USD,RECEIVED
4335,PO-0004335,48,7,2025-02-12,USD,OPEN
4336,PO-0004336,434,2,2024-10-04,USD,RECEIVED
4337,PO-0004337,92,4,2023-04-22,USD,RECEIVED
4338,PO-0004338,444,5,2025-04-04,USD,CANCELLED
4339,PO-0004339,96,3,2025-11-28,USD,RECEIVED
4340,PO-0004340,84,9,2025-04-20,USD,RECEIVED
4341,PO-0004341,176,5,2024-10-11,USD,RECEIVED
4342,PO-0004342,191,10,2024-11-02,USD,RECEIVED
4343,PO-0004343,371,10,2025-05-06,USD,PARTIAL
4344,PO-0004344,48,7,2024-08-01,USD,RECEIVED
4345,PO-0004345,499,4,2024-04-27,USD,RECEIVED
4346,PO-0004346,448,7,2026-02-05,USD,CANCELLED
4347,PO-0004347,103,10,2024-03-07,USD,CANCELLED
4348,PO-0004348,487,11,2023-07-08,USD,OPEN
4349,PO-0004349,341,8,2024-04-25,USD,RECEIVED
4350,PO-0004350,472,4,2025-07-09,USD,RECEIVED
4351,PO-0004351,370,9,2025-05-01,USD,RECEIVED
4352,PO-0004352,293,1,2024-02-23,USD,PARTIAL
4353,PO-0004353,361,5,2025-03-04,USD,RECEIVED
4354,PO-0004354,323,10,2026-02-03,USD,RECEIVED
4355,PO-0004355,128,8,2026-09-07,USD,RECEIVED
4356,PO-0004356,351,5,2024-07-13,USD,RECEIVED
4357,PO-0004357,238,6,2026-05-15,USD,PARTIAL
4358,PO-0004358,365,2,2023-03-21,USD,RECEIVED
4359,PO-0004359,487,12,2025-02-26,USD,RECEIVED
4360,PO-0004360,449,2,2024-02-28,USD,RECEIVED
4361,PO-0004361,334,12,2025-01-04,USD,RECEIVED
4362,PO-0004362,120,7,2024-04-09,USD,RECEIVED
4363,PO-0004363,112,4,2024-04-10,USD,RECEIVED
4364,PO-0004364,470,7,2023-03-16,USD,RECEIVED
4365,PO-0004365,365,8,2024-10-29,USD,RECEIVED
4366,PO-0004366,323,11,2025-01-11,USD,RECEIVED
4367,PO-0004367,242,7,2026-06-06,USD,RECEIVED
4368,PO-0004368,406,6,2025-10-02,USD,CANCELLED
4369,PO-0004369,456,6,2023-01-15,USD,RECEIVED
4370,PO-0004370,18,5,2023-11-07,USD,RECEIVED
4371,PO-0004371,101,8,2024-12-15,USD,CANCELLED
4372,PO-0004372,157,10,2025-05-31,USD,RECEIVED
4373,PO-0004373,112,12,2025-02-20,USD,RECEIVED
4374,PO-0004374,95,12,2023-06-10,USD,RECEIVED
4375,PO-0004375,485,10,2025-08-27,USD,CANCELLED
4376,PO-0004376,162,5,2024-10-30,USD,OPEN
4377,PO-0004377,338,11,2026-09-08,USD,RECEIVED
4378,PO-0004378,71,6,2025-03-12,USD,RECEIVED
4379,PO-0004379,293,9,2024-12-20,USD,OPEN
4380,PO-0004380,443,1,2025-12-31,USD,OPEN
4381,PO-0004381,417,11,2024-06-05,USD,RECEIVED
4382,PO-0004382,320,4,2024-05-24,USD,RECEIVED
4383,PO-0004383,467,9,2024-01-23,USD,RECEIVED
4384,PO-0004384,168,11,2023-10-11,USD,RECEIVED
4385,PO-0004385,421,1,2024-09-21,USD,RECEIVED
4386,PO-0004386,89,6,2026-05-12,USD,OPEN
4387,PO-0004387,209,12,2023-12-26,USD,RECEIVED
4388,PO-0004388,328,3,2023-03-20,USD,OPEN
4389,PO-0004389,484,5,2026-05-14,USD,RECEIVED
4390,PO-0004390,286,12,2025-09-10,USD,RECEIVED
4391,PO-0004391,91,10,2024-04-05,USD,PARTIAL
4392,PO-0004392,13,1,2024-02-13,USD,OPEN
4393,PO-0004393,432,2,2023-03-06,USD,RECEIVED
4394,PO-0004394,85,3,2025-12-23,USD,OPEN
4395,PO-0004395,106,6,2026-06-05,USD,RECEIVED
4396,PO-0004396,33,12,2024-02-26,USD,RECEIVED
4397,PO-0004397,309,10,2023-02-11,USD,RECEIVED
4398,PO-0004398,451,5,2025-07-28,USD,RECEIVED
4399,PO-0004399,218,2,2023-04-01,USD,RECEIVED
4400,PO-0004400,56,1,2025-05-16,USD,CANCELLED
4401,PO-0004401,149,6,2025-04-22,USD,RECEIVED
4402,PO-0004402,339,5,2023-11-14,USD,RECEIVED
4403,PO-0004403,309,7,2024-07-02,USD,OPEN
4404,PO-0004404,154,10,2024-05-14,USD,RECEIVED
4405,PO-0004405,111,2,2023-05-07,USD,PARTIAL
4406,PO-0004406,167,8,2024-08-30,USD,RECEIVED
4407,PO-0004407,258,4,2026-02-14,USD,RECEIVED
4408,PO-0004408,173,8,2023-12-17,USD,RECEIVED
4409,PO-0004409,75,1,2023-06-06,USD,RECEIVED
4410,PO-0004410,410,7,2023-10-25,USD,PARTIAL
4411,PO-0004411,415,11,2025-08-07,USD,RECEIVED
4412,PO-0004412,197,3,2023-05-15,USD,RECEIVED
4413,PO-0004413,248,8,2023-08-10,USD,RECEIVED
4414,PO-0004414,369,5,2025-05-26,USD,RECEIVED
4415,PO-0004415,35,12,2023-10-18,USD,RECEIVED
4416,PO-0004416,126,4,2026-03-08,USD,RECEIVED
4417,PO-0004417,168,11,2025-11-10,USD,RECEIVED
4418,PO-0004418,69,2,2026-08-30,USD,CANCELLED
4419,PO-0004419,385,5,2023-11-18,USD,PARTIAL
4420,PO-0004420,58,5,2024-08-13,USD,CANCELLED
4421,PO-0004421,311,4,2026-01-11,USD,RECEIVED
4422,PO-0004422,89,11,2025-04-30,USD,RECEIVED
4423,PO-0004423,416,7,2023-01-22,USD,RECEIVED
4424,PO-0004424,263,7,2024-01-05,USD,PARTIAL
4425,PO-0004425,455,12,2025-05-11,USD,RECEIVED
4426,PO-0004426,99,4,2026-05-03,USD,RECEIVED
4427,PO-0004427,444,3,2023-05-08,USD,RECEIVED
4428,PO-0004428,454,2,2025-02-10,USD,RECEIVED
4429,PO-0004429,107,2,2024-02-27,USD,RECEIVED
4430,PO-0004430,141,5,2025-09-05,USD,RECEIVED
4431,PO-0004431,187,1,2024-07-24,USD,CANCELLED
4432,PO-0004432,351,11,2024-06-24,USD,RECEIVED
4433,PO-0004433,323,3,2025-02-22,USD,RECEIVED
4434,PO-0004434,422,6,2025-05-10,USD,RECEIVED
4435,PO-0004435,339,3,2025-06-03,USD,RECEIVED
4436,PO-0004436,401,1,2026-03-07,USD,RECEIVED
4437,PO-0004437,51,9,2026-09-10,USD,RECEIVED
4438,PO-0004438,129,8,2024-06-09,USD,OPEN
4439,PO-0004439,445,7,2023-02-15,USD,RECEIVED
4440,PO-0004440,52,5,2023-06-01,USD,RECEIVED
4441,PO-0004441,81,12,2023-06-24,USD,RECEIVED
4442,PO-0004442,232,5,2026-02-28,USD,RECEIVED
4443,PO-0004443,35,11,2026-06-12,USD,RECEIVED
4444,PO-0004444,397,4,2025-05-09,USD,RECEIVED
4445,PO-0004445,136,8,2023-09-19,USD,RECEIVED
4446,PO-0004446,219,8,2026-09-02,USD,PARTIAL
4447,PO-0004447,363,3,2024-06-12,USD,RECEIVED
4448,PO-0004448,369,8,2023-07-01,USD,RECEIVED
4449,PO-0004449,132,6,2026-05-17,USD,CANCELLED
4450,PO-0004450,393,2,2026-02-20,USD,OPEN
4451,PO-0004451,351,3,2023-03-22,USD,PARTIAL
4452,PO-0004452,419,2,2026-03-02,USD,RECEIVED
4453,PO-0004453,480,9,2023-02-21,USD,RECEIVED
4454,PO-0004454,252,1,2024-10-21,USD,RECEIVED
4455,PO-0004455,155,5,2023-11-07,USD,RECEIVED
4456,PO-0004456,467,2,2023-06-27,USD,CANCELLED
4457,PO-0004457,89,4,2023-03-14,USD,PARTIAL
4458,PO-0004458,105,3,2026-01-16,USD,CANCELLED
4459,PO-0004459,336,4,2025-05-01,USD,RECEIVED
4460,PO-0004460,274,11,2024-10-25,USD,RECEIVED
4461,PO-0004461,327,6,2026-02-13,USD,RECEIVED
4462,PO-0004462,53,6,2023-11-17,USD,RECEIVED
4463,PO-0004463,387,4,2026-09-24,USD,RECEIVED
4464,PO-0004464,93,7,2026-03-26,USD,RECEIVED
4465,PO-0004465,124,9,2025-01-09,USD,PARTIAL
4466,PO-0004466,41,9,2025-04-17,USD,RECEIVED
4467,PO-0004467,82,2,2024-08-15,USD,RECEIVED
4468,PO-0004468,188,5,2026-05-26,USD,PARTIAL
4469,PO-0004469,54,6,2023-02-01,USD,RECEIVED
4470,PO-0004470,24,8,2026-03-15,USD,RECEIVED
4471,PO-0004471,111,4,2026-08-11,USD,RECEIVED
4472,PO-0004472,298,5,2025-06-26,USD,PARTIAL
4473,PO-0004473,56,9,2023-12-26,USD,RECEIVED
4474,PO-0004474,208,5,2026-09-06,USD,RECEIVED
4475,PO-0004475,248,9,2023-05-19,USD,RECEIVED
4476,PO-0004476,483,3,2023-05-10,USD,RECEIVED
4477,PO-0004477,346,6,2024-03-17,USD,RECEIVED
4478,PO-0004478,170,3,2025-08-01,USD,CANCELLED
4479,PO-0004479,219,12,2025-04-29,USD,OPEN
4480,PO-0004480,282,11,2026-09-12,USD,RECEIVED
4481,PO-0004481,11,2,2024-01-29,USD,RECEIVED
4482,PO-0004482,442,6,2023-08-17,USD,RECEIVED
4483,PO-0004483,228,11,2024-01-18,USD,RECEIVED
4484,PO-0004484,367,1,2026-09-27,USD,RECEIVED
4485,PO-0004485,230,8,2025-06-25,USD,OPEN
4486,PO-0004486,444,4,2026-04-06,USD,RECEIVED
4487,PO-0004487,459,1,2025-08-30,USD,RECEIVED
4488,PO-0004488,443,5,2026-06-12,USD,RECEIVED
4489,PO-0004489,449,11,2026-02-19,USD,RECEIVED
4490,PO-0004490,135,1,2024-12-05,USD,PARTIAL
4491,PO-0004491,368,11,2023-07-08,USD,PARTIAL
4492,PO-0004492,319,7,2023-05-29,USD,RECEIVED
4493,PO-0004493,279,8,2023-07-21,USD,RECEIVED
4494,PO-0004494,456,9,2026-08-26,USD,RECEIVED
4495,PO-0004495,53,8,2023-04-23,USD,RECEIVED
4496,PO-0004496,453,10,2024-07-08,USD,RECEIVED
4497,PO-0004497,217,4,2026-06-02,USD,RECEIVED
4498,PO-0004498,381,6,2026-07-30,USD,CANCELLED
4499,PO-0004499,199,6,2026-02-24,USD,PARTIAL
4500,PO-0004500,115,1,2024-02-19,USD,OPEN
4501,PO-0004501,296,2,2023-06-04,USD,RECEIVED
4502,PO-0004502,352,8,2025-04-25,USD,RECEIVED
4503,PO-0004503,436,7,2024-12-05,USD,RECEIVED
4504,PO-0004504,244,12,2023-08-16,USD,PARTIAL
4505,PO-0004505,277,11,2025-02-08,USD,PARTIAL
4506,PO-0004506,157,4,2023-04-09,USD,RECEIVED
4507,PO-0004507,98,8,2025-06-26,USD,CANCELLED
4508,PO-0004508,486,3,2026-06-14,USD,RECEIVED
4509,PO-0004509,280,10,2025-02-24,USD,RECEIVED
4510,PO-0004510,144,7,2025-05-23,USD,RECEIVED
4511,PO-0004511,284,4,2023-02-08,USD,RECEIVED
4512,PO-0004512,183,5,2026-04-25,USD,RECEIVED
4513,PO-0004513,168,11,2025-04-21,USD,OPEN
4514,PO-0004514,385,4,2023-08-19,USD,RECEIVED
4515,PO-0004515,78,12,2024-05-14,USD,RECEIVED
4516,PO-0004516,478,10,2025-04-04,USD,RECEIVED
4517,PO-0004517,170,3,2026-02-11,USD,RECEIVED
4518,PO-0004518,55,12,2026-04-28,USD,RECEIVED
4519,PO-0004519,293,9,2025-08-22,USD,RECEIVED
4520,PO-0004520,308,3,2024-11-04,USD,RECEIVED
4521,PO-0004521,482,10,2023-03-02,USD,RECEIVED
4522,PO-0004522,296,9,2025-07-20,USD,RECEIVED
4523,PO-0004523,160,3,2023-04-05,USD,RECEIVED
4524,PO-0004524,464,10,2023-12-01,USD,CANCELLED
4525,PO-0004525,399,12,2024-09-20,USD,RECEIVED
4526,PO-0004526,255,3,2023-03-09,USD,RECEIVED
4527,PO-0004527,460,7,2023-04-24,USD,CANCELLED
4528,PO-0004528,74,2,2026-06-14,USD,RECEIVED
4529,PO-0004529,345,5,2025-10-03,USD,RECEIVED
4530,PO-0004530,309,3,2023-11-10,USD,RECEIVED
4531,PO-0004531,224,7,2025-07-13,USD,RECEIVED
4532,PO-0004532,485,8,2025-07-17,USD,OPEN
4533,PO-0004533,381,4,2024-12-09,USD,RECEIVED
4534,PO-0004534,464,5,2025-07-16,USD,RECEIVED
4535,PO-0004535,35,8,2026-05-05,USD,RECEIVED
4536,PO-0004536,116,12,2026-01-09,USD,RECEIVED
4537,PO-0004537,484,5,2023-06-15,USD,RECEIVED
4538,PO-0004538,478,1,2026-04-20,USD,PARTIAL
4539,PO-0004539,407,2,2026-09-04,USD,RECEIVED
4540,PO-0004540,115,7,2023-11-01,USD,RECEIVED
4541,PO-0004541,370,7,2024-08-27,USD,RECEIVED
4542,PO-0004542,195,4,2025-06-04,USD,RECEIVED
4543,PO-0004543,254,9,2024-04-17,USD,OPEN
4544,PO-0004544,59,10,2024-09-20,USD,RECEIVED
4545,PO-0004545,125,11,2026-07-09,USD,RECEIVED
4546,PO-0004546,72,6,2024-08-28,USD,PARTIAL
4547,PO-0004547,240,8,2026-01-21,USD,RECEIVED
4548,PO-0004548,394,8,2024-04-11,USD,RECEIVED
4549,PO-0004549,278,2,2026-06-06,USD,PARTIAL
4550,PO-0004550,500,3,2025-04-17,USD,RECEIVED
4551,PO-0004551,34,8,2023-08-29,USD,RECEIVED
4552,PO-0004552,461,1,2026-04-11,USD,RECEIVED
4553,PO-0004553,370,8,2026-09-07,USD,OPEN
4554,PO-0004554,190,4,2023-04-11,USD,RECEIVED
4555,PO-0004555,22,11,2025-09-04,USD,PARTIAL
4556,PO-0004556,13,11,2024-01-15,USD,RECEIVED
4557,PO-0004557,318,2,2024-05-29,USD,RECEIVED
4558,PO-0004558,92,12,2023-02-15,USD,RECEIVED
4559,PO-0004559,476,12,2023-04-20,USD,RECEIVED
4560,PO-0004560,159,10,2025-04-03,USD,OPEN
4561,PO-0004561,328,2,2024-06-05,USD,RECEIVED
4562,PO-0004562,68,3,2024-06-02,USD,RECEIVED
4563,PO-0004563,478,10,2024-08-05,USD,RECEIVED
4564,PO-0004564,246,8,2025-01-12,USD,RECEIVED
4565,PO-0004565,109,1,2024-09-02,USD,RECEIVED
4566,PO-0004566,334,6,2024-10-03,USD,OPEN
4567,PO-0004567,227,5,2025-09-15,USD,RECEIVED
4568,PO-0004568,204,11,2026-02-14,USD,RECEIVED
4569,PO-0004569,359,6,2024-02-21,USD,RECEIVED
4570,PO-0004570,389,8,2024-02-21,USD,RECEIVED
4571,PO-0004571,199,11,2026-02-08,USD,RECEIVED
4572,PO-0004572,131,2,2026-04-16,USD,RECEIVED
4573,PO-0004573,442,12,2023-11-09,USD,RECEIVED
4574,PO-0004574,333,2,2025-07-26,USD,RECEIVED
4575,PO-0004575,292,1,2025-10-08,USD,RECEIVED
4576,PO-0004576,338,12,2024-06-15,USD,PARTIAL
4577,PO-0004577,279,4,2023-08-04,USD,RECEIVED
4578,PO-0004578,224,12,2023-01-28,USD,RECEIVED
4579,PO-0004579,160,8,2026-03-27,USD,RECEIVED
4580,PO-0004580,187,3,2025-01-09,USD,RECEIVED
4581,PO-0004581,458,12,2024-04-23,USD,PARTIAL
4582,PO-0004582,3,8,2026-01-20,USD,CANCELLED
4583,PO-0004583,94,10,2025-05-26,USD,OPEN
4584,PO-0004584,450,7,2025-01-25,USD,RECEIVED
4585,PO-0004585,114,2,2024-04-14,USD,RECEIVED
4586,PO-0004586,271,9,2026-08-04,USD,RECEIVED
4587,PO-0004587,20,12,2025-05-28,USD,RECEIVED
4588,PO-0004588,477,6,2024-07-18,USD,CANCELLED
4589,PO-0004589,300,6,2023-01-17,USD,RECEIVED
4590,PO-0004590,7,11,2026-09-21,USD,RECEIVED
4591,PO-0004591,105,10,2024-02-26,USD,OPEN
4592,PO-0004592,38,6,2024-05-14,USD,RECEIVED
4593,PO-0004593,444,12,2025-01-22,USD,PARTIAL
4594,PO-0004594,373,11,2025-10-24,USD,RECEIVED
4595,PO-0004595,152,9,2026-08-23,USD,CANCELLED
4596,PO-0004596,34,7,2023-04-12,USD,RECEIVED
4597,PO-0004597,245,1,2024-12-18,USD,RECEIVED
4598,PO-0004598,198,5,2023-02-19,USD,PARTIAL
4599,PO-0004599,487,2,2023-01-24,USD,RECEIVED
4600,PO-0004600,494,4,2026-05-25,USD,RECEIVED
4601,PO-0004601,163,7,2024-08-13,USD,RECEIVED
4602,PO-0004602,480,8,2024-10-23,USD,PARTIAL
4603,PO-0004603,328,1,2024-09-20,USD,RECEIVED
4604,PO-0004604,460,7,2026-05-22,USD,RECEIVED
4605,PO-0004605,250,8,2024-10-21,USD,PARTIAL
4606,PO-0004606,2,1,2023-08-01,USD,RECEIVED
4607,PO-0004607,437,8,2023-04-18,USD,RECEIVED
4608,PO-0004608,280,6,2026-06-21,USD,RECEIVED
4609,PO-0004609,368,8,2023-12-07,USD,RECEIVED
4610,PO-0004610,198,3,2024-03-17,USD,RECEIVED
4611,PO-0004611,151,6,2026-04-17,USD,RECEIVED
4612,PO-0004612,75,1,2026-06-27,USD,RECEIVED
4613,PO-0004613,485,9,2024-10-03,USD,RECEIVED
4614,PO-0004614,67,1,2025-11-08,USD,CANCELLED
4615,PO-0004615,424,3,2023-11-08,USD,RECEIVED
4616,PO-0004616,29,9,2024-03-29,USD,RECEIVED
4617,PO-0004617,372,5,2024-02-17,USD,RECEIVED
4618,PO-0004618,393,9,2026-04-04,USD,RECEIVED
4619,PO-0004619,402,1,2024-02-12,USD,OPEN
4620,PO-0004620,134,5,2026-07-26,USD,RECEIVED
4621,PO-0004621,18,10,2023-07-28,USD,RECEIVED
4622,PO-0004622,286,2,2023-11-25,USD,RECEIVED
4623,PO-0004623,86,2,2026-03-02,USD,RECEIVED
4624,PO-0004624,165,4,2025-01-19,USD,RECEIVED
4625,PO-0004625,465,12,2026-06-25,USD,RECEIVED
4626,PO-0004626,90,2,2024-02-27,USD,PARTIAL
4627,PO-0004627,383,5,2025-12-16,USD,RECEIVED
4628,PO-0004628,233,11,2023-06-10,USD,RECEIVED
4629,PO-0004629,490,3,2026-09-05,USD,RECEIVED
4630,PO-0004630,297,4,2025-02-15,USD,OPEN
4631,PO-0004631,277,11,2025-12-21,USD,PARTIAL
4632,PO-0004632,94,9,2025-12-24,USD,RECEIVED
4633,PO-0004633,355,10,2023-06-25,USD,RECEIVED
4634,PO-0004634,134,6,2023-09-10,USD,CANCELLED
4635,PO-0004635,282,3,2025-01-15,USD,RECEIVED
4636,PO-0004636,411,5,2024-11-15,USD,RECEIVED
4637,PO-0004637,151,6,2025-10-14,USD,PARTIAL
4638,PO-0004638,394,1,2025-03-23,USD,RECEIVED
4639,PO-0004639,350,8,2025-10-19,USD,RECEIVED
4640,PO-0004640,11,3,2024-04-08,USD,RECEIVED
4641,PO-0004641,394,8,2024-06-08,USD,RECEIVED
4642,PO-0004642,110,3,2023-11-22,USD,RECEIVED
4643,PO-0004643,165,2,2026-06-30,USD,RECEIVED
4644,PO-0004644,331,10,2026-01-06,USD,PARTIAL
4645,PO-0004645,438,3,2024-05-17,USD,RECEIVED
4646,PO-0004646,111,6,2025-08-30,USD,RECEIVED
4647,PO-0004647,312,10,2023-12-11,USD,CANCELLED
4648,PO-0004648,282,9,2024-11-01,USD,PARTIAL
4649,PO-0004649,68,11,2025-04-05,USD,RECEIVED
4650,PO-0004650,381,4,2025-07-19,USD,CANCELLED
4651,PO-0004651,378,3,2024-10-10,USD,PARTIAL
4652,PO-0004652,399,12,2026-01-29,USD,CANCELLED
4653,PO-0004653,343,4,2025-07-23,USD,RECEIVED
4654,PO-0004654,80,2,2023-11-11,USD,RECEIVED
4655,PO-0004655,473,5,2024-03-03,USD,RECEIVED
4656,PO-0004656,303,12,2023-07-21,USD,RECEIVED
4657,PO-0004657,270,3,2025-04-01,USD,RECEIVED
4658,PO-0004658,430,3,2023-05-15,USD,RECEIVED
4659,PO-0004659,8,11,2023-04-21,USD,CANCELLED
4660,PO-0004660,27,6,2024-01-25,USD,RECEIVED
4661,PO-0004661,396,10,2023-12-15,USD,RECEIVED
4662,PO-0004662,20,8,2024-03-22,USD,OPEN
4663,PO-0004663,391,12,2023-02-13,USD,RECEIVED
4664,PO-0004664,436,7,2025-11-14,USD,RECEIVED
4665,PO-0004665,222,7,2025-07-05,USD,PARTIAL
4666,PO-0004666,119,8,2026-01-31,USD,RECEIVED
4667,PO-0004667,237,2,2024-03-29,USD,OPEN
4668,PO-0004668,305,6,2023-03-09,USD,CANCELLED
4669,PO-0004669,157,5,2025-06-20,USD,CANCELLED
4670,PO-0004670,240,6,2025-02-02,USD,RECEIVED
4671,PO-0004671,198,10,2024-09-07,USD,RECEIVED
4672,PO-0004672,47,11,2023-09-20,USD,RECEIVED
4673,PO-0004673,367,1,2025-07-24,USD,RECEIVED
4674,PO-0004674,51,10,2025-07-27,USD,RECEIVED
4675,PO-0004675,98,12,2024-07-07,USD,RECEIVED
4676,PO-0004676,351,6,2024-11-19,USD,RECEIVED
4677,PO-0004677,132,12,2024-12-22,USD,OPEN
4678,PO-0004678,71,10,2026-09-19,USD,RECEIVED
4679,PO-0004679,50,12,2026-06-11,USD,PARTIAL
4680,PO-0004680,290,10,2023-10-12,USD,RECEIVED
4681,PO-0004681,188,8,2024-12-18,USD,RECEIVED
4682,PO-0004682,148,8,2024-02-14,USD,PARTIAL
4683,PO-0004683,458,8,2023-03-28,USD,PARTIAL
4684,PO-0004684,82,2,2026-02-26,USD,RECEIVED
4685,PO-0004685,213,7,2023-11-09,USD,CANCELLED
4686,PO-0004686,61,12,2024-09-02,USD,OPEN
4687,PO-0004687,127,10,2023-09-25,USD,RECEIVED
4688,PO-0004688,55,9,2023-09-07,USD,PARTIAL
4689,PO-0004689,415,3,2025-12-02,USD,RECEIVED
4690,PO-0004690,340,6,2026-08-02,USD,PARTIAL
4691,PO-0004691,279,2,2024-10-09,USD,CANCELLED
4692,PO-0004692,116,7,2024-10-08,USD,RECEIVED
4693,PO-0004693,191,3,2025-10-21,USD,RECEIVED
4694,PO-0004694,383,8,2024-06-19,USD,RECEIVED
4695,PO-0004695,338,4,2024-03-22,USD,RECEIVED
4696,PO-0004696,197,4,2025-03-05,USD,OPEN
4697,PO-0004697,280,5,2026-09-20,USD,RECEIVED
4698,PO-0004698,150,1,2024-12-31,USD,RECEIVED
4699,PO-0004699,257,7,2023-11-14,USD,RECEIVED
4700,PO-0004700,64,3,2025-10-20,USD,RECEIVED
4701,PO-0004701,158,9,2025-10-22,USD,PARTIAL
4702,PO-0004702,417,12,2023-10-18,USD,RECEIVED
4703,PO-0004703,78,11,2024-12-20,USD,RECEIVED
4704,PO-0004704,285,9,2024-11-07,USD,RECEIVED
4705,PO-0004705,214,1,2026-06-27,USD,RECEIVED
4706,PO-0004706,408,3,2025-11-15,USD,RECEIVED
4707,PO-0004707,484,11,2023-11-06,USD,RECEIVED
4708,PO-0004708,386,11,2023-04-26,USD,RECEIVED
4709,PO-0004709,376,8,2025-07-15,USD,PARTIAL
4710,PO-0004710,454,2,2025-12-17,USD,RECEIVED
4711,PO-0004711,6,5,2023-09-29,USD,RECEIVED
4712,PO-0004712,418,4,2026-05-11,USD,RECEIVED
4713,PO-0004713,67,6,2024-08-23,USD,OPEN
4714,PO-0004714,283,5,2023-12-09,USD,RECEIVED
4715,PO-0004715,270,12,2024-01-03,USD,PARTIAL
4716,PO-0004716,7,4,2025-04-17,USD,RECEIVED
4717,PO-0004717,465,12,2024-07-31,USD,OPEN
4718,PO-0004718,311,6,2026-09-18,USD,RECEIVED
4719,PO-0004719,150,12,2025-03-01,USD,RECEIVED
4720,PO-0004720,432,12,2026-06-02,USD,RECEIVED
4721,PO-0004721,277,9,2025-11-18,USD,RECEIVED
4722,PO-0004722,399,4,2026-09-14,USD,CANCELLED
4723,PO-0004723,406,10,2024-05-17,USD,RECEIVED
4724,PO-0004724,205,10,2025-09-23,USD,CANCELLED
4725,PO-0004725,143,11,2024-10-14,USD,RECEIVED
4726,PO-0004726,170,9,2026-07-22,USD,CANCELLED
4727,PO-0004727,206,10,2024-03-21,USD,RECEIVED
4728,PO-0004728,450,9,2023-12-16,USD,RECEIVED
4729,PO-0004729,142,6,2024-02-20,USD,RECEIVED
4730,PO-0004730,195,6,2023-01-10,USD,RECEIVED
4731,PO-0004731,97,11,2024-07-23,USD,PARTIAL
4732,PO-0004732,274,1,2025-12-10,USD,PARTIAL
4733,PO-0004733,475,12,2025-07-04,USD,PARTIAL
4734,PO-0004734,271,1,2023-03-17,USD,RECEIVED
4735,PO-0004735,194,3,2024-05-08,USD,RECEIVED
4736,PO-0004736,413,8,2026-06-14,USD,OPEN
4737,PO-0004737,97,3,2024-02-01,USD,RECEIVED
4738,PO-0004738,100,3,2024-02-03,USD,RECEIVED
4739,PO-0004739,276,7,2024-12-21,USD,PARTIAL
4740,PO-0004740,35,4,2025-05-17,USD,RECEIVED
4741,PO-0004741,432,7,2024-04-05,USD,RECEIVED
4742,PO-0004742,86,11,2024-06-27,USD,RECEIVED
4743,PO-0004743,477,12,2026-01-12,USD,RECEIVED
4744,PO-0004744,214,6,2025-12-12,USD,RECEIVED
4745,PO-0004745,2,3,2025-01-06,USD,RECEIVED
4746,PO-0004746,129,11,2026-07-14,USD,RECEIVED
4747,PO-0004747,317,11,2024-06-25,USD,PARTIAL
4748,PO-0004748,190,4,2024-03-21,USD,RECEIVED
4749,PO-0004749,350,4,2023-10-29,USD,CANCELLED
4750,PO-0004750,113,5,2024-10-05,USD,RECEIVED
4751,PO-0004751,221,6,2026-07-11,USD,RECEIVED
4752,PO-0004752,6,7,2026-06-04,USD,PARTIAL
4753,PO-0004753,253,1,2023-05-15,USD,OPEN
4754,PO-0004754,286,7,2023-07-27,USD,RECEIVED
4755,PO-0004755,95,8,2023-09-18,USD,RECEIVED
4756,PO-0004756,483,3,2025-01-07,USD,PARTIAL
4757,PO-0004757,408,12,2024-02-19,USD,RECEIVED
4758,PO-0004758,291,7,2024-06-12,USD,OPEN
4759,PO-0004759,406,5,2023-04-22,USD,PARTIAL
4760,PO-0004760,258,2,2025-02-01,USD,RECEIVED
4761,PO-0004761,201,8,2025-11-16,USD,CANCELLED
4762,PO-0004762,95,10,2024-11-10,USD,RECEIVED
4763,PO-0004763,49,5,2025-02-25,USD,RECEIVED
4764,PO-0004764,450,6,2026-03-04,USD,RECEIVED
4765,PO-0004765,282,4,2026-04-27,USD,OPEN
4766,PO-0004766,118,10,2025-05-12,USD,RECEIVED
4767,PO-0004767,104,7,2023-06-09,USD,RECEIVED
4768,PO-0004768,312,2,2023-01-06,USD,RECEIVED
4769,PO-0004769,288,4,2025-01-03,USD,PARTIAL
4770,PO-0004770,433,8,2025-06-13,USD,RECEIVED
4771,PO-0004771,365,3,2025-08-11,USD,RECEIVED
4772,PO-0004772,466,3,2023-12-17,USD,RECEIVED
4773,PO-0004773,129,2,2023-02-11,USD,RECEIVED
4774,PO-0004774,265,3,2025-01-14,USD,CANCELLED
4775,PO-0004775,174,8,2025-01-02,USD,RECEIVED
4776,PO-0004776,418,9,2024-04-19,USD,RECEIVED
4777,PO-0004777,22,9,2023-12-05,USD,RECEIVED
4778,PO-0004778,287,2,2024-05-07,USD,RECEIVED
4779,PO-0004779,263,3,2025-10-14,USD,RECEIVED
4780,PO-0004780,156,7,2025-12-02,USD,RECEIVED
4781,PO-0004781,176,11,2024-08-17,USD,CANCELLED
4782,PO-0004782,268,6,2023-02-21,USD,RECEIVED
4783,PO-0004783,451,10,2025-04-01,USD,RECEIVED
4784,PO-0004784,90,1,2024-01-13,USD,RECEIVED
4785,PO-0004785,204,7,2023-06-17,USD,RECEIVED
4786,PO-0004786,5,10,2023-04-23,USD,RECEIVED
4787,PO-0004787,468,5,2026-03-09,USD,PARTIAL
4788,PO-0004788,190,2,2024-10-09,USD,OPEN
4789,PO-0004789,313,12,2026-03-24,USD,RECEIVED
4790,PO-0004790,362,6,2025-03-23,USD,RECEIVED
4791,PO-0004791,349,7,2024-08-06,USD,RECEIVED
4792,PO-0004792,479,9,2024-10-02,USD,OPEN
4793,PO-0004793,449,10,2023-08-17,USD,RECEIVED
4794,PO-0004794,450,11,2026-09-15,USD,RECEIVED
4795,PO-0004795,9,6,2025-10-01,USD,RECEIVED
4796,PO-0004796,15,5,2026-05-16,USD,RECEIVED
4797,PO-0004797,200,4,2024-10-04,USD,RECEIVED
4798,PO-0004798,57,2,2025-08-26,USD,PARTIAL
4799,PO-0004799,96,12,2023-07-10,USD,RECEIVED
4800,PO-0004800,338,8,2023-04-16,USD,RECEIVED
4801,PO-0004801,151,8,2025-05-13,USD,RECEIVED
4802,PO-0004802,287,7,2025-03-31,USD,RECEIVED
4803,PO-0004803,302,2,2024-09-12,USD,RECEIVED
4804,PO-0004804,178,1,2025-11-07,USD,RECEIVED
4805,PO-0004805,347,1,2024-08-23,USD,RECEIVED
4806,PO-0004806,343,12,2024-04-14,USD,CANCELLED
4807,PO-0004807,443,12,2026-08-26,USD,RECEIVED
4808,PO-0004808,63,5,2026-02-25,USD,RECEIVED
4809,PO-0004809,228,1,2026-08-13,USD,CANCELLED
4810,PO-0004810,385,5,2023-01-15,USD,RECEIVED
4811,PO-0004811,267,12,2025-09-17,USD,RECEIVED
4812,PO-0004812,188,2,2024-07-03,USD,RECEIVED
4813,PO-0004813,179,1,2024-09-12,USD,RECEIVED
4814,PO-0004814,294,7,2025-05-09,USD,RECEIVED
4815,PO-0004815,413,8,2023-06-08,USD,RECEIVED
4816,PO-0004816,303,7,2026-09-02,USD,OPEN
4817,PO-0004817,489,8,2023-04-23,USD,RECEIVED
4818,PO-0004818,147,4,2025-08-22,USD,RECEIVED
4819,PO-0004819,127,10,2025-07-28,USD,RECEIVED
4820,PO-0004820,481,9,2025-11-12,USD,CANCELLED
4821,PO-0004821,278,11,2026-07-26,USD,RECEIVED
4822,PO-0004822,161,10,2023-05-08,USD,RECEIVED
4823,PO-0004823,252,11,2024-10-28,USD,OPEN
4824,PO-0004824,376,5,2023-04-20,USD,RECEIVED
4825,PO-0004825,54,11,2024-09-25,USD,RECEIVED
4826,PO-0004826,93,6,2025-01-20,USD,PARTIAL
4827,PO-0004827,318,12,2023-09-12,USD,RECEIVED
4828,PO-0004828,43,4,2024-05-08,USD,CANCELLED
4829,PO-0004829,298,11,2023-02-08,USD,RECEIVED
4830,PO-0004830,236,2,2026-07-08,USD,RECEIVED
4831,PO-0004831,19,12,2026-09-30,USD,OPEN
4832,PO-0004832,302,6,2023-04-26,USD,RECEIVED
4833,PO-0004833,245,12,2026-06-07,USD,PARTIAL
4834,PO-0004834,66,5,2023-04-18,USD,RECEIVED
4835,PO-0004835,471,1,2025-08-07,USD,OPEN
4836,PO-0004836,293,1,2023-06-14,USD,OPEN
4837,PO-0004837,225,4,2023-12-09,USD,PARTIAL
4838,PO-0004838,317,8,2023-08-06,USD,CANCELLED
4839,PO-0004839,277,7,2026-05-02,USD,RECEIVED
4840,PO-0004840,291,4,2024-04-19,USD,RECEIVED
4841,PO-0004841,319,2,2026-05-29,USD,OPEN
4842,PO-0004842,66,2,2023-09-09,USD,PARTIAL
4843,PO-0004843,354,12,2026-08-21,USD,RECEIVED
4844,PO-0004844,167,6,2026-02-27,USD,RECEIVED
4845,PO-0004845,359,6,2024-12-12,USD,RECEIVED
4846,PO-0004846,7,12,2024-12-19,USD,RECEIVED
4847,PO-0004847,27,9,2023-11-20,USD,CANCELLED
4848,PO-0004848,368,2,2023-01-13,USD,RECEIVED
4849,PO-0004849,387,1,2023-09-24,USD,OPEN
4850,PO-0004850,163,7,2024-08-14,USD,PARTIAL
4851,PO-0004851,185,5,2024-05-05,USD,RECEIVED
4852,PO-0004852,46,12,2024-03-25,USD,RECEIVED
4853,PO-0004853,271,6,2023-12-25,USD,RECEIVED
4854,PO-0004854,282,6,2026-06-13,USD,RECEIVED
4855,PO-0004855,346,9,2023-09-07,USD,RECEIVED
4856,PO-0004856,203,6,2023-06-29,USD,RECEIVED
4857,PO-0004857,481,2,2025-09-07,USD,RECEIVED
4858,PO-0004858,449,12,2026-09-16,USD,RECEIVED
4859,PO-0004859,51,12,2026-09-03,USD,RECEIVED
4860,PO-0004860,305,12,2024-10-26,USD,PARTIAL
4861,PO-0004861,226,7,2023-02-25,USD,RECEIVED
4862,PO-0004862,454,10,2023-09-19,USD,PARTIAL
4863,PO-0004863,116,9,2025-05-08,USD,RECEIVED
4864,PO-0004864,267,3,2025-12-12,USD,RECEIVED
4865,PO-0004865,178,3,2025-04-18,USD,OPEN
4866,PO-0004866,250,3,2023-11-26,USD,RECEIVED
4867,PO-0004867,418,3,2024-10-07,USD,RECEIVED
4868,PO-0004868,10,8,2026-04-19,USD,RECEIVED
4869,PO-0004869,94,6,2023-08-23,USD,RECEIVED
4870,PO-0004870,7,5,2024-12-13,USD,CANCELLED
4871,PO-0004871,45,2,2025-09-14,USD,RECEIVED
4872,PO-0004872,23,3,2024-07-16,USD,RECEIVED
4873,PO-0004873,378,5,2026-02-23,USD,CANCELLED
4874,PO-0004874,13,8,2024-03-18,USD,RECEIVED
4875,PO-0004875,391,12,2023-06-14,USD,RECEIVED
4876,PO-0004876,433,5,2026-07-13,USD,RECEIVED
4877,PO-0004877,28,7,2023-10-15,USD,RECEIVED
4878,PO-0004878,174,3,2024-07-27,USD,OPEN
4879,PO-0004879,247,7,2024-04-10,USD,RECEIVED
4880,PO-0004880,282,2,2026-06-07,USD,OPEN
4881,PO-0004881,227,5,2024-05-28,USD,RECEIVED
4882,PO-0004882,428,11,2026-01-09,USD,RECEIVED
4883,PO-0004883,276,5,2023-12-21,USD,RECEIVED
4884,PO-0004884,150,10,2025-06-18,USD,RECEIVED
4885,PO-0004885,43,4,2025-02-07,USD,CANCELLED
4886,PO-0004886,239,11,2026-03-10,USD,OPEN
4887,PO-0004887,324,12,2025-04-16,USD,PARTIAL
4888,PO-0004888,205,12,2026-04-05,USD,RECEIVED
4889,PO-0004889,89,1,2024-07-02,USD,RECEIVED
4890,PO-0004890,373,8,2023-08-24,USD,RECEIVED
4891,PO-0004891,135,11,2024-09-06,USD,PARTIAL
4892,PO-0004892,113,5,2026-07-30,USD,RECEIVED
4893,PO-0004893,28,6,2026-07-30,USD,CANCELLED
4894,PO-0004894,350,6,2025-09-20,USD,RECEIVED
4895,PO-0004895,287,6,2023-04-22,USD,CANCELLED
4896,PO-0004896,409,4,2025-05-08,USD,RECEIVED
4897,PO-0004897,278,4,2025-01-02,USD,RECEIVED
4898,PO-0004898,424,6,2023-02-22,USD,RECEIVED
4899,PO-0004899,153,10,2026-04-03,USD,CANCELLED
4900,PO-0004900,314,7,2024-07-03,USD,PARTIAL
4901,PO-0004901,176,2,2024-08-06,USD,RECEIVED
4902,PO-0004902,431,9,2025-07-15,USD,RECEIVED
4903,PO-0004903,82,8,2026-05-17,USD,RECEIVED
4904,PO-0004904,337,1,2024-01-02,USD,RECEIVED
4905,PO-0004905,183,5,2023-12-20,USD,RECEIVED
4906,PO-0004906,311,8,2023-12-19,USD,RECEIVED
4907,PO-0004907,115,11,2024-04-15,USD,RECEIVED
4908,PO-0004908,156,2,2023-02-26,USD,RECEIVED
4909,PO-0004909,54,9,2023-07-10,USD,CANCELLED
4910,PO-0004910,231,6,2023-09-15,USD,RECEIVED
4911,PO-0004911,75,5,2025-12-07,USD,RECEIVED
4912,PO-0004912,251,9,2023-01-31,USD,RECEIVED
4913,PO-0004913,224,7,2023-10-08,USD,RECEIVED
4914,PO-0004914,336,4,2023-03-04,USD,RECEIVED
4915,PO-0004915,338,9,2026-08-06,USD,RECEIVED
4916,PO-0004916,92,2,2026-08-07,USD,RECEIVED
4917,PO-0004917,181,10,2024-01-19,USD,RECEIVED
4918,PO-0004918,159,10,2024-02-19,USD,RECEIVED
4919,PO-0004919,227,8,2023-03-31,USD,PARTIAL
4920,PO-0004920,249,9,2026-07-25,USD,RECEIVED
4921,PO-0004921,321,9,2025-01-24,USD,PARTIAL
4922,PO-0004922,459,2,2025-08-13,USD,RECEIVED
4923,PO-0004923,107,10,2023-06-25,USD,RECEIVED
4924,PO-0004924,278,12,2025-03-08,USD,PARTIAL
4925,PO-0004925,113,8,2023-02-23,USD,PARTIAL
4926,PO-0004926,214,6,2024-09-19,USD,OPEN
4927,PO-0004927,411,2,2025-07-14,USD,RECEIVED
4928,PO-0004928,405,7,2023-05-03,USD,RECEIVED
4929,PO-0004929,269,4,2026-08-06,USD,RECEIVED
4930,PO-0004930,91,2,2024-01-13,USD,RECEIVED
4931,PO-0004931,36,5,2023-04-11,USD,RECEIVED
4932,PO-0004932,406,12,2025-03-24,USD,RECEIVED
4933,PO-0004933,472,4,2025-07-19,USD,RECEIVED
4934,PO-0004934,324,12,2023-10-08,USD,RECEIVED
4935,PO-0004935,282,5,2025-02-08,USD,RECEIVED
4936,PO-0004936,52,5,2023-07-10,USD,RECEIVED
4937,PO-0004937,388,9,2025-08-03,USD,RECEIVED
4938,PO-0004938,337,2,2025-11-15,USD,RECEIVED
4939,PO-0004939,215,4,2023-04-05,USD,RECEIVED
4940,PO-0004940,393,6,2023-10-15,USD,OPEN
4941,PO-0004941,371,7,2023-02-28,USD,RECEIVED
4942,PO-0004942,199,12,2024-04-17,USD,RECEIVED
4943,PO-0004943,230,4,2024-12-09,USD,RECEIVED
4944,PO-0004944,103,12,2024-03-08,USD,PARTIAL
4945,PO-0004945,474,6,2025-11-09,USD,RECEIVED
4946,PO-0004946,395,4,2026-08-02,USD,RECEIVED
4947,PO-0004947,184,10,2025-12-09,USD,RECEIVED
4948,PO-0004948,448,10,2024-04-05,USD,RECEIVED
4949,PO-0004949,261,2,2026-09-10,USD,PARTIAL
4950,PO-0004950,98,8,2023-12-18,USD,RECEIVED
4951,PO-0004951,101,5,2024-06-14,USD,RECEIVED
4952,PO-0004952,11,10,2026-09-03,USD,RECEIVED
4953,PO-0004953,225,3,2024-07-07,USD,CANCELLED
4954,PO-0004954,347,3,2025-09-28,USD,RECEIVED
4955,PO-0004955,199,12,2026-07-08,USD,PARTIAL
4956,PO-0004956,423,10,2025-09-18,USD,RECEIVED
4957,PO-0004957,230,4,2023-01-04,USD,RECEIVED
4958,PO-0004958,178,8,2024-02-11,USD,CANCELLED
4959,PO-0004959,145,12,2023-08-08,USD,RECEIVED
4960,PO-0004960,2,1,2026-06-22,USD,RECEIVED
4961,PO-0004961,266,9,2025-09-23,USD,RECEIVED
4962,PO-0004962,164,2,2023-05-14,USD,RECEIVED
4963,PO-0004963,303,8,2024-12-23,USD,OPEN
4964,PO-0004964,41,6,2024-04-07,USD,RECEIVED
4965,PO-0004965,161,12,2026-01-14,USD,RECEIVED
4966,PO-0004966,22,8,2023-09-15,USD,RECEIVED
4967,PO-0004967,427,8,2024-02-15,USD,RECEIVED
4968,PO-0004968,84,8,2024-08-17,USD,RECEIVED
4969,PO-0004969,453,2,2024-08-15,USD,CANCELLED
4970,PO-0004970,337,3,2024-05-08,USD,OPEN
4971,PO-0004971,180,12,2025-12-31,USD,CANCELLED
4972,PO-0004972,196,9,2024-06-10,USD,RECEIVED
4973,PO-0004973,491,10,2025-08-25,USD,CANCELLED
4974,PO-0004974,496,9,2023-05-01,USD,RECEIVED
4975,PO-0004975,223,12,2024-03-29,USD,RECEIVED
4976,PO-0004976,163,10,2024-01-23,USD,RECEIVED
4977,PO-0004977,334,11,2026-09-05,USD,RECEIVED
4978,PO-0004978,188,9,2024-06-26,USD,OPEN
4979,PO-0004979,249,3,2023-12-05,USD,RECEIVED
4980,PO-0004980,162,3,2023-02-04,USD,CANCELLED
4981,PO-0004981,371,3,2023-12-14,USD,OPEN
4982,PO-0004982,370,3,2025-08-21,USD,RECEIVED
4983,PO-0004983,132,1,2024-01-11,USD,PARTIAL
4984,PO-0004984,125,6,2023-02-27,USD,RECEIVED
4985,PO-0004985,141,6,2023-04-04,USD,RECEIVED
4986,PO-0004986,293,8,2023-10-19,USD,RECEIVED
4987,PO-0004987,485,5,2024-10-04,USD,RECEIVED
4988,PO-0004988,478,5,2024-03-09,USD,CANCELLED
4989,PO-0004989,129,3,2025-03-08,USD,RECEIVED
4990,PO-0004990,356,6,2024-10-12,USD,CANCELLED
4991,PO-0004991,161,9,2024-04-27,USD,PARTIAL
4992,PO-0004992,94,1,2023-05-06,USD,RECEIVED
4993,PO-0004993,232,1,2023-02-15,USD,RECEIVED
4994,PO-0004994,350,5,2023-06-20,USD,PARTIAL
4995,PO-0004995,315,4,2026-01-04,USD,OPEN
4996,PO-0004996,482,5,2023-10-13,USD,CANCELLED
4997,PO-0004997,230,3,2025-11-03,USD,RECEIVED
4998,PO-0004998,156,5,2023-04-24,USD,RECEIVED
4999,PO-0004999,116,11,2024-04-06,USD,RECEIVED
5000,PO-0005000,269,12,2024-01-15,USD,PARTIAL
5001,PO-0005001,334,11,2026-08-07,USD,PARTIAL
5002,PO-0005002,489,10,2025-07-24,USD,PARTIAL
5003,PO-0005003,88,12,2025-02-08,USD,RECEIVED
5004,PO-0005004,468,12,2024-02-14,USD,RECEIVED
5005,PO-0005005,291,12,2024-12-14,USD,RECEIVED
5006,PO-0005006,290,5,2023-05-16,USD,PARTIAL
5007,PO-0005007,408,1,2023-08-18,USD,RECEIVED
5008,PO-0005008,275,5,2023-02-26,USD,RECEIVED
5009,PO-0005009,267,10,2024-06-08,USD,RECEIVED
5010,PO-0005010,105,5,2023-10-14,USD,RECEIVED
5011,PO-0005011,411,10,2025-08-18,USD,PARTIAL
5012,PO-0005012,277,5,2025-12-21,USD,RECEIVED
5013,PO-0005013,187,3,2024-05-14,USD,OPEN
5014,PO-0005014,53,2,2023-07-24,USD,RECEIVED
5015,PO-0005015,395,3,2026-01-19,USD,RECEIVED
5016,PO-0005016,1,1,2026-09-07,USD,RECEIVED
5017,PO-0005017,131,8,2024-08-19,USD,RECEIVED
5018,PO-0005018,382,9,2024-03-25,USD,CANCELLED
5019,PO-0005019,166,12,2025-04-14,USD,PARTIAL
5020,PO-0005020,323,3,2024-02-03,USD,RECEIVED
5021,PO-0005021,73,12,2026-02-18,USD,RECEIVED
5022,PO-0005022,187,8,2025-01-20,USD,RECEIVED
5023,PO-0005023,398,12,2025-01-04,USD,RECEIVED
5024,PO-0005024,84,7,2026-04-27,USD,RECEIVED
5025,PO-0005025,460,2,2025-11-28,USD,CANCELLED
5026,PO-0005026,438,6,2025-04-21,USD,RECEIVED
5027,PO-0005027,18,2,2026-03-15,USD,PARTIAL
5028,PO-0005028,153,7,2025-05-23,USD,RECEIVED
5029,PO-0005029,454,7,2026-07-03,USD,CANCELLED
5030,PO-0005030,46,11,2023-09-06,USD,RECEIVED
5031,PO-0005031,3,5,2025-11-23,USD,RECEIVED
5032,PO-0005032,316,7,2024-01-24,USD,RECEIVED
5033,PO-0005033,411,12,2024-12-04,USD,CANCELLED
5034,PO-0005034,224,6,2023-10-28,USD,PARTIAL
5035,PO-0005035,411,7,2023-11-05,USD,RECEIVED
5036,PO-0005036,223,10,2023-09-28,USD,OPEN
5037,PO-0005037,57,7,2024-08-13,USD,PARTIAL
5038,PO-0005038,452,3,2026-02-26,USD,RECEIVED
5039,PO-0005039,254,11,2025-01-17,USD,RECEIVED
5040,PO-0005040,52,3,2025-04-17,USD,RECEIVED
5041,PO-0005041,175,8,2023-08-24,USD,PARTIAL
5042,PO-0005042,361,1,2025-07-19,USD,RECEIVED
5043,PO-0005043,61,3,2024-07-18,USD,RECEIVED
5044,PO-0005044,242,6,2025-12-01,USD,RECEIVED
5045,PO-0005045,108,2,2023-07-15,USD,RECEIVED
5046,PO-0005046,232,12,2023-03-19,USD,PARTIAL
5047,PO-0005047,225,6,2023-04-16,USD,PARTIAL
5048,PO-0005048,125,7,2024-01-28,USD,PARTIAL
5049,PO-0005049,163,9,2024-04-21,USD,CANCELLED
5050,PO-0005050,398,12,2024-10-27,USD,RECEIVED
5051,PO-0005051,303,6,2024-10-07,USD,RECEIVED
5052,PO-0005052,48,5,2023-04-01,USD,RECEIVED
5053,PO-0005053,247,10,2024-01-28,USD,PARTIAL
5054,PO-0005054,433,9,2023-03-14,USD,OPEN
5055,PO-0005055,116,4,2025-04-30,USD,RECEIVED
5056,PO-0005056,268,5,2025-05-23,USD,RECEIVED
5057,PO-0005057,371,10,2023-03-20,USD,RECEIVED
5058,PO-0005058,37,5,2025-05-23,USD,RECEIVED
5059,PO-0005059,211,2,2023-03-27,USD,RECEIVED
5060,PO-0005060,190,11,2026-07-14,USD,CANCELLED
5061,PO-0005061,125,10,2023-09-22,USD,RECEIVED
5062,PO-0005062,392,8,2024-07-22,USD,RECEIVED
5063,PO-0005063,448,9,2023-12-24,USD,RECEIVED
5064,PO-0005064,258,6,2024-01-23,USD,RECEIVED
5065,PO-0005065,263,10,2023-10-06,USD,RECEIVED
5066,PO-0005066,351,3,2026-05-20,USD,RECEIVED
5067,PO-0005067,121,2,2024-07-16,USD,OPEN
5068,PO-0005068,35,9,2023-05-16,USD,RECEIVED
5069,PO-0005069,172,8,2024-08-19,USD,RECEIVED
5070,PO-0005070,264,7,2026-08-10,USD,OPEN
5071,PO-0005071,366,2,2024-09-15,USD,PARTIAL
5072,PO-0005072,26,8,2026-09-10,USD,PARTIAL
5073,PO-0005073,208,6,2025-03-01,USD,RECEIVED
5074,PO-0005074,390,7,2024-04-05,USD,RECEIVED
5075,PO-0005075,452,12,2023-01-31,USD,RECEIVED
5076,PO-0005076,209,4,2023-04-14,USD,RECEIVED
5077,PO-0005077,376,5,2026-03-19,USD,RECEIVED
5078,PO-0005078,5,4,2023-09-18,USD,RECEIVED
5079,PO-0005079,246,4,2026-02-13,USD,RECEIVED
5080,PO-0005080,387,10,2025-05-16,USD,RECEIVED
5081,PO-0005081,469,9,2024-02-28,USD,RECEIVED
5082,PO-0005082,169,9,2023-01-10,USD,RECEIVED
5083,PO-0005083,299,11,2025-04-26,USD,RECEIVED
5084,PO-0005084,72,5,2023-09-12,USD,RECEIVED
5085,PO-0005085,190,6,2026-07-23,USD,RECEIVED
5086,PO-0005086,70,5,2025-05-07,USD,RECEIVED
5087,PO-0005087,147,4,2023-04-04,USD,RECEIVED
5088,PO-0005088,358,2,2023-04-21,USD,CANCELLED
5089,PO-0005089,325,2,2023-06-22,USD,RECEIVED
5090,PO-0005090,92,8,2026-03-09,USD,OPEN
5091,PO-0005091,305,8,2023-02-04,USD,RECEIVED
5092,PO-0005092,43,2,2024-09-27,USD,RECEIVED
5093,PO-0005093,192,11,2023-08-08,USD,PARTIAL
5094,PO-0005094,327,7,2023-11-10,USD,RECEIVED
5095,PO-0005095,36,12,2026-06-19,USD,RECEIVED
5096,PO-0005096,142,7,2026-08-04,USD,PARTIAL
5097,PO-0005097,47,3,2024-04-13,USD,RECEIVED
5098,PO-0005098,333,10,2026-02-19,USD,PARTIAL
5099,PO-0005099,339,2,2025-02-08,USD,OPEN
5100,PO-0005100,123,11,2024-09-18,USD,OPEN
5101,PO-0005101,213,5,2024-10-08,USD,RECEIVED
5102,PO-0005102,293,6,2023-03-10,USD,RECEIVED
5103,PO-0005103,79,5,2026-09-15,USD,RECEIVED
5104,PO-0005104,306,1,2025-07-09,USD,OPEN
5105,PO-0005105,394,4,2025-11-21,USD,RECEIVED
5106,PO-0005106,377,1,2026-01-24,USD,RECEIVED
5107,PO-0005107,445,12,2025-11-17,USD,RECEIVED
5108,PO-0005108,273,7,2025-10-27,USD,RECEIVED
5109,PO-0005109,184,8,2025-09-14,USD,RECEIVED
5110,PO-0005110,83,4,2025-06-11,USD,RECEIVED
5111,PO-0005111,408,5,2023-09-26,USD,RECEIVED
5112,PO-0005112,336,7,2023-07-26,USD,CANCELLED
5113,PO-0005113,258,6,2024-09-26,USD,RECEIVED
5114,PO-0005114,34,7,2023-12-02,USD,RECEIVED
5115,PO-0005115,186,5,2023-03-31,USD,RECEIVED
5116,PO-0005116,462,4,2023-11-22,USD,RECEIVED
5117,PO-0005117,481,2,2025-03-18,USD,CANCELLED
5118,PO-0005118,300,11,2024-07-09,USD,OPEN
5119,PO-0005119,117,2,2023-04-25,USD,RECEIVED
5120,PO-0005120,223,1,2025-04-27,USD,RECEIVED
5121,PO-0005121,303,8,2024-07-19,USD,RECEIVED
5122,PO-0005122,31,5,2026-05-12,USD,RECEIVED
5123,PO-0005123,195,6,2023-05-05,USD,RECEIVED
5124,PO-0005124,332,2,2025-04-28,USD,PARTIAL
5125,PO-0005125,307,8,2023-03-31,USD,PARTIAL
5126,PO-0005126,481,12,2025-09-19,USD,RECEIVED
5127,PO-0005127,267,3,2025-03-08,USD,RECEIVED
5128,PO-0005128,365,4,2025-05-22,USD,RECEIVED
5129,PO-0005129,491,1,2026-09-26,USD,RECEIVED
5130,PO-0005130,364,5,2024-12-22,USD,OPEN
5131,PO-0005131,328,6,2023-12-31,USD,RECEIVED
5132,PO-0005132,221,9,2025-11-24,USD,RECEIVED
5133,PO-0005133,394,3,2025-09-12,USD,OPEN
5134,PO-0005134,15,5,2023-03-06,USD,RECEIVED
5135,PO-0005135,154,3,2026-03-03,USD,PARTIAL
5136,PO-0005136,377,3,2024-06-23,USD,RECEIVED
5137,PO-0005137,21,12,2025-05-24,USD,PARTIAL
5138,PO-0005138,403,11,2023-03-16,USD,PARTIAL
5139,PO-0005139,496,11,2024-04-13,USD,CANCELLED
5140,PO-0005140,407,4,2025-06-09,USD,RECEIVED
5141,PO-0005141,34,6,2024-09-29,USD,CANCELLED
5142,PO-0005142,25,2,2023-06-05,USD,PARTIAL
5143,PO-0005143,181,1,2024-06-11,USD,OPEN
5144,PO-0005144,434,7,2023-05-26,USD,RECEIVED
5145,PO-0005145,329,12,2026-01-18,USD,RECEIVED
5146,PO-0005146,285,2,2023-03-30,USD,RECEIVED
5147,PO-0005147,210,4,2024-07-12,USD,PARTIAL
5148,PO-0005148,338,3,2024-12-15,USD,CANCELLED
5149,PO-0005149,321,9,2026-05-13,USD,RECEIVED
5150,PO-0005150,382,10,2024-04-15,USD,RECEIVED
5151,PO-0005151,59,10,2024-03-25,USD,RECEIVED
5152,PO-0005152,108,5,2023-04-03,USD,RECEIVED
5153,PO-0005153,395,5,2023-06-18,USD,PARTIAL
5154,PO-0005154,149,12,2025-06-08,USD,RECEIVED
5155,PO-0005155,59,12,2026-09-28,USD,RECEIVED
5156,PO-0005156,157,2,2024-02-06,USD,CANCELLED
5157,PO-0005157,274,9,2026-05-06,USD,RECEIVED
5158,PO-0005158,459,4,2023-11-02,USD,RECEIVED
5159,PO-0005159,113,5,2025-01-06,USD,CANCELLED
5160,PO-0005160,121,11,2024-12-16,USD,RECEIVED
5161,PO-0005161,435,11,2024-11-29,USD,RECEIVED
5162,PO-0005162,309,8,2024-06-18,USD,RECEIVED
5163,PO-0005163,205,4,2026-06-22,USD,RECEIVED
5164,PO-0005164,465,8,2026-09-19,USD,RECEIVED
5165,PO-0005165,69,11,2025-12-24,USD,RECEIVED
5166,PO-0005166,63,11,2026-08-06,USD,PARTIAL
5167,PO-0005167,130,5,2025-12-10,USD,PARTIAL
5168,PO-0005168,311,10,2026-06-15,USD,RECEIVED
5169,PO-0005169,436,5,2023-12-26,USD,RECEIVED
5170,PO-0005170,263,1,2024-12-01,USD,PARTIAL
5171,PO-0005171,195,1,2025-03-01,USD,PARTIAL
5172,PO-0005172,330,4,2023-10-09,USD,OPEN
5173,PO-0005173,15,3,2024-08-05,USD,RECEIVED
5174,PO-0005174,273,3,2026-07-18,USD,CANCELLED
5175,PO-0005175,194,9,2025-01-02,USD,PARTIAL
5176,PO-0005176,454,4,2025-04-27,USD,RECEIVED
5177,PO-0005177,272,4,2024-07-21,USD,RECEIVED
5178,PO-0005178,67,6,2025-09-12,USD,RECEIVED
5179,PO-0005179,344,9,2023-04-09,USD,RECEIVED
5180,PO-0005180,286,10,2023-06-01,USD,CANCELLED
5181,PO-0005181,366,3,2025-03-27,USD,RECEIVED
5182,PO-0005182,75,8,2024-06-04,USD,OPEN
5183,PO-0005183,286,6,2023-02-09,USD,PARTIAL
5184,PO-0005184,112,10,2025-12-04,USD,PARTIAL
5185,PO-0005185,28,4,2023-10-03,USD,OPEN
5186,PO-0005186,43,8,2025-09-02,USD,RECEIVED
5187,PO-0005187,307,5,2025-08-07,USD,OPEN
5188,PO-0005188,318,12,2024-02-11,USD,CANCELLED
5189,PO-0005189,381,11,2026-09-26,USD,RECEIVED
5190,PO-0005190,73,4,2024-01-24,USD,RECEIVED
5191,PO-0005191,329,7,2024-05-17,USD,CANCELLED
5192,PO-0005192,405,4,2026-03-11,USD,OPEN
5193,PO-0005193,147,11,2024-12-22,USD,RECEIVED
5194,PO-0005194,245,10,2024-09-10,USD,RECEIVED
5195,PO-0005195,414,8,2024-10-10,USD,CANCELLED
5196,PO-0005196,177,2,2023-10-02,USD,RECEIVED
5197,PO-0005197,95,4,2023-10-20,USD,RECEIVED
5198,PO-0005198,301,4,2025-06-29,USD,CANCELLED
5199,PO-0005199,170,8,2026-05-11,USD,PARTIAL
5200,PO-0005200,232,4,2024-03-05,USD,RECEIVED
5201,PO-0005201,176,5,2024-03-04,USD,RECEIVED
5202,PO-0005202,115,5,2024-07-13,USD,CANCELLED
5203,PO-0005203,373,7,2025-09-01,USD,RECEIVED
5204,PO-0005204,331,7,2026-04-16,USD,PARTIAL
5205,PO-0005205,285,2,2023-11-11,USD,OPEN
5206,PO-0005206,393,6,2024-01-04,USD,CANCELLED
5207,PO-0005207,284,8,2024-03-20,USD,CANCELLED
5208,PO-0005208,191,4,2024-03-24,USD,CANCELLED
5209,PO-0005209,339,4,2023-11-01,USD,CANCELLED
5210,PO-0005210,466,7,2023-11-06,USD,RECEIVED
5211,PO-0005211,487,8,2023-07-15,USD,RECEIVED
5212,PO-0005212,155,4,2026-02-11,USD,RECEIVED
5213,PO-0005213,238,7,2023-01-14,USD,RECEIVED
5214,PO-0005214,51,9,2023-04-15,USD,RECEIVED
5215,PO-0005215,375,1,2023-08-26,USD,RECEIVED
5216,PO-0005216,319,11,2023-07-23,USD,RECEIVED
5217,PO-0005217,101,7,2023-01-08,USD,RECEIVED
5218,PO-0005218,338,7,2023-10-14,USD,CANCELLED
5219,PO-0005219,248,5,2024-12-13,USD,RECEIVED
5220,PO-0005220,177,4,2023-07-12,USD,RECEIVED
5221,PO-0005221,144,4,2026-02-08,USD,RECEIVED
5222,PO-0005222,116,11,2023-08-11,USD,RECEIVED
5223,PO-0005223,19,7,2023-02-27,USD,OPEN
5224,PO-0005224,329,2,2023-02-19,USD,CANCELLED
5225,PO-0005225,229,7,2025-07-20,USD,RECEIVED
5226,PO-0005226,243,11,2023-04-27,USD,RECEIVED
5227,PO-0005227,494,8,2024-05-01,USD,RECEIVED
5228,PO-0005228,403,4,2024-09-04,USD,RECEIVED
5229,PO-0005229,434,8,2023-04-17,USD,RECEIVED
5230,PO-0005230,117,5,2024-06-23,USD,RECEIVED
5231,PO-0005231,201,7,2023-02-07,USD,RECEIVED
5232,PO-0005232,227,4,2023-03-22,USD,RECEIVED
5233,PO-0005233,338,1,2025-05-07,USD,RECEIVED
5234,PO-0005234,343,1,2025-02-04,USD,OPEN
5235,PO-0005235,379,10,2026-05-30,USD,RECEIVED
5236,PO-0005236,139,11,2025-12-27,USD,RECEIVED
5237,PO-0005237,196,8,2024-04-28,USD,RECEIVED
5238,PO-0005238,62,1,2025-05-29,USD,RECEIVED
5239,PO-0005239,257,4,2025-12-16,USD,RECEIVED
5240,PO-0005240,84,3,2023-06-24,USD,RECEIVED
5241,PO-0005241,86,7,2024-08-13,USD,CANCELLED
5242,PO-0005242,71,1,2025-05-13,USD,RECEIVED
5243,PO-0005243,115,12,2024-09-13,USD,OPEN
5244,PO-0005244,355,4,2025-06-29,USD,OPEN
5245,PO-0005245,322,10,2024-02-20,USD,RECEIVED
5246,PO-0005246,364,5,2023-07-03,USD,PARTIAL
5247,PO-0005247,129,9,2023-02-07,USD,RECEIVED
5248,PO-0005248,160,6,2024-06-06,USD,RECEIVED
5249,PO-0005249,176,4,2023-02-16,USD,RECEIVED
5250,PO-0005250,99,4,2024-09-29,USD,RECEIVED
5251,PO-0005251,415,9,2024-09-27,USD,RECEIVED
5252,PO-0005252,68,12,2024-09-19,USD,RECEIVED
5253,PO-0005253,492,4,2024-08-10,USD,CANCELLED
5254,PO-0005254,378,1,2024-03-24,USD,PARTIAL
5255,PO-0005255,496,6,2024-06-05,USD,RECEIVED
5256,PO-0005256,37,10,2024-02-12,USD,RECEIVED
5257,PO-0005257,43,11,2024-07-13,USD,RECEIVED
5258,PO-0005258,406,5,2023-11-09,USD,RECEIVED
5259,PO-0005259,102,1,2026-05-04,USD,RECEIVED
5260,PO-0005260,378,12,2024-01-23,USD,PARTIAL
5261,PO-0005261,52,8,2026-02-06,USD,RECEIVED
5262,PO-0005262,87,9,2025-02-06,USD,RECEIVED
5263,PO-0005263,102,5,2024-10-03,USD,RECEIVED
5264,PO-0005264,105,12,2026-03-26,USD,RECEIVED
5265,PO-0005265,340,12,2023-11-05,USD,CANCELLED
5266,PO-0005266,4,12,2024-03-22,USD,RECEIVED
5267,PO-0005267,264,7,2025-10-19,USD,CANCELLED
5268,PO-0005268,392,5,2026-09-01,USD,CANCELLED
5269,PO-0005269,47,4,2026-09-19,USD,RECEIVED
5270,PO-0005270,57,11,2024-09-22,USD,RECEIVED
5271,PO-0005271,233,5,2025-03-18,USD,RECEIVED
5272,PO-0005272,302,4,2023-10-24,USD,PARTIAL
5273,PO-0005273,383,3,2023-11-25,USD,RECEIVED
5274,PO-0005274,417,10,2025-04-17,USD,CANCELLED
5275,PO-0005275,239,9,2026-09-18,USD,OPEN
5276,PO-0005276,436,6,2024-11-22,USD,OPEN
5277,PO-0005277,482,1,2023-01-13,USD,PARTIAL
5278,PO-0005278,149,8,2023-08-30,USD,PARTIAL
5279,PO-0005279,347,4,2025-02-26,USD,RECEIVED
5280,PO-0005280,68,2,2026-06-02,USD,CANCELLED
5281,PO-0005281,418,7,2023-05-19,USD,RECEIVED
5282,PO-0005282,258,10,2023-04-21,USD,OPEN
5283,PO-0005283,475,4,2023-04-14,USD,RECEIVED
5284,PO-0005284,135,6,2023-09-15,USD,RECEIVED
5285,PO-0005285,372,3,2024-11-21,USD,RECEIVED
5286,PO-0005286,415,1,2023-09-11,USD,RECEIVED
5287,PO-0005287,464,11,2025-07-23,USD,CANCELLED
5288,PO-0005288,56,8,2025-07-13,USD,RECEIVED
5289,PO-0005289,461,5,2023-02-09,USD,RECEIVED
5290,PO-0005290,82,1,2023-09-16,USD,RECEIVED
5291,PO-0005291,375,4,2024-05-10,USD,RECEIVED
5292,PO-0005292,9,12,2023-01-12,USD,RECEIVED
5293,PO-0005293,185,2,2025-10-14,USD,OPEN
5294,PO-0005294,313,8,2024-03-22,USD,RECEIVED
5295,PO-0005295,246,2,2024-09-02,USD,RECEIVED
5296,PO-0005296,184,11,2025-05-03,USD,OPEN
5297,PO-0005297,481,2,2025-11-19,USD,CANCELLED
5298,PO-0005298,59,11,2026-10-01,USD,RECEIVED
5299,PO-0005299,377,9,2023-09-23,USD,OPEN
5300,PO-0005300,365,11,2025-08-23,USD,PARTIAL
5301,PO-0005301,77,12,2026-09-13,USD,PARTIAL
5302,PO-0005302,17,6,2023-04-06,USD,CANCELLED
5303,PO-0005303,495,9,2023-05-09,USD,RECEIVED
5304,PO-0005304,132,9,2025-03-04,USD,PARTIAL
5305,PO-0005305,255,9,2026-07-17,USD,OPEN
5306,PO-0005306,103,6,2023-11-20,USD,OPEN
5307,PO-0005307,200,9,2023-11-07,USD,RECEIVED
5308,PO-0005308,113,2,2023-05-03,USD,PARTIAL
5309,PO-0005309,17,2,2026-03-04,USD,RECEIVED
5310,PO-0005310,304,10,2023-04-16,USD,RECEIVED
5311,PO-0005311,392,4,2024-07-17,USD,OPEN
5312,PO-0005312,377,5,2023-10-07,USD,RECEIVED
5313,PO-0005313,39,10,2025-09-29,USD,RECEIVED
5314,PO-0005314,433,9,2026-02-23,USD,CANCELLED
5315,PO-0005315,89,11,2024-10-04,USD,OPEN
5316,PO-0005316,326,4,2026-01-03,USD,CANCELLED
5317,PO-0005317,225,2,2025-01-19,USD,OPEN
5318,PO-0005318,235,4,2026-01-18,USD,RECEIVED
5319,PO-0005319,127,12,2023-11-13,USD,RECEIVED
5320,PO-0005320,150,11,2024-07-12,USD,RECEIVED
5321,PO-0005321,399,5,2024-05-14,USD,RECEIVED
5322,PO-0005322,184,7,2024-10-24,USD,RECEIVED
5323,PO-0005323,66,11,2024-08-13,USD,PARTIAL
5324,PO-0005324,287,8,2024-02-05,USD,RECEIVED
5325,PO-0005325,458,3,2023-07-28,USD,RECEIVED
5326,PO-0005326,394,3,2026-01-20,USD,PARTIAL
5327,PO-0005327,40,1,2025-05-02,USD,OPEN
5328,PO-0005328,418,10,2024-12-23,USD,RECEIVED
5329,PO-0005329,450,8,2024-09-24,USD,OPEN
5330,PO-0005330,419,9,2024-05-01,USD,RECEIVED
5331,PO-0005331,208,11,2024-11-27,USD,RECEIVED
5332,PO-0005332,273,2,2025-06-19,USD,RECEIVED
5333,PO-0005333,197,6,2024-09-07,USD,RECEIVED
5334,PO-0005334,15,1,2023-02-16,USD,RECEIVED
5335,PO-0005335,349,12,2026-04-02,USD,OPEN
5336,PO-0005336,295,11,2023-07-01,USD,RECEIVED
5337,PO-0005337,407,8,2024-01-18,USD,OPEN
5338,PO-0005338,217,9,2025-03-17,USD,RECEIVED
5339,PO-0005339,107,1,2025-02-07,USD,RECEIVED
5340,PO-0005340,375,8,2023-11-21,USD,RECEIVED
5341,PO-0005341,225,9,2025-10-18,USD,RECEIVED
5342,PO-0005342,461,7,2024-11-17,USD,PARTIAL
5343,PO-0005343,207,7,2024-09-06,USD,RECEIVED
5344,PO-0005344,207,7,2024-07-07,USD,RECEIVED
5345,PO-0005345,152,12,2024-07-26,USD,OPEN
5346,PO-0005346,350,12,2025-02-26,USD,RECEIVED
5347,PO-0005347,329,10,2025-01-10,USD,PARTIAL
5348,PO-0005348,303,4,2024-09-29,USD,OPEN
5349,PO-0005349,31,11,2024-07-14,USD,RECEIVED
5350,PO-0005350,231,4,2025-09-29,USD,RECEIVED
5351,PO-0005351,50,7,2026-05-13,USD,RECEIVED
5352,PO-0005352,267,1,2024-08-01,USD,RECEIVED
5353,PO-0005353,378,10,2025-02-20,USD,RECEIVED
5354,PO-0005354,249,10,2024-04-16,USD,RECEIVED
5355,PO-0005355,212,12,2025-12-22,USD,CANCELLED
5356,PO-0005356,453,8,2024-08-26,USD,RECEIVED
5357,PO-0005357,249,1,2023-07-18,USD,RECEIVED
5358,PO-0005358,232,10,2025-10-09,USD,RECEIVED
5359,PO-0005359,305,4,2023-03-01,USD,RECEIVED
5360,PO-0005360,213,5,2026-03-16,USD,OPEN
5361,PO-0005361,210,11,2024-02-28,USD,RECEIVED
5362,PO-0005362,165,6,2025-02-28,USD,RECEIVED
5363,PO-0005363,92,1,2024-09-14,USD,RECEIVED
5364,PO-0005364,124,5,2023-06-06,USD,RECEIVED
5365,PO-0005365,28,7,2023-05-28,USD,RECEIVED
5366,PO-0005366,22,11,2023-02-07,USD,RECEIVED
5367,PO-0005367,186,8,2025-12-22,USD,RECEIVED
5368,PO-0005368,304,10,2023-10-20,USD,RECEIVED
5369,PO-0005369,118,7,2026-01-07,USD,CANCELLED
5370,PO-0005370,346,11,2025-01-08,USD,RECEIVED
5371,PO-0005371,384,10,2023-01-03,USD,RECEIVED
5372,PO-0005372,274,10,2025-11-18,USD,PARTIAL
5373,PO-0005373,418,10,2024-08-08,USD,RECEIVED
5374,PO-0005374,1,3,2023-12-12,USD,RECEIVED
5375,PO-0005375,119,10,2023-04-03,USD,RECEIVED
5376,PO-0005376,485,3,2025-07-08,USD,RECEIVED
5377,PO-0005377,22,4,2025-07-14,USD,RECEIVED
5378,PO-0005378,208,6,2026-09-16,USD,CANCELLED
5379,PO-0005379,303,3,2024-09-08,USD,RECEIVED
5380,PO-0005380,364,12,2024-06-11,USD,RECEIVED
5381,PO-0005381,375,5,2023-07-27,USD,OPEN
5382,PO-0005382,485,8,2026-02-14,USD,PARTIAL
5383,PO-0005383,219,8,2026-09-21,USD,CANCELLED
5384,PO-0005384,485,2,2023-04-07,USD,RECEIVED
5385,PO-0005385,83,3,2026-07-02,USD,OPEN
5386,PO-0005386,35,2,2023-12-05,USD,RECEIVED
5387,PO-0005387,320,8,2024-04-24,USD,RECEIVED
5388,PO-0005388,257,7,2023-01-13,USD,OPEN
5389,PO-0005389,171,4,2024-02-17,USD,RECEIVED
5390,PO-0005390,171,5,2025-02-09,USD,RECEIVED
5391,PO-0005391,272,7,2023-02-03,USD,RECEIVED
5392,PO-0005392,97,1,2026-08-17,USD,PARTIAL
5393,PO-0005393,234,6,2024-01-23,USD,RECEIVED
5394,PO-0005394,480,1,2024-04-24,USD,RECEIVED
5395,PO-0005395,489,1,2023-04-01,USD,RECEIVED
5396,PO-0005396,12,6,2026-07-09,USD,RECEIVED
5397,PO-0005397,491,3,2025-09-29,USD,RECEIVED
5398,PO-0005398,173,8,2025-03-30,USD,PARTIAL
5399,PO-0005399,332,11,2024-06-20,USD,CANCELLED
5400,PO-0005400,63,9,2023-11-15,USD,RECEIVED
5401,PO-0005401,127,9,2026-08-21,USD,RECEIVED
5402,PO-0005402,337,2,2026-01-10,USD,RECEIVED
5403,PO-0005403,87,2,2026-04-06,USD,RECEIVED
5404,PO-0005404,64,4,2026-03-25,USD,OPEN
5405,PO-0005405,69,8,2023-06-16,USD,RECEIVED
5406,PO-0005406,470,7,2023-09-25,USD,RECEIVED
5407,PO-0005407,393,7,2025-03-23,USD,OPEN
5408,PO-0005408,387,1,2024-11-27,USD,RECEIVED
5409,PO-0005409,469,4,2023-08-22,USD,PARTIAL
5410,PO-0005410,14,10,2023-12-06,USD,RECEIVED
5411,PO-0005411,451,7,2026-09-03,USD,RECEIVED
5412,PO-0005412,15,12,2024-12-08,USD,RECEIVED
5413,PO-0005413,291,12,2023-04-19,USD,PARTIAL
5414,PO-0005414,384,2,2023-11-15,USD,RECEIVED
5415,PO-0005415,189,3,2023-04-10,USD,RECEIVED
5416,PO-0005416,385,6,2023-08-08,USD,RECEIVED
5417,PO-0005417,3,5,2025-05-23,USD,OPEN
5418,PO-0005418,359,3,2025-01-17,USD,RECEIVED
5419,PO-0005419,140,12,2024-04-04,USD,OPEN
5420,PO-0005420,374,1,2024-06-24,USD,OPEN
5421,PO-0005421,358,2,2025-01-12,USD,RECEIVED
5422,PO-0005422,1,7,2024-04-06,USD,RECEIVED
5423,PO-0005423,58,9,2025-08-26,USD,CANCELLED
5424,PO-0005424,165,4,2023-02-06,USD,RECEIVED
5425,PO-0005425,366,2,2024-05-12,USD,RECEIVED
5426,PO-0005426,245,4,2024-11-16,USD,PARTIAL
5427,PO-0005427,209,2,2026-03-04,USD,RECEIVED
5428,PO-0005428,78,9,2024-11-14,USD,OPEN
5429,PO-0005429,451,10,2025-12-17,USD,RECEIVED
5430,PO-0005430,2,2,2024-03-09,USD,RECEIVED
5431,PO-0005431,186,7,2024-06-15,USD,PARTIAL
5432,PO-0005432,344,3,2023-12-22,USD,RECEIVED
5433,PO-0005433,113,2,2023-11-18,USD,RECEIVED
5434,PO-0005434,251,3,2024-07-16,USD,CANCELLED
5435,PO-0005435,497,12,2024-02-01,USD,RECEIVED
5436,PO-0005436,266,5,2025-04-30,USD,RECEIVED
5437,PO-0005437,324,12,2023-03-11,USD,RECEIVED
5438,PO-0005438,259,7,2023-03-29,USD,RECEIVED
5439,PO-0005439,29,12,2023-05-18,USD,RECEIVED
5440,PO-0005440,171,12,2023-12-06,USD,RECEIVED
5441,PO-0005441,372,2,2023-10-18,USD,OPEN
5442,PO-0005442,263,1,2023-06-18,USD,CANCELLED
5443,PO-0005443,425,11,2025-08-28,USD,RECEIVED
5444,PO-0005444,158,10,2024-05-06,USD,RECEIVED
5445,PO-0005445,121,7,2023-06-09,USD,RECEIVED
5446,PO-0005446,457,7,2026-05-19,USD,CANCELLED
5447,PO-0005447,163,5,2025-11-14,USD,RECEIVED
5448,PO-0005448,181,5,2024-03-10,USD,RECEIVED
5449,PO-0005449,57,12,2024-03-05,USD,RECEIVED
5450,PO-0005450,50,10,2025-07-18,USD,RECEIVED
5451,PO-0005451,149,11,2026-07-03,USD,RECEIVED
5452,PO-0005452,151,6,2023-08-13,USD,RECEIVED
5453,PO-0005453,459,4,2025-12-31,USD,OPEN
5454,PO-0005454,261,5,2026-04-17,USD,RECEIVED
5455,PO-0005455,34,9,2024-04-12,USD,RECEIVED
5456,PO-0005456,102,9,2025-07-14,USD,RECEIVED
5457,PO-0005457,500,10,2024-12-30,USD,RECEIVED
5458,PO-0005458,199,12,2026-07-15,USD,RECEIVED
5459,PO-0005459,131,8,2025-03-12,USD,CANCELLED
5460,PO-0005460,39,11,2023-02-02,USD,RECEIVED
5461,PO-0005461,319,6,2025-02-26,USD,RECEIVED
5462,PO-0005462,311,4,2023-07-21,USD,RECEIVED
5463,PO-0005463,78,2,2025-06-16,USD,CANCELLED
5464,PO-0005464,19,1,2023-10-29,USD,RECEIVED
5465,PO-0005465,127,5,2024-05-26,USD,CANCELLED
5466,PO-0005466,326,2,2025-01-30,USD,RECEIVED
5467,PO-0005467,405,4,2023-06-21,USD,RECEIVED
5468,PO-0005468,299,11,2023-10-11,USD,RECEIVED
5469,PO-0005469,212,3,2025-01-29,USD,RECEIVED
5470,PO-0005470,81,3,2026-03-11,USD,PARTIAL
5471,PO-0005471,40,1,2026-06-12,USD,RECEIVED
5472,PO-0005472,480,10,2024-06-22,USD,RECEIVED
5473,PO-0005473,101,12,2026-03-04,USD,PARTIAL
5474,PO-0005474,362,5,2024-09-29,USD,RECEIVED
5475,PO-0005475,123,7,2024-10-01,USD,RECEIVED
5476,PO-0005476,285,4,2023-07-21,USD,RECEIVED
5477,PO-0005477,29,10,2024-01-02,USD,RECEIVED
5478,PO-0005478,465,5,2024-09-24,USD,RECEIVED
5479,PO-0005479,69,6,2026-01-17,USD,PARTIAL
5480,PO-0005480,105,12,2023-01-23,USD,RECEIVED
5481,PO-0005481,372,2,2024-07-30,USD,RECEIVED
5482,PO-0005482,357,7,2025-10-22,USD,RECEIVED
5483,PO-0005483,179,6,2024-04-29,USD,RECEIVED
5484,PO-0005484,330,5,2024-08-03,USD,RECEIVED
5485,PO-0005485,202,8,2025-12-02,USD,RECEIVED
5486,PO-0005486,274,6,2025-07-13,USD,RECEIVED
5487,PO-0005487,370,6,2023-02-24,USD,RECEIVED
5488,PO-0005488,273,4,2026-01-23,USD,RECEIVED
5489,PO-0005489,338,4,2024-05-02,USD,RECEIVED
5490,PO-0005490,431,12,2025-07-30,USD,RECEIVED
5491,PO-0005491,433,3,2024-05-23,USD,CANCELLED
5492,PO-0005492,158,12,2023-12-25,USD,RECEIVED
5493,PO-0005493,44,7,2025-04-27,USD,RECEIVED
5494,PO-0005494,461,6,2023-05-05,USD,RECEIVED
5495,PO-0005495,342,6,2025-11-03,USD,RECEIVED
5496,PO-0005496,106,3,2023-01-01,USD,CANCELLED
5497,PO-0005497,217,12,2025-06-15,USD,OPEN
5498,PO-0005498,119,10,2026-05-19,USD,RECEIVED
5499,PO-0005499,467,2,2026-03-14,USD,RECEIVED
5500,PO-0005500,403,6,2023-01-24,USD,RECEIVED
5501,PO-0005501,216,5,2025-10-10,USD,RECEIVED
5502,PO-0005502,116,7,2025-02-09,USD,RECEIVED
5503,PO-0005503,143,9,2026-05-17,USD,RECEIVED
5504,PO-0005504,5,1,2026-07-25,USD,RECEIVED
5505,PO-0005505,430,4,2025-12-08,USD,RECEIVED
5506,PO-0005506,327,6,2026-05-20,USD,RECEIVED
5507,PO-0005507,350,3,2024-11-23,USD,CANCELLED
5508,PO-0005508,430,7,2024-05-16,USD,RECEIVED
5509,PO-0005509,495,4,2023-09-15,USD,OPEN
5510,PO-0005510,271,7,2023-08-23,USD,RECEIVED
5511,PO-0005511,243,4,2025-12-22,USD,RECEIVED
5512,PO-0005512,42,11,2026-09-14,USD,RECEIVED
5513,PO-0005513,425,2,2025-04-26,USD,OPEN
5514,PO-0005514,2,3,2024-11-12,USD,RECEIVED
5515,PO-0005515,490,7,2025-04-06,USD,CANCELLED
5516,PO-0005516,362,6,2023-01-07,USD,RECEIVED
5517,PO-0005517,276,3,2024-09-16,USD,RECEIVED
5518,PO-0005518,440,10,2023-04-13,USD,RECEIVED
5519,PO-0005519,29,6,2025-10-14,USD,OPEN
5520,PO-0005520,143,9,2025-04-13,USD,RECEIVED
5521,PO-0005521,435,1,2025-02-04,USD,RECEIVED
5522,PO-0005522,462,12,2024-12-02,USD,RECEIVED
5523,PO-0005523,312,5,2025-09-22,USD,RECEIVED
5524,PO-0005524,216,8,2023-04-30,USD,RECEIVED
5525,PO-0005525,366,9,2025-07-20,USD,CANCELLED
5526,PO-0005526,75,5,2025-05-21,USD,RECEIVED
5527,PO-0005527,312,9,2023-06-18,USD,OPEN
5528,PO-0005528,315,4,2026-06-19,USD,RECEIVED
5529,PO-0005529,134,7,2024-01-11,USD,RECEIVED
5530,PO-0005530,126,12,2025-05-29,USD,RECEIVED
5531,PO-0005531,335,10,2023-09-03,USD,RECEIVED
5532,PO-0005532,50,4,2023-08-09,USD,RECEIVED
5533,PO-0005533,183,6,2024-01-29,USD,RECEIVED
5534,PO-0005534,215,1,2024-04-11,USD,RECEIVED
5535,PO-0005535,39,8,2024-08-04,USD,CANCELLED
5536,PO-0005536,113,3,2023-04-30,USD,RECEIVED
5537,PO-0005537,168,1,2025-08-20,USD,RECEIVED
5538,PO-0005538,427,7,2025-07-11,USD,RECEIVED
5539,PO-0005539,185,6,2023-11-26,USD,RECEIVED
5540,PO-0005540,89,10,2023-08-29,USD,RECEIVED
5541,PO-0005541,483,2,2026-05-15,USD,RECEIVED
5542,PO-0005542,210,3,2026-01-20,USD,CANCELLED
5543,PO-0005543,213,3,2026-09-25,USD,RECEIVED
5544,PO-0005544,130,12,2024-05-13,USD,PARTIAL
5545,PO-0005545,117,6,2025-06-19,USD,OPEN
5546,PO-0005546,376,12,2025-02-20,USD,RECEIVED
5547,PO-0005547,457,9,2023-06-11,USD,CANCELLED
5548,PO-0005548,98,2,2023-09-02,USD,RECEIVED
5549,PO-0005549,115,3,2024-09-30,USD,RECEIVED
5550,PO-0005550,368,3,2026-01-24,USD,OPEN
5551,PO-0005551,477,3,2024-06-18,USD,OPEN
5552,PO-0005552,124,8,2026-05-03,USD,RECEIVED
5553,PO-0005553,216,4,2025-04-09,USD,PARTIAL
5554,PO-0005554,186,6,2024-10-01,USD,RECEIVED
5555,PO-0005555,142,1,2023-08-24,USD,RECEIVED
5556,PO-0005556,272,10,2025-08-25,USD,RECEIVED
5557,PO-0005557,158,4,2023-02-20,USD,RECEIVED
5558,PO-0005558,197,2,2024-07-14,USD,CANCELLED
5559,PO-0005559,236,7,2024-10-13,USD,RECEIVED
5560,PO-0005560,405,5,2026-08-12,USD,RECEIVED
5561,PO-0005561,309,5,2025-06-14,USD,RECEIVED
5562,PO-0005562,368,2,2023-10-27,USD,OPEN
5563,PO-0005563,2,1,2025-12-12,USD,RECEIVED
5564,PO-0005564,109,2,2023-08-01,USD,RECEIVED
5565,PO-0005565,136,3,2024-11-23,USD,RECEIVED
5566,PO-0005566,498,2,2023-11-17,USD,OPEN
5567,PO-0005567,451,1,2024-11-10,USD,RECEIVED
5568,PO-0005568,377,9,2024-12-15,USD,RECEIVED
5569,PO-0005569,377,8,2026-02-08,USD,OPEN
5570,PO-0005570,405,2,2024-06-15,USD,RECEIVED
5571,PO-0005571,243,11,2023-12-25,USD,OPEN
5572,PO-0005572,415,3,2025-03-13,USD,RECEIVED
5573,PO-0005573,427,3,2026-03-13,USD,RECEIVED
5574,PO-0005574,28,3,2025-02-02,USD,RECEIVED
5575,PO-0005575,369,4,2026-07-30,USD,RECEIVED
5576,PO-0005576,133,10,2024-05-08,USD,CANCELLED
5577,PO-0005577,119,6,2026-05-12,USD,CANCELLED
5578,PO-0005578,242,12,2024-02-11,USD,PARTIAL
5579,PO-0005579,324,9,2023-09-29,USD,RECEIVED
5580,PO-0005580,472,5,2026-01-16,USD,RECEIVED
5581,PO-0005581,92,12,2026-05-14,USD,PARTIAL
5582,PO-0005582,161,3,2025-09-11,USD,RECEIVED
5583,PO-0005583,182,8,2024-12-07,USD,CANCELLED
5584,PO-0005584,214,3,2024-08-28,USD,RECEIVED
5585,PO-0005585,196,11,2026-08-31,USD,RECEIVED
5586,PO-0005586,131,5,2025-08-09,USD,RECEIVED
5587,PO-0005587,300,6,2023-03-07,USD,RECEIVED
5588,PO-0005588,62,4,2023-11-12,USD,PARTIAL
5589,PO-0005589,140,6,2026-01-07,USD,OPEN
5590,PO-0005590,204,8,2025-10-25,USD,RECEIVED
5591,PO-0005591,287,3,2024-12-24,USD,RECEIVED
5592,PO-0005592,349,2,2023-02-09,USD,RECEIVED
5593,PO-0005593,11,8,2025-11-14,USD,RECEIVED
5594,PO-0005594,95,5,2023-08-11,USD,CANCELLED
5595,PO-0005595,76,9,2024-03-06,USD,RECEIVED
5596,PO-0005596,419,1,2024-04-04,USD,PARTIAL
5597,PO-0005597,378,11,2024-08-03,USD,OPEN
5598,PO-0005598,197,12,2024-10-03,USD,RECEIVED
5599,PO-0005599,287,9,2024-06-19,USD,CANCELLED
5600,PO-0005600,352,10,2024-10-16,USD,CANCELLED
5601,PO-0005601,311,11,2023-06-02,USD,RECEIVED
5602,PO-0005602,166,1,2023-09-04,USD,RECEIVED
5603,PO-0005603,357,5,2025-12-30,USD,RECEIVED
5604,PO-0005604,199,7,2026-04-30,USD,RECEIVED
5605,PO-0005605,470,4,2025-02-15,USD,RECEIVED
5606,PO-0005606,242,10,2025-11-11,USD,RECEIVED
5607,PO-0005607,185,10,2026-03-30,USD,RECEIVED
5608,PO-0005608,166,3,2023-02-12,USD,CANCELLED
5609,PO-0005609,184,7,2025-10-04,USD,RECEIVED
5610,PO-0005610,143,3,2026-07-08,USD,CANCELLED
5611,PO-0005611,290,10,2023-01-31,USD,RECEIVED
5612,PO-0005612,292,4,2024-05-03,USD,OPEN
5613,PO-0005613,132,3,2025-06-20,USD,PARTIAL
5614,PO-0005614,178,11,2025-09-21,USD,PARTIAL
5615,PO-0005615,276,10,2026-01-11,USD,CANCELLED
5616,PO-0005616,487,5,2026-07-21,USD,CANCELLED
5617,PO-0005617,94,5,2026-05-09,USD,CANCELLED
5618,PO-0005618,255,9,2026-03-04,USD,RECEIVED
5619,PO-0005619,222,11,2026-06-04,USD,RECEIVED
5620,PO-0005620,458,10,2024-10-15,USD,OPEN
5621,PO-0005621,203,1,2023-01-28,USD,RECEIVED
5622,PO-0005622,256,11,2026-02-16,USD,RECEIVED
5623,PO-0005623,369,12,2025-02-11,USD,RECEIVED
5624,PO-0005624,318,2,2026-05-28,USD,CANCELLED
5625,PO-0005625,103,12,2024-05-24,USD,OPEN
5626,PO-0005626,114,11,2025-11-07,USD,PARTIAL
5627,PO-0005627,1,7,2026-07-01,USD,RECEIVED
5628,PO-0005628,30,11,2023-10-23,USD,RECEIVED
5629,PO-0005629,224,12,2023-01-11,USD,RECEIVED
5630,PO-0005630,329,2,2025-07-24,USD,PARTIAL
5631,PO-0005631,128,10,2023-03-23,USD,RECEIVED
5632,PO-0005632,14,3,2025-09-27,USD,RECEIVED
5633,PO-0005633,484,10,2025-06-18,USD,RECEIVED
5634,PO-0005634,387,9,2026-06-18,USD,RECEIVED
5635,PO-0005635,244,2,2024-02-01,USD,RECEIVED
5636,PO-0005636,187,6,2023-06-01,USD,RECEIVED
5637,PO-0005637,144,2,2026-07-30,USD,RECEIVED
5638,PO-0005638,434,11,2023-01-14,USD,RECEIVED
5639,PO-0005639,250,1,2026-01-25,USD,RECEIVED
5640,PO-0005640,233,12,2025-12-05,USD,RECEIVED
5641,PO-0005641,378,7,2025-12-10,USD,RECEIVED
5642,PO-0005642,261,7,2026-05-13,USD,CANCELLED
5643,PO-0005643,444,9,2024-04-04,USD,RECEIVED
5644,PO-0005644,292,1,2023-04-05,USD,RECEIVED
5645,PO-0005645,466,2,2024-02-24,USD,OPEN
5646,PO-0005646,363,2,2024-07-20,USD,OPEN
5647,PO-0005647,9,4,2025-05-25,USD,CANCELLED
5648,PO-0005648,486,3,2025-11-06,USD,RECEIVED
5649,PO-0005649,231,5,2024-10-24,USD,OPEN
5650,PO-0005650,48,2,2024-03-22,USD,RECEIVED
5651,PO-0005651,257,5,2024-02-18,USD,RECEIVED
5652,PO-0005652,446,6,2023-11-26,USD,RECEIVED
5653,PO-0005653,437,11,2026-02-28,USD,PARTIAL
5654,PO-0005654,88,9,2025-04-27,USD,PARTIAL
5655,PO-0005655,340,11,2025-08-23,USD,RECEIVED
5656,PO-0005656,44,6,2024-12-03,USD,RECEIVED
5657,PO-0005657,349,2,2025-03-19,USD,RECEIVED
5658,PO-0005658,36,10,2024-10-03,USD,RECEIVED
5659,PO-0005659,118,10,2024-01-10,USD,RECEIVED
5660,PO-0005660,239,1,2023-12-06,USD,RECEIVED
5661,PO-0005661,257,7,2026-09-26,USD,RECEIVED
5662,PO-0005662,16,4,2025-07-17,USD,RECEIVED
5663,PO-0005663,219,6,2026-04-13,USD,RECEIVED
5664,PO-0005664,290,4,2024-11-02,USD,RECEIVED
5665,PO-0005665,277,10,2023-11-12,USD,RECEIVED
5666,PO-0005666,438,1,2026-01-31,USD,PARTIAL
5667,PO-0005667,184,11,2023-10-16,USD,CANCELLED
5668,PO-0005668,397,8,2024-04-03,USD,RECEIVED
5669,PO-0005669,312,9,2023-10-07,USD,RECEIVED
5670,PO-0005670,183,12,2024-05-03,USD,PARTIAL
5671,PO-0005671,239,9,2025-01-31,USD,RECEIVED
5672,PO-0005672,312,10,2026-01-10,USD,OPEN
5673,PO-0005673,238,10,2023-10-01,USD,RECEIVED
5674,PO-0005674,55,2,2023-10-11,USD,RECEIVED
5675,PO-0005675,199,9,2025-04-21,USD,RECEIVED
5676,PO-0005676,186,11,2023-04-25,USD,RECEIVED
5677,PO-0005677,248,5,2024-12-11,USD,RECEIVED
5678,PO-0005678,259,1,2025-11-11,USD,RECEIVED
5679,PO-0005679,431,11,2023-08-08,USD,OPEN
5680,PO-0005680,306,11,2023-10-21,USD,PARTIAL
5681,PO-0005681,302,2,2025-04-21,USD,RECEIVED
5682,PO-0005682,408,1,2024-08-18,USD,PARTIAL
5683,PO-0005683,185,4,2025-01-27,USD,RECEIVED
5684,PO-0005684,114,12,2024-01-29,USD,RECEIVED
5685,PO-0005685,473,11,2026-08-28,USD,RECEIVED
5686,PO-0005686,269,9,2024-03-02,USD,PARTIAL
5687,PO-0005687,89,10,2023-01-20,USD,RECEIVED
5688,PO-0005688,151,3,2024-07-04,USD,RECEIVED
5689,PO-0005689,289,12,2026-04-13,USD,RECEIVED
5690,PO-0005690,376,6,2026-03-16,USD,RECEIVED
5691,PO-0005691,421,4,2025-04-18,USD,RECEIVED
5692,PO-0005692,265,7,2025-06-27,USD,RECEIVED
5693,PO-0005693,237,9,2024-03-25,USD,RECEIVED
5694,PO-0005694,238,9,2025-05-07,USD,RECEIVED
5695,PO-0005695,433,10,2025-08-04,USD,RECEIVED
5696,PO-0005696,259,11,2023-10-17,USD,CANCELLED
5697,PO-0005697,361,4,2023-11-01,USD,RECEIVED
5698,PO-0005698,306,2,2024-02-04,USD,RECEIVED
5699,PO-0005699,420,6,2023-05-26,USD,RECEIVED
5700,PO-0005700,407,4,2023-09-11,USD,RECEIVED
5701,PO-0005701,115,10,2024-05-16,USD,RECEIVED
5702,PO-0005702,409,12,2025-08-17,USD,RECEIVED
5703,PO-0005703,487,2,2023-08-25,USD,RECEIVED
5704,PO-0005704,395,11,2025-03-15,USD,RECEIVED
5705,PO-0005705,287,3,2024-09-17,USD,PARTIAL
5706,PO-0005706,214,12,2026-08-15,USD,RECEIVED
5707,PO-0005707,128,6,2025-05-26,USD,PARTIAL
5708,PO-0005708,77,5,2025-01-23,USD,RECEIVED
5709,PO-0005709,57,10,2026-01-21,USD,OPEN
5710,PO-0005710,427,8,2024-02-11,USD,RECEIVED
5711,PO-0005711,422,1,2025-07-17,USD,RECEIVED
5712,PO-0005712,133,5,2023-04-06,USD,RECEIVED
5713,PO-0005713,197,10,2023-10-20,USD,RECEIVED
5714,PO-0005714,83,9,2024-05-09,USD,RECEIVED
5715,PO-0005715,224,10,2023-03-23,USD,RECEIVED
5716,PO-0005716,18,12,2024-09-01,USD,RECEIVED
5717,PO-0005717,340,3,2023-09-02,USD,RECEIVED
5718,PO-0005718,43,10,2023-10-22,USD,PARTIAL
5719,PO-0005719,155,9,2024-05-30,USD,CANCELLED
5720,PO-0005720,298,6,2024-12-22,USD,OPEN
5721,PO-0005721,327,8,2024-01-17,USD,PARTIAL
5722,PO-0005722,401,1,2025-07-16,USD,PARTIAL
5723,PO-0005723,222,6,2023-11-30,USD,RECEIVED
5724,PO-0005724,289,4,2025-05-26,USD,RECEIVED
5725,PO-0005725,147,11,2023-09-11,USD,RECEIVED
5726,PO-0005726,347,9,2026-08-18,USD,RECEIVED
5727,PO-0005727,233,7,2024-03-31,USD,RECEIVED
5728,PO-0005728,392,6,2023-11-14,USD,PARTIAL
5729,PO-0005729,26,3,2025-01-23,USD,RECEIVED
5730,PO-0005730,173,5,2024-06-24,USD,RECEIVED
5731,PO-0005731,319,10,2023-01-15,USD,OPEN
5732,PO-0005732,418,10,2025-04-30,USD,OPEN
5733,PO-0005733,292,8,2024-10-16,USD,PARTIAL
5734,PO-0005734,96,5,2025-05-21,USD,RECEIVED
5735,PO-0005735,19,5,2025-12-07,USD,RECEIVED
5736,PO-0005736,96,9,2024-05-29,USD,RECEIVED
5737,PO-0005737,55,5,2026-01-05,USD,RECEIVED
5738,PO-0005738,35,5,2024-12-09,USD,RECEIVED
5739,PO-0005739,115,5,2023-05-26,USD,OPEN
5740,PO-0005740,173,4,2025-03-25,USD,RECEIVED
5741,PO-0005741,314,2,2024-05-22,USD,PARTIAL
5742,PO-0005742,116,11,2024-04-06,USD,PARTIAL
5743,PO-0005743,60,1,2023-04-16,USD,RECEIVED
5744,PO-0005744,163,4,2023-03-31,USD,OPEN
5745,PO-0005745,332,1,2025-03-30,USD,CANCELLED
5746,PO-0005746,59,3,2024-09-01,USD,RECEIVED
5747,PO-0005747,186,9,2026-03-20,USD,RECEIVED
5748,PO-0005748,307,11,2024-12-25,USD,RECEIVED
5749,PO-0005749,186,10,2023-10-25,USD,RECEIVED
5750,PO-0005750,76,1,2026-04-01,USD,RECEIVED
5751,PO-0005751,129,10,2024-05-15,USD,OPEN
5752,PO-0005752,200,6,2023-05-26,USD,RECEIVED
5753,PO-0005753,348,4,2026-03-28,USD,RECEIVED
5754,PO-0005754,238,1,2025-12-10,USD,CANCELLED
5755,PO-0005755,400,12,2026-03-12,USD,PARTIAL
5756,PO-0005756,269,8,2026-09-26,USD,RECEIVED
5757,PO-0005757,267,2,2023-01-31,USD,CANCELLED
5758,PO-0005758,23,8,2025-07-01,USD,CANCELLED
5759,PO-0005759,389,11,2025-03-05,USD,CANCELLED
5760,PO-0005760,161,2,2024-12-22,USD,RECEIVED
5761,PO-0005761,232,3,2025-03-15,USD,OPEN
5762,PO-0005762,390,1,2025-02-25,USD,OPEN
5763,PO-0005763,204,11,2024-09-06,USD,RECEIVED
5764,PO-0005764,496,7,2024-05-26,USD,RECEIVED
5765,PO-0005765,451,12,2024-03-22,USD,PARTIAL
5766,PO-0005766,2,11,2026-08-01,USD,RECEIVED
5767,PO-0005767,417,12,2023-07-31,USD,OPEN
5768,PO-0005768,218,8,2023-06-06,USD,RECEIVED
5769,PO-0005769,233,1,2025-02-01,USD,CANCELLED
5770,PO-0005770,301,1,2025-05-10,USD,RECEIVED
5771,PO-0005771,222,7,2025-09-26,USD,RECEIVED
5772,PO-0005772,341,3,2024-10-15,USD,OPEN
5773,PO-0005773,61,9,2023-05-19,USD,RECEIVED
5774,PO-0005774,248,10,2023-09-09,USD,RECEIVED
5775,PO-0005775,335,6,2025-02-07,USD,RECEIVED
5776,PO-0005776,16,4,2024-05-10,USD,PARTIAL
5777,PO-0005777,346,5,2024-07-30,USD,RECEIVED
5778,PO-0005778,279,4,2026-06-11,USD,RECEIVED
5779,PO-0005779,449,4,2025-10-09,USD,RECEIVED
5780,PO-0005780,51,4,2023-07-23,USD,RECEIVED
5781,PO-0005781,400,10,2025-07-20,USD,RECEIVED
5782,PO-0005782,239,8,2025-11-12,USD,OPEN
5783,PO-0005783,187,12,2023-03-25,USD,RECEIVED
5784,PO-0005784,401,8,2023-04-02,USD,RECEIVED
5785,PO-0005785,149,10,2025-08-07,USD,PARTIAL
5786,PO-0005786,487,10,2024-10-15,USD,RECEIVED
5787,PO-0005787,282,3,2025-11-22,USD,CANCELLED
5788,PO-0005788,405,12,2026-04-23,USD,RECEIVED
5789,PO-0005789,477,12,2025-03-14,USD,RECEIVED
5790,PO-0005790,83,4,2023-03-30,USD,RECEIVED
5791,PO-0005791,102,2,2024-09-19,USD,OPEN
5792,PO-0005792,201,9,2025-01-01,USD,RECEIVED
5793,PO-0005793,55,10,2024-03-18,USD,PARTIAL
5794,PO-0005794,73,7,2023-01-02,USD,RECEIVED
5795,PO-0005795,104,1,2025-06-25,USD,PARTIAL
5796,PO-0005796,228,7,2024-10-23,USD,CANCELLED
5797,PO-0005797,411,1,2024-05-27,USD,PARTIAL
5798,PO-0005798,31,12,2025-11-11,USD,RECEIVED
5799,PO-0005799,12,6,2025-11-17,USD,RECEIVED
5800,PO-0005800,395,9,2023-08-16,USD,RECEIVED
5801,PO-0005801,9,1,2024-04-25,USD,RECEIVED
5802,PO-0005802,368,10,2024-02-26,USD,RECEIVED
5803,PO-0005803,102,8,2023-11-10,USD,RECEIVED
5804,PO-0005804,250,6,2024-05-19,USD,RECEIVED
5805,PO-0005805,76,2,2025-10-26,USD,PARTIAL
5806,PO-0005806,487,9,2025-02-10,USD,RECEIVED
5807,PO-0005807,329,7,2024-01-30,USD,RECEIVED
5808,PO-0005808,262,12,2026-02-21,USD,CANCELLED
5809,PO-0005809,30,6,2024-09-22,USD,OPEN
5810,PO-0005810,455,10,2026-03-14,USD,RECEIVED
5811,PO-0005811,87,5,2024-04-20,USD,RECEIVED
5812,PO-0005812,85,9,2026-04-24,USD,RECEIVED
5813,PO-0005813,112,1,2024-08-12,USD,CANCELLED
5814,PO-0005814,425,11,2025-02-06,USD,CANCELLED
5815,PO-0005815,426,3,2025-07-09,USD,CANCELLED
5816,PO-0005816,384,7,2025-10-09,USD,RECEIVED
5817,PO-0005817,170,12,2023-08-12,USD,RECEIVED
5818,PO-0005818,12,2,2024-10-31,USD,RECEIVED
5819,PO-0005819,354,5,2025-11-14,USD,PARTIAL
5820,PO-0005820,155,9,2024-02-10,USD,PARTIAL
5821,PO-0005821,455,8,2026-02-12,USD,OPEN
5822,PO-0005822,360,10,2023-11-26,USD,PARTIAL
5823,PO-0005823,295,9,2026-09-02,USD,RECEIVED
5824,PO-0005824,471,11,2026-06-25,USD,OPEN
5825,PO-0005825,306,5,2023-09-22,USD,RECEIVED
5826,PO-0005826,447,2,2024-01-20,USD,RECEIVED
5827,PO-0005827,120,9,2026-06-17,USD,CANCELLED
5828,PO-0005828,119,10,2024-07-19,USD,RECEIVED
5829,PO-0005829,398,7,2023-10-23,USD,RECEIVED
5830,PO-0005830,242,5,2023-09-28,USD,RECEIVED
5831,PO-0005831,333,10,2025-02-19,USD,RECEIVED
5832,PO-0005832,352,1,2024-08-30,USD,RECEIVED
5833,PO-0005833,96,5,2024-09-05,USD,RECEIVED
5834,PO-0005834,404,7,2025-12-31,USD,RECEIVED
5835,PO-0005835,439,8,2026-05-25,USD,PARTIAL
5836,PO-0005836,398,3,2024-11-03,USD,RECEIVED
5837,PO-0005837,182,7,2025-01-19,USD,CANCELLED
5838,PO-0005838,455,1,2023-10-15,USD,PARTIAL
5839,PO-0005839,192,5,2024-07-04,USD,RECEIVED
5840,PO-0005840,118,6,2024-12-17,USD,CANCELLED
5841,PO-0005841,188,6,2025-01-30,USD,RECEIVED
5842,PO-0005842,245,11,2025-06-29,USD,RECEIVED
5843,PO-0005843,413,1,2025-12-04,USD,RECEIVED
5844,PO-0005844,116,10,2024-12-26,USD,RECEIVED
5845,PO-0005845,466,10,2026-05-31,USD,CANCELLED
5846,PO-0005846,258,10,2025-07-27,USD,PARTIAL
5847,PO-0005847,202,2,2023-02-12,USD,RECEIVED
5848,PO-0005848,249,10,2023-01-11,USD,RECEIVED
5849,PO-0005849,201,6,2023-03-13,USD,RECEIVED
5850,PO-0005850,316,1,2024-01-07,USD,CANCELLED
5851,PO-0005851,23,5,2023-10-09,USD,RECEIVED
5852,PO-0005852,399,9,2025-03-16,USD,RECEIVED
5853,PO-0005853,489,7,2025-09-22,USD,PARTIAL
5854,PO-0005854,167,3,2023-12-27,USD,RECEIVED
5855,PO-0005855,211,9,2023-02-25,USD,CANCELLED
5856,PO-0005856,466,5,2024-04-23,USD,OPEN
5857,PO-0005857,371,2,2024-08-25,USD,RECEIVED
5858,PO-0005858,225,7,2024-07-14,USD,CANCELLED
5859,PO-0005859,182,2,2025-03-23,USD,RECEIVED
5860,PO-0005860,69,7,2025-03-21,USD,RECEIVED
5861,PO-0005861,455,3,2023-12-31,USD,RECEIVED
5862,PO-0005862,321,3,2023-12-16,USD,RECEIVED
5863,PO-0005863,243,12,2024-09-16,USD,RECEIVED
5864,PO-0005864,288,11,2026-06-28,USD,OPEN
5865,PO-0005865,215,1,2026-02-27,USD,RECEIVED
5866,PO-0005866,57,4,2024-05-02,USD,PARTIAL
5867,PO-0005867,276,6,2023-02-06,USD,RECEIVED
5868,PO-0005868,241,4,2025-11-20,USD,RECEIVED
5869,PO-0005869,197,1,2025-10-15,USD,RECEIVED
5870,PO-0005870,25,2,2025-03-11,USD,RECEIVED
5871,PO-0005871,245,2,2023-01-30,USD,RECEIVED
5872,PO-0005872,490,1,2025-07-25,USD,RECEIVED
5873,PO-0005873,309,8,2023-05-12,USD,CANCELLED
5874,PO-0005874,130,12,2025-07-26,USD,RECEIVED
5875,PO-0005875,374,1,2026-07-27,USD,RECEIVED
5876,PO-0005876,320,8,2023-12-23,USD,RECEIVED
5877,PO-0005877,277,4,2024-12-14,USD,PARTIAL
5878,PO-0005878,208,9,2025-09-29,USD,PARTIAL
5879,PO-0005879,339,2,2024-09-24,USD,RECEIVED
5880,PO-0005880,32,3,2023-06-17,USD,RECEIVED
5881,PO-0005881,123,11,2023-04-05,USD,RECEIVED
5882,PO-0005882,298,3,2023-12-13,USD,RECEIVED
5883,PO-0005883,193,3,2025-01-22,USD,OPEN
5884,PO-0005884,450,7,2026-05-11,USD,RECEIVED
5885,PO-0005885,429,8,2025-01-15,USD,RECEIVED
5886,PO-0005886,489,6,2023-12-23,USD,PARTIAL
5887,PO-0005887,74,9,2024-05-19,USD,PARTIAL
5888,PO-0005888,16,12,2025-07-25,USD,RECEIVED
5889,PO-0005889,51,7,2023-04-12,USD,RECEIVED
5890,PO-0005890,402,3,2026-05-05,USD,OPEN
5891,PO-0005891,54,4,2024-10-27,USD,RECEIVED
5892,PO-0005892,121,2,2025-02-03,USD,RECEIVED
5893,PO-0005893,410,10,2024-05-02,USD,RECEIVED
5894,PO-0005894,75,1,2023-12-27,USD,RECEIVED
5895,PO-0005895,10,12,2023-03-23,USD,RECEIVED
5896,PO-0005896,374,10,2026-03-25,USD,RECEIVED
5897,PO-0005897,6,1,2025-07-16,USD,OPEN
5898,PO-0005898,372,1,2024-06-07,USD,RECEIVED
5899,PO-0005899,125,2,2023-09-23,USD,PARTIAL
5900,PO-0005900,247,3,2026-06-08,USD,RECEIVED
5901,PO-0005901,80,9,2025-12-28,USD,CANCELLED
5902,PO-0005902,222,4,2026-05-30,USD,RECEIVED
5903,PO-0005903,118,2,2023-02-11,USD,PARTIAL
5904,PO-0005904,422,3,2024-12-30,USD,OPEN
5905,PO-0005905,100,1,2023-11-22,USD,RECEIVED
5906,PO-0005906,385,10,2025-05-02,USD,RECEIVED
5907,PO-0005907,167,6,2025-01-06,USD,PARTIAL
5908,PO-0005908,490,2,2026-10-01,USD,RECEIVED
5909,PO-0005909,315,10,2026-06-05,USD,CANCELLED
5910,PO-0005910,23,3,2025-10-31,USD,OPEN
5911,PO-0005911,369,9,2023-07-08,USD,CANCELLED
5912,PO-0005912,362,9,2026-07-27,USD,RECEIVED
5913,PO-0005913,108,8,2025-10-29,USD,RECEIVED
5914,PO-0005914,257,7,2026-08-07,USD,RECEIVED
5915,PO-0005915,190,5,2023-01-10,USD,RECEIVED
5916,PO-0005916,191,10,2024-01-21,USD,RECEIVED
5917,PO-0005917,414,10,2023-01-07,USD,RECEIVED
5918,PO-0005918,333,12,2023-03-13,USD,RECEIVED
5919,PO-0005919,373,3,2025-05-16,USD,RECEIVED
5920,PO-0005920,320,3,2025-05-02,USD,PARTIAL
5921,PO-0005921,27,4,2023-10-17,USD,RECEIVED
5922,PO-0005922,198,5,2025-01-27,USD,RECEIVED
5923,PO-0005923,1,3,2023-07-10,USD,RECEIVED
5924,PO-0005924,20,10,2023-04-21,USD,RECEIVED
5925,PO-0005925,291,12,2023-02-07,USD,RECEIVED
5926,PO-0005926,26,9,2026-05-27,USD,PARTIAL
5927,PO-0005927,15,3,2023-04-03,USD,RECEIVED
5928,PO-0005928,55,12,2024-07-05,USD,CANCELLED
5929,PO-0005929,138,3,2024-10-02,USD,RECEIVED
5930,PO-0005930,247,4,2026-03-02,USD,CANCELLED
5931,PO-0005931,444,2,2024-08-10,USD,OPEN
5932,PO-0005932,346,6,2025-09-19,USD,RECEIVED
5933,PO-0005933,354,9,2024-06-16,USD,CANCELLED
5934,PO-0005934,122,8,2023-09-16,USD,RECEIVED
5935,PO-0005935,324,9,2024-04-28,USD,RECEIVED
5936,PO-0005936,277,11,2023-06-10,USD,RECEIVED
5937,PO-0005937,9,1,2024-05-21,USD,RECEIVED
5938,PO-0005938,36,3,2023-09-03,USD,RECEIVED
5939,PO-0005939,278,1,2023-12-19,USD,RECEIVED
5940,PO-0005940,327,1,2023-08-26,USD,OPEN
5941,PO-0005941,279,1,2024-01-15,USD,RECEIVED
5942,PO-0005942,107,11,2023-05-03,USD,RECEIVED
5943,PO-0005943,487,11,2023-06-12,USD,PARTIAL
5944,PO-0005944,461,3,2024-03-22,USD,RECEIVED
5945,PO-0005945,273,9,2025-08-04,USD,CANCELLED
5946,PO-0005946,465,3,2026-09-11,USD,CANCELLED
5947,PO-0005947,312,4,2023-02-20,USD,CANCELLED
5948,PO-0005948,197,9,2026-07-02,USD,RECEIVED
5949,PO-0005949,101,12,2025-10-14,USD,RECEIVED
5950,PO-0005950,51,2,2026-04-20,USD,RECEIVED
5951,PO-0005951,253,5,2023-08-04,USD,RECEIVED
5952,PO-0005952,439,11,2025-02-08,USD,RECEIVED
5953,PO-0005953,109,6,2024-09-24,USD,RECEIVED
5954,PO-0005954,304,3,2025-05-01,USD,RECEIVED
5955,PO-0005955,224,5,2025-05-10,USD,RECEIVED
5956,PO-0005956,57,3,2023-07-22,USD,RECEIVED
5957,PO-0005957,181,7,2023-12-18,USD,RECEIVED
5958,PO-0005958,338,9,2023-05-31,USD,RECEIVED
5959,PO-0005959,371,7,2025-10-03,USD,CANCELLED
5960,PO-0005960,465,3,2023-06-12,USD,RECEIVED
5961,PO-0005961,189,6,2026-04-16,USD,RECEIVED
5962,PO-0005962,283,8,2026-05-30,USD,RECEIVED
5963,PO-0005963,26,2,2024-07-12,USD,CANCELLED
5964,PO-0005964,262,4,2026-09-21,USD,RECEIVED
5965,PO-0005965,467,8,2023-01-16,USD,RECEIVED
5966,PO-0005966,344,9,2023-06-06,USD,RECEIVED
5967,PO-0005967,108,10,2025-07-08,USD,RECEIVED
5968,PO-0005968,192,10,2025-11-28,USD,RECEIVED
5969,PO-0005969,483,12,2025-12-17,USD,CANCELLED
5970,PO-0005970,291,12,2025-03-09,USD,RECEIVED
5971,PO-0005971,381,8,2023-10-28,USD,RECEIVED
5972,PO-0005972,474,7,2025-07-05,USD,RECEIVED
5973,PO-0005973,229,6,2026-01-08,USD,OPEN
5974,PO-0005974,205,2,2023-12-30,USD,RECEIVED
5975,PO-0005975,178,12,2026-05-31,USD,RECEIVED
5976,PO-0005976,118,11,2024-08-15,USD,RECEIVED
5977,PO-0005977,69,6,2024-04-11,USD,RECEIVED
5978,PO-0005978,287,2,2025-10-08,USD,RECEIVED
5979,PO-0005979,14,1,2026-05-24,USD,CANCELLED
5980,PO-0005980,319,6,2023-10-29,USD,RECEIVED
5981,PO-0005981,69,2,2023-06-29,USD,CANCELLED
5982,PO-0005982,86,4,2025-04-04,USD,RECEIVED
5983,PO-0005983,283,1,2025-11-03,USD,CANCELLED
5984,PO-0005984,400,1,2026-04-02,USD,RECEIVED
5985,PO-0005985,189,10,2023-03-11,USD,RECEIVED
5986,PO-0005986,269,4,2026-08-04,USD,RECEIVED
5987,PO-0005987,397,4,2023-11-30,USD,RECEIVED
5988,PO-0005988,99,9,2024-11-23,USD,RECEIVED
5989,PO-0005989,19,4,2024-12-21,USD,RECEIVED
5990,PO-0005990,320,10,2024-05-10,USD,RECEIVED
5991,PO-0005991,442,10,2026-02-13,USD,RECEIVED
5992,PO-0005992,346,6,2024-02-21,USD,RECEIVED
5993,PO-0005993,268,6,2026-05-25,USD,OPEN
5994,PO-0005994,270,12,2023-01-23,USD,RECEIVED
5995,PO-0005995,51,12,2024-07-01,USD,OPEN
5996,PO-0005996,466,10,2024-10-15,USD,RECEIVED
5997,PO-0005997,398,11,2025-05-26,USD,RECEIVED
5998,PO-0005998,35,3,2023-03-14,USD,RECEIVED
5999,PO-0005999,6,7,2024-12-23,USD,RECEIVED
6000,PO-0006000,265,6,2026-08-16,USD,RECEIVED
6001,PO-0006001,197,10,2025-09-17,USD,RECEIVED
6002,PO-0006002,261,10,2026-03-12,USD,RECEIVED
6003,PO-0006003,89,6,2024-09-07,USD,CANCELLED
6004,PO-0006004,446,8,2024-01-31,USD,OPEN
6005,PO-0006005,384,7,2024-01-13,USD,RECEIVED
6006,PO-0006006,76,7,2023-04-06,USD,PARTIAL
6007,PO-0006007,147,6,2025-06-20,USD,RECEIVED
6008,PO-0006008,120,9,2026-09-23,USD,OPEN
6009,PO-0006009,279,2,2024-07-04,USD,RECEIVED
6010,PO-0006010,317,9,2025-07-27,USD,RECEIVED
6011,PO-0006011,222,3,2024-08-22,USD,CANCELLED
6012,PO-0006012,192,12,2025-07-01,USD,RECEIVED
6013,PO-0006013,225,4,2026-06-29,USD,RECEIVED
6014,PO-0006014,278,7,2024-06-23,USD,RECEIVED
6015,PO-0006015,155,6,2023-02-10,USD,RECEIVED
6016,PO-0006016,183,7,2023-12-23,USD,RECEIVED
6017,PO-0006017,159,11,2024-01-07,USD,RECEIVED
6018,PO-0006018,14,12,2023-02-11,USD,RECEIVED
6019,PO-0006019,451,1,2025-07-23,USD,RECEIVED
6020,PO-0006020,47,2,2025-06-26,USD,CANCELLED
6021,PO-0006021,206,4,2025-04-09,USD,RECEIVED
6022,PO-0006022,387,8,2025-09-18,USD,OPEN
6023,PO-0006023,461,2,2025-09-12,USD,RECEIVED
6024,PO-0006024,79,5,2023-03-28,USD,CANCELLED
6025,PO-0006025,379,5,2024-03-22,USD,RECEIVED
6026,PO-0006026,86,2,2023-10-11,USD,RECEIVED
6027,PO-0006027,27,3,2026-01-22,USD,RECEIVED
6028,PO-0006028,415,10,2024-09-08,USD,OPEN
6029,PO-0006029,84,8,2024-02-17,USD,RECEIVED
6030,PO-0006030,212,7,2024-05-04,USD,RECEIVED
6031,PO-0006031,198,10,2023-01-20,USD,RECEIVED
6032,PO-0006032,2,4,2024-01-29,USD,RECEIVED
6033,PO-0006033,60,5,2023-12-28,USD,OPEN
6034,PO-0006034,45,10,2024-11-29,USD,RECEIVED
6035,PO-0006035,75,6,2026-09-28,USD,RECEIVED
6036,PO-0006036,194,2,2025-01-11,USD,OPEN
6037,PO-0006037,265,12,2023-01-15,USD,CANCELLED
6038,PO-0006038,460,7,2024-08-22,USD,RECEIVED
6039,PO-0006039,230,6,2023-04-30,USD,RECEIVED
6040,PO-0006040,13,12,2026-04-27,USD,PARTIAL
6041,PO-0006041,284,11,2023-07-10,USD,CANCELLED
6042,PO-0006042,406,10,2023-01-02,USD,RECEIVED
6043,PO-0006043,410,11,2023-01-20,USD,RECEIVED
6044,PO-0006044,56,9,2026-01-28,USD,OPEN
6045,PO-0006045,124,8,2025-03-28,USD,CANCELLED
6046,PO-0006046,466,12,2025-12-23,USD,CANCELLED
6047,PO-0006047,466,12,2026-08-22,USD,CANCELLED
6048,PO-0006048,99,1,2026-07-17,USD,RECEIVED
6049,PO-0006049,66,6,2025-08-21,USD,RECEIVED
6050,PO-0006050,307,7,2023-04-07,USD,RECEIVED
6051,PO-0006051,74,1,2026-09-14,USD,RECEIVED
6052,PO-0006052,20,1,2024-01-26,USD,RECEIVED
6053,PO-0006053,256,12,2024-10-28,USD,RECEIVED
6054,PO-0006054,409,3,2025-09-28,USD,RECEIVED
6055,PO-0006055,468,11,2025-04-13,USD,PARTIAL
6056,PO-0006056,34,3,2026-08-22,USD,PARTIAL
6057,PO-0006057,459,11,2025-05-03,USD,RECEIVED
6058,PO-0006058,5,9,2024-11-01,USD,RECEIVED
6059,PO-0006059,316,12,2025-11-13,USD,RECEIVED
6060,PO-0006060,38,3,2023-08-31,USD,RECEIVED
6061,PO-0006061,483,9,2026-03-04,USD,RECEIVED
6062,PO-0006062,75,7,2026-04-02,USD,RECEIVED
6063,PO-0006063,374,1,2026-05-19,USD,OPEN
6064,PO-0006064,306,6,2023-08-16,USD,RECEIVED
6065,PO-0006065,180,8,2025-04-01,USD,RECEIVED
6066,PO-0006066,325,4,2025-03-11,USD,RECEIVED
6067,PO-0006067,284,3,2024-12-24,USD,RECEIVED
6068,PO-0006068,109,10,2023-11-24,USD,RECEIVED
6069,PO-0006069,437,1,2023-11-09,USD,RECEIVED
6070,PO-0006070,479,4,2025-08-16,USD,RECEIVED
6071,PO-0006071,286,4,2024-04-16,USD,RECEIVED
6072,PO-0006072,151,12,2024-05-15,USD,RECEIVED
6073,PO-0006073,3,10,2025-11-05,USD,RECEIVED
6074,PO-0006074,300,5,2026-04-26,USD,RECEIVED
6075,PO-0006075,35,12,2023-01-25,USD,CANCELLED
6076,PO-0006076,411,7,2024-09-06,USD,PARTIAL
6077,PO-0006077,245,4,2024-11-28,USD,RECEIVED
6078,PO-0006078,373,7,2023-03-09,USD,RECEIVED
6079,PO-0006079,103,1,2024-04-22,USD,RECEIVED
6080,PO-0006080,459,6,2026-03-21,USD,RECEIVED
6081,PO-0006081,55,5,2025-04-10,USD,RECEIVED
6082,PO-0006082,251,11,2025-08-09,USD,PARTIAL
6083,PO-0006083,481,5,2024-01-11,USD,PARTIAL
6084,PO-0006084,88,3,2024-01-30,USD,RECEIVED
6085,PO-0006085,140,10,2025-08-03,USD,RECEIVED
6086,PO-0006086,378,8,2026-01-02,USD,RECEIVED
6087,PO-0006087,226,10,2026-01-17,USD,RECEIVED
6088,PO-0006088,278,8,2023-08-22,USD,RECEIVED
6089,PO-0006089,126,6,2024-06-14,USD,PARTIAL
6090,PO-0006090,494,11,2025-04-04,USD,RECEIVED
6091,PO-0006091,475,3,2025-09-03,USD,RECEIVED
6092,PO-0006092,31,8,2026-01-16,USD,RECEIVED
6093,PO-0006093,208,4,2023-08-28,USD,PARTIAL
6094,PO-0006094,100,5,2023-07-02,USD,RECEIVED
6095,PO-0006095,472,1,2026-09-05,USD,RECEIVED
6096,PO-0006096,172,10,2023-01-02,USD,OPEN
6097,PO-0006097,428,6,2026-04-11,USD,RECEIVED
6098,PO-0006098,430,1,2026-02-21,USD,OPEN
6099,PO-0006099,339,11,2024-05-20,USD,CANCELLED
6100,PO-0006100,304,1,2024-05-04,USD,RECEIVED
6101,PO-0006101,412,2,2025-10-21,USD,RECEIVED
6102,PO-0006102,437,6,2023-07-17,USD,CANCELLED
6103,PO-0006103,121,11,2025-07-09,USD,RECEIVED
6104,PO-0006104,345,11,2026-01-31,USD,CANCELLED
6105,PO-0006105,154,2,2025-09-23,USD,RECEIVED
6106,PO-0006106,357,11,2024-04-24,USD,RECEIVED
6107,PO-0006107,2,6,2025-11-01,USD,PARTIAL
6108,PO-0006108,263,8,2023-02-12,USD,RECEIVED
6109,PO-0006109,225,6,2025-07-14,USD,CANCELLED
6110,PO-0006110,408,11,2026-02-02,USD,RECEIVED
6111,PO-0006111,389,11,2025-11-02,USD,RECEIVED
6112,PO-0006112,24,10,2023-11-21,USD,RECEIVED
6113,PO-0006113,350,7,2026-01-17,USD,OPEN
6114,PO-0006114,464,10,2026-06-08,USD,RECEIVED
6115,PO-0006115,162,9,2023-04-19,USD,CANCELLED
6116,PO-0006116,442,7,2024-03-24,USD,CANCELLED
6117,PO-0006117,260,9,2023-09-05,USD,RECEIVED
6118,PO-0006118,385,3,2026-08-25,USD,RECEIVED
6119,PO-0006119,338,11,2024-03-27,USD,RECEIVED
6120,PO-0006120,303,12,2024-03-30,USD,RECEIVED
6121,PO-0006121,130,12,2025-05-06,USD,RECEIVED
6122,PO-0006122,30,7,2025-05-23,USD,RECEIVED
6123,PO-0006123,56,3,2023-04-06,USD,RECEIVED
6124,PO-0006124,375,6,2023-07-03,USD,RECEIVED
6125,PO-0006125,257,9,2025-02-27,USD,CANCELLED
6126,PO-0006126,332,10,2026-02-23,USD,RECEIVED
6127,PO-0006127,442,12,2024-12-29,USD,RECEIVED
6128,PO-0006128,198,10,2023-08-15,USD,RECEIVED
6129,PO-0006129,378,10,2023-02-28,USD,RECEIVED
6130,PO-0006130,341,9,2023-10-27,USD,RECEIVED
6131,PO-0006131,206,9,2024-02-12,USD,OPEN
6132,PO-0006132,456,10,2024-06-23,USD,OPEN
6133,PO-0006133,331,5,2025-08-25,USD,RECEIVED
6134,PO-0006134,413,8,2025-02-03,USD,RECEIVED
6135,PO-0006135,194,6,2025-09-07,USD,CANCELLED
6136,PO-0006136,202,5,2025-08-06,USD,RECEIVED
6137,PO-0006137,371,2,2024-11-18,USD,RECEIVED
6138,PO-0006138,198,9,2023-07-25,USD,RECEIVED
6139,PO-0006139,125,7,2026-07-20,USD,RECEIVED
6140,PO-0006140,285,7,2023-04-29,USD,CANCELLED
6141,PO-0006141,3,8,2026-07-17,USD,CANCELLED
6142,PO-0006142,61,10,2023-03-12,USD,RECEIVED
6143,PO-0006143,339,9,2023-02-04,USD,RECEIVED
6144,PO-0006144,267,6,2023-12-20,USD,RECEIVED
6145,PO-0006145,90,3,2025-02-14,USD,CANCELLED
6146,PO-0006146,221,9,2026-04-16,USD,RECEIVED
6147,PO-0006147,224,1,2024-10-26,USD,RECEIVED
6148,PO-0006148,192,11,2024-10-25,USD,RECEIVED
6149,PO-0006149,164,11,2025-05-09,USD,RECEIVED
6150,PO-0006150,210,6,2026-09-22,USD,RECEIVED
6151,PO-0006151,343,6,2023-01-23,USD,CANCELLED
6152,PO-0006152,98,8,2025-02-04,USD,RECEIVED
6153,PO-0006153,415,5,2025-03-14,USD,RECEIVED
6154,PO-0006154,351,2,2023-03-05,USD,CANCELLED
6155,PO-0006155,185,5,2026-05-15,USD,OPEN
6156,PO-0006156,84,6,2023-05-16,USD,PARTIAL
6157,PO-0006157,174,5,2025-05-20,USD,RECEIVED
6158,PO-0006158,78,4,2024-05-31,USD,RECEIVED
6159,PO-0006159,118,11,2023-12-12,USD,RECEIVED
6160,PO-0006160,99,1,2026-04-30,USD,RECEIVED
6161,PO-0006161,387,7,2023-09-19,USD,RECEIVED
6162,PO-0006162,466,4,2023-11-06,USD,RECEIVED
6163,PO-0006163,116,5,2024-01-27,USD,RECEIVED
6164,PO-0006164,401,6,2026-03-10,USD,RECEIVED
6165,PO-0006165,105,11,2026-09-08,USD,RECEIVED
6166,PO-0006166,23,5,2025-12-13,USD,RECEIVED
6167,PO-0006167,496,11,2026-02-23,USD,CANCELLED
6168,PO-0006168,466,5,2025-06-12,USD,PARTIAL
6169,PO-0006169,472,6,2023-12-21,USD,RECEIVED
6170,PO-0006170,270,1,2024-09-21,USD,OPEN
6171,PO-0006171,350,4,2025-01-23,USD,RECEIVED
6172,PO-0006172,300,3,2025-12-20,USD,RECEIVED
6173,PO-0006173,190,11,2023-09-13,USD,RECEIVED
6174,PO-0006174,452,12,2023-03-06,USD,RECEIVED
6175,PO-0006175,394,5,2026-01-08,USD,RECEIVED
6176,PO-0006176,379,1,2024-08-28,USD,PARTIAL
6177,PO-0006177,131,7,2024-09-22,USD,RECEIVED
6178,PO-0006178,8,5,2026-04-04,USD,OPEN
6179,PO-0006179,354,7,2026-07-29,USD,RECEIVED
6180,PO-0006180,63,3,2024-09-23,USD,RECEIVED
6181,PO-0006181,434,5,2026-06-08,USD,OPEN
6182,PO-0006182,343,6,2024-03-02,USD,RECEIVED
6183,PO-0006183,61,1,2025-03-06,USD,PARTIAL
6184,PO-0006184,253,10,2024-06-10,USD,RECEIVED
6185,PO-0006185,51,9,2024-04-22,USD,RECEIVED
6186,PO-0006186,3,7,2025-07-28,USD,PARTIAL
6187,PO-0006187,462,3,2025-01-20,USD,PARTIAL
6188,PO-0006188,404,2,2024-05-29,USD,RECEIVED
6189,PO-0006189,107,11,2024-10-28,USD,RECEIVED
6190,PO-0006190,343,11,2023-08-15,USD,OPEN
6191,PO-0006191,255,10,2026-09-15,USD,CANCELLED
6192,PO-0006192,443,4,2024-07-20,USD,RECEIVED
6193,PO-0006193,406,9,2026-07-27,USD,RECEIVED
6194,PO-0006194,153,10,2026-05-16,USD,OPEN
6195,PO-0006195,187,11,2023-08-24,USD,RECEIVED
6196,PO-0006196,195,12,2026-08-26,USD,OPEN
6197,PO-0006197,162,2,2026-04-22,USD,OPEN
6198,PO-0006198,348,12,2025-01-08,USD,RECEIVED
6199,PO-0006199,242,7,2026-02-09,USD,RECEIVED
6200,PO-0006200,16,7,2025-05-17,USD,RECEIVED
6201,PO-0006201,432,6,2025-08-08,USD,RECEIVED
6202,PO-0006202,179,4,2023-07-29,USD,RECEIVED
6203,PO-0006203,288,10,2024-02-05,USD,RECEIVED
6204,PO-0006204,193,8,2024-10-28,USD,RECEIVED
6205,PO-0006205,179,6,2025-02-16,USD,RECEIVED
6206,PO-0006206,147,12,2025-08-30,USD,RECEIVED
6207,PO-0006207,267,12,2025-07-11,USD,RECEIVED
6208,PO-0006208,333,11,2026-09-05,USD,RECEIVED
6209,PO-0006209,405,7,2025-08-19,USD,PARTIAL
6210,PO-0006210,433,10,2023-08-05,USD,RECEIVED
6211,PO-0006211,276,3,2026-02-06,USD,RECEIVED
6212,PO-0006212,351,2,2026-04-12,USD,RECEIVED
6213,PO-0006213,168,3,2023-09-22,USD,RECEIVED
6214,PO-0006214,292,1,2026-03-22,USD,OPEN
6215,PO-0006215,467,10,2025-12-29,USD,RECEIVED
6216,PO-0006216,50,7,2023-12-27,USD,RECEIVED
6217,PO-0006217,44,4,2023-03-14,USD,PARTIAL
6218,PO-0006218,381,11,2025-05-04,USD,RECEIVED
6219,PO-0006219,260,7,2023-10-20,USD,CANCELLED
6220,PO-0006220,60,12,2024-03-04,USD,RECEIVED
6221,PO-0006221,37,10,2023-11-22,USD,RECEIVED
6222,PO-0006222,193,8,2024-08-05,USD,RECEIVED
6223,PO-0006223,34,2,2024-04-23,USD,RECEIVED
6224,PO-0006224,411,2,2025-10-17,USD,RECEIVED
6225,PO-0006225,192,12,2025-08-23,USD,RECEIVED
6226,PO-0006226,463,4,2024-08-08,USD,RECEIVED
6227,PO-0006227,379,11,2026-07-14,USD,OPEN
6228,PO-0006228,84,1,2026-05-30,USD,RECEIVED
6229,PO-0006229,335,12,2026-08-03,USD,OPEN
6230,PO-0006230,436,10,2024-11-21,USD,RECEIVED
6231,PO-0006231,225,10,2025-07-11,USD,RECEIVED
6232,PO-0006232,61,7,2023-06-19,USD,RECEIVED
6233,PO-0006233,144,1,2023-11-11,USD,RECEIVED
6234,PO-0006234,83,10,2025-02-15,USD,RECEIVED
6235,PO-0006235,123,8,2025-08-09,USD,PARTIAL
6236,PO-0006236,406,6,2025-10-06,USD,RECEIVED
6237,PO-0006237,126,2,2023-06-04,USD,RECEIVED
6238,PO-0006238,273,4,2024-11-25,USD,PARTIAL
6239,PO-0006239,460,12,2026-07-16,USD,RECEIVED
6240,PO-0006240,44,11,2025-05-01,USD,RECEIVED
6241,PO-0006241,120,7,2025-12-23,USD,RECEIVED
6242,PO-0006242,54,8,2024-09-28,USD,RECEIVED
6243,PO-0006243,95,6,2023-01-25,USD,RECEIVED
6244,PO-0006244,126,2,2023-02-08,USD,PARTIAL
6245,PO-0006245,185,11,2026-04-25,USD,PARTIAL
6246,PO-0006246,230,6,2023-06-24,USD,RECEIVED
6247,PO-0006247,196,1,2025-06-10,USD,RECEIVED
6248,PO-0006248,82,5,2023-02-12,USD,RECEIVED
6249,PO-0006249,124,7,2026-06-01,USD,RECEIVED
6250,PO-0006250,144,3,2024-09-16,USD,CANCELLED
6251,PO-0006251,254,1,2025-06-04,USD,OPEN
6252,PO-0006252,233,9,2025-07-08,USD,RECEIVED
6253,PO-0006253,302,3,2023-09-13,USD,CANCELLED
6254,PO-0006254,305,5,2024-09-19,USD,RECEIVED
6255,PO-0006255,485,9,2023-07-20,USD,OPEN
6256,PO-0006256,293,5,2024-08-06,USD,RECEIVED
6257,PO-0006257,263,11,2024-08-15,USD,RECEIVED
6258,PO-0006258,211,11,2025-11-16,USD,RECEIVED
6259,PO-0006259,350,10,2023-09-30,USD,RECEIVED
6260,PO-0006260,232,5,2023-05-13,USD,RECEIVED
6261,PO-0006261,120,11,2025-10-28,USD,PARTIAL
6262,PO-0006262,21,12,2024-09-26,USD,RECEIVED
6263,PO-0006263,38,3,2024-08-01,USD,RECEIVED
6264,PO-0006264,373,7,2024-08-29,USD,OPEN
6265,PO-0006265,302,1,2026-04-28,USD,RECEIVED
6266,PO-0006266,174,7,2023-03-22,USD,PARTIAL
6267,PO-0006267,439,10,2025-06-07,USD,PARTIAL
6268,PO-0006268,35,4,2024-11-30,USD,RECEIVED
6269,PO-0006269,95,5,2023-02-16,USD,RECEIVED
6270,PO-0006270,346,9,2026-07-18,USD,CANCELLED
6271,PO-0006271,2,12,2024-03-01,USD,RECEIVED
6272,PO-0006272,61,11,2026-04-18,USD,RECEIVED
6273,PO-0006273,53,10,2023-03-06,USD,RECEIVED
6274,PO-0006274,289,1,2025-08-01,USD,PARTIAL
6275,PO-0006275,139,2,2023-12-05,USD,CANCELLED
6276,PO-0006276,252,8,2023-12-30,USD,RECEIVED
6277,PO-0006277,13,1,2026-09-24,USD,RECEIVED
6278,PO-0006278,347,2,2023-09-14,USD,RECEIVED
6279,PO-0006279,249,9,2024-08-12,USD,RECEIVED
6280,PO-0006280,495,1,2025-07-15,USD,RECEIVED
6281,PO-0006281,390,6,2024-06-26,USD,PARTIAL
6282,PO-0006282,373,11,2025-05-15,USD,OPEN
6283,PO-0006283,454,5,2023-09-17,USD,CANCELLED
6284,PO-0006284,498,8,2024-04-18,USD,OPEN
6285,PO-0006285,498,5,2025-08-17,USD,RECEIVED
6286,PO-0006286,438,5,2025-01-08,USD,RECEIVED
6287,PO-0006287,96,11,2026-09-20,USD,RECEIVED
6288,PO-0006288,406,7,2024-10-31,USD,OPEN
6289,PO-0006289,213,3,2023-10-16,USD,RECEIVED
6290,PO-0006290,241,6,2026-03-19,USD,RECEIVED
6291,PO-0006291,143,1,2025-04-21,USD,RECEIVED
6292,PO-0006292,8,2,2024-04-04,USD,CANCELLED
6293,PO-0006293,168,11,2023-03-21,USD,PARTIAL
6294,PO-0006294,166,4,2023-03-16,USD,RECEIVED
6295,PO-0006295,87,5,2023-11-01,USD,CANCELLED
6296,PO-0006296,138,11,2024-03-29,USD,RECEIVED
6297,PO-0006297,246,4,2024-07-06,USD,RECEIVED
6298,PO-0006298,71,4,2025-11-04,USD,RECEIVED
6299,PO-0006299,491,7,2023-04-02,USD,RECEIVED
6300,PO-0006300,38,12,2024-09-06,USD,RECEIVED
6301,PO-0006301,371,5,2025-09-27,USD,RECEIVED
6302,PO-0006302,117,1,2023-01-29,USD,RECEIVED
6303,PO-0006303,180,12,2025-03-11,USD,RECEIVED
6304,PO-0006304,293,12,2025-03-17,USD,RECEIVED
6305,PO-0006305,483,11,2025-12-08,USD,PARTIAL
6306,PO-0006306,284,1,2025-11-19,USD,CANCELLED
6307,PO-0006307,251,1,2023-10-01,USD,RECEIVED
6308,PO-0006308,31,12,2025-07-08,USD,RECEIVED
6309,PO-0006309,2,7,2026-07-23,USD,RECEIVED
6310,PO-0006310,380,8,2026-04-28,USD,OPEN
6311,PO-0006311,384,8,2025-01-13,USD,RECEIVED
6312,PO-0006312,15,5,2023-06-13,USD,CANCELLED
6313,PO-0006313,105,7,2024-07-22,USD,PARTIAL
6314,PO-0006314,373,4,2023-08-26,USD,RECEIVED
6315,PO-0006315,142,4,2024-09-13,USD,RECEIVED
6316,PO-0006316,284,4,2024-11-27,USD,RECEIVED
6317,PO-0006317,147,2,2024-05-08,USD,RECEIVED
6318,PO-0006318,492,2,2025-08-21,USD,RECEIVED
6319,PO-0006319,376,7,2025-12-12,USD,RECEIVED
6320,PO-0006320,18,11,2024-01-14,USD,RECEIVED
6321,PO-0006321,11,1,2024-05-11,USD,RECEIVED
6322,PO-0006322,378,10,2025-09-26,USD,OPEN
6323,PO-0006323,320,11,2025-04-02,USD,RECEIVED
6324,PO-0006324,286,9,2024-02-02,USD,PARTIAL
6325,PO-0006325,221,8,2023-01-21,USD,OPEN
6326,PO-0006326,6,12,2024-08-31,USD,PARTIAL
6327,PO-0006327,51,5,2024-11-25,USD,RECEIVED
6328,PO-0006328,411,11,2025-12-03,USD,RECEIVED
6329,PO-0006329,10,9,2025-01-21,USD,RECEIVED
6330,PO-0006330,461,1,2026-03-17,USD,RECEIVED
6331,PO-0006331,87,3,2025-04-11,USD,RECEIVED
6332,PO-0006332,442,7,2025-02-07,USD,RECEIVED
6333,PO-0006333,446,3,2026-03-01,USD,RECEIVED
6334,PO-0006334,243,5,2023-08-24,USD,RECEIVED
6335,PO-0006335,456,11,2023-07-14,USD,RECEIVED
6336,PO-0006336,80,1,2024-03-20,USD,RECEIVED
6337,PO-0006337,444,9,2023-07-31,USD,PARTIAL
6338,PO-0006338,224,10,2023-11-26,USD,RECEIVED
6339,PO-0006339,286,7,2025-04-10,USD,RECEIVED
6340,PO-0006340,89,8,2025-06-10,USD,RECEIVED
6341,PO-0006341,195,11,2024-12-12,USD,RECEIVED
6342,PO-0006342,416,1,2023-08-21,USD,PARTIAL
6343,PO-0006343,77,9,2024-07-16,USD,RECEIVED
6344,PO-0006344,479,5,2025-11-22,USD,RECEIVED
6345,PO-0006345,481,4,2024-10-20,USD,RECEIVED
6346,PO-0006346,9,9,2023-06-17,USD,RECEIVED
6347,PO-0006347,404,7,2025-12-26,USD,RECEIVED
6348,PO-0006348,156,7,2026-01-13,USD,RECEIVED
6349,PO-0006349,360,7,2026-06-26,USD,RECEIVED
6350,PO-0006350,132,10,2026-01-09,USD,RECEIVED
6351,PO-0006351,221,2,2025-11-18,USD,RECEIVED
6352,PO-0006352,393,6,2023-11-01,USD,RECEIVED
6353,PO-0006353,109,5,2025-12-24,USD,RECEIVED
6354,PO-0006354,386,3,2023-10-21,USD,RECEIVED
6355,PO-0006355,120,8,2023-03-10,USD,RECEIVED
6356,PO-0006356,346,7,2025-02-22,USD,PARTIAL
6357,PO-0006357,262,7,2023-08-08,USD,RECEIVED
6358,PO-0006358,97,10,2025-01-09,USD,PARTIAL
6359,PO-0006359,82,7,2025-07-31,USD,RECEIVED
6360,PO-0006360,311,10,2025-09-17,USD,RECEIVED
6361,PO-0006361,424,6,2024-04-19,USD,RECEIVED
6362,PO-0006362,392,8,2024-11-05,USD,RECEIVED
6363,PO-0006363,161,8,2025-03-25,USD,CANCELLED
6364,PO-0006364,495,4,2025-09-22,USD,RECEIVED
6365,PO-0006365,40,2,2023-07-11,USD,RECEIVED
6366,PO-0006366,208,4,2024-06-01,USD,RECEIVED
6367,PO-0006367,50,5,2023-11-18,USD,PARTIAL
6368,PO-0006368,367,5,2025-07-02,USD,RECEIVED
6369,PO-0006369,93,5,2024-03-29,USD,RECEIVED
6370,PO-0006370,9,12,2026-02-26,USD,RECEIVED
6371,PO-0006371,362,7,2023-11-08,USD,RECEIVED
6372,PO-0006372,433,12,2025-04-14,USD,RECEIVED
6373,PO-0006373,482,11,2025-12-22,USD,OPEN
6374,PO-0006374,51,5,2025-11-14,USD,RECEIVED
6375,PO-0006375,398,9,2023-04-16,USD,CANCELLED
6376,PO-0006376,223,11,2023-01-14,USD,RECEIVED
6377,PO-0006377,243,11,2024-03-04,USD,PARTIAL
6378,PO-0006378,411,5,2025-02-23,USD,RECEIVED
6379,PO-0006379,245,10,2025-04-01,USD,CANCELLED
6380,PO-0006380,459,4,2026-03-27,USD,RECEIVED
6381,PO-0006381,439,4,2026-08-16,USD,RECEIVED
6382,PO-0006382,96,6,2024-07-27,USD,RECEIVED
6383,PO-0006383,404,1,2023-01-13,USD,OPEN
6384,PO-0006384,413,11,2025-10-29,USD,RECEIVED
6385,PO-0006385,478,11,2025-06-29,USD,RECEIVED
6386,PO-0006386,204,6,2024-04-27,USD,OPEN
6387,PO-0006387,52,6,2023-07-25,USD,RECEIVED
6388,PO-0006388,101,12,2026-05-16,USD,OPEN
6389,PO-0006389,157,5,2025-03-13,USD,CANCELLED
6390,PO-0006390,467,7,2024-05-06,USD,OPEN
6391,PO-0006391,293,11,2023-12-19,USD,RECEIVED
6392,PO-0006392,326,5,2026-04-25,USD,RECEIVED
6393,PO-0006393,203,1,2023-01-20,USD,RECEIVED
6394,PO-0006394,310,1,2023-03-15,USD,RECEIVED
6395,PO-0006395,48,1,2026-02-04,USD,RECEIVED
6396,PO-0006396,494,4,2025-01-18,USD,PARTIAL
6397,PO-0006397,164,10,2024-09-22,USD,RECEIVED
6398,PO-0006398,101,8,2026-01-03,USD,RECEIVED
6399,PO-0006399,13,3,2026-06-14,USD,RECEIVED
6400,PO-0006400,462,7,2026-08-08,USD,RECEIVED
6401,PO-0006401,81,8,2024-03-31,USD,RECEIVED
6402,PO-0006402,71,8,2023-06-17,USD,RECEIVED
6403,PO-0006403,93,10,2024-02-14,USD,RECEIVED
6404,PO-0006404,40,2,2025-11-26,USD,RECEIVED
6405,PO-0006405,231,10,2025-09-13,USD,RECEIVED
6406,PO-0006406,77,9,2024-11-21,USD,RECEIVED
6407,PO-0006407,102,3,2025-12-20,USD,PARTIAL
6408,PO-0006408,234,9,2025-03-19,USD,CANCELLED
6409,PO-0006409,120,8,2025-01-07,USD,RECEIVED
6410,PO-0006410,420,3,2026-04-13,USD,OPEN
6411,PO-0006411,468,2,2025-06-08,USD,RECEIVED
6412,PO-0006412,491,12,2026-09-04,USD,RECEIVED
6413,PO-0006413,138,10,2025-07-12,USD,OPEN
6414,PO-0006414,124,9,2025-03-31,USD,RECEIVED
6415,PO-0006415,273,5,2024-10-01,USD,RECEIVED
6416,PO-0006416,380,7,2026-09-28,USD,RECEIVED
6417,PO-0006417,351,2,2023-12-20,USD,RECEIVED
6418,PO-0006418,195,7,2026-03-07,USD,OPEN
6419,PO-0006419,293,9,2024-10-14,USD,RECEIVED
6420,PO-0006420,39,3,2026-02-07,USD,CANCELLED
6421,PO-0006421,392,4,2023-06-16,USD,RECEIVED
6422,PO-0006422,216,3,2025-11-19,USD,RECEIVED
6423,PO-0006423,50,12,2025-09-03,USD,CANCELLED
6424,PO-0006424,464,6,2026-04-26,USD,RECEIVED
6425,PO-0006425,127,4,2025-08-30,USD,RECEIVED
6426,PO-0006426,491,11,2026-06-15,USD,CANCELLED
6427,PO-0006427,128,5,2024-01-31,USD,RECEIVED
6428,PO-0006428,294,10,2025-01-11,USD,OPEN
6429,PO-0006429,374,12,2024-07-02,USD,PARTIAL
6430,PO-0006430,12,12,2024-06-26,USD,CANCELLED
6431,PO-0006431,484,3,2025-05-10,USD,OPEN
6432,PO-0006432,98,7,2026-08-15,USD,RECEIVED
6433,PO-0006433,23,2,2026-07-07,USD,PARTIAL
6434,PO-0006434,211,8,2024-09-22,USD,RECEIVED
6435,PO-0006435,72,4,2026-05-08,USD,RECEIVED
6436,PO-0006436,464,4,2023-07-10,USD,OPEN
6437,PO-0006437,368,2,2026-07-14,USD,OPEN
6438,PO-0006438,197,2,2024-11-30,USD,CANCELLED
6439,PO-0006439,106,4,2023-12-30,USD,RECEIVED
6440,PO-0006440,372,7,2026-04-21,USD,RECEIVED
6441,PO-0006441,101,8,2025-08-24,USD,CANCELLED
6442,PO-0006442,235,7,2025-01-02,USD,PARTIAL
6443,PO-0006443,469,3,2025-06-10,USD,RECEIVED
6444,PO-0006444,277,10,2025-04-04,USD,RECEIVED
6445,PO-0006445,152,7,2026-05-03,USD,PARTIAL
6446,PO-0006446,58,8,2024-11-30,USD,RECEIVED
6447,PO-0006447,17,6,2025-03-13,USD,RECEIVED
6448,PO-0006448,353,2,2023-03-01,USD,RECEIVED
6449,PO-0006449,17,4,2025-03-11,USD,RECEIVED
6450,PO-0006450,342,12,2025-10-29,USD,RECEIVED
6451,PO-0006451,460,12,2023-02-20,USD,RECEIVED
6452,PO-0006452,396,5,2024-05-19,USD,RECEIVED
6453,PO-0006453,362,10,2024-05-05,USD,RECEIVED
6454,PO-0006454,121,10,2026-06-11,USD,RECEIVED
6455,PO-0006455,199,7,2024-09-25,USD,OPEN
6456,PO-0006456,111,10,2026-03-11,USD,RECEIVED
6457,PO-0006457,232,10,2025-11-24,USD,RECEIVED
6458,PO-0006458,332,3,2025-04-21,USD,RECEIVED
6459,PO-0006459,119,8,2024-09-25,USD,RECEIVED
6460,PO-0006460,36,10,2023-10-10,USD,RECEIVED
6461,PO-0006461,367,9,2025-01-02,USD,RECEIVED
6462,PO-0006462,236,9,2023-01-24,USD,PARTIAL
6463,PO-0006463,311,4,2023-10-18,USD,RECEIVED
6464,PO-0006464,333,10,2023-03-13,USD,RECEIVED
6465,PO-0006465,397,5,2024-05-12,USD,PARTIAL
6466,PO-0006466,361,9,2025-06-09,USD,RECEIVED
6467,PO-0006467,5,10,2025-10-29,USD,CANCELLED
6468,PO-0006468,61,1,2024-02-29,USD,CANCELLED
6469,PO-0006469,280,5,2026-07-22,USD,RECEIVED
6470,PO-0006470,206,8,2024-12-27,USD,OPEN
6471,PO-0006471,221,10,2025-06-06,USD,PARTIAL
6472,PO-0006472,58,12,2024-03-16,USD,CANCELLED
6473,PO-0006473,449,7,2026-08-06,USD,RECEIVED
6474,PO-0006474,72,10,2024-06-16,USD,PARTIAL
6475,PO-0006475,492,8,2023-03-18,USD,RECEIVED
6476,PO-0006476,444,12,2026-02-13,USD,PARTIAL
6477,PO-0006477,290,5,2023-03-29,USD,RECEIVED
6478,PO-0006478,2,4,2025-06-29,USD,RECEIVED
6479,PO-0006479,442,3,2025-07-10,USD,RECEIVED
6480,PO-0006480,317,2,2025-02-21,USD,RECEIVED
6481,PO-0006481,495,11,2025-11-13,USD,RECEIVED
6482,PO-0006482,326,7,2023-03-10,USD,RECEIVED
6483,PO-0006483,211,5,2025-11-17,USD,CANCELLED
6484,PO-0006484,169,3,2026-07-22,USD,RECEIVED
6485,PO-0006485,116,2,2025-03-29,USD,OPEN
6486,PO-0006486,203,4,2023-07-10,USD,RECEIVED
6487,PO-0006487,459,2,2023-09-17,USD,CANCELLED
6488,PO-0006488,418,8,2023-09-22,USD,CANCELLED
6489,PO-0006489,36,3,2026-07-21,USD,RECEIVED
6490,PO-0006490,145,4,2026-09-20,USD,PARTIAL
6491,PO-0006491,397,10,2024-04-05,USD,OPEN
6492,PO-0006492,361,1,2025-03-28,USD,RECEIVED
6493,PO-0006493,19,5,2024-09-22,USD,RECEIVED
6494,PO-0006494,336,12,2025-06-29,USD,CANCELLED
6495,PO-0006495,76,8,2025-08-25,USD,RECEIVED
6496,PO-0006496,87,12,2023-10-02,USD,RECEIVED
6497,PO-0006497,158,4,2026-01-21,USD,CANCELLED
6498,PO-0006498,216,4,2024-09-20,USD,OPEN
6499,PO-0006499,337,5,2024-12-28,USD,PARTIAL
6500,PO-0006500,104,4,2024-10-04,USD,RECEIVED
6501,PO-0006501,125,2,2025-05-28,USD,RECEIVED
6502,PO-0006502,248,8,2026-08-22,USD,RECEIVED
6503,PO-0006503,499,8,2026-03-26,USD,RECEIVED
6504,PO-0006504,377,8,2023-12-05,USD,RECEIVED
6505,PO-0006505,464,12,2025-12-05,USD,RECEIVED
6506,PO-0006506,200,11,2023-05-27,USD,RECEIVED
6507,PO-0006507,356,6,2024-08-08,USD,RECEIVED
6508,PO-0006508,374,1,2023-06-15,USD,OPEN
6509,PO-0006509,136,6,2025-08-22,USD,RECEIVED
6510,PO-0006510,264,9,2026-03-29,USD,RECEIVED
6511,PO-0006511,24,11,2025-08-20,USD,RECEIVED
6512,PO-0006512,68,8,2025-09-16,USD,PARTIAL
6513,PO-0006513,59,11,2026-04-17,USD,RECEIVED
6514,PO-0006514,318,1,2023-04-19,USD,RECEIVED
6515,PO-0006515,487,8,2024-03-25,USD,RECEIVED
6516,PO-0006516,332,1,2023-02-15,USD,RECEIVED
6517,PO-0006517,413,4,2024-11-26,USD,RECEIVED
6518,PO-0006518,431,4,2024-01-26,USD,RECEIVED
6519,PO-0006519,374,2,2023-07-02,USD,RECEIVED
6520,PO-0006520,409,10,2023-03-01,USD,RECEIVED
6521,PO-0006521,59,12,2023-01-12,USD,RECEIVED
6522,PO-0006522,481,3,2025-12-22,USD,RECEIVED
6523,PO-0006523,108,4,2026-04-07,USD,RECEIVED
6524,PO-0006524,217,9,2024-11-28,USD,OPEN
6525,PO-0006525,291,9,2024-02-12,USD,RECEIVED
6526,PO-0006526,13,8,2025-07-16,USD,RECEIVED
6527,PO-0006527,454,11,2026-01-24,USD,RECEIVED
6528,PO-0006528,111,10,2024-04-28,USD,RECEIVED
6529,PO-0006529,386,7,2024-01-02,USD,RECEIVED
6530,PO-0006530,457,2,2024-11-16,USD,RECEIVED
6531,PO-0006531,19,1,2025-06-01,USD,OPEN
6532,PO-0006532,84,4,2025-05-25,USD,RECEIVED
6533,PO-0006533,1,4,2026-02-26,USD,RECEIVED
6534,PO-0006534,367,5,2025-10-12,USD,OPEN
6535,PO-0006535,153,10,2024-06-12,USD,RECEIVED
6536,PO-0006536,285,9,2023-06-11,USD,RECEIVED
6537,PO-0006537,207,4,2025-06-05,USD,RECEIVED
6538,PO-0006538,216,11,2025-10-31,USD,CANCELLED
6539,PO-0006539,234,1,2023-08-04,USD,RECEIVED
6540,PO-0006540,76,10,2023-10-15,USD,PARTIAL
6541,PO-0006541,151,6,2023-01-11,USD,RECEIVED
6542,PO-0006542,351,6,2026-06-15,USD,RECEIVED
6543,PO-0006543,312,1,2024-05-30,USD,RECEIVED
6544,PO-0006544,171,9,2025-11-13,USD,RECEIVED
6545,PO-0006545,337,11,2026-01-04,USD,RECEIVED
6546,PO-0006546,105,11,2025-05-27,USD,RECEIVED
6547,PO-0006547,199,4,2024-06-25,USD,RECEIVED
6548,PO-0006548,460,4,2023-10-28,USD,RECEIVED
6549,PO-0006549,363,9,2026-07-15,USD,RECEIVED
6550,PO-0006550,214,10,2025-03-13,USD,RECEIVED
6551,PO-0006551,264,8,2024-07-21,USD,CANCELLED
6552,PO-0006552,10,5,2026-05-12,USD,RECEIVED
6553,PO-0006553,426,7,2023-03-20,USD,RECEIVED
6554,PO-0006554,33,11,2023-03-28,USD,RECEIVED
6555,PO-0006555,399,10,2024-06-26,USD,OPEN
6556,PO-0006556,149,4,2024-03-27,USD,RECEIVED
6557,PO-0006557,151,11,2025-04-18,USD,RECEIVED
6558,PO-0006558,35,2,2024-07-04,USD,RECEIVED
6559,PO-0006559,378,1,2023-05-10,USD,RECEIVED
6560,PO-0006560,283,4,2026-08-25,USD,OPEN
6561,PO-0006561,367,9,2023-08-11,USD,RECEIVED
6562,PO-0006562,165,11,2025-06-30,USD,RECEIVED
6563,PO-0006563,200,2,2025-11-28,USD,RECEIVED
6564,PO-0006564,64,5,2023-10-24,USD,RECEIVED
6565,PO-0006565,237,9,2023-06-17,USD,PARTIAL
6566,PO-0006566,102,1,2026-09-29,USD,RECEIVED
6567,PO-0006567,455,10,2024-11-20,USD,RECEIVED
6568,PO-0006568,67,1,2023-08-24,USD,RECEIVED
6569,PO-0006569,94,2,2024-05-11,USD,PARTIAL
6570,PO-0006570,3,3,2023-12-24,USD,RECEIVED
6571,PO-0006571,239,3,2024-12-12,USD,RECEIVED
6572,PO-0006572,475,3,2024-02-01,USD,RECEIVED
6573,PO-0006573,434,10,2024-01-24,USD,RECEIVED
6574,PO-0006574,385,11,2025-01-18,USD,RECEIVED
6575,PO-0006575,124,3,2026-01-19,USD,RECEIVED
6576,PO-0006576,65,4,2025-11-23,USD,CANCELLED
6577,PO-0006577,47,9,2026-07-07,USD,RECEIVED
6578,PO-0006578,410,6,2023-02-09,USD,RECEIVED
6579,PO-0006579,89,10,2024-10-25,USD,RECEIVED
6580,PO-0006580,202,2,2024-02-26,USD,RECEIVED
6581,PO-0006581,130,8,2024-10-20,USD,RECEIVED
6582,PO-0006582,257,9,2023-04-05,USD,RECEIVED
6583,PO-0006583,456,4,2025-05-13,USD,RECEIVED
6584,PO-0006584,217,8,2026-04-14,USD,RECEIVED
6585,PO-0006585,123,9,2026-05-11,USD,RECEIVED
6586,PO-0006586,241,12,2025-03-24,USD,RECEIVED
6587,PO-0006587,442,4,2023-08-20,USD,OPEN
6588,PO-0006588,353,3,2025-09-26,USD,RECEIVED
6589,PO-0006589,288,7,2025-05-05,USD,RECEIVED
6590,PO-0006590,312,9,2023-01-15,USD,PARTIAL
6591,PO-0006591,176,6,2026-09-11,USD,RECEIVED
6592,PO-0006592,4,2,2026-06-08,USD,RECEIVED
6593,PO-0006593,236,1,2026-08-02,USD,RECEIVED
6594,PO-0006594,50,7,2024-07-12,USD,RECEIVED
6595,PO-0006595,210,2,2023-10-08,USD,RECEIVED
6596,PO-0006596,160,10,2025-12-15,USD,OPEN
6597,PO-0006597,358,9,2023-06-02,USD,RECEIVED
6598,PO-0006598,321,8,2024-03-19,USD,RECEIVED
6599,PO-0006599,404,10,2024-02-16,USD,CANCELLED
6600,PO-0006600,277,3,2024-09-02,USD,CANCELLED
6601,PO-0006601,140,8,2025-09-04,USD,CANCELLED
6602,PO-0006602,472,9,2023-08-03,USD,PARTIAL
6603,PO-0006603,147,8,2026-01-06,USD,RECEIVED
6604,PO-0006604,245,12,2026-06-08,USD,CANCELLED
6605,PO-0006605,332,11,2024-09-21,USD,RECEIVED
6606,PO-0006606,398,7,2025-11-17,USD,CANCELLED
6607,PO-0006607,95,2,2025-07-08,USD,OPEN
6608,PO-0006608,13,10,2023-06-26,USD,CANCELLED
6609,PO-0006609,386,8,2025-11-28,USD,RECEIVED
6610,PO-0006610,294,7,2025-05-07,USD,RECEIVED
6611,PO-0006611,209,6,2023-11-16,USD,OPEN
6612,PO-0006612,134,7,2024-04-11,USD,PARTIAL
6613,PO-0006613,314,1,2025-08-23,USD,RECEIVED
6614,PO-0006614,298,11,2025-12-26,USD,RECEIVED
6615,PO-0006615,33,11,2025-01-10,USD,RECEIVED
6616,PO-0006616,1,2,2023-02-21,USD,RECEIVED
6617,PO-0006617,139,12,2023-07-19,USD,CANCELLED
6618,PO-0006618,443,5,2025-12-05,USD,RECEIVED
6619,PO-0006619,63,1,2023-05-14,USD,RECEIVED
6620,PO-0006620,183,11,2025-05-16,USD,RECEIVED
6621,PO-0006621,251,12,2026-06-11,USD,RECEIVED
6622,PO-0006622,190,4,2024-12-04,USD,RECEIVED
6623,PO-0006623,418,2,2024-03-25,USD,CANCELLED
6624,PO-0006624,348,9,2025-07-24,USD,RECEIVED
6625,PO-0006625,494,5,2026-05-16,USD,RECEIVED
6626,PO-0006626,234,4,2026-04-25,USD,RECEIVED
6627,PO-0006627,429,12,2024-09-20,USD,CANCELLED
6628,PO-0006628,319,4,2024-12-02,USD,RECEIVED
6629,PO-0006629,281,4,2025-01-14,USD,RECEIVED
6630,PO-0006630,197,5,2026-02-18,USD,RECEIVED
6631,PO-0006631,30,7,2025-12-27,USD,RECEIVED
6632,PO-0006632,307,7,2025-01-09,USD,RECEIVED
6633,PO-0006633,404,2,2024-02-04,USD,CANCELLED
6634,PO-0006634,141,5,2023-02-09,USD,RECEIVED
6635,PO-0006635,462,4,2025-02-01,USD,RECEIVED
6636,PO-0006636,121,6,2024-05-30,USD,CANCELLED
6637,PO-0006637,366,5,2025-01-27,USD,RECEIVED
6638,PO-0006638,129,5,2024-10-11,USD,CANCELLED
6639,PO-0006639,4,9,2023-02-07,USD,RECEIVED
6640,PO-0006640,379,10,2023-06-03,USD,RECEIVED
6641,PO-0006641,375,10,2023-04-05,USD,RECEIVED
6642,PO-0006642,60,5,2023-06-10,USD,RECEIVED
6643,PO-0006643,261,6,2024-07-16,USD,RECEIVED
6644,PO-0006644,35,5,2025-10-11,USD,RECEIVED
6645,PO-0006645,180,3,2025-02-08,USD,RECEIVED
6646,PO-0006646,305,11,2025-07-24,USD,PARTIAL
6647,PO-0006647,312,3,2025-11-13,USD,RECEIVED
6648,PO-0006648,189,2,2024-01-22,USD,RECEIVED
6649,PO-0006649,360,12,2025-05-08,USD,OPEN
6650,PO-0006650,27,7,2023-02-08,USD,RECEIVED
6651,PO-0006651,440,12,2023-12-25,USD,OPEN
6652,PO-0006652,495,5,2024-09-01,USD,RECEIVED
6653,PO-0006653,174,2,2026-04-24,USD,RECEIVED
6654,PO-0006654,202,1,2024-08-03,USD,RECEIVED
6655,PO-0006655,290,8,2024-03-01,USD,RECEIVED
6656,PO-0006656,184,2,2025-09-05,USD,CANCELLED
6657,PO-0006657,44,9,2026-04-15,USD,RECEIVED
6658,PO-0006658,484,10,2023-04-18,USD,RECEIVED
6659,PO-0006659,428,12,2023-11-26,USD,RECEIVED
6660,PO-0006660,263,5,2024-11-15,USD,RECEIVED
6661,PO-0006661,422,10,2023-12-15,USD,PARTIAL
6662,PO-0006662,139,1,2024-05-19,USD,RECEIVED
6663,PO-0006663,237,6,2024-05-08,USD,RECEIVED
6664,PO-0006664,302,4,2023-11-17,USD,PARTIAL
6665,PO-0006665,152,8,2025-01-22,USD,RECEIVED
6666,PO-0006666,299,3,2023-12-23,USD,RECEIVED
6667,PO-0006667,267,7,2024-12-20,USD,RECEIVED
6668,PO-0006668,458,1,2026-09-24,USD,RECEIVED
6669,PO-0006669,457,2,2024-05-10,USD,RECEIVED
6670,PO-0006670,144,11,2024-01-01,USD,RECEIVED
6671,PO-0006671,246,12,2024-03-15,USD,RECEIVED
6672,PO-0006672,430,7,2026-07-12,USD,RECEIVED
6673,PO-0006673,63,4,2026-03-29,USD,RECEIVED
6674,PO-0006674,46,8,2023-11-19,USD,RECEIVED
6675,PO-0006675,494,6,2023-09-26,USD,RECEIVED
6676,PO-0006676,394,1,2025-06-24,USD,RECEIVED
6677,PO-0006677,294,7,2024-12-24,USD,RECEIVED
6678,PO-0006678,146,6,2026-08-18,USD,RECEIVED
6679,PO-0006679,54,6,2024-05-23,USD,PARTIAL
6680,PO-0006680,167,12,2024-05-10,USD,RECEIVED
6681,PO-0006681,358,6,2024-09-10,USD,PARTIAL
6682,PO-0006682,226,3,2026-05-23,USD,PARTIAL
6683,PO-0006683,65,1,2025-06-22,USD,RECEIVED
6684,PO-0006684,169,5,2026-07-30,USD,RECEIVED
6685,PO-0006685,365,2,2024-05-24,USD,RECEIVED
6686,PO-0006686,4,8,2026-08-20,USD,RECEIVED
6687,PO-0006687,369,3,2023-02-17,USD,CANCELLED
6688,PO-0006688,322,12,2025-04-09,USD,RECEIVED
6689,PO-0006689,409,6,2024-03-20,USD,OPEN
6690,PO-0006690,273,10,2023-05-07,USD,OPEN
6691,PO-0006691,121,2,2026-06-17,USD,RECEIVED
6692,PO-0006692,277,11,2024-02-15,USD,RECEIVED
6693,PO-0006693,97,3,2023-04-13,USD,RECEIVED
6694,PO-0006694,391,3,2026-04-27,USD,RECEIVED
6695,PO-0006695,238,1,2026-09-03,USD,RECEIVED
6696,PO-0006696,55,10,2025-08-20,USD,PARTIAL
6697,PO-0006697,309,5,2023-09-14,USD,OPEN
6698,PO-0006698,322,5,2023-09-17,USD,RECEIVED
6699,PO-0006699,408,12,2023-06-12,USD,CANCELLED
6700,PO-0006700,215,1,2026-05-09,USD,PARTIAL
6701,PO-0006701,71,9,2026-05-12,USD,RECEIVED
6702,PO-0006702,157,6,2025-05-07,USD,PARTIAL
6703,PO-0006703,224,11,2024-05-29,USD,RECEIVED
6704,PO-0006704,248,2,2025-07-11,USD,RECEIVED
6705,PO-0006705,120,3,2024-05-31,USD,RECEIVED
6706,PO-0006706,183,8,2026-05-21,USD,OPEN
6707,PO-0006707,57,11,2024-11-28,USD,RECEIVED
6708,PO-0006708,455,1,2025-12-13,USD,CANCELLED
6709,PO-0006709,263,4,2024-03-03,USD,RECEIVED
6710,PO-0006710,165,7,2024-12-16,USD,RECEIVED
6711,PO-0006711,465,1,2023-04-30,USD,PARTIAL
6712,PO-0006712,475,6,2023-02-25,USD,RECEIVED
6713,PO-0006713,484,6,2024-11-06,USD,RECEIVED
6714,PO-0006714,151,11,2024-02-07,USD,RECEIVED
6715,PO-0006715,359,7,2025-07-17,USD,CANCELLED
6716,PO-0006716,69,12,2024-04-10,USD,OPEN
6717,PO-0006717,416,9,2023-10-21,USD,RECEIVED
6718,PO-0006718,282,11,2025-01-23,USD,CANCELLED
6719,PO-0006719,289,8,2025-08-20,USD,RECEIVED
6720,PO-0006720,83,1,2023-10-03,USD,RECEIVED
6721,PO-0006721,419,2,2025-02-09,USD,RECEIVED
6722,PO-0006722,477,11,2023-10-30,USD,CANCELLED
6723,PO-0006723,140,11,2025-11-19,USD,RECEIVED
6724,PO-0006724,136,7,2024-12-16,USD,RECEIVED
6725,PO-0006725,384,2,2023-02-05,USD,RECEIVED
6726,PO-0006726,410,6,2026-04-03,USD,RECEIVED
6727,PO-0006727,40,3,2024-06-07,USD,OPEN
6728,PO-0006728,466,6,2025-08-11,USD,RECEIVED
6729,PO-0006729,53,2,2025-05-30,USD,RECEIVED
6730,PO-0006730,419,5,2023-08-10,USD,RECEIVED
6731,PO-0006731,451,7,2023-11-10,USD,RECEIVED
6732,PO-0006732,172,6,2025-03-04,USD,RECEIVED
6733,PO-0006733,80,9,2023-09-02,USD,CANCELLED
6734,PO-0006734,105,6,2026-01-27,USD,OPEN
6735,PO-0006735,101,10,2023-07-29,USD,RECEIVED
6736,PO-0006736,53,3,2026-09-23,USD,RECEIVED
6737,PO-0006737,262,10,2025-07-17,USD,RECEIVED
6738,PO-0006738,190,5,2025-03-11,USD,RECEIVED
6739,PO-0006739,352,11,2026-01-07,USD,RECEIVED
6740,PO-0006740,346,1,2024-02-19,USD,RECEIVED
6741,PO-0006741,52,9,2024-09-05,USD,RECEIVED
6742,PO-0006742,114,12,2024-07-19,USD,RECEIVED
6743,PO-0006743,58,9,2023-07-09,USD,RECEIVED
6744,PO-0006744,448,2,2024-12-09,USD,OPEN
6745,PO-0006745,78,10,2025-03-12,USD,RECEIVED
6746,PO-0006746,83,7,2023-06-16,USD,PARTIAL
6747,PO-0006747,381,6,2026-09-23,USD,RECEIVED
6748,PO-0006748,98,4,2023-05-12,USD,RECEIVED
6749,PO-0006749,183,7,2024-04-30,USD,RECEIVED
6750,PO-0006750,468,1,2026-08-16,USD,CANCELLED
6751,PO-0006751,205,11,2026-03-08,USD,OPEN
6752,PO-0006752,270,1,2026-01-10,USD,RECEIVED
6753,PO-0006753,124,5,2023-12-23,USD,RECEIVED
6754,PO-0006754,397,10,2024-09-25,USD,OPEN
6755,PO-0006755,185,4,2023-06-15,USD,RECEIVED
6756,PO-0006756,489,8,2023-01-19,USD,RECEIVED
6757,PO-0006757,294,12,2025-07-28,USD,RECEIVED
6758,PO-0006758,412,9,2024-11-30,USD,PARTIAL
6759,PO-0006759,123,9,2025-10-05,USD,RECEIVED
6760,PO-0006760,32,5,2024-06-14,USD,RECEIVED
6761,PO-0006761,165,5,2025-02-03,USD,RECEIVED
6762,PO-0006762,206,5,2023-07-20,USD,RECEIVED
6763,PO-0006763,388,6,2025-08-06,USD,RECEIVED
6764,PO-0006764,348,2,2025-05-29,USD,RECEIVED
6765,PO-0006765,163,5,2026-08-06,USD,RECEIVED
6766,PO-0006766,287,1,2023-06-07,USD,CANCELLED
6767,PO-0006767,50,10,2024-07-04,USD,RECEIVED
6768,PO-0006768,238,10,2026-05-22,USD,RECEIVED
6769,PO-0006769,86,7,2023-09-08,USD,RECEIVED
6770,PO-0006770,350,12,2024-05-27,USD,RECEIVED
6771,PO-0006771,495,9,2023-06-04,USD,RECEIVED
6772,PO-0006772,273,8,2024-10-09,USD,CANCELLED
6773,PO-0006773,314,5,2024-07-29,USD,RECEIVED
6774,PO-0006774,239,6,2026-04-10,USD,RECEIVED
6775,PO-0006775,318,3,2025-10-15,USD,RECEIVED
6776,PO-0006776,457,4,2024-01-30,USD,OPEN
6777,PO-0006777,498,8,2025-10-10,USD,RECEIVED
6778,PO-0006778,450,8,2025-08-30,USD,RECEIVED
6779,PO-0006779,412,4,2023-09-28,USD,RECEIVED
6780,PO-0006780,497,8,2024-02-24,USD,RECEIVED
6781,PO-0006781,108,6,2025-11-09,USD,RECEIVED
6782,PO-0006782,102,4,2024-01-06,USD,RECEIVED
6783,PO-0006783,101,8,2023-10-01,USD,OPEN
6784,PO-0006784,390,8,2024-04-25,USD,OPEN
6785,PO-0006785,120,8,2025-06-20,USD,RECEIVED
6786,PO-0006786,358,9,2023-09-19,USD,CANCELLED
6787,PO-0006787,375,2,2024-03-08,USD,CANCELLED
6788,PO-0006788,428,8,2023-01-19,USD,PARTIAL
6789,PO-0006789,218,2,2024-09-17,USD,OPEN
6790,PO-0006790,289,5,2024-06-11,USD,RECEIVED
6791,PO-0006791,355,11,2026-09-18,USD,RECEIVED
6792,PO-0006792,334,1,2025-03-28,USD,CANCELLED
6793,PO-0006793,451,8,2025-07-27,USD,RECEIVED
6794,PO-0006794,443,2,2024-03-04,USD,RECEIVED
6795,PO-0006795,333,10,2023-06-13,USD,RECEIVED
6796,PO-0006796,481,2,2024-07-10,USD,RECEIVED
6797,PO-0006797,477,1,2024-01-21,USD,PARTIAL
6798,PO-0006798,177,10,2026-01-18,USD,RECEIVED
6799,PO-0006799,156,3,2025-11-04,USD,RECEIVED
6800,PO-0006800,482,6,2023-02-17,USD,CANCELLED
6801,PO-0006801,1,3,2025-08-15,USD,RECEIVED
6802,PO-0006802,234,7,2025-02-21,USD,OPEN
6803,PO-0006803,263,7,2024-10-22,USD,RECEIVED
6804,PO-0006804,124,7,2023-09-14,USD,RECEIVED
6805,PO-0006805,18,2,2026-07-17,USD,RECEIVED
6806,PO-0006806,337,8,2025-05-20,USD,RECEIVED
6807,PO-0006807,250,7,2025-01-02,USD,OPEN
6808,PO-0006808,485,5,2024-05-29,USD,OPEN
6809,PO-0006809,110,11,2024-06-18,USD,RECEIVED
6810,PO-0006810,358,1,2024-04-06,USD,RECEIVED
6811,PO-0006811,131,2,2024-06-14,USD,RECEIVED
6812,PO-0006812,223,7,2023-03-26,USD,RECEIVED
6813,PO-0006813,79,9,2025-02-07,USD,RECEIVED
6814,PO-0006814,196,8,2026-03-05,USD,OPEN
6815,PO-0006815,454,3,2024-07-01,USD,RECEIVED
6816,PO-0006816,89,3,2026-08-03,USD,RECEIVED
6817,PO-0006817,229,1,2026-02-14,USD,PARTIAL
6818,PO-0006818,39,1,2024-07-06,USD,RECEIVED
6819,PO-0006819,500,10,2023-06-28,USD,CANCELLED
6820,PO-0006820,251,2,2025-08-05,USD,RECEIVED
6821,PO-0006821,103,6,2025-10-11,USD,RECEIVED
6822,PO-0006822,290,2,2025-02-08,USD,RECEIVED
6823,PO-0006823,163,8,2024-03-16,USD,RECEIVED
6824,PO-0006824,216,6,2026-09-03,USD,RECEIVED
6825,PO-0006825,297,12,2026-08-15,USD,RECEIVED
6826,PO-0006826,55,9,2023-03-22,USD,RECEIVED
6827,PO-0006827,256,11,2025-04-20,USD,CANCELLED
6828,PO-0006828,193,2,2023-06-02,USD,PARTIAL
6829,PO-0006829,315,12,2024-11-21,USD,RECEIVED
6830,PO-0006830,380,3,2025-03-27,USD,CANCELLED
6831,PO-0006831,257,8,2026-09-24,USD,RECEIVED
6832,PO-0006832,304,8,2023-01-15,USD,CANCELLED
6833,PO-0006833,407,12,2024-08-28,USD,RECEIVED
6834,PO-0006834,3,9,2023-03-25,USD,RECEIVED
6835,PO-0006835,351,8,2026-01-06,USD,RECEIVED
6836,PO-0006836,168,5,2025-03-29,USD,RECEIVED
6837,PO-0006837,453,1,2023-10-19,USD,RECEIVED
6838,PO-0006838,106,4,2026-04-12,USD,RECEIVED
6839,PO-0006839,149,12,2026-02-24,USD,RECEIVED
6840,PO-0006840,151,2,2024-11-08,USD,RECEIVED
6841,PO-0006841,157,5,2025-11-22,USD,RECEIVED
6842,PO-0006842,319,12,2024-05-20,USD,CANCELLED
6843,PO-0006843,140,3,2024-10-07,USD,RECEIVED
6844,PO-0006844,431,5,2024-08-30,USD,RECEIVED
6845,PO-0006845,234,5,2023-05-03,USD,RECEIVED
6846,PO-0006846,352,6,2024-06-01,USD,RECEIVED
6847,PO-0006847,212,5,2023-12-31,USD,RECEIVED
6848,PO-0006848,98,11,2025-11-26,USD,RECEIVED
6849,PO-0006849,207,5,2025-05-15,USD,RECEIVED
6850,PO-0006850,214,11,2024-08-13,USD,RECEIVED
6851,PO-0006851,218,8,2026-05-22,USD,RECEIVED
6852,PO-0006852,189,10,2026-07-21,USD,RECEIVED
6853,PO-0006853,453,10,2024-09-04,USD,RECEIVED
6854,PO-0006854,216,9,2025-12-02,USD,OPEN
6855,PO-0006855,343,8,2026-05-22,USD,RECEIVED
6856,PO-0006856,162,12,2025-05-11,USD,RECEIVED
6857,PO-0006857,432,9,2025-11-24,USD,RECEIVED
6858,PO-0006858,315,12,2025-04-07,USD,OPEN
6859,PO-0006859,144,9,2026-02-04,USD,RECEIVED
6860,PO-0006860,308,2,2023-08-04,USD,PARTIAL
6861,PO-0006861,256,12,2023-07-28,USD,RECEIVED
6862,PO-0006862,348,8,2024-09-06,USD,RECEIVED
6863,PO-0006863,463,3,2025-09-08,USD,PARTIAL
6864,PO-0006864,219,6,2023-07-29,USD,RECEIVED
6865,PO-0006865,473,5,2025-05-03,USD,RECEIVED
6866,PO-0006866,303,12,2023-05-16,USD,CANCELLED
6867,PO-0006867,127,6,2026-08-06,USD,RECEIVED
6868,PO-0006868,23,1,2025-05-18,USD,RECEIVED
6869,PO-0006869,353,1,2026-07-28,USD,RECEIVED
6870,PO-0006870,249,5,2023-05-13,USD,RECEIVED
6871,PO-0006871,73,6,2025-10-24,USD,RECEIVED
6872,PO-0006872,137,2,2025-02-26,USD,RECEIVED
6873,PO-0006873,317,3,2025-01-04,USD,RECEIVED
6874,PO-0006874,437,3,2024-04-20,USD,CANCELLED
6875,PO-0006875,216,12,2026-01-26,USD,RECEIVED
6876,PO-0006876,54,11,2026-04-21,USD,RECEIVED
6877,PO-0006877,181,7,2025-08-06,USD,RECEIVED
6878,PO-0006878,113,2,2026-09-15,USD,RECEIVED
6879,PO-0006879,417,10,2026-06-12,USD,RECEIVED
6880,PO-0006880,243,4,2025-09-11,USD,RECEIVED
6881,PO-0006881,239,12,2026-05-11,USD,RECEIVED
6882,PO-0006882,374,10,2025-09-28,USD,RECEIVED
6883,PO-0006883,421,12,2024-11-18,USD,RECEIVED
6884,PO-0006884,295,4,2026-02-27,USD,RECEIVED
6885,PO-0006885,14,6,2024-04-21,USD,CANCELLED
6886,PO-0006886,413,5,2023-10-04,USD,RECEIVED
6887,PO-0006887,389,12,2024-04-18,USD,RECEIVED
6888,PO-0006888,398,5,2025-07-01,USD,RECEIVED
6889,PO-0006889,284,6,2024-01-11,USD,RECEIVED
6890,PO-0006890,42,6,2026-03-22,USD,RECEIVED
6891,PO-0006891,44,8,2026-07-10,USD,PARTIAL
6892,PO-0006892,477,5,2024-07-08,USD,RECEIVED
6893,PO-0006893,65,1,2024-04-16,USD,PARTIAL
6894,PO-0006894,355,11,2023-04-04,USD,RECEIVED
6895,PO-0006895,414,5,2025-08-14,USD,PARTIAL
6896,PO-0006896,65,1,2026-05-03,USD,PARTIAL
6897,PO-0006897,96,8,2024-01-02,USD,CANCELLED
6898,PO-0006898,183,10,2024-06-12,USD,RECEIVED
6899,PO-0006899,40,12,2026-08-10,USD,PARTIAL
6900,PO-0006900,436,10,2023-05-31,USD,RECEIVED
6901,PO-0006901,189,9,2023-05-19,USD,RECEIVED
6902,PO-0006902,300,10,2024-08-03,USD,RECEIVED
6903,PO-0006903,53,6,2023-04-16,USD,CANCELLED
6904,PO-0006904,355,12,2025-10-01,USD,CANCELLED
6905,PO-0006905,16,12,2026-05-14,USD,PARTIAL
6906,PO-0006906,85,1,2023-05-10,USD,PARTIAL
6907,PO-0006907,413,7,2024-10-12,USD,RECEIVED
6908,PO-0006908,27,11,2023-10-02,USD,PARTIAL
6909,PO-0006909,422,2,2025-03-18,USD,CANCELLED
6910,PO-0006910,198,11,2024-10-05,USD,OPEN
6911,PO-0006911,137,8,2026-08-08,USD,RECEIVED
6912,PO-0006912,180,7,2023-05-21,USD,RECEIVED
6913,PO-0006913,493,11,2024-11-05,USD,CANCELLED
6914,PO-0006914,35,9,2025-07-26,USD,CANCELLED
6915,PO-0006915,378,7,2025-03-02,USD,RECEIVED
6916,PO-0006916,235,7,2024-06-03,USD,PARTIAL
6917,PO-0006917,127,10,2025-02-21,USD,CANCELLED
6918,PO-0006918,476,1,2024-12-25,USD,RECEIVED
6919,PO-0006919,143,11,2025-02-04,USD,RECEIVED
6920,PO-0006920,164,2,2024-08-01,USD,RECEIVED
6921,PO-0006921,230,9,2023-05-30,USD,RECEIVED
6922,PO-0006922,152,3,2024-12-01,USD,RECEIVED
6923,PO-0006923,189,2,2024-09-20,USD,RECEIVED
6924,PO-0006924,400,5,2025-03-14,USD,RECEIVED
6925,PO-0006925,232,9,2024-02-23,USD,RECEIVED
6926,PO-0006926,404,12,2025-11-04,USD,RECEIVED
6927,PO-0006927,321,4,2026-09-23,USD,RECEIVED
6928,PO-0006928,10,7,2024-06-24,USD,RECEIVED
6929,PO-0006929,87,11,2023-01-20,USD,OPEN
6930,PO-0006930,495,10,2024-04-27,USD,RECEIVED
6931,PO-0006931,266,12,2023-02-04,USD,RECEIVED
6932,PO-0006932,119,6,2025-05-06,USD,RECEIVED
6933,PO-0006933,204,12,2025-08-15,USD,RECEIVED
6934,PO-0006934,344,12,2025-05-27,USD,RECEIVED
6935,PO-0006935,274,2,2025-09-17,USD,RECEIVED
6936,PO-0006936,81,2,2026-03-10,USD,RECEIVED
6937,PO-0006937,462,6,2026-05-11,USD,RECEIVED
6938,PO-0006938,313,10,2023-12-12,USD,RECEIVED
6939,PO-0006939,341,11,2024-11-15,USD,RECEIVED
6940,PO-0006940,326,1,2024-07-15,USD,OPEN
6941,PO-0006941,282,9,2025-11-24,USD,RECEIVED
6942,PO-0006942,477,11,2024-04-26,USD,OPEN
6943,PO-0006943,189,10,2023-11-21,USD,RECEIVED
6944,PO-0006944,114,10,2024-04-02,USD,OPEN
6945,PO-0006945,377,11,2023-10-30,USD,RECEIVED
6946,PO-0006946,295,2,2023-04-07,USD,PARTIAL
6947,PO-0006947,120,1,2025-02-02,USD,RECEIVED
6948,PO-0006948,219,5,2026-04-21,USD,CANCELLED
6949,PO-0006949,179,10,2023-06-11,USD,RECEIVED
6950,PO-0006950,442,12,2025-01-16,USD,RECEIVED
6951,PO-0006951,347,10,2023-06-04,USD,RECEIVED
6952,PO-0006952,42,1,2025-02-28,USD,OPEN
6953,PO-0006953,118,8,2026-08-17,USD,CANCELLED
6954,PO-0006954,121,1,2026-09-29,USD,CANCELLED
6955,PO-0006955,35,8,2025-02-24,USD,OPEN
6956,PO-0006956,375,9,2024-04-01,USD,RECEIVED
6957,PO-0006957,391,2,2023-12-14,USD,CANCELLED
6958,PO-0006958,148,12,2024-07-27,USD,RECEIVED
6959,PO-0006959,483,12,2023-04-10,USD,RECEIVED
6960,PO-0006960,119,12,2026-03-04,USD,RECEIVED
6961,PO-0006961,93,11,2026-09-02,USD,RECEIVED
6962,PO-0006962,104,10,2025-01-16,USD,PARTIAL
6963,PO-0006963,367,9,2026-03-23,USD,RECEIVED
6964,PO-0006964,337,3,2023-09-08,USD,OPEN
6965,PO-0006965,130,11,2025-04-14,USD,RECEIVED
6966,PO-0006966,286,4,2023-12-18,USD,PARTIAL
6967,PO-0006967,151,7,2023-01-12,USD,RECEIVED
6968,PO-0006968,419,8,2023-06-20,USD,RECEIVED
6969,PO-0006969,405,2,2026-09-18,USD,OPEN
6970,PO-0006970,412,5,2025-05-11,USD,RECEIVED
6971,PO-0006971,427,3,2024-08-28,USD,PARTIAL
6972,PO-0006972,184,9,2023-10-09,USD,PARTIAL
6973,PO-0006973,110,2,2026-05-10,USD,RECEIVED
6974,PO-0006974,231,11,2023-02-13,USD,OPEN
6975,PO-0006975,64,3,2024-02-19,USD,RECEIVED
6976,PO-0006976,98,9,2024-08-03,USD,RECEIVED
6977,PO-0006977,395,4,2026-04-05,USD,OPEN
6978,PO-0006978,112,1,2026-03-09,USD,RECEIVED
6979,PO-0006979,227,3,2023-07-23,USD,RECEIVED
6980,PO-0006980,473,5,2026-06-21,USD,OPEN
6981,PO-0006981,138,8,2026-04-02,USD,RECEIVED
6982,PO-0006982,61,6,2023-04-06,USD,RECEIVED
6983,PO-0006983,158,6,2025-06-13,USD,PARTIAL
6984,PO-0006984,57,3,2024-07-14,USD,PARTIAL
6985,PO-0006985,461,9,2023-11-24,USD,RECEIVED
6986,PO-0006986,231,2,2023-05-06,USD,RECEIVED
6987,PO-0006987,113,9,2023-04-28,USD,RECEIVED
6988,PO-0006988,354,1,2024-03-25,USD,PARTIAL
6989,PO-0006989,41,4,2026-08-23,USD,PARTIAL
6990,PO-0006990,201,5,2024-08-25,USD,PARTIAL
6991,PO-0006991,473,11,2025-10-09,USD,CANCELLED
6992,PO-0006992,70,8,2023-03-17,USD,RECEIVED
6993,PO-0006993,278,1,2023-06-12,USD,RECEIVED
6994,PO-0006994,24,12,2025-02-27,USD,RECEIVED
6995,PO-0006995,144,7,2023-08-14,USD,CANCELLED
6996,PO-0006996,498,8,2023-12-19,USD,RECEIVED
6997,PO-0006997,323,5,2023-07-18,USD,RECEIVED
6998,PO-0006998,237,1,2026-08-02,USD,RECEIVED
6999,PO-0006999,277,4,2025-02-20,USD,CANCELLED
7000,PO-0007000,133,7,2025-03-09,USD,RECEIVED
7001,PO-0007001,381,1,2023-06-23,USD,OPEN
7002,PO-0007002,463,3,2026-03-08,USD,RECEIVED
7003,PO-0007003,128,2,2025-12-16,USD,CANCELLED
7004,PO-0007004,480,11,2025-06-17,USD,RECEIVED
7005,PO-0007005,165,8,2024-03-13,USD,RECEIVED
7006,PO-0007006,167,11,2024-12-10,USD,RECEIVED
7007,PO-0007007,170,5,2024-10-11,USD,RECEIVED
7008,PO-0007008,410,9,2023-11-24,USD,RECEIVED
7009,PO-0007009,112,3,2023-08-15,USD,RECEIVED
7010,PO-0007010,173,8,2024-03-21,USD,RECEIVED
7011,PO-0007011,31,6,2026-03-12,USD,RECEIVED
7012,PO-0007012,79,12,2026-08-29,USD,OPEN
7013,PO-0007013,157,12,2025-02-18,USD,RECEIVED
7014,PO-0007014,268,7,2023-09-10,USD,OPEN
7015,PO-0007015,136,4,2025-09-08,USD,RECEIVED
7016,PO-0007016,418,1,2026-05-27,USD,RECEIVED
7017,PO-0007017,191,7,2024-07-09,USD,CANCELLED
7018,PO-0007018,371,5,2023-09-25,USD,RECEIVED
7019,PO-0007019,401,9,2024-03-07,USD,RECEIVED
7020,PO-0007020,292,5,2025-02-23,USD,RECEIVED
7021,PO-0007021,496,10,2026-06-13,USD,OPEN
7022,PO-0007022,225,6,2026-07-18,USD,RECEIVED
7023,PO-0007023,98,2,2024-11-28,USD,RECEIVED
7024,PO-0007024,411,9,2025-05-24,USD,RECEIVED
7025,PO-0007025,120,12,2023-04-21,USD,CANCELLED
7026,PO-0007026,225,12,2024-05-17,USD,RECEIVED
7027,PO-0007027,401,10,2025-02-04,USD,RECEIVED
7028,PO-0007028,390,8,2025-05-21,USD,RECEIVED
7029,PO-0007029,364,6,2025-08-16,USD,PARTIAL
7030,PO-0007030,8,2,2023-02-20,USD,RECEIVED
7031,PO-0007031,400,8,2024-08-03,USD,RECEIVED
7032,PO-0007032,468,1,2023-11-25,USD,PARTIAL
7033,PO-0007033,219,1,2023-05-06,USD,RECEIVED
7034,PO-0007034,395,9,2024-07-26,USD,RECEIVED
7035,PO-0007035,352,8,2024-06-04,USD,OPEN
7036,PO-0007036,185,7,2025-09-30,USD,RECEIVED
7037,PO-0007037,407,8,2023-11-25,USD,OPEN
7038,PO-0007038,489,4,2023-07-24,USD,OPEN
7039,PO-0007039,318,8,2024-03-17,USD,RECEIVED
7040,PO-0007040,467,7,2026-04-11,USD,RECEIVED
7041,PO-0007041,460,10,2026-04-07,USD,RECEIVED
7042,PO-0007042,118,8,2026-01-24,USD,RECEIVED
7043,PO-0007043,56,12,2026-01-22,USD,CANCELLED
7044,PO-0007044,156,6,2024-08-26,USD,PARTIAL
7045,PO-0007045,66,1,2025-07-26,USD,RECEIVED
7046,PO-0007046,450,8,2024-06-23,USD,RECEIVED
7047,PO-0007047,266,11,2024-06-21,USD,RECEIVED
7048,PO-0007048,200,4,2025-11-09,USD,CANCELLED
7049,PO-0007049,283,5,2024-10-09,USD,RECEIVED
7050,PO-0007050,326,4,2024-05-19,USD,RECEIVED
7051,PO-0007051,425,2,2025-12-31,USD,RECEIVED
7052,PO-0007052,208,4,2025-03-21,USD,CANCELLED
7053,PO-0007053,83,7,2024-06-29,USD,RECEIVED
7054,PO-0007054,261,11,2024-12-11,USD,RECEIVED
7055,PO-0007055,466,9,2023-01-28,USD,RECEIVED
7056,PO-0007056,249,11,2025-06-19,USD,RECEIVED
7057,PO-0007057,139,6,2024-10-24,USD,RECEIVED
7058,PO-0007058,460,9,2024-11-13,USD,RECEIVED
7059,PO-0007059,248,3,2024-11-05,USD,OPEN
7060,PO-0007060,478,5,2023-05-16,USD,RECEIVED
7061,PO-0007061,142,4,2025-11-27,USD,RECEIVED
7062,PO-0007062,85,6,2023-08-23,USD,RECEIVED
7063,PO-0007063,442,4,2023-01-13,USD,PARTIAL
7064,PO-0007064,341,8,2024-05-04,USD,RECEIVED
7065,PO-0007065,253,10,2026-08-13,USD,CANCELLED
7066,PO-0007066,417,11,2024-01-24,USD,RECEIVED
7067,PO-0007067,21,9,2026-09-11,USD,PARTIAL
7068,PO-0007068,142,12,2026-03-09,USD,PARTIAL
7069,PO-0007069,475,5,2024-09-03,USD,RECEIVED
7070,PO-0007070,138,12,2023-03-25,USD,RECEIVED
7071,PO-0007071,433,9,2025-03-11,USD,RECEIVED
7072,PO-0007072,276,7,2026-07-05,USD,RECEIVED
7073,PO-0007073,465,8,2023-04-25,USD,CANCELLED
7074,PO-0007074,81,11,2026-06-14,USD,RECEIVED
7075,PO-0007075,72,6,2026-06-15,USD,RECEIVED
7076,PO-0007076,198,7,2025-09-24,USD,PARTIAL
7077,PO-0007077,443,4,2024-04-12,USD,RECEIVED
7078,PO-0007078,164,10,2024-10-15,USD,RECEIVED
7079,PO-0007079,390,8,2024-10-19,USD,RECEIVED
7080,PO-0007080,288,10,2025-07-04,USD,RECEIVED
7081,PO-0007081,351,2,2024-09-22,USD,CANCELLED
7082,PO-0007082,295,2,2025-07-16,USD,RECEIVED
7083,PO-0007083,443,3,2024-02-26,USD,OPEN
7084,PO-0007084,351,7,2026-08-14,USD,RECEIVED
7085,PO-0007085,286,3,2023-06-08,USD,RECEIVED
7086,PO-0007086,234,9,2024-06-02,USD,RECEIVED
7087,PO-0007087,493,7,2024-11-30,USD,RECEIVED
7088,PO-0007088,104,10,2024-10-04,USD,PARTIAL
7089,PO-0007089,460,1,2024-01-21,USD,RECEIVED
7090,PO-0007090,413,6,2026-08-28,USD,RECEIVED
7091,PO-0007091,324,2,2025-03-29,USD,RECEIVED
7092,PO-0007092,173,10,2026-01-18,USD,RECEIVED
7093,PO-0007093,79,10,2025-12-17,USD,CANCELLED
7094,PO-0007094,99,2,2026-07-11,USD,RECEIVED
7095,PO-0007095,238,7,2026-02-17,USD,RECEIVED
7096,PO-0007096,161,4,2025-03-02,USD,RECEIVED
7097,PO-0007097,395,2,2023-09-30,USD,CANCELLED
7098,PO-0007098,241,11,2025-05-24,USD,CANCELLED
7099,PO-0007099,408,8,2023-12-18,USD,PARTIAL
7100,PO-0007100,367,7,2023-06-25,USD,RECEIVED
7101,PO-0007101,452,6,2023-01-26,USD,RECEIVED
7102,PO-0007102,205,1,2023-04-22,USD,OPEN
7103,PO-0007103,226,6,2023-02-23,USD,RECEIVED
7104,PO-0007104,244,3,2025-05-05,USD,RECEIVED
7105,PO-0007105,168,5,2025-01-17,USD,OPEN
7106,PO-0007106,65,10,2026-04-07,USD,RECEIVED
7107,PO-0007107,69,4,2026-01-06,USD,RECEIVED
7108,PO-0007108,324,4,2023-05-12,USD,PARTIAL
7109,PO-0007109,249,1,2024-12-06,USD,RECEIVED
7110,PO-0007110,302,4,2023-05-18,USD,OPEN
7111,PO-0007111,33,5,2025-03-06,USD,RECEIVED
7112,PO-0007112,424,4,2026-03-08,USD,RECEIVED
7113,PO-0007113,169,5,2024-07-28,USD,PARTIAL
7114,PO-0007114,212,8,2023-08-27,USD,CANCELLED
7115,PO-0007115,417,3,2023-11-19,USD,RECEIVED
7116,PO-0007116,434,12,2023-09-05,USD,RECEIVED
7117,PO-0007117,188,6,2023-10-05,USD,RECEIVED
7118,PO-0007118,402,4,2025-09-13,USD,CANCELLED
7119,PO-0007119,119,2,2026-02-01,USD,RECEIVED
7120,PO-0007120,89,4,2024-11-14,USD,RECEIVED
7121,PO-0007121,248,1,2023-09-03,USD,RECEIVED
7122,PO-0007122,354,10,2026-07-17,USD,RECEIVED
7123,PO-0007123,366,6,2023-12-25,USD,CANCELLED
7124,PO-0007124,326,5,2026-09-11,USD,RECEIVED
7125,PO-0007125,435,1,2024-11-01,USD,RECEIVED
7126,PO-0007126,273,9,2023-02-24,USD,RECEIVED
7127,PO-0007127,123,12,2024-10-14,USD,RECEIVED
7128,PO-0007128,149,8,2023-02-03,USD,PARTIAL
7129,PO-0007129,116,6,2023-12-22,USD,RECEIVED
7130,PO-0007130,220,4,2024-11-03,USD,RECEIVED
7131,PO-0007131,252,5,2024-04-02,USD,RECEIVED
7132,PO-0007132,22,9,2026-05-10,USD,OPEN
7133,PO-0007133,220,9,2024-10-27,USD,OPEN
7134,PO-0007134,97,1,2025-09-22,USD,RECEIVED
7135,PO-0007135,481,11,2025-10-15,USD,RECEIVED
7136,PO-0007136,353,2,2023-10-30,USD,RECEIVED
7137,PO-0007137,30,12,2024-04-16,USD,RECEIVED
7138,PO-0007138,44,2,2026-09-30,USD,RECEIVED
7139,PO-0007139,382,6,2025-12-02,USD,RECEIVED
7140,PO-0007140,413,6,2025-11-15,USD,RECEIVED
7141,PO-0007141,471,10,2025-05-11,USD,RECEIVED
7142,PO-0007142,348,1,2024-08-16,USD,RECEIVED
7143,PO-0007143,496,6,2024-07-11,USD,RECEIVED
7144,PO-0007144,316,4,2024-09-26,USD,RECEIVED
7145,PO-0007145,324,10,2024-06-13,USD,RECEIVED
7146,PO-0007146,210,7,2026-03-23,USD,RECEIVED
7147,PO-0007147,27,3,2024-03-09,USD,PARTIAL
7148,PO-0007148,341,10,2025-03-01,USD,RECEIVED
7149,PO-0007149,363,11,2025-06-22,USD,CANCELLED
7150,PO-0007150,162,3,2024-12-02,USD,RECEIVED
7151,PO-0007151,90,6,2024-10-20,USD,RECEIVED
7152,PO-0007152,240,8,2024-07-02,USD,RECEIVED
7153,PO-0007153,386,9,2025-03-28,USD,CANCELLED
7154,PO-0007154,203,7,2026-01-07,USD,OPEN
7155,PO-0007155,40,11,2024-12-15,USD,OPEN
7156,PO-0007156,172,10,2023-05-06,USD,OPEN
7157,PO-0007157,221,6,2024-03-10,USD,CANCELLED
7158,PO-0007158,203,3,2023-04-16,USD,RECEIVED
7159,PO-0007159,12,4,2025-06-16,USD,CANCELLED
7160,PO-0007160,118,7,2026-02-02,USD,OPEN
7161,PO-0007161,464,2,2026-05-16,USD,RECEIVED
7162,PO-0007162,362,4,2024-06-28,USD,PARTIAL
7163,PO-0007163,37,6,2025-04-12,USD,RECEIVED
7164,PO-0007164,216,7,2024-02-01,USD,RECEIVED
7165,PO-0007165,224,6,2024-04-03,USD,RECEIVED
7166,PO-0007166,462,12,2025-01-02,USD,PARTIAL
7167,PO-0007167,435,9,2023-07-23,USD,RECEIVED
7168,PO-0007168,349,6,2026-08-08,USD,RECEIVED
7169,PO-0007169,487,10,2026-02-27,USD,RECEIVED
7170,PO-0007170,487,3,2026-05-11,USD,RECEIVED
7171,PO-0007171,480,2,2026-02-27,USD,RECEIVED
7172,PO-0007172,389,4,2024-06-06,USD,CANCELLED
7173,PO-0007173,21,7,2024-05-08,USD,PARTIAL
7174,PO-0007174,275,5,2025-07-18,USD,RECEIVED
7175,PO-0007175,405,6,2025-02-13,USD,RECEIVED
7176,PO-0007176,327,11,2025-01-17,USD,RECEIVED
7177,PO-0007177,474,2,2024-12-12,USD,PARTIAL
7178,PO-0007178,218,10,2024-04-13,USD,OPEN
7179,PO-0007179,385,10,2023-09-18,USD,RECEIVED
7180,PO-0007180,249,6,2023-11-17,USD,RECEIVED
7181,PO-0007181,315,9,2023-01-30,USD,PARTIAL
7182,PO-0007182,32,11,2025-04-11,USD,RECEIVED
7183,PO-0007183,96,2,2026-02-17,USD,RECEIVED
7184,PO-0007184,97,8,2026-06-27,USD,RECEIVED
7185,PO-0007185,110,7,2024-02-18,USD,RECEIVED
7186,PO-0007186,489,11,2023-01-17,USD,RECEIVED
7187,PO-0007187,59,3,2024-05-04,USD,RECEIVED
7188,PO-0007188,63,2,2025-06-01,USD,RECEIVED
7189,PO-0007189,174,5,2023-10-30,USD,RECEIVED
7190,PO-0007190,106,2,2026-06-23,USD,RECEIVED
7191,PO-0007191,496,8,2025-03-10,USD,RECEIVED
7192,PO-0007192,433,6,2023-03-14,USD,RECEIVED
7193,PO-0007193,71,7,2026-08-30,USD,CANCELLED
7194,PO-0007194,73,2,2023-01-31,USD,RECEIVED
7195,PO-0007195,121,12,2025-11-15,USD,RECEIVED
7196,PO-0007196,470,9,2024-01-06,USD,RECEIVED
7197,PO-0007197,37,11,2024-05-15,USD,PARTIAL
7198,PO-0007198,456,10,2024-09-12,USD,RECEIVED
7199,PO-0007199,307,1,2025-01-24,USD,OPEN
7200,PO-0007200,478,8,2024-11-28,USD,PARTIAL
7201,PO-0007201,111,10,2023-08-18,USD,RECEIVED
7202,PO-0007202,474,10,2024-02-17,USD,RECEIVED
7203,PO-0007203,240,6,2026-06-27,USD,RECEIVED
7204,PO-0007204,384,2,2023-06-02,USD,RECEIVED
7205,PO-0007205,13,4,2025-07-27,USD,RECEIVED
7206,PO-0007206,308,2,2023-12-05,USD,RECEIVED
7207,PO-0007207,298,5,2024-02-28,USD,RECEIVED
7208,PO-0007208,457,8,2023-12-06,USD,OPEN
7209,PO-0007209,171,12,2024-09-03,USD,RECEIVED
7210,PO-0007210,470,12,2025-10-03,USD,RECEIVED
7211,PO-0007211,423,3,2023-10-31,USD,RECEIVED
7212,PO-0007212,134,2,2023-01-19,USD,RECEIVED
7213,PO-0007213,325,8,2024-11-22,USD,RECEIVED
7214,PO-0007214,194,11,2024-10-14,USD,RECEIVED
7215,PO-0007215,453,12,2025-05-03,USD,RECEIVED
7216,PO-0007216,238,1,2025-01-22,USD,PARTIAL
7217,PO-0007217,360,7,2025-11-10,USD,RECEIVED
7218,PO-0007218,29,5,2023-05-28,USD,RECEIVED
7219,PO-0007219,403,3,2025-10-19,USD,RECEIVED
7220,PO-0007220,76,2,2024-01-31,USD,RECEIVED
7221,PO-0007221,235,3,2024-10-21,USD,RECEIVED
7222,PO-0007222,106,12,2025-06-25,USD,RECEIVED
7223,PO-0007223,144,4,2024-10-15,USD,RECEIVED
7224,PO-0007224,12,10,2024-09-08,USD,RECEIVED
7225,PO-0007225,391,3,2024-12-23,USD,OPEN
7226,PO-0007226,247,1,2024-02-26,USD,RECEIVED
7227,PO-0007227,148,9,2025-07-07,USD,RECEIVED
7228,PO-0007228,66,2,2025-06-04,USD,RECEIVED
7229,PO-0007229,400,12,2023-08-04,USD,RECEIVED
7230,PO-0007230,399,8,2025-09-16,USD,OPEN
7231,PO-0007231,461,12,2024-05-11,USD,CANCELLED
7232,PO-0007232,302,5,2024-03-26,USD,RECEIVED
7233,PO-0007233,105,12,2024-06-24,USD,RECEIVED
7234,PO-0007234,447,4,2023-01-23,USD,OPEN
7235,PO-0007235,450,4,2024-03-13,USD,RECEIVED
7236,PO-0007236,332,8,2024-04-24,USD,PARTIAL
7237,PO-0007237,328,12,2026-01-05,USD,RECEIVED
7238,PO-0007238,476,3,2023-01-19,USD,RECEIVED
7239,PO-0007239,454,2,2024-03-19,USD,PARTIAL
7240,PO-0007240,140,7,2025-10-25,USD,PARTIAL
7241,PO-0007241,339,7,2023-10-03,USD,RECEIVED
7242,PO-0007242,1,5,2023-07-24,USD,RECEIVED
7243,PO-0007243,406,9,2024-07-09,USD,RECEIVED
7244,PO-0007244,50,11,2024-04-26,USD,CANCELLED
7245,PO-0007245,130,11,2023-04-14,USD,CANCELLED
7246,PO-0007246,495,12,2026-09-30,USD,RECEIVED
7247,PO-0007247,259,2,2025-02-10,USD,CANCELLED
7248,PO-0007248,448,5,2026-07-03,USD,RECEIVED
7249,PO-0007249,162,1,2023-10-01,USD,OPEN
7250,PO-0007250,95,5,2024-02-01,USD,PARTIAL
7251,PO-0007251,228,1,2023-06-11,USD,PARTIAL
7252,PO-0007252,10,1,2024-03-15,USD,PARTIAL
7253,PO-0007253,477,8,2025-02-24,USD,CANCELLED
7254,PO-0007254,475,11,2025-03-08,USD,RECEIVED
7255,PO-0007255,213,4,2023-04-26,USD,RECEIVED
7256,PO-0007256,293,9,2023-03-08,USD,OPEN
7257,PO-0007257,446,1,2023-10-14,USD,RECEIVED
7258,PO-0007258,217,1,2024-06-21,USD,RECEIVED
7259,PO-0007259,495,9,2026-03-09,USD,RECEIVED
7260,PO-0007260,282,5,2026-05-31,USD,RECEIVED
7261,PO-0007261,313,1,2023-01-30,USD,RECEIVED
7262,PO-0007262,114,3,2025-06-04,USD,RECEIVED
7263,PO-0007263,200,8,2026-01-18,USD,RECEIVED
7264,PO-0007264,453,12,2023-02-16,USD,RECEIVED
7265,PO-0007265,18,1,2025-07-02,USD,RECEIVED
7266,PO-0007266,64,4,2025-05-20,USD,RECEIVED
7267,PO-0007267,489,9,2023-03-18,USD,RECEIVED
7268,PO-0007268,309,9,2025-11-04,USD,PARTIAL
7269,PO-0007269,469,8,2024-12-01,USD,OPEN
7270,PO-0007270,255,10,2025-01-14,USD,RECEIVED
7271,PO-0007271,300,1,2026-02-01,USD,RECEIVED
7272,PO-0007272,332,1,2023-01-24,USD,OPEN
7273,PO-0007273,456,2,2025-10-24,USD,RECEIVED
7274,PO-0007274,397,4,2026-01-15,USD,RECEIVED
7275,PO-0007275,94,4,2024-12-01,USD,RECEIVED
7276,PO-0007276,264,4,2025-05-20,USD,RECEIVED
7277,PO-0007277,424,1,2026-09-21,USD,RECEIVED
7278,PO-0007278,205,5,2024-11-22,USD,PARTIAL
7279,PO-0007279,146,7,2024-04-16,USD,RECEIVED
7280,PO-0007280,26,12,2026-07-24,USD,CANCELLED
7281,PO-0007281,203,9,2026-08-31,USD,RECEIVED
7282,PO-0007282,382,9,2026-08-02,USD,RECEIVED
7283,PO-0007283,225,5,2023-12-21,USD,RECEIVED
7284,PO-0007284,133,10,2025-12-17,USD,OPEN
7285,PO-0007285,495,9,2023-11-25,USD,RECEIVED
7286,PO-0007286,7,7,2026-05-05,USD,RECEIVED
7287,PO-0007287,104,6,2026-01-05,USD,PARTIAL
7288,PO-0007288,52,8,2023-06-07,USD,RECEIVED
7289,PO-0007289,82,3,2023-04-14,USD,OPEN
7290,PO-0007290,76,5,2026-01-07,USD,PARTIAL
7291,PO-0007291,357,3,2025-07-25,USD,RECEIVED
7292,PO-0007292,96,1,2024-10-25,USD,RECEIVED
7293,PO-0007293,55,8,2024-05-18,USD,RECEIVED
7294,PO-0007294,128,9,2026-05-21,USD,RECEIVED
7295,PO-0007295,327,10,2025-08-30,USD,PARTIAL
7296,PO-0007296,407,8,2025-11-13,USD,RECEIVED
7297,PO-0007297,288,9,2025-08-01,USD,RECEIVED
7298,PO-0007298,441,2,2025-06-16,USD,RECEIVED
7299,PO-0007299,422,11,2023-10-17,USD,RECEIVED
7300,PO-0007300,319,4,2023-12-15,USD,RECEIVED
7301,PO-0007301,429,3,2024-04-26,USD,RECEIVED
7302,PO-0007302,42,11,2023-03-11,USD,PARTIAL
7303,PO-0007303,302,8,2023-09-05,USD,RECEIVED
7304,PO-0007304,2,9,2025-06-13,USD,RECEIVED
7305,PO-0007305,184,5,2024-08-24,USD,RECEIVED
7306,PO-0007306,227,9,2023-11-29,USD,CANCELLED
7307,PO-0007307,376,5,2024-05-22,USD,RECEIVED
7308,PO-0007308,338,9,2025-02-26,USD,CANCELLED
7309,PO-0007309,6,9,2023-06-27,USD,CANCELLED
7310,PO-0007310,493,5,2024-05-28,USD,OPEN
7311,PO-0007311,489,9,2025-08-07,USD,RECEIVED
7312,PO-0007312,103,3,2026-05-06,USD,RECEIVED
7313,PO-0007313,33,5,2025-04-02,USD,RECEIVED
7314,PO-0007314,459,3,2025-06-19,USD,OPEN
7315,PO-0007315,185,1,2023-03-01,USD,PARTIAL
7316,PO-0007316,415,6,2025-12-27,USD,RECEIVED
7317,PO-0007317,495,1,2023-05-16,USD,RECEIVED
7318,PO-0007318,135,2,2023-08-07,USD,RECEIVED
7319,PO-0007319,173,4,2024-12-05,USD,RECEIVED
7320,PO-0007320,461,1,2023-08-01,USD,OPEN
7321,PO-0007321,413,6,2026-03-30,USD,RECEIVED
7322,PO-0007322,24,8,2025-04-14,USD,RECEIVED
7323,PO-0007323,43,10,2023-09-22,USD,PARTIAL
7324,PO-0007324,456,12,2026-01-04,USD,RECEIVED
7325,PO-0007325,402,7,2024-11-05,USD,RECEIVED
7326,PO-0007326,79,7,2025-05-04,USD,RECEIVED
7327,PO-0007327,148,3,2023-05-21,USD,RECEIVED
7328,PO-0007328,71,8,2025-11-12,USD,RECEIVED
7329,PO-0007329,284,10,2025-08-10,USD,CANCELLED
7330,PO-0007330,304,4,2023-05-10,USD,RECEIVED
7331,PO-0007331,166,1,2023-04-23,USD,RECEIVED
7332,PO-0007332,334,8,2025-08-25,USD,RECEIVED
7333,PO-0007333,187,4,2025-01-22,USD,RECEIVED
7334,PO-0007334,405,3,2025-04-20,USD,CANCELLED
7335,PO-0007335,128,6,2026-07-08,USD,RECEIVED
7336,PO-0007336,467,11,2024-09-09,USD,RECEIVED
7337,PO-0007337,170,1,2025-08-22,USD,RECEIVED
7338,PO-0007338,293,9,2024-08-02,USD,RECEIVED
7339,PO-0007339,17,7,2023-03-02,USD,RECEIVED
7340,PO-0007340,128,11,2025-08-27,USD,CANCELLED
7341,PO-0007341,404,2,2025-08-30,USD,RECEIVED
7342,PO-0007342,404,7,2023-07-19,USD,RECEIVED
7343,PO-0007343,129,12,2026-03-03,USD,RECEIVED
7344,PO-0007344,314,3,2023-04-27,USD,RECEIVED
7345,PO-0007345,29,3,2026-03-27,USD,CANCELLED
7346,PO-0007346,191,7,2023-02-25,USD,OPEN
7347,PO-0007347,217,12,2026-04-30,USD,CANCELLED
7348,PO-0007348,408,12,2024-01-03,USD,CANCELLED
7349,PO-0007349,309,1,2023-06-01,USD,CANCELLED
7350,PO-0007350,26,3,2024-09-13,USD,RECEIVED
7351,PO-0007351,298,3,2026-08-13,USD,RECEIVED
7352,PO-0007352,463,3,2025-05-31,USD,RECEIVED
7353,PO-0007353,73,4,2024-03-05,USD,RECEIVED
7354,PO-0007354,222,5,2026-05-09,USD,OPEN
7355,PO-0007355,14,4,2024-12-11,USD,RECEIVED
7356,PO-0007356,285,8,2023-05-08,USD,RECEIVED
7357,PO-0007357,154,9,2025-03-16,USD,RECEIVED
7358,PO-0007358,450,8,2024-03-31,USD,RECEIVED
7359,PO-0007359,265,1,2025-11-12,USD,RECEIVED
7360,PO-0007360,424,5,2025-09-02,USD,RECEIVED
7361,PO-0007361,128,9,2025-01-21,USD,RECEIVED
7362,PO-0007362,184,12,2025-03-03,USD,OPEN
7363,PO-0007363,252,9,2023-01-29,USD,RECEIVED
7364,PO-0007364,362,1,2024-10-14,USD,CANCELLED
7365,PO-0007365,372,7,2024-10-20,USD,PARTIAL
7366,PO-0007366,368,8,2025-06-14,USD,RECEIVED
7367,PO-0007367,500,1,2025-10-15,USD,OPEN
7368,PO-0007368,443,5,2025-06-15,USD,OPEN
7369,PO-0007369,309,5,2025-12-13,USD,RECEIVED
7370,PO-0007370,244,11,2025-09-01,USD,RECEIVED
7371,PO-0007371,195,5,2026-07-16,USD,RECEIVED
7372,PO-0007372,109,1,2026-04-26,USD,RECEIVED
7373,PO-0007373,228,4,2024-01-24,USD,RECEIVED
7374,PO-0007374,106,5,2023-07-22,USD,RECEIVED
7375,PO-0007375,145,3,2025-07-11,USD,RECEIVED
7376,PO-0007376,316,11,2026-09-29,USD,RECEIVED
7377,PO-0007377,302,7,2024-11-08,USD,PARTIAL
7378,PO-0007378,354,5,2025-06-17,USD,RECEIVED
7379,PO-0007379,254,5,2023-01-25,USD,RECEIVED
7380,PO-0007380,354,2,2026-06-13,USD,OPEN
7381,PO-0007381,397,10,2023-09-08,USD,RECEIVED
7382,PO-0007382,233,4,2025-03-17,USD,PARTIAL
7383,PO-0007383,9,11,2023-08-29,USD,PARTIAL
7384,PO-0007384,214,9,2024-05-02,USD,RECEIVED
7385,PO-0007385,128,2,2026-01-21,USD,CANCELLED
7386,PO-0007386,341,7,2026-09-27,USD,RECEIVED
7387,PO-0007387,115,6,2026-09-06,USD,RECEIVED
7388,PO-0007388,20,9,2025-12-20,USD,RECEIVED
7389,PO-0007389,308,10,2026-01-19,USD,RECEIVED
7390,PO-0007390,228,7,2024-07-02,USD,OPEN
7391,PO-0007391,258,12,2023-08-28,USD,RECEIVED
7392,PO-0007392,112,10,2025-03-21,USD,RECEIVED
7393,PO-0007393,28,3,2023-11-30,USD,CANCELLED
7394,PO-0007394,66,9,2025-01-13,USD,CANCELLED
7395,PO-0007395,372,9,2025-07-13,USD,RECEIVED
7396,PO-0007396,56,10,2025-09-28,USD,RECEIVED
7397,PO-0007397,163,4,2023-08-09,USD,CANCELLED
7398,PO-0007398,441,1,2024-01-17,USD,CANCELLED
7399,PO-0007399,90,5,2024-08-07,USD,RECEIVED
7400,PO-0007400,299,12,2025-06-18,USD,RECEIVED
7401,PO-0007401,82,10,2024-05-22,USD,RECEIVED
7402,PO-0007402,401,10,2024-05-05,USD,RECEIVED
7403,PO-0007403,319,12,2025-01-31,USD,RECEIVED
7404,PO-0007404,315,4,2025-01-31,USD,RECEIVED
7405,PO-0007405,384,4,2024-12-30,USD,RECEIVED
7406,PO-0007406,239,12,2024-03-20,USD,RECEIVED
7407,PO-0007407,82,8,2026-01-27,USD,RECEIVED
7408,PO-0007408,126,11,2026-05-26,USD,RECEIVED
7409,PO-0007409,305,2,2026-09-04,USD,RECEIVED
7410,PO-0007410,491,1,2025-02-16,USD,OPEN
7411,PO-0007411,110,11,2026-04-14,USD,RECEIVED
7412,PO-0007412,256,11,2024-11-24,USD,RECEIVED
7413,PO-0007413,291,8,2024-09-10,USD,RECEIVED
7414,PO-0007414,37,2,2024-06-25,USD,CANCELLED
7415,PO-0007415,40,8,2024-10-07,USD,RECEIVED
7416,PO-0007416,25,2,2024-01-13,USD,RECEIVED
7417,PO-0007417,459,8,2025-07-09,USD,RECEIVED
7418,PO-0007418,178,11,2024-10-12,USD,RECEIVED
7419,PO-0007419,418,2,2026-01-25,USD,CANCELLED
7420,PO-0007420,220,3,2023-01-17,USD,RECEIVED
7421,PO-0007421,106,10,2025-04-11,USD,RECEIVED
7422,PO-0007422,249,4,2023-06-20,USD,RECEIVED
7423,PO-0007423,369,4,2025-02-21,USD,OPEN
7424,PO-0007424,257,7,2023-10-21,USD,RECEIVED
7425,PO-0007425,206,12,2024-06-07,USD,RECEIVED
7426,PO-0007426,277,1,2025-12-03,USD,RECEIVED
7427,PO-0007427,115,6,2023-08-26,USD,RECEIVED
7428,PO-0007428,238,8,2023-12-20,USD,RECEIVED
7429,PO-0007429,353,7,2024-01-30,USD,OPEN
7430,PO-0007430,285,3,2024-07-15,USD,OPEN
7431,PO-0007431,72,11,2025-10-07,USD,RECEIVED
7432,PO-0007432,118,1,2023-10-13,USD,RECEIVED
7433,PO-0007433,372,8,2024-04-15,USD,RECEIVED
7434,PO-0007434,238,5,2026-07-21,USD,RECEIVED
7435,PO-0007435,117,7,2025-05-18,USD,RECEIVED
7436,PO-0007436,180,7,2024-01-14,USD,RECEIVED
7437,PO-0007437,324,8,2024-03-27,USD,RECEIVED
7438,PO-0007438,212,8,2024-11-06,USD,RECEIVED
7439,PO-0007439,266,9,2024-01-03,USD,RECEIVED
7440,PO-0007440,421,7,2024-12-18,USD,RECEIVED
7441,PO-0007441,290,7,2023-02-20,USD,OPEN
7442,PO-0007442,305,2,2024-06-20,USD,OPEN
7443,PO-0007443,103,12,2024-01-20,USD,CANCELLED
7444,PO-0007444,398,5,2024-05-21,USD,CANCELLED
7445,PO-0007445,120,9,2025-08-08,USD,RECEIVED
7446,PO-0007446,103,11,2024-03-26,USD,RECEIVED
7447,PO-0007447,11,2,2023-09-24,USD,RECEIVED
7448,PO-0007448,279,2,2025-11-27,USD,RECEIVED
7449,PO-0007449,113,10,2025-07-27,USD,PARTIAL
7450,PO-0007450,291,11,2026-01-27,USD,CANCELLED
7451,PO-0007451,222,7,2025-02-12,USD,RECEIVED
7452,PO-0007452,253,8,2024-11-01,USD,RECEIVED
7453,PO-0007453,261,9,2023-01-18,USD,RECEIVED
7454,PO-0007454,281,3,2023-12-28,USD,RECEIVED
7455,PO-0007455,234,10,2025-03-09,USD,RECEIVED
7456,PO-0007456,2,2,2024-03-30,USD,RECEIVED
7457,PO-0007457,194,8,2023-10-08,USD,RECEIVED
7458,PO-0007458,132,10,2024-06-07,USD,CANCELLED
7459,PO-0007459,448,10,2026-01-14,USD,RECEIVED
7460,PO-0007460,46,12,2025-01-07,USD,CANCELLED
7461,PO-0007461,60,8,2026-07-05,USD,RECEIVED
7462,PO-0007462,17,2,2026-03-19,USD,RECEIVED
7463,PO-0007463,465,11,2024-04-20,USD,RECEIVED
7464,PO-0007464,154,11,2023-09-24,USD,OPEN
7465,PO-0007465,111,12,2025-10-08,USD,RECEIVED
7466,PO-0007466,212,9,2026-06-21,USD,RECEIVED
7467,PO-0007467,66,12,2023-09-09,USD,RECEIVED
7468,PO-0007468,423,11,2025-02-16,USD,RECEIVED
7469,PO-0007469,73,8,2023-01-20,USD,RECEIVED
7470,PO-0007470,169,2,2025-06-13,USD,CANCELLED
7471,PO-0007471,396,2,2024-02-19,USD,RECEIVED
7472,PO-0007472,383,10,2023-04-09,USD,RECEIVED
7473,PO-0007473,43,10,2026-04-28,USD,RECEIVED
7474,PO-0007474,397,8,2026-09-15,USD,RECEIVED
7475,PO-0007475,110,7,2026-03-28,USD,RECEIVED
7476,PO-0007476,333,9,2025-01-13,USD,RECEIVED
7477,PO-0007477,495,6,2023-01-02,USD,RECEIVED
7478,PO-0007478,417,2,2026-08-22,USD,OPEN
7479,PO-0007479,108,8,2023-02-11,USD,RECEIVED
7480,PO-0007480,266,3,2024-08-23,USD,RECEIVED
7481,PO-0007481,224,12,2024-07-27,USD,RECEIVED
7482,PO-0007482,244,5,2023-06-21,USD,RECEIVED
7483,PO-0007483,496,1,2026-02-17,USD,RECEIVED
7484,PO-0007484,329,5,2025-08-13,USD,RECEIVED
7485,PO-0007485,266,3,2025-04-28,USD,RECEIVED
7486,PO-0007486,422,8,2023-09-22,USD,RECEIVED
7487,PO-0007487,282,12,2024-03-21,USD,CANCELLED
7488,PO-0007488,334,1,2026-04-09,USD,RECEIVED
7489,PO-0007489,341,7,2026-10-01,USD,RECEIVED
7490,PO-0007490,56,12,2025-03-17,USD,PARTIAL
7491,PO-0007491,408,4,2026-02-23,USD,RECEIVED
7492,PO-0007492,255,7,2024-03-07,USD,RECEIVED
7493,PO-0007493,328,7,2024-10-02,USD,RECEIVED
7494,PO-0007494,473,9,2026-09-29,USD,RECEIVED
7495,PO-0007495,30,8,2026-04-15,USD,CANCELLED
7496,PO-0007496,451,2,2023-12-08,USD,RECEIVED
7497,PO-0007497,394,4,2023-08-04,USD,PARTIAL
7498,PO-0007498,483,12,2025-06-17,USD,RECEIVED
7499,PO-0007499,135,11,2024-09-02,USD,RECEIVED
7500,PO-0007500,223,5,2024-09-02,USD,RECEIVED
7501,PO-0007501,180,10,2023-06-10,USD,RECEIVED
7502,PO-0007502,67,1,2024-03-02,USD,RECEIVED
7503,PO-0007503,459,11,2023-02-19,USD,RECEIVED
7504,PO-0007504,118,1,2026-09-17,USD,CANCELLED
7505,PO-0007505,179,1,2023-08-02,USD,RECEIVED
7506,PO-0007506,365,11,2025-06-11,USD,RECEIVED
7507,PO-0007507,172,12,2023-11-07,USD,RECEIVED
7508,PO-0007508,115,10,2026-03-20,USD,RECEIVED
7509,PO-0007509,90,4,2026-08-28,USD,RECEIVED
7510,PO-0007510,271,9,2023-02-15,USD,RECEIVED
7511,PO-0007511,278,11,2026-08-20,USD,RECEIVED
7512,PO-0007512,103,3,2023-12-20,USD,OPEN
7513,PO-0007513,174,8,2026-04-30,USD,OPEN
7514,PO-0007514,392,10,2025-09-30,USD,RECEIVED
7515,PO-0007515,23,7,2023-11-04,USD,RECEIVED
7516,PO-0007516,15,11,2024-09-17,USD,RECEIVED
7517,PO-0007517,122,4,2026-06-28,USD,RECEIVED
7518,PO-0007518,381,12,2024-05-19,USD,RECEIVED
7519,PO-0007519,80,6,2023-08-22,USD,RECEIVED
7520,PO-0007520,28,5,2023-04-24,USD,RECEIVED
7521,PO-0007521,137,12,2025-10-28,USD,RECEIVED
7522,PO-0007522,348,2,2024-04-01,USD,OPEN
7523,PO-0007523,247,12,2026-03-12,USD,RECEIVED
7524,PO-0007524,279,3,2024-10-18,USD,RECEIVED
7525,PO-0007525,401,2,2023-08-30,USD,CANCELLED
7526,PO-0007526,317,2,2024-03-02,USD,RECEIVED
7527,PO-0007527,379,3,2024-01-21,USD,RECEIVED
7528,PO-0007528,78,4,2024-04-05,USD,RECEIVED
7529,PO-0007529,127,9,2024-08-11,USD,RECEIVED
7530,PO-0007530,91,11,2024-04-08,USD,RECEIVED
7531,PO-0007531,196,8,2023-11-21,USD,RECEIVED
7532,PO-0007532,464,11,2025-06-12,USD,RECEIVED
7533,PO-0007533,283,8,2024-01-02,USD,OPEN
7534,PO-0007534,473,11,2023-04-14,USD,RECEIVED
7535,PO-0007535,123,1,2024-02-05,USD,PARTIAL
7536,PO-0007536,260,7,2024-07-17,USD,RECEIVED
7537,PO-0007537,81,8,2023-10-03,USD,RECEIVED
7538,PO-0007538,460,2,2026-03-09,USD,CANCELLED
7539,PO-0007539,461,11,2026-02-01,USD,RECEIVED
7540,PO-0007540,174,5,2025-07-09,USD,RECEIVED
7541,PO-0007541,430,8,2024-04-11,USD,OPEN
7542,PO-0007542,416,4,2025-06-24,USD,RECEIVED
7543,PO-0007543,6,3,2026-08-28,USD,PARTIAL
7544,PO-0007544,43,1,2024-07-21,USD,RECEIVED
7545,PO-0007545,264,10,2023-12-24,USD,RECEIVED
7546,PO-0007546,344,4,2025-01-29,USD,OPEN
7547,PO-0007547,165,4,2024-12-17,USD,PARTIAL
7548,PO-0007548,416,10,2023-05-15,USD,CANCELLED
7549,PO-0007549,66,6,2023-04-19,USD,OPEN
7550,PO-0007550,72,1,2026-07-30,USD,RECEIVED
7551,PO-0007551,164,9,2023-09-25,USD,RECEIVED
7552,PO-0007552,455,10,2026-08-08,USD,OPEN
7553,PO-0007553,344,7,2026-04-14,USD,PARTIAL
7554,PO-0007554,287,7,2024-12-21,USD,OPEN
7555,PO-0007555,297,10,2024-05-01,USD,OPEN
7556,PO-0007556,7,9,2023-04-08,USD,OPEN
7557,PO-0007557,331,2,2023-12-26,USD,OPEN
7558,PO-0007558,82,10,2025-06-29,USD,RECEIVED
7559,PO-0007559,337,5,2026-06-15,USD,RECEIVED
7560,PO-0007560,466,12,2024-04-23,USD,RECEIVED
7561,PO-0007561,479,8,2025-09-14,USD,PARTIAL
7562,PO-0007562,270,9,2023-12-28,USD,RECEIVED
7563,PO-0007563,354,5,2023-09-13,USD,PARTIAL
7564,PO-0007564,26,4,2024-05-27,USD,CANCELLED
7565,PO-0007565,68,9,2026-09-07,USD,RECEIVED
7566,PO-0007566,357,1,2023-05-25,USD,CANCELLED
7567,PO-0007567,287,12,2024-07-10,USD,RECEIVED
7568,PO-0007568,47,4,2023-04-09,USD,RECEIVED
7569,PO-0007569,325,4,2026-07-17,USD,RECEIVED
7570,PO-0007570,109,7,2024-06-14,USD,PARTIAL
7571,PO-0007571,418,7,2025-04-18,USD,RECEIVED
7572,PO-0007572,304,2,2024-02-06,USD,RECEIVED
7573,PO-0007573,266,10,2023-01-23,USD,RECEIVED
7574,PO-0007574,402,11,2024-02-17,USD,CANCELLED
7575,PO-0007575,457,8,2024-02-25,USD,RECEIVED
7576,PO-0007576,295,5,2025-12-06,USD,OPEN
7577,PO-0007577,419,8,2024-08-13,USD,CANCELLED
7578,PO-0007578,480,3,2026-05-21,USD,RECEIVED
7579,PO-0007579,214,12,2026-08-10,USD,CANCELLED
7580,PO-0007580,369,3,2024-11-03,USD,RECEIVED
7581,PO-0007581,240,11,2023-01-30,USD,RECEIVED
7582,PO-0007582,178,9,2024-09-29,USD,RECEIVED
7583,PO-0007583,305,8,2024-10-31,USD,CANCELLED
7584,PO-0007584,272,2,2024-03-14,USD,RECEIVED
7585,PO-0007585,273,6,2026-02-16,USD,RECEIVED
7586,PO-0007586,62,3,2023-06-05,USD,RECEIVED
7587,PO-0007587,420,12,2025-08-05,USD,RECEIVED
7588,PO-0007588,365,6,2023-05-04,USD,CANCELLED
7589,PO-0007589,398,12,2024-07-26,USD,RECEIVED
7590,PO-0007590,465,6,2023-05-12,USD,CANCELLED
7591,PO-0007591,400,8,2023-09-11,USD,PARTIAL
7592,PO-0007592,186,4,2023-02-18,USD,PARTIAL
7593,PO-0007593,168,4,2026-04-04,USD,RECEIVED
7594,PO-0007594,356,4,2026-04-12,USD,RECEIVED
7595,PO-0007595,123,8,2024-06-12,USD,OPEN
7596,PO-0007596,328,7,2025-04-22,USD,OPEN
7597,PO-0007597,153,9,2025-12-10,USD,RECEIVED
7598,PO-0007598,115,8,2025-08-31,USD,PARTIAL
7599,PO-0007599,290,3,2024-12-24,USD,RECEIVED
7600,PO-0007600,328,3,2023-10-22,USD,RECEIVED
7601,PO-0007601,353,1,2023-07-13,USD,RECEIVED
7602,PO-0007602,384,6,2023-08-02,USD,CANCELLED
7603,PO-0007603,105,5,2023-11-14,USD,CANCELLED
7604,PO-0007604,420,4,2026-02-18,USD,RECEIVED
7605,PO-0007605,438,9,2024-06-30,USD,RECEIVED
7606,PO-0007606,308,12,2024-01-16,USD,CANCELLED
7607,PO-0007607,390,2,2025-03-05,USD,PARTIAL
7608,PO-0007608,273,8,2023-08-26,USD,RECEIVED
7609,PO-0007609,139,4,2024-03-11,USD,RECEIVED
7610,PO-0007610,414,7,2026-04-23,USD,RECEIVED
7611,PO-0007611,331,9,2024-11-20,USD,RECEIVED
7612,PO-0007612,323,1,2026-01-14,USD,CANCELLED
7613,PO-0007613,304,10,2024-04-20,USD,RECEIVED
7614,PO-0007614,447,7,2023-06-02,USD,RECEIVED
7615,PO-0007615,113,7,2023-05-01,USD,OPEN
7616,PO-0007616,21,7,2023-12-10,USD,RECEIVED
7617,PO-0007617,41,12,2024-07-31,USD,RECEIVED
7618,PO-0007618,15,7,2024-02-13,USD,CANCELLED
7619,PO-0007619,393,5,2024-11-09,USD,RECEIVED
7620,PO-0007620,404,1,2023-09-11,USD,RECEIVED
7621,PO-0007621,274,11,2024-09-01,USD,CANCELLED
7622,PO-0007622,106,7,2026-02-22,USD,RECEIVED
7623,PO-0007623,65,3,2026-03-18,USD,RECEIVED
7624,PO-0007624,171,12,2023-05-10,USD,RECEIVED
7625,PO-0007625,217,2,2024-06-04,USD,RECEIVED
7626,PO-0007626,99,12,2023-02-05,USD,RECEIVED
7627,PO-0007627,483,7,2025-12-19,USD,RECEIVED
7628,PO-0007628,402,8,2025-08-06,USD,CANCELLED
7629,PO-0007629,405,6,2026-07-03,USD,PARTIAL
7630,PO-0007630,115,10,2025-07-19,USD,RECEIVED
7631,PO-0007631,282,9,2024-01-15,USD,RECEIVED
7632,PO-0007632,342,7,2024-08-31,USD,CANCELLED
7633,PO-0007633,102,4,2024-12-22,USD,RECEIVED
7634,PO-0007634,304,11,2024-01-11,USD,RECEIVED
7635,PO-0007635,498,9,2025-02-28,USD,RECEIVED
7636,PO-0007636,361,1,2023-05-17,USD,RECEIVED
7637,PO-0007637,370,5,2024-10-17,USD,RECEIVED
7638,PO-0007638,21,12,2024-07-04,USD,RECEIVED
7639,PO-0007639,335,4,2023-01-06,USD,RECEIVED
7640,PO-0007640,193,7,2024-02-02,USD,RECEIVED
7641,PO-0007641,496,8,2025-08-02,USD,RECEIVED
7642,PO-0007642,324,6,2025-04-01,USD,RECEIVED
7643,PO-0007643,342,2,2023-05-28,USD,RECEIVED
7644,PO-0007644,242,3,2026-06-10,USD,PARTIAL
7645,PO-0007645,92,6,2026-05-01,USD,RECEIVED
7646,PO-0007646,378,12,2024-12-28,USD,RECEIVED
7647,PO-0007647,202,3,2023-05-18,USD,RECEIVED
7648,PO-0007648,350,7,2024-06-24,USD,RECEIVED
7649,PO-0007649,451,12,2024-02-17,USD,RECEIVED
7650,PO-0007650,470,9,2024-08-11,USD,RECEIVED
7651,PO-0007651,361,8,2025-07-12,USD,RECEIVED
7652,PO-0007652,134,11,2025-03-11,USD,RECEIVED
7653,PO-0007653,389,6,2026-05-07,USD,RECEIVED
7654,PO-0007654,4,11,2023-04-23,USD,RECEIVED
7655,PO-0007655,388,10,2023-06-28,USD,CANCELLED
7656,PO-0007656,5,6,2025-07-30,USD,RECEIVED
7657,PO-0007657,451,12,2023-11-04,USD,RECEIVED
7658,PO-0007658,380,10,2025-08-25,USD,RECEIVED
7659,PO-0007659,302,12,2026-02-13,USD,RECEIVED
7660,PO-0007660,348,4,2023-09-23,USD,RECEIVED
7661,PO-0007661,29,2,2024-06-01,USD,RECEIVED
7662,PO-0007662,397,12,2026-08-12,USD,RECEIVED
7663,PO-0007663,117,7,2024-05-26,USD,RECEIVED
7664,PO-0007664,351,5,2025-02-01,USD,RECEIVED
7665,PO-0007665,69,12,2026-01-17,USD,RECEIVED
7666,PO-0007666,62,8,2025-12-07,USD,CANCELLED
7667,PO-0007667,258,7,2023-05-20,USD,RECEIVED
7668,PO-0007668,45,2,2023-05-24,USD,RECEIVED
7669,PO-0007669,44,7,2024-03-04,USD,RECEIVED
7670,PO-0007670,167,8,2025-02-19,USD,RECEIVED
7671,PO-0007671,80,9,2026-08-14,USD,RECEIVED
7672,PO-0007672,193,3,2024-05-16,USD,RECEIVED
7673,PO-0007673,363,2,2025-01-11,USD,PARTIAL
7674,PO-0007674,110,3,2024-03-24,USD,CANCELLED
7675,PO-0007675,408,6,2023-10-27,USD,RECEIVED
7676,PO-0007676,110,8,2025-08-14,USD,RECEIVED
7677,PO-0007677,445,3,2025-01-29,USD,RECEIVED
7678,PO-0007678,275,7,2026-01-04,USD,RECEIVED
7679,PO-0007679,40,2,2025-06-14,USD,RECEIVED
7680,PO-0007680,407,1,2023-09-17,USD,RECEIVED
7681,PO-0007681,435,10,2023-04-28,USD,OPEN
7682,PO-0007682,93,9,2023-01-06,USD,PARTIAL
7683,PO-0007683,296,4,2026-02-07,USD,RECEIVED
7684,PO-0007684,376,3,2026-06-15,USD,RECEIVED
7685,PO-0007685,135,2,2024-07-21,USD,OPEN
7686,PO-0007686,486,11,2023-03-14,USD,RECEIVED
7687,PO-0007687,153,4,2023-03-08,USD,RECEIVED
7688,PO-0007688,116,2,2024-08-21,USD,RECEIVED
7689,PO-0007689,365,11,2023-03-04,USD,RECEIVED
7690,PO-0007690,383,10,2026-04-06,USD,PARTIAL
7691,PO-0007691,450,11,2026-06-23,USD,PARTIAL
7692,PO-0007692,86,7,2024-09-04,USD,RECEIVED
7693,PO-0007693,209,7,2025-08-18,USD,CANCELLED
7694,PO-0007694,129,2,2024-05-06,USD,PARTIAL
7695,PO-0007695,380,5,2026-03-06,USD,RECEIVED
7696,PO-0007696,60,3,2025-06-17,USD,RECEIVED
7697,PO-0007697,178,6,2026-06-29,USD,RECEIVED
7698,PO-0007698,443,9,2025-11-03,USD,RECEIVED
7699,PO-0007699,367,1,2026-07-09,USD,RECEIVED
7700,PO-0007700,169,8,2026-03-22,USD,RECEIVED
7701,PO-0007701,243,8,2023-03-05,USD,RECEIVED
7702,PO-0007702,126,4,2025-07-30,USD,RECEIVED
7703,PO-0007703,232,7,2024-10-08,USD,OPEN
7704,PO-0007704,108,1,2023-04-20,USD,RECEIVED
7705,PO-0007705,354,8,2024-06-09,USD,PARTIAL
7706,PO-0007706,425,5,2025-07-26,USD,RECEIVED
7707,PO-0007707,157,5,2026-08-23,USD,RECEIVED
7708,PO-0007708,464,5,2026-04-25,USD,RECEIVED
7709,PO-0007709,409,8,2026-08-16,USD,RECEIVED
7710,PO-0007710,415,6,2026-09-02,USD,RECEIVED
7711,PO-0007711,55,11,2025-02-05,USD,RECEIVED
7712,PO-0007712,46,11,2024-06-03,USD,PARTIAL
7713,PO-0007713,120,6,2025-12-11,USD,RECEIVED
7714,PO-0007714,260,8,2025-08-04,USD,PARTIAL
7715,PO-0007715,488,6,2025-03-18,USD,RECEIVED
7716,PO-0007716,385,5,2024-04-17,USD,RECEIVED
7717,PO-0007717,76,1,2026-05-05,USD,RECEIVED
7718,PO-0007718,374,5,2026-09-19,USD,RECEIVED
7719,PO-0007719,380,6,2026-01-04,USD,CANCELLED
7720,PO-0007720,97,11,2025-12-18,USD,RECEIVED
7721,PO-0007721,230,8,2024-12-19,USD,RECEIVED
7722,PO-0007722,253,3,2024-10-26,USD,CANCELLED
7723,PO-0007723,10,6,2023-08-23,USD,RECEIVED
7724,PO-0007724,341,11,2024-08-04,USD,RECEIVED
7725,PO-0007725,386,1,2025-03-27,USD,RECEIVED
7726,PO-0007726,369,5,2026-01-29,USD,RECEIVED
7727,PO-0007727,115,1,2024-02-17,USD,RECEIVED
7728,PO-0007728,439,10,2026-06-16,USD,RECEIVED
7729,PO-0007729,389,10,2025-11-03,USD,CANCELLED
7730,PO-0007730,404,8,2025-07-08,USD,CANCELLED
7731,PO-0007731,268,7,2025-10-03,USD,CANCELLED
7732,PO-0007732,290,1,2025-09-07,USD,OPEN
7733,PO-0007733,156,6,2025-04-06,USD,RECEIVED
7734,PO-0007734,250,10,2023-04-20,USD,RECEIVED
7735,PO-0007735,456,8,2026-01-31,USD,RECEIVED
7736,PO-0007736,135,4,2026-05-02,USD,CANCELLED
7737,PO-0007737,411,6,2023-06-13,USD,RECEIVED
7738,PO-0007738,400,2,2026-09-21,USD,PARTIAL
7739,PO-0007739,270,5,2024-03-26,USD,RECEIVED
7740,PO-0007740,391,2,2024-06-04,USD,RECEIVED
7741,PO-0007741,75,4,2026-03-04,USD,RECEIVED
7742,PO-0007742,300,3,2024-04-18,USD,RECEIVED
7743,PO-0007743,251,1,2024-03-28,USD,RECEIVED
7744,PO-0007744,105,5,2024-01-03,USD,RECEIVED
7745,PO-0007745,183,11,2026-02-01,USD,RECEIVED
7746,PO-0007746,110,12,2024-05-04,USD,CANCELLED
7747,PO-0007747,475,10,2023-12-14,USD,OPEN
7748,PO-0007748,93,9,2026-06-18,USD,OPEN
7749,PO-0007749,109,2,2023-05-18,USD,PARTIAL
7750,PO-0007750,110,10,2025-09-12,USD,PARTIAL
7751,PO-0007751,3,3,2025-12-11,USD,RECEIVED
7752,PO-0007752,131,3,2024-05-28,USD,PARTIAL
7753,PO-0007753,187,7,2023-10-25,USD,RECEIVED
7754,PO-0007754,305,7,2023-08-30,USD,RECEIVED
7755,PO-0007755,367,10,2024-01-24,USD,RECEIVED
7756,PO-0007756,365,9,2026-07-30,USD,RECEIVED
7757,PO-0007757,416,7,2023-08-25,USD,RECEIVED
7758,PO-0007758,157,8,2023-05-30,USD,RECEIVED
7759,PO-0007759,281,4,2025-06-08,USD,RECEIVED
7760,PO-0007760,326,6,2025-09-27,USD,RECEIVED
7761,PO-0007761,239,10,2023-04-08,USD,OPEN
7762,PO-0007762,155,12,2025-08-18,USD,CANCELLED
7763,PO-0007763,101,1,2025-05-15,USD,CANCELLED
7764,PO-0007764,242,6,2024-12-10,USD,OPEN
7765,PO-0007765,469,1,2024-06-28,USD,RECEIVED
7766,PO-0007766,310,11,2025-02-20,USD,PARTIAL
7767,PO-0007767,308,11,2025-01-21,USD,PARTIAL
7768,PO-0007768,278,5,2023-09-24,USD,RECEIVED
7769,PO-0007769,386,5,2025-03-17,USD,RECEIVED
7770,PO-0007770,33,8,2025-06-09,USD,RECEIVED
7771,PO-0007771,245,4,2023-07-18,USD,RECEIVED
7772,PO-0007772,453,11,2025-06-22,USD,RECEIVED
7773,PO-0007773,97,4,2024-07-22,USD,CANCELLED
7774,PO-0007774,386,7,2025-11-07,USD,RECEIVED
7775,PO-0007775,362,5,2023-07-19,USD,RECEIVED
7776,PO-0007776,422,2,2025-08-31,USD,RECEIVED
7777,PO-0007777,361,3,2025-03-29,USD,PARTIAL
7778,PO-0007778,412,8,2023-03-12,USD,CANCELLED
7779,PO-0007779,439,10,2025-07-25,USD,RECEIVED
7780,PO-0007780,31,11,2025-04-24,USD,RECEIVED
7781,PO-0007781,61,5,2024-01-11,USD,RECEIVED
7782,PO-0007782,431,2,2023-10-05,USD,RECEIVED
7783,PO-0007783,178,4,2024-09-18,USD,RECEIVED
7784,PO-0007784,263,8,2023-09-01,USD,OPEN
7785,PO-0007785,141,4,2024-11-11,USD,PARTIAL
7786,PO-0007786,344,4,2025-04-03,USD,RECEIVED
7787,PO-0007787,302,2,2023-07-09,USD,CANCELLED
7788,PO-0007788,310,11,2023-04-29,USD,RECEIVED
7789,PO-0007789,202,7,2025-09-18,USD,RECEIVED
7790,PO-0007790,488,10,2026-08-17,USD,RECEIVED
7791,PO-0007791,353,9,2025-09-17,USD,RECEIVED
7792,PO-0007792,178,9,2025-10-26,USD,RECEIVED
7793,PO-0007793,86,4,2025-09-24,USD,CANCELLED
7794,PO-0007794,87,5,2024-05-24,USD,RECEIVED
7795,PO-0007795,54,6,2024-11-07,USD,OPEN
7796,PO-0007796,117,10,2025-10-02,USD,RECEIVED
7797,PO-0007797,51,1,2025-03-13,USD,RECEIVED
7798,PO-0007798,421,6,2026-01-04,USD,RECEIVED
7799,PO-0007799,416,6,2024-01-24,USD,RECEIVED
7800,PO-0007800,299,2,2024-09-10,USD,RECEIVED
7801,PO-0007801,60,3,2025-09-19,USD,RECEIVED
7802,PO-0007802,419,7,2024-10-15,USD,RECEIVED
7803,PO-0007803,391,11,2023-07-04,USD,RECEIVED
7804,PO-0007804,190,1,2023-01-01,USD,CANCELLED
7805,PO-0007805,264,3,2023-05-07,USD,RECEIVED
7806,PO-0007806,315,9,2023-09-29,USD,RECEIVED
7807,PO-0007807,146,1,2025-06-06,USD,CANCELLED
7808,PO-0007808,472,1,2023-08-08,USD,RECEIVED
7809,PO-0007809,123,6,2023-12-21,USD,CANCELLED
7810,PO-0007810,71,6,2023-09-22,USD,RECEIVED
7811,PO-0007811,244,12,2025-12-28,USD,RECEIVED
7812,PO-0007812,187,5,2024-11-08,USD,RECEIVED
7813,PO-0007813,70,11,2023-01-09,USD,PARTIAL
7814,PO-0007814,42,3,2024-06-09,USD,RECEIVED
7815,PO-0007815,480,8,2025-08-29,USD,RECEIVED
7816,PO-0007816,162,12,2024-03-15,USD,RECEIVED
7817,PO-0007817,443,12,2026-08-12,USD,OPEN
7818,PO-0007818,383,3,2023-04-11,USD,RECEIVED
7819,PO-0007819,383,3,2024-01-01,USD,RECEIVED
7820,PO-0007820,68,8,2024-07-05,USD,RECEIVED
7821,PO-0007821,451,4,2024-07-25,USD,RECEIVED
7822,PO-0007822,421,12,2025-09-23,USD,RECEIVED
7823,PO-0007823,299,5,2025-07-31,USD,OPEN
7824,PO-0007824,46,9,2025-01-04,USD,OPEN
7825,PO-0007825,200,2,2024-04-17,USD,RECEIVED
7826,PO-0007826,356,5,2025-07-09,USD,RECEIVED
7827,PO-0007827,8,7,2023-06-25,USD,RECEIVED
7828,PO-0007828,47,6,2026-09-13,USD,RECEIVED
7829,PO-0007829,332,4,2023-08-11,USD,RECEIVED
7830,PO-0007830,2,12,2023-03-07,USD,RECEIVED
7831,PO-0007831,308,10,2025-10-02,USD,RECEIVED
7832,PO-0007832,201,10,2024-01-30,USD,RECEIVED
7833,PO-0007833,226,10,2024-09-04,USD,PARTIAL
7834,PO-0007834,8,9,2026-08-15,USD,OPEN
7835,PO-0007835,436,3,2023-03-11,USD,RECEIVED
7836,PO-0007836,332,4,2026-04-08,USD,RECEIVED
7837,PO-0007837,104,11,2023-06-24,USD,RECEIVED
7838,PO-0007838,469,12,2024-07-07,USD,RECEIVED
7839,PO-0007839,336,12,2026-04-28,USD,RECEIVED
7840,PO-0007840,185,9,2026-03-07,USD,RECEIVED
7841,PO-0007841,297,7,2023-10-24,USD,RECEIVED
7842,PO-0007842,153,12,2023-08-01,USD,RECEIVED
7843,PO-0007843,222,10,2026-08-04,USD,RECEIVED
7844,PO-0007844,488,12,2024-09-02,USD,RECEIVED
7845,PO-0007845,459,3,2025-05-26,USD,PARTIAL
7846,PO-0007846,383,1,2026-05-28,USD,OPEN
7847,PO-0007847,189,9,2026-01-24,USD,RECEIVED
7848,PO-0007848,434,6,2023-03-20,USD,RECEIVED
7849,PO-0007849,322,1,2024-08-14,USD,RECEIVED
7850,PO-0007850,142,3,2025-10-19,USD,RECEIVED
7851,PO-0007851,342,4,2024-04-29,USD,RECEIVED
7852,PO-0007852,390,12,2025-01-24,USD,RECEIVED
7853,PO-0007853,397,4,2025-08-07,USD,RECEIVED
7854,PO-0007854,468,6,2025-08-10,USD,CANCELLED
7855,PO-0007855,167,2,2025-11-01,USD,CANCELLED
7856,PO-0007856,138,1,2023-07-05,USD,RECEIVED
7857,PO-0007857,275,7,2023-08-25,USD,RECEIVED
7858,PO-0007858,195,9,2026-05-14,USD,RECEIVED
7859,PO-0007859,69,6,2026-01-09,USD,RECEIVED
7860,PO-0007860,6,10,2025-01-12,USD,RECEIVED
7861,PO-0007861,377,10,2024-07-22,USD,OPEN
7862,PO-0007862,379,6,2024-10-24,USD,RECEIVED
7863,PO-0007863,244,1,2023-05-05,USD,RECEIVED
7864,PO-0007864,338,10,2024-08-22,USD,RECEIVED
7865,PO-0007865,415,9,2024-01-12,USD,RECEIVED
7866,PO-0007866,329,4,2023-07-18,USD,PARTIAL
7867,PO-0007867,284,3,2025-12-05,USD,CANCELLED
7868,PO-0007868,381,8,2023-03-07,USD,RECEIVED
7869,PO-0007869,165,1,2024-08-25,USD,PARTIAL
7870,PO-0007870,289,8,2026-07-15,USD,CANCELLED
7871,PO-0007871,316,3,2023-09-06,USD,RECEIVED
7872,PO-0007872,193,2,2024-04-10,USD,RECEIVED
7873,PO-0007873,58,10,2025-05-13,USD,PARTIAL
7874,PO-0007874,176,11,2025-07-04,USD,RECEIVED
7875,PO-0007875,52,6,2024-06-27,USD,RECEIVED
7876,PO-0007876,200,8,2026-06-10,USD,RECEIVED
7877,PO-0007877,23,11,2025-12-19,USD,RECEIVED
7878,PO-0007878,253,7,2026-04-05,USD,RECEIVED
7879,PO-0007879,138,6,2023-05-22,USD,RECEIVED
7880,PO-0007880,240,3,2026-09-11,USD,RECEIVED
7881,PO-0007881,143,6,2023-06-20,USD,RECEIVED
7882,PO-0007882,272,10,2024-01-26,USD,RECEIVED
7883,PO-0007883,253,12,2026-08-10,USD,RECEIVED
7884,PO-0007884,117,8,2026-08-03,USD,RECEIVED
7885,PO-0007885,86,2,2025-09-18,USD,OPEN
7886,PO-0007886,155,3,2025-04-23,USD,RECEIVED
7887,PO-0007887,394,6,2025-01-30,USD,RECEIVED
7888,PO-0007888,485,9,2023-02-10,USD,CANCELLED
7889,PO-0007889,67,1,2024-02-09,USD,OPEN
7890,PO-0007890,483,1,2025-12-17,USD,RECEIVED
7891,PO-0007891,391,3,2026-03-16,USD,RECEIVED
7892,PO-0007892,422,9,2025-09-16,USD,RECEIVED
7893,PO-0007893,88,10,2024-08-09,USD,RECEIVED
7894,PO-0007894,420,6,2026-08-17,USD,RECEIVED
7895,PO-0007895,353,9,2025-04-17,USD,RECEIVED
7896,PO-0007896,48,2,2024-10-05,USD,CANCELLED
7897,PO-0007897,277,6,2025-09-17,USD,RECEIVED
7898,PO-0007898,54,8,2026-05-29,USD,RECEIVED
7899,PO-0007899,69,10,2023-12-22,USD,CANCELLED
7900,PO-0007900,296,8,2023-08-08,USD,CANCELLED
7901,PO-0007901,66,12,2026-04-02,USD,RECEIVED
7902,PO-0007902,382,5,2024-07-19,USD,RECEIVED
7903,PO-0007903,67,11,2025-12-20,USD,RECEIVED
7904,PO-0007904,279,9,2025-11-26,USD,OPEN
7905,PO-0007905,433,10,2023-12-17,USD,RECEIVED
7906,PO-0007906,220,5,2025-02-17,USD,RECEIVED
7907,PO-0007907,124,3,2025-10-25,USD,CANCELLED
7908,PO-0007908,315,4,2025-01-20,USD,RECEIVED
7909,PO-0007909,487,7,2023-09-15,USD,RECEIVED
7910,PO-0007910,49,2,2023-08-18,USD,RECEIVED
7911,PO-0007911,155,12,2023-05-09,USD,RECEIVED
7912,PO-0007912,107,10,2024-08-19,USD,CANCELLED
7913,PO-0007913,60,12,2024-12-04,USD,RECEIVED
7914,PO-0007914,352,1,2024-09-27,USD,RECEIVED
7915,PO-0007915,81,9,2026-01-14,USD,RECEIVED
7916,PO-0007916,411,7,2026-03-03,USD,RECEIVED
7917,PO-0007917,372,4,2024-02-26,USD,OPEN
7918,PO-0007918,299,3,2026-02-17,USD,RECEIVED
7919,PO-0007919,298,4,2026-04-13,USD,CANCELLED
7920,PO-0007920,484,8,2025-11-24,USD,RECEIVED
7921,PO-0007921,398,12,2024-08-13,USD,RECEIVED
7922,PO-0007922,383,6,2025-06-22,USD,RECEIVED
7923,PO-0007923,365,11,2025-06-27,USD,RECEIVED
7924,PO-0007924,223,2,2024-03-27,USD,CANCELLED
7925,PO-0007925,161,7,2024-07-11,USD,RECEIVED
7926,PO-0007926,235,10,2025-03-23,USD,PARTIAL
7927,PO-0007927,355,2,2026-04-12,USD,CANCELLED
7928,PO-0007928,482,3,2023-08-03,USD,RECEIVED
7929,PO-0007929,179,11,2026-07-17,USD,RECEIVED
7930,PO-0007930,53,1,2023-10-01,USD,RECEIVED
7931,PO-0007931,354,7,2025-12-02,USD,RECEIVED
7932,PO-0007932,496,4,2024-05-24,USD,OPEN
7933,PO-0007933,451,4,2023-01-21,USD,RECEIVED
7934,PO-0007934,148,2,2024-01-23,USD,RECEIVED
7935,PO-0007935,495,7,2024-07-03,USD,RECEIVED
7936,PO-0007936,126,8,2025-08-13,USD,RECEIVED
7937,PO-0007937,280,9,2025-10-10,USD,OPEN
7938,PO-0007938,197,8,2025-09-17,USD,CANCELLED
7939,PO-0007939,160,2,2025-11-11,USD,RECEIVED
7940,PO-0007940,189,8,2023-02-04,USD,RECEIVED
7941,PO-0007941,466,4,2024-11-26,USD,RECEIVED
7942,PO-0007942,364,8,2026-03-23,USD,OPEN
7943,PO-0007943,2,2,2025-03-30,USD,RECEIVED
7944,PO-0007944,337,9,2023-11-25,USD,RECEIVED
7945,PO-0007945,412,6,2023-08-20,USD,PARTIAL
7946,PO-0007946,17,7,2024-09-10,USD,PARTIAL
7947,PO-0007947,49,2,2023-01-20,USD,RECEIVED
7948,PO-0007948,259,12,2023-08-08,USD,RECEIVED
7949,PO-0007949,324,7,2024-01-26,USD,RECEIVED
7950,PO-0007950,180,12,2024-07-02,USD,RECEIVED
7951,PO-0007951,207,2,2024-11-23,USD,OPEN
7952,PO-0007952,131,10,2026-07-20,USD,RECEIVED
7953,PO-0007953,157,5,2025-02-17,USD,RECEIVED
7954,PO-0007954,67,6,2025-01-15,USD,RECEIVED
7955,PO-0007955,62,11,2025-04-20,USD,RECEIVED
7956,PO-0007956,285,3,2025-12-25,USD,CANCELLED
7957,PO-0007957,62,3,2026-06-25,USD,RECEIVED
7958,PO-0007958,292,12,2025-05-12,USD,OPEN
7959,PO-0007959,165,9,2026-09-19,USD,CANCELLED
7960,PO-0007960,428,7,2026-05-10,USD,RECEIVED
7961,PO-0007961,156,4,2025-04-20,USD,RECEIVED
7962,PO-0007962,186,10,2024-09-24,USD,RECEIVED
7963,PO-0007963,176,10,2023-08-15,USD,RECEIVED
7964,PO-0007964,150,8,2023-04-06,USD,RECEIVED
7965,PO-0007965,373,11,2024-05-25,USD,RECEIVED
7966,PO-0007966,374,2,2025-12-16,USD,CANCELLED
7967,PO-0007967,456,8,2024-09-10,USD,RECEIVED
7968,PO-0007968,477,5,2026-09-13,USD,RECEIVED
7969,PO-0007969,500,11,2025-10-28,USD,CANCELLED
7970,PO-0007970,6,7,2025-10-04,USD,OPEN
7971,PO-0007971,339,2,2025-11-11,USD,RECEIVED
7972,PO-0007972,261,1,2024-05-01,USD,OPEN
7973,PO-0007973,210,11,2023-09-27,USD,RECEIVED
7974,PO-0007974,117,1,2026-08-14,USD,CANCELLED
7975,PO-0007975,346,9,2025-05-14,USD,RECEIVED
7976,PO-0007976,29,2,2025-09-23,USD,OPEN
7977,PO-0007977,232,4,2023-10-20,USD,RECEIVED
7978,PO-0007978,222,9,2026-07-18,USD,RECEIVED
7979,PO-0007979,231,11,2026-04-08,USD,RECEIVED
7980,PO-0007980,359,5,2023-10-13,USD,RECEIVED
7981,PO-0007981,57,9,2024-01-03,USD,RECEIVED
7982,PO-0007982,448,12,2025-03-28,USD,CANCELLED
7983,PO-0007983,286,3,2023-05-01,USD,RECEIVED
7984,PO-0007984,278,4,2025-10-24,USD,RECEIVED
7985,PO-0007985,80,8,2023-03-30,USD,RECEIVED
7986,PO-0007986,455,5,2023-09-07,USD,OPEN
7987,PO-0007987,499,2,2025-04-02,USD,RECEIVED
7988,PO-0007988,388,4,2023-12-20,USD,RECEIVED
7989,PO-0007989,4,8,2025-08-23,USD,RECEIVED
7990,PO-0007990,483,4,2024-03-07,USD,OPEN
7991,PO-0007991,382,3,2024-08-13,USD,RECEIVED
7992,PO-0007992,268,5,2024-06-24,USD,CANCELLED
7993,PO-0007993,98,2,2024-07-25,USD,CANCELLED
7994,PO-0007994,308,1,2024-01-24,USD,RECEIVED
7995,PO-0007995,477,8,2024-11-01,USD,PARTIAL
7996,PO-0007996,481,8,2026-06-11,USD,RECEIVED
7997,PO-0007997,241,3,2025-01-31,USD,RECEIVED
7998,PO-0007998,255,4,2025-05-24,USD,RECEIVED
7999,PO-0007999,334,7,2024-01-22,USD,RECEIVED
8000,PO-0008000,477,7,2026-05-21,USD,PARTIAL
8001,PO-0008001,48,3,2026-08-27,USD,PARTIAL
8002,PO-0008002,235,1,2025-01-31,USD,RECEIVED
8003,PO-0008003,380,2,2023-09-10,USD,PARTIAL
8004,PO-0008004,123,9,2024-04-13,USD,RECEIVED
8005,PO-0008005,244,9,2026-04-25,USD,CANCELLED
8006,PO-0008006,243,4,2024-03-29,USD,RECEIVED
8007,PO-0008007,491,2,2025-07-28,USD,RECEIVED
8008,PO-0008008,194,6,2025-01-17,USD,RECEIVED
8009,PO-0008009,374,3,2026-05-13,USD,RECEIVED
8010,PO-0008010,193,9,2024-03-29,USD,RECEIVED
8011,PO-0008011,301,12,2026-08-13,USD,RECEIVED
8012,PO-0008012,236,4,2026-07-09,USD,RECEIVED
8013,PO-0008013,15,12,2025-09-26,USD,OPEN
8014,PO-0008014,2,4,2026-06-24,USD,RECEIVED
8015,PO-0008015,137,2,2026-07-17,USD,PARTIAL
8016,PO-0008016,202,4,2023-03-23,USD,RECEIVED
8017,PO-0008017,471,7,2023-10-22,USD,RECEIVED
8018,PO-0008018,121,12,2025-11-08,USD,RECEIVED
8019,PO-0008019,7,5,2024-07-25,USD,PARTIAL
8020,PO-0008020,78,5,2023-07-18,USD,RECEIVED
8021,PO-0008021,202,6,2023-03-01,USD,CANCELLED
8022,PO-0008022,481,8,2026-07-02,USD,RECEIVED
8023,PO-0008023,328,2,2025-08-02,USD,PARTIAL
8024,PO-0008024,481,12,2023-06-18,USD,OPEN
8025,PO-0008025,105,4,2025-04-01,USD,CANCELLED
8026,PO-0008026,462,8,2023-02-10,USD,RECEIVED
8027,PO-0008027,52,7,2025-05-20,USD,RECEIVED
8028,PO-0008028,133,9,2025-11-07,USD,RECEIVED
8029,PO-0008029,26,10,2026-08-30,USD,RECEIVED
8030,PO-0008030,345,3,2026-02-04,USD,OPEN
8031,PO-0008031,388,5,2023-04-15,USD,PARTIAL
8032,PO-0008032,444,12,2023-07-28,USD,RECEIVED
8033,PO-0008033,229,12,2023-03-31,USD,RECEIVED
8034,PO-0008034,397,12,2023-08-20,USD,CANCELLED
8035,PO-0008035,257,2,2023-06-10,USD,RECEIVED
8036,PO-0008036,40,1,2023-07-11,USD,RECEIVED
8037,PO-0008037,446,4,2024-11-25,USD,RECEIVED
8038,PO-0008038,172,5,2023-12-30,USD,PARTIAL
8039,PO-0008039,274,10,2024-06-17,USD,RECEIVED
8040,PO-0008040,406,4,2025-10-08,USD,OPEN
8041,PO-0008041,380,3,2023-08-29,USD,PARTIAL
8042,PO-0008042,466,7,2023-12-07,USD,PARTIAL
8043,PO-0008043,376,5,2026-05-01,USD,CANCELLED
8044,PO-0008044,385,11,2025-06-08,USD,PARTIAL
8045,PO-0008045,266,7,2024-06-17,USD,RECEIVED
8046,PO-0008046,377,7,2024-09-13,USD,RECEIVED
8047,PO-0008047,267,6,2024-08-21,USD,OPEN
8048,PO-0008048,243,2,2026-07-26,USD,RECEIVED
8049,PO-0008049,340,6,2026-09-26,USD,RECEIVED
8050,PO-0008050,263,11,2024-04-25,USD,RECEIVED
8051,PO-0008051,154,6,2023-09-07,USD,RECEIVED
8052,PO-0008052,384,10,2025-11-06,USD,RECEIVED
8053,PO-0008053,22,11,2025-08-23,USD,RECEIVED
8054,PO-0008054,59,9,2023-05-18,USD,RECEIVED
8055,PO-0008055,114,2,2023-04-08,USD,RECEIVED
8056,PO-0008056,376,9,2025-03-16,USD,PARTIAL
8057,PO-0008057,371,12,2026-02-19,USD,RECEIVED
8058,PO-0008058,33,4,2024-06-17,USD,RECEIVED
8059,PO-0008059,393,9,2024-03-22,USD,CANCELLED
8060,PO-0008060,287,8,2024-06-18,USD,RECEIVED
8061,PO-0008061,421,7,2024-01-19,USD,PARTIAL
8062,PO-0008062,147,7,2023-08-28,USD,CANCELLED
8063,PO-0008063,204,6,2023-06-21,USD,RECEIVED
8064,PO-0008064,264,6,2026-09-18,USD,PARTIAL
8065,PO-0008065,381,1,2023-01-26,USD,OPEN
8066,PO-0008066,38,7,2023-07-07,USD,RECEIVED
8067,PO-0008067,33,5,2023-11-03,USD,RECEIVED
8068,PO-0008068,122,2,2024-08-28,USD,CANCELLED
8069,PO-0008069,361,10,2023-04-28,USD,RECEIVED
8070,PO-0008070,141,12,2023-01-09,USD,OPEN
8071,PO-0008071,477,11,2025-06-20,USD,OPEN
8072,PO-0008072,382,4,2025-07-25,USD,PARTIAL
8073,PO-0008073,146,10,2026-05-15,USD,OPEN
8074,PO-0008074,358,3,2026-09-30,USD,RECEIVED
8075,PO-0008075,242,9,2026-02-26,USD,RECEIVED
8076,PO-0008076,60,4,2025-05-06,USD,RECEIVED
8077,PO-0008077,60,6,2023-01-22,USD,PARTIAL
8078,PO-0008078,69,11,2025-11-21,USD,RECEIVED
8079,PO-0008079,54,11,2025-09-05,USD,RECEIVED
8080,PO-0008080,349,5,2023-06-17,USD,RECEIVED
8081,PO-0008081,356,5,2025-07-12,USD,RECEIVED
8082,PO-0008082,481,7,2023-08-28,USD,RECEIVED
8083,PO-0008083,450,10,2024-10-02,USD,RECEIVED
8084,PO-0008084,208,5,2026-01-22,USD,RECEIVED
8085,PO-0008085,398,7,2024-07-22,USD,RECEIVED
8086,PO-0008086,87,10,2025-11-15,USD,RECEIVED
8087,PO-0008087,330,9,2026-06-03,USD,RECEIVED
8088,PO-0008088,475,1,2025-11-30,USD,OPEN
8089,PO-0008089,101,3,2023-03-04,USD,RECEIVED
8090,PO-0008090,42,4,2023-01-21,USD,OPEN
8091,PO-0008091,37,7,2024-06-11,USD,RECEIVED
8092,PO-0008092,468,5,2025-12-22,USD,RECEIVED
8093,PO-0008093,90,9,2023-10-09,USD,RECEIVED
8094,PO-0008094,340,10,2025-10-13,USD,RECEIVED
8095,PO-0008095,226,10,2024-09-13,USD,RECEIVED
8096,PO-0008096,156,10,2023-10-17,USD,RECEIVED
8097,PO-0008097,438,10,2023-12-20,USD,RECEIVED
8098,PO-0008098,32,4,2023-05-20,USD,RECEIVED
8099,PO-0008099,397,11,2025-08-27,USD,CANCELLED
8100,PO-0008100,171,12,2026-02-25,USD,CANCELLED
8101,PO-0008101,9,7,2026-05-06,USD,RECEIVED
8102,PO-0008102,245,5,2025-09-07,USD,OPEN
8103,PO-0008103,476,11,2023-04-28,USD,RECEIVED
8104,PO-0008104,490,6,2024-05-07,USD,RECEIVED
8105,PO-0008105,16,3,2024-11-28,USD,RECEIVED
8106,PO-0008106,86,8,2025-01-29,USD,RECEIVED
8107,PO-0008107,257,3,2025-02-24,USD,CANCELLED
8108,PO-0008108,59,7,2025-06-26,USD,RECEIVED
8109,PO-0008109,84,6,2025-12-20,USD,OPEN
8110,PO-0008110,152,3,2024-04-16,USD,RECEIVED
8111,PO-0008111,224,10,2024-03-01,USD,RECEIVED
8112,PO-0008112,475,11,2025-01-13,USD,OPEN
8113,PO-0008113,72,11,2024-11-08,USD,CANCELLED
8114,PO-0008114,47,10,2024-07-17,USD,CANCELLED
8115,PO-0008115,96,9,2026-08-23,USD,OPEN
8116,PO-0008116,134,1,2024-03-31,USD,CANCELLED
8117,PO-0008117,217,2,2023-12-24,USD,RECEIVED
8118,PO-0008118,264,5,2025-06-13,USD,RECEIVED
8119,PO-0008119,258,9,2026-07-21,USD,RECEIVED
8120,PO-0008120,255,1,2023-05-03,USD,RECEIVED
8121,PO-0008121,344,8,2025-11-30,USD,RECEIVED
8122,PO-0008122,433,2,2025-10-13,USD,OPEN
8123,PO-0008123,479,11,2025-12-26,USD,RECEIVED
8124,PO-0008124,344,10,2026-07-31,USD,RECEIVED
8125,PO-0008125,362,8,2026-09-26,USD,RECEIVED
8126,PO-0008126,359,6,2024-06-06,USD,RECEIVED
8127,PO-0008127,389,6,2023-10-16,USD,RECEIVED
8128,PO-0008128,186,9,2023-03-03,USD,RECEIVED
8129,PO-0008129,406,6,2026-01-23,USD,RECEIVED
8130,PO-0008130,462,10,2023-09-29,USD,RECEIVED
8131,PO-0008131,484,9,2024-10-13,USD,RECEIVED
8132,PO-0008132,31,5,2024-08-05,USD,CANCELLED
8133,PO-0008133,497,4,2026-06-25,USD,RECEIVED
8134,PO-0008134,93,3,2023-08-25,USD,RECEIVED
8135,PO-0008135,197,6,2023-06-03,USD,RECEIVED
8136,PO-0008136,172,4,2023-01-25,USD,RECEIVED
8137,PO-0008137,34,11,2025-01-16,USD,RECEIVED
8138,PO-0008138,20,7,2023-09-10,USD,RECEIVED
8139,PO-0008139,418,11,2026-03-31,USD,RECEIVED
8140,PO-0008140,455,10,2024-05-20,USD,CANCELLED
8141,PO-0008141,167,9,2025-05-02,USD,OPEN
8142,PO-0008142,204,5,2024-06-12,USD,RECEIVED
8143,PO-0008143,464,7,2026-06-13,USD,OPEN
8144,PO-0008144,101,1,2025-02-28,USD,PARTIAL
8145,PO-0008145,111,8,2024-10-20,USD,RECEIVED
8146,PO-0008146,253,9,2026-04-18,USD,RECEIVED
8147,PO-0008147,238,12,2025-09-23,USD,RECEIVED
8148,PO-0008148,358,10,2025-10-19,USD,RECEIVED
8149,PO-0008149,175,2,2023-02-02,USD,OPEN
8150,PO-0008150,7,11,2026-01-17,USD,RECEIVED
8151,PO-0008151,377,1,2024-10-29,USD,RECEIVED
8152,PO-0008152,291,1,2024-08-09,USD,RECEIVED
8153,PO-0008153,59,6,2025-07-30,USD,RECEIVED
8154,PO-0008154,319,10,2024-05-03,USD,OPEN
8155,PO-0008155,482,12,2024-03-20,USD,PARTIAL
8156,PO-0008156,307,6,2026-07-30,USD,RECEIVED
8157,PO-0008157,373,4,2024-08-18,USD,RECEIVED
8158,PO-0008158,249,12,2023-03-19,USD,RECEIVED
8159,PO-0008159,144,1,2026-05-28,USD,OPEN
8160,PO-0008160,428,1,2024-07-08,USD,CANCELLED
8161,PO-0008161,157,2,2024-10-26,USD,CANCELLED
8162,PO-0008162,436,1,2025-07-19,USD,RECEIVED
8163,PO-0008163,349,11,2023-08-24,USD,PARTIAL
8164,PO-0008164,233,11,2023-11-06,USD,PARTIAL
8165,PO-0008165,114,6,2023-07-26,USD,OPEN
8166,PO-0008166,147,5,2023-04-08,USD,RECEIVED
8167,PO-0008167,375,2,2025-10-07,USD,RECEIVED
8168,PO-0008168,73,12,2024-07-23,USD,RECEIVED
8169,PO-0008169,259,1,2026-08-07,USD,PARTIAL
8170,PO-0008170,464,6,2025-07-20,USD,PARTIAL
8171,PO-0008171,246,10,2024-09-18,USD,PARTIAL
8172,PO-0008172,302,9,2026-06-26,USD,RECEIVED
8173,PO-0008173,413,4,2026-05-01,USD,RECEIVED
8174,PO-0008174,138,2,2024-12-20,USD,RECEIVED
8175,PO-0008175,390,3,2026-08-18,USD,PARTIAL
8176,PO-0008176,237,10,2025-05-02,USD,RECEIVED
8177,PO-0008177,241,4,2025-12-07,USD,RECEIVED
8178,PO-0008178,378,7,2026-07-08,USD,OPEN
8179,PO-0008179,300,2,2024-03-01,USD,OPEN
8180,PO-0008180,412,4,2023-05-18,USD,RECEIVED
8181,PO-0008181,285,8,2023-03-27,USD,CANCELLED
8182,PO-0008182,194,9,2025-09-19,USD,PARTIAL
8183,PO-0008183,386,3,2023-11-09,USD,RECEIVED
8184,PO-0008184,128,2,2025-05-25,USD,RECEIVED
8185,PO-0008185,269,4,2023-01-28,USD,RECEIVED
8186,PO-0008186,460,9,2025-05-19,USD,OPEN
8187,PO-0008187,302,3,2024-07-17,USD,CANCELLED
8188,PO-0008188,134,8,2024-10-05,USD,RECEIVED
8189,PO-0008189,195,8,2026-01-06,USD,PARTIAL
8190,PO-0008190,215,5,2024-07-18,USD,RECEIVED
8191,PO-0008191,369,7,2023-08-29,USD,RECEIVED
8192,PO-0008192,479,5,2023-08-13,USD,CANCELLED
8193,PO-0008193,29,4,2023-08-13,USD,RECEIVED
8194,PO-0008194,104,2,2024-03-10,USD,RECEIVED
8195,PO-0008195,355,8,2024-02-18,USD,CANCELLED
8196,PO-0008196,32,5,2024-03-21,USD,RECEIVED
8197,PO-0008197,209,10,2023-12-12,USD,RECEIVED
8198,PO-0008198,442,1,2024-07-01,USD,RECEIVED
8199,PO-0008199,449,5,2025-01-21,USD,RECEIVED
8200,PO-0008200,83,8,2025-10-19,USD,RECEIVED
8201,PO-0008201,246,2,2024-06-05,USD,RECEIVED
8202,PO-0008202,353,2,2026-06-22,USD,RECEIVED
8203,PO-0008203,437,8,2023-08-19,USD,OPEN
8204,PO-0008204,34,5,2024-01-14,USD,CANCELLED
8205,PO-0008205,53,6,2025-06-03,USD,RECEIVED
8206,PO-0008206,427,7,2026-05-10,USD,CANCELLED
8207,PO-0008207,97,8,2024-11-20,USD,OPEN
8208,PO-0008208,72,9,2025-09-22,USD,RECEIVED
8209,PO-0008209,190,11,2024-03-08,USD,CANCELLED
8210,PO-0008210,272,1,2025-03-21,USD,RECEIVED
8211,PO-0008211,123,4,2025-03-14,USD,RECEIVED
8212,PO-0008212,93,5,2026-08-08,USD,RECEIVED
8213,PO-0008213,427,12,2023-05-13,USD,RECEIVED
8214,PO-0008214,434,6,2023-11-15,USD,PARTIAL
8215,PO-0008215,80,5,2023-01-16,USD,RECEIVED
8216,PO-0008216,114,1,2024-01-04,USD,PARTIAL
8217,PO-0008217,355,2,2024-05-14,USD,RECEIVED
8218,PO-0008218,156,1,2025-11-15,USD,PARTIAL
8219,PO-0008219,192,2,2025-07-01,USD,RECEIVED
8220,PO-0008220,176,8,2025-02-17,USD,RECEIVED
8221,PO-0008221,174,5,2023-03-04,USD,RECEIVED
8222,PO-0008222,238,1,2024-03-16,USD,RECEIVED
8223,PO-0008223,92,3,2025-04-19,USD,PARTIAL
8224,PO-0008224,398,7,2024-04-09,USD,RECEIVED
8225,PO-0008225,212,4,2025-08-12,USD,PARTIAL
8226,PO-0008226,183,8,2026-01-27,USD,RECEIVED
8227,PO-0008227,240,1,2025-09-28,USD,RECEIVED
8228,PO-0008228,145,9,2023-11-29,USD,PARTIAL
8229,PO-0008229,121,1,2025-05-07,USD,OPEN
8230,PO-0008230,223,3,2026-06-13,USD,RECEIVED
8231,PO-0008231,238,3,2023-07-24,USD,PARTIAL
8232,PO-0008232,362,9,2025-12-31,USD,RECEIVED
8233,PO-0008233,458,11,2026-09-05,USD,PARTIAL
8234,PO-0008234,226,7,2026-02-23,USD,RECEIVED
8235,PO-0008235,474,6,2023-06-28,USD,RECEIVED
8236,PO-0008236,73,6,2024-03-03,USD,RECEIVED
8237,PO-0008237,101,5,2023-02-06,USD,RECEIVED
8238,PO-0008238,220,12,2025-05-18,USD,RECEIVED
8239,PO-0008239,500,12,2024-05-18,USD,RECEIVED
8240,PO-0008240,477,1,2024-01-19,USD,RECEIVED
8241,PO-0008241,162,6,2026-07-28,USD,RECEIVED
8242,PO-0008242,227,1,2025-05-28,USD,PARTIAL
8243,PO-0008243,433,10,2024-07-25,USD,PARTIAL
8244,PO-0008244,393,9,2023-02-04,USD,RECEIVED
8245,PO-0008245,494,11,2024-12-31,USD,PARTIAL
8246,PO-0008246,423,7,2024-03-28,USD,RECEIVED
8247,PO-0008247,80,6,2023-07-16,USD,CANCELLED
8248,PO-0008248,401,4,2023-10-05,USD,RECEIVED
8249,PO-0008249,9,8,2026-06-08,USD,RECEIVED
8250,PO-0008250,172,10,2023-10-19,USD,CANCELLED
8251,PO-0008251,431,8,2026-09-06,USD,RECEIVED
8252,PO-0008252,125,6,2023-07-01,USD,RECEIVED
8253,PO-0008253,449,9,2024-04-04,USD,RECEIVED
8254,PO-0008254,249,4,2024-01-16,USD,RECEIVED
8255,PO-0008255,207,9,2025-07-26,USD,PARTIAL
8256,PO-0008256,212,6,2023-05-31,USD,CANCELLED
8257,PO-0008257,339,8,2024-05-03,USD,RECEIVED
8258,PO-0008258,456,5,2025-06-19,USD,RECEIVED
8259,PO-0008259,231,12,2026-06-21,USD,RECEIVED
8260,PO-0008260,490,9,2025-08-15,USD,OPEN
8261,PO-0008261,197,9,2023-10-13,USD,OPEN
8262,PO-0008262,58,5,2025-09-14,USD,RECEIVED
8263,PO-0008263,321,12,2025-06-18,USD,RECEIVED
8264,PO-0008264,227,11,2026-01-10,USD,RECEIVED
8265,PO-0008265,14,1,2026-09-10,USD,RECEIVED
8266,PO-0008266,278,10,2026-06-06,USD,RECEIVED
8267,PO-0008267,218,12,2023-11-23,USD,RECEIVED
8268,PO-0008268,377,10,2025-08-20,USD,CANCELLED
8269,PO-0008269,48,4,2023-09-25,USD,CANCELLED
8270,PO-0008270,482,10,2023-11-08,USD,RECEIVED
8271,PO-0008271,270,7,2026-07-26,USD,RECEIVED
8272,PO-0008272,356,4,2023-07-26,USD,RECEIVED
8273,PO-0008273,382,10,2023-06-12,USD,CANCELLED
8274,PO-0008274,498,1,2025-12-29,USD,RECEIVED
8275,PO-0008275,441,12,2025-01-16,USD,OPEN
8276,PO-0008276,182,1,2024-08-30,USD,CANCELLED
8277,PO-0008277,213,4,2024-07-09,USD,RECEIVED
8278,PO-0008278,487,9,2023-08-01,USD,CANCELLED
8279,PO-0008279,3,7,2024-02-02,USD,RECEIVED
8280,PO-0008280,300,5,2024-03-28,USD,RECEIVED
8281,PO-0008281,123,8,2025-04-13,USD,OPEN
8282,PO-0008282,85,5,2024-01-28,USD,RECEIVED
8283,PO-0008283,184,4,2023-12-12,USD,OPEN
8284,PO-0008284,387,11,2024-01-01,USD,RECEIVED
8285,PO-0008285,475,2,2024-03-04,USD,RECEIVED
8286,PO-0008286,247,9,2024-11-28,USD,PARTIAL
8287,PO-0008287,384,4,2024-07-23,USD,RECEIVED
8288,PO-0008288,456,4,2025-12-11,USD,CANCELLED
8289,PO-0008289,407,10,2025-02-24,USD,RECEIVED
8290,PO-0008290,424,9,2024-09-26,USD,RECEIVED
8291,PO-0008291,366,12,2023-10-30,USD,CANCELLED
8292,PO-0008292,171,10,2023-10-16,USD,RECEIVED
8293,PO-0008293,377,5,2024-02-06,USD,CANCELLED
8294,PO-0008294,85,11,2026-02-02,USD,CANCELLED
8295,PO-0008295,434,5,2025-01-25,USD,RECEIVED
8296,PO-0008296,56,9,2023-06-20,USD,RECEIVED
8297,PO-0008297,136,6,2026-01-17,USD,RECEIVED
8298,PO-0008298,442,3,2026-07-16,USD,RECEIVED
8299,PO-0008299,378,3,2026-09-25,USD,RECEIVED
8300,PO-0008300,187,2,2024-11-13,USD,CANCELLED
8301,PO-0008301,330,1,2023-09-18,USD,RECEIVED
8302,PO-0008302,150,7,2025-02-02,USD,RECEIVED
8303,PO-0008303,81,8,2024-05-27,USD,PARTIAL
8304,PO-0008304,493,10,2025-05-17,USD,RECEIVED
8305,PO-0008305,66,8,2024-05-08,USD,CANCELLED
8306,PO-0008306,114,10,2023-11-30,USD,RECEIVED
8307,PO-0008307,458,7,2023-01-15,USD,PARTIAL
8308,PO-0008308,81,10,2024-01-18,USD,RECEIVED
8309,PO-0008309,139,10,2024-01-11,USD,RECEIVED
8310,PO-0008310,397,10,2023-08-01,USD,RECEIVED
8311,PO-0008311,35,11,2026-02-15,USD,RECEIVED
8312,PO-0008312,434,2,2026-03-07,USD,OPEN
8313,PO-0008313,250,3,2024-10-29,USD,CANCELLED
8314,PO-0008314,31,7,2026-05-28,USD,RECEIVED
8315,PO-0008315,446,4,2025-09-20,USD,CANCELLED
8316,PO-0008316,115,5,2026-05-08,USD,OPEN
8317,PO-0008317,485,9,2025-02-23,USD,RECEIVED
8318,PO-0008318,429,8,2026-04-07,USD,OPEN
8319,PO-0008319,280,6,2024-05-05,USD,RECEIVED
8320,PO-0008320,243,2,2025-03-28,USD,RECEIVED
8321,PO-0008321,114,12,2023-01-12,USD,PARTIAL
8322,PO-0008322,260,10,2023-08-14,USD,PARTIAL
8323,PO-0008323,15,2,2026-01-13,USD,CANCELLED
8324,PO-0008324,356,11,2024-11-05,USD,RECEIVED
8325,PO-0008325,319,2,2023-03-21,USD,OPEN
8326,PO-0008326,101,3,2025-06-29,USD,RECEIVED
8327,PO-0008327,183,6,2025-03-11,USD,PARTIAL
8328,PO-0008328,176,7,2024-04-03,USD,RECEIVED
8329,PO-0008329,282,10,2025-11-16,USD,CANCELLED
8330,PO-0008330,105,8,2024-01-29,USD,CANCELLED
8331,PO-0008331,452,8,2024-11-16,USD,PARTIAL
8332,PO-0008332,243,4,2026-05-09,USD,OPEN
8333,PO-0008333,324,12,2026-07-10,USD,RECEIVED
8334,PO-0008334,279,3,2023-12-28,USD,RECEIVED
8335,PO-0008335,196,10,2026-07-07,USD,OPEN
8336,PO-0008336,442,3,2024-01-02,USD,PARTIAL
8337,PO-0008337,176,4,2025-07-29,USD,OPEN
8338,PO-0008338,387,9,2026-01-06,USD,RECEIVED
8339,PO-0008339,73,10,2025-06-22,USD,PARTIAL
8340,PO-0008340,438,7,2024-04-23,USD,OPEN
8341,PO-0008341,402,12,2025-01-31,USD,CANCELLED
8342,PO-0008342,331,5,2026-09-30,USD,RECEIVED
8343,PO-0008343,146,9,2024-05-14,USD,RECEIVED
8344,PO-0008344,189,1,2026-04-21,USD,RECEIVED
8345,PO-0008345,308,5,2026-05-04,USD,RECEIVED
8346,PO-0008346,242,2,2023-04-23,USD,RECEIVED
8347,PO-0008347,42,1,2023-10-13,USD,RECEIVED
8348,PO-0008348,471,11,2026-01-29,USD,RECEIVED
8349,PO-0008349,63,4,2024-10-04,USD,RECEIVED
8350,PO-0008350,21,12,2025-04-17,USD,PARTIAL
8351,PO-0008351,463,10,2025-09-25,USD,PARTIAL
8352,PO-0008352,260,1,2024-07-22,USD,RECEIVED
8353,PO-0008353,260,9,2024-10-02,USD,CANCELLED
8354,PO-0008354,257,5,2024-02-15,USD,OPEN
8355,PO-0008355,430,9,2025-10-28,USD,PARTIAL
8356,PO-0008356,375,4,2025-02-03,USD,PARTIAL
8357,PO-0008357,364,6,2023-08-02,USD,RECEIVED
8358,PO-0008358,480,9,2025-01-13,USD,RECEIVED
8359,PO-0008359,321,6,2023-05-03,USD,RECEIVED
8360,PO-0008360,257,7,2023-12-05,USD,CANCELLED
8361,PO-0008361,296,12,2025-07-25,USD,CANCELLED
8362,PO-0008362,390,11,2023-07-20,USD,RECEIVED
8363,PO-0008363,41,6,2023-01-09,USD,RECEIVED
8364,PO-0008364,84,9,2025-01-04,USD,CANCELLED
8365,PO-0008365,199,12,2023-04-15,USD,RECEIVED
8366,PO-0008366,105,10,2025-06-26,USD,PARTIAL
8367,PO-0008367,140,9,2024-12-09,USD,RECEIVED
8368,PO-0008368,373,5,2023-01-11,USD,OPEN
8369,PO-0008369,173,10,2024-09-27,USD,CANCELLED
8370,PO-0008370,78,11,2025-06-14,USD,RECEIVED
8371,PO-0008371,447,2,2023-12-14,USD,RECEIVED
8372,PO-0008372,262,3,2025-12-07,USD,RECEIVED
8373,PO-0008373,54,11,2023-06-30,USD,PARTIAL
8374,PO-0008374,108,6,2024-07-25,USD,OPEN
8375,PO-0008375,24,9,2025-08-01,USD,CANCELLED
8376,PO-0008376,154,6,2023-04-30,USD,RECEIVED
8377,PO-0008377,262,10,2025-12-06,USD,RECEIVED
8378,PO-0008378,297,6,2023-04-04,USD,RECEIVED
8379,PO-0008379,374,4,2024-07-24,USD,RECEIVED
8380,PO-0008380,325,8,2023-02-21,USD,RECEIVED
8381,PO-0008381,323,12,2024-03-24,USD,RECEIVED
8382,PO-0008382,136,2,2025-03-22,USD,RECEIVED
8383,PO-0008383,484,9,2026-01-07,USD,RECEIVED
8384,PO-0008384,418,9,2023-08-07,USD,RECEIVED
8385,PO-0008385,452,1,2025-12-06,USD,RECEIVED
8386,PO-0008386,191,11,2024-02-16,USD,RECEIVED
8387,PO-0008387,491,3,2024-02-11,USD,RECEIVED
8388,PO-0008388,245,3,2026-07-21,USD,OPEN
8389,PO-0008389,222,11,2024-03-14,USD,RECEIVED
8390,PO-0008390,172,12,2024-05-04,USD,PARTIAL
8391,PO-0008391,500,9,2023-08-19,USD,OPEN
8392,PO-0008392,2,3,2026-07-14,USD,RECEIVED
8393,PO-0008393,12,7,2023-03-31,USD,RECEIVED
8394,PO-0008394,487,4,2025-01-27,USD,RECEIVED
8395,PO-0008395,471,7,2025-11-10,USD,RECEIVED
8396,PO-0008396,134,10,2025-03-08,USD,RECEIVED
8397,PO-0008397,189,7,2024-03-18,USD,CANCELLED
8398,PO-0008398,47,9,2023-05-09,USD,RECEIVED
8399,PO-0008399,140,11,2025-05-29,USD,CANCELLED
8400,PO-0008400,262,7,2025-10-11,USD,RECEIVED
8401,PO-0008401,44,5,2023-10-17,USD,RECEIVED
8402,PO-0008402,412,1,2024-08-07,USD,RECEIVED
8403,PO-0008403,262,8,2023-03-09,USD,OPEN
8404,PO-0008404,358,5,2026-01-12,USD,RECEIVED
8405,PO-0008405,322,10,2023-05-13,USD,RECEIVED
8406,PO-0008406,175,5,2024-05-27,USD,RECEIVED
8407,PO-0008407,131,2,2023-09-23,USD,RECEIVED
8408,PO-0008408,2,2,2026-09-05,USD,RECEIVED
8409,PO-0008409,375,10,2026-02-04,USD,PARTIAL
8410,PO-0008410,212,3,2026-04-13,USD,OPEN
8411,PO-0008411,53,8,2024-05-31,USD,CANCELLED
8412,PO-0008412,376,10,2025-03-09,USD,CANCELLED
8413,PO-0008413,257,8,2026-08-05,USD,OPEN
8414,PO-0008414,232,7,2025-11-10,USD,RECEIVED
8415,PO-0008415,284,7,2025-05-09,USD,OPEN
8416,PO-0008416,258,11,2025-06-14,USD,RECEIVED
8417,PO-0008417,159,1,2025-11-13,USD,RECEIVED
8418,PO-0008418,246,10,2026-07-17,USD,RECEIVED
8419,PO-0008419,398,11,2023-11-23,USD,CANCELLED
8420,PO-0008420,6,8,2026-02-13,USD,PARTIAL
8421,PO-0008421,469,5,2023-03-31,USD,RECEIVED
8422,PO-0008422,493,4,2025-08-31,USD,RECEIVED
8423,PO-0008423,96,4,2026-09-17,USD,PARTIAL
8424,PO-0008424,266,5,2025-11-04,USD,RECEIVED
8425,PO-0008425,137,11,2023-08-02,USD,RECEIVED
8426,PO-0008426,210,2,2023-11-09,USD,RECEIVED
8427,PO-0008427,92,12,2023-02-12,USD,RECEIVED
8428,PO-0008428,133,3,2024-07-15,USD,RECEIVED
8429,PO-0008429,305,2,2023-10-15,USD,OPEN
8430,PO-0008430,477,11,2025-01-29,USD,RECEIVED
8431,PO-0008431,120,11,2026-08-29,USD,RECEIVED
8432,PO-0008432,456,3,2025-10-05,USD,CANCELLED
8433,PO-0008433,42,7,2024-02-10,USD,RECEIVED
8434,PO-0008434,1,8,2025-06-11,USD,OPEN
8435,PO-0008435,42,8,2025-06-26,USD,RECEIVED
8436,PO-0008436,236,4,2023-08-01,USD,CANCELLED
8437,PO-0008437,19,6,2024-07-14,USD,CANCELLED
8438,PO-0008438,118,1,2023-02-04,USD,RECEIVED
8439,PO-0008439,150,5,2024-05-01,USD,RECEIVED
8440,PO-0008440,48,11,2025-08-26,USD,RECEIVED
8441,PO-0008441,374,6,2023-07-28,USD,OPEN
8442,PO-0008442,95,11,2025-05-24,USD,OPEN
8443,PO-0008443,230,11,2023-09-21,USD,RECEIVED
8444,PO-0008444,188,4,2024-03-03,USD,RECEIVED
8445,PO-0008445,249,1,2023-11-01,USD,RECEIVED
8446,PO-0008446,319,4,2025-04-02,USD,RECEIVED
8447,PO-0008447,165,5,2024-06-07,USD,RECEIVED
8448,PO-0008448,427,7,2025-09-11,USD,CANCELLED
8449,PO-0008449,61,10,2023-11-27,USD,RECEIVED
8450,PO-0008450,383,2,2023-03-28,USD,PARTIAL
8451,PO-0008451,478,3,2026-01-25,USD,RECEIVED
8452,PO-0008452,446,6,2023-08-26,USD,OPEN
8453,PO-0008453,287,3,2023-10-11,USD,RECEIVED
8454,PO-0008454,465,4,2024-08-24,USD,CANCELLED
8455,PO-0008455,134,5,2023-04-08,USD,RECEIVED
8456,PO-0008456,83,4,2025-04-03,USD,OPEN
8457,PO-0008457,436,11,2026-07-30,USD,RECEIVED
8458,PO-0008458,450,6,2026-03-26,USD,RECEIVED
8459,PO-0008459,285,1,2023-09-02,USD,RECEIVED
8460,PO-0008460,14,8,2023-06-26,USD,RECEIVED
8461,PO-0008461,42,6,2026-04-19,USD,RECEIVED
8462,PO-0008462,469,3,2024-06-26,USD,RECEIVED
8463,PO-0008463,199,12,2023-09-06,USD,RECEIVED
8464,PO-0008464,259,6,2023-04-21,USD,RECEIVED
8465,PO-0008465,105,1,2025-09-27,USD,RECEIVED
8466,PO-0008466,191,1,2024-05-23,USD,RECEIVED
8467,PO-0008467,253,1,2023-04-25,USD,PARTIAL
8468,PO-0008468,340,3,2025-08-13,USD,RECEIVED
8469,PO-0008469,275,3,2024-04-17,USD,RECEIVED
8470,PO-0008470,166,4,2024-05-15,USD,RECEIVED
8471,PO-0008471,279,11,2026-07-15,USD,RECEIVED
8472,PO-0008472,265,10,2024-03-23,USD,CANCELLED
8473,PO-0008473,461,11,2026-06-16,USD,PARTIAL
8474,PO-0008474,313,3,2025-03-18,USD,RECEIVED
8475,PO-0008475,367,8,2023-09-15,USD,RECEIVED
8476,PO-0008476,48,2,2025-02-25,USD,OPEN
8477,PO-0008477,422,1,2023-11-23,USD,PARTIAL
8478,PO-0008478,216,1,2026-01-12,USD,RECEIVED
8479,PO-0008479,218,11,2025-07-31,USD,RECEIVED
8480,PO-0008480,285,7,2023-02-03,USD,PARTIAL
8481,PO-0008481,165,6,2025-01-16,USD,RECEIVED
8482,PO-0008482,78,7,2023-09-13,USD,RECEIVED
8483,PO-0008483,110,2,2024-09-19,USD,RECEIVED
8484,PO-0008484,315,12,2026-09-06,USD,RECEIVED
8485,PO-0008485,423,7,2023-12-09,USD,RECEIVED
8486,PO-0008486,190,2,2024-10-05,USD,RECEIVED
8487,PO-0008487,207,4,2025-04-26,USD,RECEIVED
8488,PO-0008488,160,8,2026-02-14,USD,RECEIVED
8489,PO-0008489,210,10,2025-02-15,USD,RECEIVED
8490,PO-0008490,276,7,2023-01-01,USD,RECEIVED
8491,PO-0008491,341,2,2025-01-23,USD,RECEIVED
8492,PO-0008492,263,9,2025-05-10,USD,RECEIVED
8493,PO-0008493,100,6,2023-11-02,USD,CANCELLED
8494,PO-0008494,262,11,2025-08-02,USD,RECEIVED
8495,PO-0008495,350,5,2026-05-01,USD,RECEIVED
8496,PO-0008496,1,1,2024-12-19,USD,CANCELLED
8497,PO-0008497,443,11,2026-06-14,USD,OPEN
8498,PO-0008498,301,8,2024-04-13,USD,PARTIAL
8499,PO-0008499,134,10,2024-01-18,USD,PARTIAL
8500,PO-0008500,113,3,2025-06-27,USD,RECEIVED
8501,PO-0008501,368,10,2024-01-17,USD,RECEIVED
8502,PO-0008502,322,7,2026-01-11,USD,RECEIVED
8503,PO-0008503,312,5,2024-11-30,USD,RECEIVED
8504,PO-0008504,360,11,2025-08-21,USD,CANCELLED
8505,PO-0008505,288,3,2023-03-29,USD,OPEN
8506,PO-0008506,23,3,2024-01-19,USD,OPEN
8507,PO-0008507,446,4,2025-07-06,USD,RECEIVED
8508,PO-0008508,307,1,2024-05-07,USD,CANCELLED
8509,PO-0008509,29,5,2025-01-15,USD,PARTIAL
8510,PO-0008510,3,11,2024-07-28,USD,PARTIAL
8511,PO-0008511,208,2,2026-01-14,USD,RECEIVED
8512,PO-0008512,271,3,2024-02-22,USD,RECEIVED
8513,PO-0008513,62,2,2025-09-24,USD,PARTIAL
8514,PO-0008514,460,4,2024-01-02,USD,RECEIVED
8515,PO-0008515,160,6,2023-04-05,USD,RECEIVED
8516,PO-0008516,13,1,2024-04-28,USD,RECEIVED
8517,PO-0008517,389,7,2023-04-03,USD,RECEIVED
8518,PO-0008518,409,4,2025-04-04,USD,RECEIVED
8519,PO-0008519,9,2,2026-05-01,USD,RECEIVED
8520,PO-0008520,455,6,2023-06-03,USD,CANCELLED
8521,PO-0008521,285,10,2025-08-09,USD,RECEIVED
8522,PO-0008522,233,5,2025-01-23,USD,RECEIVED
8523,PO-0008523,330,10,2025-08-01,USD,RECEIVED
8524,PO-0008524,272,6,2026-04-29,USD,RECEIVED
8525,PO-0008525,104,5,2026-03-26,USD,RECEIVED
8526,PO-0008526,268,3,2025-06-16,USD,CANCELLED
8527,PO-0008527,189,3,2025-04-01,USD,CANCELLED
8528,PO-0008528,496,2,2026-06-05,USD,RECEIVED
8529,PO-0008529,3,9,2026-02-13,USD,RECEIVED
8530,PO-0008530,296,11,2023-09-15,USD,RECEIVED
8531,PO-0008531,387,2,2023-04-06,USD,RECEIVED
8532,PO-0008532,226,2,2024-09-17,USD,RECEIVED
8533,PO-0008533,323,12,2025-09-20,USD,RECEIVED
8534,PO-0008534,3,9,2025-10-17,USD,PARTIAL
8535,PO-0008535,465,2,2025-03-06,USD,RECEIVED
8536,PO-0008536,122,2,2025-12-21,USD,RECEIVED
8537,PO-0008537,252,11,2025-06-24,USD,RECEIVED
8538,PO-0008538,318,1,2023-06-17,USD,RECEIVED
8539,PO-0008539,62,6,2023-12-16,USD,OPEN
8540,PO-0008540,277,7,2025-10-15,USD,RECEIVED
8541,PO-0008541,359,9,2023-01-08,USD,OPEN
8542,PO-0008542,29,10,2024-10-13,USD,CANCELLED
8543,PO-0008543,400,8,2023-12-14,USD,RECEIVED
8544,PO-0008544,492,8,2025-04-23,USD,RECEIVED
8545,PO-0008545,88,10,2025-04-20,USD,RECEIVED
8546,PO-0008546,457,1,2026-06-21,USD,CANCELLED
8547,PO-0008547,487,7,2024-04-07,USD,RECEIVED
8548,PO-0008548,369,1,2025-02-19,USD,RECEIVED
8549,PO-0008549,322,11,2024-12-18,USD,RECEIVED
8550,PO-0008550,98,1,2025-08-05,USD,PARTIAL
8551,PO-0008551,271,12,2025-02-04,USD,RECEIVED
8552,PO-0008552,208,10,2025-06-21,USD,CANCELLED
8553,PO-0008553,58,11,2023-02-14,USD,RECEIVED
8554,PO-0008554,69,7,2025-08-23,USD,RECEIVED
8555,PO-0008555,1,3,2026-05-07,USD,OPEN
8556,PO-0008556,496,8,2025-04-26,USD,OPEN
8557,PO-0008557,492,2,2023-11-15,USD,RECEIVED
8558,PO-0008558,299,9,2023-12-31,USD,RECEIVED
8559,PO-0008559,75,5,2025-05-23,USD,PARTIAL
8560,PO-0008560,230,12,2023-06-01,USD,RECEIVED
8561,PO-0008561,451,11,2023-06-01,USD,RECEIVED
8562,PO-0008562,4,8,2024-09-21,USD,PARTIAL
8563,PO-0008563,95,5,2026-07-24,USD,RECEIVED
8564,PO-0008564,82,9,2024-08-01,USD,OPEN
8565,PO-0008565,99,10,2023-10-12,USD,RECEIVED
8566,PO-0008566,127,3,2026-08-11,USD,RECEIVED
8567,PO-0008567,440,8,2023-12-25,USD,OPEN
8568,PO-0008568,423,10,2025-08-29,USD,CANCELLED
8569,PO-0008569,214,5,2026-08-07,USD,PARTIAL
8570,PO-0008570,468,10,2023-04-11,USD,RECEIVED
8571,PO-0008571,369,2,2023-08-17,USD,PARTIAL
8572,PO-0008572,329,2,2023-05-13,USD,RECEIVED
8573,PO-0008573,339,12,2024-12-10,USD,RECEIVED
8574,PO-0008574,411,9,2023-01-26,USD,PARTIAL
8575,PO-0008575,449,5,2023-08-27,USD,RECEIVED
8576,PO-0008576,21,6,2023-08-25,USD,CANCELLED
8577,PO-0008577,356,11,2023-05-10,USD,OPEN
8578,PO-0008578,199,9,2026-05-29,USD,CANCELLED
8579,PO-0008579,179,8,2025-05-26,USD,RECEIVED
8580,PO-0008580,358,9,2024-01-24,USD,RECEIVED
8581,PO-0008581,322,4,2023-02-19,USD,RECEIVED
8582,PO-0008582,25,8,2026-01-17,USD,RECEIVED
8583,PO-0008583,52,7,2023-10-19,USD,RECEIVED
8584,PO-0008584,260,11,2026-09-22,USD,RECEIVED
8585,PO-0008585,308,4,2025-12-22,USD,CANCELLED
8586,PO-0008586,250,5,2026-01-06,USD,OPEN
8587,PO-0008587,212,1,2023-07-12,USD,CANCELLED
8588,PO-0008588,477,10,2025-11-17,USD,CANCELLED
8589,PO-0008589,405,8,2026-02-12,USD,RECEIVED
8590,PO-0008590,187,3,2023-04-15,USD,OPEN
8591,PO-0008591,284,3,2026-07-20,USD,RECEIVED
8592,PO-0008592,421,12,2024-01-31,USD,RECEIVED
8593,PO-0008593,180,5,2023-10-24,USD,RECEIVED
8594,PO-0008594,457,1,2024-01-27,USD,RECEIVED
8595,PO-0008595,224,12,2024-11-18,USD,RECEIVED
8596,PO-0008596,91,8,2023-02-15,USD,RECEIVED
8597,PO-0008597,228,9,2023-01-13,USD,PARTIAL
8598,PO-0008598,236,7,2025-01-26,USD,RECEIVED
8599,PO-0008599,296,9,2024-04-04,USD,OPEN
8600,PO-0008600,431,4,2023-05-27,USD,RECEIVED
8601,PO-0008601,199,1,2025-05-09,USD,RECEIVED
8602,PO-0008602,249,4,2024-02-26,USD,RECEIVED
8603,PO-0008603,222,6,2025-04-20,USD,OPEN
8604,PO-0008604,332,5,2026-01-18,USD,CANCELLED
8605,PO-0008605,133,2,2023-03-19,USD,OPEN
8606,PO-0008606,297,1,2023-08-04,USD,CANCELLED
8607,PO-0008607,321,11,2025-07-13,USD,RECEIVED
8608,PO-0008608,231,2,2024-04-13,USD,RECEIVED
8609,PO-0008609,142,2,2023-08-25,USD,OPEN
8610,PO-0008610,74,11,2026-02-27,USD,RECEIVED
8611,PO-0008611,4,4,2024-09-25,USD,RECEIVED
8612,PO-0008612,258,8,2023-08-07,USD,CANCELLED
8613,PO-0008613,81,10,2025-07-15,USD,RECEIVED
8614,PO-0008614,169,8,2025-05-27,USD,RECEIVED
8615,PO-0008615,333,3,2024-08-25,USD,OPEN
8616,PO-0008616,7,8,2025-05-17,USD,RECEIVED
8617,PO-0008617,191,12,2026-01-22,USD,PARTIAL
8618,PO-0008618,458,4,2025-06-26,USD,RECEIVED
8619,PO-0008619,207,5,2025-11-21,USD,RECEIVED
8620,PO-0008620,42,7,2026-04-08,USD,RECEIVED
8621,PO-0008621,325,6,2025-06-20,USD,PARTIAL
8622,PO-0008622,441,7,2026-07-17,USD,RECEIVED
8623,PO-0008623,472,3,2023-09-29,USD,RECEIVED
8624,PO-0008624,91,5,2025-02-17,USD,CANCELLED
8625,PO-0008625,14,3,2024-05-15,USD,RECEIVED
8626,PO-0008626,110,3,2026-01-04,USD,RECEIVED
8627,PO-0008627,2,2,2023-04-23,USD,RECEIVED
8628,PO-0008628,376,2,2024-04-26,USD,RECEIVED
8629,PO-0008629,178,9,2025-07-05,USD,RECEIVED
8630,PO-0008630,103,10,2026-09-03,USD,PARTIAL
8631,PO-0008631,270,10,2023-11-20,USD,PARTIAL
8632,PO-0008632,31,2,2025-10-18,USD,RECEIVED
8633,PO-0008633,437,11,2024-06-01,USD,RECEIVED
8634,PO-0008634,378,5,2023-08-27,USD,OPEN
8635,PO-0008635,99,7,2023-11-09,USD,RECEIVED
8636,PO-0008636,422,11,2024-10-07,USD,RECEIVED
8637,PO-0008637,224,8,2024-06-01,USD,RECEIVED
8638,PO-0008638,380,5,2023-04-12,USD,OPEN
8639,PO-0008639,254,9,2024-10-25,USD,RECEIVED
8640,PO-0008640,260,12,2026-04-09,USD,CANCELLED
8641,PO-0008641,174,10,2024-05-28,USD,RECEIVED
8642,PO-0008642,473,7,2023-12-02,USD,RECEIVED
8643,PO-0008643,349,5,2024-04-15,USD,RECEIVED
8644,PO-0008644,275,7,2026-08-30,USD,PARTIAL
8645,PO-0008645,406,12,2024-12-11,USD,RECEIVED
8646,PO-0008646,294,12,2026-09-25,USD,RECEIVED
8647,PO-0008647,485,3,2025-01-11,USD,RECEIVED
8648,PO-0008648,97,10,2025-09-19,USD,RECEIVED
8649,PO-0008649,416,10,2024-09-13,USD,CANCELLED
8650,PO-0008650,228,9,2024-03-10,USD,RECEIVED
8651,PO-0008651,175,4,2026-01-14,USD,RECEIVED
8652,PO-0008652,111,1,2025-06-24,USD,CANCELLED
8653,PO-0008653,495,11,2023-07-09,USD,RECEIVED
8654,PO-0008654,260,7,2025-11-23,USD,RECEIVED
8655,PO-0008655,369,9,2024-08-09,USD,RECEIVED
8656,PO-0008656,155,4,2024-06-16,USD,RECEIVED
8657,PO-0008657,345,3,2024-12-23,USD,RECEIVED
8658,PO-0008658,115,9,2026-02-07,USD,PARTIAL
8659,PO-0008659,162,5,2023-10-01,USD,CANCELLED
8660,PO-0008660,375,11,2023-10-21,USD,PARTIAL
8661,PO-0008661,234,12,2026-05-07,USD,RECEIVED
8662,PO-0008662,149,9,2025-11-09,USD,RECEIVED
8663,PO-0008663,340,5,2026-05-12,USD,RECEIVED
8664,PO-0008664,295,8,2025-07-07,USD,RECEIVED
8665,PO-0008665,289,11,2024-08-22,USD,PARTIAL
8666,PO-0008666,83,7,2025-10-14,USD,RECEIVED
8667,PO-0008667,94,6,2023-10-04,USD,PARTIAL
8668,PO-0008668,75,7,2023-07-21,USD,CANCELLED
8669,PO-0008669,124,3,2025-12-27,USD,RECEIVED
8670,PO-0008670,154,2,2024-05-24,USD,PARTIAL
8671,PO-0008671,226,11,2024-07-13,USD,CANCELLED
8672,PO-0008672,46,11,2025-01-27,USD,RECEIVED
8673,PO-0008673,115,8,2024-04-09,USD,PARTIAL
8674,PO-0008674,303,8,2025-02-15,USD,RECEIVED
8675,PO-0008675,249,6,2024-10-11,USD,RECEIVED
8676,PO-0008676,344,4,2023-05-19,USD,RECEIVED
8677,PO-0008677,290,6,2025-12-19,USD,RECEIVED
8678,PO-0008678,295,9,2024-02-23,USD,OPEN
8679,PO-0008679,5,7,2023-11-01,USD,OPEN
8680,PO-0008680,251,12,2024-10-03,USD,RECEIVED
8681,PO-0008681,242,2,2023-06-28,USD,OPEN
8682,PO-0008682,172,2,2024-12-19,USD,RECEIVED
8683,PO-0008683,196,10,2024-11-22,USD,RECEIVED
8684,PO-0008684,395,12,2026-06-13,USD,RECEIVED
8685,PO-0008685,187,7,2026-07-26,USD,RECEIVED
8686,PO-0008686,166,8,2023-07-31,USD,RECEIVED
8687,PO-0008687,201,6,2024-04-28,USD,RECEIVED
8688,PO-0008688,43,3,2023-11-06,USD,CANCELLED
8689,PO-0008689,200,5,2024-04-23,USD,RECEIVED
8690,PO-0008690,326,5,2025-06-26,USD,RECEIVED
8691,PO-0008691,497,7,2023-06-03,USD,RECEIVED
8692,PO-0008692,432,11,2024-09-06,USD,RECEIVED
8693,PO-0008693,302,4,2023-12-15,USD,PARTIAL
8694,PO-0008694,238,7,2025-04-18,USD,RECEIVED
8695,PO-0008695,228,4,2026-05-27,USD,RECEIVED
8696,PO-0008696,303,12,2024-07-05,USD,OPEN
8697,PO-0008697,466,4,2023-07-23,USD,OPEN
8698,PO-0008698,119,12,2024-12-16,USD,RECEIVED
8699,PO-0008699,112,8,2025-02-22,USD,RECEIVED
8700,PO-0008700,299,2,2023-10-20,USD,RECEIVED
8701,PO-0008701,395,8,2023-05-31,USD,RECEIVED
8702,PO-0008702,6,1,2023-09-22,USD,RECEIVED
8703,PO-0008703,439,3,2023-10-25,USD,RECEIVED
8704,PO-0008704,454,6,2023-11-04,USD,CANCELLED
8705,PO-0008705,380,2,2025-02-01,USD,RECEIVED
8706,PO-0008706,332,1,2024-02-21,USD,OPEN
8707,PO-0008707,68,1,2023-02-14,USD,PARTIAL
8708,PO-0008708,136,5,2026-07-27,USD,RECEIVED
8709,PO-0008709,182,1,2024-12-26,USD,RECEIVED
8710,PO-0008710,327,6,2026-03-22,USD,RECEIVED
8711,PO-0008711,409,5,2023-02-16,USD,RECEIVED
8712,PO-0008712,474,1,2023-06-05,USD,RECEIVED
8713,PO-0008713,106,9,2023-09-15,USD,CANCELLED
8714,PO-0008714,247,12,2024-06-02,USD,RECEIVED
8715,PO-0008715,137,3,2026-01-27,USD,RECEIVED
8716,PO-0008716,40,6,2025-11-11,USD,OPEN
8717,PO-0008717,438,2,2024-01-22,USD,RECEIVED
8718,PO-0008718,128,4,2023-12-07,USD,RECEIVED
8719,PO-0008719,480,10,2025-05-28,USD,RECEIVED
8720,PO-0008720,109,12,2023-01-06,USD,RECEIVED
8721,PO-0008721,309,9,2026-08-07,USD,RECEIVED
8722,PO-0008722,10,3,2026-01-18,USD,CANCELLED
8723,PO-0008723,195,5,2023-01-20,USD,RECEIVED
8724,PO-0008724,180,6,2023-04-19,USD,RECEIVED
8725,PO-0008725,149,9,2026-04-28,USD,RECEIVED
8726,PO-0008726,137,2,2025-09-15,USD,RECEIVED
8727,PO-0008727,493,12,2025-06-01,USD,CANCELLED
8728,PO-0008728,343,11,2025-02-09,USD,CANCELLED
8729,PO-0008729,92,3,2026-06-17,USD,RECEIVED
8730,PO-0008730,26,1,2026-04-17,USD,RECEIVED
8731,PO-0008731,47,2,2023-03-20,USD,RECEIVED
8732,PO-0008732,163,6,2023-10-01,USD,OPEN
8733,PO-0008733,37,7,2023-05-25,USD,RECEIVED
8734,PO-0008734,156,3,2023-10-24,USD,RECEIVED
8735,PO-0008735,376,7,2024-02-18,USD,RECEIVED
8736,PO-0008736,350,3,2025-07-14,USD,RECEIVED
8737,PO-0008737,322,1,2024-06-10,USD,RECEIVED
8738,PO-0008738,128,1,2024-12-19,USD,RECEIVED
8739,PO-0008739,32,3,2023-05-17,USD,OPEN
8740,PO-0008740,60,12,2024-11-26,USD,OPEN
8741,PO-0008741,429,5,2026-06-25,USD,RECEIVED
8742,PO-0008742,356,2,2025-06-14,USD,RECEIVED
8743,PO-0008743,286,1,2025-12-16,USD,CANCELLED
8744,PO-0008744,89,4,2024-06-12,USD,RECEIVED
8745,PO-0008745,418,12,2024-04-28,USD,CANCELLED
8746,PO-0008746,171,11,2026-09-23,USD,RECEIVED
8747,PO-0008747,93,7,2023-09-27,USD,CANCELLED
8748,PO-0008748,210,6,2024-02-26,USD,OPEN
8749,PO-0008749,494,9,2024-02-17,USD,RECEIVED
8750,PO-0008750,83,8,2023-01-13,USD,RECEIVED
8751,PO-0008751,210,9,2023-04-03,USD,RECEIVED
8752,PO-0008752,232,6,2025-08-12,USD,RECEIVED
8753,PO-0008753,387,3,2024-01-07,USD,RECEIVED
8754,PO-0008754,216,11,2025-12-23,USD,RECEIVED
8755,PO-0008755,489,10,2026-07-21,USD,OPEN
8756,PO-0008756,396,1,2026-03-29,USD,RECEIVED
8757,PO-0008757,434,6,2025-03-26,USD,RECEIVED
8758,PO-0008758,390,8,2025-09-10,USD,RECEIVED
8759,PO-0008759,299,6,2026-01-08,USD,RECEIVED
8760,PO-0008760,19,1,2024-07-21,USD,RECEIVED
8761,PO-0008761,357,11,2026-08-08,USD,RECEIVED
8762,PO-0008762,114,4,2024-12-07,USD,RECEIVED
8763,PO-0008763,89,6,2025-08-04,USD,RECEIVED
8764,PO-0008764,362,12,2023-10-24,USD,OPEN
8765,PO-0008765,423,12,2025-03-14,USD,RECEIVED
8766,PO-0008766,277,9,2023-01-12,USD,RECEIVED
8767,PO-0008767,78,10,2024-06-02,USD,CANCELLED
8768,PO-0008768,307,12,2025-07-03,USD,RECEIVED
8769,PO-0008769,300,7,2025-10-12,USD,RECEIVED
8770,PO-0008770,340,4,2024-05-27,USD,RECEIVED
8771,PO-0008771,262,2,2026-09-06,USD,RECEIVED
8772,PO-0008772,373,10,2023-01-28,USD,RECEIVED
8773,PO-0008773,183,7,2023-08-06,USD,RECEIVED
8774,PO-0008774,196,9,2023-09-09,USD,OPEN
8775,PO-0008775,223,12,2025-02-04,USD,RECEIVED
8776,PO-0008776,56,5,2023-03-18,USD,RECEIVED
8777,PO-0008777,409,1,2025-09-22,USD,RECEIVED
8778,PO-0008778,395,11,2023-10-13,USD,RECEIVED
8779,PO-0008779,42,2,2025-04-22,USD,RECEIVED
8780,PO-0008780,463,8,2023-12-05,USD,RECEIVED
8781,PO-0008781,178,5,2023-02-20,USD,RECEIVED
8782,PO-0008782,330,7,2024-07-27,USD,CANCELLED
8783,PO-0008783,441,2,2024-07-10,USD,CANCELLED
8784,PO-0008784,116,9,2024-01-04,USD,RECEIVED
8785,PO-0008785,82,10,2026-03-12,USD,RECEIVED
8786,PO-0008786,256,6,2024-02-13,USD,RECEIVED
8787,PO-0008787,71,9,2026-05-02,USD,RECEIVED
8788,PO-0008788,8,8,2025-07-09,USD,OPEN
8789,PO-0008789,418,9,2023-09-01,USD,PARTIAL
8790,PO-0008790,259,1,2024-08-16,USD,RECEIVED
8791,PO-0008791,229,4,2026-07-06,USD,RECEIVED
8792,PO-0008792,62,4,2023-09-26,USD,OPEN
8793,PO-0008793,422,8,2026-08-12,USD,RECEIVED
8794,PO-0008794,84,1,2025-08-01,USD,OPEN
8795,PO-0008795,24,7,2024-05-15,USD,PARTIAL
8796,PO-0008796,197,1,2024-09-29,USD,RECEIVED
8797,PO-0008797,376,1,2026-07-04,USD,RECEIVED
8798,PO-0008798,453,9,2025-03-21,USD,RECEIVED
8799,PO-0008799,75,11,2024-12-24,USD,RECEIVED
8800,PO-0008800,426,7,2024-09-14,USD,RECEIVED
8801,PO-0008801,270,11,2025-10-20,USD,RECEIVED
8802,PO-0008802,175,5,2025-10-11,USD,RECEIVED
8803,PO-0008803,439,8,2026-02-11,USD,OPEN
8804,PO-0008804,170,8,2023-07-07,USD,RECEIVED
8805,PO-0008805,315,12,2023-06-07,USD,OPEN
8806,PO-0008806,430,7,2026-01-25,USD,RECEIVED
8807,PO-0008807,246,5,2024-11-16,USD,RECEIVED
8808,PO-0008808,148,5,2023-02-02,USD,PARTIAL
8809,PO-0008809,488,12,2025-04-28,USD,RECEIVED
8810,PO-0008810,488,9,2024-04-20,USD,OPEN
8811,PO-0008811,11,2,2023-06-16,USD,RECEIVED
8812,PO-0008812,82,10,2023-05-10,USD,RECEIVED
8813,PO-0008813,6,10,2023-01-26,USD,CANCELLED
8814,PO-0008814,70,11,2024-07-21,USD,RECEIVED
8815,PO-0008815,44,10,2025-06-06,USD,RECEIVED
8816,PO-0008816,493,6,2024-01-12,USD,PARTIAL
8817,PO-0008817,131,8,2025-06-15,USD,CANCELLED
8818,PO-0008818,245,9,2026-01-16,USD,PARTIAL
8819,PO-0008819,255,8,2023-06-27,USD,RECEIVED
8820,PO-0008820,219,4,2024-08-21,USD,CANCELLED
8821,PO-0008821,114,12,2026-04-27,USD,PARTIAL
8822,PO-0008822,7,9,2025-10-04,USD,RECEIVED
8823,PO-0008823,165,10,2023-11-11,USD,PARTIAL
8824,PO-0008824,73,1,2024-03-01,USD,RECEIVED
8825,PO-0008825,417,1,2024-03-13,USD,RECEIVED
8826,PO-0008826,27,3,2025-11-18,USD,OPEN
8827,PO-0008827,357,1,2024-01-06,USD,RECEIVED
8828,PO-0008828,491,7,2026-08-20,USD,PARTIAL
8829,PO-0008829,125,5,2025-02-12,USD,RECEIVED
8830,PO-0008830,128,9,2026-04-11,USD,RECEIVED
8831,PO-0008831,211,1,2024-03-06,USD,RECEIVED
8832,PO-0008832,100,2,2025-11-18,USD,RECEIVED
8833,PO-0008833,156,8,2023-05-04,USD,PARTIAL
8834,PO-0008834,433,1,2026-03-10,USD,RECEIVED
8835,PO-0008835,17,8,2024-07-04,USD,RECEIVED
8836,PO-0008836,162,2,2024-10-23,USD,RECEIVED
8837,PO-0008837,27,2,2024-09-23,USD,RECEIVED
8838,PO-0008838,51,2,2023-08-25,USD,RECEIVED
8839,PO-0008839,461,6,2026-07-02,USD,RECEIVED
8840,PO-0008840,354,10,2025-02-24,USD,RECEIVED
8841,PO-0008841,165,9,2026-06-02,USD,RECEIVED
8842,PO-0008842,35,5,2024-06-10,USD,RECEIVED
8843,PO-0008843,87,8,2024-05-03,USD,RECEIVED
8844,PO-0008844,321,8,2024-08-28,USD,RECEIVED
8845,PO-0008845,49,2,2026-06-06,USD,RECEIVED
8846,PO-0008846,71,11,2024-02-24,USD,RECEIVED
8847,PO-0008847,433,9,2024-01-03,USD,RECEIVED
8848,PO-0008848,351,12,2024-02-12,USD,RECEIVED
8849,PO-0008849,186,1,2024-06-02,USD,RECEIVED
8850,PO-0008850,304,2,2023-11-28,USD,CANCELLED
8851,PO-0008851,55,7,2023-11-26,USD,RECEIVED
8852,PO-0008852,108,7,2026-04-05,USD,PARTIAL
8853,PO-0008853,38,3,2025-09-12,USD,RECEIVED
8854,PO-0008854,166,2,2024-04-02,USD,CANCELLED
8855,PO-0008855,345,9,2023-07-30,USD,RECEIVED
8856,PO-0008856,74,3,2025-09-02,USD,RECEIVED
8857,PO-0008857,345,3,2026-06-07,USD,RECEIVED
8858,PO-0008858,342,8,2024-05-20,USD,RECEIVED
8859,PO-0008859,441,2,2025-09-07,USD,RECEIVED
8860,PO-0008860,225,4,2025-12-30,USD,CANCELLED
8861,PO-0008861,468,5,2025-06-16,USD,CANCELLED
8862,PO-0008862,115,9,2026-05-17,USD,OPEN
8863,PO-0008863,450,8,2023-06-30,USD,RECEIVED
8864,PO-0008864,212,5,2026-07-18,USD,OPEN
8865,PO-0008865,104,4,2026-07-14,USD,RECEIVED
8866,PO-0008866,469,5,2024-08-04,USD,RECEIVED
8867,PO-0008867,132,4,2023-01-22,USD,RECEIVED
8868,PO-0008868,402,5,2024-01-07,USD,RECEIVED
8869,PO-0008869,186,9,2024-03-05,USD,RECEIVED
8870,PO-0008870,120,7,2024-02-08,USD,RECEIVED
8871,PO-0008871,35,8,2024-05-09,USD,RECEIVED
8872,PO-0008872,14,5,2026-04-30,USD,RECEIVED
8873,PO-0008873,299,5,2026-07-09,USD,RECEIVED
8874,PO-0008874,9,4,2025-08-29,USD,RECEIVED
8875,PO-0008875,131,11,2023-02-19,USD,RECEIVED
8876,PO-0008876,10,9,2023-12-01,USD,PARTIAL
8877,PO-0008877,165,8,2024-07-17,USD,CANCELLED
8878,PO-0008878,302,2,2025-10-24,USD,PARTIAL
8879,PO-0008879,230,10,2024-04-19,USD,RECEIVED
8880,PO-0008880,101,12,2024-09-28,USD,RECEIVED
8881,PO-0008881,292,5,2026-05-05,USD,CANCELLED
8882,PO-0008882,473,12,2024-03-17,USD,RECEIVED
8883,PO-0008883,158,5,2026-02-09,USD,RECEIVED
8884,PO-0008884,134,11,2023-03-25,USD,CANCELLED
8885,PO-0008885,6,10,2023-11-03,USD,OPEN
8886,PO-0008886,492,2,2024-04-12,USD,RECEIVED
8887,PO-0008887,284,1,2024-03-03,USD,RECEIVED
8888,PO-0008888,25,8,2023-07-19,USD,CANCELLED
8889,PO-0008889,346,7,2023-08-13,USD,PARTIAL
8890,PO-0008890,248,6,2025-09-26,USD,RECEIVED
8891,PO-0008891,162,3,2024-12-14,USD,PARTIAL
8892,PO-0008892,175,3,2025-12-13,USD,RECEIVED
8893,PO-0008893,4,1,2024-08-16,USD,RECEIVED
8894,PO-0008894,204,5,2024-12-31,USD,RECEIVED
8895,PO-0008895,393,10,2024-02-29,USD,RECEIVED
8896,PO-0008896,265,2,2024-01-18,USD,PARTIAL
8897,PO-0008897,191,7,2025-06-17,USD,RECEIVED
8898,PO-0008898,242,2,2026-09-04,USD,RECEIVED
8899,PO-0008899,129,7,2025-03-13,USD,RECEIVED
8900,PO-0008900,222,3,2026-06-14,USD,PARTIAL
8901,PO-0008901,269,2,2026-01-27,USD,RECEIVED
8902,PO-0008902,357,10,2026-04-03,USD,OPEN
8903,PO-0008903,213,12,2026-01-16,USD,RECEIVED
8904,PO-0008904,237,3,2026-07-03,USD,RECEIVED
8905,PO-0008905,331,7,2023-06-10,USD,RECEIVED
8906,PO-0008906,51,4,2025-10-29,USD,RECEIVED
8907,PO-0008907,459,10,2023-03-21,USD,RECEIVED
8908,PO-0008908,82,1,2026-07-28,USD,RECEIVED
8909,PO-0008909,339,1,2023-08-02,USD,RECEIVED
8910,PO-0008910,104,1,2024-06-23,USD,RECEIVED
8911,PO-0008911,343,9,2026-03-15,USD,RECEIVED
8912,PO-0008912,328,11,2024-03-26,USD,RECEIVED
8913,PO-0008913,24,6,2024-04-04,USD,RECEIVED
8914,PO-0008914,192,2,2024-05-19,USD,RECEIVED
8915,PO-0008915,179,11,2023-05-30,USD,CANCELLED
8916,PO-0008916,229,7,2026-01-03,USD,RECEIVED
8917,PO-0008917,190,7,2025-07-07,USD,CANCELLED
8918,PO-0008918,186,12,2023-10-28,USD,RECEIVED
8919,PO-0008919,467,7,2025-08-16,USD,PARTIAL
8920,PO-0008920,395,7,2024-06-03,USD,CANCELLED
8921,PO-0008921,251,12,2023-06-07,USD,RECEIVED
8922,PO-0008922,90,6,2023-05-26,USD,RECEIVED
8923,PO-0008923,257,11,2024-03-28,USD,RECEIVED
8924,PO-0008924,21,11,2024-08-06,USD,OPEN
8925,PO-0008925,94,5,2024-07-29,USD,RECEIVED
8926,PO-0008926,415,12,2026-01-26,USD,RECEIVED
8927,PO-0008927,92,6,2026-01-27,USD,RECEIVED
8928,PO-0008928,291,5,2024-06-19,USD,RECEIVED
8929,PO-0008929,92,1,2024-03-29,USD,RECEIVED
8930,PO-0008930,499,10,2026-03-25,USD,RECEIVED
8931,PO-0008931,159,12,2024-08-01,USD,OPEN
8932,PO-0008932,391,10,2026-04-21,USD,PARTIAL
8933,PO-0008933,71,4,2025-08-18,USD,RECEIVED
8934,PO-0008934,395,7,2024-12-10,USD,RECEIVED
8935,PO-0008935,110,5,2025-09-24,USD,RECEIVED
8936,PO-0008936,16,4,2026-08-23,USD,RECEIVED
8937,PO-0008937,156,2,2024-08-10,USD,RECEIVED
8938,PO-0008938,320,12,2026-08-10,USD,RECEIVED
8939,PO-0008939,482,10,2023-03-30,USD,RECEIVED
8940,PO-0008940,49,2,2026-03-03,USD,OPEN
8941,PO-0008941,153,12,2023-12-13,USD,RECEIVED
8942,PO-0008942,463,10,2026-06-08,USD,RECEIVED
8943,PO-0008943,27,10,2025-01-31,USD,RECEIVED
8944,PO-0008944,360,9,2025-01-28,USD,PARTIAL
8945,PO-0008945,98,8,2026-05-08,USD,RECEIVED
8946,PO-0008946,43,12,2023-08-01,USD,RECEIVED
8947,PO-0008947,275,6,2024-06-05,USD,RECEIVED
8948,PO-0008948,437,12,2026-09-28,USD,CANCELLED
8949,PO-0008949,55,8,2024-11-27,USD,PARTIAL
8950,PO-0008950,391,3,2025-10-13,USD,RECEIVED
8951,PO-0008951,454,12,2023-05-16,USD,RECEIVED
8952,PO-0008952,426,11,2024-03-16,USD,RECEIVED
8953,PO-0008953,150,7,2024-02-06,USD,PARTIAL
8954,PO-0008954,143,6,2024-12-07,USD,OPEN
8955,PO-0008955,451,10,2026-05-05,USD,OPEN
8956,PO-0008956,407,12,2026-06-06,USD,RECEIVED
8957,PO-0008957,38,8,2024-08-09,USD,RECEIVED
8958,PO-0008958,441,1,2024-11-27,USD,RECEIVED
8959,PO-0008959,48,4,2024-12-02,USD,RECEIVED
8960,PO-0008960,34,5,2023-11-13,USD,OPEN
8961,PO-0008961,277,3,2023-04-17,USD,RECEIVED
8962,PO-0008962,164,8,2023-08-12,USD,PARTIAL
8963,PO-0008963,325,11,2025-03-20,USD,PARTIAL
8964,PO-0008964,321,7,2024-08-09,USD,RECEIVED
8965,PO-0008965,50,9,2023-06-09,USD,OPEN
8966,PO-0008966,180,8,2026-03-19,USD,RECEIVED
8967,PO-0008967,228,11,2024-08-19,USD,RECEIVED
8968,PO-0008968,95,3,2024-12-21,USD,RECEIVED
8969,PO-0008969,119,4,2023-05-10,USD,RECEIVED
8970,PO-0008970,282,4,2023-07-22,USD,RECEIVED
8971,PO-0008971,483,6,2025-08-26,USD,RECEIVED
8972,PO-0008972,433,11,2025-01-09,USD,RECEIVED
8973,PO-0008973,436,11,2023-04-17,USD,RECEIVED
8974,PO-0008974,196,9,2025-01-17,USD,RECEIVED
8975,PO-0008975,304,11,2026-03-20,USD,RECEIVED
8976,PO-0008976,476,3,2025-06-23,USD,PARTIAL
8977,PO-0008977,59,8,2025-05-21,USD,OPEN
8978,PO-0008978,126,8,2023-05-24,USD,RECEIVED
8979,PO-0008979,349,8,2026-04-15,USD,PARTIAL
8980,PO-0008980,192,7,2026-01-12,USD,RECEIVED
8981,PO-0008981,89,11,2023-02-09,USD,PARTIAL
8982,PO-0008982,58,12,2025-04-11,USD,RECEIVED
8983,PO-0008983,346,7,2026-08-23,USD,RECEIVED
8984,PO-0008984,12,1,2025-11-02,USD,RECEIVED
8985,PO-0008985,175,5,2023-07-31,USD,RECEIVED
8986,PO-0008986,227,11,2023-03-12,USD,RECEIVED
8987,PO-0008987,347,1,2025-11-07,USD,RECEIVED
8988,PO-0008988,337,1,2025-04-08,USD,CANCELLED
8989,PO-0008989,351,9,2025-06-06,USD,PARTIAL
8990,PO-0008990,483,2,2024-02-01,USD,RECEIVED
8991,PO-0008991,370,3,2024-02-15,USD,CANCELLED
8992,PO-0008992,299,3,2024-04-18,USD,RECEIVED
8993,PO-0008993,73,10,2024-08-09,USD,OPEN
8994,PO-0008994,320,12,2025-06-16,USD,PARTIAL
8995,PO-0008995,217,5,2026-01-05,USD,RECEIVED
8996,PO-0008996,206,9,2026-06-15,USD,RECEIVED
8997,PO-0008997,369,11,2024-04-02,USD,CANCELLED
8998,PO-0008998,346,4,2026-09-13,USD,RECEIVED
8999,PO-0008999,239,7,2025-03-12,USD,RECEIVED
9000,PO-0009000,83,3,2023-01-03,USD,RECEIVED
9001,PO-0009001,385,9,2023-07-03,USD,RECEIVED
9002,PO-0009002,104,2,2023-08-28,USD,OPEN
9003,PO-0009003,280,5,2023-09-15,USD,RECEIVED
9004,PO-0009004,192,2,2023-03-22,USD,RECEIVED
9005,PO-0009005,240,5,2023-09-17,USD,OPEN
9006,PO-0009006,476,8,2026-03-16,USD,RECEIVED
9007,PO-0009007,240,5,2024-12-04,USD,RECEIVED
9008,PO-0009008,494,2,2026-07-17,USD,RECEIVED
9009,PO-0009009,296,3,2024-06-26,USD,RECEIVED
9010,PO-0009010,289,10,2023-08-14,USD,RECEIVED
9011,PO-0009011,281,5,2024-06-25,USD,OPEN
9012,PO-0009012,4,1,2023-05-13,USD,RECEIVED
9013,PO-0009013,446,8,2024-12-19,USD,RECEIVED
9014,PO-0009014,472,10,2025-05-06,USD,RECEIVED
9015,PO-0009015,324,10,2023-04-07,USD,RECEIVED
9016,PO-0009016,234,8,2025-01-06,USD,OPEN
9017,PO-0009017,471,1,2026-01-11,USD,PARTIAL
9018,PO-0009018,157,11,2024-07-16,USD,RECEIVED
9019,PO-0009019,116,11,2023-12-29,USD,RECEIVED
9020,PO-0009020,319,2,2026-07-12,USD,RECEIVED
9021,PO-0009021,266,11,2025-02-14,USD,RECEIVED
9022,PO-0009022,230,4,2025-02-22,USD,RECEIVED
9023,PO-0009023,26,5,2025-04-04,USD,RECEIVED
9024,PO-0009024,288,6,2026-05-24,USD,RECEIVED
9025,PO-0009025,165,10,2023-08-31,USD,RECEIVED
9026,PO-0009026,168,12,2026-07-14,USD,RECEIVED
9027,PO-0009027,123,9,2024-12-01,USD,RECEIVED
9028,PO-0009028,409,12,2026-01-05,USD,RECEIVED
9029,PO-0009029,422,12,2023-04-21,USD,RECEIVED
9030,PO-0009030,359,10,2024-02-16,USD,PARTIAL
9031,PO-0009031,377,6,2023-11-11,USD,RECEIVED
9032,PO-0009032,393,4,2025-01-04,USD,OPEN
9033,PO-0009033,61,2,2023-11-29,USD,RECEIVED
9034,PO-0009034,293,7,2024-12-14,USD,RECEIVED
9035,PO-0009035,194,8,2026-08-04,USD,RECEIVED
9036,PO-0009036,134,7,2023-04-19,USD,OPEN
9037,PO-0009037,129,4,2025-05-02,USD,RECEIVED
9038,PO-0009038,96,9,2024-03-03,USD,RECEIVED
9039,PO-0009039,269,6,2025-07-13,USD,RECEIVED
9040,PO-0009040,315,3,2025-10-31,USD,RECEIVED
9041,PO-0009041,276,2,2023-11-16,USD,RECEIVED
9042,PO-0009042,61,10,2026-08-06,USD,RECEIVED
9043,PO-0009043,94,4,2023-08-20,USD,RECEIVED
9044,PO-0009044,409,4,2023-11-18,USD,RECEIVED
9045,PO-0009045,445,12,2025-04-26,USD,RECEIVED
9046,PO-0009046,251,1,2025-10-15,USD,CANCELLED
9047,PO-0009047,313,6,2023-10-10,USD,OPEN
9048,PO-0009048,286,4,2025-12-31,USD,OPEN
9049,PO-0009049,194,11,2023-05-05,USD,CANCELLED
9050,PO-0009050,477,9,2026-08-27,USD,RECEIVED
9051,PO-0009051,8,10,2024-11-17,USD,RECEIVED
9052,PO-0009052,131,2,2023-05-30,USD,RECEIVED
9053,PO-0009053,480,6,2025-07-21,USD,CANCELLED
9054,PO-0009054,310,3,2023-02-24,USD,OPEN
9055,PO-0009055,195,6,2025-01-05,USD,RECEIVED
9056,PO-0009056,101,3,2024-07-10,USD,RECEIVED
9057,PO-0009057,451,6,2026-02-01,USD,RECEIVED
9058,PO-0009058,79,9,2023-04-21,USD,RECEIVED
9059,PO-0009059,72,6,2024-02-18,USD,RECEIVED
9060,PO-0009060,190,8,2023-06-01,USD,RECEIVED
9061,PO-0009061,137,5,2023-08-31,USD,RECEIVED
9062,PO-0009062,261,11,2023-10-25,USD,PARTIAL
9063,PO-0009063,229,4,2026-04-26,USD,RECEIVED
9064,PO-0009064,76,10,2025-07-25,USD,RECEIVED
9065,PO-0009065,68,4,2026-02-08,USD,PARTIAL
9066,PO-0009066,435,5,2024-09-29,USD,RECEIVED
9067,PO-0009067,23,12,2023-11-19,USD,PARTIAL
9068,PO-0009068,295,9,2026-07-05,USD,RECEIVED
9069,PO-0009069,74,6,2024-12-12,USD,RECEIVED
9070,PO-0009070,288,2,2025-07-24,USD,CANCELLED
9071,PO-0009071,63,10,2025-08-23,USD,OPEN
9072,PO-0009072,151,4,2023-04-24,USD,RECEIVED
9073,PO-0009073,65,7,2025-03-23,USD,CANCELLED
9074,PO-0009074,315,12,2024-11-08,USD,RECEIVED
9075,PO-0009075,296,2,2024-02-26,USD,RECEIVED
9076,PO-0009076,315,6,2025-04-15,USD,PARTIAL
9077,PO-0009077,313,7,2025-02-03,USD,OPEN
9078,PO-0009078,283,4,2026-08-31,USD,RECEIVED
9079,PO-0009079,138,6,2025-02-10,USD,RECEIVED
9080,PO-0009080,284,10,2023-05-18,USD,CANCELLED
9081,PO-0009081,381,8,2024-03-18,USD,RECEIVED
9082,PO-0009082,9,8,2025-12-18,USD,PARTIAL
9083,PO-0009083,310,2,2025-03-11,USD,CANCELLED
9084,PO-0009084,359,2,2025-05-19,USD,CANCELLED
9085,PO-0009085,303,7,2025-09-19,USD,RECEIVED
9086,PO-0009086,380,12,2026-05-17,USD,CANCELLED
9087,PO-0009087,139,8,2026-09-24,USD,RECEIVED
9088,PO-0009088,4,10,2026-04-11,USD,RECEIVED
9089,PO-0009089,98,9,2025-09-25,USD,PARTIAL
9090,PO-0009090,156,6,2024-06-11,USD,RECEIVED
9091,PO-0009091,251,3,2023-02-26,USD,RECEIVED
9092,PO-0009092,17,8,2026-01-15,USD,RECEIVED
9093,PO-0009093,436,3,2025-01-30,USD,RECEIVED
9094,PO-0009094,8,9,2023-02-12,USD,RECEIVED
9095,PO-0009095,276,5,2025-02-16,USD,RECEIVED
9096,PO-0009096,332,4,2024-05-18,USD,RECEIVED
9097,PO-0009097,343,9,2025-08-07,USD,RECEIVED
9098,PO-0009098,155,10,2023-09-29,USD,RECEIVED
9099,PO-0009099,118,7,2023-03-30,USD,RECEIVED
9100,PO-0009100,248,7,2023-12-03,USD,PARTIAL
9101,PO-0009101,258,12,2024-08-14,USD,RECEIVED
9102,PO-0009102,47,10,2023-10-18,USD,RECEIVED
9103,PO-0009103,117,3,2026-07-27,USD,OPEN
9104,PO-0009104,122,2,2025-04-09,USD,RECEIVED
9105,PO-0009105,254,10,2025-01-17,USD,PARTIAL
9106,PO-0009106,296,10,2025-10-14,USD,RECEIVED
9107,PO-0009107,277,8,2024-11-12,USD,CANCELLED
9108,PO-0009108,31,10,2023-01-28,USD,PARTIAL
9109,PO-0009109,404,12,2026-03-01,USD,PARTIAL
9110,PO-0009110,164,11,2024-06-11,USD,RECEIVED
9111,PO-0009111,143,6,2024-10-02,USD,RECEIVED
9112,PO-0009112,416,5,2025-09-06,USD,RECEIVED
9113,PO-0009113,166,9,2023-12-13,USD,RECEIVED
9114,PO-0009114,433,3,2023-04-19,USD,RECEIVED
9115,PO-0009115,255,1,2026-08-14,USD,RECEIVED
9116,PO-0009116,335,3,2026-08-26,USD,RECEIVED
9117,PO-0009117,389,11,2024-07-20,USD,CANCELLED
9118,PO-0009118,82,3,2025-03-13,USD,RECEIVED
9119,PO-0009119,294,3,2026-06-21,USD,RECEIVED
9120,PO-0009120,258,11,2024-10-27,USD,RECEIVED
9121,PO-0009121,478,12,2023-10-19,USD,OPEN
9122,PO-0009122,219,10,2025-05-23,USD,RECEIVED
9123,PO-0009123,40,7,2025-11-24,USD,PARTIAL
9124,PO-0009124,79,9,2024-12-29,USD,RECEIVED
9125,PO-0009125,179,5,2024-03-27,USD,OPEN
9126,PO-0009126,167,10,2026-03-06,USD,RECEIVED
9127,PO-0009127,460,10,2026-04-16,USD,RECEIVED
9128,PO-0009128,197,10,2024-01-25,USD,RECEIVED
9129,PO-0009129,485,1,2024-10-10,USD,RECEIVED
9130,PO-0009130,410,2,2025-12-04,USD,RECEIVED
9131,PO-0009131,430,9,2023-12-19,USD,PARTIAL
9132,PO-0009132,417,3,2023-08-17,USD,RECEIVED
9133,PO-0009133,234,7,2025-06-18,USD,OPEN
9134,PO-0009134,465,10,2023-04-16,USD,RECEIVED
9135,PO-0009135,426,3,2023-08-10,USD,RECEIVED
9136,PO-0009136,71,4,2024-05-23,USD,PARTIAL
9137,PO-0009137,397,7,2026-09-23,USD,RECEIVED
9138,PO-0009138,309,4,2026-07-25,USD,RECEIVED
9139,PO-0009139,190,9,2024-01-05,USD,RECEIVED
9140,PO-0009140,306,11,2023-09-30,USD,PARTIAL
9141,PO-0009141,370,12,2025-12-07,USD,CANCELLED
9142,PO-0009142,82,5,2023-10-13,USD,RECEIVED
9143,PO-0009143,122,7,2024-03-09,USD,RECEIVED
9144,PO-0009144,135,11,2023-11-23,USD,RECEIVED
9145,PO-0009145,367,5,2023-08-18,USD,RECEIVED
9146,PO-0009146,355,3,2025-08-23,USD,OPEN
9147,PO-0009147,239,1,2026-05-16,USD,RECEIVED
9148,PO-0009148,290,5,2024-06-26,USD,RECEIVED
9149,PO-0009149,87,9,2023-02-26,USD,OPEN
9150,PO-0009150,104,2,2026-07-22,USD,RECEIVED
9151,PO-0009151,279,8,2025-08-28,USD,RECEIVED
9152,PO-0009152,325,11,2026-06-04,USD,RECEIVED
9153,PO-0009153,275,3,2023-04-04,USD,CANCELLED
9154,PO-0009154,66,2,2025-02-18,USD,RECEIVED
9155,PO-0009155,471,12,2023-03-01,USD,PARTIAL
9156,PO-0009156,27,10,2024-10-12,USD,RECEIVED
9157,PO-0009157,184,9,2025-05-16,USD,RECEIVED
9158,PO-0009158,48,12,2024-11-03,USD,CANCELLED
9159,PO-0009159,283,4,2025-05-10,USD,RECEIVED
9160,PO-0009160,421,10,2023-01-28,USD,RECEIVED
9161,PO-0009161,403,6,2026-05-07,USD,RECEIVED
9162,PO-0009162,496,2,2024-09-28,USD,OPEN
9163,PO-0009163,300,12,2026-03-03,USD,RECEIVED
9164,PO-0009164,153,7,2025-08-18,USD,PARTIAL
9165,PO-0009165,375,11,2024-05-28,USD,RECEIVED
9166,PO-0009166,405,3,2024-11-06,USD,RECEIVED
9167,PO-0009167,23,3,2025-10-16,USD,RECEIVED
9168,PO-0009168,149,7,2023-12-08,USD,RECEIVED
9169,PO-0009169,109,3,2025-05-25,USD,OPEN
9170,PO-0009170,238,9,2026-06-09,USD,RECEIVED
9171,PO-0009171,116,4,2025-12-19,USD,RECEIVED
9172,PO-0009172,360,4,2024-07-26,USD,RECEIVED
9173,PO-0009173,251,6,2026-03-14,USD,PARTIAL
9174,PO-0009174,276,3,2025-11-16,USD,RECEIVED
9175,PO-0009175,472,9,2025-07-20,USD,RECEIVED
9176,PO-0009176,462,2,2025-01-05,USD,RECEIVED
9177,PO-0009177,294,2,2025-05-28,USD,RECEIVED
9178,PO-0009178,86,10,2023-01-26,USD,PARTIAL
9179,PO-0009179,86,8,2024-07-11,USD,RECEIVED
9180,PO-0009180,213,8,2024-09-24,USD,RECEIVED
9181,PO-0009181,447,3,2023-05-09,USD,RECEIVED
9182,PO-0009182,382,9,2023-03-31,USD,RECEIVED
9183,PO-0009183,238,11,2024-12-14,USD,RECEIVED
9184,PO-0009184,309,8,2026-04-08,USD,PARTIAL
9185,PO-0009185,291,3,2026-02-12,USD,PARTIAL
9186,PO-0009186,112,11,2023-06-22,USD,CANCELLED
9187,PO-0009187,30,10,2024-02-15,USD,RECEIVED
9188,PO-0009188,391,2,2024-09-07,USD,RECEIVED
9189,PO-0009189,371,3,2025-01-26,USD,PARTIAL
9190,PO-0009190,19,2,2023-12-17,USD,RECEIVED
9191,PO-0009191,145,4,2023-01-28,USD,OPEN
9192,PO-0009192,168,10,2026-01-29,USD,RECEIVED
9193,PO-0009193,438,2,2026-05-07,USD,RECEIVED
9194,PO-0009194,327,2,2025-08-30,USD,CANCELLED
9195,PO-0009195,52,12,2023-02-01,USD,RECEIVED
9196,PO-0009196,378,1,2023-08-26,USD,RECEIVED
9197,PO-0009197,482,6,2023-06-14,USD,RECEIVED
9198,PO-0009198,80,7,2026-07-16,USD,CANCELLED
9199,PO-0009199,49,12,2024-04-11,USD,RECEIVED
9200,PO-0009200,90,10,2023-04-21,USD,PARTIAL
9201,PO-0009201,417,3,2024-04-02,USD,PARTIAL
9202,PO-0009202,169,1,2024-01-13,USD,RECEIVED
9203,PO-0009203,454,12,2025-03-21,USD,OPEN
9204,PO-0009204,409,1,2025-11-06,USD,RECEIVED
9205,PO-0009205,170,6,2025-11-01,USD,RECEIVED
9206,PO-0009206,438,9,2024-04-21,USD,OPEN
9207,PO-0009207,31,8,2023-11-17,USD,OPEN
9208,PO-0009208,431,5,2023-03-22,USD,CANCELLED
9209,PO-0009209,269,1,2024-01-16,USD,RECEIVED
9210,PO-0009210,93,7,2025-11-27,USD,RECEIVED
9211,PO-0009211,280,12,2026-03-24,USD,PARTIAL
9212,PO-0009212,97,9,2023-01-21,USD,OPEN
9213,PO-0009213,495,10,2023-06-04,USD,RECEIVED
9214,PO-0009214,487,7,2026-07-04,USD,CANCELLED
9215,PO-0009215,459,5,2026-06-30,USD,RECEIVED
9216,PO-0009216,34,3,2023-11-20,USD,RECEIVED
9217,PO-0009217,282,5,2023-07-26,USD,RECEIVED
9218,PO-0009218,82,1,2025-08-15,USD,RECEIVED
9219,PO-0009219,39,5,2024-10-20,USD,CANCELLED
9220,PO-0009220,110,7,2026-07-13,USD,RECEIVED
9221,PO-0009221,310,6,2026-02-16,USD,CANCELLED
9222,PO-0009222,3,2,2024-06-05,USD,PARTIAL
9223,PO-0009223,172,9,2025-02-11,USD,RECEIVED
9224,PO-0009224,169,7,2025-08-09,USD,PARTIAL
9225,PO-0009225,254,2,2023-09-19,USD,PARTIAL
9226,PO-0009226,334,2,2024-09-09,USD,RECEIVED
9227,PO-0009227,329,8,2024-07-23,USD,PARTIAL
9228,PO-0009228,431,3,2026-02-22,USD,OPEN
9229,PO-0009229,431,10,2025-02-21,USD,RECEIVED
9230,PO-0009230,432,1,2023-02-27,USD,PARTIAL
9231,PO-0009231,296,7,2025-02-16,USD,RECEIVED
9232,PO-0009232,464,7,2026-04-09,USD,RECEIVED
9233,PO-0009233,394,12,2023-01-04,USD,RECEIVED
9234,PO-0009234,316,5,2025-04-27,USD,RECEIVED
9235,PO-0009235,87,10,2024-03-17,USD,RECEIVED
9236,PO-0009236,485,3,2023-10-05,USD,OPEN
9237,PO-0009237,387,2,2023-06-11,USD,RECEIVED
9238,PO-0009238,391,10,2024-05-30,USD,RECEIVED
9239,PO-0009239,304,7,2025-05-15,USD,OPEN
9240,PO-0009240,254,12,2026-05-20,USD,CANCELLED
9241,PO-0009241,359,10,2024-12-30,USD,RECEIVED
9242,PO-0009242,468,4,2026-01-26,USD,RECEIVED
9243,PO-0009243,116,1,2026-08-01,USD,RECEIVED
9244,PO-0009244,42,12,2026-08-10,USD,RECEIVED
9245,PO-0009245,235,2,2024-01-20,USD,RECEIVED
9246,PO-0009246,305,5,2025-12-17,USD,RECEIVED
9247,PO-0009247,91,10,2026-03-15,USD,OPEN
9248,PO-0009248,161,11,2023-03-12,USD,RECEIVED
9249,PO-0009249,478,7,2025-10-02,USD,CANCELLED
9250,PO-0009250,272,5,2024-02-16,USD,RECEIVED
9251,PO-0009251,301,1,2023-09-13,USD,RECEIVED
9252,PO-0009252,325,2,2026-03-17,USD,RECEIVED
9253,PO-0009253,194,2,2024-12-15,USD,RECEIVED
9254,PO-0009254,55,12,2024-09-09,USD,CANCELLED
9255,PO-0009255,417,6,2026-01-16,USD,RECEIVED
9256,PO-0009256,465,10,2026-07-16,USD,RECEIVED
9257,PO-0009257,54,11,2026-04-26,USD,RECEIVED
9258,PO-0009258,49,6,2023-09-23,USD,RECEIVED
9259,PO-0009259,467,8,2024-01-24,USD,RECEIVED
9260,PO-0009260,132,12,2025-03-17,USD,RECEIVED
9261,PO-0009261,414,4,2025-06-07,USD,RECEIVED
9262,PO-0009262,497,12,2024-11-12,USD,RECEIVED
9263,PO-0009263,241,4,2026-02-04,USD,RECEIVED
9264,PO-0009264,332,9,2024-09-30,USD,RECEIVED
9265,PO-0009265,267,6,2024-11-19,USD,OPEN
9266,PO-0009266,17,10,2023-04-24,USD,RECEIVED
9267,PO-0009267,35,11,2023-08-20,USD,PARTIAL
9268,PO-0009268,250,11,2024-09-21,USD,OPEN
9269,PO-0009269,360,5,2024-03-12,USD,RECEIVED
9270,PO-0009270,45,2,2023-07-21,USD,RECEIVED
9271,PO-0009271,375,10,2023-01-23,USD,RECEIVED
9272,PO-0009272,15,3,2024-06-05,USD,RECEIVED
9273,PO-0009273,301,10,2024-04-13,USD,RECEIVED
9274,PO-0009274,103,7,2023-05-25,USD,RECEIVED
9275,PO-0009275,105,9,2023-08-12,USD,RECEIVED
9276,PO-0009276,488,6,2025-04-30,USD,RECEIVED
9277,PO-0009277,330,1,2024-10-13,USD,RECEIVED
9278,PO-0009278,226,3,2026-02-16,USD,RECEIVED
9279,PO-0009279,286,1,2023-04-05,USD,RECEIVED
9280,PO-0009280,323,4,2023-05-30,USD,RECEIVED
9281,PO-0009281,310,5,2024-04-05,USD,RECEIVED
9282,PO-0009282,272,10,2023-09-04,USD,RECEIVED
9283,PO-0009283,54,3,2024-12-27,USD,OPEN
9284,PO-0009284,176,8,2025-09-14,USD,PARTIAL
9285,PO-0009285,396,3,2026-09-30,USD,RECEIVED
9286,PO-0009286,131,2,2024-12-06,USD,OPEN
9287,PO-0009287,114,3,2026-03-24,USD,RECEIVED
9288,PO-0009288,162,3,2023-08-03,USD,RECEIVED
9289,PO-0009289,255,10,2023-05-03,USD,CANCELLED
9290,PO-0009290,355,6,2023-05-27,USD,OPEN
9291,PO-0009291,80,6,2024-11-08,USD,RECEIVED
9292,PO-0009292,143,1,2024-11-30,USD,PARTIAL
9293,PO-0009293,361,4,2026-05-08,USD,RECEIVED
9294,PO-0009294,440,2,2023-08-16,USD,RECEIVED
9295,PO-0009295,327,1,2026-06-19,USD,RECEIVED
9296,PO-0009296,135,5,2025-12-09,USD,OPEN
9297,PO-0009297,57,7,2024-03-19,USD,PARTIAL
9298,PO-0009298,301,9,2023-05-24,USD,RECEIVED
9299,PO-0009299,2,12,2025-01-15,USD,RECEIVED
9300,PO-0009300,335,3,2025-10-07,USD,PARTIAL
9301,PO-0009301,357,10,2025-08-25,USD,RECEIVED
9302,PO-0009302,15,8,2023-04-22,USD,RECEIVED
9303,PO-0009303,146,9,2023-04-27,USD,RECEIVED
9304,PO-0009304,292,2,2023-01-31,USD,RECEIVED
9305,PO-0009305,7,9,2024-04-12,USD,RECEIVED
9306,PO-0009306,28,8,2025-02-11,USD,RECEIVED
9307,PO-0009307,205,1,2025-10-12,USD,RECEIVED
9308,PO-0009308,269,1,2024-09-04,USD,RECEIVED
9309,PO-0009309,124,10,2024-08-15,USD,RECEIVED
9310,PO-0009310,471,6,2026-07-16,USD,RECEIVED
9311,PO-0009311,210,8,2025-09-10,USD,RECEIVED
9312,PO-0009312,131,5,2025-12-07,USD,RECEIVED
9313,PO-0009313,277,6,2023-10-03,USD,RECEIVED
9314,PO-0009314,230,12,2025-12-13,USD,RECEIVED
9315,PO-0009315,111,11,2025-01-01,USD,RECEIVED
9316,PO-0009316,3,2,2026-04-26,USD,RECEIVED
9317,PO-0009317,170,11,2025-06-18,USD,RECEIVED
9318,PO-0009318,350,4,2024-05-10,USD,OPEN
9319,PO-0009319,483,4,2025-09-09,USD,RECEIVED
9320,PO-0009320,484,4,2024-08-19,USD,RECEIVED
9321,PO-0009321,59,4,2024-08-11,USD,RECEIVED
9322,PO-0009322,164,4,2024-10-01,USD,RECEIVED
9323,PO-0009323,189,8,2025-12-01,USD,OPEN
9324,PO-0009324,418,3,2024-03-04,USD,RECEIVED
9325,PO-0009325,339,7,2024-12-08,USD,OPEN
9326,PO-0009326,448,9,2025-03-14,USD,RECEIVED
9327,PO-0009327,132,8,2025-03-19,USD,OPEN
9328,PO-0009328,492,4,2023-10-08,USD,RECEIVED
9329,PO-0009329,96,4,2023-05-19,USD,CANCELLED
9330,PO-0009330,354,1,2024-03-09,USD,RECEIVED
9331,PO-0009331,342,10,2024-06-25,USD,RECEIVED
9332,PO-0009332,12,5,2025-05-14,USD,RECEIVED
9333,PO-0009333,119,2,2026-09-15,USD,OPEN
9334,PO-0009334,436,2,2025-11-17,USD,RECEIVED
9335,PO-0009335,103,11,2024-12-25,USD,RECEIVED
9336,PO-0009336,307,4,2026-09-21,USD,RECEIVED
9337,PO-0009337,167,12,2025-12-20,USD,RECEIVED
9338,PO-0009338,57,1,2024-11-11,USD,RECEIVED
9339,PO-0009339,41,8,2023-04-28,USD,RECEIVED
9340,PO-0009340,214,9,2023-11-08,USD,RECEIVED
9341,PO-0009341,24,8,2025-08-09,USD,RECEIVED
9342,PO-0009342,316,9,2026-06-02,USD,CANCELLED
9343,PO-0009343,200,10,2026-07-15,USD,RECEIVED
9344,PO-0009344,234,8,2023-12-08,USD,RECEIVED
9345,PO-0009345,345,2,2024-05-02,USD,RECEIVED
9346,PO-0009346,99,2,2024-06-27,USD,RECEIVED
9347,PO-0009347,259,7,2023-08-11,USD,PARTIAL
9348,PO-0009348,336,4,2024-12-23,USD,RECEIVED
9349,PO-0009349,116,7,2023-04-06,USD,RECEIVED
9350,PO-0009350,477,2,2025-04-24,USD,RECEIVED
9351,PO-0009351,405,8,2024-10-09,USD,RECEIVED
9352,PO-0009352,100,10,2026-01-03,USD,RECEIVED
9353,PO-0009353,147,11,2026-05-17,USD,RECEIVED
9354,PO-0009354,310,2,2023-10-06,USD,RECEIVED
9355,PO-0009355,467,1,2026-03-20,USD,PARTIAL
9356,PO-0009356,262,2,2024-07-26,USD,RECEIVED
9357,PO-0009357,404,5,2025-02-21,USD,CANCELLED
9358,PO-0009358,30,10,2023-04-23,USD,RECEIVED
9359,PO-0009359,166,7,2026-08-01,USD,OPEN
9360,PO-0009360,63,8,2024-04-27,USD,RECEIVED
9361,PO-0009361,108,1,2026-03-19,USD,PARTIAL
9362,PO-0009362,385,8,2024-06-26,USD,PARTIAL
9363,PO-0009363,129,12,2024-11-03,USD,PARTIAL
9364,PO-0009364,172,6,2023-03-16,USD,RECEIVED
9365,PO-0009365,497,2,2026-07-29,USD,OPEN
9366,PO-0009366,222,8,2023-10-16,USD,RECEIVED
9367,PO-0009367,258,8,2026-05-22,USD,RECEIVED
9368,PO-0009368,444,5,2023-12-13,USD,RECEIVED
9369,PO-0009369,257,12,2023-12-06,USD,RECEIVED
9370,PO-0009370,496,6,2025-03-25,USD,RECEIVED
9371,PO-0009371,184,4,2024-08-28,USD,RECEIVED
9372,PO-0009372,377,7,2025-12-20,USD,RECEIVED
9373,PO-0009373,162,1,2026-02-24,USD,OPEN
9374,PO-0009374,415,3,2024-06-01,USD,RECEIVED
9375,PO-0009375,230,9,2024-04-08,USD,RECEIVED
9376,PO-0009376,263,12,2026-08-17,USD,RECEIVED
9377,PO-0009377,142,10,2026-02-20,USD,PARTIAL
9378,PO-0009378,377,4,2023-08-31,USD,RECEIVED
9379,PO-0009379,54,3,2026-02-26,USD,RECEIVED
9380,PO-0009380,454,10,2024-03-07,USD,RECEIVED
9381,PO-0009381,150,1,2024-11-13,USD,RECEIVED
9382,PO-0009382,89,6,2024-09-23,USD,RECEIVED
9383,PO-0009383,414,7,2026-03-17,USD,RECEIVED
9384,PO-0009384,383,11,2026-06-14,USD,RECEIVED
9385,PO-0009385,109,9,2026-04-14,USD,PARTIAL
9386,PO-0009386,466,8,2023-10-23,USD,RECEIVED
9387,PO-0009387,323,5,2026-06-16,USD,RECEIVED
9388,PO-0009388,40,5,2023-01-24,USD,OPEN
9389,PO-0009389,14,12,2024-10-18,USD,CANCELLED
9390,PO-0009390,96,8,2023-12-04,USD,RECEIVED
9391,PO-0009391,290,4,2024-03-20,USD,RECEIVED
9392,PO-0009392,256,12,2024-04-25,USD,PARTIAL
9393,PO-0009393,261,4,2026-03-14,USD,PARTIAL
9394,PO-0009394,408,4,2024-09-11,USD,OPEN
9395,PO-0009395,453,12,2024-05-05,USD,RECEIVED
9396,PO-0009396,154,6,2024-03-27,USD,PARTIAL
9397,PO-0009397,223,1,2024-12-02,USD,RECEIVED
9398,PO-0009398,15,1,2024-11-20,USD,RECEIVED
9399,PO-0009399,102,4,2023-08-20,USD,RECEIVED
9400,PO-0009400,200,12,2024-08-13,USD,RECEIVED
9401,PO-0009401,222,5,2026-01-29,USD,RECEIVED
9402,PO-0009402,175,12,2026-09-05,USD,RECEIVED
9403,PO-0009403,288,10,2026-06-20,USD,RECEIVED
9404,PO-0009404,320,5,2024-03-25,USD,PARTIAL
9405,PO-0009405,78,8,2025-12-31,USD,OPEN
9406,PO-0009406,102,5,2023-11-03,USD,RECEIVED
9407,PO-0009407,70,7,2024-06-29,USD,PARTIAL
9408,PO-0009408,292,6,2025-05-26,USD,RECEIVED
9409,PO-0009409,260,4,2024-12-05,USD,RECEIVED
9410,PO-0009410,451,8,2026-07-20,USD,RECEIVED
9411,PO-0009411,254,12,2025-06-21,USD,RECEIVED
9412,PO-0009412,9,1,2025-09-09,USD,RECEIVED
9413,PO-0009413,124,6,2023-07-19,USD,RECEIVED
9414,PO-0009414,286,4,2026-03-25,USD,RECEIVED
9415,PO-0009415,438,10,2025-05-21,USD,OPEN
9416,PO-0009416,192,11,2026-05-18,USD,RECEIVED
9417,PO-0009417,318,7,2024-12-14,USD,RECEIVED
9418,PO-0009418,148,5,2024-02-27,USD,PARTIAL
9419,PO-0009419,297,2,2026-02-08,USD,CANCELLED
9420,PO-0009420,189,3,2023-11-19,USD,CANCELLED
9421,PO-0009421,267,12,2023-04-02,USD,RECEIVED
9422,PO-0009422,209,11,2025-05-05,USD,OPEN
9423,PO-0009423,154,6,2023-03-10,USD,RECEIVED
9424,PO-0009424,456,12,2023-05-19,USD,CANCELLED
9425,PO-0009425,288,5,2025-10-10,USD,RECEIVED
9426,PO-0009426,359,11,2023-09-27,USD,RECEIVED
9427,PO-0009427,464,8,2026-01-13,USD,RECEIVED
9428,PO-0009428,326,10,2025-10-20,USD,RECEIVED
9429,PO-0009429,19,3,2026-07-18,USD,RECEIVED
9430,PO-0009430,64,11,2025-10-13,USD,OPEN
9431,PO-0009431,27,2,2025-12-29,USD,OPEN
9432,PO-0009432,412,5,2024-02-22,USD,RECEIVED
9433,PO-0009433,11,11,2026-03-30,USD,CANCELLED
9434,PO-0009434,43,3,2026-04-08,USD,RECEIVED
9435,PO-0009435,115,8,2026-03-11,USD,OPEN
9436,PO-0009436,11,3,2023-08-28,USD,OPEN
9437,PO-0009437,410,1,2024-06-13,USD,PARTIAL
9438,PO-0009438,289,1,2025-10-18,USD,RECEIVED
9439,PO-0009439,53,12,2025-11-04,USD,RECEIVED
9440,PO-0009440,342,4,2026-03-27,USD,RECEIVED
9441,PO-0009441,189,5,2026-08-19,USD,RECEIVED
9442,PO-0009442,415,9,2023-09-24,USD,RECEIVED
9443,PO-0009443,215,8,2025-08-23,USD,RECEIVED
9444,PO-0009444,422,3,2023-04-11,USD,RECEIVED
9445,PO-0009445,130,3,2024-11-18,USD,CANCELLED
9446,PO-0009446,310,9,2024-05-20,USD,RECEIVED
9447,PO-0009447,8,6,2023-03-26,USD,OPEN
9448,PO-0009448,390,7,2024-05-06,USD,RECEIVED
9449,PO-0009449,404,8,2026-04-09,USD,CANCELLED
9450,PO-0009450,495,2,2024-10-24,USD,RECEIVED
9451,PO-0009451,15,9,2026-09-03,USD,PARTIAL
9452,PO-0009452,27,1,2023-11-19,USD,CANCELLED
9453,PO-0009453,377,5,2024-08-14,USD,RECEIVED
9454,PO-0009454,310,1,2025-03-12,USD,RECEIVED
9455,PO-0009455,286,4,2024-08-10,USD,RECEIVED
9456,PO-0009456,258,12,2026-04-30,USD,RECEIVED
9457,PO-0009457,279,5,2024-06-02,USD,RECEIVED
9458,PO-0009458,30,3,2026-03-22,USD,CANCELLED
9459,PO-0009459,192,2,2025-03-31,USD,RECEIVED
9460,PO-0009460,89,7,2024-01-21,USD,RECEIVED
9461,PO-0009461,466,7,2024-02-19,USD,RECEIVED
9462,PO-0009462,419,5,2024-06-05,USD,CANCELLED
9463,PO-0009463,319,6,2024-02-13,USD,OPEN
9464,PO-0009464,304,7,2023-10-07,USD,RECEIVED
9465,PO-0009465,199,12,2026-02-20,USD,RECEIVED
9466,PO-0009466,478,10,2023-09-01,USD,RECEIVED
9467,PO-0009467,215,5,2024-05-26,USD,RECEIVED
9468,PO-0009468,83,10,2026-05-24,USD,PARTIAL
9469,PO-0009469,139,3,2023-08-26,USD,CANCELLED
9470,PO-0009470,320,3,2023-04-26,USD,RECEIVED
9471,PO-0009471,10,5,2026-03-19,USD,RECEIVED
9472,PO-0009472,378,7,2023-07-02,USD,RECEIVED
9473,PO-0009473,464,8,2026-06-27,USD,RECEIVED
9474,PO-0009474,389,1,2025-02-09,USD,PARTIAL
9475,PO-0009475,137,1,2024-02-01,USD,RECEIVED
9476,PO-0009476,249,11,2024-01-08,USD,PARTIAL
9477,PO-0009477,110,12,2023-07-09,USD,RECEIVED
9478,PO-0009478,119,7,2024-07-25,USD,PARTIAL
9479,PO-0009479,363,7,2023-07-12,USD,RECEIVED
9480,PO-0009480,148,11,2026-03-24,USD,RECEIVED
9481,PO-0009481,39,11,2025-05-19,USD,PARTIAL
9482,PO-0009482,281,10,2026-07-10,USD,CANCELLED
9483,PO-0009483,416,11,2025-07-12,USD,RECEIVED
9484,PO-0009484,330,6,2023-07-29,USD,OPEN
9485,PO-0009485,69,3,2024-11-23,USD,RECEIVED
9486,PO-0009486,285,5,2025-08-23,USD,RECEIVED
9487,PO-0009487,181,12,2025-11-30,USD,PARTIAL
9488,PO-0009488,138,6,2023-04-01,USD,RECEIVED
9489,PO-0009489,174,4,2025-07-29,USD,RECEIVED
9490,PO-0009490,26,10,2024-10-11,USD,RECEIVED
9491,PO-0009491,18,3,2025-04-05,USD,RECEIVED
9492,PO-0009492,454,8,2023-01-08,USD,RECEIVED
9493,PO-0009493,494,7,2025-07-23,USD,PARTIAL
9494,PO-0009494,445,7,2023-11-16,USD,CANCELLED
9495,PO-0009495,141,10,2025-10-05,USD,RECEIVED
9496,PO-0009496,54,8,2025-12-28,USD,RECEIVED
9497,PO-0009497,312,8,2023-08-01,USD,RECEIVED
9498,PO-0009498,328,4,2024-08-31,USD,OPEN
9499,PO-0009499,207,4,2023-07-16,USD,PARTIAL
9500,PO-0009500,430,11,2023-05-05,USD,RECEIVED
9501,PO-0009501,51,9,2024-01-22,USD,RECEIVED
9502,PO-0009502,464,6,2023-08-03,USD,RECEIVED
9503,PO-0009503,370,11,2023-07-08,USD,OPEN
9504,PO-0009504,364,12,2024-01-12,USD,CANCELLED
9505,PO-0009505,386,12,2025-11-06,USD,RECEIVED
9506,PO-0009506,256,3,2025-03-02,USD,RECEIVED
9507,PO-0009507,224,10,2026-03-23,USD,RECEIVED
9508,PO-0009508,222,12,2023-10-09,USD,OPEN
9509,PO-0009509,140,5,2023-07-15,USD,PARTIAL
9510,PO-0009510,467,11,2024-11-07,USD,RECEIVED
9511,PO-0009511,411,9,2024-11-23,USD,RECEIVED
9512,PO-0009512,354,8,2024-06-16,USD,CANCELLED
9513,PO-0009513,210,3,2026-04-19,USD,RECEIVED
9514,PO-0009514,139,8,2023-07-27,USD,RECEIVED
9515,PO-0009515,36,9,2026-07-31,USD,RECEIVED
9516,PO-0009516,224,5,2023-12-28,USD,RECEIVED
9517,PO-0009517,245,2,2026-01-28,USD,PARTIAL
9518,PO-0009518,176,12,2024-04-02,USD,RECEIVED
9519,PO-0009519,294,4,2026-07-02,USD,RECEIVED
9520,PO-0009520,363,2,2025-10-13,USD,RECEIVED
9521,PO-0009521,273,1,2024-09-25,USD,CANCELLED
9522,PO-0009522,305,9,2023-04-23,USD,RECEIVED
9523,PO-0009523,485,12,2025-02-18,USD,RECEIVED
9524,PO-0009524,164,3,2025-09-24,USD,RECEIVED
9525,PO-0009525,392,9,2024-09-30,USD,PARTIAL
9526,PO-0009526,146,1,2024-10-03,USD,OPEN
9527,PO-0009527,60,6,2023-02-16,USD,RECEIVED
9528,PO-0009528,261,11,2024-11-25,USD,RECEIVED
9529,PO-0009529,74,12,2025-07-29,USD,RECEIVED
9530,PO-0009530,258,9,2025-01-10,USD,RECEIVED
9531,PO-0009531,205,9,2025-07-12,USD,RECEIVED
9532,PO-0009532,104,4,2024-09-15,USD,RECEIVED
9533,PO-0009533,182,12,2025-12-15,USD,RECEIVED
9534,PO-0009534,34,2,2023-09-24,USD,RECEIVED
9535,PO-0009535,430,6,2025-09-02,USD,RECEIVED
9536,PO-0009536,222,6,2025-03-18,USD,OPEN
9537,PO-0009537,201,5,2025-01-22,USD,PARTIAL
9538,PO-0009538,388,6,2026-05-03,USD,RECEIVED
9539,PO-0009539,100,6,2024-02-16,USD,RECEIVED
9540,PO-0009540,402,11,2026-09-24,USD,OPEN
9541,PO-0009541,277,8,2023-11-15,USD,RECEIVED
9542,PO-0009542,383,2,2024-03-12,USD,RECEIVED
9543,PO-0009543,333,8,2026-06-18,USD,RECEIVED
9544,PO-0009544,94,3,2025-07-10,USD,PARTIAL
9545,PO-0009545,226,4,2024-09-16,USD,CANCELLED
9546,PO-0009546,87,5,2023-11-24,USD,RECEIVED
9547,PO-0009547,195,3,2023-03-24,USD,RECEIVED
9548,PO-0009548,313,2,2024-12-16,USD,RECEIVED
9549,PO-0009549,155,1,2025-03-15,USD,RECEIVED
9550,PO-0009550,77,3,2025-06-10,USD,RECEIVED
9551,PO-0009551,345,9,2023-07-25,USD,RECEIVED
9552,PO-0009552,472,10,2023-01-06,USD,RECEIVED
9553,PO-0009553,105,7,2024-05-30,USD,RECEIVED
9554,PO-0009554,498,12,2024-06-08,USD,RECEIVED
9555,PO-0009555,82,6,2024-09-09,USD,RECEIVED
9556,PO-0009556,410,2,2023-01-11,USD,PARTIAL
9557,PO-0009557,276,8,2025-08-17,USD,PARTIAL
9558,PO-0009558,260,3,2024-03-06,USD,RECEIVED
9559,PO-0009559,473,2,2025-11-24,USD,RECEIVED
9560,PO-0009560,425,5,2023-11-21,USD,RECEIVED
9561,PO-0009561,8,1,2023-04-14,USD,PARTIAL
9562,PO-0009562,151,1,2023-10-28,USD,RECEIVED
9563,PO-0009563,207,9,2023-09-15,USD,RECEIVED
9564,PO-0009564,444,10,2024-01-23,USD,RECEIVED
9565,PO-0009565,231,6,2023-07-13,USD,RECEIVED
9566,PO-0009566,497,11,2024-06-30,USD,CANCELLED
9567,PO-0009567,100,4,2025-10-03,USD,RECEIVED
9568,PO-0009568,386,8,2026-04-25,USD,OPEN
9569,PO-0009569,260,6,2023-11-13,USD,PARTIAL
9570,PO-0009570,155,6,2026-01-17,USD,PARTIAL
9571,PO-0009571,66,10,2026-09-17,USD,RECEIVED
9572,PO-0009572,42,9,2026-08-20,USD,RECEIVED
9573,PO-0009573,481,12,2026-07-06,USD,RECEIVED
9574,PO-0009574,245,11,2025-07-25,USD,RECEIVED
9575,PO-0009575,397,11,2024-05-11,USD,RECEIVED
9576,PO-0009576,112,7,2025-03-08,USD,RECEIVED
9577,PO-0009577,270,9,2024-03-26,USD,CANCELLED
9578,PO-0009578,18,10,2025-11-13,USD,RECEIVED
9579,PO-0009579,313,9,2025-11-30,USD,RECEIVED
9580,PO-0009580,316,8,2024-08-01,USD,RECEIVED
9581,PO-0009581,45,4,2024-10-20,USD,RECEIVED
9582,PO-0009582,94,10,2024-07-18,USD,RECEIVED
9583,PO-0009583,8,1,2024-07-28,USD,RECEIVED
9584,PO-0009584,494,7,2026-05-11,USD,RECEIVED
9585,PO-0009585,106,10,2023-01-03,USD,RECEIVED
9586,PO-0009586,153,4,2024-10-11,USD,RECEIVED
9587,PO-0009587,238,11,2025-02-19,USD,PARTIAL
9588,PO-0009588,274,3,2024-08-11,USD,RECEIVED
9589,PO-0009589,16,7,2026-04-13,USD,RECEIVED
9590,PO-0009590,232,4,2025-06-13,USD,RECEIVED
9591,PO-0009591,66,8,2023-08-04,USD,RECEIVED
9592,PO-0009592,332,2,2025-01-24,USD,RECEIVED
9593,PO-0009593,83,11,2024-01-23,USD,RECEIVED
9594,PO-0009594,158,3,2024-03-14,USD,RECEIVED
9595,PO-0009595,45,10,2024-05-03,USD,RECEIVED
9596,PO-0009596,41,3,2026-07-19,USD,RECEIVED
9597,PO-0009597,182,6,2025-01-17,USD,OPEN
9598,PO-0009598,346,6,2026-08-16,USD,RECEIVED
9599,PO-0009599,57,3,2025-08-09,USD,PARTIAL
9600,PO-0009600,357,4,2026-04-25,USD,RECEIVED
9601,PO-0009601,219,2,2025-05-06,USD,RECEIVED
9602,PO-0009602,477,8,2023-02-11,USD,CANCELLED
9603,PO-0009603,89,12,2025-01-20,USD,RECEIVED
9604,PO-0009604,483,8,2024-02-10,USD,RECEIVED
9605,PO-0009605,39,1,2023-12-28,USD,RECEIVED
9606,PO-0009606,409,6,2026-09-11,USD,OPEN
9607,PO-0009607,200,3,2024-04-29,USD,RECEIVED
9608,PO-0009608,245,1,2024-01-17,USD,RECEIVED
9609,PO-0009609,256,9,2025-12-10,USD,RECEIVED
9610,PO-0009610,360,2,2025-04-14,USD,RECEIVED
9611,PO-0009611,323,7,2026-05-11,USD,OPEN
9612,PO-0009612,497,1,2023-12-28,USD,CANCELLED
9613,PO-0009613,490,6,2023-03-03,USD,RECEIVED
9614,PO-0009614,370,6,2023-08-17,USD,RECEIVED
9615,PO-0009615,412,6,2026-07-11,USD,RECEIVED
9616,PO-0009616,251,7,2025-03-19,USD,RECEIVED
9617,PO-0009617,410,7,2025-11-07,USD,RECEIVED
9618,PO-0009618,467,5,2023-03-18,USD,RECEIVED
9619,PO-0009619,64,9,2026-03-11,USD,RECEIVED
9620,PO-0009620,320,11,2023-07-23,USD,PARTIAL
9621,PO-0009621,167,10,2025-01-24,USD,RECEIVED
9622,PO-0009622,116,7,2025-05-28,USD,RECEIVED
9623,PO-0009623,306,10,2026-01-25,USD,OPEN
9624,PO-0009624,243,9,2024-10-29,USD,RECEIVED
9625,PO-0009625,5,4,2025-09-30,USD,CANCELLED
9626,PO-0009626,342,10,2023-02-01,USD,OPEN
9627,PO-0009627,432,5,2024-12-09,USD,RECEIVED
9628,PO-0009628,32,11,2026-02-17,USD,OPEN
9629,PO-0009629,99,10,2023-06-15,USD,RECEIVED
9630,PO-0009630,373,1,2023-07-23,USD,CANCELLED
9631,PO-0009631,107,12,2025-04-18,USD,RECEIVED
9632,PO-0009632,138,10,2024-05-11,USD,CANCELLED
9633,PO-0009633,223,11,2023-07-30,USD,RECEIVED
9634,PO-0009634,118,10,2025-08-27,USD,CANCELLED
9635,PO-0009635,21,1,2024-02-24,USD,RECEIVED
9636,PO-0009636,241,2,2025-03-07,USD,RECEIVED
9637,PO-0009637,317,9,2026-02-10,USD,RECEIVED
9638,PO-0009638,308,8,2023-03-03,USD,RECEIVED
9639,PO-0009639,495,3,2025-12-28,USD,RECEIVED
9640,PO-0009640,58,1,2023-10-20,USD,CANCELLED
9641,PO-0009641,242,3,2025-08-13,USD,RECEIVED
9642,PO-0009642,243,8,2023-05-03,USD,PARTIAL
9643,PO-0009643,80,12,2023-12-17,USD,RECEIVED
9644,PO-0009644,62,3,2023-05-03,USD,RECEIVED
9645,PO-0009645,176,10,2024-12-24,USD,OPEN
9646,PO-0009646,159,1,2025-07-08,USD,OPEN
9647,PO-0009647,481,9,2024-04-09,USD,RECEIVED
9648,PO-0009648,283,5,2026-07-13,USD,RECEIVED
9649,PO-0009649,125,7,2024-07-06,USD,RECEIVED
9650,PO-0009650,423,5,2025-05-22,USD,RECEIVED
9651,PO-0009651,370,2,2025-11-20,USD,RECEIVED
9652,PO-0009652,469,12,2026-04-07,USD,RECEIVED
9653,PO-0009653,209,12,2025-07-05,USD,RECEIVED
9654,PO-0009654,264,2,2025-11-06,USD,RECEIVED
9655,PO-0009655,441,12,2026-05-06,USD,CANCELLED
9656,PO-0009656,400,3,2026-03-28,USD,PARTIAL
9657,PO-0009657,170,5,2023-02-10,USD,RECEIVED
9658,PO-0009658,196,8,2024-11-30,USD,RECEIVED
9659,PO-0009659,98,4,2023-09-02,USD,RECEIVED
9660,PO-0009660,123,7,2023-09-04,USD,RECEIVED
9661,PO-0009661,323,10,2023-10-10,USD,OPEN
9662,PO-0009662,163,8,2025-09-03,USD,RECEIVED
9663,PO-0009663,191,10,2025-10-09,USD,RECEIVED
9664,PO-0009664,416,6,2026-01-02,USD,RECEIVED
9665,PO-0009665,43,3,2026-08-10,USD,RECEIVED
9666,PO-0009666,205,8,2026-02-21,USD,OPEN
9667,PO-0009667,489,5,2025-01-30,USD,RECEIVED
9668,PO-0009668,252,5,2026-05-22,USD,RECEIVED
9669,PO-0009669,79,3,2026-04-14,USD,RECEIVED
9670,PO-0009670,116,5,2023-02-03,USD,OPEN
9671,PO-0009671,420,5,2023-12-17,USD,RECEIVED
9672,PO-0009672,473,2,2026-01-12,USD,RECEIVED
9673,PO-0009673,398,1,2023-03-25,USD,RECEIVED
9674,PO-0009674,224,2,2023-09-18,USD,CANCELLED
9675,PO-0009675,16,6,2025-02-13,USD,RECEIVED
9676,PO-0009676,184,2,2025-08-09,USD,RECEIVED
9677,PO-0009677,416,8,2025-07-28,USD,RECEIVED
9678,PO-0009678,491,9,2026-02-11,USD,CANCELLED
9679,PO-0009679,493,6,2025-08-28,USD,RECEIVED
9680,PO-0009680,56,2,2023-06-25,USD,RECEIVED
9681,PO-0009681,145,11,2025-06-28,USD,RECEIVED
9682,PO-0009682,195,1,2025-10-05,USD,RECEIVED
9683,PO-0009683,355,6,2023-03-24,USD,RECEIVED
9684,PO-0009684,98,8,2024-12-03,USD,RECEIVED
9685,PO-0009685,334,9,2024-01-02,USD,RECEIVED
9686,PO-0009686,463,12,2024-11-27,USD,PARTIAL
9687,PO-0009687,282,7,2025-01-05,USD,CANCELLED
9688,PO-0009688,91,7,2026-04-07,USD,PARTIAL
9689,PO-0009689,3,2,2026-07-19,USD,RECEIVED
9690,PO-0009690,231,4,2023-10-04,USD,RECEIVED
9691,PO-0009691,25,1,2023-12-26,USD,CANCELLED
9692,PO-0009692,418,8,2024-03-03,USD,RECEIVED
9693,PO-0009693,418,11,2023-10-23,USD,RECEIVED
9694,PO-0009694,356,8,2025-05-08,USD,RECEIVED
9695,PO-0009695,22,4,2026-04-08,USD,RECEIVED
9696,PO-0009696,267,3,2023-09-05,USD,RECEIVED
9697,PO-0009697,361,4,2026-05-25,USD,RECEIVED
9698,PO-0009698,422,5,2025-11-01,USD,RECEIVED
9699,PO-0009699,218,5,2025-12-04,USD,RECEIVED
9700,PO-0009700,344,12,2026-01-31,USD,RECEIVED
9701,PO-0009701,79,7,2023-07-09,USD,RECEIVED
9702,PO-0009702,256,7,2026-04-09,USD,RECEIVED
9703,PO-0009703,442,2,2024-06-05,USD,RECEIVED
9704,PO-0009704,157,7,2026-04-02,USD,OPEN
9705,PO-0009705,417,4,2023-10-29,USD,RECEIVED
9706,PO-0009706,481,11,2023-11-24,USD,OPEN
9707,PO-0009707,16,5,2026-09-06,USD,RECEIVED
9708,PO-0009708,417,10,2024-06-04,USD,RECEIVED
9709,PO-0009709,332,8,2026-03-31,USD,RECEIVED
9710,PO-0009710,136,12,2025-04-30,USD,PARTIAL
9711,PO-0009711,122,6,2026-01-08,USD,RECEIVED
9712,PO-0009712,357,7,2023-08-16,USD,CANCELLED
9713,PO-0009713,298,11,2023-02-22,USD,OPEN
9714,PO-0009714,500,5,2023-04-23,USD,OPEN
9715,PO-0009715,40,5,2024-03-06,USD,RECEIVED
9716,PO-0009716,247,3,2023-04-02,USD,RECEIVED
9717,PO-0009717,313,4,2025-06-20,USD,RECEIVED
9718,PO-0009718,52,6,2023-03-17,USD,PARTIAL
9719,PO-0009719,235,4,2025-10-09,USD,RECEIVED
9720,PO-0009720,418,5,2026-01-01,USD,RECEIVED
9721,PO-0009721,316,12,2024-10-25,USD,RECEIVED
9722,PO-0009722,215,9,2023-08-01,USD,RECEIVED
9723,PO-0009723,61,2,2023-03-27,USD,RECEIVED
9724,PO-0009724,48,10,2025-03-14,USD,RECEIVED
9725,PO-0009725,479,6,2024-04-24,USD,OPEN
9726,PO-0009726,173,1,2025-11-15,USD,CANCELLED
9727,PO-0009727,148,11,2025-05-04,USD,RECEIVED
9728,PO-0009728,333,7,2025-06-06,USD,OPEN
9729,PO-0009729,22,12,2023-08-24,USD,RECEIVED
9730,PO-0009730,13,9,2024-09-12,USD,RECEIVED
9731,PO-0009731,329,6,2026-07-01,USD,RECEIVED
9732,PO-0009732,21,2,2023-03-24,USD,RECEIVED
9733,PO-0009733,1,2,2024-07-24,USD,CANCELLED
9734,PO-0009734,83,5,2023-08-21,USD,CANCELLED
9735,PO-0009735,474,10,2025-03-06,USD,RECEIVED
9736,PO-0009736,3,1,2025-10-20,USD,RECEIVED
9737,PO-0009737,404,12,2024-12-09,USD,OPEN
9738,PO-0009738,256,11,2024-07-24,USD,RECEIVED
9739,PO-0009739,44,2,2026-03-28,USD,RECEIVED
9740,PO-0009740,108,12,2023-06-03,USD,RECEIVED
9741,PO-0009741,414,9,2025-07-09,USD,OPEN
9742,PO-0009742,315,9,2025-10-31,USD,RECEIVED
9743,PO-0009743,386,2,2023-08-05,USD,RECEIVED
9744,PO-0009744,303,3,2025-04-09,USD,RECEIVED
9745,PO-0009745,497,2,2023-03-26,USD,PARTIAL
9746,PO-0009746,458,1,2025-09-27,USD,RECEIVED
9747,PO-0009747,114,1,2023-07-17,USD,RECEIVED
9748,PO-0009748,364,1,2024-10-26,USD,RECEIVED
9749,PO-0009749,154,5,2024-05-11,USD,RECEIVED
9750,PO-0009750,202,7,2024-04-04,USD,CANCELLED
9751,PO-0009751,120,5,2025-12-12,USD,RECEIVED
9752,PO-0009752,40,9,2025-12-06,USD,CANCELLED
9753,PO-0009753,223,10,2024-10-04,USD,CANCELLED
9754,PO-0009754,221,3,2026-03-13,USD,RECEIVED
9755,PO-0009755,181,8,2023-12-18,USD,RECEIVED
9756,PO-0009756,6,11,2024-03-23,USD,OPEN
9757,PO-0009757,29,8,2024-06-23,USD,PARTIAL
9758,PO-0009758,221,9,2025-06-10,USD,RECEIVED
9759,PO-0009759,307,1,2025-12-20,USD,CANCELLED
9760,PO-0009760,192,12,2024-07-23,USD,RECEIVED
9761,PO-0009761,73,10,2023-01-01,USD,RECEIVED
9762,PO-0009762,496,6,2026-09-22,USD,RECEIVED
9763,PO-0009763,157,1,2026-08-09,USD,RECEIVED
9764,PO-0009764,89,1,2024-03-14,USD,RECEIVED
9765,PO-0009765,304,6,2026-01-26,USD,RECEIVED
9766,PO-0009766,453,3,2023-09-28,USD,RECEIVED
9767,PO-0009767,131,6,2024-02-03,USD,RECEIVED
9768,PO-0009768,291,9,2024-08-31,USD,RECEIVED
9769,PO-0009769,97,11,2024-01-13,USD,RECEIVED
9770,PO-0009770,5,8,2026-05-08,USD,RECEIVED
9771,PO-0009771,99,10,2025-12-02,USD,RECEIVED
9772,PO-0009772,102,5,2026-06-25,USD,RECEIVED
9773,PO-0009773,345,7,2025-11-29,USD,RECEIVED
9774,PO-0009774,131,5,2023-09-15,USD,RECEIVED
9775,PO-0009775,200,5,2025-10-01,USD,RECEIVED
9776,PO-0009776,20,6,2025-01-01,USD,CANCELLED
9777,PO-0009777,347,11,2024-09-03,USD,RECEIVED
9778,PO-0009778,482,8,2025-05-14,USD,RECEIVED
9779,PO-0009779,479,2,2026-02-25,USD,PARTIAL
9780,PO-0009780,431,7,2024-10-05,USD,RECEIVED
9781,PO-0009781,379,3,2024-10-25,USD,RECEIVED
9782,PO-0009782,152,2,2025-07-21,USD,RECEIVED
9783,PO-0009783,391,3,2026-07-09,USD,RECEIVED
9784,PO-0009784,296,6,2025-03-19,USD,RECEIVED
9785,PO-0009785,414,3,2023-04-06,USD,RECEIVED
9786,PO-0009786,115,5,2023-06-26,USD,RECEIVED
9787,PO-0009787,362,2,2025-11-25,USD,RECEIVED
9788,PO-0009788,170,7,2024-06-14,USD,RECEIVED
9789,PO-0009789,185,6,2025-06-24,USD,RECEIVED
9790,PO-0009790,427,5,2026-03-13,USD,RECEIVED
9791,PO-0009791,120,5,2025-04-18,USD,RECEIVED
9792,PO-0009792,455,5,2023-08-21,USD,RECEIVED
9793,PO-0009793,199,8,2024-10-22,USD,CANCELLED
9794,PO-0009794,46,1,2026-04-21,USD,RECEIVED
9795,PO-0009795,28,6,2023-12-05,USD,PARTIAL
9796,PO-0009796,286,11,2025-10-06,USD,OPEN
9797,PO-0009797,306,6,2026-08-02,USD,RECEIVED
9798,PO-0009798,307,3,2025-09-28,USD,CANCELLED
9799,PO-0009799,351,4,2025-03-08,USD,RECEIVED
9800,PO-0009800,85,5,2026-04-18,USD,RECEIVED
9801,PO-0009801,40,1,2026-01-24,USD,RECEIVED
9802,PO-0009802,120,3,2024-02-08,USD,RECEIVED
9803,PO-0009803,106,8,2025-09-23,USD,PARTIAL
9804,PO-0009804,260,2,2025-02-27,USD,RECEIVED
9805,PO-0009805,307,9,2024-05-30,USD,OPEN
9806,PO-0009806,142,3,2026-03-05,USD,RECEIVED
9807,PO-0009807,170,12,2026-08-28,USD,RECEIVED
9808,PO-0009808,385,5,2024-08-10,USD,RECEIVED
9809,PO-0009809,179,12,2023-04-18,USD,RECEIVED
9810,PO-0009810,202,11,2025-08-12,USD,RECEIVED
9811,PO-0009811,80,4,2025-04-21,USD,RECEIVED
9812,PO-0009812,231,11,2024-05-27,USD,CANCELLED
9813,PO-0009813,316,2,2024-05-24,USD,OPEN
9814,PO-0009814,108,1,2023-02-21,USD,OPEN
9815,PO-0009815,436,9,2026-01-11,USD,RECEIVED
9816,PO-0009816,339,8,2023-05-04,USD,RECEIVED
9817,PO-0009817,463,4,2026-04-19,USD,OPEN
9818,PO-0009818,111,1,2023-05-16,USD,RECEIVED
9819,PO-0009819,89,6,2023-10-30,USD,RECEIVED
9820,PO-0009820,130,6,2024-04-02,USD,PARTIAL
9821,PO-0009821,297,4,2023-01-13,USD,RECEIVED
9822,PO-0009822,234,5,2026-04-07,USD,RECEIVED
9823,PO-0009823,262,7,2024-09-17,USD,PARTIAL
9824,PO-0009824,160,8,2024-03-06,USD,RECEIVED
9825,PO-0009825,89,1,2023-02-08,USD,RECEIVED
9826,PO-0009826,106,1,2023-11-26,USD,RECEIVED
9827,PO-0009827,351,7,2025-04-26,USD,RECEIVED
9828,PO-0009828,492,9,2025-06-21,USD,RECEIVED
9829,PO-0009829,221,3,2025-03-19,USD,RECEIVED
9830,PO-0009830,91,10,2023-08-24,USD,RECEIVED
9831,PO-0009831,432,5,2023-01-06,USD,RECEIVED
9832,PO-0009832,246,5,2025-06-03,USD,RECEIVED
9833,PO-0009833,463,12,2023-10-23,USD,RECEIVED
9834,PO-0009834,323,9,2026-02-25,USD,RECEIVED
9835,PO-0009835,48,6,2025-09-10,USD,RECEIVED
9836,PO-0009836,243,7,2023-02-19,USD,RECEIVED
9837,PO-0009837,472,1,2025-09-09,USD,RECEIVED
9838,PO-0009838,466,8,2025-05-18,USD,OPEN
9839,PO-0009839,292,9,2024-09-01,USD,RECEIVED
9840,PO-0009840,79,4,2025-11-28,USD,RECEIVED
9841,PO-0009841,23,9,2025-01-29,USD,RECEIVED
9842,PO-0009842,485,5,2025-06-18,USD,RECEIVED
9843,PO-0009843,196,10,2023-01-08,USD,RECEIVED
9844,PO-0009844,19,6,2026-09-18,USD,RECEIVED
9845,PO-0009845,254,6,2023-10-11,USD,CANCELLED
9846,PO-0009846,484,1,2023-11-22,USD,RECEIVED
9847,PO-0009847,61,12,2024-07-01,USD,RECEIVED
9848,PO-0009848,312,6,2024-03-01,USD,RECEIVED
9849,PO-0009849,202,3,2025-09-22,USD,RECEIVED
9850,PO-0009850,245,3,2023-08-19,USD,RECEIVED
9851,PO-0009851,369,12,2026-01-22,USD,PARTIAL
9852,PO-0009852,16,10,2025-08-10,USD,CANCELLED
9853,PO-0009853,356,6,2023-10-29,USD,OPEN
9854,PO-0009854,199,2,2023-06-15,USD,RECEIVED
9855,PO-0009855,132,8,2026-03-27,USD,OPEN
9856,PO-0009856,423,4,2023-08-15,USD,RECEIVED
9857,PO-0009857,473,5,2023-03-10,USD,CANCELLED
9858,PO-0009858,317,4,2024-07-06,USD,RECEIVED
9859,PO-0009859,62,3,2024-06-04,USD,RECEIVED
9860,PO-0009860,129,7,2025-05-25,USD,RECEIVED
9861,PO-0009861,451,10,2024-09-21,USD,RECEIVED
9862,PO-0009862,242,10,2026-01-15,USD,CANCELLED
9863,PO-0009863,74,7,2024-02-29,USD,RECEIVED
9864,PO-0009864,187,11,2023-01-06,USD,RECEIVED
9865,PO-0009865,76,4,2024-04-26,USD,RECEIVED
9866,PO-0009866,158,12,2024-05-18,USD,OPEN
9867,PO-0009867,334,1,2024-07-12,USD,RECEIVED
9868,PO-0009868,353,8,2024-05-25,USD,RECEIVED
9869,PO-0009869,418,7,2025-12-11,USD,RECEIVED
9870,PO-0009870,407,2,2023-05-29,USD,RECEIVED
9871,PO-0009871,55,8,2025-05-20,USD,RECEIVED
9872,PO-0009872,317,3,2026-01-05,USD,RECEIVED
9873,PO-0009873,35,4,2025-11-24,USD,RECEIVED
9874,PO-0009874,61,5,2023-06-18,USD,RECEIVED
9875,PO-0009875,310,8,2025-09-21,USD,RECEIVED
9876,PO-0009876,385,7,2026-02-04,USD,RECEIVED
9877,PO-0009877,96,7,2025-04-01,USD,RECEIVED
9878,PO-0009878,401,12,2025-07-31,USD,PARTIAL
9879,PO-0009879,428,9,2023-03-06,USD,CANCELLED
9880,PO-0009880,10,6,2023-10-07,USD,RECEIVED
9881,PO-0009881,471,7,2024-04-02,USD,RECEIVED
9882,PO-0009882,388,12,2025-12-19,USD,RECEIVED
9883,PO-0009883,178,9,2024-04-22,USD,RECEIVED
9884,PO-0009884,6,2,2024-12-24,USD,RECEIVED
9885,PO-0009885,339,1,2025-02-10,USD,PARTIAL
9886,PO-0009886,187,5,2026-05-03,USD,CANCELLED
9887,PO-0009887,15,6,2023-10-01,USD,RECEIVED
9888,PO-0009888,372,10,2023-10-05,USD,RECEIVED
9889,PO-0009889,404,7,2023-11-06,USD,PARTIAL
9890,PO-0009890,183,11,2023-10-11,USD,RECEIVED
9891,PO-0009891,447,7,2025-02-24,USD,RECEIVED
9892,PO-0009892,305,6,2024-12-28,USD,RECEIVED
9893,PO-0009893,204,6,2024-08-22,USD,OPEN
9894,PO-0009894,65,10,2023-05-09,USD,RECEIVED
9895,PO-0009895,222,5,2025-01-11,USD,RECEIVED
9896,PO-0009896,219,3,2025-03-28,USD,RECEIVED
9897,PO-0009897,6,3,2023-03-22,USD,RECEIVED
9898,PO-0009898,202,5,2023-06-09,USD,RECEIVED
9899,PO-0009899,404,3,2025-05-03,USD,CANCELLED
9900,PO-0009900,363,11,2023-03-19,USD,RECEIVED
9901,PO-0009901,306,5,2023-11-06,USD,RECEIVED
9902,PO-0009902,318,11,2025-07-20,USD,CANCELLED
9903,PO-0009903,405,8,2023-11-21,USD,RECEIVED
9904,PO-0009904,430,8,2024-12-19,USD,RECEIVED
9905,PO-0009905,154,10,2024-07-28,USD,RECEIVED
9906,PO-0009906,419,10,2023-10-15,USD,RECEIVED
9907,PO-0009907,464,6,2025-06-19,USD,RECEIVED
9908,PO-0009908,20,8,2026-03-10,USD,RECEIVED
9909,PO-0009909,354,3,2023-12-24,USD,RECEIVED
9910,PO-0009910,265,1,2024-08-23,USD,RECEIVED
9911,PO-0009911,161,10,2025-07-16,USD,RECEIVED
9912,PO-0009912,199,3,2026-07-02,USD,PARTIAL
9913,PO-0009913,202,1,2025-09-22,USD,CANCELLED
9914,PO-0009914,494,6,2025-07-01,USD,RECEIVED
9915,PO-0009915,68,9,2023-11-27,USD,RECEIVED
9916,PO-0009916,387,9,2023-09-02,USD,RECEIVED
9917,PO-0009917,153,2,2023-02-15,USD,RECEIVED
9918,PO-0009918,385,4,2025-04-10,USD,RECEIVED
9919,PO-0009919,73,1,2025-06-15,USD,RECEIVED
9920,PO-0009920,343,2,2026-04-12,USD,RECEIVED
9921,PO-0009921,303,5,2025-10-01,USD,PARTIAL
9922,PO-0009922,117,8,2023-03-05,USD,PARTIAL
9923,PO-0009923,155,4,2025-05-22,USD,PARTIAL
9924,PO-0009924,60,4,2025-05-20,USD,PARTIAL
9925,PO-0009925,4,6,2026-08-25,USD,PARTIAL
9926,PO-0009926,232,2,2024-10-02,USD,RECEIVED
9927,PO-0009927,56,3,2026-06-05,USD,PARTIAL
9928,PO-0009928,182,1,2024-06-27,USD,OPEN
9929,PO-0009929,340,5,2024-03-28,USD,RECEIVED
9930,PO-0009930,371,12,2024-03-30,USD,RECEIVED
9931,PO-0009931,62,2,2023-10-05,USD,PARTIAL
9932,PO-0009932,439,4,2024-06-13,USD,RECEIVED
9933,PO-0009933,75,4,2024-12-27,USD,RECEIVED
9934,PO-0009934,88,9,2024-02-17,USD,RECEIVED
9935,PO-0009935,171,9,2025-01-12,USD,CANCELLED
9936,PO-0009936,189,7,2023-06-24,USD,OPEN
9937,PO-0009937,130,11,2023-09-26,USD,PARTIAL
9938,PO-0009938,27,8,2024-03-17,USD,RECEIVED
9939,PO-0009939,64,2,2026-05-20,USD,CANCELLED
9940,PO-0009940,365,8,2026-05-11,USD,RECEIVED
9941,PO-0009941,198,4,2025-09-04,USD,RECEIVED
9942,PO-0009942,394,9,2026-05-18,USD,RECEIVED
9943,PO-0009943,25,9,2024-04-09,USD,PARTIAL
9944,PO-0009944,443,3,2025-06-23,USD,RECEIVED
9945,PO-0009945,494,2,2025-04-06,USD,RECEIVED
9946,PO-0009946,250,3,2024-10-04,USD,RECEIVED
9947,PO-0009947,69,9,2024-10-17,USD,RECEIVED
9948,PO-0009948,409,12,2025-05-23,USD,RECEIVED
9949,PO-0009949,49,6,2026-05-26,USD,OPEN
9950,PO-0009950,123,10,2023-12-13,USD,RECEIVED
9951,PO-0009951,47,2,2023-09-29,USD,RECEIVED
9952,PO-0009952,142,8,2023-08-30,USD,RECEIVED
9953,PO-0009953,331,4,2024-10-27,USD,RECEIVED
9954,PO-0009954,447,3,2026-02-02,USD,PARTIAL
9955,PO-0009955,44,2,2023-05-11,USD,OPEN
9956,PO-0009956,339,7,2024-07-16,USD,RECEIVED
9957,PO-0009957,333,4,2025-01-18,USD,OPEN
9958,PO-0009958,103,10,2025-12-04,USD,RECEIVED
9959,PO-0009959,204,2,2026-04-29,USD,RECEIVED
9960,PO-0009960,220,1,2024-04-20,USD,PARTIAL
9961,PO-0009961,225,3,2023-10-17,USD,CANCELLED
9962,PO-0009962,115,2,2026-09-28,USD,RECEIVED
9963,PO-0009963,414,9,2023-09-23,USD,RECEIVED
9964,PO-0009964,458,7,2024-07-20,USD,RECEIVED
9965,PO-0009965,422,10,2023-07-14,USD,RECEIVED
9966,PO-0009966,160,6,2024-02-17,USD,RECEIVED
9967,PO-0009967,122,10,2023-06-24,USD,PARTIAL
9968,PO-0009968,134,9,2026-02-21,USD,OPEN
9969,PO-0009969,315,9,2025-06-09,USD,OPEN
9970,PO-0009970,71,2,2026-07-10,USD,RECEIVED
9971,PO-0009971,313,7,2026-07-22,USD,RECEIVED
9972,PO-0009972,466,11,2024-11-04,USD,RECEIVED
9973,PO-0009973,262,1,2023-11-30,USD,RECEIVED
9974,PO-0009974,155,9,2023-06-10,USD,OPEN
9975,PO-0009975,469,5,2024-09-26,USD,RECEIVED
9976,PO-0009976,470,1,2026-06-29,USD,RECEIVED
9977,PO-0009977,263,8,2025-07-21,USD,RECEIVED
9978,PO-0009978,285,9,2024-06-12,USD,PARTIAL
9979,PO-0009979,95,1,2023-01-02,USD,RECEIVED
9980,PO-0009980,334,5,2026-05-24,USD,RECEIVED
9981,PO-0009981,470,7,2023-10-30,USD,RECEIVED
9982,PO-0009982,390,4,2025-03-27,USD,CANCELLED
9983,PO-0009983,149,11,2023-01-26,USD,RECEIVED
9984,PO-0009984,8,4,2023-05-29,USD,RECEIVED
9985,PO-0009985,347,3,2025-03-18,USD,OPEN
9986,PO-0009986,299,6,2023-06-06,USD,RECEIVED
9987,PO-0009987,348,9,2023-05-07,USD,RECEIVED
9988,PO-0009988,396,1,2025-10-13,USD,RECEIVED
9989,PO-0009989,288,5,2023-01-05,USD,RECEIVED
9990,PO-0009990,222,2,2026-06-30,USD,OPEN
9991,PO-0009991,261,11,2025-04-24,USD,RECEIVED
9992,PO-0009992,468,12,2023-03-29,USD,OPEN
9993,PO-0009993,456,3,2026-02-16,USD,RECEIVED
9994,PO-0009994,156,12,2023-05-13,USD,PARTIAL
9995,PO-0009995,335,10,2024-03-08,USD,RECEIVED
9996,PO-0009996,221,4,2025-08-22,USD,RECEIVED
9997,PO-0009997,152,4,2026-04-22,USD,RECEIVED
9998,PO-0009998,79,9,2024-03-03,USD,RECEIVED
9999,PO-0009999,139,3,2026-07-25,USD,RECEIVED
10000,PO-0010000,479,5,2026-02-02,USD,RECEIVED
10001,PO-0010001,167,2,2025-11-22,USD,CANCELLED
10002,PO-0010002,339,5,2023-08-21,USD,RECEIVED
10003,PO-0010003,329,8,2023-02-16,USD,RECEIVED
10004,PO-0010004,209,9,2024-01-10,USD,RECEIVED
10005,PO-0010005,23,5,2023-09-20,USD,RECEIVED
10006,PO-0010006,226,2,2026-02-01,USD,RECEIVED
10007,PO-0010007,321,6,2024-06-19,USD,CANCELLED
10008,PO-0010008,85,6,2025-12-03,USD,RECEIVED
10009,PO-0010009,265,8,2023-01-30,USD,RECEIVED
10010,PO-0010010,263,2,2025-10-06,USD,RECEIVED
10011,PO-0010011,364,5,2024-01-11,USD,RECEIVED
10012,PO-0010012,222,1,2026-05-27,USD,RECEIVED
10013,PO-0010013,338,8,2023-12-19,USD,RECEIVED
10014,PO-0010014,204,3,2023-07-16,USD,RECEIVED
10015,PO-0010015,332,11,2026-08-05,USD,OPEN
10016,PO-0010016,297,12,2025-01-16,USD,PARTIAL
10017,PO-0010017,76,11,2025-08-12,USD,RECEIVED
10018,PO-0010018,426,8,2025-03-06,USD,RECEIVED
10019,PO-0010019,62,12,2026-03-27,USD,CANCELLED
10020,PO-0010020,76,6,2026-08-11,USD,RECEIVED
10021,PO-0010021,84,3,2025-02-16,USD,RECEIVED
10022,PO-0010022,463,3,2025-07-07,USD,RECEIVED
10023,PO-0010023,345,6,2026-04-20,USD,PARTIAL
10024,PO-0010024,20,4,2025-08-16,USD,CANCELLED
10025,PO-0010025,435,11,2025-09-06,USD,RECEIVED
10026,PO-0010026,212,11,2023-10-10,USD,RECEIVED
10027,PO-0010027,333,7,2023-10-25,USD,RECEIVED
10028,PO-0010028,260,12,2026-04-02,USD,RECEIVED
10029,PO-0010029,189,3,2025-11-28,USD,RECEIVED
10030,PO-0010030,414,12,2023-05-11,USD,RECEIVED
10031,PO-0010031,174,2,2023-02-16,USD,RECEIVED
10032,PO-0010032,73,8,2023-05-11,USD,RECEIVED
10033,PO-0010033,383,12,2025-09-28,USD,RECEIVED
10034,PO-0010034,114,9,2026-02-25,USD,RECEIVED
10035,PO-0010035,395,6,2024-05-24,USD,CANCELLED
10036,PO-0010036,192,5,2024-05-09,USD,RECEIVED
10037,PO-0010037,72,5,2023-10-31,USD,RECEIVED
10038,PO-0010038,48,1,2025-09-04,USD,RECEIVED
10039,PO-0010039,86,7,2023-10-23,USD,RECEIVED
10040,PO-0010040,409,2,2024-05-27,USD,CANCELLED
10041,PO-0010041,62,7,2023-08-10,USD,RECEIVED
10042,PO-0010042,301,1,2024-08-02,USD,RECEIVED
10043,PO-0010043,17,11,2025-10-27,USD,OPEN
10044,PO-0010044,291,5,2025-06-24,USD,RECEIVED
10045,PO-0010045,135,5,2024-11-26,USD,CANCELLED
10046,PO-0010046,411,6,2023-06-07,USD,RECEIVED
10047,PO-0010047,240,4,2024-11-03,USD,RECEIVED
10048,PO-0010048,406,11,2025-04-26,USD,RECEIVED
10049,PO-0010049,70,5,2023-09-30,USD,RECEIVED
10050,PO-0010050,480,10,2024-02-14,USD,RECEIVED
10051,PO-0010051,370,4,2023-07-01,USD,RECEIVED
10052,PO-0010052,393,4,2023-02-20,USD,RECEIVED
10053,PO-0010053,189,5,2025-05-31,USD,RECEIVED
10054,PO-0010054,39,12,2023-06-23,USD,RECEIVED
10055,PO-0010055,131,4,2026-07-05,USD,RECEIVED
10056,PO-0010056,283,2,2024-08-31,USD,RECEIVED
10057,PO-0010057,30,4,2024-09-17,USD,OPEN
10058,PO-0010058,431,12,2024-03-22,USD,PARTIAL
10059,PO-0010059,124,5,2023-05-10,USD,RECEIVED
10060,PO-0010060,104,6,2024-11-11,USD,RECEIVED
10061,PO-0010061,184,3,2026-07-10,USD,OPEN
10062,PO-0010062,463,6,2026-08-25,USD,RECEIVED
10063,PO-0010063,422,9,2026-03-16,USD,RECEIVED
10064,PO-0010064,146,2,2026-02-02,USD,RECEIVED
10065,PO-0010065,8,2,2023-03-21,USD,RECEIVED
10066,PO-0010066,97,4,2025-12-08,USD,CANCELLED
10067,PO-0010067,164,5,2026-08-30,USD,OPEN
10068,PO-0010068,456,2,2024-07-07,USD,RECEIVED
10069,PO-0010069,392,11,2026-04-02,USD,RECEIVED
10070,PO-0010070,129,11,2023-05-24,USD,RECEIVED
10071,PO-0010071,345,5,2026-01-17,USD,RECEIVED
10072,PO-0010072,356,2,2024-01-18,USD,PARTIAL
10073,PO-0010073,370,3,2025-02-16,USD,RECEIVED
10074,PO-0010074,357,4,2023-10-19,USD,RECEIVED
10075,PO-0010075,368,7,2025-05-04,USD,PARTIAL
10076,PO-0010076,241,12,2023-03-14,USD,RECEIVED
10077,PO-0010077,65,7,2023-01-03,USD,RECEIVED
10078,PO-0010078,305,2,2025-01-16,USD,RECEIVED
10079,PO-0010079,132,5,2025-04-15,USD,RECEIVED
10080,PO-0010080,5,2,2023-10-09,USD,RECEIVED
10081,PO-0010081,101,8,2026-05-14,USD,OPEN
10082,PO-0010082,237,5,2023-06-15,USD,CANCELLED
10083,PO-0010083,371,7,2025-05-15,USD,RECEIVED
10084,PO-0010084,178,10,2023-05-15,USD,PARTIAL
10085,PO-0010085,111,11,2025-08-09,USD,OPEN
10086,PO-0010086,47,10,2024-05-28,USD,RECEIVED
10087,PO-0010087,299,4,2025-09-08,USD,RECEIVED
10088,PO-0010088,205,5,2023-09-18,USD,OPEN
10089,PO-0010089,273,8,2026-09-15,USD,PARTIAL
10090,PO-0010090,191,12,2025-10-04,USD,OPEN
10091,PO-0010091,410,6,2024-04-22,USD,RECEIVED
10092,PO-0010092,93,9,2026-08-09,USD,RECEIVED
10093,PO-0010093,282,9,2025-01-10,USD,RECEIVED
10094,PO-0010094,27,4,2023-07-04,USD,RECEIVED
10095,PO-0010095,466,11,2024-05-06,USD,RECEIVED
10096,PO-0010096,138,9,2024-04-29,USD,RECEIVED
10097,PO-0010097,153,3,2025-11-13,USD,OPEN
10098,PO-0010098,47,8,2026-04-07,USD,RECEIVED
10099,PO-0010099,64,9,2025-05-11,USD,PARTIAL
10100,PO-0010100,198,10,2024-09-23,USD,RECEIVED
10101,PO-0010101,163,10,2024-10-04,USD,RECEIVED
10102,PO-0010102,187,5,2026-01-19,USD,PARTIAL
10103,PO-0010103,110,7,2023-05-05,USD,RECEIVED
10104,PO-0010104,334,10,2025-06-13,USD,OPEN
10105,PO-0010105,200,4,2023-01-06,USD,RECEIVED
10106,PO-0010106,396,5,2025-03-14,USD,RECEIVED
10107,PO-0010107,87,5,2025-12-21,USD,RECEIVED
10108,PO-0010108,132,2,2024-10-01,USD,OPEN
10109,PO-0010109,214,9,2023-03-17,USD,RECEIVED
10110,PO-0010110,219,12,2023-10-11,USD,RECEIVED
10111,PO-0010111,299,12,2025-03-12,USD,RECEIVED
10112,PO-0010112,29,5,2024-02-17,USD,RECEIVED
10113,PO-0010113,37,5,2026-03-03,USD,RECEIVED
10114,PO-0010114,54,9,2025-11-03,USD,RECEIVED
10115,PO-0010115,372,5,2023-11-16,USD,RECEIVED
10116,PO-0010116,119,9,2024-01-17,USD,OPEN
10117,PO-0010117,89,3,2024-07-16,USD,RECEIVED
10118,PO-0010118,253,6,2023-03-13,USD,RECEIVED
10119,PO-0010119,132,11,2026-07-21,USD,RECEIVED
10120,PO-0010120,83,9,2026-03-06,USD,RECEIVED
10121,PO-0010121,479,4,2024-04-15,USD,RECEIVED
10122,PO-0010122,429,8,2024-06-04,USD,PARTIAL
10123,PO-0010123,497,1,2024-08-04,USD,CANCELLED
10124,PO-0010124,5,1,2023-10-18,USD,CANCELLED
10125,PO-0010125,27,11,2023-09-19,USD,RECEIVED
10126,PO-0010126,110,7,2024-11-08,USD,RECEIVED
10127,PO-0010127,50,6,2023-04-08,USD,RECEIVED
10128,PO-0010128,343,9,2025-12-12,USD,RECEIVED
10129,PO-0010129,358,8,2023-03-25,USD,OPEN
10130,PO-0010130,406,3,2025-02-20,USD,OPEN
10131,PO-0010131,42,7,2023-05-10,USD,RECEIVED
10132,PO-0010132,211,9,2025-05-17,USD,RECEIVED
10133,PO-0010133,315,12,2026-07-11,USD,OPEN
10134,PO-0010134,452,6,2023-03-02,USD,OPEN
10135,PO-0010135,84,9,2024-03-02,USD,RECEIVED
10136,PO-0010136,234,7,2025-04-19,USD,OPEN
10137,PO-0010137,456,7,2024-12-06,USD,OPEN
10138,PO-0010138,264,6,2026-09-26,USD,RECEIVED
10139,PO-0010139,157,3,2024-09-13,USD,PARTIAL
10140,PO-0010140,279,12,2024-06-21,USD,PARTIAL
10141,PO-0010141,137,11,2025-03-14,USD,PARTIAL
10142,PO-0010142,240,11,2024-10-12,USD,CANCELLED
10143,PO-0010143,47,1,2024-02-08,USD,OPEN
10144,PO-0010144,179,3,2025-07-16,USD,RECEIVED
10145,PO-0010145,324,6,2026-08-03,USD,RECEIVED
10146,PO-0010146,281,1,2024-05-26,USD,CANCELLED
10147,PO-0010147,412,2,2024-02-27,USD,RECEIVED
10148,PO-0010148,247,9,2023-09-18,USD,RECEIVED
10149,PO-0010149,25,4,2026-09-23,USD,OPEN
10150,PO-0010150,53,2,2023-02-21,USD,RECEIVED
10151,PO-0010151,430,12,2023-05-02,USD,RECEIVED
10152,PO-0010152,434,6,2026-01-07,USD,RECEIVED
10153,PO-0010153,248,10,2026-07-01,USD,RECEIVED
10154,PO-0010154,11,4,2024-07-18,USD,PARTIAL
10155,PO-0010155,147,10,2025-11-12,USD,RECEIVED
10156,PO-0010156,207,7,2025-04-25,USD,RECEIVED
10157,PO-0010157,420,6,2025-11-12,USD,RECEIVED
10158,PO-0010158,22,7,2024-06-26,USD,PARTIAL
10159,PO-0010159,284,3,2025-07-20,USD,RECEIVED
10160,PO-0010160,202,11,2023-07-29,USD,RECEIVED
10161,PO-0010161,183,4,2024-10-04,USD,RECEIVED
10162,PO-0010162,304,9,2026-01-19,USD,RECEIVED
10163,PO-0010163,35,8,2025-02-08,USD,CANCELLED
10164,PO-0010164,106,10,2023-04-22,USD,RECEIVED
10165,PO-0010165,450,4,2025-02-07,USD,RECEIVED
10166,PO-0010166,346,1,2025-03-05,USD,RECEIVED
10167,PO-0010167,467,12,2023-12-20,USD,CANCELLED
10168,PO-0010168,444,11,2025-04-20,USD,CANCELLED
10169,PO-0010169,488,3,2023-12-18,USD,RECEIVED
10170,PO-0010170,404,6,2025-12-06,USD,RECEIVED
10171,PO-0010171,290,9,2024-05-18,USD,RECEIVED
10172,PO-0010172,246,11,2026-06-26,USD,RECEIVED
10173,PO-0010173,153,10,2023-04-01,USD,RECEIVED
10174,PO-0010174,403,10,2025-04-15,USD,RECEIVED
10175,PO-0010175,45,6,2025-09-24,USD,OPEN
10176,PO-0010176,441,5,2026-09-30,USD,OPEN
10177,PO-0010177,64,1,2026-01-17,USD,OPEN
10178,PO-0010178,423,1,2025-05-16,USD,RECEIVED
10179,PO-0010179,248,9,2024-04-06,USD,RECEIVED
10180,PO-0010180,312,8,2024-07-20,USD,RECEIVED
10181,PO-0010181,347,6,2026-08-04,USD,OPEN
10182,PO-0010182,114,5,2025-08-10,USD,RECEIVED
10183,PO-0010183,46,12,2024-06-02,USD,RECEIVED
10184,PO-0010184,211,3,2026-07-18,USD,RECEIVED
10185,PO-0010185,294,7,2024-08-07,USD,RECEIVED
10186,PO-0010186,301,3,2024-06-04,USD,RECEIVED
10187,PO-0010187,367,2,2026-04-21,USD,PARTIAL
10188,PO-0010188,151,7,2025-07-19,USD,RECEIVED
10189,PO-0010189,191,3,2025-03-31,USD,RECEIVED
10190,PO-0010190,353,5,2025-08-14,USD,PARTIAL
10191,PO-0010191,17,4,2025-06-13,USD,RECEIVED
10192,PO-0010192,236,4,2024-04-22,USD,RECEIVED
10193,PO-0010193,128,4,2025-11-22,USD,RECEIVED
10194,PO-0010194,216,4,2024-03-30,USD,PARTIAL
10195,PO-0010195,164,3,2025-06-21,USD,RECEIVED
10196,PO-0010196,232,4,2023-06-28,USD,PARTIAL
10197,PO-0010197,143,12,2023-06-18,USD,OPEN
10198,PO-0010198,317,1,2023-10-31,USD,RECEIVED
10199,PO-0010199,466,10,2026-09-02,USD,RECEIVED
10200,PO-0010200,358,1,2024-12-29,USD,RECEIVED
10201,PO-0010201,12,7,2025-08-19,USD,RECEIVED
10202,PO-0010202,360,1,2024-05-19,USD,PARTIAL
10203,PO-0010203,386,8,2023-01-14,USD,RECEIVED
10204,PO-0010204,499,1,2026-07-11,USD,PARTIAL
10205,PO-0010205,379,6,2024-01-08,USD,RECEIVED
10206,PO-0010206,463,10,2024-03-26,USD,CANCELLED
10207,PO-0010207,363,6,2026-05-01,USD,RECEIVED
10208,PO-0010208,466,3,2023-01-06,USD,RECEIVED
10209,PO-0010209,364,4,2024-05-14,USD,RECEIVED
10210,PO-0010210,436,3,2026-03-28,USD,RECEIVED
10211,PO-0010211,212,7,2024-02-19,USD,RECEIVED
10212,PO-0010212,267,12,2026-01-02,USD,RECEIVED
10213,PO-0010213,463,5,2024-11-07,USD,RECEIVED
10214,PO-0010214,286,1,2026-02-17,USD,RECEIVED
10215,PO-0010215,331,8,2025-10-30,USD,RECEIVED
10216,PO-0010216,53,8,2025-08-10,USD,RECEIVED
10217,PO-0010217,479,7,2026-09-14,USD,OPEN
10218,PO-0010218,468,11,2024-04-17,USD,RECEIVED
10219,PO-0010219,30,10,2025-06-25,USD,RECEIVED
10220,PO-0010220,288,12,2024-12-12,USD,RECEIVED
10221,PO-0010221,304,12,2026-09-07,USD,OPEN
10222,PO-0010222,339,3,2026-08-04,USD,RECEIVED
10223,PO-0010223,239,6,2023-06-13,USD,RECEIVED
10224,PO-0010224,273,8,2026-09-27,USD,PARTIAL
10225,PO-0010225,173,9,2026-02-23,USD,RECEIVED
10226,PO-0010226,499,6,2024-08-14,USD,RECEIVED
10227,PO-0010227,255,5,2023-04-30,USD,RECEIVED
10228,PO-0010228,207,4,2023-11-23,USD,OPEN
10229,PO-0010229,475,11,2025-03-18,USD,RECEIVED
10230,PO-0010230,157,7,2023-02-13,USD,RECEIVED
10231,PO-0010231,251,12,2024-02-09,USD,RECEIVED
10232,PO-0010232,145,1,2025-04-23,USD,CANCELLED
10233,PO-0010233,299,10,2024-08-14,USD,RECEIVED
10234,PO-0010234,359,7,2023-09-22,USD,CANCELLED
10235,PO-0010235,173,11,2023-06-11,USD,OPEN
10236,PO-0010236,96,7,2026-01-21,USD,RECEIVED
10237,PO-0010237,259,6,2025-04-19,USD,OPEN
10238,PO-0010238,122,11,2023-07-19,USD,RECEIVED
10239,PO-0010239,383,8,2026-04-27,USD,OPEN
10240,PO-0010240,19,2,2025-04-21,USD,RECEIVED
10241,PO-0010241,62,10,2023-06-27,USD,RECEIVED
10242,PO-0010242,156,2,2024-10-05,USD,RECEIVED
10243,PO-0010243,73,10,2025-11-13,USD,RECEIVED
10244,PO-0010244,19,11,2025-04-27,USD,OPEN
10245,PO-0010245,351,5,2024-12-22,USD,RECEIVED
10246,PO-0010246,267,4,2024-01-07,USD,RECEIVED
10247,PO-0010247,150,1,2024-11-25,USD,PARTIAL
10248,PO-0010248,254,1,2024-10-21,USD,RECEIVED
10249,PO-0010249,260,8,2024-04-29,USD,RECEIVED
10250,PO-0010250,443,9,2024-08-25,USD,CANCELLED
10251,PO-0010251,205,10,2025-08-18,USD,OPEN
10252,PO-0010252,226,1,2025-11-11,USD,RECEIVED
10253,PO-0010253,160,9,2026-03-20,USD,RECEIVED
10254,PO-0010254,202,5,2024-01-26,USD,RECEIVED
10255,PO-0010255,1,9,2025-11-09,USD,OPEN
10256,PO-0010256,376,9,2024-04-20,USD,RECEIVED
10257,PO-0010257,21,3,2023-01-03,USD,RECEIVED
10258,PO-0010258,248,9,2026-01-23,USD,RECEIVED
10259,PO-0010259,326,1,2023-10-10,USD,RECEIVED
10260,PO-0010260,413,4,2025-11-25,USD,RECEIVED
10261,PO-0010261,156,6,2023-10-14,USD,RECEIVED
10262,PO-0010262,327,4,2026-07-16,USD,PARTIAL
10263,PO-0010263,168,4,2025-01-09,USD,RECEIVED
10264,PO-0010264,409,8,2024-02-23,USD,RECEIVED
10265,PO-0010265,341,8,2023-07-09,USD,RECEIVED
10266,PO-0010266,384,9,2025-04-10,USD,RECEIVED
10267,PO-0010267,18,10,2026-02-21,USD,RECEIVED
10268,PO-0010268,209,5,2026-09-13,USD,RECEIVED
10269,PO-0010269,337,4,2026-06-09,USD,RECEIVED
10270,PO-0010270,496,10,2025-08-04,USD,RECEIVED
10271,PO-0010271,350,6,2026-08-05,USD,RECEIVED
10272,PO-0010272,389,2,2025-07-14,USD,RECEIVED
10273,PO-0010273,317,12,2025-08-16,USD,RECEIVED
10274,PO-0010274,231,12,2026-05-29,USD,RECEIVED
10275,PO-0010275,396,10,2025-02-22,USD,PARTIAL
10276,PO-0010276,259,9,2023-11-25,USD,RECEIVED
10277,PO-0010277,207,12,2023-08-18,USD,RECEIVED
10278,PO-0010278,35,8,2025-11-04,USD,RECEIVED
10279,PO-0010279,93,10,2025-03-30,USD,RECEIVED
10280,PO-0010280,41,7,2024-12-01,USD,RECEIVED
10281,PO-0010281,394,4,2023-02-15,USD,RECEIVED
10282,PO-0010282,201,10,2025-06-27,USD,RECEIVED
10283,PO-0010283,378,4,2023-11-24,USD,RECEIVED
10284,PO-0010284,208,10,2024-10-25,USD,RECEIVED
10285,PO-0010285,159,8,2024-11-14,USD,RECEIVED
10286,PO-0010286,487,9,2024-08-15,USD,PARTIAL
10287,PO-0010287,292,8,2023-12-13,USD,RECEIVED
10288,PO-0010288,49,11,2025-01-19,USD,OPEN
10289,PO-0010289,177,2,2025-08-25,USD,RECEIVED
10290,PO-0010290,76,6,2024-11-30,USD,RECEIVED
10291,PO-0010291,142,10,2024-10-26,USD,RECEIVED
10292,PO-0010292,152,10,2024-11-03,USD,OPEN
10293,PO-0010293,273,9,2023-03-28,USD,RECEIVED
10294,PO-0010294,277,12,2023-11-02,USD,RECEIVED
10295,PO-0010295,47,11,2023-08-15,USD,OPEN
10296,PO-0010296,413,4,2026-08-02,USD,RECEIVED
10297,PO-0010297,255,12,2025-07-12,USD,PARTIAL
10298,PO-0010298,446,5,2026-08-02,USD,RECEIVED
10299,PO-0010299,91,4,2024-10-13,USD,RECEIVED
10300,PO-0010300,413,10,2023-12-17,USD,RECEIVED
10301,PO-0010301,103,5,2023-01-11,USD,PARTIAL
10302,PO-0010302,313,6,2024-05-04,USD,RECEIVED
10303,PO-0010303,435,10,2023-05-24,USD,RECEIVED
10304,PO-0010304,388,11,2024-12-30,USD,CANCELLED
10305,PO-0010305,324,3,2023-09-19,USD,OPEN
10306,PO-0010306,56,11,2023-12-07,USD,OPEN
10307,PO-0010307,310,12,2025-12-08,USD,RECEIVED
10308,PO-0010308,261,1,2023-08-30,USD,OPEN
10309,PO-0010309,491,2,2026-06-28,USD,OPEN
10310,PO-0010310,273,6,2026-02-04,USD,CANCELLED
10311,PO-0010311,273,7,2025-08-07,USD,RECEIVED
10312,PO-0010312,413,5,2025-11-08,USD,RECEIVED
10313,PO-0010313,360,6,2026-06-08,USD,RECEIVED
10314,PO-0010314,174,2,2023-10-01,USD,PARTIAL
10315,PO-0010315,481,8,2025-02-26,USD,PARTIAL
10316,PO-0010316,446,4,2023-12-21,USD,CANCELLED
10317,PO-0010317,109,8,2023-05-09,USD,RECEIVED
10318,PO-0010318,51,9,2026-09-19,USD,RECEIVED
10319,PO-0010319,425,6,2024-09-07,USD,RECEIVED
10320,PO-0010320,479,4,2024-01-18,USD,PARTIAL
10321,PO-0010321,52,10,2026-07-27,USD,OPEN
10322,PO-0010322,121,11,2024-08-25,USD,CANCELLED
10323,PO-0010323,396,5,2023-10-01,USD,CANCELLED
10324,PO-0010324,494,5,2023-01-27,USD,RECEIVED
10325,PO-0010325,142,5,2024-07-18,USD,RECEIVED
10326,PO-0010326,282,9,2024-10-05,USD,CANCELLED
10327,PO-0010327,51,3,2026-03-12,USD,RECEIVED
10328,PO-0010328,128,9,2023-07-07,USD,CANCELLED
10329,PO-0010329,395,9,2024-09-18,USD,RECEIVED
10330,PO-0010330,76,1,2023-12-03,USD,RECEIVED
10331,PO-0010331,467,4,2023-05-18,USD,RECEIVED
10332,PO-0010332,145,11,2026-02-22,USD,RECEIVED
10333,PO-0010333,335,1,2025-02-02,USD,PARTIAL
10334,PO-0010334,58,7,2023-09-16,USD,RECEIVED
10335,PO-0010335,88,6,2025-10-20,USD,PARTIAL
10336,PO-0010336,90,5,2023-12-13,USD,RECEIVED
10337,PO-0010337,94,5,2026-04-10,USD,RECEIVED
10338,PO-0010338,273,2,2026-05-06,USD,RECEIVED
10339,PO-0010339,160,1,2025-06-11,USD,PARTIAL
10340,PO-0010340,75,4,2023-02-11,USD,CANCELLED
10341,PO-0010341,165,4,2024-01-12,USD,RECEIVED
10342,PO-0010342,399,12,2024-11-27,USD,CANCELLED
10343,PO-0010343,60,7,2025-07-21,USD,RECEIVED
10344,PO-0010344,202,3,2025-12-31,USD,PARTIAL
10345,PO-0010345,243,12,2023-01-04,USD,RECEIVED
10346,PO-0010346,306,4,2024-01-19,USD,RECEIVED
10347,PO-0010347,72,6,2026-06-16,USD,RECEIVED
10348,PO-0010348,240,11,2025-03-31,USD,RECEIVED
10349,PO-0010349,440,11,2024-08-27,USD,OPEN
10350,PO-0010350,163,3,2023-01-22,USD,OPEN
10351,PO-0010351,229,8,2024-07-13,USD,RECEIVED
10352,PO-0010352,308,6,2023-02-14,USD,RECEIVED
10353,PO-0010353,215,7,2023-04-01,USD,RECEIVED
10354,PO-0010354,168,8,2023-05-21,USD,OPEN
10355,PO-0010355,62,11,2024-01-13,USD,RECEIVED
10356,PO-0010356,308,6,2026-02-23,USD,RECEIVED
10357,PO-0010357,294,3,2023-12-18,USD,PARTIAL
10358,PO-0010358,390,12,2024-09-03,USD,OPEN
10359,PO-0010359,245,2,2023-08-27,USD,RECEIVED
10360,PO-0010360,27,8,2025-07-26,USD,RECEIVED
10361,PO-0010361,322,5,2026-03-11,USD,RECEIVED
10362,PO-0010362,56,9,2026-07-05,USD,RECEIVED
10363,PO-0010363,292,1,2025-03-17,USD,CANCELLED
10364,PO-0010364,153,1,2026-08-22,USD,CANCELLED
10365,PO-0010365,187,6,2024-09-22,USD,RECEIVED
10366,PO-0010366,387,4,2024-03-20,USD,RECEIVED
10367,PO-0010367,95,3,2026-07-11,USD,RECEIVED
10368,PO-0010368,163,7,2023-04-09,USD,CANCELLED
10369,PO-0010369,488,6,2024-03-08,USD,CANCELLED
10370,PO-0010370,304,1,2023-07-08,USD,CANCELLED
10371,PO-0010371,266,2,2026-09-03,USD,OPEN
10372,PO-0010372,140,7,2024-02-05,USD,RECEIVED
10373,PO-0010373,267,8,2023-08-30,USD,RECEIVED
10374,PO-0010374,55,3,2024-12-22,USD,CANCELLED
10375,PO-0010375,415,7,2024-11-22,USD,CANCELLED
10376,PO-0010376,408,10,2024-08-11,USD,CANCELLED
10377,PO-0010377,97,2,2024-04-20,USD,RECEIVED
10378,PO-0010378,294,9,2024-07-30,USD,OPEN
10379,PO-0010379,196,5,2024-05-24,USD,RECEIVED
10380,PO-0010380,129,3,2026-03-18,USD,RECEIVED
10381,PO-0010381,297,1,2025-08-28,USD,RECEIVED
10382,PO-0010382,186,1,2025-09-12,USD,RECEIVED
10383,PO-0010383,446,8,2024-10-26,USD,RECEIVED
10384,PO-0010384,239,5,2024-06-04,USD,RECEIVED
10385,PO-0010385,497,4,2025-02-11,USD,RECEIVED
10386,PO-0010386,55,9,2024-06-15,USD,RECEIVED
10387,PO-0010387,106,12,2023-08-29,USD,RECEIVED
10388,PO-0010388,479,7,2023-05-20,USD,OPEN
10389,PO-0010389,156,8,2025-11-21,USD,RECEIVED
10390,PO-0010390,236,12,2023-08-05,USD,RECEIVED
10391,PO-0010391,317,7,2025-11-06,USD,RECEIVED
10392,PO-0010392,151,2,2023-02-15,USD,RECEIVED
10393,PO-0010393,199,3,2025-11-15,USD,RECEIVED
10394,PO-0010394,277,6,2025-10-15,USD,RECEIVED
10395,PO-0010395,71,4,2024-06-19,USD,RECEIVED
10396,PO-0010396,485,11,2023-04-30,USD,OPEN
10397,PO-0010397,297,1,2025-12-22,USD,CANCELLED
10398,PO-0010398,138,7,2025-04-17,USD,PARTIAL
10399,PO-0010399,3,2,2025-09-28,USD,RECEIVED
10400,PO-0010400,246,2,2024-10-27,USD,RECEIVED
10401,PO-0010401,183,8,2023-06-04,USD,RECEIVED
10402,PO-0010402,34,11,2025-01-19,USD,RECEIVED
10403,PO-0010403,243,11,2023-04-20,USD,PARTIAL
10404,PO-0010404,8,5,2023-12-07,USD,RECEIVED
10405,PO-0010405,479,7,2024-03-28,USD,RECEIVED
10406,PO-0010406,72,2,2025-03-04,USD,RECEIVED
10407,PO-0010407,5,7,2023-05-27,USD,RECEIVED
10408,PO-0010408,450,6,2024-07-15,USD,PARTIAL
10409,PO-0010409,495,4,2025-12-10,USD,RECEIVED
10410,PO-0010410,26,8,2024-01-13,USD,RECEIVED
10411,PO-0010411,214,11,2023-11-19,USD,CANCELLED
10412,PO-0010412,314,9,2024-07-23,USD,RECEIVED
10413,PO-0010413,426,6,2025-02-17,USD,RECEIVED
10414,PO-0010414,287,1,2025-12-05,USD,RECEIVED
10415,PO-0010415,128,2,2023-07-20,USD,RECEIVED
10416,PO-0010416,360,10,2024-03-18,USD,RECEIVED
10417,PO-0010417,54,5,2025-09-12,USD,RECEIVED
10418,PO-0010418,392,1,2026-03-11,USD,PARTIAL
10419,PO-0010419,96,9,2025-12-11,USD,RECEIVED
10420,PO-0010420,152,10,2024-04-04,USD,RECEIVED
10421,PO-0010421,63,6,2023-10-29,USD,RECEIVED
10422,PO-0010422,389,7,2024-12-16,USD,RECEIVED
10423,PO-0010423,40,9,2025-09-19,USD,PARTIAL
10424,PO-0010424,122,12,2023-04-30,USD,RECEIVED
10425,PO-0010425,499,11,2023-09-29,USD,PARTIAL
10426,PO-0010426,148,2,2026-08-01,USD,CANCELLED
10427,PO-0010427,49,9,2026-02-02,USD,RECEIVED
10428,PO-0010428,500,5,2023-05-14,USD,RECEIVED
10429,PO-0010429,238,6,2024-04-07,USD,RECEIVED
10430,PO-0010430,85,7,2025-06-13,USD,RECEIVED
10431,PO-0010431,478,4,2023-09-01,USD,CANCELLED
10432,PO-0010432,97,7,2023-04-16,USD,RECEIVED
10433,PO-0010433,40,6,2024-06-07,USD,RECEIVED
10434,PO-0010434,31,9,2023-02-11,USD,RECEIVED
10435,PO-0010435,39,7,2026-07-06,USD,CANCELLED
10436,PO-0010436,207,12,2024-05-14,USD,RECEIVED
10437,PO-0010437,359,7,2026-03-18,USD,OPEN
10438,PO-0010438,382,3,2025-12-30,USD,RECEIVED
10439,PO-0010439,162,4,2024-09-02,USD,RECEIVED
10440,PO-0010440,393,2,2025-06-06,USD,PARTIAL
10441,PO-0010441,253,2,2026-09-02,USD,RECEIVED
10442,PO-0010442,276,9,2023-04-16,USD,RECEIVED
10443,PO-0010443,434,9,2023-09-24,USD,PARTIAL
10444,PO-0010444,63,1,2025-10-20,USD,RECEIVED
10445,PO-0010445,122,7,2024-04-19,USD,CANCELLED
10446,PO-0010446,76,9,2024-04-24,USD,RECEIVED
10447,PO-0010447,49,5,2024-08-07,USD,RECEIVED
10448,PO-0010448,314,8,2024-11-02,USD,RECEIVED
10449,PO-0010449,444,8,2025-06-25,USD,RECEIVED
10450,PO-0010450,376,9,2023-12-22,USD,RECEIVED
10451,PO-0010451,476,4,2026-01-19,USD,RECEIVED
10452,PO-0010452,486,12,2023-06-13,USD,PARTIAL
10453,PO-0010453,170,4,2024-01-25,USD,RECEIVED
10454,PO-0010454,470,6,2025-02-05,USD,PARTIAL
10455,PO-0010455,75,4,2023-12-24,USD,RECEIVED
10456,PO-0010456,169,12,2024-07-06,USD,RECEIVED
10457,PO-0010457,137,2,2025-07-23,USD,CANCELLED
10458,PO-0010458,177,11,2023-11-20,USD,RECEIVED
10459,PO-0010459,417,12,2024-07-06,USD,PARTIAL
10460,PO-0010460,351,2,2026-07-04,USD,CANCELLED
10461,PO-0010461,147,11,2025-06-11,USD,OPEN
10462,PO-0010462,39,3,2024-06-14,USD,RECEIVED
10463,PO-0010463,86,8,2023-03-09,USD,RECEIVED
10464,PO-0010464,495,7,2023-05-25,USD,RECEIVED
10465,PO-0010465,173,11,2024-08-16,USD,OPEN
10466,PO-0010466,402,1,2026-07-05,USD,RECEIVED
10467,PO-0010467,237,4,2026-03-15,USD,RECEIVED
10468,PO-0010468,135,7,2026-02-20,USD,RECEIVED
10469,PO-0010469,9,5,2024-04-21,USD,RECEIVED
10470,PO-0010470,473,7,2025-12-04,USD,PARTIAL
10471,PO-0010471,253,9,2024-07-12,USD,RECEIVED
10472,PO-0010472,340,3,2023-10-14,USD,RECEIVED
10473,PO-0010473,178,12,2023-04-10,USD,CANCELLED
10474,PO-0010474,464,11,2025-05-19,USD,RECEIVED
10475,PO-0010475,455,1,2023-11-23,USD,RECEIVED
10476,PO-0010476,428,11,2024-03-17,USD,RECEIVED
10477,PO-0010477,317,8,2026-07-08,USD,RECEIVED
10478,PO-0010478,39,7,2024-08-11,USD,RECEIVED
10479,PO-0010479,425,2,2024-08-24,USD,PARTIAL
10480,PO-0010480,295,3,2026-01-25,USD,RECEIVED
10481,PO-0010481,256,1,2024-03-08,USD,PARTIAL
10482,PO-0010482,364,10,2026-06-07,USD,OPEN
10483,PO-0010483,52,4,2025-01-19,USD,RECEIVED
10484,PO-0010484,174,12,2023-04-06,USD,CANCELLED
10485,PO-0010485,394,8,2025-10-29,USD,RECEIVED
10486,PO-0010486,41,2,2024-09-14,USD,RECEIVED
10487,PO-0010487,136,7,2024-06-24,USD,RECEIVED
10488,PO-0010488,35,12,2024-04-13,USD,RECEIVED
10489,PO-0010489,13,8,2025-08-13,USD,RECEIVED
10490,PO-0010490,14,8,2026-06-14,USD,OPEN
10491,PO-0010491,439,10,2026-08-12,USD,RECEIVED
10492,PO-0010492,358,10,2025-11-27,USD,RECEIVED
10493,PO-0010493,254,6,2024-02-06,USD,OPEN
10494,PO-0010494,490,2,2023-09-26,USD,OPEN
10495,PO-0010495,117,1,2023-11-01,USD,CANCELLED
10496,PO-0010496,178,12,2024-12-03,USD,RECEIVED
10497,PO-0010497,379,1,2026-02-12,USD,RECEIVED
10498,PO-0010498,456,8,2024-03-10,USD,RECEIVED
10499,PO-0010499,118,2,2024-11-10,USD,RECEIVED
10500,PO-0010500,500,8,2025-08-09,USD,RECEIVED
10501,PO-0010501,28,3,2024-10-22,USD,RECEIVED
10502,PO-0010502,90,9,2023-03-12,USD,PARTIAL
10503,PO-0010503,61,3,2024-10-15,USD,RECEIVED
10504,PO-0010504,67,1,2026-03-05,USD,RECEIVED
10505,PO-0010505,283,4,2026-01-23,USD,RECEIVED
10506,PO-0010506,52,8,2024-07-24,USD,PARTIAL
10507,PO-0010507,161,10,2025-08-22,USD,RECEIVED
10508,PO-0010508,213,4,2023-06-26,USD,RECEIVED
10509,PO-0010509,377,10,2024-01-31,USD,PARTIAL
10510,PO-0010510,91,10,2025-12-14,USD,RECEIVED
10511,PO-0010511,302,12,2026-08-15,USD,RECEIVED
10512,PO-0010512,243,8,2025-02-17,USD,RECEIVED
10513,PO-0010513,234,11,2024-08-06,USD,CANCELLED
10514,PO-0010514,419,11,2025-07-01,USD,RECEIVED
10515,PO-0010515,469,10,2024-07-12,USD,RECEIVED
10516,PO-0010516,155,1,2023-03-29,USD,RECEIVED
10517,PO-0010517,78,11,2025-11-26,USD,RECEIVED
10518,PO-0010518,386,3,2026-04-03,USD,OPEN
10519,PO-0010519,290,12,2025-08-08,USD,RECEIVED
10520,PO-0010520,35,11,2023-05-21,USD,RECEIVED
10521,PO-0010521,158,10,2025-01-12,USD,CANCELLED
10522,PO-0010522,420,9,2026-06-28,USD,RECEIVED
10523,PO-0010523,67,6,2025-02-11,USD,RECEIVED
10524,PO-0010524,396,10,2025-11-28,USD,RECEIVED
10525,PO-0010525,152,12,2024-12-02,USD,RECEIVED
10526,PO-0010526,454,9,2026-04-02,USD,RECEIVED
10527,PO-0010527,105,3,2024-02-03,USD,RECEIVED
10528,PO-0010528,158,12,2025-04-25,USD,RECEIVED
10529,PO-0010529,252,6,2026-04-26,USD,CANCELLED
10530,PO-0010530,203,10,2025-03-21,USD,CANCELLED
10531,PO-0010531,212,6,2023-02-19,USD,OPEN
10532,PO-0010532,204,3,2025-01-28,USD,RECEIVED
10533,PO-0010533,63,2,2024-01-13,USD,OPEN
10534,PO-0010534,366,10,2026-03-10,USD,OPEN
10535,PO-0010535,91,12,2023-03-25,USD,OPEN
10536,PO-0010536,371,7,2025-07-16,USD,RECEIVED
10537,PO-0010537,386,3,2024-05-13,USD,RECEIVED
10538,PO-0010538,183,6,2023-11-11,USD,RECEIVED
10539,PO-0010539,193,2,2026-06-19,USD,RECEIVED
10540,PO-0010540,416,5,2025-04-14,USD,RECEIVED
10541,PO-0010541,228,11,2026-09-24,USD,RECEIVED
10542,PO-0010542,394,9,2024-03-17,USD,PARTIAL
10543,PO-0010543,232,12,2026-02-24,USD,RECEIVED
10544,PO-0010544,53,4,2023-07-19,USD,RECEIVED
10545,PO-0010545,9,2,2025-11-06,USD,CANCELLED
10546,PO-0010546,11,6,2025-10-28,USD,RECEIVED
10547,PO-0010547,91,7,2023-05-19,USD,RECEIVED
10548,PO-0010548,498,7,2024-02-21,USD,CANCELLED
10549,PO-0010549,461,10,2024-05-10,USD,CANCELLED
10550,PO-0010550,396,6,2023-03-14,USD,RECEIVED
10551,PO-0010551,18,2,2023-01-10,USD,RECEIVED
10552,PO-0010552,391,8,2025-12-06,USD,RECEIVED
10553,PO-0010553,25,10,2024-04-01,USD,RECEIVED
10554,PO-0010554,114,1,2025-03-22,USD,RECEIVED
10555,PO-0010555,320,5,2023-01-12,USD,RECEIVED
10556,PO-0010556,110,11,2026-01-08,USD,RECEIVED
10557,PO-0010557,57,8,2025-06-19,USD,RECEIVED
10558,PO-0010558,327,4,2025-08-05,USD,OPEN
10559,PO-0010559,436,12,2023-12-03,USD,RECEIVED
10560,PO-0010560,357,1,2024-06-26,USD,RECEIVED
10561,PO-0010561,263,3,2024-03-03,USD,RECEIVED
10562,PO-0010562,126,6,2024-12-31,USD,OPEN
10563,PO-0010563,41,6,2026-04-27,USD,RECEIVED
10564,PO-0010564,365,3,2023-12-23,USD,RECEIVED
10565,PO-0010565,282,5,2025-05-31,USD,RECEIVED
10566,PO-0010566,62,9,2025-03-24,USD,RECEIVED
10567,PO-0010567,330,12,2023-11-05,USD,RECEIVED
10568,PO-0010568,43,9,2023-02-20,USD,OPEN
10569,PO-0010569,271,12,2025-02-03,USD,RECEIVED
10570,PO-0010570,65,6,2025-05-11,USD,RECEIVED
10571,PO-0010571,252,10,2026-05-18,USD,RECEIVED
10572,PO-0010572,427,1,2023-03-05,USD,RECEIVED
10573,PO-0010573,254,2,2024-10-17,USD,RECEIVED
10574,PO-0010574,98,10,2025-02-01,USD,RECEIVED
10575,PO-0010575,430,7,2024-05-26,USD,RECEIVED
10576,PO-0010576,412,11,2023-09-14,USD,RECEIVED
10577,PO-0010577,451,6,2024-09-01,USD,RECEIVED
10578,PO-0010578,488,3,2024-02-03,USD,PARTIAL
10579,PO-0010579,171,5,2026-06-06,USD,RECEIVED
10580,PO-0010580,247,12,2026-02-11,USD,CANCELLED
10581,PO-0010581,55,1,2023-10-28,USD,PARTIAL
10582,PO-0010582,24,11,2026-08-14,USD,RECEIVED
10583,PO-0010583,97,3,2025-04-19,USD,RECEIVED
10584,PO-0010584,65,6,2024-04-05,USD,RECEIVED
10585,PO-0010585,214,10,2024-04-25,USD,OPEN
10586,PO-0010586,421,5,2024-03-08,USD,OPEN
10587,PO-0010587,345,1,2024-08-24,USD,OPEN
10588,PO-0010588,474,6,2026-03-02,USD,RECEIVED
10589,PO-0010589,103,3,2023-06-25,USD,RECEIVED
10590,PO-0010590,78,11,2025-08-14,USD,RECEIVED
10591,PO-0010591,70,1,2024-06-26,USD,RECEIVED
10592,PO-0010592,353,9,2025-12-21,USD,RECEIVED
10593,PO-0010593,28,10,2026-06-23,USD,RECEIVED
10594,PO-0010594,400,2,2025-10-15,USD,RECEIVED
10595,PO-0010595,54,2,2026-08-03,USD,RECEIVED
10596,PO-0010596,268,3,2025-05-02,USD,PARTIAL
10597,PO-0010597,262,11,2024-05-06,USD,PARTIAL
10598,PO-0010598,346,5,2023-03-21,USD,RECEIVED
10599,PO-0010599,6,6,2025-10-28,USD,RECEIVED
10600,PO-0010600,210,10,2023-12-30,USD,CANCELLED
10601,PO-0010601,98,4,2024-04-24,USD,RECEIVED
10602,PO-0010602,266,6,2026-04-19,USD,RECEIVED
10603,PO-0010603,319,5,2024-04-29,USD,RECEIVED
10604,PO-0010604,305,7,2025-12-14,USD,CANCELLED
10605,PO-0010605,201,7,2025-12-15,USD,RECEIVED
10606,PO-0010606,407,1,2024-04-05,USD,OPEN
10607,PO-0010607,21,12,2025-07-11,USD,RECEIVED
10608,PO-0010608,468,3,2026-01-08,USD,RECEIVED
10609,PO-0010609,418,2,2023-09-01,USD,RECEIVED
10610,PO-0010610,247,10,2026-07-19,USD,PARTIAL
10611,PO-0010611,321,6,2026-06-14,USD,RECEIVED
10612,PO-0010612,377,11,2024-01-10,USD,RECEIVED
10613,PO-0010613,48,7,2025-04-02,USD,RECEIVED
10614,PO-0010614,338,8,2025-01-20,USD,RECEIVED
10615,PO-0010615,100,7,2024-07-28,USD,RECEIVED
10616,PO-0010616,304,11,2024-05-23,USD,CANCELLED
10617,PO-0010617,100,10,2023-02-26,USD,RECEIVED
10618,PO-0010618,358,6,2025-12-25,USD,OPEN
10619,PO-0010619,43,5,2024-08-10,USD,RECEIVED
10620,PO-0010620,51,8,2024-11-21,USD,OPEN
10621,PO-0010621,268,7,2024-08-19,USD,RECEIVED
10622,PO-0010622,360,7,2026-08-24,USD,PARTIAL
10623,PO-0010623,124,12,2023-04-30,USD,RECEIVED
10624,PO-0010624,184,6,2023-12-30,USD,RECEIVED
10625,PO-0010625,283,7,2023-12-02,USD,RECEIVED
10626,PO-0010626,192,4,2026-04-29,USD,PARTIAL
10627,PO-0010627,202,3,2023-05-03,USD,RECEIVED
10628,PO-0010628,246,1,2025-11-05,USD,RECEIVED
10629,PO-0010629,303,12,2026-05-28,USD,RECEIVED
10630,PO-0010630,286,2,2026-08-16,USD,RECEIVED
10631,PO-0010631,2,5,2026-04-09,USD,RECEIVED
10632,PO-0010632,121,8,2025-10-21,USD,PARTIAL
10633,PO-0010633,378,3,2023-05-14,USD,RECEIVED
10634,PO-0010634,421,7,2023-06-25,USD,RECEIVED
10635,PO-0010635,398,9,2025-04-30,USD,RECEIVED
10636,PO-0010636,149,1,2023-03-01,USD,RECEIVED
10637,PO-0010637,471,3,2023-01-14,USD,RECEIVED
10638,PO-0010638,207,5,2024-05-31,USD,RECEIVED
10639,PO-0010639,143,3,2026-06-14,USD,OPEN
10640,PO-0010640,240,2,2026-09-17,USD,RECEIVED
10641,PO-0010641,396,12,2024-03-30,USD,OPEN
10642,PO-0010642,225,12,2023-04-09,USD,RECEIVED
10643,PO-0010643,238,8,2026-04-11,USD,RECEIVED
10644,PO-0010644,185,1,2023-05-22,USD,RECEIVED
10645,PO-0010645,421,9,2023-10-12,USD,RECEIVED
10646,PO-0010646,391,10,2025-07-02,USD,RECEIVED
10647,PO-0010647,335,2,2025-09-03,USD,RECEIVED
10648,PO-0010648,468,10,2024-12-01,USD,RECEIVED
10649,PO-0010649,382,11,2024-10-21,USD,RECEIVED
10650,PO-0010650,481,12,2023-04-22,USD,RECEIVED
10651,PO-0010651,290,11,2024-08-03,USD,RECEIVED
10652,PO-0010652,154,2,2025-08-31,USD,RECEIVED
10653,PO-0010653,321,2,2026-03-21,USD,RECEIVED
10654,PO-0010654,358,3,2023-05-20,USD,RECEIVED
10655,PO-0010655,149,2,2025-04-25,USD,RECEIVED
10656,PO-0010656,161,9,2023-06-02,USD,PARTIAL
10657,PO-0010657,72,1,2026-03-23,USD,RECEIVED
10658,PO-0010658,236,5,2023-07-13,USD,PARTIAL
10659,PO-0010659,391,12,2023-07-05,USD,RECEIVED
10660,PO-0010660,87,11,2026-03-03,USD,RECEIVED
10661,PO-0010661,429,8,2023-07-14,USD,RECEIVED
10662,PO-0010662,72,5,2023-10-12,USD,RECEIVED
10663,PO-0010663,155,2,2024-02-19,USD,CANCELLED
10664,PO-0010664,154,2,2026-06-15,USD,RECEIVED
10665,PO-0010665,203,10,2025-01-11,USD,RECEIVED
10666,PO-0010666,292,4,2025-10-04,USD,RECEIVED
10667,PO-0010667,265,8,2025-02-01,USD,OPEN
10668,PO-0010668,440,2,2025-01-08,USD,RECEIVED
10669,PO-0010669,333,10,2026-07-09,USD,RECEIVED
10670,PO-0010670,32,6,2025-08-28,USD,RECEIVED
10671,PO-0010671,11,8,2024-03-09,USD,CANCELLED
10672,PO-0010672,29,11,2025-08-04,USD,RECEIVED
10673,PO-0010673,33,4,2024-10-06,USD,CANCELLED
10674,PO-0010674,99,6,2026-02-25,USD,RECEIVED
10675,PO-0010675,129,12,2023-04-20,USD,RECEIVED
10676,PO-0010676,120,8,2025-08-17,USD,RECEIVED
10677,PO-0010677,289,7,2024-11-14,USD,RECEIVED
10678,PO-0010678,435,8,2026-07-06,USD,RECEIVED
10679,PO-0010679,181,5,2023-11-20,USD,PARTIAL
10680,PO-0010680,327,5,2024-12-22,USD,RECEIVED
10681,PO-0010681,430,2,2023-03-17,USD,CANCELLED
10682,PO-0010682,341,10,2026-05-15,USD,RECEIVED
10683,PO-0010683,267,8,2025-01-11,USD,RECEIVED
10684,PO-0010684,87,2,2026-08-18,USD,RECEIVED
10685,PO-0010685,451,10,2024-08-15,USD,RECEIVED
10686,PO-0010686,254,11,2023-03-01,USD,RECEIVED
10687,PO-0010687,449,4,2024-06-18,USD,RECEIVED
10688,PO-0010688,464,11,2023-12-16,USD,RECEIVED
10689,PO-0010689,64,8,2024-12-19,USD,RECEIVED
10690,PO-0010690,269,6,2025-02-03,USD,RECEIVED
10691,PO-0010691,374,4,2026-06-19,USD,RECEIVED
10692,PO-0010692,40,3,2026-08-27,USD,RECEIVED
10693,PO-0010693,308,6,2026-07-17,USD,CANCELLED
10694,PO-0010694,454,10,2026-03-17,USD,RECEIVED
10695,PO-0010695,277,4,2024-09-17,USD,CANCELLED
10696,PO-0010696,200,8,2025-12-22,USD,CANCELLED
10697,PO-0010697,180,7,2023-11-10,USD,RECEIVED
10698,PO-0010698,42,10,2023-06-29,USD,OPEN
10699,PO-0010699,307,9,2024-12-24,USD,RECEIVED
10700,PO-0010700,11,8,2023-12-08,USD,RECEIVED
10701,PO-0010701,105,8,2024-07-22,USD,CANCELLED
10702,PO-0010702,165,4,2026-02-24,USD,RECEIVED
10703,PO-0010703,220,4,2026-04-30,USD,RECEIVED
10704,PO-0010704,46,7,2026-02-27,USD,PARTIAL
10705,PO-0010705,70,11,2023-03-11,USD,RECEIVED
10706,PO-0010706,69,7,2026-07-20,USD,RECEIVED
10707,PO-0010707,354,5,2023-04-16,USD,RECEIVED
10708,PO-0010708,491,1,2023-04-12,USD,CANCELLED
10709,PO-0010709,410,12,2023-11-30,USD,RECEIVED
10710,PO-0010710,361,12,2025-10-27,USD,CANCELLED
10711,PO-0010711,392,6,2025-02-20,USD,OPEN
10712,PO-0010712,174,6,2024-01-22,USD,RECEIVED
10713,PO-0010713,322,1,2024-09-05,USD,RECEIVED
10714,PO-0010714,372,8,2025-08-04,USD,RECEIVED
10715,PO-0010715,248,9,2025-12-11,USD,RECEIVED
10716,PO-0010716,373,2,2023-11-24,USD,RECEIVED
10717,PO-0010717,111,10,2025-02-19,USD,RECEIVED
10718,PO-0010718,197,4,2024-06-30,USD,OPEN
10719,PO-0010719,133,7,2024-01-25,USD,RECEIVED
10720,PO-0010720,181,4,2023-11-17,USD,RECEIVED
10721,PO-0010721,390,2,2025-10-21,USD,RECEIVED
10722,PO-0010722,277,8,2025-01-31,USD,PARTIAL
10723,PO-0010723,362,10,2025-07-04,USD,RECEIVED
10724,PO-0010724,423,3,2023-07-25,USD,RECEIVED
10725,PO-0010725,339,3,2024-10-16,USD,OPEN
10726,PO-0010726,383,8,2026-06-18,USD,RECEIVED
10727,PO-0010727,211,5,2023-10-06,USD,RECEIVED
10728,PO-0010728,300,8,2025-03-24,USD,RECEIVED
10729,PO-0010729,178,11,2025-11-18,USD,PARTIAL
10730,PO-0010730,158,1,2025-03-26,USD,RECEIVED
10731,PO-0010731,437,12,2025-05-06,USD,RECEIVED
10732,PO-0010732,316,2,2025-10-28,USD,CANCELLED
10733,PO-0010733,279,1,2025-04-27,USD,RECEIVED
10734,PO-0010734,275,9,2024-12-18,USD,PARTIAL
10735,PO-0010735,211,8,2023-09-14,USD,PARTIAL
10736,PO-0010736,349,6,2024-11-12,USD,RECEIVED
10737,PO-0010737,145,9,2024-01-12,USD,RECEIVED
10738,PO-0010738,202,6,2026-02-12,USD,RECEIVED
10739,PO-0010739,88,4,2026-02-20,USD,RECEIVED
10740,PO-0010740,49,12,2025-05-09,USD,RECEIVED
10741,PO-0010741,351,6,2024-02-08,USD,PARTIAL
10742,PO-0010742,90,6,2025-10-02,USD,RECEIVED
10743,PO-0010743,110,2,2026-02-12,USD,RECEIVED
10744,PO-0010744,101,2,2023-10-10,USD,CANCELLED
10745,PO-0010745,249,6,2023-03-29,USD,RECEIVED
10746,PO-0010746,56,12,2024-09-29,USD,CANCELLED
10747,PO-0010747,171,6,2023-06-19,USD,RECEIVED
10748,PO-0010748,82,3,2025-01-28,USD,PARTIAL
10749,PO-0010749,332,10,2024-05-25,USD,OPEN
10750,PO-0010750,476,12,2026-05-24,USD,PARTIAL
10751,PO-0010751,322,2,2026-04-07,USD,OPEN
10752,PO-0010752,89,6,2024-10-17,USD,RECEIVED
10753,PO-0010753,373,7,2023-03-01,USD,RECEIVED
10754,PO-0010754,165,8,2023-02-06,USD,PARTIAL
10755,PO-0010755,119,7,2024-08-17,USD,RECEIVED
10756,PO-0010756,152,4,2025-04-16,USD,RECEIVED
10757,PO-0010757,336,3,2025-09-27,USD,RECEIVED
10758,PO-0010758,362,6,2023-07-15,USD,RECEIVED
10759,PO-0010759,406,3,2024-01-29,USD,RECEIVED
10760,PO-0010760,449,12,2023-10-14,USD,RECEIVED
10761,PO-0010761,36,6,2025-07-18,USD,RECEIVED
10762,PO-0010762,490,5,2023-05-15,USD,RECEIVED
10763,PO-0010763,242,4,2026-05-05,USD,RECEIVED
10764,PO-0010764,441,1,2024-05-13,USD,PARTIAL
10765,PO-0010765,276,12,2024-11-08,USD,RECEIVED
10766,PO-0010766,189,10,2024-05-08,USD,RECEIVED
10767,PO-0010767,242,10,2023-02-27,USD,RECEIVED
10768,PO-0010768,6,6,2023-10-01,USD,RECEIVED
10769,PO-0010769,57,5,2024-05-18,USD,RECEIVED
10770,PO-0010770,234,12,2024-10-14,USD,PARTIAL
10771,PO-0010771,378,7,2023-05-30,USD,RECEIVED
10772,PO-0010772,123,10,2025-05-22,USD,CANCELLED
10773,PO-0010773,372,4,2026-05-12,USD,CANCELLED
10774,PO-0010774,75,5,2025-11-14,USD,PARTIAL
10775,PO-0010775,41,10,2024-03-07,USD,RECEIVED
10776,PO-0010776,72,5,2025-09-13,USD,OPEN
10777,PO-0010777,411,6,2024-06-10,USD,RECEIVED
10778,PO-0010778,17,6,2024-05-15,USD,RECEIVED
10779,PO-0010779,448,6,2026-02-23,USD,RECEIVED
10780,PO-0010780,492,4,2025-04-08,USD,RECEIVED
10781,PO-0010781,408,5,2025-01-08,USD,RECEIVED
10782,PO-0010782,149,11,2026-01-03,USD,RECEIVED
10783,PO-0010783,327,10,2025-10-29,USD,RECEIVED
10784,PO-0010784,247,10,2025-01-21,USD,OPEN
10785,PO-0010785,140,1,2023-09-19,USD,CANCELLED
10786,PO-0010786,456,8,2026-02-08,USD,RECEIVED
10787,PO-0010787,67,7,2024-11-29,USD,RECEIVED
10788,PO-0010788,25,12,2023-01-10,USD,RECEIVED
10789,PO-0010789,118,6,2023-03-11,USD,CANCELLED
10790,PO-0010790,229,1,2024-01-18,USD,CANCELLED
10791,PO-0010791,63,3,2026-05-19,USD,RECEIVED
10792,PO-0010792,170,7,2026-02-14,USD,RECEIVED
10793,PO-0010793,146,8,2026-02-12,USD,RECEIVED
10794,PO-0010794,67,11,2023-01-14,USD,RECEIVED
10795,PO-0010795,249,3,2023-02-21,USD,RECEIVED
10796,PO-0010796,110,2,2025-10-23,USD,RECEIVED
10797,PO-0010797,41,2,2024-02-10,USD,RECEIVED
10798,PO-0010798,284,7,2025-12-14,USD,RECEIVED
10799,PO-0010799,429,3,2023-07-07,USD,CANCELLED
10800,PO-0010800,396,8,2024-02-22,USD,RECEIVED
10801,PO-0010801,11,5,2025-03-13,USD,PARTIAL
10802,PO-0010802,38,5,2024-11-25,USD,PARTIAL
10803,PO-0010803,351,4,2024-06-30,USD,RECEIVED
10804,PO-0010804,135,1,2026-06-01,USD,RECEIVED
10805,PO-0010805,66,6,2023-09-15,USD,RECEIVED
10806,PO-0010806,4,11,2026-08-13,USD,CANCELLED
10807,PO-0010807,297,10,2023-07-08,USD,OPEN
10808,PO-0010808,101,1,2025-12-21,USD,CANCELLED
10809,PO-0010809,208,11,2025-12-11,USD,RECEIVED
10810,PO-0010810,178,11,2024-02-07,USD,OPEN
10811,PO-0010811,9,2,2023-08-29,USD,RECEIVED
10812,PO-0010812,257,11,2023-11-17,USD,RECEIVED
10813,PO-0010813,167,10,2023-06-24,USD,CANCELLED
10814,PO-0010814,7,1,2024-03-21,USD,OPEN
10815,PO-0010815,376,10,2023-03-10,USD,RECEIVED
10816,PO-0010816,95,6,2025-10-31,USD,RECEIVED
10817,PO-0010817,97,2,2023-12-18,USD,RECEIVED
10818,PO-0010818,365,9,2026-08-07,USD,RECEIVED
10819,PO-0010819,321,6,2026-06-08,USD,RECEIVED
10820,PO-0010820,305,12,2023-09-09,USD,OPEN
10821,PO-0010821,371,3,2026-09-17,USD,RECEIVED
10822,PO-0010822,394,9,2026-01-24,USD,CANCELLED
10823,PO-0010823,403,10,2025-05-27,USD,RECEIVED
10824,PO-0010824,393,6,2023-04-08,USD,PARTIAL
10825,PO-0010825,17,5,2025-04-14,USD,RECEIVED
10826,PO-0010826,153,5,2025-04-18,USD,RECEIVED
10827,PO-0010827,295,8,2025-09-21,USD,RECEIVED
10828,PO-0010828,332,1,2024-08-06,USD,OPEN
10829,PO-0010829,217,10,2026-02-26,USD,RECEIVED
10830,PO-0010830,320,10,2024-09-05,USD,RECEIVED
10831,PO-0010831,331,2,2024-11-17,USD,RECEIVED
10832,PO-0010832,262,9,2023-09-05,USD,RECEIVED
10833,PO-0010833,178,11,2026-02-16,USD,PARTIAL
10834,PO-0010834,328,6,2025-10-18,USD,RECEIVED
10835,PO-0010835,156,2,2025-09-10,USD,RECEIVED
10836,PO-0010836,364,10,2023-12-05,USD,CANCELLED
10837,PO-0010837,444,10,2024-11-20,USD,CANCELLED
10838,PO-0010838,219,10,2023-05-28,USD,CANCELLED
10839,PO-0010839,356,2,2025-07-23,USD,CANCELLED
10840,PO-0010840,402,7,2024-09-04,USD,RECEIVED
10841,PO-0010841,451,12,2023-04-18,USD,RECEIVED
10842,PO-0010842,85,8,2024-02-19,USD,RECEIVED
10843,PO-0010843,264,7,2025-05-24,USD,RECEIVED
10844,PO-0010844,66,6,2023-01-28,USD,CANCELLED
10845,PO-0010845,138,7,2025-04-13,USD,RECEIVED
10846,PO-0010846,242,8,2024-07-11,USD,CANCELLED
10847,PO-0010847,288,1,2023-06-22,USD,RECEIVED
10848,PO-0010848,482,11,2024-01-17,USD,RECEIVED
10849,PO-0010849,302,11,2023-03-07,USD,RECEIVED
10850,PO-0010850,457,5,2025-01-22,USD,RECEIVED
10851,PO-0010851,430,3,2025-02-01,USD,OPEN
10852,PO-0010852,295,6,2025-04-02,USD,RECEIVED
10853,PO-0010853,408,5,2023-08-17,USD,CANCELLED
10854,PO-0010854,338,2,2023-10-24,USD,RECEIVED
10855,PO-0010855,393,6,2026-06-23,USD,RECEIVED
10856,PO-0010856,36,1,2023-11-06,USD,CANCELLED
10857,PO-0010857,263,8,2025-07-29,USD,RECEIVED
10858,PO-0010858,388,11,2023-01-01,USD,RECEIVED
10859,PO-0010859,428,9,2024-11-17,USD,RECEIVED
10860,PO-0010860,82,12,2024-03-28,USD,RECEIVED
10861,PO-0010861,70,5,2023-07-07,USD,RECEIVED
10862,PO-0010862,390,11,2025-09-02,USD,RECEIVED
10863,PO-0010863,139,9,2026-01-19,USD,PARTIAL
10864,PO-0010864,473,7,2025-04-25,USD,RECEIVED
10865,PO-0010865,483,1,2026-02-13,USD,RECEIVED
10866,PO-0010866,255,11,2023-04-29,USD,RECEIVED
10867,PO-0010867,332,7,2025-09-20,USD,CANCELLED
10868,PO-0010868,439,8,2024-01-06,USD,RECEIVED
10869,PO-0010869,362,6,2026-06-25,USD,RECEIVED
10870,PO-0010870,98,7,2024-01-19,USD,RECEIVED
10871,PO-0010871,216,7,2025-10-10,USD,RECEIVED
10872,PO-0010872,314,3,2025-01-27,USD,RECEIVED
10873,PO-0010873,318,1,2024-10-14,USD,OPEN
10874,PO-0010874,220,5,2025-08-25,USD,RECEIVED
10875,PO-0010875,473,9,2026-08-21,USD,RECEIVED
10876,PO-0010876,112,2,2024-11-27,USD,RECEIVED
10877,PO-0010877,226,9,2024-02-06,USD,RECEIVED
10878,PO-0010878,123,9,2024-06-07,USD,RECEIVED
10879,PO-0010879,463,3,2023-12-10,USD,RECEIVED
10880,PO-0010880,177,2,2024-12-10,USD,OPEN
10881,PO-0010881,139,7,2026-08-29,USD,RECEIVED
10882,PO-0010882,262,6,2023-12-30,USD,RECEIVED
10883,PO-0010883,438,12,2023-11-09,USD,CANCELLED
10884,PO-0010884,407,9,2025-03-13,USD,OPEN
10885,PO-0010885,166,11,2023-10-12,USD,RECEIVED
10886,PO-0010886,12,2,2025-07-11,USD,RECEIVED
10887,PO-0010887,85,10,2023-01-29,USD,CANCELLED
10888,PO-0010888,360,7,2025-08-10,USD,OPEN
10889,PO-0010889,333,2,2025-01-10,USD,RECEIVED
10890,PO-0010890,219,8,2025-09-26,USD,RECEIVED
10891,PO-0010891,460,7,2025-11-15,USD,CANCELLED
10892,PO-0010892,171,1,2025-10-02,USD,RECEIVED
10893,PO-0010893,409,12,2024-01-30,USD,RECEIVED
10894,PO-0010894,197,1,2025-11-29,USD,RECEIVED
10895,PO-0010895,225,12,2026-07-31,USD,RECEIVED
10896,PO-0010896,87,10,2026-05-01,USD,RECEIVED
10897,PO-0010897,336,11,2024-01-09,USD,RECEIVED
10898,PO-0010898,344,12,2023-05-12,USD,RECEIVED
10899,PO-0010899,91,10,2025-03-04,USD,PARTIAL
10900,PO-0010900,161,3,2025-03-31,USD,RECEIVED
10901,PO-0010901,24,8,2024-11-17,USD,RECEIVED
10902,PO-0010902,102,7,2025-09-04,USD,RECEIVED
10903,PO-0010903,425,9,2025-02-26,USD,OPEN
10904,PO-0010904,47,6,2024-12-31,USD,RECEIVED
10905,PO-0010905,152,2,2024-03-23,USD,CANCELLED
10906,PO-0010906,130,4,2025-12-20,USD,PARTIAL
10907,PO-0010907,353,10,2023-07-10,USD,RECEIVED
10908,PO-0010908,427,1,2023-08-22,USD,RECEIVED
10909,PO-0010909,375,4,2024-12-16,USD,RECEIVED
10910,PO-0010910,23,9,2026-03-29,USD,OPEN
10911,PO-0010911,136,6,2025-12-28,USD,RECEIVED
10912,PO-0010912,382,7,2026-01-12,USD,RECEIVED
10913,PO-0010913,245,10,2026-03-24,USD,RECEIVED
10914,PO-0010914,45,10,2024-06-28,USD,RECEIVED
10915,PO-0010915,446,9,2023-02-16,USD,CANCELLED
10916,PO-0010916,181,2,2024-07-24,USD,RECEIVED
10917,PO-0010917,259,5,2023-11-04,USD,RECEIVED
10918,PO-0010918,432,8,2024-05-05,USD,RECEIVED
10919,PO-0010919,200,11,2026-07-04,USD,RECEIVED
10920,PO-0010920,234,1,2023-04-23,USD,CANCELLED
10921,PO-0010921,469,10,2025-10-01,USD,RECEIVED
10922,PO-0010922,146,4,2023-11-26,USD,CANCELLED
10923,PO-0010923,10,2,2024-11-27,USD,RECEIVED
10924,PO-0010924,114,8,2023-07-13,USD,RECEIVED
10925,PO-0010925,370,8,2023-02-18,USD,RECEIVED
10926,PO-0010926,111,11,2025-08-25,USD,PARTIAL
10927,PO-0010927,208,1,2023-12-16,USD,PARTIAL
10928,PO-0010928,223,3,2024-03-30,USD,OPEN
10929,PO-0010929,9,5,2026-07-24,USD,RECEIVED
10930,PO-0010930,423,10,2023-01-20,USD,RECEIVED
10931,PO-0010931,151,10,2025-08-28,USD,RECEIVED
10932,PO-0010932,80,2,2024-07-28,USD,OPEN
10933,PO-0010933,294,6,2025-03-12,USD,PARTIAL
10934,PO-0010934,348,3,2026-08-23,USD,RECEIVED
10935,PO-0010935,211,10,2026-04-07,USD,RECEIVED
10936,PO-0010936,330,11,2023-12-09,USD,RECEIVED
10937,PO-0010937,48,8,2025-05-13,USD,OPEN
10938,PO-0010938,384,5,2023-07-10,USD,PARTIAL
10939,PO-0010939,4,11,2023-07-08,USD,RECEIVED
10940,PO-0010940,181,9,2024-01-18,USD,RECEIVED
10941,PO-0010941,171,6,2023-04-01,USD,RECEIVED
10942,PO-0010942,347,6,2024-07-26,USD,RECEIVED
10943,PO-0010943,176,5,2024-03-01,USD,RECEIVED
10944,PO-0010944,192,8,2025-04-18,USD,OPEN
10945,PO-0010945,463,12,2024-12-16,USD,RECEIVED
10946,PO-0010946,104,7,2023-04-29,USD,PARTIAL
10947,PO-0010947,266,7,2023-01-14,USD,PARTIAL
10948,PO-0010948,480,11,2025-09-29,USD,RECEIVED
10949,PO-0010949,224,9,2023-08-10,USD,PARTIAL
10950,PO-0010950,70,6,2024-06-08,USD,CANCELLED
10951,PO-0010951,235,5,2023-08-30,USD,RECEIVED
10952,PO-0010952,141,1,2024-02-19,USD,RECEIVED
10953,PO-0010953,353,3,2025-06-27,USD,RECEIVED
10954,PO-0010954,332,11,2025-08-31,USD,RECEIVED
10955,PO-0010955,388,12,2025-09-16,USD,PARTIAL
10956,PO-0010956,466,12,2023-03-02,USD,OPEN
10957,PO-0010957,122,7,2026-08-06,USD,RECEIVED
10958,PO-0010958,236,12,2026-08-28,USD,RECEIVED
10959,PO-0010959,416,10,2024-03-23,USD,RECEIVED
10960,PO-0010960,299,12,2025-05-23,USD,RECEIVED
10961,PO-0010961,294,7,2024-01-08,USD,RECEIVED
10962,PO-0010962,154,2,2024-03-14,USD,OPEN
10963,PO-0010963,326,6,2024-08-19,USD,RECEIVED
10964,PO-0010964,363,12,2025-10-17,USD,CANCELLED
10965,PO-0010965,280,12,2024-12-24,USD,RECEIVED
10966,PO-0010966,220,8,2025-08-09,USD,RECEIVED
10967,PO-0010967,300,11,2025-07-02,USD,RECEIVED
10968,PO-0010968,463,2,2023-03-26,USD,RECEIVED
10969,PO-0010969,403,1,2024-11-22,USD,RECEIVED
10970,PO-0010970,32,9,2023-06-13,USD,RECEIVED
10971,PO-0010971,257,10,2023-05-07,USD,RECEIVED
10972,PO-0010972,337,1,2023-02-01,USD,RECEIVED
10973,PO-0010973,441,6,2023-07-31,USD,PARTIAL
10974,PO-0010974,377,7,2023-08-24,USD,RECEIVED
10975,PO-0010975,88,4,2025-03-24,USD,RECEIVED
10976,PO-0010976,451,4,2026-03-15,USD,RECEIVED
10977,PO-0010977,447,4,2024-04-18,USD,OPEN
10978,PO-0010978,326,6,2026-08-29,USD,RECEIVED
10979,PO-0010979,313,1,2024-09-21,USD,RECEIVED
10980,PO-0010980,386,7,2024-09-25,USD,RECEIVED
10981,PO-0010981,66,5,2024-06-20,USD,OPEN
10982,PO-0010982,171,12,2025-05-03,USD,RECEIVED
10983,PO-0010983,103,1,2024-11-22,USD,RECEIVED
10984,PO-0010984,108,3,2024-01-25,USD,RECEIVED
10985,PO-0010985,496,9,2023-08-19,USD,RECEIVED
10986,PO-0010986,484,7,2024-03-28,USD,RECEIVED
10987,PO-0010987,256,2,2025-07-30,USD,CANCELLED
10988,PO-0010988,416,1,2026-09-22,USD,PARTIAL
10989,PO-0010989,61,9,2023-02-14,USD,CANCELLED
10990,PO-0010990,178,2,2024-08-21,USD,RECEIVED
10991,PO-0010991,289,2,2023-06-16,USD,RECEIVED
10992,PO-0010992,308,8,2025-06-01,USD,RECEIVED
10993,PO-0010993,215,11,2025-04-30,USD,PARTIAL
10994,PO-0010994,206,5,2023-08-03,USD,RECEIVED
10995,PO-0010995,486,3,2023-03-22,USD,RECEIVED
10996,PO-0010996,65,12,2024-11-09,USD,RECEIVED
10997,PO-0010997,490,7,2023-08-16,USD,RECEIVED
10998,PO-0010998,64,7,2023-04-03,USD,RECEIVED
10999,PO-0010999,152,7,2025-05-25,USD,RECEIVED
11000,PO-0011000,239,12,2025-09-14,USD,OPEN
11001,PO-0011001,73,9,2026-09-19,USD,CANCELLED
11002,PO-0011002,160,10,2024-04-27,USD,RECEIVED
11003,PO-0011003,309,6,2024-01-05,USD,RECEIVED
11004,PO-0011004,409,12,2026-02-17,USD,RECEIVED
11005,PO-0011005,475,2,2025-09-05,USD,RECEIVED
11006,PO-0011006,84,1,2026-08-26,USD,RECEIVED
11007,PO-0011007,259,1,2024-11-06,USD,RECEIVED
11008,PO-0011008,282,1,2024-09-22,USD,PARTIAL
11009,PO-0011009,93,1,2025-12-06,USD,RECEIVED
11010,PO-0011010,492,6,2025-03-29,USD,RECEIVED
11011,PO-0011011,138,9,2025-04-19,USD,RECEIVED
11012,PO-0011012,316,11,2026-08-27,USD,OPEN
11013,PO-0011013,271,2,2025-06-15,USD,RECEIVED
11014,PO-0011014,405,8,2025-08-06,USD,OPEN
11015,PO-0011015,368,3,2026-07-25,USD,RECEIVED
11016,PO-0011016,135,6,2025-04-19,USD,RECEIVED
11017,PO-0011017,240,2,2026-01-11,USD,CANCELLED
11018,PO-0011018,320,8,2023-03-01,USD,RECEIVED
11019,PO-0011019,216,8,2023-04-21,USD,PARTIAL
11020,PO-0011020,452,5,2026-01-08,USD,PARTIAL
11021,PO-0011021,110,3,2023-01-18,USD,CANCELLED
11022,PO-0011022,275,3,2024-02-04,USD,CANCELLED
11023,PO-0011023,71,6,2024-05-11,USD,RECEIVED
11024,PO-0011024,306,4,2024-11-15,USD,RECEIVED
11025,PO-0011025,134,6,2025-02-12,USD,RECEIVED
11026,PO-0011026,187,7,2025-02-19,USD,RECEIVED
11027,PO-0011027,476,5,2024-05-21,USD,RECEIVED
11028,PO-0011028,192,5,2023-03-31,USD,RECEIVED
11029,PO-0011029,9,9,2023-05-12,USD,RECEIVED
11030,PO-0011030,492,6,2026-01-17,USD,RECEIVED
11031,PO-0011031,166,12,2024-11-07,USD,OPEN
11032,PO-0011032,206,2,2024-03-19,USD,RECEIVED
11033,PO-0011033,172,9,2026-02-02,USD,RECEIVED
11034,PO-0011034,360,3,2025-01-16,USD,OPEN
11035,PO-0011035,307,9,2023-08-11,USD,RECEIVED
11036,PO-0011036,428,3,2025-10-18,USD,RECEIVED
11037,PO-0011037,332,11,2025-08-11,USD,CANCELLED
11038,PO-0011038,275,12,2024-03-24,USD,RECEIVED
11039,PO-0011039,443,4,2024-02-16,USD,RECEIVED
11040,PO-0011040,29,3,2024-04-23,USD,OPEN
11041,PO-0011041,116,12,2024-11-29,USD,RECEIVED
11042,PO-0011042,462,10,2025-02-04,USD,OPEN
11043,PO-0011043,235,2,2025-04-24,USD,RECEIVED
11044,PO-0011044,192,10,2026-08-19,USD,RECEIVED
11045,PO-0011045,387,9,2023-03-06,USD,RECEIVED
11046,PO-0011046,205,7,2025-09-20,USD,RECEIVED
11047,PO-0011047,193,2,2026-08-09,USD,CANCELLED
11048,PO-0011048,307,7,2026-05-30,USD,OPEN
11049,PO-0011049,383,10,2026-06-12,USD,RECEIVED
11050,PO-0011050,422,9,2026-03-18,USD,CANCELLED
11051,PO-0011051,38,12,2023-06-22,USD,OPEN
11052,PO-0011052,461,1,2023-12-30,USD,RECEIVED
11053,PO-0011053,14,3,2023-03-30,USD,RECEIVED
11054,PO-0011054,175,12,2026-04-02,USD,RECEIVED
11055,PO-0011055,447,11,2025-11-16,USD,RECEIVED
11056,PO-0011056,303,8,2025-01-16,USD,RECEIVED
11057,PO-0011057,496,8,2024-10-09,USD,OPEN
11058,PO-0011058,355,8,2023-10-17,USD,OPEN
11059,PO-0011059,67,1,2025-07-14,USD,RECEIVED
11060,PO-0011060,396,11,2026-06-14,USD,OPEN
11061,PO-0011061,460,4,2023-05-01,USD,RECEIVED
11062,PO-0011062,458,5,2024-07-02,USD,RECEIVED
11063,PO-0011063,240,6,2023-12-17,USD,RECEIVED
11064,PO-0011064,462,2,2025-02-04,USD,PARTIAL
11065,PO-0011065,35,6,2025-12-21,USD,CANCELLED
11066,PO-0011066,28,4,2025-10-23,USD,RECEIVED
11067,PO-0011067,264,6,2023-10-17,USD,RECEIVED
11068,PO-0011068,222,3,2025-08-10,USD,RECEIVED
11069,PO-0011069,47,6,2025-07-28,USD,RECEIVED
11070,PO-0011070,315,9,2025-01-31,USD,RECEIVED
11071,PO-0011071,153,1,2023-08-08,USD,RECEIVED
11072,PO-0011072,355,4,2026-08-18,USD,RECEIVED
11073,PO-0011073,499,11,2025-04-02,USD,CANCELLED
11074,PO-0011074,30,12,2026-09-05,USD,RECEIVED
11075,PO-0011075,497,8,2026-04-14,USD,CANCELLED
11076,PO-0011076,334,6,2024-08-15,USD,OPEN
11077,PO-0011077,223,3,2025-02-03,USD,RECEIVED
11078,PO-0011078,322,11,2024-07-03,USD,RECEIVED
11079,PO-0011079,498,1,2025-08-15,USD,PARTIAL
11080,PO-0011080,289,4,2024-10-17,USD,RECEIVED
11081,PO-0011081,436,9,2025-02-17,USD,RECEIVED
11082,PO-0011082,109,2,2024-07-19,USD,CANCELLED
11083,PO-0011083,204,5,2023-01-30,USD,PARTIAL
11084,PO-0011084,218,4,2026-04-09,USD,PARTIAL
11085,PO-0011085,357,7,2026-09-02,USD,RECEIVED
11086,PO-0011086,279,2,2026-04-15,USD,RECEIVED
11087,PO-0011087,283,5,2025-04-02,USD,CANCELLED
11088,PO-0011088,242,10,2026-02-10,USD,RECEIVED
11089,PO-0011089,438,12,2024-01-20,USD,CANCELLED
11090,PO-0011090,299,2,2025-12-10,USD,RECEIVED
11091,PO-0011091,295,10,2025-10-07,USD,RECEIVED
11092,PO-0011092,462,5,2026-06-28,USD,RECEIVED
11093,PO-0011093,432,7,2024-05-10,USD,CANCELLED
11094,PO-0011094,215,2,2023-03-04,USD,RECEIVED
11095,PO-0011095,317,12,2026-03-24,USD,CANCELLED
11096,PO-0011096,171,6,2025-05-24,USD,PARTIAL
11097,PO-0011097,74,10,2025-11-20,USD,PARTIAL
11098,PO-0011098,37,11,2025-10-28,USD,RECEIVED
11099,PO-0011099,374,11,2023-03-31,USD,RECEIVED
11100,PO-0011100,399,3,2024-09-27,USD,RECEIVED
11101,PO-0011101,419,2,2023-04-15,USD,OPEN
11102,PO-0011102,74,8,2025-08-13,USD,RECEIVED
11103,PO-0011103,138,10,2024-10-14,USD,PARTIAL
11104,PO-0011104,109,12,2023-02-13,USD,RECEIVED
11105,PO-0011105,257,7,2025-07-24,USD,RECEIVED
11106,PO-0011106,412,9,2024-02-19,USD,RECEIVED
11107,PO-0011107,180,7,2025-11-17,USD,PARTIAL
11108,PO-0011108,198,9,2025-05-19,USD,RECEIVED
11109,PO-0011109,271,1,2025-06-06,USD,PARTIAL
11110,PO-0011110,316,1,2025-03-07,USD,RECEIVED
11111,PO-0011111,479,6,2025-03-11,USD,RECEIVED
11112,PO-0011112,138,2,2025-08-28,USD,RECEIVED
11113,PO-0011113,2,5,2025-06-29,USD,OPEN
11114,PO-0011114,492,10,2025-11-04,USD,RECEIVED
11115,PO-0011115,264,3,2023-12-01,USD,RECEIVED
11116,PO-0011116,491,9,2024-07-21,USD,RECEIVED
11117,PO-0011117,411,6,2023-03-26,USD,RECEIVED
11118,PO-0011118,133,12,2025-11-08,USD,RECEIVED
11119,PO-0011119,403,4,2025-02-09,USD,RECEIVED
11120,PO-0011120,187,10,2025-06-17,USD,RECEIVED
11121,PO-0011121,351,1,2023-01-03,USD,RECEIVED
11122,PO-0011122,232,8,2024-03-13,USD,CANCELLED
11123,PO-0011123,337,1,2026-08-21,USD,RECEIVED
11124,PO-0011124,190,5,2023-08-17,USD,RECEIVED
11125,PO-0011125,73,5,2023-10-20,USD,RECEIVED
11126,PO-0011126,30,10,2023-06-10,USD,OPEN
11127,PO-0011127,41,1,2025-01-18,USD,OPEN
11128,PO-0011128,438,7,2024-04-17,USD,RECEIVED
11129,PO-0011129,159,1,2025-04-05,USD,RECEIVED
11130,PO-0011130,158,6,2025-03-28,USD,OPEN
11131,PO-0011131,353,1,2024-07-26,USD,OPEN
11132,PO-0011132,70,9,2023-11-24,USD,RECEIVED
11133,PO-0011133,214,8,2023-10-04,USD,RECEIVED
11134,PO-0011134,118,5,2024-03-23,USD,RECEIVED
11135,PO-0011135,121,1,2025-09-07,USD,CANCELLED
11136,PO-0011136,167,8,2026-09-14,USD,RECEIVED
11137,PO-0011137,446,12,2024-07-20,USD,RECEIVED
11138,PO-0011138,26,6,2025-01-15,USD,PARTIAL
11139,PO-0011139,108,9,2024-11-24,USD,RECEIVED
11140,PO-0011140,311,12,2026-07-18,USD,RECEIVED
11141,PO-0011141,398,9,2023-04-19,USD,RECEIVED
11142,PO-0011142,389,7,2025-11-30,USD,CANCELLED
11143,PO-0011143,248,10,2025-08-20,USD,RECEIVED
11144,PO-0011144,465,6,2026-09-22,USD,RECEIVED
11145,PO-0011145,196,1,2026-05-25,USD,OPEN
11146,PO-0011146,462,11,2023-09-05,USD,CANCELLED
11147,PO-0011147,295,9,2023-11-10,USD,PARTIAL
11148,PO-0011148,218,12,2025-03-01,USD,OPEN
11149,PO-0011149,378,8,2026-03-12,USD,RECEIVED
11150,PO-0011150,175,1,2025-10-08,USD,RECEIVED
11151,PO-0011151,76,1,2025-04-02,USD,RECEIVED
11152,PO-0011152,332,8,2024-06-15,USD,RECEIVED
11153,PO-0011153,258,7,2023-03-25,USD,RECEIVED
11154,PO-0011154,347,4,2025-10-29,USD,CANCELLED
11155,PO-0011155,290,5,2023-07-01,USD,RECEIVED
11156,PO-0011156,285,4,2024-02-02,USD,RECEIVED
11157,PO-0011157,346,2,2025-09-02,USD,RECEIVED
11158,PO-0011158,400,8,2024-06-17,USD,RECEIVED
11159,PO-0011159,229,9,2023-03-01,USD,RECEIVED
11160,PO-0011160,5,8,2024-06-09,USD,RECEIVED
11161,PO-0011161,238,12,2025-02-09,USD,RECEIVED
11162,PO-0011162,285,8,2025-08-01,USD,RECEIVED
11163,PO-0011163,459,5,2026-04-30,USD,PARTIAL
11164,PO-0011164,57,2,2026-06-15,USD,RECEIVED
11165,PO-0011165,53,8,2025-05-19,USD,RECEIVED
11166,PO-0011166,99,12,2024-10-28,USD,RECEIVED
11167,PO-0011167,206,12,2024-07-15,USD,RECEIVED
11168,PO-0011168,196,3,2024-08-10,USD,RECEIVED
11169,PO-0011169,13,10,2023-03-17,USD,RECEIVED
11170,PO-0011170,461,2,2026-06-04,USD,RECEIVED
11171,PO-0011171,87,8,2026-03-05,USD,RECEIVED
11172,PO-0011172,74,10,2023-09-28,USD,RECEIVED
11173,PO-0011173,324,8,2023-11-20,USD,RECEIVED
11174,PO-0011174,110,7,2026-03-02,USD,CANCELLED
11175,PO-0011175,363,12,2024-11-08,USD,RECEIVED
11176,PO-0011176,339,2,2023-11-19,USD,RECEIVED
11177,PO-0011177,344,8,2026-03-07,USD,RECEIVED
11178,PO-0011178,370,8,2026-05-05,USD,RECEIVED
11179,PO-0011179,414,12,2024-11-02,USD,RECEIVED
11180,PO-0011180,439,3,2024-01-07,USD,RECEIVED
11181,PO-0011181,273,12,2024-01-01,USD,RECEIVED
11182,PO-0011182,140,2,2025-07-13,USD,RECEIVED
11183,PO-0011183,76,9,2025-12-30,USD,RECEIVED
11184,PO-0011184,393,4,2024-06-13,USD,RECEIVED
11185,PO-0011185,150,8,2023-06-28,USD,RECEIVED
11186,PO-0011186,213,2,2025-11-20,USD,PARTIAL
11187,PO-0011187,445,2,2024-11-12,USD,RECEIVED
11188,PO-0011188,7,7,2024-11-16,USD,RECEIVED
11189,PO-0011189,487,6,2023-10-29,USD,OPEN
11190,PO-0011190,377,7,2023-05-20,USD,OPEN
11191,PO-0011191,327,3,2023-08-06,USD,PARTIAL
11192,PO-0011192,56,9,2025-12-26,USD,PARTIAL
11193,PO-0011193,201,8,2026-04-26,USD,RECEIVED
11194,PO-0011194,250,10,2024-04-19,USD,CANCELLED
11195,PO-0011195,386,11,2025-12-16,USD,RECEIVED
11196,PO-0011196,173,4,2023-09-19,USD,RECEIVED
11197,PO-0011197,426,1,2026-04-16,USD,RECEIVED
11198,PO-0011198,161,7,2026-09-21,USD,RECEIVED
11199,PO-0011199,406,3,2023-08-09,USD,OPEN
11200,PO-0011200,19,9,2025-08-07,USD,RECEIVED
11201,PO-0011201,76,12,2025-02-16,USD,CANCELLED
11202,PO-0011202,141,9,2026-07-09,USD,RECEIVED
11203,PO-0011203,45,2,2025-12-01,USD,RECEIVED
11204,PO-0011204,156,6,2023-06-23,USD,PARTIAL
11205,PO-0011205,457,1,2025-02-01,USD,CANCELLED
11206,PO-0011206,109,8,2024-05-18,USD,CANCELLED
11207,PO-0011207,403,10,2024-03-30,USD,CANCELLED
11208,PO-0011208,149,7,2025-07-17,USD,RECEIVED
11209,PO-0011209,13,6,2026-04-19,USD,RECEIVED
11210,PO-0011210,40,5,2024-11-09,USD,RECEIVED
11211,PO-0011211,249,9,2023-08-27,USD,RECEIVED
11212,PO-0011212,232,3,2026-07-11,USD,RECEIVED
11213,PO-0011213,311,8,2026-06-29,USD,RECEIVED
11214,PO-0011214,237,3,2023-08-26,USD,RECEIVED
11215,PO-0011215,334,8,2026-01-30,USD,CANCELLED
11216,PO-0011216,457,8,2023-02-08,USD,RECEIVED
11217,PO-0011217,425,2,2023-02-08,USD,RECEIVED
11218,PO-0011218,15,6,2023-12-30,USD,OPEN
11219,PO-0011219,168,9,2026-08-24,USD,RECEIVED
11220,PO-0011220,424,11,2026-02-04,USD,OPEN
11221,PO-0011221,390,10,2023-05-01,USD,RECEIVED
11222,PO-0011222,240,8,2023-03-29,USD,RECEIVED
11223,PO-0011223,414,9,2024-07-06,USD,RECEIVED
11224,PO-0011224,216,9,2025-01-22,USD,OPEN
11225,PO-0011225,371,8,2024-06-16,USD,RECEIVED
11226,PO-0011226,404,1,2026-08-09,USD,RECEIVED
11227,PO-0011227,296,10,2023-05-24,USD,PARTIAL
11228,PO-0011228,62,12,2023-07-24,USD,OPEN
11229,PO-0011229,70,5,2023-07-02,USD,RECEIVED
11230,PO-0011230,63,12,2024-12-20,USD,CANCELLED
11231,PO-0011231,325,8,2024-05-25,USD,RECEIVED
11232,PO-0011232,93,3,2023-05-28,USD,RECEIVED
11233,PO-0011233,38,9,2023-11-23,USD,RECEIVED
11234,PO-0011234,375,8,2026-03-15,USD,PARTIAL
11235,PO-0011235,323,11,2025-05-30,USD,RECEIVED
11236,PO-0011236,280,8,2023-03-24,USD,RECEIVED
11237,PO-0011237,133,9,2024-08-27,USD,RECEIVED
11238,PO-0011238,286,11,2024-02-24,USD,CANCELLED
11239,PO-0011239,409,5,2026-06-01,USD,RECEIVED
11240,PO-0011240,77,6,2026-07-29,USD,OPEN
11241,PO-0011241,432,11,2024-10-11,USD,PARTIAL
11242,PO-0011242,256,1,2024-08-07,USD,RECEIVED
11243,PO-0011243,171,6,2025-08-23,USD,CANCELLED
11244,PO-0011244,85,3,2026-07-23,USD,RECEIVED
11245,PO-0011245,239,7,2023-06-02,USD,RECEIVED
11246,PO-0011246,396,11,2025-01-26,USD,CANCELLED
11247,PO-0011247,114,10,2023-08-25,USD,RECEIVED
11248,PO-0011248,99,11,2023-12-06,USD,RECEIVED
11249,PO-0011249,253,10,2024-09-13,USD,RECEIVED
11250,PO-0011250,300,9,2024-03-15,USD,RECEIVED
11251,PO-0011251,352,2,2025-06-14,USD,RECEIVED
11252,PO-0011252,494,9,2026-09-09,USD,RECEIVED
11253,PO-0011253,228,7,2023-03-11,USD,PARTIAL
11254,PO-0011254,129,12,2025-06-28,USD,RECEIVED
11255,PO-0011255,334,4,2023-12-20,USD,OPEN
11256,PO-0011256,384,8,2024-09-29,USD,RECEIVED
11257,PO-0011257,495,2,2025-01-26,USD,RECEIVED
11258,PO-0011258,340,6,2023-09-16,USD,RECEIVED
11259,PO-0011259,420,1,2025-01-31,USD,RECEIVED
11260,PO-0011260,414,3,2024-02-14,USD,RECEIVED
11261,PO-0011261,109,12,2025-06-19,USD,CANCELLED
11262,PO-0011262,399,11,2025-08-06,USD,RECEIVED
11263,PO-0011263,309,6,2024-04-26,USD,CANCELLED
11264,PO-0011264,372,1,2026-07-26,USD,RECEIVED
11265,PO-0011265,254,12,2025-12-24,USD,RECEIVED
11266,PO-0011266,249,7,2023-11-29,USD,RECEIVED
11267,PO-0011267,430,4,2025-06-25,USD,OPEN
11268,PO-0011268,443,4,2023-09-25,USD,RECEIVED
11269,PO-0011269,167,7,2025-10-12,USD,RECEIVED
11270,PO-0011270,359,4,2026-03-22,USD,RECEIVED
11271,PO-0011271,84,1,2026-09-06,USD,RECEIVED
11272,PO-0011272,468,1,2026-09-15,USD,RECEIVED
11273,PO-0011273,429,7,2026-01-23,USD,RECEIVED
11274,PO-0011274,70,11,2024-10-02,USD,RECEIVED
11275,PO-0011275,48,3,2025-03-17,USD,CANCELLED
11276,PO-0011276,167,6,2023-11-19,USD,RECEIVED
11277,PO-0011277,203,8,2024-12-15,USD,RECEIVED
11278,PO-0011278,275,3,2024-11-08,USD,OPEN
11279,PO-0011279,320,8,2023-12-04,USD,RECEIVED
11280,PO-0011280,241,12,2025-05-20,USD,RECEIVED
11281,PO-0011281,380,1,2024-10-29,USD,CANCELLED
11282,PO-0011282,251,10,2025-02-14,USD,RECEIVED
11283,PO-0011283,17,2,2026-02-20,USD,RECEIVED
11284,PO-0011284,422,10,2026-08-13,USD,RECEIVED
11285,PO-0011285,399,10,2025-07-01,USD,OPEN
11286,PO-0011286,203,6,2025-10-15,USD,RECEIVED
11287,PO-0011287,248,8,2025-06-25,USD,RECEIVED
11288,PO-0011288,385,7,2025-04-23,USD,PARTIAL
11289,PO-0011289,127,9,2024-05-10,USD,RECEIVED
11290,PO-0011290,213,10,2024-11-22,USD,CANCELLED
11291,PO-0011291,435,7,2024-12-19,USD,RECEIVED
11292,PO-0011292,336,8,2024-02-07,USD,CANCELLED
11293,PO-0011293,390,2,2023-12-26,USD,RECEIVED
11294,PO-0011294,203,9,2025-08-01,USD,RECEIVED
11295,PO-0011295,229,10,2026-04-20,USD,RECEIVED
11296,PO-0011296,465,12,2023-11-11,USD,OPEN
11297,PO-0011297,249,9,2024-12-21,USD,RECEIVED
11298,PO-0011298,136,9,2024-05-10,USD,RECEIVED
11299,PO-0011299,306,5,2026-06-22,USD,RECEIVED
11300,PO-0011300,371,2,2023-01-09,USD,RECEIVED
11301,PO-0011301,427,5,2025-04-21,USD,RECEIVED
11302,PO-0011302,255,10,2024-08-13,USD,RECEIVED
11303,PO-0011303,367,10,2024-03-17,USD,RECEIVED
11304,PO-0011304,455,8,2024-08-08,USD,RECEIVED
11305,PO-0011305,490,8,2024-08-11,USD,RECEIVED
11306,PO-0011306,315,4,2026-09-22,USD,RECEIVED
11307,PO-0011307,499,1,2025-12-25,USD,RECEIVED
11308,PO-0011308,12,1,2026-09-03,USD,RECEIVED
11309,PO-0011309,359,11,2024-05-31,USD,RECEIVED
11310,PO-0011310,238,12,2025-11-29,USD,OPEN
11311,PO-0011311,125,3,2024-01-17,USD,CANCELLED
11312,PO-0011312,403,9,2026-05-04,USD,RECEIVED
11313,PO-0011313,458,11,2024-12-22,USD,RECEIVED
11314,PO-0011314,248,5,2025-10-24,USD,RECEIVED
11315,PO-0011315,228,5,2023-02-15,USD,RECEIVED
11316,PO-0011316,415,1,2023-11-14,USD,RECEIVED
11317,PO-0011317,51,12,2023-02-13,USD,RECEIVED
11318,PO-0011318,231,12,2025-05-05,USD,RECEIVED
11319,PO-0011319,286,5,2024-05-22,USD,CANCELLED
11320,PO-0011320,320,9,2024-10-18,USD,RECEIVED
11321,PO-0011321,491,12,2025-12-09,USD,OPEN
11322,PO-0011322,187,5,2026-08-11,USD,RECEIVED
11323,PO-0011323,486,7,2026-01-28,USD,RECEIVED
11324,PO-0011324,417,12,2024-11-27,USD,RECEIVED
11325,PO-0011325,432,1,2024-05-07,USD,RECEIVED
11326,PO-0011326,13,6,2025-06-28,USD,RECEIVED
11327,PO-0011327,170,5,2023-06-13,USD,RECEIVED
11328,PO-0011328,338,9,2023-08-13,USD,RECEIVED
11329,PO-0011329,188,10,2023-03-05,USD,RECEIVED
11330,PO-0011330,416,1,2026-03-20,USD,RECEIVED
11331,PO-0011331,476,7,2024-06-24,USD,OPEN
11332,PO-0011332,226,6,2026-03-16,USD,OPEN
11333,PO-0011333,400,8,2024-11-01,USD,RECEIVED
11334,PO-0011334,218,8,2026-02-17,USD,RECEIVED
11335,PO-0011335,319,8,2023-02-24,USD,RECEIVED
11336,PO-0011336,118,12,2023-06-05,USD,RECEIVED
11337,PO-0011337,281,8,2025-12-03,USD,CANCELLED
11338,PO-0011338,457,9,2023-12-12,USD,OPEN
11339,PO-0011339,392,11,2024-03-11,USD,RECEIVED
11340,PO-0011340,187,7,2025-06-26,USD,RECEIVED
11341,PO-0011341,490,9,2026-08-07,USD,RECEIVED
11342,PO-0011342,148,9,2023-11-18,USD,RECEIVED
11343,PO-0011343,135,9,2026-07-24,USD,RECEIVED
11344,PO-0011344,394,2,2024-06-06,USD,RECEIVED
11345,PO-0011345,229,2,2024-01-05,USD,OPEN
11346,PO-0011346,498,1,2024-09-07,USD,RECEIVED
11347,PO-0011347,171,12,2024-01-08,USD,RECEIVED
11348,PO-0011348,499,5,2023-07-10,USD,RECEIVED
11349,PO-0011349,285,10,2023-04-11,USD,RECEIVED
11350,PO-0011350,208,7,2024-10-28,USD,RECEIVED
11351,PO-0011351,313,10,2025-11-03,USD,CANCELLED
11352,PO-0011352,30,9,2025-03-21,USD,CANCELLED
11353,PO-0011353,240,3,2025-01-01,USD,RECEIVED
11354,PO-0011354,485,10,2025-11-20,USD,RECEIVED
11355,PO-0011355,28,9,2023-12-31,USD,RECEIVED
11356,PO-0011356,362,6,2026-05-06,USD,RECEIVED
11357,PO-0011357,122,7,2024-06-12,USD,RECEIVED
11358,PO-0011358,444,5,2026-09-15,USD,PARTIAL
11359,PO-0011359,144,8,2024-02-09,USD,OPEN
11360,PO-0011360,107,1,2023-03-05,USD,RECEIVED
11361,PO-0011361,109,1,2025-11-14,USD,RECEIVED
11362,PO-0011362,151,9,2025-03-29,USD,OPEN
11363,PO-0011363,308,7,2024-07-29,USD,PARTIAL
11364,PO-0011364,242,11,2023-01-20,USD,PARTIAL
11365,PO-0011365,383,7,2025-06-24,USD,OPEN
11366,PO-0011366,365,3,2024-03-04,USD,CANCELLED
11367,PO-0011367,219,12,2025-06-19,USD,RECEIVED
11368,PO-0011368,127,9,2026-08-01,USD,RECEIVED
11369,PO-0011369,322,12,2023-12-24,USD,CANCELLED
11370,PO-0011370,353,8,2024-03-27,USD,RECEIVED
11371,PO-0011371,428,1,2025-12-11,USD,PARTIAL
11372,PO-0011372,23,7,2023-04-02,USD,OPEN
11373,PO-0011373,221,10,2026-01-20,USD,RECEIVED
11374,PO-0011374,175,8,2026-08-15,USD,RECEIVED
11375,PO-0011375,108,1,2023-03-07,USD,RECEIVED
11376,PO-0011376,44,3,2026-02-05,USD,RECEIVED
11377,PO-0011377,494,2,2026-09-03,USD,PARTIAL
11378,PO-0011378,387,3,2026-09-12,USD,RECEIVED
11379,PO-0011379,35,5,2025-08-02,USD,RECEIVED
11380,PO-0011380,450,1,2026-08-18,USD,PARTIAL
11381,PO-0011381,168,7,2023-07-25,USD,PARTIAL
11382,PO-0011382,361,6,2024-07-12,USD,RECEIVED
11383,PO-0011383,479,11,2026-06-08,USD,RECEIVED
11384,PO-0011384,305,5,2026-02-18,USD,CANCELLED
11385,PO-0011385,101,5,2026-08-24,USD,PARTIAL
11386,PO-0011386,22,2,2026-03-27,USD,PARTIAL
11387,PO-0011387,236,5,2024-06-23,USD,OPEN
11388,PO-0011388,474,2,2024-12-15,USD,RECEIVED
11389,PO-0011389,337,8,2025-04-13,USD,RECEIVED
11390,PO-0011390,320,3,2023-10-20,USD,PARTIAL
11391,PO-0011391,284,6,2025-11-11,USD,RECEIVED
11392,PO-0011392,92,1,2025-02-09,USD,RECEIVED
11393,PO-0011393,282,11,2026-01-24,USD,RECEIVED
11394,PO-0011394,427,8,2024-01-31,USD,RECEIVED
11395,PO-0011395,348,3,2025-07-29,USD,RECEIVED
11396,PO-0011396,103,7,2025-12-05,USD,PARTIAL
11397,PO-0011397,469,11,2026-06-23,USD,RECEIVED
11398,PO-0011398,491,4,2025-10-22,USD,CANCELLED
11399,PO-0011399,358,4,2024-08-28,USD,RECEIVED
11400,PO-0011400,91,7,2024-05-29,USD,RECEIVED
11401,PO-0011401,355,4,2023-11-16,USD,PARTIAL
11402,PO-0011402,236,9,2024-01-12,USD,OPEN
11403,PO-0011403,79,2,2026-03-27,USD,RECEIVED
11404,PO-0011404,65,11,2023-01-28,USD,CANCELLED
11405,PO-0011405,356,10,2025-09-29,USD,RECEIVED
11406,PO-0011406,478,4,2025-03-04,USD,CANCELLED
11407,PO-0011407,418,8,2025-03-15,USD,RECEIVED
11408,PO-0011408,317,6,2024-02-11,USD,PARTIAL
11409,PO-0011409,313,8,2023-02-25,USD,RECEIVED
11410,PO-0011410,3,6,2025-05-27,USD,RECEIVED
11411,PO-0011411,89,2,2025-02-27,USD,RECEIVED
11412,PO-0011412,150,7,2026-05-12,USD,RECEIVED
11413,PO-0011413,97,9,2023-11-05,USD,RECEIVED
11414,PO-0011414,159,6,2025-04-05,USD,RECEIVED
11415,PO-0011415,500,11,2023-04-21,USD,RECEIVED
11416,PO-0011416,491,2,2024-12-16,USD,RECEIVED
11417,PO-0011417,433,9,2026-08-16,USD,RECEIVED
11418,PO-0011418,255,3,2026-04-29,USD,RECEIVED
11419,PO-0011419,189,12,2024-05-14,USD,RECEIVED
11420,PO-0011420,476,12,2024-03-13,USD,RECEIVED
11421,PO-0011421,239,7,2023-12-19,USD,OPEN
11422,PO-0011422,109,9,2023-07-04,USD,RECEIVED
11423,PO-0011423,420,4,2025-01-07,USD,RECEIVED
11424,PO-0011424,50,1,2023-10-12,USD,CANCELLED
11425,PO-0011425,220,8,2025-05-19,USD,RECEIVED
11426,PO-0011426,158,11,2025-10-18,USD,RECEIVED
11427,PO-0011427,118,11,2024-11-10,USD,RECEIVED
11428,PO-0011428,290,10,2026-01-04,USD,RECEIVED
11429,PO-0011429,123,2,2024-04-27,USD,RECEIVED
11430,PO-0011430,410,1,2023-12-31,USD,OPEN
11431,PO-0011431,270,5,2024-05-26,USD,RECEIVED
11432,PO-0011432,358,1,2023-11-20,USD,RECEIVED
11433,PO-0011433,443,7,2026-09-13,USD,RECEIVED
11434,PO-0011434,55,7,2024-02-15,USD,RECEIVED
11435,PO-0011435,6,7,2024-06-02,USD,RECEIVED
11436,PO-0011436,130,1,2023-12-19,USD,RECEIVED
11437,PO-0011437,219,9,2023-12-08,USD,RECEIVED
11438,PO-0011438,341,7,2025-10-22,USD,RECEIVED
11439,PO-0011439,342,5,2026-07-30,USD,RECEIVED
11440,PO-0011440,434,7,2025-11-28,USD,RECEIVED
11441,PO-0011441,37,1,2025-09-10,USD,RECEIVED
11442,PO-0011442,147,12,2025-11-28,USD,PARTIAL
11443,PO-0011443,239,10,2024-10-21,USD,RECEIVED
11444,PO-0011444,110,2,2025-09-15,USD,RECEIVED
11445,PO-0011445,358,2,2024-11-05,USD,RECEIVED
11446,PO-0011446,286,8,2024-02-06,USD,PARTIAL
11447,PO-0011447,151,8,2024-04-25,USD,RECEIVED
11448,PO-0011448,268,8,2024-08-28,USD,RECEIVED
11449,PO-0011449,285,1,2024-09-28,USD,RECEIVED
11450,PO-0011450,196,5,2025-08-14,USD,RECEIVED
11451,PO-0011451,36,9,2023-08-17,USD,RECEIVED
11452,PO-0011452,334,9,2025-08-07,USD,OPEN
11453,PO-0011453,100,5,2024-03-14,USD,RECEIVED
11454,PO-0011454,184,10,2026-05-12,USD,OPEN
11455,PO-0011455,471,1,2025-01-30,USD,CANCELLED
11456,PO-0011456,92,9,2025-10-06,USD,RECEIVED
11457,PO-0011457,271,7,2023-01-12,USD,CANCELLED
11458,PO-0011458,340,4,2026-03-17,USD,PARTIAL
11459,PO-0011459,237,3,2026-07-16,USD,RECEIVED
11460,PO-0011460,270,3,2023-06-11,USD,OPEN
11461,PO-0011461,350,3,2026-08-26,USD,CANCELLED
11462,PO-0011462,341,11,2025-01-08,USD,RECEIVED
11463,PO-0011463,105,9,2024-01-03,USD,CANCELLED
11464,PO-0011464,421,5,2026-09-15,USD,PARTIAL
11465,PO-0011465,262,12,2024-02-18,USD,CANCELLED
11466,PO-0011466,444,1,2024-06-14,USD,PARTIAL
11467,PO-0011467,435,11,2025-09-12,USD,OPEN
11468,PO-0011468,126,12,2025-07-18,USD,RECEIVED
11469,PO-0011469,297,1,2026-03-05,USD,RECEIVED
11470,PO-0011470,500,9,2024-07-28,USD,CANCELLED
11471,PO-0011471,472,5,2026-05-02,USD,RECEIVED
11472,PO-0011472,245,10,2024-05-27,USD,RECEIVED
11473,PO-0011473,356,9,2024-09-17,USD,CANCELLED
11474,PO-0011474,441,4,2023-12-18,USD,CANCELLED
11475,PO-0011475,290,3,2023-09-04,USD,RECEIVED
11476,PO-0011476,483,11,2026-04-22,USD,RECEIVED
11477,PO-0011477,431,1,2025-09-17,USD,RECEIVED
11478,PO-0011478,409,12,2023-05-30,USD,RECEIVED
11479,PO-0011479,224,6,2025-07-15,USD,RECEIVED
11480,PO-0011480,6,5,2024-01-14,USD,RECEIVED
11481,PO-0011481,441,2,2025-12-29,USD,RECEIVED
11482,PO-0011482,323,2,2025-09-25,USD,RECEIVED
11483,PO-0011483,175,1,2026-01-12,USD,RECEIVED
11484,PO-0011484,449,11,2023-07-08,USD,RECEIVED
11485,PO-0011485,267,9,2026-02-27,USD,RECEIVED
11486,PO-0011486,163,10,2026-05-08,USD,RECEIVED
11487,PO-0011487,38,8,2023-10-24,USD,RECEIVED
11488,PO-0011488,456,10,2024-09-25,USD,OPEN
11489,PO-0011489,227,5,2026-08-17,USD,RECEIVED
11490,PO-0011490,201,4,2023-07-08,USD,RECEIVED
11491,PO-0011491,458,11,2023-10-16,USD,RECEIVED
11492,PO-0011492,184,9,2026-07-31,USD,RECEIVED
11493,PO-0011493,484,12,2025-02-06,USD,PARTIAL
11494,PO-0011494,278,12,2024-04-22,USD,PARTIAL
11495,PO-0011495,419,5,2026-01-16,USD,RECEIVED
11496,PO-0011496,290,7,2024-06-13,USD,RECEIVED
11497,PO-0011497,112,4,2025-01-22,USD,RECEIVED
11498,PO-0011498,176,2,2025-12-28,USD,RECEIVED
11499,PO-0011499,193,2,2023-01-26,USD,PARTIAL
11500,PO-0011500,66,7,2025-08-30,USD,RECEIVED
11501,PO-0011501,328,8,2024-04-27,USD,RECEIVED
11502,PO-0011502,136,1,2024-03-29,USD,RECEIVED
11503,PO-0011503,113,10,2023-12-05,USD,RECEIVED
11504,PO-0011504,377,12,2023-07-16,USD,RECEIVED
11505,PO-0011505,106,7,2024-06-11,USD,OPEN
11506,PO-0011506,121,2,2025-07-25,USD,RECEIVED
11507,PO-0011507,417,7,2025-09-12,USD,RECEIVED
11508,PO-0011508,67,2,2026-09-30,USD,RECEIVED
11509,PO-0011509,160,11,2026-05-07,USD,CANCELLED
11510,PO-0011510,308,4,2026-05-05,USD,CANCELLED
11511,PO-0011511,152,1,2023-02-22,USD,RECEIVED
11512,PO-0011512,307,10,2023-11-20,USD,RECEIVED
11513,PO-0011513,344,1,2024-11-30,USD,RECEIVED
11514,PO-0011514,367,12,2023-06-09,USD,RECEIVED
11515,PO-0011515,383,3,2023-02-22,USD,RECEIVED
11516,PO-0011516,229,9,2024-11-04,USD,RECEIVED
11517,PO-0011517,73,6,2026-06-01,USD,PARTIAL
11518,PO-0011518,282,11,2026-03-31,USD,CANCELLED
11519,PO-0011519,408,4,2025-12-04,USD,RECEIVED
11520,PO-0011520,121,12,2025-09-19,USD,OPEN
11521,PO-0011521,415,10,2023-02-10,USD,RECEIVED
11522,PO-0011522,479,3,2026-04-30,USD,RECEIVED
11523,PO-0011523,365,11,2026-09-01,USD,RECEIVED
11524,PO-0011524,378,12,2025-12-06,USD,RECEIVED
11525,PO-0011525,378,4,2025-12-27,USD,RECEIVED
11526,PO-0011526,238,2,2026-02-04,USD,PARTIAL
11527,PO-0011527,262,1,2024-01-17,USD,RECEIVED
11528,PO-0011528,86,7,2025-06-07,USD,RECEIVED
11529,PO-0011529,274,2,2023-01-20,USD,RECEIVED
11530,PO-0011530,183,10,2024-03-06,USD,PARTIAL
11531,PO-0011531,318,1,2023-09-16,USD,CANCELLED
11532,PO-0011532,453,9,2025-05-21,USD,RECEIVED
11533,PO-0011533,8,9,2025-02-10,USD,OPEN
11534,PO-0011534,130,6,2024-11-01,USD,RECEIVED
11535,PO-0011535,39,7,2026-09-12,USD,RECEIVED
11536,PO-0011536,434,10,2023-10-22,USD,RECEIVED
11537,PO-0011537,336,11,2023-02-04,USD,RECEIVED
11538,PO-0011538,269,4,2023-11-05,USD,OPEN
11539,PO-0011539,92,2,2025-06-13,USD,OPEN
11540,PO-0011540,192,11,2024-05-15,USD,OPEN
11541,PO-0011541,419,3,2024-01-29,USD,RECEIVED
11542,PO-0011542,141,9,2023-07-07,USD,RECEIVED
11543,PO-0011543,481,11,2023-05-14,USD,RECEIVED
11544,PO-0011544,328,9,2025-07-10,USD,RECEIVED
11545,PO-0011545,11,5,2025-04-01,USD,RECEIVED
11546,PO-0011546,496,5,2026-04-22,USD,CANCELLED
11547,PO-0011547,205,1,2026-02-17,USD,RECEIVED
11548,PO-0011548,420,11,2025-11-09,USD,CANCELLED
11549,PO-0011549,24,12,2023-12-22,USD,CANCELLED
11550,PO-0011550,114,4,2026-08-17,USD,RECEIVED
11551,PO-0011551,438,5,2026-03-14,USD,RECEIVED
11552,PO-0011552,194,9,2024-08-25,USD,RECEIVED
11553,PO-0011553,430,2,2023-05-29,USD,RECEIVED
11554,PO-0011554,178,9,2024-11-21,USD,RECEIVED
11555,PO-0011555,361,1,2023-02-09,USD,RECEIVED
11556,PO-0011556,371,4,2023-02-11,USD,RECEIVED
11557,PO-0011557,60,3,2026-02-17,USD,RECEIVED
11558,PO-0011558,453,9,2024-06-25,USD,CANCELLED
11559,PO-0011559,377,1,2023-03-05,USD,RECEIVED
11560,PO-0011560,234,4,2025-07-03,USD,RECEIVED
11561,PO-0011561,348,4,2023-01-15,USD,RECEIVED
11562,PO-0011562,131,3,2026-08-12,USD,RECEIVED
11563,PO-0011563,364,8,2023-09-22,USD,RECEIVED
11564,PO-0011564,30,10,2023-12-23,USD,RECEIVED
11565,PO-0011565,461,5,2025-12-04,USD,OPEN
11566,PO-0011566,295,6,2023-01-01,USD,RECEIVED
11567,PO-0011567,450,10,2025-11-12,USD,CANCELLED
11568,PO-0011568,237,7,2023-02-25,USD,CANCELLED
11569,PO-0011569,390,8,2024-06-07,USD,RECEIVED
11570,PO-0011570,189,12,2026-05-26,USD,OPEN
11571,PO-0011571,431,2,2025-01-20,USD,RECEIVED
11572,PO-0011572,405,4,2024-05-26,USD,CANCELLED
11573,PO-0011573,424,5,2025-01-12,USD,RECEIVED
11574,PO-0011574,32,3,2023-05-27,USD,PARTIAL
11575,PO-0011575,473,12,2026-01-04,USD,RECEIVED
11576,PO-0011576,328,11,2023-10-05,USD,PARTIAL
11577,PO-0011577,159,11,2024-06-15,USD,RECEIVED
11578,PO-0011578,407,12,2026-04-09,USD,PARTIAL
11579,PO-0011579,465,3,2025-06-02,USD,OPEN
11580,PO-0011580,417,5,2023-06-21,USD,RECEIVED
11581,PO-0011581,208,4,2023-01-24,USD,CANCELLED
11582,PO-0011582,220,11,2026-07-10,USD,RECEIVED
11583,PO-0011583,340,11,2025-07-24,USD,RECEIVED
11584,PO-0011584,404,7,2026-08-25,USD,RECEIVED
11585,PO-0011585,220,11,2025-11-08,USD,RECEIVED
11586,PO-0011586,321,1,2024-02-02,USD,RECEIVED
11587,PO-0011587,270,9,2024-01-11,USD,RECEIVED
11588,PO-0011588,218,8,2026-06-01,USD,RECEIVED
11589,PO-0011589,158,5,2025-12-09,USD,PARTIAL
11590,PO-0011590,223,8,2023-02-04,USD,RECEIVED
11591,PO-0011591,235,8,2023-12-17,USD,RECEIVED
11592,PO-0011592,234,3,2024-07-02,USD,OPEN
11593,PO-0011593,188,5,2025-03-02,USD,RECEIVED
11594,PO-0011594,100,12,2026-06-23,USD,RECEIVED
11595,PO-0011595,15,6,2023-07-27,USD,CANCELLED
11596,PO-0011596,201,10,2026-02-20,USD,RECEIVED
11597,PO-0011597,176,10,2025-06-01,USD,PARTIAL
11598,PO-0011598,52,2,2026-05-16,USD,RECEIVED
11599,PO-0011599,18,12,2026-06-26,USD,PARTIAL
11600,PO-0011600,413,5,2023-10-16,USD,CANCELLED
11601,PO-0011601,31,2,2026-09-09,USD,RECEIVED
11602,PO-0011602,65,11,2025-11-08,USD,OPEN
11603,PO-0011603,324,1,2026-08-21,USD,RECEIVED
11604,PO-0011604,142,8,2026-04-03,USD,RECEIVED
11605,PO-0011605,365,3,2024-07-30,USD,RECEIVED
11606,PO-0011606,55,10,2024-03-01,USD,OPEN
11607,PO-0011607,416,2,2025-09-22,USD,RECEIVED
11608,PO-0011608,199,4,2026-07-30,USD,RECEIVED
11609,PO-0011609,128,1,2025-09-13,USD,RECEIVED
11610,PO-0011610,425,4,2025-07-06,USD,OPEN
11611,PO-0011611,483,5,2026-02-28,USD,RECEIVED
11612,PO-0011612,438,5,2024-02-05,USD,RECEIVED
11613,PO-0011613,117,5,2025-11-16,USD,CANCELLED
11614,PO-0011614,75,4,2024-02-19,USD,RECEIVED
11615,PO-0011615,470,9,2026-05-05,USD,RECEIVED
11616,PO-0011616,204,10,2023-06-18,USD,RECEIVED
11617,PO-0011617,138,11,2025-08-01,USD,RECEIVED
11618,PO-0011618,234,4,2024-08-15,USD,RECEIVED
11619,PO-0011619,232,1,2023-02-09,USD,RECEIVED
11620,PO-0011620,122,4,2023-08-23,USD,RECEIVED
11621,PO-0011621,29,11,2024-01-02,USD,RECEIVED
11622,PO-0011622,490,10,2025-05-08,USD,PARTIAL
11623,PO-0011623,94,7,2025-10-01,USD,RECEIVED
11624,PO-0011624,250,12,2024-12-06,USD,RECEIVED
11625,PO-0011625,399,2,2024-11-14,USD,RECEIVED
11626,PO-0011626,83,5,2024-04-25,USD,RECEIVED
11627,PO-0011627,339,12,2024-01-19,USD,RECEIVED
11628,PO-0011628,57,3,2026-03-24,USD,PARTIAL
11629,PO-0011629,133,11,2026-09-13,USD,CANCELLED
11630,PO-0011630,429,9,2024-02-07,USD,RECEIVED
11631,PO-0011631,440,10,2026-09-09,USD,RECEIVED
11632,PO-0011632,313,9,2024-05-04,USD,RECEIVED
11633,PO-0011633,344,7,2026-08-31,USD,RECEIVED
11634,PO-0011634,224,5,2024-07-15,USD,RECEIVED
11635,PO-0011635,408,3,2024-12-25,USD,RECEIVED
11636,PO-0011636,146,11,2026-07-16,USD,RECEIVED
11637,PO-0011637,203,8,2025-05-18,USD,OPEN
11638,PO-0011638,394,11,2026-05-12,USD,RECEIVED
11639,PO-0011639,181,4,2024-03-14,USD,RECEIVED
11640,PO-0011640,150,9,2024-05-03,USD,RECEIVED
11641,PO-0011641,464,8,2026-04-17,USD,RECEIVED
11642,PO-0011642,340,9,2025-07-13,USD,RECEIVED
11643,PO-0011643,34,6,2024-08-17,USD,RECEIVED
11644,PO-0011644,321,2,2025-07-05,USD,RECEIVED
11645,PO-0011645,306,5,2025-06-22,USD,RECEIVED
11646,PO-0011646,378,3,2026-05-13,USD,RECEIVED
11647,PO-0011647,26,1,2025-03-31,USD,RECEIVED
11648,PO-0011648,308,7,2026-08-25,USD,RECEIVED
11649,PO-0011649,281,7,2024-12-15,USD,RECEIVED
11650,PO-0011650,274,6,2024-02-19,USD,RECEIVED
11651,PO-0011651,346,6,2025-05-17,USD,OPEN
11652,PO-0011652,111,9,2024-12-08,USD,RECEIVED
11653,PO-0011653,430,4,2024-02-26,USD,RECEIVED
11654,PO-0011654,197,10,2024-03-02,USD,RECEIVED
11655,PO-0011655,292,5,2023-08-04,USD,PARTIAL
11656,PO-0011656,123,7,2026-02-22,USD,OPEN
11657,PO-0011657,465,6,2023-06-19,USD,RECEIVED
11658,PO-0011658,355,8,2023-01-08,USD,RECEIVED
11659,PO-0011659,344,3,2024-05-15,USD,RECEIVED
11660,PO-0011660,242,1,2025-01-25,USD,RECEIVED
11661,PO-0011661,315,2,2024-03-07,USD,OPEN
11662,PO-0011662,305,7,2024-01-18,USD,CANCELLED
11663,PO-0011663,454,5,2023-08-04,USD,CANCELLED
11664,PO-0011664,427,3,2026-06-01,USD,CANCELLED
11665,PO-0011665,448,1,2026-07-10,USD,RECEIVED
11666,PO-0011666,300,9,2024-09-22,USD,RECEIVED
11667,PO-0011667,107,11,2023-02-07,USD,PARTIAL
11668,PO-0011668,10,2,2025-03-01,USD,RECEIVED
11669,PO-0011669,127,9,2024-08-03,USD,RECEIVED
11670,PO-0011670,496,3,2024-01-13,USD,RECEIVED
11671,PO-0011671,145,4,2023-09-06,USD,RECEIVED
11672,PO-0011672,497,5,2024-04-21,USD,RECEIVED
11673,PO-0011673,482,11,2025-06-07,USD,RECEIVED
11674,PO-0011674,264,12,2023-08-31,USD,RECEIVED
11675,PO-0011675,299,5,2026-09-02,USD,OPEN
11676,PO-0011676,212,3,2026-05-30,USD,CANCELLED
11677,PO-0011677,342,7,2025-09-01,USD,RECEIVED
11678,PO-0011678,341,12,2026-03-23,USD,CANCELLED
11679,PO-0011679,107,6,2026-05-13,USD,RECEIVED
11680,PO-0011680,437,11,2023-07-12,USD,RECEIVED
11681,PO-0011681,44,10,2025-04-04,USD,RECEIVED
11682,PO-0011682,337,6,2024-04-22,USD,OPEN
11683,PO-0011683,65,4,2023-11-17,USD,RECEIVED
11684,PO-0011684,358,9,2026-06-25,USD,RECEIVED
11685,PO-0011685,175,4,2025-03-12,USD,RECEIVED
11686,PO-0011686,335,2,2024-11-07,USD,RECEIVED
11687,PO-0011687,267,4,2023-10-14,USD,RECEIVED
11688,PO-0011688,205,2,2025-07-02,USD,OPEN
11689,PO-0011689,339,8,2025-04-01,USD,RECEIVED
11690,PO-0011690,391,9,2023-04-05,USD,RECEIVED
11691,PO-0011691,457,10,2025-09-27,USD,RECEIVED
11692,PO-0011692,346,8,2025-09-03,USD,OPEN
11693,PO-0011693,178,4,2026-02-11,USD,RECEIVED
11694,PO-0011694,35,7,2023-12-19,USD,OPEN
11695,PO-0011695,430,8,2024-06-05,USD,RECEIVED
11696,PO-0011696,167,10,2026-06-07,USD,PARTIAL
11697,PO-0011697,276,9,2026-04-08,USD,PARTIAL
11698,PO-0011698,74,2,2026-01-28,USD,RECEIVED
11699,PO-0011699,491,4,2024-10-29,USD,PARTIAL
11700,PO-0011700,491,2,2024-09-26,USD,PARTIAL
11701,PO-0011701,399,12,2024-09-15,USD,OPEN
11702,PO-0011702,151,3,2025-02-16,USD,RECEIVED
11703,PO-0011703,145,12,2024-01-02,USD,RECEIVED
11704,PO-0011704,99,6,2023-07-12,USD,RECEIVED
11705,PO-0011705,66,4,2026-03-14,USD,CANCELLED
11706,PO-0011706,246,2,2025-10-22,USD,OPEN
11707,PO-0011707,205,10,2023-06-30,USD,PARTIAL
11708,PO-0011708,199,1,2024-05-17,USD,RECEIVED
11709,PO-0011709,262,1,2023-06-10,USD,RECEIVED
11710,PO-0011710,229,4,2024-01-25,USD,RECEIVED
11711,PO-0011711,487,6,2023-09-19,USD,CANCELLED
11712,PO-0011712,237,6,2025-10-03,USD,PARTIAL
11713,PO-0011713,159,1,2023-11-12,USD,RECEIVED
11714,PO-0011714,99,8,2023-08-20,USD,RECEIVED
11715,PO-0011715,306,10,2025-07-25,USD,CANCELLED
11716,PO-0011716,459,11,2026-02-06,USD,PARTIAL
11717,PO-0011717,374,9,2026-08-20,USD,RECEIVED
11718,PO-0011718,47,2,2025-03-03,USD,OPEN
11719,PO-0011719,293,3,2024-05-30,USD,RECEIVED
11720,PO-0011720,134,11,2026-02-24,USD,RECEIVED
11721,PO-0011721,198,4,2023-03-30,USD,RECEIVED
11722,PO-0011722,81,7,2026-06-11,USD,PARTIAL
11723,PO-0011723,134,1,2023-12-26,USD,RECEIVED
11724,PO-0011724,276,3,2025-09-25,USD,PARTIAL
11725,PO-0011725,448,7,2025-10-07,USD,RECEIVED
11726,PO-0011726,250,5,2024-10-21,USD,OPEN
11727,PO-0011727,435,11,2024-09-22,USD,OPEN
11728,PO-0011728,158,1,2026-01-04,USD,RECEIVED
11729,PO-0011729,160,7,2026-06-25,USD,PARTIAL
11730,PO-0011730,86,9,2024-05-15,USD,OPEN
11731,PO-0011731,320,1,2024-08-04,USD,RECEIVED
11732,PO-0011732,119,12,2025-06-25,USD,RECEIVED
11733,PO-0011733,371,3,2026-04-23,USD,RECEIVED
11734,PO-0011734,210,11,2026-09-13,USD,RECEIVED
11735,PO-0011735,251,10,2023-06-26,USD,RECEIVED
11736,PO-0011736,273,8,2023-12-13,USD,PARTIAL
11737,PO-0011737,256,10,2023-07-27,USD,RECEIVED
11738,PO-0011738,498,7,2024-08-04,USD,PARTIAL
11739,PO-0011739,347,2,2025-11-04,USD,RECEIVED
11740,PO-0011740,237,8,2023-06-01,USD,OPEN
11741,PO-0011741,81,9,2023-12-21,USD,RECEIVED
11742,PO-0011742,171,4,2025-03-11,USD,RECEIVED
11743,PO-0011743,50,6,2025-06-16,USD,RECEIVED
11744,PO-0011744,353,8,2025-01-16,USD,RECEIVED
11745,PO-0011745,447,2,2025-08-12,USD,RECEIVED
11746,PO-0011746,150,2,2024-02-06,USD,PARTIAL
11747,PO-0011747,406,8,2023-03-18,USD,CANCELLED
11748,PO-0011748,365,2,2026-08-13,USD,RECEIVED
11749,PO-0011749,266,1,2024-07-07,USD,RECEIVED
11750,PO-0011750,53,1,2023-12-01,USD,RECEIVED
11751,PO-0011751,137,3,2025-06-26,USD,OPEN
11752,PO-0011752,118,3,2026-09-28,USD,RECEIVED
11753,PO-0011753,64,5,2024-08-15,USD,RECEIVED
11754,PO-0011754,443,6,2023-04-24,USD,RECEIVED
11755,PO-0011755,303,5,2024-11-12,USD,RECEIVED
11756,PO-0011756,91,9,2024-02-17,USD,RECEIVED
11757,PO-0011757,17,5,2023-08-15,USD,CANCELLED
11758,PO-0011758,213,12,2026-06-23,USD,RECEIVED
11759,PO-0011759,124,4,2023-12-07,USD,RECEIVED
11760,PO-0011760,441,2,2025-05-30,USD,RECEIVED
11761,PO-0011761,495,10,2025-08-22,USD,CANCELLED
11762,PO-0011762,278,1,2023-01-08,USD,RECEIVED
11763,PO-0011763,295,1,2023-03-20,USD,RECEIVED
11764,PO-0011764,467,3,2023-08-17,USD,RECEIVED
11765,PO-0011765,261,2,2024-07-02,USD,RECEIVED
11766,PO-0011766,94,12,2023-11-14,USD,RECEIVED
11767,PO-0011767,142,1,2023-04-07,USD,RECEIVED
11768,PO-0011768,372,6,2023-10-01,USD,OPEN
11769,PO-0011769,184,10,2024-06-16,USD,RECEIVED
11770,PO-0011770,284,4,2025-05-31,USD,RECEIVED
11771,PO-0011771,132,2,2024-03-22,USD,RECEIVED
11772,PO-0011772,244,3,2023-10-18,USD,PARTIAL
11773,PO-0011773,297,12,2024-11-21,USD,RECEIVED
11774,PO-0011774,169,9,2024-10-28,USD,RECEIVED
11775,PO-0011775,221,10,2026-01-01,USD,CANCELLED
11776,PO-0011776,33,6,2024-08-01,USD,RECEIVED
11777,PO-0011777,101,5,2023-02-09,USD,PARTIAL
11778,PO-0011778,307,5,2025-05-16,USD,OPEN
11779,PO-0011779,70,12,2024-02-18,USD,OPEN
11780,PO-0011780,129,7,2023-03-21,USD,RECEIVED
11781,PO-0011781,228,7,2024-09-30,USD,RECEIVED
11782,PO-0011782,108,8,2024-07-22,USD,RECEIVED
11783,PO-0011783,184,3,2026-09-13,USD,OPEN
11784,PO-0011784,37,11,2026-08-20,USD,RECEIVED
11785,PO-0011785,89,11,2023-08-09,USD,RECEIVED
11786,PO-0011786,158,8,2026-06-17,USD,OPEN
11787,PO-0011787,286,3,2023-08-30,USD,RECEIVED
11788,PO-0011788,470,6,2025-11-01,USD,OPEN
11789,PO-0011789,496,7,2025-08-15,USD,RECEIVED
11790,PO-0011790,109,7,2026-01-04,USD,RECEIVED
11791,PO-0011791,84,11,2023-07-22,USD,RECEIVED
11792,PO-0011792,45,5,2025-04-30,USD,CANCELLED
11793,PO-0011793,462,1,2026-08-21,USD,RECEIVED
11794,PO-0011794,383,1,2023-12-12,USD,RECEIVED
11795,PO-0011795,17,1,2026-06-09,USD,RECEIVED
11796,PO-0011796,129,6,2024-01-11,USD,CANCELLED
11797,PO-0011797,107,10,2024-02-10,USD,RECEIVED
11798,PO-0011798,353,3,2024-06-22,USD,RECEIVED
11799,PO-0011799,132,6,2026-08-07,USD,RECEIVED
11800,PO-0011800,432,7,2026-08-23,USD,RECEIVED
11801,PO-0011801,235,8,2025-08-20,USD,RECEIVED
11802,PO-0011802,455,8,2023-04-08,USD,RECEIVED
11803,PO-0011803,433,9,2024-04-13,USD,OPEN
11804,PO-0011804,151,9,2024-07-05,USD,PARTIAL
11805,PO-0011805,123,3,2025-04-17,USD,CANCELLED
11806,PO-0011806,484,3,2025-02-15,USD,CANCELLED
11807,PO-0011807,480,12,2024-07-21,USD,RECEIVED
11808,PO-0011808,21,8,2025-06-15,USD,OPEN
11809,PO-0011809,242,5,2026-06-25,USD,CANCELLED
11810,PO-0011810,403,3,2026-09-12,USD,PARTIAL
11811,PO-0011811,489,2,2025-07-29,USD,RECEIVED
11812,PO-0011812,77,2,2024-03-15,USD,RECEIVED
11813,PO-0011813,336,11,2025-02-20,USD,RECEIVED
11814,PO-0011814,403,12,2025-03-17,USD,RECEIVED
11815,PO-0011815,32,8,2025-09-25,USD,RECEIVED
11816,PO-0011816,45,9,2025-09-14,USD,RECEIVED
11817,PO-0011817,149,12,2024-04-14,USD,RECEIVED
11818,PO-0011818,142,8,2024-08-11,USD,OPEN
11819,PO-0011819,180,9,2026-01-20,USD,PARTIAL
11820,PO-0011820,92,7,2025-06-10,USD,OPEN
11821,PO-0011821,37,4,2025-06-09,USD,RECEIVED
11822,PO-0011822,178,11,2024-04-08,USD,RECEIVED
11823,PO-0011823,324,7,2025-07-22,USD,RECEIVED
11824,PO-0011824,215,2,2026-03-20,USD,OPEN
11825,PO-0011825,398,9,2023-11-28,USD,RECEIVED
11826,PO-0011826,122,5,2024-09-20,USD,PARTIAL
11827,PO-0011827,420,2,2025-12-24,USD,RECEIVED
11828,PO-0011828,273,12,2024-08-14,USD,CANCELLED
11829,PO-0011829,263,9,2024-01-04,USD,RECEIVED
11830,PO-0011830,489,6,2026-08-04,USD,RECEIVED
11831,PO-0011831,191,10,2024-12-05,USD,RECEIVED
11832,PO-0011832,316,2,2026-06-05,USD,RECEIVED
11833,PO-0011833,49,4,2026-03-27,USD,CANCELLED
11834,PO-0011834,19,8,2024-04-15,USD,CANCELLED
11835,PO-0011835,282,6,2025-06-29,USD,RECEIVED
11836,PO-0011836,453,7,2023-01-05,USD,RECEIVED
11837,PO-0011837,249,2,2026-09-12,USD,PARTIAL
11838,PO-0011838,201,6,2023-10-22,USD,RECEIVED
11839,PO-0011839,45,9,2025-07-10,USD,RECEIVED
11840,PO-0011840,89,7,2025-07-18,USD,RECEIVED
11841,PO-0011841,167,9,2025-10-12,USD,RECEIVED
11842,PO-0011842,434,4,2026-02-08,USD,RECEIVED
11843,PO-0011843,483,2,2025-10-08,USD,OPEN
11844,PO-0011844,257,9,2025-01-16,USD,RECEIVED
11845,PO-0011845,332,5,2024-01-30,USD,RECEIVED
11846,PO-0011846,474,5,2025-04-26,USD,RECEIVED
11847,PO-0011847,322,3,2026-04-02,USD,RECEIVED
11848,PO-0011848,386,7,2025-02-10,USD,RECEIVED
11849,PO-0011849,40,1,2023-03-23,USD,PARTIAL
11850,PO-0011850,226,3,2026-06-28,USD,RECEIVED
11851,PO-0011851,60,7,2026-01-26,USD,RECEIVED
11852,PO-0011852,271,7,2025-02-25,USD,RECEIVED
11853,PO-0011853,162,11,2024-05-25,USD,RECEIVED
11854,PO-0011854,406,9,2025-06-06,USD,OPEN
11855,PO-0011855,308,3,2026-05-03,USD,OPEN
11856,PO-0011856,455,5,2024-07-19,USD,PARTIAL
11857,PO-0011857,56,11,2023-04-01,USD,RECEIVED
11858,PO-0011858,177,12,2024-07-06,USD,RECEIVED
11859,PO-0011859,390,1,2024-06-23,USD,CANCELLED
11860,PO-0011860,412,7,2026-05-09,USD,RECEIVED
11861,PO-0011861,148,4,2024-08-02,USD,RECEIVED
11862,PO-0011862,211,4,2024-07-29,USD,RECEIVED
11863,PO-0011863,68,1,2026-05-29,USD,RECEIVED
11864,PO-0011864,299,11,2026-03-08,USD,RECEIVED
11865,PO-0011865,9,4,2025-06-11,USD,RECEIVED
11866,PO-0011866,272,10,2025-04-28,USD,RECEIVED
11867,PO-0011867,42,8,2025-10-21,USD,RECEIVED
11868,PO-0011868,477,3,2024-05-09,USD,RECEIVED
11869,PO-0011869,88,12,2026-05-06,USD,RECEIVED
11870,PO-0011870,10,10,2026-04-18,USD,RECEIVED
11871,PO-0011871,397,6,2026-07-22,USD,RECEIVED
11872,PO-0011872,264,9,2024-02-01,USD,CANCELLED
11873,PO-0011873,87,12,2026-03-14,USD,RECEIVED
11874,PO-0011874,347,3,2023-01-16,USD,RECEIVED
11875,PO-0011875,378,8,2023-11-30,USD,RECEIVED
11876,PO-0011876,110,7,2026-02-25,USD,CANCELLED
11877,PO-0011877,456,5,2023-04-21,USD,OPEN
11878,PO-0011878,164,4,2024-08-21,USD,PARTIAL
11879,PO-0011879,445,8,2026-01-24,USD,RECEIVED
11880,PO-0011880,418,7,2024-03-26,USD,CANCELLED
11881,PO-0011881,297,1,2025-04-09,USD,RECEIVED
11882,PO-0011882,18,3,2023-04-17,USD,OPEN
11883,PO-0011883,235,2,2026-06-30,USD,RECEIVED
11884,PO-0011884,23,11,2023-04-16,USD,CANCELLED
11885,PO-0011885,254,4,2024-01-27,USD,RECEIVED
11886,PO-0011886,67,11,2023-10-05,USD,RECEIVED
11887,PO-0011887,61,12,2024-07-05,USD,RECEIVED
11888,PO-0011888,2,8,2025-12-16,USD,RECEIVED
11889,PO-0011889,106,12,2023-03-04,USD,RECEIVED
11890,PO-0011890,459,9,2025-09-13,USD,PARTIAL
11891,PO-0011891,431,12,2025-04-18,USD,RECEIVED
11892,PO-0011892,223,1,2024-07-03,USD,RECEIVED
11893,PO-0011893,438,5,2024-03-26,USD,RECEIVED
11894,PO-0011894,170,4,2025-06-16,USD,RECEIVED
11895,PO-0011895,463,3,2023-06-05,USD,RECEIVED
11896,PO-0011896,376,6,2023-11-21,USD,RECEIVED
11897,PO-0011897,432,11,2024-07-09,USD,CANCELLED
11898,PO-0011898,303,11,2023-07-18,USD,RECEIVED
11899,PO-0011899,123,3,2026-06-26,USD,RECEIVED
11900,PO-0011900,380,5,2026-07-12,USD,RECEIVED
11901,PO-0011901,407,1,2024-02-29,USD,RECEIVED
11902,PO-0011902,480,11,2024-06-19,USD,RECEIVED
11903,PO-0011903,446,9,2026-05-12,USD,RECEIVED
11904,PO-0011904,115,7,2024-08-19,USD,RECEIVED
11905,PO-0011905,69,10,2023-02-22,USD,RECEIVED
11906,PO-0011906,398,3,2025-06-05,USD,RECEIVED
11907,PO-0011907,469,10,2026-07-28,USD,RECEIVED
11908,PO-0011908,227,9,2023-04-13,USD,RECEIVED
11909,PO-0011909,20,6,2023-04-15,USD,RECEIVED
11910,PO-0011910,330,6,2024-06-09,USD,RECEIVED
11911,PO-0011911,304,8,2026-02-28,USD,OPEN
11912,PO-0011912,158,10,2024-09-26,USD,RECEIVED
11913,PO-0011913,183,2,2026-05-04,USD,RECEIVED
11914,PO-0011914,158,11,2024-06-03,USD,RECEIVED
11915,PO-0011915,346,2,2023-09-21,USD,RECEIVED
11916,PO-0011916,226,2,2026-05-31,USD,RECEIVED
11917,PO-0011917,293,6,2026-04-12,USD,RECEIVED
11918,PO-0011918,306,6,2025-12-14,USD,RECEIVED
11919,PO-0011919,302,4,2025-08-04,USD,RECEIVED
11920,PO-0011920,102,4,2026-03-29,USD,OPEN
11921,PO-0011921,52,4,2025-03-24,USD,RECEIVED
11922,PO-0011922,139,7,2024-06-03,USD,RECEIVED
11923,PO-0011923,59,9,2025-11-02,USD,RECEIVED
11924,PO-0011924,367,11,2023-07-25,USD,RECEIVED
11925,PO-0011925,153,12,2023-08-07,USD,RECEIVED
11926,PO-0011926,95,4,2025-06-05,USD,RECEIVED
11927,PO-0011927,297,8,2026-09-07,USD,RECEIVED
11928,PO-0011928,390,7,2024-04-10,USD,RECEIVED
11929,PO-0011929,498,10,2026-01-17,USD,RECEIVED
11930,PO-0011930,369,5,2025-07-09,USD,RECEIVED
11931,PO-0011931,104,2,2026-02-11,USD,RECEIVED
11932,PO-0011932,33,5,2024-04-02,USD,RECEIVED
11933,PO-0011933,414,8,2023-11-10,USD,RECEIVED
11934,PO-0011934,171,3,2025-11-18,USD,OPEN
11935,PO-0011935,389,11,2024-11-16,USD,RECEIVED
11936,PO-0011936,31,10,2023-10-18,USD,RECEIVED
11937,PO-0011937,270,11,2024-07-18,USD,PARTIAL
11938,PO-0011938,334,1,2023-03-15,USD,RECEIVED
11939,PO-0011939,155,11,2025-02-18,USD,RECEIVED
11940,PO-0011940,148,12,2024-08-18,USD,RECEIVED
11941,PO-0011941,125,4,2025-06-25,USD,CANCELLED
11942,PO-0011942,441,6,2024-06-03,USD,PARTIAL
11943,PO-0011943,60,1,2025-10-16,USD,RECEIVED
11944,PO-0011944,204,8,2023-03-14,USD,CANCELLED
11945,PO-0011945,203,2,2024-03-14,USD,RECEIVED
11946,PO-0011946,375,11,2025-07-09,USD,RECEIVED
11947,PO-0011947,179,10,2023-05-16,USD,RECEIVED
11948,PO-0011948,389,11,2024-01-16,USD,RECEIVED
11949,PO-0011949,68,3,2023-10-30,USD,PARTIAL
11950,PO-0011950,37,7,2025-10-25,USD,RECEIVED
11951,PO-0011951,327,10,2023-01-16,USD,RECEIVED
11952,PO-0011952,140,4,2024-02-09,USD,RECEIVED
11953,PO-0011953,117,10,2026-01-31,USD,RECEIVED
11954,PO-0011954,481,10,2025-09-09,USD,RECEIVED
11955,PO-0011955,25,3,2025-12-13,USD,RECEIVED
11956,PO-0011956,221,3,2026-01-07,USD,OPEN
11957,PO-0011957,197,9,2025-06-07,USD,PARTIAL
11958,PO-0011958,318,10,2026-06-01,USD,RECEIVED
11959,PO-0011959,138,5,2026-06-16,USD,RECEIVED
11960,PO-0011960,298,4,2023-08-26,USD,OPEN
11961,PO-0011961,12,6,2025-12-10,USD,RECEIVED
11962,PO-0011962,298,3,2024-12-19,USD,CANCELLED
11963,PO-0011963,405,3,2024-07-08,USD,RECEIVED
11964,PO-0011964,131,6,2025-03-08,USD,OPEN
11965,PO-0011965,276,11,2025-09-16,USD,RECEIVED
11966,PO-0011966,61,10,2025-12-23,USD,OPEN
11967,PO-0011967,117,6,2026-06-02,USD,RECEIVED
11968,PO-0011968,263,7,2024-06-24,USD,RECEIVED
11969,PO-0011969,228,3,2024-08-04,USD,RECEIVED
11970,PO-0011970,61,7,2025-08-10,USD,RECEIVED
11971,PO-0011971,196,5,2024-02-12,USD,CANCELLED
11972,PO-0011972,397,7,2025-07-07,USD,CANCELLED
11973,PO-0011973,258,10,2025-09-06,USD,RECEIVED
11974,PO-0011974,189,12,2025-05-11,USD,PARTIAL
11975,PO-0011975,271,4,2024-09-15,USD,PARTIAL
11976,PO-0011976,79,8,2025-07-20,USD,RECEIVED
11977,PO-0011977,57,3,2024-02-03,USD,RECEIVED
11978,PO-0011978,280,1,2026-09-11,USD,RECEIVED
11979,PO-0011979,304,1,2024-10-23,USD,RECEIVED
11980,PO-0011980,243,3,2026-09-02,USD,RECEIVED
11981,PO-0011981,264,9,2023-04-22,USD,RECEIVED
11982,PO-0011982,6,5,2023-06-02,USD,OPEN
11983,PO-0011983,210,5,2023-04-20,USD,PARTIAL
11984,PO-0011984,480,8,2023-05-24,USD,PARTIAL
11985,PO-0011985,49,7,2023-10-23,USD,RECEIVED
11986,PO-0011986,73,5,2024-03-10,USD,RECEIVED
11987,PO-0011987,488,7,2023-09-25,USD,PARTIAL
11988,PO-0011988,420,1,2024-04-04,USD,RECEIVED
11989,PO-0011989,17,7,2026-09-04,USD,CANCELLED
11990,PO-0011990,257,1,2025-08-01,USD,RECEIVED
11991,PO-0011991,287,5,2023-08-21,USD,RECEIVED
11992,PO-0011992,68,12,2024-07-08,USD,OPEN
11993,PO-0011993,21,12,2025-08-13,USD,RECEIVED
11994,PO-0011994,11,12,2026-08-30,USD,RECEIVED
11995,PO-0011995,336,6,2024-10-12,USD,RECEIVED
11996,PO-0011996,73,4,2024-10-08,USD,RECEIVED
11997,PO-0011997,467,12,2024-10-01,USD,CANCELLED
11998,PO-0011998,451,3,2026-02-07,USD,RECEIVED
11999,PO-0011999,317,5,2024-02-08,USD,RECEIVED
12000,PO-0012000,445,8,2023-02-14,USD,RECEIVED
12001,PO-0012001,188,9,2026-06-16,USD,RECEIVED
12002,PO-0012002,129,2,2026-05-21,USD,OPEN
12003,PO-0012003,439,4,2026-02-26,USD,RECEIVED
12004,PO-0012004,11,3,2023-05-17,USD,RECEIVED
12005,PO-0012005,458,4,2024-07-04,USD,RECEIVED
12006,PO-0012006,492,3,2024-12-27,USD,OPEN
12007,PO-0012007,79,5,2024-01-06,USD,RECEIVED
12008,PO-0012008,287,3,2023-06-05,USD,CANCELLED
12009,PO-0012009,277,6,2025-06-16,USD,RECEIVED
12010,PO-0012010,54,9,2024-04-19,USD,CANCELLED
12011,PO-0012011,436,7,2025-08-22,USD,RECEIVED
12012,PO-0012012,54,7,2025-02-01,USD,RECEIVED
12013,PO-0012013,89,10,2025-08-05,USD,RECEIVED
12014,PO-0012014,74,11,2026-01-03,USD,RECEIVED
12015,PO-0012015,356,11,2025-11-21,USD,RECEIVED
12016,PO-0012016,241,2,2026-09-21,USD,CANCELLED
12017,PO-0012017,149,10,2024-08-03,USD,RECEIVED
12018,PO-0012018,95,3,2023-04-14,USD,RECEIVED
12019,PO-0012019,4,4,2024-12-22,USD,RECEIVED
12020,PO-0012020,70,9,2023-04-14,USD,RECEIVED
12021,PO-0012021,170,2,2026-04-04,USD,RECEIVED
12022,PO-0012022,367,12,2024-07-03,USD,RECEIVED
12023,PO-0012023,153,4,2025-04-17,USD,RECEIVED
12024,PO-0012024,418,1,2025-07-08,USD,OPEN
12025,PO-0012025,401,5,2026-08-11,USD,RECEIVED
12026,PO-0012026,434,9,2023-09-07,USD,RECEIVED
12027,PO-0012027,63,9,2023-01-01,USD,RECEIVED
12028,PO-0012028,492,5,2024-05-11,USD,OPEN
12029,PO-0012029,356,4,2024-09-07,USD,RECEIVED
12030,PO-0012030,234,7,2024-10-19,USD,RECEIVED
12031,PO-0012031,418,1,2023-03-02,USD,RECEIVED
12032,PO-0012032,430,1,2025-10-19,USD,PARTIAL
12033,PO-0012033,133,10,2024-04-17,USD,OPEN
12034,PO-0012034,139,9,2026-01-12,USD,CANCELLED
12035,PO-0012035,411,9,2023-02-10,USD,RECEIVED
12036,PO-0012036,128,7,2025-09-17,USD,RECEIVED
12037,PO-0012037,69,6,2025-02-04,USD,RECEIVED
12038,PO-0012038,370,3,2025-02-14,USD,RECEIVED
12039,PO-0012039,24,1,2024-08-06,USD,CANCELLED
12040,PO-0012040,312,3,2023-10-06,USD,PARTIAL
12041,PO-0012041,216,10,2024-04-28,USD,RECEIVED
12042,PO-0012042,340,3,2024-09-10,USD,RECEIVED
12043,PO-0012043,285,4,2023-08-09,USD,RECEIVED
12044,PO-0012044,414,7,2024-11-15,USD,CANCELLED
12045,PO-0012045,67,4,2026-02-13,USD,RECEIVED
12046,PO-0012046,49,8,2023-01-18,USD,CANCELLED
12047,PO-0012047,19,10,2023-03-19,USD,CANCELLED
12048,PO-0012048,55,4,2024-11-25,USD,RECEIVED
12049,PO-0012049,106,10,2026-05-23,USD,OPEN
12050,PO-0012050,332,7,2026-03-20,USD,RECEIVED
12051,PO-0012051,55,10,2023-01-21,USD,RECEIVED
12052,PO-0012052,243,2,2023-09-20,USD,RECEIVED
12053,PO-0012053,83,2,2025-04-16,USD,PARTIAL
12054,PO-0012054,79,8,2026-05-10,USD,PARTIAL
12055,PO-0012055,135,1,2023-07-29,USD,RECEIVED
12056,PO-0012056,498,1,2024-02-15,USD,RECEIVED
12057,PO-0012057,62,6,2025-11-10,USD,RECEIVED
12058,PO-0012058,70,6,2025-04-16,USD,RECEIVED
12059,PO-0012059,458,12,2025-08-30,USD,RECEIVED
12060,PO-0012060,52,12,2025-03-05,USD,RECEIVED
12061,PO-0012061,126,8,2026-06-20,USD,CANCELLED
12062,PO-0012062,84,1,2025-08-30,USD,RECEIVED
12063,PO-0012063,237,8,2023-09-02,USD,RECEIVED
12064,PO-0012064,440,1,2023-02-25,USD,RECEIVED
12065,PO-0012065,469,5,2023-01-21,USD,RECEIVED
12066,PO-0012066,54,5,2023-09-23,USD,RECEIVED
12067,PO-0012067,5,5,2023-02-27,USD,RECEIVED
12068,PO-0012068,329,9,2025-12-30,USD,RECEIVED
12069,PO-0012069,362,9,2024-06-18,USD,RECEIVED
12070,PO-0012070,339,2,2024-10-09,USD,RECEIVED
12071,PO-0012071,110,11,2025-10-25,USD,RECEIVED
12072,PO-0012072,487,4,2025-10-01,USD,PARTIAL
12073,PO-0012073,486,7,2023-06-25,USD,RECEIVED
12074,PO-0012074,51,9,2025-05-14,USD,RECEIVED
12075,PO-0012075,348,4,2024-12-11,USD,RECEIVED
12076,PO-0012076,225,3,2025-03-05,USD,OPEN
12077,PO-0012077,145,3,2026-03-07,USD,RECEIVED
12078,PO-0012078,37,6,2026-06-04,USD,RECEIVED
12079,PO-0012079,201,5,2025-02-26,USD,RECEIVED
12080,PO-0012080,181,10,2023-08-16,USD,OPEN
12081,PO-0012081,72,9,2023-06-03,USD,RECEIVED
12082,PO-0012082,133,4,2025-12-03,USD,OPEN
12083,PO-0012083,220,11,2024-07-15,USD,OPEN
12084,PO-0012084,245,1,2026-05-20,USD,RECEIVED
12085,PO-0012085,163,12,2024-12-02,USD,RECEIVED
12086,PO-0012086,319,12,2025-10-08,USD,RECEIVED
12087,PO-0012087,70,6,2023-06-29,USD,RECEIVED
12088,PO-0012088,254,4,2025-06-27,USD,RECEIVED
12089,PO-0012089,337,12,2025-12-12,USD,RECEIVED
12090,PO-0012090,5,7,2023-06-13,USD,CANCELLED
12091,PO-0012091,303,2,2023-05-08,USD,RECEIVED
12092,PO-0012092,287,5,2025-04-14,USD,RECEIVED
12093,PO-0012093,275,2,2025-12-15,USD,CANCELLED
12094,PO-0012094,351,12,2024-10-07,USD,RECEIVED
12095,PO-0012095,462,8,2024-10-17,USD,RECEIVED
12096,PO-0012096,421,11,2026-06-26,USD,RECEIVED
12097,PO-0012097,424,10,2026-06-12,USD,RECEIVED
12098,PO-0012098,243,7,2023-04-13,USD,RECEIVED
12099,PO-0012099,287,2,2024-06-29,USD,RECEIVED
12100,PO-0012100,477,7,2023-04-02,USD,RECEIVED
12101,PO-0012101,388,11,2025-04-08,USD,RECEIVED
12102,PO-0012102,225,10,2024-04-12,USD,RECEIVED
12103,PO-0012103,340,5,2025-01-10,USD,OPEN
12104,PO-0012104,468,2,2026-07-01,USD,RECEIVED
12105,PO-0012105,88,1,2025-10-11,USD,RECEIVED
12106,PO-0012106,437,5,2023-08-28,USD,RECEIVED
12107,PO-0012107,453,3,2024-11-17,USD,RECEIVED
12108,PO-0012108,408,2,2024-04-12,USD,CANCELLED
12109,PO-0012109,205,11,2025-08-13,USD,RECEIVED
12110,PO-0012110,425,12,2025-03-05,USD,RECEIVED
12111,PO-0012111,149,11,2024-12-29,USD,CANCELLED
12112,PO-0012112,418,4,2024-05-28,USD,RECEIVED
12113,PO-0012113,374,7,2023-05-01,USD,RECEIVED
12114,PO-0012114,61,10,2025-09-06,USD,RECEIVED
12115,PO-0012115,214,6,2025-06-05,USD,RECEIVED
12116,PO-0012116,291,10,2023-03-11,USD,RECEIVED
12117,PO-0012117,185,12,2026-03-29,USD,RECEIVED
12118,PO-0012118,434,11,2023-11-28,USD,RECEIVED
12119,PO-0012119,418,12,2024-05-17,USD,CANCELLED
12120,PO-0012120,199,1,2024-11-07,USD,RECEIVED
12121,PO-0012121,59,8,2025-07-20,USD,RECEIVED
12122,PO-0012122,420,9,2025-05-09,USD,RECEIVED
12123,PO-0012123,310,7,2024-05-08,USD,RECEIVED
12124,PO-0012124,68,4,2024-08-15,USD,RECEIVED
12125,PO-0012125,222,8,2024-03-09,USD,PARTIAL
12126,PO-0012126,165,8,2023-06-18,USD,RECEIVED
12127,PO-0012127,271,9,2026-07-20,USD,RECEIVED
12128,PO-0012128,241,7,2023-11-11,USD,RECEIVED
12129,PO-0012129,320,2,2023-12-11,USD,RECEIVED
12130,PO-0012130,401,3,2025-11-20,USD,RECEIVED
12131,PO-0012131,237,4,2025-07-04,USD,RECEIVED
12132,PO-0012132,287,10,2026-01-03,USD,RECEIVED
12133,PO-0012133,498,3,2023-04-07,USD,RECEIVED
12134,PO-0012134,253,1,2026-04-07,USD,OPEN
12135,PO-0012135,244,5,2025-09-30,USD,RECEIVED
12136,PO-0012136,162,12,2023-10-06,USD,RECEIVED
12137,PO-0012137,490,8,2025-01-09,USD,RECEIVED
12138,PO-0012138,367,8,2024-09-19,USD,RECEIVED
12139,PO-0012139,62,5,2025-05-25,USD,OPEN
12140,PO-0012140,414,3,2025-01-20,USD,RECEIVED
12141,PO-0012141,305,9,2023-04-13,USD,RECEIVED
12142,PO-0012142,109,1,2023-06-22,USD,CANCELLED
12143,PO-0012143,482,1,2023-10-15,USD,OPEN
12144,PO-0012144,340,4,2024-06-29,USD,RECEIVED
12145,PO-0012145,172,5,2023-07-16,USD,RECEIVED
12146,PO-0012146,149,6,2023-05-04,USD,RECEIVED
12147,PO-0012147,235,6,2024-02-09,USD,OPEN
12148,PO-0012148,403,8,2024-09-06,USD,RECEIVED
12149,PO-0012149,329,5,2025-04-04,USD,RECEIVED
12150,PO-0012150,11,10,2023-03-02,USD,RECEIVED
12151,PO-0012151,320,12,2026-02-11,USD,CANCELLED
12152,PO-0012152,489,4,2025-08-15,USD,RECEIVED
12153,PO-0012153,398,9,2023-04-07,USD,OPEN
12154,PO-0012154,17,4,2026-07-11,USD,PARTIAL
12155,PO-0012155,84,6,2025-11-29,USD,RECEIVED
12156,PO-0012156,226,6,2023-02-10,USD,RECEIVED
12157,PO-0012157,300,6,2026-08-27,USD,RECEIVED
12158,PO-0012158,144,12,2024-09-05,USD,RECEIVED
12159,PO-0012159,388,11,2023-03-05,USD,CANCELLED
12160,PO-0012160,105,11,2024-08-05,USD,RECEIVED
12161,PO-0012161,293,9,2025-12-23,USD,RECEIVED
12162,PO-0012162,378,8,2023-04-17,USD,RECEIVED
12163,PO-0012163,198,9,2025-05-05,USD,CANCELLED
12164,PO-0012164,245,2,2025-03-23,USD,RECEIVED
12165,PO-0012165,220,9,2025-11-01,USD,RECEIVED
12166,PO-0012166,272,7,2023-12-08,USD,RECEIVED
12167,PO-0012167,243,11,2025-06-25,USD,OPEN
12168,PO-0012168,51,4,2025-08-15,USD,RECEIVED
12169,PO-0012169,30,12,2024-08-07,USD,RECEIVED
12170,PO-0012170,77,3,2023-07-11,USD,PARTIAL
12171,PO-0012171,500,8,2025-04-28,USD,CANCELLED
12172,PO-0012172,257,5,2023-06-26,USD,RECEIVED
12173,PO-0012173,268,6,2025-05-11,USD,RECEIVED
12174,PO-0012174,115,7,2025-10-16,USD,RECEIVED
12175,PO-0012175,377,2,2025-12-05,USD,RECEIVED
12176,PO-0012176,233,4,2024-08-02,USD,RECEIVED
12177,PO-0012177,193,3,2023-05-09,USD,CANCELLED
12178,PO-0012178,50,11,2023-04-26,USD,RECEIVED
12179,PO-0012179,93,12,2024-03-25,USD,RECEIVED
12180,PO-0012180,7,12,2023-01-10,USD,RECEIVED
12181,PO-0012181,64,1,2024-07-21,USD,RECEIVED
12182,PO-0012182,471,4,2024-10-04,USD,CANCELLED
12183,PO-0012183,15,4,2025-04-27,USD,RECEIVED
12184,PO-0012184,490,9,2024-09-16,USD,OPEN
12185,PO-0012185,249,5,2024-01-30,USD,RECEIVED
12186,PO-0012186,65,7,2023-02-08,USD,RECEIVED
12187,PO-0012187,317,4,2024-04-06,USD,RECEIVED
12188,PO-0012188,330,10,2023-04-29,USD,PARTIAL
12189,PO-0012189,149,12,2024-08-26,USD,RECEIVED
12190,PO-0012190,147,5,2025-12-20,USD,CANCELLED
12191,PO-0012191,460,11,2024-11-29,USD,OPEN
12192,PO-0012192,191,10,2025-09-15,USD,OPEN
12193,PO-0012193,277,8,2023-11-24,USD,RECEIVED
12194,PO-0012194,346,12,2025-10-02,USD,RECEIVED
12195,PO-0012195,160,6,2024-12-15,USD,RECEIVED
12196,PO-0012196,134,1,2024-01-18,USD,RECEIVED
12197,PO-0012197,457,2,2025-04-29,USD,RECEIVED
12198,PO-0012198,286,5,2023-07-04,USD,CANCELLED
12199,PO-0012199,380,12,2024-06-08,USD,RECEIVED
12200,PO-0012200,108,12,2025-04-15,USD,RECEIVED
12201,PO-0012201,375,2,2025-11-11,USD,CANCELLED
12202,PO-0012202,11,5,2024-09-11,USD,RECEIVED
12203,PO-0012203,176,2,2023-04-27,USD,PARTIAL
12204,PO-0012204,55,12,2024-09-26,USD,RECEIVED
12205,PO-0012205,67,11,2026-02-21,USD,RECEIVED
12206,PO-0012206,193,4,2023-04-25,USD,RECEIVED
12207,PO-0012207,330,5,2024-01-13,USD,RECEIVED
12208,PO-0012208,410,7,2023-12-15,USD,RECEIVED
12209,PO-0012209,452,4,2023-08-25,USD,PARTIAL
12210,PO-0012210,98,1,2023-12-29,USD,RECEIVED
12211,PO-0012211,384,4,2024-03-06,USD,RECEIVED
12212,PO-0012212,409,10,2025-12-28,USD,CANCELLED
12213,PO-0012213,163,5,2023-03-08,USD,RECEIVED
12214,PO-0012214,74,5,2023-06-28,USD,RECEIVED
12215,PO-0012215,191,7,2024-04-22,USD,RECEIVED
12216,PO-0012216,184,2,2025-07-26,USD,RECEIVED
12217,PO-0012217,19,1,2024-03-24,USD,PARTIAL
12218,PO-0012218,282,7,2024-11-08,USD,RECEIVED
12219,PO-0012219,374,2,2026-02-20,USD,OPEN
12220,PO-0012220,475,2,2026-07-21,USD,RECEIVED
12221,PO-0012221,401,1,2026-02-23,USD,RECEIVED
12222,PO-0012222,38,10,2024-05-16,USD,RECEIVED
12223,PO-0012223,414,11,2025-05-18,USD,RECEIVED
12224,PO-0012224,21,8,2025-03-20,USD,RECEIVED
12225,PO-0012225,129,2,2026-05-25,USD,RECEIVED
12226,PO-0012226,7,4,2025-02-18,USD,OPEN
12227,PO-0012227,155,8,2023-01-11,USD,RECEIVED
12228,PO-0012228,412,8,2023-09-20,USD,RECEIVED
12229,PO-0012229,302,4,2024-04-23,USD,PARTIAL
12230,PO-0012230,140,8,2025-06-25,USD,RECEIVED
12231,PO-0012231,221,4,2026-04-20,USD,RECEIVED
12232,PO-0012232,99,8,2024-01-05,USD,RECEIVED
12233,PO-0012233,317,5,2023-05-22,USD,RECEIVED
12234,PO-0012234,234,12,2025-07-21,USD,OPEN
12235,PO-0012235,232,4,2023-02-13,USD,RECEIVED
12236,PO-0012236,123,1,2023-03-27,USD,RECEIVED
12237,PO-0012237,268,7,2026-04-19,USD,RECEIVED
12238,PO-0012238,439,6,2023-12-04,USD,PARTIAL
12239,PO-0012239,93,6,2026-02-01,USD,RECEIVED
12240,PO-0012240,299,12,2026-05-02,USD,OPEN
12241,PO-0012241,210,11,2025-11-25,USD,PARTIAL
12242,PO-0012242,335,7,2025-02-07,USD,OPEN
12243,PO-0012243,62,12,2026-09-15,USD,RECEIVED
12244,PO-0012244,226,11,2024-06-27,USD,RECEIVED
12245,PO-0012245,259,9,2026-05-10,USD,RECEIVED
12246,PO-0012246,212,11,2024-02-18,USD,RECEIVED
12247,PO-0012247,285,9,2024-09-17,USD,OPEN
12248,PO-0012248,50,9,2025-09-09,USD,OPEN
12249,PO-0012249,138,11,2025-01-16,USD,RECEIVED
12250,PO-0012250,47,2,2025-03-29,USD,OPEN
12251,PO-0012251,356,8,2026-03-08,USD,CANCELLED
12252,PO-0012252,70,9,2026-09-27,USD,OPEN
12253,PO-0012253,441,3,2023-10-18,USD,CANCELLED
12254,PO-0012254,388,11,2026-01-15,USD,RECEIVED
12255,PO-0012255,24,11,2024-10-10,USD,RECEIVED
12256,PO-0012256,50,8,2023-11-30,USD,RECEIVED
12257,PO-0012257,270,8,2023-01-07,USD,RECEIVED
12258,PO-0012258,91,4,2023-03-22,USD,RECEIVED
12259,PO-0012259,475,4,2024-06-29,USD,RECEIVED
12260,PO-0012260,324,12,2023-12-20,USD,RECEIVED
12261,PO-0012261,86,4,2026-08-28,USD,RECEIVED
12262,PO-0012262,340,7,2026-05-28,USD,RECEIVED
12263,PO-0012263,389,1,2023-09-29,USD,RECEIVED
12264,PO-0012264,168,4,2024-05-01,USD,RECEIVED
12265,PO-0012265,192,1,2026-01-07,USD,RECEIVED
12266,PO-0012266,407,5,2024-02-06,USD,RECEIVED
12267,PO-0012267,172,11,2024-01-04,USD,PARTIAL
12268,PO-0012268,247,8,2026-05-12,USD,RECEIVED
12269,PO-0012269,453,11,2023-04-05,USD,RECEIVED
12270,PO-0012270,127,10,2025-05-05,USD,RECEIVED
12271,PO-0012271,325,11,2025-01-08,USD,CANCELLED
12272,PO-0012272,410,3,2025-03-25,USD,RECEIVED
12273,PO-0012273,28,5,2025-07-27,USD,PARTIAL
12274,PO-0012274,297,2,2026-08-24,USD,RECEIVED
12275,PO-0012275,103,12,2026-08-15,USD,OPEN
12276,PO-0012276,220,10,2024-07-29,USD,RECEIVED
12277,PO-0012277,181,5,2024-12-09,USD,RECEIVED
12278,PO-0012278,218,12,2025-02-07,USD,RECEIVED
12279,PO-0012279,292,4,2026-02-03,USD,RECEIVED
12280,PO-0012280,200,1,2024-10-25,USD,OPEN
12281,PO-0012281,363,9,2023-03-07,USD,RECEIVED
12282,PO-0012282,425,4,2025-03-14,USD,CANCELLED
12283,PO-0012283,82,11,2025-04-11,USD,RECEIVED
12284,PO-0012284,497,3,2026-08-15,USD,RECEIVED
12285,PO-0012285,337,2,2024-03-07,USD,RECEIVED
12286,PO-0012286,327,12,2024-09-17,USD,RECEIVED
12287,PO-0012287,290,2,2024-08-09,USD,RECEIVED
12288,PO-0012288,232,3,2023-04-02,USD,OPEN
12289,PO-0012289,180,12,2024-01-21,USD,PARTIAL
12290,PO-0012290,56,4,2024-11-01,USD,OPEN
12291,PO-0012291,163,5,2025-05-05,USD,CANCELLED
12292,PO-0012292,224,7,2023-02-25,USD,RECEIVED
12293,PO-0012293,261,12,2023-02-01,USD,RECEIVED
12294,PO-0012294,39,2,2025-12-09,USD,PARTIAL
12295,PO-0012295,73,4,2023-10-24,USD,RECEIVED
12296,PO-0012296,389,6,2025-02-21,USD,RECEIVED
12297,PO-0012297,92,2,2024-03-20,USD,RECEIVED
12298,PO-0012298,87,3,2024-09-05,USD,PARTIAL
12299,PO-0012299,140,2,2023-06-30,USD,CANCELLED
12300,PO-0012300,437,4,2024-02-15,USD,RECEIVED
12301,PO-0012301,317,2,2025-11-08,USD,RECEIVED
12302,PO-0012302,110,4,2023-04-05,USD,RECEIVED
12303,PO-0012303,218,4,2025-09-25,USD,RECEIVED
12304,PO-0012304,334,6,2026-01-03,USD,RECEIVED
12305,PO-0012305,107,10,2026-01-04,USD,RECEIVED
12306,PO-0012306,178,10,2024-08-24,USD,RECEIVED
12307,PO-0012307,365,4,2026-03-14,USD,RECEIVED
12308,PO-0012308,30,11,2026-09-22,USD,PARTIAL
12309,PO-0012309,413,3,2025-07-04,USD,RECEIVED
12310,PO-0012310,225,7,2026-05-20,USD,CANCELLED
12311,PO-0012311,356,1,2023-12-31,USD,OPEN
12312,PO-0012312,453,10,2026-08-27,USD,PARTIAL
12313,PO-0012313,369,8,2025-11-08,USD,PARTIAL
12314,PO-0012314,481,7,2025-05-21,USD,RECEIVED
12315,PO-0012315,239,12,2025-09-10,USD,RECEIVED
12316,PO-0012316,367,2,2025-02-14,USD,OPEN
12317,PO-0012317,474,10,2025-02-19,USD,RECEIVED
12318,PO-0012318,461,9,2026-04-23,USD,RECEIVED
12319,PO-0012319,53,2,2025-02-03,USD,RECEIVED
12320,PO-0012320,365,11,2024-12-28,USD,RECEIVED
12321,PO-0012321,415,5,2025-07-13,USD,RECEIVED
12322,PO-0012322,191,2,2024-04-20,USD,RECEIVED
12323,PO-0012323,150,12,2024-01-15,USD,RECEIVED
12324,PO-0012324,321,3,2023-08-08,USD,CANCELLED
12325,PO-0012325,214,1,2026-05-15,USD,RECEIVED
12326,PO-0012326,396,12,2023-04-03,USD,RECEIVED
12327,PO-0012327,3,10,2025-05-09,USD,OPEN
12328,PO-0012328,368,4,2024-03-31,USD,RECEIVED
12329,PO-0012329,82,10,2026-06-15,USD,OPEN
12330,PO-0012330,234,2,2026-02-24,USD,RECEIVED
12331,PO-0012331,60,8,2023-04-28,USD,OPEN
12332,PO-0012332,76,1,2025-06-06,USD,RECEIVED
12333,PO-0012333,27,7,2024-10-16,USD,PARTIAL
12334,PO-0012334,223,11,2023-04-14,USD,RECEIVED
12335,PO-0012335,233,4,2024-09-05,USD,OPEN
12336,PO-0012336,453,11,2023-04-19,USD,RECEIVED
12337,PO-0012337,90,9,2024-07-13,USD,RECEIVED
12338,PO-0012338,156,3,2024-03-02,USD,RECEIVED
12339,PO-0012339,122,9,2026-02-20,USD,OPEN
12340,PO-0012340,482,1,2023-06-15,USD,PARTIAL
12341,PO-0012341,461,6,2023-05-09,USD,RECEIVED
12342,PO-0012342,304,2,2026-04-06,USD,RECEIVED
12343,PO-0012343,42,2,2024-08-05,USD,RECEIVED
12344,PO-0012344,367,8,2026-05-03,USD,CANCELLED
12345,PO-0012345,134,6,2025-01-28,USD,RECEIVED
12346,PO-0012346,88,10,2026-04-24,USD,OPEN
12347,PO-0012347,460,4,2026-02-16,USD,RECEIVED
12348,PO-0012348,376,12,2025-07-06,USD,CANCELLED
12349,PO-0012349,195,12,2025-04-05,USD,RECEIVED
12350,PO-0012350,105,12,2025-01-09,USD,RECEIVED
12351,PO-0012351,366,8,2026-04-23,USD,RECEIVED
12352,PO-0012352,127,6,2026-03-13,USD,CANCELLED
12353,PO-0012353,38,9,2024-06-07,USD,RECEIVED
12354,PO-0012354,431,9,2025-08-23,USD,RECEIVED
12355,PO-0012355,471,6,2024-01-24,USD,PARTIAL
12356,PO-0012356,401,8,2023-07-18,USD,PARTIAL
12357,PO-0012357,37,9,2023-11-25,USD,RECEIVED
12358,PO-0012358,211,5,2024-01-16,USD,RECEIVED
12359,PO-0012359,173,12,2024-03-28,USD,RECEIVED
12360,PO-0012360,370,4,2023-08-06,USD,OPEN
12361,PO-0012361,13,12,2025-09-29,USD,RECEIVED
12362,PO-0012362,108,11,2025-07-14,USD,CANCELLED
12363,PO-0012363,206,12,2025-09-27,USD,PARTIAL
12364,PO-0012364,181,5,2024-06-16,USD,RECEIVED
12365,PO-0012365,337,5,2026-05-20,USD,RECEIVED
12366,PO-0012366,463,6,2025-11-28,USD,RECEIVED
12367,PO-0012367,444,2,2024-08-25,USD,RECEIVED
12368,PO-0012368,282,9,2026-07-10,USD,RECEIVED
12369,PO-0012369,160,2,2024-05-15,USD,RECEIVED
12370,PO-0012370,88,4,2023-03-18,USD,RECEIVED
12371,PO-0012371,458,1,2024-12-23,USD,RECEIVED
12372,PO-0012372,218,10,2026-06-29,USD,RECEIVED
12373,PO-0012373,141,12,2026-03-28,USD,CANCELLED
12374,PO-0012374,37,11,2026-09-15,USD,PARTIAL
12375,PO-0012375,282,2,2024-03-15,USD,RECEIVED
12376,PO-0012376,281,10,2024-10-26,USD,OPEN
12377,PO-0012377,147,4,2023-02-07,USD,RECEIVED
12378,PO-0012378,289,12,2023-11-26,USD,OPEN
12379,PO-0012379,297,3,2024-07-14,USD,RECEIVED
12380,PO-0012380,364,12,2024-01-07,USD,RECEIVED
12381,PO-0012381,304,7,2025-06-12,USD,RECEIVED
12382,PO-0012382,205,6,2024-12-23,USD,RECEIVED
12383,PO-0012383,187,2,2025-07-11,USD,RECEIVED
12384,PO-0012384,375,7,2023-07-05,USD,CANCELLED
12385,PO-0012385,7,11,2025-07-04,USD,RECEIVED
12386,PO-0012386,396,5,2024-07-19,USD,RECEIVED
12387,PO-0012387,202,11,2026-02-12,USD,RECEIVED
12388,PO-0012388,241,5,2024-09-01,USD,OPEN
12389,PO-0012389,49,12,2025-02-02,USD,CANCELLED
12390,PO-0012390,350,10,2026-04-17,USD,RECEIVED
12391,PO-0012391,305,10,2023-09-14,USD,RECEIVED
12392,PO-0012392,455,7,2023-09-25,USD,RECEIVED
12393,PO-0012393,79,4,2026-03-23,USD,PARTIAL
12394,PO-0012394,334,5,2023-10-25,USD,RECEIVED
12395,PO-0012395,229,4,2023-01-01,USD,RECEIVED
12396,PO-0012396,151,6,2023-01-30,USD,CANCELLED
12397,PO-0012397,279,1,2023-03-30,USD,RECEIVED
12398,PO-0012398,57,10,2025-12-10,USD,RECEIVED
12399,PO-0012399,444,1,2024-10-12,USD,RECEIVED
12400,PO-0012400,242,10,2024-11-29,USD,RECEIVED
12401,PO-0012401,170,5,2025-03-15,USD,RECEIVED
12402,PO-0012402,84,6,2025-06-29,USD,RECEIVED
12403,PO-0012403,489,8,2026-09-08,USD,RECEIVED
12404,PO-0012404,262,12,2025-09-01,USD,CANCELLED
12405,PO-0012405,234,9,2025-08-15,USD,PARTIAL
12406,PO-0012406,309,9,2025-04-01,USD,RECEIVED
12407,PO-0012407,118,3,2025-10-03,USD,RECEIVED
12408,PO-0012408,329,7,2023-10-10,USD,RECEIVED
12409,PO-0012409,145,12,2026-03-26,USD,RECEIVED
12410,PO-0012410,24,9,2023-11-16,USD,PARTIAL
12411,PO-0012411,315,7,2026-09-16,USD,PARTIAL
12412,PO-0012412,273,6,2024-10-12,USD,RECEIVED
12413,PO-0012413,33,3,2024-11-08,USD,CANCELLED
12414,PO-0012414,416,12,2026-02-27,USD,RECEIVED
12415,PO-0012415,472,9,2024-12-01,USD,RECEIVED
12416,PO-0012416,257,3,2023-09-16,USD,PARTIAL
12417,PO-0012417,315,10,2023-09-12,USD,RECEIVED
12418,PO-0012418,233,1,2025-03-22,USD,RECEIVED
12419,PO-0012419,148,12,2026-03-11,USD,RECEIVED
12420,PO-0012420,30,8,2025-11-27,USD,RECEIVED
12421,PO-0012421,422,4,2024-10-08,USD,CANCELLED
12422,PO-0012422,471,11,2025-03-21,USD,RECEIVED
12423,PO-0012423,252,8,2026-05-29,USD,CANCELLED
12424,PO-0012424,16,7,2023-07-05,USD,RECEIVED
12425,PO-0012425,426,5,2026-05-06,USD,OPEN
12426,PO-0012426,46,8,2025-03-16,USD,RECEIVED
12427,PO-0012427,498,4,2024-08-13,USD,RECEIVED
12428,PO-0012428,292,9,2025-07-25,USD,OPEN
12429,PO-0012429,267,10,2026-03-07,USD,RECEIVED
12430,PO-0012430,59,9,2024-05-27,USD,RECEIVED
12431,PO-0012431,23,11,2025-08-17,USD,CANCELLED
12432,PO-0012432,210,2,2023-02-02,USD,PARTIAL
12433,PO-0012433,86,5,2024-04-07,USD,CANCELLED
12434,PO-0012434,199,8,2024-09-08,USD,RECEIVED
12435,PO-0012435,454,11,2023-08-25,USD,RECEIVED
12436,PO-0012436,179,10,2025-09-12,USD,RECEIVED
12437,PO-0012437,81,9,2023-10-28,USD,PARTIAL
12438,PO-0012438,299,6,2025-11-02,USD,OPEN
12439,PO-0012439,116,10,2024-06-29,USD,RECEIVED
12440,PO-0012440,310,6,2025-02-12,USD,RECEIVED
12441,PO-0012441,5,6,2024-08-07,USD,RECEIVED
12442,PO-0012442,234,4,2023-02-19,USD,CANCELLED
12443,PO-0012443,139,12,2025-08-17,USD,RECEIVED
12444,PO-0012444,200,12,2026-04-03,USD,CANCELLED
12445,PO-0012445,55,1,2023-05-15,USD,RECEIVED
12446,PO-0012446,225,2,2023-01-14,USD,CANCELLED
12447,PO-0012447,87,8,2024-05-25,USD,OPEN
12448,PO-0012448,322,4,2025-07-04,USD,RECEIVED
12449,PO-0012449,383,12,2024-01-14,USD,RECEIVED
12450,PO-0012450,475,6,2025-04-29,USD,CANCELLED
12451,PO-0012451,409,8,2023-10-25,USD,RECEIVED
12452,PO-0012452,265,7,2025-06-24,USD,OPEN
12453,PO-0012453,247,9,2026-07-29,USD,RECEIVED
12454,PO-0012454,154,12,2024-01-04,USD,RECEIVED
12455,PO-0012455,13,12,2024-05-31,USD,RECEIVED
12456,PO-0012456,377,3,2024-12-13,USD,OPEN
12457,PO-0012457,334,6,2024-01-22,USD,PARTIAL
12458,PO-0012458,32,1,2026-04-02,USD,RECEIVED
12459,PO-0012459,269,5,2024-12-03,USD,RECEIVED
12460,PO-0012460,254,2,2025-10-27,USD,OPEN
12461,PO-0012461,6,9,2026-04-17,USD,RECEIVED
12462,PO-0012462,101,5,2025-10-28,USD,RECEIVED
12463,PO-0012463,33,10,2025-03-31,USD,RECEIVED
12464,PO-0012464,438,2,2023-09-19,USD,RECEIVED
12465,PO-0012465,131,10,2024-08-21,USD,CANCELLED
12466,PO-0012466,161,7,2023-07-18,USD,RECEIVED
12467,PO-0012467,189,2,2024-08-25,USD,RECEIVED
12468,PO-0012468,467,9,2025-01-03,USD,RECEIVED
12469,PO-0012469,236,7,2023-07-03,USD,RECEIVED
12470,PO-0012470,387,12,2024-09-14,USD,RECEIVED
12471,PO-0012471,189,2,2026-09-29,USD,RECEIVED
12472,PO-0012472,453,10,2026-07-02,USD,RECEIVED
12473,PO-0012473,446,9,2024-12-23,USD,RECEIVED
12474,PO-0012474,178,4,2025-03-29,USD,RECEIVED
12475,PO-0012475,51,12,2025-06-29,USD,RECEIVED
12476,PO-0012476,435,11,2023-05-10,USD,RECEIVED
12477,PO-0012477,166,9,2025-01-07,USD,RECEIVED
12478,PO-0012478,453,6,2023-06-12,USD,CANCELLED
12479,PO-0012479,85,1,2024-05-23,USD,RECEIVED
12480,PO-0012480,157,8,2024-02-01,USD,CANCELLED
12481,PO-0012481,77,10,2023-06-15,USD,RECEIVED
12482,PO-0012482,217,2,2024-08-10,USD,RECEIVED
12483,PO-0012483,312,12,2026-08-19,USD,RECEIVED
12484,PO-0012484,270,9,2023-12-20,USD,RECEIVED
12485,PO-0012485,8,4,2024-10-28,USD,PARTIAL
12486,PO-0012486,465,2,2026-08-10,USD,OPEN
12487,PO-0012487,449,7,2025-08-30,USD,RECEIVED
12488,PO-0012488,320,4,2024-11-23,USD,RECEIVED
12489,PO-0012489,211,10,2026-03-23,USD,RECEIVED
12490,PO-0012490,137,12,2023-02-15,USD,PARTIAL
12491,PO-0012491,100,6,2023-12-15,USD,RECEIVED
12492,PO-0012492,243,3,2025-01-17,USD,OPEN
12493,PO-0012493,194,2,2024-08-23,USD,RECEIVED
12494,PO-0012494,303,7,2025-06-27,USD,RECEIVED
12495,PO-0012495,63,11,2026-05-15,USD,RECEIVED
12496,PO-0012496,456,10,2025-10-03,USD,RECEIVED
12497,PO-0012497,332,7,2026-06-29,USD,RECEIVED
12498,PO-0012498,159,3,2024-09-02,USD,OPEN
12499,PO-0012499,112,2,2023-11-24,USD,RECEIVED
12500,PO-0012500,383,5,2026-02-26,USD,RECEIVED
12501,PO-0012501,160,6,2026-06-28,USD,RECEIVED
12502,PO-0012502,24,2,2026-07-09,USD,RECEIVED
12503,PO-0012503,418,12,2024-12-04,USD,CANCELLED
12504,PO-0012504,50,5,2025-06-27,USD,PARTIAL
12505,PO-0012505,51,2,2023-08-28,USD,RECEIVED
12506,PO-0012506,322,6,2024-01-12,USD,RECEIVED
12507,PO-0012507,425,5,2023-09-17,USD,RECEIVED
12508,PO-0012508,411,2,2023-05-27,USD,RECEIVED
12509,PO-0012509,3,9,2024-03-31,USD,CANCELLED
12510,PO-0012510,496,1,2025-08-03,USD,RECEIVED
12511,PO-0012511,192,12,2026-05-12,USD,PARTIAL
12512,PO-0012512,174,6,2026-09-16,USD,PARTIAL
12513,PO-0012513,54,1,2024-05-01,USD,RECEIVED
12514,PO-0012514,57,2,2024-08-14,USD,RECEIVED
12515,PO-0012515,284,7,2025-12-03,USD,RECEIVED
12516,PO-0012516,338,10,2026-09-22,USD,RECEIVED
12517,PO-0012517,258,4,2023-10-23,USD,RECEIVED
12518,PO-0012518,276,2,2025-08-18,USD,OPEN
12519,PO-0012519,137,11,2024-07-19,USD,RECEIVED
12520,PO-0012520,382,7,2023-12-02,USD,RECEIVED
12521,PO-0012521,437,11,2026-08-15,USD,OPEN
12522,PO-0012522,117,4,2023-07-02,USD,RECEIVED
12523,PO-0012523,313,1,2024-04-20,USD,RECEIVED
12524,PO-0012524,288,3,2023-07-20,USD,RECEIVED
12525,PO-0012525,163,9,2023-05-15,USD,RECEIVED
12526,PO-0012526,265,11,2023-09-07,USD,RECEIVED
12527,PO-0012527,195,2,2023-12-05,USD,RECEIVED
12528,PO-0012528,456,2,2024-05-11,USD,RECEIVED
12529,PO-0012529,418,1,2024-01-16,USD,OPEN
12530,PO-0012530,191,8,2023-03-29,USD,RECEIVED
12531,PO-0012531,375,8,2025-11-12,USD,RECEIVED
12532,PO-0012532,470,8,2025-02-17,USD,RECEIVED
12533,PO-0012533,83,4,2024-02-07,USD,RECEIVED
12534,PO-0012534,278,3,2023-03-10,USD,RECEIVED
12535,PO-0012535,311,12,2023-03-11,USD,RECEIVED
12536,PO-0012536,373,2,2023-03-30,USD,RECEIVED
12537,PO-0012537,488,3,2026-09-05,USD,PARTIAL
12538,PO-0012538,352,10,2025-01-28,USD,RECEIVED
12539,PO-0012539,416,9,2025-05-18,USD,OPEN
12540,PO-0012540,135,11,2023-07-08,USD,RECEIVED
12541,PO-0012541,161,4,2025-05-26,USD,CANCELLED
12542,PO-0012542,197,7,2023-02-22,USD,RECEIVED
12543,PO-0012543,249,3,2026-02-01,USD,RECEIVED
12544,PO-0012544,220,4,2026-08-14,USD,CANCELLED
12545,PO-0012545,123,4,2026-07-03,USD,RECEIVED
12546,PO-0012546,295,10,2023-07-29,USD,RECEIVED
12547,PO-0012547,494,11,2023-09-28,USD,RECEIVED
12548,PO-0012548,147,3,2026-03-11,USD,PARTIAL
12549,PO-0012549,78,5,2023-01-27,USD,RECEIVED
12550,PO-0012550,9,4,2023-02-11,USD,RECEIVED
12551,PO-0012551,102,8,2023-08-13,USD,RECEIVED
12552,PO-0012552,347,6,2024-10-10,USD,RECEIVED
12553,PO-0012553,493,6,2024-11-07,USD,RECEIVED
12554,PO-0012554,157,5,2023-06-11,USD,RECEIVED
12555,PO-0012555,231,4,2023-03-05,USD,RECEIVED
12556,PO-0012556,439,3,2023-07-29,USD,RECEIVED
12557,PO-0012557,321,11,2024-10-15,USD,RECEIVED
12558,PO-0012558,9,8,2026-09-29,USD,CANCELLED
12559,PO-0012559,45,1,2025-12-26,USD,RECEIVED
12560,PO-0012560,291,3,2024-06-16,USD,RECEIVED
12561,PO-0012561,460,7,2026-09-21,USD,OPEN
12562,PO-0012562,84,2,2025-06-09,USD,OPEN
12563,PO-0012563,14,8,2025-11-21,USD,RECEIVED
12564,PO-0012564,222,6,2024-12-11,USD,OPEN
12565,PO-0012565,282,10,2025-10-26,USD,RECEIVED
12566,PO-0012566,301,11,2025-10-25,USD,RECEIVED
12567,PO-0012567,206,5,2025-07-27,USD,RECEIVED
12568,PO-0012568,156,9,2024-03-22,USD,RECEIVED
12569,PO-0012569,22,4,2024-03-06,USD,RECEIVED
12570,PO-0012570,357,9,2026-01-06,USD,RECEIVED
12571,PO-0012571,84,10,2023-08-07,USD,CANCELLED
12572,PO-0012572,400,1,2023-07-06,USD,RECEIVED
12573,PO-0012573,33,5,2026-09-13,USD,PARTIAL
12574,PO-0012574,4,1,2024-05-08,USD,RECEIVED
12575,PO-0012575,345,7,2024-08-07,USD,RECEIVED
12576,PO-0012576,306,1,2023-06-12,USD,CANCELLED
12577,PO-0012577,251,12,2023-12-21,USD,OPEN
12578,PO-0012578,328,4,2025-07-24,USD,PARTIAL
12579,PO-0012579,89,4,2026-07-15,USD,RECEIVED
12580,PO-0012580,401,6,2023-07-10,USD,PARTIAL
12581,PO-0012581,188,6,2023-07-18,USD,RECEIVED
12582,PO-0012582,120,6,2024-05-15,USD,RECEIVED
12583,PO-0012583,322,12,2025-06-21,USD,RECEIVED
12584,PO-0012584,170,11,2024-03-08,USD,OPEN
12585,PO-0012585,309,5,2024-11-20,USD,RECEIVED
12586,PO-0012586,43,5,2025-01-23,USD,RECEIVED
12587,PO-0012587,166,10,2025-11-01,USD,RECEIVED
12588,PO-0012588,392,12,2023-01-19,USD,RECEIVED
12589,PO-0012589,125,10,2025-02-13,USD,RECEIVED
12590,PO-0012590,141,9,2023-02-28,USD,OPEN
12591,PO-0012591,191,7,2026-08-17,USD,CANCELLED
12592,PO-0012592,192,1,2025-02-21,USD,RECEIVED
12593,PO-0012593,151,7,2026-08-28,USD,CANCELLED
12594,PO-0012594,367,3,2026-03-25,USD,RECEIVED
12595,PO-0012595,256,3,2024-06-08,USD,RECEIVED
12596,PO-0012596,130,5,2023-03-18,USD,PARTIAL
12597,PO-0012597,346,7,2023-02-04,USD,OPEN
12598,PO-0012598,111,11,2024-11-07,USD,RECEIVED
12599,PO-0012599,293,12,2026-01-26,USD,RECEIVED
12600,PO-0012600,8,6,2025-10-26,USD,RECEIVED
12601,PO-0012601,181,5,2024-10-18,USD,RECEIVED
12602,PO-0012602,184,11,2023-07-05,USD,OPEN
12603,PO-0012603,478,8,2023-10-13,USD,OPEN
12604,PO-0012604,178,3,2025-07-14,USD,RECEIVED
12605,PO-0012605,225,10,2024-04-08,USD,RECEIVED
12606,PO-0012606,113,3,2023-05-03,USD,PARTIAL
12607,PO-0012607,498,3,2025-03-19,USD,RECEIVED
12608,PO-0012608,352,11,2023-10-10,USD,RECEIVED
12609,PO-0012609,361,2,2025-08-05,USD,RECEIVED
12610,PO-0012610,212,1,2023-04-13,USD,RECEIVED
12611,PO-0012611,2,1,2023-10-04,USD,RECEIVED
12612,PO-0012612,467,7,2026-09-27,USD,RECEIVED
12613,PO-0012613,67,5,2025-12-14,USD,RECEIVED
12614,PO-0012614,145,2,2023-07-21,USD,CANCELLED
12615,PO-0012615,327,8,2023-09-25,USD,RECEIVED
12616,PO-0012616,73,3,2023-03-25,USD,RECEIVED
12617,PO-0012617,478,1,2024-09-11,USD,RECEIVED
12618,PO-0012618,334,11,2025-10-08,USD,PARTIAL
12619,PO-0012619,176,1,2025-09-11,USD,RECEIVED
12620,PO-0012620,391,8,2024-09-17,USD,PARTIAL
12621,PO-0012621,99,10,2023-02-21,USD,RECEIVED
12622,PO-0012622,404,7,2023-03-05,USD,RECEIVED
12623,PO-0012623,123,12,2026-08-24,USD,CANCELLED
12624,PO-0012624,439,10,2024-06-11,USD,RECEIVED
12625,PO-0012625,38,10,2024-04-22,USD,RECEIVED
12626,PO-0012626,27,6,2024-12-14,USD,RECEIVED
12627,PO-0012627,384,1,2023-12-11,USD,OPEN
12628,PO-0012628,315,10,2025-06-17,USD,PARTIAL
12629,PO-0012629,185,10,2024-03-03,USD,PARTIAL
12630,PO-0012630,57,2,2023-04-04,USD,RECEIVED
12631,PO-0012631,134,6,2023-03-08,USD,PARTIAL
12632,PO-0012632,362,2,2024-07-31,USD,PARTIAL
12633,PO-0012633,484,11,2023-05-23,USD,PARTIAL
12634,PO-0012634,162,8,2023-05-09,USD,RECEIVED
12635,PO-0012635,377,1,2025-06-03,USD,OPEN
12636,PO-0012636,489,5,2023-06-16,USD,CANCELLED
12637,PO-0012637,196,6,2023-10-22,USD,RECEIVED
12638,PO-0012638,52,8,2026-01-31,USD,RECEIVED
12639,PO-0012639,323,8,2026-05-23,USD,RECEIVED
12640,PO-0012640,266,12,2023-05-19,USD,RECEIVED
12641,PO-0012641,142,7,2026-09-12,USD,RECEIVED
12642,PO-0012642,20,7,2023-11-11,USD,RECEIVED
12643,PO-0012643,105,10,2026-03-12,USD,RECEIVED
12644,PO-0012644,213,7,2023-04-07,USD,RECEIVED
12645,PO-0012645,368,8,2026-03-09,USD,RECEIVED
12646,PO-0012646,212,5,2024-01-01,USD,RECEIVED
12647,PO-0012647,154,12,2023-07-11,USD,OPEN
12648,PO-0012648,161,3,2025-04-23,USD,CANCELLED
12649,PO-0012649,249,6,2023-10-21,USD,RECEIVED
12650,PO-0012650,231,12,2023-07-12,USD,RECEIVED
12651,PO-0012651,172,12,2025-08-23,USD,RECEIVED
12652,PO-0012652,407,3,2024-03-28,USD,RECEIVED
12653,PO-0012653,44,4,2025-05-31,USD,RECEIVED
12654,PO-0012654,30,6,2025-04-04,USD,RECEIVED
12655,PO-0012655,283,5,2024-08-19,USD,OPEN
12656,PO-0012656,72,9,2023-12-07,USD,RECEIVED
12657,PO-0012657,232,3,2024-09-30,USD,CANCELLED
12658,PO-0012658,209,5,2025-04-06,USD,CANCELLED
12659,PO-0012659,189,4,2023-07-26,USD,RECEIVED
12660,PO-0012660,459,10,2024-11-07,USD,RECEIVED
12661,PO-0012661,427,1,2026-07-19,USD,RECEIVED
12662,PO-0012662,339,1,2025-01-06,USD,RECEIVED
12663,PO-0012663,421,1,2024-11-29,USD,RECEIVED
12664,PO-0012664,437,7,2024-08-04,USD,RECEIVED
12665,PO-0012665,41,8,2024-05-11,USD,RECEIVED
12666,PO-0012666,394,1,2023-05-06,USD,RECEIVED
12667,PO-0012667,359,5,2025-03-18,USD,RECEIVED
12668,PO-0012668,257,2,2023-09-18,USD,PARTIAL
12669,PO-0012669,137,10,2023-07-02,USD,CANCELLED
12670,PO-0012670,173,7,2025-12-09,USD,RECEIVED
12671,PO-0012671,74,11,2024-03-22,USD,RECEIVED
12672,PO-0012672,63,4,2025-07-13,USD,RECEIVED
12673,PO-0012673,492,11,2024-01-20,USD,RECEIVED
12674,PO-0012674,89,6,2023-09-18,USD,RECEIVED
12675,PO-0012675,359,10,2025-02-09,USD,RECEIVED
12676,PO-0012676,267,9,2023-12-10,USD,CANCELLED
12677,PO-0012677,470,4,2024-10-07,USD,RECEIVED
12678,PO-0012678,346,5,2024-09-29,USD,RECEIVED
12679,PO-0012679,197,6,2026-03-05,USD,RECEIVED
12680,PO-0012680,49,8,2024-08-31,USD,RECEIVED
12681,PO-0012681,93,5,2025-04-29,USD,RECEIVED
12682,PO-0012682,93,8,2024-02-07,USD,RECEIVED
12683,PO-0012683,128,1,2023-02-11,USD,CANCELLED
12684,PO-0012684,253,12,2025-10-24,USD,RECEIVED
12685,PO-0012685,344,7,2025-12-25,USD,OPEN
12686,PO-0012686,288,4,2026-05-10,USD,OPEN
12687,PO-0012687,282,1,2024-04-09,USD,CANCELLED
12688,PO-0012688,270,7,2023-12-12,USD,RECEIVED
12689,PO-0012689,402,10,2023-12-10,USD,RECEIVED
12690,PO-0012690,118,6,2024-10-13,USD,RECEIVED
12691,PO-0012691,401,1,2025-11-01,USD,RECEIVED
12692,PO-0012692,322,1,2023-03-17,USD,OPEN
12693,PO-0012693,190,1,2024-04-04,USD,RECEIVED
12694,PO-0012694,365,7,2025-01-24,USD,CANCELLED
12695,PO-0012695,172,12,2023-08-20,USD,RECEIVED
12696,PO-0012696,480,10,2026-05-30,USD,CANCELLED
12697,PO-0012697,246,10,2025-06-25,USD,RECEIVED
12698,PO-0012698,481,8,2024-09-05,USD,RECEIVED
12699,PO-0012699,384,6,2026-08-24,USD,RECEIVED
12700,PO-0012700,264,10,2025-12-18,USD,RECEIVED
12701,PO-0012701,353,8,2025-02-17,USD,CANCELLED
12702,PO-0012702,140,7,2024-02-12,USD,RECEIVED
12703,PO-0012703,288,2,2026-09-03,USD,RECEIVED
12704,PO-0012704,440,7,2024-09-28,USD,RECEIVED
12705,PO-0012705,190,3,2025-10-31,USD,RECEIVED
12706,PO-0012706,224,12,2026-05-31,USD,RECEIVED
12707,PO-0012707,216,12,2023-05-17,USD,RECEIVED
12708,PO-0012708,6,6,2023-06-24,USD,CANCELLED
12709,PO-0012709,217,4,2023-08-04,USD,RECEIVED
12710,PO-0012710,23,8,2024-08-21,USD,OPEN
12711,PO-0012711,292,12,2026-05-29,USD,RECEIVED
12712,PO-0012712,78,5,2024-09-08,USD,RECEIVED
12713,PO-0012713,11,5,2023-01-21,USD,CANCELLED
12714,PO-0012714,402,7,2025-02-03,USD,RECEIVED
12715,PO-0012715,247,12,2023-12-25,USD,RECEIVED
12716,PO-0012716,245,6,2023-04-28,USD,OPEN
12717,PO-0012717,493,5,2026-03-01,USD,RECEIVED
12718,PO-0012718,10,1,2024-06-04,USD,RECEIVED
12719,PO-0012719,355,3,2025-04-20,USD,RECEIVED
12720,PO-0012720,459,6,2023-09-04,USD,PARTIAL
12721,PO-0012721,4,12,2024-10-07,USD,RECEIVED
12722,PO-0012722,437,2,2024-09-10,USD,RECEIVED
12723,PO-0012723,150,4,2023-07-25,USD,RECEIVED
12724,PO-0012724,398,12,2023-10-28,USD,RECEIVED
12725,PO-0012725,108,7,2025-01-09,USD,RECEIVED
12726,PO-0012726,364,6,2025-02-16,USD,RECEIVED
12727,PO-0012727,93,10,2024-11-02,USD,PARTIAL
12728,PO-0012728,135,10,2023-08-17,USD,RECEIVED
12729,PO-0012729,98,12,2025-07-04,USD,OPEN
12730,PO-0012730,204,10,2023-02-26,USD,RECEIVED
12731,PO-0012731,361,11,2025-05-13,USD,RECEIVED
12732,PO-0012732,190,11,2023-03-09,USD,RECEIVED
12733,PO-0012733,154,9,2023-12-02,USD,RECEIVED
12734,PO-0012734,58,8,2023-07-29,USD,RECEIVED
12735,PO-0012735,116,2,2026-06-08,USD,OPEN
12736,PO-0012736,53,7,2023-06-17,USD,RECEIVED
12737,PO-0012737,201,4,2023-03-31,USD,RECEIVED
12738,PO-0012738,320,8,2026-09-22,USD,PARTIAL
12739,PO-0012739,163,10,2023-01-31,USD,PARTIAL
12740,PO-0012740,145,2,2024-09-04,USD,CANCELLED
12741,PO-0012741,40,10,2023-07-16,USD,RECEIVED
12742,PO-0012742,375,7,2024-07-21,USD,PARTIAL
12743,PO-0012743,288,1,2025-04-17,USD,OPEN
12744,PO-0012744,223,12,2023-03-23,USD,RECEIVED
12745,PO-0012745,165,12,2026-04-20,USD,RECEIVED
12746,PO-0012746,347,5,2025-11-29,USD,RECEIVED
12747,PO-0012747,240,5,2025-12-30,USD,PARTIAL
12748,PO-0012748,389,4,2025-02-01,USD,RECEIVED
12749,PO-0012749,171,5,2024-11-25,USD,RECEIVED
12750,PO-0012750,352,11,2026-03-05,USD,PARTIAL
12751,PO-0012751,259,4,2025-11-23,USD,RECEIVED
12752,PO-0012752,370,4,2026-04-25,USD,RECEIVED
12753,PO-0012753,238,12,2023-06-23,USD,RECEIVED
12754,PO-0012754,483,4,2023-08-25,USD,OPEN
12755,PO-0012755,476,12,2025-10-28,USD,RECEIVED
12756,PO-0012756,411,8,2025-12-25,USD,OPEN
12757,PO-0012757,181,10,2023-08-14,USD,PARTIAL
12758,PO-0012758,24,9,2025-12-04,USD,RECEIVED
12759,PO-0012759,312,5,2023-05-01,USD,RECEIVED
12760,PO-0012760,8,10,2023-09-24,USD,RECEIVED
12761,PO-0012761,364,7,2026-03-11,USD,RECEIVED
12762,PO-0012762,319,5,2023-03-31,USD,RECEIVED
12763,PO-0012763,494,12,2024-10-10,USD,RECEIVED
12764,PO-0012764,415,12,2025-07-14,USD,OPEN
12765,PO-0012765,188,3,2026-01-22,USD,RECEIVED
12766,PO-0012766,63,5,2025-10-29,USD,RECEIVED
12767,PO-0012767,338,9,2023-10-30,USD,RECEIVED
12768,PO-0012768,451,10,2024-03-03,USD,RECEIVED
12769,PO-0012769,434,6,2024-10-31,USD,RECEIVED
12770,PO-0012770,422,8,2024-08-14,USD,RECEIVED
12771,PO-0012771,423,4,2024-08-11,USD,RECEIVED
12772,PO-0012772,127,10,2023-08-18,USD,RECEIVED
12773,PO-0012773,195,6,2026-03-21,USD,OPEN
12774,PO-0012774,421,6,2024-08-29,USD,RECEIVED
12775,PO-0012775,222,7,2024-04-22,USD,RECEIVED
12776,PO-0012776,104,2,2023-08-13,USD,RECEIVED
12777,PO-0012777,143,12,2025-04-08,USD,RECEIVED
12778,PO-0012778,319,2,2024-07-28,USD,RECEIVED
12779,PO-0012779,413,1,2025-01-03,USD,RECEIVED
12780,PO-0012780,406,5,2026-07-20,USD,OPEN
12781,PO-0012781,127,7,2023-03-10,USD,CANCELLED
12782,PO-0012782,418,2,2026-07-31,USD,RECEIVED
12783,PO-0012783,403,6,2026-01-27,USD,RECEIVED
12784,PO-0012784,60,5,2024-12-03,USD,RECEIVED
12785,PO-0012785,92,11,2026-08-06,USD,RECEIVED
12786,PO-0012786,259,3,2023-05-03,USD,CANCELLED
12787,PO-0012787,194,7,2023-10-16,USD,RECEIVED
12788,PO-0012788,38,4,2023-02-23,USD,RECEIVED
12789,PO-0012789,269,4,2026-07-20,USD,RECEIVED
12790,PO-0012790,206,7,2025-03-29,USD,OPEN
12791,PO-0012791,268,11,2024-12-16,USD,RECEIVED
12792,PO-0012792,44,11,2023-09-28,USD,OPEN
12793,PO-0012793,100,2,2023-09-22,USD,RECEIVED
12794,PO-0012794,136,8,2026-06-03,USD,RECEIVED
12795,PO-0012795,44,3,2025-08-30,USD,RECEIVED
12796,PO-0012796,31,1,2024-08-14,USD,RECEIVED
12797,PO-0012797,235,12,2023-02-11,USD,PARTIAL
12798,PO-0012798,387,4,2025-08-30,USD,PARTIAL
12799,PO-0012799,135,12,2026-10-01,USD,PARTIAL
12800,PO-0012800,307,10,2023-06-18,USD,RECEIVED
12801,PO-0012801,299,7,2024-09-19,USD,RECEIVED
12802,PO-0012802,493,12,2023-05-03,USD,RECEIVED
12803,PO-0012803,80,7,2026-04-02,USD,RECEIVED
12804,PO-0012804,3,10,2026-08-30,USD,RECEIVED
12805,PO-0012805,76,5,2023-03-30,USD,CANCELLED
12806,PO-0012806,226,10,2023-06-21,USD,RECEIVED
12807,PO-0012807,253,4,2023-06-11,USD,CANCELLED
12808,PO-0012808,243,2,2025-12-21,USD,RECEIVED
12809,PO-0012809,464,5,2024-04-28,USD,RECEIVED
12810,PO-0012810,266,1,2023-09-24,USD,PARTIAL
12811,PO-0012811,382,4,2024-09-17,USD,RECEIVED
12812,PO-0012812,435,8,2023-03-08,USD,OPEN
12813,PO-0012813,52,8,2024-07-19,USD,OPEN
12814,PO-0012814,437,9,2025-09-28,USD,RECEIVED
12815,PO-0012815,385,10,2023-03-30,USD,RECEIVED
12816,PO-0012816,115,8,2023-08-14,USD,RECEIVED
12817,PO-0012817,168,6,2024-12-21,USD,OPEN
12818,PO-0012818,355,9,2024-10-28,USD,RECEIVED
12819,PO-0012819,107,6,2024-11-28,USD,RECEIVED
12820,PO-0012820,483,4,2025-07-28,USD,RECEIVED
12821,PO-0012821,421,3,2023-06-09,USD,RECEIVED
12822,PO-0012822,160,1,2023-02-13,USD,OPEN
12823,PO-0012823,325,3,2026-04-10,USD,PARTIAL
12824,PO-0012824,248,6,2024-02-24,USD,RECEIVED
12825,PO-0012825,243,5,2025-11-01,USD,CANCELLED
12826,PO-0012826,215,12,2023-02-17,USD,RECEIVED
12827,PO-0012827,287,11,2023-10-09,USD,RECEIVED
12828,PO-0012828,142,10,2025-08-04,USD,RECEIVED
12829,PO-0012829,425,8,2024-09-14,USD,RECEIVED
12830,PO-0012830,157,8,2025-04-05,USD,RECEIVED
12831,PO-0012831,312,3,2024-11-29,USD,RECEIVED
12832,PO-0012832,42,6,2026-06-15,USD,OPEN
12833,PO-0012833,273,12,2026-02-07,USD,RECEIVED
12834,PO-0012834,263,5,2024-02-24,USD,OPEN
12835,PO-0012835,405,7,2023-12-13,USD,PARTIAL
12836,PO-0012836,121,5,2023-04-28,USD,RECEIVED
12837,PO-0012837,135,5,2023-03-22,USD,RECEIVED
12838,PO-0012838,390,2,2024-10-09,USD,CANCELLED
12839,PO-0012839,371,6,2023-01-21,USD,RECEIVED
12840,PO-0012840,421,2,2024-02-08,USD,RECEIVED
12841,PO-0012841,480,10,2026-07-17,USD,RECEIVED
12842,PO-0012842,34,9,2026-08-24,USD,OPEN
12843,PO-0012843,442,2,2025-01-27,USD,RECEIVED
12844,PO-0012844,77,1,2026-01-04,USD,OPEN
12845,PO-0012845,430,12,2025-09-16,USD,RECEIVED
12846,PO-0012846,224,5,2024-05-04,USD,RECEIVED
12847,PO-0012847,218,10,2025-02-07,USD,RECEIVED
12848,PO-0012848,80,5,2024-09-05,USD,PARTIAL
12849,PO-0012849,54,4,2026-06-17,USD,RECEIVED
12850,PO-0012850,330,5,2024-11-14,USD,OPEN
12851,PO-0012851,235,9,2025-04-19,USD,OPEN
12852,PO-0012852,321,11,2026-06-27,USD,RECEIVED
12853,PO-0012853,42,4,2025-07-24,USD,RECEIVED
12854,PO-0012854,245,8,2025-03-01,USD,RECEIVED
12855,PO-0012855,398,12,2024-06-01,USD,RECEIVED
12856,PO-0012856,273,10,2025-01-05,USD,PARTIAL
12857,PO-0012857,50,2,2025-07-26,USD,RECEIVED
12858,PO-0012858,120,12,2024-02-18,USD,CANCELLED
12859,PO-0012859,138,5,2025-11-29,USD,CANCELLED
12860,PO-0012860,447,3,2025-11-24,USD,RECEIVED
12861,PO-0012861,345,3,2024-02-27,USD,RECEIVED
12862,PO-0012862,446,3,2025-08-30,USD,RECEIVED
12863,PO-0012863,408,5,2025-08-10,USD,CANCELLED
12864,PO-0012864,471,5,2026-06-11,USD,RECEIVED
12865,PO-0012865,234,6,2023-10-22,USD,RECEIVED
12866,PO-0012866,132,10,2024-02-27,USD,RECEIVED
12867,PO-0012867,234,8,2025-07-17,USD,RECEIVED
12868,PO-0012868,449,8,2024-11-01,USD,RECEIVED
12869,PO-0012869,486,11,2023-12-12,USD,RECEIVED
12870,PO-0012870,290,10,2024-09-25,USD,RECEIVED
12871,PO-0012871,154,10,2025-11-16,USD,RECEIVED
12872,PO-0012872,307,12,2024-11-25,USD,RECEIVED
12873,PO-0012873,9,10,2024-03-03,USD,RECEIVED
12874,PO-0012874,115,6,2024-02-21,USD,PARTIAL
12875,PO-0012875,262,12,2025-12-31,USD,RECEIVED
12876,PO-0012876,332,10,2023-10-09,USD,CANCELLED
12877,PO-0012877,457,8,2024-11-04,USD,RECEIVED
12878,PO-0012878,22,4,2025-02-20,USD,RECEIVED
12879,PO-0012879,411,2,2026-01-03,USD,RECEIVED
12880,PO-0012880,492,12,2025-02-14,USD,RECEIVED
12881,PO-0012881,277,8,2025-03-16,USD,OPEN
12882,PO-0012882,39,12,2026-05-23,USD,RECEIVED
12883,PO-0012883,75,1,2026-07-26,USD,PARTIAL
12884,PO-0012884,72,8,2026-07-19,USD,RECEIVED
12885,PO-0012885,196,11,2026-03-09,USD,RECEIVED
12886,PO-0012886,281,5,2023-12-31,USD,PARTIAL
12887,PO-0012887,442,1,2023-04-15,USD,RECEIVED
12888,PO-0012888,135,8,2023-10-16,USD,OPEN
12889,PO-0012889,35,3,2025-07-10,USD,OPEN
12890,PO-0012890,86,2,2024-04-23,USD,RECEIVED
12891,PO-0012891,328,10,2026-06-20,USD,RECEIVED
12892,PO-0012892,123,4,2024-07-07,USD,PARTIAL
12893,PO-0012893,403,3,2024-09-27,USD,RECEIVED
12894,PO-0012894,199,7,2024-08-26,USD,RECEIVED
12895,PO-0012895,157,12,2023-08-02,USD,RECEIVED
12896,PO-0012896,432,7,2023-04-05,USD,RECEIVED
12897,PO-0012897,151,7,2025-12-26,USD,RECEIVED
12898,PO-0012898,156,12,2023-06-10,USD,CANCELLED
12899,PO-0012899,187,5,2025-10-20,USD,RECEIVED
12900,PO-0012900,274,6,2025-09-01,USD,RECEIVED
12901,PO-0012901,462,6,2024-12-10,USD,RECEIVED
12902,PO-0012902,235,12,2026-02-17,USD,PARTIAL
12903,PO-0012903,98,3,2025-11-06,USD,RECEIVED
12904,PO-0012904,482,2,2025-02-05,USD,RECEIVED
12905,PO-0012905,113,8,2024-09-20,USD,RECEIVED
12906,PO-0012906,402,4,2023-11-10,USD,RECEIVED
12907,PO-0012907,51,1,2024-08-15,USD,PARTIAL
12908,PO-0012908,409,7,2026-09-04,USD,CANCELLED
12909,PO-0012909,247,2,2026-06-14,USD,RECEIVED
12910,PO-0012910,200,3,2025-09-20,USD,RECEIVED
12911,PO-0012911,222,2,2026-09-27,USD,RECEIVED
12912,PO-0012912,36,5,2026-02-20,USD,RECEIVED
12913,PO-0012913,320,7,2026-02-25,USD,RECEIVED
12914,PO-0012914,31,10,2023-01-30,USD,RECEIVED
12915,PO-0012915,191,3,2026-02-20,USD,RECEIVED
12916,PO-0012916,4,12,2026-03-05,USD,RECEIVED
12917,PO-0012917,306,5,2025-01-13,USD,RECEIVED
12918,PO-0012918,96,4,2023-02-03,USD,CANCELLED
12919,PO-0012919,281,10,2025-02-07,USD,RECEIVED
12920,PO-0012920,3,8,2024-08-01,USD,RECEIVED
12921,PO-0012921,281,6,2025-02-08,USD,OPEN
12922,PO-0012922,436,10,2026-01-03,USD,CANCELLED
12923,PO-0012923,208,7,2024-03-21,USD,RECEIVED
12924,PO-0012924,255,2,2024-11-21,USD,RECEIVED
12925,PO-0012925,228,10,2026-08-13,USD,RECEIVED
12926,PO-0012926,287,12,2023-11-13,USD,OPEN
12927,PO-0012927,15,9,2023-04-25,USD,RECEIVED
12928,PO-0012928,304,6,2025-08-12,USD,RECEIVED
12929,PO-0012929,406,3,2023-10-31,USD,RECEIVED
12930,PO-0012930,486,5,2025-03-01,USD,RECEIVED
12931,PO-0012931,261,10,2024-12-15,USD,RECEIVED
12932,PO-0012932,277,9,2026-08-03,USD,RECEIVED
12933,PO-0012933,367,4,2023-11-19,USD,RECEIVED
12934,PO-0012934,229,4,2025-04-02,USD,PARTIAL
12935,PO-0012935,465,6,2025-05-23,USD,PARTIAL
12936,PO-0012936,333,12,2024-07-03,USD,RECEIVED
12937,PO-0012937,210,6,2026-03-14,USD,RECEIVED
12938,PO-0012938,139,11,2024-11-11,USD,RECEIVED
12939,PO-0012939,34,7,2025-06-05,USD,PARTIAL
12940,PO-0012940,304,5,2024-11-02,USD,RECEIVED
12941,PO-0012941,489,8,2026-06-13,USD,PARTIAL
12942,PO-0012942,310,4,2025-05-20,USD,RECEIVED
12943,PO-0012943,424,6,2024-03-03,USD,RECEIVED
12944,PO-0012944,270,10,2025-08-07,USD,OPEN
12945,PO-0012945,48,7,2023-05-23,USD,RECEIVED
12946,PO-0012946,384,5,2023-01-18,USD,RECEIVED
12947,PO-0012947,438,12,2023-08-09,USD,RECEIVED
12948,PO-0012948,26,7,2024-04-20,USD,RECEIVED
12949,PO-0012949,194,1,2025-03-24,USD,RECEIVED
12950,PO-0012950,144,12,2024-02-16,USD,RECEIVED
12951,PO-0012951,272,10,2025-12-04,USD,RECEIVED
12952,PO-0012952,476,12,2023-09-15,USD,RECEIVED
12953,PO-0012953,467,10,2026-09-10,USD,RECEIVED
12954,PO-0012954,104,8,2024-02-13,USD,RECEIVED
12955,PO-0012955,446,2,2023-12-09,USD,RECEIVED
12956,PO-0012956,369,5,2025-02-20,USD,RECEIVED
12957,PO-0012957,430,1,2026-01-21,USD,PARTIAL
12958,PO-0012958,341,8,2026-06-13,USD,CANCELLED
12959,PO-0012959,420,3,2024-12-05,USD,RECEIVED
12960,PO-0012960,349,3,2023-06-07,USD,RECEIVED
12961,PO-0012961,217,4,2024-06-08,USD,RECEIVED
12962,PO-0012962,310,1,2026-05-04,USD,RECEIVED
12963,PO-0012963,115,1,2023-12-29,USD,RECEIVED
12964,PO-0012964,272,1,2025-12-22,USD,RECEIVED
12965,PO-0012965,237,12,2025-08-21,USD,RECEIVED
12966,PO-0012966,407,1,2024-11-27,USD,RECEIVED
12967,PO-0012967,153,3,2025-11-24,USD,RECEIVED
12968,PO-0012968,48,6,2024-08-11,USD,RECEIVED
12969,PO-0012969,88,2,2026-01-09,USD,RECEIVED
12970,PO-0012970,393,11,2023-01-21,USD,RECEIVED
12971,PO-0012971,22,9,2025-02-16,USD,OPEN
12972,PO-0012972,329,6,2024-09-05,USD,RECEIVED
12973,PO-0012973,188,7,2024-08-24,USD,RECEIVED
12974,PO-0012974,258,2,2025-05-15,USD,PARTIAL
12975,PO-0012975,443,4,2023-03-08,USD,RECEIVED
12976,PO-0012976,35,7,2026-04-21,USD,RECEIVED
12977,PO-0012977,326,3,2025-09-29,USD,RECEIVED
12978,PO-0012978,314,11,2026-05-07,USD,PARTIAL
12979,PO-0012979,127,5,2025-08-08,USD,CANCELLED
12980,PO-0012980,387,4,2026-09-22,USD,PARTIAL
12981,PO-0012981,481,3,2023-10-20,USD,OPEN
12982,PO-0012982,453,6,2024-11-19,USD,OPEN
12983,PO-0012983,196,5,2026-09-13,USD,RECEIVED
12984,PO-0012984,369,6,2024-11-25,USD,OPEN
12985,PO-0012985,363,9,2023-10-25,USD,OPEN
12986,PO-0012986,366,3,2026-04-02,USD,PARTIAL
12987,PO-0012987,59,10,2024-04-09,USD,RECEIVED
12988,PO-0012988,273,2,2026-05-18,USD,CANCELLED
12989,PO-0012989,338,4,2025-12-10,USD,RECEIVED
12990,PO-0012990,204,1,2024-07-21,USD,CANCELLED
12991,PO-0012991,65,3,2023-01-03,USD,CANCELLED
12992,PO-0012992,360,2,2024-05-20,USD,RECEIVED
12993,PO-0012993,47,1,2025-08-19,USD,CANCELLED
12994,PO-0012994,361,8,2025-08-09,USD,RECEIVED
12995,PO-0012995,115,12,2023-01-31,USD,CANCELLED
12996,PO-0012996,356,4,2026-06-04,USD,RECEIVED
12997,PO-0012997,58,4,2025-08-24,USD,CANCELLED
12998,PO-0012998,367,7,2024-02-10,USD,RECEIVED
12999,PO-0012999,77,2,2023-01-22,USD,OPEN
13000,PO-0013000,117,9,2026-07-20,USD,RECEIVED
13001,PO-0013001,38,4,2024-06-27,USD,CANCELLED
13002,PO-0013002,155,9,2023-07-04,USD,RECEIVED
13003,PO-0013003,442,8,2023-03-14,USD,OPEN
13004,PO-0013004,114,11,2026-03-29,USD,PARTIAL
13005,PO-0013005,178,11,2024-05-11,USD,RECEIVED
13006,PO-0013006,306,2,2025-05-17,USD,RECEIVED
13007,PO-0013007,201,2,2024-05-24,USD,RECEIVED
13008,PO-0013008,381,4,2023-09-30,USD,CANCELLED
13009,PO-0013009,239,12,2025-06-19,USD,RECEIVED
13010,PO-0013010,125,2,2023-04-10,USD,PARTIAL
13011,PO-0013011,414,5,2026-05-28,USD,CANCELLED
13012,PO-0013012,387,9,2023-07-28,USD,RECEIVED
13013,PO-0013013,145,3,2024-02-25,USD,CANCELLED
13014,PO-0013014,155,10,2024-02-23,USD,RECEIVED
13015,PO-0013015,297,6,2025-07-21,USD,RECEIVED
13016,PO-0013016,393,1,2026-05-30,USD,RECEIVED
13017,PO-0013017,202,3,2025-04-20,USD,RECEIVED
13018,PO-0013018,115,11,2024-11-13,USD,RECEIVED
13019,PO-0013019,345,9,2024-01-14,USD,RECEIVED
13020,PO-0013020,464,12,2024-11-05,USD,CANCELLED
13021,PO-0013021,234,5,2023-03-15,USD,RECEIVED
13022,PO-0013022,236,2,2025-01-11,USD,RECEIVED
13023,PO-0013023,251,11,2023-12-14,USD,PARTIAL
13024,PO-0013024,102,8,2024-12-15,USD,PARTIAL
13025,PO-0013025,124,1,2024-07-13,USD,RECEIVED
13026,PO-0013026,173,10,2023-03-10,USD,RECEIVED
13027,PO-0013027,225,3,2024-10-08,USD,RECEIVED
13028,PO-0013028,313,8,2023-10-25,USD,PARTIAL
13029,PO-0013029,64,7,2025-08-04,USD,OPEN
13030,PO-0013030,16,3,2023-10-04,USD,RECEIVED
13031,PO-0013031,347,11,2025-12-22,USD,RECEIVED
13032,PO-0013032,190,9,2024-10-05,USD,RECEIVED
13033,PO-0013033,349,12,2026-01-23,USD,PARTIAL
13034,PO-0013034,494,5,2026-07-07,USD,RECEIVED
13035,PO-0013035,432,4,2023-02-08,USD,RECEIVED
13036,PO-0013036,82,6,2025-10-03,USD,RECEIVED
13037,PO-0013037,278,7,2025-09-08,USD,OPEN
13038,PO-0013038,207,2,2026-08-19,USD,RECEIVED
13039,PO-0013039,128,3,2025-07-03,USD,RECEIVED
13040,PO-0013040,181,9,2025-01-30,USD,RECEIVED
13041,PO-0013041,436,11,2023-06-19,USD,OPEN
13042,PO-0013042,162,7,2025-04-24,USD,OPEN
13043,PO-0013043,231,4,2023-10-20,USD,PARTIAL
13044,PO-0013044,476,5,2025-09-03,USD,RECEIVED
13045,PO-0013045,238,3,2025-11-04,USD,RECEIVED
13046,PO-0013046,140,8,2025-02-06,USD,RECEIVED
13047,PO-0013047,122,11,2024-09-25,USD,RECEIVED
13048,PO-0013048,286,1,2024-08-23,USD,RECEIVED
13049,PO-0013049,450,2,2025-06-20,USD,RECEIVED
13050,PO-0013050,48,11,2023-05-14,USD,RECEIVED
13051,PO-0013051,418,3,2024-07-13,USD,CANCELLED
13052,PO-0013052,411,12,2025-01-21,USD,PARTIAL
13053,PO-0013053,498,5,2024-01-06,USD,RECEIVED
13054,PO-0013054,451,3,2026-05-25,USD,CANCELLED
13055,PO-0013055,240,12,2025-06-10,USD,RECEIVED
13056,PO-0013056,443,12,2024-11-04,USD,PARTIAL
13057,PO-0013057,403,11,2024-11-22,USD,RECEIVED
13058,PO-0013058,215,9,2023-06-28,USD,CANCELLED
13059,PO-0013059,51,1,2023-10-23,USD,OPEN
13060,PO-0013060,235,11,2024-07-17,USD,RECEIVED
13061,PO-0013061,197,2,2023-07-13,USD,RECEIVED
13062,PO-0013062,223,5,2024-11-10,USD,CANCELLED
13063,PO-0013063,16,7,2026-06-27,USD,CANCELLED
13064,PO-0013064,316,1,2024-11-22,USD,RECEIVED
13065,PO-0013065,95,11,2024-08-31,USD,RECEIVED
13066,PO-0013066,80,11,2023-03-08,USD,RECEIVED
13067,PO-0013067,6,4,2025-06-23,USD,RECEIVED
13068,PO-0013068,213,11,2025-12-09,USD,OPEN
13069,PO-0013069,256,7,2025-01-03,USD,RECEIVED
13070,PO-0013070,495,6,2025-02-11,USD,RECEIVED
13071,PO-0013071,224,12,2025-10-15,USD,RECEIVED
13072,PO-0013072,76,3,2026-08-09,USD,OPEN
13073,PO-0013073,486,10,2023-04-25,USD,RECEIVED
13074,PO-0013074,313,6,2024-08-01,USD,RECEIVED
13075,PO-0013075,170,1,2023-10-18,USD,RECEIVED
13076,PO-0013076,193,7,2026-04-30,USD,RECEIVED
13077,PO-0013077,153,9,2024-07-14,USD,RECEIVED
13078,PO-0013078,341,4,2023-09-01,USD,RECEIVED
13079,PO-0013079,417,2,2024-01-04,USD,OPEN
13080,PO-0013080,357,4,2024-01-17,USD,RECEIVED
13081,PO-0013081,9,9,2024-07-26,USD,RECEIVED
13082,PO-0013082,314,11,2025-08-01,USD,RECEIVED
13083,PO-0013083,84,5,2025-07-17,USD,RECEIVED
13084,PO-0013084,198,11,2025-12-28,USD,OPEN
13085,PO-0013085,136,2,2026-05-07,USD,PARTIAL
13086,PO-0013086,127,5,2025-04-20,USD,RECEIVED
13087,PO-0013087,461,11,2025-03-09,USD,RECEIVED
13088,PO-0013088,323,8,2024-04-14,USD,RECEIVED
13089,PO-0013089,287,1,2024-04-11,USD,RECEIVED
13090,PO-0013090,326,1,2023-03-30,USD,RECEIVED
13091,PO-0013091,479,2,2026-02-06,USD,PARTIAL
13092,PO-0013092,230,2,2024-04-16,USD,RECEIVED
13093,PO-0013093,445,7,2026-05-13,USD,OPEN
13094,PO-0013094,317,6,2025-08-20,USD,CANCELLED
13095,PO-0013095,394,9,2026-04-16,USD,RECEIVED
13096,PO-0013096,444,1,2024-09-19,USD,CANCELLED
13097,PO-0013097,213,5,2023-05-10,USD,RECEIVED
13098,PO-0013098,99,9,2026-08-12,USD,RECEIVED
13099,PO-0013099,121,6,2025-05-13,USD,OPEN
13100,PO-0013100,367,2,2025-12-12,USD,RECEIVED
13101,PO-0013101,114,4,2025-08-27,USD,CANCELLED
13102,PO-0013102,291,9,2024-09-16,USD,RECEIVED
13103,PO-0013103,161,9,2023-08-24,USD,RECEIVED
13104,PO-0013104,150,9,2025-11-08,USD,OPEN
13105,PO-0013105,467,1,2023-03-13,USD,PARTIAL
13106,PO-0013106,193,7,2024-10-03,USD,RECEIVED
13107,PO-0013107,357,9,2023-03-20,USD,PARTIAL
13108,PO-0013108,295,9,2024-07-25,USD,RECEIVED
13109,PO-0013109,413,11,2024-11-30,USD,PARTIAL
13110,PO-0013110,490,1,2025-07-20,USD,OPEN
13111,PO-0013111,138,9,2023-07-24,USD,RECEIVED
13112,PO-0013112,483,2,2023-11-04,USD,RECEIVED
13113,PO-0013113,435,8,2024-03-06,USD,RECEIVED
13114,PO-0013114,137,8,2026-09-01,USD,PARTIAL
13115,PO-0013115,307,5,2023-07-31,USD,CANCELLED
13116,PO-0013116,86,10,2023-11-24,USD,RECEIVED
13117,PO-0013117,21,8,2023-01-25,USD,RECEIVED
13118,PO-0013118,455,12,2025-08-01,USD,PARTIAL
13119,PO-0013119,378,1,2023-10-02,USD,RECEIVED
13120,PO-0013120,151,11,2025-09-21,USD,RECEIVED
13121,PO-0013121,296,8,2025-12-14,USD,RECEIVED
13122,PO-0013122,222,6,2025-06-04,USD,RECEIVED
13123,PO-0013123,62,5,2025-10-12,USD,CANCELLED
13124,PO-0013124,399,8,2023-06-18,USD,RECEIVED
13125,PO-0013125,152,11,2025-08-11,USD,RECEIVED
13126,PO-0013126,424,7,2025-05-22,USD,PARTIAL
13127,PO-0013127,14,8,2024-03-25,USD,RECEIVED
13128,PO-0013128,208,8,2023-02-15,USD,RECEIVED
13129,PO-0013129,43,10,2025-03-21,USD,RECEIVED
13130,PO-0013130,110,2,2025-05-05,USD,RECEIVED
13131,PO-0013131,441,3,2024-10-10,USD,CANCELLED
13132,PO-0013132,82,11,2024-08-15,USD,RECEIVED
13133,PO-0013133,396,6,2025-02-13,USD,CANCELLED
13134,PO-0013134,483,1,2026-07-01,USD,RECEIVED
13135,PO-0013135,318,2,2024-01-21,USD,RECEIVED
13136,PO-0013136,71,4,2024-11-15,USD,RECEIVED
13137,PO-0013137,436,7,2023-05-27,USD,RECEIVED
13138,PO-0013138,485,6,2026-06-16,USD,RECEIVED
13139,PO-0013139,4,4,2026-06-24,USD,PARTIAL
13140,PO-0013140,497,1,2023-06-01,USD,CANCELLED
13141,PO-0013141,203,6,2023-02-14,USD,RECEIVED
13142,PO-0013142,72,7,2024-06-12,USD,RECEIVED
13143,PO-0013143,236,4,2026-07-17,USD,RECEIVED
13144,PO-0013144,266,12,2025-10-07,USD,PARTIAL
13145,PO-0013145,20,10,2025-08-02,USD,CANCELLED
13146,PO-0013146,338,7,2023-03-09,USD,RECEIVED
13147,PO-0013147,293,1,2026-04-11,USD,PARTIAL
13148,PO-0013148,250,7,2025-10-22,USD,RECEIVED
13149,PO-0013149,371,5,2024-07-09,USD,PARTIAL
13150,PO-0013150,457,10,2026-03-04,USD,RECEIVED
13151,PO-0013151,295,7,2026-06-30,USD,RECEIVED
13152,PO-0013152,260,10,2023-04-28,USD,RECEIVED
13153,PO-0013153,7,6,2025-09-10,USD,RECEIVED
13154,PO-0013154,2,4,2025-11-15,USD,RECEIVED
13155,PO-0013155,69,5,2024-09-02,USD,RECEIVED
13156,PO-0013156,42,2,2026-06-10,USD,CANCELLED
13157,PO-0013157,483,3,2023-02-06,USD,RECEIVED
13158,PO-0013158,194,3,2025-06-07,USD,OPEN
13159,PO-0013159,10,3,2026-09-27,USD,RECEIVED
13160,PO-0013160,277,2,2026-06-07,USD,RECEIVED
13161,PO-0013161,185,3,2024-09-13,USD,CANCELLED
13162,PO-0013162,55,2,2025-05-26,USD,OPEN
13163,PO-0013163,52,12,2025-02-02,USD,RECEIVED
13164,PO-0013164,446,11,2026-02-01,USD,RECEIVED
13165,PO-0013165,128,3,2026-04-12,USD,RECEIVED
13166,PO-0013166,11,9,2025-08-03,USD,CANCELLED
13167,PO-0013167,243,5,2023-03-12,USD,RECEIVED
13168,PO-0013168,144,6,2024-02-25,USD,RECEIVED
13169,PO-0013169,201,9,2023-12-24,USD,CANCELLED
13170,PO-0013170,155,3,2026-09-22,USD,RECEIVED
13171,PO-0013171,119,8,2025-05-19,USD,RECEIVED
13172,PO-0013172,428,1,2023-04-28,USD,RECEIVED
13173,PO-0013173,243,10,2025-06-19,USD,PARTIAL
13174,PO-0013174,396,12,2023-06-12,USD,RECEIVED
13175,PO-0013175,478,3,2023-06-08,USD,RECEIVED
13176,PO-0013176,234,8,2025-06-30,USD,RECEIVED
13177,PO-0013177,135,4,2026-06-04,USD,RECEIVED
13178,PO-0013178,248,2,2024-12-21,USD,RECEIVED
13179,PO-0013179,366,9,2023-10-10,USD,RECEIVED
13180,PO-0013180,410,3,2023-03-04,USD,OPEN
13181,PO-0013181,495,5,2023-01-11,USD,RECEIVED
13182,PO-0013182,472,6,2026-09-16,USD,RECEIVED
13183,PO-0013183,8,6,2024-11-23,USD,RECEIVED
13184,PO-0013184,499,2,2025-03-11,USD,PARTIAL
13185,PO-0013185,246,5,2025-08-25,USD,RECEIVED
13186,PO-0013186,310,4,2024-04-30,USD,RECEIVED
13187,PO-0013187,159,11,2026-06-05,USD,RECEIVED
13188,PO-0013188,438,5,2025-04-29,USD,RECEIVED
13189,PO-0013189,464,1,2023-06-23,USD,RECEIVED
13190,PO-0013190,16,8,2025-07-19,USD,PARTIAL
13191,PO-0013191,167,12,2024-05-26,USD,RECEIVED
13192,PO-0013192,219,6,2024-11-06,USD,RECEIVED
13193,PO-0013193,19,6,2023-11-06,USD,OPEN
13194,PO-0013194,400,11,2023-12-08,USD,CANCELLED
13195,PO-0013195,273,4,2024-03-06,USD,OPEN
13196,PO-0013196,94,3,2024-02-15,USD,RECEIVED
13197,PO-0013197,343,5,2024-09-23,USD,RECEIVED
13198,PO-0013198,444,5,2025-06-27,USD,RECEIVED
13199,PO-0013199,323,9,2025-08-05,USD,RECEIVED
13200,PO-0013200,191,1,2024-01-07,USD,RECEIVED
13201,PO-0013201,219,9,2026-08-19,USD,RECEIVED
13202,PO-0013202,200,7,2024-05-23,USD,RECEIVED
13203,PO-0013203,11,3,2023-08-26,USD,RECEIVED
13204,PO-0013204,23,2,2025-09-06,USD,OPEN
13205,PO-0013205,38,2,2024-12-03,USD,PARTIAL
13206,PO-0013206,45,5,2024-01-22,USD,RECEIVED
13207,PO-0013207,469,4,2026-01-17,USD,RECEIVED
13208,PO-0013208,268,12,2026-02-06,USD,RECEIVED
13209,PO-0013209,184,8,2023-05-27,USD,RECEIVED
13210,PO-0013210,256,6,2023-08-11,USD,RECEIVED
13211,PO-0013211,152,12,2026-07-16,USD,RECEIVED
13212,PO-0013212,279,5,2024-03-14,USD,CANCELLED
13213,PO-0013213,374,9,2025-02-17,USD,PARTIAL
13214,PO-0013214,243,9,2026-05-09,USD,RECEIVED
13215,PO-0013215,55,9,2024-04-22,USD,OPEN
13216,PO-0013216,83,6,2024-02-26,USD,CANCELLED
13217,PO-0013217,118,12,2025-09-12,USD,PARTIAL
13218,PO-0013218,257,2,2024-02-24,USD,OPEN
13219,PO-0013219,412,8,2026-09-09,USD,RECEIVED
13220,PO-0013220,246,6,2026-03-02,USD,RECEIVED
13221,PO-0013221,216,1,2024-04-07,USD,PARTIAL
13222,PO-0013222,100,12,2026-03-16,USD,OPEN
13223,PO-0013223,108,1,2024-08-21,USD,RECEIVED
13224,PO-0013224,172,8,2023-02-10,USD,RECEIVED
13225,PO-0013225,307,7,2025-01-30,USD,RECEIVED
13226,PO-0013226,46,4,2023-08-25,USD,OPEN
13227,PO-0013227,186,10,2025-09-23,USD,RECEIVED
13228,PO-0013228,127,12,2025-06-01,USD,RECEIVED
13229,PO-0013229,468,11,2026-01-27,USD,RECEIVED
13230,PO-0013230,345,11,2025-02-19,USD,CANCELLED
13231,PO-0013231,44,12,2024-10-25,USD,RECEIVED
13232,PO-0013232,86,9,2024-03-30,USD,RECEIVED
13233,PO-0013233,156,4,2025-05-26,USD,RECEIVED
13234,PO-0013234,106,11,2026-05-24,USD,RECEIVED
13235,PO-0013235,181,7,2026-03-23,USD,RECEIVED
13236,PO-0013236,10,3,2026-02-11,USD,PARTIAL
13237,PO-0013237,113,4,2025-07-02,USD,RECEIVED
13238,PO-0013238,405,6,2024-06-07,USD,RECEIVED
13239,PO-0013239,412,4,2026-01-22,USD,RECEIVED
13240,PO-0013240,453,9,2023-12-19,USD,PARTIAL
13241,PO-0013241,34,4,2023-06-12,USD,RECEIVED
13242,PO-0013242,5,2,2026-06-04,USD,OPEN
13243,PO-0013243,129,2,2024-05-31,USD,RECEIVED
13244,PO-0013244,395,5,2025-12-21,USD,RECEIVED
13245,PO-0013245,426,8,2024-11-02,USD,RECEIVED
13246,PO-0013246,193,1,2024-05-07,USD,RECEIVED
13247,PO-0013247,300,1,2024-04-18,USD,CANCELLED
13248,PO-0013248,68,2,2023-07-17,USD,PARTIAL
13249,PO-0013249,37,5,2023-06-13,USD,RECEIVED
13250,PO-0013250,143,2,2026-05-07,USD,CANCELLED
13251,PO-0013251,204,3,2025-07-29,USD,RECEIVED
13252,PO-0013252,314,10,2025-02-06,USD,RECEIVED
13253,PO-0013253,488,11,2025-01-05,USD,OPEN
13254,PO-0013254,343,9,2024-08-27,USD,RECEIVED
13255,PO-0013255,9,4,2026-04-15,USD,RECEIVED
13256,PO-0013256,302,3,2026-06-28,USD,CANCELLED
13257,PO-0013257,434,4,2024-05-18,USD,PARTIAL
13258,PO-0013258,221,11,2025-01-28,USD,RECEIVED
13259,PO-0013259,252,9,2024-07-25,USD,RECEIVED
13260,PO-0013260,82,2,2024-04-26,USD,OPEN
13261,PO-0013261,34,2,2023-06-17,USD,RECEIVED
13262,PO-0013262,103,8,2025-03-13,USD,CANCELLED
13263,PO-0013263,335,11,2025-02-09,USD,RECEIVED
13264,PO-0013264,438,5,2024-01-02,USD,RECEIVED
13265,PO-0013265,411,9,2025-02-16,USD,RECEIVED
13266,PO-0013266,20,4,2024-07-20,USD,CANCELLED
13267,PO-0013267,57,3,2025-03-20,USD,OPEN
13268,PO-0013268,182,4,2023-04-30,USD,RECEIVED
13269,PO-0013269,190,4,2026-06-22,USD,OPEN
13270,PO-0013270,421,7,2025-11-30,USD,CANCELLED
13271,PO-0013271,241,9,2026-01-14,USD,RECEIVED
13272,PO-0013272,24,9,2023-11-06,USD,RECEIVED
13273,PO-0013273,29,6,2025-08-07,USD,PARTIAL
13274,PO-0013274,186,10,2024-11-22,USD,OPEN
13275,PO-0013275,421,1,2025-09-06,USD,OPEN
13276,PO-0013276,6,12,2024-12-29,USD,OPEN
13277,PO-0013277,375,7,2026-04-11,USD,RECEIVED
13278,PO-0013278,378,12,2023-08-21,USD,RECEIVED
13279,PO-0013279,328,5,2026-01-25,USD,RECEIVED
13280,PO-0013280,381,3,2023-04-02,USD,PARTIAL
13281,PO-0013281,29,8,2025-11-10,USD,RECEIVED
13282,PO-0013282,366,9,2025-01-06,USD,RECEIVED
13283,PO-0013283,119,7,2023-11-22,USD,PARTIAL
13284,PO-0013284,97,11,2023-11-25,USD,RECEIVED
13285,PO-0013285,451,1,2023-10-16,USD,RECEIVED
13286,PO-0013286,272,5,2023-03-03,USD,RECEIVED
13287,PO-0013287,2,3,2025-01-19,USD,RECEIVED
13288,PO-0013288,326,4,2024-05-23,USD,RECEIVED
13289,PO-0013289,404,4,2025-01-14,USD,RECEIVED
13290,PO-0013290,261,4,2025-04-05,USD,OPEN
13291,PO-0013291,212,11,2024-11-20,USD,RECEIVED
13292,PO-0013292,14,11,2025-11-25,USD,RECEIVED
13293,PO-0013293,420,10,2026-01-05,USD,RECEIVED
13294,PO-0013294,76,7,2024-11-06,USD,RECEIVED
13295,PO-0013295,295,12,2023-05-21,USD,RECEIVED
13296,PO-0013296,350,12,2024-07-31,USD,RECEIVED
13297,PO-0013297,12,9,2025-05-24,USD,RECEIVED
13298,PO-0013298,270,3,2025-11-15,USD,CANCELLED
13299,PO-0013299,240,4,2025-02-14,USD,RECEIVED
13300,PO-0013300,42,3,2023-07-13,USD,RECEIVED
13301,PO-0013301,286,5,2025-03-21,USD,OPEN
13302,PO-0013302,154,5,2023-05-02,USD,PARTIAL
13303,PO-0013303,147,4,2023-10-17,USD,RECEIVED
13304,PO-0013304,193,11,2025-03-06,USD,RECEIVED
13305,PO-0013305,182,9,2023-01-27,USD,CANCELLED
13306,PO-0013306,444,7,2024-01-27,USD,RECEIVED
13307,PO-0013307,347,5,2023-04-18,USD,OPEN
13308,PO-0013308,154,5,2023-09-17,USD,RECEIVED
13309,PO-0013309,93,6,2023-06-01,USD,RECEIVED
13310,PO-0013310,325,5,2026-02-22,USD,RECEIVED
13311,PO-0013311,234,2,2026-08-09,USD,RECEIVED
13312,PO-0013312,193,5,2024-09-11,USD,RECEIVED
13313,PO-0013313,70,9,2024-06-24,USD,RECEIVED
13314,PO-0013314,32,6,2023-04-19,USD,PARTIAL
13315,PO-0013315,308,12,2025-03-15,USD,RECEIVED
13316,PO-0013316,482,7,2026-05-17,USD,RECEIVED
13317,PO-0013317,336,1,2025-09-01,USD,RECEIVED
13318,PO-0013318,365,12,2025-09-17,USD,CANCELLED
13319,PO-0013319,434,4,2024-06-14,USD,OPEN
13320,PO-0013320,200,5,2023-07-12,USD,PARTIAL
13321,PO-0013321,286,11,2026-02-14,USD,CANCELLED
13322,PO-0013322,186,4,2023-10-26,USD,RECEIVED
13323,PO-0013323,333,9,2024-02-18,USD,PARTIAL
13324,PO-0013324,8,1,2025-11-27,USD,RECEIVED
13325,PO-0013325,467,4,2025-05-15,USD,PARTIAL
13326,PO-0013326,177,8,2025-01-07,USD,RECEIVED
13327,PO-0013327,256,11,2023-01-20,USD,RECEIVED
13328,PO-0013328,233,3,2024-09-11,USD,PARTIAL
13329,PO-0013329,184,12,2026-03-31,USD,PARTIAL
13330,PO-0013330,18,2,2023-03-22,USD,OPEN
13331,PO-0013331,238,2,2023-05-13,USD,RECEIVED
13332,PO-0013332,144,1,2024-12-22,USD,CANCELLED
13333,PO-0013333,480,6,2024-02-08,USD,RECEIVED
13334,PO-0013334,98,3,2025-07-24,USD,RECEIVED
13335,PO-0013335,496,6,2024-01-18,USD,RECEIVED
13336,PO-0013336,106,4,2025-02-27,USD,RECEIVED
13337,PO-0013337,473,6,2024-04-16,USD,RECEIVED
13338,PO-0013338,45,12,2023-07-31,USD,OPEN
13339,PO-0013339,494,6,2026-06-14,USD,PARTIAL
13340,PO-0013340,28,2,2024-07-27,USD,CANCELLED
13341,PO-0013341,133,4,2026-07-28,USD,OPEN
13342,PO-0013342,217,8,2024-01-16,USD,RECEIVED
13343,PO-0013343,341,6,2023-07-10,USD,RECEIVED
13344,PO-0013344,416,12,2025-09-16,USD,CANCELLED
13345,PO-0013345,480,7,2026-09-10,USD,RECEIVED
13346,PO-0013346,478,10,2026-07-17,USD,CANCELLED
13347,PO-0013347,248,5,2025-01-26,USD,RECEIVED
13348,PO-0013348,370,2,2026-05-22,USD,RECEIVED
13349,PO-0013349,225,12,2023-03-20,USD,RECEIVED
13350,PO-0013350,109,4,2023-03-07,USD,RECEIVED
13351,PO-0013351,69,12,2025-06-02,USD,RECEIVED
13352,PO-0013352,293,1,2023-02-18,USD,RECEIVED
13353,PO-0013353,141,11,2026-06-13,USD,PARTIAL
13354,PO-0013354,355,8,2025-10-19,USD,RECEIVED
13355,PO-0013355,299,3,2024-10-30,USD,RECEIVED
13356,PO-0013356,226,3,2024-05-18,USD,RECEIVED
13357,PO-0013357,124,9,2023-07-05,USD,RECEIVED
13358,PO-0013358,275,9,2023-04-11,USD,RECEIVED
13359,PO-0013359,76,5,2025-06-02,USD,RECEIVED
13360,PO-0013360,42,6,2024-12-04,USD,RECEIVED
13361,PO-0013361,357,2,2025-10-31,USD,RECEIVED
13362,PO-0013362,418,4,2026-04-01,USD,OPEN
13363,PO-0013363,191,5,2023-04-01,USD,RECEIVED
13364,PO-0013364,219,9,2023-10-04,USD,RECEIVED
13365,PO-0013365,78,6,2025-11-11,USD,RECEIVED
13366,PO-0013366,255,8,2025-01-16,USD,RECEIVED
13367,PO-0013367,463,2,2023-08-02,USD,RECEIVED
13368,PO-0013368,121,10,2024-05-22,USD,RECEIVED
13369,PO-0013369,83,3,2023-09-26,USD,PARTIAL
13370,PO-0013370,256,12,2024-07-21,USD,RECEIVED
13371,PO-0013371,358,2,2023-12-11,USD,RECEIVED
13372,PO-0013372,492,7,2025-04-24,USD,RECEIVED
13373,PO-0013373,73,9,2026-08-03,USD,RECEIVED
13374,PO-0013374,26,2,2025-07-02,USD,RECEIVED
13375,PO-0013375,184,11,2023-02-20,USD,RECEIVED
13376,PO-0013376,271,5,2026-02-14,USD,RECEIVED
13377,PO-0013377,460,12,2026-06-01,USD,RECEIVED
13378,PO-0013378,186,2,2025-10-02,USD,RECEIVED
13379,PO-0013379,185,5,2025-09-24,USD,RECEIVED
13380,PO-0013380,133,2,2025-09-20,USD,OPEN
13381,PO-0013381,341,7,2026-07-29,USD,CANCELLED
13382,PO-0013382,372,6,2024-09-11,USD,RECEIVED
13383,PO-0013383,234,12,2024-08-06,USD,RECEIVED
13384,PO-0013384,28,1,2023-12-07,USD,RECEIVED
13385,PO-0013385,499,6,2023-05-21,USD,RECEIVED
13386,PO-0013386,52,1,2023-02-28,USD,RECEIVED
13387,PO-0013387,120,9,2026-07-05,USD,RECEIVED
13388,PO-0013388,263,2,2025-09-26,USD,RECEIVED
13389,PO-0013389,121,5,2023-04-08,USD,RECEIVED
13390,PO-0013390,417,12,2024-04-08,USD,CANCELLED
13391,PO-0013391,166,6,2024-01-26,USD,OPEN
13392,PO-0013392,92,4,2024-10-24,USD,RECEIVED
13393,PO-0013393,114,4,2024-06-13,USD,RECEIVED
13394,PO-0013394,404,3,2026-08-25,USD,RECEIVED
13395,PO-0013395,189,5,2025-01-01,USD,RECEIVED
13396,PO-0013396,323,11,2025-03-11,USD,RECEIVED
13397,PO-0013397,190,6,2026-03-18,USD,RECEIVED
13398,PO-0013398,323,3,2025-08-25,USD,RECEIVED
13399,PO-0013399,426,7,2024-05-24,USD,RECEIVED
13400,PO-0013400,80,7,2024-12-04,USD,RECEIVED
13401,PO-0013401,330,3,2026-07-11,USD,RECEIVED
13402,PO-0013402,339,12,2023-04-07,USD,OPEN
13403,PO-0013403,372,8,2026-09-09,USD,RECEIVED
13404,PO-0013404,112,1,2023-08-03,USD,RECEIVED
13405,PO-0013405,1,12,2026-08-17,USD,RECEIVED
13406,PO-0013406,419,5,2026-06-08,USD,RECEIVED
13407,PO-0013407,451,8,2023-11-10,USD,CANCELLED
13408,PO-0013408,434,7,2023-08-03,USD,PARTIAL
13409,PO-0013409,237,11,2023-11-10,USD,PARTIAL
13410,PO-0013410,221,7,2025-09-07,USD,RECEIVED
13411,PO-0013411,254,8,2023-11-10,USD,RECEIVED
13412,PO-0013412,295,8,2024-08-24,USD,RECEIVED
13413,PO-0013413,60,4,2025-08-09,USD,RECEIVED
13414,PO-0013414,139,12,2023-01-21,USD,RECEIVED
13415,PO-0013415,247,12,2026-06-29,USD,PARTIAL
13416,PO-0013416,417,5,2023-07-27,USD,CANCELLED
13417,PO-0013417,432,6,2025-08-17,USD,RECEIVED
13418,PO-0013418,252,5,2024-11-01,USD,RECEIVED
13419,PO-0013419,30,8,2023-05-30,USD,CANCELLED
13420,PO-0013420,285,4,2024-11-29,USD,RECEIVED
13421,PO-0013421,183,10,2024-02-14,USD,RECEIVED
13422,PO-0013422,443,5,2023-10-07,USD,PARTIAL
13423,PO-0013423,381,3,2025-08-22,USD,RECEIVED
13424,PO-0013424,328,10,2026-07-15,USD,CANCELLED
13425,PO-0013425,484,2,2023-11-11,USD,CANCELLED
13426,PO-0013426,86,10,2025-10-23,USD,RECEIVED
13427,PO-0013427,198,3,2025-01-12,USD,RECEIVED
13428,PO-0013428,108,12,2023-12-31,USD,RECEIVED
13429,PO-0013429,374,12,2024-03-21,USD,RECEIVED
13430,PO-0013430,150,10,2024-03-30,USD,RECEIVED
13431,PO-0013431,10,3,2023-07-28,USD,RECEIVED
13432,PO-0013432,276,10,2026-07-03,USD,RECEIVED
13433,PO-0013433,461,4,2024-11-27,USD,RECEIVED
13434,PO-0013434,198,1,2024-12-01,USD,RECEIVED
13435,PO-0013435,74,8,2025-08-24,USD,RECEIVED
13436,PO-0013436,319,11,2024-02-17,USD,OPEN
13437,PO-0013437,484,10,2024-07-06,USD,RECEIVED
13438,PO-0013438,330,6,2024-11-15,USD,RECEIVED
13439,PO-0013439,46,4,2024-12-19,USD,RECEIVED
13440,PO-0013440,257,2,2025-06-05,USD,OPEN
13441,PO-0013441,255,8,2023-09-12,USD,OPEN
13442,PO-0013442,265,7,2024-02-06,USD,RECEIVED
13443,PO-0013443,441,8,2024-03-09,USD,OPEN
13444,PO-0013444,409,1,2024-06-01,USD,RECEIVED
13445,PO-0013445,93,5,2023-11-02,USD,PARTIAL
13446,PO-0013446,38,3,2026-06-29,USD,RECEIVED
13447,PO-0013447,196,4,2026-01-22,USD,RECEIVED
13448,PO-0013448,418,5,2023-04-11,USD,RECEIVED
13449,PO-0013449,66,3,2024-07-09,USD,CANCELLED
13450,PO-0013450,329,3,2023-08-04,USD,RECEIVED
13451,PO-0013451,408,4,2025-08-24,USD,CANCELLED
13452,PO-0013452,94,6,2025-12-09,USD,OPEN
13453,PO-0013453,105,9,2023-11-10,USD,CANCELLED
13454,PO-0013454,477,2,2026-01-28,USD,RECEIVED
13455,PO-0013455,240,3,2024-11-02,USD,RECEIVED
13456,PO-0013456,471,4,2024-12-05,USD,RECEIVED
13457,PO-0013457,255,2,2025-03-08,USD,RECEIVED
13458,PO-0013458,425,6,2024-02-24,USD,CANCELLED
13459,PO-0013459,50,12,2026-08-11,USD,CANCELLED
13460,PO-0013460,208,3,2025-01-16,USD,PARTIAL
13461,PO-0013461,93,7,2024-05-26,USD,OPEN
13462,PO-0013462,343,3,2024-08-18,USD,OPEN
13463,PO-0013463,16,10,2023-02-04,USD,RECEIVED
13464,PO-0013464,226,7,2025-10-04,USD,RECEIVED
13465,PO-0013465,299,9,2025-09-27,USD,RECEIVED
13466,PO-0013466,470,2,2023-10-31,USD,RECEIVED
13467,PO-0013467,414,8,2023-06-11,USD,CANCELLED
13468,PO-0013468,315,8,2023-02-12,USD,RECEIVED
13469,PO-0013469,295,10,2023-12-03,USD,RECEIVED
13470,PO-0013470,278,12,2023-04-09,USD,RECEIVED
13471,PO-0013471,167,8,2024-06-29,USD,RECEIVED
13472,PO-0013472,82,9,2023-05-23,USD,CANCELLED
13473,PO-0013473,207,7,2024-02-01,USD,PARTIAL
13474,PO-0013474,111,1,2025-09-04,USD,OPEN
13475,PO-0013475,466,10,2024-09-30,USD,RECEIVED
13476,PO-0013476,203,5,2023-07-31,USD,RECEIVED
13477,PO-0013477,13,3,2024-05-08,USD,RECEIVED
13478,PO-0013478,261,9,2025-02-04,USD,RECEIVED
13479,PO-0013479,269,6,2026-02-20,USD,OPEN
13480,PO-0013480,56,10,2026-02-27,USD,PARTIAL
13481,PO-0013481,360,9,2026-07-06,USD,RECEIVED
13482,PO-0013482,191,4,2026-04-30,USD,OPEN
13483,PO-0013483,361,5,2023-04-01,USD,RECEIVED
13484,PO-0013484,372,7,2024-09-23,USD,RECEIVED
13485,PO-0013485,259,1,2025-06-12,USD,CANCELLED
13486,PO-0013486,166,9,2025-08-01,USD,RECEIVED
13487,PO-0013487,222,10,2024-01-20,USD,RECEIVED
13488,PO-0013488,232,10,2023-10-26,USD,RECEIVED
13489,PO-0013489,139,10,2023-05-04,USD,RECEIVED
13490,PO-0013490,234,12,2024-12-19,USD,RECEIVED
13491,PO-0013491,288,5,2025-05-07,USD,OPEN
13492,PO-0013492,74,11,2025-04-07,USD,RECEIVED
13493,PO-0013493,494,12,2024-02-17,USD,RECEIVED
13494,PO-0013494,331,11,2024-12-28,USD,RECEIVED
13495,PO-0013495,415,7,2026-03-25,USD,RECEIVED
13496,PO-0013496,52,10,2026-06-18,USD,RECEIVED
13497,PO-0013497,469,5,2023-02-14,USD,CANCELLED
13498,PO-0013498,492,9,2026-03-05,USD,RECEIVED
13499,PO-0013499,355,12,2026-06-03,USD,RECEIVED
13500,PO-0013500,257,2,2026-04-28,USD,RECEIVED
13501,PO-0013501,206,7,2025-03-13,USD,RECEIVED
13502,PO-0013502,263,8,2026-08-12,USD,RECEIVED
13503,PO-0013503,13,12,2024-04-19,USD,RECEIVED
13504,PO-0013504,293,9,2026-03-04,USD,RECEIVED
13505,PO-0013505,112,3,2023-12-29,USD,RECEIVED
13506,PO-0013506,207,8,2025-06-27,USD,RECEIVED
13507,PO-0013507,151,5,2025-04-14,USD,RECEIVED
13508,PO-0013508,290,1,2025-11-18,USD,RECEIVED
13509,PO-0013509,182,7,2025-12-29,USD,PARTIAL
13510,PO-0013510,89,2,2023-04-27,USD,CANCELLED
13511,PO-0013511,269,12,2026-06-22,USD,RECEIVED
13512,PO-0013512,436,9,2023-11-16,USD,RECEIVED
13513,PO-0013513,256,9,2026-07-29,USD,OPEN
13514,PO-0013514,294,11,2023-07-15,USD,RECEIVED
13515,PO-0013515,4,5,2026-04-02,USD,RECEIVED
13516,PO-0013516,363,12,2023-01-20,USD,RECEIVED
13517,PO-0013517,467,10,2024-09-02,USD,RECEIVED
13518,PO-0013518,326,5,2025-02-10,USD,RECEIVED
13519,PO-0013519,70,7,2023-04-23,USD,RECEIVED
13520,PO-0013520,290,1,2023-02-22,USD,OPEN
13521,PO-0013521,312,6,2024-06-15,USD,RECEIVED
13522,PO-0013522,237,3,2023-10-07,USD,RECEIVED
13523,PO-0013523,278,3,2026-08-28,USD,RECEIVED
13524,PO-0013524,387,11,2024-01-07,USD,OPEN
13525,PO-0013525,455,7,2024-08-23,USD,CANCELLED
13526,PO-0013526,143,6,2023-11-08,USD,RECEIVED
13527,PO-0013527,326,7,2025-02-18,USD,PARTIAL
13528,PO-0013528,150,3,2023-09-24,USD,RECEIVED
13529,PO-0013529,41,5,2024-03-28,USD,RECEIVED
13530,PO-0013530,64,1,2023-12-09,USD,RECEIVED
13531,PO-0013531,335,8,2024-05-08,USD,RECEIVED
13532,PO-0013532,108,12,2025-06-18,USD,RECEIVED
13533,PO-0013533,483,1,2024-08-10,USD,CANCELLED
13534,PO-0013534,368,8,2024-02-21,USD,RECEIVED
13535,PO-0013535,159,2,2024-09-16,USD,RECEIVED
13536,PO-0013536,150,6,2025-06-02,USD,OPEN
13537,PO-0013537,212,10,2024-03-20,USD,RECEIVED
13538,PO-0013538,23,10,2025-08-19,USD,RECEIVED
13539,PO-0013539,169,3,2025-03-25,USD,RECEIVED
13540,PO-0013540,54,7,2025-12-09,USD,PARTIAL
13541,PO-0013541,232,4,2024-05-25,USD,RECEIVED
13542,PO-0013542,124,4,2024-02-26,USD,OPEN
13543,PO-0013543,49,5,2026-02-06,USD,PARTIAL
13544,PO-0013544,84,11,2025-05-26,USD,RECEIVED
13545,PO-0013545,63,5,2023-05-24,USD,RECEIVED
13546,PO-0013546,205,9,2025-01-27,USD,RECEIVED
13547,PO-0013547,196,10,2024-08-20,USD,RECEIVED
13548,PO-0013548,226,12,2024-10-07,USD,CANCELLED
13549,PO-0013549,327,5,2023-06-23,USD,RECEIVED
13550,PO-0013550,484,1,2023-02-14,USD,RECEIVED
13551,PO-0013551,269,5,2023-04-30,USD,RECEIVED
13552,PO-0013552,189,10,2026-03-26,USD,RECEIVED
13553,PO-0013553,48,5,2024-03-11,USD,RECEIVED
13554,PO-0013554,152,5,2025-09-01,USD,RECEIVED
13555,PO-0013555,406,9,2024-09-19,USD,RECEIVED
13556,PO-0013556,165,1,2023-11-17,USD,PARTIAL
13557,PO-0013557,82,5,2025-11-01,USD,RECEIVED
13558,PO-0013558,322,1,2024-09-17,USD,RECEIVED
13559,PO-0013559,276,9,2025-06-20,USD,RECEIVED
13560,PO-0013560,152,8,2023-07-19,USD,RECEIVED
13561,PO-0013561,159,9,2026-07-18,USD,RECEIVED
13562,PO-0013562,500,5,2026-06-21,USD,PARTIAL
13563,PO-0013563,236,3,2024-10-23,USD,RECEIVED
13564,PO-0013564,294,8,2023-04-20,USD,PARTIAL
13565,PO-0013565,277,7,2025-05-03,USD,PARTIAL
13566,PO-0013566,468,8,2024-10-01,USD,RECEIVED
13567,PO-0013567,362,12,2025-10-14,USD,CANCELLED
13568,PO-0013568,225,3,2025-01-01,USD,RECEIVED
13569,PO-0013569,48,3,2023-04-18,USD,PARTIAL
13570,PO-0013570,392,6,2023-12-18,USD,RECEIVED
13571,PO-0013571,215,9,2026-01-17,USD,RECEIVED
13572,PO-0013572,372,5,2025-01-03,USD,PARTIAL
13573,PO-0013573,285,5,2023-03-16,USD,RECEIVED
13574,PO-0013574,296,2,2025-11-29,USD,RECEIVED
13575,PO-0013575,70,8,2023-07-11,USD,RECEIVED
13576,PO-0013576,463,4,2025-10-11,USD,RECEIVED
13577,PO-0013577,209,4,2025-03-09,USD,RECEIVED
13578,PO-0013578,117,11,2024-02-19,USD,RECEIVED
13579,PO-0013579,5,10,2024-11-17,USD,OPEN
13580,PO-0013580,389,7,2023-11-28,USD,PARTIAL
13581,PO-0013581,351,1,2025-08-28,USD,CANCELLED
13582,PO-0013582,256,3,2023-06-14,USD,RECEIVED
13583,PO-0013583,492,7,2026-09-27,USD,CANCELLED
13584,PO-0013584,469,3,2024-12-16,USD,PARTIAL
13585,PO-0013585,62,7,2024-03-10,USD,CANCELLED
13586,PO-0013586,195,1,2023-12-21,USD,RECEIVED
13587,PO-0013587,278,2,2023-11-17,USD,RECEIVED
13588,PO-0013588,340,7,2023-06-29,USD,RECEIVED
13589,PO-0013589,337,10,2024-04-15,USD,RECEIVED
13590,PO-0013590,19,4,2023-08-13,USD,PARTIAL
13591,PO-0013591,141,8,2023-07-20,USD,RECEIVED
13592,PO-0013592,301,3,2025-06-13,USD,PARTIAL
13593,PO-0013593,402,8,2024-12-19,USD,RECEIVED
13594,PO-0013594,125,1,2026-08-19,USD,RECEIVED
13595,PO-0013595,138,1,2024-03-16,USD,RECEIVED
13596,PO-0013596,132,9,2025-05-12,USD,RECEIVED
13597,PO-0013597,385,7,2026-09-05,USD,RECEIVED
13598,PO-0013598,365,1,2026-09-08,USD,RECEIVED
13599,PO-0013599,271,7,2023-08-13,USD,RECEIVED
13600,PO-0013600,457,6,2023-02-11,USD,RECEIVED
13601,PO-0013601,302,6,2023-10-13,USD,RECEIVED
13602,PO-0013602,35,4,2024-03-04,USD,RECEIVED
13603,PO-0013603,124,8,2024-06-04,USD,RECEIVED
13604,PO-0013604,104,9,2025-08-20,USD,PARTIAL
13605,PO-0013605,217,4,2023-08-04,USD,RECEIVED
13606,PO-0013606,294,4,2026-03-26,USD,RECEIVED
13607,PO-0013607,154,4,2023-12-02,USD,RECEIVED
13608,PO-0013608,140,6,2025-09-18,USD,CANCELLED
13609,PO-0013609,228,9,2023-06-21,USD,RECEIVED
13610,PO-0013610,249,12,2023-02-04,USD,RECEIVED
13611,PO-0013611,273,11,2024-01-31,USD,OPEN
13612,PO-0013612,433,6,2024-09-28,USD,OPEN
13613,PO-0013613,61,6,2024-01-08,USD,RECEIVED
13614,PO-0013614,441,6,2025-10-23,USD,OPEN
13615,PO-0013615,67,2,2026-01-09,USD,RECEIVED
13616,PO-0013616,408,5,2024-07-12,USD,RECEIVED
13617,PO-0013617,227,1,2023-07-09,USD,PARTIAL
13618,PO-0013618,319,11,2025-04-21,USD,RECEIVED
13619,PO-0013619,449,10,2026-05-26,USD,OPEN
13620,PO-0013620,192,2,2025-03-31,USD,RECEIVED
13621,PO-0013621,318,12,2023-02-21,USD,RECEIVED
13622,PO-0013622,380,3,2023-10-10,USD,OPEN
13623,PO-0013623,172,12,2023-05-18,USD,OPEN
13624,PO-0013624,463,11,2023-08-20,USD,RECEIVED
13625,PO-0013625,412,3,2023-05-12,USD,RECEIVED
13626,PO-0013626,1,8,2023-11-30,USD,RECEIVED
13627,PO-0013627,154,1,2024-06-02,USD,CANCELLED
13628,PO-0013628,181,11,2024-07-27,USD,OPEN
13629,PO-0013629,233,4,2025-06-23,USD,PARTIAL
13630,PO-0013630,487,9,2025-09-21,USD,RECEIVED
13631,PO-0013631,198,10,2026-01-23,USD,RECEIVED
13632,PO-0013632,320,7,2023-11-09,USD,RECEIVED
13633,PO-0013633,283,6,2025-03-19,USD,OPEN
13634,PO-0013634,239,6,2023-03-01,USD,CANCELLED
13635,PO-0013635,42,11,2025-01-03,USD,RECEIVED
13636,PO-0013636,58,2,2025-02-07,USD,RECEIVED
13637,PO-0013637,106,4,2026-04-22,USD,RECEIVED
13638,PO-0013638,249,8,2026-08-27,USD,RECEIVED
13639,PO-0013639,81,12,2024-10-14,USD,RECEIVED
13640,PO-0013640,495,6,2024-03-25,USD,RECEIVED
13641,PO-0013641,264,7,2025-08-02,USD,RECEIVED
13642,PO-0013642,142,11,2024-07-14,USD,RECEIVED
13643,PO-0013643,107,12,2026-06-11,USD,RECEIVED
13644,PO-0013644,315,9,2026-05-16,USD,RECEIVED
13645,PO-0013645,54,9,2024-05-29,USD,RECEIVED
13646,PO-0013646,210,7,2024-08-18,USD,RECEIVED
13647,PO-0013647,374,10,2023-08-01,USD,RECEIVED
13648,PO-0013648,32,12,2025-10-08,USD,PARTIAL
13649,PO-0013649,170,3,2026-01-15,USD,RECEIVED
13650,PO-0013650,109,5,2026-05-20,USD,CANCELLED
13651,PO-0013651,79,6,2025-04-05,USD,CANCELLED
13652,PO-0013652,283,6,2023-12-05,USD,RECEIVED
13653,PO-0013653,295,9,2024-12-05,USD,RECEIVED
13654,PO-0013654,88,6,2025-09-24,USD,CANCELLED
13655,PO-0013655,295,4,2024-02-29,USD,RECEIVED
13656,PO-0013656,248,7,2025-06-12,USD,RECEIVED
13657,PO-0013657,86,1,2025-02-17,USD,RECEIVED
13658,PO-0013658,73,3,2023-04-13,USD,RECEIVED
13659,PO-0013659,393,3,2023-02-07,USD,RECEIVED
13660,PO-0013660,166,2,2025-04-07,USD,RECEIVED
13661,PO-0013661,256,12,2023-05-18,USD,OPEN
13662,PO-0013662,7,10,2026-05-27,USD,RECEIVED
13663,PO-0013663,335,2,2024-09-21,USD,RECEIVED
13664,PO-0013664,382,8,2026-07-10,USD,RECEIVED
13665,PO-0013665,227,4,2025-02-25,USD,RECEIVED
13666,PO-0013666,11,3,2023-06-20,USD,RECEIVED
13667,PO-0013667,47,6,2023-09-27,USD,RECEIVED
13668,PO-0013668,349,2,2023-07-17,USD,RECEIVED
13669,PO-0013669,65,7,2024-05-01,USD,OPEN
13670,PO-0013670,72,3,2024-11-09,USD,RECEIVED
13671,PO-0013671,313,4,2026-07-04,USD,CANCELLED
13672,PO-0013672,158,6,2026-09-21,USD,RECEIVED
13673,PO-0013673,159,11,2026-04-26,USD,RECEIVED
13674,PO-0013674,135,8,2024-02-15,USD,RECEIVED
13675,PO-0013675,276,9,2026-06-08,USD,CANCELLED
13676,PO-0013676,279,4,2026-08-27,USD,RECEIVED
13677,PO-0013677,143,6,2025-08-18,USD,RECEIVED
13678,PO-0013678,166,3,2025-08-09,USD,RECEIVED
13679,PO-0013679,494,12,2024-08-10,USD,RECEIVED
13680,PO-0013680,234,4,2026-08-09,USD,CANCELLED
13681,PO-0013681,236,8,2023-01-03,USD,RECEIVED
13682,PO-0013682,50,2,2023-06-12,USD,OPEN
13683,PO-0013683,279,6,2024-05-22,USD,PARTIAL
13684,PO-0013684,198,7,2025-08-23,USD,RECEIVED
13685,PO-0013685,92,1,2023-04-09,USD,OPEN
13686,PO-0013686,63,2,2025-08-13,USD,RECEIVED
13687,PO-0013687,439,3,2023-03-25,USD,RECEIVED
13688,PO-0013688,447,2,2024-11-05,USD,OPEN
13689,PO-0013689,38,10,2023-08-05,USD,RECEIVED
13690,PO-0013690,255,1,2024-10-03,USD,RECEIVED
13691,PO-0013691,10,6,2026-02-13,USD,RECEIVED
13692,PO-0013692,305,10,2024-03-18,USD,RECEIVED
13693,PO-0013693,433,7,2026-06-04,USD,RECEIVED
13694,PO-0013694,404,12,2024-11-08,USD,RECEIVED
13695,PO-0013695,434,5,2025-06-01,USD,RECEIVED
13696,PO-0013696,42,8,2023-05-12,USD,RECEIVED
13697,PO-0013697,292,4,2024-03-17,USD,RECEIVED
13698,PO-0013698,125,6,2024-03-27,USD,RECEIVED
13699,PO-0013699,11,1,2026-09-13,USD,RECEIVED
13700,PO-0013700,306,3,2025-07-17,USD,RECEIVED
13701,PO-0013701,477,10,2024-07-09,USD,RECEIVED
13702,PO-0013702,398,4,2024-02-29,USD,RECEIVED
13703,PO-0013703,318,9,2023-06-23,USD,RECEIVED
13704,PO-0013704,125,10,2025-10-19,USD,RECEIVED
13705,PO-0013705,412,9,2023-01-23,USD,RECEIVED
13706,PO-0013706,53,5,2026-01-03,USD,CANCELLED
13707,PO-0013707,449,10,2024-06-16,USD,RECEIVED
13708,PO-0013708,458,11,2025-04-08,USD,RECEIVED
13709,PO-0013709,378,10,2024-11-30,USD,RECEIVED
13710,PO-0013710,19,9,2023-06-29,USD,RECEIVED
13711,PO-0013711,298,9,2023-09-03,USD,RECEIVED
13712,PO-0013712,180,4,2024-06-18,USD,RECEIVED
13713,PO-0013713,237,2,2026-07-17,USD,RECEIVED
13714,PO-0013714,271,7,2023-07-29,USD,RECEIVED
13715,PO-0013715,86,2,2025-05-17,USD,RECEIVED
13716,PO-0013716,373,2,2024-10-01,USD,PARTIAL
13717,PO-0013717,488,9,2024-07-17,USD,RECEIVED
13718,PO-0013718,311,5,2026-06-12,USD,RECEIVED
13719,PO-0013719,134,9,2025-06-16,USD,RECEIVED
13720,PO-0013720,353,10,2024-06-28,USD,CANCELLED
13721,PO-0013721,452,12,2026-02-14,USD,OPEN
13722,PO-0013722,344,6,2026-02-01,USD,RECEIVED
13723,PO-0013723,115,1,2026-04-16,USD,RECEIVED
13724,PO-0013724,116,4,2026-09-18,USD,RECEIVED
13725,PO-0013725,269,10,2025-09-28,USD,RECEIVED
13726,PO-0013726,258,8,2023-12-11,USD,PARTIAL
13727,PO-0013727,487,2,2026-08-16,USD,CANCELLED
13728,PO-0013728,381,3,2023-05-04,USD,CANCELLED
13729,PO-0013729,75,8,2024-05-26,USD,RECEIVED
13730,PO-0013730,326,3,2023-04-15,USD,RECEIVED
13731,PO-0013731,484,3,2026-02-17,USD,RECEIVED
13732,PO-0013732,464,2,2023-10-22,USD,RECEIVED
13733,PO-0013733,291,2,2026-05-11,USD,CANCELLED
13734,PO-0013734,338,8,2023-10-14,USD,PARTIAL
13735,PO-0013735,365,7,2023-01-17,USD,OPEN
13736,PO-0013736,22,5,2025-08-13,USD,RECEIVED
13737,PO-0013737,150,12,2026-02-09,USD,RECEIVED
13738,PO-0013738,373,12,2024-11-17,USD,OPEN
13739,PO-0013739,312,12,2024-10-01,USD,RECEIVED
13740,PO-0013740,132,11,2025-07-01,USD,CANCELLED
13741,PO-0013741,115,4,2026-03-01,USD,RECEIVED
13742,PO-0013742,88,5,2026-03-04,USD,CANCELLED
13743,PO-0013743,153,9,2024-12-14,USD,RECEIVED
13744,PO-0013744,500,2,2026-04-15,USD,RECEIVED
13745,PO-0013745,372,12,2024-07-07,USD,RECEIVED
13746,PO-0013746,55,6,2026-07-05,USD,RECEIVED
13747,PO-0013747,187,9,2025-07-03,USD,RECEIVED
13748,PO-0013748,147,2,2023-02-21,USD,RECEIVED
13749,PO-0013749,270,12,2025-11-02,USD,OPEN
13750,PO-0013750,278,5,2023-02-08,USD,RECEIVED
13751,PO-0013751,446,2,2026-03-23,USD,RECEIVED
13752,PO-0013752,192,9,2024-02-09,USD,OPEN
13753,PO-0013753,74,11,2026-07-28,USD,RECEIVED
13754,PO-0013754,396,10,2024-06-03,USD,RECEIVED
13755,PO-0013755,332,1,2025-02-23,USD,RECEIVED
13756,PO-0013756,297,10,2024-09-02,USD,RECEIVED
13757,PO-0013757,55,1,2025-03-23,USD,RECEIVED
13758,PO-0013758,424,12,2025-02-18,USD,RECEIVED
13759,PO-0013759,186,1,2023-11-23,USD,OPEN
13760,PO-0013760,318,3,2024-09-01,USD,RECEIVED
13761,PO-0013761,114,1,2023-02-23,USD,RECEIVED
13762,PO-0013762,450,5,2023-03-22,USD,RECEIVED
13763,PO-0013763,393,9,2023-09-03,USD,RECEIVED
13764,PO-0013764,17,1,2025-08-07,USD,RECEIVED
13765,PO-0013765,425,1,2025-02-23,USD,RECEIVED
13766,PO-0013766,390,8,2025-10-04,USD,RECEIVED
13767,PO-0013767,163,12,2026-02-12,USD,RECEIVED
13768,PO-0013768,271,5,2025-11-27,USD,RECEIVED
13769,PO-0013769,474,5,2026-04-14,USD,RECEIVED
13770,PO-0013770,462,1,2023-01-07,USD,RECEIVED
13771,PO-0013771,420,12,2024-05-11,USD,RECEIVED
13772,PO-0013772,47,12,2026-06-06,USD,RECEIVED
13773,PO-0013773,22,10,2025-02-26,USD,PARTIAL
13774,PO-0013774,353,11,2025-02-17,USD,RECEIVED
13775,PO-0013775,456,5,2026-01-09,USD,RECEIVED
13776,PO-0013776,314,8,2023-01-22,USD,OPEN
13777,PO-0013777,317,6,2024-04-13,USD,PARTIAL
13778,PO-0013778,454,10,2023-06-22,USD,CANCELLED
13779,PO-0013779,239,10,2025-12-02,USD,RECEIVED
13780,PO-0013780,27,8,2025-01-19,USD,RECEIVED
13781,PO-0013781,302,7,2025-06-14,USD,RECEIVED
13782,PO-0013782,424,10,2025-11-10,USD,OPEN
13783,PO-0013783,4,12,2023-10-21,USD,RECEIVED
13784,PO-0013784,208,12,2026-08-14,USD,RECEIVED
13785,PO-0013785,186,1,2026-03-24,USD,RECEIVED
13786,PO-0013786,87,2,2025-01-13,USD,RECEIVED
13787,PO-0013787,440,4,2026-09-21,USD,PARTIAL
13788,PO-0013788,404,12,2025-09-09,USD,OPEN
13789,PO-0013789,144,1,2025-02-14,USD,CANCELLED
13790,PO-0013790,469,7,2025-01-12,USD,PARTIAL
13791,PO-0013791,457,5,2023-09-09,USD,RECEIVED
13792,PO-0013792,402,7,2025-09-26,USD,RECEIVED
13793,PO-0013793,134,11,2024-04-17,USD,OPEN
13794,PO-0013794,485,7,2023-09-12,USD,RECEIVED
13795,PO-0013795,489,5,2023-01-29,USD,OPEN
13796,PO-0013796,53,9,2025-01-23,USD,OPEN
13797,PO-0013797,381,10,2023-06-17,USD,RECEIVED
13798,PO-0013798,70,2,2024-01-26,USD,OPEN
13799,PO-0013799,3,6,2026-03-27,USD,RECEIVED
13800,PO-0013800,366,9,2023-12-22,USD,RECEIVED
13801,PO-0013801,289,1,2025-06-21,USD,CANCELLED
13802,PO-0013802,487,9,2026-04-17,USD,RECEIVED
13803,PO-0013803,60,7,2026-09-16,USD,OPEN
13804,PO-0013804,82,3,2023-12-01,USD,RECEIVED
13805,PO-0013805,121,2,2024-10-05,USD,RECEIVED
13806,PO-0013806,326,12,2025-03-03,USD,RECEIVED
13807,PO-0013807,196,8,2024-03-02,USD,RECEIVED
13808,PO-0013808,14,9,2023-03-30,USD,PARTIAL
13809,PO-0013809,490,10,2025-05-03,USD,RECEIVED
13810,PO-0013810,494,10,2024-01-15,USD,PARTIAL
13811,PO-0013811,194,6,2024-02-16,USD,RECEIVED
13812,PO-0013812,96,10,2026-06-12,USD,OPEN
13813,PO-0013813,60,5,2026-09-06,USD,RECEIVED
13814,PO-0013814,470,11,2025-05-14,USD,PARTIAL
13815,PO-0013815,355,4,2026-06-10,USD,RECEIVED
13816,PO-0013816,332,3,2025-12-24,USD,RECEIVED
13817,PO-0013817,452,11,2026-03-03,USD,RECEIVED
13818,PO-0013818,474,10,2026-06-10,USD,RECEIVED
13819,PO-0013819,426,2,2026-09-21,USD,RECEIVED
13820,PO-0013820,362,7,2023-11-12,USD,RECEIVED
13821,PO-0013821,43,7,2025-05-23,USD,OPEN
13822,PO-0013822,465,3,2023-11-21,USD,RECEIVED
13823,PO-0013823,34,11,2025-12-26,USD,OPEN
13824,PO-0013824,383,11,2025-12-02,USD,RECEIVED
13825,PO-0013825,482,7,2025-02-10,USD,CANCELLED
13826,PO-0013826,412,6,2026-06-14,USD,RECEIVED
13827,PO-0013827,60,4,2025-07-19,USD,RECEIVED
13828,PO-0013828,186,2,2023-03-27,USD,CANCELLED
13829,PO-0013829,192,10,2024-11-30,USD,RECEIVED
13830,PO-0013830,17,11,2024-08-11,USD,RECEIVED
13831,PO-0013831,159,6,2025-08-20,USD,RECEIVED
13832,PO-0013832,315,1,2024-06-05,USD,OPEN
13833,PO-0013833,107,2,2024-07-11,USD,RECEIVED
13834,PO-0013834,139,3,2024-05-01,USD,RECEIVED
13835,PO-0013835,95,6,2023-09-03,USD,PARTIAL
13836,PO-0013836,124,9,2025-11-29,USD,PARTIAL
13837,PO-0013837,396,8,2024-08-19,USD,RECEIVED
13838,PO-0013838,225,11,2026-06-05,USD,CANCELLED
13839,PO-0013839,94,3,2023-07-22,USD,OPEN
13840,PO-0013840,295,10,2023-04-11,USD,RECEIVED
13841,PO-0013841,201,1,2024-04-27,USD,RECEIVED
13842,PO-0013842,5,9,2025-07-03,USD,RECEIVED
13843,PO-0013843,196,7,2025-12-25,USD,RECEIVED
13844,PO-0013844,327,5,2024-12-26,USD,PARTIAL
13845,PO-0013845,474,2,2024-03-06,USD,CANCELLED
13846,PO-0013846,419,4,2023-11-30,USD,PARTIAL
13847,PO-0013847,7,9,2023-08-08,USD,RECEIVED
13848,PO-0013848,208,3,2024-06-23,USD,RECEIVED
13849,PO-0013849,182,4,2025-02-12,USD,RECEIVED
13850,PO-0013850,484,4,2025-04-11,USD,RECEIVED
13851,PO-0013851,419,12,2023-08-15,USD,RECEIVED
13852,PO-0013852,330,3,2023-07-02,USD,RECEIVED
13853,PO-0013853,148,11,2024-10-30,USD,OPEN
13854,PO-0013854,497,4,2025-06-27,USD,RECEIVED
13855,PO-0013855,235,12,2025-04-12,USD,RECEIVED
13856,PO-0013856,111,9,2023-06-06,USD,RECEIVED
13857,PO-0013857,143,6,2023-11-24,USD,OPEN
13858,PO-0013858,193,11,2026-07-16,USD,RECEIVED
13859,PO-0013859,323,7,2024-06-13,USD,RECEIVED
13860,PO-0013860,35,1,2026-05-28,USD,RECEIVED
13861,PO-0013861,325,5,2023-01-29,USD,CANCELLED
13862,PO-0013862,165,1,2024-03-15,USD,CANCELLED
13863,PO-0013863,6,10,2023-01-23,USD,PARTIAL
13864,PO-0013864,321,7,2024-03-22,USD,RECEIVED
13865,PO-0013865,147,9,2026-04-04,USD,OPEN
13866,PO-0013866,362,2,2026-09-30,USD,RECEIVED
13867,PO-0013867,151,11,2026-02-06,USD,RECEIVED
13868,PO-0013868,236,1,2026-06-06,USD,PARTIAL
13869,PO-0013869,301,12,2026-06-11,USD,RECEIVED
13870,PO-0013870,124,8,2026-01-03,USD,PARTIAL
13871,PO-0013871,255,10,2024-05-13,USD,OPEN
13872,PO-0013872,371,10,2024-06-23,USD,RECEIVED
13873,PO-0013873,328,11,2026-02-02,USD,RECEIVED
13874,PO-0013874,115,2,2025-07-02,USD,RECEIVED
13875,PO-0013875,251,12,2023-07-31,USD,RECEIVED
13876,PO-0013876,279,6,2026-06-22,USD,PARTIAL
13877,PO-0013877,355,11,2023-11-02,USD,RECEIVED
13878,PO-0013878,77,2,2026-04-19,USD,RECEIVED
13879,PO-0013879,36,12,2023-06-23,USD,RECEIVED
13880,PO-0013880,390,2,2024-02-16,USD,RECEIVED
13881,PO-0013881,290,12,2023-11-04,USD,PARTIAL
13882,PO-0013882,262,12,2024-07-05,USD,RECEIVED
13883,PO-0013883,123,12,2023-04-24,USD,CANCELLED
13884,PO-0013884,122,12,2024-12-02,USD,RECEIVED
13885,PO-0013885,111,5,2025-07-17,USD,OPEN
13886,PO-0013886,383,10,2023-12-30,USD,RECEIVED
13887,PO-0013887,275,3,2024-07-29,USD,RECEIVED
13888,PO-0013888,136,6,2025-10-19,USD,RECEIVED
13889,PO-0013889,33,2,2026-04-08,USD,RECEIVED
13890,PO-0013890,25,1,2025-05-20,USD,RECEIVED
13891,PO-0013891,472,11,2026-03-19,USD,RECEIVED
13892,PO-0013892,306,7,2024-03-05,USD,OPEN
13893,PO-0013893,207,8,2025-01-24,USD,RECEIVED
13894,PO-0013894,323,4,2023-03-21,USD,RECEIVED
13895,PO-0013895,364,6,2026-08-26,USD,OPEN
13896,PO-0013896,430,11,2024-11-29,USD,PARTIAL
13897,PO-0013897,33,12,2024-03-05,USD,RECEIVED
13898,PO-0013898,322,10,2024-04-02,USD,CANCELLED
13899,PO-0013899,458,12,2025-10-11,USD,PARTIAL
13900,PO-0013900,286,5,2025-11-03,USD,OPEN
13901,PO-0013901,280,7,2026-05-01,USD,RECEIVED
13902,PO-0013902,121,6,2026-07-28,USD,RECEIVED
13903,PO-0013903,145,6,2024-05-24,USD,RECEIVED
13904,PO-0013904,322,11,2023-12-04,USD,RECEIVED
13905,PO-0013905,144,6,2026-06-22,USD,RECEIVED
13906,PO-0013906,431,9,2023-03-03,USD,RECEIVED
13907,PO-0013907,321,12,2025-02-07,USD,RECEIVED
13908,PO-0013908,453,11,2024-01-11,USD,OPEN
13909,PO-0013909,407,4,2025-02-08,USD,RECEIVED
13910,PO-0013910,324,6,2025-04-18,USD,RECEIVED
13911,PO-0013911,448,1,2024-10-20,USD,RECEIVED
13912,PO-0013912,205,12,2026-07-27,USD,RECEIVED
13913,PO-0013913,316,6,2025-09-26,USD,PARTIAL
13914,PO-0013914,498,9,2026-06-26,USD,RECEIVED
13915,PO-0013915,129,10,2025-06-07,USD,OPEN
13916,PO-0013916,30,6,2026-07-05,USD,RECEIVED
13917,PO-0013917,432,11,2023-07-12,USD,PARTIAL
13918,PO-0013918,455,4,2024-11-14,USD,RECEIVED
13919,PO-0013919,259,10,2023-07-17,USD,RECEIVED
13920,PO-0013920,212,7,2024-04-04,USD,RECEIVED
13921,PO-0013921,465,7,2025-03-03,USD,RECEIVED
13922,PO-0013922,363,10,2025-12-03,USD,RECEIVED
13923,PO-0013923,328,11,2026-06-10,USD,RECEIVED
13924,PO-0013924,423,4,2025-03-14,USD,PARTIAL
13925,PO-0013925,144,9,2025-01-14,USD,RECEIVED
13926,PO-0013926,426,9,2026-04-09,USD,RECEIVED
13927,PO-0013927,216,3,2025-06-24,USD,RECEIVED
13928,PO-0013928,123,2,2023-09-05,USD,OPEN
13929,PO-0013929,54,5,2023-11-19,USD,PARTIAL
13930,PO-0013930,167,7,2026-03-18,USD,RECEIVED
13931,PO-0013931,323,5,2023-12-02,USD,RECEIVED
13932,PO-0013932,332,10,2025-04-06,USD,RECEIVED
13933,PO-0013933,364,7,2023-09-25,USD,RECEIVED
13934,PO-0013934,13,10,2024-03-27,USD,RECEIVED
13935,PO-0013935,347,9,2025-05-23,USD,OPEN
13936,PO-0013936,70,10,2025-11-06,USD,CANCELLED
13937,PO-0013937,428,7,2025-12-25,USD,RECEIVED
13938,PO-0013938,106,4,2023-05-06,USD,PARTIAL
13939,PO-0013939,290,2,2023-11-08,USD,RECEIVED
13940,PO-0013940,45,9,2025-11-25,USD,RECEIVED
13941,PO-0013941,22,5,2026-04-25,USD,RECEIVED
13942,PO-0013942,128,11,2026-09-26,USD,RECEIVED
13943,PO-0013943,325,3,2023-05-07,USD,RECEIVED
13944,PO-0013944,133,1,2023-05-07,USD,RECEIVED
13945,PO-0013945,379,2,2023-05-03,USD,RECEIVED
13946,PO-0013946,71,5,2024-05-30,USD,RECEIVED
13947,PO-0013947,335,6,2025-01-24,USD,RECEIVED
13948,PO-0013948,181,11,2023-05-24,USD,RECEIVED
13949,PO-0013949,161,8,2025-09-16,USD,RECEIVED
13950,PO-0013950,499,8,2023-03-29,USD,RECEIVED
13951,PO-0013951,180,9,2025-08-24,USD,OPEN
13952,PO-0013952,305,7,2023-01-06,USD,RECEIVED
13953,PO-0013953,101,5,2026-04-29,USD,OPEN
13954,PO-0013954,470,9,2023-11-21,USD,RECEIVED
13955,PO-0013955,219,5,2026-09-29,USD,RECEIVED
13956,PO-0013956,231,11,2025-07-05,USD,PARTIAL
13957,PO-0013957,325,2,2023-11-24,USD,RECEIVED
13958,PO-0013958,349,3,2026-04-24,USD,PARTIAL
13959,PO-0013959,90,5,2024-10-15,USD,RECEIVED
13960,PO-0013960,453,9,2024-01-27,USD,RECEIVED
13961,PO-0013961,200,12,2025-03-17,USD,RECEIVED
13962,PO-0013962,39,6,2024-08-17,USD,RECEIVED
13963,PO-0013963,219,8,2023-07-02,USD,RECEIVED
13964,PO-0013964,136,9,2025-11-01,USD,PARTIAL
13965,PO-0013965,129,9,2023-09-26,USD,PARTIAL
13966,PO-0013966,66,12,2023-06-23,USD,RECEIVED
13967,PO-0013967,195,2,2025-07-25,USD,RECEIVED
13968,PO-0013968,209,11,2024-11-13,USD,CANCELLED
13969,PO-0013969,251,6,2025-11-28,USD,PARTIAL
13970,PO-0013970,427,6,2026-01-04,USD,RECEIVED
13971,PO-0013971,210,10,2025-04-24,USD,OPEN
13972,PO-0013972,289,12,2026-04-14,USD,PARTIAL
13973,PO-0013973,230,12,2024-07-10,USD,RECEIVED
13974,PO-0013974,437,1,2024-12-17,USD,CANCELLED
13975,PO-0013975,326,2,2024-02-16,USD,PARTIAL
13976,PO-0013976,357,3,2024-07-14,USD,RECEIVED
13977,PO-0013977,231,11,2026-02-07,USD,RECEIVED
13978,PO-0013978,25,10,2023-10-12,USD,OPEN
13979,PO-0013979,350,7,2024-01-09,USD,CANCELLED
13980,PO-0013980,402,1,2025-09-22,USD,RECEIVED
13981,PO-0013981,291,7,2025-06-04,USD,RECEIVED
13982,PO-0013982,287,12,2025-06-23,USD,RECEIVED
13983,PO-0013983,199,1,2026-06-02,USD,RECEIVED
13984,PO-0013984,89,6,2025-11-22,USD,RECEIVED
13985,PO-0013985,467,8,2024-08-02,USD,RECEIVED
13986,PO-0013986,90,6,2025-11-13,USD,RECEIVED
13987,PO-0013987,47,10,2026-04-09,USD,RECEIVED
13988,PO-0013988,421,2,2026-03-29,USD,RECEIVED
13989,PO-0013989,74,3,2023-02-08,USD,RECEIVED
13990,PO-0013990,432,10,2026-06-17,USD,RECEIVED
13991,PO-0013991,309,9,2025-03-02,USD,CANCELLED
13992,PO-0013992,208,12,2023-11-16,USD,RECEIVED
13993,PO-0013993,119,8,2024-04-22,USD,RECEIVED
13994,PO-0013994,270,7,2024-11-17,USD,RECEIVED
13995,PO-0013995,85,8,2025-01-04,USD,OPEN
13996,PO-0013996,146,10,2025-11-10,USD,RECEIVED
13997,PO-0013997,310,12,2023-10-05,USD,RECEIVED
13998,PO-0013998,471,1,2023-01-15,USD,RECEIVED
13999,PO-0013999,374,9,2024-05-17,USD,RECEIVED
14000,PO-0014000,264,2,2024-10-11,USD,CANCELLED
14001,PO-0014001,267,6,2026-02-26,USD,RECEIVED
14002,PO-0014002,348,6,2023-11-18,USD,PARTIAL
14003,PO-0014003,129,10,2025-05-05,USD,OPEN
14004,PO-0014004,418,2,2026-06-05,USD,CANCELLED
14005,PO-0014005,416,4,2023-06-20,USD,OPEN
14006,PO-0014006,250,8,2023-12-05,USD,RECEIVED
14007,PO-0014007,66,2,2025-01-06,USD,RECEIVED
14008,PO-0014008,169,3,2023-12-08,USD,RECEIVED
14009,PO-0014009,3,7,2025-12-31,USD,RECEIVED
14010,PO-0014010,320,2,2023-08-05,USD,RECEIVED
14011,PO-0014011,377,9,2024-11-09,USD,CANCELLED
14012,PO-0014012,151,1,2025-08-29,USD,RECEIVED
14013,PO-0014013,477,7,2025-01-05,USD,RECEIVED
14014,PO-0014014,59,5,2025-04-21,USD,PARTIAL
14015,PO-0014015,410,12,2024-11-15,USD,RECEIVED
14016,PO-0014016,81,3,2024-12-09,USD,RECEIVED
14017,PO-0014017,245,1,2023-10-23,USD,PARTIAL
14018,PO-0014018,109,5,2023-04-02,USD,RECEIVED
14019,PO-0014019,263,7,2023-04-15,USD,RECEIVED
14020,PO-0014020,310,1,2024-02-01,USD,RECEIVED
14021,PO-0014021,326,11,2025-11-13,USD,RECEIVED
14022,PO-0014022,199,8,2024-05-25,USD,RECEIVED
14023,PO-0014023,332,5,2023-04-02,USD,RECEIVED
14024,PO-0014024,476,8,2023-07-27,USD,RECEIVED
14025,PO-0014025,398,8,2026-04-27,USD,RECEIVED
14026,PO-0014026,131,4,2025-12-08,USD,RECEIVED
14027,PO-0014027,89,3,2024-08-28,USD,RECEIVED
14028,PO-0014028,267,12,2023-08-20,USD,OPEN
14029,PO-0014029,383,6,2024-08-12,USD,RECEIVED
14030,PO-0014030,85,11,2024-09-19,USD,OPEN
14031,PO-0014031,15,9,2023-09-03,USD,RECEIVED
14032,PO-0014032,305,2,2025-09-18,USD,PARTIAL
14033,PO-0014033,495,12,2024-04-17,USD,RECEIVED
14034,PO-0014034,24,7,2024-04-09,USD,OPEN
14035,PO-0014035,479,3,2026-07-28,USD,RECEIVED
14036,PO-0014036,390,8,2023-10-26,USD,CANCELLED
14037,PO-0014037,23,7,2023-08-02,USD,CANCELLED
14038,PO-0014038,402,7,2024-11-22,USD,PARTIAL
14039,PO-0014039,19,10,2023-10-15,USD,RECEIVED
14040,PO-0014040,474,6,2024-06-22,USD,RECEIVED
14041,PO-0014041,477,4,2026-01-24,USD,RECEIVED
14042,PO-0014042,89,12,2024-05-29,USD,RECEIVED
14043,PO-0014043,1,9,2025-01-24,USD,RECEIVED
14044,PO-0014044,298,8,2023-06-05,USD,RECEIVED
14045,PO-0014045,372,11,2026-04-26,USD,CANCELLED
14046,PO-0014046,202,9,2024-11-19,USD,RECEIVED
14047,PO-0014047,485,12,2026-08-06,USD,RECEIVED
14048,PO-0014048,237,9,2024-05-02,USD,RECEIVED
14049,PO-0014049,357,7,2023-07-16,USD,RECEIVED
14050,PO-0014050,123,9,2026-08-27,USD,RECEIVED
14051,PO-0014051,143,3,2023-02-17,USD,PARTIAL
14052,PO-0014052,224,10,2024-08-29,USD,CANCELLED
14053,PO-0014053,97,6,2025-05-12,USD,OPEN
14054,PO-0014054,127,12,2023-01-05,USD,RECEIVED
14055,PO-0014055,16,8,2024-09-17,USD,PARTIAL
14056,PO-0014056,431,12,2026-07-11,USD,PARTIAL
14057,PO-0014057,476,12,2025-01-07,USD,CANCELLED
14058,PO-0014058,46,8,2024-07-30,USD,RECEIVED
14059,PO-0014059,481,10,2026-09-11,USD,RECEIVED
14060,PO-0014060,84,8,2024-11-11,USD,RECEIVED
14061,PO-0014061,472,8,2026-03-08,USD,RECEIVED
14062,PO-0014062,263,11,2025-12-24,USD,RECEIVED
14063,PO-0014063,335,2,2023-01-19,USD,RECEIVED
14064,PO-0014064,177,11,2023-01-28,USD,OPEN
14065,PO-0014065,489,11,2023-03-07,USD,RECEIVED
14066,PO-0014066,442,6,2024-01-09,USD,CANCELLED
14067,PO-0014067,398,5,2024-11-05,USD,RECEIVED
14068,PO-0014068,164,2,2024-09-05,USD,RECEIVED
14069,PO-0014069,278,2,2025-08-28,USD,CANCELLED
14070,PO-0014070,89,6,2025-02-23,USD,CANCELLED
14071,PO-0014071,459,12,2026-09-10,USD,RECEIVED
14072,PO-0014072,346,7,2023-03-26,USD,RECEIVED
14073,PO-0014073,471,11,2024-07-26,USD,OPEN
14074,PO-0014074,103,5,2025-04-24,USD,RECEIVED
14075,PO-0014075,385,12,2024-09-14,USD,RECEIVED
14076,PO-0014076,187,6,2025-12-13,USD,RECEIVED
14077,PO-0014077,397,8,2026-03-13,USD,CANCELLED
14078,PO-0014078,260,7,2023-08-31,USD,RECEIVED
14079,PO-0014079,263,11,2025-10-25,USD,RECEIVED
14080,PO-0014080,113,8,2024-01-22,USD,CANCELLED
14081,PO-0014081,187,3,2024-12-14,USD,OPEN
14082,PO-0014082,277,5,2024-06-01,USD,RECEIVED
14083,PO-0014083,389,11,2026-05-22,USD,PARTIAL
14084,PO-0014084,466,11,2024-06-07,USD,OPEN
14085,PO-0014085,233,5,2023-08-20,USD,CANCELLED
14086,PO-0014086,383,7,2023-02-11,USD,CANCELLED
14087,PO-0014087,352,4,2024-11-22,USD,RECEIVED
14088,PO-0014088,87,9,2023-03-29,USD,PARTIAL
14089,PO-0014089,204,5,2024-02-23,USD,RECEIVED
14090,PO-0014090,384,8,2024-10-09,USD,RECEIVED
14091,PO-0014091,112,6,2025-10-07,USD,RECEIVED
14092,PO-0014092,405,8,2026-06-12,USD,RECEIVED
14093,PO-0014093,42,8,2024-10-22,USD,RECEIVED
14094,PO-0014094,352,5,2023-08-23,USD,OPEN
14095,PO-0014095,451,1,2025-05-17,USD,RECEIVED
14096,PO-0014096,492,10,2026-04-08,USD,RECEIVED
14097,PO-0014097,475,12,2025-09-04,USD,RECEIVED
14098,PO-0014098,11,4,2025-11-28,USD,RECEIVED
14099,PO-0014099,234,6,2025-02-21,USD,RECEIVED
14100,PO-0014100,363,2,2024-09-24,USD,RECEIVED
14101,PO-0014101,91,7,2026-04-06,USD,RECEIVED
14102,PO-0014102,60,3,2025-05-27,USD,RECEIVED
14103,PO-0014103,82,9,2026-04-09,USD,PARTIAL
14104,PO-0014104,168,4,2025-07-06,USD,RECEIVED
14105,PO-0014105,37,7,2024-10-14,USD,PARTIAL
14106,PO-0014106,383,9,2023-06-04,USD,CANCELLED
14107,PO-0014107,381,12,2025-07-15,USD,OPEN
14108,PO-0014108,126,1,2024-10-18,USD,RECEIVED
14109,PO-0014109,435,9,2026-06-24,USD,RECEIVED
14110,PO-0014110,156,1,2026-05-19,USD,RECEIVED
14111,PO-0014111,299,4,2025-10-01,USD,RECEIVED
14112,PO-0014112,244,9,2026-08-21,USD,RECEIVED
14113,PO-0014113,299,2,2024-08-26,USD,PARTIAL
14114,PO-0014114,331,9,2023-02-08,USD,RECEIVED
14115,PO-0014115,213,9,2024-04-12,USD,RECEIVED
14116,PO-0014116,169,3,2024-04-04,USD,PARTIAL
14117,PO-0014117,79,1,2024-05-14,USD,RECEIVED
14118,PO-0014118,317,1,2024-12-28,USD,RECEIVED
14119,PO-0014119,78,5,2024-02-21,USD,PARTIAL
14120,PO-0014120,115,5,2023-10-31,USD,PARTIAL
14121,PO-0014121,269,2,2026-06-09,USD,RECEIVED
14122,PO-0014122,77,11,2026-08-12,USD,RECEIVED
14123,PO-0014123,45,8,2023-01-07,USD,RECEIVED
14124,PO-0014124,203,11,2025-10-11,USD,RECEIVED
14125,PO-0014125,330,10,2024-11-12,USD,CANCELLED
14126,PO-0014126,54,11,2025-09-27,USD,PARTIAL
14127,PO-0014127,136,12,2023-12-30,USD,OPEN
14128,PO-0014128,126,4,2026-06-18,USD,PARTIAL
14129,PO-0014129,78,3,2025-04-23,USD,RECEIVED
14130,PO-0014130,422,10,2026-07-14,USD,RECEIVED
14131,PO-0014131,364,10,2023-07-31,USD,RECEIVED
14132,PO-0014132,249,4,2026-06-15,USD,RECEIVED
14133,PO-0014133,355,8,2023-12-25,USD,RECEIVED
14134,PO-0014134,86,11,2025-10-08,USD,RECEIVED
14135,PO-0014135,196,5,2026-03-26,USD,RECEIVED
14136,PO-0014136,205,2,2024-06-13,USD,RECEIVED
14137,PO-0014137,19,12,2024-08-10,USD,RECEIVED
14138,PO-0014138,323,1,2025-06-27,USD,RECEIVED
14139,PO-0014139,33,9,2026-01-13,USD,OPEN
14140,PO-0014140,178,1,2025-02-06,USD,RECEIVED
14141,PO-0014141,451,7,2023-08-13,USD,RECEIVED
14142,PO-0014142,404,3,2023-03-11,USD,RECEIVED
14143,PO-0014143,120,6,2023-07-20,USD,RECEIVED
14144,PO-0014144,417,12,2023-12-27,USD,CANCELLED
14145,PO-0014145,44,1,2026-06-01,USD,RECEIVED
14146,PO-0014146,415,12,2026-05-27,USD,OPEN
14147,PO-0014147,362,9,2023-06-21,USD,RECEIVED
14148,PO-0014148,59,6,2024-10-22,USD,OPEN
14149,PO-0014149,157,5,2024-01-21,USD,RECEIVED
14150,PO-0014150,135,7,2025-08-31,USD,RECEIVED
14151,PO-0014151,24,2,2023-01-06,USD,RECEIVED
14152,PO-0014152,164,8,2025-01-08,USD,RECEIVED
14153,PO-0014153,463,1,2025-12-14,USD,RECEIVED
14154,PO-0014154,430,12,2026-04-06,USD,RECEIVED
14155,PO-0014155,334,3,2024-10-30,USD,RECEIVED
14156,PO-0014156,260,9,2023-08-17,USD,RECEIVED
14157,PO-0014157,29,8,2026-07-17,USD,RECEIVED
14158,PO-0014158,447,7,2026-05-18,USD,RECEIVED
14159,PO-0014159,403,11,2024-01-12,USD,PARTIAL
14160,PO-0014160,394,12,2023-05-09,USD,RECEIVED
14161,PO-0014161,284,9,2025-11-27,USD,RECEIVED
14162,PO-0014162,286,6,2025-06-10,USD,OPEN
14163,PO-0014163,459,6,2023-03-21,USD,RECEIVED
14164,PO-0014164,323,3,2023-12-24,USD,RECEIVED
14165,PO-0014165,32,7,2023-02-26,USD,RECEIVED
14166,PO-0014166,288,11,2025-06-30,USD,RECEIVED
14167,PO-0014167,175,12,2025-06-11,USD,RECEIVED
14168,PO-0014168,50,3,2023-07-05,USD,PARTIAL
14169,PO-0014169,216,5,2025-09-08,USD,RECEIVED
14170,PO-0014170,166,11,2025-02-07,USD,RECEIVED
14171,PO-0014171,37,4,2026-09-15,USD,OPEN
14172,PO-0014172,226,7,2026-03-29,USD,PARTIAL
14173,PO-0014173,444,12,2024-04-08,USD,PARTIAL
14174,PO-0014174,151,11,2024-09-14,USD,RECEIVED
14175,PO-0014175,135,5,2024-08-02,USD,PARTIAL
14176,PO-0014176,111,8,2025-02-23,USD,CANCELLED
14177,PO-0014177,176,2,2025-09-18,USD,RECEIVED
14178,PO-0014178,274,1,2024-02-20,USD,RECEIVED
14179,PO-0014179,409,5,2023-04-02,USD,RECEIVED
14180,PO-0014180,202,5,2023-12-22,USD,RECEIVED
14181,PO-0014181,279,5,2025-06-21,USD,RECEIVED
14182,PO-0014182,3,6,2026-04-24,USD,PARTIAL
14183,PO-0014183,469,12,2024-07-03,USD,RECEIVED
14184,PO-0014184,200,10,2025-11-09,USD,CANCELLED
14185,PO-0014185,75,7,2024-04-17,USD,RECEIVED
14186,PO-0014186,8,11,2026-03-11,USD,CANCELLED
14187,PO-0014187,386,3,2024-08-03,USD,RECEIVED
14188,PO-0014188,215,7,2023-03-08,USD,RECEIVED
14189,PO-0014189,172,6,2024-11-30,USD,RECEIVED
14190,PO-0014190,452,1,2026-08-07,USD,RECEIVED
14191,PO-0014191,106,1,2025-11-21,USD,CANCELLED
14192,PO-0014192,72,3,2025-07-28,USD,RECEIVED
14193,PO-0014193,43,10,2024-03-30,USD,RECEIVED
14194,PO-0014194,356,2,2026-07-18,USD,PARTIAL
14195,PO-0014195,413,7,2025-12-22,USD,RECEIVED
14196,PO-0014196,370,9,2025-10-22,USD,CANCELLED
14197,PO-0014197,450,2,2025-11-12,USD,RECEIVED
14198,PO-0014198,133,10,2025-12-20,USD,RECEIVED
14199,PO-0014199,55,2,2026-09-02,USD,RECEIVED
14200,PO-0014200,122,4,2024-11-11,USD,RECEIVED
14201,PO-0014201,162,2,2026-08-11,USD,RECEIVED
14202,PO-0014202,328,3,2025-08-07,USD,RECEIVED
14203,PO-0014203,168,4,2026-06-27,USD,RECEIVED
14204,PO-0014204,266,12,2026-07-03,USD,OPEN
14205,PO-0014205,52,12,2026-07-02,USD,CANCELLED
14206,PO-0014206,92,3,2025-10-04,USD,RECEIVED
14207,PO-0014207,185,6,2026-01-26,USD,RECEIVED
14208,PO-0014208,430,3,2024-02-03,USD,RECEIVED
14209,PO-0014209,322,8,2023-04-07,USD,CANCELLED
14210,PO-0014210,454,9,2023-06-17,USD,CANCELLED
14211,PO-0014211,275,3,2025-03-17,USD,RECEIVED
14212,PO-0014212,182,9,2024-08-04,USD,RECEIVED
14213,PO-0014213,324,8,2023-03-23,USD,RECEIVED
14214,PO-0014214,167,4,2024-05-15,USD,RECEIVED
14215,PO-0014215,311,6,2024-01-20,USD,OPEN
14216,PO-0014216,470,3,2026-09-21,USD,RECEIVED
14217,PO-0014217,35,8,2024-10-26,USD,RECEIVED
14218,PO-0014218,350,3,2024-01-24,USD,PARTIAL
14219,PO-0014219,207,11,2024-03-29,USD,RECEIVED
14220,PO-0014220,458,9,2024-01-01,USD,OPEN
14221,PO-0014221,432,10,2023-04-25,USD,RECEIVED
14222,PO-0014222,371,12,2024-01-15,USD,CANCELLED
14223,PO-0014223,326,10,2023-05-12,USD,RECEIVED
14224,PO-0014224,7,11,2023-03-05,USD,RECEIVED
14225,PO-0014225,22,11,2024-12-29,USD,RECEIVED
14226,PO-0014226,250,3,2023-03-17,USD,RECEIVED
14227,PO-0014227,143,9,2024-03-31,USD,OPEN
14228,PO-0014228,12,12,2025-04-21,USD,PARTIAL
14229,PO-0014229,56,2,2025-07-15,USD,RECEIVED
14230,PO-0014230,128,3,2023-03-16,USD,RECEIVED
14231,PO-0014231,424,6,2023-10-09,USD,RECEIVED
14232,PO-0014232,80,2,2025-02-16,USD,PARTIAL
14233,PO-0014233,50,8,2024-06-16,USD,RECEIVED
14234,PO-0014234,137,11,2023-11-28,USD,RECEIVED
14235,PO-0014235,1,8,2023-02-21,USD,OPEN
14236,PO-0014236,122,6,2024-10-23,USD,CANCELLED
14237,PO-0014237,384,3,2023-06-22,USD,CANCELLED
14238,PO-0014238,104,4,2026-01-05,USD,RECEIVED
14239,PO-0014239,377,2,2026-06-24,USD,RECEIVED
14240,PO-0014240,326,9,2025-06-14,USD,RECEIVED
14241,PO-0014241,467,9,2025-01-21,USD,CANCELLED
14242,PO-0014242,353,2,2023-08-26,USD,RECEIVED
14243,PO-0014243,106,6,2025-11-28,USD,RECEIVED
14244,PO-0014244,471,9,2023-04-01,USD,OPEN
14245,PO-0014245,331,2,2023-02-12,USD,RECEIVED
14246,PO-0014246,281,3,2025-02-17,USD,RECEIVED
14247,PO-0014247,311,4,2025-12-24,USD,RECEIVED
14248,PO-0014248,449,4,2025-10-20,USD,RECEIVED
14249,PO-0014249,330,5,2023-11-08,USD,RECEIVED
14250,PO-0014250,243,1,2023-01-09,USD,RECEIVED
14251,PO-0014251,272,10,2024-11-17,USD,RECEIVED
14252,PO-0014252,95,7,2025-05-01,USD,RECEIVED
14253,PO-0014253,363,7,2025-07-22,USD,RECEIVED
14254,PO-0014254,18,12,2024-07-19,USD,RECEIVED
14255,PO-0014255,356,7,2026-08-03,USD,CANCELLED
14256,PO-0014256,243,2,2025-06-28,USD,RECEIVED
14257,PO-0014257,311,11,2023-01-31,USD,RECEIVED
14258,PO-0014258,370,8,2025-11-05,USD,OPEN
14259,PO-0014259,267,3,2023-10-07,USD,OPEN
14260,PO-0014260,418,10,2024-12-16,USD,RECEIVED
14261,PO-0014261,432,5,2026-08-14,USD,RECEIVED
14262,PO-0014262,343,2,2026-01-06,USD,RECEIVED
14263,PO-0014263,271,11,2024-05-20,USD,PARTIAL
14264,PO-0014264,197,8,2024-01-31,USD,RECEIVED
14265,PO-0014265,314,12,2023-06-15,USD,RECEIVED
14266,PO-0014266,72,7,2025-01-07,USD,RECEIVED
14267,PO-0014267,74,11,2024-01-16,USD,RECEIVED
14268,PO-0014268,427,8,2025-07-11,USD,RECEIVED
14269,PO-0014269,259,10,2025-10-29,USD,RECEIVED
14270,PO-0014270,256,9,2026-04-02,USD,RECEIVED
14271,PO-0014271,3,11,2026-03-07,USD,RECEIVED
14272,PO-0014272,456,1,2026-07-16,USD,RECEIVED
14273,PO-0014273,240,9,2026-01-19,USD,RECEIVED
14274,PO-0014274,465,2,2025-12-27,USD,RECEIVED
14275,PO-0014275,298,7,2025-07-27,USD,RECEIVED
14276,PO-0014276,373,5,2026-04-24,USD,CANCELLED
14277,PO-0014277,223,5,2026-06-23,USD,RECEIVED
14278,PO-0014278,176,8,2025-03-23,USD,OPEN
14279,PO-0014279,444,11,2026-08-08,USD,RECEIVED
14280,PO-0014280,370,9,2024-05-19,USD,PARTIAL
14281,PO-0014281,33,6,2025-05-21,USD,CANCELLED
14282,PO-0014282,465,11,2023-01-31,USD,RECEIVED
14283,PO-0014283,453,12,2026-09-21,USD,PARTIAL
14284,PO-0014284,256,7,2026-03-13,USD,RECEIVED
14285,PO-0014285,14,5,2024-04-10,USD,RECEIVED
14286,PO-0014286,110,5,2025-02-07,USD,RECEIVED
14287,PO-0014287,144,6,2025-04-18,USD,RECEIVED
14288,PO-0014288,69,8,2024-11-26,USD,PARTIAL
14289,PO-0014289,248,7,2023-12-02,USD,RECEIVED
14290,PO-0014290,498,10,2023-07-22,USD,OPEN
14291,PO-0014291,325,1,2025-01-09,USD,RECEIVED
14292,PO-0014292,475,3,2024-01-04,USD,RECEIVED
14293,PO-0014293,352,4,2025-12-27,USD,RECEIVED
14294,PO-0014294,6,4,2025-03-10,USD,RECEIVED
14295,PO-0014295,127,10,2026-06-18,USD,RECEIVED
14296,PO-0014296,178,3,2023-03-30,USD,CANCELLED
14297,PO-0014297,18,6,2023-06-18,USD,RECEIVED
14298,PO-0014298,218,2,2025-06-13,USD,OPEN
14299,PO-0014299,63,12,2023-11-24,USD,PARTIAL
14300,PO-0014300,168,4,2024-09-01,USD,RECEIVED
14301,PO-0014301,5,4,2026-03-18,USD,CANCELLED
14302,PO-0014302,103,12,2023-05-31,USD,RECEIVED
14303,PO-0014303,97,1,2023-08-23,USD,RECEIVED
14304,PO-0014304,448,4,2023-05-13,USD,RECEIVED
14305,PO-0014305,154,10,2024-07-26,USD,RECEIVED
14306,PO-0014306,263,11,2026-09-01,USD,RECEIVED
14307,PO-0014307,396,6,2024-05-18,USD,CANCELLED
14308,PO-0014308,59,11,2023-01-05,USD,OPEN
14309,PO-0014309,328,1,2026-05-27,USD,PARTIAL
14310,PO-0014310,148,8,2025-02-10,USD,RECEIVED
14311,PO-0014311,330,12,2025-12-18,USD,RECEIVED
14312,PO-0014312,383,7,2023-06-17,USD,RECEIVED
14313,PO-0014313,32,3,2023-10-07,USD,RECEIVED
14314,PO-0014314,341,1,2026-07-19,USD,RECEIVED
14315,PO-0014315,443,6,2023-05-22,USD,RECEIVED
14316,PO-0014316,168,11,2023-08-23,USD,PARTIAL
14317,PO-0014317,138,1,2025-05-28,USD,RECEIVED
14318,PO-0014318,89,2,2024-11-27,USD,RECEIVED
14319,PO-0014319,240,4,2024-11-27,USD,RECEIVED
14320,PO-0014320,233,1,2025-02-13,USD,CANCELLED
14321,PO-0014321,132,10,2024-03-20,USD,RECEIVED
14322,PO-0014322,480,7,2024-08-26,USD,OPEN
14323,PO-0014323,76,7,2025-03-08,USD,RECEIVED
14324,PO-0014324,330,8,2024-04-03,USD,CANCELLED
14325,PO-0014325,187,9,2024-05-13,USD,CANCELLED
14326,PO-0014326,123,8,2025-06-17,USD,RECEIVED
14327,PO-0014327,118,6,2026-05-03,USD,RECEIVED
14328,PO-0014328,14,5,2023-08-07,USD,RECEIVED
14329,PO-0014329,379,2,2023-11-16,USD,RECEIVED
14330,PO-0014330,165,5,2025-01-06,USD,RECEIVED
14331,PO-0014331,489,4,2023-08-03,USD,RECEIVED
14332,PO-0014332,450,12,2023-09-10,USD,RECEIVED
14333,PO-0014333,134,3,2024-07-28,USD,RECEIVED
14334,PO-0014334,478,11,2024-03-09,USD,RECEIVED
14335,PO-0014335,467,10,2025-01-26,USD,RECEIVED
14336,PO-0014336,32,11,2024-08-28,USD,RECEIVED
14337,PO-0014337,469,1,2024-02-07,USD,RECEIVED
14338,PO-0014338,471,5,2026-01-14,USD,CANCELLED
14339,PO-0014339,194,12,2025-08-10,USD,PARTIAL
14340,PO-0014340,270,6,2024-12-25,USD,PARTIAL
14341,PO-0014341,303,11,2024-01-02,USD,RECEIVED
14342,PO-0014342,64,5,2023-05-27,USD,RECEIVED
14343,PO-0014343,219,7,2023-02-06,USD,RECEIVED
14344,PO-0014344,8,12,2025-12-03,USD,OPEN
14345,PO-0014345,274,3,2023-04-26,USD,CANCELLED
14346,PO-0014346,495,9,2026-02-23,USD,RECEIVED
14347,PO-0014347,58,9,2026-05-01,USD,RECEIVED
14348,PO-0014348,144,12,2023-07-16,USD,RECEIVED
14349,PO-0014349,38,6,2026-01-31,USD,RECEIVED
14350,PO-0014350,122,11,2024-08-10,USD,OPEN
14351,PO-0014351,437,6,2023-05-19,USD,RECEIVED
14352,PO-0014352,325,11,2023-06-08,USD,RECEIVED
14353,PO-0014353,145,3,2023-11-30,USD,RECEIVED
14354,PO-0014354,218,7,2024-08-22,USD,PARTIAL
14355,PO-0014355,448,12,2024-04-11,USD,PARTIAL
14356,PO-0014356,231,9,2023-01-23,USD,RECEIVED
14357,PO-0014357,218,10,2023-09-27,USD,OPEN
14358,PO-0014358,254,7,2026-04-11,USD,RECEIVED
14359,PO-0014359,88,11,2024-12-19,USD,RECEIVED
14360,PO-0014360,10,11,2025-05-01,USD,RECEIVED
14361,PO-0014361,54,12,2026-07-15,USD,RECEIVED
14362,PO-0014362,147,5,2026-03-11,USD,RECEIVED
14363,PO-0014363,324,4,2024-07-08,USD,RECEIVED
14364,PO-0014364,177,10,2025-08-04,USD,RECEIVED
14365,PO-0014365,172,10,2023-03-24,USD,RECEIVED
14366,PO-0014366,449,2,2024-12-15,USD,OPEN
14367,PO-0014367,105,9,2025-01-02,USD,RECEIVED
14368,PO-0014368,43,6,2026-05-10,USD,PARTIAL
14369,PO-0014369,449,4,2024-09-08,USD,OPEN
14370,PO-0014370,313,9,2024-10-06,USD,RECEIVED
14371,PO-0014371,234,11,2026-02-09,USD,PARTIAL
14372,PO-0014372,450,8,2026-09-23,USD,RECEIVED
14373,PO-0014373,81,9,2024-03-04,USD,PARTIAL
14374,PO-0014374,346,6,2023-01-25,USD,RECEIVED
14375,PO-0014375,390,9,2023-05-16,USD,RECEIVED
14376,PO-0014376,334,4,2026-05-10,USD,RECEIVED
14377,PO-0014377,124,6,2025-06-17,USD,RECEIVED
14378,PO-0014378,377,5,2023-04-17,USD,PARTIAL
14379,PO-0014379,309,10,2024-10-20,USD,OPEN
14380,PO-0014380,308,6,2023-04-12,USD,CANCELLED
14381,PO-0014381,475,10,2025-05-12,USD,RECEIVED
14382,PO-0014382,466,4,2025-08-22,USD,RECEIVED
14383,PO-0014383,345,7,2023-06-28,USD,RECEIVED
14384,PO-0014384,135,5,2025-02-01,USD,RECEIVED
14385,PO-0014385,312,10,2024-09-14,USD,PARTIAL
14386,PO-0014386,225,11,2023-09-16,USD,CANCELLED
14387,PO-0014387,211,11,2023-11-22,USD,OPEN
14388,PO-0014388,136,10,2025-04-25,USD,CANCELLED
14389,PO-0014389,393,7,2025-02-05,USD,RECEIVED
14390,PO-0014390,485,5,2024-05-14,USD,PARTIAL
14391,PO-0014391,79,5,2024-07-04,USD,RECEIVED
14392,PO-0014392,293,12,2023-04-10,USD,CANCELLED
14393,PO-0014393,187,5,2024-02-21,USD,RECEIVED
14394,PO-0014394,420,7,2025-10-08,USD,RECEIVED
14395,PO-0014395,438,4,2024-09-18,USD,RECEIVED
14396,PO-0014396,167,4,2023-10-07,USD,RECEIVED
14397,PO-0014397,79,3,2023-03-05,USD,RECEIVED
14398,PO-0014398,101,8,2026-06-26,USD,RECEIVED
14399,PO-0014399,345,8,2023-04-20,USD,OPEN
14400,PO-0014400,111,5,2025-01-08,USD,PARTIAL
14401,PO-0014401,67,12,2023-08-16,USD,OPEN
14402,PO-0014402,435,6,2025-06-05,USD,RECEIVED
14403,PO-0014403,279,9,2023-07-04,USD,OPEN
14404,PO-0014404,433,6,2026-02-03,USD,CANCELLED
14405,PO-0014405,390,1,2024-03-14,USD,RECEIVED
14406,PO-0014406,207,11,2023-06-01,USD,RECEIVED
14407,PO-0014407,422,5,2025-12-18,USD,CANCELLED
14408,PO-0014408,234,7,2024-08-29,USD,RECEIVED
14409,PO-0014409,383,2,2024-04-20,USD,OPEN
14410,PO-0014410,102,4,2023-06-27,USD,OPEN
14411,PO-0014411,136,4,2026-05-26,USD,RECEIVED
14412,PO-0014412,362,8,2023-01-02,USD,RECEIVED
14413,PO-0014413,323,9,2026-04-11,USD,RECEIVED
14414,PO-0014414,231,6,2024-07-19,USD,RECEIVED
14415,PO-0014415,74,1,2023-03-14,USD,RECEIVED
14416,PO-0014416,360,12,2024-03-15,USD,RECEIVED
14417,PO-0014417,246,2,2025-09-04,USD,PARTIAL
14418,PO-0014418,351,2,2025-11-07,USD,RECEIVED
14419,PO-0014419,476,11,2025-08-27,USD,RECEIVED
14420,PO-0014420,286,12,2024-03-29,USD,RECEIVED
14421,PO-0014421,109,9,2024-02-19,USD,RECEIVED
14422,PO-0014422,429,11,2024-01-20,USD,RECEIVED
14423,PO-0014423,175,11,2026-04-10,USD,RECEIVED
14424,PO-0014424,292,5,2024-12-18,USD,CANCELLED
14425,PO-0014425,280,9,2026-08-08,USD,CANCELLED
14426,PO-0014426,329,9,2024-08-15,USD,RECEIVED
14427,PO-0014427,467,12,2024-08-15,USD,RECEIVED
14428,PO-0014428,177,8,2024-10-18,USD,RECEIVED
14429,PO-0014429,296,1,2024-02-20,USD,RECEIVED
14430,PO-0014430,327,7,2026-05-09,USD,RECEIVED
14431,PO-0014431,136,1,2023-01-08,USD,RECEIVED
14432,PO-0014432,203,7,2025-11-27,USD,PARTIAL
14433,PO-0014433,185,10,2025-02-05,USD,RECEIVED
14434,PO-0014434,233,10,2025-02-06,USD,RECEIVED
14435,PO-0014435,265,9,2024-02-25,USD,RECEIVED
14436,PO-0014436,454,10,2025-08-19,USD,RECEIVED
14437,PO-0014437,41,11,2026-07-13,USD,RECEIVED
14438,PO-0014438,43,11,2025-07-16,USD,RECEIVED
14439,PO-0014439,498,12,2025-03-18,USD,RECEIVED
14440,PO-0014440,391,3,2023-06-20,USD,RECEIVED
14441,PO-0014441,110,1,2024-09-30,USD,RECEIVED
14442,PO-0014442,9,9,2024-10-11,USD,RECEIVED
14443,PO-0014443,136,11,2026-04-27,USD,RECEIVED
14444,PO-0014444,210,2,2026-07-07,USD,RECEIVED
14445,PO-0014445,404,7,2023-04-08,USD,RECEIVED
14446,PO-0014446,307,12,2023-06-21,USD,CANCELLED
14447,PO-0014447,375,4,2023-03-17,USD,RECEIVED
14448,PO-0014448,384,8,2024-01-06,USD,RECEIVED
14449,PO-0014449,400,4,2023-08-14,USD,OPEN
14450,PO-0014450,324,11,2024-07-19,USD,RECEIVED
14451,PO-0014451,165,7,2023-12-13,USD,RECEIVED
14452,PO-0014452,282,6,2025-02-13,USD,RECEIVED
14453,PO-0014453,494,11,2023-06-26,USD,CANCELLED
14454,PO-0014454,440,9,2025-07-28,USD,RECEIVED
14455,PO-0014455,329,6,2024-04-22,USD,RECEIVED
14456,PO-0014456,404,2,2024-03-15,USD,CANCELLED
14457,PO-0014457,218,9,2026-08-15,USD,PARTIAL
14458,PO-0014458,235,8,2023-02-05,USD,RECEIVED
14459,PO-0014459,130,5,2025-02-11,USD,CANCELLED
14460,PO-0014460,68,3,2025-12-12,USD,PARTIAL
14461,PO-0014461,147,3,2023-10-01,USD,RECEIVED
14462,PO-0014462,40,8,2024-12-22,USD,PARTIAL
14463,PO-0014463,415,8,2023-08-29,USD,PARTIAL
14464,PO-0014464,314,3,2023-12-27,USD,RECEIVED
14465,PO-0014465,107,1,2025-11-11,USD,RECEIVED
14466,PO-0014466,224,5,2026-09-20,USD,RECEIVED
14467,PO-0014467,28,4,2025-03-16,USD,RECEIVED
14468,PO-0014468,341,3,2025-07-30,USD,RECEIVED
14469,PO-0014469,141,2,2025-06-01,USD,OPEN
14470,PO-0014470,232,1,2026-02-27,USD,PARTIAL
14471,PO-0014471,183,3,2023-09-08,USD,RECEIVED
14472,PO-0014472,42,11,2023-02-18,USD,RECEIVED
14473,PO-0014473,155,2,2023-01-24,USD,RECEIVED
14474,PO-0014474,148,3,2025-10-28,USD,RECEIVED
14475,PO-0014475,436,4,2025-04-19,USD,OPEN
14476,PO-0014476,224,11,2024-04-18,USD,RECEIVED
14477,PO-0014477,20,12,2025-02-10,USD,RECEIVED
14478,PO-0014478,398,9,2024-04-12,USD,CANCELLED
14479,PO-0014479,375,4,2025-03-15,USD,RECEIVED
14480,PO-0014480,336,7,2023-07-01,USD,RECEIVED
14481,PO-0014481,216,10,2023-10-11,USD,RECEIVED
14482,PO-0014482,219,8,2024-11-30,USD,RECEIVED
14483,PO-0014483,241,3,2024-06-20,USD,OPEN
14484,PO-0014484,310,11,2023-10-13,USD,RECEIVED
14485,PO-0014485,225,1,2023-10-06,USD,RECEIVED
14486,PO-0014486,112,1,2024-02-26,USD,RECEIVED
14487,PO-0014487,71,6,2025-11-28,USD,RECEIVED
14488,PO-0014488,418,6,2026-04-23,USD,RECEIVED
14489,PO-0014489,157,5,2023-04-03,USD,RECEIVED
14490,PO-0014490,45,9,2024-12-12,USD,OPEN
14491,PO-0014491,217,11,2024-07-20,USD,CANCELLED
14492,PO-0014492,416,10,2026-02-05,USD,CANCELLED
14493,PO-0014493,6,8,2024-02-12,USD,RECEIVED
14494,PO-0014494,473,10,2026-02-15,USD,RECEIVED
14495,PO-0014495,472,11,2023-08-21,USD,RECEIVED
14496,PO-0014496,477,11,2025-05-08,USD,RECEIVED
14497,PO-0014497,227,2,2023-02-17,USD,CANCELLED
14498,PO-0014498,281,1,2025-09-28,USD,RECEIVED
14499,PO-0014499,84,1,2026-08-22,USD,RECEIVED
14500,PO-0014500,478,10,2026-05-20,USD,RECEIVED
14501,PO-0014501,56,12,2024-09-27,USD,RECEIVED
14502,PO-0014502,360,3,2024-09-23,USD,RECEIVED
14503,PO-0014503,42,5,2023-08-14,USD,RECEIVED
14504,PO-0014504,465,5,2026-07-25,USD,RECEIVED
14505,PO-0014505,475,3,2024-10-05,USD,OPEN
14506,PO-0014506,438,2,2023-04-08,USD,OPEN
14507,PO-0014507,404,1,2023-01-06,USD,RECEIVED
14508,PO-0014508,36,7,2023-09-19,USD,RECEIVED
14509,PO-0014509,488,6,2024-01-04,USD,RECEIVED
14510,PO-0014510,309,11,2026-02-26,USD,RECEIVED
14511,PO-0014511,359,8,2025-07-19,USD,RECEIVED
14512,PO-0014512,197,7,2026-07-15,USD,RECEIVED
14513,PO-0014513,254,4,2024-06-20,USD,RECEIVED
14514,PO-0014514,51,10,2024-10-16,USD,RECEIVED
14515,PO-0014515,312,1,2026-07-04,USD,RECEIVED
14516,PO-0014516,240,11,2023-06-16,USD,CANCELLED
14517,PO-0014517,157,9,2025-03-03,USD,RECEIVED
14518,PO-0014518,133,5,2023-05-02,USD,RECEIVED
14519,PO-0014519,410,10,2026-03-28,USD,CANCELLED
14520,PO-0014520,447,1,2026-06-07,USD,OPEN
14521,PO-0014521,413,4,2025-08-24,USD,RECEIVED
14522,PO-0014522,457,8,2024-04-08,USD,RECEIVED
14523,PO-0014523,159,8,2024-04-25,USD,RECEIVED
14524,PO-0014524,498,7,2026-09-21,USD,PARTIAL
14525,PO-0014525,358,11,2024-08-20,USD,RECEIVED
14526,PO-0014526,363,1,2023-12-24,USD,RECEIVED
14527,PO-0014527,197,9,2026-01-23,USD,RECEIVED
14528,PO-0014528,469,4,2023-05-17,USD,RECEIVED
14529,PO-0014529,384,7,2023-12-18,USD,RECEIVED
14530,PO-0014530,230,7,2024-09-11,USD,OPEN
14531,PO-0014531,64,3,2024-03-28,USD,OPEN
14532,PO-0014532,262,6,2026-05-28,USD,RECEIVED
14533,PO-0014533,46,8,2025-10-02,USD,RECEIVED
14534,PO-0014534,47,11,2024-02-03,USD,RECEIVED
14535,PO-0014535,12,10,2025-04-13,USD,RECEIVED
14536,PO-0014536,57,3,2026-05-01,USD,RECEIVED
14537,PO-0014537,181,11,2024-02-04,USD,RECEIVED
14538,PO-0014538,221,1,2025-05-18,USD,RECEIVED
14539,PO-0014539,62,12,2026-01-06,USD,RECEIVED
14540,PO-0014540,468,4,2026-03-16,USD,RECEIVED
14541,PO-0014541,175,2,2023-10-23,USD,PARTIAL
14542,PO-0014542,137,12,2024-01-04,USD,CANCELLED
14543,PO-0014543,170,2,2024-12-19,USD,RECEIVED
14544,PO-0014544,439,4,2024-07-30,USD,PARTIAL
14545,PO-0014545,71,10,2023-02-28,USD,RECEIVED
14546,PO-0014546,187,1,2025-05-03,USD,RECEIVED
14547,PO-0014547,220,11,2023-12-16,USD,RECEIVED
14548,PO-0014548,426,9,2023-03-18,USD,CANCELLED
14549,PO-0014549,488,9,2025-02-04,USD,PARTIAL
14550,PO-0014550,319,2,2026-07-09,USD,RECEIVED
14551,PO-0014551,374,3,2024-12-17,USD,CANCELLED
14552,PO-0014552,381,5,2026-05-21,USD,PARTIAL
14553,PO-0014553,492,9,2024-07-06,USD,RECEIVED
14554,PO-0014554,203,9,2023-01-24,USD,RECEIVED
14555,PO-0014555,205,2,2026-01-31,USD,RECEIVED
14556,PO-0014556,234,11,2025-01-12,USD,PARTIAL
14557,PO-0014557,464,10,2026-06-29,USD,CANCELLED
14558,PO-0014558,296,5,2025-03-22,USD,RECEIVED
14559,PO-0014559,278,10,2025-10-28,USD,RECEIVED
14560,PO-0014560,477,6,2024-09-01,USD,RECEIVED
14561,PO-0014561,157,4,2024-06-12,USD,RECEIVED
14562,PO-0014562,196,4,2024-08-29,USD,CANCELLED
14563,PO-0014563,279,1,2024-08-30,USD,RECEIVED
14564,PO-0014564,466,2,2026-01-09,USD,OPEN
14565,PO-0014565,280,1,2024-04-03,USD,PARTIAL
14566,PO-0014566,410,8,2026-01-21,USD,RECEIVED
14567,PO-0014567,442,7,2024-09-25,USD,RECEIVED
14568,PO-0014568,250,3,2023-11-17,USD,RECEIVED
14569,PO-0014569,201,9,2024-03-21,USD,RECEIVED
14570,PO-0014570,283,5,2024-07-22,USD,RECEIVED
14571,PO-0014571,66,12,2023-07-23,USD,RECEIVED
14572,PO-0014572,10,10,2024-03-29,USD,OPEN
14573,PO-0014573,203,9,2024-06-20,USD,RECEIVED
14574,PO-0014574,334,9,2026-04-15,USD,RECEIVED
14575,PO-0014575,58,7,2023-03-12,USD,OPEN
14576,PO-0014576,325,10,2023-07-30,USD,CANCELLED
14577,PO-0014577,45,3,2026-03-07,USD,RECEIVED
14578,PO-0014578,123,2,2023-02-16,USD,RECEIVED
14579,PO-0014579,9,11,2024-12-23,USD,OPEN
14580,PO-0014580,293,10,2026-02-12,USD,RECEIVED
14581,PO-0014581,21,2,2024-11-10,USD,RECEIVED
14582,PO-0014582,239,4,2023-09-22,USD,RECEIVED
14583,PO-0014583,146,1,2026-07-07,USD,RECEIVED
14584,PO-0014584,221,6,2023-08-31,USD,RECEIVED
14585,PO-0014585,8,5,2026-02-28,USD,RECEIVED
14586,PO-0014586,61,5,2024-04-25,USD,RECEIVED
14587,PO-0014587,448,1,2024-05-13,USD,RECEIVED
14588,PO-0014588,184,11,2025-02-13,USD,RECEIVED
14589,PO-0014589,53,11,2023-03-25,USD,RECEIVED
14590,PO-0014590,322,12,2024-02-14,USD,PARTIAL
14591,PO-0014591,364,10,2023-10-28,USD,RECEIVED
14592,PO-0014592,263,2,2024-07-04,USD,RECEIVED
14593,PO-0014593,288,12,2023-06-29,USD,RECEIVED
14594,PO-0014594,245,7,2025-01-23,USD,RECEIVED
14595,PO-0014595,27,6,2023-07-07,USD,RECEIVED
14596,PO-0014596,76,6,2023-08-05,USD,OPEN
14597,PO-0014597,233,6,2025-03-15,USD,RECEIVED
14598,PO-0014598,406,9,2025-12-14,USD,RECEIVED
14599,PO-0014599,78,1,2024-06-18,USD,RECEIVED
14600,PO-0014600,412,1,2026-05-04,USD,PARTIAL
14601,PO-0014601,440,6,2026-06-30,USD,RECEIVED
14602,PO-0014602,62,9,2023-06-06,USD,RECEIVED
14603,PO-0014603,115,7,2026-05-19,USD,CANCELLED
14604,PO-0014604,122,6,2026-07-04,USD,RECEIVED
14605,PO-0014605,35,4,2025-04-18,USD,RECEIVED
14606,PO-0014606,247,9,2023-10-25,USD,RECEIVED
14607,PO-0014607,144,11,2023-08-21,USD,RECEIVED
14608,PO-0014608,309,10,2026-04-27,USD,OPEN
14609,PO-0014609,131,10,2023-09-11,USD,RECEIVED
14610,PO-0014610,341,6,2023-10-04,USD,RECEIVED
14611,PO-0014611,38,8,2024-09-10,USD,PARTIAL
14612,PO-0014612,124,2,2024-08-15,USD,RECEIVED
14613,PO-0014613,438,12,2024-01-28,USD,RECEIVED
14614,PO-0014614,228,7,2025-03-22,USD,RECEIVED
14615,PO-0014615,82,9,2026-07-15,USD,PARTIAL
14616,PO-0014616,268,4,2023-10-18,USD,RECEIVED
14617,PO-0014617,469,2,2025-07-09,USD,RECEIVED
14618,PO-0014618,233,7,2025-05-22,USD,OPEN
14619,PO-0014619,55,9,2023-11-18,USD,CANCELLED
14620,PO-0014620,84,2,2024-05-01,USD,CANCELLED
14621,PO-0014621,217,8,2023-08-24,USD,RECEIVED
14622,PO-0014622,338,9,2025-03-24,USD,RECEIVED
14623,PO-0014623,450,4,2023-11-09,USD,RECEIVED
14624,PO-0014624,362,5,2026-07-20,USD,OPEN
14625,PO-0014625,488,3,2025-01-14,USD,RECEIVED
14626,PO-0014626,75,8,2023-10-29,USD,RECEIVED
14627,PO-0014627,167,6,2023-08-07,USD,RECEIVED
14628,PO-0014628,26,9,2025-03-30,USD,RECEIVED
14629,PO-0014629,127,3,2023-11-17,USD,PARTIAL
14630,PO-0014630,163,7,2025-04-13,USD,RECEIVED
14631,PO-0014631,295,11,2026-04-08,USD,RECEIVED
14632,PO-0014632,278,2,2025-10-22,USD,RECEIVED
14633,PO-0014633,347,8,2025-02-12,USD,PARTIAL
14634,PO-0014634,138,3,2024-09-22,USD,RECEIVED
14635,PO-0014635,490,9,2025-05-25,USD,OPEN
14636,PO-0014636,35,10,2023-11-25,USD,CANCELLED
14637,PO-0014637,302,12,2026-08-29,USD,RECEIVED
14638,PO-0014638,371,12,2025-05-13,USD,CANCELLED
14639,PO-0014639,263,8,2024-01-13,USD,RECEIVED
14640,PO-0014640,382,1,2023-10-25,USD,OPEN
14641,PO-0014641,415,7,2024-06-06,USD,RECEIVED
14642,PO-0014642,44,2,2026-06-13,USD,RECEIVED
14643,PO-0014643,268,1,2026-04-12,USD,RECEIVED
14644,PO-0014644,284,8,2023-12-26,USD,RECEIVED
14645,PO-0014645,487,9,2023-02-10,USD,RECEIVED
14646,PO-0014646,25,4,2025-01-21,USD,RECEIVED
14647,PO-0014647,178,6,2024-10-04,USD,CANCELLED
14648,PO-0014648,408,9,2024-08-01,USD,OPEN
14649,PO-0014649,456,3,2023-05-07,USD,RECEIVED
14650,PO-0014650,429,4,2024-12-09,USD,RECEIVED
14651,PO-0014651,183,5,2026-01-12,USD,RECEIVED
14652,PO-0014652,153,2,2025-06-22,USD,RECEIVED
14653,PO-0014653,378,1,2025-03-06,USD,RECEIVED
14654,PO-0014654,35,6,2023-02-17,USD,OPEN
14655,PO-0014655,77,3,2025-10-21,USD,OPEN
14656,PO-0014656,143,12,2025-10-19,USD,OPEN
14657,PO-0014657,418,11,2023-09-01,USD,RECEIVED
14658,PO-0014658,147,8,2026-02-28,USD,RECEIVED
14659,PO-0014659,89,10,2026-09-11,USD,RECEIVED
14660,PO-0014660,2,1,2024-02-14,USD,RECEIVED
14661,PO-0014661,105,10,2024-09-20,USD,RECEIVED
14662,PO-0014662,41,2,2024-09-17,USD,RECEIVED
14663,PO-0014663,297,7,2025-09-01,USD,RECEIVED
14664,PO-0014664,243,3,2023-10-13,USD,RECEIVED
14665,PO-0014665,13,8,2026-08-19,USD,CANCELLED
14666,PO-0014666,349,4,2025-11-05,USD,OPEN
14667,PO-0014667,424,1,2026-07-28,USD,RECEIVED
14668,PO-0014668,381,6,2023-02-25,USD,CANCELLED
14669,PO-0014669,256,5,2023-05-26,USD,RECEIVED
14670,PO-0014670,295,6,2023-08-24,USD,RECEIVED
14671,PO-0014671,274,12,2023-12-22,USD,RECEIVED
14672,PO-0014672,195,12,2024-08-26,USD,RECEIVED
14673,PO-0014673,394,3,2023-05-14,USD,RECEIVED
14674,PO-0014674,280,2,2023-11-10,USD,PARTIAL
14675,PO-0014675,458,8,2023-10-15,USD,RECEIVED
14676,PO-0014676,244,6,2024-01-30,USD,RECEIVED
14677,PO-0014677,407,12,2025-01-29,USD,RECEIVED
14678,PO-0014678,499,9,2023-07-26,USD,RECEIVED
14679,PO-0014679,235,5,2024-04-08,USD,RECEIVED
14680,PO-0014680,146,6,2024-07-24,USD,RECEIVED
14681,PO-0014681,192,2,2024-12-28,USD,RECEIVED
14682,PO-0014682,417,8,2025-11-28,USD,RECEIVED
14683,PO-0014683,435,11,2024-06-22,USD,RECEIVED
14684,PO-0014684,82,4,2025-02-04,USD,RECEIVED
14685,PO-0014685,129,5,2025-04-27,USD,RECEIVED
14686,PO-0014686,380,6,2026-08-04,USD,OPEN
14687,PO-0014687,491,5,2023-03-02,USD,PARTIAL
14688,PO-0014688,69,3,2023-02-24,USD,RECEIVED
14689,PO-0014689,420,7,2023-06-01,USD,RECEIVED
14690,PO-0014690,298,6,2023-12-01,USD,RECEIVED
14691,PO-0014691,51,12,2025-03-12,USD,RECEIVED
14692,PO-0014692,306,2,2026-01-22,USD,RECEIVED
14693,PO-0014693,321,9,2024-10-29,USD,RECEIVED
14694,PO-0014694,495,4,2024-06-09,USD,RECEIVED
14695,PO-0014695,42,4,2025-04-16,USD,RECEIVED
14696,PO-0014696,241,5,2025-12-07,USD,RECEIVED
14697,PO-0014697,183,9,2024-05-31,USD,PARTIAL
14698,PO-0014698,306,7,2023-02-09,USD,RECEIVED
14699,PO-0014699,434,7,2025-01-05,USD,OPEN
14700,PO-0014700,481,7,2026-06-25,USD,RECEIVED
14701,PO-0014701,307,3,2026-09-16,USD,RECEIVED
14702,PO-0014702,486,6,2025-11-02,USD,RECEIVED
14703,PO-0014703,329,5,2025-02-24,USD,PARTIAL
14704,PO-0014704,322,6,2024-12-07,USD,RECEIVED
14705,PO-0014705,148,10,2024-04-05,USD,RECEIVED
14706,PO-0014706,432,2,2024-08-08,USD,RECEIVED
14707,PO-0014707,358,12,2024-06-11,USD,RECEIVED
14708,PO-0014708,413,5,2025-02-14,USD,RECEIVED
14709,PO-0014709,460,12,2025-01-16,USD,RECEIVED
14710,PO-0014710,267,1,2023-04-14,USD,RECEIVED
14711,PO-0014711,112,1,2024-01-18,USD,CANCELLED
14712,PO-0014712,111,11,2024-03-18,USD,RECEIVED
14713,PO-0014713,464,9,2025-08-23,USD,RECEIVED
14714,PO-0014714,86,4,2023-05-28,USD,OPEN
14715,PO-0014715,53,5,2024-06-22,USD,RECEIVED
14716,PO-0014716,42,4,2025-11-18,USD,RECEIVED
14717,PO-0014717,283,11,2024-07-03,USD,CANCELLED
14718,PO-0014718,166,1,2024-06-06,USD,RECEIVED
14719,PO-0014719,151,11,2024-12-17,USD,RECEIVED
14720,PO-0014720,340,8,2026-06-21,USD,RECEIVED
14721,PO-0014721,132,8,2026-02-17,USD,RECEIVED
14722,PO-0014722,341,9,2023-03-23,USD,RECEIVED
14723,PO-0014723,457,4,2023-07-01,USD,PARTIAL
14724,PO-0014724,160,8,2025-12-29,USD,RECEIVED
14725,PO-0014725,244,8,2025-08-13,USD,OPEN
14726,PO-0014726,416,1,2023-07-07,USD,RECEIVED
14727,PO-0014727,305,12,2026-08-15,USD,RECEIVED
14728,PO-0014728,25,4,2026-04-05,USD,RECEIVED
14729,PO-0014729,458,12,2023-03-04,USD,RECEIVED
14730,PO-0014730,269,6,2024-10-31,USD,RECEIVED
14731,PO-0014731,273,3,2025-05-29,USD,RECEIVED
14732,PO-0014732,417,10,2025-11-20,USD,PARTIAL
14733,PO-0014733,204,5,2024-09-06,USD,CANCELLED
14734,PO-0014734,450,12,2024-04-09,USD,CANCELLED
14735,PO-0014735,230,1,2025-09-24,USD,OPEN
14736,PO-0014736,315,1,2026-08-03,USD,RECEIVED
14737,PO-0014737,352,12,2026-09-30,USD,RECEIVED
14738,PO-0014738,168,3,2025-08-21,USD,CANCELLED
14739,PO-0014739,368,3,2024-03-04,USD,RECEIVED
14740,PO-0014740,374,10,2023-08-08,USD,RECEIVED
14741,PO-0014741,181,2,2026-02-16,USD,RECEIVED
14742,PO-0014742,125,3,2026-09-11,USD,RECEIVED
14743,PO-0014743,288,12,2025-03-29,USD,RECEIVED
14744,PO-0014744,87,11,2026-02-04,USD,RECEIVED
14745,PO-0014745,324,10,2023-08-12,USD,OPEN
14746,PO-0014746,144,1,2025-10-02,USD,RECEIVED
14747,PO-0014747,194,10,2023-06-02,USD,RECEIVED
14748,PO-0014748,212,12,2026-06-02,USD,RECEIVED
14749,PO-0014749,442,4,2023-07-31,USD,RECEIVED
14750,PO-0014750,457,3,2024-10-04,USD,RECEIVED
14751,PO-0014751,41,3,2025-03-21,USD,RECEIVED
14752,PO-0014752,392,3,2023-03-23,USD,RECEIVED
14753,PO-0014753,120,3,2024-09-12,USD,PARTIAL
14754,PO-0014754,447,7,2024-09-27,USD,OPEN
14755,PO-0014755,213,1,2024-03-19,USD,PARTIAL
14756,PO-0014756,435,9,2023-12-23,USD,OPEN
14757,PO-0014757,472,4,2023-07-24,USD,RECEIVED
14758,PO-0014758,279,2,2023-01-08,USD,RECEIVED
14759,PO-0014759,460,4,2023-11-04,USD,CANCELLED
14760,PO-0014760,138,1,2025-05-21,USD,PARTIAL
14761,PO-0014761,479,6,2025-09-28,USD,OPEN
14762,PO-0014762,114,1,2024-02-14,USD,PARTIAL
14763,PO-0014763,454,8,2023-11-07,USD,OPEN
14764,PO-0014764,109,8,2026-04-15,USD,RECEIVED
14765,PO-0014765,209,5,2025-08-13,USD,RECEIVED
14766,PO-0014766,61,12,2026-09-20,USD,OPEN
14767,PO-0014767,199,6,2026-08-19,USD,OPEN
14768,PO-0014768,363,1,2023-01-06,USD,RECEIVED
14769,PO-0014769,405,9,2023-02-01,USD,RECEIVED
14770,PO-0014770,328,6,2026-09-05,USD,CANCELLED
14771,PO-0014771,101,12,2025-01-06,USD,PARTIAL
14772,PO-0014772,487,12,2025-07-26,USD,RECEIVED
14773,PO-0014773,384,8,2023-12-29,USD,RECEIVED
14774,PO-0014774,83,10,2025-12-20,USD,RECEIVED
14775,PO-0014775,448,12,2024-06-02,USD,RECEIVED
14776,PO-0014776,313,9,2023-06-07,USD,RECEIVED
14777,PO-0014777,294,11,2025-05-02,USD,PARTIAL
14778,PO-0014778,390,5,2025-01-27,USD,RECEIVED
14779,PO-0014779,404,1,2023-03-18,USD,RECEIVED
14780,PO-0014780,62,9,2026-04-15,USD,RECEIVED
14781,PO-0014781,356,10,2023-11-09,USD,RECEIVED
14782,PO-0014782,414,2,2023-04-23,USD,RECEIVED
14783,PO-0014783,446,5,2025-12-25,USD,RECEIVED
14784,PO-0014784,334,12,2024-03-30,USD,RECEIVED
14785,PO-0014785,193,7,2024-10-10,USD,RECEIVED
14786,PO-0014786,468,8,2025-09-16,USD,CANCELLED
14787,PO-0014787,222,11,2023-02-04,USD,RECEIVED
14788,PO-0014788,362,10,2026-09-30,USD,OPEN
14789,PO-0014789,351,12,2024-08-08,USD,OPEN
14790,PO-0014790,15,10,2023-08-29,USD,RECEIVED
14791,PO-0014791,15,5,2024-11-02,USD,RECEIVED
14792,PO-0014792,97,6,2023-01-10,USD,RECEIVED
14793,PO-0014793,314,6,2026-05-18,USD,RECEIVED
14794,PO-0014794,247,7,2024-02-16,USD,PARTIAL
14795,PO-0014795,352,11,2025-02-11,USD,RECEIVED
14796,PO-0014796,157,8,2023-08-09,USD,PARTIAL
14797,PO-0014797,314,5,2026-03-13,USD,RECEIVED
14798,PO-0014798,92,2,2023-03-23,USD,RECEIVED
14799,PO-0014799,153,10,2026-01-19,USD,RECEIVED
14800,PO-0014800,320,11,2025-01-30,USD,OPEN
14801,PO-0014801,92,1,2025-07-18,USD,RECEIVED
14802,PO-0014802,70,7,2024-08-21,USD,RECEIVED
14803,PO-0014803,97,1,2026-09-10,USD,OPEN
14804,PO-0014804,302,7,2024-04-29,USD,RECEIVED
14805,PO-0014805,403,10,2026-03-14,USD,RECEIVED
14806,PO-0014806,418,8,2024-03-14,USD,RECEIVED
14807,PO-0014807,168,7,2023-06-30,USD,RECEIVED
14808,PO-0014808,404,11,2026-04-24,USD,RECEIVED
14809,PO-0014809,485,4,2026-06-28,USD,CANCELLED
14810,PO-0014810,477,9,2023-01-27,USD,CANCELLED
14811,PO-0014811,299,5,2024-06-23,USD,RECEIVED
14812,PO-0014812,422,3,2023-12-26,USD,CANCELLED
14813,PO-0014813,14,5,2026-05-22,USD,RECEIVED
14814,PO-0014814,482,6,2023-12-18,USD,CANCELLED
14815,PO-0014815,225,6,2023-05-31,USD,RECEIVED
14816,PO-0014816,187,10,2024-06-23,USD,PARTIAL
14817,PO-0014817,359,1,2025-05-18,USD,RECEIVED
14818,PO-0014818,197,5,2026-06-08,USD,RECEIVED
14819,PO-0014819,12,9,2025-05-18,USD,PARTIAL
14820,PO-0014820,352,6,2025-07-11,USD,RECEIVED
14821,PO-0014821,57,4,2024-10-15,USD,PARTIAL
14822,PO-0014822,416,7,2023-12-03,USD,CANCELLED
14823,PO-0014823,109,2,2024-10-11,USD,RECEIVED
14824,PO-0014824,426,5,2024-01-14,USD,RECEIVED
14825,PO-0014825,460,6,2023-05-12,USD,RECEIVED
14826,PO-0014826,243,6,2025-03-16,USD,RECEIVED
14827,PO-0014827,398,7,2026-03-01,USD,RECEIVED
14828,PO-0014828,60,4,2026-05-15,USD,OPEN
14829,PO-0014829,331,1,2023-02-13,USD,RECEIVED
14830,PO-0014830,369,10,2025-12-15,USD,RECEIVED
14831,PO-0014831,82,6,2024-03-12,USD,OPEN
14832,PO-0014832,285,8,2023-08-01,USD,RECEIVED
14833,PO-0014833,246,12,2023-07-17,USD,RECEIVED
14834,PO-0014834,362,5,2024-03-01,USD,OPEN
14835,PO-0014835,494,11,2024-06-28,USD,RECEIVED
14836,PO-0014836,385,4,2023-01-13,USD,RECEIVED
14837,PO-0014837,425,1,2026-03-23,USD,RECEIVED
14838,PO-0014838,144,10,2024-10-15,USD,PARTIAL
14839,PO-0014839,168,6,2025-11-08,USD,RECEIVED
14840,PO-0014840,145,10,2024-05-31,USD,RECEIVED
14841,PO-0014841,93,4,2023-03-07,USD,RECEIVED
14842,PO-0014842,480,1,2024-05-27,USD,RECEIVED
14843,PO-0014843,468,8,2025-03-02,USD,RECEIVED
14844,PO-0014844,333,12,2023-05-31,USD,RECEIVED
14845,PO-0014845,398,9,2024-05-18,USD,PARTIAL
14846,PO-0014846,488,8,2025-02-26,USD,CANCELLED
14847,PO-0014847,475,12,2026-08-28,USD,RECEIVED
14848,PO-0014848,126,2,2024-08-17,USD,PARTIAL
14849,PO-0014849,448,4,2024-09-14,USD,RECEIVED
14850,PO-0014850,229,6,2024-05-19,USD,CANCELLED
14851,PO-0014851,428,7,2026-05-08,USD,RECEIVED
14852,PO-0014852,365,11,2024-09-17,USD,RECEIVED
14853,PO-0014853,461,6,2024-05-08,USD,RECEIVED
14854,PO-0014854,469,12,2023-11-18,USD,RECEIVED
14855,PO-0014855,224,10,2026-07-26,USD,RECEIVED
14856,PO-0014856,223,3,2023-09-23,USD,OPEN
14857,PO-0014857,223,4,2024-08-31,USD,OPEN
14858,PO-0014858,337,7,2025-12-05,USD,PARTIAL
14859,PO-0014859,377,5,2023-03-11,USD,CANCELLED
14860,PO-0014860,445,7,2026-02-17,USD,RECEIVED
14861,PO-0014861,460,2,2024-09-02,USD,RECEIVED
14862,PO-0014862,345,1,2024-03-23,USD,CANCELLED
14863,PO-0014863,259,1,2023-11-28,USD,RECEIVED
14864,PO-0014864,419,10,2025-04-19,USD,RECEIVED
14865,PO-0014865,299,9,2025-03-11,USD,RECEIVED
14866,PO-0014866,301,7,2024-11-13,USD,RECEIVED
14867,PO-0014867,368,12,2024-03-03,USD,RECEIVED
14868,PO-0014868,488,4,2025-10-01,USD,RECEIVED
14869,PO-0014869,213,1,2023-03-04,USD,RECEIVED
14870,PO-0014870,368,9,2025-06-01,USD,RECEIVED
14871,PO-0014871,283,7,2023-01-28,USD,RECEIVED
14872,PO-0014872,414,6,2026-08-17,USD,RECEIVED
14873,PO-0014873,453,7,2023-06-07,USD,CANCELLED
14874,PO-0014874,97,2,2025-03-31,USD,RECEIVED
14875,PO-0014875,176,8,2026-09-28,USD,RECEIVED
14876,PO-0014876,124,6,2026-01-20,USD,PARTIAL
14877,PO-0014877,50,10,2025-04-26,USD,RECEIVED
14878,PO-0014878,256,3,2026-05-10,USD,RECEIVED
14879,PO-0014879,389,12,2023-01-24,USD,RECEIVED
14880,PO-0014880,346,5,2026-09-06,USD,RECEIVED
14881,PO-0014881,65,9,2026-02-12,USD,RECEIVED
14882,PO-0014882,104,9,2025-06-06,USD,OPEN
14883,PO-0014883,34,12,2025-08-19,USD,PARTIAL
14884,PO-0014884,296,6,2024-11-21,USD,PARTIAL
14885,PO-0014885,242,10,2023-09-10,USD,RECEIVED
14886,PO-0014886,53,2,2024-03-04,USD,CANCELLED
14887,PO-0014887,125,10,2023-02-21,USD,OPEN
14888,PO-0014888,224,10,2026-06-02,USD,RECEIVED
14889,PO-0014889,245,4,2026-08-25,USD,RECEIVED
14890,PO-0014890,33,2,2025-08-28,USD,RECEIVED
14891,PO-0014891,471,7,2026-02-07,USD,RECEIVED
14892,PO-0014892,377,10,2026-01-15,USD,PARTIAL
14893,PO-0014893,387,9,2024-10-18,USD,RECEIVED
14894,PO-0014894,280,11,2024-10-03,USD,CANCELLED
14895,PO-0014895,102,11,2024-03-01,USD,RECEIVED
14896,PO-0014896,316,8,2023-07-11,USD,RECEIVED
14897,PO-0014897,480,2,2024-12-15,USD,PARTIAL
14898,PO-0014898,466,1,2024-08-12,USD,RECEIVED
14899,PO-0014899,350,2,2026-07-03,USD,OPEN
14900,PO-0014900,299,1,2026-03-21,USD,RECEIVED
14901,PO-0014901,252,12,2026-09-22,USD,CANCELLED
14902,PO-0014902,288,1,2025-01-16,USD,RECEIVED
14903,PO-0014903,285,11,2023-05-18,USD,RECEIVED
14904,PO-0014904,68,7,2024-10-31,USD,RECEIVED
14905,PO-0014905,468,12,2024-02-18,USD,CANCELLED
14906,PO-0014906,53,9,2024-05-15,USD,RECEIVED
14907,PO-0014907,467,9,2024-07-07,USD,RECEIVED
14908,PO-0014908,392,2,2023-06-21,USD,RECEIVED
14909,PO-0014909,353,8,2025-03-09,USD,RECEIVED
14910,PO-0014910,263,11,2023-02-11,USD,RECEIVED
14911,PO-0014911,44,12,2026-09-11,USD,RECEIVED
14912,PO-0014912,220,5,2025-01-04,USD,RECEIVED
14913,PO-0014913,313,12,2025-06-20,USD,RECEIVED
14914,PO-0014914,181,9,2024-09-01,USD,RECEIVED
14915,PO-0014915,12,5,2023-06-08,USD,RECEIVED
14916,PO-0014916,306,7,2025-10-21,USD,RECEIVED
14917,PO-0014917,415,7,2026-08-11,USD,RECEIVED
14918,PO-0014918,271,11,2026-06-21,USD,CANCELLED
14919,PO-0014919,422,2,2026-03-09,USD,CANCELLED
14920,PO-0014920,111,12,2023-11-17,USD,PARTIAL
14921,PO-0014921,445,8,2024-08-04,USD,RECEIVED
14922,PO-0014922,111,2,2026-08-29,USD,RECEIVED
14923,PO-0014923,243,8,2025-03-14,USD,PARTIAL
14924,PO-0014924,107,5,2024-08-10,USD,RECEIVED
14925,PO-0014925,497,12,2023-11-02,USD,PARTIAL
14926,PO-0014926,227,5,2025-12-28,USD,RECEIVED
14927,PO-0014927,214,8,2025-04-29,USD,RECEIVED
14928,PO-0014928,477,5,2025-04-15,USD,CANCELLED
14929,PO-0014929,303,7,2023-07-20,USD,PARTIAL
14930,PO-0014930,78,1,2026-04-14,USD,RECEIVED
14931,PO-0014931,250,4,2024-10-29,USD,RECEIVED
14932,PO-0014932,393,3,2023-07-24,USD,RECEIVED
14933,PO-0014933,281,3,2024-01-02,USD,RECEIVED
14934,PO-0014934,285,6,2023-07-23,USD,RECEIVED
14935,PO-0014935,380,6,2023-09-17,USD,CANCELLED
14936,PO-0014936,214,8,2026-07-30,USD,RECEIVED
14937,PO-0014937,325,4,2023-03-01,USD,RECEIVED
14938,PO-0014938,127,4,2025-02-24,USD,RECEIVED
14939,PO-0014939,34,11,2026-02-01,USD,CANCELLED
14940,PO-0014940,12,5,2026-05-06,USD,RECEIVED
14941,PO-0014941,330,10,2023-10-02,USD,RECEIVED
14942,PO-0014942,54,1,2025-06-27,USD,PARTIAL
14943,PO-0014943,152,10,2023-05-13,USD,RECEIVED
14944,PO-0014944,348,10,2023-04-23,USD,CANCELLED
14945,PO-0014945,33,12,2026-08-12,USD,RECEIVED
14946,PO-0014946,141,7,2024-10-11,USD,RECEIVED
14947,PO-0014947,237,5,2024-03-28,USD,RECEIVED
14948,PO-0014948,82,6,2026-08-13,USD,RECEIVED
14949,PO-0014949,13,8,2023-11-15,USD,RECEIVED
14950,PO-0014950,71,10,2024-03-19,USD,RECEIVED
14951,PO-0014951,389,6,2025-07-17,USD,RECEIVED
14952,PO-0014952,63,6,2024-12-18,USD,RECEIVED
14953,PO-0014953,496,7,2023-02-12,USD,RECEIVED
14954,PO-0014954,9,5,2025-05-08,USD,CANCELLED
14955,PO-0014955,393,9,2026-08-06,USD,RECEIVED
14956,PO-0014956,309,8,2026-06-20,USD,RECEIVED
14957,PO-0014957,381,1,2026-08-20,USD,RECEIVED
14958,PO-0014958,301,7,2023-03-22,USD,OPEN
14959,PO-0014959,307,3,2026-04-24,USD,RECEIVED
14960,PO-0014960,274,5,2026-03-28,USD,RECEIVED
14961,PO-0014961,482,3,2025-11-11,USD,RECEIVED
14962,PO-0014962,130,3,2026-07-09,USD,OPEN
14963,PO-0014963,498,5,2024-06-16,USD,RECEIVED
14964,PO-0014964,155,2,2023-05-17,USD,CANCELLED
14965,PO-0014965,442,6,2023-10-13,USD,CANCELLED
14966,PO-0014966,4,12,2023-09-07,USD,RECEIVED
14967,PO-0014967,93,4,2023-12-01,USD,RECEIVED
14968,PO-0014968,370,9,2026-04-16,USD,OPEN
14969,PO-0014969,255,7,2024-05-18,USD,RECEIVED
14970,PO-0014970,426,8,2026-08-26,USD,RECEIVED
14971,PO-0014971,70,5,2024-05-29,USD,RECEIVED
14972,PO-0014972,244,4,2026-04-23,USD,RECEIVED
14973,PO-0014973,188,5,2023-06-17,USD,PARTIAL
14974,PO-0014974,326,1,2024-10-30,USD,RECEIVED
14975,PO-0014975,106,11,2024-10-12,USD,RECEIVED
14976,PO-0014976,448,12,2024-02-01,USD,OPEN
14977,PO-0014977,437,9,2025-12-16,USD,OPEN
14978,PO-0014978,136,4,2023-03-25,USD,CANCELLED
14979,PO-0014979,142,7,2023-09-14,USD,PARTIAL
14980,PO-0014980,484,12,2024-08-19,USD,RECEIVED
14981,PO-0014981,97,11,2024-11-08,USD,CANCELLED
14982,PO-0014982,234,12,2026-06-08,USD,RECEIVED
14983,PO-0014983,2,11,2026-06-12,USD,RECEIVED
14984,PO-0014984,227,1,2024-10-21,USD,RECEIVED
14985,PO-0014985,499,11,2025-06-05,USD,CANCELLED
14986,PO-0014986,353,12,2023-09-07,USD,RECEIVED
14987,PO-0014987,133,4,2024-03-16,USD,RECEIVED
14988,PO-0014988,227,2,2023-06-01,USD,RECEIVED
14989,PO-0014989,44,11,2025-11-24,USD,RECEIVED
14990,PO-0014990,162,4,2026-05-06,USD,RECEIVED
14991,PO-0014991,117,10,2024-03-09,USD,OPEN
14992,PO-0014992,252,4,2024-08-29,USD,RECEIVED
14993,PO-0014993,179,11,2025-06-24,USD,RECEIVED
14994,PO-0014994,223,7,2024-01-05,USD,RECEIVED
14995,PO-0014995,454,8,2024-11-25,USD,RECEIVED
14996,PO-0014996,478,10,2026-02-14,USD,RECEIVED
14997,PO-0014997,235,9,2026-06-18,USD,RECEIVED
14998,PO-0014998,246,4,2025-09-21,USD,CANCELLED
14999,PO-0014999,332,2,2024-09-01,USD,CANCELLED
15000,PO-0015000,11,7,2024-07-22,USD,RECEIVED
15001,PO-0015001,6,12,2025-05-21,USD,CANCELLED
15002,PO-0015002,32,4,2026-06-20,USD,RECEIVED
15003,PO-0015003,290,12,2025-02-24,USD,RECEIVED
15004,PO-0015004,497,2,2023-03-21,USD,CANCELLED
15005,PO-0015005,370,3,2024-07-13,USD,RECEIVED
15006,PO-0015006,229,12,2024-08-17,USD,RECEIVED
15007,PO-0015007,109,9,2026-01-12,USD,RECEIVED
15008,PO-0015008,138,3,2023-12-22,USD,RECEIVED
15009,PO-0015009,85,4,2025-08-10,USD,RECEIVED
15010,PO-0015010,149,11,2023-05-08,USD,RECEIVED
15011,PO-0015011,196,4,2026-07-16,USD,RECEIVED
15012,PO-0015012,437,8,2023-11-17,USD,RECEIVED
15013,PO-0015013,55,5,2026-02-10,USD,RECEIVED
15014,PO-0015014,43,10,2025-04-12,USD,RECEIVED
15015,PO-0015015,296,9,2024-09-18,USD,RECEIVED
15016,PO-0015016,408,9,2025-08-11,USD,RECEIVED
15017,PO-0015017,10,9,2023-09-15,USD,RECEIVED
15018,PO-0015018,269,10,2024-10-06,USD,PARTIAL
15019,PO-0015019,128,11,2024-03-17,USD,PARTIAL
15020,PO-0015020,166,12,2024-03-29,USD,RECEIVED
15021,PO-0015021,292,8,2023-02-01,USD,CANCELLED
15022,PO-0015022,343,2,2024-10-09,USD,RECEIVED
15023,PO-0015023,127,5,2024-01-06,USD,RECEIVED
15024,PO-0015024,66,1,2025-08-28,USD,RECEIVED
15025,PO-0015025,175,6,2024-09-03,USD,CANCELLED
15026,PO-0015026,121,12,2026-01-22,USD,RECEIVED
15027,PO-0015027,143,8,2023-10-05,USD,RECEIVED
15028,PO-0015028,310,10,2024-01-11,USD,RECEIVED
15029,PO-0015029,488,4,2024-08-07,USD,OPEN
15030,PO-0015030,25,10,2023-06-19,USD,RECEIVED
15031,PO-0015031,35,7,2025-08-09,USD,PARTIAL
15032,PO-0015032,289,10,2024-01-11,USD,RECEIVED
15033,PO-0015033,404,1,2026-09-21,USD,CANCELLED
15034,PO-0015034,251,11,2026-01-07,USD,RECEIVED
15035,PO-0015035,423,2,2025-01-04,USD,RECEIVED
15036,PO-0015036,81,11,2023-12-14,USD,RECEIVED
15037,PO-0015037,260,8,2023-05-08,USD,RECEIVED
15038,PO-0015038,235,4,2023-10-27,USD,RECEIVED
15039,PO-0015039,151,11,2024-08-28,USD,OPEN
15040,PO-0015040,309,10,2023-12-31,USD,RECEIVED
15041,PO-0015041,54,4,2025-09-27,USD,RECEIVED
15042,PO-0015042,385,6,2024-07-24,USD,RECEIVED
15043,PO-0015043,269,12,2025-05-20,USD,OPEN
15044,PO-0015044,136,4,2024-07-22,USD,RECEIVED
15045,PO-0015045,67,5,2023-08-26,USD,OPEN
15046,PO-0015046,27,2,2023-03-10,USD,PARTIAL
15047,PO-0015047,116,12,2025-06-14,USD,RECEIVED
15048,PO-0015048,290,7,2026-06-30,USD,OPEN
15049,PO-0015049,418,9,2026-06-07,USD,CANCELLED
15050,PO-0015050,182,8,2025-12-30,USD,CANCELLED
15051,PO-0015051,161,2,2024-10-27,USD,RECEIVED
15052,PO-0015052,290,8,2025-08-13,USD,RECEIVED
15053,PO-0015053,75,10,2024-04-29,USD,RECEIVED
15054,PO-0015054,240,12,2023-04-26,USD,RECEIVED
15055,PO-0015055,276,1,2024-11-03,USD,PARTIAL
15056,PO-0015056,319,7,2025-07-13,USD,PARTIAL
15057,PO-0015057,92,7,2026-06-22,USD,RECEIVED
15058,PO-0015058,28,6,2023-02-22,USD,PARTIAL
15059,PO-0015059,430,5,2025-08-02,USD,RECEIVED
15060,PO-0015060,99,12,2025-02-22,USD,RECEIVED
15061,PO-0015061,400,6,2023-03-14,USD,RECEIVED
15062,PO-0015062,97,5,2025-01-24,USD,OPEN
15063,PO-0015063,307,11,2025-04-14,USD,RECEIVED
15064,PO-0015064,112,9,2023-02-11,USD,PARTIAL
15065,PO-0015065,74,1,2024-08-22,USD,RECEIVED
15066,PO-0015066,497,2,2024-10-06,USD,CANCELLED
15067,PO-0015067,1,3,2023-01-20,USD,PARTIAL
15068,PO-0015068,102,7,2024-11-10,USD,CANCELLED
15069,PO-0015069,345,9,2024-04-23,USD,RECEIVED
15070,PO-0015070,373,12,2025-12-04,USD,CANCELLED
15071,PO-0015071,230,12,2024-06-17,USD,RECEIVED
15072,PO-0015072,422,11,2026-02-17,USD,CANCELLED
15073,PO-0015073,319,7,2023-01-09,USD,OPEN
15074,PO-0015074,211,11,2026-01-05,USD,RECEIVED
15075,PO-0015075,256,1,2023-03-24,USD,RECEIVED
15076,PO-0015076,205,8,2024-10-18,USD,RECEIVED
15077,PO-0015077,23,12,2025-04-24,USD,PARTIAL
15078,PO-0015078,410,5,2025-03-01,USD,CANCELLED
15079,PO-0015079,254,8,2025-08-10,USD,PARTIAL
15080,PO-0015080,39,7,2025-03-01,USD,RECEIVED
15081,PO-0015081,280,7,2025-03-11,USD,PARTIAL
15082,PO-0015082,71,9,2025-08-21,USD,RECEIVED
15083,PO-0015083,400,5,2026-02-07,USD,RECEIVED
15084,PO-0015084,385,6,2025-11-18,USD,RECEIVED
15085,PO-0015085,18,9,2024-11-23,USD,CANCELLED
15086,PO-0015086,97,5,2025-01-16,USD,RECEIVED
15087,PO-0015087,7,12,2023-03-19,USD,RECEIVED
15088,PO-0015088,230,5,2024-06-17,USD,RECEIVED
15089,PO-0015089,435,11,2023-06-10,USD,RECEIVED
15090,PO-0015090,419,7,2023-10-04,USD,CANCELLED
15091,PO-0015091,258,12,2025-08-21,USD,RECEIVED
15092,PO-0015092,317,5,2025-03-10,USD,RECEIVED
15093,PO-0015093,271,3,2023-09-30,USD,RECEIVED
15094,PO-0015094,120,3,2024-07-10,USD,RECEIVED
15095,PO-0015095,392,1,2026-05-24,USD,RECEIVED
15096,PO-0015096,100,9,2024-03-24,USD,RECEIVED
15097,PO-0015097,18,10,2026-02-23,USD,RECEIVED
15098,PO-0015098,354,8,2026-01-20,USD,CANCELLED
15099,PO-0015099,411,12,2023-04-24,USD,OPEN
15100,PO-0015100,135,9,2025-06-20,USD,RECEIVED
15101,PO-0015101,10,12,2026-07-10,USD,RECEIVED
15102,PO-0015102,307,1,2023-09-13,USD,OPEN
15103,PO-0015103,395,3,2025-10-20,USD,RECEIVED
15104,PO-0015104,460,10,2023-06-05,USD,RECEIVED
15105,PO-0015105,465,4,2025-08-15,USD,PARTIAL
15106,PO-0015106,90,10,2025-11-15,USD,RECEIVED
15107,PO-0015107,473,4,2023-02-10,USD,RECEIVED
15108,PO-0015108,185,7,2024-07-23,USD,RECEIVED
15109,PO-0015109,259,8,2024-05-12,USD,RECEIVED
15110,PO-0015110,225,7,2024-02-23,USD,RECEIVED
15111,PO-0015111,389,6,2026-08-02,USD,RECEIVED
15112,PO-0015112,165,12,2023-10-29,USD,RECEIVED
15113,PO-0015113,87,10,2024-12-15,USD,RECEIVED
15114,PO-0015114,200,8,2025-03-15,USD,RECEIVED
15115,PO-0015115,5,7,2023-05-20,USD,PARTIAL
15116,PO-0015116,239,5,2023-05-28,USD,RECEIVED
15117,PO-0015117,432,11,2025-05-08,USD,RECEIVED
15118,PO-0015118,175,1,2026-06-30,USD,OPEN
15119,PO-0015119,227,6,2025-10-15,USD,RECEIVED
15120,PO-0015120,377,3,2024-06-09,USD,RECEIVED
15121,PO-0015121,33,10,2023-12-23,USD,RECEIVED
15122,PO-0015122,105,8,2025-04-28,USD,RECEIVED
15123,PO-0015123,479,9,2025-09-20,USD,RECEIVED
15124,PO-0015124,430,9,2026-08-20,USD,CANCELLED
15125,PO-0015125,493,5,2024-10-16,USD,RECEIVED
15126,PO-0015126,447,11,2024-06-14,USD,OPEN
15127,PO-0015127,191,3,2026-05-29,USD,CANCELLED
15128,PO-0015128,103,7,2024-01-12,USD,RECEIVED
15129,PO-0015129,48,3,2024-04-24,USD,RECEIVED
15130,PO-0015130,481,7,2024-08-22,USD,RECEIVED
15131,PO-0015131,152,3,2026-09-01,USD,RECEIVED
15132,PO-0015132,202,2,2025-11-15,USD,RECEIVED
15133,PO-0015133,176,2,2025-11-14,USD,RECEIVED
15134,PO-0015134,479,8,2025-04-09,USD,RECEIVED
15135,PO-0015135,496,8,2024-04-24,USD,RECEIVED
15136,PO-0015136,64,8,2024-02-06,USD,RECEIVED
15137,PO-0015137,1,12,2024-12-14,USD,OPEN
15138,PO-0015138,345,6,2024-08-30,USD,OPEN
15139,PO-0015139,22,2,2026-09-15,USD,RECEIVED
15140,PO-0015140,325,11,2023-01-08,USD,RECEIVED
15141,PO-0015141,449,5,2025-09-05,USD,PARTIAL
15142,PO-0015142,340,3,2024-04-22,USD,OPEN
15143,PO-0015143,1,3,2024-12-13,USD,RECEIVED
15144,PO-0015144,417,3,2023-05-17,USD,RECEIVED
15145,PO-0015145,223,6,2024-06-22,USD,RECEIVED
15146,PO-0015146,439,1,2023-04-19,USD,RECEIVED
15147,PO-0015147,91,1,2024-11-19,USD,RECEIVED
15148,PO-0015148,102,3,2026-05-13,USD,PARTIAL
15149,PO-0015149,459,4,2025-07-30,USD,RECEIVED
15150,PO-0015150,438,5,2025-05-13,USD,RECEIVED
15151,PO-0015151,460,6,2024-07-25,USD,RECEIVED
15152,PO-0015152,398,4,2025-12-21,USD,RECEIVED
15153,PO-0015153,100,4,2023-10-24,USD,RECEIVED
15154,PO-0015154,176,1,2025-06-28,USD,RECEIVED
15155,PO-0015155,359,10,2024-09-01,USD,RECEIVED
15156,PO-0015156,279,7,2023-05-23,USD,RECEIVED
15157,PO-0015157,332,12,2026-06-24,USD,PARTIAL
15158,PO-0015158,322,2,2023-06-22,USD,PARTIAL
15159,PO-0015159,252,6,2024-10-29,USD,OPEN
15160,PO-0015160,113,8,2023-02-03,USD,RECEIVED
15161,PO-0015161,399,10,2024-04-08,USD,RECEIVED
15162,PO-0015162,262,9,2023-04-12,USD,RECEIVED
15163,PO-0015163,278,3,2026-08-11,USD,RECEIVED
15164,PO-0015164,54,4,2024-03-01,USD,RECEIVED
15165,PO-0015165,369,7,2025-01-11,USD,RECEIVED
15166,PO-0015166,281,11,2025-02-12,USD,RECEIVED
15167,PO-0015167,147,11,2025-12-13,USD,RECEIVED
15168,PO-0015168,222,3,2023-07-19,USD,RECEIVED
15169,PO-0015169,269,9,2023-11-26,USD,RECEIVED
15170,PO-0015170,131,2,2023-04-10,USD,OPEN
15171,PO-0015171,166,3,2023-03-15,USD,RECEIVED
15172,PO-0015172,121,9,2023-05-26,USD,RECEIVED
15173,PO-0015173,171,4,2024-02-22,USD,RECEIVED
15174,PO-0015174,440,8,2023-12-25,USD,OPEN
15175,PO-0015175,95,7,2023-10-13,USD,RECEIVED
15176,PO-0015176,8,2,2024-10-14,USD,RECEIVED
15177,PO-0015177,229,7,2024-05-22,USD,RECEIVED
15178,PO-0015178,203,2,2025-05-04,USD,RECEIVED
15179,PO-0015179,468,3,2025-03-19,USD,RECEIVED
15180,PO-0015180,299,9,2023-11-02,USD,RECEIVED
15181,PO-0015181,76,9,2025-05-20,USD,RECEIVED
15182,PO-0015182,472,4,2024-04-26,USD,RECEIVED
15183,PO-0015183,461,2,2024-07-16,USD,OPEN
15184,PO-0015184,337,6,2024-10-09,USD,RECEIVED
15185,PO-0015185,240,4,2024-01-09,USD,CANCELLED
15186,PO-0015186,346,6,2023-05-15,USD,RECEIVED
15187,PO-0015187,79,10,2023-11-25,USD,OPEN
15188,PO-0015188,194,7,2026-04-06,USD,RECEIVED
15189,PO-0015189,243,6,2024-03-08,USD,OPEN
15190,PO-0015190,435,7,2026-05-19,USD,RECEIVED
15191,PO-0015191,60,3,2024-05-05,USD,PARTIAL
15192,PO-0015192,262,2,2023-11-22,USD,OPEN
15193,PO-0015193,335,4,2025-04-05,USD,RECEIVED
15194,PO-0015194,487,5,2023-08-03,USD,RECEIVED
15195,PO-0015195,476,9,2023-12-02,USD,OPEN
15196,PO-0015196,59,1,2026-08-19,USD,RECEIVED
15197,PO-0015197,83,9,2025-05-01,USD,RECEIVED
15198,PO-0015198,182,5,2026-06-15,USD,OPEN
15199,PO-0015199,125,1,2025-12-25,USD,PARTIAL
15200,PO-0015200,391,11,2026-06-02,USD,RECEIVED
15201,PO-0015201,291,1,2025-10-18,USD,RECEIVED
15202,PO-0015202,386,5,2026-08-23,USD,CANCELLED
15203,PO-0015203,390,3,2026-09-02,USD,RECEIVED
15204,PO-0015204,268,3,2025-09-23,USD,RECEIVED
15205,PO-0015205,129,10,2026-02-22,USD,CANCELLED
15206,PO-0015206,156,7,2024-09-14,USD,RECEIVED
15207,PO-0015207,14,2,2025-08-15,USD,RECEIVED
15208,PO-0015208,63,5,2023-03-26,USD,RECEIVED
15209,PO-0015209,200,6,2024-12-10,USD,RECEIVED
15210,PO-0015210,196,6,2025-01-25,USD,RECEIVED
15211,PO-0015211,208,10,2025-11-02,USD,RECEIVED
15212,PO-0015212,332,3,2025-02-10,USD,PARTIAL
15213,PO-0015213,312,1,2023-12-28,USD,RECEIVED
15214,PO-0015214,64,5,2025-10-27,USD,OPEN
15215,PO-0015215,385,6,2024-06-28,USD,RECEIVED
15216,PO-0015216,243,9,2024-10-19,USD,RECEIVED
15217,PO-0015217,56,2,2024-05-26,USD,RECEIVED
15218,PO-0015218,440,3,2023-12-01,USD,OPEN
15219,PO-0015219,435,8,2023-01-03,USD,RECEIVED
15220,PO-0015220,276,1,2025-01-10,USD,CANCELLED
15221,PO-0015221,243,1,2026-08-25,USD,CANCELLED
15222,PO-0015222,65,11,2025-07-16,USD,CANCELLED
15223,PO-0015223,173,4,2024-01-13,USD,RECEIVED
15224,PO-0015224,130,3,2024-07-25,USD,PARTIAL
15225,PO-0015225,296,7,2025-12-25,USD,RECEIVED
15226,PO-0015226,217,7,2025-08-07,USD,RECEIVED
15227,PO-0015227,476,10,2023-06-21,USD,PARTIAL
15228,PO-0015228,379,11,2024-08-28,USD,CANCELLED
15229,PO-0015229,211,11,2026-05-14,USD,RECEIVED
15230,PO-0015230,163,4,2025-09-20,USD,RECEIVED
15231,PO-0015231,447,5,2023-02-17,USD,RECEIVED
15232,PO-0015232,173,10,2023-07-03,USD,PARTIAL
15233,PO-0015233,97,9,2025-10-02,USD,CANCELLED
15234,PO-0015234,93,6,2025-07-31,USD,OPEN
15235,PO-0015235,493,5,2026-07-23,USD,RECEIVED
15236,PO-0015236,106,3,2023-05-27,USD,CANCELLED
15237,PO-0015237,261,7,2024-01-24,USD,RECEIVED
15238,PO-0015238,262,1,2024-02-12,USD,RECEIVED
15239,PO-0015239,150,1,2025-04-07,USD,OPEN
15240,PO-0015240,10,4,2025-01-01,USD,OPEN
15241,PO-0015241,362,2,2024-07-28,USD,RECEIVED
15242,PO-0015242,302,5,2024-10-05,USD,RECEIVED
15243,PO-0015243,287,7,2024-09-09,USD,RECEIVED
15244,PO-0015244,333,2,2023-01-17,USD,CANCELLED
15245,PO-0015245,203,1,2024-08-26,USD,RECEIVED
15246,PO-0015246,128,12,2025-02-27,USD,RECEIVED
15247,PO-0015247,215,1,2026-01-06,USD,CANCELLED
15248,PO-0015248,202,5,2026-04-21,USD,RECEIVED
15249,PO-0015249,185,3,2026-03-30,USD,RECEIVED
15250,PO-0015250,91,11,2026-04-11,USD,OPEN
15251,PO-0015251,244,7,2025-07-09,USD,RECEIVED
15252,PO-0015252,272,9,2026-03-02,USD,RECEIVED
15253,PO-0015253,181,4,2025-05-26,USD,RECEIVED
15254,PO-0015254,359,8,2024-06-03,USD,RECEIVED
15255,PO-0015255,336,2,2023-01-06,USD,RECEIVED
15256,PO-0015256,461,7,2024-01-22,USD,RECEIVED
15257,PO-0015257,176,4,2024-09-29,USD,RECEIVED
15258,PO-0015258,28,8,2024-09-15,USD,RECEIVED
15259,PO-0015259,474,8,2023-07-01,USD,RECEIVED
15260,PO-0015260,447,2,2025-11-25,USD,RECEIVED
15261,PO-0015261,70,12,2024-06-07,USD,CANCELLED
15262,PO-0015262,131,8,2024-07-10,USD,RECEIVED
15263,PO-0015263,83,5,2023-05-19,USD,OPEN
15264,PO-0015264,245,1,2024-10-04,USD,RECEIVED
15265,PO-0015265,205,10,2025-08-23,USD,RECEIVED
15266,PO-0015266,394,2,2024-12-31,USD,RECEIVED
15267,PO-0015267,120,9,2023-09-25,USD,RECEIVED
15268,PO-0015268,239,4,2023-06-18,USD,RECEIVED
15269,PO-0015269,27,5,2025-11-20,USD,RECEIVED
15270,PO-0015270,44,2,2024-10-29,USD,CANCELLED
15271,PO-0015271,74,5,2025-03-23,USD,RECEIVED
15272,PO-0015272,433,9,2024-02-29,USD,RECEIVED
15273,PO-0015273,371,3,2023-09-28,USD,CANCELLED
15274,PO-0015274,58,9,2026-03-25,USD,RECEIVED
15275,PO-0015275,316,9,2025-08-12,USD,RECEIVED
15276,PO-0015276,440,7,2023-05-17,USD,RECEIVED
15277,PO-0015277,396,12,2026-02-08,USD,PARTIAL
15278,PO-0015278,50,12,2024-11-24,USD,RECEIVED
15279,PO-0015279,154,7,2025-06-08,USD,RECEIVED
15280,PO-0015280,309,12,2024-06-03,USD,CANCELLED
15281,PO-0015281,116,7,2025-09-16,USD,OPEN
15282,PO-0015282,461,1,2023-11-15,USD,CANCELLED
15283,PO-0015283,324,5,2025-08-11,USD,RECEIVED
15284,PO-0015284,472,11,2026-01-19,USD,RECEIVED
15285,PO-0015285,69,1,2024-01-18,USD,OPEN
15286,PO-0015286,282,8,2026-02-14,USD,RECEIVED
15287,PO-0015287,299,3,2024-04-28,USD,RECEIVED
15288,PO-0015288,455,11,2025-04-08,USD,RECEIVED
15289,PO-0015289,395,12,2023-09-24,USD,RECEIVED
15290,PO-0015290,18,12,2023-06-01,USD,RECEIVED
15291,PO-0015291,262,10,2024-10-06,USD,RECEIVED
15292,PO-0015292,317,2,2024-07-20,USD,RECEIVED
15293,PO-0015293,119,12,2023-04-18,USD,RECEIVED
15294,PO-0015294,330,1,2025-03-17,USD,PARTIAL
15295,PO-0015295,411,3,2025-01-28,USD,RECEIVED
15296,PO-0015296,472,2,2024-07-13,USD,PARTIAL
15297,PO-0015297,486,4,2025-01-10,USD,CANCELLED
15298,PO-0015298,303,12,2023-04-20,USD,PARTIAL
15299,PO-0015299,349,9,2023-12-04,USD,RECEIVED
15300,PO-0015300,434,1,2023-09-08,USD,RECEIVED
15301,PO-0015301,278,3,2026-01-23,USD,RECEIVED
15302,PO-0015302,359,12,2026-09-21,USD,RECEIVED
15303,PO-0015303,388,3,2026-04-23,USD,RECEIVED
15304,PO-0015304,279,4,2024-03-03,USD,RECEIVED
15305,PO-0015305,12,8,2024-04-26,USD,OPEN
15306,PO-0015306,326,9,2024-01-30,USD,RECEIVED
15307,PO-0015307,248,9,2023-06-21,USD,RECEIVED
15308,PO-0015308,388,7,2026-09-13,USD,RECEIVED
15309,PO-0015309,211,3,2025-02-25,USD,RECEIVED
15310,PO-0015310,43,9,2025-05-24,USD,RECEIVED
15311,PO-0015311,399,1,2026-04-01,USD,RECEIVED
15312,PO-0015312,85,12,2024-10-29,USD,RECEIVED
15313,PO-0015313,384,11,2026-07-31,USD,CANCELLED
15314,PO-0015314,333,7,2023-01-16,USD,RECEIVED
15315,PO-0015315,75,2,2023-11-03,USD,RECEIVED
15316,PO-0015316,232,7,2025-03-14,USD,RECEIVED
15317,PO-0015317,214,1,2026-03-21,USD,RECEIVED
15318,PO-0015318,207,1,2023-09-01,USD,RECEIVED
15319,PO-0015319,13,11,2024-05-09,USD,OPEN
15320,PO-0015320,433,10,2023-04-04,USD,RECEIVED
15321,PO-0015321,266,2,2026-02-22,USD,RECEIVED
15322,PO-0015322,37,3,2025-01-18,USD,RECEIVED
15323,PO-0015323,465,9,2025-11-04,USD,RECEIVED
15324,PO-0015324,189,5,2023-11-14,USD,PARTIAL
15325,PO-0015325,390,3,2025-02-16,USD,RECEIVED
15326,PO-0015326,191,4,2023-04-26,USD,RECEIVED
15327,PO-0015327,438,8,2024-05-07,USD,RECEIVED
15328,PO-0015328,408,5,2026-03-11,USD,RECEIVED
15329,PO-0015329,271,1,2024-02-03,USD,RECEIVED
15330,PO-0015330,291,2,2023-01-23,USD,RECEIVED
15331,PO-0015331,179,9,2025-06-03,USD,RECEIVED
15332,PO-0015332,147,9,2023-01-08,USD,RECEIVED
15333,PO-0015333,123,1,2023-01-13,USD,RECEIVED
15334,PO-0015334,87,7,2023-07-24,USD,RECEIVED
15335,PO-0015335,118,8,2023-12-23,USD,PARTIAL
15336,PO-0015336,176,12,2023-02-12,USD,OPEN
15337,PO-0015337,260,2,2023-11-05,USD,CANCELLED
15338,PO-0015338,460,12,2024-04-07,USD,RECEIVED
15339,PO-0015339,53,4,2024-01-03,USD,RECEIVED
15340,PO-0015340,150,8,2023-09-18,USD,RECEIVED
15341,PO-0015341,284,12,2025-02-20,USD,RECEIVED
15342,PO-0015342,103,5,2025-05-16,USD,PARTIAL
15343,PO-0015343,348,12,2023-04-03,USD,RECEIVED
15344,PO-0015344,360,7,2024-02-08,USD,RECEIVED
15345,PO-0015345,363,3,2023-06-08,USD,RECEIVED
15346,PO-0015346,105,4,2025-12-29,USD,RECEIVED
15347,PO-0015347,99,1,2025-06-01,USD,RECEIVED
15348,PO-0015348,2,7,2023-01-07,USD,RECEIVED
15349,PO-0015349,372,3,2024-10-19,USD,RECEIVED
15350,PO-0015350,346,9,2023-04-04,USD,RECEIVED
15351,PO-0015351,420,12,2024-02-23,USD,RECEIVED
15352,PO-0015352,36,2,2024-01-21,USD,RECEIVED
15353,PO-0015353,467,9,2025-08-07,USD,OPEN
15354,PO-0015354,253,10,2023-01-09,USD,CANCELLED
15355,PO-0015355,192,2,2024-08-30,USD,PARTIAL
15356,PO-0015356,263,1,2025-08-31,USD,OPEN
15357,PO-0015357,453,3,2024-02-09,USD,RECEIVED
15358,PO-0015358,474,4,2026-08-06,USD,RECEIVED
15359,PO-0015359,499,1,2023-06-12,USD,CANCELLED
15360,PO-0015360,462,11,2026-08-25,USD,RECEIVED
15361,PO-0015361,386,9,2025-09-25,USD,RECEIVED
15362,PO-0015362,152,7,2025-03-28,USD,RECEIVED
15363,PO-0015363,462,4,2024-06-09,USD,OPEN
15364,PO-0015364,341,3,2023-02-14,USD,RECEIVED
15365,PO-0015365,150,4,2024-08-11,USD,RECEIVED
15366,PO-0015366,204,10,2024-03-21,USD,RECEIVED
15367,PO-0015367,281,10,2023-01-26,USD,PARTIAL
15368,PO-0015368,446,6,2025-04-15,USD,RECEIVED
15369,PO-0015369,180,11,2025-05-25,USD,RECEIVED
15370,PO-0015370,13,3,2024-05-19,USD,RECEIVED
15371,PO-0015371,183,12,2023-08-29,USD,RECEIVED
15372,PO-0015372,487,3,2026-05-23,USD,RECEIVED
15373,PO-0015373,16,4,2025-01-15,USD,RECEIVED
15374,PO-0015374,95,6,2023-05-25,USD,RECEIVED
15375,PO-0015375,64,5,2024-09-30,USD,PARTIAL
15376,PO-0015376,228,8,2025-08-09,USD,RECEIVED
15377,PO-0015377,388,10,2023-10-26,USD,RECEIVED
15378,PO-0015378,40,6,2025-05-20,USD,RECEIVED
15379,PO-0015379,61,8,2023-10-06,USD,RECEIVED
15380,PO-0015380,275,5,2023-08-27,USD,RECEIVED
15381,PO-0015381,181,3,2024-04-28,USD,PARTIAL
15382,PO-0015382,301,2,2026-03-30,USD,PARTIAL
15383,PO-0015383,75,7,2024-10-17,USD,RECEIVED
15384,PO-0015384,33,4,2023-12-22,USD,RECEIVED
15385,PO-0015385,193,12,2025-10-10,USD,RECEIVED
15386,PO-0015386,37,12,2026-04-18,USD,RECEIVED
15387,PO-0015387,181,3,2025-03-17,USD,RECEIVED
15388,PO-0015388,490,7,2023-11-03,USD,RECEIVED
15389,PO-0015389,429,9,2024-07-22,USD,OPEN
15390,PO-0015390,333,12,2024-06-15,USD,RECEIVED
15391,PO-0015391,250,12,2025-11-29,USD,RECEIVED
15392,PO-0015392,259,2,2023-01-19,USD,RECEIVED
15393,PO-0015393,67,3,2023-10-06,USD,RECEIVED
15394,PO-0015394,154,7,2023-05-18,USD,RECEIVED
15395,PO-0015395,416,10,2024-05-17,USD,RECEIVED
15396,PO-0015396,41,3,2025-05-09,USD,RECEIVED
15397,PO-0015397,112,10,2024-01-23,USD,OPEN
15398,PO-0015398,361,6,2026-06-18,USD,CANCELLED
15399,PO-0015399,396,7,2023-06-17,USD,RECEIVED
15400,PO-0015400,429,10,2025-02-28,USD,RECEIVED
15401,PO-0015401,86,7,2025-07-24,USD,PARTIAL
15402,PO-0015402,490,8,2026-06-24,USD,OPEN
15403,PO-0015403,246,11,2023-08-30,USD,RECEIVED
15404,PO-0015404,344,2,2023-01-06,USD,RECEIVED
15405,PO-0015405,415,12,2025-01-27,USD,PARTIAL
15406,PO-0015406,77,1,2026-04-14,USD,RECEIVED
15407,PO-0015407,316,8,2023-06-18,USD,RECEIVED
15408,PO-0015408,375,10,2026-01-12,USD,RECEIVED
15409,PO-0015409,428,11,2024-03-10,USD,RECEIVED
15410,PO-0015410,279,7,2024-12-09,USD,OPEN
15411,PO-0015411,432,3,2023-01-26,USD,CANCELLED
15412,PO-0015412,296,3,2023-05-20,USD,RECEIVED
15413,PO-0015413,405,8,2023-09-07,USD,RECEIVED
15414,PO-0015414,476,9,2025-11-16,USD,RECEIVED
15415,PO-0015415,457,10,2024-12-14,USD,OPEN
15416,PO-0015416,188,5,2024-09-25,USD,RECEIVED
15417,PO-0015417,361,1,2026-01-05,USD,RECEIVED
15418,PO-0015418,212,9,2023-05-14,USD,PARTIAL
15419,PO-0015419,484,10,2026-08-17,USD,RECEIVED
15420,PO-0015420,376,3,2026-09-06,USD,RECEIVED
15421,PO-0015421,310,7,2024-03-14,USD,RECEIVED
15422,PO-0015422,372,7,2023-10-07,USD,OPEN
15423,PO-0015423,190,8,2023-01-18,USD,PARTIAL
15424,PO-0015424,110,9,2023-12-24,USD,RECEIVED
15425,PO-0015425,345,4,2023-08-11,USD,RECEIVED
15426,PO-0015426,22,4,2023-01-18,USD,RECEIVED
15427,PO-0015427,422,1,2023-03-11,USD,RECEIVED
15428,PO-0015428,305,4,2026-03-31,USD,RECEIVED
15429,PO-0015429,311,5,2026-09-21,USD,RECEIVED
15430,PO-0015430,301,2,2025-08-09,USD,RECEIVED
15431,PO-0015431,321,8,2024-10-24,USD,RECEIVED
15432,PO-0015432,3,9,2024-01-14,USD,RECEIVED
15433,PO-0015433,233,4,2026-03-03,USD,RECEIVED
15434,PO-0015434,107,10,2026-03-20,USD,RECEIVED
15435,PO-0015435,117,7,2024-10-11,USD,CANCELLED
15436,PO-0015436,374,11,2024-07-24,USD,RECEIVED
15437,PO-0015437,194,6,2025-03-08,USD,RECEIVED
15438,PO-0015438,15,11,2023-10-01,USD,RECEIVED
15439,PO-0015439,229,1,2023-05-04,USD,CANCELLED
15440,PO-0015440,107,12,2025-06-12,USD,RECEIVED
15441,PO-0015441,352,7,2026-08-03,USD,RECEIVED
15442,PO-0015442,17,10,2024-08-05,USD,CANCELLED
15443,PO-0015443,170,2,2025-07-25,USD,RECEIVED
15444,PO-0015444,110,10,2025-05-15,USD,RECEIVED
15445,PO-0015445,160,10,2025-08-19,USD,RECEIVED
15446,PO-0015446,284,9,2025-03-29,USD,RECEIVED
15447,PO-0015447,377,10,2023-01-12,USD,OPEN
15448,PO-0015448,160,11,2024-08-30,USD,RECEIVED
15449,PO-0015449,268,6,2025-02-09,USD,OPEN
15450,PO-0015450,42,8,2024-11-15,USD,RECEIVED
15451,PO-0015451,94,12,2025-02-27,USD,RECEIVED
15452,PO-0015452,58,12,2025-05-11,USD,RECEIVED
15453,PO-0015453,340,3,2026-02-06,USD,RECEIVED
15454,PO-0015454,379,3,2026-08-29,USD,PARTIAL
15455,PO-0015455,226,10,2023-11-10,USD,RECEIVED
15456,PO-0015456,65,4,2023-06-12,USD,CANCELLED
15457,PO-0015457,33,6,2026-03-17,USD,RECEIVED
15458,PO-0015458,10,7,2023-03-16,USD,RECEIVED
15459,PO-0015459,115,11,2025-02-15,USD,RECEIVED
15460,PO-0015460,210,11,2025-01-02,USD,RECEIVED
15461,PO-0015461,184,12,2023-02-28,USD,RECEIVED
15462,PO-0015462,47,6,2024-10-05,USD,RECEIVED
15463,PO-0015463,461,8,2023-10-24,USD,RECEIVED
15464,PO-0015464,351,9,2023-08-21,USD,RECEIVED
15465,PO-0015465,447,8,2024-08-12,USD,RECEIVED
15466,PO-0015466,276,1,2026-07-14,USD,RECEIVED
15467,PO-0015467,121,12,2023-06-22,USD,RECEIVED
15468,PO-0015468,52,10,2025-03-08,USD,RECEIVED
15469,PO-0015469,32,1,2026-03-24,USD,CANCELLED
15470,PO-0015470,286,3,2023-08-28,USD,RECEIVED
15471,PO-0015471,407,5,2025-02-25,USD,RECEIVED
15472,PO-0015472,126,11,2023-11-04,USD,RECEIVED
15473,PO-0015473,241,1,2025-12-20,USD,PARTIAL
15474,PO-0015474,424,5,2025-02-28,USD,RECEIVED
15475,PO-0015475,442,8,2025-04-06,USD,CANCELLED
15476,PO-0015476,47,1,2026-04-03,USD,RECEIVED
15477,PO-0015477,3,7,2024-07-17,USD,RECEIVED
15478,PO-0015478,142,2,2023-07-28,USD,RECEIVED
15479,PO-0015479,412,5,2025-05-16,USD,RECEIVED
15480,PO-0015480,464,12,2024-03-12,USD,RECEIVED
15481,PO-0015481,15,12,2025-05-11,USD,RECEIVED
15482,PO-0015482,270,1,2023-10-24,USD,PARTIAL
15483,PO-0015483,93,2,2026-07-08,USD,RECEIVED
15484,PO-0015484,341,12,2024-01-09,USD,RECEIVED
15485,PO-0015485,25,10,2025-09-09,USD,CANCELLED
15486,PO-0015486,451,11,2025-05-15,USD,RECEIVED
15487,PO-0015487,281,2,2023-10-22,USD,RECEIVED
15488,PO-0015488,479,7,2023-09-12,USD,CANCELLED
15489,PO-0015489,92,3,2023-06-22,USD,RECEIVED
15490,PO-0015490,356,11,2025-04-05,USD,RECEIVED
15491,PO-0015491,48,9,2024-07-09,USD,RECEIVED
15492,PO-0015492,309,3,2024-09-19,USD,CANCELLED
15493,PO-0015493,480,7,2025-04-18,USD,OPEN
15494,PO-0015494,375,5,2026-08-18,USD,RECEIVED
15495,PO-0015495,223,6,2023-02-18,USD,RECEIVED
15496,PO-0015496,230,6,2025-06-29,USD,RECEIVED
15497,PO-0015497,197,3,2024-10-05,USD,OPEN
15498,PO-0015498,91,8,2024-01-09,USD,RECEIVED
15499,PO-0015499,92,7,2024-01-09,USD,PARTIAL
15500,PO-0015500,471,12,2025-03-04,USD,PARTIAL
15501,PO-0015501,256,12,2023-07-10,USD,RECEIVED
15502,PO-0015502,352,5,2024-01-15,USD,RECEIVED
15503,PO-0015503,186,8,2024-07-10,USD,RECEIVED
15504,PO-0015504,91,5,2023-07-02,USD,OPEN
15505,PO-0015505,203,9,2024-12-10,USD,OPEN
15506,PO-0015506,386,10,2024-02-03,USD,RECEIVED
15507,PO-0015507,259,11,2023-12-01,USD,PARTIAL
15508,PO-0015508,482,4,2025-02-11,USD,RECEIVED
15509,PO-0015509,76,11,2024-06-10,USD,RECEIVED
15510,PO-0015510,277,9,2025-06-28,USD,RECEIVED
15511,PO-0015511,442,11,2024-08-25,USD,RECEIVED
15512,PO-0015512,363,2,2023-07-04,USD,RECEIVED
15513,PO-0015513,245,2,2026-01-05,USD,RECEIVED
15514,PO-0015514,342,9,2024-02-18,USD,PARTIAL
15515,PO-0015515,60,2,2025-11-30,USD,PARTIAL
15516,PO-0015516,189,2,2024-10-28,USD,RECEIVED
15517,PO-0015517,39,8,2023-06-29,USD,RECEIVED
15518,PO-0015518,37,3,2024-12-04,USD,RECEIVED
15519,PO-0015519,304,9,2023-03-03,USD,RECEIVED
15520,PO-0015520,80,7,2023-03-13,USD,RECEIVED
15521,PO-0015521,40,2,2024-05-18,USD,PARTIAL
15522,PO-0015522,180,7,2026-05-14,USD,PARTIAL
15523,PO-0015523,247,2,2025-01-08,USD,RECEIVED
15524,PO-0015524,456,5,2025-12-15,USD,RECEIVED
15525,PO-0015525,297,11,2023-08-20,USD,RECEIVED
15526,PO-0015526,307,12,2023-12-12,USD,RECEIVED
15527,PO-0015527,150,12,2026-06-26,USD,OPEN
15528,PO-0015528,158,6,2024-11-24,USD,RECEIVED
15529,PO-0015529,4,4,2025-04-20,USD,OPEN
15530,PO-0015530,205,4,2025-08-13,USD,CANCELLED
15531,PO-0015531,238,11,2023-07-27,USD,RECEIVED
15532,PO-0015532,346,2,2023-04-06,USD,RECEIVED
15533,PO-0015533,68,10,2026-09-13,USD,RECEIVED
15534,PO-0015534,83,4,2025-11-18,USD,RECEIVED
15535,PO-0015535,472,3,2026-03-18,USD,PARTIAL
15536,PO-0015536,468,10,2025-03-27,USD,OPEN
15537,PO-0015537,459,3,2025-02-07,USD,RECEIVED
15538,PO-0015538,186,2,2024-05-18,USD,RECEIVED
15539,PO-0015539,496,10,2024-09-22,USD,RECEIVED
15540,PO-0015540,162,5,2023-03-23,USD,PARTIAL
15541,PO-0015541,60,6,2026-02-01,USD,RECEIVED
15542,PO-0015542,371,5,2025-10-22,USD,RECEIVED
15543,PO-0015543,178,3,2026-07-04,USD,RECEIVED
15544,PO-0015544,454,12,2023-07-26,USD,RECEIVED
15545,PO-0015545,473,1,2024-03-14,USD,OPEN
15546,PO-0015546,307,6,2024-02-19,USD,RECEIVED
15547,PO-0015547,22,9,2024-08-19,USD,CANCELLED
15548,PO-0015548,400,10,2026-04-22,USD,RECEIVED
15549,PO-0015549,189,10,2026-08-01,USD,RECEIVED
15550,PO-0015550,359,7,2024-10-23,USD,RECEIVED
15551,PO-0015551,44,11,2024-11-18,USD,OPEN
15552,PO-0015552,89,7,2026-09-08,USD,RECEIVED
15553,PO-0015553,448,9,2023-05-09,USD,RECEIVED
15554,PO-0015554,497,3,2024-01-19,USD,RECEIVED
15555,PO-0015555,422,10,2023-11-08,USD,RECEIVED
15556,PO-0015556,99,7,2023-06-21,USD,RECEIVED
15557,PO-0015557,291,12,2024-06-09,USD,OPEN
15558,PO-0015558,231,9,2025-09-14,USD,RECEIVED
15559,PO-0015559,70,3,2026-04-19,USD,RECEIVED
15560,PO-0015560,148,11,2023-09-15,USD,RECEIVED
15561,PO-0015561,159,6,2025-07-05,USD,PARTIAL
15562,PO-0015562,100,9,2025-05-30,USD,RECEIVED
15563,PO-0015563,42,2,2023-03-15,USD,RECEIVED
15564,PO-0015564,358,9,2024-05-14,USD,PARTIAL
15565,PO-0015565,234,8,2024-03-15,USD,RECEIVED
15566,PO-0015566,69,3,2024-09-11,USD,RECEIVED
15567,PO-0015567,270,11,2025-10-23,USD,RECEIVED
15568,PO-0015568,265,10,2025-11-29,USD,PARTIAL
15569,PO-0015569,251,7,2023-03-26,USD,RECEIVED
15570,PO-0015570,433,4,2024-11-04,USD,OPEN
15571,PO-0015571,113,1,2026-08-08,USD,PARTIAL
15572,PO-0015572,417,9,2024-10-06,USD,RECEIVED
15573,PO-0015573,410,9,2024-01-08,USD,RECEIVED
15574,PO-0015574,471,1,2025-10-27,USD,RECEIVED
15575,PO-0015575,22,1,2025-03-03,USD,RECEIVED
15576,PO-0015576,439,7,2025-04-17,USD,RECEIVED
15577,PO-0015577,18,3,2024-02-06,USD,RECEIVED
15578,PO-0015578,473,9,2025-02-18,USD,RECEIVED
15579,PO-0015579,224,11,2023-05-11,USD,PARTIAL
15580,PO-0015580,117,5,2025-10-25,USD,PARTIAL
15581,PO-0015581,267,6,2024-04-02,USD,RECEIVED
15582,PO-0015582,385,4,2026-03-20,USD,RECEIVED
15583,PO-0015583,27,11,2024-08-03,USD,OPEN
15584,PO-0015584,430,9,2023-01-16,USD,PARTIAL
15585,PO-0015585,421,2,2024-02-23,USD,RECEIVED
15586,PO-0015586,417,9,2026-01-01,USD,RECEIVED
15587,PO-0015587,232,4,2026-07-04,USD,RECEIVED
15588,PO-0015588,488,1,2024-09-06,USD,RECEIVED
15589,PO-0015589,351,2,2024-01-13,USD,PARTIAL
15590,PO-0015590,377,10,2026-04-30,USD,RECEIVED
15591,PO-0015591,315,8,2026-09-13,USD,OPEN
15592,PO-0015592,116,7,2025-10-29,USD,RECEIVED
15593,PO-0015593,323,9,2026-05-27,USD,RECEIVED
15594,PO-0015594,376,8,2023-10-16,USD,PARTIAL
15595,PO-0015595,411,8,2024-01-20,USD,PARTIAL
15596,PO-0015596,271,2,2025-11-10,USD,RECEIVED
15597,PO-0015597,483,12,2024-12-26,USD,PARTIAL
15598,PO-0015598,170,1,2023-04-17,USD,OPEN
15599,PO-0015599,191,8,2026-02-14,USD,RECEIVED
15600,PO-0015600,263,4,2023-10-11,USD,CANCELLED
15601,PO-0015601,171,9,2025-02-15,USD,RECEIVED
15602,PO-0015602,255,5,2024-06-15,USD,RECEIVED
15603,PO-0015603,106,9,2026-01-28,USD,PARTIAL
15604,PO-0015604,288,5,2026-09-02,USD,PARTIAL
15605,PO-0015605,203,10,2025-10-31,USD,RECEIVED
15606,PO-0015606,156,11,2026-02-25,USD,OPEN
15607,PO-0015607,450,10,2023-12-22,USD,RECEIVED
15608,PO-0015608,201,12,2023-08-22,USD,RECEIVED
15609,PO-0015609,122,6,2026-07-13,USD,RECEIVED
15610,PO-0015610,476,4,2025-06-09,USD,RECEIVED
15611,PO-0015611,14,8,2024-10-03,USD,PARTIAL
15612,PO-0015612,196,6,2026-06-09,USD,RECEIVED
15613,PO-0015613,131,5,2025-01-07,USD,RECEIVED
15614,PO-0015614,336,9,2023-05-02,USD,CANCELLED
15615,PO-0015615,345,8,2025-06-10,USD,RECEIVED
15616,PO-0015616,356,7,2026-04-30,USD,RECEIVED
15617,PO-0015617,301,7,2026-09-26,USD,RECEIVED
15618,PO-0015618,320,10,2025-06-18,USD,RECEIVED
15619,PO-0015619,160,8,2025-10-21,USD,OPEN
15620,PO-0015620,155,4,2023-02-06,USD,RECEIVED
15621,PO-0015621,77,3,2024-06-27,USD,RECEIVED
15622,PO-0015622,376,12,2026-03-31,USD,PARTIAL
15623,PO-0015623,430,5,2023-02-10,USD,RECEIVED
15624,PO-0015624,493,11,2024-03-26,USD,RECEIVED
15625,PO-0015625,308,12,2023-02-01,USD,RECEIVED
15626,PO-0015626,489,2,2024-07-06,USD,PARTIAL
15627,PO-0015627,98,1,2025-01-28,USD,RECEIVED
15628,PO-0015628,86,5,2024-05-12,USD,RECEIVED
15629,PO-0015629,394,7,2025-11-26,USD,OPEN
15630,PO-0015630,322,2,2024-12-30,USD,RECEIVED
15631,PO-0015631,64,12,2023-11-06,USD,RECEIVED
15632,PO-0015632,465,1,2023-05-13,USD,RECEIVED
15633,PO-0015633,192,11,2026-09-17,USD,RECEIVED
15634,PO-0015634,187,8,2025-09-21,USD,RECEIVED
15635,PO-0015635,45,9,2024-04-21,USD,OPEN
15636,PO-0015636,308,3,2023-10-03,USD,RECEIVED
15637,PO-0015637,230,8,2024-09-09,USD,RECEIVED
15638,PO-0015638,381,9,2025-07-13,USD,RECEIVED
15639,PO-0015639,171,10,2023-02-16,USD,RECEIVED
15640,PO-0015640,416,7,2023-11-12,USD,CANCELLED
15641,PO-0015641,289,12,2024-04-29,USD,CANCELLED
15642,PO-0015642,192,8,2024-02-17,USD,RECEIVED
15643,PO-0015643,207,1,2023-07-01,USD,OPEN
15644,PO-0015644,449,4,2023-01-04,USD,RECEIVED
15645,PO-0015645,110,9,2023-08-21,USD,RECEIVED
15646,PO-0015646,282,9,2024-01-10,USD,RECEIVED
15647,PO-0015647,249,9,2024-04-11,USD,RECEIVED
15648,PO-0015648,76,9,2024-06-22,USD,RECEIVED
15649,PO-0015649,371,11,2023-06-24,USD,RECEIVED
15650,PO-0015650,265,8,2025-10-10,USD,RECEIVED
15651,PO-0015651,57,4,2024-11-30,USD,PARTIAL
15652,PO-0015652,453,12,2026-05-07,USD,RECEIVED
15653,PO-0015653,210,6,2024-03-27,USD,RECEIVED
15654,PO-0015654,276,12,2026-03-08,USD,RECEIVED
15655,PO-0015655,186,10,2025-05-18,USD,OPEN
15656,PO-0015656,93,8,2024-05-18,USD,RECEIVED
15657,PO-0015657,100,12,2026-04-10,USD,RECEIVED
15658,PO-0015658,23,3,2025-09-04,USD,RECEIVED
15659,PO-0015659,448,12,2023-06-17,USD,OPEN
15660,PO-0015660,432,8,2023-05-12,USD,RECEIVED
15661,PO-0015661,288,7,2026-07-26,USD,PARTIAL
15662,PO-0015662,96,10,2023-07-14,USD,OPEN
15663,PO-0015663,166,10,2024-01-13,USD,OPEN
15664,PO-0015664,127,10,2023-10-29,USD,RECEIVED
15665,PO-0015665,71,3,2023-08-25,USD,RECEIVED
15666,PO-0015666,10,2,2024-05-07,USD,RECEIVED
15667,PO-0015667,41,5,2024-07-05,USD,CANCELLED
15668,PO-0015668,119,3,2024-08-15,USD,RECEIVED
15669,PO-0015669,299,8,2026-05-08,USD,RECEIVED
15670,PO-0015670,339,10,2024-01-14,USD,RECEIVED
15671,PO-0015671,347,6,2024-05-15,USD,RECEIVED
15672,PO-0015672,245,7,2023-07-16,USD,RECEIVED
15673,PO-0015673,408,8,2025-03-30,USD,CANCELLED
15674,PO-0015674,136,8,2023-02-06,USD,RECEIVED
15675,PO-0015675,68,6,2026-06-11,USD,CANCELLED
15676,PO-0015676,56,12,2023-03-24,USD,PARTIAL
15677,PO-0015677,422,10,2026-04-19,USD,OPEN
15678,PO-0015678,202,12,2026-01-31,USD,RECEIVED
15679,PO-0015679,92,6,2024-05-27,USD,RECEIVED
15680,PO-0015680,210,3,2026-04-19,USD,RECEIVED
15681,PO-0015681,240,7,2026-01-26,USD,RECEIVED
15682,PO-0015682,450,4,2024-02-02,USD,RECEIVED
15683,PO-0015683,387,4,2023-09-29,USD,RECEIVED
15684,PO-0015684,470,12,2023-09-23,USD,RECEIVED
15685,PO-0015685,306,9,2026-08-15,USD,RECEIVED
15686,PO-0015686,34,2,2024-07-15,USD,RECEIVED
15687,PO-0015687,116,5,2025-01-16,USD,RECEIVED
15688,PO-0015688,61,12,2024-08-09,USD,RECEIVED
15689,PO-0015689,404,10,2026-06-24,USD,RECEIVED
15690,PO-0015690,165,2,2026-01-04,USD,RECEIVED
15691,PO-0015691,19,10,2025-09-08,USD,RECEIVED
15692,PO-0015692,264,4,2026-01-26,USD,RECEIVED
15693,PO-0015693,69,12,2026-08-17,USD,RECEIVED
15694,PO-0015694,159,6,2023-12-16,USD,RECEIVED
15695,PO-0015695,210,1,2023-12-06,USD,RECEIVED
15696,PO-0015696,179,4,2025-02-07,USD,OPEN
15697,PO-0015697,371,4,2025-04-07,USD,OPEN
15698,PO-0015698,79,3,2025-12-30,USD,RECEIVED
15699,PO-0015699,96,11,2024-07-11,USD,PARTIAL
15700,PO-0015700,127,7,2024-06-11,USD,RECEIVED
15701,PO-0015701,156,5,2024-06-22,USD,RECEIVED
15702,PO-0015702,183,11,2023-04-09,USD,OPEN
15703,PO-0015703,321,10,2025-04-15,USD,RECEIVED
15704,PO-0015704,48,12,2023-11-16,USD,RECEIVED
15705,PO-0015705,428,8,2023-08-30,USD,CANCELLED
15706,PO-0015706,471,12,2024-03-20,USD,RECEIVED
15707,PO-0015707,294,8,2026-02-22,USD,RECEIVED
15708,PO-0015708,387,12,2024-07-08,USD,RECEIVED
15709,PO-0015709,469,8,2026-02-24,USD,RECEIVED
15710,PO-0015710,182,3,2023-05-28,USD,RECEIVED
15711,PO-0015711,389,10,2025-04-04,USD,RECEIVED
15712,PO-0015712,347,2,2025-05-24,USD,RECEIVED
15713,PO-0015713,67,1,2024-09-04,USD,OPEN
15714,PO-0015714,116,3,2026-01-25,USD,RECEIVED
15715,PO-0015715,249,8,2024-12-18,USD,RECEIVED
15716,PO-0015716,149,4,2025-08-04,USD,RECEIVED
15717,PO-0015717,323,9,2026-02-03,USD,RECEIVED
15718,PO-0015718,426,2,2024-03-20,USD,RECEIVED
15719,PO-0015719,218,6,2025-11-07,USD,RECEIVED
15720,PO-0015720,30,9,2023-01-13,USD,CANCELLED
15721,PO-0015721,469,10,2023-12-29,USD,OPEN
15722,PO-0015722,422,9,2026-01-19,USD,RECEIVED
15723,PO-0015723,237,1,2025-07-31,USD,RECEIVED
15724,PO-0015724,141,12,2023-09-23,USD,RECEIVED
15725,PO-0015725,98,2,2026-01-06,USD,RECEIVED
15726,PO-0015726,9,5,2023-04-09,USD,OPEN
15727,PO-0015727,302,8,2024-12-18,USD,PARTIAL
15728,PO-0015728,332,6,2024-12-19,USD,RECEIVED
15729,PO-0015729,236,8,2025-03-08,USD,CANCELLED
15730,PO-0015730,254,4,2025-01-14,USD,RECEIVED
15731,PO-0015731,86,1,2024-02-12,USD,RECEIVED
15732,PO-0015732,289,9,2026-09-14,USD,RECEIVED
15733,PO-0015733,157,5,2023-06-24,USD,CANCELLED
15734,PO-0015734,205,3,2025-11-20,USD,CANCELLED
15735,PO-0015735,93,4,2024-06-06,USD,CANCELLED
15736,PO-0015736,12,10,2024-01-27,USD,PARTIAL
15737,PO-0015737,116,12,2025-10-19,USD,RECEIVED
15738,PO-0015738,207,4,2023-05-23,USD,RECEIVED
15739,PO-0015739,105,10,2025-02-18,USD,RECEIVED
15740,PO-0015740,294,6,2024-01-08,USD,RECEIVED
15741,PO-0015741,498,4,2024-09-28,USD,OPEN
15742,PO-0015742,164,7,2025-08-07,USD,RECEIVED
15743,PO-0015743,164,2,2025-07-24,USD,PARTIAL
15744,PO-0015744,190,10,2024-01-10,USD,RECEIVED
15745,PO-0015745,12,6,2025-12-28,USD,OPEN
15746,PO-0015746,186,8,2023-11-15,USD,RECEIVED
15747,PO-0015747,136,7,2026-08-23,USD,RECEIVED
15748,PO-0015748,57,8,2023-02-25,USD,RECEIVED
15749,PO-0015749,217,4,2026-05-23,USD,RECEIVED
15750,PO-0015750,465,6,2026-07-04,USD,PARTIAL
15751,PO-0015751,138,2,2026-02-03,USD,CANCELLED
15752,PO-0015752,66,3,2023-04-05,USD,RECEIVED
15753,PO-0015753,446,3,2023-09-07,USD,RECEIVED
15754,PO-0015754,234,5,2024-03-31,USD,RECEIVED
15755,PO-0015755,500,10,2025-02-28,USD,RECEIVED
15756,PO-0015756,81,1,2023-03-29,USD,RECEIVED
15757,PO-0015757,208,6,2024-08-14,USD,RECEIVED
15758,PO-0015758,270,6,2023-08-13,USD,RECEIVED
15759,PO-0015759,227,7,2026-04-11,USD,RECEIVED
15760,PO-0015760,374,10,2026-07-07,USD,OPEN
15761,PO-0015761,41,7,2024-01-25,USD,RECEIVED
15762,PO-0015762,103,9,2026-09-16,USD,RECEIVED
15763,PO-0015763,458,11,2025-10-24,USD,RECEIVED
15764,PO-0015764,370,9,2025-06-08,USD,PARTIAL
15765,PO-0015765,355,3,2024-02-03,USD,RECEIVED
15766,PO-0015766,302,7,2025-12-31,USD,OPEN
15767,PO-0015767,411,12,2026-01-23,USD,OPEN
15768,PO-0015768,215,4,2026-04-14,USD,CANCELLED
15769,PO-0015769,467,5,2024-07-08,USD,RECEIVED
15770,PO-0015770,148,3,2026-04-24,USD,RECEIVED
15771,PO-0015771,119,11,2025-10-12,USD,OPEN
15772,PO-0015772,244,5,2024-12-31,USD,RECEIVED
15773,PO-0015773,147,2,2025-05-27,USD,RECEIVED
15774,PO-0015774,145,5,2025-05-14,USD,CANCELLED
15775,PO-0015775,186,3,2026-07-07,USD,RECEIVED
15776,PO-0015776,237,11,2025-08-14,USD,RECEIVED
15777,PO-0015777,147,1,2024-01-20,USD,RECEIVED
15778,PO-0015778,413,12,2024-07-21,USD,RECEIVED
15779,PO-0015779,388,9,2024-07-04,USD,CANCELLED
15780,PO-0015780,284,1,2023-05-03,USD,RECEIVED
15781,PO-0015781,447,10,2026-03-28,USD,RECEIVED
15782,PO-0015782,343,6,2023-05-17,USD,OPEN
15783,PO-0015783,415,9,2023-05-20,USD,PARTIAL
15784,PO-0015784,474,4,2024-09-20,USD,RECEIVED
15785,PO-0015785,358,6,2023-04-20,USD,RECEIVED
15786,PO-0015786,435,4,2024-02-06,USD,RECEIVED
15787,PO-0015787,119,1,2026-06-04,USD,CANCELLED
15788,PO-0015788,122,11,2023-05-30,USD,RECEIVED
15789,PO-0015789,144,6,2025-03-07,USD,RECEIVED
15790,PO-0015790,111,5,2024-06-03,USD,OPEN
15791,PO-0015791,191,8,2023-09-05,USD,OPEN
15792,PO-0015792,440,12,2025-09-12,USD,OPEN
15793,PO-0015793,476,9,2025-02-21,USD,OPEN
15794,PO-0015794,24,1,2024-08-12,USD,RECEIVED
15795,PO-0015795,281,7,2026-05-26,USD,OPEN
15796,PO-0015796,378,6,2025-12-05,USD,PARTIAL
15797,PO-0015797,310,12,2026-08-20,USD,RECEIVED
15798,PO-0015798,430,12,2025-11-15,USD,OPEN
15799,PO-0015799,119,6,2026-03-02,USD,RECEIVED
15800,PO-0015800,157,3,2024-08-18,USD,RECEIVED
15801,PO-0015801,2,2,2024-08-15,USD,CANCELLED
15802,PO-0015802,396,4,2023-07-24,USD,RECEIVED
15803,PO-0015803,50,10,2023-08-31,USD,OPEN
15804,PO-0015804,47,2,2025-05-07,USD,RECEIVED
15805,PO-0015805,369,6,2023-05-01,USD,RECEIVED
15806,PO-0015806,173,11,2024-07-30,USD,PARTIAL
15807,PO-0015807,74,11,2024-09-18,USD,RECEIVED
15808,PO-0015808,461,9,2024-04-27,USD,RECEIVED
15809,PO-0015809,242,5,2024-07-05,USD,RECEIVED
15810,PO-0015810,50,11,2024-11-01,USD,RECEIVED
15811,PO-0015811,94,11,2026-06-16,USD,RECEIVED
15812,PO-0015812,288,1,2023-07-04,USD,RECEIVED
15813,PO-0015813,247,4,2025-03-04,USD,RECEIVED
15814,PO-0015814,443,1,2025-12-01,USD,RECEIVED
15815,PO-0015815,20,12,2025-10-20,USD,RECEIVED
15816,PO-0015816,408,3,2023-05-02,USD,RECEIVED
15817,PO-0015817,256,9,2023-04-16,USD,PARTIAL
15818,PO-0015818,264,6,2025-05-20,USD,OPEN
15819,PO-0015819,311,7,2023-03-08,USD,RECEIVED
15820,PO-0015820,187,11,2023-08-14,USD,PARTIAL
15821,PO-0015821,425,11,2025-06-21,USD,RECEIVED
15822,PO-0015822,44,10,2026-02-19,USD,RECEIVED
15823,PO-0015823,74,4,2024-10-15,USD,RECEIVED
15824,PO-0015824,421,3,2026-04-28,USD,RECEIVED
15825,PO-0015825,249,12,2026-04-01,USD,RECEIVED
15826,PO-0015826,63,4,2026-02-20,USD,PARTIAL
15827,PO-0015827,56,9,2025-09-18,USD,RECEIVED
15828,PO-0015828,100,3,2023-06-01,USD,RECEIVED
15829,PO-0015829,347,11,2024-08-25,USD,CANCELLED
15830,PO-0015830,282,6,2025-06-17,USD,RECEIVED
15831,PO-0015831,277,9,2026-01-06,USD,RECEIVED
15832,PO-0015832,355,12,2025-11-21,USD,OPEN
15833,PO-0015833,34,2,2026-06-16,USD,RECEIVED
15834,PO-0015834,221,6,2025-08-28,USD,RECEIVED
15835,PO-0015835,342,10,2024-12-30,USD,RECEIVED
15836,PO-0015836,390,4,2024-02-19,USD,RECEIVED
15837,PO-0015837,84,10,2024-12-16,USD,PARTIAL
15838,PO-0015838,401,11,2025-11-09,USD,RECEIVED
15839,PO-0015839,414,11,2023-01-20,USD,CANCELLED
15840,PO-0015840,156,4,2025-07-26,USD,RECEIVED
15841,PO-0015841,216,1,2023-10-05,USD,OPEN
15842,PO-0015842,127,8,2023-07-30,USD,RECEIVED
15843,PO-0015843,472,10,2024-01-18,USD,RECEIVED
15844,PO-0015844,414,9,2025-11-23,USD,RECEIVED
15845,PO-0015845,494,2,2026-07-13,USD,RECEIVED
15846,PO-0015846,499,5,2024-04-30,USD,RECEIVED
15847,PO-0015847,182,10,2025-08-09,USD,RECEIVED
15848,PO-0015848,405,11,2024-12-17,USD,RECEIVED
15849,PO-0015849,22,5,2026-07-27,USD,OPEN
15850,PO-0015850,3,1,2024-12-25,USD,RECEIVED
15851,PO-0015851,440,8,2023-04-04,USD,RECEIVED
15852,PO-0015852,252,9,2026-07-31,USD,RECEIVED
15853,PO-0015853,424,12,2024-12-05,USD,RECEIVED
15854,PO-0015854,258,5,2026-06-12,USD,PARTIAL
15855,PO-0015855,188,5,2023-05-23,USD,RECEIVED
15856,PO-0015856,301,4,2023-12-24,USD,CANCELLED
15857,PO-0015857,487,10,2025-03-07,USD,PARTIAL
15858,PO-0015858,23,12,2023-07-27,USD,PARTIAL
15859,PO-0015859,488,10,2024-07-27,USD,RECEIVED
15860,PO-0015860,448,3,2025-02-28,USD,RECEIVED
15861,PO-0015861,9,1,2024-11-23,USD,CANCELLED
15862,PO-0015862,208,8,2025-08-19,USD,OPEN
15863,PO-0015863,369,8,2026-06-24,USD,RECEIVED
15864,PO-0015864,85,3,2024-05-28,USD,OPEN
15865,PO-0015865,43,1,2023-12-22,USD,RECEIVED
15866,PO-0015866,159,6,2025-06-19,USD,RECEIVED
15867,PO-0015867,345,9,2026-05-16,USD,CANCELLED
15868,PO-0015868,235,12,2024-09-09,USD,RECEIVED
15869,PO-0015869,413,7,2026-08-26,USD,RECEIVED
15870,PO-0015870,72,6,2026-06-30,USD,RECEIVED
15871,PO-0015871,44,6,2023-12-27,USD,CANCELLED
15872,PO-0015872,251,10,2025-12-09,USD,RECEIVED
15873,PO-0015873,438,8,2025-05-20,USD,RECEIVED
15874,PO-0015874,157,4,2026-01-20,USD,RECEIVED
15875,PO-0015875,16,10,2025-08-31,USD,RECEIVED
15876,PO-0015876,487,7,2023-05-26,USD,RECEIVED
15877,PO-0015877,128,8,2025-05-31,USD,RECEIVED
15878,PO-0015878,203,9,2023-09-26,USD,CANCELLED
15879,PO-0015879,1,5,2023-10-11,USD,CANCELLED
15880,PO-0015880,388,7,2023-10-29,USD,OPEN
15881,PO-0015881,150,8,2023-03-15,USD,OPEN
15882,PO-0015882,496,1,2024-05-30,USD,RECEIVED
15883,PO-0015883,479,11,2023-06-24,USD,RECEIVED
15884,PO-0015884,410,5,2026-06-28,USD,RECEIVED
15885,PO-0015885,464,8,2025-04-18,USD,RECEIVED
15886,PO-0015886,86,6,2023-06-28,USD,RECEIVED
15887,PO-0015887,480,1,2024-11-13,USD,OPEN
15888,PO-0015888,276,12,2026-02-27,USD,RECEIVED
15889,PO-0015889,324,7,2025-03-11,USD,RECEIVED
15890,PO-0015890,96,5,2025-06-30,USD,PARTIAL
15891,PO-0015891,236,6,2023-02-26,USD,RECEIVED
15892,PO-0015892,299,1,2026-09-17,USD,RECEIVED
15893,PO-0015893,401,8,2024-10-04,USD,CANCELLED
15894,PO-0015894,80,2,2023-07-25,USD,PARTIAL
15895,PO-0015895,301,10,2023-11-12,USD,RECEIVED
15896,PO-0015896,164,6,2025-02-27,USD,CANCELLED
15897,PO-0015897,202,11,2025-01-01,USD,RECEIVED
15898,PO-0015898,476,6,2023-02-02,USD,RECEIVED
15899,PO-0015899,320,6,2024-07-19,USD,RECEIVED
15900,PO-0015900,441,5,2023-05-23,USD,RECEIVED
15901,PO-0015901,170,9,2023-08-08,USD,RECEIVED
15902,PO-0015902,454,1,2024-11-06,USD,RECEIVED
15903,PO-0015903,421,8,2025-10-10,USD,RECEIVED
15904,PO-0015904,491,12,2026-07-09,USD,OPEN
15905,PO-0015905,378,4,2024-03-24,USD,RECEIVED
15906,PO-0015906,470,8,2024-08-15,USD,OPEN
15907,PO-0015907,325,3,2025-09-12,USD,OPEN
15908,PO-0015908,335,2,2024-12-04,USD,RECEIVED
15909,PO-0015909,238,11,2024-08-15,USD,RECEIVED
15910,PO-0015910,335,7,2023-03-05,USD,RECEIVED
15911,PO-0015911,45,12,2025-11-23,USD,RECEIVED
15912,PO-0015912,351,10,2025-05-24,USD,RECEIVED
15913,PO-0015913,241,11,2025-03-28,USD,OPEN
15914,PO-0015914,182,10,2023-09-16,USD,CANCELLED
15915,PO-0015915,137,8,2023-04-11,USD,RECEIVED
15916,PO-0015916,399,9,2023-06-28,USD,CANCELLED
15917,PO-0015917,225,1,2025-08-21,USD,RECEIVED
15918,PO-0015918,377,9,2026-02-16,USD,RECEIVED
15919,PO-0015919,300,5,2025-06-17,USD,RECEIVED
15920,PO-0015920,242,3,2023-02-06,USD,PARTIAL
15921,PO-0015921,62,5,2023-07-08,USD,RECEIVED
15922,PO-0015922,477,8,2024-10-01,USD,RECEIVED
15923,PO-0015923,46,7,2025-08-24,USD,RECEIVED
15924,PO-0015924,260,4,2023-03-14,USD,PARTIAL
15925,PO-0015925,301,11,2026-02-26,USD,RECEIVED
15926,PO-0015926,212,6,2025-05-19,USD,CANCELLED
15927,PO-0015927,38,11,2026-05-22,USD,RECEIVED
15928,PO-0015928,379,3,2023-08-01,USD,RECEIVED
15929,PO-0015929,65,12,2024-07-09,USD,RECEIVED
15930,PO-0015930,436,1,2025-12-14,USD,RECEIVED
15931,PO-0015931,63,5,2025-01-03,USD,RECEIVED
15932,PO-0015932,206,12,2023-03-25,USD,RECEIVED
15933,PO-0015933,331,12,2023-04-08,USD,PARTIAL
15934,PO-0015934,416,1,2024-10-29,USD,RECEIVED
15935,PO-0015935,37,6,2024-05-12,USD,RECEIVED
15936,PO-0015936,224,7,2025-11-06,USD,RECEIVED
15937,PO-0015937,379,12,2026-03-23,USD,PARTIAL
15938,PO-0015938,488,3,2023-06-02,USD,RECEIVED
15939,PO-0015939,362,7,2024-06-23,USD,RECEIVED
15940,PO-0015940,108,5,2026-06-03,USD,RECEIVED
15941,PO-0015941,18,3,2024-08-08,USD,RECEIVED
15942,PO-0015942,339,1,2023-12-18,USD,PARTIAL
15943,PO-0015943,345,1,2025-06-22,USD,RECEIVED
15944,PO-0015944,491,8,2026-06-25,USD,RECEIVED
15945,PO-0015945,291,5,2025-01-08,USD,RECEIVED
15946,PO-0015946,33,4,2024-10-08,USD,PARTIAL
15947,PO-0015947,51,11,2024-08-20,USD,RECEIVED
15948,PO-0015948,17,9,2025-07-18,USD,RECEIVED
15949,PO-0015949,400,12,2026-03-19,USD,OPEN
15950,PO-0015950,352,9,2024-03-19,USD,RECEIVED
15951,PO-0015951,351,12,2026-08-29,USD,RECEIVED
15952,PO-0015952,143,8,2025-08-23,USD,RECEIVED
15953,PO-0015953,25,9,2023-11-18,USD,RECEIVED
15954,PO-0015954,159,11,2025-10-14,USD,RECEIVED
15955,PO-0015955,471,7,2026-07-29,USD,RECEIVED
15956,PO-0015956,153,6,2026-09-17,USD,RECEIVED
15957,PO-0015957,61,4,2023-11-11,USD,RECEIVED
15958,PO-0015958,199,10,2024-03-04,USD,RECEIVED
15959,PO-0015959,126,7,2024-11-15,USD,RECEIVED
15960,PO-0015960,6,11,2023-01-24,USD,RECEIVED
15961,PO-0015961,122,3,2024-05-24,USD,RECEIVED
15962,PO-0015962,233,2,2026-07-24,USD,RECEIVED
15963,PO-0015963,27,8,2025-04-07,USD,RECEIVED
15964,PO-0015964,232,6,2025-03-11,USD,RECEIVED
15965,PO-0015965,166,10,2026-06-30,USD,RECEIVED
15966,PO-0015966,33,5,2026-02-28,USD,RECEIVED
15967,PO-0015967,144,11,2025-03-04,USD,RECEIVED
15968,PO-0015968,30,4,2026-02-08,USD,RECEIVED
15969,PO-0015969,203,5,2025-11-16,USD,RECEIVED
15970,PO-0015970,7,6,2026-05-08,USD,RECEIVED
15971,PO-0015971,284,11,2025-02-27,USD,RECEIVED
15972,PO-0015972,408,1,2026-09-21,USD,RECEIVED
15973,PO-0015973,284,11,2025-12-25,USD,RECEIVED
15974,PO-0015974,111,5,2025-09-12,USD,RECEIVED
15975,PO-0015975,383,12,2023-05-09,USD,PARTIAL
15976,PO-0015976,304,9,2026-01-22,USD,RECEIVED
15977,PO-0015977,309,6,2023-11-02,USD,CANCELLED
15978,PO-0015978,339,12,2025-03-13,USD,OPEN
15979,PO-0015979,431,8,2023-07-12,USD,RECEIVED
15980,PO-0015980,65,3,2025-07-09,USD,OPEN
15981,PO-0015981,141,3,2023-04-05,USD,RECEIVED
15982,PO-0015982,111,3,2026-05-19,USD,PARTIAL
15983,PO-0015983,476,7,2024-11-05,USD,CANCELLED
15984,PO-0015984,435,3,2023-05-06,USD,PARTIAL
15985,PO-0015985,396,12,2023-03-01,USD,PARTIAL
15986,PO-0015986,333,10,2023-06-29,USD,RECEIVED
15987,PO-0015987,49,1,2026-02-07,USD,RECEIVED
15988,PO-0015988,335,4,2023-12-27,USD,CANCELLED
15989,PO-0015989,60,2,2024-11-18,USD,RECEIVED
15990,PO-0015990,242,7,2026-07-19,USD,RECEIVED
15991,PO-0015991,353,8,2024-05-29,USD,CANCELLED
15992,PO-0015992,378,6,2024-04-01,USD,PARTIAL
15993,PO-0015993,316,9,2023-01-11,USD,RECEIVED
15994,PO-0015994,327,2,2024-05-12,USD,RECEIVED
15995,PO-0015995,76,5,2026-08-30,USD,RECEIVED
15996,PO-0015996,20,10,2024-05-04,USD,RECEIVED
15997,PO-0015997,107,1,2026-01-11,USD,CANCELLED
15998,PO-0015998,332,2,2024-05-30,USD,RECEIVED
15999,PO-0015999,444,9,2025-10-22,USD,RECEIVED
16000,PO-0016000,468,3,2025-04-30,USD,RECEIVED
16001,PO-0016001,388,8,2023-12-09,USD,RECEIVED
16002,PO-0016002,233,6,2026-06-07,USD,RECEIVED
16003,PO-0016003,165,6,2023-02-13,USD,PARTIAL
16004,PO-0016004,369,6,2024-04-30,USD,RECEIVED
16005,PO-0016005,46,7,2026-01-22,USD,PARTIAL
16006,PO-0016006,464,3,2024-06-14,USD,RECEIVED
16007,PO-0016007,201,7,2025-12-27,USD,RECEIVED
16008,PO-0016008,287,5,2023-03-27,USD,PARTIAL
16009,PO-0016009,460,3,2023-11-05,USD,RECEIVED
16010,PO-0016010,49,5,2026-07-30,USD,RECEIVED
16011,PO-0016011,63,10,2025-07-29,USD,OPEN
16012,PO-0016012,337,5,2025-05-02,USD,RECEIVED
16013,PO-0016013,484,1,2025-08-30,USD,RECEIVED
16014,PO-0016014,72,7,2026-08-21,USD,RECEIVED
16015,PO-0016015,101,4,2026-08-27,USD,RECEIVED
16016,PO-0016016,419,9,2025-12-01,USD,CANCELLED
16017,PO-0016017,121,9,2024-01-31,USD,CANCELLED
16018,PO-0016018,312,12,2023-02-09,USD,OPEN
16019,PO-0016019,414,4,2023-11-11,USD,CANCELLED
16020,PO-0016020,23,3,2024-11-22,USD,RECEIVED
16021,PO-0016021,47,5,2023-05-29,USD,RECEIVED
16022,PO-0016022,43,10,2023-06-04,USD,PARTIAL
16023,PO-0016023,71,4,2025-05-21,USD,PARTIAL
16024,PO-0016024,182,9,2024-07-10,USD,RECEIVED
16025,PO-0016025,287,1,2024-04-24,USD,OPEN
16026,PO-0016026,422,6,2026-06-27,USD,CANCELLED
16027,PO-0016027,276,5,2025-06-30,USD,OPEN
16028,PO-0016028,408,8,2025-10-08,USD,RECEIVED
16029,PO-0016029,438,4,2024-06-10,USD,RECEIVED
16030,PO-0016030,75,3,2025-02-18,USD,CANCELLED
16031,PO-0016031,257,1,2025-09-06,USD,RECEIVED
16032,PO-0016032,327,5,2025-09-01,USD,RECEIVED
16033,PO-0016033,258,7,2026-06-03,USD,RECEIVED
16034,PO-0016034,418,4,2025-05-18,USD,RECEIVED
16035,PO-0016035,397,12,2023-05-29,USD,PARTIAL
16036,PO-0016036,472,12,2025-06-06,USD,RECEIVED
16037,PO-0016037,431,3,2023-12-16,USD,RECEIVED
16038,PO-0016038,487,3,2023-06-17,USD,RECEIVED
16039,PO-0016039,35,1,2026-06-05,USD,RECEIVED
16040,PO-0016040,427,9,2025-09-20,USD,CANCELLED
16041,PO-0016041,323,2,2025-12-26,USD,PARTIAL
16042,PO-0016042,485,10,2023-02-22,USD,OPEN
16043,PO-0016043,463,10,2023-04-26,USD,RECEIVED
16044,PO-0016044,244,3,2023-05-30,USD,RECEIVED
16045,PO-0016045,186,9,2024-02-23,USD,RECEIVED
16046,PO-0016046,58,5,2026-01-06,USD,PARTIAL
16047,PO-0016047,192,6,2024-05-04,USD,PARTIAL
16048,PO-0016048,429,12,2024-03-11,USD,RECEIVED
16049,PO-0016049,303,6,2025-04-19,USD,RECEIVED
16050,PO-0016050,184,8,2024-09-04,USD,RECEIVED
16051,PO-0016051,438,4,2025-02-22,USD,RECEIVED
16052,PO-0016052,279,2,2023-10-31,USD,RECEIVED
16053,PO-0016053,409,11,2026-02-02,USD,CANCELLED
16054,PO-0016054,425,8,2024-11-06,USD,CANCELLED
16055,PO-0016055,184,6,2024-06-15,USD,RECEIVED
16056,PO-0016056,182,5,2026-03-29,USD,PARTIAL
16057,PO-0016057,469,11,2024-04-15,USD,RECEIVED
16058,PO-0016058,345,8,2025-11-03,USD,RECEIVED
16059,PO-0016059,438,8,2024-02-04,USD,OPEN
16060,PO-0016060,345,9,2025-04-21,USD,PARTIAL
16061,PO-0016061,10,9,2026-02-13,USD,RECEIVED
16062,PO-0016062,332,6,2025-10-09,USD,RECEIVED
16063,PO-0016063,295,4,2025-09-27,USD,OPEN
16064,PO-0016064,448,3,2025-08-30,USD,RECEIVED
16065,PO-0016065,114,5,2026-03-21,USD,RECEIVED
16066,PO-0016066,236,6,2026-08-02,USD,RECEIVED
16067,PO-0016067,22,5,2025-06-08,USD,OPEN
16068,PO-0016068,358,4,2025-11-19,USD,RECEIVED
16069,PO-0016069,234,6,2025-05-03,USD,RECEIVED
16070,PO-0016070,180,9,2023-01-12,USD,RECEIVED
16071,PO-0016071,281,9,2024-12-09,USD,RECEIVED
16072,PO-0016072,268,12,2025-03-09,USD,RECEIVED
16073,PO-0016073,333,11,2024-03-08,USD,RECEIVED
16074,PO-0016074,73,9,2023-10-01,USD,CANCELLED
16075,PO-0016075,293,6,2024-12-01,USD,RECEIVED
16076,PO-0016076,482,12,2023-08-11,USD,PARTIAL
16077,PO-0016077,61,8,2023-11-19,USD,RECEIVED
16078,PO-0016078,451,7,2023-10-13,USD,RECEIVED
16079,PO-0016079,415,9,2023-09-14,USD,OPEN
16080,PO-0016080,489,7,2023-06-04,USD,RECEIVED
16081,PO-0016081,144,1,2025-01-09,USD,CANCELLED
16082,PO-0016082,269,3,2023-12-26,USD,PARTIAL
16083,PO-0016083,345,1,2026-09-11,USD,RECEIVED
16084,PO-0016084,47,8,2025-08-26,USD,RECEIVED
16085,PO-0016085,260,1,2024-10-28,USD,RECEIVED
16086,PO-0016086,453,7,2025-11-08,USD,RECEIVED
16087,PO-0016087,187,11,2023-06-13,USD,RECEIVED
16088,PO-0016088,456,2,2026-03-14,USD,OPEN
16089,PO-0016089,244,7,2026-09-12,USD,RECEIVED
16090,PO-0016090,165,11,2025-07-05,USD,RECEIVED
16091,PO-0016091,411,10,2023-04-23,USD,RECEIVED
16092,PO-0016092,499,7,2024-09-03,USD,RECEIVED
16093,PO-0016093,59,6,2024-08-03,USD,RECEIVED
16094,PO-0016094,340,11,2023-04-18,USD,RECEIVED
16095,PO-0016095,266,3,2024-08-29,USD,RECEIVED
16096,PO-0016096,37,2,2024-06-28,USD,RECEIVED
16097,PO-0016097,118,6,2024-04-29,USD,RECEIVED
16098,PO-0016098,442,8,2025-11-01,USD,PARTIAL
16099,PO-0016099,24,10,2025-07-21,USD,CANCELLED
16100,PO-0016100,221,12,2026-10-01,USD,RECEIVED
16101,PO-0016101,257,2,2024-04-11,USD,RECEIVED
16102,PO-0016102,282,4,2026-03-29,USD,OPEN
16103,PO-0016103,351,4,2023-02-16,USD,RECEIVED
16104,PO-0016104,377,6,2023-04-30,USD,PARTIAL
16105,PO-0016105,231,3,2025-08-09,USD,CANCELLED
16106,PO-0016106,453,2,2025-07-26,USD,RECEIVED
16107,PO-0016107,98,2,2025-03-11,USD,OPEN
16108,PO-0016108,271,8,2026-07-20,USD,CANCELLED
16109,PO-0016109,20,7,2026-01-15,USD,PARTIAL
16110,PO-0016110,310,5,2026-08-14,USD,RECEIVED
16111,PO-0016111,214,10,2024-10-06,USD,RECEIVED
16112,PO-0016112,431,4,2024-05-12,USD,OPEN
16113,PO-0016113,228,1,2023-11-05,USD,OPEN
16114,PO-0016114,154,9,2023-04-12,USD,PARTIAL
16115,PO-0016115,150,6,2024-01-02,USD,RECEIVED
16116,PO-0016116,416,10,2024-04-07,USD,RECEIVED
16117,PO-0016117,440,6,2024-06-26,USD,RECEIVED
16118,PO-0016118,89,1,2026-06-30,USD,RECEIVED
16119,PO-0016119,287,11,2023-12-12,USD,RECEIVED
16120,PO-0016120,250,9,2024-05-17,USD,PARTIAL
16121,PO-0016121,314,8,2026-04-13,USD,RECEIVED
16122,PO-0016122,421,12,2025-09-12,USD,RECEIVED
16123,PO-0016123,156,11,2024-01-25,USD,PARTIAL
16124,PO-0016124,420,7,2025-05-31,USD,RECEIVED
16125,PO-0016125,41,7,2023-03-25,USD,RECEIVED
16126,PO-0016126,85,11,2024-04-07,USD,RECEIVED
16127,PO-0016127,161,5,2023-06-29,USD,CANCELLED
16128,PO-0016128,127,9,2025-10-24,USD,RECEIVED
16129,PO-0016129,471,1,2026-06-29,USD,RECEIVED
16130,PO-0016130,477,5,2026-03-19,USD,OPEN
16131,PO-0016131,227,8,2024-10-29,USD,RECEIVED
16132,PO-0016132,23,8,2023-09-20,USD,CANCELLED
16133,PO-0016133,44,12,2026-09-27,USD,PARTIAL
16134,PO-0016134,57,2,2026-05-03,USD,RECEIVED
16135,PO-0016135,259,5,2024-10-06,USD,RECEIVED
16136,PO-0016136,46,12,2025-08-11,USD,PARTIAL
16137,PO-0016137,134,7,2025-03-27,USD,RECEIVED
16138,PO-0016138,483,3,2025-02-20,USD,CANCELLED
16139,PO-0016139,162,10,2025-05-27,USD,RECEIVED
16140,PO-0016140,492,3,2025-07-28,USD,PARTIAL
16141,PO-0016141,198,5,2023-07-10,USD,RECEIVED
16142,PO-0016142,411,3,2023-01-05,USD,CANCELLED
16143,PO-0016143,38,5,2025-03-28,USD,RECEIVED
16144,PO-0016144,77,11,2023-10-11,USD,RECEIVED
16145,PO-0016145,13,3,2024-09-20,USD,RECEIVED
16146,PO-0016146,120,1,2025-10-29,USD,OPEN
16147,PO-0016147,92,4,2026-02-05,USD,CANCELLED
16148,PO-0016148,200,5,2023-07-01,USD,RECEIVED
16149,PO-0016149,188,9,2024-05-09,USD,RECEIVED
16150,PO-0016150,475,12,2026-05-28,USD,RECEIVED
16151,PO-0016151,351,2,2024-08-25,USD,RECEIVED
16152,PO-0016152,435,7,2026-09-24,USD,RECEIVED
16153,PO-0016153,287,7,2026-05-03,USD,RECEIVED
16154,PO-0016154,307,12,2025-04-28,USD,RECEIVED
16155,PO-0016155,52,3,2026-04-30,USD,CANCELLED
16156,PO-0016156,377,7,2023-10-16,USD,RECEIVED
16157,PO-0016157,146,12,2026-05-25,USD,RECEIVED
16158,PO-0016158,264,9,2026-04-30,USD,RECEIVED
16159,PO-0016159,102,5,2024-02-22,USD,RECEIVED
16160,PO-0016160,181,9,2026-01-05,USD,RECEIVED
16161,PO-0016161,488,10,2023-03-19,USD,RECEIVED
16162,PO-0016162,122,3,2023-09-11,USD,RECEIVED
16163,PO-0016163,431,2,2023-08-03,USD,RECEIVED
16164,PO-0016164,226,5,2026-09-16,USD,RECEIVED
16165,PO-0016165,104,12,2024-07-02,USD,CANCELLED
16166,PO-0016166,231,6,2025-07-23,USD,RECEIVED
16167,PO-0016167,271,5,2025-12-16,USD,RECEIVED
16168,PO-0016168,427,3,2025-07-06,USD,RECEIVED
16169,PO-0016169,182,9,2026-08-07,USD,RECEIVED
16170,PO-0016170,246,9,2026-09-16,USD,CANCELLED
16171,PO-0016171,93,12,2023-06-03,USD,RECEIVED
16172,PO-0016172,486,6,2025-09-23,USD,RECEIVED
16173,PO-0016173,248,11,2025-05-29,USD,PARTIAL
16174,PO-0016174,8,1,2026-01-10,USD,RECEIVED
16175,PO-0016175,291,10,2025-12-22,USD,RECEIVED
16176,PO-0016176,153,4,2024-09-03,USD,RECEIVED
16177,PO-0016177,373,3,2026-02-02,USD,CANCELLED
16178,PO-0016178,30,7,2024-03-24,USD,RECEIVED
16179,PO-0016179,374,9,2025-10-26,USD,RECEIVED
16180,PO-0016180,290,11,2026-09-23,USD,RECEIVED
16181,PO-0016181,273,3,2025-07-26,USD,CANCELLED
16182,PO-0016182,183,12,2024-02-18,USD,RECEIVED
16183,PO-0016183,229,5,2026-08-03,USD,RECEIVED
16184,PO-0016184,126,7,2024-07-06,USD,RECEIVED
16185,PO-0016185,55,1,2023-07-13,USD,CANCELLED
16186,PO-0016186,107,12,2023-03-18,USD,RECEIVED
16187,PO-0016187,10,7,2026-07-15,USD,RECEIVED
16188,PO-0016188,363,9,2025-07-10,USD,RECEIVED
16189,PO-0016189,333,4,2023-12-18,USD,PARTIAL
16190,PO-0016190,389,1,2026-07-01,USD,RECEIVED
16191,PO-0016191,348,10,2026-06-25,USD,CANCELLED
16192,PO-0016192,322,3,2025-03-26,USD,RECEIVED
16193,PO-0016193,231,12,2024-06-04,USD,OPEN
16194,PO-0016194,57,12,2024-02-11,USD,RECEIVED
16195,PO-0016195,433,6,2025-07-08,USD,RECEIVED
16196,PO-0016196,180,2,2025-07-14,USD,OPEN
16197,PO-0016197,170,10,2023-10-12,USD,RECEIVED
16198,PO-0016198,112,3,2024-02-03,USD,RECEIVED
16199,PO-0016199,14,7,2025-11-07,USD,PARTIAL
16200,PO-0016200,197,4,2026-02-28,USD,RECEIVED
16201,PO-0016201,365,12,2026-05-07,USD,CANCELLED
16202,PO-0016202,263,2,2026-02-26,USD,RECEIVED
16203,PO-0016203,82,10,2025-09-20,USD,OPEN
16204,PO-0016204,119,3,2026-01-28,USD,RECEIVED
16205,PO-0016205,475,5,2023-09-24,USD,RECEIVED
16206,PO-0016206,128,7,2024-01-08,USD,OPEN
16207,PO-0016207,122,9,2025-11-02,USD,RECEIVED
16208,PO-0016208,326,5,2025-12-22,USD,RECEIVED
16209,PO-0016209,158,3,2025-01-28,USD,RECEIVED
16210,PO-0016210,490,2,2023-10-12,USD,OPEN
16211,PO-0016211,22,7,2025-12-22,USD,RECEIVED
16212,PO-0016212,358,4,2026-04-01,USD,RECEIVED
16213,PO-0016213,130,9,2023-03-18,USD,PARTIAL
16214,PO-0016214,236,12,2025-03-24,USD,RECEIVED
16215,PO-0016215,31,2,2026-06-17,USD,RECEIVED
16216,PO-0016216,289,3,2023-06-17,USD,CANCELLED
16217,PO-0016217,301,2,2026-09-21,USD,RECEIVED
16218,PO-0016218,132,6,2025-10-22,USD,RECEIVED
16219,PO-0016219,51,10,2026-04-10,USD,RECEIVED
16220,PO-0016220,98,8,2023-04-14,USD,OPEN
16221,PO-0016221,449,2,2023-05-14,USD,RECEIVED
16222,PO-0016222,107,5,2023-01-18,USD,OPEN
16223,PO-0016223,12,4,2024-06-20,USD,RECEIVED
16224,PO-0016224,309,4,2025-08-06,USD,RECEIVED
16225,PO-0016225,359,3,2023-03-31,USD,RECEIVED
16226,PO-0016226,295,7,2024-10-29,USD,RECEIVED
16227,PO-0016227,32,5,2023-06-29,USD,RECEIVED
16228,PO-0016228,215,3,2023-05-26,USD,RECEIVED
16229,PO-0016229,275,5,2023-06-06,USD,OPEN
16230,PO-0016230,319,5,2026-02-05,USD,RECEIVED
16231,PO-0016231,486,9,2026-09-20,USD,CANCELLED
16232,PO-0016232,210,10,2024-03-12,USD,PARTIAL
16233,PO-0016233,464,4,2024-11-15,USD,RECEIVED
16234,PO-0016234,317,8,2025-10-23,USD,RECEIVED
16235,PO-0016235,118,4,2024-06-16,USD,RECEIVED
16236,PO-0016236,28,5,2026-07-05,USD,CANCELLED
16237,PO-0016237,270,11,2026-05-18,USD,PARTIAL
16238,PO-0016238,246,9,2025-11-22,USD,RECEIVED
16239,PO-0016239,369,6,2023-11-22,USD,RECEIVED
16240,PO-0016240,141,10,2025-11-05,USD,RECEIVED
16241,PO-0016241,133,11,2023-01-28,USD,CANCELLED
16242,PO-0016242,99,6,2024-12-03,USD,RECEIVED
16243,PO-0016243,78,8,2026-05-25,USD,RECEIVED
16244,PO-0016244,288,11,2025-03-23,USD,RECEIVED
16245,PO-0016245,128,9,2024-02-03,USD,RECEIVED
16246,PO-0016246,197,1,2023-04-05,USD,PARTIAL
16247,PO-0016247,332,3,2025-08-06,USD,RECEIVED
16248,PO-0016248,11,4,2025-04-29,USD,CANCELLED
16249,PO-0016249,275,12,2023-03-04,USD,RECEIVED
16250,PO-0016250,161,8,2024-04-15,USD,RECEIVED
16251,PO-0016251,316,5,2023-10-24,USD,RECEIVED
16252,PO-0016252,221,5,2024-06-02,USD,OPEN
16253,PO-0016253,301,2,2024-04-15,USD,RECEIVED
16254,PO-0016254,21,5,2023-01-02,USD,RECEIVED
16255,PO-0016255,475,12,2024-02-25,USD,OPEN
16256,PO-0016256,99,12,2026-02-15,USD,CANCELLED
16257,PO-0016257,340,3,2023-10-27,USD,OPEN
16258,PO-0016258,230,3,2026-05-05,USD,RECEIVED
16259,PO-0016259,34,11,2023-08-07,USD,RECEIVED
16260,PO-0016260,229,2,2026-09-10,USD,RECEIVED
16261,PO-0016261,435,8,2023-02-05,USD,RECEIVED
16262,PO-0016262,484,11,2025-12-29,USD,RECEIVED
16263,PO-0016263,86,10,2023-03-31,USD,RECEIVED
16264,PO-0016264,375,5,2025-04-20,USD,RECEIVED
16265,PO-0016265,332,3,2024-08-31,USD,RECEIVED
16266,PO-0016266,157,3,2023-08-29,USD,RECEIVED
16267,PO-0016267,313,9,2025-08-03,USD,RECEIVED
16268,PO-0016268,35,4,2026-01-11,USD,RECEIVED
16269,PO-0016269,186,5,2025-02-25,USD,RECEIVED
16270,PO-0016270,465,2,2024-11-17,USD,RECEIVED
16271,PO-0016271,401,9,2025-07-06,USD,RECEIVED
16272,PO-0016272,497,9,2023-04-11,USD,PARTIAL
16273,PO-0016273,278,4,2026-06-18,USD,RECEIVED
16274,PO-0016274,286,3,2024-03-05,USD,RECEIVED
16275,PO-0016275,207,10,2024-01-02,USD,RECEIVED
16276,PO-0016276,6,6,2025-12-01,USD,RECEIVED
16277,PO-0016277,121,5,2026-08-27,USD,RECEIVED
16278,PO-0016278,492,2,2023-07-01,USD,RECEIVED
16279,PO-0016279,232,6,2026-08-19,USD,RECEIVED
16280,PO-0016280,33,2,2025-11-16,USD,RECEIVED
16281,PO-0016281,207,10,2023-01-09,USD,RECEIVED
16282,PO-0016282,114,5,2026-06-02,USD,RECEIVED
16283,PO-0016283,481,6,2024-03-16,USD,CANCELLED
16284,PO-0016284,394,11,2025-08-23,USD,CANCELLED
16285,PO-0016285,302,7,2025-11-23,USD,RECEIVED
16286,PO-0016286,300,12,2023-12-03,USD,PARTIAL
16287,PO-0016287,222,12,2024-02-08,USD,PARTIAL
16288,PO-0016288,348,9,2023-02-23,USD,RECEIVED
16289,PO-0016289,451,7,2025-09-17,USD,PARTIAL
16290,PO-0016290,208,4,2024-05-29,USD,OPEN
16291,PO-0016291,238,11,2024-04-11,USD,RECEIVED
16292,PO-0016292,20,5,2024-06-18,USD,RECEIVED
16293,PO-0016293,384,5,2025-02-13,USD,RECEIVED
16294,PO-0016294,201,2,2025-08-19,USD,RECEIVED
16295,PO-0016295,34,9,2026-05-03,USD,CANCELLED
16296,PO-0016296,66,2,2025-02-18,USD,CANCELLED
16297,PO-0016297,40,8,2026-04-04,USD,RECEIVED
16298,PO-0016298,472,2,2025-09-20,USD,RECEIVED
16299,PO-0016299,12,8,2026-01-17,USD,RECEIVED
16300,PO-0016300,123,5,2023-09-07,USD,RECEIVED
16301,PO-0016301,106,5,2026-05-19,USD,OPEN
16302,PO-0016302,158,1,2023-05-20,USD,RECEIVED
16303,PO-0016303,6,1,2023-09-05,USD,RECEIVED
16304,PO-0016304,387,4,2026-05-16,USD,RECEIVED
16305,PO-0016305,417,1,2023-05-01,USD,PARTIAL
16306,PO-0016306,229,1,2023-09-05,USD,RECEIVED
16307,PO-0016307,19,1,2024-07-28,USD,RECEIVED
16308,PO-0016308,390,5,2023-02-23,USD,RECEIVED
16309,PO-0016309,38,5,2024-01-16,USD,OPEN
16310,PO-0016310,17,9,2023-06-28,USD,RECEIVED
16311,PO-0016311,492,6,2023-04-19,USD,RECEIVED
16312,PO-0016312,153,1,2025-01-31,USD,PARTIAL
16313,PO-0016313,348,1,2023-04-07,USD,RECEIVED
16314,PO-0016314,462,2,2025-07-27,USD,RECEIVED
16315,PO-0016315,217,12,2023-10-29,USD,RECEIVED
16316,PO-0016316,140,1,2025-10-23,USD,CANCELLED
16317,PO-0016317,119,3,2024-12-05,USD,OPEN
16318,PO-0016318,409,9,2025-12-27,USD,RECEIVED
16319,PO-0016319,6,1,2023-01-29,USD,RECEIVED
16320,PO-0016320,384,8,2024-05-12,USD,RECEIVED
16321,PO-0016321,140,5,2025-07-17,USD,CANCELLED
16322,PO-0016322,184,3,2023-05-03,USD,RECEIVED
16323,PO-0016323,482,4,2025-10-08,USD,PARTIAL
16324,PO-0016324,207,3,2024-07-02,USD,RECEIVED
16325,PO-0016325,365,12,2023-12-29,USD,OPEN
16326,PO-0016326,226,4,2023-12-17,USD,RECEIVED
16327,PO-0016327,234,1,2025-09-09,USD,RECEIVED
16328,PO-0016328,200,8,2025-03-24,USD,RECEIVED
16329,PO-0016329,396,5,2026-04-17,USD,RECEIVED
16330,PO-0016330,50,1,2024-03-13,USD,RECEIVED
16331,PO-0016331,189,4,2024-01-21,USD,PARTIAL
16332,PO-0016332,90,8,2025-09-28,USD,RECEIVED
16333,PO-0016333,174,12,2026-01-21,USD,RECEIVED
16334,PO-0016334,77,12,2024-06-25,USD,RECEIVED
16335,PO-0016335,152,4,2025-12-10,USD,PARTIAL
16336,PO-0016336,131,6,2025-06-11,USD,CANCELLED
16337,PO-0016337,324,7,2024-08-12,USD,RECEIVED
16338,PO-0016338,94,6,2023-06-30,USD,OPEN
16339,PO-0016339,499,9,2024-11-27,USD,OPEN
16340,PO-0016340,492,5,2024-09-05,USD,RECEIVED
16341,PO-0016341,20,8,2024-07-26,USD,RECEIVED
16342,PO-0016342,236,10,2023-06-24,USD,RECEIVED
16343,PO-0016343,220,7,2026-01-22,USD,RECEIVED
16344,PO-0016344,300,10,2023-12-11,USD,RECEIVED
16345,PO-0016345,236,5,2025-10-10,USD,RECEIVED
16346,PO-0016346,234,8,2023-07-25,USD,OPEN
16347,PO-0016347,194,9,2025-02-27,USD,OPEN
16348,PO-0016348,290,4,2025-03-09,USD,RECEIVED
16349,PO-0016349,12,9,2026-09-02,USD,RECEIVED
16350,PO-0016350,54,12,2023-07-21,USD,RECEIVED
16351,PO-0016351,287,8,2026-07-26,USD,RECEIVED
16352,PO-0016352,262,11,2026-03-02,USD,RECEIVED
16353,PO-0016353,103,4,2023-04-17,USD,RECEIVED
16354,PO-0016354,313,8,2025-03-19,USD,RECEIVED
16355,PO-0016355,299,6,2024-10-18,USD,OPEN
16356,PO-0016356,420,8,2023-03-20,USD,RECEIVED
16357,PO-0016357,460,7,2023-09-19,USD,RECEIVED
16358,PO-0016358,104,2,2025-06-16,USD,RECEIVED
16359,PO-0016359,350,10,2026-08-12,USD,PARTIAL
16360,PO-0016360,364,7,2024-07-26,USD,RECEIVED
16361,PO-0016361,436,3,2024-02-16,USD,RECEIVED
16362,PO-0016362,483,12,2023-02-08,USD,RECEIVED
16363,PO-0016363,340,3,2023-01-23,USD,RECEIVED
16364,PO-0016364,492,8,2026-08-30,USD,RECEIVED
16365,PO-0016365,110,2,2024-05-15,USD,PARTIAL
16366,PO-0016366,233,8,2026-08-15,USD,RECEIVED
16367,PO-0016367,210,11,2025-03-11,USD,RECEIVED
16368,PO-0016368,254,2,2026-07-12,USD,RECEIVED
16369,PO-0016369,282,2,2023-12-12,USD,CANCELLED
16370,PO-0016370,110,9,2024-06-21,USD,RECEIVED
16371,PO-0016371,327,3,2025-11-23,USD,OPEN
16372,PO-0016372,248,4,2025-05-23,USD,PARTIAL
16373,PO-0016373,29,2,2023-10-15,USD,PARTIAL
16374,PO-0016374,170,6,2023-11-08,USD,RECEIVED
16375,PO-0016375,305,10,2025-05-18,USD,RECEIVED
16376,PO-0016376,9,12,2023-04-21,USD,RECEIVED
16377,PO-0016377,435,1,2026-04-15,USD,RECEIVED
16378,PO-0016378,275,1,2024-01-02,USD,PARTIAL
16379,PO-0016379,142,5,2023-01-17,USD,RECEIVED
16380,PO-0016380,465,8,2023-03-30,USD,OPEN
16381,PO-0016381,65,1,2024-02-18,USD,RECEIVED
16382,PO-0016382,144,6,2026-07-05,USD,OPEN
16383,PO-0016383,224,12,2025-11-08,USD,RECEIVED
16384,PO-0016384,392,8,2025-03-12,USD,RECEIVED
16385,PO-0016385,110,1,2025-02-10,USD,PARTIAL
16386,PO-0016386,85,3,2025-03-18,USD,RECEIVED
16387,PO-0016387,391,7,2025-04-01,USD,RECEIVED
16388,PO-0016388,479,4,2024-04-25,USD,RECEIVED
16389,PO-0016389,498,11,2023-02-05,USD,RECEIVED
16390,PO-0016390,446,3,2023-06-05,USD,RECEIVED
16391,PO-0016391,294,3,2023-06-08,USD,RECEIVED
16392,PO-0016392,237,8,2026-02-20,USD,CANCELLED
16393,PO-0016393,116,12,2024-09-14,USD,RECEIVED
16394,PO-0016394,269,4,2023-04-29,USD,CANCELLED
16395,PO-0016395,1,3,2026-03-16,USD,RECEIVED
16396,PO-0016396,369,3,2026-06-02,USD,RECEIVED
16397,PO-0016397,112,10,2023-12-13,USD,RECEIVED
16398,PO-0016398,436,4,2023-05-17,USD,RECEIVED
16399,PO-0016399,103,2,2026-03-27,USD,RECEIVED
16400,PO-0016400,42,6,2024-11-30,USD,RECEIVED
16401,PO-0016401,88,12,2026-01-20,USD,RECEIVED
16402,PO-0016402,219,5,2023-11-21,USD,PARTIAL
16403,PO-0016403,297,10,2026-05-21,USD,OPEN
16404,PO-0016404,59,1,2024-10-25,USD,RECEIVED
16405,PO-0016405,438,10,2023-11-10,USD,RECEIVED
16406,PO-0016406,393,6,2024-01-15,USD,RECEIVED
16407,PO-0016407,253,12,2026-01-12,USD,RECEIVED
16408,PO-0016408,10,1,2025-05-04,USD,RECEIVED
16409,PO-0016409,415,4,2023-08-07,USD,RECEIVED
16410,PO-0016410,106,10,2024-09-27,USD,RECEIVED
16411,PO-0016411,170,6,2024-12-04,USD,RECEIVED
16412,PO-0016412,184,4,2025-07-27,USD,CANCELLED
16413,PO-0016413,488,2,2023-02-21,USD,RECEIVED
16414,PO-0016414,39,2,2023-06-05,USD,CANCELLED
16415,PO-0016415,24,7,2025-05-03,USD,RECEIVED
16416,PO-0016416,290,2,2024-05-23,USD,CANCELLED
16417,PO-0016417,246,8,2025-06-28,USD,OPEN
16418,PO-0016418,46,4,2025-12-04,USD,RECEIVED
16419,PO-0016419,158,1,2024-07-26,USD,RECEIVED
16420,PO-0016420,21,1,2025-04-01,USD,RECEIVED
16421,PO-0016421,260,2,2025-05-01,USD,RECEIVED
16422,PO-0016422,351,1,2023-03-28,USD,OPEN
16423,PO-0016423,409,6,2025-06-03,USD,RECEIVED
16424,PO-0016424,260,7,2024-09-26,USD,RECEIVED
16425,PO-0016425,489,2,2024-03-19,USD,PARTIAL
16426,PO-0016426,52,8,2026-08-24,USD,RECEIVED
16427,PO-0016427,268,7,2025-05-06,USD,RECEIVED
16428,PO-0016428,204,7,2025-07-09,USD,RECEIVED
16429,PO-0016429,101,2,2023-05-06,USD,RECEIVED
16430,PO-0016430,193,12,2025-05-27,USD,RECEIVED
16431,PO-0016431,66,11,2025-07-16,USD,OPEN
16432,PO-0016432,489,8,2026-05-28,USD,OPEN
16433,PO-0016433,243,5,2026-07-17,USD,RECEIVED
16434,PO-0016434,384,7,2025-01-04,USD,OPEN
16435,PO-0016435,214,6,2023-01-08,USD,RECEIVED
16436,PO-0016436,232,8,2023-02-15,USD,CANCELLED
16437,PO-0016437,124,8,2025-12-31,USD,RECEIVED
16438,PO-0016438,361,5,2025-09-15,USD,RECEIVED
16439,PO-0016439,454,10,2025-12-10,USD,RECEIVED
16440,PO-0016440,278,3,2024-12-27,USD,RECEIVED
16441,PO-0016441,433,1,2025-12-19,USD,RECEIVED
16442,PO-0016442,456,6,2024-07-20,USD,RECEIVED
16443,PO-0016443,318,11,2024-12-06,USD,RECEIVED
16444,PO-0016444,312,5,2024-04-28,USD,OPEN
16445,PO-0016445,247,1,2023-08-19,USD,RECEIVED
16446,PO-0016446,483,2,2025-06-17,USD,RECEIVED
16447,PO-0016447,290,7,2024-10-01,USD,RECEIVED
16448,PO-0016448,45,2,2025-04-03,USD,OPEN
16449,PO-0016449,362,2,2025-02-20,USD,RECEIVED
16450,PO-0016450,315,6,2025-08-21,USD,RECEIVED
16451,PO-0016451,218,2,2023-06-06,USD,RECEIVED
16452,PO-0016452,34,7,2025-05-23,USD,OPEN
16453,PO-0016453,399,3,2024-06-30,USD,RECEIVED
16454,PO-0016454,228,5,2025-10-11,USD,PARTIAL
16455,PO-0016455,208,9,2024-08-28,USD,RECEIVED
16456,PO-0016456,254,2,2023-03-27,USD,RECEIVED
16457,PO-0016457,270,9,2023-10-26,USD,RECEIVED
16458,PO-0016458,421,5,2024-04-20,USD,RECEIVED
16459,PO-0016459,189,11,2026-04-03,USD,RECEIVED
16460,PO-0016460,16,10,2024-08-18,USD,RECEIVED
16461,PO-0016461,35,1,2023-08-15,USD,RECEIVED
16462,PO-0016462,344,1,2023-06-15,USD,RECEIVED
16463,PO-0016463,298,3,2024-04-25,USD,RECEIVED
16464,PO-0016464,395,7,2025-07-08,USD,RECEIVED
16465,PO-0016465,432,12,2023-08-24,USD,RECEIVED
16466,PO-0016466,109,2,2026-05-12,USD,CANCELLED
16467,PO-0016467,94,11,2023-12-19,USD,RECEIVED
16468,PO-0016468,343,5,2025-01-18,USD,RECEIVED
16469,PO-0016469,496,4,2024-02-12,USD,RECEIVED
16470,PO-0016470,256,7,2026-03-20,USD,RECEIVED
16471,PO-0016471,342,1,2025-04-22,USD,RECEIVED
16472,PO-0016472,414,2,2023-10-29,USD,RECEIVED
16473,PO-0016473,141,11,2023-12-23,USD,RECEIVED
16474,PO-0016474,345,3,2026-07-08,USD,RECEIVED
16475,PO-0016475,491,8,2026-01-04,USD,RECEIVED
16476,PO-0016476,101,3,2026-02-10,USD,CANCELLED
16477,PO-0016477,299,9,2024-04-28,USD,RECEIVED
16478,PO-0016478,255,2,2024-07-19,USD,RECEIVED
16479,PO-0016479,398,12,2023-09-15,USD,RECEIVED
16480,PO-0016480,272,3,2025-01-29,USD,RECEIVED
16481,PO-0016481,371,4,2024-06-09,USD,CANCELLED
16482,PO-0016482,321,12,2024-08-06,USD,RECEIVED
16483,PO-0016483,459,4,2026-06-19,USD,OPEN
16484,PO-0016484,171,11,2025-04-02,USD,RECEIVED
16485,PO-0016485,353,10,2023-05-31,USD,RECEIVED
16486,PO-0016486,178,1,2024-05-19,USD,RECEIVED
16487,PO-0016487,414,7,2026-01-06,USD,RECEIVED
16488,PO-0016488,399,6,2026-08-13,USD,RECEIVED
16489,PO-0016489,233,6,2023-06-10,USD,RECEIVED
16490,PO-0016490,130,5,2025-05-15,USD,RECEIVED
16491,PO-0016491,492,12,2025-03-13,USD,RECEIVED
16492,PO-0016492,190,10,2024-05-24,USD,OPEN
16493,PO-0016493,222,10,2026-02-11,USD,RECEIVED
16494,PO-0016494,289,4,2025-03-01,USD,RECEIVED
16495,PO-0016495,42,4,2023-03-30,USD,RECEIVED
16496,PO-0016496,215,1,2023-05-13,USD,RECEIVED
16497,PO-0016497,259,8,2024-08-02,USD,RECEIVED
16498,PO-0016498,23,11,2026-04-17,USD,PARTIAL
16499,PO-0016499,84,7,2025-12-09,USD,RECEIVED
16500,PO-0016500,205,4,2023-12-09,USD,RECEIVED
16501,PO-0016501,463,6,2024-05-18,USD,RECEIVED
16502,PO-0016502,146,6,2023-05-30,USD,RECEIVED
16503,PO-0016503,372,1,2025-07-24,USD,RECEIVED
16504,PO-0016504,273,11,2024-05-28,USD,RECEIVED
16505,PO-0016505,201,2,2023-01-03,USD,RECEIVED
16506,PO-0016506,252,4,2026-03-14,USD,CANCELLED
16507,PO-0016507,392,6,2023-03-20,USD,RECEIVED
16508,PO-0016508,432,1,2026-07-14,USD,RECEIVED
16509,PO-0016509,271,5,2024-08-09,USD,RECEIVED
16510,PO-0016510,428,6,2026-01-12,USD,RECEIVED
16511,PO-0016511,91,12,2026-02-27,USD,RECEIVED
16512,PO-0016512,183,9,2023-02-06,USD,RECEIVED
16513,PO-0016513,147,10,2023-09-19,USD,RECEIVED
16514,PO-0016514,411,4,2024-04-05,USD,PARTIAL
16515,PO-0016515,230,8,2024-01-20,USD,RECEIVED
16516,PO-0016516,186,7,2025-03-02,USD,RECEIVED
16517,PO-0016517,163,9,2023-09-15,USD,RECEIVED
16518,PO-0016518,147,7,2025-08-01,USD,RECEIVED
16519,PO-0016519,167,9,2025-10-27,USD,RECEIVED
16520,PO-0016520,391,9,2025-07-17,USD,RECEIVED
16521,PO-0016521,186,3,2026-04-10,USD,RECEIVED
16522,PO-0016522,155,8,2024-12-07,USD,RECEIVED
16523,PO-0016523,211,1,2024-01-08,USD,OPEN
16524,PO-0016524,182,1,2024-05-09,USD,RECEIVED
16525,PO-0016525,369,12,2026-06-24,USD,CANCELLED
16526,PO-0016526,88,1,2025-01-13,USD,RECEIVED
16527,PO-0016527,120,7,2026-08-28,USD,RECEIVED
16528,PO-0016528,71,4,2025-02-04,USD,PARTIAL
16529,PO-0016529,170,11,2024-11-18,USD,OPEN
16530,PO-0016530,339,3,2025-04-25,USD,RECEIVED
16531,PO-0016531,62,12,2023-12-10,USD,RECEIVED
16532,PO-0016532,486,8,2026-04-13,USD,RECEIVED
16533,PO-0016533,450,12,2026-03-15,USD,RECEIVED
16534,PO-0016534,224,6,2025-12-06,USD,PARTIAL
16535,PO-0016535,142,6,2026-02-19,USD,RECEIVED
16536,PO-0016536,147,12,2026-01-19,USD,RECEIVED
16537,PO-0016537,478,12,2024-01-23,USD,RECEIVED
16538,PO-0016538,35,7,2023-06-23,USD,RECEIVED
16539,PO-0016539,364,8,2026-09-04,USD,PARTIAL
16540,PO-0016540,110,12,2024-01-07,USD,RECEIVED
16541,PO-0016541,337,9,2025-01-23,USD,RECEIVED
16542,PO-0016542,90,1,2026-08-04,USD,RECEIVED
16543,PO-0016543,360,4,2026-09-27,USD,RECEIVED
16544,PO-0016544,449,4,2025-11-05,USD,RECEIVED
16545,PO-0016545,497,1,2024-11-27,USD,RECEIVED
16546,PO-0016546,464,8,2024-05-09,USD,RECEIVED
16547,PO-0016547,234,10,2024-06-10,USD,RECEIVED
16548,PO-0016548,60,9,2025-07-15,USD,RECEIVED
16549,PO-0016549,52,12,2025-02-09,USD,RECEIVED
16550,PO-0016550,109,8,2026-06-29,USD,RECEIVED
16551,PO-0016551,240,5,2024-04-22,USD,RECEIVED
16552,PO-0016552,458,5,2026-01-07,USD,PARTIAL
16553,PO-0016553,102,12,2025-07-09,USD,RECEIVED
16554,PO-0016554,481,4,2023-08-29,USD,RECEIVED
16555,PO-0016555,338,3,2025-03-09,USD,RECEIVED
16556,PO-0016556,262,8,2023-03-31,USD,RECEIVED
16557,PO-0016557,20,10,2026-05-26,USD,RECEIVED
16558,PO-0016558,194,6,2023-04-01,USD,RECEIVED
16559,PO-0016559,474,10,2025-10-16,USD,RECEIVED
16560,PO-0016560,270,10,2025-06-06,USD,RECEIVED
16561,PO-0016561,372,8,2024-05-07,USD,RECEIVED
16562,PO-0016562,404,10,2023-11-30,USD,RECEIVED
16563,PO-0016563,46,7,2026-01-25,USD,RECEIVED
16564,PO-0016564,359,3,2026-01-22,USD,RECEIVED
16565,PO-0016565,409,5,2026-03-21,USD,OPEN
16566,PO-0016566,258,9,2023-06-30,USD,RECEIVED
16567,PO-0016567,103,11,2023-09-03,USD,CANCELLED
16568,PO-0016568,56,3,2026-01-14,USD,RECEIVED
16569,PO-0016569,301,8,2023-03-12,USD,CANCELLED
16570,PO-0016570,408,9,2025-01-23,USD,RECEIVED
16571,PO-0016571,500,4,2025-04-20,USD,RECEIVED
16572,PO-0016572,235,9,2025-07-29,USD,RECEIVED
16573,PO-0016573,206,3,2024-06-05,USD,RECEIVED
16574,PO-0016574,209,1,2025-09-11,USD,RECEIVED
16575,PO-0016575,305,7,2026-01-14,USD,PARTIAL
16576,PO-0016576,104,1,2024-01-08,USD,RECEIVED
16577,PO-0016577,383,4,2023-05-31,USD,RECEIVED
16578,PO-0016578,122,11,2024-03-18,USD,OPEN
16579,PO-0016579,268,4,2024-01-29,USD,RECEIVED
16580,PO-0016580,255,10,2026-07-26,USD,OPEN
16581,PO-0016581,448,10,2025-01-25,USD,PARTIAL
16582,PO-0016582,490,5,2025-01-17,USD,RECEIVED
16583,PO-0016583,208,3,2025-02-09,USD,CANCELLED
16584,PO-0016584,237,1,2024-04-23,USD,RECEIVED
16585,PO-0016585,159,12,2023-10-22,USD,OPEN
16586,PO-0016586,397,3,2023-03-17,USD,RECEIVED
16587,PO-0016587,477,3,2023-07-30,USD,RECEIVED
16588,PO-0016588,388,3,2025-05-18,USD,RECEIVED
16589,PO-0016589,339,4,2023-08-19,USD,RECEIVED
16590,PO-0016590,378,8,2025-06-23,USD,RECEIVED
16591,PO-0016591,63,7,2025-09-16,USD,RECEIVED
16592,PO-0016592,422,4,2024-08-14,USD,PARTIAL
16593,PO-0016593,153,6,2023-03-24,USD,RECEIVED
16594,PO-0016594,116,2,2023-05-18,USD,PARTIAL
16595,PO-0016595,289,3,2023-10-19,USD,RECEIVED
16596,PO-0016596,392,7,2024-03-24,USD,RECEIVED
16597,PO-0016597,387,2,2024-01-17,USD,CANCELLED
16598,PO-0016598,34,4,2026-04-25,USD,RECEIVED
16599,PO-0016599,161,6,2025-01-21,USD,RECEIVED
16600,PO-0016600,391,9,2024-03-01,USD,RECEIVED
16601,PO-0016601,449,1,2025-12-10,USD,PARTIAL
16602,PO-0016602,17,7,2025-05-13,USD,PARTIAL
16603,PO-0016603,217,12,2023-04-24,USD,RECEIVED
16604,PO-0016604,204,1,2025-12-29,USD,RECEIVED
16605,PO-0016605,417,10,2025-08-30,USD,CANCELLED
16606,PO-0016606,15,12,2024-07-27,USD,PARTIAL
16607,PO-0016607,274,11,2025-08-12,USD,PARTIAL
16608,PO-0016608,122,12,2024-11-13,USD,RECEIVED
16609,PO-0016609,332,8,2025-01-15,USD,RECEIVED
16610,PO-0016610,459,8,2025-07-27,USD,CANCELLED
16611,PO-0016611,402,10,2023-12-16,USD,RECEIVED
16612,PO-0016612,219,1,2025-03-24,USD,RECEIVED
16613,PO-0016613,193,12,2024-08-23,USD,RECEIVED
16614,PO-0016614,32,4,2024-05-07,USD,RECEIVED
16615,PO-0016615,123,12,2023-01-23,USD,RECEIVED
16616,PO-0016616,456,5,2024-10-09,USD,RECEIVED
16617,PO-0016617,362,10,2024-01-21,USD,RECEIVED
16618,PO-0016618,10,1,2023-03-08,USD,RECEIVED
16619,PO-0016619,63,11,2023-08-10,USD,RECEIVED
16620,PO-0016620,208,1,2023-07-29,USD,RECEIVED
16621,PO-0016621,7,7,2026-07-17,USD,PARTIAL
16622,PO-0016622,274,3,2026-06-27,USD,PARTIAL
16623,PO-0016623,386,8,2023-02-19,USD,RECEIVED
16624,PO-0016624,480,3,2024-12-19,USD,RECEIVED
16625,PO-0016625,218,9,2025-05-03,USD,RECEIVED
16626,PO-0016626,314,3,2025-08-26,USD,OPEN
16627,PO-0016627,326,9,2024-06-01,USD,CANCELLED
16628,PO-0016628,69,11,2025-11-17,USD,RECEIVED
16629,PO-0016629,136,2,2024-06-23,USD,RECEIVED
16630,PO-0016630,211,1,2025-03-03,USD,RECEIVED
16631,PO-0016631,305,11,2023-08-14,USD,RECEIVED
16632,PO-0016632,452,1,2025-03-04,USD,RECEIVED
16633,PO-0016633,33,4,2023-10-06,USD,CANCELLED
16634,PO-0016634,44,4,2026-04-10,USD,RECEIVED
16635,PO-0016635,5,9,2025-10-19,USD,RECEIVED
16636,PO-0016636,45,11,2023-04-24,USD,OPEN
16637,PO-0016637,341,5,2023-10-12,USD,RECEIVED
16638,PO-0016638,217,1,2025-07-04,USD,RECEIVED
16639,PO-0016639,90,3,2023-06-21,USD,RECEIVED
16640,PO-0016640,225,5,2025-09-09,USD,RECEIVED
16641,PO-0016641,79,11,2023-01-13,USD,RECEIVED
16642,PO-0016642,117,9,2024-05-19,USD,OPEN
16643,PO-0016643,262,8,2025-08-17,USD,RECEIVED
16644,PO-0016644,33,2,2024-02-24,USD,RECEIVED
16645,PO-0016645,202,1,2024-01-02,USD,RECEIVED
16646,PO-0016646,197,9,2024-12-21,USD,RECEIVED
16647,PO-0016647,434,8,2024-08-16,USD,RECEIVED
16648,PO-0016648,318,7,2025-11-13,USD,RECEIVED
16649,PO-0016649,422,7,2024-10-04,USD,RECEIVED
16650,PO-0016650,92,5,2023-04-29,USD,CANCELLED
16651,PO-0016651,81,4,2024-03-07,USD,RECEIVED
16652,PO-0016652,195,9,2023-07-25,USD,RECEIVED
16653,PO-0016653,303,3,2025-04-14,USD,RECEIVED
16654,PO-0016654,418,9,2026-01-15,USD,RECEIVED
16655,PO-0016655,260,9,2024-11-06,USD,RECEIVED
16656,PO-0016656,302,12,2024-03-30,USD,RECEIVED
16657,PO-0016657,130,7,2025-05-28,USD,CANCELLED
16658,PO-0016658,346,11,2023-05-03,USD,RECEIVED
16659,PO-0016659,73,8,2024-08-21,USD,RECEIVED
16660,PO-0016660,278,8,2023-04-28,USD,RECEIVED
16661,PO-0016661,266,11,2025-03-19,USD,RECEIVED
16662,PO-0016662,56,11,2024-05-21,USD,OPEN
16663,PO-0016663,131,11,2025-02-12,USD,RECEIVED
16664,PO-0016664,83,11,2023-11-26,USD,OPEN
16665,PO-0016665,364,9,2026-06-20,USD,RECEIVED
16666,PO-0016666,61,1,2026-04-17,USD,RECEIVED
16667,PO-0016667,74,5,2023-10-06,USD,RECEIVED
16668,PO-0016668,474,11,2024-02-05,USD,RECEIVED
16669,PO-0016669,394,11,2024-03-15,USD,RECEIVED
16670,PO-0016670,351,2,2023-04-24,USD,RECEIVED
16671,PO-0016671,164,3,2026-03-28,USD,PARTIAL
16672,PO-0016672,34,7,2026-09-03,USD,RECEIVED
16673,PO-0016673,425,6,2026-03-26,USD,RECEIVED
16674,PO-0016674,43,2,2026-04-27,USD,RECEIVED
16675,PO-0016675,395,2,2025-09-01,USD,RECEIVED
16676,PO-0016676,389,6,2025-11-03,USD,RECEIVED
16677,PO-0016677,57,11,2025-09-17,USD,RECEIVED
16678,PO-0016678,334,2,2023-01-01,USD,RECEIVED
16679,PO-0016679,28,1,2026-08-23,USD,RECEIVED
16680,PO-0016680,253,6,2026-09-22,USD,PARTIAL
16681,PO-0016681,472,9,2025-07-11,USD,RECEIVED
16682,PO-0016682,453,3,2025-12-15,USD,OPEN
16683,PO-0016683,137,12,2025-05-01,USD,CANCELLED
16684,PO-0016684,123,4,2023-10-28,USD,RECEIVED
16685,PO-0016685,231,6,2024-10-28,USD,RECEIVED
16686,PO-0016686,170,6,2025-07-17,USD,RECEIVED
16687,PO-0016687,245,10,2025-07-01,USD,RECEIVED
16688,PO-0016688,466,4,2026-05-31,USD,RECEIVED
16689,PO-0016689,483,1,2024-04-10,USD,RECEIVED
16690,PO-0016690,128,2,2023-05-31,USD,RECEIVED
16691,PO-0016691,355,11,2026-04-24,USD,RECEIVED
16692,PO-0016692,491,10,2025-08-05,USD,OPEN
16693,PO-0016693,237,2,2024-07-09,USD,RECEIVED
16694,PO-0016694,383,12,2023-06-25,USD,CANCELLED
16695,PO-0016695,294,2,2023-08-19,USD,RECEIVED
16696,PO-0016696,326,10,2025-08-11,USD,PARTIAL
16697,PO-0016697,305,10,2023-07-12,USD,RECEIVED
16698,PO-0016698,28,12,2026-09-16,USD,RECEIVED
16699,PO-0016699,235,8,2026-07-06,USD,RECEIVED
16700,PO-0016700,489,7,2023-12-27,USD,RECEIVED
16701,PO-0016701,58,3,2024-04-29,USD,OPEN
16702,PO-0016702,41,6,2024-12-11,USD,RECEIVED
16703,PO-0016703,462,2,2025-10-05,USD,RECEIVED
16704,PO-0016704,21,2,2024-01-29,USD,RECEIVED
16705,PO-0016705,340,5,2026-08-03,USD,RECEIVED
16706,PO-0016706,273,6,2023-01-21,USD,RECEIVED
16707,PO-0016707,160,12,2026-08-24,USD,RECEIVED
16708,PO-0016708,402,11,2024-03-16,USD,RECEIVED
16709,PO-0016709,262,11,2026-02-14,USD,RECEIVED
16710,PO-0016710,94,10,2025-11-23,USD,RECEIVED
16711,PO-0016711,147,5,2023-07-10,USD,RECEIVED
16712,PO-0016712,290,3,2025-12-27,USD,RECEIVED
16713,PO-0016713,482,3,2024-05-27,USD,RECEIVED
16714,PO-0016714,93,10,2025-09-08,USD,PARTIAL
16715,PO-0016715,297,12,2023-01-04,USD,CANCELLED
16716,PO-0016716,110,5,2024-09-11,USD,RECEIVED
16717,PO-0016717,64,1,2023-06-11,USD,RECEIVED
16718,PO-0016718,323,8,2025-01-16,USD,RECEIVED
16719,PO-0016719,352,1,2026-05-07,USD,RECEIVED
16720,PO-0016720,453,11,2023-12-12,USD,RECEIVED
16721,PO-0016721,345,7,2024-02-25,USD,PARTIAL
16722,PO-0016722,453,7,2023-12-17,USD,RECEIVED
16723,PO-0016723,128,8,2025-08-23,USD,RECEIVED
16724,PO-0016724,476,8,2026-01-03,USD,PARTIAL
16725,PO-0016725,378,3,2024-08-19,USD,RECEIVED
16726,PO-0016726,277,4,2024-02-04,USD,RECEIVED
16727,PO-0016727,208,8,2023-02-01,USD,CANCELLED
16728,PO-0016728,109,8,2024-11-22,USD,RECEIVED
16729,PO-0016729,217,1,2023-01-23,USD,RECEIVED
16730,PO-0016730,381,10,2023-08-27,USD,RECEIVED
16731,PO-0016731,160,6,2024-02-25,USD,RECEIVED
16732,PO-0016732,205,12,2023-09-29,USD,OPEN
16733,PO-0016733,7,2,2023-03-18,USD,RECEIVED
16734,PO-0016734,247,3,2023-12-28,USD,RECEIVED
16735,PO-0016735,33,4,2024-11-12,USD,RECEIVED
16736,PO-0016736,296,11,2023-08-04,USD,RECEIVED
16737,PO-0016737,412,4,2025-08-15,USD,OPEN
16738,PO-0016738,475,10,2024-11-20,USD,RECEIVED
16739,PO-0016739,151,9,2023-10-19,USD,CANCELLED
16740,PO-0016740,69,3,2023-07-06,USD,RECEIVED
16741,PO-0016741,75,3,2023-07-31,USD,RECEIVED
16742,PO-0016742,164,8,2026-05-01,USD,CANCELLED
16743,PO-0016743,180,6,2026-02-21,USD,PARTIAL
16744,PO-0016744,318,8,2024-06-16,USD,RECEIVED
16745,PO-0016745,315,11,2025-02-08,USD,RECEIVED
16746,PO-0016746,132,4,2026-05-30,USD,PARTIAL
16747,PO-0016747,322,4,2024-04-26,USD,RECEIVED
16748,PO-0016748,472,10,2024-06-20,USD,RECEIVED
16749,PO-0016749,245,10,2026-04-02,USD,OPEN
16750,PO-0016750,54,7,2025-02-01,USD,RECEIVED
16751,PO-0016751,265,1,2023-04-01,USD,RECEIVED
16752,PO-0016752,265,12,2024-02-05,USD,RECEIVED
16753,PO-0016753,82,7,2026-05-19,USD,RECEIVED
16754,PO-0016754,484,12,2024-04-08,USD,CANCELLED
16755,PO-0016755,183,1,2026-08-27,USD,CANCELLED
16756,PO-0016756,72,6,2025-09-23,USD,OPEN
16757,PO-0016757,50,3,2023-11-22,USD,RECEIVED
16758,PO-0016758,67,8,2024-01-11,USD,RECEIVED
16759,PO-0016759,63,7,2023-10-09,USD,RECEIVED
16760,PO-0016760,394,3,2025-12-19,USD,RECEIVED
16761,PO-0016761,264,4,2025-01-29,USD,RECEIVED
16762,PO-0016762,52,6,2023-03-09,USD,RECEIVED
16763,PO-0016763,124,8,2024-07-31,USD,RECEIVED
16764,PO-0016764,203,2,2025-05-12,USD,RECEIVED
16765,PO-0016765,317,2,2026-01-06,USD,RECEIVED
16766,PO-0016766,4,5,2023-06-21,USD,RECEIVED
16767,PO-0016767,453,9,2024-01-04,USD,RECEIVED
16768,PO-0016768,143,2,2025-04-26,USD,RECEIVED
16769,PO-0016769,32,5,2023-09-20,USD,OPEN
16770,PO-0016770,154,7,2024-03-27,USD,RECEIVED
16771,PO-0016771,140,2,2024-04-27,USD,RECEIVED
16772,PO-0016772,265,11,2024-07-08,USD,RECEIVED
16773,PO-0016773,22,8,2025-12-30,USD,RECEIVED
16774,PO-0016774,78,10,2024-06-24,USD,RECEIVED
16775,PO-0016775,476,6,2025-09-01,USD,RECEIVED
16776,PO-0016776,339,3,2023-10-26,USD,RECEIVED
16777,PO-0016777,272,1,2025-05-07,USD,RECEIVED
16778,PO-0016778,26,12,2024-09-23,USD,RECEIVED
16779,PO-0016779,144,2,2024-01-30,USD,RECEIVED
16780,PO-0016780,465,12,2025-01-23,USD,RECEIVED
16781,PO-0016781,83,12,2023-05-19,USD,RECEIVED
16782,PO-0016782,304,6,2024-05-21,USD,PARTIAL
16783,PO-0016783,79,5,2023-12-20,USD,RECEIVED
16784,PO-0016784,413,6,2026-03-26,USD,RECEIVED
16785,PO-0016785,19,6,2023-04-27,USD,RECEIVED
16786,PO-0016786,369,2,2026-03-28,USD,OPEN
16787,PO-0016787,314,8,2024-12-09,USD,RECEIVED
16788,PO-0016788,112,3,2023-11-02,USD,OPEN
16789,PO-0016789,460,1,2024-01-08,USD,RECEIVED
16790,PO-0016790,279,8,2024-10-18,USD,RECEIVED
16791,PO-0016791,136,12,2024-01-24,USD,OPEN
16792,PO-0016792,130,3,2024-03-23,USD,RECEIVED
16793,PO-0016793,241,2,2023-10-04,USD,RECEIVED
16794,PO-0016794,375,2,2024-11-12,USD,RECEIVED
16795,PO-0016795,381,8,2026-07-27,USD,RECEIVED
16796,PO-0016796,135,8,2025-05-09,USD,RECEIVED
16797,PO-0016797,496,1,2023-10-17,USD,PARTIAL
16798,PO-0016798,396,10,2024-01-10,USD,RECEIVED
16799,PO-0016799,104,8,2024-01-08,USD,PARTIAL
16800,PO-0016800,108,8,2024-09-18,USD,RECEIVED
16801,PO-0016801,94,8,2023-02-27,USD,RECEIVED
16802,PO-0016802,151,10,2024-04-07,USD,RECEIVED
16803,PO-0016803,421,1,2025-08-30,USD,RECEIVED
16804,PO-0016804,129,10,2025-09-08,USD,RECEIVED
16805,PO-0016805,136,1,2024-01-04,USD,RECEIVED
16806,PO-0016806,11,1,2023-07-09,USD,PARTIAL
16807,PO-0016807,81,9,2026-02-02,USD,RECEIVED
16808,PO-0016808,311,10,2026-01-02,USD,CANCELLED
16809,PO-0016809,296,10,2024-01-14,USD,CANCELLED
16810,PO-0016810,201,1,2026-01-20,USD,RECEIVED
16811,PO-0016811,130,10,2024-11-02,USD,RECEIVED
16812,PO-0016812,456,1,2024-09-11,USD,RECEIVED
16813,PO-0016813,223,4,2026-07-03,USD,RECEIVED
16814,PO-0016814,291,3,2026-03-01,USD,OPEN
16815,PO-0016815,237,12,2023-02-07,USD,RECEIVED
16816,PO-0016816,103,9,2024-10-31,USD,RECEIVED
16817,PO-0016817,205,2,2024-12-19,USD,RECEIVED
16818,PO-0016818,352,6,2023-05-28,USD,RECEIVED
16819,PO-0016819,368,2,2023-09-10,USD,RECEIVED
16820,PO-0016820,96,1,2023-05-09,USD,RECEIVED
16821,PO-0016821,147,6,2025-08-07,USD,RECEIVED
16822,PO-0016822,87,9,2023-04-05,USD,RECEIVED
16823,PO-0016823,47,12,2025-12-25,USD,RECEIVED
16824,PO-0016824,203,6,2024-02-12,USD,OPEN
16825,PO-0016825,220,5,2024-05-28,USD,CANCELLED
16826,PO-0016826,82,12,2025-01-28,USD,RECEIVED
16827,PO-0016827,285,11,2025-04-08,USD,RECEIVED
16828,PO-0016828,261,11,2024-03-14,USD,RECEIVED
16829,PO-0016829,148,8,2024-11-13,USD,RECEIVED
16830,PO-0016830,116,6,2024-06-15,USD,PARTIAL
16831,PO-0016831,303,9,2024-09-09,USD,RECEIVED
16832,PO-0016832,60,2,2023-08-15,USD,RECEIVED
16833,PO-0016833,363,10,2023-10-12,USD,OPEN
16834,PO-0016834,490,9,2023-10-16,USD,CANCELLED
16835,PO-0016835,484,9,2025-05-07,USD,RECEIVED
16836,PO-0016836,224,9,2024-04-28,USD,RECEIVED
16837,PO-0016837,11,4,2024-08-29,USD,RECEIVED
16838,PO-0016838,302,12,2024-11-02,USD,RECEIVED
16839,PO-0016839,84,10,2023-06-15,USD,RECEIVED
16840,PO-0016840,387,3,2026-07-12,USD,RECEIVED
16841,PO-0016841,138,7,2024-05-07,USD,RECEIVED
16842,PO-0016842,440,7,2025-01-08,USD,RECEIVED
16843,PO-0016843,270,8,2025-05-25,USD,RECEIVED
16844,PO-0016844,287,11,2024-08-06,USD,RECEIVED
16845,PO-0016845,96,2,2023-06-19,USD,RECEIVED
16846,PO-0016846,321,9,2023-12-08,USD,RECEIVED
16847,PO-0016847,363,7,2024-04-28,USD,RECEIVED
16848,PO-0016848,130,7,2023-10-13,USD,RECEIVED
16849,PO-0016849,50,1,2025-10-12,USD,RECEIVED
16850,PO-0016850,413,4,2026-09-28,USD,PARTIAL
16851,PO-0016851,5,4,2025-09-17,USD,OPEN
16852,PO-0016852,489,5,2025-12-12,USD,RECEIVED
16853,PO-0016853,265,3,2025-05-24,USD,RECEIVED
16854,PO-0016854,182,10,2024-12-05,USD,RECEIVED
16855,PO-0016855,101,10,2026-04-04,USD,PARTIAL
16856,PO-0016856,230,2,2026-07-03,USD,RECEIVED
16857,PO-0016857,201,7,2023-04-21,USD,RECEIVED
16858,PO-0016858,43,3,2025-01-08,USD,RECEIVED
16859,PO-0016859,296,5,2026-07-27,USD,RECEIVED
16860,PO-0016860,459,7,2025-09-21,USD,OPEN
16861,PO-0016861,338,8,2025-04-05,USD,RECEIVED
16862,PO-0016862,199,4,2026-03-07,USD,RECEIVED
16863,PO-0016863,298,2,2024-07-10,USD,PARTIAL
16864,PO-0016864,124,1,2026-07-17,USD,RECEIVED
16865,PO-0016865,156,6,2023-07-24,USD,RECEIVED
16866,PO-0016866,274,12,2026-06-25,USD,CANCELLED
16867,PO-0016867,372,8,2024-11-13,USD,RECEIVED
16868,PO-0016868,316,2,2024-07-26,USD,CANCELLED
16869,PO-0016869,326,4,2024-07-11,USD,OPEN
16870,PO-0016870,319,10,2026-02-18,USD,RECEIVED
16871,PO-0016871,289,9,2025-11-13,USD,RECEIVED
16872,PO-0016872,180,3,2024-05-22,USD,RECEIVED
16873,PO-0016873,312,9,2023-03-22,USD,RECEIVED
16874,PO-0016874,346,10,2025-06-20,USD,RECEIVED
16875,PO-0016875,353,12,2025-04-04,USD,CANCELLED
16876,PO-0016876,118,6,2024-09-03,USD,RECEIVED
16877,PO-0016877,281,2,2024-11-08,USD,RECEIVED
16878,PO-0016878,324,10,2025-08-11,USD,RECEIVED
16879,PO-0016879,265,4,2023-05-04,USD,RECEIVED
16880,PO-0016880,299,10,2023-09-29,USD,RECEIVED
16881,PO-0016881,156,8,2026-01-08,USD,CANCELLED
16882,PO-0016882,89,1,2023-01-23,USD,RECEIVED
16883,PO-0016883,467,11,2026-08-29,USD,RECEIVED
16884,PO-0016884,305,7,2026-05-15,USD,RECEIVED
16885,PO-0016885,41,9,2025-12-20,USD,RECEIVED
16886,PO-0016886,191,9,2023-05-27,USD,RECEIVED
16887,PO-0016887,177,1,2023-07-04,USD,RECEIVED
16888,PO-0016888,240,8,2026-02-26,USD,RECEIVED
16889,PO-0016889,316,12,2023-12-15,USD,RECEIVED
16890,PO-0016890,200,4,2024-06-27,USD,RECEIVED
16891,PO-0016891,345,6,2024-02-04,USD,PARTIAL
16892,PO-0016892,295,11,2023-02-13,USD,PARTIAL
16893,PO-0016893,394,3,2025-09-22,USD,CANCELLED
16894,PO-0016894,137,5,2025-09-23,USD,RECEIVED
16895,PO-0016895,485,7,2024-03-22,USD,RECEIVED
16896,PO-0016896,66,8,2025-02-21,USD,OPEN
16897,PO-0016897,317,2,2023-12-14,USD,RECEIVED
16898,PO-0016898,310,12,2024-02-19,USD,RECEIVED
16899,PO-0016899,381,7,2025-06-24,USD,RECEIVED
16900,PO-0016900,293,6,2023-01-14,USD,PARTIAL
16901,PO-0016901,496,4,2023-06-05,USD,RECEIVED
16902,PO-0016902,6,6,2025-07-03,USD,RECEIVED
16903,PO-0016903,200,2,2023-12-17,USD,RECEIVED
16904,PO-0016904,152,6,2026-03-23,USD,RECEIVED
16905,PO-0016905,307,9,2025-11-15,USD,RECEIVED
16906,PO-0016906,197,12,2023-03-25,USD,RECEIVED
16907,PO-0016907,185,9,2023-09-23,USD,CANCELLED
16908,PO-0016908,440,11,2024-11-27,USD,RECEIVED
16909,PO-0016909,256,11,2026-06-18,USD,RECEIVED
16910,PO-0016910,356,9,2025-04-27,USD,CANCELLED
16911,PO-0016911,225,6,2025-09-26,USD,RECEIVED
16912,PO-0016912,292,8,2024-04-30,USD,CANCELLED
16913,PO-0016913,223,7,2026-04-01,USD,CANCELLED
16914,PO-0016914,394,1,2026-07-21,USD,RECEIVED
16915,PO-0016915,207,2,2024-03-09,USD,CANCELLED
16916,PO-0016916,24,6,2023-04-02,USD,OPEN
16917,PO-0016917,464,11,2026-07-28,USD,RECEIVED
16918,PO-0016918,203,6,2025-04-08,USD,RECEIVED
16919,PO-0016919,368,11,2026-08-30,USD,RECEIVED
16920,PO-0016920,353,5,2026-08-01,USD,PARTIAL
16921,PO-0016921,362,10,2025-05-05,USD,RECEIVED
16922,PO-0016922,362,7,2023-08-01,USD,CANCELLED
16923,PO-0016923,181,12,2025-10-26,USD,RECEIVED
16924,PO-0016924,387,3,2024-08-07,USD,CANCELLED
16925,PO-0016925,371,4,2026-08-31,USD,RECEIVED
16926,PO-0016926,398,7,2026-03-27,USD,RECEIVED
16927,PO-0016927,354,9,2023-11-17,USD,RECEIVED
16928,PO-0016928,442,11,2023-12-25,USD,RECEIVED
16929,PO-0016929,202,11,2026-01-16,USD,RECEIVED
16930,PO-0016930,300,10,2025-12-26,USD,RECEIVED
16931,PO-0016931,143,8,2024-03-07,USD,OPEN
16932,PO-0016932,460,1,2024-08-29,USD,RECEIVED
16933,PO-0016933,68,12,2024-09-03,USD,OPEN
16934,PO-0016934,265,7,2023-05-16,USD,RECEIVED
16935,PO-0016935,132,12,2023-05-20,USD,RECEIVED
16936,PO-0016936,212,10,2024-08-12,USD,RECEIVED
16937,PO-0016937,172,2,2025-06-01,USD,RECEIVED
16938,PO-0016938,316,5,2023-07-30,USD,RECEIVED
16939,PO-0016939,64,2,2025-08-29,USD,RECEIVED
16940,PO-0016940,241,4,2025-08-25,USD,RECEIVED
16941,PO-0016941,136,12,2024-12-07,USD,PARTIAL
16942,PO-0016942,13,10,2024-04-19,USD,RECEIVED
16943,PO-0016943,394,1,2025-06-09,USD,CANCELLED
16944,PO-0016944,66,11,2024-07-19,USD,RECEIVED
16945,PO-0016945,395,8,2023-04-13,USD,RECEIVED
16946,PO-0016946,488,12,2026-02-06,USD,RECEIVED
16947,PO-0016947,153,3,2024-07-05,USD,RECEIVED
16948,PO-0016948,361,6,2026-03-16,USD,RECEIVED
16949,PO-0016949,253,12,2024-05-21,USD,PARTIAL
16950,PO-0016950,167,5,2025-10-13,USD,RECEIVED
16951,PO-0016951,289,2,2024-01-02,USD,RECEIVED
16952,PO-0016952,239,1,2023-10-27,USD,RECEIVED
16953,PO-0016953,265,10,2024-04-01,USD,RECEIVED
16954,PO-0016954,387,4,2024-05-16,USD,RECEIVED
16955,PO-0016955,276,10,2025-05-23,USD,RECEIVED
16956,PO-0016956,477,6,2023-10-10,USD,RECEIVED
16957,PO-0016957,254,11,2024-08-01,USD,RECEIVED
16958,PO-0016958,397,9,2026-02-16,USD,RECEIVED
16959,PO-0016959,207,10,2024-01-13,USD,RECEIVED
16960,PO-0016960,372,5,2024-03-11,USD,RECEIVED
16961,PO-0016961,390,10,2025-02-01,USD,PARTIAL
16962,PO-0016962,447,3,2024-12-03,USD,RECEIVED
16963,PO-0016963,469,7,2025-06-06,USD,RECEIVED
16964,PO-0016964,384,11,2025-01-29,USD,CANCELLED
16965,PO-0016965,122,10,2025-02-05,USD,RECEIVED
16966,PO-0016966,401,1,2025-10-17,USD,RECEIVED
16967,PO-0016967,183,11,2024-10-19,USD,RECEIVED
16968,PO-0016968,347,9,2024-02-20,USD,RECEIVED
16969,PO-0016969,438,6,2024-02-27,USD,RECEIVED
16970,PO-0016970,500,9,2024-09-11,USD,RECEIVED
16971,PO-0016971,207,3,2026-08-03,USD,RECEIVED
16972,PO-0016972,237,9,2025-12-24,USD,RECEIVED
16973,PO-0016973,30,10,2024-12-11,USD,OPEN
16974,PO-0016974,330,2,2023-04-27,USD,RECEIVED
16975,PO-0016975,114,1,2024-08-10,USD,RECEIVED
16976,PO-0016976,302,11,2025-04-21,USD,RECEIVED
16977,PO-0016977,300,11,2024-08-31,USD,RECEIVED
16978,PO-0016978,168,1,2024-04-15,USD,RECEIVED
16979,PO-0016979,64,6,2023-09-27,USD,RECEIVED
16980,PO-0016980,43,8,2023-09-05,USD,RECEIVED
16981,PO-0016981,255,12,2025-07-19,USD,RECEIVED
16982,PO-0016982,203,7,2026-09-07,USD,RECEIVED
16983,PO-0016983,272,2,2026-09-17,USD,OPEN
16984,PO-0016984,221,9,2023-06-21,USD,RECEIVED
16985,PO-0016985,61,5,2024-08-26,USD,RECEIVED
16986,PO-0016986,107,5,2024-04-13,USD,CANCELLED
16987,PO-0016987,276,7,2026-06-10,USD,RECEIVED
16988,PO-0016988,261,2,2024-11-21,USD,RECEIVED
16989,PO-0016989,374,2,2023-11-08,USD,PARTIAL
16990,PO-0016990,272,1,2025-06-15,USD,PARTIAL
16991,PO-0016991,398,11,2026-05-31,USD,CANCELLED
16992,PO-0016992,300,4,2024-04-24,USD,RECEIVED
16993,PO-0016993,113,3,2025-04-29,USD,RECEIVED
16994,PO-0016994,265,11,2026-04-27,USD,RECEIVED
16995,PO-0016995,392,3,2024-05-31,USD,RECEIVED
16996,PO-0016996,363,7,2025-04-17,USD,RECEIVED
16997,PO-0016997,98,12,2023-11-12,USD,RECEIVED
16998,PO-0016998,297,3,2024-06-10,USD,CANCELLED
16999,PO-0016999,159,6,2023-10-15,USD,RECEIVED
17000,PO-0017000,11,4,2023-10-25,USD,RECEIVED
17001,PO-0017001,96,3,2023-09-01,USD,PARTIAL
17002,PO-0017002,146,12,2023-08-21,USD,RECEIVED
17003,PO-0017003,92,2,2026-09-27,USD,CANCELLED
17004,PO-0017004,402,3,2023-11-05,USD,RECEIVED
17005,PO-0017005,223,1,2026-07-09,USD,OPEN
17006,PO-0017006,476,9,2023-07-12,USD,CANCELLED
17007,PO-0017007,116,3,2026-04-24,USD,RECEIVED
17008,PO-0017008,204,6,2026-07-11,USD,RECEIVED
17009,PO-0017009,463,1,2023-03-25,USD,RECEIVED
17010,PO-0017010,453,2,2026-04-22,USD,PARTIAL
17011,PO-0017011,482,12,2023-12-06,USD,RECEIVED
17012,PO-0017012,292,6,2025-07-01,USD,RECEIVED
17013,PO-0017013,441,10,2026-07-21,USD,RECEIVED
17014,PO-0017014,346,1,2023-07-16,USD,CANCELLED
17015,PO-0017015,100,11,2025-08-04,USD,RECEIVED
17016,PO-0017016,298,7,2023-11-27,USD,CANCELLED
17017,PO-0017017,355,7,2025-11-21,USD,RECEIVED
17018,PO-0017018,462,9,2026-03-04,USD,RECEIVED
17019,PO-0017019,350,4,2025-05-25,USD,RECEIVED
17020,PO-0017020,456,2,2024-06-19,USD,RECEIVED
17021,PO-0017021,438,6,2025-03-15,USD,RECEIVED
17022,PO-0017022,244,3,2023-10-01,USD,RECEIVED
17023,PO-0017023,485,8,2026-01-28,USD,RECEIVED
17024,PO-0017024,104,11,2026-05-15,USD,RECEIVED
17025,PO-0017025,163,12,2024-03-29,USD,RECEIVED
17026,PO-0017026,61,1,2023-07-29,USD,RECEIVED
17027,PO-0017027,42,3,2023-11-09,USD,PARTIAL
17028,PO-0017028,336,7,2024-02-11,USD,RECEIVED
17029,PO-0017029,131,1,2026-01-27,USD,RECEIVED
17030,PO-0017030,289,1,2026-03-03,USD,RECEIVED
17031,PO-0017031,451,5,2025-04-17,USD,PARTIAL
17032,PO-0017032,70,3,2025-05-03,USD,RECEIVED
17033,PO-0017033,228,8,2023-04-15,USD,PARTIAL
17034,PO-0017034,37,4,2024-05-13,USD,RECEIVED
17035,PO-0017035,479,12,2026-08-07,USD,RECEIVED
17036,PO-0017036,268,1,2025-09-21,USD,PARTIAL
17037,PO-0017037,280,11,2025-05-15,USD,PARTIAL
17038,PO-0017038,480,11,2025-08-01,USD,RECEIVED
17039,PO-0017039,356,7,2024-07-19,USD,PARTIAL
17040,PO-0017040,445,10,2024-08-30,USD,CANCELLED
17041,PO-0017041,278,7,2025-05-13,USD,RECEIVED
17042,PO-0017042,61,4,2024-08-15,USD,PARTIAL
17043,PO-0017043,86,2,2024-12-10,USD,RECEIVED
17044,PO-0017044,181,5,2026-07-13,USD,OPEN
17045,PO-0017045,471,2,2023-10-26,USD,RECEIVED
17046,PO-0017046,489,6,2024-12-21,USD,CANCELLED
17047,PO-0017047,459,3,2026-03-13,USD,RECEIVED
17048,PO-0017048,261,3,2024-08-08,USD,RECEIVED
17049,PO-0017049,472,3,2024-10-13,USD,RECEIVED
17050,PO-0017050,248,2,2024-02-29,USD,RECEIVED
17051,PO-0017051,124,2,2023-07-28,USD,RECEIVED
17052,PO-0017052,497,7,2024-07-15,USD,RECEIVED
17053,PO-0017053,78,8,2024-01-05,USD,PARTIAL
17054,PO-0017054,364,8,2025-01-12,USD,RECEIVED
17055,PO-0017055,168,1,2023-04-08,USD,CANCELLED
17056,PO-0017056,463,12,2023-01-09,USD,RECEIVED
17057,PO-0017057,141,12,2023-05-24,USD,OPEN
17058,PO-0017058,59,11,2026-08-06,USD,RECEIVED
17059,PO-0017059,437,9,2023-02-21,USD,CANCELLED
17060,PO-0017060,111,12,2023-06-10,USD,RECEIVED
17061,PO-0017061,422,1,2026-02-13,USD,OPEN
17062,PO-0017062,64,5,2023-04-09,USD,RECEIVED
17063,PO-0017063,285,9,2024-03-17,USD,RECEIVED
17064,PO-0017064,51,12,2024-12-06,USD,RECEIVED
17065,PO-0017065,87,3,2023-08-04,USD,RECEIVED
17066,PO-0017066,249,1,2026-02-20,USD,RECEIVED
17067,PO-0017067,203,3,2026-10-01,USD,RECEIVED
17068,PO-0017068,120,8,2026-01-09,USD,CANCELLED
17069,PO-0017069,119,7,2024-11-19,USD,OPEN
17070,PO-0017070,306,8,2024-02-14,USD,CANCELLED
17071,PO-0017071,2,3,2024-06-06,USD,RECEIVED
17072,PO-0017072,398,3,2024-01-16,USD,RECEIVED
17073,PO-0017073,297,6,2026-01-04,USD,RECEIVED
17074,PO-0017074,110,2,2023-05-19,USD,CANCELLED
17075,PO-0017075,496,6,2024-12-16,USD,RECEIVED
17076,PO-0017076,186,8,2025-08-20,USD,CANCELLED
17077,PO-0017077,65,10,2026-04-24,USD,RECEIVED
17078,PO-0017078,284,8,2023-10-08,USD,PARTIAL
17079,PO-0017079,106,9,2023-12-25,USD,RECEIVED
17080,PO-0017080,188,1,2026-06-04,USD,RECEIVED
17081,PO-0017081,59,11,2024-10-16,USD,RECEIVED
17082,PO-0017082,441,11,2024-07-02,USD,CANCELLED
17083,PO-0017083,338,1,2026-01-23,USD,PARTIAL
17084,PO-0017084,91,10,2024-01-03,USD,OPEN
17085,PO-0017085,29,10,2023-03-26,USD,PARTIAL
17086,PO-0017086,425,9,2024-09-10,USD,RECEIVED
17087,PO-0017087,328,6,2025-04-01,USD,RECEIVED
17088,PO-0017088,47,8,2023-03-25,USD,RECEIVED
17089,PO-0017089,186,2,2024-10-25,USD,RECEIVED
17090,PO-0017090,4,12,2025-06-18,USD,RECEIVED
17091,PO-0017091,437,4,2026-01-30,USD,RECEIVED
17092,PO-0017092,67,12,2025-02-20,USD,RECEIVED
17093,PO-0017093,475,10,2026-07-10,USD,RECEIVED
17094,PO-0017094,46,6,2026-02-22,USD,RECEIVED
17095,PO-0017095,301,10,2025-04-26,USD,OPEN
17096,PO-0017096,5,8,2025-06-05,USD,PARTIAL
17097,PO-0017097,275,5,2024-06-08,USD,RECEIVED
17098,PO-0017098,339,6,2024-02-01,USD,RECEIVED
17099,PO-0017099,374,8,2025-03-18,USD,CANCELLED
17100,PO-0017100,417,4,2025-07-28,USD,RECEIVED
17101,PO-0017101,316,8,2023-01-14,USD,RECEIVED
17102,PO-0017102,380,2,2023-10-07,USD,RECEIVED
17103,PO-0017103,398,2,2025-06-30,USD,CANCELLED
17104,PO-0017104,10,12,2026-04-30,USD,RECEIVED
17105,PO-0017105,151,8,2023-04-26,USD,RECEIVED
17106,PO-0017106,434,9,2025-11-06,USD,RECEIVED
17107,PO-0017107,493,7,2025-03-28,USD,OPEN
17108,PO-0017108,355,10,2025-10-10,USD,RECEIVED
17109,PO-0017109,212,10,2025-09-30,USD,PARTIAL
17110,PO-0017110,299,9,2026-01-10,USD,RECEIVED
17111,PO-0017111,57,12,2024-11-16,USD,RECEIVED
17112,PO-0017112,231,2,2023-10-19,USD,PARTIAL
17113,PO-0017113,320,9,2025-07-12,USD,RECEIVED
17114,PO-0017114,121,2,2026-08-30,USD,RECEIVED
17115,PO-0017115,130,1,2026-07-23,USD,RECEIVED
17116,PO-0017116,122,11,2026-01-25,USD,RECEIVED
17117,PO-0017117,195,8,2026-01-12,USD,OPEN
17118,PO-0017118,194,6,2023-11-10,USD,RECEIVED
17119,PO-0017119,48,3,2026-09-29,USD,RECEIVED
17120,PO-0017120,118,6,2024-11-05,USD,RECEIVED
17121,PO-0017121,182,11,2023-07-11,USD,RECEIVED
17122,PO-0017122,347,10,2023-09-10,USD,PARTIAL
17123,PO-0017123,480,10,2023-08-08,USD,RECEIVED
17124,PO-0017124,64,11,2026-06-16,USD,RECEIVED
17125,PO-0017125,418,9,2026-03-10,USD,CANCELLED
17126,PO-0017126,393,12,2025-05-15,USD,CANCELLED
17127,PO-0017127,179,10,2025-04-02,USD,CANCELLED
17128,PO-0017128,157,8,2024-07-01,USD,RECEIVED
17129,PO-0017129,381,2,2025-11-03,USD,RECEIVED
17130,PO-0017130,69,7,2023-05-26,USD,RECEIVED
17131,PO-0017131,414,6,2024-01-16,USD,RECEIVED
17132,PO-0017132,379,9,2025-04-29,USD,OPEN
17133,PO-0017133,301,11,2023-09-22,USD,RECEIVED
17134,PO-0017134,179,10,2023-05-13,USD,RECEIVED
17135,PO-0017135,271,1,2024-07-24,USD,PARTIAL
17136,PO-0017136,493,6,2024-06-03,USD,RECEIVED
17137,PO-0017137,389,9,2026-08-11,USD,PARTIAL
17138,PO-0017138,37,11,2023-05-21,USD,RECEIVED
17139,PO-0017139,404,12,2024-08-29,USD,RECEIVED
17140,PO-0017140,32,12,2026-01-29,USD,RECEIVED
17141,PO-0017141,309,11,2026-03-07,USD,PARTIAL
17142,PO-0017142,122,9,2026-07-08,USD,RECEIVED
17143,PO-0017143,195,12,2023-12-21,USD,OPEN
17144,PO-0017144,229,1,2023-06-17,USD,PARTIAL
17145,PO-0017145,231,9,2026-02-01,USD,RECEIVED
17146,PO-0017146,115,4,2026-09-27,USD,CANCELLED
17147,PO-0017147,384,3,2025-01-01,USD,RECEIVED
17148,PO-0017148,325,1,2024-03-15,USD,CANCELLED
17149,PO-0017149,468,10,2026-07-26,USD,RECEIVED
17150,PO-0017150,454,9,2024-02-20,USD,PARTIAL
17151,PO-0017151,453,12,2024-03-10,USD,RECEIVED
17152,PO-0017152,280,4,2023-03-12,USD,RECEIVED
17153,PO-0017153,127,3,2024-02-10,USD,RECEIVED
17154,PO-0017154,185,9,2026-06-03,USD,RECEIVED
17155,PO-0017155,464,11,2024-03-02,USD,RECEIVED
17156,PO-0017156,455,12,2023-08-19,USD,CANCELLED
17157,PO-0017157,34,3,2025-04-13,USD,RECEIVED
17158,PO-0017158,366,9,2023-03-12,USD,RECEIVED
17159,PO-0017159,252,11,2025-10-13,USD,PARTIAL
17160,PO-0017160,358,6,2024-07-11,USD,PARTIAL
17161,PO-0017161,196,3,2025-10-21,USD,RECEIVED
17162,PO-0017162,370,8,2024-04-02,USD,RECEIVED
17163,PO-0017163,118,4,2025-12-21,USD,OPEN
17164,PO-0017164,201,7,2025-11-10,USD,RECEIVED
17165,PO-0017165,91,8,2024-02-17,USD,RECEIVED
17166,PO-0017166,164,7,2025-10-16,USD,RECEIVED
17167,PO-0017167,407,2,2023-10-04,USD,RECEIVED
17168,PO-0017168,311,10,2026-04-16,USD,RECEIVED
17169,PO-0017169,231,2,2025-12-14,USD,RECEIVED
17170,PO-0017170,420,7,2024-08-30,USD,RECEIVED
17171,PO-0017171,459,12,2025-02-16,USD,RECEIVED
17172,PO-0017172,169,8,2023-06-22,USD,RECEIVED
17173,PO-0017173,127,11,2024-01-27,USD,RECEIVED
17174,PO-0017174,293,11,2025-02-26,USD,OPEN
17175,PO-0017175,480,1,2026-01-26,USD,CANCELLED
17176,PO-0017176,319,8,2023-10-02,USD,RECEIVED
17177,PO-0017177,110,11,2024-11-11,USD,RECEIVED
17178,PO-0017178,376,2,2024-06-13,USD,CANCELLED
17179,PO-0017179,330,6,2023-11-29,USD,RECEIVED
17180,PO-0017180,248,4,2025-10-22,USD,RECEIVED
17181,PO-0017181,389,12,2024-02-27,USD,RECEIVED
17182,PO-0017182,334,2,2026-09-04,USD,RECEIVED
17183,PO-0017183,326,7,2025-06-19,USD,RECEIVED
17184,PO-0017184,447,11,2026-02-28,USD,RECEIVED
17185,PO-0017185,333,4,2024-09-02,USD,RECEIVED
17186,PO-0017186,91,6,2026-05-28,USD,OPEN
17187,PO-0017187,81,2,2024-04-08,USD,CANCELLED
17188,PO-0017188,180,11,2025-01-03,USD,CANCELLED
17189,PO-0017189,211,7,2024-01-20,USD,RECEIVED
17190,PO-0017190,60,6,2026-07-11,USD,RECEIVED
17191,PO-0017191,321,6,2025-12-06,USD,RECEIVED
17192,PO-0017192,433,11,2023-05-28,USD,RECEIVED
17193,PO-0017193,387,5,2026-05-14,USD,RECEIVED
17194,PO-0017194,181,8,2023-03-30,USD,RECEIVED
17195,PO-0017195,461,10,2024-02-24,USD,RECEIVED
17196,PO-0017196,68,8,2025-08-27,USD,RECEIVED
17197,PO-0017197,92,1,2025-04-30,USD,RECEIVED
17198,PO-0017198,154,6,2025-11-18,USD,RECEIVED
17199,PO-0017199,483,11,2025-11-21,USD,RECEIVED
17200,PO-0017200,86,4,2024-09-23,USD,RECEIVED
17201,PO-0017201,151,9,2025-01-14,USD,RECEIVED
17202,PO-0017202,226,10,2026-04-27,USD,PARTIAL
17203,PO-0017203,249,6,2025-03-05,USD,RECEIVED
17204,PO-0017204,171,9,2025-09-03,USD,OPEN
17205,PO-0017205,334,7,2025-12-20,USD,RECEIVED
17206,PO-0017206,201,6,2025-04-24,USD,RECEIVED
17207,PO-0017207,14,7,2025-02-06,USD,PARTIAL
17208,PO-0017208,387,5,2025-04-04,USD,RECEIVED
17209,PO-0017209,262,2,2025-02-21,USD,CANCELLED
17210,PO-0017210,349,1,2026-09-13,USD,RECEIVED
17211,PO-0017211,100,7,2024-03-07,USD,RECEIVED
17212,PO-0017212,123,11,2023-02-25,USD,RECEIVED
17213,PO-0017213,492,2,2025-04-10,USD,RECEIVED
17214,PO-0017214,128,3,2025-08-21,USD,RECEIVED
17215,PO-0017215,18,9,2026-07-14,USD,RECEIVED
17216,PO-0017216,276,9,2025-07-08,USD,RECEIVED
17217,PO-0017217,79,12,2025-08-06,USD,PARTIAL
17218,PO-0017218,90,11,2025-07-18,USD,RECEIVED
17219,PO-0017219,168,3,2024-12-18,USD,RECEIVED
17220,PO-0017220,159,6,2024-07-26,USD,RECEIVED
17221,PO-0017221,211,5,2023-02-15,USD,RECEIVED
17222,PO-0017222,457,4,2023-12-03,USD,OPEN
17223,PO-0017223,477,12,2024-06-05,USD,RECEIVED
17224,PO-0017224,493,7,2026-04-11,USD,RECEIVED
17225,PO-0017225,98,8,2024-02-05,USD,PARTIAL
17226,PO-0017226,48,4,2024-08-17,USD,OPEN
17227,PO-0017227,76,3,2023-02-09,USD,RECEIVED
17228,PO-0017228,158,10,2026-01-22,USD,RECEIVED
17229,PO-0017229,190,6,2026-07-17,USD,OPEN
17230,PO-0017230,360,3,2023-02-14,USD,OPEN
17231,PO-0017231,39,11,2025-06-02,USD,RECEIVED
17232,PO-0017232,307,6,2025-02-12,USD,OPEN
17233,PO-0017233,183,4,2025-11-13,USD,RECEIVED
17234,PO-0017234,434,8,2026-05-16,USD,RECEIVED
17235,PO-0017235,43,6,2025-02-04,USD,RECEIVED
17236,PO-0017236,88,9,2024-04-29,USD,CANCELLED
17237,PO-0017237,327,1,2023-05-24,USD,RECEIVED
17238,PO-0017238,191,2,2025-03-15,USD,RECEIVED
17239,PO-0017239,4,3,2025-10-23,USD,RECEIVED
17240,PO-0017240,53,7,2023-07-10,USD,PARTIAL
17241,PO-0017241,256,2,2025-12-18,USD,RECEIVED
17242,PO-0017242,133,6,2026-09-07,USD,RECEIVED
17243,PO-0017243,9,6,2024-07-29,USD,RECEIVED
17244,PO-0017244,397,12,2023-06-24,USD,RECEIVED
17245,PO-0017245,337,12,2024-06-10,USD,RECEIVED
17246,PO-0017246,103,1,2023-01-09,USD,RECEIVED
17247,PO-0017247,361,5,2024-09-26,USD,RECEIVED
17248,PO-0017248,241,7,2025-10-27,USD,RECEIVED
17249,PO-0017249,144,4,2025-03-13,USD,RECEIVED
17250,PO-0017250,320,5,2024-03-26,USD,PARTIAL
17251,PO-0017251,175,8,2023-04-22,USD,RECEIVED
17252,PO-0017252,147,1,2023-09-04,USD,RECEIVED
17253,PO-0017253,214,8,2025-08-20,USD,CANCELLED
17254,PO-0017254,165,11,2026-01-08,USD,RECEIVED
17255,PO-0017255,162,3,2025-03-14,USD,CANCELLED
17256,PO-0017256,223,7,2026-03-02,USD,OPEN
17257,PO-0017257,443,10,2024-09-24,USD,PARTIAL
17258,PO-0017258,311,8,2025-12-20,USD,RECEIVED
17259,PO-0017259,314,5,2023-12-11,USD,RECEIVED
17260,PO-0017260,347,10,2025-02-19,USD,RECEIVED
17261,PO-0017261,219,3,2024-08-16,USD,OPEN
17262,PO-0017262,58,2,2026-08-31,USD,RECEIVED
17263,PO-0017263,180,1,2023-04-19,USD,OPEN
17264,PO-0017264,216,9,2026-06-01,USD,RECEIVED
17265,PO-0017265,491,1,2025-08-15,USD,PARTIAL
17266,PO-0017266,110,10,2026-06-14,USD,RECEIVED
17267,PO-0017267,260,10,2025-06-14,USD,RECEIVED
17268,PO-0017268,82,9,2023-02-15,USD,OPEN
17269,PO-0017269,429,1,2026-02-11,USD,OPEN
17270,PO-0017270,452,2,2023-04-20,USD,RECEIVED
17271,PO-0017271,180,7,2023-10-22,USD,RECEIVED
17272,PO-0017272,65,11,2026-03-03,USD,RECEIVED
17273,PO-0017273,115,4,2025-07-21,USD,RECEIVED
17274,PO-0017274,413,12,2026-06-28,USD,RECEIVED
17275,PO-0017275,218,5,2026-02-22,USD,CANCELLED
17276,PO-0017276,467,11,2025-05-03,USD,RECEIVED
17277,PO-0017277,35,1,2025-06-04,USD,PARTIAL
17278,PO-0017278,278,9,2025-10-19,USD,RECEIVED
17279,PO-0017279,54,9,2026-06-02,USD,RECEIVED
17280,PO-0017280,394,5,2026-08-20,USD,RECEIVED
17281,PO-0017281,387,8,2025-09-23,USD,RECEIVED
17282,PO-0017282,179,2,2025-05-03,USD,RECEIVED
17283,PO-0017283,144,7,2025-06-13,USD,RECEIVED
17284,PO-0017284,368,8,2025-07-04,USD,OPEN
17285,PO-0017285,369,9,2025-03-06,USD,RECEIVED
17286,PO-0017286,3,12,2024-06-06,USD,RECEIVED
17287,PO-0017287,354,5,2023-07-10,USD,CANCELLED
17288,PO-0017288,377,9,2025-12-20,USD,RECEIVED
17289,PO-0017289,188,10,2025-07-29,USD,RECEIVED
17290,PO-0017290,495,5,2023-01-18,USD,RECEIVED
17291,PO-0017291,84,3,2024-03-06,USD,RECEIVED
17292,PO-0017292,351,1,2024-09-09,USD,RECEIVED
17293,PO-0017293,495,2,2025-07-19,USD,OPEN
17294,PO-0017294,430,8,2025-12-17,USD,RECEIVED
17295,PO-0017295,8,9,2023-07-12,USD,OPEN
17296,PO-0017296,422,1,2023-03-10,USD,RECEIVED
17297,PO-0017297,67,5,2026-01-13,USD,OPEN
17298,PO-0017298,307,8,2024-09-26,USD,RECEIVED
17299,PO-0017299,37,4,2026-08-09,USD,RECEIVED
17300,PO-0017300,285,5,2026-04-10,USD,RECEIVED
17301,PO-0017301,211,4,2024-08-29,USD,RECEIVED
17302,PO-0017302,376,1,2023-03-22,USD,RECEIVED
17303,PO-0017303,118,12,2026-05-05,USD,CANCELLED
17304,PO-0017304,162,7,2025-02-12,USD,RECEIVED
17305,PO-0017305,115,9,2023-05-14,USD,RECEIVED
17306,PO-0017306,381,3,2025-08-01,USD,RECEIVED
17307,PO-0017307,53,1,2024-10-04,USD,OPEN
17308,PO-0017308,326,4,2025-07-15,USD,RECEIVED
17309,PO-0017309,195,3,2024-01-28,USD,PARTIAL
17310,PO-0017310,210,5,2023-07-05,USD,RECEIVED
17311,PO-0017311,208,8,2024-12-16,USD,RECEIVED
17312,PO-0017312,86,9,2025-10-18,USD,RECEIVED
17313,PO-0017313,242,11,2024-02-27,USD,RECEIVED
17314,PO-0017314,302,7,2023-08-10,USD,RECEIVED
17315,PO-0017315,434,10,2025-03-01,USD,RECEIVED
17316,PO-0017316,226,6,2023-05-10,USD,CANCELLED
17317,PO-0017317,267,1,2024-10-30,USD,OPEN
17318,PO-0017318,216,6,2024-12-30,USD,RECEIVED
17319,PO-0017319,202,9,2025-12-18,USD,CANCELLED
17320,PO-0017320,360,7,2025-06-05,USD,RECEIVED
17321,PO-0017321,438,7,2023-05-28,USD,OPEN
17322,PO-0017322,224,1,2024-07-01,USD,CANCELLED
17323,PO-0017323,345,2,2025-12-28,USD,RECEIVED
17324,PO-0017324,484,7,2025-05-22,USD,PARTIAL
17325,PO-0017325,268,2,2023-09-09,USD,RECEIVED
17326,PO-0017326,317,11,2024-05-31,USD,RECEIVED
17327,PO-0017327,406,11,2026-08-31,USD,RECEIVED
17328,PO-0017328,212,10,2024-09-14,USD,RECEIVED
17329,PO-0017329,420,8,2026-02-27,USD,RECEIVED
17330,PO-0017330,176,12,2025-01-03,USD,RECEIVED
17331,PO-0017331,122,9,2024-10-20,USD,RECEIVED
17332,PO-0017332,125,3,2023-03-04,USD,OPEN
17333,PO-0017333,206,11,2023-08-07,USD,RECEIVED
17334,PO-0017334,465,11,2024-02-23,USD,RECEIVED
17335,PO-0017335,499,4,2025-03-02,USD,RECEIVED
17336,PO-0017336,194,5,2026-04-01,USD,RECEIVED
17337,PO-0017337,50,11,2023-09-24,USD,CANCELLED
17338,PO-0017338,310,12,2025-04-11,USD,RECEIVED
17339,PO-0017339,400,6,2023-03-05,USD,RECEIVED
17340,PO-0017340,397,12,2023-05-24,USD,RECEIVED
17341,PO-0017341,49,2,2023-01-13,USD,RECEIVED
17342,PO-0017342,92,5,2023-09-08,USD,RECEIVED
17343,PO-0017343,112,10,2025-08-18,USD,RECEIVED
17344,PO-0017344,420,9,2024-04-11,USD,RECEIVED
17345,PO-0017345,457,7,2025-10-29,USD,CANCELLED
17346,PO-0017346,127,1,2025-07-25,USD,RECEIVED
17347,PO-0017347,48,2,2026-03-17,USD,RECEIVED
17348,PO-0017348,333,12,2023-01-02,USD,CANCELLED
17349,PO-0017349,192,1,2026-08-15,USD,RECEIVED
17350,PO-0017350,483,6,2026-06-06,USD,RECEIVED
17351,PO-0017351,341,7,2024-09-22,USD,RECEIVED
17352,PO-0017352,427,9,2025-07-18,USD,OPEN
17353,PO-0017353,394,6,2024-08-31,USD,OPEN
17354,PO-0017354,198,3,2023-08-24,USD,OPEN
17355,PO-0017355,66,9,2025-02-19,USD,RECEIVED
17356,PO-0017356,89,3,2023-07-23,USD,CANCELLED
17357,PO-0017357,148,8,2024-03-05,USD,RECEIVED
17358,PO-0017358,146,9,2025-01-08,USD,RECEIVED
17359,PO-0017359,308,5,2026-05-29,USD,RECEIVED
17360,PO-0017360,321,10,2024-12-28,USD,RECEIVED
17361,PO-0017361,361,2,2025-08-09,USD,RECEIVED
17362,PO-0017362,443,1,2024-04-07,USD,CANCELLED
17363,PO-0017363,343,10,2024-07-21,USD,CANCELLED
17364,PO-0017364,246,7,2025-12-08,USD,RECEIVED
17365,PO-0017365,80,2,2023-02-13,USD,PARTIAL
17366,PO-0017366,17,11,2025-09-14,USD,PARTIAL
17367,PO-0017367,458,6,2024-07-21,USD,RECEIVED
17368,PO-0017368,224,7,2024-08-12,USD,RECEIVED
17369,PO-0017369,433,10,2024-10-12,USD,RECEIVED
17370,PO-0017370,270,2,2023-03-23,USD,RECEIVED
17371,PO-0017371,49,9,2023-04-01,USD,RECEIVED
17372,PO-0017372,20,10,2026-07-10,USD,RECEIVED
17373,PO-0017373,4,3,2025-06-25,USD,RECEIVED
17374,PO-0017374,348,9,2024-11-20,USD,RECEIVED
17375,PO-0017375,209,5,2026-01-19,USD,CANCELLED
17376,PO-0017376,18,8,2026-09-22,USD,RECEIVED
17377,PO-0017377,261,8,2026-03-07,USD,RECEIVED
17378,PO-0017378,190,1,2025-11-24,USD,RECEIVED
17379,PO-0017379,251,4,2025-12-11,USD,PARTIAL
17380,PO-0017380,212,5,2023-10-16,USD,RECEIVED
17381,PO-0017381,101,11,2025-12-29,USD,RECEIVED
17382,PO-0017382,212,3,2026-09-29,USD,RECEIVED
17383,PO-0017383,426,12,2023-01-31,USD,RECEIVED
17384,PO-0017384,313,7,2023-01-17,USD,PARTIAL
17385,PO-0017385,197,4,2026-01-02,USD,RECEIVED
17386,PO-0017386,167,4,2025-03-04,USD,RECEIVED
17387,PO-0017387,397,8,2023-04-04,USD,RECEIVED
17388,PO-0017388,153,11,2023-11-09,USD,RECEIVED
17389,PO-0017389,311,3,2026-07-21,USD,PARTIAL
17390,PO-0017390,473,2,2025-09-21,USD,CANCELLED
17391,PO-0017391,291,5,2024-05-28,USD,RECEIVED
17392,PO-0017392,337,8,2024-10-01,USD,RECEIVED
17393,PO-0017393,401,12,2025-08-02,USD,RECEIVED
17394,PO-0017394,142,10,2024-05-17,USD,RECEIVED
17395,PO-0017395,390,1,2023-01-24,USD,OPEN
17396,PO-0017396,139,7,2025-06-08,USD,RECEIVED
17397,PO-0017397,373,10,2023-05-21,USD,PARTIAL
17398,PO-0017398,154,5,2026-05-23,USD,RECEIVED
17399,PO-0017399,354,3,2024-07-05,USD,RECEIVED
17400,PO-0017400,2,3,2025-07-03,USD,OPEN
17401,PO-0017401,59,5,2023-06-21,USD,RECEIVED
17402,PO-0017402,55,9,2025-02-08,USD,RECEIVED
17403,PO-0017403,229,6,2024-09-21,USD,CANCELLED
17404,PO-0017404,190,9,2023-09-06,USD,CANCELLED
17405,PO-0017405,127,11,2024-05-04,USD,RECEIVED
17406,PO-0017406,270,3,2023-05-19,USD,RECEIVED
17407,PO-0017407,286,11,2025-05-09,USD,PARTIAL
17408,PO-0017408,61,1,2026-02-12,USD,OPEN
17409,PO-0017409,399,4,2024-12-18,USD,RECEIVED
17410,PO-0017410,149,9,2026-06-15,USD,PARTIAL
17411,PO-0017411,481,10,2024-12-29,USD,RECEIVED
17412,PO-0017412,63,12,2023-01-01,USD,RECEIVED
17413,PO-0017413,292,7,2025-05-19,USD,RECEIVED
17414,PO-0017414,32,1,2025-12-22,USD,RECEIVED
17415,PO-0017415,447,7,2026-01-20,USD,RECEIVED
17416,PO-0017416,46,10,2025-09-08,USD,RECEIVED
17417,PO-0017417,28,7,2023-10-04,USD,OPEN
17418,PO-0017418,274,11,2024-04-20,USD,PARTIAL
17419,PO-0017419,282,1,2026-01-05,USD,RECEIVED
17420,PO-0017420,178,3,2025-10-30,USD,RECEIVED
17421,PO-0017421,48,12,2026-04-22,USD,CANCELLED
17422,PO-0017422,224,5,2025-01-31,USD,RECEIVED
17423,PO-0017423,170,1,2023-08-20,USD,RECEIVED
17424,PO-0017424,244,10,2023-12-01,USD,RECEIVED
17425,PO-0017425,406,4,2026-06-06,USD,RECEIVED
17426,PO-0017426,188,6,2026-01-12,USD,RECEIVED
17427,PO-0017427,214,3,2025-05-23,USD,RECEIVED
17428,PO-0017428,243,4,2024-07-04,USD,RECEIVED
17429,PO-0017429,299,3,2023-10-19,USD,CANCELLED
17430,PO-0017430,105,4,2023-05-06,USD,OPEN
17431,PO-0017431,300,1,2025-07-29,USD,RECEIVED
17432,PO-0017432,387,1,2025-05-17,USD,RECEIVED
17433,PO-0017433,36,9,2025-03-11,USD,RECEIVED
17434,PO-0017434,405,1,2023-05-15,USD,RECEIVED
17435,PO-0017435,294,7,2025-01-15,USD,RECEIVED
17436,PO-0017436,151,3,2024-11-02,USD,RECEIVED
17437,PO-0017437,383,9,2023-01-25,USD,PARTIAL
17438,PO-0017438,312,1,2025-08-02,USD,RECEIVED
17439,PO-0017439,13,12,2024-11-13,USD,PARTIAL
17440,PO-0017440,139,5,2024-04-20,USD,CANCELLED
17441,PO-0017441,49,7,2025-01-26,USD,RECEIVED
17442,PO-0017442,114,7,2025-11-29,USD,RECEIVED
17443,PO-0017443,81,3,2023-11-12,USD,RECEIVED
17444,PO-0017444,479,12,2025-08-02,USD,OPEN
17445,PO-0017445,349,5,2026-02-27,USD,RECEIVED
17446,PO-0017446,356,11,2024-08-28,USD,RECEIVED
17447,PO-0017447,320,10,2025-01-04,USD,RECEIVED
17448,PO-0017448,27,5,2024-07-04,USD,RECEIVED
17449,PO-0017449,35,3,2023-04-20,USD,RECEIVED
17450,PO-0017450,75,4,2025-03-27,USD,RECEIVED
17451,PO-0017451,455,6,2024-10-30,USD,RECEIVED
17452,PO-0017452,36,2,2023-12-19,USD,CANCELLED
17453,PO-0017453,252,2,2024-12-08,USD,RECEIVED
17454,PO-0017454,410,9,2024-09-19,USD,RECEIVED
17455,PO-0017455,499,9,2025-09-29,USD,RECEIVED
17456,PO-0017456,363,11,2025-06-28,USD,RECEIVED
17457,PO-0017457,76,5,2025-02-19,USD,RECEIVED
17458,PO-0017458,495,11,2025-11-03,USD,RECEIVED
17459,PO-0017459,34,5,2024-10-03,USD,RECEIVED
17460,PO-0017460,397,10,2023-09-08,USD,PARTIAL
17461,PO-0017461,68,2,2023-09-15,USD,RECEIVED
17462,PO-0017462,173,2,2025-05-31,USD,PARTIAL
17463,PO-0017463,454,3,2025-09-26,USD,RECEIVED
17464,PO-0017464,221,10,2024-06-27,USD,RECEIVED
17465,PO-0017465,174,11,2024-07-15,USD,RECEIVED
17466,PO-0017466,189,6,2023-11-01,USD,PARTIAL
17467,PO-0017467,334,11,2024-07-05,USD,PARTIAL
17468,PO-0017468,204,10,2026-03-25,USD,RECEIVED
17469,PO-0017469,181,9,2024-08-06,USD,CANCELLED
17470,PO-0017470,493,6,2024-07-15,USD,RECEIVED
17471,PO-0017471,182,12,2024-12-01,USD,RECEIVED
17472,PO-0017472,271,8,2024-11-08,USD,RECEIVED
17473,PO-0017473,83,5,2026-04-03,USD,RECEIVED
17474,PO-0017474,37,3,2025-06-20,USD,RECEIVED
17475,PO-0017475,225,9,2026-05-22,USD,RECEIVED
17476,PO-0017476,106,6,2024-12-04,USD,RECEIVED
17477,PO-0017477,292,9,2023-01-27,USD,RECEIVED
17478,PO-0017478,137,11,2024-01-10,USD,RECEIVED
17479,PO-0017479,148,5,2024-05-18,USD,PARTIAL
17480,PO-0017480,100,1,2026-05-07,USD,CANCELLED
17481,PO-0017481,214,2,2026-05-01,USD,RECEIVED
17482,PO-0017482,63,11,2024-10-22,USD,RECEIVED
17483,PO-0017483,55,8,2023-05-16,USD,CANCELLED
17484,PO-0017484,303,5,2024-07-27,USD,RECEIVED
17485,PO-0017485,11,12,2024-02-09,USD,OPEN
17486,PO-0017486,252,1,2025-06-05,USD,PARTIAL
17487,PO-0017487,269,4,2025-12-10,USD,RECEIVED
17488,PO-0017488,101,10,2024-11-12,USD,PARTIAL
17489,PO-0017489,225,11,2025-05-01,USD,RECEIVED
17490,PO-0017490,48,4,2026-02-13,USD,RECEIVED
17491,PO-0017491,5,6,2023-11-01,USD,RECEIVED
17492,PO-0017492,436,7,2025-06-18,USD,RECEIVED
17493,PO-0017493,77,9,2023-11-07,USD,RECEIVED
17494,PO-0017494,323,10,2024-03-06,USD,RECEIVED
17495,PO-0017495,418,1,2026-09-25,USD,RECEIVED
17496,PO-0017496,323,9,2025-05-14,USD,RECEIVED
17497,PO-0017497,311,1,2025-12-24,USD,RECEIVED
17498,PO-0017498,281,9,2023-01-08,USD,RECEIVED
17499,PO-0017499,36,7,2025-12-25,USD,RECEIVED
17500,PO-0017500,278,7,2024-06-26,USD,RECEIVED
17501,PO-0017501,315,9,2023-08-29,USD,CANCELLED
17502,PO-0017502,244,1,2024-08-08,USD,RECEIVED
17503,PO-0017503,146,8,2023-03-24,USD,RECEIVED
17504,PO-0017504,245,5,2025-08-17,USD,PARTIAL
17505,PO-0017505,83,6,2026-07-27,USD,PARTIAL
17506,PO-0017506,394,4,2025-08-17,USD,CANCELLED
17507,PO-0017507,294,10,2023-05-09,USD,OPEN
17508,PO-0017508,491,12,2025-09-29,USD,RECEIVED
17509,PO-0017509,89,10,2024-10-25,USD,RECEIVED
17510,PO-0017510,273,10,2025-11-02,USD,PARTIAL
17511,PO-0017511,245,1,2026-09-16,USD,OPEN
17512,PO-0017512,140,5,2023-11-11,USD,RECEIVED
17513,PO-0017513,412,2,2025-01-31,USD,RECEIVED
17514,PO-0017514,59,4,2023-11-13,USD,RECEIVED
17515,PO-0017515,249,12,2025-04-21,USD,RECEIVED
17516,PO-0017516,125,6,2023-03-26,USD,RECEIVED
17517,PO-0017517,179,2,2025-11-03,USD,RECEIVED
17518,PO-0017518,13,8,2026-03-23,USD,RECEIVED
17519,PO-0017519,58,9,2024-02-16,USD,OPEN
17520,PO-0017520,430,9,2024-01-07,USD,PARTIAL
17521,PO-0017521,22,8,2023-05-09,USD,RECEIVED
17522,PO-0017522,9,7,2026-04-08,USD,RECEIVED
17523,PO-0017523,460,9,2025-01-23,USD,RECEIVED
17524,PO-0017524,478,9,2025-11-25,USD,RECEIVED
17525,PO-0017525,171,8,2023-12-16,USD,CANCELLED
17526,PO-0017526,317,6,2023-12-12,USD,RECEIVED
17527,PO-0017527,400,5,2026-05-17,USD,RECEIVED
17528,PO-0017528,24,7,2024-10-23,USD,PARTIAL
17529,PO-0017529,381,8,2024-01-14,USD,CANCELLED
17530,PO-0017530,159,9,2025-08-21,USD,RECEIVED
17531,PO-0017531,475,8,2023-12-07,USD,RECEIVED
17532,PO-0017532,124,9,2024-12-26,USD,CANCELLED
17533,PO-0017533,119,5,2025-07-13,USD,RECEIVED
17534,PO-0017534,378,2,2025-10-26,USD,CANCELLED
17535,PO-0017535,371,5,2024-05-26,USD,RECEIVED
17536,PO-0017536,488,11,2024-09-18,USD,RECEIVED
17537,PO-0017537,54,10,2026-03-01,USD,OPEN
17538,PO-0017538,330,3,2023-07-31,USD,RECEIVED
17539,PO-0017539,420,9,2026-09-22,USD,RECEIVED
17540,PO-0017540,372,9,2023-09-01,USD,RECEIVED
17541,PO-0017541,85,7,2023-03-17,USD,OPEN
17542,PO-0017542,438,2,2024-06-30,USD,OPEN
17543,PO-0017543,419,3,2024-11-10,USD,CANCELLED
17544,PO-0017544,368,1,2023-07-03,USD,RECEIVED
17545,PO-0017545,163,12,2023-07-26,USD,RECEIVED
17546,PO-0017546,240,5,2023-04-11,USD,RECEIVED
17547,PO-0017547,368,7,2026-01-02,USD,RECEIVED
17548,PO-0017548,200,5,2023-03-03,USD,RECEIVED
17549,PO-0017549,133,5,2026-08-12,USD,OPEN
17550,PO-0017550,187,2,2024-11-28,USD,RECEIVED
17551,PO-0017551,335,4,2024-12-16,USD,RECEIVED
17552,PO-0017552,300,11,2023-08-25,USD,CANCELLED
17553,PO-0017553,320,12,2026-06-08,USD,RECEIVED
17554,PO-0017554,327,2,2023-04-04,USD,RECEIVED
17555,PO-0017555,330,4,2023-12-20,USD,RECEIVED
17556,PO-0017556,147,5,2026-08-23,USD,RECEIVED
17557,PO-0017557,374,6,2025-10-18,USD,RECEIVED
17558,PO-0017558,223,11,2023-03-20,USD,RECEIVED
17559,PO-0017559,343,5,2023-05-01,USD,RECEIVED
17560,PO-0017560,206,1,2023-02-14,USD,OPEN
17561,PO-0017561,398,8,2023-08-14,USD,RECEIVED
17562,PO-0017562,287,6,2024-07-19,USD,RECEIVED
17563,PO-0017563,246,4,2025-06-02,USD,CANCELLED
17564,PO-0017564,114,10,2025-02-13,USD,RECEIVED
17565,PO-0017565,409,11,2024-05-30,USD,RECEIVED
17566,PO-0017566,285,7,2024-08-08,USD,RECEIVED
17567,PO-0017567,398,3,2026-02-13,USD,RECEIVED
17568,PO-0017568,387,5,2025-10-21,USD,RECEIVED
17569,PO-0017569,467,2,2024-05-01,USD,RECEIVED
17570,PO-0017570,391,2,2026-02-22,USD,PARTIAL
17571,PO-0017571,415,3,2025-05-31,USD,RECEIVED
17572,PO-0017572,126,4,2026-01-06,USD,PARTIAL
17573,PO-0017573,495,1,2024-11-28,USD,OPEN
17574,PO-0017574,303,2,2023-07-08,USD,RECEIVED
17575,PO-0017575,374,3,2024-09-30,USD,RECEIVED
17576,PO-0017576,149,12,2023-08-11,USD,RECEIVED
17577,PO-0017577,121,4,2024-07-02,USD,RECEIVED
17578,PO-0017578,420,4,2026-07-19,USD,RECEIVED
17579,PO-0017579,354,5,2023-05-14,USD,RECEIVED
17580,PO-0017580,74,2,2026-03-10,USD,RECEIVED
17581,PO-0017581,298,6,2025-10-19,USD,RECEIVED
17582,PO-0017582,331,7,2026-08-06,USD,PARTIAL
17583,PO-0017583,460,3,2023-01-20,USD,RECEIVED
17584,PO-0017584,472,3,2024-08-09,USD,CANCELLED
17585,PO-0017585,432,3,2025-04-10,USD,CANCELLED
17586,PO-0017586,337,9,2026-06-30,USD,RECEIVED
17587,PO-0017587,107,10,2024-05-23,USD,RECEIVED
17588,PO-0017588,97,1,2025-09-22,USD,RECEIVED
17589,PO-0017589,19,4,2025-01-18,USD,PARTIAL
17590,PO-0017590,98,5,2023-08-09,USD,RECEIVED
17591,PO-0017591,227,4,2023-08-12,USD,CANCELLED
17592,PO-0017592,85,11,2026-07-05,USD,RECEIVED
17593,PO-0017593,28,2,2025-04-13,USD,PARTIAL
17594,PO-0017594,421,5,2024-06-01,USD,RECEIVED
17595,PO-0017595,488,2,2024-04-18,USD,RECEIVED
17596,PO-0017596,293,11,2026-08-16,USD,RECEIVED
17597,PO-0017597,467,1,2026-03-18,USD,RECEIVED
17598,PO-0017598,345,6,2025-02-12,USD,RECEIVED
17599,PO-0017599,170,4,2025-03-10,USD,RECEIVED
17600,PO-0017600,11,5,2023-03-01,USD,RECEIVED
17601,PO-0017601,160,4,2025-08-08,USD,RECEIVED
17602,PO-0017602,497,4,2023-12-23,USD,PARTIAL
17603,PO-0017603,39,2,2023-03-31,USD,RECEIVED
17604,PO-0017604,237,9,2025-10-28,USD,RECEIVED
17605,PO-0017605,248,11,2025-06-11,USD,CANCELLED
17606,PO-0017606,476,10,2023-08-11,USD,CANCELLED
17607,PO-0017607,161,4,2024-06-12,USD,RECEIVED
17608,PO-0017608,238,8,2023-05-27,USD,RECEIVED
17609,PO-0017609,302,10,2024-08-15,USD,PARTIAL
17610,PO-0017610,62,9,2024-10-23,USD,RECEIVED
17611,PO-0017611,180,8,2023-04-21,USD,OPEN
17612,PO-0017612,366,3,2023-03-10,USD,RECEIVED
17613,PO-0017613,158,12,2024-02-07,USD,OPEN
17614,PO-0017614,412,2,2023-07-12,USD,OPEN
17615,PO-0017615,459,6,2025-06-04,USD,RECEIVED
17616,PO-0017616,94,9,2023-08-17,USD,RECEIVED
17617,PO-0017617,210,1,2025-12-02,USD,PARTIAL
17618,PO-0017618,137,8,2023-04-29,USD,RECEIVED
17619,PO-0017619,20,4,2023-02-17,USD,RECEIVED
17620,PO-0017620,21,3,2024-03-11,USD,RECEIVED
17621,PO-0017621,215,6,2024-04-28,USD,RECEIVED
17622,PO-0017622,298,10,2023-03-23,USD,PARTIAL
17623,PO-0017623,235,10,2023-08-06,USD,CANCELLED
17624,PO-0017624,170,11,2023-06-18,USD,RECEIVED
17625,PO-0017625,310,6,2024-06-08,USD,RECEIVED
17626,PO-0017626,342,11,2023-01-22,USD,CANCELLED
17627,PO-0017627,42,10,2023-12-08,USD,RECEIVED
17628,PO-0017628,24,1,2024-08-18,USD,PARTIAL
17629,PO-0017629,133,10,2026-03-03,USD,RECEIVED
17630,PO-0017630,321,2,2025-03-13,USD,RECEIVED
17631,PO-0017631,295,12,2025-08-29,USD,OPEN
17632,PO-0017632,322,11,2026-05-23,USD,RECEIVED
17633,PO-0017633,81,5,2024-10-07,USD,PARTIAL
17634,PO-0017634,457,8,2023-06-03,USD,RECEIVED
17635,PO-0017635,318,10,2025-07-08,USD,PARTIAL
17636,PO-0017636,138,6,2023-07-14,USD,CANCELLED
17637,PO-0017637,22,3,2023-07-16,USD,RECEIVED
17638,PO-0017638,41,3,2025-08-26,USD,RECEIVED
17639,PO-0017639,25,10,2026-05-14,USD,CANCELLED
17640,PO-0017640,284,4,2025-11-03,USD,RECEIVED
17641,PO-0017641,407,12,2023-12-08,USD,RECEIVED
17642,PO-0017642,325,6,2025-04-01,USD,OPEN
17643,PO-0017643,215,10,2024-07-14,USD,RECEIVED
17644,PO-0017644,4,7,2024-06-27,USD,OPEN
17645,PO-0017645,350,3,2023-01-05,USD,RECEIVED
17646,PO-0017646,461,12,2026-08-24,USD,PARTIAL
17647,PO-0017647,308,4,2024-08-13,USD,RECEIVED
17648,PO-0017648,196,12,2023-12-25,USD,RECEIVED
17649,PO-0017649,100,4,2025-01-23,USD,RECEIVED
17650,PO-0017650,492,12,2025-04-01,USD,CANCELLED
17651,PO-0017651,109,3,2025-07-18,USD,CANCELLED
17652,PO-0017652,478,6,2025-09-21,USD,OPEN
17653,PO-0017653,26,11,2023-11-20,USD,RECEIVED
17654,PO-0017654,490,6,2026-08-28,USD,RECEIVED
17655,PO-0017655,316,9,2024-07-29,USD,RECEIVED
17656,PO-0017656,405,1,2025-08-22,USD,RECEIVED
17657,PO-0017657,203,3,2024-08-13,USD,RECEIVED
17658,PO-0017658,297,11,2026-08-07,USD,RECEIVED
17659,PO-0017659,331,9,2024-09-11,USD,RECEIVED
17660,PO-0017660,358,6,2025-08-04,USD,RECEIVED
17661,PO-0017661,393,4,2025-03-21,USD,RECEIVED
17662,PO-0017662,308,5,2023-01-15,USD,RECEIVED
17663,PO-0017663,227,12,2024-04-09,USD,RECEIVED
17664,PO-0017664,482,11,2026-04-18,USD,OPEN
17665,PO-0017665,496,3,2025-04-26,USD,CANCELLED
17666,PO-0017666,15,1,2023-10-12,USD,RECEIVED
17667,PO-0017667,364,5,2024-04-13,USD,OPEN
17668,PO-0017668,305,9,2023-06-02,USD,PARTIAL
17669,PO-0017669,128,3,2026-04-20,USD,RECEIVED
17670,PO-0017670,329,2,2025-03-10,USD,PARTIAL
17671,PO-0017671,480,2,2025-08-04,USD,RECEIVED
17672,PO-0017672,242,7,2023-10-25,USD,RECEIVED
17673,PO-0017673,2,5,2025-03-24,USD,RECEIVED
17674,PO-0017674,349,7,2025-05-01,USD,OPEN
17675,PO-0017675,75,1,2025-03-27,USD,OPEN
17676,PO-0017676,109,9,2024-12-31,USD,RECEIVED
17677,PO-0017677,263,10,2024-03-21,USD,CANCELLED
17678,PO-0017678,316,9,2025-08-19,USD,OPEN
17679,PO-0017679,122,3,2023-01-18,USD,PARTIAL
17680,PO-0017680,121,8,2025-01-16,USD,RECEIVED
17681,PO-0017681,29,9,2024-05-10,USD,RECEIVED
17682,PO-0017682,11,9,2023-09-14,USD,RECEIVED
17683,PO-0017683,399,6,2023-05-31,USD,RECEIVED
17684,PO-0017684,315,7,2025-03-09,USD,RECEIVED
17685,PO-0017685,12,4,2025-12-23,USD,RECEIVED
17686,PO-0017686,380,11,2026-03-18,USD,RECEIVED
17687,PO-0017687,256,12,2025-09-11,USD,CANCELLED
17688,PO-0017688,321,11,2023-11-14,USD,RECEIVED
17689,PO-0017689,5,1,2026-02-21,USD,CANCELLED
17690,PO-0017690,397,1,2025-06-24,USD,RECEIVED
17691,PO-0017691,296,10,2023-08-05,USD,RECEIVED
17692,PO-0017692,374,1,2025-01-26,USD,RECEIVED
17693,PO-0017693,174,6,2026-07-06,USD,RECEIVED
17694,PO-0017694,186,7,2025-04-10,USD,RECEIVED
17695,PO-0017695,354,1,2026-06-01,USD,OPEN
17696,PO-0017696,168,5,2023-04-13,USD,RECEIVED
17697,PO-0017697,236,5,2024-12-25,USD,RECEIVED
17698,PO-0017698,433,1,2025-11-26,USD,RECEIVED
17699,PO-0017699,385,10,2026-06-06,USD,RECEIVED
17700,PO-0017700,203,3,2024-01-31,USD,RECEIVED
17701,PO-0017701,319,5,2025-10-22,USD,RECEIVED
17702,PO-0017702,371,2,2023-01-15,USD,OPEN
17703,PO-0017703,471,1,2025-01-07,USD,RECEIVED
17704,PO-0017704,55,4,2025-06-19,USD,RECEIVED
17705,PO-0017705,121,5,2024-10-11,USD,PARTIAL
17706,PO-0017706,425,11,2024-04-24,USD,PARTIAL
17707,PO-0017707,312,1,2023-03-20,USD,RECEIVED
17708,PO-0017708,177,8,2026-02-21,USD,RECEIVED
17709,PO-0017709,407,1,2025-08-15,USD,RECEIVED
17710,PO-0017710,446,7,2024-12-24,USD,RECEIVED
17711,PO-0017711,81,9,2025-10-29,USD,RECEIVED
17712,PO-0017712,215,12,2026-05-26,USD,RECEIVED
17713,PO-0017713,452,4,2023-02-21,USD,PARTIAL
17714,PO-0017714,142,8,2023-06-05,USD,RECEIVED
17715,PO-0017715,227,8,2026-09-26,USD,CANCELLED
17716,PO-0017716,409,12,2024-11-18,USD,RECEIVED
17717,PO-0017717,396,10,2025-08-18,USD,RECEIVED
17718,PO-0017718,186,7,2025-11-21,USD,OPEN
17719,PO-0017719,280,10,2023-11-30,USD,RECEIVED
17720,PO-0017720,71,5,2024-03-02,USD,RECEIVED
17721,PO-0017721,470,11,2025-03-21,USD,RECEIVED
17722,PO-0017722,416,3,2023-11-05,USD,RECEIVED
17723,PO-0017723,98,3,2025-07-13,USD,RECEIVED
17724,PO-0017724,143,3,2023-06-10,USD,RECEIVED
17725,PO-0017725,437,6,2025-06-06,USD,CANCELLED
17726,PO-0017726,355,3,2026-02-21,USD,RECEIVED
17727,PO-0017727,142,11,2025-07-08,USD,PARTIAL
17728,PO-0017728,459,11,2025-12-30,USD,RECEIVED
17729,PO-0017729,266,10,2025-02-20,USD,RECEIVED
17730,PO-0017730,497,11,2026-07-07,USD,RECEIVED
17731,PO-0017731,410,4,2025-05-10,USD,OPEN
17732,PO-0017732,237,5,2025-09-14,USD,RECEIVED
17733,PO-0017733,330,4,2025-02-08,USD,RECEIVED
17734,PO-0017734,413,7,2023-02-09,USD,RECEIVED
17735,PO-0017735,208,7,2026-08-21,USD,RECEIVED
17736,PO-0017736,118,4,2024-10-01,USD,CANCELLED
17737,PO-0017737,89,3,2023-01-03,USD,RECEIVED
17738,PO-0017738,286,1,2024-12-06,USD,RECEIVED
17739,PO-0017739,484,4,2026-09-27,USD,RECEIVED
17740,PO-0017740,137,5,2026-01-29,USD,RECEIVED
17741,PO-0017741,131,9,2025-10-19,USD,OPEN
17742,PO-0017742,264,8,2026-01-02,USD,RECEIVED
17743,PO-0017743,475,8,2026-07-08,USD,RECEIVED
17744,PO-0017744,329,10,2024-05-16,USD,RECEIVED
17745,PO-0017745,362,6,2024-03-20,USD,RECEIVED
17746,PO-0017746,206,9,2026-06-27,USD,RECEIVED
17747,PO-0017747,115,3,2024-03-13,USD,RECEIVED
17748,PO-0017748,333,7,2026-03-17,USD,RECEIVED
17749,PO-0017749,500,3,2024-08-02,USD,RECEIVED
17750,PO-0017750,108,9,2025-12-13,USD,RECEIVED
17751,PO-0017751,103,6,2025-07-06,USD,RECEIVED
17752,PO-0017752,494,6,2026-01-21,USD,RECEIVED
17753,PO-0017753,38,12,2023-07-02,USD,RECEIVED
17754,PO-0017754,432,6,2024-07-24,USD,RECEIVED
17755,PO-0017755,54,12,2025-12-02,USD,RECEIVED
17756,PO-0017756,317,8,2026-01-27,USD,RECEIVED
17757,PO-0017757,305,2,2024-09-05,USD,RECEIVED
17758,PO-0017758,77,7,2023-01-28,USD,RECEIVED
17759,PO-0017759,256,11,2024-04-01,USD,RECEIVED
17760,PO-0017760,263,4,2024-06-30,USD,RECEIVED
17761,PO-0017761,83,7,2024-09-21,USD,OPEN
17762,PO-0017762,163,11,2024-03-26,USD,CANCELLED
17763,PO-0017763,187,8,2024-03-16,USD,RECEIVED
17764,PO-0017764,85,12,2023-03-13,USD,PARTIAL
17765,PO-0017765,281,4,2025-07-17,USD,CANCELLED
17766,PO-0017766,434,10,2023-09-06,USD,RECEIVED
17767,PO-0017767,61,10,2024-12-09,USD,RECEIVED
17768,PO-0017768,394,1,2025-05-12,USD,RECEIVED
17769,PO-0017769,402,1,2024-03-02,USD,RECEIVED
17770,PO-0017770,354,10,2024-06-20,USD,RECEIVED
17771,PO-0017771,11,5,2023-06-15,USD,RECEIVED
17772,PO-0017772,70,7,2024-12-16,USD,RECEIVED
17773,PO-0017773,201,7,2024-10-16,USD,CANCELLED
17774,PO-0017774,115,12,2023-03-19,USD,PARTIAL
17775,PO-0017775,9,7,2026-03-04,USD,RECEIVED
17776,PO-0017776,389,9,2023-08-05,USD,RECEIVED
17777,PO-0017777,264,4,2023-02-22,USD,RECEIVED
17778,PO-0017778,62,8,2025-12-31,USD,CANCELLED
17779,PO-0017779,238,2,2024-02-04,USD,RECEIVED
17780,PO-0017780,116,5,2023-10-24,USD,RECEIVED
17781,PO-0017781,138,3,2024-12-31,USD,RECEIVED
17782,PO-0017782,30,9,2023-10-16,USD,OPEN
17783,PO-0017783,339,6,2023-11-09,USD,PARTIAL
17784,PO-0017784,426,4,2023-07-05,USD,RECEIVED
17785,PO-0017785,321,2,2025-11-09,USD,RECEIVED
17786,PO-0017786,15,8,2023-12-28,USD,PARTIAL
17787,PO-0017787,38,2,2024-10-21,USD,RECEIVED
17788,PO-0017788,10,6,2026-07-12,USD,RECEIVED
17789,PO-0017789,126,2,2025-06-18,USD,RECEIVED
17790,PO-0017790,479,9,2023-03-31,USD,RECEIVED
17791,PO-0017791,228,2,2025-08-15,USD,RECEIVED
17792,PO-0017792,431,1,2024-07-15,USD,RECEIVED
17793,PO-0017793,98,6,2026-01-11,USD,RECEIVED
17794,PO-0017794,496,2,2024-09-15,USD,CANCELLED
17795,PO-0017795,462,12,2023-05-25,USD,PARTIAL
17796,PO-0017796,418,8,2026-09-22,USD,RECEIVED
17797,PO-0017797,305,3,2025-03-21,USD,CANCELLED
17798,PO-0017798,110,10,2025-04-19,USD,RECEIVED
17799,PO-0017799,185,5,2023-03-29,USD,RECEIVED
17800,PO-0017800,67,10,2023-07-13,USD,RECEIVED
17801,PO-0017801,206,10,2025-03-14,USD,RECEIVED
17802,PO-0017802,478,12,2026-03-31,USD,RECEIVED
17803,PO-0017803,231,10,2023-09-11,USD,RECEIVED
17804,PO-0017804,435,1,2023-03-03,USD,RECEIVED
17805,PO-0017805,437,4,2026-04-11,USD,RECEIVED
17806,PO-0017806,74,5,2026-02-18,USD,PARTIAL
17807,PO-0017807,89,5,2024-12-24,USD,RECEIVED
17808,PO-0017808,431,4,2023-03-22,USD,RECEIVED
17809,PO-0017809,47,2,2025-06-30,USD,OPEN
17810,PO-0017810,265,12,2026-09-07,USD,RECEIVED
17811,PO-0017811,204,1,2024-10-20,USD,RECEIVED
17812,PO-0017812,97,9,2023-03-30,USD,RECEIVED
17813,PO-0017813,204,10,2023-08-20,USD,RECEIVED
17814,PO-0017814,286,11,2024-05-21,USD,RECEIVED
17815,PO-0017815,7,11,2025-02-16,USD,RECEIVED
17816,PO-0017816,152,12,2023-06-26,USD,RECEIVED
17817,PO-0017817,135,2,2024-03-14,USD,RECEIVED
17818,PO-0017818,456,4,2023-03-23,USD,RECEIVED
17819,PO-0017819,317,1,2023-11-25,USD,RECEIVED
17820,PO-0017820,149,12,2024-10-22,USD,RECEIVED
17821,PO-0017821,354,7,2025-12-12,USD,RECEIVED
17822,PO-0017822,244,7,2023-04-03,USD,CANCELLED
17823,PO-0017823,295,3,2024-11-05,USD,RECEIVED
17824,PO-0017824,60,8,2024-04-26,USD,RECEIVED
17825,PO-0017825,346,2,2025-07-12,USD,RECEIVED
17826,PO-0017826,498,5,2025-11-08,USD,RECEIVED
17827,PO-0017827,144,5,2024-09-15,USD,RECEIVED
17828,PO-0017828,384,8,2024-06-13,USD,OPEN
17829,PO-0017829,500,4,2024-06-16,USD,OPEN
17830,PO-0017830,80,2,2024-02-27,USD,RECEIVED
17831,PO-0017831,476,11,2026-01-08,USD,RECEIVED
17832,PO-0017832,178,4,2026-04-26,USD,RECEIVED
17833,PO-0017833,21,6,2026-07-11,USD,CANCELLED
17834,PO-0017834,90,6,2023-03-07,USD,RECEIVED
17835,PO-0017835,135,1,2023-04-23,USD,PARTIAL
17836,PO-0017836,43,11,2024-08-26,USD,RECEIVED
17837,PO-0017837,215,11,2026-01-22,USD,RECEIVED
17838,PO-0017838,150,2,2023-07-28,USD,RECEIVED
17839,PO-0017839,412,3,2024-02-02,USD,PARTIAL
17840,PO-0017840,114,6,2025-11-13,USD,RECEIVED
17841,PO-0017841,369,2,2026-03-09,USD,RECEIVED
17842,PO-0017842,332,2,2024-12-20,USD,RECEIVED
17843,PO-0017843,117,10,2024-10-18,USD,RECEIVED
17844,PO-0017844,180,7,2026-01-30,USD,RECEIVED
17845,PO-0017845,223,9,2023-05-06,USD,PARTIAL
17846,PO-0017846,138,2,2025-11-16,USD,RECEIVED
17847,PO-0017847,75,4,2023-10-11,USD,RECEIVED
17848,PO-0017848,289,1,2024-10-02,USD,RECEIVED
17849,PO-0017849,413,5,2024-08-25,USD,RECEIVED
17850,PO-0017850,258,11,2024-04-04,USD,RECEIVED
17851,PO-0017851,184,2,2023-12-29,USD,RECEIVED
17852,PO-0017852,405,10,2025-09-27,USD,OPEN
17853,PO-0017853,30,9,2025-01-08,USD,RECEIVED
17854,PO-0017854,272,2,2024-08-28,USD,RECEIVED
17855,PO-0017855,401,3,2023-04-29,USD,OPEN
17856,PO-0017856,127,8,2025-01-04,USD,CANCELLED
17857,PO-0017857,81,12,2023-05-13,USD,RECEIVED
17858,PO-0017858,323,9,2024-02-28,USD,RECEIVED
17859,PO-0017859,104,4,2026-05-26,USD,CANCELLED
17860,PO-0017860,221,11,2025-03-20,USD,RECEIVED
17861,PO-0017861,224,9,2026-01-15,USD,RECEIVED
17862,PO-0017862,285,10,2026-09-16,USD,RECEIVED
17863,PO-0017863,496,4,2024-06-05,USD,RECEIVED
17864,PO-0017864,79,10,2025-02-18,USD,RECEIVED
17865,PO-0017865,28,9,2025-03-08,USD,RECEIVED
17866,PO-0017866,246,4,2025-05-04,USD,RECEIVED
17867,PO-0017867,400,6,2025-04-02,USD,OPEN
17868,PO-0017868,72,8,2023-10-14,USD,RECEIVED
17869,PO-0017869,247,1,2026-05-31,USD,RECEIVED
17870,PO-0017870,159,5,2025-12-23,USD,RECEIVED
17871,PO-0017871,291,5,2026-08-10,USD,RECEIVED
17872,PO-0017872,223,8,2025-06-15,USD,RECEIVED
17873,PO-0017873,468,4,2023-12-14,USD,RECEIVED
17874,PO-0017874,44,10,2025-05-13,USD,RECEIVED
17875,PO-0017875,332,12,2026-07-07,USD,RECEIVED
17876,PO-0017876,320,11,2026-03-28,USD,RECEIVED
17877,PO-0017877,140,12,2025-07-18,USD,PARTIAL
17878,PO-0017878,350,7,2025-07-04,USD,RECEIVED
17879,PO-0017879,1,12,2025-06-21,USD,RECEIVED
17880,PO-0017880,405,11,2024-09-10,USD,OPEN
17881,PO-0017881,390,8,2025-10-31,USD,PARTIAL
17882,PO-0017882,395,8,2025-02-03,USD,RECEIVED
17883,PO-0017883,95,11,2025-05-19,USD,CANCELLED
17884,PO-0017884,88,4,2024-07-12,USD,RECEIVED
17885,PO-0017885,18,5,2024-06-05,USD,OPEN
17886,PO-0017886,197,1,2024-01-03,USD,CANCELLED
17887,PO-0017887,383,1,2026-03-29,USD,RECEIVED
17888,PO-0017888,43,12,2023-07-03,USD,RECEIVED
17889,PO-0017889,373,5,2026-04-23,USD,RECEIVED
17890,PO-0017890,394,2,2024-07-02,USD,RECEIVED
17891,PO-0017891,123,10,2024-11-23,USD,OPEN
17892,PO-0017892,325,10,2023-08-24,USD,RECEIVED
17893,PO-0017893,381,9,2024-06-16,USD,RECEIVED
17894,PO-0017894,437,12,2025-05-17,USD,RECEIVED
17895,PO-0017895,314,2,2023-07-10,USD,RECEIVED
17896,PO-0017896,343,4,2023-08-27,USD,RECEIVED
17897,PO-0017897,212,11,2025-04-29,USD,CANCELLED
17898,PO-0017898,329,3,2023-05-21,USD,RECEIVED
17899,PO-0017899,18,10,2025-04-25,USD,CANCELLED
17900,PO-0017900,402,6,2025-12-12,USD,RECEIVED
17901,PO-0017901,468,8,2023-11-07,USD,RECEIVED
17902,PO-0017902,252,5,2026-04-12,USD,RECEIVED
17903,PO-0017903,323,7,2023-05-01,USD,CANCELLED
17904,PO-0017904,135,2,2026-01-17,USD,RECEIVED
17905,PO-0017905,215,10,2023-06-24,USD,RECEIVED
17906,PO-0017906,107,8,2025-02-11,USD,RECEIVED
17907,PO-0017907,59,2,2024-03-19,USD,RECEIVED
17908,PO-0017908,396,8,2026-04-19,USD,RECEIVED
17909,PO-0017909,402,2,2023-11-10,USD,OPEN
17910,PO-0017910,267,7,2024-03-02,USD,RECEIVED
17911,PO-0017911,74,10,2024-12-27,USD,CANCELLED
17912,PO-0017912,152,6,2025-05-16,USD,PARTIAL
17913,PO-0017913,141,7,2023-04-12,USD,RECEIVED
17914,PO-0017914,141,6,2025-11-21,USD,RECEIVED
17915,PO-0017915,253,2,2024-07-22,USD,RECEIVED
17916,PO-0017916,117,5,2025-08-29,USD,RECEIVED
17917,PO-0017917,238,5,2025-07-18,USD,RECEIVED
17918,PO-0017918,38,3,2025-05-02,USD,RECEIVED
17919,PO-0017919,240,2,2026-07-14,USD,PARTIAL
17920,PO-0017920,34,11,2024-07-07,USD,RECEIVED
17921,PO-0017921,488,2,2025-10-28,USD,OPEN
17922,PO-0017922,218,6,2025-04-15,USD,RECEIVED
17923,PO-0017923,16,5,2025-09-26,USD,PARTIAL
17924,PO-0017924,146,12,2023-01-01,USD,PARTIAL
17925,PO-0017925,47,1,2026-03-01,USD,RECEIVED
17926,PO-0017926,28,7,2023-01-23,USD,OPEN
17927,PO-0017927,46,5,2023-03-29,USD,RECEIVED
17928,PO-0017928,303,4,2023-03-03,USD,RECEIVED
17929,PO-0017929,62,1,2026-07-15,USD,RECEIVED
17930,PO-0017930,179,8,2024-10-10,USD,RECEIVED
17931,PO-0017931,186,1,2025-12-28,USD,RECEIVED
17932,PO-0017932,195,10,2025-09-23,USD,CANCELLED
17933,PO-0017933,225,12,2024-11-14,USD,RECEIVED
17934,PO-0017934,121,9,2026-05-03,USD,RECEIVED
17935,PO-0017935,124,7,2023-04-03,USD,RECEIVED
17936,PO-0017936,242,8,2023-09-12,USD,RECEIVED
17937,PO-0017937,99,2,2023-11-19,USD,RECEIVED
17938,PO-0017938,287,6,2024-03-18,USD,RECEIVED
17939,PO-0017939,491,3,2026-01-22,USD,CANCELLED
17940,PO-0017940,140,4,2025-04-03,USD,PARTIAL
17941,PO-0017941,496,1,2025-11-17,USD,RECEIVED
17942,PO-0017942,304,9,2024-12-11,USD,PARTIAL
17943,PO-0017943,386,8,2024-06-19,USD,RECEIVED
17944,PO-0017944,414,2,2024-09-05,USD,RECEIVED
17945,PO-0017945,64,7,2023-12-12,USD,RECEIVED
17946,PO-0017946,136,3,2025-06-07,USD,PARTIAL
17947,PO-0017947,50,4,2023-11-06,USD,RECEIVED
17948,PO-0017948,307,2,2024-09-16,USD,CANCELLED
17949,PO-0017949,305,7,2023-11-06,USD,OPEN
17950,PO-0017950,134,9,2023-11-05,USD,RECEIVED
17951,PO-0017951,347,12,2025-09-02,USD,RECEIVED
17952,PO-0017952,81,5,2024-02-26,USD,RECEIVED
17953,PO-0017953,202,2,2023-09-01,USD,RECEIVED
17954,PO-0017954,457,7,2026-04-24,USD,RECEIVED
17955,PO-0017955,307,9,2023-01-12,USD,RECEIVED
17956,PO-0017956,76,4,2024-03-17,USD,RECEIVED
17957,PO-0017957,446,7,2024-03-19,USD,OPEN
17958,PO-0017958,329,4,2023-11-05,USD,CANCELLED
17959,PO-0017959,194,6,2026-01-24,USD,RECEIVED
17960,PO-0017960,447,10,2023-08-26,USD,RECEIVED
17961,PO-0017961,423,4,2026-01-26,USD,RECEIVED
17962,PO-0017962,378,2,2025-03-27,USD,RECEIVED
17963,PO-0017963,194,10,2025-06-18,USD,RECEIVED
17964,PO-0017964,195,1,2026-01-10,USD,RECEIVED
17965,PO-0017965,71,3,2024-11-24,USD,RECEIVED
17966,PO-0017966,103,3,2023-09-15,USD,RECEIVED
17967,PO-0017967,166,7,2023-10-01,USD,RECEIVED
17968,PO-0017968,76,8,2024-10-25,USD,RECEIVED
17969,PO-0017969,367,11,2026-08-28,USD,PARTIAL
17970,PO-0017970,78,2,2023-05-04,USD,RECEIVED
17971,PO-0017971,251,5,2025-01-22,USD,RECEIVED
17972,PO-0017972,406,7,2026-03-20,USD,RECEIVED
17973,PO-0017973,9,3,2023-05-02,USD,RECEIVED
17974,PO-0017974,24,1,2024-07-05,USD,RECEIVED
17975,PO-0017975,175,4,2024-04-01,USD,RECEIVED
17976,PO-0017976,495,2,2023-02-27,USD,RECEIVED
17977,PO-0017977,219,1,2024-01-27,USD,RECEIVED
17978,PO-0017978,333,11,2026-08-04,USD,RECEIVED
17979,PO-0017979,257,4,2023-03-21,USD,RECEIVED
17980,PO-0017980,446,5,2025-10-03,USD,PARTIAL
17981,PO-0017981,75,12,2025-05-27,USD,RECEIVED
17982,PO-0017982,42,9,2024-11-16,USD,RECEIVED
17983,PO-0017983,392,11,2024-12-26,USD,RECEIVED
17984,PO-0017984,345,2,2026-06-23,USD,RECEIVED
17985,PO-0017985,89,9,2024-07-01,USD,OPEN
17986,PO-0017986,387,3,2024-01-12,USD,RECEIVED
17987,PO-0017987,458,4,2026-06-05,USD,RECEIVED
17988,PO-0017988,83,1,2024-11-07,USD,OPEN
17989,PO-0017989,482,8,2024-04-05,USD,CANCELLED
17990,PO-0017990,482,12,2023-07-12,USD,RECEIVED
17991,PO-0017991,364,9,2024-09-20,USD,PARTIAL
17992,PO-0017992,421,9,2024-02-28,USD,RECEIVED
17993,PO-0017993,259,11,2025-08-03,USD,PARTIAL
17994,PO-0017994,278,6,2024-08-27,USD,RECEIVED
17995,PO-0017995,388,9,2025-06-05,USD,RECEIVED
17996,PO-0017996,223,3,2024-08-26,USD,RECEIVED
17997,PO-0017997,223,10,2025-10-04,USD,RECEIVED
17998,PO-0017998,36,1,2026-04-24,USD,RECEIVED
17999,PO-0017999,289,2,2025-10-26,USD,RECEIVED
18000,PO-0018000,420,4,2024-11-15,USD,RECEIVED
18001,PO-0018001,440,3,2023-07-10,USD,RECEIVED
18002,PO-0018002,16,5,2025-01-09,USD,RECEIVED
18003,PO-0018003,67,11,2025-12-13,USD,RECEIVED
18004,PO-0018004,92,11,2025-02-15,USD,RECEIVED
18005,PO-0018005,319,11,2025-12-23,USD,RECEIVED
18006,PO-0018006,142,10,2024-05-17,USD,RECEIVED
18007,PO-0018007,309,1,2026-07-22,USD,PARTIAL
18008,PO-0018008,220,3,2024-08-30,USD,RECEIVED
18009,PO-0018009,151,12,2024-04-29,USD,RECEIVED
18010,PO-0018010,270,6,2024-06-14,USD,RECEIVED
18011,PO-0018011,42,6,2025-11-17,USD,RECEIVED
18012,PO-0018012,444,3,2024-09-20,USD,RECEIVED
18013,PO-0018013,455,5,2025-09-05,USD,RECEIVED
18014,PO-0018014,92,1,2025-10-21,USD,CANCELLED
18015,PO-0018015,405,1,2025-12-01,USD,RECEIVED
18016,PO-0018016,488,2,2024-08-04,USD,RECEIVED
18017,PO-0018017,28,2,2023-12-01,USD,RECEIVED
18018,PO-0018018,274,3,2026-07-19,USD,RECEIVED
18019,PO-0018019,428,8,2025-12-08,USD,RECEIVED
18020,PO-0018020,188,1,2024-01-11,USD,CANCELLED
18021,PO-0018021,387,3,2023-07-04,USD,RECEIVED
18022,PO-0018022,328,1,2023-12-05,USD,PARTIAL
18023,PO-0018023,204,8,2024-06-03,USD,RECEIVED
18024,PO-0018024,193,3,2025-04-26,USD,RECEIVED
18025,PO-0018025,50,3,2025-12-08,USD,RECEIVED
18026,PO-0018026,252,6,2026-04-26,USD,RECEIVED
18027,PO-0018027,447,5,2024-10-17,USD,RECEIVED
18028,PO-0018028,140,11,2026-03-22,USD,PARTIAL
18029,PO-0018029,429,4,2023-09-26,USD,RECEIVED
18030,PO-0018030,391,9,2025-08-07,USD,RECEIVED
18031,PO-0018031,239,8,2023-06-16,USD,RECEIVED
18032,PO-0018032,41,9,2026-08-01,USD,RECEIVED
18033,PO-0018033,382,10,2024-10-04,USD,RECEIVED
18034,PO-0018034,379,6,2025-07-14,USD,CANCELLED
18035,PO-0018035,319,9,2025-05-09,USD,RECEIVED
18036,PO-0018036,288,9,2023-01-24,USD,RECEIVED
18037,PO-0018037,355,11,2023-03-06,USD,CANCELLED
18038,PO-0018038,484,3,2024-01-16,USD,OPEN
18039,PO-0018039,285,2,2023-04-30,USD,OPEN
18040,PO-0018040,353,10,2023-07-26,USD,RECEIVED
18041,PO-0018041,477,8,2024-05-20,USD,RECEIVED
18042,PO-0018042,31,10,2026-09-04,USD,CANCELLED
18043,PO-0018043,423,3,2024-03-07,USD,RECEIVED
18044,PO-0018044,100,10,2025-01-19,USD,RECEIVED
18045,PO-0018045,205,5,2023-06-17,USD,RECEIVED
18046,PO-0018046,40,2,2023-09-11,USD,CANCELLED
18047,PO-0018047,86,12,2024-11-19,USD,RECEIVED
18048,PO-0018048,225,1,2026-04-25,USD,RECEIVED
18049,PO-0018049,56,9,2025-04-05,USD,RECEIVED
18050,PO-0018050,467,4,2024-06-04,USD,RECEIVED
18051,PO-0018051,459,3,2025-01-15,USD,RECEIVED
18052,PO-0018052,435,2,2025-08-11,USD,RECEIVED
18053,PO-0018053,122,12,2024-09-19,USD,RECEIVED
18054,PO-0018054,325,8,2025-04-28,USD,RECEIVED
18055,PO-0018055,120,4,2023-05-26,USD,RECEIVED
18056,PO-0018056,460,6,2023-05-21,USD,PARTIAL
18057,PO-0018057,29,10,2025-04-05,USD,RECEIVED
18058,PO-0018058,458,4,2025-08-07,USD,RECEIVED
18059,PO-0018059,23,2,2024-01-15,USD,RECEIVED
18060,PO-0018060,127,9,2023-08-13,USD,RECEIVED
18061,PO-0018061,356,3,2025-06-04,USD,RECEIVED
18062,PO-0018062,32,2,2024-07-17,USD,OPEN
18063,PO-0018063,489,4,2024-01-10,USD,PARTIAL
18064,PO-0018064,123,4,2023-03-17,USD,RECEIVED
18065,PO-0018065,270,4,2024-01-29,USD,OPEN
18066,PO-0018066,319,4,2023-10-30,USD,PARTIAL
18067,PO-0018067,422,3,2025-02-15,USD,RECEIVED
18068,PO-0018068,141,4,2025-05-21,USD,OPEN
18069,PO-0018069,93,4,2025-08-24,USD,RECEIVED
18070,PO-0018070,493,3,2023-05-28,USD,PARTIAL
18071,PO-0018071,496,10,2025-07-12,USD,RECEIVED
18072,PO-0018072,331,8,2023-04-12,USD,RECEIVED
18073,PO-0018073,486,2,2023-06-29,USD,RECEIVED
18074,PO-0018074,327,3,2025-10-13,USD,RECEIVED
18075,PO-0018075,69,12,2026-03-14,USD,RECEIVED
18076,PO-0018076,484,9,2025-12-05,USD,PARTIAL
18077,PO-0018077,87,10,2026-05-25,USD,RECEIVED
18078,PO-0018078,403,12,2026-03-06,USD,RECEIVED
18079,PO-0018079,476,9,2025-03-06,USD,PARTIAL
18080,PO-0018080,78,11,2026-04-19,USD,OPEN
18081,PO-0018081,363,2,2024-10-08,USD,RECEIVED
18082,PO-0018082,426,2,2025-03-05,USD,RECEIVED
18083,PO-0018083,83,3,2023-09-14,USD,RECEIVED
18084,PO-0018084,378,3,2023-03-16,USD,OPEN
18085,PO-0018085,82,9,2026-10-01,USD,CANCELLED
18086,PO-0018086,433,4,2023-10-05,USD,PARTIAL
18087,PO-0018087,356,1,2026-02-24,USD,RECEIVED
18088,PO-0018088,213,9,2026-06-08,USD,RECEIVED
18089,PO-0018089,16,1,2025-02-04,USD,PARTIAL
18090,PO-0018090,369,1,2025-11-20,USD,OPEN
18091,PO-0018091,311,3,2026-04-08,USD,RECEIVED
18092,PO-0018092,170,2,2024-11-13,USD,RECEIVED
18093,PO-0018093,241,5,2025-06-14,USD,RECEIVED
18094,PO-0018094,209,3,2025-06-09,USD,CANCELLED
18095,PO-0018095,496,4,2025-02-16,USD,RECEIVED
18096,PO-0018096,37,12,2023-07-22,USD,RECEIVED
18097,PO-0018097,477,12,2024-07-27,USD,PARTIAL
18098,PO-0018098,11,6,2025-05-25,USD,RECEIVED
18099,PO-0018099,98,5,2023-06-25,USD,RECEIVED
18100,PO-0018100,460,6,2026-03-31,USD,RECEIVED
18101,PO-0018101,52,11,2024-03-03,USD,RECEIVED
18102,PO-0018102,360,8,2025-04-14,USD,RECEIVED
18103,PO-0018103,289,12,2024-03-31,USD,RECEIVED
18104,PO-0018104,430,8,2023-07-23,USD,RECEIVED
18105,PO-0018105,97,12,2026-07-15,USD,RECEIVED
18106,PO-0018106,393,9,2023-09-06,USD,PARTIAL
18107,PO-0018107,342,9,2024-12-29,USD,RECEIVED
18108,PO-0018108,142,1,2025-12-28,USD,RECEIVED
18109,PO-0018109,300,2,2026-06-06,USD,OPEN
18110,PO-0018110,63,8,2026-05-17,USD,OPEN
18111,PO-0018111,271,11,2024-02-05,USD,PARTIAL
18112,PO-0018112,209,7,2025-03-18,USD,RECEIVED
18113,PO-0018113,13,12,2025-10-27,USD,RECEIVED
18114,PO-0018114,39,5,2025-08-19,USD,RECEIVED
18115,PO-0018115,466,4,2025-11-30,USD,RECEIVED
18116,PO-0018116,333,10,2026-06-28,USD,OPEN
18117,PO-0018117,85,2,2023-02-24,USD,RECEIVED
18118,PO-0018118,310,11,2023-02-21,USD,RECEIVED
18119,PO-0018119,304,11,2026-04-02,USD,CANCELLED
18120,PO-0018120,240,5,2026-04-04,USD,RECEIVED
18121,PO-0018121,365,10,2025-05-16,USD,RECEIVED
18122,PO-0018122,475,8,2024-11-07,USD,OPEN
18123,PO-0018123,199,5,2025-02-02,USD,RECEIVED
18124,PO-0018124,492,7,2024-07-14,USD,RECEIVED
18125,PO-0018125,182,12,2024-12-20,USD,RECEIVED
18126,PO-0018126,68,10,2024-11-20,USD,RECEIVED
18127,PO-0018127,435,5,2026-08-19,USD,RECEIVED
18128,PO-0018128,346,5,2024-02-17,USD,RECEIVED
18129,PO-0018129,382,2,2025-07-29,USD,RECEIVED
18130,PO-0018130,349,8,2024-12-13,USD,RECEIVED
18131,PO-0018131,68,7,2024-12-24,USD,OPEN
18132,PO-0018132,1,7,2025-09-03,USD,PARTIAL
18133,PO-0018133,80,11,2025-06-09,USD,RECEIVED
18134,PO-0018134,49,10,2026-01-30,USD,RECEIVED
18135,PO-0018135,150,4,2023-09-01,USD,CANCELLED
18136,PO-0018136,215,2,2025-11-28,USD,RECEIVED
18137,PO-0018137,167,12,2024-12-02,USD,RECEIVED
18138,PO-0018138,268,9,2024-01-28,USD,RECEIVED
18139,PO-0018139,453,1,2025-05-10,USD,PARTIAL
18140,PO-0018140,179,4,2025-01-26,USD,PARTIAL
18141,PO-0018141,43,12,2023-10-14,USD,RECEIVED
18142,PO-0018142,292,2,2024-07-14,USD,OPEN
18143,PO-0018143,165,12,2026-04-27,USD,RECEIVED
18144,PO-0018144,355,7,2023-10-26,USD,RECEIVED
18145,PO-0018145,348,4,2024-11-18,USD,RECEIVED
18146,PO-0018146,263,1,2023-07-03,USD,RECEIVED
18147,PO-0018147,257,7,2026-08-14,USD,RECEIVED
18148,PO-0018148,262,9,2024-09-12,USD,RECEIVED
18149,PO-0018149,130,4,2024-04-23,USD,RECEIVED
18150,PO-0018150,488,2,2023-10-20,USD,PARTIAL
18151,PO-0018151,265,8,2025-05-30,USD,RECEIVED
18152,PO-0018152,331,2,2023-05-24,USD,CANCELLED
18153,PO-0018153,116,12,2026-06-01,USD,RECEIVED
18154,PO-0018154,280,8,2024-07-05,USD,RECEIVED
18155,PO-0018155,303,2,2024-02-19,USD,RECEIVED
18156,PO-0018156,136,2,2023-02-19,USD,RECEIVED
18157,PO-0018157,75,9,2024-09-30,USD,RECEIVED
18158,PO-0018158,481,9,2026-09-12,USD,CANCELLED
18159,PO-0018159,9,9,2023-03-25,USD,RECEIVED
18160,PO-0018160,108,12,2024-02-19,USD,RECEIVED
18161,PO-0018161,393,5,2025-04-11,USD,RECEIVED
18162,PO-0018162,10,7,2025-07-13,USD,RECEIVED
18163,PO-0018163,461,3,2024-09-14,USD,RECEIVED
18164,PO-0018164,226,8,2023-09-11,USD,CANCELLED
18165,PO-0018165,10,8,2023-12-03,USD,RECEIVED
18166,PO-0018166,423,12,2024-02-01,USD,OPEN
18167,PO-0018167,302,9,2026-05-21,USD,RECEIVED
18168,PO-0018168,129,11,2023-04-12,USD,RECEIVED
18169,PO-0018169,70,1,2025-03-06,USD,PARTIAL
18170,PO-0018170,429,5,2026-07-17,USD,RECEIVED
18171,PO-0018171,144,5,2023-04-25,USD,CANCELLED
18172,PO-0018172,398,7,2026-05-19,USD,RECEIVED
18173,PO-0018173,352,12,2025-06-18,USD,RECEIVED
18174,PO-0018174,360,9,2024-11-28,USD,RECEIVED
18175,PO-0018175,277,5,2025-05-26,USD,RECEIVED
18176,PO-0018176,36,4,2023-01-28,USD,RECEIVED
18177,PO-0018177,233,7,2026-04-08,USD,PARTIAL
18178,PO-0018178,292,7,2025-02-20,USD,RECEIVED
18179,PO-0018179,34,10,2025-03-27,USD,PARTIAL
18180,PO-0018180,317,10,2026-04-08,USD,RECEIVED
18181,PO-0018181,254,4,2024-04-05,USD,RECEIVED
18182,PO-0018182,73,3,2026-06-24,USD,RECEIVED
18183,PO-0018183,102,3,2024-12-19,USD,RECEIVED
18184,PO-0018184,42,10,2023-09-05,USD,CANCELLED
18185,PO-0018185,23,7,2023-01-27,USD,RECEIVED
18186,PO-0018186,138,6,2025-03-16,USD,RECEIVED
18187,PO-0018187,422,5,2026-02-06,USD,RECEIVED
18188,PO-0018188,177,10,2025-04-16,USD,CANCELLED
18189,PO-0018189,186,8,2026-08-04,USD,RECEIVED
18190,PO-0018190,208,11,2023-05-04,USD,RECEIVED
18191,PO-0018191,403,11,2026-05-21,USD,RECEIVED
18192,PO-0018192,35,6,2026-05-25,USD,RECEIVED
18193,PO-0018193,419,3,2024-11-29,USD,RECEIVED
18194,PO-0018194,470,11,2023-12-07,USD,RECEIVED
18195,PO-0018195,27,3,2024-07-16,USD,RECEIVED
18196,PO-0018196,40,1,2025-03-19,USD,OPEN
18197,PO-0018197,131,8,2023-08-31,USD,RECEIVED
18198,PO-0018198,381,5,2024-08-03,USD,OPEN
18199,PO-0018199,268,9,2024-09-11,USD,RECEIVED
18200,PO-0018200,184,4,2023-05-16,USD,RECEIVED
18201,PO-0018201,180,10,2026-04-24,USD,PARTIAL
18202,PO-0018202,393,3,2024-01-02,USD,RECEIVED
18203,PO-0018203,140,8,2023-03-12,USD,RECEIVED
18204,PO-0018204,245,4,2023-04-09,USD,RECEIVED
18205,PO-0018205,264,1,2023-05-05,USD,PARTIAL
18206,PO-0018206,32,8,2026-06-18,USD,RECEIVED
18207,PO-0018207,298,2,2024-02-01,USD,RECEIVED
18208,PO-0018208,69,12,2026-09-02,USD,RECEIVED
18209,PO-0018209,322,7,2023-02-17,USD,CANCELLED
18210,PO-0018210,371,3,2024-06-18,USD,PARTIAL
18211,PO-0018211,307,8,2024-08-07,USD,RECEIVED
18212,PO-0018212,24,8,2024-10-08,USD,PARTIAL
18213,PO-0018213,471,5,2023-07-17,USD,RECEIVED
18214,PO-0018214,171,2,2025-07-14,USD,CANCELLED
18215,PO-0018215,406,1,2025-09-19,USD,RECEIVED
18216,PO-0018216,454,7,2023-03-05,USD,RECEIVED
18217,PO-0018217,197,2,2024-01-02,USD,RECEIVED
18218,PO-0018218,463,11,2023-02-21,USD,RECEIVED
18219,PO-0018219,180,10,2026-08-13,USD,RECEIVED
18220,PO-0018220,396,6,2023-03-15,USD,RECEIVED
18221,PO-0018221,405,7,2026-02-07,USD,CANCELLED
18222,PO-0018222,31,10,2026-03-14,USD,RECEIVED
18223,PO-0018223,380,4,2023-02-24,USD,CANCELLED
18224,PO-0018224,199,8,2025-05-04,USD,RECEIVED
18225,PO-0018225,43,12,2026-03-10,USD,RECEIVED
18226,PO-0018226,218,5,2023-04-20,USD,RECEIVED
18227,PO-0018227,323,3,2025-01-24,USD,PARTIAL
18228,PO-0018228,353,4,2023-06-02,USD,RECEIVED
18229,PO-0018229,375,6,2026-01-26,USD,RECEIVED
18230,PO-0018230,105,6,2023-10-03,USD,OPEN
18231,PO-0018231,148,11,2025-01-02,USD,CANCELLED
18232,PO-0018232,469,4,2024-10-17,USD,RECEIVED
18233,PO-0018233,125,12,2026-04-30,USD,RECEIVED
18234,PO-0018234,188,12,2024-11-05,USD,RECEIVED
18235,PO-0018235,311,11,2026-08-05,USD,CANCELLED
18236,PO-0018236,381,2,2023-12-19,USD,RECEIVED
18237,PO-0018237,110,2,2023-05-15,USD,RECEIVED
18238,PO-0018238,417,11,2025-04-10,USD,RECEIVED
18239,PO-0018239,63,2,2024-01-04,USD,RECEIVED
18240,PO-0018240,278,2,2023-08-06,USD,RECEIVED
18241,PO-0018241,57,7,2024-07-09,USD,CANCELLED
18242,PO-0018242,430,7,2024-04-02,USD,RECEIVED
18243,PO-0018243,42,12,2025-11-07,USD,CANCELLED
18244,PO-0018244,55,6,2025-02-13,USD,CANCELLED
18245,PO-0018245,408,6,2023-09-22,USD,RECEIVED
18246,PO-0018246,175,9,2025-03-21,USD,RECEIVED
18247,PO-0018247,416,8,2023-10-11,USD,RECEIVED
18248,PO-0018248,219,1,2025-12-21,USD,RECEIVED
18249,PO-0018249,52,11,2023-10-03,USD,RECEIVED
18250,PO-0018250,214,6,2026-08-12,USD,RECEIVED
18251,PO-0018251,274,10,2026-02-15,USD,RECEIVED
18252,PO-0018252,101,9,2025-10-06,USD,RECEIVED
18253,PO-0018253,388,1,2026-08-04,USD,RECEIVED
18254,PO-0018254,376,4,2026-09-06,USD,RECEIVED
18255,PO-0018255,14,4,2025-08-01,USD,RECEIVED
18256,PO-0018256,86,3,2025-12-09,USD,RECEIVED
18257,PO-0018257,237,10,2026-03-30,USD,RECEIVED
18258,PO-0018258,227,12,2025-03-04,USD,RECEIVED
18259,PO-0018259,182,10,2023-10-09,USD,RECEIVED
18260,PO-0018260,186,9,2025-10-30,USD,CANCELLED
18261,PO-0018261,337,4,2026-08-29,USD,PARTIAL
18262,PO-0018262,386,9,2024-10-09,USD,RECEIVED
18263,PO-0018263,319,2,2026-07-16,USD,RECEIVED
18264,PO-0018264,176,6,2023-10-24,USD,RECEIVED
18265,PO-0018265,260,12,2023-12-13,USD,RECEIVED
18266,PO-0018266,468,9,2024-08-09,USD,OPEN
18267,PO-0018267,132,9,2025-02-23,USD,OPEN
18268,PO-0018268,119,11,2026-09-19,USD,RECEIVED
18269,PO-0018269,426,9,2024-08-13,USD,PARTIAL
18270,PO-0018270,51,11,2023-06-21,USD,PARTIAL
18271,PO-0018271,478,6,2024-08-26,USD,RECEIVED
18272,PO-0018272,200,12,2026-04-19,USD,RECEIVED
18273,PO-0018273,138,11,2025-09-17,USD,PARTIAL
18274,PO-0018274,261,7,2024-12-05,USD,RECEIVED
18275,PO-0018275,440,6,2023-01-20,USD,RECEIVED
18276,PO-0018276,330,1,2025-04-02,USD,RECEIVED
18277,PO-0018277,134,3,2024-09-03,USD,RECEIVED
18278,PO-0018278,432,11,2024-02-11,USD,RECEIVED
18279,PO-0018279,242,4,2025-04-24,USD,RECEIVED
18280,PO-0018280,44,11,2023-08-16,USD,OPEN
18281,PO-0018281,144,11,2024-12-27,USD,RECEIVED
18282,PO-0018282,423,12,2025-06-22,USD,RECEIVED
18283,PO-0018283,3,10,2024-07-28,USD,RECEIVED
18284,PO-0018284,250,12,2023-11-07,USD,RECEIVED
18285,PO-0018285,177,4,2026-08-16,USD,RECEIVED
18286,PO-0018286,21,7,2026-06-01,USD,RECEIVED
18287,PO-0018287,311,10,2025-10-17,USD,RECEIVED
18288,PO-0018288,191,5,2026-06-06,USD,RECEIVED
18289,PO-0018289,237,8,2025-03-02,USD,OPEN
18290,PO-0018290,402,6,2024-05-31,USD,RECEIVED
18291,PO-0018291,151,11,2023-09-15,USD,RECEIVED
18292,PO-0018292,216,2,2026-06-20,USD,RECEIVED
18293,PO-0018293,28,8,2026-03-12,USD,RECEIVED
18294,PO-0018294,474,4,2024-07-28,USD,RECEIVED
18295,PO-0018295,415,7,2023-08-15,USD,OPEN
18296,PO-0018296,283,12,2023-04-17,USD,RECEIVED
18297,PO-0018297,16,3,2025-10-23,USD,RECEIVED
18298,PO-0018298,57,4,2023-03-26,USD,RECEIVED
18299,PO-0018299,71,3,2025-11-13,USD,RECEIVED
18300,PO-0018300,84,2,2023-08-18,USD,RECEIVED
18301,PO-0018301,453,9,2026-07-13,USD,RECEIVED
18302,PO-0018302,276,7,2025-12-26,USD,RECEIVED
18303,PO-0018303,428,7,2023-02-05,USD,CANCELLED
18304,PO-0018304,130,3,2023-02-21,USD,RECEIVED
18305,PO-0018305,419,3,2024-03-21,USD,OPEN
18306,PO-0018306,92,8,2026-03-01,USD,PARTIAL
18307,PO-0018307,397,5,2023-04-13,USD,OPEN
18308,PO-0018308,220,11,2025-08-24,USD,CANCELLED
18309,PO-0018309,193,9,2026-07-23,USD,RECEIVED
18310,PO-0018310,442,2,2025-03-01,USD,OPEN
18311,PO-0018311,119,11,2023-05-06,USD,RECEIVED
18312,PO-0018312,63,9,2025-10-01,USD,RECEIVED
18313,PO-0018313,474,2,2025-09-16,USD,RECEIVED
18314,PO-0018314,47,6,2024-12-27,USD,RECEIVED
18315,PO-0018315,288,3,2024-05-23,USD,RECEIVED
18316,PO-0018316,148,7,2025-06-02,USD,RECEIVED
18317,PO-0018317,28,6,2023-10-06,USD,CANCELLED
18318,PO-0018318,233,4,2025-05-05,USD,PARTIAL
18319,PO-0018319,248,12,2026-05-05,USD,PARTIAL
18320,PO-0018320,5,11,2024-05-11,USD,CANCELLED
18321,PO-0018321,222,3,2024-03-12,USD,RECEIVED
18322,PO-0018322,151,10,2026-08-17,USD,RECEIVED
18323,PO-0018323,434,10,2023-07-21,USD,RECEIVED
18324,PO-0018324,416,1,2025-11-30,USD,RECEIVED
18325,PO-0018325,466,7,2025-09-15,USD,RECEIVED
18326,PO-0018326,421,8,2024-09-15,USD,RECEIVED
18327,PO-0018327,246,5,2025-02-27,USD,RECEIVED
18328,PO-0018328,40,7,2025-01-22,USD,OPEN
18329,PO-0018329,29,12,2024-08-09,USD,CANCELLED
18330,PO-0018330,145,12,2025-03-30,USD,RECEIVED
18331,PO-0018331,246,7,2024-06-02,USD,RECEIVED
18332,PO-0018332,317,3,2025-01-27,USD,RECEIVED
18333,PO-0018333,212,3,2025-08-30,USD,RECEIVED
18334,PO-0018334,163,7,2026-08-24,USD,RECEIVED
18335,PO-0018335,440,1,2025-02-02,USD,RECEIVED
18336,PO-0018336,497,6,2023-07-20,USD,RECEIVED
18337,PO-0018337,283,2,2025-07-13,USD,RECEIVED
18338,PO-0018338,13,10,2025-07-22,USD,OPEN
18339,PO-0018339,466,1,2026-02-07,USD,RECEIVED
18340,PO-0018340,380,5,2026-09-02,USD,RECEIVED
18341,PO-0018341,480,9,2023-04-11,USD,RECEIVED
18342,PO-0018342,444,11,2023-10-28,USD,CANCELLED
18343,PO-0018343,409,6,2024-02-23,USD,CANCELLED
18344,PO-0018344,482,12,2023-03-28,USD,CANCELLED
18345,PO-0018345,445,3,2023-02-26,USD,RECEIVED
18346,PO-0018346,449,6,2024-09-19,USD,RECEIVED
18347,PO-0018347,296,3,2025-02-21,USD,RECEIVED
18348,PO-0018348,480,11,2023-09-26,USD,PARTIAL
18349,PO-0018349,3,10,2024-10-22,USD,OPEN
18350,PO-0018350,130,2,2025-08-11,USD,RECEIVED
18351,PO-0018351,61,7,2024-04-28,USD,CANCELLED
18352,PO-0018352,99,1,2024-05-08,USD,RECEIVED
18353,PO-0018353,77,9,2026-03-27,USD,RECEIVED
18354,PO-0018354,32,12,2023-12-01,USD,OPEN
18355,PO-0018355,358,3,2025-03-26,USD,RECEIVED
18356,PO-0018356,219,4,2024-01-01,USD,CANCELLED
18357,PO-0018357,275,9,2023-05-08,USD,CANCELLED
18358,PO-0018358,319,8,2023-03-29,USD,OPEN
18359,PO-0018359,116,9,2023-08-11,USD,RECEIVED
18360,PO-0018360,339,6,2025-05-08,USD,CANCELLED
18361,PO-0018361,434,12,2026-03-21,USD,CANCELLED
18362,PO-0018362,302,1,2024-05-08,USD,OPEN
18363,PO-0018363,252,1,2025-03-18,USD,PARTIAL
18364,PO-0018364,406,11,2024-01-02,USD,PARTIAL
18365,PO-0018365,137,1,2023-03-15,USD,PARTIAL
18366,PO-0018366,458,12,2026-08-18,USD,RECEIVED
18367,PO-0018367,107,12,2023-02-25,USD,OPEN
18368,PO-0018368,331,1,2025-06-16,USD,RECEIVED
18369,PO-0018369,363,2,2024-06-03,USD,RECEIVED
18370,PO-0018370,325,10,2023-05-31,USD,CANCELLED
18371,PO-0018371,342,5,2024-04-23,USD,RECEIVED
18372,PO-0018372,83,8,2023-06-22,USD,OPEN
18373,PO-0018373,375,3,2025-12-05,USD,CANCELLED
18374,PO-0018374,136,10,2025-07-27,USD,PARTIAL
18375,PO-0018375,217,12,2025-11-15,USD,RECEIVED
18376,PO-0018376,139,9,2025-05-09,USD,OPEN
18377,PO-0018377,257,9,2026-07-06,USD,RECEIVED
18378,PO-0018378,269,5,2023-09-06,USD,CANCELLED
18379,PO-0018379,481,10,2023-11-30,USD,CANCELLED
18380,PO-0018380,222,7,2025-02-01,USD,CANCELLED
18381,PO-0018381,55,8,2025-09-05,USD,PARTIAL
18382,PO-0018382,128,11,2023-09-06,USD,OPEN
18383,PO-0018383,190,2,2026-01-11,USD,CANCELLED
18384,PO-0018384,71,2,2023-06-11,USD,RECEIVED
18385,PO-0018385,110,1,2026-06-12,USD,RECEIVED
18386,PO-0018386,307,3,2024-11-08,USD,RECEIVED
18387,PO-0018387,401,8,2025-06-17,USD,RECEIVED
18388,PO-0018388,345,11,2026-01-22,USD,CANCELLED
18389,PO-0018389,243,2,2024-11-08,USD,RECEIVED
18390,PO-0018390,405,2,2025-12-22,USD,RECEIVED
18391,PO-0018391,214,5,2024-09-28,USD,RECEIVED
18392,PO-0018392,298,7,2023-05-18,USD,CANCELLED
18393,PO-0018393,68,4,2023-01-18,USD,RECEIVED
18394,PO-0018394,75,1,2026-03-25,USD,PARTIAL
18395,PO-0018395,228,7,2026-08-23,USD,RECEIVED
18396,PO-0018396,373,6,2023-11-19,USD,PARTIAL
18397,PO-0018397,302,11,2025-05-10,USD,RECEIVED
18398,PO-0018398,244,12,2023-05-19,USD,RECEIVED
18399,PO-0018399,265,5,2024-03-06,USD,RECEIVED
18400,PO-0018400,247,1,2023-03-01,USD,RECEIVED
18401,PO-0018401,418,7,2025-09-09,USD,RECEIVED
18402,PO-0018402,207,1,2025-01-08,USD,RECEIVED
18403,PO-0018403,154,4,2024-06-30,USD,OPEN
18404,PO-0018404,378,4,2023-01-24,USD,RECEIVED
18405,PO-0018405,172,12,2025-04-23,USD,OPEN
18406,PO-0018406,499,5,2025-12-16,USD,PARTIAL
18407,PO-0018407,443,10,2024-03-28,USD,RECEIVED
18408,PO-0018408,351,3,2024-04-26,USD,RECEIVED
18409,PO-0018409,41,1,2025-01-17,USD,RECEIVED
18410,PO-0018410,114,8,2023-11-19,USD,RECEIVED
18411,PO-0018411,406,7,2024-01-05,USD,OPEN
18412,PO-0018412,49,7,2024-08-07,USD,RECEIVED
18413,PO-0018413,485,11,2026-06-23,USD,RECEIVED
18414,PO-0018414,241,8,2025-10-28,USD,RECEIVED
18415,PO-0018415,424,12,2024-10-22,USD,RECEIVED
18416,PO-0018416,109,7,2024-04-25,USD,RECEIVED
18417,PO-0018417,476,10,2025-10-14,USD,PARTIAL
18418,PO-0018418,168,5,2025-12-28,USD,PARTIAL
18419,PO-0018419,118,12,2024-06-26,USD,RECEIVED
18420,PO-0018420,34,10,2023-07-30,USD,PARTIAL
18421,PO-0018421,274,7,2024-02-08,USD,RECEIVED
18422,PO-0018422,124,3,2026-08-22,USD,RECEIVED
18423,PO-0018423,106,9,2023-09-14,USD,RECEIVED
18424,PO-0018424,106,10,2025-05-03,USD,RECEIVED
18425,PO-0018425,83,11,2025-08-26,USD,RECEIVED
18426,PO-0018426,51,7,2025-08-15,USD,RECEIVED
18427,PO-0018427,81,5,2026-08-15,USD,RECEIVED
18428,PO-0018428,61,4,2024-06-05,USD,CANCELLED
18429,PO-0018429,450,4,2026-08-06,USD,RECEIVED
18430,PO-0018430,122,1,2025-08-13,USD,OPEN
18431,PO-0018431,254,4,2025-06-26,USD,RECEIVED
18432,PO-0018432,376,12,2023-12-19,USD,CANCELLED
18433,PO-0018433,486,12,2025-11-04,USD,RECEIVED
18434,PO-0018434,488,12,2026-07-07,USD,RECEIVED
18435,PO-0018435,426,10,2024-06-01,USD,RECEIVED
18436,PO-0018436,152,1,2023-08-01,USD,RECEIVED
18437,PO-0018437,300,10,2023-07-16,USD,CANCELLED
18438,PO-0018438,221,5,2024-08-22,USD,OPEN
18439,PO-0018439,460,6,2026-09-12,USD,RECEIVED
18440,PO-0018440,440,9,2024-12-13,USD,OPEN
18441,PO-0018441,302,12,2024-07-02,USD,CANCELLED
18442,PO-0018442,316,12,2024-02-01,USD,PARTIAL
18443,PO-0018443,474,4,2024-03-26,USD,PARTIAL
18444,PO-0018444,228,4,2023-10-13,USD,RECEIVED
18445,PO-0018445,2,5,2024-06-03,USD,CANCELLED
18446,PO-0018446,456,12,2026-07-13,USD,RECEIVED
18447,PO-0018447,25,9,2026-05-12,USD,RECEIVED
18448,PO-0018448,398,9,2024-01-13,USD,CANCELLED
18449,PO-0018449,106,6,2024-08-05,USD,RECEIVED
18450,PO-0018450,319,4,2023-10-10,USD,RECEIVED
18451,PO-0018451,34,8,2025-08-09,USD,CANCELLED
18452,PO-0018452,189,2,2026-05-05,USD,RECEIVED
18453,PO-0018453,466,12,2025-08-24,USD,OPEN
18454,PO-0018454,418,9,2024-09-09,USD,OPEN
18455,PO-0018455,251,10,2024-12-18,USD,OPEN
18456,PO-0018456,428,8,2026-08-08,USD,RECEIVED
18457,PO-0018457,496,1,2023-03-05,USD,RECEIVED
18458,PO-0018458,397,2,2023-09-09,USD,RECEIVED
18459,PO-0018459,300,6,2026-07-20,USD,RECEIVED
18460,PO-0018460,388,10,2026-01-09,USD,RECEIVED
18461,PO-0018461,130,6,2023-10-12,USD,RECEIVED
18462,PO-0018462,159,3,2023-07-07,USD,RECEIVED
18463,PO-0018463,152,8,2024-05-16,USD,RECEIVED
18464,PO-0018464,388,1,2025-08-18,USD,CANCELLED
18465,PO-0018465,289,6,2026-04-21,USD,RECEIVED
18466,PO-0018466,87,4,2024-12-14,USD,RECEIVED
18467,PO-0018467,337,5,2023-01-12,USD,RECEIVED
18468,PO-0018468,452,11,2023-08-10,USD,RECEIVED
18469,PO-0018469,347,12,2026-06-05,USD,RECEIVED
18470,PO-0018470,54,4,2025-09-25,USD,PARTIAL
18471,PO-0018471,90,4,2025-10-07,USD,OPEN
18472,PO-0018472,471,10,2025-10-18,USD,RECEIVED
18473,PO-0018473,242,4,2023-04-30,USD,RECEIVED
18474,PO-0018474,275,1,2026-08-16,USD,OPEN
18475,PO-0018475,396,9,2026-04-10,USD,RECEIVED
18476,PO-0018476,409,1,2026-02-18,USD,RECEIVED
18477,PO-0018477,304,3,2024-01-08,USD,OPEN
18478,PO-0018478,411,8,2024-08-16,USD,RECEIVED
18479,PO-0018479,302,1,2025-05-19,USD,RECEIVED
18480,PO-0018480,100,3,2024-01-20,USD,RECEIVED
18481,PO-0018481,205,10,2024-05-26,USD,CANCELLED
18482,PO-0018482,400,9,2026-03-28,USD,OPEN
18483,PO-0018483,373,8,2026-08-20,USD,CANCELLED
18484,PO-0018484,451,1,2024-11-30,USD,RECEIVED
18485,PO-0018485,457,12,2025-01-24,USD,RECEIVED
18486,PO-0018486,123,1,2023-06-21,USD,RECEIVED
18487,PO-0018487,68,9,2024-02-06,USD,RECEIVED
18488,PO-0018488,227,10,2026-06-25,USD,RECEIVED
18489,PO-0018489,457,5,2026-07-11,USD,OPEN
18490,PO-0018490,96,2,2025-10-04,USD,RECEIVED
18491,PO-0018491,149,8,2025-07-02,USD,RECEIVED
18492,PO-0018492,222,8,2024-07-06,USD,RECEIVED
18493,PO-0018493,61,3,2024-03-21,USD,CANCELLED
18494,PO-0018494,55,3,2023-07-21,USD,RECEIVED
18495,PO-0018495,298,7,2026-03-14,USD,CANCELLED
18496,PO-0018496,320,11,2023-09-06,USD,PARTIAL
18497,PO-0018497,376,12,2024-11-23,USD,OPEN
18498,PO-0018498,384,3,2024-05-01,USD,RECEIVED
18499,PO-0018499,402,10,2023-05-08,USD,CANCELLED
18500,PO-0018500,14,9,2023-10-04,USD,RECEIVED
18501,PO-0018501,486,11,2023-02-28,USD,CANCELLED
18502,PO-0018502,194,1,2023-05-18,USD,RECEIVED
18503,PO-0018503,251,6,2023-04-04,USD,RECEIVED
18504,PO-0018504,131,9,2025-01-28,USD,CANCELLED
18505,PO-0018505,215,11,2026-03-11,USD,OPEN
18506,PO-0018506,329,2,2025-05-14,USD,RECEIVED
18507,PO-0018507,102,3,2024-09-24,USD,RECEIVED
18508,PO-0018508,228,6,2026-06-30,USD,RECEIVED
18509,PO-0018509,314,4,2024-11-29,USD,RECEIVED
18510,PO-0018510,319,2,2025-08-28,USD,RECEIVED
18511,PO-0018511,127,7,2024-10-04,USD,RECEIVED
18512,PO-0018512,441,12,2024-02-19,USD,RECEIVED
18513,PO-0018513,330,8,2026-01-12,USD,RECEIVED
18514,PO-0018514,160,9,2024-02-04,USD,RECEIVED
18515,PO-0018515,424,4,2023-03-24,USD,RECEIVED
18516,PO-0018516,231,7,2025-10-02,USD,CANCELLED
18517,PO-0018517,145,12,2025-12-16,USD,RECEIVED
18518,PO-0018518,399,3,2025-10-10,USD,RECEIVED
18519,PO-0018519,269,12,2024-03-29,USD,RECEIVED
18520,PO-0018520,173,11,2026-09-17,USD,RECEIVED
18521,PO-0018521,134,11,2023-11-13,USD,RECEIVED
18522,PO-0018522,14,7,2026-04-03,USD,RECEIVED
18523,PO-0018523,391,6,2026-07-26,USD,RECEIVED
18524,PO-0018524,275,8,2024-10-21,USD,OPEN
18525,PO-0018525,229,8,2023-03-26,USD,RECEIVED
18526,PO-0018526,208,7,2024-12-25,USD,PARTIAL
18527,PO-0018527,11,1,2023-10-20,USD,PARTIAL
18528,PO-0018528,41,3,2024-03-23,USD,CANCELLED
18529,PO-0018529,120,10,2023-10-25,USD,CANCELLED
18530,PO-0018530,345,1,2026-09-18,USD,RECEIVED
18531,PO-0018531,85,8,2024-06-02,USD,PARTIAL
18532,PO-0018532,465,10,2025-11-08,USD,OPEN
18533,PO-0018533,285,6,2026-08-30,USD,RECEIVED
18534,PO-0018534,483,4,2024-02-28,USD,PARTIAL
18535,PO-0018535,487,1,2025-11-20,USD,RECEIVED
18536,PO-0018536,429,9,2026-07-14,USD,RECEIVED
18537,PO-0018537,282,11,2024-01-10,USD,RECEIVED
18538,PO-0018538,350,7,2026-04-09,USD,OPEN
18539,PO-0018539,57,12,2023-02-10,USD,RECEIVED
18540,PO-0018540,122,7,2026-06-12,USD,RECEIVED
18541,PO-0018541,41,4,2026-07-22,USD,RECEIVED
18542,PO-0018542,145,1,2024-09-22,USD,RECEIVED
18543,PO-0018543,229,9,2023-06-22,USD,RECEIVED
18544,PO-0018544,176,1,2024-06-09,USD,CANCELLED
18545,PO-0018545,282,6,2026-05-21,USD,CANCELLED
18546,PO-0018546,307,9,2024-03-21,USD,CANCELLED
18547,PO-0018547,28,6,2026-08-07,USD,PARTIAL
18548,PO-0018548,471,4,2025-05-23,USD,RECEIVED
18549,PO-0018549,443,10,2024-02-09,USD,RECEIVED
18550,PO-0018550,159,1,2023-12-24,USD,RECEIVED
18551,PO-0018551,146,8,2026-06-05,USD,OPEN
18552,PO-0018552,201,8,2026-01-16,USD,RECEIVED
18553,PO-0018553,351,11,2025-10-11,USD,RECEIVED
18554,PO-0018554,70,10,2025-07-15,USD,RECEIVED
18555,PO-0018555,120,2,2025-03-03,USD,RECEIVED
18556,PO-0018556,203,3,2024-12-24,USD,RECEIVED
18557,PO-0018557,274,5,2023-10-05,USD,OPEN
18558,PO-0018558,32,1,2024-06-19,USD,PARTIAL
18559,PO-0018559,307,6,2025-04-17,USD,CANCELLED
18560,PO-0018560,372,5,2025-08-06,USD,OPEN
18561,PO-0018561,330,2,2023-07-05,USD,RECEIVED
18562,PO-0018562,460,3,2024-10-31,USD,RECEIVED
18563,PO-0018563,361,4,2023-05-24,USD,RECEIVED
18564,PO-0018564,51,6,2025-12-19,USD,RECEIVED
18565,PO-0018565,234,1,2025-08-12,USD,CANCELLED
18566,PO-0018566,141,3,2025-07-20,USD,RECEIVED
18567,PO-0018567,255,8,2026-02-02,USD,RECEIVED
18568,PO-0018568,264,8,2023-02-17,USD,RECEIVED
18569,PO-0018569,437,2,2023-04-07,USD,PARTIAL
18570,PO-0018570,169,4,2026-08-01,USD,RECEIVED
18571,PO-0018571,11,7,2024-06-18,USD,RECEIVED
18572,PO-0018572,101,3,2023-06-11,USD,RECEIVED
18573,PO-0018573,218,5,2025-12-13,USD,PARTIAL
18574,PO-0018574,346,2,2023-05-05,USD,RECEIVED
18575,PO-0018575,360,5,2023-07-01,USD,RECEIVED
18576,PO-0018576,432,3,2023-04-26,USD,RECEIVED
18577,PO-0018577,248,3,2023-12-30,USD,CANCELLED
18578,PO-0018578,223,6,2023-05-24,USD,RECEIVED
18579,PO-0018579,422,3,2023-09-14,USD,PARTIAL
18580,PO-0018580,82,12,2023-04-13,USD,OPEN
18581,PO-0018581,159,4,2026-05-23,USD,RECEIVED
18582,PO-0018582,259,1,2025-04-21,USD,RECEIVED
18583,PO-0018583,340,5,2024-03-29,USD,RECEIVED
18584,PO-0018584,487,5,2026-07-02,USD,RECEIVED
18585,PO-0018585,241,5,2026-06-24,USD,CANCELLED
18586,PO-0018586,189,4,2025-08-29,USD,RECEIVED
18587,PO-0018587,141,6,2023-04-06,USD,RECEIVED
18588,PO-0018588,64,8,2024-03-10,USD,RECEIVED
18589,PO-0018589,113,10,2026-09-26,USD,RECEIVED
18590,PO-0018590,391,5,2025-01-05,USD,RECEIVED
18591,PO-0018591,94,3,2026-02-18,USD,CANCELLED
18592,PO-0018592,332,10,2024-08-18,USD,RECEIVED
18593,PO-0018593,275,9,2025-11-04,USD,RECEIVED
18594,PO-0018594,250,12,2025-09-18,USD,CANCELLED
18595,PO-0018595,196,10,2023-04-10,USD,RECEIVED
18596,PO-0018596,25,12,2023-05-31,USD,RECEIVED
18597,PO-0018597,446,12,2026-01-14,USD,CANCELLED
18598,PO-0018598,35,4,2025-11-20,USD,RECEIVED
18599,PO-0018599,343,8,2026-03-07,USD,RECEIVED
18600,PO-0018600,135,7,2026-07-13,USD,RECEIVED
18601,PO-0018601,231,9,2025-11-24,USD,RECEIVED
18602,PO-0018602,232,8,2023-01-15,USD,RECEIVED
18603,PO-0018603,395,10,2024-07-07,USD,RECEIVED
18604,PO-0018604,138,1,2023-02-16,USD,PARTIAL
18605,PO-0018605,112,1,2023-05-23,USD,RECEIVED
18606,PO-0018606,476,1,2026-06-03,USD,RECEIVED
18607,PO-0018607,133,8,2024-03-10,USD,CANCELLED
18608,PO-0018608,223,7,2024-12-28,USD,RECEIVED
18609,PO-0018609,330,2,2025-12-23,USD,CANCELLED
18610,PO-0018610,62,7,2025-09-26,USD,RECEIVED
18611,PO-0018611,268,12,2024-11-01,USD,RECEIVED
18612,PO-0018612,69,11,2024-11-15,USD,PARTIAL
18613,PO-0018613,356,8,2025-10-16,USD,RECEIVED
18614,PO-0018614,102,7,2025-09-05,USD,RECEIVED
18615,PO-0018615,361,4,2024-08-26,USD,RECEIVED
18616,PO-0018616,79,3,2023-01-29,USD,RECEIVED
18617,PO-0018617,203,6,2023-02-06,USD,RECEIVED
18618,PO-0018618,434,4,2025-01-15,USD,OPEN
18619,PO-0018619,190,1,2024-08-15,USD,RECEIVED
18620,PO-0018620,255,3,2023-01-28,USD,RECEIVED
18621,PO-0018621,238,1,2025-08-31,USD,RECEIVED
18622,PO-0018622,372,5,2025-09-11,USD,RECEIVED
18623,PO-0018623,481,9,2023-10-25,USD,RECEIVED
18624,PO-0018624,489,3,2023-02-05,USD,RECEIVED
18625,PO-0018625,146,7,2025-07-01,USD,OPEN
18626,PO-0018626,151,12,2024-05-05,USD,RECEIVED
18627,PO-0018627,461,8,2023-07-20,USD,OPEN
18628,PO-0018628,272,9,2024-02-25,USD,RECEIVED
18629,PO-0018629,399,8,2025-12-17,USD,OPEN
18630,PO-0018630,140,1,2023-09-22,USD,RECEIVED
18631,PO-0018631,197,11,2023-11-02,USD,OPEN
18632,PO-0018632,72,8,2024-11-20,USD,RECEIVED
18633,PO-0018633,231,2,2024-03-14,USD,RECEIVED
18634,PO-0018634,160,9,2023-05-05,USD,CANCELLED
18635,PO-0018635,64,4,2026-03-22,USD,RECEIVED
18636,PO-0018636,437,2,2024-05-14,USD,RECEIVED
18637,PO-0018637,30,5,2025-08-10,USD,RECEIVED
18638,PO-0018638,22,9,2023-11-05,USD,RECEIVED
18639,PO-0018639,22,1,2025-04-10,USD,RECEIVED
18640,PO-0018640,329,4,2023-05-14,USD,PARTIAL
18641,PO-0018641,93,8,2025-03-08,USD,RECEIVED
18642,PO-0018642,95,8,2025-05-17,USD,OPEN
18643,PO-0018643,379,9,2026-04-21,USD,RECEIVED
18644,PO-0018644,459,7,2024-08-03,USD,RECEIVED
18645,PO-0018645,247,3,2023-10-02,USD,RECEIVED
18646,PO-0018646,59,1,2024-05-03,USD,RECEIVED
18647,PO-0018647,373,6,2025-04-30,USD,CANCELLED
18648,PO-0018648,154,6,2023-11-05,USD,CANCELLED
18649,PO-0018649,173,6,2023-10-18,USD,RECEIVED
18650,PO-0018650,161,5,2026-09-09,USD,RECEIVED
18651,PO-0018651,362,12,2025-08-30,USD,CANCELLED
18652,PO-0018652,259,1,2024-05-21,USD,RECEIVED
18653,PO-0018653,374,10,2023-01-02,USD,CANCELLED
18654,PO-0018654,194,2,2024-12-28,USD,RECEIVED
18655,PO-0018655,140,6,2026-07-26,USD,RECEIVED
18656,PO-0018656,71,11,2026-09-01,USD,CANCELLED
18657,PO-0018657,93,2,2024-01-27,USD,RECEIVED
18658,PO-0018658,443,1,2026-04-18,USD,RECEIVED
18659,PO-0018659,27,3,2025-08-08,USD,RECEIVED
18660,PO-0018660,356,2,2026-02-27,USD,RECEIVED
18661,PO-0018661,228,4,2023-07-09,USD,OPEN
18662,PO-0018662,497,2,2025-03-29,USD,RECEIVED
18663,PO-0018663,139,7,2024-05-19,USD,RECEIVED
18664,PO-0018664,29,2,2025-11-06,USD,RECEIVED
18665,PO-0018665,81,11,2026-07-09,USD,OPEN
18666,PO-0018666,221,11,2024-09-11,USD,RECEIVED
18667,PO-0018667,221,8,2023-01-23,USD,CANCELLED
18668,PO-0018668,224,11,2026-05-29,USD,RECEIVED
18669,PO-0018669,43,10,2024-04-22,USD,RECEIVED
18670,PO-0018670,179,6,2024-06-04,USD,RECEIVED
18671,PO-0018671,204,7,2025-01-02,USD,RECEIVED
18672,PO-0018672,423,1,2025-01-11,USD,RECEIVED
18673,PO-0018673,262,2,2026-07-16,USD,RECEIVED
18674,PO-0018674,359,3,2023-01-12,USD,RECEIVED
18675,PO-0018675,220,8,2025-02-16,USD,CANCELLED
18676,PO-0018676,397,11,2026-08-24,USD,RECEIVED
18677,PO-0018677,145,3,2024-10-14,USD,RECEIVED
18678,PO-0018678,160,7,2026-02-10,USD,RECEIVED
18679,PO-0018679,103,8,2025-06-02,USD,RECEIVED
18680,PO-0018680,192,2,2026-03-30,USD,RECEIVED
18681,PO-0018681,65,6,2025-11-01,USD,PARTIAL
18682,PO-0018682,341,6,2024-10-30,USD,RECEIVED
18683,PO-0018683,259,6,2025-05-30,USD,PARTIAL
18684,PO-0018684,201,8,2025-02-24,USD,RECEIVED
18685,PO-0018685,60,10,2024-12-26,USD,RECEIVED
18686,PO-0018686,409,4,2023-10-11,USD,PARTIAL
18687,PO-0018687,213,10,2026-04-12,USD,PARTIAL
18688,PO-0018688,235,6,2026-08-27,USD,OPEN
18689,PO-0018689,304,2,2025-02-02,USD,RECEIVED
18690,PO-0018690,150,1,2026-02-07,USD,RECEIVED
18691,PO-0018691,19,1,2024-03-07,USD,OPEN
18692,PO-0018692,314,4,2023-11-08,USD,CANCELLED
18693,PO-0018693,398,10,2023-04-17,USD,RECEIVED
18694,PO-0018694,174,9,2025-04-05,USD,RECEIVED
18695,PO-0018695,4,11,2023-08-14,USD,RECEIVED
18696,PO-0018696,322,10,2026-03-21,USD,RECEIVED
18697,PO-0018697,18,5,2025-02-20,USD,RECEIVED
18698,PO-0018698,26,6,2025-08-08,USD,RECEIVED
18699,PO-0018699,72,2,2024-05-20,USD,OPEN
18700,PO-0018700,76,11,2025-04-16,USD,RECEIVED
18701,PO-0018701,121,7,2026-06-24,USD,RECEIVED
18702,PO-0018702,208,7,2025-07-23,USD,CANCELLED
18703,PO-0018703,164,11,2026-07-19,USD,RECEIVED
18704,PO-0018704,299,3,2023-03-26,USD,PARTIAL
18705,PO-0018705,93,9,2025-08-17,USD,PARTIAL
18706,PO-0018706,23,6,2024-10-10,USD,RECEIVED
18707,PO-0018707,461,8,2024-07-01,USD,RECEIVED
18708,PO-0018708,414,7,2025-12-05,USD,RECEIVED
18709,PO-0018709,336,7,2026-05-15,USD,RECEIVED
18710,PO-0018710,353,6,2026-04-04,USD,PARTIAL
18711,PO-0018711,294,4,2024-07-15,USD,RECEIVED
18712,PO-0018712,487,1,2023-07-30,USD,OPEN
18713,PO-0018713,238,9,2025-03-30,USD,RECEIVED
18714,PO-0018714,20,6,2024-08-14,USD,RECEIVED
18715,PO-0018715,88,2,2024-09-24,USD,RECEIVED
18716,PO-0018716,155,4,2025-08-04,USD,RECEIVED
18717,PO-0018717,186,3,2025-08-30,USD,OPEN
18718,PO-0018718,245,12,2025-04-17,USD,PARTIAL
18719,PO-0018719,479,5,2023-07-12,USD,RECEIVED
18720,PO-0018720,417,7,2023-12-01,USD,RECEIVED
18721,PO-0018721,262,2,2023-05-19,USD,RECEIVED
18722,PO-0018722,80,8,2024-02-07,USD,OPEN
18723,PO-0018723,368,2,2024-01-26,USD,RECEIVED
18724,PO-0018724,427,10,2025-03-03,USD,RECEIVED
18725,PO-0018725,391,12,2024-01-01,USD,RECEIVED
18726,PO-0018726,355,4,2026-09-06,USD,CANCELLED
18727,PO-0018727,82,1,2025-09-04,USD,PARTIAL
18728,PO-0018728,475,11,2026-03-08,USD,RECEIVED
18729,PO-0018729,147,8,2023-04-14,USD,OPEN
18730,PO-0018730,233,2,2023-06-26,USD,RECEIVED
18731,PO-0018731,264,10,2024-06-07,USD,RECEIVED
18732,PO-0018732,136,1,2026-01-15,USD,CANCELLED
18733,PO-0018733,57,1,2024-02-08,USD,RECEIVED
18734,PO-0018734,388,2,2025-05-01,USD,OPEN
18735,PO-0018735,471,2,2025-02-24,USD,RECEIVED
18736,PO-0018736,358,10,2024-07-23,USD,RECEIVED
18737,PO-0018737,25,4,2024-12-24,USD,RECEIVED
18738,PO-0018738,455,11,2026-04-16,USD,RECEIVED
18739,PO-0018739,484,9,2026-05-30,USD,RECEIVED
18740,PO-0018740,54,7,2026-09-06,USD,RECEIVED
18741,PO-0018741,156,10,2025-06-06,USD,RECEIVED
18742,PO-0018742,424,3,2026-08-17,USD,PARTIAL
18743,PO-0018743,136,8,2024-04-29,USD,PARTIAL
18744,PO-0018744,156,10,2026-07-26,USD,RECEIVED
18745,PO-0018745,110,1,2026-08-28,USD,RECEIVED
18746,PO-0018746,97,9,2026-09-02,USD,RECEIVED
18747,PO-0018747,498,1,2025-08-01,USD,RECEIVED
18748,PO-0018748,105,1,2025-12-02,USD,CANCELLED
18749,PO-0018749,112,12,2023-07-01,USD,RECEIVED
18750,PO-0018750,155,7,2025-04-16,USD,RECEIVED
18751,PO-0018751,49,9,2024-08-26,USD,RECEIVED
18752,PO-0018752,350,4,2026-05-24,USD,RECEIVED
18753,PO-0018753,145,4,2025-01-30,USD,RECEIVED
18754,PO-0018754,313,6,2026-03-26,USD,RECEIVED
18755,PO-0018755,363,4,2024-03-16,USD,PARTIAL
18756,PO-0018756,49,9,2024-09-02,USD,RECEIVED
18757,PO-0018757,223,6,2024-08-27,USD,RECEIVED
18758,PO-0018758,124,4,2025-02-23,USD,RECEIVED
18759,PO-0018759,39,4,2026-01-11,USD,RECEIVED
18760,PO-0018760,57,9,2023-05-24,USD,RECEIVED
18761,PO-0018761,84,5,2023-08-25,USD,RECEIVED
18762,PO-0018762,493,6,2024-07-16,USD,RECEIVED
18763,PO-0018763,45,5,2025-02-21,USD,RECEIVED
18764,PO-0018764,234,9,2025-06-16,USD,RECEIVED
18765,PO-0018765,326,6,2024-06-18,USD,RECEIVED
18766,PO-0018766,224,1,2023-05-03,USD,RECEIVED
18767,PO-0018767,352,6,2023-10-04,USD,OPEN
18768,PO-0018768,239,7,2025-11-17,USD,RECEIVED
18769,PO-0018769,345,7,2025-08-31,USD,RECEIVED
18770,PO-0018770,378,8,2026-02-08,USD,RECEIVED
18771,PO-0018771,430,9,2026-04-29,USD,RECEIVED
18772,PO-0018772,230,3,2024-02-07,USD,RECEIVED
18773,PO-0018773,425,8,2026-05-22,USD,RECEIVED
18774,PO-0018774,355,1,2026-08-01,USD,PARTIAL
18775,PO-0018775,285,2,2025-04-20,USD,PARTIAL
18776,PO-0018776,423,2,2024-03-19,USD,RECEIVED
18777,PO-0018777,149,8,2023-08-27,USD,RECEIVED
18778,PO-0018778,91,6,2023-11-29,USD,RECEIVED
18779,PO-0018779,116,5,2026-07-23,USD,RECEIVED
18780,PO-0018780,399,1,2024-01-14,USD,RECEIVED
18781,PO-0018781,464,4,2024-10-17,USD,RECEIVED
18782,PO-0018782,139,6,2024-04-13,USD,RECEIVED
18783,PO-0018783,441,2,2024-04-13,USD,RECEIVED
18784,PO-0018784,22,5,2023-10-04,USD,RECEIVED
18785,PO-0018785,447,1,2025-11-06,USD,RECEIVED
18786,PO-0018786,483,8,2023-09-17,USD,RECEIVED
18787,PO-0018787,137,12,2023-09-12,USD,RECEIVED
18788,PO-0018788,85,5,2023-01-06,USD,RECEIVED
18789,PO-0018789,287,11,2024-05-23,USD,RECEIVED
18790,PO-0018790,127,2,2026-09-14,USD,RECEIVED
18791,PO-0018791,439,3,2023-11-27,USD,RECEIVED
18792,PO-0018792,77,12,2025-09-15,USD,RECEIVED
18793,PO-0018793,209,8,2026-09-03,USD,OPEN
18794,PO-0018794,456,1,2023-01-20,USD,RECEIVED
18795,PO-0018795,26,5,2025-07-24,USD,RECEIVED
18796,PO-0018796,440,3,2025-07-14,USD,RECEIVED
18797,PO-0018797,313,10,2025-07-09,USD,PARTIAL
18798,PO-0018798,337,8,2023-03-29,USD,RECEIVED
18799,PO-0018799,316,12,2026-01-18,USD,RECEIVED
18800,PO-0018800,460,9,2026-09-30,USD,RECEIVED
18801,PO-0018801,246,4,2025-01-03,USD,RECEIVED
18802,PO-0018802,415,11,2025-09-29,USD,PARTIAL
18803,PO-0018803,253,12,2023-06-25,USD,RECEIVED
18804,PO-0018804,376,7,2025-08-14,USD,RECEIVED
18805,PO-0018805,421,3,2024-12-27,USD,RECEIVED
18806,PO-0018806,419,5,2026-05-03,USD,RECEIVED
18807,PO-0018807,478,2,2025-04-07,USD,RECEIVED
18808,PO-0018808,378,12,2024-02-25,USD,CANCELLED
18809,PO-0018809,247,4,2024-05-09,USD,OPEN
18810,PO-0018810,361,9,2023-04-22,USD,RECEIVED
18811,PO-0018811,195,9,2025-10-11,USD,RECEIVED
18812,PO-0018812,379,6,2025-04-21,USD,RECEIVED
18813,PO-0018813,79,3,2024-05-21,USD,RECEIVED
18814,PO-0018814,366,11,2023-10-18,USD,OPEN
18815,PO-0018815,317,10,2026-05-29,USD,RECEIVED
18816,PO-0018816,237,9,2024-01-29,USD,RECEIVED
18817,PO-0018817,476,9,2025-11-05,USD,RECEIVED
18818,PO-0018818,134,7,2023-02-20,USD,RECEIVED
18819,PO-0018819,16,2,2025-01-16,USD,RECEIVED
18820,PO-0018820,451,11,2025-01-13,USD,CANCELLED
18821,PO-0018821,311,10,2025-06-29,USD,RECEIVED
18822,PO-0018822,377,10,2026-02-15,USD,RECEIVED
18823,PO-0018823,500,1,2024-10-22,USD,CANCELLED
18824,PO-0018824,325,7,2024-03-09,USD,OPEN
18825,PO-0018825,171,1,2024-06-12,USD,RECEIVED
18826,PO-0018826,280,12,2023-04-10,USD,RECEIVED
18827,PO-0018827,127,3,2024-12-05,USD,CANCELLED
18828,PO-0018828,300,2,2024-10-31,USD,RECEIVED
18829,PO-0018829,122,12,2026-06-12,USD,OPEN
18830,PO-0018830,442,3,2025-01-05,USD,RECEIVED
18831,PO-0018831,279,12,2023-09-19,USD,RECEIVED
18832,PO-0018832,171,5,2025-09-17,USD,PARTIAL
18833,PO-0018833,311,3,2023-07-28,USD,RECEIVED
18834,PO-0018834,337,6,2025-04-09,USD,PARTIAL
18835,PO-0018835,169,8,2023-12-29,USD,RECEIVED
18836,PO-0018836,499,6,2024-07-21,USD,RECEIVED
18837,PO-0018837,111,11,2026-05-03,USD,OPEN
18838,PO-0018838,336,2,2023-01-05,USD,RECEIVED
18839,PO-0018839,76,5,2024-04-06,USD,CANCELLED
18840,PO-0018840,477,7,2024-08-24,USD,RECEIVED
18841,PO-0018841,201,3,2023-07-06,USD,OPEN
18842,PO-0018842,149,1,2024-09-16,USD,RECEIVED
18843,PO-0018843,286,3,2025-07-31,USD,RECEIVED
18844,PO-0018844,203,12,2025-08-23,USD,RECEIVED
18845,PO-0018845,262,4,2025-12-26,USD,RECEIVED
18846,PO-0018846,140,11,2025-07-29,USD,RECEIVED
18847,PO-0018847,375,8,2024-08-13,USD,RECEIVED
18848,PO-0018848,181,7,2024-08-07,USD,RECEIVED
18849,PO-0018849,15,11,2024-01-03,USD,RECEIVED
18850,PO-0018850,378,3,2023-09-22,USD,RECEIVED
18851,PO-0018851,194,9,2025-07-16,USD,RECEIVED
18852,PO-0018852,347,8,2026-03-15,USD,RECEIVED
18853,PO-0018853,70,9,2025-10-16,USD,RECEIVED
18854,PO-0018854,204,4,2026-06-03,USD,CANCELLED
18855,PO-0018855,436,8,2026-03-01,USD,CANCELLED
18856,PO-0018856,459,1,2026-07-27,USD,RECEIVED
18857,PO-0018857,165,11,2025-10-20,USD,RECEIVED
18858,PO-0018858,213,3,2025-10-25,USD,RECEIVED
18859,PO-0018859,137,3,2023-10-19,USD,OPEN
18860,PO-0018860,373,2,2023-04-30,USD,CANCELLED
18861,PO-0018861,63,2,2025-07-06,USD,RECEIVED
18862,PO-0018862,150,7,2026-07-17,USD,RECEIVED
18863,PO-0018863,77,12,2024-06-18,USD,RECEIVED
18864,PO-0018864,279,6,2025-02-26,USD,CANCELLED
18865,PO-0018865,413,10,2026-06-23,USD,OPEN
18866,PO-0018866,306,3,2023-05-01,USD,RECEIVED
18867,PO-0018867,242,9,2023-02-15,USD,RECEIVED
18868,PO-0018868,388,7,2026-08-13,USD,PARTIAL
18869,PO-0018869,131,1,2024-04-05,USD,RECEIVED
18870,PO-0018870,65,5,2024-01-30,USD,RECEIVED
18871,PO-0018871,107,7,2026-05-04,USD,RECEIVED
18872,PO-0018872,290,2,2023-09-17,USD,RECEIVED
18873,PO-0018873,329,11,2023-11-01,USD,RECEIVED
18874,PO-0018874,489,7,2024-08-25,USD,OPEN
18875,PO-0018875,6,5,2026-05-14,USD,RECEIVED
18876,PO-0018876,59,1,2026-08-19,USD,RECEIVED
18877,PO-0018877,299,10,2023-01-29,USD,RECEIVED
18878,PO-0018878,204,7,2023-06-05,USD,RECEIVED
18879,PO-0018879,62,4,2024-10-12,USD,RECEIVED
18880,PO-0018880,61,11,2025-11-01,USD,RECEIVED
18881,PO-0018881,268,7,2024-08-15,USD,CANCELLED
18882,PO-0018882,311,11,2024-02-02,USD,RECEIVED
18883,PO-0018883,373,8,2024-07-29,USD,RECEIVED
18884,PO-0018884,143,4,2025-08-01,USD,RECEIVED
18885,PO-0018885,172,10,2025-04-03,USD,RECEIVED
18886,PO-0018886,327,7,2024-07-28,USD,RECEIVED
18887,PO-0018887,222,12,2023-06-14,USD,PARTIAL
18888,PO-0018888,270,2,2023-02-22,USD,RECEIVED
18889,PO-0018889,326,3,2023-04-28,USD,CANCELLED
18890,PO-0018890,264,4,2026-04-10,USD,RECEIVED
18891,PO-0018891,336,1,2025-06-30,USD,RECEIVED
18892,PO-0018892,328,1,2026-08-14,USD,RECEIVED
18893,PO-0018893,145,2,2025-07-24,USD,RECEIVED
18894,PO-0018894,177,4,2026-09-24,USD,RECEIVED
18895,PO-0018895,111,1,2025-10-26,USD,OPEN
18896,PO-0018896,309,1,2026-09-22,USD,RECEIVED
18897,PO-0018897,381,12,2025-12-24,USD,RECEIVED
18898,PO-0018898,283,6,2025-02-06,USD,RECEIVED
18899,PO-0018899,289,12,2024-06-24,USD,RECEIVED
18900,PO-0018900,423,9,2023-10-11,USD,RECEIVED
18901,PO-0018901,266,1,2025-03-06,USD,RECEIVED
18902,PO-0018902,217,9,2025-11-05,USD,CANCELLED
18903,PO-0018903,6,10,2024-08-29,USD,RECEIVED
18904,PO-0018904,337,5,2025-09-06,USD,RECEIVED
18905,PO-0018905,109,11,2026-09-18,USD,RECEIVED
18906,PO-0018906,365,11,2026-03-11,USD,RECEIVED
18907,PO-0018907,406,8,2025-10-14,USD,RECEIVED
18908,PO-0018908,339,8,2025-02-04,USD,OPEN
18909,PO-0018909,340,7,2025-11-15,USD,PARTIAL
18910,PO-0018910,128,8,2024-08-28,USD,RECEIVED
18911,PO-0018911,265,4,2023-02-16,USD,RECEIVED
18912,PO-0018912,57,5,2026-03-16,USD,RECEIVED
18913,PO-0018913,84,6,2025-05-02,USD,OPEN
18914,PO-0018914,258,10,2024-09-29,USD,CANCELLED
18915,PO-0018915,384,3,2023-01-07,USD,PARTIAL
18916,PO-0018916,216,2,2025-01-15,USD,RECEIVED
18917,PO-0018917,403,6,2023-02-14,USD,RECEIVED
18918,PO-0018918,480,1,2026-07-02,USD,OPEN
18919,PO-0018919,306,11,2023-01-23,USD,RECEIVED
18920,PO-0018920,459,10,2023-11-25,USD,RECEIVED
18921,PO-0018921,389,3,2026-03-30,USD,RECEIVED
18922,PO-0018922,326,11,2025-12-01,USD,PARTIAL
18923,PO-0018923,65,9,2025-09-10,USD,RECEIVED
18924,PO-0018924,170,9,2026-09-24,USD,RECEIVED
18925,PO-0018925,456,10,2024-07-09,USD,PARTIAL
18926,PO-0018926,221,5,2024-11-16,USD,CANCELLED
18927,PO-0018927,22,8,2025-05-29,USD,RECEIVED
18928,PO-0018928,107,8,2024-05-20,USD,PARTIAL
18929,PO-0018929,444,1,2024-02-01,USD,CANCELLED
18930,PO-0018930,446,1,2025-03-21,USD,RECEIVED
18931,PO-0018931,250,5,2023-12-31,USD,RECEIVED
18932,PO-0018932,394,8,2025-10-17,USD,OPEN
18933,PO-0018933,479,4,2025-01-20,USD,RECEIVED
18934,PO-0018934,168,2,2026-07-11,USD,CANCELLED
18935,PO-0018935,200,8,2026-07-14,USD,CANCELLED
18936,PO-0018936,265,5,2023-07-25,USD,RECEIVED
18937,PO-0018937,26,9,2026-01-23,USD,RECEIVED
18938,PO-0018938,110,12,2024-12-24,USD,RECEIVED
18939,PO-0018939,468,3,2024-01-08,USD,RECEIVED
18940,PO-0018940,359,9,2023-08-12,USD,RECEIVED
18941,PO-0018941,305,1,2023-01-27,USD,RECEIVED
18942,PO-0018942,176,3,2023-07-19,USD,RECEIVED
18943,PO-0018943,21,7,2023-12-09,USD,RECEIVED
18944,PO-0018944,303,4,2023-10-10,USD,RECEIVED
18945,PO-0018945,274,4,2024-01-26,USD,OPEN
18946,PO-0018946,330,1,2023-09-25,USD,RECEIVED
18947,PO-0018947,170,6,2023-03-13,USD,RECEIVED
18948,PO-0018948,118,3,2026-05-27,USD,CANCELLED
18949,PO-0018949,293,10,2025-02-16,USD,RECEIVED
18950,PO-0018950,317,5,2024-12-24,USD,RECEIVED
18951,PO-0018951,90,2,2023-06-04,USD,RECEIVED
18952,PO-0018952,208,10,2024-10-10,USD,RECEIVED
18953,PO-0018953,228,9,2024-08-29,USD,PARTIAL
18954,PO-0018954,271,9,2025-12-31,USD,RECEIVED
18955,PO-0018955,321,7,2024-04-11,USD,RECEIVED
18956,PO-0018956,104,11,2026-03-29,USD,RECEIVED
18957,PO-0018957,248,12,2025-03-14,USD,OPEN
18958,PO-0018958,106,11,2023-12-03,USD,RECEIVED
18959,PO-0018959,481,7,2025-03-21,USD,PARTIAL
18960,PO-0018960,18,11,2023-08-18,USD,RECEIVED
18961,PO-0018961,293,4,2024-06-05,USD,PARTIAL
18962,PO-0018962,488,3,2025-04-26,USD,RECEIVED
18963,PO-0018963,393,9,2025-10-08,USD,RECEIVED
18964,PO-0018964,174,10,2024-10-18,USD,RECEIVED
18965,PO-0018965,90,10,2026-02-14,USD,RECEIVED
18966,PO-0018966,15,8,2025-06-10,USD,RECEIVED
18967,PO-0018967,324,8,2024-10-08,USD,RECEIVED
18968,PO-0018968,283,3,2023-10-01,USD,RECEIVED
18969,PO-0018969,6,11,2024-08-10,USD,RECEIVED
18970,PO-0018970,211,12,2023-02-21,USD,RECEIVED
18971,PO-0018971,314,5,2024-01-02,USD,RECEIVED
18972,PO-0018972,419,2,2024-04-11,USD,CANCELLED
18973,PO-0018973,298,1,2024-12-01,USD,RECEIVED
18974,PO-0018974,66,8,2025-01-16,USD,OPEN
18975,PO-0018975,175,9,2024-04-29,USD,RECEIVED
18976,PO-0018976,43,6,2025-07-30,USD,PARTIAL
18977,PO-0018977,364,7,2023-04-22,USD,RECEIVED
18978,PO-0018978,332,6,2025-08-09,USD,OPEN
18979,PO-0018979,393,9,2025-03-28,USD,RECEIVED
18980,PO-0018980,449,9,2024-06-25,USD,RECEIVED
18981,PO-0018981,10,12,2024-06-03,USD,RECEIVED
18982,PO-0018982,200,12,2026-03-18,USD,RECEIVED
18983,PO-0018983,66,2,2024-12-29,USD,OPEN
18984,PO-0018984,229,12,2026-01-24,USD,RECEIVED
18985,PO-0018985,484,1,2024-04-14,USD,RECEIVED
18986,PO-0018986,282,3,2024-09-15,USD,PARTIAL
18987,PO-0018987,311,4,2023-05-27,USD,OPEN
18988,PO-0018988,204,11,2023-07-13,USD,RECEIVED
18989,PO-0018989,170,12,2024-10-09,USD,RECEIVED
18990,PO-0018990,64,5,2024-04-17,USD,RECEIVED
18991,PO-0018991,395,6,2024-11-07,USD,RECEIVED
18992,PO-0018992,367,9,2023-06-19,USD,OPEN
18993,PO-0018993,477,12,2024-11-21,USD,OPEN
18994,PO-0018994,348,1,2023-02-19,USD,RECEIVED
18995,PO-0018995,334,9,2023-06-30,USD,OPEN
18996,PO-0018996,223,3,2024-10-15,USD,CANCELLED
18997,PO-0018997,150,4,2023-02-06,USD,RECEIVED
18998,PO-0018998,100,5,2024-06-22,USD,RECEIVED
18999,PO-0018999,344,1,2025-07-19,USD,RECEIVED
19000,PO-0019000,454,10,2024-10-12,USD,RECEIVED
19001,PO-0019001,495,10,2026-04-28,USD,RECEIVED
19002,PO-0019002,131,3,2024-12-09,USD,RECEIVED
19003,PO-0019003,18,7,2024-03-02,USD,RECEIVED
19004,PO-0019004,396,8,2023-02-05,USD,RECEIVED
19005,PO-0019005,11,2,2026-01-17,USD,RECEIVED
19006,PO-0019006,132,3,2023-02-05,USD,RECEIVED
19007,PO-0019007,346,11,2025-05-02,USD,OPEN
19008,PO-0019008,169,12,2024-07-05,USD,RECEIVED
19009,PO-0019009,116,1,2025-03-23,USD,RECEIVED
19010,PO-0019010,278,1,2025-06-06,USD,RECEIVED
19011,PO-0019011,212,12,2025-12-11,USD,RECEIVED
19012,PO-0019012,60,9,2025-05-24,USD,RECEIVED
19013,PO-0019013,295,6,2026-08-04,USD,OPEN
19014,PO-0019014,264,4,2023-07-18,USD,RECEIVED
19015,PO-0019015,88,12,2025-08-28,USD,RECEIVED
19016,PO-0019016,83,2,2024-05-10,USD,RECEIVED
19017,PO-0019017,85,2,2023-11-19,USD,RECEIVED
19018,PO-0019018,236,3,2023-12-14,USD,RECEIVED
19019,PO-0019019,437,9,2026-09-13,USD,RECEIVED
19020,PO-0019020,403,6,2023-10-21,USD,OPEN
19021,PO-0019021,235,10,2025-09-06,USD,OPEN
19022,PO-0019022,477,11,2023-08-31,USD,RECEIVED
19023,PO-0019023,486,5,2023-04-16,USD,RECEIVED
19024,PO-0019024,420,8,2026-03-15,USD,RECEIVED
19025,PO-0019025,407,4,2026-02-01,USD,RECEIVED
19026,PO-0019026,331,9,2023-06-01,USD,OPEN
19027,PO-0019027,298,9,2023-08-28,USD,RECEIVED
19028,PO-0019028,267,2,2024-09-19,USD,CANCELLED
19029,PO-0019029,454,12,2025-02-01,USD,RECEIVED
19030,PO-0019030,158,3,2024-03-17,USD,RECEIVED
19031,PO-0019031,319,4,2026-09-19,USD,RECEIVED
19032,PO-0019032,371,12,2025-02-09,USD,RECEIVED
19033,PO-0019033,488,7,2024-11-18,USD,RECEIVED
19034,PO-0019034,135,10,2025-08-15,USD,PARTIAL
19035,PO-0019035,163,8,2025-09-29,USD,RECEIVED
19036,PO-0019036,43,6,2024-01-23,USD,PARTIAL
19037,PO-0019037,302,1,2025-04-08,USD,RECEIVED
19038,PO-0019038,471,7,2023-02-03,USD,RECEIVED
19039,PO-0019039,427,8,2024-01-01,USD,RECEIVED
19040,PO-0019040,2,7,2026-08-14,USD,RECEIVED
19041,PO-0019041,338,2,2026-01-02,USD,RECEIVED
19042,PO-0019042,300,6,2026-05-30,USD,RECEIVED
19043,PO-0019043,73,1,2026-02-23,USD,RECEIVED
19044,PO-0019044,184,9,2025-02-07,USD,RECEIVED
19045,PO-0019045,14,9,2026-01-10,USD,RECEIVED
19046,PO-0019046,439,1,2026-06-24,USD,OPEN
19047,PO-0019047,208,7,2026-04-14,USD,CANCELLED
19048,PO-0019048,288,12,2025-10-28,USD,OPEN
19049,PO-0019049,164,2,2025-05-06,USD,RECEIVED
19050,PO-0019050,433,1,2024-09-16,USD,OPEN
19051,PO-0019051,490,8,2025-06-14,USD,RECEIVED
19052,PO-0019052,426,8,2024-07-27,USD,PARTIAL
19053,PO-0019053,304,9,2026-10-01,USD,PARTIAL
19054,PO-0019054,61,10,2024-08-09,USD,PARTIAL
19055,PO-0019055,119,10,2026-07-17,USD,CANCELLED
19056,PO-0019056,309,9,2025-03-28,USD,RECEIVED
19057,PO-0019057,368,10,2023-11-04,USD,RECEIVED
19058,PO-0019058,293,9,2024-06-02,USD,RECEIVED
19059,PO-0019059,275,10,2023-07-28,USD,RECEIVED
19060,PO-0019060,136,1,2023-10-14,USD,RECEIVED
19061,PO-0019061,325,10,2025-08-21,USD,RECEIVED
19062,PO-0019062,128,1,2023-05-03,USD,OPEN
19063,PO-0019063,380,4,2024-01-21,USD,RECEIVED
19064,PO-0019064,484,11,2024-02-11,USD,RECEIVED
19065,PO-0019065,278,10,2023-12-07,USD,RECEIVED
19066,PO-0019066,231,1,2026-09-24,USD,PARTIAL
19067,PO-0019067,430,11,2026-03-08,USD,RECEIVED
19068,PO-0019068,48,4,2026-08-14,USD,RECEIVED
19069,PO-0019069,268,1,2023-07-28,USD,RECEIVED
19070,PO-0019070,178,10,2026-08-19,USD,RECEIVED
19071,PO-0019071,174,6,2024-05-07,USD,RECEIVED
19072,PO-0019072,182,5,2026-09-29,USD,PARTIAL
19073,PO-0019073,282,1,2024-08-13,USD,RECEIVED
19074,PO-0019074,114,12,2025-08-20,USD,OPEN
19075,PO-0019075,217,7,2024-07-10,USD,PARTIAL
19076,PO-0019076,203,11,2025-02-24,USD,RECEIVED
19077,PO-0019077,173,8,2023-08-23,USD,RECEIVED
19078,PO-0019078,494,7,2026-05-13,USD,RECEIVED
19079,PO-0019079,30,1,2024-09-06,USD,RECEIVED
19080,PO-0019080,157,6,2025-04-28,USD,RECEIVED
19081,PO-0019081,404,10,2025-02-15,USD,RECEIVED
19082,PO-0019082,332,1,2024-06-03,USD,RECEIVED
19083,PO-0019083,224,12,2026-09-26,USD,OPEN
19084,PO-0019084,65,7,2023-08-19,USD,RECEIVED
19085,PO-0019085,443,1,2023-08-08,USD,OPEN
19086,PO-0019086,364,11,2026-04-06,USD,OPEN
19087,PO-0019087,479,6,2023-05-01,USD,RECEIVED
19088,PO-0019088,379,10,2025-03-08,USD,CANCELLED
19089,PO-0019089,174,4,2023-05-08,USD,RECEIVED
19090,PO-0019090,464,8,2024-12-20,USD,RECEIVED
19091,PO-0019091,305,9,2026-04-23,USD,RECEIVED
19092,PO-0019092,436,6,2023-02-03,USD,OPEN
19093,PO-0019093,436,11,2025-05-31,USD,RECEIVED
19094,PO-0019094,432,2,2025-07-18,USD,PARTIAL
19095,PO-0019095,277,10,2024-01-02,USD,RECEIVED
19096,PO-0019096,24,4,2024-07-09,USD,RECEIVED
19097,PO-0019097,383,12,2023-02-11,USD,OPEN
19098,PO-0019098,92,12,2023-04-05,USD,RECEIVED
19099,PO-0019099,362,7,2024-12-10,USD,OPEN
19100,PO-0019100,234,8,2025-10-12,USD,CANCELLED
19101,PO-0019101,58,11,2023-06-24,USD,RECEIVED
19102,PO-0019102,224,12,2026-05-14,USD,OPEN
19103,PO-0019103,434,10,2024-10-04,USD,RECEIVED
19104,PO-0019104,65,9,2026-01-23,USD,RECEIVED
19105,PO-0019105,255,10,2024-12-15,USD,RECEIVED
19106,PO-0019106,205,1,2024-02-16,USD,PARTIAL
19107,PO-0019107,496,10,2026-04-03,USD,RECEIVED
19108,PO-0019108,308,8,2025-02-22,USD,RECEIVED
19109,PO-0019109,126,7,2025-02-04,USD,PARTIAL
19110,PO-0019110,323,4,2023-12-01,USD,RECEIVED
19111,PO-0019111,140,8,2024-11-14,USD,PARTIAL
19112,PO-0019112,402,2,2026-02-03,USD,CANCELLED
19113,PO-0019113,82,11,2025-07-08,USD,RECEIVED
19114,PO-0019114,352,7,2023-07-16,USD,RECEIVED
19115,PO-0019115,223,12,2023-04-04,USD,RECEIVED
19116,PO-0019116,301,11,2023-06-15,USD,RECEIVED
19117,PO-0019117,409,10,2023-09-16,USD,RECEIVED
19118,PO-0019118,312,12,2023-03-08,USD,RECEIVED
19119,PO-0019119,139,11,2024-05-08,USD,RECEIVED
19120,PO-0019120,39,7,2025-02-14,USD,RECEIVED
19121,PO-0019121,342,4,2026-07-13,USD,RECEIVED
19122,PO-0019122,119,2,2023-07-13,USD,RECEIVED
19123,PO-0019123,361,11,2023-02-26,USD,RECEIVED
19124,PO-0019124,154,3,2025-09-08,USD,RECEIVED
19125,PO-0019125,312,9,2026-08-21,USD,PARTIAL
19126,PO-0019126,281,5,2026-08-19,USD,RECEIVED
19127,PO-0019127,120,3,2025-10-30,USD,RECEIVED
19128,PO-0019128,190,7,2023-11-11,USD,PARTIAL
19129,PO-0019129,439,8,2026-07-02,USD,RECEIVED
19130,PO-0019130,118,10,2026-02-02,USD,RECEIVED
19131,PO-0019131,59,7,2025-07-20,USD,RECEIVED
19132,PO-0019132,345,10,2024-09-21,USD,RECEIVED
19133,PO-0019133,77,8,2026-07-10,USD,RECEIVED
19134,PO-0019134,453,1,2023-09-05,USD,RECEIVED
19135,PO-0019135,262,11,2023-04-08,USD,RECEIVED
19136,PO-0019136,354,9,2023-09-14,USD,CANCELLED
19137,PO-0019137,351,5,2025-12-18,USD,RECEIVED
19138,PO-0019138,450,12,2026-05-24,USD,RECEIVED
19139,PO-0019139,469,1,2026-01-11,USD,RECEIVED
19140,PO-0019140,464,1,2025-02-01,USD,PARTIAL
19141,PO-0019141,342,4,2024-10-30,USD,OPEN
19142,PO-0019142,184,7,2024-05-30,USD,RECEIVED
19143,PO-0019143,313,4,2024-06-06,USD,RECEIVED
19144,PO-0019144,231,12,2025-08-28,USD,RECEIVED
19145,PO-0019145,500,7,2024-10-27,USD,RECEIVED
19146,PO-0019146,294,6,2025-12-15,USD,RECEIVED
19147,PO-0019147,292,8,2023-11-13,USD,RECEIVED
19148,PO-0019148,263,2,2024-02-15,USD,RECEIVED
19149,PO-0019149,274,1,2026-05-02,USD,RECEIVED
19150,PO-0019150,283,12,2025-04-10,USD,RECEIVED
19151,PO-0019151,498,12,2024-01-15,USD,CANCELLED
19152,PO-0019152,25,6,2024-04-19,USD,RECEIVED
19153,PO-0019153,152,11,2024-06-23,USD,PARTIAL
19154,PO-0019154,169,9,2025-03-01,USD,RECEIVED
19155,PO-0019155,467,4,2026-07-10,USD,CANCELLED
19156,PO-0019156,268,1,2025-10-03,USD,RECEIVED
19157,PO-0019157,36,1,2023-05-13,USD,OPEN
19158,PO-0019158,486,1,2024-07-07,USD,RECEIVED
19159,PO-0019159,96,6,2023-02-13,USD,RECEIVED
19160,PO-0019160,142,4,2023-11-14,USD,RECEIVED
19161,PO-0019161,324,1,2023-09-14,USD,RECEIVED
19162,PO-0019162,175,11,2024-06-12,USD,RECEIVED
19163,PO-0019163,222,1,2026-04-23,USD,CANCELLED
19164,PO-0019164,380,12,2024-05-19,USD,RECEIVED
19165,PO-0019165,403,4,2023-06-19,USD,RECEIVED
19166,PO-0019166,67,12,2025-06-17,USD,RECEIVED
19167,PO-0019167,119,7,2023-04-07,USD,OPEN
19168,PO-0019168,57,3,2023-04-30,USD,OPEN
19169,PO-0019169,409,12,2024-02-24,USD,RECEIVED
19170,PO-0019170,211,9,2026-03-11,USD,PARTIAL
19171,PO-0019171,66,8,2024-01-29,USD,RECEIVED
19172,PO-0019172,332,10,2025-05-18,USD,CANCELLED
19173,PO-0019173,168,10,2023-04-19,USD,RECEIVED
19174,PO-0019174,136,8,2026-09-22,USD,RECEIVED
19175,PO-0019175,203,1,2026-09-27,USD,CANCELLED
19176,PO-0019176,388,8,2024-10-09,USD,RECEIVED
19177,PO-0019177,406,12,2023-03-25,USD,RECEIVED
19178,PO-0019178,382,2,2025-11-02,USD,CANCELLED
19179,PO-0019179,378,11,2025-04-25,USD,RECEIVED
19180,PO-0019180,125,9,2023-04-14,USD,RECEIVED
19181,PO-0019181,372,6,2023-06-26,USD,RECEIVED
19182,PO-0019182,260,9,2026-06-05,USD,CANCELLED
19183,PO-0019183,98,12,2026-05-28,USD,CANCELLED
19184,PO-0019184,179,3,2026-02-27,USD,RECEIVED
19185,PO-0019185,71,1,2025-02-10,USD,RECEIVED
19186,PO-0019186,452,4,2025-05-27,USD,OPEN
19187,PO-0019187,282,6,2025-05-29,USD,RECEIVED
19188,PO-0019188,471,3,2024-11-14,USD,RECEIVED
19189,PO-0019189,281,5,2026-01-16,USD,RECEIVED
19190,PO-0019190,123,6,2026-05-17,USD,PARTIAL
19191,PO-0019191,266,2,2026-02-02,USD,CANCELLED
19192,PO-0019192,455,1,2023-07-08,USD,PARTIAL
19193,PO-0019193,371,9,2024-11-04,USD,RECEIVED
19194,PO-0019194,441,2,2025-08-15,USD,RECEIVED
19195,PO-0019195,391,11,2024-04-25,USD,OPEN
19196,PO-0019196,348,2,2023-07-03,USD,OPEN
19197,PO-0019197,135,9,2023-12-14,USD,RECEIVED
19198,PO-0019198,151,3,2023-07-10,USD,RECEIVED
19199,PO-0019199,285,5,2024-10-20,USD,RECEIVED
19200,PO-0019200,204,4,2024-08-17,USD,RECEIVED
19201,PO-0019201,241,2,2024-04-16,USD,RECEIVED
19202,PO-0019202,403,2,2025-09-17,USD,CANCELLED
19203,PO-0019203,424,6,2026-02-23,USD,RECEIVED
19204,PO-0019204,139,2,2026-08-18,USD,RECEIVED
19205,PO-0019205,497,4,2024-02-01,USD,RECEIVED
19206,PO-0019206,321,4,2023-01-05,USD,RECEIVED
19207,PO-0019207,477,6,2024-11-13,USD,OPEN
19208,PO-0019208,262,10,2025-05-23,USD,RECEIVED
19209,PO-0019209,403,11,2025-11-03,USD,RECEIVED
19210,PO-0019210,495,4,2024-01-03,USD,RECEIVED
19211,PO-0019211,457,12,2023-01-24,USD,RECEIVED
19212,PO-0019212,22,11,2024-06-09,USD,CANCELLED
19213,PO-0019213,159,4,2023-10-17,USD,RECEIVED
19214,PO-0019214,101,10,2023-07-17,USD,RECEIVED
19215,PO-0019215,361,8,2026-01-27,USD,OPEN
19216,PO-0019216,124,1,2024-05-12,USD,RECEIVED
19217,PO-0019217,154,9,2024-01-19,USD,RECEIVED
19218,PO-0019218,378,9,2024-03-05,USD,RECEIVED
19219,PO-0019219,24,2,2024-05-02,USD,RECEIVED
19220,PO-0019220,498,7,2025-01-22,USD,PARTIAL
19221,PO-0019221,282,2,2023-01-17,USD,RECEIVED
19222,PO-0019222,110,12,2025-10-28,USD,CANCELLED
19223,PO-0019223,366,11,2023-04-17,USD,RECEIVED
19224,PO-0019224,377,12,2024-02-04,USD,RECEIVED
19225,PO-0019225,444,11,2025-01-01,USD,RECEIVED
19226,PO-0019226,294,1,2024-12-17,USD,RECEIVED
19227,PO-0019227,437,11,2026-06-27,USD,RECEIVED
19228,PO-0019228,410,10,2025-02-05,USD,RECEIVED
19229,PO-0019229,248,7,2026-05-13,USD,RECEIVED
19230,PO-0019230,487,2,2026-07-07,USD,RECEIVED
19231,PO-0019231,208,6,2026-01-08,USD,RECEIVED
19232,PO-0019232,90,3,2025-04-18,USD,RECEIVED
19233,PO-0019233,305,11,2025-07-03,USD,RECEIVED
19234,PO-0019234,192,9,2026-01-20,USD,RECEIVED
19235,PO-0019235,306,3,2026-01-15,USD,RECEIVED
19236,PO-0019236,224,8,2024-03-31,USD,RECEIVED
19237,PO-0019237,384,9,2023-04-30,USD,CANCELLED
19238,PO-0019238,401,10,2023-09-25,USD,RECEIVED
19239,PO-0019239,420,12,2025-07-16,USD,RECEIVED
19240,PO-0019240,25,11,2024-04-23,USD,RECEIVED
19241,PO-0019241,224,4,2026-02-15,USD,PARTIAL
19242,PO-0019242,336,12,2023-09-26,USD,CANCELLED
19243,PO-0019243,309,6,2023-04-17,USD,RECEIVED
19244,PO-0019244,15,10,2023-02-04,USD,RECEIVED
19245,PO-0019245,79,9,2024-02-04,USD,RECEIVED
19246,PO-0019246,427,4,2025-12-16,USD,CANCELLED
19247,PO-0019247,311,11,2025-03-26,USD,RECEIVED
19248,PO-0019248,451,11,2025-11-28,USD,RECEIVED
19249,PO-0019249,411,8,2023-02-08,USD,PARTIAL
19250,PO-0019250,9,3,2024-08-09,USD,RECEIVED
19251,PO-0019251,440,4,2025-10-03,USD,RECEIVED
19252,PO-0019252,49,5,2026-01-09,USD,RECEIVED
19253,PO-0019253,115,1,2025-06-07,USD,RECEIVED
19254,PO-0019254,37,8,2026-07-31,USD,PARTIAL
19255,PO-0019255,115,10,2026-02-12,USD,RECEIVED
19256,PO-0019256,223,7,2024-07-31,USD,RECEIVED
19257,PO-0019257,81,2,2026-05-12,USD,RECEIVED
19258,PO-0019258,347,3,2023-05-15,USD,RECEIVED
19259,PO-0019259,152,3,2023-03-24,USD,RECEIVED
19260,PO-0019260,293,4,2025-03-23,USD,PARTIAL
19261,PO-0019261,406,6,2023-03-03,USD,RECEIVED
19262,PO-0019262,374,3,2026-01-23,USD,RECEIVED
19263,PO-0019263,189,11,2024-01-31,USD,RECEIVED
19264,PO-0019264,158,2,2025-02-27,USD,RECEIVED
19265,PO-0019265,311,1,2024-01-01,USD,RECEIVED
19266,PO-0019266,113,9,2025-09-09,USD,CANCELLED
19267,PO-0019267,37,7,2024-05-23,USD,PARTIAL
19268,PO-0019268,28,12,2024-02-15,USD,RECEIVED
19269,PO-0019269,234,12,2024-06-10,USD,RECEIVED
19270,PO-0019270,388,1,2023-03-23,USD,RECEIVED
19271,PO-0019271,344,1,2025-04-07,USD,RECEIVED
19272,PO-0019272,318,5,2024-11-16,USD,PARTIAL
19273,PO-0019273,332,6,2025-08-05,USD,CANCELLED
19274,PO-0019274,98,3,2023-11-20,USD,CANCELLED
19275,PO-0019275,294,11,2025-06-13,USD,RECEIVED
19276,PO-0019276,239,7,2025-05-19,USD,CANCELLED
19277,PO-0019277,50,11,2023-06-28,USD,PARTIAL
19278,PO-0019278,456,8,2025-10-15,USD,PARTIAL
19279,PO-0019279,449,10,2024-09-05,USD,RECEIVED
19280,PO-0019280,243,10,2023-06-20,USD,RECEIVED
19281,PO-0019281,308,10,2024-03-05,USD,RECEIVED
19282,PO-0019282,155,6,2026-07-04,USD,RECEIVED
19283,PO-0019283,75,3,2025-12-12,USD,RECEIVED
19284,PO-0019284,301,12,2024-08-27,USD,OPEN
19285,PO-0019285,43,11,2026-06-27,USD,PARTIAL
19286,PO-0019286,338,10,2023-08-15,USD,PARTIAL
19287,PO-0019287,180,9,2024-08-24,USD,PARTIAL
19288,PO-0019288,420,10,2026-01-13,USD,RECEIVED
19289,PO-0019289,397,6,2023-09-02,USD,RECEIVED
19290,PO-0019290,431,7,2026-04-10,USD,RECEIVED
19291,PO-0019291,482,12,2023-12-24,USD,RECEIVED
19292,PO-0019292,357,12,2023-06-11,USD,CANCELLED
19293,PO-0019293,15,1,2023-05-13,USD,RECEIVED
19294,PO-0019294,361,1,2024-09-22,USD,RECEIVED
19295,PO-0019295,10,12,2026-09-03,USD,OPEN
19296,PO-0019296,374,10,2025-09-29,USD,CANCELLED
19297,PO-0019297,54,2,2025-07-22,USD,RECEIVED
19298,PO-0019298,322,9,2023-05-25,USD,RECEIVED
19299,PO-0019299,416,4,2026-05-11,USD,CANCELLED
19300,PO-0019300,447,2,2025-08-29,USD,CANCELLED
19301,PO-0019301,3,6,2025-02-21,USD,RECEIVED
19302,PO-0019302,292,1,2025-04-11,USD,RECEIVED
19303,PO-0019303,431,2,2026-05-22,USD,RECEIVED
19304,PO-0019304,83,5,2026-01-14,USD,RECEIVED
19305,PO-0019305,360,9,2024-03-23,USD,RECEIVED
19306,PO-0019306,216,5,2026-06-11,USD,CANCELLED
19307,PO-0019307,494,9,2025-01-10,USD,RECEIVED
19308,PO-0019308,82,10,2023-01-28,USD,OPEN
19309,PO-0019309,62,1,2023-09-28,USD,RECEIVED
19310,PO-0019310,204,1,2023-03-26,USD,RECEIVED
19311,PO-0019311,218,10,2026-06-15,USD,PARTIAL
19312,PO-0019312,89,1,2024-06-13,USD,RECEIVED
19313,PO-0019313,435,9,2024-09-19,USD,PARTIAL
19314,PO-0019314,64,6,2023-05-17,USD,RECEIVED
19315,PO-0019315,25,10,2025-03-21,USD,CANCELLED
19316,PO-0019316,321,3,2025-01-18,USD,CANCELLED
19317,PO-0019317,227,11,2024-11-20,USD,CANCELLED
19318,PO-0019318,61,11,2025-02-15,USD,RECEIVED
19319,PO-0019319,130,2,2025-04-17,USD,RECEIVED
19320,PO-0019320,7,10,2025-12-31,USD,CANCELLED
19321,PO-0019321,68,12,2023-02-11,USD,RECEIVED
19322,PO-0019322,314,8,2024-01-26,USD,RECEIVED
19323,PO-0019323,459,6,2025-01-24,USD,RECEIVED
19324,PO-0019324,44,11,2026-10-01,USD,RECEIVED
19325,PO-0019325,116,8,2026-02-24,USD,RECEIVED
19326,PO-0019326,249,8,2025-08-24,USD,RECEIVED
19327,PO-0019327,238,10,2025-08-10,USD,PARTIAL
19328,PO-0019328,360,1,2025-01-15,USD,RECEIVED
19329,PO-0019329,174,2,2026-08-02,USD,RECEIVED
19330,PO-0019330,233,8,2024-07-07,USD,RECEIVED
19331,PO-0019331,26,3,2023-06-11,USD,RECEIVED
19332,PO-0019332,199,1,2025-07-13,USD,RECEIVED
19333,PO-0019333,9,10,2026-07-06,USD,OPEN
19334,PO-0019334,176,4,2023-02-02,USD,RECEIVED
19335,PO-0019335,36,10,2023-03-05,USD,RECEIVED
19336,PO-0019336,327,5,2024-07-05,USD,RECEIVED
19337,PO-0019337,454,11,2023-07-20,USD,RECEIVED
19338,PO-0019338,9,7,2023-11-30,USD,OPEN
19339,PO-0019339,390,6,2024-03-09,USD,RECEIVED
19340,PO-0019340,249,6,2023-10-01,USD,OPEN
19341,PO-0019341,263,8,2026-02-14,USD,CANCELLED
19342,PO-0019342,427,12,2024-10-27,USD,RECEIVED
19343,PO-0019343,124,5,2023-01-30,USD,RECEIVED
19344,PO-0019344,148,10,2023-02-20,USD,PARTIAL
19345,PO-0019345,372,4,2026-07-27,USD,RECEIVED
19346,PO-0019346,163,7,2024-10-11,USD,RECEIVED
19347,PO-0019347,195,10,2023-12-24,USD,OPEN
19348,PO-0019348,59,5,2025-04-29,USD,PARTIAL
19349,PO-0019349,33,4,2024-12-08,USD,CANCELLED
19350,PO-0019350,181,4,2025-11-03,USD,RECEIVED
19351,PO-0019351,345,2,2024-12-02,USD,PARTIAL
19352,PO-0019352,164,12,2026-08-01,USD,CANCELLED
19353,PO-0019353,169,11,2025-11-30,USD,RECEIVED
19354,PO-0019354,122,4,2023-12-10,USD,OPEN
19355,PO-0019355,379,5,2025-05-19,USD,RECEIVED
19356,PO-0019356,164,10,2025-09-12,USD,RECEIVED
19357,PO-0019357,107,5,2024-10-04,USD,RECEIVED
19358,PO-0019358,273,5,2024-06-25,USD,RECEIVED
19359,PO-0019359,123,6,2023-09-05,USD,RECEIVED
19360,PO-0019360,244,11,2023-10-23,USD,RECEIVED
19361,PO-0019361,252,9,2024-04-05,USD,RECEIVED
19362,PO-0019362,28,4,2024-01-25,USD,RECEIVED
19363,PO-0019363,66,7,2023-01-24,USD,RECEIVED
19364,PO-0019364,396,10,2023-09-08,USD,RECEIVED
19365,PO-0019365,164,5,2024-12-25,USD,RECEIVED
19366,PO-0019366,281,3,2025-08-16,USD,RECEIVED
19367,PO-0019367,128,4,2025-04-03,USD,CANCELLED
19368,PO-0019368,302,11,2024-11-21,USD,RECEIVED
19369,PO-0019369,492,6,2025-08-08,USD,RECEIVED
19370,PO-0019370,420,11,2023-01-31,USD,RECEIVED
19371,PO-0019371,228,10,2025-07-25,USD,RECEIVED
19372,PO-0019372,310,9,2024-09-21,USD,OPEN
19373,PO-0019373,386,6,2025-08-17,USD,PARTIAL
19374,PO-0019374,138,6,2023-04-29,USD,RECEIVED
19375,PO-0019375,468,9,2026-09-03,USD,PARTIAL
19376,PO-0019376,143,3,2023-04-26,USD,RECEIVED
19377,PO-0019377,145,6,2025-01-10,USD,PARTIAL
19378,PO-0019378,409,6,2024-05-29,USD,RECEIVED
19379,PO-0019379,90,4,2023-10-21,USD,RECEIVED
19380,PO-0019380,382,4,2023-04-27,USD,RECEIVED
19381,PO-0019381,385,5,2024-09-24,USD,OPEN
19382,PO-0019382,256,8,2024-05-21,USD,RECEIVED
19383,PO-0019383,98,1,2025-07-07,USD,RECEIVED
19384,PO-0019384,452,2,2026-05-21,USD,PARTIAL
19385,PO-0019385,187,1,2024-10-16,USD,RECEIVED
19386,PO-0019386,103,5,2024-04-22,USD,OPEN
19387,PO-0019387,408,10,2024-04-22,USD,RECEIVED
19388,PO-0019388,220,9,2026-06-04,USD,CANCELLED
19389,PO-0019389,369,7,2024-05-10,USD,RECEIVED
19390,PO-0019390,423,3,2026-08-30,USD,RECEIVED
19391,PO-0019391,315,4,2023-06-29,USD,RECEIVED
19392,PO-0019392,355,6,2023-04-09,USD,OPEN
19393,PO-0019393,50,2,2025-07-06,USD,RECEIVED
19394,PO-0019394,318,3,2025-09-26,USD,CANCELLED
19395,PO-0019395,293,1,2023-04-11,USD,CANCELLED
19396,PO-0019396,213,11,2023-12-03,USD,RECEIVED
19397,PO-0019397,87,4,2024-05-22,USD,RECEIVED
19398,PO-0019398,336,2,2024-06-25,USD,RECEIVED
19399,PO-0019399,441,9,2025-05-17,USD,CANCELLED
19400,PO-0019400,171,4,2024-05-21,USD,OPEN
19401,PO-0019401,152,3,2025-11-08,USD,RECEIVED
19402,PO-0019402,296,9,2023-01-20,USD,RECEIVED
19403,PO-0019403,146,10,2024-03-25,USD,RECEIVED
19404,PO-0019404,294,12,2025-03-06,USD,PARTIAL
19405,PO-0019405,486,12,2025-04-30,USD,RECEIVED
19406,PO-0019406,493,8,2025-04-09,USD,RECEIVED
19407,PO-0019407,227,9,2024-02-23,USD,CANCELLED
19408,PO-0019408,345,5,2024-12-27,USD,RECEIVED
19409,PO-0019409,242,4,2023-04-09,USD,PARTIAL
19410,PO-0019410,148,9,2023-12-08,USD,RECEIVED
19411,PO-0019411,277,9,2023-07-13,USD,PARTIAL
19412,PO-0019412,273,12,2026-04-15,USD,RECEIVED
19413,PO-0019413,350,8,2023-06-13,USD,OPEN
19414,PO-0019414,289,11,2025-11-22,USD,OPEN
19415,PO-0019415,2,1,2025-04-03,USD,RECEIVED
19416,PO-0019416,13,4,2023-07-07,USD,PARTIAL
19417,PO-0019417,288,5,2025-08-01,USD,RECEIVED
19418,PO-0019418,38,10,2026-01-02,USD,CANCELLED
19419,PO-0019419,158,11,2023-06-01,USD,PARTIAL
19420,PO-0019420,215,7,2025-08-13,USD,RECEIVED
19421,PO-0019421,217,10,2024-03-13,USD,PARTIAL
19422,PO-0019422,430,9,2026-07-09,USD,RECEIVED
19423,PO-0019423,465,12,2026-07-23,USD,PARTIAL
19424,PO-0019424,74,3,2023-12-27,USD,RECEIVED
19425,PO-0019425,124,3,2025-02-20,USD,RECEIVED
19426,PO-0019426,489,7,2026-04-09,USD,RECEIVED
19427,PO-0019427,260,11,2024-11-09,USD,CANCELLED
19428,PO-0019428,423,3,2023-01-21,USD,RECEIVED
19429,PO-0019429,66,9,2025-01-14,USD,RECEIVED
19430,PO-0019430,205,12,2024-04-16,USD,CANCELLED
19431,PO-0019431,375,10,2023-10-17,USD,OPEN
19432,PO-0019432,397,1,2023-09-15,USD,CANCELLED
19433,PO-0019433,171,4,2024-01-25,USD,CANCELLED
19434,PO-0019434,169,12,2025-07-20,USD,OPEN
19435,PO-0019435,490,5,2024-05-31,USD,OPEN
19436,PO-0019436,200,11,2024-06-13,USD,RECEIVED
19437,PO-0019437,351,9,2026-07-06,USD,RECEIVED
19438,PO-0019438,348,2,2025-02-07,USD,RECEIVED
19439,PO-0019439,274,2,2024-06-18,USD,RECEIVED
19440,PO-0019440,452,8,2024-12-13,USD,RECEIVED
19441,PO-0019441,327,2,2024-01-15,USD,PARTIAL
19442,PO-0019442,126,1,2025-12-22,USD,RECEIVED
19443,PO-0019443,473,11,2025-05-15,USD,RECEIVED
19444,PO-0019444,286,2,2025-02-15,USD,PARTIAL
19445,PO-0019445,339,2,2024-01-08,USD,CANCELLED
19446,PO-0019446,258,12,2024-05-30,USD,RECEIVED
19447,PO-0019447,317,5,2025-07-21,USD,RECEIVED
19448,PO-0019448,107,7,2024-11-01,USD,RECEIVED
19449,PO-0019449,340,2,2025-12-20,USD,RECEIVED
19450,PO-0019450,295,4,2025-03-05,USD,RECEIVED
19451,PO-0019451,30,6,2025-01-11,USD,RECEIVED
19452,PO-0019452,441,6,2024-09-25,USD,OPEN
19453,PO-0019453,408,7,2024-10-08,USD,RECEIVED
19454,PO-0019454,343,6,2026-01-05,USD,RECEIVED
19455,PO-0019455,204,10,2025-04-25,USD,RECEIVED
19456,PO-0019456,340,11,2023-06-30,USD,RECEIVED
19457,PO-0019457,491,7,2026-06-24,USD,RECEIVED
19458,PO-0019458,194,5,2024-03-21,USD,RECEIVED
19459,PO-0019459,104,2,2023-03-20,USD,RECEIVED
19460,PO-0019460,52,10,2024-10-11,USD,RECEIVED
19461,PO-0019461,448,9,2023-07-07,USD,RECEIVED
19462,PO-0019462,259,9,2026-07-16,USD,RECEIVED
19463,PO-0019463,447,7,2026-07-27,USD,OPEN
19464,PO-0019464,473,5,2026-08-19,USD,RECEIVED
19465,PO-0019465,55,4,2026-08-31,USD,RECEIVED
19466,PO-0019466,291,2,2025-04-16,USD,RECEIVED
19467,PO-0019467,361,3,2023-03-08,USD,RECEIVED
19468,PO-0019468,348,3,2023-07-31,USD,CANCELLED
19469,PO-0019469,40,4,2023-10-07,USD,PARTIAL
19470,PO-0019470,267,9,2025-07-01,USD,RECEIVED
19471,PO-0019471,188,11,2024-09-16,USD,RECEIVED
19472,PO-0019472,495,6,2023-04-09,USD,RECEIVED
19473,PO-0019473,358,3,2025-08-03,USD,PARTIAL
19474,PO-0019474,162,7,2026-09-28,USD,RECEIVED
19475,PO-0019475,97,6,2025-02-01,USD,RECEIVED
19476,PO-0019476,455,4,2023-04-14,USD,RECEIVED
19477,PO-0019477,322,11,2025-09-13,USD,RECEIVED
19478,PO-0019478,8,9,2024-03-08,USD,RECEIVED
19479,PO-0019479,101,3,2023-02-20,USD,RECEIVED
19480,PO-0019480,96,9,2025-07-31,USD,RECEIVED
19481,PO-0019481,392,7,2025-12-15,USD,RECEIVED
19482,PO-0019482,237,9,2026-08-19,USD,RECEIVED
19483,PO-0019483,240,12,2025-10-10,USD,RECEIVED
19484,PO-0019484,287,5,2026-07-31,USD,OPEN
19485,PO-0019485,257,12,2024-02-10,USD,RECEIVED
19486,PO-0019486,252,6,2024-04-01,USD,RECEIVED
19487,PO-0019487,300,8,2025-05-12,USD,RECEIVED
19488,PO-0019488,492,9,2026-02-22,USD,RECEIVED
19489,PO-0019489,9,8,2023-09-07,USD,RECEIVED
19490,PO-0019490,288,2,2025-06-04,USD,PARTIAL
19491,PO-0019491,313,10,2023-01-28,USD,RECEIVED
19492,PO-0019492,66,12,2026-09-21,USD,PARTIAL
19493,PO-0019493,32,5,2026-07-11,USD,OPEN
19494,PO-0019494,202,6,2023-05-03,USD,RECEIVED
19495,PO-0019495,471,5,2023-04-06,USD,RECEIVED
19496,PO-0019496,26,11,2024-09-28,USD,RECEIVED
19497,PO-0019497,493,2,2024-12-03,USD,RECEIVED
19498,PO-0019498,112,5,2025-09-26,USD,RECEIVED
19499,PO-0019499,245,9,2024-03-03,USD,CANCELLED
19500,PO-0019500,445,11,2023-01-30,USD,PARTIAL
19501,PO-0019501,86,5,2024-06-12,USD,RECEIVED
19502,PO-0019502,103,3,2023-08-15,USD,RECEIVED
19503,PO-0019503,90,12,2023-01-22,USD,RECEIVED
19504,PO-0019504,68,7,2025-10-29,USD,RECEIVED
19505,PO-0019505,467,7,2026-03-01,USD,RECEIVED
19506,PO-0019506,215,9,2024-11-22,USD,RECEIVED
19507,PO-0019507,96,1,2023-10-21,USD,CANCELLED
19508,PO-0019508,285,9,2023-10-10,USD,RECEIVED
19509,PO-0019509,138,4,2026-04-16,USD,PARTIAL
19510,PO-0019510,442,1,2026-08-04,USD,RECEIVED
19511,PO-0019511,282,1,2024-11-03,USD,OPEN
19512,PO-0019512,24,7,2026-02-03,USD,PARTIAL
19513,PO-0019513,45,7,2023-03-20,USD,RECEIVED
19514,PO-0019514,269,11,2023-09-10,USD,RECEIVED
19515,PO-0019515,401,10,2025-04-03,USD,RECEIVED
19516,PO-0019516,54,10,2025-11-13,USD,RECEIVED
19517,PO-0019517,134,2,2024-10-12,USD,PARTIAL
19518,PO-0019518,207,9,2025-11-13,USD,RECEIVED
19519,PO-0019519,496,3,2025-09-25,USD,CANCELLED
19520,PO-0019520,136,10,2024-03-17,USD,RECEIVED
19521,PO-0019521,249,5,2023-04-25,USD,RECEIVED
19522,PO-0019522,350,9,2023-05-05,USD,RECEIVED
19523,PO-0019523,285,3,2024-10-18,USD,RECEIVED
19524,PO-0019524,108,9,2023-10-19,USD,RECEIVED
19525,PO-0019525,379,10,2024-09-08,USD,RECEIVED
19526,PO-0019526,387,12,2025-04-27,USD,RECEIVED
19527,PO-0019527,460,9,2023-08-05,USD,RECEIVED
19528,PO-0019528,393,4,2025-10-19,USD,RECEIVED
19529,PO-0019529,87,10,2025-10-16,USD,RECEIVED
19530,PO-0019530,48,9,2025-06-09,USD,RECEIVED
19531,PO-0019531,56,9,2023-10-09,USD,RECEIVED
19532,PO-0019532,190,8,2025-12-13,USD,RECEIVED
19533,PO-0019533,383,12,2026-04-15,USD,RECEIVED
19534,PO-0019534,417,12,2023-09-04,USD,PARTIAL
19535,PO-0019535,377,12,2023-09-14,USD,RECEIVED
19536,PO-0019536,459,6,2026-08-02,USD,OPEN
19537,PO-0019537,441,9,2025-05-12,USD,RECEIVED
19538,PO-0019538,341,2,2026-02-13,USD,CANCELLED
19539,PO-0019539,347,11,2024-03-16,USD,RECEIVED
19540,PO-0019540,382,8,2023-02-28,USD,RECEIVED
19541,PO-0019541,173,11,2025-12-20,USD,RECEIVED
19542,PO-0019542,79,3,2025-12-15,USD,RECEIVED
19543,PO-0019543,214,12,2025-03-17,USD,RECEIVED
19544,PO-0019544,361,5,2024-02-25,USD,RECEIVED
19545,PO-0019545,145,3,2026-01-16,USD,OPEN
19546,PO-0019546,243,2,2026-09-01,USD,RECEIVED
19547,PO-0019547,187,1,2025-08-12,USD,RECEIVED
19548,PO-0019548,319,12,2024-08-21,USD,OPEN
19549,PO-0019549,450,7,2025-02-18,USD,PARTIAL
19550,PO-0019550,448,3,2025-06-20,USD,RECEIVED
19551,PO-0019551,145,1,2023-08-30,USD,RECEIVED
19552,PO-0019552,458,12,2026-06-12,USD,CANCELLED
19553,PO-0019553,441,3,2025-08-29,USD,RECEIVED
19554,PO-0019554,185,10,2025-11-25,USD,RECEIVED
19555,PO-0019555,331,5,2024-09-27,USD,RECEIVED
19556,PO-0019556,161,7,2023-02-05,USD,RECEIVED
19557,PO-0019557,472,3,2024-06-28,USD,PARTIAL
19558,PO-0019558,383,5,2023-10-16,USD,PARTIAL
19559,PO-0019559,461,6,2024-06-10,USD,RECEIVED
19560,PO-0019560,56,4,2023-01-08,USD,RECEIVED
19561,PO-0019561,366,6,2025-02-09,USD,RECEIVED
19562,PO-0019562,309,6,2024-04-18,USD,CANCELLED
19563,PO-0019563,252,12,2025-11-25,USD,RECEIVED
19564,PO-0019564,115,11,2026-07-25,USD,RECEIVED
19565,PO-0019565,233,11,2023-10-09,USD,RECEIVED
19566,PO-0019566,297,3,2023-11-10,USD,CANCELLED
19567,PO-0019567,306,5,2025-08-03,USD,RECEIVED
19568,PO-0019568,2,2,2024-08-08,USD,RECEIVED
19569,PO-0019569,392,9,2026-07-28,USD,RECEIVED
19570,PO-0019570,416,6,2025-06-24,USD,RECEIVED
19571,PO-0019571,177,3,2025-10-10,USD,PARTIAL
19572,PO-0019572,344,8,2024-04-15,USD,OPEN
19573,PO-0019573,120,11,2025-10-12,USD,PARTIAL
19574,PO-0019574,270,3,2023-09-30,USD,PARTIAL
19575,PO-0019575,453,7,2026-08-05,USD,RECEIVED
19576,PO-0019576,500,5,2026-07-03,USD,RECEIVED
19577,PO-0019577,384,9,2024-04-18,USD,RECEIVED
19578,PO-0019578,214,7,2026-01-09,USD,RECEIVED
19579,PO-0019579,366,12,2025-12-11,USD,OPEN
19580,PO-0019580,69,9,2026-05-04,USD,RECEIVED
19581,PO-0019581,241,9,2023-01-08,USD,PARTIAL
19582,PO-0019582,60,10,2025-04-02,USD,RECEIVED
19583,PO-0019583,370,4,2026-08-19,USD,RECEIVED
19584,PO-0019584,451,12,2023-11-09,USD,PARTIAL
19585,PO-0019585,84,4,2024-09-30,USD,RECEIVED
19586,PO-0019586,232,4,2026-08-25,USD,CANCELLED
19587,PO-0019587,298,1,2026-02-05,USD,RECEIVED
19588,PO-0019588,461,10,2026-03-19,USD,CANCELLED
19589,PO-0019589,500,7,2025-02-01,USD,RECEIVED
19590,PO-0019590,486,4,2024-07-19,USD,RECEIVED
19591,PO-0019591,217,1,2024-05-05,USD,CANCELLED
19592,PO-0019592,400,11,2026-09-30,USD,RECEIVED
19593,PO-0019593,104,6,2026-04-17,USD,RECEIVED
19594,PO-0019594,35,12,2026-05-05,USD,RECEIVED
19595,PO-0019595,52,11,2023-10-26,USD,CANCELLED
19596,PO-0019596,499,12,2025-08-23,USD,OPEN
19597,PO-0019597,14,7,2025-08-16,USD,RECEIVED
19598,PO-0019598,301,1,2025-09-09,USD,CANCELLED
19599,PO-0019599,18,9,2025-04-06,USD,RECEIVED
19600,PO-0019600,72,1,2026-08-31,USD,RECEIVED
19601,PO-0019601,342,7,2024-07-15,USD,RECEIVED
19602,PO-0019602,316,1,2025-02-07,USD,RECEIVED
19603,PO-0019603,113,6,2023-11-04,USD,PARTIAL
19604,PO-0019604,264,11,2023-03-01,USD,RECEIVED
19605,PO-0019605,380,4,2026-04-30,USD,RECEIVED
19606,PO-0019606,77,2,2024-02-11,USD,RECEIVED
19607,PO-0019607,247,6,2024-08-08,USD,RECEIVED
19608,PO-0019608,354,7,2023-01-05,USD,RECEIVED
19609,PO-0019609,302,3,2026-01-23,USD,CANCELLED
19610,PO-0019610,186,5,2025-07-11,USD,CANCELLED
19611,PO-0019611,388,8,2024-02-25,USD,CANCELLED
19612,PO-0019612,226,12,2025-12-14,USD,RECEIVED
19613,PO-0019613,440,8,2023-02-07,USD,RECEIVED
19614,PO-0019614,217,6,2024-06-09,USD,RECEIVED
19615,PO-0019615,137,2,2025-07-26,USD,CANCELLED
19616,PO-0019616,481,11,2024-06-21,USD,OPEN
19617,PO-0019617,66,6,2024-01-24,USD,RECEIVED
19618,PO-0019618,54,9,2023-08-18,USD,RECEIVED
19619,PO-0019619,136,1,2023-07-17,USD,PARTIAL
19620,PO-0019620,66,4,2025-03-13,USD,PARTIAL
19621,PO-0019621,282,9,2025-12-27,USD,RECEIVED
19622,PO-0019622,332,4,2023-07-23,USD,OPEN
19623,PO-0019623,349,1,2026-03-17,USD,PARTIAL
19624,PO-0019624,415,8,2023-02-25,USD,RECEIVED
19625,PO-0019625,392,6,2023-05-27,USD,RECEIVED
19626,PO-0019626,107,10,2025-03-24,USD,RECEIVED
19627,PO-0019627,417,12,2025-10-24,USD,RECEIVED
19628,PO-0019628,183,9,2024-10-18,USD,RECEIVED
19629,PO-0019629,96,6,2026-02-28,USD,RECEIVED
19630,PO-0019630,119,8,2023-08-16,USD,PARTIAL
19631,PO-0019631,460,6,2026-04-06,USD,RECEIVED
19632,PO-0019632,395,1,2023-10-19,USD,OPEN
19633,PO-0019633,199,11,2025-11-08,USD,RECEIVED
19634,PO-0019634,44,1,2026-03-27,USD,CANCELLED
19635,PO-0019635,135,1,2023-02-06,USD,RECEIVED
19636,PO-0019636,363,5,2023-06-02,USD,RECEIVED
19637,PO-0019637,439,7,2026-08-10,USD,CANCELLED
19638,PO-0019638,120,5,2026-03-05,USD,CANCELLED
19639,PO-0019639,204,5,2024-09-12,USD,RECEIVED
19640,PO-0019640,448,6,2026-04-25,USD,PARTIAL
19641,PO-0019641,433,6,2023-05-09,USD,RECEIVED
19642,PO-0019642,100,3,2023-05-04,USD,RECEIVED
19643,PO-0019643,366,12,2024-04-03,USD,RECEIVED
19644,PO-0019644,355,1,2023-06-24,USD,RECEIVED
19645,PO-0019645,385,7,2023-10-11,USD,RECEIVED
19646,PO-0019646,432,7,2023-05-12,USD,RECEIVED
19647,PO-0019647,432,1,2026-02-19,USD,RECEIVED
19648,PO-0019648,291,1,2024-09-26,USD,RECEIVED
19649,PO-0019649,442,2,2025-04-01,USD,RECEIVED
19650,PO-0019650,229,11,2024-03-20,USD,RECEIVED
19651,PO-0019651,307,7,2024-11-20,USD,RECEIVED
19652,PO-0019652,331,11,2023-06-11,USD,RECEIVED
19653,PO-0019653,24,9,2023-10-23,USD,PARTIAL
19654,PO-0019654,272,12,2024-04-24,USD,RECEIVED
19655,PO-0019655,126,10,2023-01-07,USD,RECEIVED
19656,PO-0019656,438,12,2024-03-22,USD,RECEIVED
19657,PO-0019657,137,2,2023-04-21,USD,RECEIVED
19658,PO-0019658,356,8,2025-04-22,USD,RECEIVED
19659,PO-0019659,257,2,2024-03-20,USD,RECEIVED
19660,PO-0019660,201,7,2024-05-21,USD,OPEN
19661,PO-0019661,396,2,2024-08-22,USD,CANCELLED
19662,PO-0019662,110,5,2026-09-30,USD,RECEIVED
19663,PO-0019663,173,6,2026-05-25,USD,PARTIAL
19664,PO-0019664,219,5,2023-07-28,USD,CANCELLED
19665,PO-0019665,197,2,2026-04-26,USD,RECEIVED
19666,PO-0019666,240,7,2026-05-22,USD,RECEIVED
19667,PO-0019667,256,11,2025-11-30,USD,RECEIVED
19668,PO-0019668,40,11,2025-11-26,USD,RECEIVED
19669,PO-0019669,148,1,2024-06-12,USD,RECEIVED
19670,PO-0019670,223,9,2023-10-01,USD,PARTIAL
19671,PO-0019671,427,9,2023-07-07,USD,PARTIAL
19672,PO-0019672,202,11,2023-06-03,USD,RECEIVED
19673,PO-0019673,261,4,2023-11-28,USD,RECEIVED
19674,PO-0019674,8,9,2026-03-07,USD,RECEIVED
19675,PO-0019675,43,5,2025-07-19,USD,RECEIVED
19676,PO-0019676,390,4,2025-09-11,USD,OPEN
19677,PO-0019677,303,3,2023-10-08,USD,CANCELLED
19678,PO-0019678,224,1,2026-06-01,USD,RECEIVED
19679,PO-0019679,480,6,2025-12-12,USD,RECEIVED
19680,PO-0019680,149,9,2024-03-17,USD,RECEIVED
19681,PO-0019681,46,11,2023-11-21,USD,RECEIVED
19682,PO-0019682,292,3,2026-02-15,USD,RECEIVED
19683,PO-0019683,433,4,2023-07-16,USD,PARTIAL
19684,PO-0019684,406,11,2025-10-02,USD,RECEIVED
19685,PO-0019685,107,6,2025-08-18,USD,RECEIVED
19686,PO-0019686,400,5,2024-10-19,USD,RECEIVED
19687,PO-0019687,12,2,2024-01-17,USD,RECEIVED
19688,PO-0019688,240,2,2025-09-04,USD,RECEIVED
19689,PO-0019689,121,2,2024-04-18,USD,RECEIVED
19690,PO-0019690,238,5,2025-03-26,USD,RECEIVED
19691,PO-0019691,416,10,2024-11-27,USD,PARTIAL
19692,PO-0019692,431,9,2023-09-13,USD,PARTIAL
19693,PO-0019693,277,12,2024-10-28,USD,RECEIVED
19694,PO-0019694,437,6,2023-07-29,USD,RECEIVED
19695,PO-0019695,424,2,2023-02-11,USD,RECEIVED
19696,PO-0019696,265,7,2023-09-26,USD,RECEIVED
19697,PO-0019697,497,12,2025-12-23,USD,RECEIVED
19698,PO-0019698,150,1,2024-01-18,USD,PARTIAL
19699,PO-0019699,500,2,2025-06-28,USD,RECEIVED
19700,PO-0019700,464,12,2025-02-09,USD,RECEIVED
19701,PO-0019701,306,2,2024-12-15,USD,RECEIVED
19702,PO-0019702,498,5,2023-12-31,USD,RECEIVED
19703,PO-0019703,63,7,2025-07-21,USD,CANCELLED
19704,PO-0019704,224,9,2024-03-20,USD,RECEIVED
19705,PO-0019705,451,6,2025-03-13,USD,RECEIVED
19706,PO-0019706,18,2,2023-09-01,USD,PARTIAL
19707,PO-0019707,437,5,2026-03-26,USD,CANCELLED
19708,PO-0019708,343,9,2024-10-18,USD,PARTIAL
19709,PO-0019709,126,2,2023-03-12,USD,RECEIVED
19710,PO-0019710,201,9,2023-05-20,USD,RECEIVED
19711,PO-0019711,344,8,2024-12-02,USD,PARTIAL
19712,PO-0019712,213,12,2023-12-02,USD,RECEIVED
19713,PO-0019713,134,9,2026-07-21,USD,RECEIVED
19714,PO-0019714,291,6,2024-01-08,USD,CANCELLED
19715,PO-0019715,328,7,2026-06-27,USD,RECEIVED
19716,PO-0019716,135,9,2023-03-25,USD,RECEIVED
19717,PO-0019717,492,3,2023-06-18,USD,RECEIVED
19718,PO-0019718,140,12,2025-07-20,USD,CANCELLED
19719,PO-0019719,192,9,2026-06-26,USD,RECEIVED
19720,PO-0019720,66,6,2023-02-24,USD,OPEN
19721,PO-0019721,33,2,2024-03-29,USD,RECEIVED
19722,PO-0019722,92,10,2023-04-22,USD,RECEIVED
19723,PO-0019723,226,9,2023-05-11,USD,RECEIVED
19724,PO-0019724,297,1,2025-04-07,USD,RECEIVED
19725,PO-0019725,11,11,2025-09-30,USD,RECEIVED
19726,PO-0019726,340,6,2024-07-15,USD,RECEIVED
19727,PO-0019727,32,11,2026-09-22,USD,PARTIAL
19728,PO-0019728,239,5,2023-12-19,USD,PARTIAL
19729,PO-0019729,121,9,2025-12-20,USD,RECEIVED
19730,PO-0019730,201,4,2025-01-13,USD,RECEIVED
19731,PO-0019731,115,4,2023-07-27,USD,RECEIVED
19732,PO-0019732,284,8,2023-03-19,USD,RECEIVED
19733,PO-0019733,96,8,2024-10-19,USD,RECEIVED
19734,PO-0019734,441,12,2024-08-27,USD,RECEIVED
19735,PO-0019735,182,1,2026-08-17,USD,CANCELLED
19736,PO-0019736,158,2,2026-08-15,USD,RECEIVED
19737,PO-0019737,235,5,2024-09-13,USD,RECEIVED
19738,PO-0019738,335,8,2024-01-20,USD,RECEIVED
19739,PO-0019739,11,3,2023-10-18,USD,RECEIVED
19740,PO-0019740,362,10,2023-04-14,USD,RECEIVED
19741,PO-0019741,411,9,2023-08-16,USD,RECEIVED
19742,PO-0019742,275,3,2025-11-29,USD,RECEIVED
19743,PO-0019743,264,4,2026-09-06,USD,RECEIVED
19744,PO-0019744,465,3,2025-06-28,USD,CANCELLED
19745,PO-0019745,18,9,2026-07-17,USD,RECEIVED
19746,PO-0019746,288,9,2024-10-10,USD,RECEIVED
19747,PO-0019747,328,9,2026-07-25,USD,RECEIVED
19748,PO-0019748,148,1,2026-01-15,USD,RECEIVED
19749,PO-0019749,304,5,2025-07-25,USD,RECEIVED
19750,PO-0019750,3,9,2023-12-28,USD,PARTIAL
19751,PO-0019751,427,4,2026-03-03,USD,RECEIVED
19752,PO-0019752,355,4,2026-01-12,USD,RECEIVED
19753,PO-0019753,210,4,2025-09-14,USD,OPEN
19754,PO-0019754,245,2,2024-04-28,USD,RECEIVED
19755,PO-0019755,171,12,2025-11-05,USD,RECEIVED
19756,PO-0019756,231,9,2025-10-08,USD,RECEIVED
19757,PO-0019757,362,1,2024-08-07,USD,RECEIVED
19758,PO-0019758,373,2,2024-02-15,USD,RECEIVED
19759,PO-0019759,164,10,2025-03-13,USD,RECEIVED
19760,PO-0019760,439,4,2026-07-30,USD,PARTIAL
19761,PO-0019761,162,4,2025-07-19,USD,RECEIVED
19762,PO-0019762,201,7,2025-07-29,USD,CANCELLED
19763,PO-0019763,458,8,2023-08-23,USD,RECEIVED
19764,PO-0019764,62,11,2023-01-02,USD,OPEN
19765,PO-0019765,288,11,2026-06-17,USD,RECEIVED
19766,PO-0019766,306,1,2025-02-18,USD,RECEIVED
19767,PO-0019767,9,4,2026-07-09,USD,RECEIVED
19768,PO-0019768,152,3,2024-08-22,USD,RECEIVED
19769,PO-0019769,392,11,2024-03-16,USD,OPEN
19770,PO-0019770,72,7,2024-10-21,USD,RECEIVED
19771,PO-0019771,104,3,2023-04-21,USD,RECEIVED
19772,PO-0019772,87,1,2024-11-17,USD,OPEN
19773,PO-0019773,274,4,2025-03-21,USD,OPEN
19774,PO-0019774,422,9,2024-10-14,USD,OPEN
19775,PO-0019775,38,3,2023-01-30,USD,RECEIVED
19776,PO-0019776,402,6,2025-07-17,USD,RECEIVED
19777,PO-0019777,318,5,2026-05-03,USD,OPEN
19778,PO-0019778,198,11,2023-10-20,USD,RECEIVED
19779,PO-0019779,305,4,2023-03-15,USD,PARTIAL
19780,PO-0019780,304,4,2025-01-03,USD,RECEIVED
19781,PO-0019781,255,1,2023-05-18,USD,RECEIVED
19782,PO-0019782,266,2,2025-07-12,USD,RECEIVED
19783,PO-0019783,249,7,2023-09-19,USD,RECEIVED
19784,PO-0019784,223,3,2024-02-23,USD,RECEIVED
19785,PO-0019785,159,11,2025-01-11,USD,RECEIVED
19786,PO-0019786,306,3,2024-05-17,USD,RECEIVED
19787,PO-0019787,196,11,2024-07-04,USD,RECEIVED
19788,PO-0019788,456,7,2023-05-09,USD,RECEIVED
19789,PO-0019789,49,11,2024-10-19,USD,RECEIVED
19790,PO-0019790,267,1,2026-08-23,USD,RECEIVED
19791,PO-0019791,292,5,2023-12-08,USD,RECEIVED
19792,PO-0019792,479,9,2025-09-28,USD,RECEIVED
19793,PO-0019793,401,8,2026-02-06,USD,RECEIVED
19794,PO-0019794,2,8,2024-04-03,USD,RECEIVED
19795,PO-0019795,62,12,2025-09-16,USD,OPEN
19796,PO-0019796,145,7,2024-05-16,USD,PARTIAL
19797,PO-0019797,265,8,2025-08-16,USD,CANCELLED
19798,PO-0019798,109,3,2024-08-04,USD,OPEN
19799,PO-0019799,410,2,2025-09-27,USD,RECEIVED
19800,PO-0019800,255,9,2026-06-21,USD,OPEN
19801,PO-0019801,178,4,2024-06-30,USD,OPEN
19802,PO-0019802,236,3,2024-04-26,USD,CANCELLED
19803,PO-0019803,449,8,2024-02-03,USD,PARTIAL
19804,PO-0019804,190,3,2024-04-09,USD,RECEIVED
19805,PO-0019805,78,6,2026-08-19,USD,RECEIVED
19806,PO-0019806,271,10,2024-06-20,USD,RECEIVED
19807,PO-0019807,26,12,2025-02-20,USD,RECEIVED
19808,PO-0019808,295,8,2023-02-05,USD,RECEIVED
19809,PO-0019809,142,4,2023-09-14,USD,RECEIVED
19810,PO-0019810,304,8,2023-08-23,USD,RECEIVED
19811,PO-0019811,252,2,2023-05-30,USD,OPEN
19812,PO-0019812,292,8,2023-09-29,USD,RECEIVED
19813,PO-0019813,33,12,2024-03-02,USD,RECEIVED
19814,PO-0019814,269,12,2026-08-08,USD,RECEIVED
19815,PO-0019815,270,5,2025-03-18,USD,RECEIVED
19816,PO-0019816,116,12,2025-08-04,USD,RECEIVED
19817,PO-0019817,324,11,2025-03-30,USD,OPEN
19818,PO-0019818,494,12,2024-08-06,USD,RECEIVED
19819,PO-0019819,151,8,2026-03-01,USD,PARTIAL
19820,PO-0019820,130,9,2025-05-28,USD,RECEIVED
19821,PO-0019821,428,12,2025-07-08,USD,RECEIVED
19822,PO-0019822,45,7,2024-04-19,USD,CANCELLED
19823,PO-0019823,362,6,2024-08-15,USD,RECEIVED
19824,PO-0019824,305,5,2023-03-01,USD,RECEIVED
19825,PO-0019825,62,5,2025-03-06,USD,RECEIVED
19826,PO-0019826,177,9,2024-12-29,USD,RECEIVED
19827,PO-0019827,77,6,2025-07-25,USD,RECEIVED
19828,PO-0019828,261,12,2023-09-04,USD,OPEN
19829,PO-0019829,118,6,2023-01-23,USD,RECEIVED
19830,PO-0019830,98,10,2026-09-11,USD,PARTIAL
19831,PO-0019831,309,10,2023-01-16,USD,PARTIAL
19832,PO-0019832,31,7,2024-05-01,USD,RECEIVED
19833,PO-0019833,451,11,2024-10-15,USD,CANCELLED
19834,PO-0019834,286,7,2025-06-12,USD,CANCELLED
19835,PO-0019835,329,2,2024-10-18,USD,CANCELLED
19836,PO-0019836,288,4,2023-12-10,USD,PARTIAL
19837,PO-0019837,108,8,2025-01-30,USD,OPEN
19838,PO-0019838,105,2,2025-02-10,USD,RECEIVED
19839,PO-0019839,232,7,2026-03-06,USD,RECEIVED
19840,PO-0019840,19,3,2024-06-29,USD,RECEIVED
19841,PO-0019841,345,2,2023-10-03,USD,RECEIVED
19842,PO-0019842,8,3,2025-12-16,USD,RECEIVED
19843,PO-0019843,493,2,2023-08-15,USD,RECEIVED
19844,PO-0019844,408,11,2026-07-06,USD,RECEIVED
19845,PO-0019845,91,5,2025-04-16,USD,RECEIVED
19846,PO-0019846,451,3,2026-04-07,USD,RECEIVED
19847,PO-0019847,127,1,2026-09-08,USD,RECEIVED
19848,PO-0019848,70,10,2024-09-05,USD,RECEIVED
19849,PO-0019849,67,8,2025-07-24,USD,RECEIVED
19850,PO-0019850,321,4,2025-04-29,USD,RECEIVED
19851,PO-0019851,233,5,2026-02-23,USD,RECEIVED
19852,PO-0019852,388,8,2025-01-18,USD,RECEIVED
19853,PO-0019853,490,6,2024-04-24,USD,RECEIVED
19854,PO-0019854,463,2,2025-01-06,USD,RECEIVED
19855,PO-0019855,491,2,2024-09-16,USD,RECEIVED
19856,PO-0019856,342,12,2024-11-28,USD,RECEIVED
19857,PO-0019857,68,3,2024-03-17,USD,OPEN
19858,PO-0019858,20,7,2025-02-28,USD,RECEIVED
19859,PO-0019859,491,8,2025-08-09,USD,RECEIVED
19860,PO-0019860,199,4,2026-02-07,USD,RECEIVED
19861,PO-0019861,299,1,2023-11-24,USD,PARTIAL
19862,PO-0019862,371,4,2026-09-08,USD,RECEIVED
19863,PO-0019863,232,7,2023-12-25,USD,RECEIVED
19864,PO-0019864,235,4,2026-06-14,USD,RECEIVED
19865,PO-0019865,458,9,2024-04-15,USD,CANCELLED
19866,PO-0019866,268,11,2024-04-19,USD,RECEIVED
19867,PO-0019867,113,11,2026-07-01,USD,RECEIVED
19868,PO-0019868,467,4,2023-05-29,USD,OPEN
19869,PO-0019869,126,11,2024-12-13,USD,OPEN
19870,PO-0019870,101,4,2026-04-07,USD,RECEIVED
19871,PO-0019871,268,6,2024-01-31,USD,RECEIVED
19872,PO-0019872,219,7,2024-05-11,USD,RECEIVED
19873,PO-0019873,263,1,2025-02-16,USD,RECEIVED
19874,PO-0019874,79,11,2024-10-24,USD,RECEIVED
19875,PO-0019875,357,10,2026-04-29,USD,RECEIVED
19876,PO-0019876,491,1,2023-09-10,USD,RECEIVED
19877,PO-0019877,457,7,2023-07-28,USD,RECEIVED
19878,PO-0019878,309,2,2024-07-01,USD,RECEIVED
19879,PO-0019879,462,9,2023-11-21,USD,RECEIVED
19880,PO-0019880,307,7,2025-11-16,USD,RECEIVED
19881,PO-0019881,245,7,2024-10-15,USD,RECEIVED
19882,PO-0019882,323,12,2024-05-09,USD,OPEN
19883,PO-0019883,487,8,2025-09-24,USD,RECEIVED
19884,PO-0019884,242,8,2026-02-05,USD,RECEIVED
19885,PO-0019885,369,11,2023-06-22,USD,RECEIVED
19886,PO-0019886,381,9,2025-11-22,USD,RECEIVED
19887,PO-0019887,452,8,2024-04-03,USD,RECEIVED
19888,PO-0019888,210,7,2024-10-04,USD,RECEIVED
19889,PO-0019889,358,8,2025-05-21,USD,RECEIVED
19890,PO-0019890,95,9,2023-01-17,USD,RECEIVED
19891,PO-0019891,350,10,2025-01-13,USD,PARTIAL
19892,PO-0019892,299,4,2025-05-03,USD,OPEN
19893,PO-0019893,229,6,2023-03-20,USD,RECEIVED
19894,PO-0019894,106,2,2023-11-19,USD,RECEIVED
19895,PO-0019895,211,5,2024-10-16,USD,RECEIVED
19896,PO-0019896,471,4,2024-05-02,USD,RECEIVED
19897,PO-0019897,378,3,2026-02-08,USD,CANCELLED
19898,PO-0019898,350,8,2024-10-05,USD,RECEIVED
19899,PO-0019899,223,9,2024-02-27,USD,RECEIVED
19900,PO-0019900,108,12,2024-10-14,USD,RECEIVED
19901,PO-0019901,362,1,2025-01-06,USD,CANCELLED
19902,PO-0019902,453,1,2023-07-16,USD,PARTIAL
19903,PO-0019903,69,4,2023-11-27,USD,RECEIVED
19904,PO-0019904,286,5,2025-03-26,USD,RECEIVED
19905,PO-0019905,43,3,2026-07-03,USD,RECEIVED
19906,PO-0019906,476,10,2023-01-17,USD,RECEIVED
19907,PO-0019907,376,12,2024-04-22,USD,RECEIVED
19908,PO-0019908,248,10,2024-09-13,USD,RECEIVED
19909,PO-0019909,133,11,2023-07-29,USD,RECEIVED
19910,PO-0019910,127,6,2026-03-09,USD,RECEIVED
19911,PO-0019911,203,1,2023-05-21,USD,CANCELLED
19912,PO-0019912,358,5,2024-06-12,USD,RECEIVED
19913,PO-0019913,236,7,2026-02-16,USD,OPEN
19914,PO-0019914,320,1,2023-10-20,USD,PARTIAL
19915,PO-0019915,134,4,2026-02-11,USD,RECEIVED
19916,PO-0019916,76,7,2024-11-20,USD,CANCELLED
19917,PO-0019917,409,10,2023-01-30,USD,PARTIAL
19918,PO-0019918,471,12,2024-07-12,USD,RECEIVED
19919,PO-0019919,211,9,2026-06-29,USD,PARTIAL
19920,PO-0019920,268,3,2025-04-23,USD,OPEN
19921,PO-0019921,31,2,2023-05-22,USD,RECEIVED
19922,PO-0019922,219,4,2025-03-05,USD,PARTIAL
19923,PO-0019923,412,1,2024-06-30,USD,RECEIVED
19924,PO-0019924,176,9,2023-11-11,USD,RECEIVED
19925,PO-0019925,369,3,2026-05-05,USD,OPEN
19926,PO-0019926,78,3,2024-09-22,USD,RECEIVED
19927,PO-0019927,271,3,2023-10-13,USD,CANCELLED
19928,PO-0019928,451,9,2026-09-15,USD,RECEIVED
19929,PO-0019929,94,10,2025-06-03,USD,RECEIVED
19930,PO-0019930,167,4,2023-01-22,USD,RECEIVED
19931,PO-0019931,408,1,2023-02-13,USD,RECEIVED
19932,PO-0019932,319,3,2026-05-19,USD,RECEIVED
19933,PO-0019933,87,1,2026-01-31,USD,RECEIVED
19934,PO-0019934,264,7,2024-07-05,USD,RECEIVED
19935,PO-0019935,404,12,2026-02-10,USD,RECEIVED
19936,PO-0019936,102,7,2023-09-10,USD,RECEIVED
19937,PO-0019937,391,2,2026-03-23,USD,RECEIVED
19938,PO-0019938,271,7,2023-03-19,USD,RECEIVED
19939,PO-0019939,394,8,2024-12-13,USD,RECEIVED
19940,PO-0019940,473,8,2024-09-27,USD,RECEIVED
19941,PO-0019941,445,1,2025-06-18,USD,RECEIVED
19942,PO-0019942,454,3,2024-03-09,USD,PARTIAL
19943,PO-0019943,441,11,2024-06-28,USD,CANCELLED
19944,PO-0019944,273,9,2026-03-17,USD,RECEIVED
19945,PO-0019945,149,3,2026-01-25,USD,RECEIVED
19946,PO-0019946,396,8,2025-01-07,USD,RECEIVED
19947,PO-0019947,157,10,2026-01-19,USD,RECEIVED
19948,PO-0019948,73,10,2023-12-24,USD,CANCELLED
19949,PO-0019949,218,4,2025-06-11,USD,PARTIAL
19950,PO-0019950,343,12,2025-09-17,USD,RECEIVED
19951,PO-0019951,89,10,2026-03-05,USD,RECEIVED
19952,PO-0019952,473,10,2026-01-28,USD,RECEIVED
19953,PO-0019953,274,1,2026-09-01,USD,RECEIVED
19954,PO-0019954,17,1,2023-12-11,USD,OPEN
19955,PO-0019955,409,6,2024-07-08,USD,RECEIVED
19956,PO-0019956,83,12,2023-07-26,USD,RECEIVED
19957,PO-0019957,359,7,2023-11-06,USD,RECEIVED
19958,PO-0019958,379,8,2023-11-25,USD,CANCELLED
19959,PO-0019959,111,2,2023-10-10,USD,OPEN
19960,PO-0019960,423,3,2023-03-13,USD,OPEN
19961,PO-0019961,69,1,2026-03-27,USD,CANCELLED
19962,PO-0019962,218,8,2025-12-01,USD,PARTIAL
19963,PO-0019963,75,12,2025-12-24,USD,RECEIVED
19964,PO-0019964,465,1,2024-12-11,USD,PARTIAL
19965,PO-0019965,362,6,2026-07-15,USD,PARTIAL
19966,PO-0019966,283,5,2026-02-25,USD,RECEIVED
19967,PO-0019967,434,12,2024-07-24,USD,OPEN
19968,PO-0019968,466,12,2024-10-01,USD,RECEIVED
19969,PO-0019969,337,4,2023-03-28,USD,RECEIVED
19970,PO-0019970,266,4,2023-10-27,USD,RECEIVED
19971,PO-0019971,122,3,2025-04-27,USD,RECEIVED
19972,PO-0019972,275,3,2023-06-26,USD,RECEIVED
19973,PO-0019973,430,4,2023-10-06,USD,CANCELLED
19974,PO-0019974,206,5,2024-11-20,USD,RECEIVED
19975,PO-0019975,21,2,2023-12-06,USD,PARTIAL
19976,PO-0019976,345,1,2026-03-20,USD,RECEIVED
19977,PO-0019977,24,7,2025-08-09,USD,RECEIVED
19978,PO-0019978,492,3,2026-03-23,USD,RECEIVED
19979,PO-0019979,274,9,2023-09-17,USD,RECEIVED
19980,PO-0019980,217,11,2023-01-21,USD,RECEIVED
19981,PO-0019981,454,8,2025-05-18,USD,RECEIVED
19982,PO-0019982,381,9,2023-11-23,USD,RECEIVED
19983,PO-0019983,17,1,2024-10-03,USD,CANCELLED
19984,PO-0019984,488,2,2026-09-22,USD,RECEIVED
19985,PO-0019985,1,6,2025-03-30,USD,RECEIVED
19986,PO-0019986,413,12,2023-10-06,USD,RECEIVED
19987,PO-0019987,83,10,2023-06-16,USD,RECEIVED
19988,PO-0019988,24,9,2026-02-21,USD,OPEN
19989,PO-0019989,106,12,2023-07-28,USD,RECEIVED
19990,PO-0019990,172,3,2023-11-07,USD,RECEIVED
19991,PO-0019991,311,12,2023-09-27,USD,OPEN
19992,PO-0019992,423,10,2025-06-20,USD,CANCELLED
19993,PO-0019993,242,9,2024-09-15,USD,RECEIVED
19994,PO-0019994,217,5,2023-02-26,USD,RECEIVED
19995,PO-0019995,256,7,2023-03-29,USD,OPEN
19996,PO-0019996,492,1,2024-01-28,USD,RECEIVED
19997,PO-0019997,431,3,2025-06-17,USD,RECEIVED
19998,PO-0019998,471,7,2024-12-30,USD,PARTIAL
19999,PO-0019999,119,6,2026-05-31,USD,RECEIVED
20000,PO-0020000,1,3,2024-02-07,USD,RECEIVED
