INSPECTION_ID,RECEIPT_ID,PART_ID,SUPPLIER_ID,INSPECTION_DATE,SAMPLE_SIZE,DEFECT_COUNT,RESULT,PPM
1,34995,24314,320,2025-12-08,168,0,PASS,0.0
2,81943,10478,129,2026-03-22,399,0,PASS,0.0
3,40985,14689,365,2026-01-12,664,4,CONDITIONAL,6024.1
4,78059,19580,55,2024-01-10,772,1,PASS,1295.3
5,16640,917,60,2026-06-04,853,2,PASS,2344.7
6,43515,1605,15,2024-02-12,202,4,CONDITIONAL,19802.0
7,87108,29647,123,2023-12-13,243,2,PASS,8230.5
8,37390,26147,389,2024-03-30,273,2,PASS,7326.0
9,42235,19581,182,2026-01-19,696,0,PASS,0.0
10,84353,10577,330,2023-11-04,355,1,PASS,2816.9
11,49894,10160,370,2025-06-25,572,2,PASS,3496.5
12,11699,8303,304,2025-01-14,136,2,PASS,14705.9
13,35024,28632,297,2023-08-02,994,4,CONDITIONAL,4024.1
14,17061,25688,4,2023-12-18,459,4,CONDITIONAL,8714.6
15,59661,19397,318,2025-12-28,634,0,PASS,0.0
16,11941,14671,99,2024-04-16,867,3,PASS,3460.2
17,49146,26379,233,2024-11-13,627,4,CONDITIONAL,6379.6
18,10954,5565,428,2024-03-01,773,0,PASS,0.0
19,81271,22574,229,2026-06-27,962,4,CONDITIONAL,4158.0
20,44971,13825,79,2025-02-21,177,1,PASS,5649.7
21,54414,26206,267,2023-08-18,108,4,CONDITIONAL,37037.0
22,16228,18091,491,2024-12-16,206,1,PASS,4854.4
23,24366,25968,360,2024-08-01,252,1,PASS,3968.3
24,87484,29658,496,2026-04-01,858,4,CONDITIONAL,4662.0
25,41363,26389,83,2026-06-14,561,1,PASS,1782.5
26,72392,27292,401,2026-07-16,343,0,PASS,0.0
27,22440,19847,369,2026-01-05,145,1,PASS,6896.6
28,31344,5785,361,2024-03-15,677,4,CONDITIONAL,5908.4
29,82010,9471,499,2025-08-22,544,3,PASS,5514.7
30,81403,241,124,2026-05-17,539,1,PASS,1855.3
31,78017,25700,292,2025-04-03,337,0,PASS,0.0
32,52760,7758,34,2026-05-07,202,0,PASS,0.0
33,16,5997,79,2025-11-14,379,0,PASS,0.0
34,74758,12914,244,2023-05-25,819,0,PASS,0.0
35,23603,28989,86,2023-06-09,625,3,PASS,4800.0
36,40472,12741,107,2023-04-30,222,3,PASS,13513.5
37,1265,9641,52,2025-09-06,913,4,CONDITIONAL,4381.2
38,35960,5787,6,2023-01-26,991,2,PASS,2018.2
39,23420,8257,155,2024-08-31,537,4,CONDITIONAL,7448.8
40,20035,15601,55,2026-09-02,426,3,PASS,7042.3
41,48506,25124,75,2026-09-01,540,0,PASS,0.0
42,58217,17465,434,2025-11-26,101,0,PASS,0.0
43,2827,29461,331,2024-12-24,321,0,PASS,0.0
44,40178,19984,457,2023-07-16,128,0,PASS,0.0
45,34297,9556,416,2026-06-20,138,1,PASS,7246.4
46,77971,6970,319,2024-09-09,886,3,PASS,3386.0
47,46618,21332,56,2024-12-08,886,1,PASS,1128.7
48,2335,13951,218,2023-09-26,937,2,PASS,2134.5
49,41845,13710,303,2024-09-30,840,4,CONDITIONAL,4761.9
50,54558,14912,46,2024-10-15,900,2,PASS,2222.2
51,9427,956,355,2023-05-26,418,3,PASS,7177.0
52,9710,18719,79,2025-07-07,173,1,PASS,5780.3
53,32401,13134,33,2025-06-18,877,4,CONDITIONAL,4561.0
54,44519,14930,10,2024-07-06,705,3,PASS,4255.3
55,74207,20271,425,2025-07-14,586,3,PASS,5119.5
56,36807,29032,348,2024-08-25,139,0,PASS,0.0
57,64481,6597,55,2026-08-19,659,4,CONDITIONAL,6069.8
58,65608,7713,149,2025-09-07,821,2,PASS,2436.1
59,79540,21006,376,2024-03-20,829,0,PASS,0.0
60,17290,22320,267,2024-11-30,574,0,PASS,0.0
61,1137,21994,82,2025-04-29,198,2,PASS,10101.0
62,65275,16338,147,2023-11-10,274,0,PASS,0.0
63,3631,17942,151,2026-05-09,242,0,PASS,0.0
64,57663,1958,472,2025-05-27,137,3,PASS,21897.8
65,15219,18490,219,2024-06-18,712,1,PASS,1404.5
66,65134,3828,265,2024-01-20,847,2,PASS,2361.3
67,45144,14192,40,2023-06-24,750,0,PASS,0.0
68,21321,21843,448,2023-06-05,795,3,PASS,3773.6
69,78583,5199,164,2026-06-23,885,2,PASS,2259.9
70,69349,17369,367,2026-03-14,411,0,PASS,0.0
71,49564,29942,326,2026-04-10,629,0,PASS,0.0
72,24251,7117,379,2026-09-11,191,3,PASS,15706.8
73,37140,26938,485,2026-02-02,926,0,PASS,0.0
74,77985,4153,359,2026-03-08,858,4,CONDITIONAL,4662.0
75,87567,14615,59,2023-04-02,184,0,PASS,0.0
76,11706,7386,135,2025-09-15,789,2,PASS,2534.9
77,5155,3875,439,2025-03-25,582,0,PASS,0.0
78,62617,23999,391,2023-07-09,722,2,PASS,2770.1
79,6884,7458,196,2023-03-06,141,2,PASS,14184.4
80,25724,10482,130,2025-09-03,937,0,PASS,0.0
81,20617,9099,345,2023-08-16,272,0,PASS,0.0
82,22817,26937,201,2023-12-19,916,4,CONDITIONAL,4366.8
83,83823,2416,196,2026-01-14,573,0,PASS,0.0
84,12849,22257,101,2024-05-13,780,3,PASS,3846.2
85,59111,1379,251,2024-10-30,961,0,PASS,0.0
86,52233,26436,270,2025-03-28,894,3,PASS,3355.7
87,38115,16154,493,2026-09-26,656,0,PASS,0.0
88,66470,22619,285,2023-10-13,537,0,PASS,0.0
89,10588,22044,114,2026-03-07,553,4,CONDITIONAL,7233.3
90,56917,3102,57,2023-05-18,392,3,PASS,7653.1
91,58463,25779,422,2026-06-16,700,3,PASS,4285.7
92,88498,4236,465,2025-03-25,536,2,PASS,3731.3
93,72986,2784,121,2024-09-07,620,1,PASS,1612.9
94,63317,22342,381,2025-09-10,688,0,PASS,0.0
95,65431,22121,437,2025-03-03,610,3,PASS,4918.0
96,82136,7007,335,2023-08-25,364,2,PASS,5494.5
97,27024,3580,68,2023-07-13,649,4,CONDITIONAL,6163.3
98,74163,12524,429,2023-07-15,299,2,PASS,6689.0
99,6959,27251,489,2025-07-26,138,4,CONDITIONAL,28985.5
100,26210,4545,284,2026-10-01,507,0,PASS,0.0
101,59985,16228,281,2024-08-21,887,4,CONDITIONAL,4509.6
102,16343,17329,198,2024-03-14,983,0,PASS,0.0
103,37627,26465,85,2023-06-18,700,2,PASS,2857.1
104,18807,10774,1,2025-03-21,259,9,FAIL,34749.0
105,72302,5254,479,2024-06-29,116,2,PASS,17241.4
106,9707,15640,159,2024-04-30,326,2,PASS,6135.0
107,20148,22731,321,2024-08-21,899,1,PASS,1112.3
108,6461,20784,21,2024-07-23,164,1,PASS,6097.6
109,20490,8297,14,2024-03-27,822,1,PASS,1216.5
110,22423,14232,449,2023-10-04,780,3,PASS,3846.2
111,61197,13406,407,2025-08-12,626,4,CONDITIONAL,6389.8
112,60412,15797,395,2025-09-23,404,1,PASS,2475.2
113,15881,1765,46,2026-06-27,229,4,CONDITIONAL,17467.2
114,2026,1549,349,2025-04-10,559,2,PASS,3577.8
115,85240,14815,401,2025-07-17,281,3,PASS,10676.2
116,50400,598,355,2026-04-29,533,0,PASS,0.0
117,28169,29510,294,2024-12-14,272,1,PASS,3676.5
118,12014,3004,77,2024-08-01,404,1,PASS,2475.2
119,48822,4079,489,2023-02-10,977,2,PASS,2047.1
120,25659,28682,376,2023-04-21,136,1,PASS,7352.9
121,40116,12129,115,2026-08-07,718,3,PASS,4178.3
122,7056,8005,240,2023-07-22,251,3,PASS,11952.2
123,11774,26769,217,2024-04-27,721,1,PASS,1387.0
124,51799,6052,182,2025-03-03,309,3,PASS,9708.7
125,41048,2500,484,2023-06-05,301,4,CONDITIONAL,13289.0
126,19783,20038,386,2026-09-09,954,4,CONDITIONAL,4192.9
127,41774,19239,125,2025-10-08,241,1,PASS,4149.4
128,17294,13704,242,2024-03-29,587,0,PASS,0.0
129,38151,29838,212,2024-12-30,879,2,PASS,2275.3
130,18180,12652,231,2025-12-25,447,4,CONDITIONAL,8948.5
131,40480,12871,377,2023-11-27,219,3,PASS,13698.6
132,36373,29722,81,2025-11-29,456,2,PASS,4386.0
133,32238,17981,479,2025-12-10,812,0,PASS,0.0
134,81896,7331,140,2024-10-12,981,0,PASS,0.0
135,47076,9930,483,2025-06-08,635,0,PASS,0.0
136,59385,11002,498,2024-02-20,678,4,CONDITIONAL,5899.7
137,11027,2900,481,2026-08-03,349,3,PASS,8596.0
138,29593,3428,90,2023-01-01,659,3,PASS,4552.4
139,67612,23161,484,2026-04-01,743,1,PASS,1345.9
140,58259,8022,260,2025-01-31,717,4,CONDITIONAL,5578.8
141,52526,23041,313,2023-09-30,784,4,CONDITIONAL,5102.0
142,69862,16763,497,2025-05-05,466,2,PASS,4291.8
143,53096,12690,496,2025-10-18,149,0,PASS,0.0
144,59438,18873,143,2025-02-16,383,3,PASS,7832.9
145,34238,12510,175,2023-04-27,164,3,PASS,18292.7
146,87923,23205,458,2023-10-16,277,4,CONDITIONAL,14440.4
147,60707,22548,369,2025-01-30,595,4,CONDITIONAL,6722.7
148,44747,16159,281,2026-03-31,967,0,PASS,0.0
149,79167,21101,75,2025-07-23,487,2,PASS,4106.8
150,72283,28145,399,2024-12-14,653,4,CONDITIONAL,6125.6
151,12554,21166,31,2026-02-13,126,3,PASS,23809.5
152,28545,23314,131,2025-11-14,923,1,PASS,1083.4
153,1268,573,34,2024-01-29,964,0,PASS,0.0
154,73743,10827,126,2023-07-11,398,2,PASS,5025.1
155,26496,3266,234,2024-09-30,890,3,PASS,3370.8
156,52315,7725,118,2024-10-07,426,3,PASS,7042.3
157,4636,10892,219,2024-01-09,937,1,PASS,1067.2
158,15211,12326,120,2026-07-07,860,4,CONDITIONAL,4651.2
159,18939,1401,463,2026-05-21,200,4,CONDITIONAL,20000.0
160,47773,6541,297,2023-04-03,128,1,PASS,7812.5
161,33325,9630,97,2023-03-02,636,1,PASS,1572.3
162,37621,22554,8,2024-01-31,840,2,PASS,2381.0
163,76990,21328,74,2025-03-26,188,2,PASS,10638.3
164,33183,27185,169,2025-11-04,924,0,PASS,0.0
165,40662,16243,109,2025-07-05,483,0,PASS,0.0
166,83805,16429,271,2025-02-10,450,3,PASS,6666.7
167,21201,11331,225,2024-05-29,625,4,CONDITIONAL,6400.0
168,68180,10286,250,2025-08-01,596,4,CONDITIONAL,6711.4
169,25458,28332,65,2026-02-08,388,4,CONDITIONAL,10309.3
170,47732,2858,257,2025-04-26,959,2,PASS,2085.5
171,11363,13468,347,2024-11-30,507,2,PASS,3944.8
172,68599,26299,80,2024-03-31,994,1,PASS,1006.0
173,89525,15687,430,2024-08-07,251,2,PASS,7968.1
174,46354,6043,455,2023-02-11,929,0,PASS,0.0
175,46506,26101,159,2024-02-21,915,0,PASS,0.0
176,1965,15014,356,2025-05-04,249,0,PASS,0.0
177,49932,11733,263,2023-11-15,656,4,CONDITIONAL,6097.6
178,32545,3185,210,2024-02-19,196,2,PASS,10204.1
179,68360,24804,339,2024-03-24,276,4,CONDITIONAL,14492.8
180,22892,29732,137,2024-03-21,926,1,PASS,1079.9
181,70446,17326,380,2026-06-02,278,1,PASS,3597.1
182,79975,19298,271,2026-03-13,380,3,PASS,7894.7
183,87660,24353,20,2025-12-16,530,0,PASS,0.0
184,63592,7312,365,2026-09-10,430,0,PASS,0.0
185,21890,18061,340,2023-08-19,285,2,PASS,7017.5
186,68950,21442,401,2023-07-24,883,3,PASS,3397.5
187,7546,6559,351,2023-07-21,464,2,PASS,4310.3
188,72892,18965,203,2023-10-01,505,1,PASS,1980.2
189,54524,15616,342,2026-06-10,882,1,PASS,1133.8
190,63945,3580,154,2024-11-30,140,4,CONDITIONAL,28571.4
191,26439,28177,423,2023-12-08,791,3,PASS,3792.7
192,29359,24324,115,2024-03-16,305,1,PASS,3278.7
193,5811,760,484,2026-04-20,670,3,PASS,4477.6
194,83701,11824,133,2024-12-09,137,3,PASS,21897.8
195,83433,21117,129,2023-02-16,263,1,PASS,3802.3
196,5779,16262,183,2025-08-28,373,0,PASS,0.0
197,33799,12675,346,2025-10-01,259,4,CONDITIONAL,15444.0
198,75038,21741,292,2026-07-12,101,0,PASS,0.0
199,83290,12838,468,2026-08-25,163,1,PASS,6135.0
200,49602,1566,494,2023-12-01,797,4,CONDITIONAL,5018.8
201,83570,25573,177,2025-02-19,957,2,PASS,2089.9
202,69722,5373,170,2026-03-31,648,2,PASS,3086.4
203,70441,6281,162,2023-06-19,298,2,PASS,6711.4
204,77537,5421,269,2025-12-29,984,4,CONDITIONAL,4065.0
205,75660,12475,345,2023-07-31,692,3,PASS,4335.3
206,64372,25702,146,2024-05-30,816,1,PASS,1225.5
207,55818,15816,211,2024-05-10,713,2,PASS,2805.0
208,14819,12646,377,2025-06-26,578,3,PASS,5190.3
209,30859,22367,351,2024-12-07,405,2,PASS,4938.3
210,80336,11532,62,2026-04-18,744,3,PASS,4032.3
211,57671,24611,11,2023-10-03,622,3,PASS,4823.2
212,64378,25228,46,2025-12-14,906,2,PASS,2207.5
213,28408,10325,470,2026-03-19,829,3,PASS,3618.8
214,18447,27679,454,2024-10-11,376,4,CONDITIONAL,10638.3
215,36594,19847,254,2026-05-24,684,1,PASS,1462.0
216,66013,25089,290,2025-12-25,962,1,PASS,1039.5
217,60399,13364,278,2025-06-30,744,4,CONDITIONAL,5376.3
218,75435,14917,291,2023-11-15,183,2,PASS,10929.0
219,50339,946,209,2026-05-24,746,3,PASS,4021.4
220,15228,5698,172,2025-01-19,486,2,PASS,4115.2
221,15636,431,309,2023-07-08,806,1,PASS,1240.7
222,1281,6450,268,2025-06-09,934,2,PASS,2141.3
223,61936,20306,253,2026-05-09,420,0,PASS,0.0
224,75352,4721,478,2023-03-15,697,3,PASS,4304.2
225,33154,187,186,2026-04-23,602,2,PASS,3322.3
226,66977,15328,323,2023-06-20,755,2,PASS,2649.0
227,65620,25073,424,2023-12-24,797,0,PASS,0.0
228,18629,10145,382,2024-08-03,870,2,PASS,2298.9
229,61552,12965,335,2026-08-28,983,2,PASS,2034.6
230,57198,8390,21,2024-05-07,536,4,CONDITIONAL,7462.7
231,56929,2610,144,2023-12-24,361,3,PASS,8310.2
232,4120,533,105,2023-12-07,730,0,PASS,0.0
233,47248,3490,178,2025-08-27,117,3,PASS,25641.0
234,32630,16436,16,2024-01-05,865,1,PASS,1156.1
235,28467,23385,285,2024-03-12,643,0,PASS,0.0
236,84910,12236,278,2024-01-05,241,0,PASS,0.0
237,63067,9195,448,2025-11-03,119,1,PASS,8403.4
238,69166,26003,384,2024-05-08,668,3,PASS,4491.0
239,54478,3356,322,2023-03-17,770,0,PASS,0.0
240,46409,13230,391,2023-05-06,800,2,PASS,2500.0
241,45716,25560,2,2023-09-19,158,7,FAIL,44303.8
242,86701,16472,254,2024-07-06,231,3,PASS,12987.0
243,73885,5563,76,2026-05-02,730,2,PASS,2739.7
244,40266,25178,182,2024-07-20,174,1,PASS,5747.1
245,73859,20618,460,2023-06-02,417,4,CONDITIONAL,9592.3
246,33976,29630,309,2023-01-25,405,1,PASS,2469.1
247,16810,12697,454,2023-08-04,148,2,PASS,13513.5
248,26714,19459,343,2025-09-22,480,1,PASS,2083.3
249,89279,28565,226,2024-01-28,258,2,PASS,7751.9
250,64760,8042,260,2025-05-23,174,3,PASS,17241.4
251,64528,10249,46,2026-03-28,835,1,PASS,1197.6
252,44900,26580,106,2026-02-20,933,2,PASS,2143.6
253,16767,16853,486,2025-10-31,538,0,PASS,0.0
254,74095,20623,239,2024-08-02,980,3,PASS,3061.2
255,29101,22671,301,2026-04-29,475,4,CONDITIONAL,8421.1
256,7567,6670,143,2023-04-01,561,3,PASS,5347.6
257,47944,5168,423,2026-08-19,673,1,PASS,1485.9
258,3267,18586,358,2024-06-29,690,3,PASS,4347.8
259,87896,26752,415,2026-07-30,539,4,CONDITIONAL,7421.2
260,83715,3821,205,2023-04-15,798,3,PASS,3759.4
261,14132,28775,21,2025-04-19,405,1,PASS,2469.1
262,67171,24168,148,2025-03-02,779,1,PASS,1283.7
263,86926,9882,308,2023-03-01,847,0,PASS,0.0
264,42754,3089,247,2023-03-30,525,1,PASS,1904.8
265,85274,4571,178,2024-10-16,837,3,PASS,3584.2
266,72174,19684,392,2025-05-05,158,1,PASS,6329.1
267,47179,3068,330,2025-11-16,812,2,PASS,2463.1
268,28227,10132,397,2026-04-13,367,3,PASS,8174.4
269,30948,18857,435,2024-05-03,978,4,CONDITIONAL,4090.0
270,8823,13692,474,2026-09-14,319,0,PASS,0.0
271,37379,10605,469,2025-12-23,257,4,CONDITIONAL,15564.2
272,38553,26023,443,2023-03-01,137,4,CONDITIONAL,29197.1
273,42809,23279,322,2023-02-26,811,1,PASS,1233.0
274,3316,11196,68,2024-08-28,830,0,PASS,0.0
275,44861,9834,73,2026-07-16,434,4,CONDITIONAL,9216.6
276,25551,11141,158,2023-02-23,410,1,PASS,2439.0
277,62559,1205,240,2024-06-19,639,2,PASS,3129.9
278,75440,12080,476,2023-02-21,321,4,CONDITIONAL,12461.1
279,48056,23484,412,2024-06-17,935,1,PASS,1069.5
280,19560,11801,265,2026-06-01,139,2,PASS,14388.5
281,4918,12991,298,2025-11-05,213,3,PASS,14084.5
282,3796,9375,494,2024-03-14,699,2,PASS,2861.2
283,3039,4811,387,2025-09-20,505,0,PASS,0.0
284,38356,4330,234,2025-03-22,989,1,PASS,1011.1
285,68966,28413,190,2023-08-07,469,1,PASS,2132.2
286,16062,14744,305,2024-07-10,858,0,PASS,0.0
287,39255,1047,466,2023-02-06,803,2,PASS,2490.7
288,7080,28751,481,2023-05-27,191,3,PASS,15706.8
289,67907,17157,204,2026-07-20,994,4,CONDITIONAL,4024.1
290,43972,20967,81,2023-08-05,458,0,PASS,0.0
291,14362,14852,204,2024-12-10,811,3,PASS,3699.1
292,14581,26554,27,2023-06-04,149,4,CONDITIONAL,26845.6
293,15412,23773,353,2025-11-19,597,4,CONDITIONAL,6700.2
294,46806,2863,273,2024-01-08,411,3,PASS,7299.3
295,6060,22918,436,2025-11-10,854,4,CONDITIONAL,4683.8
296,82766,7060,265,2023-06-14,775,1,PASS,1290.3
297,62633,3084,446,2025-11-15,910,2,PASS,2197.8
298,89243,15332,297,2023-05-30,200,3,PASS,15000.0
299,63835,21631,127,2025-02-11,758,4,CONDITIONAL,5277.0
300,49618,6385,156,2023-07-14,640,2,PASS,3125.0
301,2483,11209,487,2024-10-22,188,2,PASS,10638.3
302,9247,18638,55,2026-05-12,237,3,PASS,12658.2
303,64056,12408,166,2026-01-22,139,4,CONDITIONAL,28777.0
304,984,12570,76,2025-07-08,793,1,PASS,1261.0
305,38303,26400,304,2023-03-06,456,3,PASS,6578.9
306,69838,26437,133,2026-04-18,628,0,PASS,0.0
307,19448,29173,147,2026-03-30,759,2,PASS,2635.0
308,7154,16820,405,2023-01-25,407,1,PASS,2457.0
309,31679,15507,465,2023-09-28,300,4,CONDITIONAL,13333.3
310,32494,6546,432,2024-08-02,126,1,PASS,7936.5
311,32480,6802,456,2025-02-06,747,2,PASS,2677.4
312,59857,218,322,2023-05-28,268,3,PASS,11194.0
313,87866,23894,53,2025-09-03,784,4,CONDITIONAL,5102.0
314,47698,20525,442,2024-02-19,522,0,PASS,0.0
315,5495,4915,396,2026-09-07,756,0,PASS,0.0
316,25483,3545,196,2025-10-22,436,4,CONDITIONAL,9174.3
317,37292,17959,354,2026-09-29,621,1,PASS,1610.3
318,34791,1388,426,2023-08-06,554,2,PASS,3610.1
319,4134,26693,56,2023-10-09,214,1,PASS,4672.9
320,65782,12318,356,2025-10-05,917,4,CONDITIONAL,4362.1
321,56508,16030,278,2026-09-12,811,0,PASS,0.0
322,6159,29776,480,2026-08-25,493,3,PASS,6085.2
323,77171,951,376,2025-02-14,303,0,PASS,0.0
324,87108,5291,133,2026-09-21,647,1,PASS,1545.6
325,89127,27045,159,2023-07-29,886,0,PASS,0.0
326,16225,21896,421,2023-07-11,696,1,PASS,1436.8
327,25893,13460,115,2023-11-20,468,3,PASS,6410.3
328,44309,2049,198,2026-06-11,414,0,PASS,0.0
329,2838,22775,92,2023-01-29,845,1,PASS,1183.4
330,41302,18306,484,2025-07-26,157,1,PASS,6369.4
331,57888,901,217,2026-06-05,230,2,PASS,8695.7
332,53586,16684,151,2026-02-08,628,4,CONDITIONAL,6369.4
333,21404,16496,216,2023-09-28,438,1,PASS,2283.1
334,8952,11697,137,2024-10-28,721,3,PASS,4160.9
335,60026,29941,171,2025-02-24,694,0,PASS,0.0
336,31059,25223,254,2023-03-22,981,3,PASS,3058.1
337,20972,8709,433,2025-09-03,135,2,PASS,14814.8
338,10487,22921,460,2023-04-02,958,0,PASS,0.0
339,24600,14998,250,2023-09-03,857,2,PASS,2333.7
340,78970,27437,263,2024-08-30,541,2,PASS,3696.9
341,71126,11564,108,2025-02-16,517,1,PASS,1934.2
342,52165,20877,427,2024-05-11,442,0,PASS,0.0
343,54625,19685,75,2025-04-05,387,0,PASS,0.0
344,58680,9340,315,2025-04-22,823,1,PASS,1215.1
345,50004,27677,241,2026-01-21,550,1,PASS,1818.2
346,83028,17987,456,2024-07-24,758,4,CONDITIONAL,5277.0
347,117,7271,101,2025-04-05,320,1,PASS,3125.0
348,86631,4229,483,2024-01-17,551,0,PASS,0.0
349,40338,5919,493,2025-01-23,807,1,PASS,1239.2
350,59126,17637,285,2026-09-17,999,0,PASS,0.0
351,424,12305,92,2025-02-22,297,4,CONDITIONAL,13468.0
352,46073,12257,435,2023-11-02,862,2,PASS,2320.2
353,38686,14486,359,2024-10-07,699,0,PASS,0.0
354,62412,23918,36,2023-09-07,375,3,PASS,8000.0
355,57578,7913,413,2026-06-12,788,3,PASS,3807.1
356,41618,18619,244,2024-06-26,560,2,PASS,3571.4
357,48232,24998,242,2025-11-26,126,4,CONDITIONAL,31746.0
358,61517,29982,76,2026-01-05,892,4,CONDITIONAL,4484.3
359,52943,7014,391,2025-02-25,581,2,PASS,3442.3
360,76895,20868,165,2025-10-02,522,0,PASS,0.0
361,72228,27404,497,2025-02-01,651,0,PASS,0.0
362,63636,21581,305,2024-08-19,227,0,PASS,0.0
363,61024,20555,213,2023-12-27,373,1,PASS,2681.0
364,25242,474,353,2026-08-02,506,1,PASS,1976.3
365,38711,9675,270,2024-12-03,541,3,PASS,5545.3
366,56255,10137,217,2023-09-21,164,4,CONDITIONAL,24390.2
367,54372,5292,68,2023-10-19,798,2,PASS,2506.3
368,14527,6311,154,2026-06-25,551,4,CONDITIONAL,7259.5
369,51208,15302,13,2025-02-01,599,1,PASS,1669.4
370,4954,29342,446,2023-06-20,922,1,PASS,1084.6
371,31283,6716,374,2024-01-08,884,4,CONDITIONAL,4524.9
372,16332,17919,52,2023-12-11,535,1,PASS,1869.2
373,43188,7694,187,2023-07-28,297,2,PASS,6734.0
374,40864,22800,64,2023-06-17,781,2,PASS,2560.8
375,22894,26799,331,2024-03-31,560,4,CONDITIONAL,7142.9
376,15675,19157,426,2026-06-27,626,4,CONDITIONAL,6389.8
377,16906,9517,367,2025-01-09,993,0,PASS,0.0
378,87208,16430,235,2023-11-18,870,4,CONDITIONAL,4597.7
379,70677,14283,6,2024-03-29,505,1,PASS,1980.2
380,75589,1750,370,2026-06-23,176,2,PASS,11363.6
381,80645,17268,106,2025-07-24,864,1,PASS,1157.4
382,10521,23241,396,2025-10-06,626,4,CONDITIONAL,6389.8
383,56463,26942,207,2026-07-25,260,4,CONDITIONAL,15384.6
384,68095,4687,430,2023-01-08,887,3,PASS,3382.2
385,46036,289,31,2026-06-19,473,0,PASS,0.0
386,29524,27560,13,2025-07-08,666,4,CONDITIONAL,6006.0
387,59621,23492,212,2025-10-14,792,3,PASS,3787.9
388,17178,791,166,2025-08-08,841,4,CONDITIONAL,4756.2
389,23379,5358,341,2025-03-04,523,3,PASS,5736.1
390,16460,13267,253,2024-12-02,526,3,PASS,5703.4
391,73995,12609,177,2026-08-22,279,0,PASS,0.0
392,58404,2246,23,2024-12-22,699,3,PASS,4291.8
393,68206,29682,478,2024-07-12,498,0,PASS,0.0
394,68784,27121,312,2024-02-16,640,2,PASS,3125.0
395,72010,28283,466,2026-07-19,305,3,PASS,9836.1
396,46971,23926,78,2025-08-04,821,1,PASS,1218.0
397,56018,15061,317,2026-06-29,140,0,PASS,0.0
398,30156,28421,444,2023-01-24,502,0,PASS,0.0
399,38733,22866,261,2024-10-31,374,2,PASS,5347.6
400,84144,7545,281,2023-01-28,119,0,PASS,0.0
401,46747,3784,113,2024-02-25,292,0,PASS,0.0
402,37757,2529,99,2023-08-10,673,0,PASS,0.0
403,75542,17109,205,2025-05-24,320,4,CONDITIONAL,12500.0
404,41450,18966,104,2026-02-19,454,2,PASS,4405.3
405,37435,23699,276,2023-06-26,822,0,PASS,0.0
406,39551,2762,110,2023-11-02,414,3,PASS,7246.4
407,75270,16987,378,2026-07-30,333,1,PASS,3003.0
408,64477,4242,337,2023-04-04,444,1,PASS,2252.3
409,23037,13247,21,2023-10-19,838,1,PASS,1193.3
410,15487,29085,47,2026-04-27,722,0,PASS,0.0
411,670,8029,296,2024-03-25,667,1,PASS,1499.3
412,67253,16348,47,2024-11-02,101,3,PASS,29703.0
413,66486,13165,125,2024-01-06,972,2,PASS,2057.6
414,8625,3299,392,2024-09-04,778,0,PASS,0.0
415,762,20867,364,2023-12-01,172,3,PASS,17441.9
416,28564,629,373,2023-08-12,131,0,PASS,0.0
417,48308,14848,216,2023-08-01,762,0,PASS,0.0
418,8446,3058,338,2026-07-06,588,2,PASS,3401.4
419,31408,11087,147,2026-06-20,801,1,PASS,1248.4
420,70282,17702,320,2024-06-14,611,0,PASS,0.0
421,51046,10672,349,2023-03-02,594,2,PASS,3367.0
422,80100,10902,209,2024-03-08,991,2,PASS,2018.2
423,39653,10517,499,2024-10-31,615,4,CONDITIONAL,6504.1
424,72576,18806,378,2024-04-17,887,1,PASS,1127.4
425,86734,10345,2,2023-11-24,672,12,FAIL,17857.1
426,29687,14295,290,2025-05-10,926,1,PASS,1079.9
427,69376,7618,205,2024-05-27,899,4,CONDITIONAL,4449.4
428,55474,19568,252,2025-10-21,943,2,PASS,2120.9
429,22506,60,260,2025-12-12,616,0,PASS,0.0
430,61310,24872,478,2025-12-11,463,4,CONDITIONAL,8639.3
431,35109,2080,259,2023-07-16,529,3,PASS,5671.1
432,14105,17642,122,2023-06-12,496,0,PASS,0.0
433,80948,18614,170,2024-12-28,823,4,CONDITIONAL,4860.3
434,79859,9580,416,2023-11-14,571,3,PASS,5253.9
435,6542,2670,451,2023-11-12,600,4,CONDITIONAL,6666.7
436,53643,28300,455,2023-01-23,210,4,CONDITIONAL,19047.6
437,7404,224,485,2025-12-23,456,2,PASS,4386.0
438,84959,16803,163,2026-07-21,222,4,CONDITIONAL,18018.0
439,53244,1614,249,2026-09-24,206,3,PASS,14563.1
440,48590,21256,74,2023-04-15,425,1,PASS,2352.9
441,41052,14278,332,2023-01-26,695,2,PASS,2877.7
442,44829,19120,190,2025-06-22,898,3,PASS,3340.8
443,47649,9419,420,2024-08-24,131,2,PASS,15267.2
444,71185,4135,451,2025-12-28,418,0,PASS,0.0
445,56202,5489,378,2026-01-26,708,4,CONDITIONAL,5649.7
446,15496,8704,460,2025-11-12,660,0,PASS,0.0
447,47283,9182,429,2026-07-11,141,1,PASS,7092.2
448,85726,1091,241,2024-01-16,473,4,CONDITIONAL,8456.7
449,32074,24874,394,2025-07-17,918,1,PASS,1089.3
450,38253,5050,230,2025-03-23,682,4,CONDITIONAL,5865.1
451,21435,622,128,2025-09-16,531,2,PASS,3766.5
452,87265,18387,381,2024-02-23,317,1,PASS,3154.6
453,10203,19538,3,2025-05-13,773,0,PASS,0.0
454,63767,9147,287,2025-05-14,735,2,PASS,2721.1
455,27598,1697,257,2026-03-01,716,1,PASS,1396.6
456,22961,8118,306,2024-08-29,283,4,CONDITIONAL,14134.3
457,87861,26342,320,2023-10-13,165,4,CONDITIONAL,24242.4
458,67059,7994,94,2024-01-20,690,1,PASS,1449.3
459,83159,29365,474,2025-05-15,588,3,PASS,5102.0
460,86115,19965,166,2025-04-09,896,0,PASS,0.0
461,82272,10903,208,2023-05-06,131,4,CONDITIONAL,30534.4
462,2237,355,11,2023-12-02,652,2,PASS,3067.5
463,19741,19363,169,2024-12-04,245,3,PASS,12244.9
464,78408,24134,312,2025-02-08,902,0,PASS,0.0
465,1554,1453,58,2024-06-25,151,4,CONDITIONAL,26490.1
466,47212,28855,32,2025-07-16,769,0,PASS,0.0
467,18791,24837,436,2023-12-19,596,2,PASS,3355.7
468,44798,22648,189,2024-08-12,451,0,PASS,0.0
469,47493,4998,17,2025-07-13,431,4,CONDITIONAL,9280.7
470,19634,4558,328,2024-09-18,935,1,PASS,1069.5
471,58511,13659,24,2024-08-06,153,3,PASS,19607.8
472,33469,26413,287,2025-02-20,823,2,PASS,2430.1
473,41375,553,1,2026-03-31,740,13,FAIL,17567.6
474,15335,11490,326,2025-12-14,447,1,PASS,2237.1
475,54878,25054,60,2024-01-09,888,0,PASS,0.0
476,41791,4063,29,2025-05-04,348,1,PASS,2873.6
477,14200,17923,265,2026-09-06,225,0,PASS,0.0
478,62994,17215,231,2023-10-05,408,0,PASS,0.0
479,15534,21041,325,2025-01-07,888,4,CONDITIONAL,4504.5
480,58507,13793,115,2025-06-13,510,4,CONDITIONAL,7843.1
481,88589,3788,197,2024-01-23,109,2,PASS,18348.6
482,36037,11984,257,2023-03-25,991,1,PASS,1009.1
483,73931,8324,333,2025-11-09,306,1,PASS,3268.0
484,15644,11004,413,2026-05-06,379,1,PASS,2638.5
485,5061,3893,233,2023-09-22,355,1,PASS,2816.9
486,14986,24813,106,2024-06-22,837,2,PASS,2389.5
487,75669,16406,243,2023-11-03,861,4,CONDITIONAL,4645.8
488,48475,22053,459,2024-06-16,197,4,CONDITIONAL,20304.6
489,77098,23789,96,2025-06-10,180,4,CONDITIONAL,22222.2
490,46933,11456,78,2025-05-16,392,2,PASS,5102.0
491,44241,8,235,2025-10-30,317,1,PASS,3154.6
492,41882,6535,360,2024-10-14,670,1,PASS,1492.5
493,34506,20375,473,2025-10-25,119,0,PASS,0.0
494,76790,18696,11,2025-12-01,980,3,PASS,3061.2
495,63027,20167,174,2023-07-25,239,3,PASS,12552.3
496,24709,1105,461,2026-03-01,275,2,PASS,7272.7
497,73207,23629,247,2023-06-04,288,1,PASS,3472.2
498,74304,879,97,2023-03-25,486,1,PASS,2057.6
499,71718,15408,233,2025-04-11,455,0,PASS,0.0
500,42679,27591,257,2026-02-04,156,0,PASS,0.0
501,11955,2965,229,2024-02-01,396,4,CONDITIONAL,10101.0
502,19181,10706,102,2025-04-21,637,4,CONDITIONAL,6279.4
503,50351,7010,49,2024-05-05,590,2,PASS,3389.8
504,45651,6269,119,2024-07-23,887,1,PASS,1127.4
505,36548,14994,33,2024-04-30,486,3,PASS,6172.8
506,66015,21100,5,2026-03-29,940,0,PASS,0.0
507,22473,2050,334,2024-10-18,852,2,PASS,2347.4
508,77797,9107,208,2026-03-25,434,1,PASS,2304.1
509,41053,22799,5,2025-11-04,733,4,CONDITIONAL,5457.0
510,29595,21894,307,2024-03-02,426,3,PASS,7042.3
511,460,29817,287,2023-02-28,958,0,PASS,0.0
512,54035,26716,374,2025-03-03,720,4,CONDITIONAL,5555.6
513,61190,12028,37,2023-07-30,211,3,PASS,14218.0
514,34372,8058,388,2023-11-04,311,4,CONDITIONAL,12861.7
515,42401,23200,40,2025-03-01,707,0,PASS,0.0
516,11450,2238,432,2023-05-03,249,0,PASS,0.0
517,83094,29377,113,2024-12-18,442,4,CONDITIONAL,9049.8
518,17459,4264,236,2024-10-06,196,1,PASS,5102.0
519,34839,10563,26,2024-04-25,456,1,PASS,2193.0
520,1727,23827,117,2023-07-09,376,0,PASS,0.0
521,300,6154,96,2024-07-16,943,1,PASS,1060.4
522,8427,4133,408,2023-04-08,937,4,CONDITIONAL,4268.9
523,47627,27579,381,2024-05-05,152,0,PASS,0.0
524,89572,27505,10,2025-03-01,275,2,PASS,7272.7
525,51461,1186,359,2026-04-16,766,2,PASS,2611.0
526,89860,5843,263,2024-01-26,720,2,PASS,2777.8
527,40502,13335,217,2026-06-10,586,3,PASS,5119.5
528,89267,10908,109,2025-11-09,836,4,CONDITIONAL,4784.7
529,13187,16969,391,2025-04-20,195,1,PASS,5128.2
530,55327,29961,367,2026-03-21,587,2,PASS,3407.2
531,33462,27681,410,2026-02-18,314,2,PASS,6369.4
532,77782,23837,272,2025-02-02,337,4,CONDITIONAL,11869.4
533,19222,22751,135,2026-04-05,432,2,PASS,4629.6
534,81525,21784,430,2024-05-14,384,1,PASS,2604.2
535,76018,24564,478,2024-10-07,134,4,CONDITIONAL,29850.7
536,49679,4237,290,2026-03-23,688,3,PASS,4360.5
537,32836,1908,22,2026-01-28,417,0,PASS,0.0
538,82076,380,337,2025-08-07,416,3,PASS,7211.5
539,53471,10640,138,2024-06-03,764,4,CONDITIONAL,5235.6
540,3516,637,179,2026-05-18,964,1,PASS,1037.3
541,47553,2396,370,2024-04-11,279,1,PASS,3584.2
542,22458,9398,82,2024-08-02,344,0,PASS,0.0
543,77574,406,114,2026-06-24,726,1,PASS,1377.4
544,15160,21736,249,2023-02-08,259,1,PASS,3861.0
545,2904,14984,189,2023-01-06,734,4,CONDITIONAL,5449.6
546,16503,19565,55,2026-08-05,344,1,PASS,2907.0
547,59547,594,338,2024-10-26,549,2,PASS,3643.0
548,42159,10020,105,2025-10-17,651,3,PASS,4608.3
549,30395,9129,254,2024-12-25,225,4,CONDITIONAL,17777.8
550,57413,2006,114,2025-08-28,364,0,PASS,0.0
551,86064,28482,330,2026-10-01,119,2,PASS,16806.7
552,12180,10829,309,2025-01-23,900,0,PASS,0.0
553,12182,2638,469,2023-08-21,116,0,PASS,0.0
554,12050,24626,493,2026-02-27,769,0,PASS,0.0
555,38064,289,248,2025-07-24,792,2,PASS,2525.3
556,4933,9043,474,2025-08-30,163,0,PASS,0.0
557,64280,25979,479,2026-05-21,799,2,PASS,2503.1
558,62712,27714,472,2024-01-16,991,1,PASS,1009.1
559,41996,11520,187,2026-06-20,369,3,PASS,8130.1
560,26387,11600,119,2024-01-24,655,2,PASS,3053.4
561,73941,27669,414,2023-09-02,714,0,PASS,0.0
562,26298,4111,204,2026-03-03,884,2,PASS,2262.4
563,86515,3432,490,2025-11-13,426,0,PASS,0.0
564,76833,10454,359,2025-04-11,365,2,PASS,5479.5
565,65278,26250,334,2024-04-09,962,2,PASS,2079.0
566,66169,11240,293,2023-05-31,762,1,PASS,1312.3
567,64432,24394,27,2026-09-07,848,1,PASS,1179.2
568,21367,4934,421,2023-11-27,827,0,PASS,0.0
569,61976,6318,426,2025-04-20,118,0,PASS,0.0
570,87575,12752,7,2026-01-14,543,0,PASS,0.0
571,71935,28239,6,2026-08-30,449,2,PASS,4454.3
572,66273,29005,334,2024-10-28,288,3,PASS,10416.7
573,45765,24996,386,2023-06-23,287,4,CONDITIONAL,13937.3
574,78799,20664,16,2024-06-06,487,1,PASS,2053.4
575,40401,27189,240,2026-08-08,131,2,PASS,15267.2
576,37755,6113,257,2023-10-02,356,4,CONDITIONAL,11236.0
577,32845,25985,322,2023-12-21,359,0,PASS,0.0
578,72574,6913,186,2026-08-07,634,0,PASS,0.0
579,6697,10776,81,2024-10-11,716,1,PASS,1396.6
580,70742,25016,474,2024-10-28,482,3,PASS,6224.1
581,84309,3659,226,2025-04-28,331,1,PASS,3021.1
582,70179,21271,451,2024-11-01,775,1,PASS,1290.3
583,39180,9009,54,2025-10-02,329,3,PASS,9118.5
584,79154,22301,454,2026-05-15,614,2,PASS,3257.3
585,55673,7794,441,2024-10-10,385,2,PASS,5194.8
586,14713,12929,148,2023-07-12,415,2,PASS,4819.3
587,26165,6614,73,2025-11-19,485,2,PASS,4123.7
588,26742,18712,92,2024-05-31,366,0,PASS,0.0
589,79764,14791,280,2024-08-08,554,0,PASS,0.0
590,31277,8246,408,2023-06-11,971,3,PASS,3089.6
591,88532,28800,156,2024-12-26,538,4,CONDITIONAL,7434.9
592,57921,20749,489,2023-03-01,225,1,PASS,4444.4
593,40801,18552,498,2024-03-12,730,0,PASS,0.0
594,4623,11560,39,2024-01-12,574,3,PASS,5226.5
595,83700,23231,19,2026-03-06,881,4,CONDITIONAL,4540.3
596,78941,26759,146,2025-05-07,443,0,PASS,0.0
597,26629,23969,69,2025-11-20,901,1,PASS,1109.9
598,43740,17580,469,2024-07-22,508,2,PASS,3937.0
599,36065,19458,411,2023-03-26,818,0,PASS,0.0
600,19079,20490,462,2026-09-20,560,2,PASS,3571.4
601,3099,18842,112,2024-07-16,267,3,PASS,11236.0
602,76045,6175,495,2024-08-22,781,0,PASS,0.0
603,34523,14111,433,2023-11-17,187,4,CONDITIONAL,21390.4
604,2890,9494,406,2024-01-13,827,0,PASS,0.0
605,61931,2316,432,2025-08-04,811,3,PASS,3699.1
606,53464,1114,479,2026-01-24,969,2,PASS,2064.0
607,64549,7674,247,2025-05-07,497,3,PASS,6036.2
608,775,1033,327,2024-09-13,428,0,PASS,0.0
609,10446,26402,476,2025-11-02,834,0,PASS,0.0
610,67990,8108,9,2023-02-27,560,0,PASS,0.0
611,28192,20869,2,2026-06-24,276,12,FAIL,43478.3
612,67998,22561,215,2025-12-03,438,0,PASS,0.0
613,30487,7478,375,2026-02-16,201,1,PASS,4975.1
614,4542,13269,365,2025-12-29,979,4,CONDITIONAL,4085.8
615,42328,17717,235,2026-07-24,984,4,CONDITIONAL,4065.0
616,71836,26293,176,2025-09-17,970,3,PASS,3092.8
617,59120,19883,36,2023-05-12,538,3,PASS,5576.2
618,24730,24918,102,2023-03-01,249,2,PASS,8032.1
619,40121,17137,443,2024-01-22,341,1,PASS,2932.6
620,2030,27604,475,2025-08-13,546,1,PASS,1831.5
621,80955,29259,473,2024-06-15,796,4,CONDITIONAL,5025.1
622,36151,8639,98,2026-01-05,502,4,CONDITIONAL,7968.1
623,30029,5657,439,2026-05-04,740,4,CONDITIONAL,5405.4
624,76028,1395,404,2026-08-18,958,0,PASS,0.0
625,19122,9831,314,2024-11-22,910,2,PASS,2197.8
626,25040,26844,364,2025-10-03,434,2,PASS,4608.3
627,27696,20362,157,2024-08-11,314,1,PASS,3184.7
628,46069,22266,202,2025-06-28,100,3,PASS,30000.0
629,35236,29401,334,2025-10-01,608,2,PASS,3289.5
630,40899,29440,361,2025-02-19,395,4,CONDITIONAL,10126.6
631,58099,16255,245,2024-08-28,583,0,PASS,0.0
632,83313,26825,163,2024-03-13,654,0,PASS,0.0
633,35845,21797,364,2026-06-07,253,3,PASS,11857.7
634,85654,25181,137,2026-02-08,995,2,PASS,2010.1
635,48095,3221,434,2026-06-07,958,0,PASS,0.0
636,81281,22168,245,2024-08-23,919,4,CONDITIONAL,4352.6
637,27796,21277,395,2026-05-15,615,0,PASS,0.0
638,57908,1400,324,2023-06-27,914,3,PASS,3282.3
639,24240,20052,488,2024-09-12,264,2,PASS,7575.8
640,88580,28438,345,2026-05-12,251,0,PASS,0.0
641,60277,2517,42,2025-11-13,776,3,PASS,3866.0
642,49880,11985,185,2025-07-30,650,4,CONDITIONAL,6153.8
643,62919,18566,423,2024-03-12,545,1,PASS,1834.9
644,55798,1386,2,2024-08-14,900,9,FAIL,10000.0
645,50602,16420,83,2024-03-09,388,3,PASS,7732.0
646,66455,27989,197,2026-04-24,960,1,PASS,1041.7
647,63498,3445,74,2024-04-12,388,1,PASS,2577.3
648,52868,24303,125,2026-04-30,342,0,PASS,0.0
649,22372,5867,193,2024-07-07,281,0,PASS,0.0
650,81167,28293,464,2025-05-11,362,0,PASS,0.0
651,53759,3330,314,2023-12-28,502,3,PASS,5976.1
652,7917,6822,407,2025-05-04,507,2,PASS,3944.8
653,73561,658,248,2024-06-09,707,1,PASS,1414.4
654,13541,8077,104,2023-10-26,425,1,PASS,2352.9
655,3841,3644,449,2024-12-30,985,3,PASS,3045.7
656,19739,8300,210,2025-10-24,270,0,PASS,0.0
657,57923,24103,473,2023-05-21,616,2,PASS,3246.8
658,36554,19840,115,2023-05-06,492,0,PASS,0.0
659,37496,1479,473,2026-08-11,426,1,PASS,2347.4
660,36633,25572,99,2024-03-28,390,2,PASS,5128.2
661,50082,1764,296,2025-06-26,516,1,PASS,1938.0
662,81594,19002,371,2024-04-08,428,3,PASS,7009.3
663,50649,13803,487,2024-05-19,323,1,PASS,3096.0
664,22825,24829,101,2023-03-26,403,2,PASS,4962.8
665,11297,2614,408,2024-09-25,107,0,PASS,0.0
666,34670,7788,152,2025-03-27,903,2,PASS,2214.8
667,13,8623,380,2024-10-25,666,0,PASS,0.0
668,31970,27915,301,2024-03-09,545,4,CONDITIONAL,7339.4
669,21482,1023,283,2024-12-09,481,4,CONDITIONAL,8316.0
670,87642,15280,490,2023-06-28,864,4,CONDITIONAL,4629.6
671,17933,12598,463,2025-01-13,238,4,CONDITIONAL,16806.7
672,25786,14969,413,2023-02-07,582,4,CONDITIONAL,6872.9
673,63573,26072,365,2024-02-04,663,4,CONDITIONAL,6033.2
674,49031,1020,298,2025-12-22,455,1,PASS,2197.8
675,22200,27259,327,2026-03-11,398,1,PASS,2512.6
676,76735,10589,195,2023-10-15,801,4,CONDITIONAL,4993.8
677,12374,20218,254,2024-10-24,227,4,CONDITIONAL,17621.1
678,22323,7110,479,2025-02-07,679,1,PASS,1472.8
679,67826,4326,466,2024-11-10,683,3,PASS,4392.4
680,5699,24887,253,2023-05-17,442,3,PASS,6787.3
681,62686,26058,138,2023-10-11,222,1,PASS,4504.5
682,55068,5005,263,2024-07-21,877,3,PASS,3420.8
683,7939,20400,226,2024-07-07,464,1,PASS,2155.2
684,10565,18647,125,2024-07-21,845,2,PASS,2366.9
685,33705,10867,211,2025-12-23,117,0,PASS,0.0
686,29518,27658,249,2024-02-22,484,0,PASS,0.0
687,44412,21859,424,2026-09-26,607,4,CONDITIONAL,6589.8
688,73429,27754,347,2024-12-28,913,0,PASS,0.0
689,4821,28529,438,2023-10-24,394,3,PASS,7614.2
690,40341,3430,434,2024-02-15,689,2,PASS,2902.8
691,81807,14624,217,2024-12-26,442,0,PASS,0.0
692,29960,8078,192,2024-12-27,703,0,PASS,0.0
693,73086,5011,51,2026-03-18,823,2,PASS,2430.1
694,22032,28104,434,2026-03-14,311,1,PASS,3215.4
695,41539,120,490,2026-01-24,545,1,PASS,1834.9
696,3594,17433,363,2025-07-29,790,3,PASS,3797.5
697,89604,14526,249,2024-01-07,762,1,PASS,1312.3
698,56998,6779,453,2023-04-05,115,0,PASS,0.0
699,41121,8712,381,2026-01-29,449,4,CONDITIONAL,8908.7
700,72573,26607,368,2025-12-06,680,0,PASS,0.0
701,64607,18590,369,2025-02-07,359,4,CONDITIONAL,11142.1
702,33242,17079,64,2023-08-04,709,0,PASS,0.0
703,78009,18637,2,2023-05-31,331,1,PASS,3021.1
704,5742,21828,327,2026-03-30,352,2,PASS,5681.8
705,71018,24535,296,2023-06-14,608,3,PASS,4934.2
706,1533,28875,243,2026-07-12,281,2,PASS,7117.4
707,68814,10382,271,2024-06-26,273,4,CONDITIONAL,14652.0
708,81443,19461,434,2023-02-22,697,4,CONDITIONAL,5738.9
709,77481,7278,9,2025-10-11,875,0,PASS,0.0
710,34943,6042,131,2025-09-24,551,2,PASS,3629.8
711,341,18378,168,2024-04-24,748,0,PASS,0.0
712,41291,16624,407,2023-01-29,327,4,CONDITIONAL,12232.4
713,70287,28763,200,2025-03-01,840,1,PASS,1190.5
714,5199,8086,374,2026-07-20,475,4,CONDITIONAL,8421.1
715,23469,20467,107,2025-11-30,461,4,CONDITIONAL,8676.8
716,70562,2842,263,2024-07-27,913,1,PASS,1095.3
717,5193,4082,223,2025-09-20,853,4,CONDITIONAL,4689.3
718,396,7094,4,2024-01-08,166,2,PASS,12048.2
719,55598,13902,150,2024-07-04,958,3,PASS,3131.5
720,70972,8254,62,2024-11-12,273,0,PASS,0.0
721,72781,20857,441,2024-01-19,592,2,PASS,3378.4
722,23724,16323,106,2023-04-18,410,1,PASS,2439.0
723,22752,28983,494,2026-07-15,830,2,PASS,2409.6
724,22461,9613,276,2023-07-26,787,2,PASS,2541.3
725,44602,22029,425,2025-04-08,101,2,PASS,19802.0
726,26599,7203,417,2026-06-02,948,3,PASS,3164.6
727,84901,6779,393,2026-01-21,505,1,PASS,1980.2
728,30359,18710,23,2023-04-11,971,2,PASS,2059.7
729,79224,28752,368,2024-09-16,449,0,PASS,0.0
730,83920,23470,353,2024-12-12,827,4,CONDITIONAL,4836.8
731,51666,13825,36,2023-06-10,737,1,PASS,1356.9
732,80870,27310,51,2025-12-14,172,4,CONDITIONAL,23255.8
733,61066,27767,158,2024-04-19,844,2,PASS,2369.7
734,5098,23782,148,2023-08-27,842,4,CONDITIONAL,4750.6
735,79245,22683,442,2025-03-22,972,2,PASS,2057.6
736,81560,3206,28,2025-01-02,711,4,CONDITIONAL,5625.9
737,56423,21107,137,2024-12-03,840,1,PASS,1190.5
738,2825,19069,156,2023-03-07,494,1,PASS,2024.3
739,15920,22077,67,2025-05-10,355,0,PASS,0.0
740,43281,28746,430,2024-09-09,245,3,PASS,12244.9
741,15243,28470,45,2024-08-31,367,4,CONDITIONAL,10899.2
742,81061,10209,309,2024-08-05,211,4,CONDITIONAL,18957.3
743,52896,29582,251,2024-11-17,318,0,PASS,0.0
744,71239,19886,278,2023-04-03,784,3,PASS,3826.5
745,87306,26629,445,2025-01-04,791,0,PASS,0.0
746,15780,16732,180,2024-01-21,115,1,PASS,8695.7
747,84988,19170,409,2023-08-31,100,0,PASS,0.0
748,9107,23973,159,2024-11-01,369,0,PASS,0.0
749,46681,24706,326,2026-09-26,756,1,PASS,1322.8
750,77109,24173,357,2024-12-16,297,0,PASS,0.0
751,39368,21288,24,2024-11-14,957,4,CONDITIONAL,4179.7
752,1364,10418,64,2026-05-14,137,3,PASS,21897.8
753,57964,14092,329,2023-10-02,106,4,CONDITIONAL,37735.8
754,5113,19916,439,2024-05-27,693,3,PASS,4329.0
755,85710,13076,310,2024-11-11,103,1,PASS,9708.7
756,22272,6528,254,2025-08-14,532,0,PASS,0.0
757,21957,21698,50,2023-02-27,126,2,PASS,15873.0
758,10102,14204,9,2024-03-05,221,4,CONDITIONAL,18099.5
759,64089,11506,142,2024-12-06,265,1,PASS,3773.6
760,10291,6891,277,2026-03-25,635,0,PASS,0.0
761,38389,5822,370,2024-04-21,929,2,PASS,2152.9
762,42914,12603,131,2026-07-05,991,0,PASS,0.0
763,29662,11354,183,2023-11-30,602,3,PASS,4983.4
764,9987,26634,416,2023-04-12,589,4,CONDITIONAL,6791.2
765,70797,28021,310,2026-09-01,266,0,PASS,0.0
766,87572,9681,144,2025-05-08,267,3,PASS,11236.0
767,22836,12457,286,2024-10-05,529,1,PASS,1890.4
768,47409,29614,243,2024-07-28,617,2,PASS,3241.5
769,35362,15258,377,2026-03-09,134,3,PASS,22388.1
770,8628,25808,319,2024-12-28,295,4,CONDITIONAL,13559.3
771,31946,29714,423,2026-05-24,744,4,CONDITIONAL,5376.3
772,80855,12322,101,2025-07-09,727,2,PASS,2751.0
773,65918,26705,356,2024-06-04,293,3,PASS,10238.9
774,53248,17456,171,2025-06-02,488,1,PASS,2049.2
775,46667,1549,320,2024-02-27,255,2,PASS,7843.1
776,54618,10843,427,2024-12-22,459,0,PASS,0.0
777,80204,11520,25,2026-02-22,282,1,PASS,3546.1
778,67715,3551,102,2026-02-25,487,4,CONDITIONAL,8213.6
779,51467,8369,177,2023-11-06,307,4,CONDITIONAL,13029.3
780,34523,10161,56,2024-12-30,505,3,PASS,5940.6
781,36302,13800,482,2026-01-04,805,0,PASS,0.0
782,79807,10048,69,2023-05-20,667,2,PASS,2998.5
783,60608,23183,399,2023-03-16,486,1,PASS,2057.6
784,59627,16061,451,2026-05-06,911,0,PASS,0.0
785,62615,23185,190,2025-03-23,668,2,PASS,2994.0
786,34070,14503,179,2026-08-22,605,2,PASS,3305.8
787,62012,13255,44,2023-12-06,557,2,PASS,3590.7
788,23881,26827,198,2026-06-26,322,3,PASS,9316.8
789,35977,18542,38,2025-05-05,187,0,PASS,0.0
790,72162,23011,65,2023-06-19,645,2,PASS,3100.8
791,75801,14691,255,2026-04-27,483,0,PASS,0.0
792,2248,11341,163,2025-07-26,272,3,PASS,11029.4
793,40025,15449,140,2023-04-29,399,0,PASS,0.0
794,79534,1863,135,2024-01-15,307,3,PASS,9772.0
795,10735,8428,437,2024-06-03,303,2,PASS,6600.7
796,49334,28792,446,2025-08-28,870,2,PASS,2298.9
797,33912,264,362,2023-06-18,735,2,PASS,2721.1
798,2691,22730,268,2023-07-01,288,2,PASS,6944.4
799,76221,16180,446,2024-05-23,891,2,PASS,2244.7
800,64450,29580,481,2023-08-31,535,1,PASS,1869.2
801,18906,3831,469,2023-02-06,889,4,CONDITIONAL,4499.4
802,51002,24594,167,2023-10-14,726,0,PASS,0.0
803,22887,4405,391,2026-01-28,873,2,PASS,2291.0
804,89925,23143,297,2026-01-15,276,4,CONDITIONAL,14492.8
805,69866,8821,306,2024-11-29,862,1,PASS,1160.1
806,82636,22556,198,2024-05-30,150,0,PASS,0.0
807,63158,13454,161,2025-07-01,114,3,PASS,26315.8
808,72751,7088,215,2025-02-10,895,2,PASS,2234.6
809,10140,6369,384,2023-04-06,178,1,PASS,5618.0
810,82637,1676,448,2025-03-14,845,2,PASS,2366.9
811,44779,3804,72,2025-05-26,860,1,PASS,1162.8
812,72192,28952,176,2025-12-09,541,4,CONDITIONAL,7393.7
813,61360,17775,207,2024-05-27,926,1,PASS,1079.9
814,28243,6619,40,2023-11-09,965,1,PASS,1036.3
815,72811,3897,332,2025-07-14,655,2,PASS,3053.4
816,35498,21171,374,2023-05-22,347,1,PASS,2881.8
817,71248,10560,316,2024-09-12,548,3,PASS,5474.5
818,47923,4658,338,2023-07-29,230,1,PASS,4347.8
819,46524,6379,215,2024-09-10,106,1,PASS,9434.0
820,39413,13097,8,2023-06-19,368,4,CONDITIONAL,10869.6
821,86966,20289,53,2024-02-10,172,0,PASS,0.0
822,80760,7871,158,2025-08-16,972,4,CONDITIONAL,4115.2
823,8329,19524,354,2025-09-24,441,0,PASS,0.0
824,61899,26062,336,2025-04-10,574,0,PASS,0.0
825,44322,6415,427,2025-11-10,892,4,CONDITIONAL,4484.3
826,16889,25529,140,2023-07-03,665,4,CONDITIONAL,6015.0
827,24444,11015,310,2024-03-19,590,2,PASS,3389.8
828,17836,23250,226,2024-07-02,201,0,PASS,0.0
829,28471,27076,313,2025-10-08,645,2,PASS,3100.8
830,79783,15684,316,2023-05-05,536,0,PASS,0.0
831,57333,13246,344,2026-05-23,208,2,PASS,9615.4
832,52859,15760,247,2025-10-28,815,4,CONDITIONAL,4908.0
833,45613,1199,124,2026-06-02,346,2,PASS,5780.3
834,75873,11451,11,2025-08-08,148,1,PASS,6756.8
835,75618,25492,375,2023-08-28,176,2,PASS,11363.6
836,54559,23548,233,2025-03-30,494,2,PASS,4048.6
837,3070,4190,201,2026-08-27,672,2,PASS,2976.2
838,21972,21990,336,2023-03-02,867,0,PASS,0.0
839,34505,11379,408,2024-11-25,245,3,PASS,12244.9
840,32639,13281,481,2025-03-04,567,2,PASS,3527.3
841,88639,24982,40,2025-08-08,224,0,PASS,0.0
842,27421,27518,491,2024-02-28,996,3,PASS,3012.0
843,47946,27220,136,2026-04-09,644,1,PASS,1552.8
844,81774,22112,482,2024-04-04,186,0,PASS,0.0
845,65409,99,160,2025-04-30,921,1,PASS,1085.8
846,9613,1688,358,2026-05-04,663,4,CONDITIONAL,6033.2
847,87372,10522,262,2025-10-05,908,3,PASS,3304.0
848,36725,4631,82,2023-03-29,481,0,PASS,0.0
849,65662,13551,442,2025-04-12,581,3,PASS,5163.5
850,68097,18010,458,2025-02-27,520,2,PASS,3846.2
851,66310,22763,160,2026-03-20,773,1,PASS,1293.7
852,88001,7987,227,2026-07-08,770,0,PASS,0.0
853,77740,6809,492,2026-02-24,177,4,CONDITIONAL,22598.9
854,57,7267,54,2023-08-27,126,1,PASS,7936.5
855,4145,7054,193,2023-06-28,113,3,PASS,26548.7
856,74601,29678,126,2025-01-01,469,4,CONDITIONAL,8528.8
857,26957,24225,114,2024-08-29,554,0,PASS,0.0
858,33802,16732,92,2026-09-05,870,2,PASS,2298.9
859,49983,3373,31,2026-09-08,759,4,CONDITIONAL,5270.1
860,28774,14809,416,2023-06-15,399,2,PASS,5012.5
861,17260,8057,251,2026-09-27,102,4,CONDITIONAL,39215.7
862,48531,26345,375,2024-07-14,878,1,PASS,1139.0
863,33522,14295,198,2026-02-12,137,3,PASS,21897.8
864,743,747,279,2026-04-06,273,3,PASS,10989.0
865,21441,13758,5,2024-03-07,433,4,CONDITIONAL,9237.9
866,71940,24857,219,2025-08-18,775,3,PASS,3871.0
867,81089,1524,117,2023-12-12,833,1,PASS,1200.5
868,86337,23124,244,2025-10-19,795,4,CONDITIONAL,5031.4
869,87406,20503,497,2026-03-05,378,4,CONDITIONAL,10582.0
870,25911,3392,158,2026-04-02,249,1,PASS,4016.1
871,86808,19991,15,2023-05-13,759,4,CONDITIONAL,5270.1
872,80120,17505,15,2023-06-20,476,0,PASS,0.0
873,31840,16208,393,2024-06-23,538,1,PASS,1858.7
874,56957,14932,226,2025-03-31,381,4,CONDITIONAL,10498.7
875,20118,12308,412,2023-07-28,385,1,PASS,2597.4
876,55793,17325,418,2026-01-14,230,2,PASS,8695.7
877,37229,3400,61,2025-11-01,838,1,PASS,1193.3
878,88529,18205,58,2023-12-12,104,0,PASS,0.0
879,19783,25947,377,2024-07-29,413,0,PASS,0.0
880,63443,22214,98,2025-06-06,131,4,CONDITIONAL,30534.4
881,89977,28010,351,2024-04-27,984,4,CONDITIONAL,4065.0
882,44108,27112,375,2024-02-08,115,2,PASS,17391.3
883,63890,25825,61,2026-09-12,988,3,PASS,3036.4
884,56737,11754,31,2024-02-24,674,2,PASS,2967.4
885,6341,22430,484,2024-09-11,536,2,PASS,3731.3
886,79867,5499,68,2025-12-31,549,2,PASS,3643.0
887,62044,24946,435,2025-11-06,637,3,PASS,4709.6
888,73577,26210,51,2026-03-25,669,0,PASS,0.0
889,55735,29384,445,2024-01-29,503,2,PASS,3976.1
890,56325,5282,270,2026-02-05,457,1,PASS,2188.2
891,39927,28218,206,2023-09-28,436,2,PASS,4587.2
892,69669,3058,500,2026-02-22,778,4,CONDITIONAL,5141.4
893,82979,19410,99,2023-11-06,645,1,PASS,1550.4
894,29904,22128,54,2026-06-23,694,0,PASS,0.0
895,70284,16957,333,2023-09-03,795,4,CONDITIONAL,5031.4
896,1068,4691,76,2024-09-11,479,2,PASS,4175.4
897,37564,11360,65,2026-06-15,916,1,PASS,1091.7
898,87055,28310,239,2024-02-15,763,3,PASS,3931.8
899,63164,20428,202,2026-05-25,868,4,CONDITIONAL,4608.3
900,6476,14577,179,2023-03-21,593,2,PASS,3372.7
901,48141,26857,208,2025-05-24,382,0,PASS,0.0
902,35301,1512,169,2023-10-01,263,1,PASS,3802.3
903,76087,19140,365,2023-02-24,410,4,CONDITIONAL,9756.1
904,55519,13897,16,2025-11-11,507,2,PASS,3944.8
905,52706,4861,301,2024-10-22,362,2,PASS,5524.9
906,85856,25103,85,2023-09-03,656,4,CONDITIONAL,6097.6
907,4356,11733,27,2023-11-07,890,2,PASS,2247.2
908,42628,16373,482,2025-11-24,953,4,CONDITIONAL,4197.3
909,53611,3815,265,2023-12-24,110,0,PASS,0.0
910,68103,9592,292,2026-05-02,685,0,PASS,0.0
911,52095,23087,417,2026-07-19,614,3,PASS,4886.0
912,68536,14549,365,2024-04-07,374,3,PASS,8021.4
913,5936,1236,373,2024-04-10,551,4,CONDITIONAL,7259.5
914,9926,4349,480,2025-04-22,388,3,PASS,7732.0
915,22829,2997,82,2026-05-19,964,0,PASS,0.0
916,60960,2745,228,2024-11-23,959,2,PASS,2085.5
917,5337,19512,119,2026-08-29,870,4,CONDITIONAL,4597.7
918,78443,9675,229,2026-06-18,168,1,PASS,5952.4
919,33980,19956,316,2023-07-07,851,3,PASS,3525.3
920,78978,12008,408,2023-04-07,522,3,PASS,5747.1
921,68286,21801,255,2025-04-24,270,3,PASS,11111.1
922,13535,22401,14,2023-03-12,246,3,PASS,12195.1
923,15778,22284,215,2023-07-29,802,4,CONDITIONAL,4987.5
924,78088,7292,435,2023-01-06,543,4,CONDITIONAL,7366.5
925,10626,27382,452,2025-11-02,112,1,PASS,8928.6
926,13245,13754,158,2025-08-06,909,1,PASS,1100.1
927,35266,9636,345,2025-09-15,652,0,PASS,0.0
928,88453,5141,244,2024-06-15,693,4,CONDITIONAL,5772.0
929,1963,7883,22,2024-07-24,942,3,PASS,3184.7
930,81826,6100,282,2026-06-17,846,1,PASS,1182.0
931,84198,4661,244,2024-03-02,679,3,PASS,4418.3
932,55849,12922,274,2025-03-03,720,2,PASS,2777.8
933,4329,4587,284,2025-01-17,428,0,PASS,0.0
934,21901,26464,393,2023-08-16,475,3,PASS,6315.8
935,69731,25920,314,2024-11-06,148,0,PASS,0.0
936,34452,27818,17,2026-04-07,665,2,PASS,3007.5
937,72212,29748,280,2024-10-22,297,0,PASS,0.0
938,5701,21543,55,2024-08-08,259,2,PASS,7722.0
939,30805,15481,399,2023-06-21,894,3,PASS,3355.7
940,4834,8958,462,2025-04-15,241,0,PASS,0.0
941,61456,25338,359,2026-08-12,530,1,PASS,1886.8
942,57252,12311,346,2024-01-07,533,2,PASS,3752.3
943,65936,18682,480,2024-07-11,806,0,PASS,0.0
944,5075,29132,79,2024-08-29,926,0,PASS,0.0
945,41723,2311,485,2024-09-14,949,2,PASS,2107.5
946,21254,26098,481,2023-06-07,357,0,PASS,0.0
947,30918,13790,106,2024-09-26,285,4,CONDITIONAL,14035.1
948,4471,13010,345,2025-05-19,260,2,PASS,7692.3
949,68562,5147,386,2025-01-28,221,3,PASS,13574.7
950,79411,9320,163,2024-08-08,531,0,PASS,0.0
951,50225,24034,151,2025-05-06,608,4,CONDITIONAL,6578.9
952,59530,19325,205,2024-03-28,676,4,CONDITIONAL,5917.2
953,14820,23378,460,2026-07-02,270,4,CONDITIONAL,14814.8
954,42848,11233,419,2024-11-19,255,1,PASS,3921.6
955,6622,27905,17,2026-07-01,186,0,PASS,0.0
956,45695,24574,281,2023-06-05,323,4,CONDITIONAL,12383.9
957,7508,22553,491,2023-10-26,144,4,CONDITIONAL,27777.8
958,52361,21866,433,2023-12-23,900,3,PASS,3333.3
959,49420,23234,260,2024-12-14,416,4,CONDITIONAL,9615.4
960,25391,13786,414,2026-07-20,770,3,PASS,3896.1
961,22624,22593,117,2024-09-12,714,1,PASS,1400.6
962,3889,4260,421,2026-04-20,477,3,PASS,6289.3
963,65084,4224,187,2023-07-05,477,3,PASS,6289.3
964,27476,13397,357,2026-05-14,473,3,PASS,6342.5
965,30343,18648,442,2024-05-27,917,2,PASS,2181.0
966,5577,22030,257,2026-08-03,516,3,PASS,5814.0
967,34333,29463,37,2026-01-27,846,3,PASS,3546.1
968,83748,8372,78,2024-09-01,617,4,CONDITIONAL,6483.0
969,64066,29627,286,2025-05-06,482,1,PASS,2074.7
970,35146,10356,242,2025-11-06,159,2,PASS,12578.6
971,34945,3808,41,2025-06-12,234,0,PASS,0.0
972,33838,6417,468,2026-08-21,320,3,PASS,9375.0
973,41987,13074,340,2025-07-19,598,4,CONDITIONAL,6689.0
974,33961,18979,218,2025-10-04,301,1,PASS,3322.3
975,51113,6128,354,2026-01-17,384,4,CONDITIONAL,10416.7
976,86259,16021,306,2024-07-21,976,0,PASS,0.0
977,36844,2747,492,2026-04-26,332,1,PASS,3012.0
978,5399,9213,291,2026-09-30,668,2,PASS,2994.0
979,36703,26598,170,2023-02-01,817,0,PASS,0.0
980,55544,14520,92,2026-06-29,313,4,CONDITIONAL,12779.6
981,49080,17155,102,2023-07-21,288,0,PASS,0.0
982,39305,6130,441,2025-06-24,411,3,PASS,7299.3
983,781,12067,433,2023-03-29,307,3,PASS,9772.0
984,67800,3892,159,2025-11-17,898,1,PASS,1113.6
985,49211,13728,377,2025-07-24,169,1,PASS,5917.2
986,16852,27291,375,2024-09-01,555,4,CONDITIONAL,7207.2
987,36011,4848,454,2025-02-09,177,0,PASS,0.0
988,74657,2649,89,2026-07-03,142,0,PASS,0.0
989,60234,22201,304,2024-02-26,377,4,CONDITIONAL,10610.1
990,64342,3064,27,2024-08-30,800,1,PASS,1250.0
991,38334,10457,55,2025-12-21,773,2,PASS,2587.3
992,51279,22816,52,2024-03-29,732,0,PASS,0.0
993,63361,23635,108,2025-05-11,908,2,PASS,2202.6
994,26260,26301,28,2025-09-25,886,0,PASS,0.0
995,30002,2161,490,2024-07-29,175,1,PASS,5714.3
996,71869,18908,464,2023-04-19,151,1,PASS,6622.5
997,83119,16633,420,2024-09-28,834,2,PASS,2398.1
998,30014,22384,63,2025-05-11,142,2,PASS,14084.5
999,49398,16170,167,2024-06-24,754,4,CONDITIONAL,5305.0
1000,50556,27521,11,2025-02-08,783,0,PASS,0.0
1001,83471,10429,255,2024-12-15,178,1,PASS,5618.0
1002,35545,1814,88,2026-03-12,971,4,CONDITIONAL,4119.5
1003,47194,1903,279,2024-10-18,168,3,PASS,17857.1
1004,10247,723,155,2026-08-31,355,2,PASS,5633.8
1005,59614,29624,215,2024-06-05,243,3,PASS,12345.7
1006,56079,13965,438,2024-06-17,973,1,PASS,1027.7
1007,61487,16627,153,2024-10-09,340,1,PASS,2941.2
1008,70247,14273,148,2025-06-05,693,1,PASS,1443.0
1009,41782,19643,222,2024-12-07,181,2,PASS,11049.7
1010,38919,14168,233,2025-02-07,248,4,CONDITIONAL,16129.0
1011,24739,28000,266,2023-05-20,685,4,CONDITIONAL,5839.4
1012,3911,8081,396,2023-10-20,106,2,PASS,18867.9
1013,32119,10050,202,2023-05-03,911,2,PASS,2195.4
1014,61040,10436,395,2026-06-16,990,3,PASS,3030.3
1015,34716,10134,213,2025-03-15,630,0,PASS,0.0
1016,68255,4036,27,2023-04-08,437,1,PASS,2288.3
1017,30320,21539,379,2024-08-17,890,0,PASS,0.0
1018,76055,8669,179,2025-05-27,370,3,PASS,8108.1
1019,4524,5820,132,2025-05-01,853,4,CONDITIONAL,4689.3
1020,10067,8890,405,2024-10-11,181,3,PASS,16574.6
1021,60920,5949,291,2026-04-05,939,1,PASS,1065.0
1022,32311,13928,255,2024-10-19,201,1,PASS,4975.1
1023,29886,4413,68,2023-03-04,995,1,PASS,1005.0
1024,49493,13206,155,2024-06-25,224,3,PASS,13392.9
1025,15390,12256,465,2023-10-10,793,1,PASS,1261.0
1026,70807,2292,337,2024-10-25,868,2,PASS,2304.1
1027,1617,1708,34,2024-09-05,215,3,PASS,13953.5
1028,35411,15080,397,2023-08-22,268,3,PASS,11194.0
1029,41986,4745,467,2025-11-25,686,3,PASS,4373.2
1030,63018,16545,495,2025-10-02,377,3,PASS,7957.6
1031,69273,29814,399,2024-04-19,234,0,PASS,0.0
1032,11650,23009,119,2026-03-05,867,3,PASS,3460.2
1033,47042,11840,70,2023-05-12,889,0,PASS,0.0
1034,32120,15754,42,2026-09-27,440,1,PASS,2272.7
1035,51291,27956,423,2024-06-07,417,2,PASS,4796.2
1036,67598,13146,259,2026-01-17,400,0,PASS,0.0
1037,561,15981,349,2026-02-15,924,2,PASS,2164.5
1038,51608,3,264,2024-07-06,787,3,PASS,3811.9
1039,3583,21690,19,2026-05-29,374,4,CONDITIONAL,10695.2
1040,3518,21511,106,2023-09-22,162,2,PASS,12345.7
1041,29238,11193,220,2023-12-11,839,1,PASS,1191.9
1042,59469,3655,150,2026-05-28,652,2,PASS,3067.5
1043,78134,23083,498,2025-01-14,296,4,CONDITIONAL,13513.5
1044,26839,21924,137,2024-10-15,744,2,PASS,2688.2
1045,51407,21282,192,2023-06-04,207,3,PASS,14492.8
1046,58143,3393,485,2023-09-11,620,2,PASS,3225.8
1047,47666,29093,30,2025-10-11,505,0,PASS,0.0
1048,81770,2787,68,2023-08-24,532,2,PASS,3759.4
1049,14195,15497,387,2024-03-07,341,3,PASS,8797.7
1050,74988,23434,45,2026-01-07,154,1,PASS,6493.5
1051,35896,9404,397,2025-07-10,323,2,PASS,6192.0
1052,83923,12178,407,2026-09-28,618,0,PASS,0.0
1053,41968,16240,360,2024-06-07,274,3,PASS,10948.9
1054,19460,13737,312,2025-11-27,599,4,CONDITIONAL,6677.8
1055,530,3916,180,2023-02-20,105,4,CONDITIONAL,38095.2
1056,57334,2225,332,2026-07-27,202,3,PASS,14851.5
1057,24032,18116,118,2023-03-13,872,0,PASS,0.0
1058,24822,7556,54,2025-01-22,443,4,CONDITIONAL,9029.3
1059,66885,10904,307,2026-09-10,869,0,PASS,0.0
1060,52308,20934,438,2026-02-02,896,3,PASS,3348.2
1061,62826,15398,136,2025-10-06,929,4,CONDITIONAL,4305.7
1062,89944,19781,53,2025-12-27,586,1,PASS,1706.5
1063,37306,14999,159,2026-05-05,108,4,CONDITIONAL,37037.0
1064,41368,7875,418,2025-03-11,715,1,PASS,1398.6
1065,44932,17334,443,2026-07-09,775,3,PASS,3871.0
1066,59074,17514,263,2024-04-01,390,3,PASS,7692.3
1067,80890,8660,244,2024-10-30,663,1,PASS,1508.3
1068,51038,12977,29,2023-05-01,766,1,PASS,1305.5
1069,31852,4395,69,2025-04-27,571,1,PASS,1751.3
1070,56655,6215,390,2024-01-24,200,1,PASS,5000.0
1071,6905,24132,261,2024-12-06,494,4,CONDITIONAL,8097.2
1072,1994,6468,280,2025-07-15,527,0,PASS,0.0
1073,1531,26707,354,2025-09-08,394,4,CONDITIONAL,10152.3
1074,11361,13963,431,2024-04-24,931,0,PASS,0.0
1075,66032,16548,466,2026-02-23,597,2,PASS,3350.1
1076,26440,26254,325,2025-01-04,963,1,PASS,1038.4
1077,16058,5764,245,2024-02-11,887,0,PASS,0.0
1078,37996,1042,44,2025-01-18,950,3,PASS,3157.9
1079,88957,25441,355,2023-09-01,482,1,PASS,2074.7
1080,29279,2841,496,2023-01-30,862,0,PASS,0.0
1081,16827,12376,37,2026-04-26,936,0,PASS,0.0
1082,20858,18281,109,2026-07-13,726,1,PASS,1377.4
1083,36492,1811,67,2025-12-17,963,1,PASS,1038.4
1084,84975,26743,158,2023-02-03,213,0,PASS,0.0
1085,2102,10750,409,2024-12-23,161,2,PASS,12422.4
1086,15512,21497,158,2023-02-21,771,2,PASS,2594.0
1087,57357,23134,103,2025-09-08,662,2,PASS,3021.1
1088,61120,13074,239,2025-05-17,932,2,PASS,2145.9
1089,12241,2057,496,2023-02-15,866,3,PASS,3464.2
1090,67024,18195,197,2024-02-21,430,0,PASS,0.0
1091,37304,20516,143,2024-08-27,552,2,PASS,3623.2
1092,28620,27901,257,2025-01-25,158,3,PASS,18987.3
1093,32763,21559,200,2025-11-18,549,2,PASS,3643.0
1094,40240,14976,297,2023-04-25,391,2,PASS,5115.1
1095,65883,28648,35,2025-08-20,766,3,PASS,3916.4
1096,11785,20911,25,2023-12-13,329,0,PASS,0.0
1097,57972,8949,218,2024-08-05,413,3,PASS,7263.9
1098,51882,18441,491,2024-02-22,703,2,PASS,2845.0
1099,50163,8412,187,2023-04-16,418,3,PASS,7177.0
1100,11514,27824,428,2026-03-22,389,1,PASS,2570.7
1101,46778,26055,22,2025-05-03,330,1,PASS,3030.3
1102,50971,10099,369,2025-06-06,354,4,CONDITIONAL,11299.4
1103,50634,9813,423,2025-12-27,225,2,PASS,8888.9
1104,46193,15596,325,2023-07-10,694,2,PASS,2881.8
1105,31342,16609,265,2025-07-15,508,1,PASS,1968.5
1106,72571,18547,342,2023-10-24,977,1,PASS,1023.5
1107,22279,18980,131,2024-12-18,466,2,PASS,4291.8
1108,67632,5329,30,2024-05-01,762,1,PASS,1312.3
1109,59839,20042,84,2024-11-16,748,0,PASS,0.0
1110,5313,1737,390,2025-01-22,988,3,PASS,3036.4
1111,66888,27996,484,2024-09-24,136,0,PASS,0.0
1112,81930,2280,394,2024-08-05,137,4,CONDITIONAL,29197.1
1113,58014,15015,437,2024-07-07,801,3,PASS,3745.3
1114,13861,26871,5,2025-04-14,190,2,PASS,10526.3
1115,46716,23032,380,2025-06-13,634,2,PASS,3154.6
1116,72057,7051,449,2023-07-09,385,0,PASS,0.0
1117,17268,3995,273,2023-11-28,108,4,CONDITIONAL,37037.0
1118,5645,10710,203,2024-05-06,943,2,PASS,2120.9
1119,62735,19110,241,2023-10-13,938,1,PASS,1066.1
1120,29485,23293,347,2025-03-20,685,3,PASS,4379.6
1121,48497,17629,84,2023-04-01,374,3,PASS,8021.4
1122,3801,19370,362,2024-03-22,654,4,CONDITIONAL,6116.2
1123,9573,23496,109,2024-06-28,420,2,PASS,4761.9
1124,31412,13697,48,2024-07-10,746,4,CONDITIONAL,5361.9
1125,22678,2084,238,2024-10-02,225,3,PASS,13333.3
1126,61621,29231,331,2023-12-05,339,0,PASS,0.0
1127,45267,13228,285,2026-03-24,354,2,PASS,5649.7
1128,55512,17099,485,2025-10-25,935,2,PASS,2139.0
1129,85718,6936,4,2025-05-31,666,4,CONDITIONAL,6006.0
1130,29551,23346,248,2023-06-24,606,4,CONDITIONAL,6600.7
1131,77065,12077,428,2026-05-11,516,0,PASS,0.0
1132,78068,13437,193,2024-12-05,133,1,PASS,7518.8
1133,43737,16451,218,2025-10-22,138,1,PASS,7246.4
1134,35171,8074,76,2025-05-04,843,4,CONDITIONAL,4745.0
1135,19067,14505,418,2024-01-02,955,1,PASS,1047.1
1136,5585,333,204,2025-11-14,398,0,PASS,0.0
1137,3236,14920,358,2025-04-05,201,4,CONDITIONAL,19900.5
1138,85958,16974,223,2025-05-30,941,1,PASS,1062.7
1139,84798,21211,154,2024-03-03,639,3,PASS,4694.8
1140,73498,12672,279,2026-09-15,776,2,PASS,2577.3
1141,13424,4307,203,2023-09-25,932,2,PASS,2145.9
1142,88465,13962,156,2026-04-06,550,4,CONDITIONAL,7272.7
1143,43569,23199,277,2026-03-30,507,1,PASS,1972.4
1144,87697,4828,170,2025-11-24,374,4,CONDITIONAL,10695.2
1145,37784,9884,72,2024-10-28,162,1,PASS,6172.8
1146,73903,18122,333,2025-05-15,319,2,PASS,6269.6
1147,59211,22853,71,2025-08-10,865,1,PASS,1156.1
1148,5661,18230,250,2026-02-18,299,2,PASS,6689.0
1149,9782,5027,290,2026-06-07,125,1,PASS,8000.0
1150,63561,10345,1,2025-02-13,759,11,FAIL,14492.8
1151,50291,9049,244,2023-01-02,879,4,CONDITIONAL,4550.6
1152,11153,13649,328,2024-12-02,346,3,PASS,8670.5
1153,41444,21261,325,2025-09-28,598,2,PASS,3344.5
1154,68055,3705,28,2023-03-16,475,2,PASS,4210.5
1155,89554,27291,357,2024-09-06,414,1,PASS,2415.5
1156,80938,20472,121,2023-03-05,792,1,PASS,1262.6
1157,53755,13064,355,2024-06-27,794,1,PASS,1259.4
1158,82661,14099,263,2024-02-11,254,1,PASS,3937.0
1159,46378,13882,500,2025-05-21,280,0,PASS,0.0
1160,85428,12971,148,2024-09-28,533,0,PASS,0.0
1161,12632,3822,348,2025-09-26,810,4,CONDITIONAL,4938.3
1162,18215,29906,61,2026-01-21,531,0,PASS,0.0
1163,43816,29851,354,2025-02-11,924,1,PASS,1082.3
1164,60677,7649,170,2025-03-08,523,3,PASS,5736.1
1165,4774,6431,300,2023-09-24,947,1,PASS,1056.0
1166,42641,22492,21,2026-05-27,529,4,CONDITIONAL,7561.4
1167,16356,16248,284,2023-07-25,995,3,PASS,3015.1
1168,19412,1611,300,2024-12-07,450,4,CONDITIONAL,8888.9
1169,6836,25180,17,2025-04-11,722,2,PASS,2770.1
1170,18932,2487,124,2026-03-03,348,1,PASS,2873.6
1171,12216,3294,284,2023-03-11,723,0,PASS,0.0
1172,43706,13535,165,2025-08-28,119,3,PASS,25210.1
1173,37821,8407,477,2024-05-21,819,3,PASS,3663.0
1174,27253,664,452,2026-02-11,905,1,PASS,1105.0
1175,32582,23556,100,2023-04-05,928,3,PASS,3232.8
1176,51354,9051,326,2025-12-19,762,2,PASS,2624.7
1177,75028,14115,241,2024-10-29,447,4,CONDITIONAL,8948.5
1178,53472,9588,113,2025-11-04,611,0,PASS,0.0
1179,46728,24868,249,2026-05-06,302,1,PASS,3311.3
1180,44754,7417,195,2025-07-14,264,3,PASS,11363.6
1181,53936,4557,262,2024-07-28,589,3,PASS,5093.4
1182,54170,4550,192,2025-12-08,389,0,PASS,0.0
1183,17734,2353,399,2024-03-10,736,1,PASS,1358.7
1184,76567,6308,100,2025-06-23,864,0,PASS,0.0
1185,66602,13001,183,2026-01-04,940,4,CONDITIONAL,4255.3
1186,1691,18263,291,2024-12-02,294,3,PASS,10204.1
1187,88582,21967,360,2025-12-27,258,0,PASS,0.0
1188,74183,1258,376,2024-01-05,674,3,PASS,4451.0
1189,75927,5435,118,2024-04-10,169,4,CONDITIONAL,23668.6
1190,41150,9167,423,2025-08-26,900,0,PASS,0.0
1191,39042,6337,325,2025-10-14,862,2,PASS,2320.2
1192,82083,26068,166,2023-02-25,644,1,PASS,1552.8
1193,64645,26796,455,2023-06-07,806,3,PASS,3722.1
1194,86719,6282,98,2025-01-22,982,4,CONDITIONAL,4073.3
1195,85322,24188,52,2026-01-01,464,4,CONDITIONAL,8620.7
1196,38049,11936,379,2024-08-07,568,4,CONDITIONAL,7042.3
1197,25878,4641,368,2026-06-04,670,0,PASS,0.0
1198,45052,16651,243,2025-10-14,559,2,PASS,3577.8
1199,29880,20737,35,2024-05-08,727,2,PASS,2751.0
1200,27348,25149,260,2024-03-24,241,2,PASS,8298.8
1201,77290,21907,174,2026-07-31,741,0,PASS,0.0
1202,20428,17247,9,2023-07-11,989,4,CONDITIONAL,4044.5
1203,18330,8934,437,2026-09-19,923,0,PASS,0.0
1204,42036,1983,132,2024-04-22,287,4,CONDITIONAL,13937.3
1205,70266,2681,46,2025-05-13,209,3,PASS,14354.1
1206,55206,29194,32,2023-02-16,536,2,PASS,3731.3
1207,46925,10516,472,2026-05-15,357,0,PASS,0.0
1208,30841,16901,117,2023-05-29,263,0,PASS,0.0
1209,25682,19403,427,2024-06-20,219,0,PASS,0.0
1210,64579,16372,452,2023-10-07,715,4,CONDITIONAL,5594.4
1211,62912,16910,309,2026-08-04,117,2,PASS,17094.0
1212,38503,19318,395,2024-09-03,820,4,CONDITIONAL,4878.0
1213,19702,15528,372,2024-03-30,435,4,CONDITIONAL,9195.4
1214,20295,6615,155,2023-11-21,359,1,PASS,2785.5
1215,85842,22395,69,2023-10-03,149,2,PASS,13422.8
1216,33443,29675,4,2025-06-11,331,4,CONDITIONAL,12084.6
1217,81536,20430,421,2025-01-27,514,2,PASS,3891.1
1218,79038,27344,276,2025-12-21,857,1,PASS,1166.9
1219,64132,9321,114,2023-01-26,556,3,PASS,5395.7
1220,18406,29652,470,2023-12-16,127,0,PASS,0.0
1221,48823,19983,419,2023-04-25,712,4,CONDITIONAL,5618.0
1222,72134,24273,48,2025-06-17,389,0,PASS,0.0
1223,64812,5480,161,2024-03-29,767,4,CONDITIONAL,5215.1
1224,73994,9678,472,2023-11-28,877,3,PASS,3420.8
1225,8403,22557,289,2024-12-29,701,4,CONDITIONAL,5706.1
1226,41619,9470,160,2024-10-14,662,2,PASS,3021.1
1227,49555,1788,303,2023-03-03,702,1,PASS,1424.5
1228,65554,15535,235,2026-05-07,742,2,PASS,2695.4
1229,79467,2116,422,2025-11-03,294,3,PASS,10204.1
1230,52621,3540,396,2026-01-20,691,3,PASS,4341.5
1231,65883,13074,232,2026-03-06,541,0,PASS,0.0
1232,57454,6185,484,2026-04-03,924,0,PASS,0.0
1233,19710,14813,293,2023-05-26,206,3,PASS,14563.1
1234,18467,17359,310,2026-03-06,948,0,PASS,0.0
1235,68891,11386,351,2023-02-17,669,4,CONDITIONAL,5979.1
1236,9591,18528,466,2025-06-30,243,1,PASS,4115.2
1237,702,13020,316,2024-11-16,143,2,PASS,13986.0
1238,46324,28182,199,2024-03-25,312,4,CONDITIONAL,12820.5
1239,82505,13777,319,2023-12-23,342,4,CONDITIONAL,11695.9
1240,13791,16012,186,2025-07-10,301,3,PASS,9966.8
1241,27007,14698,403,2025-11-12,516,1,PASS,1938.0
1242,66057,22062,27,2023-08-17,103,3,PASS,29126.2
1243,20803,1270,255,2023-02-26,244,0,PASS,0.0
1244,8476,26134,200,2025-07-31,933,1,PASS,1071.8
1245,1205,25858,269,2025-11-29,632,4,CONDITIONAL,6329.1
1246,63424,14285,209,2025-08-02,474,1,PASS,2109.7
1247,72586,25044,286,2023-10-02,905,1,PASS,1105.0
1248,34351,523,13,2024-07-19,906,4,CONDITIONAL,4415.0
1249,50074,18612,406,2026-09-20,230,2,PASS,8695.7
1250,58611,1031,315,2025-05-28,197,1,PASS,5076.1
1251,67980,6621,120,2025-04-04,870,3,PASS,3448.3
1252,17988,22791,144,2023-08-26,910,0,PASS,0.0
1253,88560,27876,328,2026-03-06,114,0,PASS,0.0
1254,1729,17751,104,2024-02-12,688,3,PASS,4360.5
1255,72208,16636,214,2024-04-29,367,2,PASS,5449.6
1256,31046,26040,15,2026-08-26,423,4,CONDITIONAL,9456.3
1257,42652,22914,446,2025-06-27,689,3,PASS,4354.1
1258,47950,21256,263,2023-04-19,747,4,CONDITIONAL,5354.8
1259,32111,2085,177,2023-07-19,196,3,PASS,15306.1
1260,45422,21155,322,2025-02-08,641,0,PASS,0.0
1261,13579,5826,410,2026-09-03,815,2,PASS,2454.0
1262,17930,22595,397,2024-10-18,898,1,PASS,1113.6
1263,22767,23658,119,2023-04-17,807,2,PASS,2478.3
1264,52737,17954,417,2026-02-03,469,4,CONDITIONAL,8528.8
1265,86860,26242,405,2026-06-15,837,4,CONDITIONAL,4779.0
1266,42704,28634,324,2026-09-18,699,0,PASS,0.0
1267,81829,18891,130,2026-05-26,607,2,PASS,3294.9
1268,73301,13434,500,2024-11-13,100,1,PASS,10000.0
1269,89481,19268,341,2023-11-17,773,0,PASS,0.0
1270,71421,19207,110,2023-03-04,224,2,PASS,8928.6
1271,54516,5148,288,2025-03-24,901,0,PASS,0.0
1272,85674,6474,244,2024-01-10,994,0,PASS,0.0
1273,27419,10007,148,2024-07-07,806,2,PASS,2481.4
1274,76963,5928,248,2025-08-09,468,1,PASS,2136.8
1275,23234,6757,323,2023-12-19,939,3,PASS,3194.9
1276,31772,6849,85,2023-12-28,823,4,CONDITIONAL,4860.3
1277,70821,5678,288,2025-07-24,197,4,CONDITIONAL,20304.6
1278,50815,3776,397,2023-10-03,456,3,PASS,6578.9
1279,72666,12076,140,2026-06-09,488,1,PASS,2049.2
1280,23941,13971,271,2024-04-15,937,1,PASS,1067.2
1281,26320,16500,40,2025-06-21,166,0,PASS,0.0
1282,78005,26806,114,2024-09-04,441,3,PASS,6802.7
1283,4417,11249,458,2025-05-14,297,3,PASS,10101.0
1284,75469,15653,83,2023-10-30,452,0,PASS,0.0
1285,79200,21715,155,2024-10-19,897,0,PASS,0.0
1286,45720,10818,443,2023-08-07,363,2,PASS,5509.6
1287,78184,6099,270,2024-10-29,139,0,PASS,0.0
1288,20113,11122,14,2026-06-22,440,3,PASS,6818.2
1289,80290,14081,493,2023-03-28,758,4,CONDITIONAL,5277.0
1290,3331,27312,211,2025-06-21,189,1,PASS,5291.0
1291,2047,19229,362,2024-01-05,755,1,PASS,1324.5
1292,1608,10483,214,2023-10-18,227,4,CONDITIONAL,17621.1
1293,19572,3109,110,2023-11-04,566,3,PASS,5300.4
1294,48826,6944,46,2023-05-18,627,0,PASS,0.0
1295,28734,22542,97,2026-01-02,222,4,CONDITIONAL,18018.0
1296,47885,27445,478,2025-01-28,426,4,CONDITIONAL,9389.7
1297,63798,12998,500,2025-09-26,887,2,PASS,2254.8
1298,64661,23787,409,2023-10-18,320,2,PASS,6250.0
1299,18786,1715,189,2026-06-27,359,3,PASS,8356.5
1300,64529,2367,310,2025-03-25,823,0,PASS,0.0
1301,31547,9254,353,2026-09-24,123,4,CONDITIONAL,32520.3
1302,58379,7,351,2024-08-11,101,1,PASS,9901.0
1303,12467,27767,242,2024-05-04,637,3,PASS,4709.6
1304,79771,20862,285,2024-03-15,391,3,PASS,7672.6
1305,22343,21725,396,2023-01-07,761,0,PASS,0.0
1306,27753,15148,183,2025-09-27,444,0,PASS,0.0
1307,26847,20230,450,2023-07-28,292,2,PASS,6849.3
1308,54957,20219,233,2023-10-30,409,3,PASS,7335.0
1309,62981,7959,83,2025-03-16,909,0,PASS,0.0
1310,58825,28445,81,2023-01-25,892,3,PASS,3363.2
1311,9472,27608,458,2023-03-17,321,4,CONDITIONAL,12461.1
1312,33195,9169,236,2026-03-07,392,0,PASS,0.0
1313,31193,9990,304,2026-09-01,883,2,PASS,2265.0
1314,63599,19225,397,2024-03-22,442,4,CONDITIONAL,9049.8
1315,12876,3357,394,2023-11-02,599,3,PASS,5008.3
1316,56556,16863,289,2023-02-01,277,2,PASS,7220.2
1317,67962,8659,107,2025-08-23,795,4,CONDITIONAL,5031.4
1318,50698,304,343,2024-01-07,488,4,CONDITIONAL,8196.7
1319,19997,11178,376,2026-06-09,791,3,PASS,3792.7
1320,24917,29402,23,2025-02-21,380,1,PASS,2631.6
1321,59626,21137,410,2025-12-29,352,0,PASS,0.0
1322,38072,11681,329,2025-06-23,559,2,PASS,3577.8
1323,23441,7787,193,2026-08-25,769,1,PASS,1300.4
1324,10138,24031,70,2023-05-04,633,2,PASS,3159.6
1325,88531,12468,308,2024-03-07,525,3,PASS,5714.3
1326,83047,11282,129,2025-12-06,672,4,CONDITIONAL,5952.4
1327,55381,6672,165,2025-05-26,535,3,PASS,5607.5
1328,79185,28266,202,2025-02-19,683,3,PASS,4392.4
1329,69189,16553,30,2026-08-12,285,1,PASS,3508.8
1330,21529,21001,469,2023-04-27,483,1,PASS,2070.4
1331,10522,4764,439,2023-04-20,436,0,PASS,0.0
1332,85195,12432,331,2024-05-06,763,0,PASS,0.0
1333,4057,15308,400,2024-06-13,846,4,CONDITIONAL,4728.1
1334,43234,24896,130,2023-11-10,105,2,PASS,19047.6
1335,65765,22272,50,2026-01-14,501,0,PASS,0.0
1336,70362,6593,349,2026-06-03,531,0,PASS,0.0
1337,13583,15752,392,2023-05-31,465,3,PASS,6451.6
1338,36331,7736,242,2025-12-15,484,2,PASS,4132.2
1339,19416,8707,105,2025-04-12,396,0,PASS,0.0
1340,51863,10350,4,2026-09-06,398,4,CONDITIONAL,10050.3
1341,34418,13627,371,2025-10-11,817,2,PASS,2448.0
1342,54347,29234,42,2026-01-02,832,0,PASS,0.0
1343,16747,8539,417,2024-08-13,484,3,PASS,6198.3
1344,61392,2446,154,2023-08-20,656,1,PASS,1524.4
1345,51751,27148,415,2024-08-13,679,4,CONDITIONAL,5891.0
1346,55675,17322,266,2025-10-12,818,0,PASS,0.0
1347,7905,26180,386,2026-02-02,103,0,PASS,0.0
1348,63935,202,60,2025-05-26,763,2,PASS,2621.2
1349,15617,29352,8,2026-02-17,396,0,PASS,0.0
1350,9818,22336,356,2024-01-21,380,3,PASS,7894.7
1351,55875,19510,143,2026-02-05,794,2,PASS,2518.9
1352,78654,23504,83,2026-05-25,344,1,PASS,2907.0
1353,64024,5720,88,2024-07-26,290,3,PASS,10344.8
1354,38855,22971,438,2026-05-20,973,2,PASS,2055.5
1355,31900,14159,63,2025-06-07,880,1,PASS,1136.4
1356,7872,20495,397,2023-08-26,324,2,PASS,6172.8
1357,68519,15419,352,2024-07-15,354,0,PASS,0.0
1358,24832,17455,436,2024-05-28,672,0,PASS,0.0
1359,8334,5873,463,2024-09-26,354,2,PASS,5649.7
1360,41943,24638,227,2025-06-30,743,2,PASS,2691.8
1361,7344,7199,426,2025-07-13,103,0,PASS,0.0
1362,42565,13573,334,2025-07-10,972,0,PASS,0.0
1363,67913,16377,284,2023-05-04,325,3,PASS,9230.8
1364,67207,19635,177,2023-03-08,200,2,PASS,10000.0
1365,4962,21831,268,2025-01-22,829,3,PASS,3618.8
1366,49589,22047,490,2026-04-28,845,3,PASS,3550.3
1367,46969,22219,288,2023-05-31,558,3,PASS,5376.3
1368,88998,11578,278,2023-06-18,120,1,PASS,8333.3
1369,52033,5478,67,2023-02-15,812,0,PASS,0.0
1370,67043,2739,164,2024-02-27,251,3,PASS,11952.2
1371,59455,27344,234,2023-10-10,960,1,PASS,1041.7
1372,74825,12411,303,2026-08-31,859,0,PASS,0.0
1373,2970,13347,410,2026-09-11,192,1,PASS,5208.3
1374,47317,3329,40,2025-08-08,818,1,PASS,1222.5
1375,31106,8693,249,2025-03-11,742,1,PASS,1347.7
1376,39199,12357,221,2024-11-03,714,4,CONDITIONAL,5602.2
1377,5327,18032,30,2024-08-10,292,0,PASS,0.0
1378,42159,8378,286,2026-06-24,429,4,CONDITIONAL,9324.0
1379,71849,14930,161,2024-07-29,724,4,CONDITIONAL,5524.9
1380,28075,16986,306,2025-03-29,152,1,PASS,6578.9
1381,40239,29462,249,2023-12-24,819,1,PASS,1221.0
1382,49722,18914,336,2026-04-04,192,3,PASS,15625.0
1383,19299,7218,235,2023-08-31,876,0,PASS,0.0
1384,75958,19572,486,2024-07-24,123,3,PASS,24390.2
1385,78847,26777,178,2025-11-27,605,4,CONDITIONAL,6611.6
1386,84421,4626,400,2025-02-08,270,2,PASS,7407.4
1387,23921,5603,461,2024-01-20,385,3,PASS,7792.2
1388,15943,13111,445,2023-08-27,148,2,PASS,13513.5
1389,16161,3175,400,2024-11-24,510,2,PASS,3921.6
1390,78516,22912,326,2023-11-28,912,2,PASS,2193.0
1391,12475,8839,212,2026-06-01,217,4,CONDITIONAL,18433.2
1392,81597,3838,220,2026-04-21,860,2,PASS,2325.6
1393,82900,2285,455,2025-01-21,735,0,PASS,0.0
1394,25438,21635,196,2025-01-20,530,1,PASS,1886.8
1395,20508,13308,114,2024-10-11,287,2,PASS,6968.6
1396,44687,13628,32,2026-09-27,776,1,PASS,1288.7
1397,46016,6673,361,2023-02-20,356,2,PASS,5618.0
1398,46139,15026,324,2026-08-16,623,1,PASS,1605.1
1399,65767,14522,14,2023-02-19,598,3,PASS,5016.7
1400,45099,25457,397,2024-01-01,923,0,PASS,0.0
1401,19043,9952,303,2023-05-04,280,4,CONDITIONAL,14285.7
1402,63759,21538,221,2024-09-15,402,1,PASS,2487.6
1403,57960,10300,206,2025-11-26,126,4,CONDITIONAL,31746.0
1404,77562,17306,180,2023-08-06,685,0,PASS,0.0
1405,45428,10114,389,2024-11-22,304,2,PASS,6578.9
1406,48649,17184,309,2024-12-04,437,4,CONDITIONAL,9153.3
1407,32749,24719,246,2025-12-14,186,0,PASS,0.0
1408,73170,10498,159,2025-01-13,179,4,CONDITIONAL,22346.4
1409,30515,2551,146,2024-06-28,751,2,PASS,2663.1
1410,30660,17568,365,2023-03-09,387,4,CONDITIONAL,10335.9
1411,60348,10774,260,2025-05-29,694,1,PASS,1440.9
1412,1711,15670,27,2026-06-02,432,2,PASS,4629.6
1413,50524,28966,405,2023-08-20,846,3,PASS,3546.1
1414,88562,22785,407,2026-04-10,117,0,PASS,0.0
1415,57187,1989,291,2025-01-26,893,4,CONDITIONAL,4479.3
1416,49346,6994,312,2024-08-19,594,0,PASS,0.0
1417,82849,20223,57,2023-09-27,551,3,PASS,5444.6
1418,50655,2488,30,2025-10-11,222,2,PASS,9009.0
1419,48198,16440,246,2023-12-28,305,4,CONDITIONAL,13114.8
1420,84323,8618,473,2024-07-24,832,1,PASS,1201.9
1421,46807,14590,434,2023-06-20,222,4,CONDITIONAL,18018.0
1422,76777,11371,338,2025-05-31,262,0,PASS,0.0
1423,17159,6423,193,2026-02-24,154,3,PASS,19480.5
1424,73204,4494,263,2025-08-13,521,2,PASS,3838.8
1425,56451,23149,283,2023-12-22,303,0,PASS,0.0
1426,63455,15250,420,2023-11-29,935,2,PASS,2139.0
1427,81701,10849,64,2026-07-27,337,3,PASS,8902.1
1428,84932,27859,28,2023-09-20,911,2,PASS,2195.4
1429,64957,18881,419,2024-12-12,232,0,PASS,0.0
1430,10531,17999,223,2024-08-31,589,4,CONDITIONAL,6791.2
1431,80444,6722,154,2025-01-24,999,1,PASS,1001.0
1432,54466,12092,365,2023-10-23,782,3,PASS,3836.3
1433,19203,22887,418,2025-02-13,934,4,CONDITIONAL,4282.7
1434,2153,15675,4,2025-06-23,172,2,PASS,11627.9
1435,63774,24492,347,2023-02-18,211,1,PASS,4739.3
1436,83473,1373,203,2026-05-03,770,2,PASS,2597.4
1437,33194,3860,295,2025-08-26,744,2,PASS,2688.2
1438,1458,3358,60,2025-10-10,455,2,PASS,4395.6
1439,61629,440,468,2023-12-25,840,3,PASS,3571.4
1440,66443,316,463,2026-04-25,790,3,PASS,3797.5
1441,41408,20667,469,2023-10-16,608,3,PASS,4934.2
1442,49634,29371,414,2024-02-09,414,3,PASS,7246.4
1443,15699,5280,267,2026-03-05,471,2,PASS,4246.3
1444,36221,18835,48,2024-05-20,266,4,CONDITIONAL,15037.6
1445,1863,11452,499,2024-05-08,841,0,PASS,0.0
1446,26829,29190,213,2026-07-13,365,4,CONDITIONAL,10958.9
1447,59939,4810,172,2024-01-04,808,0,PASS,0.0
1448,20858,4881,110,2026-02-17,367,3,PASS,8174.4
1449,53383,28498,334,2024-04-27,662,3,PASS,4531.7
1450,13336,7898,321,2024-01-14,342,0,PASS,0.0
1451,6833,23930,253,2026-06-24,499,1,PASS,2004.0
1452,13679,21267,360,2025-07-12,554,2,PASS,3610.1
1453,62327,20634,160,2026-02-18,354,1,PASS,2824.9
1454,26712,16096,80,2026-02-17,674,2,PASS,2967.4
1455,53146,4361,177,2025-09-12,297,3,PASS,10101.0
1456,28710,1476,106,2023-09-25,808,0,PASS,0.0
1457,86735,20069,317,2025-10-04,896,4,CONDITIONAL,4464.3
1458,28528,20263,434,2023-11-20,678,2,PASS,2949.9
1459,3882,18508,173,2024-03-19,420,4,CONDITIONAL,9523.8
1460,31124,4600,44,2026-03-17,592,2,PASS,3378.4
1461,78965,9167,483,2023-12-09,141,2,PASS,14184.4
1462,5917,25121,428,2025-10-10,647,3,PASS,4636.8
1463,45009,19123,367,2024-12-11,411,0,PASS,0.0
1464,8647,29481,232,2024-01-13,576,4,CONDITIONAL,6944.4
1465,38248,6478,224,2026-09-23,920,3,PASS,3260.9
1466,58649,23997,232,2023-07-05,836,3,PASS,3588.5
1467,62777,25000,79,2023-04-12,409,2,PASS,4890.0
1468,19464,15934,61,2026-02-16,783,2,PASS,2554.3
1469,77592,10481,16,2025-01-25,552,1,PASS,1811.6
1470,43533,11932,316,2025-09-18,522,4,CONDITIONAL,7662.8
1471,86594,624,283,2025-10-08,303,0,PASS,0.0
1472,3854,7853,491,2023-02-09,889,2,PASS,2249.7
1473,20800,26705,426,2025-01-13,674,0,PASS,0.0
1474,8109,9108,348,2024-08-11,201,4,CONDITIONAL,19900.5
1475,13365,4798,113,2023-07-11,842,3,PASS,3562.9
1476,71639,23063,271,2024-01-30,160,3,PASS,18750.0
1477,67690,12609,293,2025-01-28,870,1,PASS,1149.4
1478,36240,27627,40,2025-05-18,508,0,PASS,0.0
1479,30732,22361,235,2023-05-20,756,0,PASS,0.0
1480,38799,19811,374,2025-06-14,314,0,PASS,0.0
1481,85843,13023,489,2025-05-30,514,4,CONDITIONAL,7782.1
1482,38907,13699,133,2026-01-12,349,2,PASS,5730.7
1483,44883,22688,461,2024-08-29,573,3,PASS,5235.6
1484,28652,11094,205,2024-12-10,426,3,PASS,7042.3
1485,11025,16097,52,2024-12-28,319,3,PASS,9404.4
1486,59673,26587,188,2024-12-08,700,3,PASS,4285.7
1487,11788,4693,383,2025-12-14,703,0,PASS,0.0
1488,24826,7645,77,2026-04-17,203,0,PASS,0.0
1489,76646,11716,320,2023-09-09,234,0,PASS,0.0
1490,84775,17762,408,2025-12-04,887,4,CONDITIONAL,4509.6
1491,33446,12189,351,2026-07-23,817,4,CONDITIONAL,4896.0
1492,51270,22066,100,2023-02-06,251,2,PASS,7968.1
1493,19800,19810,401,2024-06-03,988,2,PASS,2024.3
1494,53154,4914,117,2026-09-24,398,2,PASS,5025.1
1495,37443,2856,212,2024-07-18,239,2,PASS,8368.2
1496,2035,21222,29,2025-12-02,552,4,CONDITIONAL,7246.4
1497,32136,13772,109,2024-07-27,470,1,PASS,2127.7
1498,67463,12625,4,2023-12-03,129,4,CONDITIONAL,31007.8
1499,77746,15578,78,2026-05-17,612,0,PASS,0.0
1500,56716,6610,378,2024-05-20,718,0,PASS,0.0
1501,72898,2982,373,2026-04-08,442,3,PASS,6787.3
1502,24952,13336,145,2023-12-01,566,2,PASS,3533.6
1503,77246,20153,36,2024-07-09,969,3,PASS,3096.0
1504,48487,12302,24,2024-05-03,739,4,CONDITIONAL,5412.7
1505,73678,2505,121,2025-09-20,390,1,PASS,2564.1
1506,7967,4358,241,2024-07-22,775,0,PASS,0.0
1507,46124,11238,97,2023-08-21,304,3,PASS,9868.4
1508,48419,19354,47,2023-01-10,637,0,PASS,0.0
1509,36047,3898,477,2023-03-16,259,3,PASS,11583.0
1510,46760,2733,108,2025-09-02,477,4,CONDITIONAL,8385.7
1511,54500,19786,452,2024-06-27,903,0,PASS,0.0
1512,76633,8628,321,2024-06-09,793,4,CONDITIONAL,5044.1
1513,63426,24324,485,2026-08-09,773,1,PASS,1293.7
1514,12493,3721,258,2023-07-13,374,2,PASS,5347.6
1515,52534,1064,381,2024-07-11,674,0,PASS,0.0
1516,8259,28556,417,2024-06-22,946,1,PASS,1057.1
1517,34670,16053,302,2023-02-22,671,4,CONDITIONAL,5961.3
1518,79393,12507,447,2025-03-01,951,0,PASS,0.0
1519,12857,48,238,2025-03-20,458,4,CONDITIONAL,8733.6
1520,59908,1390,476,2024-03-16,560,2,PASS,3571.4
1521,60753,11284,143,2023-10-12,551,0,PASS,0.0
1522,30854,6613,75,2024-04-22,173,2,PASS,11560.7
1523,87466,8154,70,2025-10-13,480,4,CONDITIONAL,8333.3
1524,50769,17973,86,2024-12-01,239,3,PASS,12552.3
1525,29090,18330,398,2025-11-17,695,4,CONDITIONAL,5755.4
1526,72301,8759,446,2024-10-14,356,4,CONDITIONAL,11236.0
1527,46040,15205,252,2026-03-03,659,4,CONDITIONAL,6069.8
1528,88408,20403,185,2023-05-20,672,1,PASS,1488.1
1529,80304,19245,306,2024-11-06,104,4,CONDITIONAL,38461.5
1530,15755,28110,41,2026-02-22,412,0,PASS,0.0
1531,10126,21634,243,2025-06-12,821,2,PASS,2436.1
1532,25872,27725,474,2026-01-10,124,3,PASS,24193.5
1533,23825,5603,468,2025-09-10,669,1,PASS,1494.8
1534,14057,26518,53,2023-01-23,864,1,PASS,1157.4
1535,11786,8191,180,2025-10-20,143,0,PASS,0.0
1536,45470,29439,279,2023-01-04,382,0,PASS,0.0
1537,48832,8655,231,2025-10-24,513,0,PASS,0.0
1538,67920,14583,457,2026-02-15,750,4,CONDITIONAL,5333.3
1539,89356,5271,488,2023-03-13,185,0,PASS,0.0
1540,79554,27858,482,2023-06-11,726,3,PASS,4132.2
1541,48279,1003,268,2026-02-22,486,0,PASS,0.0
1542,20663,2396,452,2025-12-17,294,1,PASS,3401.4
1543,49976,8168,410,2026-04-17,940,0,PASS,0.0
1544,5711,582,81,2026-01-02,846,3,PASS,3546.1
1545,88547,4981,201,2023-12-11,793,2,PASS,2522.1
1546,36009,14795,45,2024-07-09,729,3,PASS,4115.2
1547,76590,6756,235,2025-05-01,676,2,PASS,2958.6
1548,87162,15780,313,2026-05-09,720,0,PASS,0.0
1549,28305,9482,22,2025-07-26,815,0,PASS,0.0
1550,29711,16044,154,2023-12-21,941,0,PASS,0.0
1551,71213,15129,165,2023-04-29,131,0,PASS,0.0
1552,84802,23500,281,2025-11-07,388,1,PASS,2577.3
1553,75617,9523,30,2026-02-19,299,0,PASS,0.0
1554,71933,8777,427,2024-04-17,565,2,PASS,3539.8
1555,27904,28445,435,2024-02-26,133,3,PASS,22556.4
1556,26525,29694,157,2025-09-14,109,2,PASS,18348.6
1557,40011,10240,199,2025-03-17,313,0,PASS,0.0
1558,88156,5974,133,2023-12-23,842,3,PASS,3562.9
1559,69609,7765,490,2025-10-10,866,0,PASS,0.0
1560,49982,10013,225,2024-11-11,340,4,CONDITIONAL,11764.7
1561,45450,24725,294,2023-03-30,940,4,CONDITIONAL,4255.3
1562,33864,11149,384,2026-04-30,607,3,PASS,4942.3
1563,60525,14106,491,2024-05-20,364,4,CONDITIONAL,10989.0
1564,34209,18089,482,2026-08-17,188,0,PASS,0.0
1565,19285,123,258,2026-08-06,730,2,PASS,2739.7
1566,50711,8176,30,2024-10-09,808,1,PASS,1237.6
1567,58707,24796,123,2024-07-25,924,2,PASS,2164.5
1568,78882,26531,343,2025-11-05,971,2,PASS,2059.7
1569,47076,23554,459,2024-04-19,112,3,PASS,26785.7
1570,79715,5688,215,2025-11-14,894,2,PASS,2237.1
1571,64708,9019,174,2026-09-12,598,2,PASS,3344.5
1572,83169,1274,327,2025-10-03,242,4,CONDITIONAL,16528.9
1573,62339,28777,490,2026-01-19,664,1,PASS,1506.0
1574,66793,19515,148,2026-08-20,576,0,PASS,0.0
1575,3771,4933,25,2025-01-25,568,0,PASS,0.0
1576,66102,15306,484,2026-05-18,918,1,PASS,1089.3
1577,59719,8009,229,2025-12-13,705,0,PASS,0.0
1578,2918,1208,103,2025-10-27,899,2,PASS,2224.7
1579,34913,20605,293,2025-11-19,886,4,CONDITIONAL,4514.7
1580,55404,24904,73,2026-03-06,588,4,CONDITIONAL,6802.7
1581,32311,1386,180,2025-01-22,994,2,PASS,2012.1
1582,85092,18119,283,2026-03-28,351,2,PASS,5698.0
1583,56657,11033,261,2024-08-15,703,4,CONDITIONAL,5689.9
1584,56751,10809,181,2025-11-08,373,1,PASS,2681.0
1585,59587,11116,260,2026-01-02,973,2,PASS,2055.5
1586,81178,2885,189,2025-08-11,797,4,CONDITIONAL,5018.8
1587,5890,25144,219,2024-01-12,429,0,PASS,0.0
1588,68525,2279,38,2024-12-28,571,3,PASS,5253.9
1589,29230,24625,432,2023-06-19,208,1,PASS,4807.7
1590,58814,20135,478,2023-08-04,165,0,PASS,0.0
1591,62409,21845,357,2024-10-22,139,4,CONDITIONAL,28777.0
1592,64339,28181,488,2025-06-22,154,2,PASS,12987.0
1593,1634,16642,366,2023-06-19,389,4,CONDITIONAL,10282.8
1594,9466,10392,482,2026-09-26,536,2,PASS,3731.3
1595,87034,11745,455,2025-05-04,697,4,CONDITIONAL,5738.9
1596,39031,25107,105,2024-06-16,267,1,PASS,3745.3
1597,6224,17314,51,2025-03-11,897,3,PASS,3344.5
1598,82415,264,144,2026-05-04,377,4,CONDITIONAL,10610.1
1599,59619,7871,382,2023-12-18,323,2,PASS,6192.0
1600,4683,17380,138,2025-09-08,611,2,PASS,3273.3
1601,56091,10291,280,2023-06-11,362,0,PASS,0.0
1602,13472,4592,57,2025-05-06,984,0,PASS,0.0
1603,32822,16243,61,2026-06-29,511,3,PASS,5870.8
1604,18628,4627,6,2024-05-18,660,3,PASS,4545.5
1605,30243,13191,51,2024-09-25,654,1,PASS,1529.1
1606,83672,15262,479,2025-05-17,800,4,CONDITIONAL,5000.0
1607,3804,27597,125,2025-12-03,916,4,CONDITIONAL,4366.8
1608,69294,16676,287,2024-08-18,290,4,CONDITIONAL,13793.1
1609,36004,6573,218,2025-01-10,806,3,PASS,3722.1
1610,62184,20954,445,2026-08-30,999,4,CONDITIONAL,4004.0
1611,80857,28678,144,2025-09-02,749,4,CONDITIONAL,5340.5
1612,69389,14556,404,2023-10-18,923,2,PASS,2166.8
1613,45585,26075,439,2026-06-16,622,3,PASS,4823.2
1614,49853,4412,268,2023-09-01,712,3,PASS,4213.5
1615,58818,4335,8,2025-09-14,496,4,CONDITIONAL,8064.5
1616,49111,26242,83,2024-10-16,188,1,PASS,5319.1
1617,89755,11635,392,2026-09-01,553,4,CONDITIONAL,7233.3
1618,11946,7444,471,2026-04-24,493,1,PASS,2028.4
1619,6014,1945,471,2023-05-10,774,4,CONDITIONAL,5168.0
1620,70501,6850,36,2026-07-14,458,1,PASS,2183.4
1621,50798,29189,449,2023-08-07,101,0,PASS,0.0
1622,16060,24270,53,2023-04-30,217,1,PASS,4608.3
1623,56304,29620,193,2024-10-03,811,4,CONDITIONAL,4932.2
1624,84511,28197,123,2024-12-26,875,2,PASS,2285.7
1625,3139,24350,426,2026-03-23,191,3,PASS,15706.8
1626,45457,8670,206,2023-04-11,252,0,PASS,0.0
1627,38055,14961,165,2023-11-02,422,2,PASS,4739.3
1628,85092,23134,179,2023-07-15,785,4,CONDITIONAL,5095.5
1629,78114,24471,245,2025-06-25,922,3,PASS,3253.8
1630,87092,28269,236,2026-04-11,119,3,PASS,25210.1
1631,79155,6694,217,2026-05-28,700,0,PASS,0.0
1632,16874,25743,278,2024-11-01,426,0,PASS,0.0
1633,7478,20561,232,2025-12-11,907,1,PASS,1102.5
1634,83497,6894,37,2023-05-05,546,0,PASS,0.0
1635,72048,27649,374,2025-01-27,816,4,CONDITIONAL,4902.0
1636,65371,16564,250,2025-04-18,375,3,PASS,8000.0
1637,37176,16247,97,2023-04-03,958,0,PASS,0.0
1638,84930,15658,44,2025-02-27,605,2,PASS,3305.8
1639,79261,6030,223,2024-01-03,746,4,CONDITIONAL,5361.9
1640,49287,15892,271,2023-06-05,435,0,PASS,0.0
1641,10210,26417,483,2026-08-02,876,4,CONDITIONAL,4566.2
1642,39352,19833,346,2024-09-29,548,4,CONDITIONAL,7299.3
1643,76197,22360,193,2024-11-24,718,1,PASS,1392.8
1644,62561,5115,87,2026-05-30,619,3,PASS,4846.5
1645,16118,25160,52,2023-09-27,118,0,PASS,0.0
1646,63072,27324,442,2024-04-14,896,2,PASS,2232.1
1647,30155,25740,195,2025-07-16,237,1,PASS,4219.4
1648,48644,9751,84,2025-12-25,344,1,PASS,2907.0
1649,86475,17547,180,2023-01-02,146,2,PASS,13698.6
1650,30668,12851,101,2023-04-27,359,4,CONDITIONAL,11142.1
1651,47053,388,169,2024-03-14,418,0,PASS,0.0
1652,28883,16294,473,2023-08-11,270,4,CONDITIONAL,14814.8
1653,16534,9954,302,2024-09-22,675,4,CONDITIONAL,5925.9
1654,45389,858,494,2025-10-07,184,3,PASS,16304.3
1655,49854,1872,20,2025-07-29,151,3,PASS,19867.5
1656,80102,16835,241,2024-10-27,138,4,CONDITIONAL,28985.5
1657,29397,16880,63,2026-03-12,909,0,PASS,0.0
1658,47768,13636,140,2024-11-29,558,0,PASS,0.0
1659,25527,8668,268,2026-06-29,294,0,PASS,0.0
1660,12607,11973,278,2025-08-12,714,1,PASS,1400.6
1661,64386,26286,283,2024-10-16,125,3,PASS,24000.0
1662,2944,15884,135,2023-11-02,843,1,PASS,1186.2
1663,52663,20061,155,2026-08-01,514,1,PASS,1945.5
1664,49762,24592,451,2025-01-18,279,1,PASS,3584.2
1665,65499,26196,459,2024-09-02,988,0,PASS,0.0
1666,19749,5804,442,2025-04-17,189,1,PASS,5291.0
1667,54254,14901,5,2023-10-17,668,3,PASS,4491.0
1668,69596,29123,252,2023-12-21,169,3,PASS,17751.5
1669,3202,4238,48,2023-01-19,219,1,PASS,4566.2
1670,76426,17065,88,2024-03-29,771,2,PASS,2594.0
1671,17097,1267,139,2026-02-08,349,3,PASS,8596.0
1672,18029,16218,424,2024-07-31,981,2,PASS,2038.7
1673,29721,9689,497,2023-07-03,818,3,PASS,3667.5
1674,18723,23472,192,2025-02-17,822,3,PASS,3649.6
1675,73537,12103,367,2025-04-29,929,4,CONDITIONAL,4305.7
1676,27300,16431,134,2026-04-11,342,2,PASS,5848.0
1677,78283,26385,343,2023-01-16,222,2,PASS,9009.0
1678,8785,15215,152,2026-04-22,624,2,PASS,3205.1
1679,24403,29580,88,2023-11-20,200,2,PASS,10000.0
1680,5273,9188,343,2023-07-22,250,1,PASS,4000.0
1681,41525,23475,416,2025-06-15,203,1,PASS,4926.1
1682,11864,13760,418,2025-08-23,414,2,PASS,4830.9
1683,5993,4964,309,2026-08-08,200,3,PASS,15000.0
1684,29185,12167,92,2024-03-15,653,3,PASS,4594.2
1685,33580,1029,340,2024-12-27,691,0,PASS,0.0
1686,46137,28284,334,2026-09-04,165,4,CONDITIONAL,24242.4
1687,1401,13438,40,2024-08-29,994,1,PASS,1006.0
1688,80622,8875,129,2025-02-14,619,0,PASS,0.0
1689,37326,12837,170,2023-08-11,904,1,PASS,1106.2
1690,42270,25363,346,2025-06-01,527,3,PASS,5692.6
1691,8282,2392,98,2025-01-30,990,0,PASS,0.0
1692,33275,20076,321,2024-03-01,420,4,CONDITIONAL,9523.8
1693,85687,25548,327,2024-06-22,515,0,PASS,0.0
1694,41429,17808,295,2025-06-03,559,2,PASS,3577.8
1695,57498,4766,465,2023-01-30,597,4,CONDITIONAL,6700.2
1696,60271,15448,31,2026-05-15,222,1,PASS,4504.5
1697,66290,14274,355,2023-09-28,712,3,PASS,4213.5
1698,77474,25098,233,2025-06-24,500,2,PASS,4000.0
1699,4374,12983,478,2025-06-14,492,4,CONDITIONAL,8130.1
1700,19237,23082,401,2026-01-12,677,1,PASS,1477.1
1701,50784,24864,3,2025-02-27,751,8,FAIL,10652.5
1702,61501,7710,100,2025-07-22,691,2,PASS,2894.4
1703,51700,19212,381,2026-08-13,131,4,CONDITIONAL,30534.4
1704,40073,22241,426,2024-06-23,281,1,PASS,3558.7
1705,69783,815,175,2026-03-15,907,1,PASS,1102.5
1706,24451,20394,26,2024-01-25,827,0,PASS,0.0
1707,19612,3196,245,2024-07-08,807,3,PASS,3717.5
1708,27888,21623,443,2024-01-22,259,2,PASS,7722.0
1709,46931,187,48,2025-07-21,730,2,PASS,2739.7
1710,3207,22396,235,2025-08-24,202,3,PASS,14851.5
1711,38184,921,366,2023-04-22,991,3,PASS,3027.2
1712,12489,22104,348,2026-09-11,601,3,PASS,4991.7
1713,5649,2031,79,2026-03-10,233,2,PASS,8583.7
1714,17474,24136,219,2025-05-22,541,2,PASS,3696.9
1715,59164,2807,278,2026-05-13,793,4,CONDITIONAL,5044.1
1716,15293,2765,366,2025-06-22,989,0,PASS,0.0
1717,29126,16311,109,2025-02-14,819,3,PASS,3663.0
1718,40322,1416,498,2023-03-12,856,0,PASS,0.0
1719,34839,23326,108,2024-04-12,215,0,PASS,0.0
1720,612,12648,74,2026-01-08,398,2,PASS,5025.1
1721,68780,14753,4,2026-01-05,600,1,PASS,1666.7
1722,69567,342,257,2023-04-04,916,4,CONDITIONAL,4366.8
1723,84088,3044,63,2023-02-11,922,2,PASS,2169.2
1724,48934,9062,338,2025-09-28,850,2,PASS,2352.9
1725,34849,28174,167,2025-02-22,370,0,PASS,0.0
1726,53183,10231,250,2024-04-11,778,0,PASS,0.0
1727,61031,6452,230,2023-12-16,591,3,PASS,5076.1
1728,31952,3890,13,2023-04-13,325,3,PASS,9230.8
1729,8179,12516,236,2024-09-27,574,1,PASS,1742.2
1730,5229,23884,375,2023-05-18,659,3,PASS,4552.4
1731,77304,14006,491,2024-04-06,117,1,PASS,8547.0
1732,13670,17522,325,2025-06-17,672,0,PASS,0.0
1733,48267,10234,407,2024-12-18,733,4,CONDITIONAL,5457.0
1734,85491,26550,123,2023-10-04,315,4,CONDITIONAL,12698.4
1735,86696,25428,2,2026-05-13,379,1,PASS,2638.5
1736,50089,20419,229,2026-03-18,451,1,PASS,2217.3
1737,18306,17550,48,2025-06-09,717,1,PASS,1394.7
1738,11223,12162,366,2026-09-05,561,0,PASS,0.0
1739,23567,977,278,2026-06-17,460,4,CONDITIONAL,8695.7
1740,9041,8508,205,2024-09-25,951,2,PASS,2103.0
1741,69492,10891,131,2026-09-05,120,4,CONDITIONAL,33333.3
1742,86974,26648,203,2026-08-04,466,3,PASS,6437.8
1743,56919,14017,408,2026-04-17,987,2,PASS,2026.3
1744,62684,26869,358,2026-01-29,268,3,PASS,11194.0
1745,1485,22725,390,2025-08-16,426,4,CONDITIONAL,9389.7
1746,75789,20640,175,2026-03-19,743,2,PASS,2691.8
1747,43696,12977,158,2026-06-03,854,2,PASS,2341.9
1748,45571,6402,40,2024-01-08,109,1,PASS,9174.3
1749,845,22168,66,2023-06-05,120,1,PASS,8333.3
1750,29758,3832,203,2026-08-30,454,2,PASS,4405.3
1751,59215,21782,31,2024-11-15,162,3,PASS,18518.5
1752,6917,20287,445,2025-08-15,545,2,PASS,3669.7
1753,85287,13782,26,2024-04-10,582,0,PASS,0.0
1754,78683,14526,360,2023-02-12,719,2,PASS,2781.6
1755,4941,5671,432,2024-06-10,970,1,PASS,1030.9
1756,47698,440,231,2024-07-04,269,0,PASS,0.0
1757,76217,17157,404,2025-01-11,542,3,PASS,5535.1
1758,23352,12743,460,2024-06-10,562,3,PASS,5338.1
1759,81544,9340,20,2023-05-31,944,3,PASS,3178.0
1760,40641,18769,490,2025-08-01,596,4,CONDITIONAL,6711.4
1761,73189,24835,1,2024-06-27,669,14,FAIL,20926.8
1762,59940,2757,412,2026-08-04,593,4,CONDITIONAL,6745.4
1763,22040,26190,436,2023-12-15,421,3,PASS,7125.9
1764,2951,28062,35,2026-02-03,933,0,PASS,0.0
1765,69203,25092,186,2026-06-08,115,1,PASS,8695.7
1766,72898,3230,231,2023-09-05,341,1,PASS,2932.6
1767,12934,3568,409,2024-08-03,760,1,PASS,1315.8
1768,12213,10525,190,2025-01-02,367,0,PASS,0.0
1769,29114,7226,22,2025-12-15,303,0,PASS,0.0
1770,65131,19074,5,2025-11-14,322,2,PASS,6211.2
1771,55341,896,229,2025-01-26,110,1,PASS,9090.9
1772,56249,915,119,2026-02-18,154,2,PASS,12987.0
1773,59586,28249,355,2023-09-08,979,4,CONDITIONAL,4085.8
1774,84444,5036,304,2023-04-12,987,0,PASS,0.0
1775,57179,24726,122,2026-03-06,613,2,PASS,3262.6
1776,29027,17603,249,2024-04-28,277,4,CONDITIONAL,14440.4
1777,1854,15714,18,2026-02-04,741,0,PASS,0.0
1778,33694,16721,286,2024-01-29,889,2,PASS,2249.7
1779,77034,17911,210,2026-04-06,955,4,CONDITIONAL,4188.5
1780,18230,13859,119,2023-09-26,632,4,CONDITIONAL,6329.1
1781,47208,12481,75,2023-03-10,579,0,PASS,0.0
1782,8858,15571,271,2025-09-15,432,3,PASS,6944.4
1783,44509,21850,276,2023-01-31,842,2,PASS,2375.3
1784,19095,15709,219,2025-01-15,117,4,CONDITIONAL,34188.0
1785,48749,9308,345,2024-04-20,991,1,PASS,1009.1
1786,71335,20663,489,2024-02-02,844,0,PASS,0.0
1787,74363,24156,104,2025-12-13,832,0,PASS,0.0
1788,6334,23015,275,2025-11-30,565,3,PASS,5309.7
1789,84422,4871,296,2024-12-16,256,1,PASS,3906.3
1790,82853,5326,159,2024-02-17,131,1,PASS,7633.6
1791,20615,23050,221,2026-04-23,348,0,PASS,0.0
1792,48137,3418,419,2025-11-11,835,2,PASS,2395.2
1793,70636,20162,190,2023-04-09,605,2,PASS,3305.8
1794,50455,15970,316,2023-01-24,684,2,PASS,2924.0
1795,8577,16218,23,2023-05-22,893,3,PASS,3359.5
1796,59878,8099,435,2025-09-12,656,1,PASS,1524.4
1797,44560,15187,226,2025-07-18,420,0,PASS,0.0
1798,21503,1535,472,2024-04-17,709,2,PASS,2820.9
1799,75109,2327,306,2023-09-14,630,1,PASS,1587.3
1800,74325,24642,56,2023-09-04,100,4,CONDITIONAL,40000.0
1801,42959,12691,207,2023-12-08,733,4,CONDITIONAL,5457.0
1802,19279,16991,363,2025-01-04,728,2,PASS,2747.3
1803,31208,3064,422,2023-12-01,420,4,CONDITIONAL,9523.8
1804,87741,15002,434,2025-05-25,989,1,PASS,1011.1
1805,62525,6695,497,2026-06-25,464,0,PASS,0.0
1806,61180,17054,423,2025-06-17,298,0,PASS,0.0
1807,9333,27429,295,2023-12-26,568,4,CONDITIONAL,7042.3
1808,79381,3736,170,2026-01-11,842,3,PASS,3562.9
1809,14599,19469,226,2025-12-30,854,2,PASS,2341.9
1810,21008,10790,256,2026-02-10,889,1,PASS,1124.9
1811,63041,25249,131,2023-11-07,900,3,PASS,3333.3
1812,68226,15927,170,2023-12-23,753,2,PASS,2656.0
1813,43063,28088,317,2026-01-04,288,3,PASS,10416.7
1814,27912,7413,214,2024-02-19,912,3,PASS,3289.5
1815,29210,29385,267,2024-09-14,696,2,PASS,2873.6
1816,67482,704,157,2025-01-27,852,1,PASS,1173.7
1817,82565,874,145,2025-08-31,925,4,CONDITIONAL,4324.3
1818,496,23378,314,2024-06-10,905,0,PASS,0.0
1819,59581,24133,411,2025-07-24,621,1,PASS,1610.3
1820,72839,27394,126,2025-04-26,446,1,PASS,2242.2
1821,55497,22164,262,2024-12-24,146,3,PASS,20547.9
1822,6734,6302,5,2026-02-03,198,4,CONDITIONAL,20202.0
1823,75506,15052,343,2024-02-25,545,1,PASS,1834.9
1824,26769,13861,3,2023-11-23,134,2,PASS,14925.4
1825,60044,15516,452,2025-02-07,633,4,CONDITIONAL,6319.1
1826,6033,1505,10,2026-02-17,877,0,PASS,0.0
1827,57510,9996,394,2023-04-06,658,2,PASS,3039.5
1828,3732,7876,419,2023-09-11,237,1,PASS,4219.4
1829,16784,22759,25,2024-08-01,240,1,PASS,4166.7
1830,81065,7322,477,2024-01-13,827,2,PASS,2418.4
1831,46885,16346,107,2025-10-12,507,3,PASS,5917.2
1832,8323,2374,105,2025-12-15,752,1,PASS,1329.8
1833,80265,16458,108,2025-03-31,582,1,PASS,1718.2
1834,58218,13499,366,2026-06-17,695,2,PASS,2877.7
1835,7301,26080,405,2025-10-10,839,3,PASS,3575.7
1836,67853,28910,438,2025-02-03,663,2,PASS,3016.6
1837,86064,19289,177,2025-11-11,883,2,PASS,2265.0
1838,75634,2793,262,2025-02-16,943,4,CONDITIONAL,4241.8
1839,23537,11533,25,2025-08-14,451,1,PASS,2217.3
1840,43293,11326,326,2025-02-03,709,3,PASS,4231.3
1841,82502,16673,40,2023-08-29,405,4,CONDITIONAL,9876.5
1842,73408,5166,205,2024-03-03,871,1,PASS,1148.1
1843,9082,17901,201,2023-04-07,992,2,PASS,2016.1
1844,15143,12003,241,2023-03-20,394,0,PASS,0.0
1845,72575,22035,476,2023-09-06,447,1,PASS,2237.1
1846,70263,359,14,2024-04-20,606,3,PASS,4950.5
1847,69815,24900,309,2025-10-07,960,4,CONDITIONAL,4166.7
1848,47680,21220,493,2023-02-10,543,0,PASS,0.0
1849,10124,8996,161,2023-01-24,829,2,PASS,2412.5
1850,84822,21957,46,2026-01-02,116,3,PASS,25862.1
1851,2439,3052,194,2023-11-11,922,0,PASS,0.0
1852,11010,17180,375,2025-01-28,110,4,CONDITIONAL,36363.6
1853,87080,18629,438,2025-05-29,223,1,PASS,4484.3
1854,60945,11022,257,2023-08-28,395,0,PASS,0.0
1855,20363,24303,253,2026-05-10,284,4,CONDITIONAL,14084.5
1856,89420,29621,328,2023-10-13,479,0,PASS,0.0
1857,67281,15766,378,2024-11-13,491,4,CONDITIONAL,8146.6
1858,73368,28326,306,2024-11-05,831,2,PASS,2406.7
1859,75749,22872,185,2025-10-01,754,0,PASS,0.0
1860,26807,11047,423,2025-12-03,940,3,PASS,3191.5
1861,15493,21906,250,2024-01-13,698,1,PASS,1432.7
1862,60130,25539,118,2025-12-12,732,0,PASS,0.0
1863,63747,10934,389,2023-10-28,491,3,PASS,6110.0
1864,7026,5892,94,2026-02-25,591,1,PASS,1692.0
1865,20858,416,64,2024-07-30,351,1,PASS,2849.0
1866,27242,20503,290,2024-10-22,465,0,PASS,0.0
1867,81208,25857,115,2023-12-29,858,2,PASS,2331.0
1868,77616,25301,159,2024-04-21,287,3,PASS,10453.0
1869,27861,19789,326,2024-05-30,595,4,CONDITIONAL,6722.7
1870,67836,686,456,2023-02-02,842,0,PASS,0.0
1871,50180,27541,188,2023-12-14,312,3,PASS,9615.4
1872,32242,23474,386,2024-09-24,339,0,PASS,0.0
1873,38994,21904,120,2024-10-03,720,0,PASS,0.0
1874,75693,16600,143,2023-01-28,493,0,PASS,0.0
1875,74568,24490,399,2024-07-21,905,1,PASS,1105.0
1876,29332,22853,141,2023-10-22,392,4,CONDITIONAL,10204.1
1877,32935,11329,323,2024-11-21,459,3,PASS,6535.9
1878,77941,9961,64,2025-10-12,152,1,PASS,6578.9
1879,45346,11152,246,2023-05-25,678,2,PASS,2949.9
1880,58926,20630,469,2023-11-22,842,1,PASS,1187.6
1881,25205,2701,133,2024-06-23,626,1,PASS,1597.4
1882,11144,14490,169,2023-12-20,469,0,PASS,0.0
1883,25605,5206,228,2023-11-20,315,4,CONDITIONAL,12698.4
1884,37209,25733,212,2024-09-30,701,3,PASS,4279.6
1885,11532,17895,272,2025-05-15,573,2,PASS,3490.4
1886,77957,2254,276,2023-08-14,521,3,PASS,5758.2
1887,78545,18436,167,2023-02-15,812,2,PASS,2463.1
1888,47474,18949,68,2024-12-07,853,0,PASS,0.0
1889,72983,1487,404,2026-04-27,800,0,PASS,0.0
1890,2161,22278,461,2026-07-01,502,4,CONDITIONAL,7968.1
1891,70827,2048,294,2025-10-20,574,2,PASS,3484.3
1892,1982,15832,130,2026-01-17,995,0,PASS,0.0
1893,81512,8249,489,2025-06-14,649,2,PASS,3081.7
1894,19278,22114,260,2026-06-10,583,0,PASS,0.0
1895,62943,4874,184,2024-04-01,915,1,PASS,1092.9
1896,78995,26325,493,2023-08-31,697,3,PASS,4304.2
1897,68959,18542,137,2026-05-01,181,4,CONDITIONAL,22099.4
1898,86248,22674,227,2024-09-01,603,2,PASS,3316.7
1899,15397,11596,379,2025-08-26,359,2,PASS,5571.0
1900,1233,2643,41,2023-03-02,564,4,CONDITIONAL,7092.2
1901,37693,18993,192,2025-08-15,128,1,PASS,7812.5
1902,39973,11559,168,2025-02-16,463,4,CONDITIONAL,8639.3
1903,6653,10490,280,2023-03-13,179,4,CONDITIONAL,22346.4
1904,55282,1421,381,2025-03-10,743,2,PASS,2691.8
1905,53747,12686,387,2024-08-02,508,4,CONDITIONAL,7874.0
1906,40932,14011,383,2025-05-25,229,3,PASS,13100.4
1907,11733,6353,429,2025-04-10,464,1,PASS,2155.2
1908,60937,8666,261,2023-02-13,633,2,PASS,3159.6
1909,34479,18141,39,2023-11-09,946,0,PASS,0.0
1910,22665,5241,95,2025-10-13,446,4,CONDITIONAL,8968.6
1911,49791,1488,75,2024-11-03,490,2,PASS,4081.6
1912,85128,8924,107,2023-10-09,548,1,PASS,1824.8
1913,32023,14454,281,2026-07-24,590,0,PASS,0.0
1914,2170,23458,77,2026-05-15,110,1,PASS,9090.9
1915,4416,17869,133,2024-06-17,700,0,PASS,0.0
1916,44926,8504,347,2026-09-19,857,3,PASS,3500.6
1917,17225,15889,419,2026-05-05,518,3,PASS,5791.5
1918,34085,18020,73,2026-04-03,426,3,PASS,7042.3
1919,55751,12710,278,2023-12-19,456,2,PASS,4386.0
1920,71513,25449,170,2025-04-21,437,3,PASS,6865.0
1921,42333,20451,203,2026-01-24,422,2,PASS,4739.3
1922,28894,20175,69,2026-03-22,491,3,PASS,6110.0
1923,75333,29883,125,2026-06-12,757,2,PASS,2642.0
1924,21968,556,287,2024-07-26,299,1,PASS,3344.5
1925,32249,22211,423,2024-02-04,442,0,PASS,0.0
1926,27423,16021,455,2023-05-06,825,4,CONDITIONAL,4848.5
1927,55298,12002,397,2023-05-12,137,0,PASS,0.0
1928,20644,15995,290,2023-05-24,874,3,PASS,3432.5
1929,5194,1827,458,2025-12-27,515,2,PASS,3883.5
1930,60780,18808,2,2025-04-30,189,1,PASS,5291.0
1931,24378,4181,5,2025-11-21,142,0,PASS,0.0
1932,15292,29041,149,2023-09-13,847,1,PASS,1180.6
1933,84243,18115,426,2025-02-15,747,0,PASS,0.0
1934,81504,348,98,2026-03-01,290,4,CONDITIONAL,13793.1
1935,6153,29870,335,2024-02-05,314,2,PASS,6369.4
1936,79732,20447,45,2023-04-08,153,0,PASS,0.0
1937,45281,20073,107,2026-09-15,766,0,PASS,0.0
1938,52136,22602,139,2025-07-09,254,0,PASS,0.0
1939,88775,24606,15,2023-09-06,379,2,PASS,5277.0
1940,26517,9483,454,2024-12-24,939,4,CONDITIONAL,4259.9
1941,47762,13200,123,2023-07-24,984,3,PASS,3048.8
1942,20917,28838,477,2023-03-29,702,3,PASS,4273.5
1943,64290,456,46,2023-06-21,174,4,CONDITIONAL,22988.5
1944,33785,12799,37,2023-06-14,816,2,PASS,2451.0
1945,63011,10269,222,2024-08-05,814,4,CONDITIONAL,4914.0
1946,32736,13803,243,2026-08-20,432,0,PASS,0.0
1947,11063,4005,42,2023-08-29,986,0,PASS,0.0
1948,71838,2694,422,2024-04-16,311,2,PASS,6430.9
1949,3218,12980,8,2024-12-29,695,2,PASS,2877.7
1950,73598,24356,462,2026-08-06,801,2,PASS,2496.9
1951,84554,15751,54,2025-11-24,543,1,PASS,1841.6
1952,59742,20937,462,2025-07-01,769,3,PASS,3901.2
1953,12943,23285,276,2026-07-18,251,2,PASS,7968.1
1954,18,12382,397,2026-08-13,274,1,PASS,3649.6
1955,7168,5400,500,2023-06-01,293,4,CONDITIONAL,13651.9
1956,37800,25724,398,2026-03-10,521,0,PASS,0.0
1957,85436,27621,294,2023-03-19,826,3,PASS,3632.0
1958,4060,24947,145,2025-10-11,754,1,PASS,1326.3
1959,78946,18737,353,2025-04-03,522,1,PASS,1915.7
1960,43720,21022,348,2024-03-15,667,4,CONDITIONAL,5997.0
1961,50211,11170,15,2023-08-13,779,4,CONDITIONAL,5134.8
1962,76034,25554,217,2025-09-25,909,0,PASS,0.0
1963,5238,17325,121,2023-01-12,970,0,PASS,0.0
1964,53698,6840,166,2023-05-14,722,0,PASS,0.0
1965,67722,23017,90,2023-09-21,124,3,PASS,24193.5
1966,37815,5160,435,2026-08-28,629,0,PASS,0.0
1967,60276,11755,458,2024-06-15,366,0,PASS,0.0
1968,6380,20123,233,2026-07-13,743,0,PASS,0.0
1969,64435,6546,342,2024-02-28,953,3,PASS,3148.0
1970,24597,2169,428,2024-03-07,847,3,PASS,3541.9
1971,61665,1681,51,2025-04-23,512,1,PASS,1953.1
1972,10917,13109,306,2025-01-23,819,1,PASS,1221.0
1973,35781,4442,151,2025-05-05,863,2,PASS,2317.5
1974,81459,21600,115,2024-03-04,808,3,PASS,3712.9
1975,57299,10942,345,2023-12-01,755,1,PASS,1324.5
1976,38916,28653,384,2025-01-02,439,1,PASS,2277.9
1977,45080,7912,367,2024-05-24,639,1,PASS,1564.9
1978,7281,4276,417,2026-01-04,482,2,PASS,4149.4
1979,41655,20432,166,2025-08-07,744,0,PASS,0.0
1980,84762,4929,369,2024-09-17,486,0,PASS,0.0
1981,30207,9185,394,2023-11-20,853,4,CONDITIONAL,4689.3
1982,58968,12503,161,2023-08-13,604,0,PASS,0.0
1983,74226,10893,449,2026-03-03,210,4,CONDITIONAL,19047.6
1984,6366,4584,281,2023-09-08,150,0,PASS,0.0
1985,19282,11689,399,2026-08-26,991,4,CONDITIONAL,4036.3
1986,40247,28224,143,2025-01-28,805,1,PASS,1242.2
1987,66955,25356,152,2023-01-23,234,1,PASS,4273.5
1988,77234,2292,170,2023-02-13,763,0,PASS,0.0
1989,73481,6141,277,2025-09-10,818,1,PASS,1222.5
1990,18475,22981,308,2026-09-19,265,3,PASS,11320.8
1991,78506,21050,70,2024-03-04,492,4,CONDITIONAL,8130.1
1992,27134,14055,258,2025-07-03,145,2,PASS,13793.1
1993,20945,9578,211,2026-08-15,343,2,PASS,5830.9
1994,54995,29882,43,2025-05-01,234,3,PASS,12820.5
1995,30432,27183,16,2025-06-08,850,2,PASS,2352.9
1996,27234,4153,346,2024-11-29,455,1,PASS,2197.8
1997,88994,21658,476,2023-12-31,702,2,PASS,2849.0
1998,25464,26863,19,2025-09-01,202,0,PASS,0.0
1999,28644,20463,357,2025-10-22,517,3,PASS,5802.7
2000,18539,3378,176,2023-11-30,308,1,PASS,3246.8
2001,39665,2361,304,2026-02-22,748,2,PASS,2673.8
2002,39248,3151,42,2024-05-09,910,1,PASS,1098.9
2003,4949,7734,422,2026-01-11,868,0,PASS,0.0
2004,44062,12003,279,2025-03-25,314,0,PASS,0.0
2005,54759,5413,216,2026-04-29,681,0,PASS,0.0
2006,67483,23263,112,2025-02-11,718,4,CONDITIONAL,5571.0
2007,77946,5052,315,2026-09-02,529,3,PASS,5671.1
2008,77747,17318,392,2024-04-07,171,2,PASS,11695.9
2009,46873,12964,191,2025-10-08,943,1,PASS,1060.4
2010,75160,29399,123,2023-11-15,107,3,PASS,28037.4
2011,66974,4697,22,2025-09-19,937,1,PASS,1067.2
2012,55399,26509,255,2023-06-24,988,1,PASS,1012.1
2013,88574,15990,160,2025-09-28,864,2,PASS,2314.8
2014,6469,11428,291,2023-06-04,793,1,PASS,1261.0
2015,29905,12814,213,2023-10-07,204,0,PASS,0.0
2016,71220,12886,196,2023-10-05,635,2,PASS,3149.6
2017,80423,23336,212,2025-04-20,547,1,PASS,1828.2
2018,54052,11473,273,2023-12-21,518,1,PASS,1930.5
2019,65423,17739,12,2025-11-06,433,3,PASS,6928.4
2020,4741,15409,157,2024-03-11,890,1,PASS,1123.6
2021,89110,248,101,2024-04-27,479,2,PASS,4175.4
2022,62460,9510,483,2026-09-13,321,1,PASS,3115.3
2023,6197,22471,136,2025-01-04,966,2,PASS,2070.4
2024,38131,16348,377,2026-06-23,793,4,CONDITIONAL,5044.1
2025,67923,13292,179,2024-07-30,513,0,PASS,0.0
2026,45480,12968,105,2025-10-01,833,3,PASS,3601.4
2027,40685,16663,475,2025-07-23,687,0,PASS,0.0
2028,3028,12732,213,2026-01-31,163,0,PASS,0.0
2029,82128,8065,114,2024-02-23,810,1,PASS,1234.6
2030,35290,29694,226,2024-04-08,119,2,PASS,16806.7
2031,82729,8263,309,2023-10-16,202,2,PASS,9901.0
2032,45297,16550,450,2023-01-08,872,3,PASS,3440.4
2033,27211,13298,394,2024-11-26,760,3,PASS,3947.4
2034,38764,21394,444,2023-12-01,657,3,PASS,4566.2
2035,38358,21514,42,2026-06-30,611,0,PASS,0.0
2036,72221,19882,258,2026-01-22,728,0,PASS,0.0
2037,72415,1829,272,2023-05-30,803,3,PASS,3736.0
2038,55838,19262,47,2026-09-18,124,1,PASS,8064.5
2039,84715,12609,98,2023-01-28,482,0,PASS,0.0
2040,7795,28763,238,2023-10-07,896,4,CONDITIONAL,4464.3
2041,77353,9737,433,2024-02-27,286,4,CONDITIONAL,13986.0
2042,32147,3293,414,2023-07-16,180,4,CONDITIONAL,22222.2
2043,11233,16012,473,2023-04-12,878,2,PASS,2277.9
2044,55726,4100,259,2026-04-20,403,0,PASS,0.0
2045,918,8715,91,2023-11-27,775,1,PASS,1290.3
2046,78227,21484,394,2024-04-18,953,1,PASS,1049.3
2047,51710,4691,481,2024-01-16,404,0,PASS,0.0
2048,73228,6372,87,2025-03-20,774,3,PASS,3876.0
2049,12698,26967,456,2025-09-27,936,0,PASS,0.0
2050,53127,6784,12,2023-05-09,452,0,PASS,0.0
2051,62449,5324,177,2023-11-13,121,4,CONDITIONAL,33057.9
2052,19291,16928,158,2026-03-11,480,4,CONDITIONAL,8333.3
2053,84870,29670,144,2026-08-15,261,0,PASS,0.0
2054,87902,19504,58,2025-05-19,516,2,PASS,3876.0
2055,67616,3379,135,2024-08-21,948,1,PASS,1054.9
2056,49658,7536,52,2024-12-23,462,2,PASS,4329.0
2057,76586,28192,76,2026-06-22,898,2,PASS,2227.2
2058,56371,16071,451,2026-03-09,606,0,PASS,0.0
2059,8596,17058,257,2023-11-18,372,3,PASS,8064.5
2060,13124,7974,445,2026-04-13,496,3,PASS,6048.4
2061,46215,23321,67,2023-06-30,664,4,CONDITIONAL,6024.1
2062,33562,6934,316,2026-01-09,155,1,PASS,6451.6
2063,64848,26475,102,2024-02-14,824,2,PASS,2427.2
2064,67542,12096,255,2025-06-30,886,4,CONDITIONAL,4514.7
2065,58882,14589,439,2023-04-15,654,1,PASS,1529.1
2066,31567,2268,139,2023-11-27,138,3,PASS,21739.1
2067,67576,16786,292,2026-05-09,157,4,CONDITIONAL,25477.7
2068,77408,11743,280,2023-05-30,217,2,PASS,9216.6
2069,14892,29145,5,2024-01-25,407,0,PASS,0.0
2070,58726,14177,390,2024-06-27,936,2,PASS,2136.8
2071,14741,29443,171,2025-01-05,584,4,CONDITIONAL,6849.3
2072,48624,4982,473,2023-07-07,736,3,PASS,4076.1
2073,15168,3515,152,2026-04-06,243,3,PASS,12345.7
2074,57090,21941,284,2023-11-14,282,3,PASS,10638.3
2075,45415,5893,272,2025-09-12,189,0,PASS,0.0
2076,29237,12234,323,2023-04-26,173,4,CONDITIONAL,23121.4
2077,89644,29091,223,2024-06-04,182,1,PASS,5494.5
2078,85637,23842,235,2026-01-06,872,0,PASS,0.0
2079,19073,20590,469,2023-11-30,425,0,PASS,0.0
2080,44823,29224,291,2026-02-01,719,1,PASS,1390.8
2081,40900,17113,426,2023-06-21,531,0,PASS,0.0
2082,50100,18514,131,2024-03-14,313,0,PASS,0.0
2083,58065,28268,12,2025-12-04,144,4,CONDITIONAL,27777.8
2084,30470,12989,210,2026-02-03,244,3,PASS,12295.1
2085,51138,10788,217,2024-06-02,322,2,PASS,6211.2
2086,67325,24000,266,2023-09-21,990,1,PASS,1010.1
2087,23964,16679,465,2024-01-04,879,1,PASS,1137.7
2088,36965,2148,246,2023-02-25,729,1,PASS,1371.7
2089,72604,29491,214,2023-05-28,257,0,PASS,0.0
2090,50952,9951,110,2024-12-13,837,0,PASS,0.0
2091,34438,25334,382,2025-01-17,534,0,PASS,0.0
2092,26771,5974,162,2025-01-10,617,3,PASS,4862.2
2093,24895,22824,162,2025-10-15,819,1,PASS,1221.0
2094,46962,14059,169,2025-01-21,566,0,PASS,0.0
2095,58872,26583,372,2023-10-26,173,0,PASS,0.0
2096,48783,28538,465,2026-03-07,268,0,PASS,0.0
2097,31567,15289,109,2025-09-02,204,2,PASS,9803.9
2098,76783,22741,66,2024-12-08,336,4,CONDITIONAL,11904.8
2099,81377,13301,83,2026-07-23,178,4,CONDITIONAL,22471.9
2100,69954,15677,147,2024-05-20,561,0,PASS,0.0
2101,84164,10792,420,2023-09-29,866,4,CONDITIONAL,4618.9
2102,72341,3837,297,2025-09-03,960,1,PASS,1041.7
2103,43575,27067,442,2023-01-29,504,4,CONDITIONAL,7936.5
2104,8975,24243,148,2025-03-14,821,2,PASS,2436.1
2105,85918,21432,310,2024-07-10,407,1,PASS,2457.0
2106,15620,5762,402,2023-12-21,159,4,CONDITIONAL,25157.2
2107,60873,28515,303,2024-11-08,785,0,PASS,0.0
2108,471,23771,188,2025-09-15,921,1,PASS,1085.8
2109,16311,25015,445,2025-06-25,946,0,PASS,0.0
2110,80444,21598,105,2025-11-09,532,0,PASS,0.0
2111,86155,29965,326,2023-11-23,403,0,PASS,0.0
2112,14197,3159,284,2025-08-25,813,1,PASS,1230.0
2113,23518,3877,78,2023-02-01,712,0,PASS,0.0
2114,46610,13200,367,2025-10-15,907,1,PASS,1102.5
2115,5320,19367,319,2023-08-06,854,2,PASS,2341.9
2116,30386,3147,121,2024-02-01,943,3,PASS,3181.3
2117,25733,10107,36,2026-02-22,277,1,PASS,3610.1
2118,48992,17987,213,2025-05-04,778,2,PASS,2570.7
2119,89234,14944,64,2025-05-21,676,4,CONDITIONAL,5917.2
2120,2381,91,80,2023-01-09,996,0,PASS,0.0
2121,26267,6946,107,2025-07-04,572,3,PASS,5244.8
2122,48846,25418,323,2026-06-13,729,0,PASS,0.0
2123,72071,3132,299,2026-01-19,731,4,CONDITIONAL,5472.0
2124,63326,21739,365,2026-08-16,723,3,PASS,4149.4
2125,17414,22238,460,2023-02-23,159,2,PASS,12578.6
2126,43942,14233,262,2026-06-24,835,3,PASS,3592.8
2127,39491,19386,302,2024-12-04,438,4,CONDITIONAL,9132.4
2128,83011,14207,274,2025-01-25,130,0,PASS,0.0
2129,58781,29979,417,2026-02-06,823,0,PASS,0.0
2130,54018,9911,447,2025-11-28,671,4,CONDITIONAL,5961.3
2131,15210,25237,468,2026-05-12,496,4,CONDITIONAL,8064.5
2132,54522,24804,147,2024-12-04,755,2,PASS,2649.0
2133,50191,10928,418,2023-11-07,101,0,PASS,0.0
2134,6705,2001,168,2025-10-11,666,4,CONDITIONAL,6006.0
2135,41801,7783,205,2023-02-20,461,4,CONDITIONAL,8676.8
2136,82156,29036,112,2025-10-11,867,2,PASS,2306.8
2137,83457,17004,447,2026-02-16,652,3,PASS,4601.2
2138,25690,16158,453,2023-05-12,933,1,PASS,1071.8
2139,71669,560,292,2026-06-01,835,1,PASS,1197.6
2140,43850,20346,42,2023-08-21,724,1,PASS,1381.2
2141,85903,26701,420,2026-01-27,242,4,CONDITIONAL,16528.9
2142,68204,3727,421,2023-12-31,374,3,PASS,8021.4
2143,56880,6900,316,2025-04-13,132,4,CONDITIONAL,30303.0
2144,85157,23045,408,2025-06-14,254,2,PASS,7874.0
2145,61666,21917,424,2025-03-13,118,4,CONDITIONAL,33898.3
2146,42383,13638,389,2025-03-14,551,1,PASS,1814.9
2147,78599,17636,484,2025-09-03,696,2,PASS,2873.6
2148,29277,8943,384,2026-06-09,966,1,PASS,1035.2
2149,3460,16851,198,2024-03-29,444,2,PASS,4504.5
2150,28551,27480,233,2026-06-04,975,2,PASS,2051.3
2151,44857,25676,142,2025-03-20,400,2,PASS,5000.0
2152,87653,22234,411,2025-08-25,627,2,PASS,3189.8
2153,74191,13383,140,2024-11-26,594,2,PASS,3367.0
2154,17397,5008,301,2024-06-19,634,4,CONDITIONAL,6309.1
2155,40313,22852,324,2025-10-03,798,4,CONDITIONAL,5012.5
2156,47009,4053,271,2026-09-15,484,0,PASS,0.0
2157,18939,7927,468,2023-06-05,424,2,PASS,4717.0
2158,54302,16235,97,2025-01-12,697,3,PASS,4304.2
2159,31609,7869,161,2023-12-02,475,0,PASS,0.0
2160,20249,26810,443,2023-10-06,986,4,CONDITIONAL,4056.8
2161,87622,18760,388,2023-12-10,438,4,CONDITIONAL,9132.4
2162,36642,162,234,2023-07-18,966,4,CONDITIONAL,4140.8
2163,18694,17191,432,2024-07-27,495,0,PASS,0.0
2164,32016,19461,251,2025-06-04,246,0,PASS,0.0
2165,40925,19034,310,2023-07-08,595,4,CONDITIONAL,6722.7
2166,59466,23453,404,2026-07-18,610,2,PASS,3278.7
2167,37992,7419,320,2025-04-03,282,4,CONDITIONAL,14184.4
2168,73920,22058,124,2023-07-24,416,3,PASS,7211.5
2169,77272,14096,52,2026-08-04,695,2,PASS,2877.7
2170,87672,19646,52,2023-10-07,589,3,PASS,5093.4
2171,47147,18808,417,2023-09-19,522,3,PASS,5747.1
2172,71493,27140,278,2024-07-17,220,2,PASS,9090.9
2173,67039,20728,123,2024-02-03,315,0,PASS,0.0
2174,64030,4366,495,2025-02-09,532,1,PASS,1879.7
2175,40735,137,400,2025-02-09,735,2,PASS,2721.1
2176,53000,13094,234,2026-05-30,561,3,PASS,5347.6
2177,63407,32,467,2023-09-29,872,4,CONDITIONAL,4587.2
2178,39300,8447,337,2023-11-20,139,1,PASS,7194.2
2179,20894,5405,234,2024-01-05,608,1,PASS,1644.7
2180,6615,10228,426,2026-03-24,582,2,PASS,3436.4
2181,54526,19930,326,2023-03-23,756,0,PASS,0.0
2182,78112,25372,101,2026-01-31,479,1,PASS,2087.7
2183,22863,2436,378,2023-02-17,144,2,PASS,13888.9
2184,79004,26944,220,2026-01-03,957,3,PASS,3134.8
2185,34921,6593,470,2023-12-14,110,2,PASS,18181.8
2186,67374,2055,464,2026-10-01,415,4,CONDITIONAL,9638.6
2187,46117,13027,310,2024-07-17,431,3,PASS,6960.6
2188,14095,6363,125,2023-04-22,322,3,PASS,9316.8
2189,14280,19072,274,2025-08-11,605,1,PASS,1652.9
2190,76029,18584,124,2024-12-06,463,0,PASS,0.0
2191,87110,26504,411,2026-08-18,398,2,PASS,5025.1
2192,23297,5854,149,2025-02-13,410,3,PASS,7317.1
2193,70834,4277,117,2024-04-22,785,4,CONDITIONAL,5095.5
2194,17082,24007,65,2024-04-03,921,2,PASS,2171.6
2195,14913,29558,181,2024-05-09,826,0,PASS,0.0
2196,49065,11319,131,2026-04-11,173,4,CONDITIONAL,23121.4
2197,65518,159,450,2023-07-25,592,4,CONDITIONAL,6756.8
2198,2436,9853,173,2025-12-28,920,3,PASS,3260.9
2199,70447,13647,44,2025-03-12,230,4,CONDITIONAL,17391.3
2200,78304,2607,424,2025-01-08,845,2,PASS,2366.9
2201,14248,28158,322,2023-10-13,791,1,PASS,1264.2
2202,76200,6519,454,2024-06-18,891,2,PASS,2244.7
2203,47325,19497,179,2025-05-30,771,1,PASS,1297.0
2204,33367,17091,52,2024-07-26,583,2,PASS,3430.5
2205,20533,16457,204,2024-02-02,635,4,CONDITIONAL,6299.2
2206,62620,1571,431,2024-12-16,604,1,PASS,1655.6
2207,4115,7331,363,2023-08-21,245,4,CONDITIONAL,16326.5
2208,63843,25892,251,2023-06-04,469,3,PASS,6396.6
2209,37596,26528,36,2024-02-15,256,1,PASS,3906.3
2210,12644,3010,39,2023-07-28,262,2,PASS,7633.6
2211,29260,26778,409,2025-09-13,269,4,CONDITIONAL,14869.9
2212,12977,17532,376,2023-02-21,894,4,CONDITIONAL,4474.3
2213,33175,11730,72,2025-12-05,980,0,PASS,0.0
2214,85704,18101,378,2026-09-14,221,1,PASS,4524.9
2215,83930,26250,74,2024-10-22,220,3,PASS,13636.4
2216,86836,10680,146,2026-06-26,994,2,PASS,2012.1
2217,15101,1375,165,2026-07-19,781,4,CONDITIONAL,5121.6
2218,85420,19136,102,2025-11-21,381,1,PASS,2624.7
2219,46387,20523,440,2023-12-09,217,3,PASS,13824.9
2220,63276,2128,446,2026-09-04,706,3,PASS,4249.3
2221,50859,22399,49,2024-12-18,676,4,CONDITIONAL,5917.2
2222,335,9510,483,2026-03-25,330,0,PASS,0.0
2223,11435,3080,357,2026-08-05,661,4,CONDITIONAL,6051.4
2224,86653,8409,53,2025-03-17,685,3,PASS,4379.6
2225,20096,14699,300,2023-04-29,880,3,PASS,3409.1
2226,68498,5337,388,2026-03-29,964,1,PASS,1037.3
2227,7768,22275,294,2024-12-13,723,0,PASS,0.0
2228,51643,27163,163,2025-11-14,869,2,PASS,2301.5
2229,27170,2001,205,2023-08-22,936,0,PASS,0.0
2230,13053,27000,374,2024-06-30,520,0,PASS,0.0
2231,62754,7252,311,2026-07-21,447,2,PASS,4474.3
2232,61766,14885,15,2024-06-23,380,3,PASS,7894.7
2233,64764,25187,349,2026-07-20,809,2,PASS,2472.2
2234,88148,2095,178,2024-06-07,607,0,PASS,0.0
2235,88638,5706,113,2026-01-15,433,1,PASS,2309.5
2236,8608,12984,457,2025-08-24,394,4,CONDITIONAL,10152.3
2237,15392,11446,313,2024-08-27,105,0,PASS,0.0
2238,83706,23101,184,2026-06-28,598,4,CONDITIONAL,6689.0
2239,44501,855,309,2025-07-15,755,4,CONDITIONAL,5298.0
2240,83175,870,450,2024-11-27,108,4,CONDITIONAL,37037.0
2241,8253,20287,299,2025-03-07,978,2,PASS,2045.0
2242,17011,12205,249,2026-02-13,409,4,CONDITIONAL,9780.0
2243,45263,21339,426,2026-05-14,444,0,PASS,0.0
2244,3277,7544,229,2026-06-02,493,3,PASS,6085.2
2245,32703,14810,360,2024-12-02,764,0,PASS,0.0
2246,89172,7170,226,2024-08-31,371,4,CONDITIONAL,10781.7
2247,8450,12428,319,2026-09-24,726,4,CONDITIONAL,5509.6
2248,87637,7656,12,2025-11-15,471,1,PASS,2123.1
2249,62502,11622,233,2023-08-22,768,1,PASS,1302.1
2250,88816,10078,273,2024-12-17,189,1,PASS,5291.0
2251,76045,5758,217,2025-12-18,243,1,PASS,4115.2
2252,56537,21536,273,2023-12-25,760,1,PASS,1315.8
2253,85816,27686,56,2023-07-16,397,4,CONDITIONAL,10075.6
2254,42437,25765,67,2024-07-06,251,2,PASS,7968.1
2255,88596,26601,263,2023-06-21,213,0,PASS,0.0
2256,84110,29389,102,2026-04-20,463,3,PASS,6479.5
2257,16682,24397,127,2023-09-08,320,2,PASS,6250.0
2258,49351,5470,444,2025-05-04,774,3,PASS,3876.0
2259,36026,12040,300,2023-11-08,837,1,PASS,1194.7
2260,31700,19314,387,2023-06-19,492,0,PASS,0.0
2261,23890,4337,348,2024-03-12,446,4,CONDITIONAL,8968.6
2262,42678,21249,257,2024-01-29,470,1,PASS,2127.7
2263,45412,26706,396,2026-03-21,817,0,PASS,0.0
2264,19856,3137,21,2025-08-15,892,4,CONDITIONAL,4484.3
2265,79627,14277,398,2025-10-31,518,2,PASS,3861.0
2266,8186,12655,264,2025-03-24,540,3,PASS,5555.6
2267,41843,18,93,2024-06-25,919,3,PASS,3264.4
2268,43415,4190,131,2026-05-31,453,4,CONDITIONAL,8830.0
2269,28083,11323,9,2025-07-07,247,0,PASS,0.0
2270,25255,14116,392,2024-12-11,711,1,PASS,1406.5
2271,67936,765,321,2023-11-30,994,4,CONDITIONAL,4024.1
2272,22300,8870,245,2023-07-09,840,3,PASS,3571.4
2273,68737,28876,179,2023-04-01,381,1,PASS,2624.7
2274,7839,10205,44,2023-06-03,922,1,PASS,1084.6
2275,9341,13108,396,2026-06-19,191,2,PASS,10471.2
2276,42783,21086,235,2025-09-08,604,4,CONDITIONAL,6622.5
2277,89484,5619,441,2025-02-07,258,1,PASS,3876.0
2278,80772,16711,429,2023-10-03,234,2,PASS,8547.0
2279,88595,17216,409,2026-09-10,486,0,PASS,0.0
2280,64947,13859,277,2023-03-15,918,1,PASS,1089.3
2281,8978,22795,491,2024-11-29,396,4,CONDITIONAL,10101.0
2282,79912,24566,190,2023-07-31,456,4,CONDITIONAL,8771.9
2283,69118,5788,207,2025-05-06,366,1,PASS,2732.2
2284,50190,24151,148,2024-11-04,808,2,PASS,2475.2
2285,74929,27093,296,2023-09-25,779,4,CONDITIONAL,5134.8
2286,79723,28286,123,2026-07-24,904,4,CONDITIONAL,4424.8
2287,21336,27976,456,2023-12-03,170,2,PASS,11764.7
2288,7093,13861,417,2026-08-22,401,3,PASS,7481.3
2289,81560,16031,429,2024-01-09,773,0,PASS,0.0
2290,68898,29759,167,2024-06-20,336,0,PASS,0.0
2291,19776,28730,472,2026-04-28,406,3,PASS,7389.2
2292,39416,8211,55,2026-08-01,778,2,PASS,2570.7
2293,53871,20216,230,2025-10-27,394,1,PASS,2538.1
2294,26972,21471,132,2026-06-01,749,2,PASS,2670.2
2295,47351,21500,109,2024-06-27,874,4,CONDITIONAL,4576.7
2296,41748,3294,271,2023-11-04,745,3,PASS,4026.8
2297,64938,19199,400,2024-05-09,432,2,PASS,4629.6
2298,65485,25151,132,2023-11-21,864,3,PASS,3472.2
2299,25604,18917,269,2023-07-07,349,3,PASS,8596.0
2300,87357,14744,496,2024-06-26,784,4,CONDITIONAL,5102.0
2301,19111,7842,130,2026-08-27,922,2,PASS,2169.2
2302,38499,12489,258,2023-01-22,824,3,PASS,3640.8
2303,78806,19455,77,2025-10-06,902,0,PASS,0.0
2304,31903,10748,204,2024-05-11,650,0,PASS,0.0
2305,8555,7951,194,2024-09-22,828,1,PASS,1207.7
2306,74243,24520,394,2025-08-30,373,4,CONDITIONAL,10723.9
2307,80905,28399,269,2026-06-20,856,0,PASS,0.0
2308,80154,25571,476,2024-11-27,943,3,PASS,3181.3
2309,580,29494,157,2026-02-12,545,2,PASS,3669.7
2310,22831,17515,320,2025-06-12,393,1,PASS,2544.5
2311,28313,2017,270,2025-01-26,877,3,PASS,3420.8
2312,55514,22856,465,2026-09-17,827,0,PASS,0.0
2313,50294,17192,96,2025-06-27,131,3,PASS,22900.8
2314,54657,22880,87,2023-07-21,388,4,CONDITIONAL,10309.3
2315,17292,3865,189,2024-09-11,539,3,PASS,5565.9
2316,68845,4319,414,2025-08-28,120,0,PASS,0.0
2317,28292,11391,422,2023-04-29,748,1,PASS,1336.9
2318,63421,20087,147,2024-08-20,724,0,PASS,0.0
2319,34681,16310,225,2025-02-21,436,2,PASS,4587.2
2320,78977,29683,397,2025-11-29,135,1,PASS,7407.4
2321,39562,12698,232,2023-10-24,599,4,CONDITIONAL,6677.8
2322,65741,5232,179,2024-06-02,512,0,PASS,0.0
2323,81142,6330,132,2023-08-13,401,3,PASS,7481.3
2324,13248,11615,161,2026-03-03,497,2,PASS,4024.1
2325,24101,25757,280,2026-02-01,838,0,PASS,0.0
2326,88083,7917,330,2025-01-15,878,2,PASS,2277.9
2327,42823,2020,296,2025-01-17,214,4,CONDITIONAL,18691.6
2328,77104,13654,341,2023-11-09,418,4,CONDITIONAL,9569.4
2329,46083,23762,37,2025-09-21,226,1,PASS,4424.8
2330,20468,11478,36,2026-08-04,727,0,PASS,0.0
2331,24884,24648,312,2024-05-20,978,4,CONDITIONAL,4090.0
2332,155,18940,495,2024-05-05,910,2,PASS,2197.8
2333,17236,29016,14,2026-01-21,389,4,CONDITIONAL,10282.8
2334,7897,18864,474,2025-01-12,722,2,PASS,2770.1
2335,21076,2246,462,2024-09-11,265,2,PASS,7547.2
2336,50422,25027,312,2024-03-18,875,1,PASS,1142.9
2337,68895,27260,390,2025-05-19,904,4,CONDITIONAL,4424.8
2338,7591,23891,267,2024-06-13,705,1,PASS,1418.4
2339,53688,21758,202,2026-09-23,383,1,PASS,2611.0
2340,61799,1157,386,2023-08-04,970,1,PASS,1030.9
2341,47570,10782,470,2023-08-19,773,0,PASS,0.0
2342,50214,21563,191,2023-03-01,260,2,PASS,7692.3
2343,41003,27155,258,2025-02-13,738,3,PASS,4065.0
2344,69533,4343,352,2026-06-25,348,3,PASS,8620.7
2345,80769,8859,156,2023-03-15,188,1,PASS,5319.1
2346,67930,21223,350,2026-08-31,445,3,PASS,6741.6
2347,44286,20791,75,2024-08-24,992,0,PASS,0.0
2348,10973,19997,455,2024-08-15,175,3,PASS,17142.9
2349,75887,2789,436,2024-08-31,309,3,PASS,9708.7
2350,72024,17651,21,2024-01-08,786,0,PASS,0.0
2351,20604,8647,307,2024-07-13,380,0,PASS,0.0
2352,26124,20769,188,2023-07-15,522,1,PASS,1915.7
2353,87933,5985,422,2023-05-18,446,3,PASS,6726.5
2354,34434,16586,318,2023-05-08,959,0,PASS,0.0
2355,42306,19753,192,2026-04-04,480,4,CONDITIONAL,8333.3
2356,11149,20365,72,2023-07-26,713,3,PASS,4207.6
2357,22728,20212,358,2025-10-31,356,2,PASS,5618.0
2358,3631,15990,253,2023-08-09,263,1,PASS,3802.3
2359,4073,15907,63,2023-02-10,565,3,PASS,5309.7
2360,82810,25677,50,2023-04-20,590,1,PASS,1694.9
2361,55271,257,498,2026-08-29,987,2,PASS,2026.3
2362,61788,18206,267,2026-02-25,697,3,PASS,4304.2
2363,51706,3029,11,2025-07-19,396,4,CONDITIONAL,10101.0
2364,49998,9425,429,2024-07-20,458,3,PASS,6550.2
2365,76272,19070,234,2024-12-12,843,0,PASS,0.0
2366,46437,17385,64,2023-05-28,205,1,PASS,4878.0
2367,61107,25045,166,2025-12-17,477,0,PASS,0.0
2368,27346,10755,108,2026-02-27,421,4,CONDITIONAL,9501.2
2369,26429,3949,481,2024-04-10,170,3,PASS,17647.1
2370,46250,14903,149,2024-11-05,365,3,PASS,8219.2
2371,11897,11566,373,2026-02-12,509,2,PASS,3929.3
2372,82373,23615,456,2023-12-15,505,4,CONDITIONAL,7920.8
2373,5679,4113,480,2026-02-06,227,1,PASS,4405.3
2374,54003,25653,394,2024-10-17,716,4,CONDITIONAL,5586.6
2375,51497,19997,220,2024-01-04,716,0,PASS,0.0
2376,42175,232,365,2024-08-06,430,2,PASS,4651.2
2377,29746,15937,356,2024-11-29,848,3,PASS,3537.7
2378,49776,11959,444,2026-05-31,838,4,CONDITIONAL,4773.3
2379,12508,696,222,2026-09-12,667,1,PASS,1499.3
2380,28527,22758,389,2025-07-03,764,2,PASS,2617.8
2381,1144,6561,119,2024-01-07,549,2,PASS,3643.0
2382,22308,3035,72,2023-02-13,933,0,PASS,0.0
2383,47319,5766,359,2023-03-11,470,1,PASS,2127.7
2384,52101,26228,231,2025-07-08,428,2,PASS,4672.9
2385,87825,25656,102,2024-09-23,364,2,PASS,5494.5
2386,8709,26091,179,2026-03-05,962,1,PASS,1039.5
2387,17584,10585,176,2023-11-03,217,2,PASS,9216.6
2388,70231,11947,402,2025-08-01,419,2,PASS,4773.3
2389,428,24296,240,2023-02-19,966,4,CONDITIONAL,4140.8
2390,35112,6703,343,2023-02-19,924,4,CONDITIONAL,4329.0
2391,14871,16004,230,2023-10-09,829,1,PASS,1206.3
2392,34994,27625,153,2024-12-26,970,0,PASS,0.0
2393,39848,28605,41,2025-09-13,996,3,PASS,3012.0
2394,56542,5711,483,2023-06-14,372,2,PASS,5376.3
2395,63563,2814,424,2025-04-14,412,2,PASS,4854.4
2396,52335,7305,345,2024-05-14,129,4,CONDITIONAL,31007.8
2397,37723,11351,175,2023-08-04,984,0,PASS,0.0
2398,82174,14395,47,2025-10-06,972,4,CONDITIONAL,4115.2
2399,34861,20215,106,2026-07-19,957,4,CONDITIONAL,4179.7
2400,19970,28522,5,2024-01-16,910,2,PASS,2197.8
2401,26221,28356,107,2023-09-15,566,0,PASS,0.0
2402,33738,5042,321,2024-09-07,978,2,PASS,2045.0
2403,9112,18902,94,2024-01-22,737,0,PASS,0.0
2404,35759,19133,309,2025-01-22,929,2,PASS,2152.9
2405,73550,13441,151,2025-04-16,166,1,PASS,6024.1
2406,44272,15297,327,2023-07-05,898,0,PASS,0.0
2407,1257,17406,284,2024-11-21,652,2,PASS,3067.5
2408,9249,2610,173,2024-09-21,900,2,PASS,2222.2
2409,79852,14909,206,2024-10-10,347,4,CONDITIONAL,11527.4
2410,56099,2303,343,2026-05-31,669,0,PASS,0.0
2411,25755,12881,194,2023-01-12,520,1,PASS,1923.1
2412,50221,12218,154,2024-05-02,850,4,CONDITIONAL,4705.9
2413,82634,13367,107,2026-01-07,543,2,PASS,3683.2
2414,37432,23284,43,2025-09-11,686,4,CONDITIONAL,5830.9
2415,73052,2779,87,2024-01-12,591,4,CONDITIONAL,6768.2
2416,30459,29943,374,2025-05-10,538,0,PASS,0.0
2417,78341,17034,229,2026-03-22,162,1,PASS,6172.8
2418,76660,26812,58,2024-06-26,855,0,PASS,0.0
2419,84965,29922,183,2026-01-31,268,3,PASS,11194.0
2420,7750,6578,462,2026-09-27,772,2,PASS,2590.7
2421,42046,5114,75,2024-05-28,963,1,PASS,1038.4
2422,26441,23553,274,2025-07-30,134,0,PASS,0.0
2423,61844,14668,267,2025-12-05,864,4,CONDITIONAL,4629.6
2424,46546,4795,169,2023-06-21,522,1,PASS,1915.7
2425,17602,5266,481,2025-04-17,571,4,CONDITIONAL,7005.3
2426,24876,16579,207,2026-08-21,219,2,PASS,9132.4
2427,88906,16299,45,2026-07-06,598,3,PASS,5016.7
2428,22000,13815,300,2024-07-05,445,3,PASS,6741.6
2429,50282,27241,259,2024-12-25,837,3,PASS,3584.2
2430,52426,8678,372,2024-12-07,785,3,PASS,3821.7
2431,89316,25525,59,2023-03-13,639,4,CONDITIONAL,6259.8
2432,78992,26530,379,2026-05-14,284,4,CONDITIONAL,14084.5
2433,18900,24091,463,2023-06-20,350,0,PASS,0.0
2434,15775,20737,394,2024-03-11,481,1,PASS,2079.0
2435,36662,29587,31,2023-01-09,227,0,PASS,0.0
2436,10185,17171,227,2025-04-02,494,2,PASS,4048.6
2437,9096,1138,208,2026-09-03,212,0,PASS,0.0
2438,23344,23793,410,2025-06-18,885,4,CONDITIONAL,4519.8
2439,38643,16616,252,2025-11-09,152,2,PASS,13157.9
2440,36834,24036,257,2025-07-09,147,4,CONDITIONAL,27210.9
2441,82835,1722,265,2023-05-07,124,1,PASS,8064.5
2442,47742,25753,212,2026-03-02,784,4,CONDITIONAL,5102.0
2443,89817,28712,445,2026-02-18,932,1,PASS,1073.0
2444,37855,3452,89,2026-09-06,777,3,PASS,3861.0
2445,2836,3697,165,2025-10-26,539,1,PASS,1855.3
2446,7405,14342,443,2023-09-26,389,1,PASS,2570.7
2447,26494,20187,489,2023-02-01,459,2,PASS,4357.3
2448,85344,10350,26,2025-05-21,461,2,PASS,4338.4
2449,35048,27749,295,2026-03-18,914,2,PASS,2188.2
2450,68541,11885,123,2026-06-07,426,4,CONDITIONAL,9389.7
2451,67028,13481,373,2025-04-21,491,4,CONDITIONAL,8146.6
2452,56280,27978,164,2025-05-04,494,1,PASS,2024.3
2453,71550,5972,482,2024-04-23,657,3,PASS,4566.2
2454,33945,20695,156,2024-07-14,109,1,PASS,9174.3
2455,30991,28636,135,2026-04-21,181,1,PASS,5524.9
2456,81396,18750,371,2024-04-21,624,1,PASS,1602.6
2457,12316,2654,442,2025-06-04,464,3,PASS,6465.5
2458,6191,15418,157,2024-07-09,726,4,CONDITIONAL,5509.6
2459,77393,28758,246,2025-09-01,372,3,PASS,8064.5
2460,76200,2758,305,2025-11-01,895,0,PASS,0.0
2461,77040,9372,400,2025-12-28,370,2,PASS,5405.4
2462,32428,17381,426,2024-06-20,407,4,CONDITIONAL,9828.0
2463,3272,6390,481,2023-07-12,715,2,PASS,2797.2
2464,14786,9701,92,2025-09-25,322,3,PASS,9316.8
2465,55802,17954,140,2026-01-15,176,4,CONDITIONAL,22727.3
2466,39814,23743,345,2026-05-02,735,0,PASS,0.0
2467,51330,9567,200,2024-05-17,279,3,PASS,10752.7
2468,52545,5947,127,2025-05-24,643,1,PASS,1555.2
2469,46160,23533,436,2025-04-17,654,3,PASS,4587.2
2470,79570,2896,437,2023-12-31,871,1,PASS,1148.1
2471,32477,17601,275,2024-05-22,185,3,PASS,16216.2
2472,19963,3378,280,2024-08-06,467,2,PASS,4282.7
2473,58083,25823,351,2023-03-18,534,0,PASS,0.0
2474,45059,2340,103,2024-07-07,359,4,CONDITIONAL,11142.1
2475,9967,3935,312,2025-07-13,299,1,PASS,3344.5
2476,63953,13063,125,2024-06-22,373,1,PASS,2681.0
2477,64974,15396,329,2024-04-08,227,1,PASS,4405.3
2478,34864,3292,263,2026-08-02,372,0,PASS,0.0
2479,26970,18690,260,2023-10-22,294,1,PASS,3401.4
2480,24206,1856,230,2025-01-07,128,1,PASS,7812.5
2481,49303,20845,426,2024-03-20,460,0,PASS,0.0
2482,75490,2941,272,2024-05-08,994,4,CONDITIONAL,4024.1
2483,525,9029,459,2026-09-01,914,2,PASS,2188.2
2484,41119,14682,421,2026-07-18,481,1,PASS,2079.0
2485,50994,24537,483,2024-10-02,980,4,CONDITIONAL,4081.6
2486,72856,2939,21,2024-08-27,498,1,PASS,2008.0
2487,79910,20142,480,2024-02-04,897,0,PASS,0.0
2488,55795,16855,427,2025-08-18,459,4,CONDITIONAL,8714.6
2489,71378,2394,203,2026-01-12,448,1,PASS,2232.1
2490,21809,4305,254,2025-06-29,594,1,PASS,1683.5
2491,47352,21541,334,2024-07-31,295,4,CONDITIONAL,13559.3
2492,57924,17536,131,2024-01-08,218,2,PASS,9174.3
2493,50083,10282,198,2023-03-30,492,1,PASS,2032.5
2494,49344,1360,470,2025-12-22,188,2,PASS,10638.3
2495,77662,13863,449,2026-03-19,721,3,PASS,4160.9
2496,57318,6341,249,2024-12-03,489,2,PASS,4090.0
2497,74378,4667,238,2023-07-01,384,4,CONDITIONAL,10416.7
2498,84661,11596,424,2026-05-16,525,1,PASS,1904.8
2499,53002,24019,313,2025-06-11,835,0,PASS,0.0
2500,78311,17635,180,2023-03-03,827,0,PASS,0.0
2501,32009,1765,26,2025-05-03,205,0,PASS,0.0
2502,29374,21465,324,2023-07-02,582,3,PASS,5154.6
2503,37669,24073,56,2025-10-10,155,3,PASS,19354.8
2504,62344,21418,378,2024-06-11,290,2,PASS,6896.6
2505,80196,24653,71,2025-03-17,798,2,PASS,2506.3
2506,13896,2897,72,2026-04-18,905,1,PASS,1105.0
2507,35344,18992,208,2024-07-25,896,4,CONDITIONAL,4464.3
2508,80049,18228,266,2024-04-06,696,1,PASS,1436.8
2509,8130,24336,466,2025-01-11,692,2,PASS,2890.2
2510,17534,16593,475,2025-10-10,542,1,PASS,1845.0
2511,25626,20688,81,2026-04-08,537,1,PASS,1862.2
2512,36618,12355,429,2026-06-20,624,4,CONDITIONAL,6410.3
2513,10180,8778,43,2025-12-14,491,1,PASS,2036.7
2514,67444,702,437,2024-01-30,534,2,PASS,3745.3
2515,41772,9588,488,2023-12-12,114,0,PASS,0.0
2516,11608,5065,287,2023-02-26,699,1,PASS,1430.6
2517,64481,7957,484,2025-12-04,814,0,PASS,0.0
2518,47614,19573,358,2023-07-23,318,2,PASS,6289.3
2519,4760,1953,414,2023-01-31,379,2,PASS,5277.0
2520,2729,14081,125,2025-11-02,227,4,CONDITIONAL,17621.1
2521,53390,15697,371,2026-06-17,916,2,PASS,2183.4
2522,88885,16680,39,2024-11-29,314,1,PASS,3184.7
2523,42286,417,349,2023-07-19,152,1,PASS,6578.9
2524,84366,14653,254,2023-03-14,452,2,PASS,4424.8
2525,88700,28952,168,2023-09-19,855,1,PASS,1169.6
2526,12336,2170,446,2025-05-26,902,3,PASS,3325.9
2527,58104,2434,332,2023-11-22,992,4,CONDITIONAL,4032.3
2528,5704,1932,262,2026-03-04,275,0,PASS,0.0
2529,73296,9060,69,2025-11-27,829,4,CONDITIONAL,4825.1
2530,15568,13566,385,2023-03-24,461,3,PASS,6507.6
2531,3893,15918,344,2023-05-02,632,2,PASS,3164.6
2532,39181,10516,480,2024-10-17,149,4,CONDITIONAL,26845.6
2533,77296,17635,427,2026-04-22,996,3,PASS,3012.0
2534,30095,26392,362,2023-01-18,232,0,PASS,0.0
2535,40448,1711,419,2024-12-02,602,0,PASS,0.0
2536,20513,19704,34,2024-07-27,799,2,PASS,2503.1
2537,23,25982,30,2025-12-21,480,4,CONDITIONAL,8333.3
2538,32263,16692,252,2023-10-07,651,2,PASS,3072.2
2539,49280,23438,182,2026-02-03,848,2,PASS,2358.5
2540,5301,15845,255,2024-06-08,310,1,PASS,3225.8
2541,86373,16299,391,2025-10-14,771,0,PASS,0.0
2542,9951,1277,235,2024-03-25,855,0,PASS,0.0
2543,49107,1574,466,2023-05-24,572,3,PASS,5244.8
2544,17038,18254,355,2024-12-16,672,2,PASS,2976.2
2545,27356,7455,152,2025-11-23,525,3,PASS,5714.3
2546,31026,17391,97,2025-09-11,674,0,PASS,0.0
2547,44504,28546,455,2026-05-09,188,4,CONDITIONAL,21276.6
2548,84867,20372,445,2025-02-28,945,1,PASS,1058.2
2549,20791,16586,472,2026-06-30,981,4,CONDITIONAL,4077.5
2550,17701,743,398,2023-07-10,846,2,PASS,2364.1
2551,57171,26358,67,2025-05-21,549,0,PASS,0.0
2552,42078,20269,167,2026-06-24,434,0,PASS,0.0
2553,37381,9171,137,2024-07-21,360,2,PASS,5555.6
2554,33287,24649,199,2025-08-06,719,1,PASS,1390.8
2555,22551,17002,355,2026-09-21,285,1,PASS,3508.8
2556,9708,26576,469,2025-10-23,418,0,PASS,0.0
2557,24961,7107,488,2024-01-28,975,0,PASS,0.0
2558,31891,11082,468,2023-07-01,976,0,PASS,0.0
2559,59536,23586,274,2025-04-12,483,3,PASS,6211.2
2560,31960,28735,324,2024-11-20,873,3,PASS,3436.4
2561,59918,25754,287,2025-10-13,401,1,PASS,2493.8
2562,48991,23994,139,2024-10-24,852,0,PASS,0.0
2563,34862,3664,481,2025-05-01,742,2,PASS,2695.4
2564,4319,20470,136,2023-12-04,574,3,PASS,5226.5
2565,76550,8623,213,2024-07-14,163,3,PASS,18404.9
2566,43168,26188,136,2024-10-25,983,1,PASS,1017.3
2567,59767,14481,411,2023-12-08,844,1,PASS,1184.8
2568,4461,3619,461,2024-01-15,981,2,PASS,2038.7
2569,85460,26381,33,2023-08-03,151,0,PASS,0.0
2570,67869,7245,462,2025-02-13,262,0,PASS,0.0
2571,52294,2661,315,2026-07-30,122,0,PASS,0.0
2572,62303,10414,302,2025-04-14,777,4,CONDITIONAL,5148.0
2573,8374,3132,484,2023-08-03,241,0,PASS,0.0
2574,65358,27472,290,2026-07-19,104,4,CONDITIONAL,38461.5
2575,53106,25748,270,2025-07-05,770,4,CONDITIONAL,5194.8
2576,64405,5070,434,2023-05-18,305,3,PASS,9836.1
2577,19589,15194,413,2025-11-14,812,1,PASS,1231.5
2578,37743,25809,39,2023-04-13,241,1,PASS,4149.4
2579,88914,19914,352,2026-04-24,400,3,PASS,7500.0
2580,71401,11568,292,2025-12-01,429,0,PASS,0.0
2581,44378,6703,5,2025-10-31,585,3,PASS,5128.2
2582,69498,19386,96,2025-04-10,903,3,PASS,3322.3
2583,25220,7467,401,2023-06-24,156,2,PASS,12820.5
2584,79738,12154,337,2026-05-13,539,0,PASS,0.0
2585,46572,4778,8,2026-08-30,463,4,CONDITIONAL,8639.3
2586,10452,8735,348,2023-05-21,743,2,PASS,2691.8
2587,47530,602,476,2025-09-04,147,4,CONDITIONAL,27210.9
2588,55980,17568,185,2025-07-17,613,0,PASS,0.0
2589,49763,16074,119,2023-04-27,662,2,PASS,3021.1
2590,10385,29208,48,2024-07-05,515,0,PASS,0.0
2591,25307,27648,468,2025-03-28,550,4,CONDITIONAL,7272.7
2592,32089,22651,128,2025-09-06,145,2,PASS,13793.1
2593,17378,13719,269,2026-09-28,419,3,PASS,7159.9
2594,58228,19022,199,2023-06-03,736,0,PASS,0.0
2595,42614,17576,417,2025-10-16,194,4,CONDITIONAL,20618.6
2596,35733,2044,389,2025-08-08,134,0,PASS,0.0
2597,24935,12776,449,2024-11-08,552,2,PASS,3623.2
2598,6243,11411,277,2024-03-24,766,0,PASS,0.0
2599,64123,6369,43,2025-04-29,728,4,CONDITIONAL,5494.5
2600,32533,15289,308,2023-05-30,887,1,PASS,1127.4
2601,66661,18599,127,2023-06-27,454,1,PASS,2202.6
2602,51386,13558,344,2023-04-15,705,4,CONDITIONAL,5673.8
2603,62131,27577,81,2026-06-13,123,3,PASS,24390.2
2604,14058,12644,23,2026-05-18,329,2,PASS,6079.0
2605,44159,9480,402,2023-06-11,131,4,CONDITIONAL,30534.4
2606,35056,22817,385,2026-09-22,989,3,PASS,3033.4
2607,42238,10203,216,2025-02-25,180,2,PASS,11111.1
2608,46733,21763,46,2025-06-27,520,1,PASS,1923.1
2609,22792,13947,68,2024-06-10,275,2,PASS,7272.7
2610,9515,27273,239,2023-03-09,260,4,CONDITIONAL,15384.6
2611,19312,11460,210,2023-10-18,105,0,PASS,0.0
2612,10496,27061,270,2023-01-31,503,2,PASS,3976.1
2613,75049,2746,23,2025-01-05,479,0,PASS,0.0
2614,71157,1020,380,2024-03-19,608,2,PASS,3289.5
2615,30995,21573,30,2026-02-27,253,4,CONDITIONAL,15810.3
2616,10836,1851,294,2023-12-05,716,3,PASS,4189.9
2617,73363,13138,498,2024-11-02,408,3,PASS,7352.9
2618,29423,15426,340,2024-10-17,420,2,PASS,4761.9
2619,40458,2888,500,2023-09-13,121,0,PASS,0.0
2620,34064,5233,358,2024-04-03,507,4,CONDITIONAL,7889.5
2621,49386,15315,198,2025-01-22,217,1,PASS,4608.3
2622,24194,25911,319,2024-10-23,944,3,PASS,3178.0
2623,55651,14792,453,2024-07-30,491,3,PASS,6110.0
2624,61754,24848,210,2023-08-17,114,2,PASS,17543.9
2625,8802,13607,418,2024-08-03,646,3,PASS,4644.0
2626,52831,938,38,2025-12-27,294,2,PASS,6802.7
2627,37258,11272,17,2026-02-06,668,2,PASS,2994.0
2628,83286,5173,220,2024-09-07,891,0,PASS,0.0
2629,83116,15061,410,2026-05-20,154,3,PASS,19480.5
2630,50762,508,371,2024-05-08,323,0,PASS,0.0
2631,5363,19457,159,2026-09-19,561,3,PASS,5347.6
2632,15324,8043,293,2024-03-06,108,3,PASS,27777.8
2633,67962,23868,237,2024-12-22,651,2,PASS,3072.2
2634,7404,20584,483,2024-12-30,631,0,PASS,0.0
2635,58449,12900,499,2023-09-05,928,4,CONDITIONAL,4310.3
2636,75113,23409,462,2024-11-02,844,0,PASS,0.0
2637,51906,20828,220,2024-06-04,860,2,PASS,2325.6
2638,9328,23311,88,2026-03-06,983,2,PASS,2034.6
2639,27334,6115,103,2024-08-31,652,4,CONDITIONAL,6135.0
2640,66027,14483,443,2025-08-07,210,0,PASS,0.0
2641,638,21902,116,2025-04-27,725,0,PASS,0.0
2642,48443,24944,438,2025-07-16,832,2,PASS,2403.8
2643,52518,3578,298,2023-11-28,291,2,PASS,6872.9
2644,86330,7230,89,2026-03-26,709,4,CONDITIONAL,5641.7
2645,2568,22177,187,2024-12-14,425,1,PASS,2352.9
2646,76195,18716,23,2025-09-10,845,0,PASS,0.0
2647,8758,17178,434,2024-02-21,775,1,PASS,1290.3
2648,71827,15125,174,2023-11-01,973,4,CONDITIONAL,4111.0
2649,73923,8949,462,2025-10-14,761,2,PASS,2628.1
2650,59147,23420,249,2024-01-23,831,4,CONDITIONAL,4813.5
2651,24478,27986,276,2024-03-23,795,1,PASS,1257.9
2652,81408,5287,38,2023-01-09,230,1,PASS,4347.8
2653,81515,25755,332,2024-12-12,370,0,PASS,0.0
2654,89274,361,436,2026-05-16,180,3,PASS,16666.7
2655,12218,3456,35,2023-02-16,155,0,PASS,0.0
2656,69820,24202,152,2024-09-05,168,3,PASS,17857.1
2657,72800,5400,463,2024-09-10,271,2,PASS,7380.1
2658,18744,14174,70,2024-03-12,187,3,PASS,16042.8
2659,40445,26391,379,2025-01-22,584,3,PASS,5137.0
2660,29907,5300,256,2026-02-28,340,3,PASS,8823.5
2661,83982,15131,353,2024-10-16,847,4,CONDITIONAL,4722.6
2662,18954,24595,184,2023-05-23,585,0,PASS,0.0
2663,65583,29112,485,2024-03-20,618,3,PASS,4854.4
2664,41020,17280,375,2024-07-17,215,1,PASS,4651.2
2665,20188,2000,68,2024-08-29,376,4,CONDITIONAL,10638.3
2666,6528,7676,448,2025-07-01,132,1,PASS,7575.8
2667,50309,4209,327,2025-04-06,663,1,PASS,1508.3
2668,52124,20768,276,2024-06-22,442,4,CONDITIONAL,9049.8
2669,80987,6634,448,2025-02-03,982,4,CONDITIONAL,4073.3
2670,77788,21839,215,2025-01-25,104,3,PASS,28846.2
2671,85590,16720,79,2023-07-08,208,1,PASS,4807.7
2672,82732,15828,285,2023-03-06,137,0,PASS,0.0
2673,188,14478,115,2024-02-04,841,3,PASS,3567.2
2674,49293,17928,376,2026-04-10,102,2,PASS,19607.8
2675,260,717,103,2026-06-28,873,1,PASS,1145.5
2676,75310,11434,103,2025-12-17,630,4,CONDITIONAL,6349.2
2677,69509,14666,144,2025-09-15,516,2,PASS,3876.0
2678,10612,24723,172,2025-12-22,666,4,CONDITIONAL,6006.0
2679,122,28396,428,2025-10-19,645,1,PASS,1550.4
2680,47186,22770,365,2024-02-15,869,4,CONDITIONAL,4603.0
2681,50356,2984,270,2023-06-06,986,4,CONDITIONAL,4056.8
2682,3019,23613,7,2024-08-25,156,0,PASS,0.0
2683,88216,8062,320,2024-12-29,134,3,PASS,22388.1
2684,24219,8900,497,2026-03-28,308,3,PASS,9740.3
2685,85863,26584,482,2024-08-03,562,1,PASS,1779.4
2686,30160,20989,439,2026-06-07,959,2,PASS,2085.5
2687,63502,11579,169,2024-01-12,281,1,PASS,3558.7
2688,41355,9886,416,2024-12-16,298,3,PASS,10067.1
2689,85587,21296,464,2025-12-05,272,3,PASS,11029.4
2690,51687,1724,146,2026-06-12,113,0,PASS,0.0
2691,58270,16658,334,2024-01-10,749,2,PASS,2670.2
2692,86007,8121,370,2023-10-11,170,2,PASS,11764.7
2693,50727,15257,193,2023-06-11,700,0,PASS,0.0
2694,38031,16002,219,2025-05-22,228,4,CONDITIONAL,17543.9
2695,11093,5504,219,2024-09-30,865,3,PASS,3468.2
2696,17186,2288,164,2024-11-24,501,1,PASS,1996.0
2697,1209,1756,361,2025-03-08,528,0,PASS,0.0
2698,52773,1264,250,2025-05-13,626,1,PASS,1597.4
2699,41108,7586,389,2023-06-15,720,0,PASS,0.0
2700,39404,23551,392,2023-04-07,922,0,PASS,0.0
2701,64309,9581,265,2024-11-12,958,4,CONDITIONAL,4175.4
2702,71120,7622,359,2024-01-29,860,0,PASS,0.0
2703,75850,26965,290,2026-09-13,694,1,PASS,1440.9
2704,3728,16070,376,2023-12-17,655,2,PASS,3053.4
2705,30800,13609,90,2023-11-20,605,1,PASS,1652.9
2706,25851,8629,311,2023-03-14,872,3,PASS,3440.4
2707,33487,12480,316,2025-04-07,591,1,PASS,1692.0
2708,62175,23502,340,2025-03-26,768,3,PASS,3906.3
2709,24603,8118,225,2023-05-22,539,0,PASS,0.0
2710,67080,4792,108,2026-03-08,487,4,CONDITIONAL,8213.6
2711,8228,11375,366,2025-02-17,321,1,PASS,3115.3
2712,14662,1031,379,2024-02-26,384,3,PASS,7812.5
2713,28736,4709,409,2023-04-03,217,4,CONDITIONAL,18433.2
2714,26268,24907,63,2023-09-25,672,0,PASS,0.0
2715,40203,4813,70,2024-07-03,730,0,PASS,0.0
2716,50322,9294,490,2024-08-27,774,4,CONDITIONAL,5168.0
2717,30304,15008,145,2023-07-18,771,4,CONDITIONAL,5188.1
2718,21629,15818,151,2025-06-10,139,3,PASS,21582.7
2719,10998,18253,399,2025-03-11,999,1,PASS,1001.0
2720,35935,25847,170,2025-03-12,698,3,PASS,4298.0
2721,24285,2789,275,2026-09-25,830,3,PASS,3614.5
2722,82296,27232,292,2025-03-24,994,1,PASS,1006.0
2723,44294,21465,123,2023-06-01,735,3,PASS,4081.6
2724,89687,24399,254,2026-05-13,606,4,CONDITIONAL,6600.7
2725,86726,20892,36,2023-12-21,802,4,CONDITIONAL,4987.5
2726,69774,13810,176,2023-08-16,824,0,PASS,0.0
2727,79370,16623,274,2024-08-10,300,3,PASS,10000.0
2728,41131,4624,374,2024-02-06,595,3,PASS,5042.0
2729,49023,15420,456,2026-07-25,949,4,CONDITIONAL,4215.0
2730,19761,17153,304,2025-06-05,468,3,PASS,6410.3
2731,56053,24453,498,2024-03-20,892,4,CONDITIONAL,4484.3
2732,84230,5676,342,2025-12-13,293,2,PASS,6825.9
2733,23337,23962,170,2023-09-20,152,4,CONDITIONAL,26315.8
2734,56652,5617,164,2026-09-21,861,0,PASS,0.0
2735,89400,18269,222,2025-08-19,425,0,PASS,0.0
2736,27637,21429,458,2024-02-11,881,4,CONDITIONAL,4540.3
2737,67883,4587,274,2023-10-20,182,3,PASS,16483.5
2738,18240,3871,151,2024-04-01,189,0,PASS,0.0
2739,31706,1494,222,2023-01-14,805,4,CONDITIONAL,4968.9
2740,56700,23615,366,2024-04-05,961,1,PASS,1040.6
2741,56087,2179,19,2025-01-01,504,4,CONDITIONAL,7936.5
2742,83171,15358,271,2024-08-15,297,1,PASS,3367.0
2743,81440,9220,316,2024-12-20,336,3,PASS,8928.6
2744,51666,21859,430,2026-02-18,433,2,PASS,4618.9
2745,32745,2204,91,2023-01-16,546,2,PASS,3663.0
2746,53600,14177,205,2026-01-06,406,4,CONDITIONAL,9852.2
2747,13473,24973,394,2025-11-30,543,2,PASS,3683.2
2748,34083,26377,494,2023-11-24,281,4,CONDITIONAL,14234.9
2749,29954,10701,476,2025-11-19,956,1,PASS,1046.0
2750,4418,21931,188,2023-07-02,187,2,PASS,10695.2
2751,77261,9350,176,2024-01-21,530,1,PASS,1886.8
2752,19704,16479,112,2025-01-07,803,0,PASS,0.0
2753,85349,27211,30,2026-07-27,959,2,PASS,2085.5
2754,10285,22610,313,2024-02-03,995,0,PASS,0.0
2755,41992,2027,282,2026-01-18,685,3,PASS,4379.6
2756,14720,25674,258,2024-11-28,154,2,PASS,12987.0
2757,27839,27329,120,2025-12-16,456,2,PASS,4386.0
2758,6954,21971,459,2023-09-11,826,3,PASS,3632.0
2759,72513,23762,345,2024-03-27,285,1,PASS,3508.8
2760,73286,1726,80,2024-02-15,847,4,CONDITIONAL,4722.6
2761,72343,18659,448,2026-05-28,594,4,CONDITIONAL,6734.0
2762,85407,15155,270,2023-10-29,556,2,PASS,3597.1
2763,60555,22656,155,2023-11-11,506,1,PASS,1976.3
2764,88874,25387,91,2024-07-26,141,3,PASS,21276.6
2765,87582,17928,132,2024-03-21,613,2,PASS,3262.6
2766,71801,21705,346,2023-11-28,580,2,PASS,3448.3
2767,72449,22117,75,2026-05-15,137,4,CONDITIONAL,29197.1
2768,68898,14465,175,2026-02-14,569,4,CONDITIONAL,7029.9
2769,61408,9847,104,2024-03-12,253,2,PASS,7905.1
2770,27933,20875,301,2024-09-04,843,0,PASS,0.0
2771,84983,20857,226,2024-09-14,813,1,PASS,1230.0
2772,42457,3976,218,2024-05-19,374,3,PASS,8021.4
2773,62068,6871,361,2025-10-19,264,4,CONDITIONAL,15151.5
2774,44915,10841,316,2024-10-23,763,2,PASS,2621.2
2775,40618,19487,385,2024-05-01,747,2,PASS,2677.4
2776,75650,9268,318,2024-07-28,372,0,PASS,0.0
2777,66435,14864,338,2025-04-25,440,3,PASS,6818.2
2778,25160,10694,274,2023-05-07,455,2,PASS,4395.6
2779,49270,17567,393,2025-03-20,997,4,CONDITIONAL,4012.0
2780,67424,14697,168,2024-09-29,363,0,PASS,0.0
2781,75482,28181,77,2025-09-22,421,1,PASS,2375.3
2782,26274,19961,409,2023-11-24,389,0,PASS,0.0
2783,43588,9218,89,2024-09-30,463,4,CONDITIONAL,8639.3
2784,855,12094,323,2025-08-05,648,4,CONDITIONAL,6172.8
2785,50651,8308,375,2023-10-28,944,0,PASS,0.0
2786,3491,22585,75,2024-07-25,217,2,PASS,9216.6
2787,57096,12143,476,2025-11-15,504,3,PASS,5952.4
2788,14339,4537,92,2026-06-02,712,3,PASS,4213.5
2789,41972,2917,292,2025-03-07,834,1,PASS,1199.0
2790,32851,27842,193,2025-12-25,162,4,CONDITIONAL,24691.4
2791,17741,23861,221,2025-05-24,481,1,PASS,2079.0
2792,50514,15483,147,2024-04-03,470,0,PASS,0.0
2793,56832,21584,492,2023-07-23,872,1,PASS,1146.8
2794,89317,1298,295,2025-08-15,928,1,PASS,1077.6
2795,20668,9958,102,2024-04-17,803,4,CONDITIONAL,4981.3
2796,1350,14377,363,2026-07-14,743,0,PASS,0.0
2797,83537,26722,474,2025-09-08,795,0,PASS,0.0
2798,33330,17573,254,2023-02-20,772,0,PASS,0.0
2799,86110,16994,128,2026-03-21,712,4,CONDITIONAL,5618.0
2800,26785,7089,266,2026-04-04,379,4,CONDITIONAL,10554.1
2801,47695,16877,174,2023-09-05,602,4,CONDITIONAL,6644.5
2802,23092,25854,312,2023-12-20,976,1,PASS,1024.6
2803,53352,10207,284,2025-01-10,700,1,PASS,1428.6
2804,42107,11733,175,2024-06-27,520,2,PASS,3846.2
2805,60918,9691,184,2025-05-31,798,4,CONDITIONAL,5012.5
2806,23942,23454,424,2026-02-17,203,3,PASS,14778.3
2807,74835,4991,65,2026-04-22,524,4,CONDITIONAL,7633.6
2808,25688,4130,414,2023-11-20,400,2,PASS,5000.0
2809,28363,16777,265,2025-03-31,491,1,PASS,2036.7
2810,27155,24974,462,2025-01-15,545,0,PASS,0.0
2811,20231,29667,49,2023-01-23,759,0,PASS,0.0
2812,89065,13495,109,2026-04-17,632,1,PASS,1582.3
2813,75361,27626,218,2025-01-19,538,2,PASS,3717.5
2814,37803,7397,203,2024-01-15,527,4,CONDITIONAL,7590.1
2815,32990,18006,227,2026-09-20,298,3,PASS,10067.1
2816,57382,26787,377,2024-08-16,662,4,CONDITIONAL,6042.3
2817,22054,7490,170,2024-12-23,791,1,PASS,1264.2
2818,1855,16496,130,2023-05-20,810,4,CONDITIONAL,4938.3
2819,25495,18806,176,2024-06-12,398,2,PASS,5025.1
2820,25393,20826,15,2024-03-24,712,1,PASS,1404.5
2821,71735,14418,435,2024-07-24,447,3,PASS,6711.4
2822,13657,16821,144,2023-04-02,866,0,PASS,0.0
2823,66929,16498,471,2026-05-17,893,1,PASS,1119.8
2824,74317,28560,19,2024-05-18,374,0,PASS,0.0
2825,23004,21911,89,2023-10-26,449,4,CONDITIONAL,8908.7
2826,66180,8089,52,2024-11-02,200,2,PASS,10000.0
2827,44525,18850,139,2026-03-31,491,0,PASS,0.0
2828,17136,11267,405,2023-09-20,907,0,PASS,0.0
2829,85288,12324,167,2024-06-24,500,3,PASS,6000.0
2830,81824,719,345,2023-02-09,637,3,PASS,4709.6
2831,51375,13072,310,2025-08-09,357,0,PASS,0.0
2832,1168,22999,71,2024-10-10,191,3,PASS,15706.8
2833,49779,4698,417,2023-02-04,519,1,PASS,1926.8
2834,19394,15750,388,2025-04-27,608,0,PASS,0.0
2835,18453,22264,290,2024-06-22,349,3,PASS,8596.0
2836,4299,26480,159,2026-01-25,579,2,PASS,3454.2
2837,34761,26548,27,2024-11-10,556,4,CONDITIONAL,7194.2
2838,52565,29923,171,2026-09-09,912,3,PASS,3289.5
2839,55906,15962,55,2026-05-22,454,0,PASS,0.0
2840,52861,21225,379,2025-04-26,433,3,PASS,6928.4
2841,42259,21519,322,2024-06-19,136,3,PASS,22058.8
2842,86469,1819,34,2026-05-04,928,0,PASS,0.0
2843,32352,13581,146,2023-09-16,957,2,PASS,2089.9
2844,76683,28950,381,2024-04-16,334,4,CONDITIONAL,11976.0
2845,54630,25729,323,2024-06-05,154,3,PASS,19480.5
2846,68454,21044,229,2026-05-03,420,0,PASS,0.0
2847,66097,16218,21,2025-01-09,878,1,PASS,1139.0
2848,57876,18563,483,2024-03-09,567,3,PASS,5291.0
2849,20759,4498,62,2025-12-12,805,0,PASS,0.0
2850,26876,17484,340,2024-05-05,393,4,CONDITIONAL,10178.1
2851,41430,21340,245,2023-01-08,685,4,CONDITIONAL,5839.4
2852,68871,28788,189,2023-09-29,110,1,PASS,9090.9
2853,7064,15427,111,2023-06-23,968,3,PASS,3099.2
2854,12736,24175,9,2025-06-04,661,4,CONDITIONAL,6051.4
2855,17654,23504,283,2025-07-17,303,0,PASS,0.0
2856,18981,8584,66,2025-03-29,739,4,CONDITIONAL,5412.7
2857,13482,2792,46,2026-01-12,186,2,PASS,10752.7
2858,39151,14017,118,2024-12-29,416,4,CONDITIONAL,9615.4
2859,57642,11560,19,2023-06-14,689,3,PASS,4354.1
2860,84243,17580,46,2026-05-04,120,3,PASS,25000.0
2861,48082,12272,382,2023-12-28,280,2,PASS,7142.9
2862,42441,3701,50,2024-07-12,634,0,PASS,0.0
2863,2492,8553,176,2024-12-07,951,2,PASS,2103.0
2864,65654,26869,300,2024-11-06,617,4,CONDITIONAL,6483.0
2865,67184,21023,222,2024-03-03,648,1,PASS,1543.2
2866,11643,18552,122,2024-02-20,431,4,CONDITIONAL,9280.7
2867,34441,5594,468,2023-07-05,909,2,PASS,2200.2
2868,77847,26647,161,2026-01-18,546,1,PASS,1831.5
2869,38263,14074,177,2025-10-05,506,0,PASS,0.0
2870,25835,7265,79,2023-10-18,814,2,PASS,2457.0
2871,68731,4132,176,2026-01-09,615,3,PASS,4878.0
2872,5882,25918,160,2024-02-02,666,4,CONDITIONAL,6006.0
2873,38108,22897,312,2024-02-22,423,3,PASS,7092.2
2874,9057,12977,405,2025-09-13,160,2,PASS,12500.0
2875,5898,17651,385,2025-11-01,365,1,PASS,2739.7
2876,70006,23325,70,2024-10-23,867,0,PASS,0.0
2877,32895,723,416,2023-06-25,693,4,CONDITIONAL,5772.0
2878,19990,7032,343,2026-09-13,920,0,PASS,0.0
2879,82221,17488,175,2026-09-11,565,1,PASS,1769.9
2880,88652,25981,99,2025-07-30,857,2,PASS,2333.7
2881,12827,20235,180,2024-04-04,947,3,PASS,3167.9
2882,17920,13517,102,2024-08-29,933,1,PASS,1071.8
2883,82758,12320,127,2025-10-15,713,1,PASS,1402.5
2884,27278,4387,224,2024-07-24,923,3,PASS,3250.3
2885,46001,7508,271,2024-02-20,281,1,PASS,3558.7
2886,38927,21354,417,2024-02-14,633,1,PASS,1579.8
2887,75814,28502,226,2023-01-18,267,3,PASS,11236.0
2888,60396,6452,340,2026-02-07,838,4,CONDITIONAL,4773.3
2889,19912,2145,265,2023-02-03,779,0,PASS,0.0
2890,9839,11846,149,2024-05-28,864,4,CONDITIONAL,4629.6
2891,72964,7298,257,2023-09-26,761,3,PASS,3942.2
2892,62310,18238,177,2025-03-01,471,0,PASS,0.0
2893,80904,23497,369,2026-08-18,995,4,CONDITIONAL,4020.1
2894,26709,15007,226,2023-07-11,307,4,CONDITIONAL,13029.3
2895,40012,14023,188,2023-10-01,324,3,PASS,9259.3
2896,30544,19176,234,2024-07-15,697,3,PASS,4304.2
2897,45297,28582,63,2025-12-31,462,1,PASS,2164.5
2898,33056,15029,211,2026-02-28,908,2,PASS,2202.6
2899,21552,27946,179,2025-10-17,416,2,PASS,4807.7
2900,65678,25732,487,2023-01-18,899,4,CONDITIONAL,4449.4
2901,30964,19515,410,2026-03-12,191,1,PASS,5235.6
2902,21970,3728,148,2025-07-21,330,0,PASS,0.0
2903,31455,13070,40,2025-02-17,393,1,PASS,2544.5
2904,19827,28034,91,2024-08-02,515,1,PASS,1941.7
2905,6803,6999,90,2025-01-17,207,0,PASS,0.0
2906,29345,3368,462,2025-05-18,440,4,CONDITIONAL,9090.9
2907,27176,4700,326,2024-01-02,164,3,PASS,18292.7
2908,70663,16123,434,2026-02-18,265,4,CONDITIONAL,15094.3
2909,66874,21680,69,2023-12-22,558,1,PASS,1792.1
2910,46880,27109,404,2024-08-09,275,3,PASS,10909.1
2911,1298,364,412,2023-08-13,874,0,PASS,0.0
2912,11958,23284,353,2024-05-27,101,4,CONDITIONAL,39604.0
2913,86231,5003,270,2024-09-16,127,0,PASS,0.0
2914,16878,19315,409,2026-07-16,877,3,PASS,3420.8
2915,44531,14346,95,2025-02-15,795,2,PASS,2515.7
2916,75310,29862,455,2023-02-12,838,4,CONDITIONAL,4773.3
2917,76381,17959,372,2023-04-26,157,3,PASS,19108.3
2918,77648,12163,394,2023-10-26,569,4,CONDITIONAL,7029.9
2919,86710,27088,472,2024-11-26,670,0,PASS,0.0
2920,56163,44,91,2023-04-27,148,3,PASS,20270.3
2921,27993,25993,137,2026-08-21,152,2,PASS,13157.9
2922,61155,3952,476,2024-12-13,724,2,PASS,2762.4
2923,67844,18176,88,2026-01-28,544,4,CONDITIONAL,7352.9
2924,52282,17877,369,2024-03-02,588,2,PASS,3401.4
2925,68702,9090,135,2024-12-23,323,2,PASS,6192.0
2926,55003,19080,401,2025-03-06,139,4,CONDITIONAL,28777.0
2927,37136,15020,369,2024-07-17,272,3,PASS,11029.4
2928,37319,5600,494,2026-07-24,814,3,PASS,3685.5
2929,18746,446,267,2026-06-17,133,1,PASS,7518.8
2930,79792,16494,307,2024-03-10,412,3,PASS,7281.6
2931,6759,7227,139,2026-07-27,973,4,CONDITIONAL,4111.0
2932,4942,520,431,2024-03-19,716,2,PASS,2793.3
2933,25280,27788,28,2024-10-24,487,2,PASS,4106.8
2934,4164,8179,432,2024-07-14,134,1,PASS,7462.7
2935,25512,15724,96,2023-10-07,519,0,PASS,0.0
2936,13098,13415,415,2025-05-27,129,1,PASS,7751.9
2937,8818,6099,199,2023-11-18,430,0,PASS,0.0
2938,38006,24674,175,2025-04-14,648,2,PASS,3086.4
2939,31240,27253,140,2023-09-26,941,3,PASS,3188.1
2940,81966,27207,70,2026-01-26,334,3,PASS,8982.0
2941,51327,4086,342,2026-04-04,519,2,PASS,3853.6
2942,45978,26053,176,2026-05-10,672,1,PASS,1488.1
2943,49498,717,458,2023-04-24,919,3,PASS,3264.4
2944,26702,16131,225,2023-10-15,572,2,PASS,3496.5
2945,6648,6138,458,2026-07-29,193,4,CONDITIONAL,20725.4
2946,57498,10024,7,2025-04-18,534,3,PASS,5618.0
2947,12244,26569,123,2024-01-22,154,0,PASS,0.0
2948,50856,12038,335,2024-04-03,357,2,PASS,5602.2
2949,47894,20426,9,2025-01-02,662,2,PASS,3021.1
2950,73622,11767,496,2023-11-30,718,4,CONDITIONAL,5571.0
2951,18950,9820,499,2023-10-25,114,3,PASS,26315.8
2952,54135,18019,195,2026-02-19,133,4,CONDITIONAL,30075.2
2953,4742,14783,73,2025-01-12,107,1,PASS,9345.8
2954,16763,26213,180,2024-03-31,515,2,PASS,3883.5
2955,41448,1380,293,2024-04-07,138,3,PASS,21739.1
2956,23701,24438,184,2026-05-08,562,4,CONDITIONAL,7117.4
2957,11665,9333,424,2024-07-06,500,1,PASS,2000.0
2958,22724,12226,223,2024-08-08,263,2,PASS,7604.6
2959,35938,1307,3,2026-05-31,530,7,FAIL,13207.5
2960,60200,8060,369,2023-09-29,607,1,PASS,1647.4
2961,65303,12987,312,2023-12-03,941,1,PASS,1062.7
2962,85019,17102,394,2023-09-07,694,2,PASS,2881.8
2963,60249,13372,193,2023-03-21,383,0,PASS,0.0
2964,40161,13397,459,2025-01-05,655,2,PASS,3053.4
2965,64567,25459,326,2024-06-09,786,4,CONDITIONAL,5089.1
2966,59721,20033,6,2026-05-01,113,4,CONDITIONAL,35398.2
2967,7648,2888,93,2023-10-11,766,2,PASS,2611.0
2968,53762,23489,436,2025-12-19,463,1,PASS,2159.8
2969,18638,25192,371,2025-09-03,256,2,PASS,7812.5
2970,49100,2267,178,2023-05-03,777,4,CONDITIONAL,5148.0
2971,81192,25554,64,2023-05-29,647,3,PASS,4636.8
2972,39497,3906,400,2024-03-26,501,0,PASS,0.0
2973,4053,21162,479,2026-07-01,414,1,PASS,2415.5
2974,63102,22784,218,2026-03-05,230,3,PASS,13043.5
2975,28772,23263,165,2026-02-28,929,4,CONDITIONAL,4305.7
2976,61724,3655,457,2026-02-21,962,3,PASS,3118.5
2977,26879,28250,81,2024-05-31,785,1,PASS,1273.9
2978,34192,1358,56,2023-08-08,504,0,PASS,0.0
2979,38968,6009,40,2023-11-16,736,1,PASS,1358.7
2980,45498,25054,387,2026-06-24,765,2,PASS,2614.4
2981,24789,17264,211,2023-06-22,977,2,PASS,2047.1
2982,48859,27381,435,2023-06-27,301,1,PASS,3322.3
2983,8467,21456,28,2024-03-26,131,1,PASS,7633.6
2984,20153,740,92,2025-01-10,276,4,CONDITIONAL,14492.8
2985,41196,6276,270,2023-10-24,546,1,PASS,1831.5
2986,35586,6211,43,2024-02-29,754,3,PASS,3978.8
2987,38343,6912,195,2023-07-20,815,3,PASS,3681.0
2988,1101,18667,421,2023-09-17,864,1,PASS,1157.4
2989,47361,8085,221,2024-12-09,689,1,PASS,1451.4
2990,8520,3077,36,2025-09-30,682,3,PASS,4398.8
2991,34901,272,4,2023-12-12,747,0,PASS,0.0
2992,54026,18929,123,2025-01-01,532,3,PASS,5639.1
2993,23941,17239,94,2026-09-04,131,0,PASS,0.0
2994,87567,8677,128,2025-09-02,695,3,PASS,4316.5
2995,37536,29149,194,2024-06-10,423,1,PASS,2364.1
2996,2510,23889,305,2023-06-10,692,1,PASS,1445.1
2997,79669,20781,61,2024-03-26,271,1,PASS,3690.0
2998,46692,25142,49,2026-07-17,844,2,PASS,2369.7
2999,85781,19392,423,2026-07-24,126,0,PASS,0.0
3000,23457,205,494,2025-04-12,754,2,PASS,2652.5
3001,35118,10963,295,2024-08-23,837,0,PASS,0.0
3002,70538,4683,152,2023-12-02,611,4,CONDITIONAL,6546.6
3003,25777,20588,214,2023-02-01,653,0,PASS,0.0
3004,27029,15633,154,2026-04-23,525,4,CONDITIONAL,7619.0
3005,54126,29298,272,2026-05-30,126,4,CONDITIONAL,31746.0
3006,53480,28614,144,2025-07-23,638,1,PASS,1567.4
3007,16076,6295,441,2023-05-30,834,4,CONDITIONAL,4796.2
3008,87841,13631,147,2023-11-30,120,1,PASS,8333.3
3009,83003,23223,336,2024-02-09,155,1,PASS,6451.6
3010,21012,21531,177,2025-12-15,609,0,PASS,0.0
3011,14417,16576,29,2025-01-17,289,4,CONDITIONAL,13840.8
3012,79935,21300,302,2023-12-06,158,3,PASS,18987.3
3013,4732,15738,469,2026-01-27,577,3,PASS,5199.3
3014,31863,9759,115,2025-04-07,628,1,PASS,1592.4
3015,2045,18945,241,2025-03-28,447,1,PASS,2237.1
3016,16406,4385,378,2023-12-09,986,4,CONDITIONAL,4056.8
3017,10438,16090,302,2025-06-06,684,0,PASS,0.0
3018,48987,2889,499,2023-11-24,267,1,PASS,3745.3
3019,5821,1343,380,2025-08-12,515,4,CONDITIONAL,7767.0
3020,61414,28402,106,2025-07-20,795,1,PASS,1257.9
3021,43987,13250,64,2024-11-09,416,2,PASS,4807.7
3022,67753,23472,15,2024-05-02,536,4,CONDITIONAL,7462.7
3023,49532,2567,265,2025-02-21,165,3,PASS,18181.8
3024,32949,22493,319,2025-05-13,715,3,PASS,4195.8
3025,46057,19245,188,2024-10-06,645,1,PASS,1550.4
3026,48975,29081,429,2025-05-14,176,3,PASS,17045.5
3027,37124,17938,9,2024-01-15,985,2,PASS,2030.5
3028,32243,5617,223,2024-09-30,455,2,PASS,4395.6
3029,18279,3889,108,2025-08-20,109,3,PASS,27522.9
3030,28715,6587,271,2023-06-17,834,4,CONDITIONAL,4796.2
3031,64482,29647,417,2025-03-19,176,0,PASS,0.0
3032,40884,15825,101,2025-12-04,543,2,PASS,3683.2
3033,11430,29687,212,2024-02-20,869,1,PASS,1150.7
3034,3113,25305,66,2023-04-11,962,0,PASS,0.0
3035,25486,18692,44,2024-02-13,996,2,PASS,2008.0
3036,52511,10847,99,2024-01-04,543,1,PASS,1841.6
3037,87975,22650,8,2026-08-28,695,0,PASS,0.0
3038,66696,3347,416,2024-03-21,700,0,PASS,0.0
3039,21868,22210,249,2023-07-30,372,4,CONDITIONAL,10752.7
3040,4363,5882,218,2024-03-28,792,3,PASS,3787.9
3041,65302,6148,237,2024-07-09,698,0,PASS,0.0
3042,13536,19034,56,2024-08-23,876,0,PASS,0.0
3043,89808,21922,63,2023-09-03,959,4,CONDITIONAL,4171.0
3044,33746,13756,424,2023-09-04,468,0,PASS,0.0
3045,4143,20433,406,2025-07-19,515,0,PASS,0.0
3046,73699,16245,69,2025-12-18,645,0,PASS,0.0
3047,88153,23323,114,2025-11-05,760,4,CONDITIONAL,5263.2
3048,61092,6924,79,2025-09-18,615,3,PASS,4878.0
3049,24,23409,15,2024-11-10,217,3,PASS,13824.9
3050,40415,17843,330,2026-06-01,741,0,PASS,0.0
3051,65886,18616,42,2023-05-06,740,3,PASS,4054.1
3052,67951,1087,289,2024-04-10,304,2,PASS,6578.9
3053,65193,28108,54,2023-05-20,592,2,PASS,3378.4
3054,5465,3428,91,2024-07-20,121,2,PASS,16528.9
3055,76655,14813,245,2025-12-27,666,4,CONDITIONAL,6006.0
3056,25424,8935,279,2023-01-09,740,0,PASS,0.0
3057,11541,7675,454,2025-03-03,171,4,CONDITIONAL,23391.8
3058,36773,26707,28,2024-04-20,695,0,PASS,0.0
3059,89240,18417,411,2023-11-14,390,2,PASS,5128.2
3060,40339,18431,394,2023-01-11,347,4,CONDITIONAL,11527.4
3061,37076,15282,346,2023-10-22,421,2,PASS,4750.6
3062,57402,20740,238,2023-06-30,491,0,PASS,0.0
3063,6098,26209,472,2024-01-09,849,4,CONDITIONAL,4711.4
3064,76781,9958,486,2024-10-21,614,2,PASS,3257.3
3065,40661,11245,457,2023-04-11,589,1,PASS,1697.8
3066,17975,8005,261,2024-03-30,142,0,PASS,0.0
3067,38236,4765,189,2026-07-03,185,0,PASS,0.0
3068,81552,12565,410,2023-12-13,698,2,PASS,2865.3
3069,14380,27897,293,2025-07-17,567,3,PASS,5291.0
3070,32637,11171,6,2024-07-18,538,2,PASS,3717.5
3071,62516,2783,421,2023-01-12,454,3,PASS,6607.9
3072,80576,19211,235,2025-09-22,569,3,PASS,5272.4
3073,14406,7782,139,2025-05-05,992,3,PASS,3024.2
3074,8288,2865,452,2023-07-19,572,3,PASS,5244.8
3075,81243,16686,312,2023-11-27,100,4,CONDITIONAL,40000.0
3076,53645,29198,296,2023-12-17,996,1,PASS,1004.0
3077,60646,11482,309,2023-09-19,643,3,PASS,4665.6
3078,28278,19161,64,2026-07-27,738,4,CONDITIONAL,5420.1
3079,43282,12668,372,2025-01-19,723,4,CONDITIONAL,5532.5
3080,81443,23799,485,2026-09-15,902,3,PASS,3325.9
3081,59261,4832,27,2025-06-29,902,2,PASS,2217.3
3082,76356,10930,485,2023-11-22,396,3,PASS,7575.8
3083,88776,10904,224,2025-12-30,611,3,PASS,4910.0
3084,28385,8851,46,2023-10-26,241,4,CONDITIONAL,16597.5
3085,47318,13398,151,2026-09-30,920,4,CONDITIONAL,4347.8
3086,34760,28681,61,2026-09-29,493,2,PASS,4056.8
3087,35660,1926,124,2026-08-08,342,3,PASS,8771.9
3088,17234,7791,22,2024-04-07,927,2,PASS,2157.5
3089,26979,1848,15,2025-02-20,191,1,PASS,5235.6
3090,61242,2011,29,2023-08-29,520,4,CONDITIONAL,7692.3
3091,48019,9929,448,2026-01-21,171,1,PASS,5848.0
3092,10369,7152,29,2024-10-26,136,0,PASS,0.0
3093,40722,24353,31,2026-09-10,788,2,PASS,2538.1
3094,42079,16896,320,2025-11-01,353,1,PASS,2832.9
3095,38728,10471,192,2023-06-23,378,2,PASS,5291.0
3096,28526,24658,102,2025-08-09,818,0,PASS,0.0
3097,2345,29896,430,2023-08-31,674,1,PASS,1483.7
3098,43093,10863,177,2024-04-13,266,3,PASS,11278.2
3099,68030,25462,479,2023-09-12,322,1,PASS,3105.6
3100,76380,18581,467,2023-10-18,391,2,PASS,5115.1
3101,24193,27273,41,2026-05-13,605,1,PASS,1652.9
3102,8947,9156,239,2024-02-12,663,3,PASS,4524.9
3103,78355,20615,198,2025-12-24,233,4,CONDITIONAL,17167.4
3104,74604,28524,420,2023-01-30,833,4,CONDITIONAL,4801.9
3105,58475,16227,42,2025-02-21,640,1,PASS,1562.5
3106,17577,3371,165,2025-01-01,463,1,PASS,2159.8
3107,72138,29740,164,2024-12-13,968,2,PASS,2066.1
3108,47346,20320,285,2025-03-20,523,3,PASS,5736.1
3109,67708,24373,303,2023-04-07,995,0,PASS,0.0
3110,38055,24056,400,2025-10-10,463,2,PASS,4319.7
3111,56637,1406,458,2023-12-12,934,3,PASS,3212.0
3112,57346,7824,357,2023-08-25,503,3,PASS,5964.2
3113,76860,25173,367,2025-11-28,925,3,PASS,3243.2
3114,78728,14424,27,2025-01-01,971,2,PASS,2059.7
3115,36928,3980,428,2024-04-23,833,4,CONDITIONAL,4801.9
3116,71653,16939,334,2025-03-27,719,3,PASS,4172.5
3117,6098,29578,496,2026-02-20,238,0,PASS,0.0
3118,43676,27382,153,2024-12-22,648,2,PASS,3086.4
3119,77601,20000,245,2025-11-30,323,1,PASS,3096.0
3120,60138,22647,235,2024-12-28,511,4,CONDITIONAL,7827.8
3121,45448,5620,128,2026-09-16,499,2,PASS,4008.0
3122,64813,21617,222,2025-02-10,776,3,PASS,3866.0
3123,63798,1571,477,2024-07-12,371,2,PASS,5390.8
3124,51488,5930,295,2024-01-30,565,1,PASS,1769.9
3125,29671,8789,201,2023-06-21,581,1,PASS,1721.2
3126,52825,22217,43,2025-11-25,209,0,PASS,0.0
3127,34740,14037,329,2024-06-13,435,0,PASS,0.0
3128,79367,14912,445,2023-05-26,878,2,PASS,2277.9
3129,32904,8407,429,2026-02-25,627,1,PASS,1594.9
3130,16358,27539,124,2025-01-10,307,3,PASS,9772.0
3131,35408,22558,478,2023-12-19,189,0,PASS,0.0
3132,77263,3285,263,2023-07-17,699,0,PASS,0.0
3133,41679,6071,354,2025-08-18,472,4,CONDITIONAL,8474.6
3134,41646,13736,258,2025-08-22,105,4,CONDITIONAL,38095.2
3135,45714,20265,453,2023-08-17,207,3,PASS,14492.8
3136,3268,20212,478,2024-12-22,211,3,PASS,14218.0
3137,13771,9705,7,2026-02-12,361,2,PASS,5540.2
3138,51270,14216,465,2025-04-19,340,4,CONDITIONAL,11764.7
3139,80250,22861,99,2024-11-28,138,2,PASS,14492.8
3140,22472,29700,135,2025-07-20,600,2,PASS,3333.3
3141,79632,44,242,2024-03-19,417,3,PASS,7194.2
3142,3531,20403,362,2025-06-21,877,4,CONDITIONAL,4561.0
3143,55630,14780,375,2025-03-14,232,1,PASS,4310.3
3144,39223,21996,385,2026-04-06,471,4,CONDITIONAL,8492.6
3145,56736,6385,161,2024-07-05,812,0,PASS,0.0
3146,32341,7568,378,2025-03-18,610,2,PASS,3278.7
3147,55121,17733,156,2024-11-08,588,0,PASS,0.0
3148,53937,4481,460,2023-01-22,730,0,PASS,0.0
3149,27246,29815,131,2024-06-18,736,3,PASS,4076.1
3150,70682,3653,75,2024-09-22,526,4,CONDITIONAL,7604.6
3151,88415,23863,284,2023-12-01,416,3,PASS,7211.5
3152,29801,7227,470,2026-03-01,659,1,PASS,1517.5
3153,87169,23525,478,2024-06-12,309,2,PASS,6472.5
3154,14633,25917,149,2026-06-15,323,0,PASS,0.0
3155,79367,21923,259,2026-03-24,229,3,PASS,13100.4
3156,73781,18699,3,2024-04-12,641,3,PASS,4680.2
3157,38523,20058,386,2023-08-24,447,0,PASS,0.0
3158,77856,15080,408,2026-02-26,575,3,PASS,5217.4
3159,3884,27076,416,2025-10-07,299,0,PASS,0.0
3160,34657,8723,165,2025-01-02,648,1,PASS,1543.2
3161,7819,10986,94,2025-11-17,916,4,CONDITIONAL,4366.8
3162,30773,24541,357,2024-07-18,579,1,PASS,1727.1
3163,82286,14,51,2025-03-30,475,0,PASS,0.0
3164,8414,12139,167,2026-09-08,561,2,PASS,3565.1
3165,38024,9073,62,2025-03-14,811,2,PASS,2466.1
3166,36633,15633,320,2023-01-21,364,0,PASS,0.0
3167,73403,19364,317,2023-08-26,857,0,PASS,0.0
3168,66514,12061,34,2024-06-04,718,0,PASS,0.0
3169,16302,79,296,2023-08-09,550,2,PASS,3636.4
3170,21511,21346,17,2026-03-13,434,1,PASS,2304.1
3171,54746,1775,108,2026-09-04,139,3,PASS,21582.7
3172,33934,4057,326,2024-02-07,103,2,PASS,19417.5
3173,56402,12568,192,2025-12-23,150,1,PASS,6666.7
3174,40555,14711,477,2026-06-11,827,0,PASS,0.0
3175,55477,11348,359,2023-03-05,230,1,PASS,4347.8
3176,68252,21235,50,2025-11-21,941,1,PASS,1062.7
3177,26110,16286,357,2023-07-03,420,2,PASS,4761.9
3178,84788,7178,49,2024-01-14,253,3,PASS,11857.7
3179,20124,28619,339,2023-02-22,713,3,PASS,4207.6
3180,11965,24967,66,2025-10-23,218,0,PASS,0.0
3181,15269,20856,387,2026-02-14,403,4,CONDITIONAL,9925.6
3182,56794,104,484,2024-03-29,804,0,PASS,0.0
3183,60660,16074,394,2025-02-13,523,1,PASS,1912.0
3184,30621,11010,119,2023-07-10,527,3,PASS,5692.6
3185,57953,5520,211,2025-03-05,919,2,PASS,2176.3
3186,55981,4677,461,2025-02-01,681,4,CONDITIONAL,5873.7
3187,76930,15014,463,2024-06-08,578,4,CONDITIONAL,6920.4
3188,21536,9485,212,2025-12-28,758,1,PASS,1319.3
3189,46734,27302,415,2024-01-19,589,1,PASS,1697.8
3190,72501,28305,5,2025-06-18,217,2,PASS,9216.6
3191,66183,5701,122,2023-09-20,706,0,PASS,0.0
3192,68368,16590,205,2023-05-23,334,1,PASS,2994.0
3193,77503,8260,443,2024-01-06,248,3,PASS,12096.8
3194,52527,21916,310,2023-08-13,677,3,PASS,4431.3
3195,65926,26128,314,2024-08-29,982,1,PASS,1018.3
3196,37634,12680,6,2024-02-23,900,3,PASS,3333.3
3197,82183,23373,385,2026-04-07,242,0,PASS,0.0
3198,18765,17113,440,2024-08-06,991,4,CONDITIONAL,4036.3
3199,11021,13383,333,2025-08-02,977,3,PASS,3070.6
3200,21911,28660,162,2024-03-08,591,0,PASS,0.0
3201,20492,26624,336,2024-02-12,287,0,PASS,0.0
3202,45723,11166,269,2025-07-11,970,0,PASS,0.0
3203,42687,29908,44,2023-09-09,708,3,PASS,4237.3
3204,11872,2464,66,2024-01-21,990,4,CONDITIONAL,4040.4
3205,36658,17670,259,2023-11-04,133,4,CONDITIONAL,30075.2
3206,606,3528,21,2023-09-01,424,4,CONDITIONAL,9434.0
3207,16046,9080,417,2023-02-03,259,1,PASS,3861.0
3208,71914,26015,224,2026-09-16,965,1,PASS,1036.3
3209,49013,22455,66,2026-06-07,796,3,PASS,3768.8
3210,48332,16160,72,2023-10-13,108,4,CONDITIONAL,37037.0
3211,35654,10339,207,2023-12-15,869,0,PASS,0.0
3212,19886,15706,4,2023-10-31,239,0,PASS,0.0
3213,32798,147,282,2025-08-13,397,0,PASS,0.0
3214,72146,11203,140,2026-04-11,487,1,PASS,2053.4
3215,73223,4382,462,2023-05-22,574,2,PASS,3484.3
3216,11839,23508,136,2023-05-02,658,1,PASS,1519.8
3217,81078,25318,399,2023-11-23,859,0,PASS,0.0
3218,3316,15595,214,2024-11-28,931,1,PASS,1074.1
3219,10686,3557,21,2024-12-23,132,1,PASS,7575.8
3220,44234,17411,412,2025-01-09,545,0,PASS,0.0
3221,57120,4140,5,2023-03-12,274,3,PASS,10948.9
3222,51245,27668,190,2025-05-04,943,0,PASS,0.0
3223,25811,28301,362,2025-12-19,539,0,PASS,0.0
3224,28323,25555,285,2025-02-24,986,0,PASS,0.0
3225,56079,28682,184,2023-10-04,912,0,PASS,0.0
3226,60628,2880,463,2024-06-20,607,2,PASS,3294.9
3227,43626,21972,414,2026-05-20,791,4,CONDITIONAL,5056.9
3228,55948,7192,336,2024-04-12,886,2,PASS,2257.3
3229,48927,23856,397,2023-04-17,506,4,CONDITIONAL,7905.1
3230,2536,7637,409,2024-06-07,713,1,PASS,1402.5
3231,58449,7124,112,2024-04-10,533,3,PASS,5628.5
3232,59453,26068,436,2023-04-06,208,3,PASS,14423.1
3233,85422,16995,395,2026-02-14,289,4,CONDITIONAL,13840.8
3234,44089,14434,66,2023-10-05,833,0,PASS,0.0
3235,19076,281,453,2025-02-18,156,0,PASS,0.0
3236,67836,16185,350,2024-12-26,174,4,CONDITIONAL,22988.5
3237,35372,9602,447,2025-02-22,527,4,CONDITIONAL,7590.1
3238,29762,7333,454,2023-12-31,858,1,PASS,1165.5
3239,3311,11323,436,2025-10-07,411,3,PASS,7299.3
3240,30788,7534,480,2025-12-26,834,0,PASS,0.0
3241,65395,12942,467,2024-02-04,309,4,CONDITIONAL,12945.0
3242,67516,16973,159,2023-04-14,362,3,PASS,8287.3
3243,35285,17555,167,2025-10-11,213,3,PASS,14084.5
3244,83291,27996,155,2026-07-07,520,2,PASS,3846.2
3245,16876,5123,45,2024-02-24,329,0,PASS,0.0
3246,67852,18559,380,2024-01-18,354,4,CONDITIONAL,11299.4
3247,45831,18172,147,2026-02-02,663,0,PASS,0.0
3248,18393,177,181,2023-06-08,713,4,CONDITIONAL,5610.1
3249,52983,10725,217,2025-04-16,424,1,PASS,2358.5
3250,17524,13157,255,2025-02-15,848,4,CONDITIONAL,4717.0
3251,32478,11987,332,2026-02-07,332,3,PASS,9036.1
3252,14962,10911,9,2026-07-01,454,1,PASS,2202.6
3253,73681,10692,31,2025-05-26,865,1,PASS,1156.1
3254,39902,5519,221,2024-06-19,351,0,PASS,0.0
3255,26296,13516,55,2024-09-11,416,1,PASS,2403.8
3256,44138,17627,132,2023-04-01,283,4,CONDITIONAL,14134.3
3257,84461,14393,369,2026-02-21,958,4,CONDITIONAL,4175.4
3258,22705,6919,418,2023-12-10,750,0,PASS,0.0
3259,80698,11034,444,2026-06-09,641,3,PASS,4680.2
3260,62095,12443,305,2026-04-08,322,1,PASS,3105.6
3261,47909,25875,42,2024-05-14,236,4,CONDITIONAL,16949.2
3262,73639,4817,319,2025-10-26,948,2,PASS,2109.7
3263,25966,7830,434,2025-05-21,338,1,PASS,2958.6
3264,5268,10164,4,2023-05-27,996,0,PASS,0.0
3265,51412,14596,353,2025-09-04,777,3,PASS,3861.0
3266,41025,14189,112,2026-07-15,419,3,PASS,7159.9
3267,38799,19282,388,2026-01-27,940,3,PASS,3191.5
3268,1200,9719,410,2024-10-04,211,3,PASS,14218.0
3269,66404,3980,446,2025-08-10,261,3,PASS,11494.3
3270,20518,14750,413,2024-06-21,318,0,PASS,0.0
3271,51212,4235,451,2025-03-04,981,2,PASS,2038.7
3272,55354,28563,403,2024-03-23,979,4,CONDITIONAL,4085.8
3273,60401,28945,35,2024-01-23,950,3,PASS,3157.9
3274,36025,1792,330,2025-01-31,189,0,PASS,0.0
3275,5035,3974,291,2023-01-04,198,3,PASS,15151.5
3276,54853,953,125,2025-06-03,730,3,PASS,4109.6
3277,79210,15148,494,2026-05-05,966,0,PASS,0.0
3278,3890,22475,108,2023-07-20,309,4,CONDITIONAL,12945.0
3279,49631,19166,247,2025-12-29,858,0,PASS,0.0
3280,69704,13722,136,2023-01-12,170,0,PASS,0.0
3281,2993,5579,229,2026-06-06,636,4,CONDITIONAL,6289.3
3282,77835,15845,226,2025-08-23,576,3,PASS,5208.3
3283,47310,18298,331,2024-08-09,731,3,PASS,4104.0
3284,63924,17845,38,2025-06-10,831,0,PASS,0.0
3285,61623,5673,330,2025-06-12,215,0,PASS,0.0
3286,70776,1071,356,2025-05-07,868,2,PASS,2304.1
3287,75130,8614,476,2023-10-24,849,3,PASS,3533.6
3288,1363,8156,113,2025-02-18,980,1,PASS,1020.4
3289,43626,16930,491,2026-01-11,733,4,CONDITIONAL,5457.0
3290,25513,1083,448,2023-07-11,373,2,PASS,5361.9
3291,65543,2560,39,2023-02-21,243,2,PASS,8230.5
3292,59800,13743,480,2023-12-25,679,4,CONDITIONAL,5891.0
3293,78675,13055,342,2023-05-14,337,2,PASS,5934.7
3294,65781,1506,267,2023-10-19,271,4,CONDITIONAL,14760.1
3295,50393,16027,463,2025-12-26,781,2,PASS,2560.8
3296,47234,29772,315,2026-03-22,989,1,PASS,1011.1
3297,53194,1967,109,2024-09-07,313,0,PASS,0.0
3298,80497,17743,264,2023-12-20,550,1,PASS,1818.2
3299,89725,887,204,2025-05-03,906,4,CONDITIONAL,4415.0
3300,58654,7387,191,2024-07-09,605,2,PASS,3305.8
3301,7088,24,498,2025-05-29,630,3,PASS,4761.9
3302,54586,18034,18,2025-10-10,735,0,PASS,0.0
3303,17856,21007,388,2025-02-13,634,0,PASS,0.0
3304,19713,17865,400,2024-01-22,778,1,PASS,1285.3
3305,89608,12174,319,2025-05-27,820,0,PASS,0.0
3306,60459,24051,94,2024-07-09,766,0,PASS,0.0
3307,33674,15241,194,2024-06-18,608,2,PASS,3289.5
3308,47205,10959,317,2025-04-27,517,1,PASS,1934.2
3309,66781,27244,230,2023-03-30,243,1,PASS,4115.2
3310,51935,3119,17,2025-12-02,916,3,PASS,3275.1
3311,86101,13102,347,2025-10-19,647,4,CONDITIONAL,6182.4
3312,44686,18293,371,2026-06-17,119,1,PASS,8403.4
3313,9252,4555,363,2026-07-12,326,0,PASS,0.0
3314,14253,1015,362,2023-03-26,506,2,PASS,3952.6
3315,9599,2943,398,2023-04-21,142,2,PASS,14084.5
3316,80788,14614,311,2023-05-14,253,0,PASS,0.0
3317,52859,22625,152,2026-04-21,216,1,PASS,4629.6
3318,84867,26725,379,2023-11-24,732,1,PASS,1366.1
3319,59156,26369,32,2023-12-22,915,1,PASS,1092.9
3320,88861,29916,495,2025-09-02,801,2,PASS,2496.9
3321,83203,2282,490,2023-06-04,590,2,PASS,3389.8
3322,62015,22288,206,2026-05-10,460,2,PASS,4347.8
3323,37256,29229,202,2024-06-24,811,1,PASS,1233.0
3324,37696,8383,409,2024-03-10,582,4,CONDITIONAL,6872.9
3325,80341,1207,461,2026-03-02,876,1,PASS,1141.6
3326,37581,5292,128,2025-03-26,812,0,PASS,0.0
3327,9499,27495,2,2025-06-18,391,2,PASS,5115.1
3328,15414,21771,340,2025-08-04,939,4,CONDITIONAL,4259.9
3329,40009,2670,451,2026-01-22,237,2,PASS,8438.8
3330,20084,14245,152,2023-12-17,283,1,PASS,3533.6
3331,18673,13479,232,2025-03-25,659,3,PASS,4552.4
3332,33215,19317,255,2023-11-20,121,4,CONDITIONAL,33057.9
3333,89112,3745,384,2024-11-27,112,3,PASS,26785.7
3334,45642,23109,279,2023-11-14,579,0,PASS,0.0
3335,17429,13244,219,2023-12-01,202,3,PASS,14851.5
3336,87925,26724,491,2024-06-24,712,4,CONDITIONAL,5618.0
3337,72839,22475,341,2026-02-06,623,1,PASS,1605.1
3338,11310,12979,492,2025-08-23,893,2,PASS,2239.6
3339,21081,22541,165,2023-05-10,149,0,PASS,0.0
3340,47901,26131,35,2026-04-01,774,1,PASS,1292.0
3341,77101,12184,317,2024-04-28,710,1,PASS,1408.5
3342,1364,8289,225,2023-09-23,654,4,CONDITIONAL,6116.2
3343,77820,15417,359,2024-05-20,689,0,PASS,0.0
3344,22506,1604,468,2026-06-29,204,4,CONDITIONAL,19607.8
3345,55999,14102,409,2023-07-06,649,1,PASS,1540.8
3346,76479,5480,407,2026-07-20,200,0,PASS,0.0
3347,45486,7729,9,2023-06-28,216,4,CONDITIONAL,18518.5
3348,39406,13827,77,2025-04-03,108,2,PASS,18518.5
3349,47815,28373,15,2025-11-14,479,3,PASS,6263.0
3350,33090,9320,45,2023-03-12,675,2,PASS,2963.0
3351,20696,2524,119,2026-09-05,318,0,PASS,0.0
3352,42901,29900,447,2026-02-12,991,2,PASS,2018.2
3353,15524,7122,407,2026-05-22,910,4,CONDITIONAL,4395.6
3354,1217,3133,117,2024-03-14,430,4,CONDITIONAL,9302.3
3355,58574,2674,345,2026-02-08,611,1,PASS,1636.7
3356,21444,16166,18,2025-07-22,489,0,PASS,0.0
3357,44388,29938,69,2023-02-06,378,2,PASS,5291.0
3358,37731,12103,219,2025-08-11,579,0,PASS,0.0
3359,36981,19609,81,2024-09-02,413,3,PASS,7263.9
3360,83205,10210,44,2023-06-08,230,2,PASS,8695.7
3361,11447,1917,484,2024-08-13,816,2,PASS,2451.0
3362,32808,8315,219,2023-07-31,563,2,PASS,3552.4
3363,51004,23805,411,2023-06-29,145,4,CONDITIONAL,27586.2
3364,74374,3171,318,2025-05-09,322,4,CONDITIONAL,12422.4
3365,88289,9435,390,2025-11-28,473,3,PASS,6342.5
3366,34577,8629,441,2025-11-30,512,2,PASS,3906.3
3367,2260,13273,255,2024-10-05,544,1,PASS,1838.2
3368,83864,13814,153,2024-01-20,245,4,CONDITIONAL,16326.5
3369,84785,9311,288,2024-06-22,885,0,PASS,0.0
3370,87254,13121,305,2025-01-26,201,2,PASS,9950.2
3371,41622,27002,8,2026-04-17,927,3,PASS,3236.2
3372,86826,21732,398,2025-06-04,379,3,PASS,7915.6
3373,72506,12521,112,2024-04-19,299,3,PASS,10033.4
3374,66855,10789,90,2025-02-02,808,0,PASS,0.0
3375,53181,25271,402,2023-07-14,785,0,PASS,0.0
3376,4308,23152,184,2023-01-10,309,4,CONDITIONAL,12945.0
3377,69121,13539,416,2026-04-03,141,2,PASS,14184.4
3378,57682,25371,44,2024-08-31,300,1,PASS,3333.3
3379,56190,3744,497,2023-12-22,975,0,PASS,0.0
3380,32235,24655,10,2026-09-11,683,2,PASS,2928.3
3381,8634,20970,167,2025-07-07,690,2,PASS,2898.6
3382,4344,5595,334,2026-09-01,607,0,PASS,0.0
3383,59300,3107,335,2026-03-26,510,3,PASS,5882.4
3384,13445,15498,414,2025-06-03,813,0,PASS,0.0
3385,74392,22498,19,2023-07-11,447,1,PASS,2237.1
3386,50300,11222,370,2025-03-16,193,2,PASS,10362.7
3387,56186,16287,271,2026-04-12,946,2,PASS,2114.2
3388,13509,1907,233,2026-09-05,682,1,PASS,1466.3
3389,77630,25378,95,2023-02-25,866,2,PASS,2309.5
3390,77762,18178,374,2026-08-31,380,1,PASS,2631.6
3391,44591,18867,166,2025-07-03,171,4,CONDITIONAL,23391.8
3392,16646,26329,372,2026-03-21,325,2,PASS,6153.8
3393,20637,23980,15,2023-10-15,230,3,PASS,13043.5
3394,8065,19583,208,2023-03-11,759,1,PASS,1317.5
3395,71379,21683,226,2025-03-18,953,4,CONDITIONAL,4197.3
3396,86071,21328,270,2026-05-15,736,3,PASS,4076.1
3397,60095,27651,27,2026-07-04,897,3,PASS,3344.5
3398,73294,12932,45,2023-05-13,966,4,CONDITIONAL,4140.8
3399,69177,5714,47,2024-12-19,757,3,PASS,3963.0
3400,62461,22432,141,2023-04-05,875,0,PASS,0.0
3401,59528,3968,454,2024-03-30,459,1,PASS,2178.6
3402,26908,14503,423,2026-05-02,229,2,PASS,8733.6
3403,75551,14068,489,2024-02-12,439,4,CONDITIONAL,9111.6
3404,15175,17539,100,2023-09-29,510,1,PASS,1960.8
3405,65139,23124,23,2023-10-18,747,2,PASS,2677.4
3406,70123,884,119,2023-12-15,159,3,PASS,18867.9
3407,59905,3656,495,2026-08-28,308,3,PASS,9740.3
3408,30960,989,318,2025-02-11,837,4,CONDITIONAL,4779.0
3409,56165,12290,333,2024-05-12,312,0,PASS,0.0
3410,35159,841,108,2025-01-06,277,3,PASS,10830.3
3411,9090,4838,460,2023-03-02,125,4,CONDITIONAL,32000.0
3412,28012,375,235,2026-03-25,757,3,PASS,3963.0
3413,5619,28399,437,2024-01-23,469,1,PASS,2132.2
3414,67005,5930,299,2025-03-10,857,4,CONDITIONAL,4667.4
3415,87871,2894,435,2024-07-29,115,4,CONDITIONAL,34782.6
3416,34749,25350,417,2025-07-13,309,3,PASS,9708.7
3417,44311,24191,397,2025-10-21,911,1,PASS,1097.7
3418,25221,2797,371,2026-07-08,765,1,PASS,1307.2
3419,85829,11294,362,2025-05-24,588,0,PASS,0.0
3420,18661,22335,152,2024-08-03,702,4,CONDITIONAL,5698.0
3421,52647,23285,472,2023-01-04,527,0,PASS,0.0
3422,58615,15354,26,2025-10-09,919,4,CONDITIONAL,4352.6
3423,33178,5454,229,2023-09-08,503,4,CONDITIONAL,7952.3
3424,48029,27491,162,2023-11-03,190,4,CONDITIONAL,21052.6
3425,4921,21139,421,2024-03-24,300,0,PASS,0.0
3426,33566,2471,85,2026-08-19,102,2,PASS,19607.8
3427,72721,19034,495,2023-02-11,919,1,PASS,1088.1
3428,39338,16199,66,2026-08-28,222,1,PASS,4504.5
3429,6041,17152,153,2023-08-12,348,1,PASS,2873.6
3430,35738,15423,311,2024-06-01,408,4,CONDITIONAL,9803.9
3431,21703,15852,49,2025-04-20,565,0,PASS,0.0
3432,4477,3053,258,2023-12-11,150,2,PASS,13333.3
3433,10569,26806,1,2025-08-31,335,8,FAIL,23880.6
3434,65886,28484,237,2024-07-15,208,3,PASS,14423.1
3435,88069,17130,270,2025-01-24,508,3,PASS,5905.5
3436,3904,9118,156,2023-07-29,760,3,PASS,3947.4
3437,72614,22199,421,2026-02-17,538,1,PASS,1858.7
3438,66943,8251,375,2024-01-10,303,2,PASS,6600.7
3439,19527,26208,330,2024-04-12,310,0,PASS,0.0
3440,3258,9318,479,2025-04-17,633,2,PASS,3159.6
3441,67235,14700,64,2024-03-22,528,3,PASS,5681.8
3442,35490,26678,430,2025-07-21,312,3,PASS,9615.4
3443,30269,1821,432,2026-06-20,196,4,CONDITIONAL,20408.2
3444,51089,18718,90,2025-11-21,275,2,PASS,7272.7
3445,21998,22574,141,2024-01-16,757,3,PASS,3963.0
3446,41466,13309,333,2023-08-24,255,3,PASS,11764.7
3447,78716,21668,39,2024-08-12,834,3,PASS,3597.1
3448,2177,23834,135,2024-10-07,767,1,PASS,1303.8
3449,17569,1871,154,2023-01-31,949,0,PASS,0.0
3450,76838,15319,399,2026-05-03,861,4,CONDITIONAL,4645.8
3451,16943,19988,440,2025-10-21,554,0,PASS,0.0
3452,66589,14255,335,2026-06-21,976,3,PASS,3073.8
3453,51842,5466,106,2024-03-17,635,0,PASS,0.0
3454,44534,6710,440,2026-09-24,954,0,PASS,0.0
3455,53842,7468,50,2023-12-25,894,0,PASS,0.0
3456,45731,20955,473,2026-04-27,961,0,PASS,0.0
3457,60055,1187,171,2025-12-25,668,1,PASS,1497.0
3458,10935,836,338,2026-03-20,872,2,PASS,2293.6
3459,71905,11482,167,2023-03-06,554,4,CONDITIONAL,7220.2
3460,51109,2535,460,2023-01-05,776,2,PASS,2577.3
3461,23587,28329,100,2026-08-26,461,1,PASS,2169.2
3462,58360,10672,101,2024-03-29,898,1,PASS,1113.6
3463,87709,8608,151,2023-09-17,588,3,PASS,5102.0
3464,86931,5197,402,2023-01-11,923,1,PASS,1083.4
3465,39337,16587,14,2025-09-26,862,4,CONDITIONAL,4640.4
3466,84109,28961,109,2024-08-19,909,1,PASS,1100.1
3467,52158,11628,324,2025-08-06,828,0,PASS,0.0
3468,4097,7575,24,2023-10-12,112,4,CONDITIONAL,35714.3
3469,66157,16716,444,2025-12-03,261,1,PASS,3831.4
3470,48677,21014,447,2025-02-23,530,4,CONDITIONAL,7547.2
3471,9189,6943,253,2023-11-28,629,4,CONDITIONAL,6359.3
3472,68852,14169,148,2025-11-24,241,4,CONDITIONAL,16597.5
3473,11238,6226,402,2026-01-01,188,3,PASS,15957.4
3474,26738,3041,208,2023-01-17,228,2,PASS,8771.9
3475,43389,15083,206,2025-07-17,931,1,PASS,1074.1
3476,13366,1207,173,2026-08-24,680,0,PASS,0.0
3477,17185,8387,124,2025-06-25,616,3,PASS,4870.1
3478,54203,8190,140,2024-11-02,546,3,PASS,5494.5
3479,17971,2637,26,2023-08-19,486,4,CONDITIONAL,8230.5
3480,76636,19136,336,2024-04-15,932,4,CONDITIONAL,4291.8
3481,14153,25781,125,2026-05-30,760,0,PASS,0.0
3482,21110,3885,368,2023-02-27,830,4,CONDITIONAL,4819.3
3483,11561,26641,345,2024-02-10,819,2,PASS,2442.0
3484,71781,7911,294,2025-07-03,218,3,PASS,13761.5
3485,50015,12939,247,2026-06-11,456,0,PASS,0.0
3486,58039,6477,102,2023-08-29,774,0,PASS,0.0
3487,75971,3141,161,2025-06-25,959,0,PASS,0.0
3488,26730,16057,317,2025-02-18,184,3,PASS,16304.3
3489,49476,17954,466,2025-11-11,853,4,CONDITIONAL,4689.3
3490,40122,3178,62,2025-03-09,987,1,PASS,1013.2
3491,64034,1647,75,2024-11-05,603,2,PASS,3316.7
3492,50377,25857,419,2026-09-16,496,3,PASS,6048.4
3493,45753,28662,38,2024-08-29,217,1,PASS,4608.3
3494,57689,20582,410,2025-06-22,103,4,CONDITIONAL,38835.0
3495,10698,19824,19,2026-08-27,269,1,PASS,3717.5
3496,10056,4194,115,2024-12-21,547,1,PASS,1828.2
3497,66263,26237,282,2024-07-28,632,1,PASS,1582.3
3498,36085,6567,96,2024-07-19,735,1,PASS,1360.5
3499,65142,9349,488,2025-05-29,613,3,PASS,4894.0
3500,56482,1082,254,2025-08-17,862,4,CONDITIONAL,4640.4
3501,44444,9699,158,2025-08-02,247,2,PASS,8097.2
3502,43302,10168,31,2026-06-10,761,1,PASS,1314.1
3503,56376,26461,323,2024-02-04,623,2,PASS,3210.3
3504,23876,678,68,2025-10-25,238,0,PASS,0.0
3505,77201,25455,190,2024-11-04,488,4,CONDITIONAL,8196.7
3506,7117,7327,388,2023-09-10,704,2,PASS,2840.9
3507,48754,10239,452,2023-01-03,227,0,PASS,0.0
3508,54517,17264,310,2023-03-09,741,3,PASS,4048.6
3509,58448,3759,369,2024-07-21,199,2,PASS,10050.3
3510,28083,16119,141,2023-01-06,833,3,PASS,3601.4
3511,80492,9015,461,2023-06-14,550,0,PASS,0.0
3512,39492,7324,164,2024-08-18,571,1,PASS,1751.3
3513,53087,22738,451,2026-01-25,802,4,CONDITIONAL,4987.5
3514,50333,5844,127,2026-04-28,103,3,PASS,29126.2
3515,18791,8563,152,2023-07-09,123,4,CONDITIONAL,32520.3
3516,2691,28394,253,2023-02-05,366,3,PASS,8196.7
3517,42441,13680,375,2024-07-30,361,0,PASS,0.0
3518,16787,16706,315,2026-02-08,928,3,PASS,3232.8
3519,76145,2308,187,2023-04-18,395,0,PASS,0.0
3520,31804,22089,273,2024-05-01,662,4,CONDITIONAL,6042.3
3521,34633,1694,494,2025-08-17,934,3,PASS,3212.0
3522,68246,4888,236,2026-04-04,213,0,PASS,0.0
3523,33920,3670,141,2026-07-25,948,0,PASS,0.0
3524,76725,1584,364,2026-03-21,246,3,PASS,12195.1
3525,41584,17865,460,2024-06-05,889,0,PASS,0.0
3526,67145,15771,155,2023-06-24,572,1,PASS,1748.3
3527,46476,22602,170,2025-11-02,204,2,PASS,9803.9
3528,31139,27046,185,2024-07-07,627,3,PASS,4784.7
3529,61533,3417,239,2023-08-03,112,0,PASS,0.0
3530,49843,24781,97,2025-04-10,487,3,PASS,6160.2
3531,19923,26727,394,2023-02-19,769,4,CONDITIONAL,5201.6
3532,41032,20481,158,2024-10-19,100,3,PASS,30000.0
3533,2795,14490,463,2026-03-24,213,1,PASS,4694.8
3534,21661,15167,228,2024-01-15,916,0,PASS,0.0
3535,56490,3428,124,2024-04-24,273,4,CONDITIONAL,14652.0
3536,37621,23889,438,2023-03-14,515,3,PASS,5825.2
3537,87327,17793,26,2025-07-12,724,4,CONDITIONAL,5524.9
3538,82074,10461,281,2025-03-01,485,0,PASS,0.0
3539,3146,2470,22,2025-01-10,362,2,PASS,5524.9
3540,58765,21646,18,2024-01-08,276,4,CONDITIONAL,14492.8
3541,81704,23726,262,2023-04-30,141,1,PASS,7092.2
3542,63675,21390,156,2026-05-09,654,1,PASS,1529.1
3543,72077,22445,82,2023-01-14,513,1,PASS,1949.3
3544,61962,16568,180,2026-05-02,660,2,PASS,3030.3
3545,80232,28767,466,2024-05-09,166,2,PASS,12048.2
3546,10168,8984,2,2023-12-30,168,8,FAIL,47619.0
3547,30518,19302,36,2026-08-06,877,4,CONDITIONAL,4561.0
3548,49897,10731,463,2026-09-29,773,4,CONDITIONAL,5174.6
3549,32239,28709,275,2025-01-20,363,1,PASS,2754.8
3550,51390,6504,400,2026-04-07,657,0,PASS,0.0
3551,68609,15564,28,2025-11-22,920,3,PASS,3260.9
3552,36172,11033,103,2024-12-06,964,4,CONDITIONAL,4149.4
3553,4535,1196,363,2026-05-26,731,4,CONDITIONAL,5472.0
3554,79576,20819,112,2024-04-18,262,4,CONDITIONAL,15267.2
3555,333,16215,104,2025-07-04,425,3,PASS,7058.8
3556,28733,7930,494,2025-02-11,307,0,PASS,0.0
3557,78108,24456,354,2023-12-19,566,3,PASS,5300.4
3558,11591,16863,385,2025-03-22,987,3,PASS,3039.5
3559,58978,82,236,2024-04-25,761,1,PASS,1314.1
3560,22358,3332,145,2026-09-12,997,3,PASS,3009.0
3561,70931,16332,2,2023-05-24,698,8,FAIL,11461.3
3562,8926,7945,215,2024-01-30,736,2,PASS,2717.4
3563,79631,7871,500,2025-10-01,571,4,CONDITIONAL,7005.3
3564,38271,4485,227,2024-02-14,185,0,PASS,0.0
3565,37160,4884,441,2023-10-24,197,3,PASS,15228.4
3566,13824,12488,457,2025-03-31,398,4,CONDITIONAL,10050.3
3567,13749,21115,493,2025-06-11,322,3,PASS,9316.8
3568,22721,22457,67,2024-09-28,623,1,PASS,1605.1
3569,79325,12723,321,2025-03-12,165,2,PASS,12121.2
3570,13294,9705,245,2024-07-28,780,4,CONDITIONAL,5128.2
3571,49931,25404,221,2026-01-05,812,1,PASS,1231.5
3572,27512,18000,385,2025-10-28,299,4,CONDITIONAL,13377.9
3573,78000,3883,253,2024-04-17,702,1,PASS,1424.5
3574,88275,12539,149,2025-12-08,462,1,PASS,2164.5
3575,19947,2398,191,2025-02-22,523,0,PASS,0.0
3576,46769,13870,468,2023-10-16,211,4,CONDITIONAL,18957.3
3577,42342,8213,450,2024-05-11,379,2,PASS,5277.0
3578,60606,21577,483,2024-12-27,250,2,PASS,8000.0
3579,9892,17077,156,2026-07-23,808,1,PASS,1237.6
3580,87174,11617,193,2023-08-18,830,1,PASS,1204.8
3581,86463,27134,159,2025-10-10,631,4,CONDITIONAL,6339.1
3582,75435,1416,201,2024-03-29,547,1,PASS,1828.2
3583,6649,29682,307,2023-04-13,829,4,CONDITIONAL,4825.1
3584,51442,24030,386,2024-08-18,143,3,PASS,20979.0
3585,81888,15979,493,2023-03-08,835,3,PASS,3592.8
3586,14016,20807,234,2023-07-14,459,3,PASS,6535.9
3587,57980,27131,181,2025-06-27,828,3,PASS,3623.2
3588,5201,7426,408,2026-08-17,896,2,PASS,2232.1
3589,64998,16899,429,2024-08-08,828,2,PASS,2415.5
3590,49684,7607,198,2024-08-03,264,4,CONDITIONAL,15151.5
3591,77197,4064,129,2025-08-05,159,3,PASS,18867.9
3592,15688,20081,205,2025-03-22,280,4,CONDITIONAL,14285.7
3593,15616,6022,362,2023-02-25,579,1,PASS,1727.1
3594,53530,11629,300,2025-12-22,394,2,PASS,5076.1
3595,32722,24962,280,2024-04-10,244,4,CONDITIONAL,16393.4
3596,74945,3815,478,2023-01-29,879,1,PASS,1137.7
3597,17028,20122,409,2025-06-22,775,1,PASS,1290.3
3598,72798,20466,89,2025-12-25,361,0,PASS,0.0
3599,17923,25577,390,2025-06-04,918,0,PASS,0.0
3600,54164,26674,313,2025-12-31,904,1,PASS,1106.2
3601,29752,17030,171,2026-09-21,839,3,PASS,3575.7
3602,2952,5104,335,2023-05-26,701,3,PASS,4279.6
3603,28284,11267,462,2024-04-09,564,0,PASS,0.0
3604,33277,4750,109,2023-02-10,694,4,CONDITIONAL,5763.7
3605,14017,6299,461,2025-04-30,675,3,PASS,4444.4
3606,70915,8644,244,2023-08-14,107,4,CONDITIONAL,37383.2
3607,47144,16316,51,2025-07-11,369,4,CONDITIONAL,10840.1
3608,59249,6876,190,2026-05-04,481,4,CONDITIONAL,8316.0
3609,6647,25867,244,2024-11-02,136,2,PASS,14705.9
3610,79609,7965,241,2025-12-08,380,1,PASS,2631.6
3611,71586,756,272,2025-03-11,924,1,PASS,1082.3
3612,22538,2254,121,2023-06-13,165,2,PASS,12121.2
3613,20374,21606,376,2025-03-29,753,4,CONDITIONAL,5312.1
3614,76092,27287,246,2023-05-10,776,2,PASS,2577.3
3615,21861,18876,386,2026-05-25,931,0,PASS,0.0
3616,3077,28148,294,2024-02-16,767,1,PASS,1303.8
3617,446,124,363,2026-04-16,626,4,CONDITIONAL,6389.8
3618,64308,14587,369,2026-09-20,770,1,PASS,1298.7
3619,3720,15898,101,2025-12-22,862,1,PASS,1160.1
3620,64712,20254,360,2024-02-10,574,4,CONDITIONAL,6968.6
3621,76938,17700,370,2025-11-09,399,3,PASS,7518.8
3622,53896,27055,304,2023-02-17,565,1,PASS,1769.9
3623,36013,3777,481,2023-08-20,820,2,PASS,2439.0
3624,32954,27717,44,2023-07-05,369,2,PASS,5420.1
3625,4407,15542,172,2025-07-02,495,2,PASS,4040.4
3626,7249,7714,457,2023-02-28,613,0,PASS,0.0
3627,37389,3499,259,2023-04-11,172,3,PASS,17441.9
3628,43040,16024,91,2023-03-01,323,4,CONDITIONAL,12383.9
3629,57507,9694,364,2023-11-30,799,0,PASS,0.0
3630,11172,25039,222,2024-10-18,517,1,PASS,1934.2
3631,18671,21164,362,2023-12-06,495,4,CONDITIONAL,8080.8
3632,52913,13443,301,2024-04-27,388,0,PASS,0.0
3633,64244,22084,134,2026-08-27,193,4,CONDITIONAL,20725.4
3634,967,19744,453,2025-09-11,618,1,PASS,1618.1
3635,53783,16958,191,2025-10-09,643,2,PASS,3110.4
3636,19766,5625,175,2025-04-06,264,0,PASS,0.0
3637,64437,1898,240,2025-09-19,858,2,PASS,2331.0
3638,31978,14527,95,2026-07-07,213,1,PASS,4694.8
3639,1389,18849,443,2024-04-19,852,2,PASS,2347.4
3640,56146,8546,391,2026-05-08,968,4,CONDITIONAL,4132.2
3641,70088,15580,293,2025-08-04,290,0,PASS,0.0
3642,80349,27054,151,2025-07-21,620,4,CONDITIONAL,6451.6
3643,75383,17380,230,2024-09-28,722,1,PASS,1385.0
3644,1806,11718,136,2024-10-20,634,1,PASS,1577.3
3645,53829,18159,182,2024-04-10,282,4,CONDITIONAL,14184.4
3646,26756,28345,417,2026-09-07,613,2,PASS,3262.6
3647,47097,19419,338,2026-03-29,645,0,PASS,0.0
3648,60329,415,145,2024-10-29,704,1,PASS,1420.5
3649,24405,24638,296,2025-07-23,519,3,PASS,5780.3
3650,35310,19100,452,2025-04-15,414,0,PASS,0.0
3651,84780,9796,20,2025-01-27,166,4,CONDITIONAL,24096.4
3652,1631,18566,23,2023-03-03,166,2,PASS,12048.2
3653,46226,15395,181,2023-12-11,778,0,PASS,0.0
3654,39998,18164,326,2024-08-15,799,3,PASS,3754.7
3655,14657,13379,301,2024-10-19,890,4,CONDITIONAL,4494.4
3656,26190,6259,312,2023-12-06,412,4,CONDITIONAL,9708.7
3657,36798,12620,431,2025-10-02,982,1,PASS,1018.3
3658,30712,13391,349,2024-03-03,614,0,PASS,0.0
3659,66414,8627,163,2023-03-18,562,0,PASS,0.0
3660,84321,26510,221,2023-05-12,133,2,PASS,15037.6
3661,89955,6044,228,2024-08-06,223,3,PASS,13452.9
3662,62375,68,132,2025-12-28,784,1,PASS,1275.5
3663,35755,17241,344,2023-11-15,754,0,PASS,0.0
3664,44603,14859,236,2026-07-03,529,0,PASS,0.0
3665,63876,3904,494,2026-03-02,835,2,PASS,2395.2
3666,86338,23735,496,2024-11-17,472,4,CONDITIONAL,8474.6
3667,47941,23778,18,2025-06-21,165,3,PASS,18181.8
3668,15026,19377,364,2023-10-13,570,1,PASS,1754.4
3669,30498,19496,440,2025-07-23,863,2,PASS,2317.5
3670,32211,17054,78,2024-05-15,899,2,PASS,2224.7
3671,17836,21122,378,2024-12-22,924,4,CONDITIONAL,4329.0
3672,86987,27687,198,2025-07-22,199,0,PASS,0.0
3673,13154,13139,282,2025-05-24,399,2,PASS,5012.5
3674,29774,25808,411,2026-06-17,109,3,PASS,27522.9
3675,34663,9290,372,2026-07-13,947,0,PASS,0.0
3676,8293,2605,1,2026-08-10,915,7,FAIL,7650.3
3677,87845,755,477,2023-05-19,262,1,PASS,3816.8
3678,71391,28474,78,2026-05-17,474,4,CONDITIONAL,8438.8
3679,68397,4282,21,2023-02-11,240,3,PASS,12500.0
3680,87178,2699,296,2023-09-08,906,1,PASS,1103.8
3681,75743,25691,109,2023-10-05,216,2,PASS,9259.3
3682,60859,25364,357,2025-09-05,797,2,PASS,2509.4
3683,50564,20063,469,2025-06-09,345,3,PASS,8695.7
3684,83241,19956,210,2025-03-24,114,1,PASS,8771.9
3685,69435,26990,277,2024-02-05,190,4,CONDITIONAL,21052.6
3686,56534,6781,57,2024-05-18,118,1,PASS,8474.6
3687,11723,28230,196,2026-05-08,240,2,PASS,8333.3
3688,84337,22544,270,2026-09-28,446,1,PASS,2242.2
3689,87249,4141,479,2023-05-13,820,0,PASS,0.0
3690,1262,29939,471,2024-09-10,245,3,PASS,12244.9
3691,25891,5942,205,2026-04-25,801,3,PASS,3745.3
3692,48504,20144,452,2024-10-11,687,2,PASS,2911.2
3693,54809,13634,312,2024-11-26,672,1,PASS,1488.1
3694,70583,2746,373,2024-07-05,845,2,PASS,2366.9
3695,38124,28750,498,2024-03-14,178,0,PASS,0.0
3696,8428,17851,66,2024-06-25,767,4,CONDITIONAL,5215.1
3697,68489,4319,335,2023-09-23,606,0,PASS,0.0
3698,49147,19897,280,2024-06-18,141,0,PASS,0.0
3699,39575,8286,423,2025-06-25,937,3,PASS,3201.7
3700,75193,16247,207,2023-04-16,373,3,PASS,8042.9
3701,26843,22583,235,2023-04-25,256,1,PASS,3906.3
3702,67005,4764,415,2025-11-28,958,3,PASS,3131.5
3703,20653,22627,212,2023-09-24,661,2,PASS,3025.7
3704,83805,25318,476,2026-04-20,103,2,PASS,19417.5
3705,15212,6385,136,2023-02-21,956,2,PASS,2092.1
3706,49589,6945,495,2024-02-18,979,0,PASS,0.0
3707,9735,24264,123,2024-03-26,715,1,PASS,1398.6
3708,84617,589,111,2025-10-01,574,1,PASS,1742.2
3709,76766,23960,158,2025-02-11,238,0,PASS,0.0
3710,40458,22490,207,2025-11-05,405,4,CONDITIONAL,9876.5
3711,7299,18901,402,2024-08-30,644,2,PASS,3105.6
3712,52358,5635,437,2025-10-05,244,2,PASS,8196.7
3713,22022,23774,269,2023-12-28,724,4,CONDITIONAL,5524.9
3714,37702,6450,302,2025-02-04,202,4,CONDITIONAL,19802.0
3715,58194,23341,137,2023-06-20,856,4,CONDITIONAL,4672.9
3716,74903,13075,342,2023-01-10,738,0,PASS,0.0
3717,41906,17673,81,2024-03-13,750,3,PASS,4000.0
3718,74745,768,20,2025-12-13,721,4,CONDITIONAL,5547.9
3719,41765,21439,184,2025-04-18,836,0,PASS,0.0
3720,48379,12418,198,2023-09-24,509,1,PASS,1964.6
3721,30353,27212,363,2023-10-16,238,1,PASS,4201.7
3722,44628,22565,426,2025-12-23,114,2,PASS,17543.9
3723,48048,2418,363,2023-06-25,331,0,PASS,0.0
3724,62936,3164,2,2023-09-19,850,10,FAIL,11764.7
3725,6715,19296,111,2023-07-03,812,3,PASS,3694.6
3726,80054,26951,230,2024-03-03,384,2,PASS,5208.3
3727,49410,27136,389,2026-06-21,649,0,PASS,0.0
3728,10648,22702,439,2026-01-15,898,2,PASS,2227.2
3729,23183,10359,61,2025-08-19,777,0,PASS,0.0
3730,15393,21324,433,2025-05-23,570,2,PASS,3508.8
3731,36140,8580,183,2026-09-24,516,2,PASS,3876.0
3732,1364,14573,244,2024-09-15,413,2,PASS,4842.6
3733,64144,27565,190,2023-03-14,517,0,PASS,0.0
3734,30631,23690,455,2026-01-06,849,1,PASS,1177.9
3735,33921,29498,276,2024-05-03,825,1,PASS,1212.1
3736,72861,25281,238,2025-04-05,951,0,PASS,0.0
3737,33319,13896,220,2025-07-21,391,2,PASS,5115.1
3738,44999,22016,34,2025-02-19,608,4,CONDITIONAL,6578.9
3739,15504,11349,383,2023-08-14,581,4,CONDITIONAL,6884.7
3740,13784,12904,88,2023-12-10,956,4,CONDITIONAL,4184.1
3741,85666,9708,356,2025-07-30,996,3,PASS,3012.0
3742,77338,16717,251,2023-01-21,867,4,CONDITIONAL,4613.6
3743,46185,24008,138,2023-02-15,793,1,PASS,1261.0
3744,75543,16058,131,2026-09-22,237,3,PASS,12658.2
3745,74856,3170,385,2024-08-17,899,0,PASS,0.0
3746,14001,15303,4,2025-11-23,412,0,PASS,0.0
3747,13276,17866,267,2024-03-11,117,4,CONDITIONAL,34188.0
3748,83349,11318,442,2025-05-30,322,0,PASS,0.0
3749,24135,719,305,2023-06-19,776,4,CONDITIONAL,5154.6
3750,35783,2107,286,2026-01-01,745,0,PASS,0.0
3751,56275,1845,299,2025-05-14,945,2,PASS,2116.4
3752,17047,9854,89,2024-02-26,452,3,PASS,6637.2
3753,8663,6578,348,2024-04-05,224,1,PASS,4464.3
3754,82306,1184,393,2026-03-23,561,3,PASS,5347.6
3755,55720,20175,220,2023-12-11,332,2,PASS,6024.1
3756,72033,27193,383,2026-04-17,928,0,PASS,0.0
3757,63417,4141,320,2025-06-24,853,3,PASS,3517.0
3758,43957,12769,3,2025-04-09,863,13,FAIL,15063.7
3759,16920,27968,165,2024-02-03,742,2,PASS,2695.4
3760,33760,9573,46,2026-06-18,437,4,CONDITIONAL,9153.3
3761,17602,1862,458,2023-11-05,892,2,PASS,2242.2
3762,45441,14394,124,2024-11-22,178,0,PASS,0.0
3763,36355,19917,342,2023-07-12,576,0,PASS,0.0
3764,88038,964,129,2025-09-12,417,3,PASS,7194.2
3765,55621,8927,215,2024-08-20,931,2,PASS,2148.2
3766,80809,7037,470,2026-01-18,674,0,PASS,0.0
3767,21701,5664,139,2024-11-07,195,4,CONDITIONAL,20512.8
3768,77522,5870,429,2025-03-06,766,4,CONDITIONAL,5221.9
3769,2218,29627,397,2024-03-29,278,1,PASS,3597.1
3770,77755,2054,165,2024-10-07,403,3,PASS,7444.2
3771,58037,22360,94,2023-07-03,918,1,PASS,1089.3
3772,32120,26009,166,2024-09-02,923,0,PASS,0.0
3773,15799,19871,134,2024-02-18,921,3,PASS,3257.3
3774,88227,16954,231,2025-03-13,759,1,PASS,1317.5
3775,51717,27712,389,2024-08-24,227,4,CONDITIONAL,17621.1
3776,48670,22509,93,2025-07-13,701,3,PASS,4279.6
3777,32436,17804,302,2023-01-20,247,2,PASS,8097.2
3778,11259,9874,458,2024-08-06,599,0,PASS,0.0
3779,2205,14207,233,2023-10-12,483,4,CONDITIONAL,8281.6
3780,80350,25016,395,2024-08-16,122,0,PASS,0.0
3781,70756,8669,196,2023-09-02,509,3,PASS,5893.9
3782,24412,2366,325,2024-07-31,942,4,CONDITIONAL,4246.3
3783,85561,27240,97,2025-04-12,979,0,PASS,0.0
3784,25222,25904,203,2024-02-29,851,1,PASS,1175.1
3785,61240,781,376,2023-10-10,937,3,PASS,3201.7
3786,51579,8090,306,2026-05-20,209,1,PASS,4784.7
3787,14713,27815,411,2023-09-21,643,2,PASS,3110.4
3788,66664,5,149,2023-07-14,412,1,PASS,2427.2
3789,33345,21221,284,2025-07-21,659,4,CONDITIONAL,6069.8
3790,47400,2022,50,2026-04-03,617,2,PASS,3241.5
3791,72865,14760,253,2025-04-13,881,1,PASS,1135.1
3792,65709,14175,368,2023-10-12,993,2,PASS,2014.1
3793,15915,27203,442,2024-09-04,793,4,CONDITIONAL,5044.1
3794,13563,15667,198,2025-09-03,284,0,PASS,0.0
3795,31531,12414,175,2023-09-04,469,3,PASS,6396.6
3796,38230,10360,122,2024-04-30,363,1,PASS,2754.8
3797,6366,10042,428,2025-06-09,153,1,PASS,6535.9
3798,47936,22259,463,2025-02-19,169,1,PASS,5917.2
3799,79055,16722,1,2024-04-05,852,3,PASS,3521.1
3800,86852,22621,147,2024-03-11,434,4,CONDITIONAL,9216.6
3801,25878,27970,287,2026-08-12,155,1,PASS,6451.6
3802,75635,27542,493,2025-05-28,707,3,PASS,4243.3
3803,25252,17183,395,2024-02-10,988,2,PASS,2024.3
3804,75641,22596,67,2023-05-26,605,2,PASS,3305.8
3805,75678,6494,310,2026-02-28,992,3,PASS,3024.2
3806,70045,17502,135,2026-04-13,320,1,PASS,3125.0
3807,1335,29187,157,2023-12-05,626,0,PASS,0.0
3808,40559,29923,232,2025-10-15,169,4,CONDITIONAL,23668.6
3809,67166,7172,96,2023-02-23,275,0,PASS,0.0
3810,11988,27956,75,2025-07-18,242,1,PASS,4132.2
3811,68919,11043,33,2023-08-19,169,3,PASS,17751.5
3812,71295,19651,4,2024-03-23,317,0,PASS,0.0
3813,66449,26194,168,2024-08-06,984,3,PASS,3048.8
3814,34608,13443,21,2024-04-12,645,3,PASS,4651.2
3815,26285,6424,451,2026-03-26,542,2,PASS,3690.0
3816,47160,27431,391,2026-09-14,213,3,PASS,14084.5
3817,18396,9509,487,2024-07-24,241,1,PASS,4149.4
3818,88553,5703,440,2023-01-08,100,1,PASS,10000.0
3819,86572,11479,141,2023-05-22,326,3,PASS,9202.5
3820,80355,13121,498,2023-06-18,736,3,PASS,4076.1
3821,62913,19843,415,2024-08-26,940,1,PASS,1063.8
3822,10463,19688,458,2023-12-05,123,3,PASS,24390.2
3823,31706,28377,294,2025-03-13,526,2,PASS,3802.3
3824,89304,29761,129,2024-05-05,997,0,PASS,0.0
3825,10842,7936,323,2025-07-07,766,3,PASS,3916.4
3826,4394,13885,67,2024-02-11,181,4,CONDITIONAL,22099.4
3827,75028,4136,176,2025-09-17,943,3,PASS,3181.3
3828,65957,28459,20,2025-11-09,805,2,PASS,2484.5
3829,59492,28317,46,2026-01-14,649,4,CONDITIONAL,6163.3
3830,42770,28623,250,2025-10-01,234,4,CONDITIONAL,17094.0
3831,25580,26717,486,2024-03-13,358,2,PASS,5586.6
3832,87203,9898,437,2023-09-03,949,1,PASS,1053.7
3833,7321,2442,170,2026-04-18,641,4,CONDITIONAL,6240.2
3834,23238,22253,398,2026-09-13,959,1,PASS,1042.8
3835,2419,3969,199,2025-12-04,867,1,PASS,1153.4
3836,42411,15631,139,2023-11-12,329,0,PASS,0.0
3837,70360,11960,12,2024-03-21,514,4,CONDITIONAL,7782.1
3838,89117,10169,241,2023-04-28,392,3,PASS,7653.1
3839,47498,15169,114,2023-08-04,838,1,PASS,1193.3
3840,48463,10886,335,2026-05-19,691,1,PASS,1447.2
3841,85084,9533,318,2025-06-21,626,4,CONDITIONAL,6389.8
3842,1428,7258,159,2026-04-03,868,4,CONDITIONAL,4608.3
3843,33,3219,11,2024-06-30,236,2,PASS,8474.6
3844,62642,12831,133,2025-06-22,721,4,CONDITIONAL,5547.9
3845,2574,146,340,2024-05-27,251,0,PASS,0.0
3846,57916,17774,189,2024-04-30,818,3,PASS,3667.5
3847,37676,22265,175,2024-12-19,541,4,CONDITIONAL,7393.7
3848,89206,10297,331,2023-10-26,855,3,PASS,3508.8
3849,4101,26212,234,2025-05-19,133,0,PASS,0.0
3850,42245,2803,237,2023-10-09,715,0,PASS,0.0
3851,81413,6146,161,2026-08-03,273,1,PASS,3663.0
3852,602,4705,105,2024-04-17,107,1,PASS,9345.8
3853,83476,18096,159,2024-06-05,814,1,PASS,1228.5
3854,60954,21490,451,2026-05-21,197,0,PASS,0.0
3855,27656,15484,97,2024-06-11,475,2,PASS,4210.5
3856,43903,27465,388,2025-01-13,710,1,PASS,1408.5
3857,86857,12931,448,2025-12-30,877,0,PASS,0.0
3858,24917,21144,161,2025-04-07,217,4,CONDITIONAL,18433.2
3859,34437,24264,238,2023-02-21,882,4,CONDITIONAL,4535.1
3860,58703,25358,412,2025-04-05,865,3,PASS,3468.2
3861,2535,28088,329,2023-12-21,912,3,PASS,3289.5
3862,78611,12555,129,2025-06-13,631,1,PASS,1584.8
3863,85704,20042,326,2024-06-17,107,1,PASS,9345.8
3864,46433,26084,362,2023-02-23,786,4,CONDITIONAL,5089.1
3865,88468,16247,370,2024-06-20,253,4,CONDITIONAL,15810.3
3866,86496,28598,416,2025-05-03,478,4,CONDITIONAL,8368.2
3867,63672,6287,158,2025-02-19,571,3,PASS,5253.9
3868,34532,18758,374,2025-03-11,778,4,CONDITIONAL,5141.4
3869,31346,3755,19,2025-04-03,951,3,PASS,3154.6
3870,54474,2038,2,2025-12-03,566,13,FAIL,22968.2
3871,61844,14188,496,2024-01-08,450,3,PASS,6666.7
3872,84966,21988,168,2026-06-01,749,2,PASS,2670.2
3873,63210,12473,304,2024-05-17,228,2,PASS,8771.9
3874,25687,4422,314,2023-02-13,801,2,PASS,2496.9
3875,30011,23795,62,2026-09-08,431,3,PASS,6960.6
3876,56345,863,419,2025-02-18,273,1,PASS,3663.0
3877,14690,21373,351,2025-08-19,301,1,PASS,3322.3
3878,28421,8216,446,2025-12-05,231,3,PASS,12987.0
3879,62440,13872,290,2023-12-16,180,3,PASS,16666.7
3880,84089,10158,357,2024-08-08,882,1,PASS,1133.8
3881,87982,26961,274,2024-05-13,697,2,PASS,2869.4
3882,81325,3853,445,2026-05-12,893,3,PASS,3359.5
3883,57728,16448,147,2024-02-09,184,3,PASS,16304.3
3884,71679,26929,392,2025-02-01,523,2,PASS,3824.1
3885,13783,8728,42,2024-05-30,885,2,PASS,2259.9
3886,40349,20781,467,2026-08-15,930,0,PASS,0.0
3887,53181,963,396,2023-10-20,483,1,PASS,2070.4
3888,69153,23527,94,2024-08-02,190,0,PASS,0.0
3889,16178,14556,234,2023-10-03,323,4,CONDITIONAL,12383.9
3890,12486,7720,482,2025-05-10,619,3,PASS,4846.5
3891,20771,17642,297,2024-03-18,833,1,PASS,1200.5
3892,68142,25389,325,2024-06-20,156,1,PASS,6410.3
3893,87436,25111,83,2026-06-30,830,3,PASS,3614.5
3894,12567,29272,36,2024-11-03,110,0,PASS,0.0
3895,12619,19182,349,2025-10-30,229,3,PASS,13100.4
3896,10065,17503,94,2023-11-12,773,3,PASS,3881.0
3897,47502,22996,335,2023-10-18,141,0,PASS,0.0
3898,2593,2279,237,2023-10-25,348,3,PASS,8620.7
3899,48333,28,161,2024-03-04,328,3,PASS,9146.3
3900,60749,13246,317,2023-08-08,736,3,PASS,4076.1
3901,82926,17696,24,2026-04-11,604,1,PASS,1655.6
3902,35170,26479,451,2026-08-27,858,1,PASS,1165.5
3903,39383,12892,439,2025-08-25,372,3,PASS,8064.5
3904,71287,1296,59,2024-12-02,757,4,CONDITIONAL,5284.0
3905,18424,22475,329,2023-06-08,200,3,PASS,15000.0
3906,86709,16394,361,2025-08-18,120,1,PASS,8333.3
3907,7302,29188,57,2025-08-01,931,0,PASS,0.0
3908,24543,16167,383,2026-09-21,639,2,PASS,3129.9
3909,32730,3094,432,2023-02-18,215,4,CONDITIONAL,18604.7
3910,79413,25938,126,2024-11-19,844,1,PASS,1184.8
3911,8043,9413,376,2024-01-10,412,0,PASS,0.0
3912,43782,1924,348,2023-12-20,470,0,PASS,0.0
3913,2757,19398,184,2025-01-22,946,0,PASS,0.0
3914,53247,19268,438,2023-01-20,207,4,CONDITIONAL,19323.7
3915,2807,11973,167,2024-04-16,537,4,CONDITIONAL,7448.8
3916,14264,7597,380,2023-05-21,769,2,PASS,2600.8
3917,52944,27204,65,2024-02-28,248,2,PASS,8064.5
3918,39679,20167,436,2024-05-15,980,4,CONDITIONAL,4081.6
3919,82864,22231,465,2024-05-09,359,2,PASS,5571.0
3920,14284,22010,461,2023-01-17,468,2,PASS,4273.5
3921,39615,10809,145,2026-03-05,979,2,PASS,2042.9
3922,19996,2201,202,2024-01-07,763,2,PASS,2621.2
3923,51900,14268,279,2024-09-05,511,4,CONDITIONAL,7827.8
3924,15129,5670,143,2026-09-18,169,1,PASS,5917.2
3925,85768,10052,193,2026-04-29,378,3,PASS,7936.5
3926,18545,27820,437,2024-10-06,901,1,PASS,1109.9
3927,36983,20215,327,2025-06-15,114,1,PASS,8771.9
3928,35074,27750,141,2025-01-11,297,1,PASS,3367.0
3929,42020,11138,285,2026-05-25,443,4,CONDITIONAL,9029.3
3930,5469,18510,482,2023-04-05,870,0,PASS,0.0
3931,67011,19100,294,2025-12-24,865,4,CONDITIONAL,4624.3
3932,10831,28243,336,2024-06-16,500,1,PASS,2000.0
3933,46937,18512,165,2023-06-04,681,3,PASS,4405.3
3934,31922,20064,495,2025-10-14,140,1,PASS,7142.9
3935,81885,2759,131,2025-07-21,138,2,PASS,14492.8
3936,68201,6498,105,2023-03-07,152,3,PASS,19736.8
3937,3701,24452,294,2025-04-17,694,2,PASS,2881.8
3938,51132,12240,220,2026-01-26,648,0,PASS,0.0
3939,65592,6275,217,2023-03-22,881,2,PASS,2270.1
3940,12287,7930,314,2024-10-16,840,0,PASS,0.0
3941,2903,9092,493,2026-09-07,446,3,PASS,6726.5
3942,12565,29497,493,2023-08-02,552,4,CONDITIONAL,7246.4
3943,38927,679,353,2026-06-22,819,3,PASS,3663.0
3944,5151,21261,68,2023-10-31,350,4,CONDITIONAL,11428.6
3945,20252,24435,330,2024-04-27,739,1,PASS,1353.2
3946,5086,15724,359,2025-05-24,705,3,PASS,4255.3
3947,18726,24517,3,2023-08-14,424,7,FAIL,16509.4
3948,38190,8415,197,2025-03-08,431,0,PASS,0.0
3949,55451,2848,405,2025-10-10,766,4,CONDITIONAL,5221.9
3950,23438,14793,126,2024-05-23,754,0,PASS,0.0
3951,15049,28148,142,2023-01-30,721,3,PASS,4160.9
3952,47950,24399,64,2025-03-27,220,4,CONDITIONAL,18181.8
3953,27565,27179,356,2026-02-11,882,2,PASS,2267.6
3954,8756,16033,129,2024-01-15,274,0,PASS,0.0
3955,35913,13885,81,2023-12-21,871,0,PASS,0.0
3956,50843,26961,36,2024-04-07,785,0,PASS,0.0
3957,47322,16148,210,2025-11-27,668,3,PASS,4491.0
3958,10426,16622,447,2026-06-02,968,2,PASS,2066.1
3959,80544,10539,64,2024-05-05,840,3,PASS,3571.4
3960,7909,257,178,2026-07-06,988,4,CONDITIONAL,4048.6
3961,70447,2269,317,2026-01-07,264,4,CONDITIONAL,15151.5
3962,7551,23182,197,2025-09-10,785,4,CONDITIONAL,5095.5
3963,54782,7142,410,2025-11-21,712,1,PASS,1404.5
3964,59748,19878,97,2025-06-29,585,0,PASS,0.0
3965,79051,8803,316,2025-05-26,632,0,PASS,0.0
3966,83592,24703,95,2025-09-09,108,4,CONDITIONAL,37037.0
3967,10487,2478,283,2026-07-18,475,3,PASS,6315.8
3968,17629,1823,302,2023-11-13,343,2,PASS,5830.9
3969,89690,24657,182,2025-12-31,456,1,PASS,2193.0
3970,69977,29059,460,2024-01-22,411,4,CONDITIONAL,9732.4
3971,19514,22476,296,2024-11-20,307,0,PASS,0.0
3972,61736,11264,171,2023-05-06,330,2,PASS,6060.6
3973,64374,22269,50,2023-02-13,644,0,PASS,0.0
3974,34136,632,60,2024-01-14,480,2,PASS,4166.7
3975,67468,22531,145,2024-08-04,992,2,PASS,2016.1
3976,30511,29491,211,2026-06-06,428,4,CONDITIONAL,9345.8
3977,85310,28978,244,2023-05-19,438,0,PASS,0.0
3978,81260,3865,223,2023-05-22,128,3,PASS,23437.5
3979,30163,2136,389,2025-06-30,857,1,PASS,1166.9
3980,19817,16351,438,2026-03-28,198,1,PASS,5050.5
3981,39414,14878,162,2025-08-21,290,3,PASS,10344.8
3982,20837,19519,382,2025-07-18,788,3,PASS,3807.1
3983,76206,23361,197,2025-01-17,404,3,PASS,7425.7
3984,20531,27710,245,2023-07-25,818,0,PASS,0.0
3985,80646,8918,296,2024-05-31,619,0,PASS,0.0
3986,88854,21660,86,2023-01-11,327,3,PASS,9174.3
3987,35198,22869,187,2023-09-24,582,3,PASS,5154.6
3988,12645,12455,277,2024-10-26,943,1,PASS,1060.4
3989,20609,27992,411,2024-06-22,866,0,PASS,0.0
3990,64141,519,242,2023-08-21,803,3,PASS,3736.0
3991,19227,17199,73,2025-04-14,396,3,PASS,7575.8
3992,85799,25548,122,2025-08-06,643,0,PASS,0.0
3993,53939,22847,27,2024-06-22,544,1,PASS,1838.2
3994,44450,2550,71,2026-01-02,719,4,CONDITIONAL,5563.3
3995,53233,29759,301,2024-07-18,842,1,PASS,1187.6
3996,27343,29224,379,2024-04-09,743,4,CONDITIONAL,5383.6
3997,15131,790,445,2023-02-11,597,3,PASS,5025.1
3998,36527,1964,22,2026-04-18,440,0,PASS,0.0
3999,62784,5175,358,2025-12-13,232,4,CONDITIONAL,17241.4
4000,6603,7747,388,2023-07-15,638,3,PASS,4702.2
4001,29891,27151,337,2025-12-06,535,1,PASS,1869.2
4002,76030,19186,482,2025-03-22,519,4,CONDITIONAL,7707.1
4003,31221,28311,186,2026-03-18,994,1,PASS,1006.0
4004,27735,13591,158,2026-04-14,998,3,PASS,3006.0
4005,53558,4171,450,2026-01-19,680,2,PASS,2941.2
4006,24094,28017,121,2025-09-24,538,2,PASS,3717.5
4007,13854,1505,18,2024-08-29,158,1,PASS,6329.1
4008,70481,14178,169,2025-05-15,705,4,CONDITIONAL,5673.8
4009,58678,9752,390,2023-06-09,660,0,PASS,0.0
4010,46319,19125,165,2025-01-31,222,4,CONDITIONAL,18018.0
4011,86321,26833,407,2024-04-30,504,0,PASS,0.0
4012,16531,16127,285,2023-04-30,211,1,PASS,4739.3
4013,80518,29913,26,2023-07-06,908,1,PASS,1101.3
4014,47475,3677,167,2024-12-02,604,3,PASS,4966.9
4015,45746,17867,195,2025-03-11,105,4,CONDITIONAL,38095.2
4016,61484,22841,227,2024-04-04,453,2,PASS,4415.0
4017,10992,25357,500,2025-02-21,123,3,PASS,24390.2
4018,31927,19801,253,2025-11-07,337,2,PASS,5934.7
4019,73151,437,291,2025-11-03,403,4,CONDITIONAL,9925.6
4020,24174,24561,289,2025-01-13,840,3,PASS,3571.4
4021,89182,21273,4,2023-03-08,213,2,PASS,9389.7
4022,9562,19529,96,2026-05-14,199,3,PASS,15075.4
4023,32764,22211,169,2024-11-06,368,0,PASS,0.0
4024,29454,26267,196,2025-10-18,507,4,CONDITIONAL,7889.5
4025,78706,14965,379,2026-08-19,572,2,PASS,3496.5
4026,63380,11988,262,2025-03-19,503,2,PASS,3976.1
4027,1482,22587,338,2023-01-11,497,2,PASS,4024.1
4028,45370,6226,231,2026-09-03,883,4,CONDITIONAL,4530.0
4029,66466,3101,5,2025-03-11,905,3,PASS,3314.9
4030,29378,27152,166,2023-04-01,428,3,PASS,7009.3
4031,11187,22065,34,2023-07-16,264,1,PASS,3787.9
4032,70259,856,484,2024-12-11,897,4,CONDITIONAL,4459.3
4033,56014,19389,21,2026-07-05,146,0,PASS,0.0
4034,20272,28174,9,2024-01-09,197,0,PASS,0.0
4035,49104,21126,181,2025-09-20,582,0,PASS,0.0
4036,52556,24717,23,2023-03-13,462,1,PASS,2164.5
4037,42063,14254,394,2023-09-11,330,1,PASS,3030.3
4038,29830,2299,329,2025-05-24,972,4,CONDITIONAL,4115.2
4039,45769,23181,136,2025-02-09,660,0,PASS,0.0
4040,28410,23461,248,2025-11-15,123,4,CONDITIONAL,32520.3
4041,8327,19803,180,2026-08-03,986,0,PASS,0.0
4042,47124,320,462,2025-03-10,447,3,PASS,6711.4
4043,60822,9022,138,2025-10-29,772,1,PASS,1295.3
4044,75115,18009,395,2023-08-31,100,0,PASS,0.0
4045,84489,28138,426,2024-04-13,596,3,PASS,5033.6
4046,23921,26031,161,2025-02-11,439,3,PASS,6833.7
4047,52666,26602,392,2023-12-24,349,1,PASS,2865.3
4048,32531,12437,35,2025-03-02,145,4,CONDITIONAL,27586.2
4049,71343,18203,478,2023-03-13,165,4,CONDITIONAL,24242.4
4050,70518,19569,69,2024-05-31,239,1,PASS,4184.1
4051,16639,20787,227,2023-12-01,456,2,PASS,4386.0
4052,19621,1038,324,2023-01-03,470,0,PASS,0.0
4053,2629,22908,143,2025-08-18,894,4,CONDITIONAL,4474.3
4054,60158,10284,426,2025-03-16,413,2,PASS,4842.6
4055,4435,25191,398,2024-02-18,538,1,PASS,1858.7
4056,55787,20408,477,2023-11-08,719,3,PASS,4172.5
4057,80820,21869,305,2023-09-18,948,2,PASS,2109.7
4058,18335,18671,161,2025-03-22,536,0,PASS,0.0
4059,69128,19253,378,2023-02-26,228,0,PASS,0.0
4060,40071,12612,39,2026-08-19,172,2,PASS,11627.9
4061,62235,17124,475,2026-04-28,404,1,PASS,2475.2
4062,44102,16207,260,2026-04-06,665,0,PASS,0.0
4063,74320,23699,143,2026-08-02,766,1,PASS,1305.5
4064,66222,870,36,2024-07-18,987,3,PASS,3039.5
4065,85552,12528,325,2025-03-30,539,0,PASS,0.0
4066,47070,5325,482,2023-11-14,996,0,PASS,0.0
4067,44283,2329,247,2023-11-05,245,1,PASS,4081.6
4068,39661,19228,213,2024-02-15,143,0,PASS,0.0
4069,47203,20367,461,2026-08-17,226,2,PASS,8849.6
4070,2446,18832,37,2024-05-17,737,4,CONDITIONAL,5427.4
4071,80707,1580,472,2024-12-24,319,4,CONDITIONAL,12539.2
4072,36287,8494,11,2025-04-10,248,4,CONDITIONAL,16129.0
4073,39369,26706,41,2023-11-30,104,2,PASS,19230.8
4074,4450,26333,373,2024-12-02,977,1,PASS,1023.5
4075,26192,22859,188,2023-03-18,981,0,PASS,0.0
4076,51047,8221,444,2024-09-16,194,3,PASS,15463.9
4077,46893,23509,380,2023-09-10,666,3,PASS,4504.5
4078,58675,28516,455,2024-05-31,700,2,PASS,2857.1
4079,18734,3897,259,2024-11-02,181,2,PASS,11049.7
4080,15597,25958,217,2023-01-07,168,2,PASS,11904.8
4081,60000,11291,166,2023-04-17,355,1,PASS,2816.9
4082,57611,21634,152,2024-05-28,487,4,CONDITIONAL,8213.6
4083,84497,9320,108,2024-07-14,818,2,PASS,2445.0
4084,35457,29313,477,2024-07-22,513,3,PASS,5848.0
4085,56764,1562,292,2026-08-23,763,4,CONDITIONAL,5242.5
4086,79141,15158,472,2026-01-18,746,3,PASS,4021.4
4087,13297,3350,179,2025-08-29,953,3,PASS,3148.0
4088,5963,11060,98,2025-03-24,585,0,PASS,0.0
4089,82,28360,232,2025-03-13,460,0,PASS,0.0
4090,3214,27536,486,2024-09-18,108,0,PASS,0.0
4091,19559,213,268,2024-12-15,935,3,PASS,3208.6
4092,65671,9318,392,2025-09-12,103,4,CONDITIONAL,38835.0
4093,87669,22349,389,2025-06-22,591,2,PASS,3384.1
4094,11053,17074,264,2026-07-03,574,0,PASS,0.0
4095,61958,8426,7,2024-08-13,710,0,PASS,0.0
4096,78397,4038,211,2024-04-22,746,2,PASS,2681.0
4097,43410,29332,485,2023-11-28,511,3,PASS,5870.8
4098,89776,6420,223,2024-12-23,981,1,PASS,1019.4
4099,36748,25483,392,2026-02-13,737,0,PASS,0.0
4100,66284,7230,112,2023-01-26,951,0,PASS,0.0
4101,34372,18012,438,2023-12-04,387,2,PASS,5168.0
4102,63552,8828,499,2025-01-02,393,4,CONDITIONAL,10178.1
4103,13721,3428,451,2024-11-18,376,2,PASS,5319.1
4104,84698,16409,428,2025-10-31,394,4,CONDITIONAL,10152.3
4105,28394,18469,147,2024-12-19,397,1,PASS,2518.9
4106,40727,7669,245,2023-12-26,108,1,PASS,9259.3
4107,37412,25320,29,2024-12-02,455,4,CONDITIONAL,8791.2
4108,42174,14272,171,2023-12-16,771,1,PASS,1297.0
4109,86401,8606,8,2025-02-13,374,4,CONDITIONAL,10695.2
4110,56580,26695,232,2026-06-05,699,4,CONDITIONAL,5722.5
4111,24472,23845,122,2025-12-01,360,0,PASS,0.0
4112,53035,10341,47,2023-12-23,822,4,CONDITIONAL,4866.2
4113,62052,29277,210,2023-02-20,167,1,PASS,5988.0
4114,21,14840,440,2025-04-13,785,0,PASS,0.0
4115,57087,26454,497,2026-02-09,997,1,PASS,1003.0
4116,24538,9751,37,2026-06-13,339,2,PASS,5899.7
4117,80067,16604,119,2024-12-12,563,1,PASS,1776.2
4118,35523,13024,464,2024-03-12,959,4,CONDITIONAL,4171.0
4119,65578,22920,25,2023-10-18,130,1,PASS,7692.3
4120,2171,9895,166,2023-07-26,435,3,PASS,6896.6
4121,33002,16981,242,2024-11-04,274,4,CONDITIONAL,14598.5
4122,27965,25815,394,2023-08-09,287,4,CONDITIONAL,13937.3
4123,52666,8972,216,2024-02-03,206,3,PASS,14563.1
4124,53997,21344,8,2024-04-03,837,4,CONDITIONAL,4779.0
4125,73887,826,468,2025-07-10,864,4,CONDITIONAL,4629.6
4126,55493,24320,163,2024-01-04,578,2,PASS,3460.2
4127,13204,1853,214,2025-11-18,916,2,PASS,2183.4
4128,80114,26861,218,2025-11-21,863,2,PASS,2317.5
4129,5944,18198,355,2025-08-25,898,0,PASS,0.0
4130,80297,16594,400,2025-08-13,461,3,PASS,6507.6
4131,46004,19635,469,2023-11-20,221,2,PASS,9049.8
4132,46738,18605,390,2023-06-27,846,3,PASS,3546.1
4133,64351,4055,322,2025-10-24,640,3,PASS,4687.5
4134,17560,23148,299,2024-05-13,218,3,PASS,13761.5
4135,51622,7437,87,2023-08-13,152,2,PASS,13157.9
4136,67153,29031,154,2025-08-04,139,2,PASS,14388.5
4137,59780,67,169,2026-08-15,292,2,PASS,6849.3
4138,89709,10153,2,2025-11-12,862,9,FAIL,10440.8
4139,85201,3383,187,2026-02-16,383,2,PASS,5221.9
4140,2396,14864,141,2023-10-16,206,4,CONDITIONAL,19417.5
4141,22603,29839,469,2024-06-05,954,1,PASS,1048.2
4142,2387,2694,471,2025-08-17,152,4,CONDITIONAL,26315.8
4143,52955,21133,251,2025-07-12,174,4,CONDITIONAL,22988.5
4144,27514,27156,163,2024-05-27,513,4,CONDITIONAL,7797.3
4145,37316,26060,274,2023-12-19,382,1,PASS,2617.8
4146,40988,27305,298,2025-11-14,246,2,PASS,8130.1
4147,62306,21353,310,2024-03-28,386,0,PASS,0.0
4148,1877,22556,244,2025-05-31,976,2,PASS,2049.2
4149,69565,29333,242,2023-01-23,816,4,CONDITIONAL,4902.0
4150,45789,27271,186,2023-03-30,211,0,PASS,0.0
4151,22884,4583,153,2025-05-12,261,4,CONDITIONAL,15325.7
4152,44424,6197,349,2026-07-31,413,3,PASS,7263.9
4153,16750,28819,187,2024-12-04,156,3,PASS,19230.8
4154,30848,26826,410,2026-01-22,222,3,PASS,13513.5
4155,8470,18224,393,2025-11-17,884,2,PASS,2262.4
4156,77255,5313,24,2024-02-15,933,1,PASS,1071.8
4157,59360,24769,440,2023-09-15,437,3,PASS,6865.0
4158,30153,22818,463,2023-04-23,547,1,PASS,1828.2
4159,66388,7352,9,2026-08-25,919,3,PASS,3264.4
4160,12407,26360,271,2025-02-18,706,4,CONDITIONAL,5665.7
4161,668,11164,144,2023-10-17,651,2,PASS,3072.2
4162,71579,24005,392,2024-04-08,254,0,PASS,0.0
4163,51207,2808,449,2026-05-27,272,3,PASS,11029.4
4164,20371,10674,407,2025-11-21,161,1,PASS,6211.2
4165,68584,8722,395,2026-07-11,213,0,PASS,0.0
4166,19584,28039,208,2026-06-27,977,0,PASS,0.0
4167,82083,13971,86,2024-09-20,518,3,PASS,5791.5
4168,68933,507,42,2023-01-13,835,0,PASS,0.0
4169,23708,21874,132,2026-01-05,756,1,PASS,1322.8
4170,73647,5363,473,2024-10-03,797,4,CONDITIONAL,5018.8
4171,70767,1489,97,2025-07-23,672,0,PASS,0.0
4172,81653,6245,145,2023-01-31,139,4,CONDITIONAL,28777.0
4173,1739,2556,443,2026-04-27,810,2,PASS,2469.1
4174,40968,12431,390,2023-08-04,924,1,PASS,1082.3
4175,58782,7380,149,2025-08-27,420,4,CONDITIONAL,9523.8
4176,25553,18565,426,2024-05-23,947,1,PASS,1056.0
4177,74458,28871,128,2025-02-23,671,4,CONDITIONAL,5961.3
4178,59672,18039,298,2026-01-30,526,0,PASS,0.0
4179,67543,5362,490,2023-12-23,147,2,PASS,13605.4
4180,57177,29590,106,2023-12-16,683,4,CONDITIONAL,5856.5
4181,11857,19441,124,2025-08-01,803,1,PASS,1245.3
4182,81279,29039,403,2024-07-21,715,4,CONDITIONAL,5594.4
4183,48396,14989,33,2023-05-10,459,2,PASS,4357.3
4184,51990,29512,296,2023-10-11,700,0,PASS,0.0
4185,85159,693,411,2024-01-12,411,4,CONDITIONAL,9732.4
4186,70187,9910,174,2025-08-21,957,3,PASS,3134.8
4187,37071,10384,59,2026-04-02,650,4,CONDITIONAL,6153.8
4188,30555,7708,497,2023-08-17,507,2,PASS,3944.8
4189,44005,25765,367,2026-07-22,493,4,CONDITIONAL,8113.6
4190,17896,15043,171,2025-03-20,829,2,PASS,2412.5
4191,89949,7349,216,2023-06-26,599,3,PASS,5008.3
4192,38507,4531,40,2025-11-09,259,0,PASS,0.0
4193,22737,10417,220,2023-06-30,646,2,PASS,3096.0
4194,17975,10157,334,2025-12-13,464,0,PASS,0.0
4195,33044,4459,243,2023-06-22,272,4,CONDITIONAL,14705.9
4196,86882,8745,107,2025-08-16,616,1,PASS,1623.4
4197,72479,2984,229,2024-03-10,388,1,PASS,2577.3
4198,78224,20796,207,2025-05-28,458,4,CONDITIONAL,8733.6
4199,13979,25994,263,2023-05-16,389,1,PASS,2570.7
4200,81778,15931,494,2025-10-11,377,1,PASS,2652.5
4201,52032,23628,14,2023-04-28,255,1,PASS,3921.6
4202,10094,10598,82,2023-07-17,414,2,PASS,4830.9
4203,32699,12706,471,2023-04-27,225,3,PASS,13333.3
4204,23277,13243,67,2023-08-16,848,1,PASS,1179.2
4205,68054,11775,63,2023-11-09,402,0,PASS,0.0
4206,84986,8956,67,2025-11-18,583,4,CONDITIONAL,6861.1
4207,4738,3773,24,2024-08-18,411,0,PASS,0.0
4208,13587,27153,153,2025-05-16,217,1,PASS,4608.3
4209,64472,22014,482,2026-09-03,436,2,PASS,4587.2
4210,75490,7983,339,2026-01-20,415,2,PASS,4819.3
4211,39483,616,168,2023-10-20,659,2,PASS,3034.9
4212,32063,28785,84,2024-09-29,582,3,PASS,5154.6
4213,27096,812,222,2025-04-01,686,1,PASS,1457.7
4214,85623,14821,248,2023-10-19,418,3,PASS,7177.0
4215,6378,6746,69,2023-02-24,690,4,CONDITIONAL,5797.1
4216,62497,22310,280,2025-12-11,299,4,CONDITIONAL,13377.9
4217,19611,15410,141,2024-07-20,681,2,PASS,2936.9
4218,49269,6730,28,2026-07-15,754,4,CONDITIONAL,5305.0
4219,82323,7579,319,2025-09-13,686,0,PASS,0.0
4220,28353,5722,409,2023-03-15,417,1,PASS,2398.1
4221,43050,22177,491,2026-07-17,195,0,PASS,0.0
4222,79311,19086,236,2025-12-11,853,3,PASS,3517.0
4223,17057,26131,392,2026-07-16,519,1,PASS,1926.8
4224,32482,28513,283,2023-09-04,967,0,PASS,0.0
4225,9544,15893,8,2023-08-08,108,2,PASS,18518.5
4226,44293,20486,88,2023-03-31,831,3,PASS,3610.1
4227,56062,16167,461,2023-05-01,556,0,PASS,0.0
4228,15176,20357,247,2023-10-16,402,4,CONDITIONAL,9950.2
4229,68647,29139,26,2025-12-03,709,3,PASS,4231.3
4230,19964,21864,450,2025-05-19,847,2,PASS,2361.3
4231,20534,17011,349,2025-08-20,829,4,CONDITIONAL,4825.1
4232,36634,18221,121,2025-10-29,546,0,PASS,0.0
4233,67525,18910,381,2026-06-14,281,1,PASS,3558.7
4234,84836,15500,110,2025-06-08,134,4,CONDITIONAL,29850.7
4235,79991,26731,102,2024-08-04,847,4,CONDITIONAL,4722.6
4236,57997,16197,275,2025-06-11,212,1,PASS,4717.0
4237,22131,19892,170,2024-05-21,521,2,PASS,3838.8
4238,71426,11762,180,2023-03-16,288,1,PASS,3472.2
4239,79010,23834,64,2023-02-16,330,1,PASS,3030.3
4240,13965,29622,447,2025-09-12,397,1,PASS,2518.9
4241,80430,2050,131,2025-03-23,951,0,PASS,0.0
4242,60715,2997,491,2025-06-01,287,1,PASS,3484.3
4243,68191,17818,256,2025-03-21,121,1,PASS,8264.5
4244,53859,3272,465,2025-11-12,179,4,CONDITIONAL,22346.4
4245,81147,25263,349,2026-05-05,877,1,PASS,1140.3
4246,14691,8789,322,2024-07-05,136,0,PASS,0.0
4247,32892,13676,420,2026-07-04,597,4,CONDITIONAL,6700.2
4248,69542,23586,435,2023-12-06,839,3,PASS,3575.7
4249,43059,13481,40,2024-01-22,644,3,PASS,4658.4
4250,68758,24403,322,2026-05-07,218,4,CONDITIONAL,18348.6
4251,38853,8856,256,2026-05-24,389,3,PASS,7712.1
4252,18658,15762,193,2025-11-04,637,4,CONDITIONAL,6279.4
4253,65884,3376,51,2025-05-20,745,0,PASS,0.0
4254,18096,1659,279,2023-03-10,226,1,PASS,4424.8
4255,55172,29330,162,2023-01-31,782,1,PASS,1278.8
4256,16810,20926,326,2025-10-20,322,1,PASS,3105.6
4257,17922,21941,66,2023-05-02,381,1,PASS,2624.7
4258,20361,5481,437,2023-05-05,673,0,PASS,0.0
4259,42896,12715,232,2025-02-11,744,1,PASS,1344.1
4260,1251,26156,178,2026-08-06,643,0,PASS,0.0
4261,42246,23563,167,2024-04-28,653,4,CONDITIONAL,6125.6
4262,6923,15202,348,2024-09-14,871,4,CONDITIONAL,4592.4
4263,14041,14335,381,2026-08-26,193,4,CONDITIONAL,20725.4
4264,57278,4419,210,2024-05-20,792,0,PASS,0.0
4265,47007,29776,227,2026-01-06,437,0,PASS,0.0
4266,53571,10295,491,2024-08-23,931,2,PASS,2148.2
4267,48688,19619,232,2026-08-26,315,4,CONDITIONAL,12698.4
4268,27644,26040,62,2024-10-14,432,1,PASS,2314.8
4269,53782,2274,154,2026-08-31,162,2,PASS,12345.7
4270,49565,7469,114,2026-04-03,309,1,PASS,3236.2
4271,37974,13884,71,2026-01-19,551,3,PASS,5444.6
4272,38845,18514,433,2023-12-07,372,3,PASS,8064.5
4273,24878,24497,13,2023-12-06,111,3,PASS,27027.0
4274,636,26553,448,2026-07-13,826,4,CONDITIONAL,4842.6
4275,41681,29890,127,2023-05-15,940,0,PASS,0.0
4276,80767,27791,234,2024-01-17,592,0,PASS,0.0
4277,62416,20029,437,2025-01-16,297,3,PASS,10101.0
4278,62941,27309,140,2025-05-26,685,1,PASS,1459.9
4279,82210,29716,302,2023-02-10,808,2,PASS,2475.2
4280,44956,1230,60,2025-04-26,230,3,PASS,13043.5
4281,11494,27979,155,2025-12-23,378,1,PASS,2645.5
4282,71188,11747,303,2025-04-25,780,1,PASS,1282.1
4283,50850,8186,415,2025-02-20,326,0,PASS,0.0
4284,52199,29203,434,2026-04-02,262,0,PASS,0.0
4285,80365,16581,41,2025-12-24,705,3,PASS,4255.3
4286,63470,20372,436,2024-11-12,889,2,PASS,2249.7
4287,36271,5412,289,2024-06-14,974,4,CONDITIONAL,4106.8
4288,59112,11317,476,2026-03-17,629,1,PASS,1589.8
4289,24668,27470,473,2025-05-02,129,3,PASS,23255.8
4290,2900,19433,500,2024-08-11,702,2,PASS,2849.0
4291,48609,16983,82,2025-07-02,721,3,PASS,4160.9
4292,88248,22751,300,2024-10-26,862,1,PASS,1160.1
4293,49295,29948,477,2024-04-12,142,3,PASS,21126.8
4294,32898,20219,34,2025-05-12,467,0,PASS,0.0
4295,79209,3750,102,2024-07-08,680,2,PASS,2941.2
4296,4774,2625,435,2026-02-19,639,2,PASS,3129.9
4297,5279,5423,297,2023-02-26,144,0,PASS,0.0
4298,75545,12545,149,2025-03-31,936,1,PASS,1068.4
4299,7632,11755,115,2024-07-28,149,3,PASS,20134.2
4300,19476,23434,91,2024-05-30,383,3,PASS,7832.9
4301,39490,14084,443,2024-09-10,309,0,PASS,0.0
4302,1568,14273,378,2024-05-29,243,4,CONDITIONAL,16460.9
4303,80523,27061,158,2025-11-09,973,2,PASS,2055.5
4304,45198,24165,74,2025-06-03,845,3,PASS,3550.3
4305,33794,29721,391,2026-08-05,746,4,CONDITIONAL,5361.9
4306,3038,26963,402,2025-05-06,586,0,PASS,0.0
4307,49353,28031,195,2026-09-21,508,4,CONDITIONAL,7874.0
4308,40605,20721,152,2026-07-17,195,1,PASS,5128.2
4309,84685,6476,85,2023-02-06,529,4,CONDITIONAL,7561.4
4310,37919,5805,269,2024-11-24,897,3,PASS,3344.5
4311,62314,1495,154,2025-08-02,476,0,PASS,0.0
4312,10531,8733,453,2023-07-13,871,3,PASS,3444.3
4313,22186,27713,2,2026-02-25,132,0,PASS,0.0
4314,59699,18469,330,2024-07-26,144,2,PASS,13888.9
4315,77458,14487,435,2023-04-28,711,4,CONDITIONAL,5625.9
4316,5330,18664,248,2025-02-03,422,2,PASS,4739.3
4317,72980,2539,180,2023-05-29,922,4,CONDITIONAL,4338.4
4318,18362,4099,137,2024-07-16,448,4,CONDITIONAL,8928.6
4319,51855,3479,96,2023-09-21,626,4,CONDITIONAL,6389.8
4320,43664,24379,258,2025-12-10,565,2,PASS,3539.8
4321,84846,28694,111,2023-06-12,338,1,PASS,2958.6
4322,27963,6072,290,2024-08-26,519,4,CONDITIONAL,7707.1
4323,39520,7477,278,2025-08-30,868,0,PASS,0.0
4324,51727,18471,50,2024-09-21,826,2,PASS,2421.3
4325,58041,28882,178,2025-01-09,164,0,PASS,0.0
4326,55778,22310,35,2024-05-19,972,0,PASS,0.0
4327,46746,4123,207,2026-04-27,259,0,PASS,0.0
4328,22497,15769,55,2023-03-15,762,1,PASS,1312.3
4329,3161,2639,64,2025-07-20,586,3,PASS,5119.5
4330,14925,21682,380,2024-01-23,500,3,PASS,6000.0
4331,50698,16183,105,2023-08-14,114,4,CONDITIONAL,35087.7
4332,20933,23804,408,2024-02-09,273,4,CONDITIONAL,14652.0
4333,21934,12438,20,2023-03-11,932,0,PASS,0.0
4334,36241,16654,205,2024-08-19,139,1,PASS,7194.2
4335,69548,7591,74,2025-08-18,460,2,PASS,4347.8
4336,63934,23822,393,2025-04-13,176,0,PASS,0.0
4337,39592,15448,402,2024-02-21,353,4,CONDITIONAL,11331.4
4338,30944,9713,265,2025-11-25,751,0,PASS,0.0
4339,53596,21339,253,2023-05-23,693,1,PASS,1443.0
4340,2584,26541,191,2023-05-08,508,4,CONDITIONAL,7874.0
4341,81676,2189,450,2026-05-30,674,2,PASS,2967.4
4342,60691,1486,382,2026-09-05,996,3,PASS,3012.0
4343,53871,6718,407,2023-10-29,597,2,PASS,3350.1
4344,53048,29131,469,2023-01-29,329,0,PASS,0.0
4345,83499,19660,413,2026-06-29,352,3,PASS,8522.7
4346,76948,24667,2,2025-04-29,743,11,FAIL,14804.8
4347,51603,5698,352,2025-02-08,685,4,CONDITIONAL,5839.4
4348,66987,12443,309,2026-05-15,910,0,PASS,0.0
4349,6841,9956,161,2023-02-23,373,2,PASS,5361.9
4350,60972,9268,481,2024-09-05,868,4,CONDITIONAL,4608.3
4351,36370,22473,262,2023-04-28,482,3,PASS,6224.1
4352,75793,5749,489,2024-04-26,313,0,PASS,0.0
4353,34361,3629,474,2024-12-23,123,2,PASS,16260.2
4354,55323,8818,260,2025-03-09,936,0,PASS,0.0
4355,9628,13988,306,2024-12-16,484,4,CONDITIONAL,8264.5
4356,52851,377,70,2026-01-13,975,2,PASS,2051.3
4357,15238,27966,251,2026-09-23,841,2,PASS,2378.1
4358,80365,21218,480,2023-08-03,259,3,PASS,11583.0
4359,30987,26052,348,2024-02-28,253,0,PASS,0.0
4360,55449,5186,164,2025-11-29,413,2,PASS,4842.6
4361,25334,19044,295,2024-10-04,380,1,PASS,2631.6
4362,10620,3067,75,2023-03-19,343,0,PASS,0.0
4363,37612,16048,316,2025-08-05,866,4,CONDITIONAL,4618.9
4364,46970,9187,455,2026-08-17,503,4,CONDITIONAL,7952.3
4365,28365,27500,38,2024-07-12,306,1,PASS,3268.0
4366,84323,11099,22,2025-02-13,114,0,PASS,0.0
4367,61742,10315,293,2024-09-20,818,2,PASS,2445.0
4368,44406,7842,116,2023-12-16,881,2,PASS,2270.1
4369,70456,1374,405,2024-12-17,739,0,PASS,0.0
4370,1518,24581,261,2024-12-18,593,3,PASS,5059.0
4371,45601,20264,285,2026-05-04,559,0,PASS,0.0
4372,72657,21058,492,2024-10-10,206,2,PASS,9708.7
4373,44612,22464,192,2024-11-23,323,3,PASS,9287.9
4374,81095,10980,91,2026-02-09,557,0,PASS,0.0
4375,55485,21946,430,2025-01-09,284,3,PASS,10563.4
4376,6662,26825,459,2023-04-01,363,1,PASS,2754.8
4377,77838,15263,327,2024-09-16,458,4,CONDITIONAL,8733.6
4378,19571,13194,242,2026-02-21,313,4,CONDITIONAL,12779.6
4379,66293,1893,30,2023-11-17,735,4,CONDITIONAL,5442.2
4380,3943,9745,276,2023-08-19,632,4,CONDITIONAL,6329.1
4381,58917,27635,132,2023-11-01,350,1,PASS,2857.1
4382,74820,12676,430,2023-01-05,723,3,PASS,4149.4
4383,6967,17613,168,2025-01-22,479,4,CONDITIONAL,8350.7
4384,61668,9023,334,2023-04-08,721,0,PASS,0.0
4385,32421,25081,50,2026-05-10,126,0,PASS,0.0
4386,51589,7998,18,2025-01-20,177,1,PASS,5649.7
4387,65709,17772,20,2024-05-29,992,3,PASS,3024.2
4388,48328,6483,129,2026-01-05,967,4,CONDITIONAL,4136.5
4389,25484,15677,340,2025-02-01,814,0,PASS,0.0
4390,45286,24960,204,2025-03-09,309,3,PASS,9708.7
4391,6091,982,101,2023-04-22,778,2,PASS,2570.7
4392,83013,18157,329,2025-08-28,878,3,PASS,3416.9
4393,57932,13286,295,2025-07-25,578,3,PASS,5190.3
4394,84585,6999,78,2023-04-11,894,1,PASS,1118.6
4395,57606,5094,372,2025-12-01,173,0,PASS,0.0
4396,23533,22020,12,2023-08-16,740,0,PASS,0.0
4397,10809,17722,242,2025-02-17,326,0,PASS,0.0
4398,35451,3965,180,2023-04-09,153,2,PASS,13071.9
4399,72718,25790,211,2023-11-01,596,2,PASS,3355.7
4400,84556,22741,297,2023-04-10,585,3,PASS,5128.2
4401,56149,2058,243,2026-07-07,315,2,PASS,6349.2
4402,7339,2969,288,2026-09-07,926,0,PASS,0.0
4403,52309,28867,289,2024-02-05,581,1,PASS,1721.2
4404,42154,13378,140,2026-06-22,200,0,PASS,0.0
4405,45111,10646,477,2025-04-01,950,4,CONDITIONAL,4210.5
4406,41167,20780,118,2023-05-29,487,2,PASS,4106.8
4407,36758,14452,381,2025-09-21,243,2,PASS,8230.5
4408,36173,5192,361,2023-10-05,547,0,PASS,0.0
4409,3575,16009,447,2024-01-31,888,0,PASS,0.0
4410,11410,27007,328,2025-07-10,419,3,PASS,7159.9
4411,60915,12947,150,2024-07-11,763,2,PASS,2621.2
4412,67697,21411,35,2023-05-07,500,4,CONDITIONAL,8000.0
4413,60248,26108,172,2026-04-13,579,2,PASS,3454.2
4414,19869,10889,277,2023-06-22,998,2,PASS,2004.0
4415,535,9180,281,2023-08-04,619,2,PASS,3231.0
4416,29126,20824,423,2023-02-23,185,1,PASS,5405.4
4417,51168,20123,125,2026-01-02,833,1,PASS,1200.5
4418,15569,24794,308,2023-12-26,300,0,PASS,0.0
4419,67885,29093,412,2023-11-08,530,0,PASS,0.0
4420,48558,23177,61,2025-12-25,191,2,PASS,10471.2
4421,21311,12124,217,2024-05-12,576,3,PASS,5208.3
4422,51589,3107,201,2023-08-23,389,0,PASS,0.0
4423,80416,17899,402,2023-12-15,280,2,PASS,7142.9
4424,3263,14203,20,2025-02-10,384,2,PASS,5208.3
4425,2955,18840,152,2023-08-23,102,1,PASS,9803.9
4426,74099,1432,339,2025-12-09,748,2,PASS,2673.8
4427,56444,3531,478,2023-10-01,943,2,PASS,2120.9
4428,10454,18854,402,2023-01-07,786,0,PASS,0.0
4429,83607,5486,463,2023-10-22,788,2,PASS,2538.1
4430,81641,12017,149,2023-03-07,570,0,PASS,0.0
4431,23187,29737,421,2023-07-09,351,1,PASS,2849.0
4432,21851,6155,141,2025-01-28,958,1,PASS,1043.8
4433,82823,7743,94,2025-12-12,957,3,PASS,3134.8
4434,27422,14178,381,2026-02-27,983,4,CONDITIONAL,4069.2
4435,60839,5883,395,2024-04-22,646,1,PASS,1548.0
4436,75901,17209,432,2023-08-27,584,2,PASS,3424.7
4437,28051,2649,379,2023-05-29,491,3,PASS,6110.0
4438,15629,6800,66,2025-08-08,270,4,CONDITIONAL,14814.8
4439,53445,979,296,2024-04-12,667,4,CONDITIONAL,5997.0
4440,31052,21977,162,2026-02-06,110,3,PASS,27272.7
4441,26581,1236,265,2024-04-02,335,4,CONDITIONAL,11940.3
4442,31232,7649,205,2024-12-09,908,4,CONDITIONAL,4405.3
4443,47535,7799,19,2023-02-14,482,2,PASS,4149.4
4444,1397,24892,460,2024-04-01,443,2,PASS,4514.7
4445,20136,3332,22,2024-05-23,397,3,PASS,7556.7
4446,35719,5828,151,2026-05-06,839,4,CONDITIONAL,4767.6
4447,76363,2067,169,2025-06-21,483,4,CONDITIONAL,8281.6
4448,57369,4700,2,2026-05-08,596,12,FAIL,20134.2
4449,52132,2766,493,2025-11-25,682,2,PASS,2932.6
4450,47393,22694,437,2024-02-25,243,1,PASS,4115.2
4451,27351,9075,351,2024-04-26,879,4,CONDITIONAL,4550.6
4452,5919,20366,417,2023-05-28,466,2,PASS,4291.8
4453,76480,10737,462,2026-07-07,212,0,PASS,0.0
4454,71252,24613,70,2024-02-10,306,0,PASS,0.0
4455,71155,21041,301,2024-02-12,714,0,PASS,0.0
4456,67467,8138,358,2023-10-17,127,2,PASS,15748.0
4457,61089,10900,83,2023-10-29,135,2,PASS,14814.8
4458,75105,6411,2,2023-05-10,611,12,FAIL,19639.9
4459,74336,8416,242,2026-08-01,880,0,PASS,0.0
4460,16774,16619,64,2023-07-28,770,4,CONDITIONAL,5194.8
4461,88327,5934,410,2024-02-19,934,1,PASS,1070.7
4462,37553,7662,121,2023-06-08,456,2,PASS,4386.0
4463,34887,18904,353,2025-03-13,498,0,PASS,0.0
4464,62593,13843,41,2025-11-20,514,3,PASS,5836.6
4465,32624,13413,440,2024-02-16,578,3,PASS,5190.3
4466,36541,9153,238,2025-03-23,234,1,PASS,4273.5
4467,10082,27926,113,2025-10-11,212,0,PASS,0.0
4468,77688,7997,362,2026-02-25,381,4,CONDITIONAL,10498.7
4469,14054,4074,312,2023-06-28,300,3,PASS,10000.0
4470,48524,4580,180,2023-02-05,405,0,PASS,0.0
4471,45611,26800,49,2024-02-20,737,3,PASS,4070.6
4472,78298,13481,378,2025-10-18,583,2,PASS,3430.5
4473,44056,29853,150,2023-06-28,446,2,PASS,4484.3
4474,72708,19277,75,2026-02-16,610,0,PASS,0.0
4475,76248,1497,249,2024-07-09,429,0,PASS,0.0
4476,5983,20307,390,2024-11-04,493,0,PASS,0.0
4477,47846,28266,82,2024-10-27,350,2,PASS,5714.3
4478,26670,7947,74,2026-05-04,210,3,PASS,14285.7
4479,51219,9864,480,2026-02-24,385,4,CONDITIONAL,10389.6
4480,69782,26519,331,2024-09-18,155,4,CONDITIONAL,25806.5
4481,31011,12806,144,2026-08-11,805,2,PASS,2484.5
4482,4442,2358,39,2024-02-03,135,0,PASS,0.0
4483,84228,19823,253,2025-04-02,653,2,PASS,3062.8
4484,38867,24745,406,2024-07-06,754,2,PASS,2652.5
4485,25730,14996,497,2026-09-12,381,1,PASS,2624.7
4486,33444,25096,232,2023-03-09,914,1,PASS,1094.1
4487,83459,11749,273,2026-05-13,749,1,PASS,1335.1
4488,66443,65,69,2024-01-04,211,2,PASS,9478.7
4489,32949,7115,426,2026-08-20,575,0,PASS,0.0
4490,66635,3877,495,2023-04-22,195,0,PASS,0.0
4491,16868,16955,469,2026-05-16,738,3,PASS,4065.0
4492,1319,1447,399,2025-10-10,232,0,PASS,0.0
4493,8779,14828,292,2024-12-28,523,2,PASS,3824.1
4494,21456,16941,34,2024-03-03,659,2,PASS,3034.9
4495,3553,24236,493,2024-08-01,734,4,CONDITIONAL,5449.6
4496,79953,20266,335,2023-07-07,754,4,CONDITIONAL,5305.0
4497,55217,23284,299,2025-07-15,510,2,PASS,3921.6
4498,11381,22878,227,2024-10-31,168,1,PASS,5952.4
4499,87699,2958,301,2024-09-03,224,3,PASS,13392.9
4500,59615,28945,455,2024-04-15,109,0,PASS,0.0
4501,21296,19046,485,2023-05-06,438,1,PASS,2283.1
4502,42852,20804,116,2025-01-18,123,3,PASS,24390.2
4503,87436,4459,365,2025-12-10,355,2,PASS,5633.8
4504,63244,24288,468,2024-12-12,145,2,PASS,13793.1
4505,23277,19163,230,2025-01-01,229,2,PASS,8733.6
4506,26157,4636,359,2025-06-25,827,3,PASS,3627.6
4507,57598,10232,448,2023-11-06,740,4,CONDITIONAL,5405.4
4508,54986,20943,461,2026-07-28,319,2,PASS,6269.6
4509,78280,15574,96,2024-12-24,350,4,CONDITIONAL,11428.6
4510,86644,16207,114,2023-07-22,217,1,PASS,4608.3
4511,22284,26524,139,2024-11-25,342,2,PASS,5848.0
4512,83183,6989,11,2026-07-07,727,0,PASS,0.0
4513,88168,16919,2,2026-08-23,457,6,FAIL,13129.1
4514,26385,5032,251,2026-08-28,289,4,CONDITIONAL,13840.8
4515,66078,1800,310,2023-12-03,169,1,PASS,5917.2
4516,42478,6442,45,2023-06-13,693,2,PASS,2886.0
4517,81170,13779,378,2026-01-31,660,2,PASS,3030.3
4518,60055,7716,274,2023-05-03,919,3,PASS,3264.4
4519,62293,29385,255,2025-10-20,721,2,PASS,2773.9
4520,61808,16575,314,2023-03-30,750,0,PASS,0.0
4521,30482,16702,231,2025-12-03,971,1,PASS,1029.9
4522,89296,19497,2,2023-07-14,625,12,FAIL,19200.0
4523,49160,10371,35,2026-02-16,515,1,PASS,1941.7
4524,19464,24802,455,2026-03-05,136,4,CONDITIONAL,29411.8
4525,84399,17196,139,2025-05-23,264,0,PASS,0.0
4526,1255,8475,148,2024-06-06,230,4,CONDITIONAL,17391.3
4527,75460,7939,284,2024-10-11,777,2,PASS,2574.0
4528,62074,9026,431,2026-01-29,749,4,CONDITIONAL,5340.5
4529,14845,5729,497,2025-06-22,737,2,PASS,2713.7
4530,54809,29607,134,2023-01-05,322,0,PASS,0.0
4531,27724,2227,335,2023-01-14,232,4,CONDITIONAL,17241.4
4532,485,11648,139,2025-04-10,982,3,PASS,3055.0
4533,75381,3652,69,2024-11-06,129,1,PASS,7751.9
4534,28464,6377,8,2024-10-28,495,1,PASS,2020.2
4535,44035,29840,471,2024-05-03,629,2,PASS,3179.7
4536,116,29484,395,2026-01-23,343,4,CONDITIONAL,11661.8
4537,54484,2273,116,2026-07-06,501,2,PASS,3992.0
4538,35478,2953,196,2025-12-07,689,0,PASS,0.0
4539,10907,9158,343,2026-05-31,779,4,CONDITIONAL,5134.8
4540,39115,23335,465,2026-07-16,932,3,PASS,3218.9
4541,14370,2443,475,2024-10-24,312,1,PASS,3205.1
4542,73195,14572,296,2023-06-08,927,0,PASS,0.0
4543,29754,11901,3,2024-09-12,404,0,PASS,0.0
4544,74559,24838,189,2023-09-24,343,2,PASS,5830.9
4545,62625,12227,376,2026-05-29,833,1,PASS,1200.5
4546,77072,19698,96,2025-08-09,535,2,PASS,3738.3
4547,85740,19316,187,2023-03-27,768,0,PASS,0.0
4548,83894,16820,267,2026-06-18,782,1,PASS,1278.8
4549,77778,6386,93,2023-09-09,774,4,CONDITIONAL,5168.0
4550,53500,26787,448,2023-09-22,552,0,PASS,0.0
4551,58034,968,281,2024-07-20,735,4,CONDITIONAL,5442.2
4552,3461,5629,407,2026-08-09,600,1,PASS,1666.7
4553,49370,7892,256,2023-05-01,466,0,PASS,0.0
4554,26690,17740,1,2025-06-14,215,12,FAIL,55814.0
4555,86522,26699,78,2026-06-25,772,1,PASS,1295.3
4556,33513,24467,390,2024-03-08,529,0,PASS,0.0
4557,45318,4466,125,2023-07-25,223,2,PASS,8968.6
4558,3592,13632,66,2026-06-29,891,2,PASS,2244.7
4559,85476,16908,200,2024-08-19,847,1,PASS,1180.6
4560,61159,11914,494,2026-02-14,981,0,PASS,0.0
4561,52828,23978,232,2026-08-15,554,3,PASS,5415.2
4562,72568,18963,249,2025-08-04,896,1,PASS,1116.1
4563,26478,19930,133,2025-09-15,647,3,PASS,4636.8
4564,85746,13724,243,2023-10-25,607,0,PASS,0.0
4565,13609,23257,321,2023-06-04,766,1,PASS,1305.5
4566,11334,7614,332,2025-07-19,371,2,PASS,5390.8
4567,3727,2273,199,2023-06-12,867,1,PASS,1153.4
4568,25704,19127,61,2023-01-17,428,4,CONDITIONAL,9345.8
4569,87859,8406,477,2025-10-15,306,3,PASS,9803.9
4570,40889,10880,107,2025-03-15,184,4,CONDITIONAL,21739.1
4571,16199,16811,225,2023-08-01,504,2,PASS,3968.3
4572,34631,20942,362,2024-06-08,714,4,CONDITIONAL,5602.2
4573,33442,3336,203,2026-03-04,557,2,PASS,3590.7
4574,84333,19250,468,2025-02-05,443,0,PASS,0.0
4575,47292,13273,312,2023-03-05,490,0,PASS,0.0
4576,65338,29316,132,2025-10-08,931,3,PASS,3222.3
4577,88779,676,176,2024-11-06,901,2,PASS,2219.8
4578,72224,18576,498,2024-04-29,352,3,PASS,8522.7
4579,84660,29888,342,2026-01-23,905,0,PASS,0.0
4580,75187,20763,490,2025-03-26,504,4,CONDITIONAL,7936.5
4581,66458,5844,119,2026-05-26,303,1,PASS,3300.3
4582,68003,17948,166,2023-09-17,697,0,PASS,0.0
4583,29594,6190,397,2026-03-16,497,4,CONDITIONAL,8048.3
4584,29450,24955,126,2026-06-10,869,3,PASS,3452.2
4585,32114,19766,330,2024-10-18,522,4,CONDITIONAL,7662.8
4586,68271,14253,392,2023-02-04,163,0,PASS,0.0
4587,79520,7824,489,2023-04-07,646,1,PASS,1548.0
4588,21977,17322,275,2025-12-25,682,2,PASS,2932.6
4589,58800,16422,207,2024-06-02,388,2,PASS,5154.6
4590,64007,19115,120,2026-07-17,687,3,PASS,4366.8
4591,65605,12562,392,2025-05-10,198,1,PASS,5050.5
4592,28038,7482,220,2023-03-19,302,0,PASS,0.0
4593,7444,29172,3,2023-03-23,280,11,FAIL,39285.7
4594,85873,15839,38,2023-07-05,785,2,PASS,2547.8
4595,66152,6705,361,2025-09-06,790,3,PASS,3797.5
4596,18034,20095,472,2026-07-29,371,2,PASS,5390.8
4597,48245,8365,78,2025-04-25,186,2,PASS,10752.7
4598,57698,19709,260,2023-10-09,900,3,PASS,3333.3
4599,69487,24722,354,2023-08-06,228,0,PASS,0.0
4600,48494,27664,231,2025-01-06,676,3,PASS,4437.9
4601,36163,4411,1,2026-05-21,777,0,PASS,0.0
4602,41980,21212,162,2025-05-11,244,3,PASS,12295.1
4603,49328,6409,129,2023-09-12,422,1,PASS,2369.7
4604,4960,4915,58,2023-08-06,485,4,CONDITIONAL,8247.4
4605,16750,27884,410,2025-10-08,770,3,PASS,3896.1
4606,42002,2485,493,2023-11-11,345,3,PASS,8695.7
4607,12937,21992,18,2023-11-29,392,3,PASS,7653.1
4608,53280,582,38,2026-09-18,763,0,PASS,0.0
4609,31868,2228,71,2023-01-18,779,0,PASS,0.0
4610,10698,10155,192,2023-04-18,961,2,PASS,2081.2
4611,86151,11934,53,2023-10-13,203,2,PASS,9852.2
4612,89575,18733,264,2023-09-12,187,0,PASS,0.0
4613,58485,12837,122,2023-06-08,798,2,PASS,2506.3
4614,2067,12349,323,2025-03-30,981,3,PASS,3058.1
4615,65924,6135,82,2024-03-11,153,0,PASS,0.0
4616,73529,29973,144,2026-07-27,786,2,PASS,2544.5
4617,67372,26141,473,2023-02-27,346,3,PASS,8670.5
4618,45393,13665,10,2025-08-13,775,4,CONDITIONAL,5161.3
4619,3902,24313,358,2024-10-22,620,4,CONDITIONAL,6451.6
4620,45634,12977,43,2026-06-07,707,1,PASS,1414.4
4621,36518,22678,119,2024-03-11,983,0,PASS,0.0
4622,78786,8690,59,2025-01-06,108,0,PASS,0.0
4623,89586,20006,457,2024-03-13,111,1,PASS,9009.0
4624,11165,5176,300,2025-06-27,695,2,PASS,2877.7
4625,1965,27912,322,2024-07-10,610,2,PASS,3278.7
4626,19590,6206,393,2024-12-02,371,2,PASS,5390.8
4627,17883,20261,71,2026-07-30,354,1,PASS,2824.9
4628,13233,17351,451,2024-08-20,858,1,PASS,1165.5
4629,40990,22347,294,2026-08-25,582,1,PASS,1718.2
4630,36297,25828,347,2023-12-07,590,2,PASS,3389.8
4631,4277,27239,116,2025-04-01,793,2,PASS,2522.1
4632,67594,18789,279,2024-02-20,479,3,PASS,6263.0
4633,20855,4930,466,2026-06-20,701,0,PASS,0.0
4634,84134,24006,83,2025-10-26,589,0,PASS,0.0
4635,42782,29511,136,2024-11-07,863,2,PASS,2317.5
4636,25911,7397,185,2026-03-23,643,0,PASS,0.0
4637,35651,14514,208,2025-08-09,882,2,PASS,2267.6
4638,9394,8869,113,2024-03-18,919,1,PASS,1088.1
4639,84350,5168,183,2023-03-05,281,1,PASS,3558.7
4640,65511,29391,464,2024-05-23,773,4,CONDITIONAL,5174.6
4641,15394,13052,155,2025-12-03,735,4,CONDITIONAL,5442.2
4642,39110,7083,466,2024-06-06,513,4,CONDITIONAL,7797.3
4643,21165,1058,447,2026-09-30,801,2,PASS,2496.9
4644,75331,3154,482,2025-06-20,808,3,PASS,3712.9
4645,52438,26367,163,2023-02-24,264,0,PASS,0.0
4646,7111,10590,183,2026-09-04,570,1,PASS,1754.4
4647,26812,7090,195,2026-03-15,866,3,PASS,3464.2
4648,75282,7005,121,2024-03-17,819,0,PASS,0.0
4649,15568,4343,236,2026-01-23,560,2,PASS,3571.4
4650,47881,2980,371,2024-06-13,607,0,PASS,0.0
4651,28878,11943,229,2023-07-31,792,2,PASS,2525.3
4652,16399,20472,495,2023-04-20,583,0,PASS,0.0
4653,69343,15796,215,2024-08-17,439,3,PASS,6833.7
4654,6580,2942,365,2026-06-08,659,0,PASS,0.0
4655,37973,29597,88,2026-02-28,298,0,PASS,0.0
4656,84803,6048,12,2026-06-08,630,4,CONDITIONAL,6349.2
4657,42770,339,372,2023-09-12,980,3,PASS,3061.2
4658,34430,26811,165,2024-05-31,364,2,PASS,5494.5
4659,54008,12443,191,2025-10-16,914,0,PASS,0.0
4660,10527,22974,130,2025-04-18,372,0,PASS,0.0
4661,88896,6502,29,2026-04-03,861,4,CONDITIONAL,4645.8
4662,10520,8288,357,2025-05-20,852,0,PASS,0.0
4663,53891,27288,194,2023-05-05,791,1,PASS,1264.2
4664,22436,11407,239,2025-01-24,993,3,PASS,3021.1
4665,35722,21823,487,2026-08-04,293,0,PASS,0.0
4666,32619,17204,97,2023-05-29,774,1,PASS,1292.0
4667,67737,26222,64,2023-08-09,493,0,PASS,0.0
4668,63805,1074,278,2025-08-17,480,0,PASS,0.0
4669,54157,27173,132,2025-12-05,149,0,PASS,0.0
4670,26740,5550,184,2026-05-30,717,4,CONDITIONAL,5578.8
4671,30698,18298,246,2024-06-08,185,4,CONDITIONAL,21621.6
4672,35547,24863,253,2023-03-15,564,1,PASS,1773.0
4673,48867,24433,206,2023-08-23,526,1,PASS,1901.1
4674,9551,12430,139,2025-08-04,971,4,CONDITIONAL,4119.5
4675,68098,14412,414,2023-03-08,843,2,PASS,2372.5
4676,55851,9378,269,2023-08-07,539,4,CONDITIONAL,7421.2
4677,84632,29148,42,2025-09-07,859,0,PASS,0.0
4678,77571,14842,78,2024-03-14,553,0,PASS,0.0
4679,31550,14172,418,2024-02-16,703,3,PASS,4267.4
4680,72290,5314,345,2024-01-21,293,2,PASS,6825.9
4681,4688,10844,48,2025-06-16,618,2,PASS,3236.2
4682,53648,8024,150,2025-08-09,714,4,CONDITIONAL,5602.2
4683,65958,22100,387,2023-02-01,707,2,PASS,2828.9
4684,30582,10946,453,2026-03-03,928,3,PASS,3232.8
4685,26713,1207,303,2023-04-30,974,2,PASS,2053.4
4686,30561,28896,321,2025-08-28,366,4,CONDITIONAL,10929.0
4687,38127,2506,238,2023-09-06,869,2,PASS,2301.5
4688,76055,5877,500,2024-03-27,387,1,PASS,2584.0
4689,72915,10215,457,2023-11-11,636,4,CONDITIONAL,6289.3
4690,2340,3822,180,2025-06-10,131,4,CONDITIONAL,30534.4
4691,4279,22142,448,2024-09-11,450,0,PASS,0.0
4692,6116,7603,367,2023-03-15,712,3,PASS,4213.5
4693,45191,10035,105,2023-11-21,599,1,PASS,1669.4
4694,8883,28436,116,2025-02-25,315,2,PASS,6349.2
4695,60838,22504,197,2026-02-26,538,1,PASS,1858.7
4696,81697,29704,45,2024-07-04,532,4,CONDITIONAL,7518.8
4697,61780,21377,209,2026-08-07,188,4,CONDITIONAL,21276.6
4698,46150,1045,1,2025-08-10,595,12,FAIL,20168.1
4699,73257,17551,78,2026-09-16,747,1,PASS,1338.7
4700,37564,27495,484,2026-07-27,234,1,PASS,4273.5
4701,39158,18129,196,2024-07-15,781,2,PASS,2560.8
4702,84417,13836,421,2026-01-19,523,1,PASS,1912.0
4703,73578,11627,400,2024-09-29,869,0,PASS,0.0
4704,54285,18693,297,2024-06-12,224,2,PASS,8928.6
4705,65714,22057,334,2025-08-12,457,3,PASS,6564.6
4706,22908,29619,110,2023-12-30,675,3,PASS,4444.4
4707,55984,47,470,2025-08-03,120,4,CONDITIONAL,33333.3
4708,64886,1103,146,2026-09-17,142,1,PASS,7042.3
4709,14376,18140,167,2026-01-16,445,0,PASS,0.0
4710,79954,20138,442,2025-04-16,666,3,PASS,4504.5
4711,36506,28469,282,2025-11-24,412,3,PASS,7281.6
4712,418,20332,407,2024-03-24,580,0,PASS,0.0
4713,40067,25518,181,2026-09-02,777,4,CONDITIONAL,5148.0
4714,39283,11789,183,2025-10-12,980,3,PASS,3061.2
4715,17770,18960,208,2024-06-25,745,1,PASS,1342.3
4716,33507,13648,78,2025-09-25,383,1,PASS,2611.0
4717,30965,22128,378,2025-05-20,220,1,PASS,4545.5
4718,72811,24270,387,2023-02-24,132,0,PASS,0.0
4719,54650,27048,251,2024-12-07,979,2,PASS,2042.9
4720,38932,26208,199,2024-03-18,452,2,PASS,4424.8
4721,37777,9081,393,2023-09-01,180,4,CONDITIONAL,22222.2
4722,49399,9400,133,2025-02-08,584,2,PASS,3424.7
4723,73406,22942,323,2023-07-02,273,0,PASS,0.0
4724,80705,11266,27,2026-08-12,294,2,PASS,6802.7
4725,53643,5399,213,2026-08-29,900,2,PASS,2222.2
4726,15670,20565,409,2024-01-05,847,1,PASS,1180.6
4727,33206,7510,256,2026-04-21,980,0,PASS,0.0
4728,42950,1101,400,2024-01-23,912,3,PASS,3289.5
4729,62642,25878,426,2024-01-23,793,0,PASS,0.0
4730,80695,28014,260,2025-05-17,493,2,PASS,4056.8
4731,42597,16271,410,2025-06-10,603,0,PASS,0.0
4732,50274,24541,275,2025-03-02,338,0,PASS,0.0
4733,1975,3684,436,2023-05-12,818,2,PASS,2445.0
4734,19771,19105,296,2024-12-06,422,4,CONDITIONAL,9478.7
4735,48694,12363,424,2025-03-15,329,0,PASS,0.0
4736,18913,2576,191,2025-09-27,218,4,CONDITIONAL,18348.6
4737,47597,28791,17,2025-09-10,604,1,PASS,1655.6
4738,18100,26235,159,2023-06-04,941,1,PASS,1062.7
4739,15276,19843,31,2025-12-07,950,2,PASS,2105.3
4740,59535,2128,88,2026-04-18,580,0,PASS,0.0
4741,62932,235,211,2024-03-18,256,0,PASS,0.0
4742,78586,29399,294,2025-08-23,827,2,PASS,2418.4
4743,18477,20940,468,2026-07-21,215,3,PASS,13953.5
4744,22714,29034,337,2025-07-13,197,4,CONDITIONAL,20304.6
4745,4002,11511,207,2023-02-06,230,1,PASS,4347.8
4746,30129,22691,431,2023-01-29,331,0,PASS,0.0
4747,52817,20927,492,2025-01-21,193,4,CONDITIONAL,20725.4
4748,15690,22840,416,2024-10-14,626,2,PASS,3194.9
4749,89350,19300,202,2024-04-24,808,1,PASS,1237.6
4750,16113,3077,144,2023-02-02,863,3,PASS,3476.2
4751,44221,20526,158,2024-03-03,163,1,PASS,6135.0
4752,38506,211,291,2026-09-23,335,0,PASS,0.0
4753,75253,18625,265,2025-07-09,586,0,PASS,0.0
4754,61286,12799,308,2023-07-04,718,1,PASS,1392.8
4755,29595,29648,391,2023-01-15,452,3,PASS,6637.2
4756,9983,23223,228,2024-10-03,301,2,PASS,6644.5
4757,73908,7680,275,2025-03-08,101,4,CONDITIONAL,39604.0
4758,31791,11419,249,2026-06-24,404,2,PASS,4950.5
4759,53406,545,82,2026-05-16,171,1,PASS,5848.0
4760,65258,2606,403,2025-02-23,862,2,PASS,2320.2
4761,201,26888,101,2025-06-18,484,4,CONDITIONAL,8264.5
4762,33095,25954,490,2023-01-17,544,2,PASS,3676.5
4763,33049,13277,237,2026-09-26,325,4,CONDITIONAL,12307.7
4764,1950,16338,429,2024-09-06,161,1,PASS,6211.2
4765,23282,19336,343,2026-08-13,956,2,PASS,2092.1
4766,25118,29986,463,2023-09-12,216,0,PASS,0.0
4767,23604,9283,310,2025-06-12,516,4,CONDITIONAL,7751.9
4768,19812,22850,156,2024-05-03,904,3,PASS,3318.6
4769,60288,6628,194,2024-07-25,344,0,PASS,0.0
4770,75433,27908,165,2023-06-14,680,4,CONDITIONAL,5882.4
4771,9365,19227,14,2025-02-12,220,1,PASS,4545.5
4772,19466,6015,221,2025-05-23,880,3,PASS,3409.1
4773,63629,13826,312,2025-07-22,696,4,CONDITIONAL,5747.1
4774,46265,12411,145,2023-11-06,608,4,CONDITIONAL,6578.9
4775,32174,14372,33,2023-12-05,748,2,PASS,2673.8
4776,6418,6261,455,2025-06-04,606,2,PASS,3300.3
4777,68522,27681,219,2025-04-13,467,4,CONDITIONAL,8565.3
4778,30287,15938,403,2026-07-01,697,4,CONDITIONAL,5738.9
4779,46763,14295,78,2023-10-16,681,4,CONDITIONAL,5873.7
4780,20656,27919,17,2025-05-14,384,0,PASS,0.0
4781,25176,15671,5,2025-03-30,124,1,PASS,8064.5
4782,8768,29730,152,2024-07-11,441,1,PASS,2267.6
4783,17951,25330,62,2024-06-08,224,3,PASS,13392.9
4784,50590,23845,108,2025-10-13,632,2,PASS,3164.6
4785,21704,7339,198,2025-09-12,193,2,PASS,10362.7
4786,3505,24850,323,2025-05-14,197,2,PASS,10152.3
4787,12468,26477,34,2025-12-07,605,3,PASS,4958.7
4788,67690,27674,78,2023-05-21,506,2,PASS,3952.6
4789,5313,4704,9,2025-02-25,576,4,CONDITIONAL,6944.4
4790,40362,11010,303,2026-07-20,698,2,PASS,2865.3
4791,36349,29551,364,2025-12-30,640,1,PASS,1562.5
4792,51479,3501,311,2023-12-27,381,3,PASS,7874.0
4793,32449,17170,29,2025-10-11,864,3,PASS,3472.2
4794,84950,20687,144,2024-07-17,964,1,PASS,1037.3
4795,54009,23646,125,2024-04-09,733,0,PASS,0.0
4796,5015,19577,192,2025-04-22,658,0,PASS,0.0
4797,59700,5596,323,2023-09-21,283,4,CONDITIONAL,14134.3
4798,26557,20198,99,2025-03-22,604,0,PASS,0.0
4799,79096,4200,441,2024-03-18,306,0,PASS,0.0
4800,17338,11096,376,2023-08-04,335,1,PASS,2985.1
4801,36651,2852,84,2025-09-29,395,1,PASS,2531.6
4802,2287,25651,111,2024-08-25,763,0,PASS,0.0
4803,82302,29942,91,2024-12-06,116,3,PASS,25862.1
4804,13678,25069,32,2024-05-31,714,4,CONDITIONAL,5602.2
4805,43847,16285,131,2024-08-20,337,4,CONDITIONAL,11869.4
4806,57843,20676,60,2023-12-16,911,2,PASS,2195.4
4807,31943,20484,494,2024-02-21,719,4,CONDITIONAL,5563.3
4808,62563,14561,362,2024-07-30,161,3,PASS,18633.5
4809,81728,24373,121,2025-12-05,840,0,PASS,0.0
4810,14885,19049,5,2025-04-12,114,3,PASS,26315.8
4811,52767,4236,221,2025-03-06,262,3,PASS,11450.4
4812,35688,27422,340,2024-04-09,830,3,PASS,3614.5
4813,44679,18001,471,2024-11-19,105,0,PASS,0.0
4814,35794,9055,80,2024-10-27,994,2,PASS,2012.1
4815,30913,22940,289,2023-05-09,325,3,PASS,9230.8
4816,61303,13339,281,2023-01-01,792,2,PASS,2525.3
4817,13489,11120,443,2023-07-17,280,4,CONDITIONAL,14285.7
4818,66147,25924,65,2026-01-09,503,2,PASS,3976.1
4819,62627,4042,310,2023-08-26,653,1,PASS,1531.4
4820,11981,21909,397,2024-08-22,405,0,PASS,0.0
4821,46278,8471,273,2024-05-28,999,0,PASS,0.0
4822,54161,24694,58,2023-09-05,945,3,PASS,3174.6
4823,32252,8327,327,2023-04-21,977,3,PASS,3070.6
4824,83876,6713,100,2023-09-30,842,1,PASS,1187.6
4825,79054,11927,474,2025-12-01,450,4,CONDITIONAL,8888.9
4826,28093,22530,71,2024-10-03,637,1,PASS,1569.9
4827,44818,23772,335,2024-03-14,725,4,CONDITIONAL,5517.2
4828,54543,12112,454,2026-07-23,250,4,CONDITIONAL,16000.0
4829,63798,19043,119,2024-06-08,354,0,PASS,0.0
4830,39236,18926,105,2024-09-30,801,1,PASS,1248.4
4831,24519,25152,179,2024-08-23,263,1,PASS,3802.3
4832,52802,24618,256,2023-05-14,289,1,PASS,3460.2
4833,76245,16440,394,2024-11-12,968,1,PASS,1033.1
4834,51566,11429,168,2024-06-12,688,3,PASS,4360.5
4835,54971,5233,270,2025-05-10,506,2,PASS,3952.6
4836,793,27277,95,2026-06-24,991,2,PASS,2018.2
4837,225,40,363,2025-05-31,847,3,PASS,3541.9
4838,32817,5540,478,2024-07-03,621,3,PASS,4830.9
4839,18777,22771,38,2025-08-04,451,0,PASS,0.0
4840,44291,16840,335,2023-03-05,649,4,CONDITIONAL,6163.3
4841,12319,16466,455,2025-09-07,797,0,PASS,0.0
4842,33066,21302,52,2024-09-03,689,4,CONDITIONAL,5805.5
4843,40854,18924,199,2024-02-18,818,0,PASS,0.0
4844,55667,9378,124,2026-04-10,792,1,PASS,1262.6
4845,32859,19170,332,2024-06-08,649,2,PASS,3081.7
4846,32507,19332,59,2025-04-05,170,3,PASS,17647.1
4847,45027,28521,34,2024-02-24,779,1,PASS,1283.7
4848,27368,14222,293,2023-02-18,801,1,PASS,1248.4
4849,75887,29065,437,2025-11-06,485,4,CONDITIONAL,8247.4
4850,38163,7231,262,2025-08-19,102,2,PASS,19607.8
4851,55185,13337,401,2024-01-14,741,2,PASS,2699.1
4852,21546,9048,380,2025-02-25,465,1,PASS,2150.5
4853,82271,14430,139,2023-11-11,814,3,PASS,3685.5
4854,63782,5070,160,2023-09-06,327,4,CONDITIONAL,12232.4
4855,9346,1329,440,2023-03-15,803,2,PASS,2490.7
4856,55203,2838,320,2023-06-15,760,1,PASS,1315.8
4857,34481,14510,141,2023-05-28,967,4,CONDITIONAL,4136.5
4858,56449,17340,125,2024-12-17,748,3,PASS,4010.7
4859,73551,19764,112,2026-07-02,938,4,CONDITIONAL,4264.4
4860,14305,9348,355,2024-09-13,750,3,PASS,4000.0
4861,54226,20275,6,2024-11-28,961,2,PASS,2081.2
4862,85454,2698,132,2024-01-27,683,0,PASS,0.0
4863,51116,18237,279,2026-06-06,735,1,PASS,1360.5
4864,75267,4395,187,2025-09-20,337,3,PASS,8902.1
4865,19178,11295,89,2025-06-09,313,4,CONDITIONAL,12779.6
4866,12250,23523,310,2023-11-04,490,0,PASS,0.0
4867,37918,23943,356,2023-09-21,568,2,PASS,3521.1
4868,13010,23144,245,2025-09-20,193,2,PASS,10362.7
4869,54094,7878,475,2024-06-30,468,0,PASS,0.0
4870,19507,9173,303,2024-08-22,798,2,PASS,2506.3
4871,74545,22826,128,2025-07-07,502,1,PASS,1992.0
4872,63023,6771,123,2025-05-13,102,4,CONDITIONAL,39215.7
4873,47878,28313,280,2025-06-18,990,1,PASS,1010.1
4874,41013,28352,333,2025-10-10,769,2,PASS,2600.8
4875,35891,11304,75,2025-01-27,660,3,PASS,4545.5
4876,32933,3977,180,2023-07-26,489,3,PASS,6135.0
4877,14028,22831,278,2023-02-26,998,3,PASS,3006.0
4878,82174,12219,114,2025-05-10,689,2,PASS,2902.8
4879,59747,7843,336,2024-06-11,681,1,PASS,1468.4
4880,52782,8414,224,2025-04-30,526,0,PASS,0.0
4881,55227,16025,294,2024-02-01,732,2,PASS,2732.2
4882,56428,15803,215,2024-11-29,445,4,CONDITIONAL,8988.8
4883,37776,7985,325,2024-03-19,647,1,PASS,1545.6
4884,77650,21658,430,2025-02-12,754,3,PASS,3978.8
4885,67043,21472,489,2023-12-06,506,0,PASS,0.0
4886,37739,21251,165,2024-01-16,804,2,PASS,2487.6
4887,7824,11496,347,2023-09-29,785,1,PASS,1273.9
4888,7205,21936,111,2023-12-02,977,2,PASS,2047.1
4889,47589,2521,79,2024-08-06,552,4,CONDITIONAL,7246.4
4890,50373,14864,66,2025-03-17,596,2,PASS,3355.7
4891,36135,13607,115,2026-04-06,826,0,PASS,0.0
4892,60113,26477,167,2024-08-20,427,1,PASS,2341.9
4893,9528,25482,267,2024-03-05,995,2,PASS,2010.1
4894,74350,2478,444,2024-05-01,256,2,PASS,7812.5
4895,4787,14910,302,2026-08-22,334,1,PASS,2994.0
4896,82409,6472,389,2024-06-30,132,3,PASS,22727.3
4897,82778,5524,113,2026-01-28,637,0,PASS,0.0
4898,8924,29586,83,2023-06-25,126,2,PASS,15873.0
4899,88153,9922,109,2024-10-01,620,3,PASS,4838.7
4900,42814,451,130,2026-08-04,165,4,CONDITIONAL,24242.4
4901,86176,26354,4,2023-10-20,185,2,PASS,10810.8
4902,34931,27585,467,2025-01-23,710,0,PASS,0.0
4903,44082,15500,73,2023-10-30,117,1,PASS,8547.0
4904,25337,661,187,2026-01-27,138,2,PASS,14492.8
4905,1683,1493,204,2024-07-08,937,1,PASS,1067.2
4906,10311,2804,483,2025-07-12,850,3,PASS,3529.4
4907,71115,3443,441,2025-12-12,384,0,PASS,0.0
4908,42156,3158,407,2024-10-27,736,3,PASS,4076.1
4909,60554,14349,221,2025-09-06,774,1,PASS,1292.0
4910,12731,29082,198,2024-12-26,754,1,PASS,1326.3
4911,35075,12257,362,2023-07-06,711,4,CONDITIONAL,5625.9
4912,74251,19125,291,2024-12-24,922,0,PASS,0.0
4913,70724,13267,161,2023-03-16,152,2,PASS,13157.9
4914,28336,19192,13,2025-11-28,597,4,CONDITIONAL,6700.2
4915,75338,3957,424,2024-04-11,297,0,PASS,0.0
4916,3092,28502,145,2023-10-24,809,4,CONDITIONAL,4944.4
4917,30181,5602,354,2024-08-20,257,2,PASS,7782.1
4918,7659,4426,95,2023-01-29,350,0,PASS,0.0
4919,88227,24896,90,2023-03-03,689,3,PASS,4354.1
4920,40749,1257,92,2025-02-06,473,2,PASS,4228.3
4921,83321,1893,265,2024-01-07,765,0,PASS,0.0
4922,72959,15062,426,2024-11-16,202,0,PASS,0.0
4923,14607,15478,386,2023-06-05,680,0,PASS,0.0
4924,63278,11556,138,2023-07-11,868,3,PASS,3456.2
4925,67113,5312,464,2025-06-20,989,3,PASS,3033.4
4926,69714,16134,178,2025-04-30,224,1,PASS,4464.3
4927,51911,1982,416,2023-07-04,786,2,PASS,2544.5
4928,905,559,283,2024-09-26,217,2,PASS,9216.6
4929,7769,9904,184,2025-07-17,756,0,PASS,0.0
4930,56091,9734,408,2023-12-22,266,3,PASS,11278.2
4931,36036,14357,301,2026-04-20,687,4,CONDITIONAL,5822.4
4932,36406,19128,164,2024-12-28,914,0,PASS,0.0
4933,15472,25444,461,2023-08-16,913,3,PASS,3285.9
4934,40324,4812,161,2025-09-29,137,4,CONDITIONAL,29197.1
4935,47282,6305,60,2023-05-24,540,4,CONDITIONAL,7407.4
4936,59052,3437,271,2024-05-19,867,3,PASS,3460.2
4937,52388,24897,246,2024-09-14,516,2,PASS,3876.0
4938,46837,28166,400,2024-03-12,508,1,PASS,1968.5
4939,10215,9292,95,2024-04-08,851,4,CONDITIONAL,4700.4
4940,24393,21282,158,2026-09-22,431,1,PASS,2320.2
4941,5871,29143,159,2025-10-10,342,1,PASS,2924.0
4942,23199,2268,413,2023-01-15,240,1,PASS,4166.7
4943,13730,12940,339,2023-05-27,519,3,PASS,5780.3
4944,23103,11988,363,2024-11-12,488,2,PASS,4098.4
4945,24474,11514,114,2025-09-20,711,3,PASS,4219.4
4946,78895,20452,280,2023-11-24,692,3,PASS,4335.3
4947,76184,6862,144,2024-05-18,779,4,CONDITIONAL,5134.8
4948,12448,23902,111,2026-06-17,349,0,PASS,0.0
4949,34261,15986,29,2024-06-25,952,3,PASS,3151.3
4950,46598,4064,432,2026-08-16,344,1,PASS,2907.0
4951,601,6917,61,2023-11-15,509,0,PASS,0.0
4952,49511,20194,462,2026-07-29,541,4,CONDITIONAL,7393.7
4953,59225,17835,394,2024-12-30,746,4,CONDITIONAL,5361.9
4954,44347,16911,112,2023-03-16,342,3,PASS,8771.9
4955,2699,28596,165,2026-06-05,584,0,PASS,0.0
4956,70923,5662,242,2023-12-04,164,4,CONDITIONAL,24390.2
4957,64730,1108,424,2023-06-14,343,2,PASS,5830.9
4958,9178,9320,187,2025-05-29,477,1,PASS,2096.4
4959,26645,20940,230,2024-03-12,619,3,PASS,4846.5
4960,21502,26533,9,2025-03-09,362,4,CONDITIONAL,11049.7
4961,29766,23157,37,2024-02-29,373,2,PASS,5361.9
4962,41164,18578,494,2024-07-31,896,1,PASS,1116.1
4963,303,16208,133,2026-08-23,817,3,PASS,3672.0
4964,77541,27018,393,2023-03-27,421,2,PASS,4750.6
4965,14661,29496,370,2024-08-26,756,4,CONDITIONAL,5291.0
4966,13522,25640,28,2026-06-11,654,3,PASS,4587.2
4967,41927,7652,91,2026-05-18,151,2,PASS,13245.0
4968,5084,3884,415,2026-08-05,344,4,CONDITIONAL,11627.9
4969,50453,10742,353,2024-04-14,932,0,PASS,0.0
4970,55837,4251,264,2024-11-21,708,0,PASS,0.0
4971,72680,10080,256,2025-07-28,190,1,PASS,5263.2
4972,41196,19569,427,2024-01-04,535,1,PASS,1869.2
4973,2991,21730,458,2024-01-05,665,2,PASS,3007.5
4974,5496,5697,361,2024-11-29,395,1,PASS,2531.6
4975,88723,19164,4,2025-04-02,641,0,PASS,0.0
4976,55663,25210,408,2025-02-04,553,3,PASS,5425.0
4977,27334,20567,404,2026-04-03,984,0,PASS,0.0
4978,13688,9129,313,2026-07-04,670,4,CONDITIONAL,5970.1
4979,6749,3963,459,2025-10-12,773,2,PASS,2587.3
4980,75162,16491,415,2023-07-09,430,3,PASS,6976.7
4981,3871,3087,228,2023-10-28,409,0,PASS,0.0
4982,89870,5139,14,2025-01-03,392,4,CONDITIONAL,10204.1
4983,5132,16105,126,2024-10-03,390,3,PASS,7692.3
4984,78625,5130,438,2023-12-23,254,0,PASS,0.0
4985,34141,5094,384,2025-07-04,269,2,PASS,7434.9
4986,42793,3092,252,2023-05-28,463,4,CONDITIONAL,8639.3
4987,68985,10013,103,2023-03-09,291,1,PASS,3436.4
4988,59478,16229,254,2026-03-25,156,1,PASS,6410.3
4989,67129,4623,388,2024-03-23,260,1,PASS,3846.2
4990,50856,20658,481,2023-05-20,409,3,PASS,7335.0
4991,58161,27237,273,2024-12-22,699,2,PASS,2861.2
4992,59094,19321,256,2023-03-30,123,0,PASS,0.0
4993,20732,11833,196,2026-07-10,915,0,PASS,0.0
4994,7350,5381,231,2025-03-12,453,1,PASS,2207.5
4995,18315,5560,170,2025-11-16,104,4,CONDITIONAL,38461.5
4996,81982,26285,426,2025-03-10,579,3,PASS,5181.3
4997,730,10035,118,2026-06-17,134,3,PASS,22388.1
4998,87656,10481,214,2024-03-12,168,4,CONDITIONAL,23809.5
4999,2616,6035,412,2025-05-28,513,2,PASS,3898.6
5000,3769,4704,160,2023-02-11,369,1,PASS,2710.0
5001,35334,5039,465,2025-09-08,267,3,PASS,11236.0
5002,4489,9670,76,2025-02-10,550,4,CONDITIONAL,7272.7
5003,68588,17556,500,2025-05-15,180,3,PASS,16666.7
5004,9968,29904,70,2025-03-09,600,0,PASS,0.0
5005,67791,2316,354,2024-08-07,885,2,PASS,2259.9
5006,53790,29249,96,2025-02-20,794,2,PASS,2518.9
5007,30408,29281,250,2025-05-16,111,1,PASS,9009.0
5008,10275,8213,267,2026-03-29,435,2,PASS,4597.7
5009,38267,29950,95,2025-10-20,620,3,PASS,4838.7
5010,22105,19361,117,2025-06-13,722,3,PASS,4155.1
5011,62911,29242,31,2025-05-21,414,0,PASS,0.0
5012,35277,26201,366,2025-02-26,572,0,PASS,0.0
5013,37687,17163,300,2023-04-21,795,1,PASS,1257.9
5014,83553,4130,475,2025-12-31,885,4,CONDITIONAL,4519.8
5015,63895,16287,35,2024-09-27,875,3,PASS,3428.6
5016,33001,5593,156,2024-09-24,574,2,PASS,3484.3
5017,54131,9044,157,2024-02-09,676,2,PASS,2958.6
5018,44382,22857,480,2025-04-09,470,0,PASS,0.0
5019,82166,7176,465,2024-01-17,244,1,PASS,4098.4
5020,76323,21279,99,2024-06-01,668,4,CONDITIONAL,5988.0
5021,47573,8580,85,2024-01-01,853,1,PASS,1172.3
5022,66687,20240,381,2026-04-12,694,0,PASS,0.0
5023,34898,17604,175,2026-04-18,441,0,PASS,0.0
5024,56084,17131,13,2025-01-12,512,1,PASS,1953.1
5025,44960,9146,243,2025-12-25,488,3,PASS,6147.5
5026,38938,1698,272,2024-07-22,689,2,PASS,2902.8
5027,3518,27278,140,2026-04-16,739,0,PASS,0.0
5028,82653,19903,384,2025-08-03,974,4,CONDITIONAL,4106.8
5029,55454,8491,170,2024-07-03,446,1,PASS,2242.2
5030,55046,15659,249,2025-11-28,602,2,PASS,3322.3
5031,28503,4745,358,2025-07-02,453,2,PASS,4415.0
5032,37316,6475,269,2026-07-09,103,4,CONDITIONAL,38835.0
5033,65911,7080,434,2024-02-24,225,1,PASS,4444.4
5034,54224,1350,141,2024-08-04,622,4,CONDITIONAL,6430.9
5035,46911,2119,369,2024-02-13,908,2,PASS,2202.6
5036,14223,23038,461,2023-09-28,206,4,CONDITIONAL,19417.5
5037,39057,7147,231,2023-05-02,587,2,PASS,3407.2
5038,18452,20235,493,2024-07-02,410,4,CONDITIONAL,9756.1
5039,45254,12491,48,2024-01-14,684,3,PASS,4386.0
5040,54052,9867,88,2023-11-10,962,0,PASS,0.0
5041,20175,28592,286,2026-07-25,522,0,PASS,0.0
5042,59361,1705,481,2026-03-01,833,0,PASS,0.0
5043,89061,19923,15,2024-11-23,100,0,PASS,0.0
5044,22242,7218,436,2024-03-30,495,0,PASS,0.0
5045,60608,29474,316,2025-08-05,917,1,PASS,1090.5
5046,83232,13008,418,2024-02-16,924,0,PASS,0.0
5047,35725,9510,416,2024-02-06,291,4,CONDITIONAL,13745.7
5048,27625,23479,463,2023-08-10,767,0,PASS,0.0
5049,34663,8817,327,2024-01-25,769,1,PASS,1300.4
5050,74398,20364,226,2023-11-01,667,4,CONDITIONAL,5997.0
5051,32303,13038,186,2025-09-19,564,4,CONDITIONAL,7092.2
5052,39548,11345,291,2025-01-27,955,2,PASS,2094.2
5053,38747,8974,173,2023-03-03,974,1,PASS,1026.7
5054,16933,18945,3,2023-09-18,116,5,PASS,43103.4
5055,16616,22288,271,2023-10-22,358,2,PASS,5586.6
5056,72268,18641,364,2025-08-02,429,3,PASS,6993.0
5057,33871,11518,239,2024-01-02,621,2,PASS,3220.6
5058,52537,10853,74,2024-06-20,179,4,CONDITIONAL,22346.4
5059,26711,4322,386,2023-09-15,912,0,PASS,0.0
5060,36190,23159,181,2023-11-16,304,0,PASS,0.0
5061,66125,25042,105,2025-04-07,791,2,PASS,2528.4
5062,49892,7112,139,2023-10-26,225,3,PASS,13333.3
5063,46448,28101,48,2026-05-09,955,4,CONDITIONAL,4188.5
5064,51258,17262,418,2023-03-04,203,0,PASS,0.0
5065,61763,14134,419,2024-01-30,956,4,CONDITIONAL,4184.1
5066,62351,24723,26,2026-07-27,443,1,PASS,2257.3
5067,74121,7322,273,2023-11-07,514,3,PASS,5836.6
5068,34535,2985,86,2025-03-23,976,4,CONDITIONAL,4098.4
5069,32172,24728,217,2026-02-26,600,1,PASS,1666.7
5070,66264,25483,228,2026-05-05,824,0,PASS,0.0
5071,62366,21446,214,2025-08-29,800,1,PASS,1250.0
5072,29026,16352,229,2023-11-08,174,1,PASS,5747.1
5073,77208,17466,241,2023-10-23,965,3,PASS,3108.8
5074,34390,3427,321,2024-10-06,674,2,PASS,2967.4
5075,43952,5772,241,2026-02-17,125,3,PASS,24000.0
5076,84209,16456,294,2024-05-12,972,0,PASS,0.0
5077,72376,13025,4,2025-09-02,928,3,PASS,3232.8
5078,26005,22120,51,2025-05-05,103,1,PASS,9708.7
5079,26746,23440,200,2025-10-30,447,1,PASS,2237.1
5080,75387,2230,357,2024-05-13,913,0,PASS,0.0
5081,58969,2241,494,2023-03-20,271,4,CONDITIONAL,14760.1
5082,36669,13569,40,2023-04-06,144,4,CONDITIONAL,27777.8
5083,2299,9167,137,2023-07-26,779,2,PASS,2567.4
5084,55072,10013,75,2025-10-14,661,2,PASS,3025.7
5085,6190,9162,290,2023-02-22,174,4,CONDITIONAL,22988.5
5086,3570,9689,218,2025-01-04,179,3,PASS,16759.8
5087,49147,27784,84,2025-08-23,905,0,PASS,0.0
5088,48858,10466,191,2025-08-27,643,3,PASS,4665.6
5089,5325,15518,183,2025-08-06,509,3,PASS,5893.9
5090,65092,4496,294,2024-02-25,325,0,PASS,0.0
5091,84805,20684,415,2026-02-26,802,3,PASS,3740.6
5092,19043,5990,146,2025-02-25,156,2,PASS,12820.5
5093,82692,10895,200,2026-06-05,306,4,CONDITIONAL,13071.9
5094,59827,2203,94,2023-08-05,629,0,PASS,0.0
5095,536,13224,196,2025-04-23,712,4,CONDITIONAL,5618.0
5096,72142,6847,432,2023-02-11,662,4,CONDITIONAL,6042.3
5097,82047,18975,269,2024-11-19,180,4,CONDITIONAL,22222.2
5098,48833,9106,316,2025-04-21,974,0,PASS,0.0
5099,31339,8882,100,2025-05-10,761,0,PASS,0.0
5100,27123,21863,407,2026-07-04,953,2,PASS,2098.6
5101,74713,857,97,2023-05-07,847,0,PASS,0.0
5102,87293,23934,289,2024-08-07,516,2,PASS,3876.0
5103,8579,4445,394,2025-12-19,414,2,PASS,4830.9
5104,25306,4645,191,2024-02-25,386,4,CONDITIONAL,10362.7
5105,68894,7900,496,2025-10-21,302,1,PASS,3311.3
5106,58877,20905,140,2026-05-22,262,1,PASS,3816.8
5107,31445,6288,32,2026-05-21,640,4,CONDITIONAL,6250.0
5108,67273,2191,471,2026-08-05,938,0,PASS,0.0
5109,5684,2924,88,2023-12-31,640,1,PASS,1562.5
5110,15583,18424,103,2026-07-31,726,4,CONDITIONAL,5509.6
5111,408,5441,129,2023-11-21,682,0,PASS,0.0
5112,3336,20323,217,2026-04-04,242,4,CONDITIONAL,16528.9
5113,2258,20658,215,2023-04-17,341,0,PASS,0.0
5114,69534,22879,206,2025-09-09,393,1,PASS,2544.5
5115,2186,7565,240,2026-04-17,668,1,PASS,1497.0
5116,83962,2356,16,2025-07-07,318,1,PASS,3144.7
5117,84981,6950,218,2026-06-03,305,4,CONDITIONAL,13114.8
5118,52800,23951,146,2024-12-31,299,2,PASS,6689.0
5119,41117,27230,85,2025-08-06,769,4,CONDITIONAL,5201.6
5120,23723,19837,188,2023-02-23,335,1,PASS,2985.1
5121,61803,4328,496,2025-02-07,932,4,CONDITIONAL,4291.8
5122,47031,19265,358,2026-07-30,757,0,PASS,0.0
5123,80195,6690,345,2026-02-08,102,0,PASS,0.0
5124,89832,29834,299,2023-11-18,522,4,CONDITIONAL,7662.8
5125,43807,10304,330,2024-09-13,371,3,PASS,8086.3
5126,23981,1488,143,2025-09-29,805,3,PASS,3726.7
5127,5767,11919,78,2025-06-26,339,3,PASS,8849.6
5128,85365,15172,463,2025-01-25,397,2,PASS,5037.8
5129,76491,16309,355,2023-06-03,264,3,PASS,11363.6
5130,72864,22865,152,2026-01-15,899,4,CONDITIONAL,4449.4
5131,79828,21378,385,2023-09-03,782,3,PASS,3836.3
5132,2721,25905,129,2024-10-06,926,1,PASS,1079.9
5133,45394,19491,396,2024-09-12,537,3,PASS,5586.6
5134,4515,10589,25,2023-01-25,451,2,PASS,4434.6
5135,55654,1527,188,2023-04-12,291,4,CONDITIONAL,13745.7
5136,38377,28827,270,2023-03-10,955,3,PASS,3141.4
5137,73521,27432,135,2026-02-05,493,3,PASS,6085.2
5138,81403,11051,185,2024-02-16,524,1,PASS,1908.4
5139,46496,20723,379,2025-11-05,794,1,PASS,1259.4
5140,27907,20476,141,2025-03-26,400,4,CONDITIONAL,10000.0
5141,74034,8934,78,2023-11-16,414,3,PASS,7246.4
5142,26525,20702,486,2023-02-21,515,2,PASS,3883.5
5143,64681,8497,238,2023-10-28,220,3,PASS,13636.4
5144,70934,475,306,2023-04-07,207,0,PASS,0.0
5145,84829,21264,304,2024-05-10,585,4,CONDITIONAL,6837.6
5146,45785,7010,449,2023-04-27,505,4,CONDITIONAL,7920.8
5147,82210,1312,499,2023-11-18,674,4,CONDITIONAL,5934.7
5148,76338,19911,115,2025-04-19,508,4,CONDITIONAL,7874.0
5149,3821,11853,79,2023-02-18,615,4,CONDITIONAL,6504.1
5150,10882,29530,21,2023-08-17,937,3,PASS,3201.7
5151,46059,16306,360,2023-01-16,221,0,PASS,0.0
5152,71608,15137,343,2023-04-29,535,4,CONDITIONAL,7476.6
5153,55895,26273,209,2023-10-29,181,3,PASS,16574.6
5154,55649,29880,390,2023-02-07,660,1,PASS,1515.2
5155,25059,21420,167,2023-04-08,370,1,PASS,2702.7
5156,50657,18578,132,2024-09-01,512,1,PASS,1953.1
5157,25274,23325,122,2026-08-05,635,1,PASS,1574.8
5158,71459,6028,386,2024-02-22,537,0,PASS,0.0
5159,27113,28889,167,2025-02-28,125,3,PASS,24000.0
5160,74621,20903,126,2024-05-30,305,2,PASS,6557.4
5161,9935,22883,239,2023-09-10,740,2,PASS,2702.7
5162,43309,24944,155,2025-10-24,372,4,CONDITIONAL,10752.7
5163,31205,11068,259,2026-06-17,268,4,CONDITIONAL,14925.4
5164,37965,5300,388,2024-05-12,664,0,PASS,0.0
5165,4069,25343,269,2025-09-19,404,2,PASS,4950.5
5166,5063,9299,124,2024-09-23,875,2,PASS,2285.7
5167,9130,18473,155,2023-03-13,663,4,CONDITIONAL,6033.2
5168,19311,5722,492,2023-12-05,964,1,PASS,1037.3
5169,19436,23453,230,2025-10-04,510,4,CONDITIONAL,7843.1
5170,59763,14041,381,2026-05-16,294,3,PASS,10204.1
5171,88195,25909,391,2026-01-26,507,2,PASS,3944.8
5172,13330,29920,302,2024-01-16,691,4,CONDITIONAL,5788.7
5173,77515,12615,133,2026-01-02,872,2,PASS,2293.6
5174,12773,5067,285,2025-03-30,740,1,PASS,1351.4
5175,27194,27369,183,2025-08-29,399,0,PASS,0.0
5176,46454,29764,238,2026-06-08,198,0,PASS,0.0
5177,37272,11788,58,2023-03-18,327,2,PASS,6116.2
5178,47067,3822,86,2025-03-24,101,4,CONDITIONAL,39604.0
5179,56844,3153,9,2025-03-26,215,0,PASS,0.0
5180,26786,16702,292,2025-09-06,538,4,CONDITIONAL,7434.9
5181,50366,28203,387,2024-06-22,680,1,PASS,1470.6
5182,20075,19196,351,2023-07-10,909,0,PASS,0.0
5183,65286,15438,150,2026-04-16,295,2,PASS,6779.7
5184,27112,26386,189,2025-05-21,441,4,CONDITIONAL,9070.3
5185,58028,13768,136,2024-04-25,698,1,PASS,1432.7
5186,36543,9860,56,2024-06-28,492,4,CONDITIONAL,8130.1
5187,65807,2645,360,2026-05-15,991,4,CONDITIONAL,4036.3
5188,38318,25836,197,2026-04-04,425,0,PASS,0.0
5189,56881,4487,175,2023-03-25,161,1,PASS,6211.2
5190,72573,7456,259,2026-06-07,244,2,PASS,8196.7
5191,41329,12103,93,2023-12-16,435,4,CONDITIONAL,9195.4
5192,42405,6892,366,2024-01-26,623,3,PASS,4815.4
5193,73647,17651,482,2024-08-17,660,1,PASS,1515.2
5194,63745,4282,109,2024-05-12,576,1,PASS,1736.1
5195,85414,104,389,2026-09-21,868,3,PASS,3456.2
5196,48677,986,175,2026-02-11,727,3,PASS,4126.5
5197,4595,3508,173,2025-03-03,668,0,PASS,0.0
5198,58301,6484,361,2026-09-01,484,2,PASS,4132.2
5199,20670,8936,367,2026-04-16,937,2,PASS,2134.5
5200,85732,27280,20,2024-06-26,440,1,PASS,2272.7
5201,53176,23009,219,2025-08-01,321,3,PASS,9345.8
5202,57115,22949,150,2025-07-18,131,3,PASS,22900.8
5203,33373,13183,205,2026-01-17,752,1,PASS,1329.8
5204,66831,13663,122,2023-05-22,525,4,CONDITIONAL,7619.0
5205,24785,17810,145,2023-06-10,841,3,PASS,3567.2
5206,8393,25182,459,2025-07-08,564,0,PASS,0.0
5207,15284,16604,265,2025-01-29,636,0,PASS,0.0
5208,87191,23176,499,2024-11-20,343,0,PASS,0.0
5209,86839,7636,495,2024-06-23,386,2,PASS,5181.3
5210,42966,15031,470,2024-04-10,264,0,PASS,0.0
5211,63987,23024,146,2025-08-02,381,2,PASS,5249.3
5212,88655,28468,88,2024-01-31,560,3,PASS,5357.1
5213,56238,9247,34,2023-11-24,897,0,PASS,0.0
5214,18551,15393,215,2023-10-30,371,0,PASS,0.0
5215,12875,2329,478,2024-08-25,621,4,CONDITIONAL,6441.2
5216,27819,29279,164,2023-04-25,352,1,PASS,2840.9
5217,21101,17923,268,2024-05-23,240,4,CONDITIONAL,16666.7
5218,63338,8899,337,2025-03-30,438,4,CONDITIONAL,9132.4
5219,42748,7733,263,2023-04-27,891,0,PASS,0.0
5220,42677,22720,283,2026-09-27,250,3,PASS,12000.0
5221,23144,17680,195,2023-07-04,282,0,PASS,0.0
5222,64616,22283,53,2024-09-09,893,2,PASS,2239.6
5223,49519,22771,248,2025-04-10,985,0,PASS,0.0
5224,82829,21038,80,2024-10-01,295,1,PASS,3389.8
5225,48229,7147,342,2025-10-10,464,0,PASS,0.0
5226,58743,20303,207,2023-02-26,284,0,PASS,0.0
5227,60494,22376,127,2023-02-23,281,0,PASS,0.0
5228,29903,3052,73,2025-03-26,419,0,PASS,0.0
5229,57934,28124,477,2026-02-28,872,0,PASS,0.0
5230,78617,12605,220,2023-11-02,714,3,PASS,4201.7
5231,54701,8143,28,2025-01-28,761,2,PASS,2628.1
5232,8227,24700,381,2024-11-08,713,2,PASS,2805.0
5233,85338,19537,108,2025-08-22,295,4,CONDITIONAL,13559.3
5234,84843,15565,16,2025-07-19,545,1,PASS,1834.9
5235,56879,454,356,2025-10-30,228,3,PASS,13157.9
5236,14139,26027,432,2024-11-16,867,0,PASS,0.0
5237,6696,13340,134,2023-03-27,254,0,PASS,0.0
5238,63062,5521,440,2024-05-30,522,0,PASS,0.0
5239,4757,27244,141,2026-05-31,890,0,PASS,0.0
5240,23084,28623,245,2023-11-03,254,2,PASS,7874.0
5241,61586,22135,331,2024-06-13,369,2,PASS,5420.1
5242,45571,15361,334,2024-10-29,176,1,PASS,5681.8
5243,44115,24060,362,2026-01-05,513,1,PASS,1949.3
5244,73855,21448,301,2023-11-07,626,1,PASS,1597.4
5245,68822,238,266,2025-03-03,177,2,PASS,11299.4
5246,86364,16361,434,2024-05-26,926,1,PASS,1079.9
5247,55129,1113,58,2024-12-16,917,3,PASS,3271.5
5248,82160,3138,43,2023-10-21,903,2,PASS,2214.8
5249,21676,136,167,2026-09-17,661,0,PASS,0.0
5250,85599,19432,478,2025-10-22,398,1,PASS,2512.6
5251,60915,15237,136,2025-07-21,725,1,PASS,1379.3
5252,51068,11412,298,2024-12-15,228,1,PASS,4386.0
5253,79492,1804,338,2024-08-22,932,2,PASS,2145.9
5254,72378,313,29,2026-01-26,899,1,PASS,1112.3
5255,37496,8742,252,2024-02-22,716,0,PASS,0.0
5256,16537,17218,168,2024-07-12,927,0,PASS,0.0
5257,75543,10043,350,2025-04-13,235,3,PASS,12766.0
5258,63906,12053,363,2023-10-31,420,3,PASS,7142.9
5259,8102,5845,90,2024-04-11,130,2,PASS,15384.6
5260,6878,14016,148,2025-07-10,698,3,PASS,4298.0
5261,30052,10628,353,2026-09-19,787,4,CONDITIONAL,5082.6
5262,26587,21201,228,2023-03-24,538,0,PASS,0.0
5263,61102,12845,332,2024-08-27,267,1,PASS,3745.3
5264,4105,3732,141,2026-07-02,290,2,PASS,6896.6
5265,54340,21504,259,2025-09-06,742,0,PASS,0.0
5266,18504,13056,177,2024-02-20,678,1,PASS,1474.9
5267,764,24895,113,2024-02-24,961,1,PASS,1040.6
5268,73892,20045,140,2024-05-04,114,4,CONDITIONAL,35087.7
5269,63547,13072,438,2023-02-07,708,1,PASS,1412.4
5270,37057,9647,441,2025-07-03,273,1,PASS,3663.0
5271,9233,1925,128,2024-03-04,866,3,PASS,3464.2
5272,22802,23860,227,2025-10-28,501,4,CONDITIONAL,7984.0
5273,67383,18375,399,2026-03-09,163,0,PASS,0.0
5274,46917,11470,108,2023-10-07,616,3,PASS,4870.1
5275,53239,26301,37,2024-09-02,109,4,CONDITIONAL,36697.2
5276,62936,3534,442,2023-12-27,657,4,CONDITIONAL,6088.3
5277,51482,12421,423,2026-07-15,768,2,PASS,2604.2
5278,10149,28064,362,2023-11-18,407,3,PASS,7371.0
5279,28347,29956,38,2026-09-16,462,2,PASS,4329.0
5280,2068,5978,139,2023-06-09,900,3,PASS,3333.3
5281,74418,26203,9,2023-09-06,914,4,CONDITIONAL,4376.4
5282,23758,6478,451,2023-08-29,213,3,PASS,14084.5
5283,1475,472,144,2024-05-19,741,4,CONDITIONAL,5398.1
5284,82135,27054,168,2024-12-09,554,2,PASS,3610.1
5285,16372,1971,171,2025-06-14,656,2,PASS,3048.8
5286,78415,27517,494,2023-05-14,481,1,PASS,2079.0
5287,28964,1223,85,2024-03-05,759,4,CONDITIONAL,5270.1
5288,86056,5780,195,2026-01-27,878,4,CONDITIONAL,4555.8
5289,25961,28337,280,2023-10-10,658,3,PASS,4559.3
5290,77582,5161,309,2026-08-27,802,4,CONDITIONAL,4987.5
5291,22875,14344,406,2023-04-06,853,2,PASS,2344.7
5292,58509,17592,242,2025-02-06,917,4,CONDITIONAL,4362.1
5293,79185,6998,248,2025-08-08,499,1,PASS,2004.0
5294,60813,18764,247,2024-05-19,382,3,PASS,7853.4
5295,76246,22694,471,2023-10-14,834,3,PASS,3597.1
5296,75184,1727,124,2026-05-05,211,2,PASS,9478.7
5297,62981,24146,124,2023-08-28,870,3,PASS,3448.3
5298,44559,10199,390,2026-02-09,435,0,PASS,0.0
5299,25877,5709,296,2025-05-30,654,1,PASS,1529.1
5300,70865,14783,216,2023-08-30,952,1,PASS,1050.4
5301,53577,19776,192,2025-07-30,689,3,PASS,4354.1
5302,21017,7722,246,2024-10-21,289,4,CONDITIONAL,13840.8
5303,20495,28509,479,2024-07-10,784,4,CONDITIONAL,5102.0
5304,14132,19917,474,2025-09-18,938,1,PASS,1066.1
5305,6255,15873,384,2024-02-25,139,2,PASS,14388.5
5306,75103,19638,34,2025-03-11,392,1,PASS,2551.0
5307,43700,11289,461,2025-12-14,518,3,PASS,5791.5
5308,2113,2918,373,2025-01-31,831,0,PASS,0.0
5309,28017,17354,169,2023-04-14,916,1,PASS,1091.7
5310,76804,25918,116,2026-05-20,419,4,CONDITIONAL,9546.5
5311,30892,3076,364,2024-10-02,378,4,CONDITIONAL,10582.0
5312,27377,19001,310,2023-12-20,558,2,PASS,3584.2
5313,22039,15994,153,2025-04-28,817,0,PASS,0.0
5314,40933,8529,110,2024-03-25,453,4,CONDITIONAL,8830.0
5315,83089,12419,333,2026-08-23,612,0,PASS,0.0
5316,40826,11380,189,2026-07-23,989,4,CONDITIONAL,4044.5
5317,27725,9458,360,2026-01-15,423,4,CONDITIONAL,9456.3
5318,70735,26704,74,2025-09-01,335,3,PASS,8955.2
5319,38627,18960,127,2024-03-01,675,4,CONDITIONAL,5925.9
5320,27150,13295,399,2025-01-13,622,3,PASS,4823.2
5321,79399,5597,440,2023-12-19,721,3,PASS,4160.9
5322,62184,17611,13,2024-01-30,549,3,PASS,5464.5
5323,81066,17879,321,2024-05-06,508,3,PASS,5905.5
5324,61287,23420,281,2023-10-04,557,1,PASS,1795.3
5325,4958,5031,159,2024-06-17,258,2,PASS,7751.9
5326,89894,13755,136,2026-03-07,723,0,PASS,0.0
5327,83540,25801,483,2026-06-14,390,3,PASS,7692.3
5328,66918,28546,163,2023-11-03,252,0,PASS,0.0
5329,51450,14840,33,2025-03-11,851,3,PASS,3525.3
5330,28919,4677,87,2024-04-19,746,3,PASS,4021.4
5331,16708,14063,187,2026-05-20,343,1,PASS,2915.5
5332,58273,25346,211,2025-02-14,311,3,PASS,9646.3
5333,53697,29190,186,2024-03-31,247,2,PASS,8097.2
5334,35515,24865,437,2026-05-23,667,3,PASS,4497.8
5335,88349,24156,378,2025-06-09,737,0,PASS,0.0
5336,88295,9419,82,2024-05-08,581,0,PASS,0.0
5337,58907,5624,173,2023-02-10,507,4,CONDITIONAL,7889.5
5338,58217,20733,27,2026-03-19,355,4,CONDITIONAL,11267.6
5339,51607,26641,209,2026-07-20,905,4,CONDITIONAL,4419.9
5340,49875,12212,185,2026-07-07,652,2,PASS,3067.5
5341,70725,26949,482,2026-08-16,891,1,PASS,1122.3
5342,84461,21283,197,2026-04-26,251,4,CONDITIONAL,15936.3
5343,7707,14131,215,2023-11-03,814,1,PASS,1228.5
5344,31707,12307,344,2023-02-27,402,1,PASS,2487.6
5345,73152,21564,143,2024-10-12,194,4,CONDITIONAL,20618.6
5346,15350,22140,28,2023-09-01,893,0,PASS,0.0
5347,17329,24394,451,2025-06-10,693,0,PASS,0.0
5348,2303,24940,138,2026-06-04,481,2,PASS,4158.0
5349,22031,16415,251,2023-03-06,693,4,CONDITIONAL,5772.0
5350,74731,19324,313,2025-08-03,176,1,PASS,5681.8
5351,550,2563,169,2026-01-10,941,2,PASS,2125.4
5352,38767,26653,499,2026-01-03,645,1,PASS,1550.4
5353,82378,18862,322,2023-02-08,244,2,PASS,8196.7
5354,31249,29446,492,2024-05-30,845,3,PASS,3550.3
5355,15212,27144,207,2025-12-25,520,1,PASS,1923.1
5356,34953,26660,254,2026-02-10,765,0,PASS,0.0
5357,2749,22705,409,2025-05-05,579,3,PASS,5181.3
5358,84232,12694,323,2024-06-07,767,2,PASS,2607.6
5359,3305,19348,160,2025-10-13,278,1,PASS,3597.1
5360,38213,24173,201,2025-03-11,310,4,CONDITIONAL,12903.2
5361,29710,20951,254,2023-06-02,791,2,PASS,2528.4
5362,71665,8838,340,2024-05-29,843,2,PASS,2372.5
5363,34092,19549,303,2024-06-11,632,4,CONDITIONAL,6329.1
5364,69124,16745,7,2026-01-08,569,4,CONDITIONAL,7029.9
5365,89028,15235,218,2025-03-25,343,1,PASS,2915.5
5366,88522,11807,438,2023-11-04,617,4,CONDITIONAL,6483.0
5367,53186,10832,387,2023-07-24,968,0,PASS,0.0
5368,9304,21754,333,2025-02-05,956,1,PASS,1046.0
5369,39618,22435,283,2025-12-15,385,2,PASS,5194.8
5370,14846,19319,389,2023-11-21,415,3,PASS,7228.9
5371,43384,20158,173,2025-09-01,459,1,PASS,2178.6
5372,24774,3238,113,2026-09-23,405,4,CONDITIONAL,9876.5
5373,88918,7894,96,2023-03-06,659,1,PASS,1517.5
5374,20501,7155,336,2025-07-14,435,3,PASS,6896.6
5375,74119,27526,363,2025-03-14,573,0,PASS,0.0
5376,50485,17283,450,2024-10-19,628,4,CONDITIONAL,6369.4
5377,15522,8332,116,2026-04-11,181,0,PASS,0.0
5378,71708,25026,35,2023-12-16,615,1,PASS,1626.0
5379,45803,11895,207,2023-09-22,827,2,PASS,2418.4
5380,3864,22308,8,2024-03-24,801,1,PASS,1248.4
5381,28375,1481,38,2026-03-16,828,2,PASS,2415.5
5382,63485,16280,331,2024-07-05,208,4,CONDITIONAL,19230.8
5383,57719,10904,430,2024-10-21,569,3,PASS,5272.4
5384,4985,15374,427,2023-10-02,691,3,PASS,4341.5
5385,58083,10611,409,2025-05-10,694,2,PASS,2881.8
5386,55035,10562,169,2026-08-31,189,3,PASS,15873.0
5387,24320,16136,500,2023-05-16,665,1,PASS,1503.8
5388,54757,12067,483,2025-01-30,510,0,PASS,0.0
5389,86671,14956,233,2024-01-12,507,4,CONDITIONAL,7889.5
5390,59171,10337,21,2026-03-29,853,2,PASS,2344.7
5391,88272,17455,304,2026-02-19,152,1,PASS,6578.9
5392,82597,8185,45,2026-03-07,124,2,PASS,16129.0
5393,28234,8538,408,2024-11-07,426,4,CONDITIONAL,9389.7
5394,63480,26785,70,2023-07-14,578,1,PASS,1730.1
5395,56489,14749,451,2024-09-24,172,3,PASS,17441.9
5396,18512,1566,236,2025-05-08,722,2,PASS,2770.1
5397,23991,29475,283,2023-09-11,656,0,PASS,0.0
5398,173,21920,70,2025-01-21,605,3,PASS,4958.7
5399,68832,15863,387,2024-06-03,574,4,CONDITIONAL,6968.6
5400,27563,10821,19,2025-04-26,619,2,PASS,3231.0
5401,40127,22221,419,2026-03-24,509,3,PASS,5893.9
5402,20837,6602,486,2023-11-14,124,4,CONDITIONAL,32258.1
5403,10587,29786,312,2024-06-28,372,0,PASS,0.0
5404,52064,29248,500,2026-08-13,156,2,PASS,12820.5
5405,15569,11504,27,2024-05-22,666,4,CONDITIONAL,6006.0
5406,63970,7087,48,2026-06-09,114,0,PASS,0.0
5407,63893,9007,273,2026-06-14,143,2,PASS,13986.0
5408,66887,16993,457,2023-07-26,939,1,PASS,1065.0
5409,61469,21004,384,2024-09-23,588,1,PASS,1700.7
5410,24514,12142,340,2026-07-12,128,4,CONDITIONAL,31250.0
5411,63951,22243,72,2023-09-12,959,2,PASS,2085.5
5412,50515,2868,18,2026-09-18,112,0,PASS,0.0
5413,82791,2796,159,2023-04-02,959,1,PASS,1042.8
5414,20384,16466,279,2024-10-24,966,2,PASS,2070.4
5415,48689,639,390,2026-02-17,508,4,CONDITIONAL,7874.0
5416,63885,19182,150,2026-06-26,420,3,PASS,7142.9
5417,18003,25805,184,2023-01-21,750,3,PASS,4000.0
5418,84359,3903,108,2026-02-09,345,1,PASS,2898.6
5419,89140,16692,450,2026-02-04,972,2,PASS,2057.6
5420,63874,5773,41,2025-04-10,228,1,PASS,4386.0
5421,21858,5570,233,2024-05-20,380,1,PASS,2631.6
5422,28001,28231,112,2024-06-07,272,2,PASS,7352.9
5423,19058,8073,99,2024-02-14,149,2,PASS,13422.8
5424,73665,18868,247,2025-02-13,759,1,PASS,1317.5
5425,76366,5990,168,2023-09-12,691,2,PASS,2894.4
5426,39245,12448,106,2025-01-31,765,0,PASS,0.0
5427,15209,23954,289,2025-05-27,403,0,PASS,0.0
5428,54578,14229,74,2024-12-31,734,3,PASS,4087.2
5429,75451,6910,472,2026-05-10,337,2,PASS,5934.7
5430,2,16970,34,2026-04-09,976,1,PASS,1024.6
5431,61686,18427,202,2025-02-20,528,1,PASS,1893.9
5432,49844,14343,86,2023-02-28,450,0,PASS,0.0
5433,41613,4058,402,2023-08-12,818,2,PASS,2445.0
5434,34751,26307,23,2023-10-07,424,1,PASS,2358.5
5435,66997,228,147,2023-01-24,706,1,PASS,1416.4
5436,70766,28301,231,2023-10-31,748,1,PASS,1336.9
5437,71824,17928,360,2025-09-05,871,4,CONDITIONAL,4592.4
5438,28259,25939,478,2026-08-31,409,2,PASS,4890.0
5439,35029,19152,48,2024-06-20,504,4,CONDITIONAL,7936.5
5440,55171,20532,260,2026-05-12,600,3,PASS,5000.0
5441,37872,15518,361,2023-02-10,406,4,CONDITIONAL,9852.2
5442,64263,11437,249,2025-03-20,583,3,PASS,5145.8
5443,5925,9683,441,2026-07-17,109,3,PASS,27522.9
5444,33158,20626,232,2024-10-28,630,4,CONDITIONAL,6349.2
5445,60621,5563,310,2023-03-10,543,2,PASS,3683.2
5446,64957,10435,445,2023-11-06,727,4,CONDITIONAL,5502.1
5447,6163,25637,439,2024-07-16,719,4,CONDITIONAL,5563.3
5448,82181,7877,315,2024-10-30,137,2,PASS,14598.5
5449,46057,21180,10,2024-10-04,687,1,PASS,1455.6
5450,16050,8914,130,2023-04-03,784,3,PASS,3826.5
5451,11149,21011,350,2024-01-21,620,2,PASS,3225.8
5452,40151,22818,365,2025-10-21,974,4,CONDITIONAL,4106.8
5453,28959,22384,176,2023-12-17,188,2,PASS,10638.3
5454,28261,14681,163,2023-02-13,164,0,PASS,0.0
5455,18534,17505,38,2023-04-25,550,0,PASS,0.0
5456,56602,8961,316,2023-05-09,750,2,PASS,2666.7
5457,51000,23854,140,2023-11-14,346,2,PASS,5780.3
5458,37199,11784,112,2023-02-25,659,3,PASS,4552.4
5459,88131,9872,282,2025-05-19,206,2,PASS,9708.7
5460,1039,10895,253,2024-03-19,248,3,PASS,12096.8
5461,82819,21894,268,2023-07-16,993,4,CONDITIONAL,4028.2
5462,76311,18712,372,2024-12-13,280,0,PASS,0.0
5463,45578,7214,98,2025-04-29,458,2,PASS,4366.8
5464,59519,20005,392,2024-09-24,157,2,PASS,12738.9
5465,28127,27365,342,2026-03-15,104,3,PASS,28846.2
5466,83326,25190,301,2023-12-23,463,3,PASS,6479.5
5467,26405,13936,92,2024-02-28,997,1,PASS,1003.0
5468,59799,29219,44,2024-12-06,588,2,PASS,3401.4
5469,63212,22443,50,2025-10-10,132,2,PASS,15151.5
5470,15581,26067,166,2024-08-04,152,3,PASS,19736.8
5471,38040,16729,289,2024-08-29,390,3,PASS,7692.3
5472,43480,27514,179,2025-09-24,285,0,PASS,0.0
5473,76601,6132,179,2025-07-10,379,1,PASS,2638.5
5474,71362,7913,238,2025-01-08,138,2,PASS,14492.8
5475,21623,4267,500,2024-06-10,289,1,PASS,3460.2
5476,25785,2992,152,2025-12-31,939,1,PASS,1065.0
5477,64029,17698,127,2024-10-05,279,4,CONDITIONAL,14336.9
5478,42465,11117,343,2023-10-25,222,1,PASS,4504.5
5479,63569,18354,13,2024-10-03,419,1,PASS,2386.6
5480,32105,13260,153,2023-06-23,683,0,PASS,0.0
5481,12372,26774,267,2023-06-17,649,0,PASS,0.0
5482,39857,12823,26,2024-08-06,817,4,CONDITIONAL,4896.0
5483,39679,14682,385,2025-05-17,860,3,PASS,3488.4
5484,1330,21677,401,2023-11-04,681,3,PASS,4405.3
5485,47702,20996,347,2023-04-03,224,2,PASS,8928.6
5486,50774,23454,315,2026-09-05,466,3,PASS,6437.8
5487,75870,20742,405,2024-04-18,738,0,PASS,0.0
5488,70773,20752,289,2026-01-22,857,2,PASS,2333.7
5489,4338,2272,438,2024-09-27,791,2,PASS,2528.4
5490,81931,12564,232,2026-01-13,159,2,PASS,12578.6
5491,68933,10299,69,2026-02-03,580,3,PASS,5172.4
5492,74658,15036,99,2024-10-15,676,1,PASS,1479.3
5493,46544,5407,438,2023-03-04,313,0,PASS,0.0
5494,1461,4254,145,2023-06-13,930,4,CONDITIONAL,4301.1
5495,24842,12774,268,2025-04-25,270,0,PASS,0.0
5496,53106,7335,211,2025-11-15,794,1,PASS,1259.4
5497,6217,6792,167,2024-10-12,877,4,CONDITIONAL,4561.0
5498,26619,18058,155,2026-06-21,123,2,PASS,16260.2
5499,64967,11930,89,2026-09-10,825,4,CONDITIONAL,4848.5
5500,22403,990,4,2024-04-20,325,0,PASS,0.0
5501,84216,10337,24,2026-06-29,343,2,PASS,5830.9
5502,59116,17971,461,2026-02-20,415,4,CONDITIONAL,9638.6
5503,80143,29349,33,2026-06-26,353,4,CONDITIONAL,11331.4
5504,79005,18997,492,2026-04-10,282,3,PASS,10638.3
5505,9930,29476,463,2024-12-07,578,0,PASS,0.0
5506,70827,1302,156,2024-11-13,574,2,PASS,3484.3
5507,58350,23463,413,2025-12-25,201,2,PASS,9950.2
5508,40430,43,102,2023-02-05,202,4,CONDITIONAL,19802.0
5509,16995,25480,88,2025-07-19,807,4,CONDITIONAL,4956.6
5510,43271,24979,255,2026-03-13,339,0,PASS,0.0
5511,3243,19192,267,2024-02-22,235,4,CONDITIONAL,17021.3
5512,18542,29075,13,2026-09-15,102,3,PASS,29411.8
5513,80925,21770,197,2023-04-21,858,0,PASS,0.0
5514,61502,7287,162,2024-01-28,496,1,PASS,2016.1
5515,24990,26059,107,2024-01-15,167,4,CONDITIONAL,23952.1
5516,15362,3738,417,2023-03-18,359,4,CONDITIONAL,11142.1
5517,40776,22779,45,2025-02-22,945,1,PASS,1058.2
5518,45940,4882,483,2025-12-12,973,2,PASS,2055.5
5519,32029,4266,418,2025-06-29,792,2,PASS,2525.3
5520,11643,6225,494,2023-01-28,843,3,PASS,3558.7
5521,76935,24961,326,2026-05-29,453,4,CONDITIONAL,8830.0
5522,1462,20364,122,2026-09-16,397,0,PASS,0.0
5523,72312,21689,456,2025-07-22,121,4,CONDITIONAL,33057.9
5524,85716,21104,390,2023-07-25,262,0,PASS,0.0
5525,20866,3105,182,2026-09-01,827,3,PASS,3627.6
5526,65075,25373,62,2025-10-25,669,1,PASS,1494.8
5527,812,11985,469,2024-12-31,214,1,PASS,4672.9
5528,27815,25000,76,2023-08-12,228,0,PASS,0.0
5529,70134,1135,196,2026-06-09,843,1,PASS,1186.2
5530,80126,1896,20,2023-01-23,489,0,PASS,0.0
5531,835,18142,436,2026-07-30,824,0,PASS,0.0
5532,79050,17968,451,2026-06-19,454,0,PASS,0.0
5533,70683,21402,64,2024-05-22,693,0,PASS,0.0
5534,29215,27841,157,2026-04-12,799,1,PASS,1251.6
5535,79039,1424,332,2026-04-24,773,4,CONDITIONAL,5174.6
5536,37113,855,280,2026-08-25,569,2,PASS,3514.9
5537,70168,24793,223,2024-08-30,776,1,PASS,1288.7
5538,37927,7627,293,2025-05-15,707,3,PASS,4243.3
5539,6685,6198,130,2026-03-03,627,3,PASS,4784.7
5540,5589,14122,41,2023-10-26,290,4,CONDITIONAL,13793.1
5541,23983,4370,381,2025-08-24,517,4,CONDITIONAL,7736.9
5542,16710,459,306,2025-02-08,174,2,PASS,11494.3
5543,47213,9759,104,2024-06-21,663,2,PASS,3016.6
5544,60630,25764,89,2026-01-06,821,2,PASS,2436.1
5545,39617,20514,271,2024-05-05,791,1,PASS,1264.2
5546,39876,19752,372,2025-07-04,260,4,CONDITIONAL,15384.6
5547,72457,13209,492,2025-01-19,871,2,PASS,2296.2
5548,8598,24038,325,2025-01-24,811,2,PASS,2466.1
5549,32615,22659,79,2024-02-29,180,2,PASS,11111.1
5550,19868,1059,210,2025-06-09,149,2,PASS,13422.8
5551,64477,27423,115,2025-08-28,282,2,PASS,7092.2
5552,79124,11456,269,2024-03-04,350,0,PASS,0.0
5553,66716,1852,370,2024-02-16,635,4,CONDITIONAL,6299.2
5554,6186,558,260,2024-01-09,911,3,PASS,3293.1
5555,12642,29545,86,2023-02-06,792,4,CONDITIONAL,5050.5
5556,53772,7462,68,2025-06-23,358,0,PASS,0.0
5557,34658,24304,171,2026-04-21,639,3,PASS,4694.8
5558,28197,3494,31,2024-09-11,472,2,PASS,4237.3
5559,19736,17551,392,2025-02-12,681,0,PASS,0.0
5560,5405,2813,150,2025-08-20,627,1,PASS,1594.9
5561,50309,65,166,2026-06-16,727,2,PASS,2751.0
5562,42868,20246,160,2023-09-18,293,0,PASS,0.0
5563,82502,2029,157,2024-12-08,798,1,PASS,1253.1
5564,18109,5834,53,2025-05-26,247,2,PASS,8097.2
5565,79636,1239,313,2026-03-08,703,4,CONDITIONAL,5689.9
5566,1498,530,181,2025-10-27,628,3,PASS,4777.1
5567,12951,2053,250,2026-03-10,551,3,PASS,5444.6
5568,73377,22413,465,2024-06-07,662,0,PASS,0.0
5569,38377,25568,5,2026-09-22,216,2,PASS,9259.3
5570,11905,2306,182,2024-01-28,110,1,PASS,9090.9
5571,72743,26327,419,2024-09-02,758,1,PASS,1319.3
5572,40415,22683,103,2024-09-25,572,2,PASS,3496.5
5573,82427,2799,118,2023-12-13,161,0,PASS,0.0
5574,51028,12543,74,2023-12-24,963,3,PASS,3115.3
5575,33869,14716,247,2024-06-26,271,4,CONDITIONAL,14760.1
5576,10133,24082,24,2023-01-10,984,2,PASS,2032.5
5577,9119,20178,298,2026-07-13,185,2,PASS,10810.8
5578,14242,3432,197,2023-07-31,534,4,CONDITIONAL,7490.6
5579,2824,8109,202,2024-05-11,955,4,CONDITIONAL,4188.5
5580,40472,16121,2,2023-06-14,273,9,FAIL,32967.0
5581,30092,22812,240,2024-10-13,716,1,PASS,1396.6
5582,36161,20979,315,2023-12-05,286,4,CONDITIONAL,13986.0
5583,29182,8696,487,2025-01-19,971,4,CONDITIONAL,4119.5
5584,44214,17103,416,2025-12-11,788,3,PASS,3807.1
5585,43696,27323,219,2026-01-09,506,0,PASS,0.0
5586,55631,14789,202,2025-11-04,243,1,PASS,4115.2
5587,35300,23214,496,2025-03-03,224,2,PASS,8928.6
5588,562,6388,76,2025-09-18,494,1,PASS,2024.3
5589,65140,22158,423,2025-03-11,599,0,PASS,0.0
5590,5204,11372,239,2025-11-09,243,4,CONDITIONAL,16460.9
5591,6287,1563,334,2023-11-22,369,2,PASS,5420.1
5592,74849,28886,340,2025-04-28,291,2,PASS,6872.9
5593,67511,22892,259,2024-08-16,951,3,PASS,3154.6
5594,33095,19025,183,2024-10-21,856,2,PASS,2336.4
5595,14076,10101,461,2026-01-03,531,1,PASS,1883.2
5596,54919,8077,470,2025-02-20,744,4,CONDITIONAL,5376.3
5597,24378,8171,421,2025-07-29,859,0,PASS,0.0
5598,23697,7788,362,2023-09-22,397,4,CONDITIONAL,10075.6
5599,39287,22653,456,2026-01-24,538,2,PASS,3717.5
5600,27352,19870,495,2025-08-27,422,4,CONDITIONAL,9478.7
5601,14311,15959,333,2023-11-12,329,3,PASS,9118.5
5602,14166,9601,217,2024-09-07,959,4,CONDITIONAL,4171.0
5603,63357,17957,445,2024-06-30,638,3,PASS,4702.2
5604,77699,5827,466,2024-12-14,378,1,PASS,2645.5
5605,79970,19624,47,2025-07-21,611,1,PASS,1636.7
5606,11242,3022,136,2025-09-20,352,3,PASS,8522.7
5607,51685,12814,455,2024-03-08,403,0,PASS,0.0
5608,52166,13551,203,2025-11-05,202,4,CONDITIONAL,19802.0
5609,51684,25927,208,2023-02-27,167,3,PASS,17964.1
5610,8143,25683,155,2026-08-02,995,1,PASS,1005.0
5611,62290,19198,51,2026-09-26,706,2,PASS,2832.9
5612,86792,28948,19,2024-05-25,209,4,CONDITIONAL,19138.8
5613,6632,21039,12,2025-11-17,328,4,CONDITIONAL,12195.1
5614,58678,18599,245,2024-09-03,549,0,PASS,0.0
5615,11776,9370,177,2025-03-10,641,3,PASS,4680.2
5616,72487,605,338,2023-07-19,558,0,PASS,0.0
5617,25594,20825,215,2025-03-10,560,3,PASS,5357.1
5618,38755,15177,279,2023-07-08,869,3,PASS,3452.2
5619,16722,5651,291,2025-11-09,170,0,PASS,0.0
5620,62958,16822,74,2025-02-19,207,2,PASS,9661.8
5621,63203,24301,228,2026-01-12,182,4,CONDITIONAL,21978.0
5622,22756,17231,223,2024-08-29,960,1,PASS,1041.7
5623,42869,17520,383,2023-02-06,771,2,PASS,2594.0
5624,45318,2102,324,2024-02-14,483,3,PASS,6211.2
5625,51603,84,370,2026-01-25,477,4,CONDITIONAL,8385.7
5626,7114,14159,262,2024-10-23,593,4,CONDITIONAL,6745.4
5627,46501,24487,428,2025-06-02,279,3,PASS,10752.7
5628,62530,14951,296,2023-09-22,784,0,PASS,0.0
5629,34724,6300,481,2024-10-19,602,1,PASS,1661.1
5630,47829,19610,146,2023-02-21,627,3,PASS,4784.7
5631,80628,4006,352,2024-05-09,539,4,CONDITIONAL,7421.2
5632,47014,12303,351,2024-02-28,537,2,PASS,3724.4
5633,8484,13198,130,2025-12-01,602,2,PASS,3322.3
5634,57387,14649,375,2025-01-22,871,0,PASS,0.0
5635,63744,25202,7,2025-11-08,680,4,CONDITIONAL,5882.4
5636,42187,822,82,2026-02-01,208,4,CONDITIONAL,19230.8
5637,20144,23186,57,2025-03-24,655,4,CONDITIONAL,6106.9
5638,13934,2051,464,2026-01-08,590,1,PASS,1694.9
5639,24250,14497,41,2023-10-21,729,1,PASS,1371.7
5640,6733,11064,30,2023-09-01,996,3,PASS,3012.0
5641,10378,26299,445,2023-10-13,602,2,PASS,3322.3
5642,14261,3727,179,2024-09-01,775,1,PASS,1290.3
5643,78944,16089,250,2024-09-05,969,4,CONDITIONAL,4128.0
5644,64292,121,25,2023-07-26,494,4,CONDITIONAL,8097.2
5645,23966,9146,170,2026-03-06,330,3,PASS,9090.9
5646,71363,4682,337,2026-09-22,408,3,PASS,7352.9
5647,52009,15772,326,2026-04-04,264,2,PASS,7575.8
5648,87486,29271,451,2025-04-28,519,4,CONDITIONAL,7707.1
5649,86231,23921,13,2024-07-04,217,1,PASS,4608.3
5650,74048,4646,77,2024-01-28,642,0,PASS,0.0
5651,33257,21341,64,2023-03-14,924,2,PASS,2164.5
5652,26946,17370,230,2023-04-04,657,1,PASS,1522.1
5653,89437,15515,495,2023-02-21,780,0,PASS,0.0
5654,71088,5313,458,2026-08-14,914,1,PASS,1094.1
5655,53340,15959,436,2023-01-28,121,3,PASS,24793.4
5656,45544,19698,123,2024-05-09,519,2,PASS,3853.6
5657,10849,3986,129,2025-02-15,251,2,PASS,7968.1
5658,9036,1498,272,2023-12-29,999,0,PASS,0.0
5659,40618,28930,425,2023-07-26,865,2,PASS,2312.1
5660,74739,24553,130,2023-11-29,226,2,PASS,8849.6
5661,66257,19483,395,2026-04-22,411,3,PASS,7299.3
5662,79016,18052,159,2023-09-03,915,4,CONDITIONAL,4371.6
5663,53219,21906,499,2023-12-30,879,4,CONDITIONAL,4550.6
5664,78290,15604,292,2023-01-29,245,0,PASS,0.0
5665,21777,1378,266,2025-11-11,451,3,PASS,6651.9
5666,5938,10309,217,2025-01-31,558,1,PASS,1792.1
5667,40684,9011,479,2026-04-24,350,1,PASS,2857.1
5668,78897,6056,209,2025-05-18,557,3,PASS,5386.0
5669,34312,93,10,2025-03-16,563,2,PASS,3552.4
5670,46183,26604,429,2023-04-12,730,2,PASS,2739.7
5671,49239,21429,442,2025-10-24,783,1,PASS,1277.1
5672,84812,14290,206,2023-09-28,609,1,PASS,1642.0
5673,48738,5350,304,2026-02-22,408,3,PASS,7352.9
5674,5055,23390,334,2023-03-15,609,0,PASS,0.0
5675,36199,6813,132,2024-09-25,573,0,PASS,0.0
5676,54686,23807,255,2025-11-08,546,0,PASS,0.0
5677,27248,22085,201,2026-02-02,761,2,PASS,2628.1
5678,32759,21649,316,2023-08-05,676,0,PASS,0.0
5679,431,9911,280,2023-07-10,469,0,PASS,0.0
5680,27306,11615,424,2024-07-05,780,0,PASS,0.0
5681,38802,21770,332,2026-03-22,143,3,PASS,20979.0
5682,24408,28141,296,2025-03-22,238,0,PASS,0.0
5683,71185,20200,78,2024-11-18,210,4,CONDITIONAL,19047.6
5684,24614,14904,474,2025-02-05,206,4,CONDITIONAL,19417.5
5685,10973,8903,406,2023-11-04,529,3,PASS,5671.1
5686,25269,27657,467,2026-09-23,844,2,PASS,2369.7
5687,34589,28402,300,2025-03-14,152,2,PASS,13157.9
5688,70151,24399,371,2023-04-19,664,3,PASS,4518.1
5689,45289,20832,449,2024-05-28,186,2,PASS,10752.7
5690,62376,22530,151,2024-05-12,602,2,PASS,3322.3
5691,1921,26020,459,2025-03-04,431,1,PASS,2320.2
5692,84765,10867,349,2024-11-23,210,0,PASS,0.0
5693,73737,9033,420,2026-09-08,709,0,PASS,0.0
5694,65738,15309,238,2024-09-14,242,4,CONDITIONAL,16528.9
5695,89933,12298,287,2025-04-22,328,4,CONDITIONAL,12195.1
5696,20759,7319,180,2025-12-25,195,1,PASS,5128.2
5697,11861,18244,215,2024-01-10,501,4,CONDITIONAL,7984.0
5698,24306,29354,90,2025-01-26,442,0,PASS,0.0
5699,21920,16590,276,2025-01-05,239,1,PASS,4184.1
5700,8907,29788,154,2023-02-23,653,0,PASS,0.0
5701,33615,27406,352,2024-09-30,232,3,PASS,12931.0
5702,63409,9084,80,2023-05-28,448,1,PASS,2232.1
5703,88487,3434,397,2025-04-02,498,4,CONDITIONAL,8032.1
5704,82895,16379,275,2023-04-05,933,3,PASS,3215.4
5705,62287,14163,266,2024-09-13,651,2,PASS,3072.2
5706,6214,17220,353,2023-10-15,434,0,PASS,0.0
5707,58128,19938,107,2025-12-07,374,4,CONDITIONAL,10695.2
5708,60577,11129,254,2024-05-30,792,4,CONDITIONAL,5050.5
5709,12557,4606,387,2024-07-04,221,2,PASS,9049.8
5710,6427,22604,487,2025-01-15,432,2,PASS,4629.6
5711,31422,7933,269,2025-07-23,422,2,PASS,4739.3
5712,5633,15797,156,2023-05-23,744,4,CONDITIONAL,5376.3
5713,25197,3550,113,2025-11-08,601,0,PASS,0.0
5714,82583,13509,35,2023-07-25,201,2,PASS,9950.2
5715,48724,4006,372,2024-02-19,412,3,PASS,7281.6
5716,75018,17004,150,2024-02-29,386,3,PASS,7772.0
5717,65840,16995,65,2025-10-23,943,0,PASS,0.0
5718,42543,25882,95,2024-06-15,692,3,PASS,4335.3
5719,79655,3897,56,2025-12-15,592,4,CONDITIONAL,6756.8
5720,9298,29454,292,2026-09-22,995,2,PASS,2010.1
5721,45827,8732,122,2023-03-03,597,1,PASS,1675.0
5722,59401,20053,278,2026-09-23,616,1,PASS,1623.4
5723,82722,26166,434,2026-03-12,793,2,PASS,2522.1
5724,78289,2176,397,2024-02-13,416,3,PASS,7211.5
5725,74647,1595,74,2026-07-07,824,4,CONDITIONAL,4854.4
5726,74847,10533,386,2024-06-19,326,0,PASS,0.0
5727,26733,10711,406,2024-05-09,273,1,PASS,3663.0
5728,11392,14682,318,2026-07-25,433,2,PASS,4618.9
5729,74026,26739,374,2024-08-29,429,3,PASS,6993.0
5730,44673,9737,411,2026-08-21,464,3,PASS,6465.5
5731,80819,6274,75,2024-01-26,234,2,PASS,8547.0
5732,6918,3166,11,2025-08-08,140,1,PASS,7142.9
5733,23292,18272,185,2025-08-29,397,0,PASS,0.0
5734,2596,12653,132,2024-10-18,219,4,CONDITIONAL,18264.8
5735,84519,2201,162,2024-03-09,890,4,CONDITIONAL,4494.4
5736,52096,3741,375,2025-07-05,828,2,PASS,2415.5
5737,44055,20345,141,2026-09-07,581,0,PASS,0.0
5738,24035,5501,219,2026-03-04,162,0,PASS,0.0
5739,56115,28877,436,2024-08-23,946,3,PASS,3171.2
5740,59673,6004,15,2025-05-05,929,0,PASS,0.0
5741,11314,15170,448,2024-08-14,298,1,PASS,3355.7
5742,24616,23807,232,2025-09-08,682,1,PASS,1466.3
5743,80560,18073,246,2024-07-07,778,1,PASS,1285.3
5744,86163,22516,370,2023-04-11,365,3,PASS,8219.2
5745,55332,7237,470,2023-01-20,457,1,PASS,2188.2
5746,67559,29667,320,2023-06-17,209,3,PASS,14354.1
5747,76186,9201,75,2023-11-02,848,4,CONDITIONAL,4717.0
5748,67307,29543,375,2024-08-27,178,4,CONDITIONAL,22471.9
5749,22186,20326,298,2024-12-14,968,1,PASS,1033.1
5750,41576,15337,47,2024-03-23,604,2,PASS,3311.3
5751,15129,24658,131,2025-10-17,757,1,PASS,1321.0
5752,57200,24618,16,2024-12-04,469,2,PASS,4264.4
5753,15848,21400,63,2024-01-28,705,4,CONDITIONAL,5673.8
5754,58738,505,275,2026-02-23,565,4,CONDITIONAL,7079.6
5755,5400,16296,77,2023-01-22,727,0,PASS,0.0
5756,70269,4400,355,2026-07-18,669,3,PASS,4484.3
5757,8767,11618,341,2025-02-18,580,1,PASS,1724.1
5758,41023,18836,293,2026-02-23,490,0,PASS,0.0
5759,54889,12839,375,2023-02-19,184,1,PASS,5434.8
5760,47661,12482,32,2024-07-18,848,2,PASS,2358.5
5761,8732,10923,165,2024-06-14,715,3,PASS,4195.8
5762,48390,23557,107,2026-08-13,988,2,PASS,2024.3
5763,71704,4367,395,2023-10-12,581,1,PASS,1721.2
5764,69996,20431,472,2023-01-27,525,0,PASS,0.0
5765,29451,1056,257,2023-09-19,507,4,CONDITIONAL,7889.5
5766,46502,11879,119,2023-05-14,255,3,PASS,11764.7
5767,30917,8448,62,2024-12-21,414,1,PASS,2415.5
5768,6718,6536,97,2025-04-17,137,3,PASS,21897.8
5769,44233,6169,193,2026-01-14,272,3,PASS,11029.4
5770,31801,24325,271,2023-01-23,348,4,CONDITIONAL,11494.3
5771,19722,2947,180,2026-01-11,135,3,PASS,22222.2
5772,68841,22227,44,2026-03-06,708,2,PASS,2824.9
5773,67561,2493,289,2026-02-26,983,4,CONDITIONAL,4069.2
5774,36748,14902,462,2026-05-27,442,2,PASS,4524.9
5775,11835,26682,199,2024-02-10,536,4,CONDITIONAL,7462.7
5776,74516,9676,356,2025-08-09,167,0,PASS,0.0
5777,20346,23657,177,2023-01-08,791,4,CONDITIONAL,5056.9
5778,63279,3784,318,2024-12-04,259,0,PASS,0.0
5779,44449,23128,173,2026-06-26,953,3,PASS,3148.0
5780,26551,1756,164,2023-02-23,192,3,PASS,15625.0
5781,15900,15514,122,2024-01-12,951,0,PASS,0.0
5782,25739,19412,257,2025-06-09,522,2,PASS,3831.4
5783,87187,24720,384,2023-11-09,901,4,CONDITIONAL,4439.5
5784,7401,22112,432,2024-11-27,245,3,PASS,12244.9
5785,10149,12310,40,2025-08-09,509,4,CONDITIONAL,7858.5
5786,50987,25882,4,2025-04-26,317,3,PASS,9463.7
5787,72782,5283,187,2024-03-25,255,3,PASS,11764.7
5788,53905,20412,189,2023-12-24,160,0,PASS,0.0
5789,38977,16464,94,2025-02-16,856,3,PASS,3504.7
5790,77083,26560,269,2026-07-16,340,4,CONDITIONAL,11764.7
5791,71102,28778,288,2025-02-19,158,2,PASS,12658.2
5792,65701,9861,252,2024-04-01,209,1,PASS,4784.7
5793,6055,8050,123,2024-12-22,385,0,PASS,0.0
5794,23573,15895,372,2023-10-30,857,3,PASS,3500.6
5795,35104,8953,407,2023-10-19,591,4,CONDITIONAL,6768.2
5796,64728,27907,402,2025-06-28,185,2,PASS,10810.8
5797,43911,1069,483,2024-07-15,114,2,PASS,17543.9
5798,13531,18288,386,2023-05-24,682,3,PASS,4398.8
5799,34512,21342,62,2023-07-22,819,3,PASS,3663.0
5800,44395,24921,358,2024-01-08,104,3,PASS,28846.2
5801,18509,23245,131,2023-10-06,545,1,PASS,1834.9
5802,59868,6202,192,2023-08-23,974,4,CONDITIONAL,4106.8
5803,73602,27500,34,2023-01-09,758,1,PASS,1319.3
5804,87250,27210,325,2025-09-14,748,2,PASS,2673.8
5805,23576,10574,190,2023-02-21,698,0,PASS,0.0
5806,15987,26205,262,2023-09-13,256,1,PASS,3906.3
5807,15329,11503,145,2025-05-28,126,1,PASS,7936.5
5808,23762,4080,198,2023-12-06,712,3,PASS,4213.5
5809,17530,19602,201,2024-05-25,422,0,PASS,0.0
5810,26955,24298,19,2024-11-14,255,4,CONDITIONAL,15686.3
5811,65087,3053,126,2024-05-11,760,0,PASS,0.0
5812,88585,3357,40,2025-07-31,451,3,PASS,6651.9
5813,21112,19273,290,2025-05-09,312,4,CONDITIONAL,12820.5
5814,42425,3599,198,2024-06-03,458,1,PASS,2183.4
5815,89926,4227,101,2025-11-25,896,3,PASS,3348.2
5816,49884,19243,493,2023-02-15,819,3,PASS,3663.0
5817,7170,5604,134,2026-02-10,703,3,PASS,4267.4
5818,3012,19334,380,2023-06-07,850,3,PASS,3529.4
5819,44854,2513,349,2025-06-30,329,1,PASS,3039.5
5820,79655,19125,306,2025-03-02,893,4,CONDITIONAL,4479.3
5821,34955,16880,249,2025-05-20,919,2,PASS,2176.3
5822,74360,16174,100,2026-03-27,892,4,CONDITIONAL,4484.3
5823,62295,12669,321,2026-01-03,929,0,PASS,0.0
5824,53971,21935,62,2023-02-20,835,3,PASS,3592.8
5825,78806,26249,255,2023-07-22,785,3,PASS,3821.7
5826,76947,12494,335,2026-05-09,622,0,PASS,0.0
5827,62120,12573,354,2024-07-03,494,1,PASS,2024.3
5828,40619,11854,176,2024-03-20,900,4,CONDITIONAL,4444.4
5829,38398,15643,86,2025-02-13,225,2,PASS,8888.9
5830,76742,29381,231,2025-10-29,179,4,CONDITIONAL,22346.4
5831,63333,24358,161,2024-04-10,846,2,PASS,2364.1
5832,24852,24145,238,2023-08-22,658,0,PASS,0.0
5833,55096,24101,4,2025-01-23,768,3,PASS,3906.3
5834,88404,1291,266,2025-08-30,884,3,PASS,3393.7
5835,34439,20288,281,2026-05-06,696,2,PASS,2873.6
5836,34898,2607,23,2024-06-30,198,4,CONDITIONAL,20202.0
5837,13682,26563,230,2023-03-21,777,2,PASS,2574.0
5838,53955,16465,488,2023-12-28,568,2,PASS,3521.1
5839,51192,24293,331,2024-04-11,532,0,PASS,0.0
5840,53618,6234,357,2023-06-29,105,1,PASS,9523.8
5841,89188,22494,381,2026-09-10,432,4,CONDITIONAL,9259.3
5842,71745,13595,441,2023-01-19,791,3,PASS,3792.7
5843,63413,24913,69,2026-05-31,662,4,CONDITIONAL,6042.3
5844,36616,24046,26,2026-07-16,134,2,PASS,14925.4
5845,21466,11854,217,2026-01-24,199,3,PASS,15075.4
5846,32758,26986,409,2026-07-25,355,3,PASS,8450.7
5847,10202,21818,343,2025-08-01,533,1,PASS,1876.2
5848,46249,24826,121,2025-03-23,334,1,PASS,2994.0
5849,69201,15786,22,2026-03-11,394,0,PASS,0.0
5850,74316,29353,2,2026-05-24,716,5,PASS,6983.2
5851,69023,14621,282,2024-08-26,671,3,PASS,4470.9
5852,2899,22449,66,2023-01-28,333,3,PASS,9009.0
5853,45489,19099,386,2024-12-02,587,0,PASS,0.0
5854,68667,25443,141,2024-04-09,255,1,PASS,3921.6
5855,69711,18177,356,2023-11-16,673,4,CONDITIONAL,5943.5
5856,16966,14357,219,2025-04-30,923,3,PASS,3250.3
5857,85371,14570,43,2023-06-23,178,0,PASS,0.0
5858,65225,14515,141,2026-09-11,562,1,PASS,1779.4
5859,59682,5654,213,2025-10-19,983,0,PASS,0.0
5860,27069,9403,321,2026-08-09,259,4,CONDITIONAL,15444.0
5861,21455,4731,445,2025-11-04,142,4,CONDITIONAL,28169.0
5862,60821,6387,500,2024-05-28,774,4,CONDITIONAL,5168.0
5863,48243,4872,495,2026-01-08,487,4,CONDITIONAL,8213.6
5864,79288,29075,135,2024-05-15,143,0,PASS,0.0
5865,77215,29785,454,2024-06-01,740,3,PASS,4054.1
5866,80557,29128,468,2025-01-31,491,1,PASS,2036.7
5867,51776,9018,327,2026-05-07,350,4,CONDITIONAL,11428.6
5868,53241,208,115,2024-02-07,881,2,PASS,2270.1
5869,46697,8161,39,2025-10-25,861,2,PASS,2322.9
5870,30525,5882,291,2024-07-18,912,4,CONDITIONAL,4386.0
5871,79245,27782,70,2024-02-20,955,4,CONDITIONAL,4188.5
5872,51990,13213,127,2026-05-20,883,0,PASS,0.0
5873,4309,6548,292,2025-05-29,779,0,PASS,0.0
5874,16130,14628,458,2024-06-09,883,4,CONDITIONAL,4530.0
5875,73374,11953,54,2024-05-07,164,3,PASS,18292.7
5876,29320,5000,167,2024-12-08,196,0,PASS,0.0
5877,31777,9856,284,2024-08-04,122,3,PASS,24590.2
5878,60708,10233,123,2025-01-21,372,2,PASS,5376.3
5879,24839,17906,3,2025-05-04,172,14,FAIL,81395.3
5880,86032,25395,448,2025-07-12,200,2,PASS,10000.0
5881,51123,21935,45,2024-11-25,732,3,PASS,4098.4
5882,65798,13515,257,2024-05-29,398,2,PASS,5025.1
5883,37693,22551,323,2025-03-01,362,0,PASS,0.0
5884,61450,21367,257,2025-03-28,918,0,PASS,0.0
5885,80429,26000,286,2023-02-24,730,4,CONDITIONAL,5479.5
5886,20989,19350,457,2025-06-10,485,0,PASS,0.0
5887,53574,12849,425,2026-03-17,554,4,CONDITIONAL,7220.2
5888,37516,27108,157,2023-04-18,605,0,PASS,0.0
5889,82551,25771,62,2025-08-23,659,0,PASS,0.0
5890,53902,29955,321,2023-12-07,745,2,PASS,2684.6
5891,21554,13768,216,2024-11-25,164,4,CONDITIONAL,24390.2
5892,68121,28334,365,2025-05-13,977,0,PASS,0.0
5893,85410,10258,378,2026-02-17,758,1,PASS,1319.3
5894,22575,15277,251,2023-12-30,770,1,PASS,1298.7
5895,80510,12024,362,2023-02-23,225,4,CONDITIONAL,17777.8
5896,54874,190,420,2025-07-23,189,3,PASS,15873.0
5897,82006,19405,128,2023-05-31,376,3,PASS,7978.7
5898,29372,19117,124,2024-03-13,723,1,PASS,1383.1
5899,59625,686,316,2024-02-16,775,0,PASS,0.0
5900,9247,24315,145,2024-01-21,363,4,CONDITIONAL,11019.3
5901,41080,19533,283,2023-02-09,341,4,CONDITIONAL,11730.2
5902,20222,16468,196,2026-04-07,740,4,CONDITIONAL,5405.4
5903,79618,1778,222,2025-08-29,821,2,PASS,2436.1
5904,85422,6483,460,2026-01-25,153,2,PASS,13071.9
5905,52600,21457,426,2026-01-11,377,4,CONDITIONAL,10610.1
5906,75885,21082,233,2023-05-26,731,2,PASS,2736.0
5907,38167,26562,477,2025-07-30,906,3,PASS,3311.3
5908,49990,29714,470,2026-07-12,200,4,CONDITIONAL,20000.0
5909,28815,16954,492,2023-01-10,116,0,PASS,0.0
5910,78523,3867,85,2025-11-26,476,3,PASS,6302.5
5911,44869,13425,19,2026-06-03,469,1,PASS,2132.2
5912,82362,25077,324,2024-09-25,669,4,CONDITIONAL,5979.1
5913,28108,7532,43,2025-02-11,778,4,CONDITIONAL,5141.4
5914,70757,25747,355,2025-10-09,258,4,CONDITIONAL,15503.9
5915,14190,6365,270,2024-07-12,993,3,PASS,3021.1
5916,72691,8290,296,2023-12-25,565,4,CONDITIONAL,7079.6
5917,71414,17614,167,2025-03-23,600,3,PASS,5000.0
5918,88333,29868,262,2025-07-06,846,1,PASS,1182.0
5919,32873,28623,487,2025-03-24,642,4,CONDITIONAL,6230.5
5920,7320,10179,203,2026-01-26,458,3,PASS,6550.2
5921,89527,21796,330,2023-09-23,336,3,PASS,8928.6
5922,1698,22625,138,2025-10-29,397,0,PASS,0.0
5923,29501,2079,311,2024-10-19,508,0,PASS,0.0
5924,75520,4246,441,2026-09-06,994,4,CONDITIONAL,4024.1
5925,1291,17496,68,2024-02-09,208,4,CONDITIONAL,19230.8
5926,71026,28701,123,2023-07-11,369,1,PASS,2710.0
5927,15,6327,413,2023-06-23,223,3,PASS,13452.9
5928,26055,11232,82,2024-09-01,340,3,PASS,8823.5
5929,44138,27123,341,2025-01-18,206,0,PASS,0.0
5930,85747,12184,7,2023-12-26,613,2,PASS,3262.6
5931,59944,23090,188,2024-12-11,777,0,PASS,0.0
5932,17846,9978,343,2024-09-16,117,4,CONDITIONAL,34188.0
5933,74354,22389,423,2024-09-21,716,4,CONDITIONAL,5586.6
5934,55122,11228,379,2025-09-29,770,4,CONDITIONAL,5194.8
5935,81324,141,254,2026-02-06,685,4,CONDITIONAL,5839.4
5936,60277,26819,301,2025-05-22,906,0,PASS,0.0
5937,20509,23677,27,2025-11-08,953,2,PASS,2098.6
5938,50536,26955,16,2024-05-09,917,4,CONDITIONAL,4362.1
5939,31778,4105,113,2023-08-23,514,4,CONDITIONAL,7782.1
5940,65327,16705,408,2025-02-19,172,2,PASS,11627.9
5941,75779,29077,260,2023-04-24,107,2,PASS,18691.6
5942,47607,16871,63,2023-04-28,200,2,PASS,10000.0
5943,79987,12647,173,2025-10-28,397,3,PASS,7556.7
5944,40461,16563,167,2024-05-20,639,3,PASS,4694.8
5945,18773,24729,227,2024-09-11,270,0,PASS,0.0
5946,72465,13047,340,2025-03-10,264,3,PASS,11363.6
5947,59812,15940,21,2024-06-03,270,3,PASS,11111.1
5948,59697,5673,179,2024-12-24,834,0,PASS,0.0
5949,34601,8904,218,2024-12-14,885,2,PASS,2259.9
5950,30051,1718,216,2025-12-01,133,0,PASS,0.0
5951,80253,19757,306,2024-03-28,640,3,PASS,4687.5
5952,52439,14003,50,2025-02-25,306,4,CONDITIONAL,13071.9
5953,55109,19674,313,2026-04-27,870,2,PASS,2298.9
5954,58804,4407,382,2025-09-09,186,1,PASS,5376.3
5955,23224,617,451,2026-09-10,282,1,PASS,3546.1
5956,86557,17871,313,2023-12-21,117,0,PASS,0.0
5957,79681,17359,492,2025-10-19,538,2,PASS,3717.5
5958,55838,29817,431,2024-10-07,349,4,CONDITIONAL,11461.3
5959,70871,25339,427,2025-06-28,204,1,PASS,4902.0
5960,7965,2619,493,2023-04-27,408,4,CONDITIONAL,9803.9
5961,69189,4158,492,2023-05-19,645,3,PASS,4651.2
5962,59283,15704,86,2025-09-12,347,0,PASS,0.0
5963,1526,13358,79,2024-10-01,573,3,PASS,5235.6
5964,2762,3052,370,2024-12-07,739,0,PASS,0.0
5965,35967,25592,46,2023-11-11,928,0,PASS,0.0
5966,75844,21261,17,2026-02-18,544,2,PASS,3676.5
5967,32108,2782,430,2024-04-01,250,1,PASS,4000.0
5968,50192,3502,83,2024-01-04,408,3,PASS,7352.9
5969,51483,22776,302,2024-08-02,640,3,PASS,4687.5
5970,41791,27336,409,2025-11-08,299,3,PASS,10033.4
5971,30881,26492,71,2024-09-14,522,3,PASS,5747.1
5972,22474,9955,17,2024-03-13,427,4,CONDITIONAL,9367.7
5973,72229,6474,464,2025-09-17,563,4,CONDITIONAL,7104.8
5974,70705,24158,224,2025-07-01,641,2,PASS,3120.1
5975,29678,17664,237,2026-04-03,363,1,PASS,2754.8
5976,12118,11183,363,2026-07-06,708,3,PASS,4237.3
5977,6569,7014,337,2023-02-08,445,0,PASS,0.0
5978,787,5714,452,2025-06-14,389,0,PASS,0.0
5979,83514,25633,60,2023-09-17,662,1,PASS,1510.6
5980,33319,7218,92,2023-11-04,350,3,PASS,8571.4
5981,43069,19658,80,2026-04-14,434,2,PASS,4608.3
5982,42586,1888,255,2026-01-03,825,3,PASS,3636.4
5983,87283,12661,188,2025-07-08,308,4,CONDITIONAL,12987.0
5984,89900,19285,428,2026-06-20,370,0,PASS,0.0
5985,6689,20734,470,2024-04-28,680,1,PASS,1470.6
5986,69769,21820,102,2024-07-30,964,0,PASS,0.0
5987,56897,21568,344,2025-01-02,834,4,CONDITIONAL,4796.2
5988,21599,20217,133,2024-04-13,492,3,PASS,6097.6
5989,13519,20488,251,2024-12-13,567,0,PASS,0.0
5990,72820,28282,256,2023-10-03,588,1,PASS,1700.7
5991,87442,4030,300,2026-04-18,308,0,PASS,0.0
5992,54846,25158,27,2023-06-22,333,2,PASS,6006.0
5993,19268,9834,471,2023-01-21,704,4,CONDITIONAL,5681.8
5994,32770,4008,13,2023-06-26,269,2,PASS,7434.9
5995,56051,24504,48,2023-03-02,291,3,PASS,10309.3
5996,28966,10258,394,2024-03-29,748,4,CONDITIONAL,5347.6
5997,53398,19535,17,2026-02-26,754,2,PASS,2652.5
5998,50035,19899,233,2026-08-19,586,2,PASS,3413.0
5999,44506,13903,123,2026-07-28,250,0,PASS,0.0
6000,39765,28086,174,2025-07-07,853,3,PASS,3517.0
6001,39697,4858,31,2026-08-10,939,2,PASS,2129.9
6002,55761,3106,357,2026-01-08,341,3,PASS,8797.7
6003,9589,28074,166,2025-07-18,854,2,PASS,2341.9
6004,46946,116,296,2024-02-25,280,3,PASS,10714.3
6005,24384,3427,258,2025-08-30,207,4,CONDITIONAL,19323.7
6006,35576,1135,486,2025-11-17,316,0,PASS,0.0
6007,5147,13890,22,2023-05-26,827,3,PASS,3627.6
6008,34620,24129,192,2026-05-15,519,0,PASS,0.0
6009,47279,1718,61,2024-08-27,602,3,PASS,4983.4
6010,8317,27117,469,2026-01-12,171,1,PASS,5848.0
6011,87222,27195,330,2025-12-05,877,4,CONDITIONAL,4561.0
6012,52192,23976,43,2023-12-03,154,2,PASS,12987.0
6013,43725,20764,346,2026-07-22,132,4,CONDITIONAL,30303.0
6014,55778,22819,210,2023-11-01,806,3,PASS,3722.1
6015,66155,19698,381,2023-03-26,105,2,PASS,19047.6
6016,22183,6475,447,2024-09-14,796,1,PASS,1256.3
6017,5659,11183,462,2025-02-04,749,1,PASS,1335.1
6018,86514,29388,2,2024-12-04,553,9,FAIL,16274.9
6019,86951,1273,485,2023-04-26,990,1,PASS,1010.1
6020,64047,29042,498,2025-12-25,997,2,PASS,2006.0
6021,15206,14044,170,2025-09-02,717,1,PASS,1394.7
6022,54887,17660,142,2026-05-25,898,0,PASS,0.0
6023,24461,3050,276,2026-01-21,638,4,CONDITIONAL,6269.6
6024,78579,18101,497,2026-02-13,578,4,CONDITIONAL,6920.4
6025,62379,21389,7,2024-08-21,261,3,PASS,11494.3
6026,46086,23414,374,2024-08-28,579,4,CONDITIONAL,6908.5
6027,4527,18903,378,2024-01-01,840,3,PASS,3571.4
6028,83415,24670,147,2025-01-30,784,2,PASS,2551.0
6029,16584,29708,23,2024-12-24,308,2,PASS,6493.5
6030,5712,4015,70,2023-09-04,692,4,CONDITIONAL,5780.3
6031,39198,6250,10,2026-04-22,631,2,PASS,3169.6
6032,24502,18712,384,2025-09-01,421,3,PASS,7125.9
6033,73060,8273,132,2025-12-26,366,3,PASS,8196.7
6034,23545,1702,139,2024-05-28,928,3,PASS,3232.8
6035,25075,15582,317,2024-10-25,989,1,PASS,1011.1
6036,74694,17726,62,2026-07-14,128,0,PASS,0.0
6037,34765,4416,375,2025-08-07,668,0,PASS,0.0
6038,46960,10831,70,2023-09-03,563,4,CONDITIONAL,7104.8
6039,55230,11634,340,2023-04-05,796,0,PASS,0.0
6040,40513,27888,3,2023-10-09,484,8,FAIL,16528.9
6041,70284,25871,1,2026-01-14,255,10,FAIL,39215.7
6042,10406,28450,22,2025-02-11,531,3,PASS,5649.7
6043,86410,8483,320,2024-04-20,163,1,PASS,6135.0
6044,61556,201,464,2023-04-01,809,2,PASS,2472.2
6045,6624,11024,208,2024-09-01,567,2,PASS,3527.3
6046,46466,28428,368,2024-01-25,827,4,CONDITIONAL,4836.8
6047,6466,7356,120,2024-11-30,271,4,CONDITIONAL,14760.1
6048,67099,3949,94,2025-02-03,409,0,PASS,0.0
6049,72066,27630,74,2025-10-15,225,1,PASS,4444.4
6050,3307,10087,287,2025-02-26,311,1,PASS,3215.4
6051,79074,12505,83,2024-10-05,893,1,PASS,1119.8
6052,51520,5161,431,2024-08-21,539,1,PASS,1855.3
6053,53256,18948,477,2025-09-20,861,3,PASS,3484.3
6054,53909,20787,382,2026-08-17,377,4,CONDITIONAL,10610.1
6055,52968,19367,474,2024-06-05,136,4,CONDITIONAL,29411.8
6056,77034,16539,250,2023-12-18,994,2,PASS,2012.1
6057,2959,15359,384,2023-08-06,662,1,PASS,1510.6
6058,27505,21825,291,2025-04-02,581,1,PASS,1721.2
6059,71816,9432,198,2023-07-06,815,3,PASS,3681.0
6060,19038,7455,493,2026-04-30,562,3,PASS,5338.1
6061,20483,15177,209,2023-07-13,213,3,PASS,14084.5
6062,47075,11575,18,2025-05-26,288,2,PASS,6944.4
6063,6874,361,105,2024-10-02,779,4,CONDITIONAL,5134.8
6064,57306,16458,308,2025-06-12,574,3,PASS,5226.5
6065,49180,27356,242,2024-12-08,475,1,PASS,2105.3
6066,25325,13036,331,2025-05-14,604,2,PASS,3311.3
6067,67284,16935,64,2025-12-23,892,2,PASS,2242.2
6068,33109,18682,28,2024-07-10,220,2,PASS,9090.9
6069,4437,4057,263,2025-04-27,372,2,PASS,5376.3
6070,27479,12928,299,2023-10-02,118,2,PASS,16949.2
6071,54286,2176,192,2023-06-18,263,0,PASS,0.0
6072,28151,9552,291,2026-04-29,464,3,PASS,6465.5
6073,84003,10246,150,2023-10-30,419,2,PASS,4773.3
6074,56800,8717,252,2025-11-20,252,4,CONDITIONAL,15873.0
6075,6535,20820,325,2025-02-18,636,1,PASS,1572.3
6076,70911,10843,85,2023-12-28,654,3,PASS,4587.2
6077,3745,21148,308,2026-01-30,851,0,PASS,0.0
6078,74373,25891,128,2026-06-16,807,1,PASS,1239.2
6079,5603,10237,468,2025-05-04,312,2,PASS,6410.3
6080,88459,6942,316,2023-07-03,491,4,CONDITIONAL,8146.6
6081,15555,24161,411,2024-02-08,783,2,PASS,2554.3
6082,74251,12455,212,2025-10-08,478,4,CONDITIONAL,8368.2
6083,8481,5213,266,2023-10-29,934,3,PASS,3212.0
6084,84088,7299,405,2026-08-16,483,1,PASS,2070.4
6085,77140,26686,466,2025-05-17,280,4,CONDITIONAL,14285.7
6086,9878,4832,98,2026-04-30,872,1,PASS,1146.8
6087,26226,6754,133,2026-07-21,968,2,PASS,2066.1
6088,45278,15140,404,2025-04-03,296,2,PASS,6756.8
6089,79126,17658,191,2026-04-06,183,2,PASS,10929.0
6090,71994,11231,425,2024-05-28,545,0,PASS,0.0
6091,30975,8583,317,2023-10-14,645,4,CONDITIONAL,6201.6
6092,78031,25196,162,2025-09-03,691,3,PASS,4341.5
6093,54708,3700,260,2023-08-10,379,2,PASS,5277.0
6094,87600,12113,393,2023-11-03,438,3,PASS,6849.3
6095,78972,15805,474,2024-12-19,874,4,CONDITIONAL,4576.7
6096,24672,14926,162,2023-12-17,576,2,PASS,3472.2
6097,24428,17490,137,2024-11-18,186,4,CONDITIONAL,21505.4
6098,44930,27553,468,2025-11-06,452,4,CONDITIONAL,8849.6
6099,9839,12239,326,2023-07-09,784,4,CONDITIONAL,5102.0
6100,3304,27505,370,2026-06-26,999,2,PASS,2002.0
6101,63412,314,115,2023-02-26,643,2,PASS,3110.4
6102,68437,15198,8,2024-06-13,518,0,PASS,0.0
6103,77621,17303,461,2025-12-24,737,0,PASS,0.0
6104,22845,8795,357,2023-07-29,479,4,CONDITIONAL,8350.7
6105,22654,8966,127,2023-04-25,451,4,CONDITIONAL,8869.2
6106,29857,24947,310,2023-01-26,831,0,PASS,0.0
6107,76002,25614,306,2026-03-27,425,4,CONDITIONAL,9411.8
6108,10763,25544,403,2026-06-22,534,1,PASS,1872.7
6109,34225,6606,6,2025-09-06,334,0,PASS,0.0
6110,75408,683,249,2023-10-12,410,1,PASS,2439.0
6111,10389,25319,137,2023-01-06,833,4,CONDITIONAL,4801.9
6112,81524,17218,485,2023-07-06,747,3,PASS,4016.1
6113,60350,3583,353,2023-04-11,337,1,PASS,2967.4
6114,53964,12274,495,2024-10-09,750,1,PASS,1333.3
6115,69162,26829,169,2024-09-21,924,1,PASS,1082.3
6116,59942,26191,79,2023-10-17,607,3,PASS,4942.3
6117,28760,17169,248,2023-09-21,741,4,CONDITIONAL,5398.1
6118,19885,2511,43,2023-02-24,240,3,PASS,12500.0
6119,44338,2675,412,2026-03-08,355,0,PASS,0.0
6120,23303,6456,315,2024-12-19,875,2,PASS,2285.7
6121,83130,25584,137,2023-04-04,854,1,PASS,1171.0
6122,66530,8395,54,2023-04-17,276,3,PASS,10869.6
6123,57556,15651,386,2023-10-10,554,1,PASS,1805.1
6124,81875,1902,74,2023-12-05,302,0,PASS,0.0
6125,83257,933,339,2025-06-08,412,1,PASS,2427.2
6126,25832,118,350,2024-12-05,776,1,PASS,1288.7
6127,442,5988,39,2025-04-14,691,4,CONDITIONAL,5788.7
6128,23198,27814,137,2024-11-05,158,2,PASS,12658.2
6129,71378,7126,119,2024-04-09,752,2,PASS,2659.6
6130,61841,13725,480,2023-06-18,716,3,PASS,4189.9
6131,49706,29349,358,2024-10-12,616,1,PASS,1623.4
6132,25456,4558,310,2023-01-31,953,2,PASS,2098.6
6133,45831,27473,328,2024-08-11,672,1,PASS,1488.1
6134,82413,4748,245,2026-02-16,917,3,PASS,3271.5
6135,41194,6906,81,2025-09-16,405,3,PASS,7407.4
6136,89202,13901,129,2026-03-03,496,0,PASS,0.0
6137,9871,7634,448,2025-03-24,698,3,PASS,4298.0
6138,49698,15513,476,2023-02-26,631,4,CONDITIONAL,6339.1
6139,56625,9559,477,2026-04-27,394,2,PASS,5076.1
6140,47785,6415,69,2026-03-05,108,2,PASS,18518.5
6141,21503,6368,324,2026-06-23,395,0,PASS,0.0
6142,30561,1186,291,2023-02-24,826,0,PASS,0.0
6143,38839,6633,245,2026-07-12,838,2,PASS,2386.6
6144,47267,23442,454,2025-02-23,145,1,PASS,6896.6
6145,84090,12579,186,2024-04-04,775,0,PASS,0.0
6146,12721,29961,292,2024-10-25,193,1,PASS,5181.3
6147,2224,3325,155,2025-04-15,644,4,CONDITIONAL,6211.2
6148,9192,24671,304,2025-01-24,296,1,PASS,3378.4
6149,68164,29723,410,2023-11-10,947,0,PASS,0.0
6150,39210,4266,311,2023-02-27,994,0,PASS,0.0
6151,72843,1386,463,2024-01-25,155,0,PASS,0.0
6152,78098,24884,396,2023-09-23,221,1,PASS,4524.9
6153,15415,15089,24,2023-06-14,213,2,PASS,9389.7
6154,24351,22514,164,2025-11-25,978,3,PASS,3067.5
6155,13185,21041,91,2023-12-27,574,3,PASS,5226.5
6156,4584,14886,446,2023-03-13,479,3,PASS,6263.0
6157,52174,13589,331,2024-07-19,103,0,PASS,0.0
6158,63578,1324,417,2024-12-07,189,1,PASS,5291.0
6159,27118,25703,186,2024-07-16,132,4,CONDITIONAL,30303.0
6160,4099,1981,26,2026-03-30,669,4,CONDITIONAL,5979.1
6161,53887,19483,382,2023-10-23,683,3,PASS,4392.4
6162,9966,28972,230,2026-03-09,573,0,PASS,0.0
6163,12616,15101,142,2024-07-21,105,2,PASS,19047.6
6164,10901,8826,225,2025-11-13,373,0,PASS,0.0
6165,65105,11747,237,2025-01-27,732,0,PASS,0.0
6166,1023,28133,378,2024-01-30,842,0,PASS,0.0
6167,53996,18035,360,2024-11-10,420,2,PASS,4761.9
6168,21466,23549,54,2023-05-22,381,2,PASS,5249.3
6169,87972,25254,175,2024-08-19,985,3,PASS,3045.7
6170,37270,13153,190,2025-12-16,175,4,CONDITIONAL,22857.1
6171,5850,14776,454,2025-03-16,695,4,CONDITIONAL,5755.4
6172,37800,11919,445,2025-07-31,819,4,CONDITIONAL,4884.0
6173,6190,24455,196,2024-10-16,383,3,PASS,7832.9
6174,16452,18792,165,2024-05-18,168,4,CONDITIONAL,23809.5
6175,45394,17261,314,2026-08-25,547,0,PASS,0.0
6176,39379,10465,436,2025-11-07,681,3,PASS,4405.3
6177,68131,3199,311,2024-04-29,716,0,PASS,0.0
6178,7008,27173,260,2023-09-18,862,4,CONDITIONAL,4640.4
6179,11854,24799,386,2025-06-04,897,4,CONDITIONAL,4459.3
6180,2563,24015,42,2023-02-27,450,2,PASS,4444.4
6181,84934,9641,85,2025-08-18,371,1,PASS,2695.4
6182,57843,23082,437,2025-05-28,922,0,PASS,0.0
6183,88561,14941,456,2023-09-19,366,1,PASS,2732.2
6184,9753,8062,297,2025-11-03,651,4,CONDITIONAL,6144.4
6185,80551,5253,128,2024-07-12,913,1,PASS,1095.3
6186,61003,3295,20,2024-01-07,764,4,CONDITIONAL,5235.6
6187,55962,14007,31,2026-01-16,874,4,CONDITIONAL,4576.7
6188,38904,18134,245,2023-08-24,579,0,PASS,0.0
6189,42107,21659,7,2023-07-12,120,0,PASS,0.0
6190,51343,21719,427,2025-09-07,299,4,CONDITIONAL,13377.9
6191,28755,16090,394,2025-05-29,276,1,PASS,3623.2
6192,23943,16444,327,2026-03-21,586,3,PASS,5119.5
6193,20406,5361,474,2024-01-29,433,2,PASS,4618.9
6194,29153,1054,192,2024-01-06,805,1,PASS,1242.2
6195,61687,11135,116,2023-05-19,321,4,CONDITIONAL,12461.1
6196,82695,8736,244,2023-01-31,810,3,PASS,3703.7
6197,69662,17798,278,2023-04-21,394,4,CONDITIONAL,10152.3
6198,13348,27648,199,2024-05-19,940,1,PASS,1063.8
6199,39242,451,486,2025-09-15,284,3,PASS,10563.4
6200,82016,27151,38,2023-08-03,189,1,PASS,5291.0
6201,62932,17922,301,2023-01-29,467,3,PASS,6424.0
6202,4179,14560,350,2025-05-16,904,2,PASS,2212.4
6203,86788,46,71,2025-06-04,726,2,PASS,2754.8
6204,77693,13244,157,2025-05-15,799,3,PASS,3754.7
6205,31179,2142,218,2026-03-24,185,0,PASS,0.0
6206,82647,4248,23,2025-08-02,931,0,PASS,0.0
6207,20267,22824,223,2025-07-15,504,0,PASS,0.0
6208,23833,19739,184,2024-05-31,705,3,PASS,4255.3
6209,20905,25411,472,2026-09-23,662,3,PASS,4531.7
6210,18433,5374,467,2024-03-01,291,0,PASS,0.0
6211,10276,22935,463,2024-04-01,768,0,PASS,0.0
6212,22351,24314,438,2025-06-22,687,2,PASS,2911.2
6213,41168,7587,345,2024-02-28,939,3,PASS,3194.9
6214,69292,29365,277,2023-08-09,647,4,CONDITIONAL,6182.4
6215,21467,19174,424,2024-12-04,437,1,PASS,2288.3
6216,21550,13207,421,2025-08-25,419,2,PASS,4773.3
6217,23544,28720,433,2025-05-21,768,3,PASS,3906.3
6218,59881,5471,445,2025-07-13,813,4,CONDITIONAL,4920.0
6219,79760,28999,363,2025-03-30,671,3,PASS,4470.9
6220,81060,24084,429,2026-04-23,632,1,PASS,1582.3
6221,75037,20074,86,2023-06-02,442,0,PASS,0.0
6222,46693,2144,243,2024-09-08,449,4,CONDITIONAL,8908.7
6223,52534,24614,269,2025-02-26,378,0,PASS,0.0
6224,73411,19094,341,2025-06-27,200,0,PASS,0.0
6225,15192,22116,186,2024-07-27,548,1,PASS,1824.8
6226,43463,26380,436,2025-06-25,533,3,PASS,5628.5
6227,88879,18671,131,2023-05-11,163,1,PASS,6135.0
6228,16084,12877,366,2025-05-07,614,4,CONDITIONAL,6514.7
6229,72335,7116,291,2024-03-06,636,4,CONDITIONAL,6289.3
6230,25936,8866,51,2025-06-24,570,3,PASS,5263.2
6231,8225,21706,93,2025-10-15,598,3,PASS,5016.7
6232,36561,20899,460,2025-08-11,878,1,PASS,1139.0
6233,62144,21913,445,2023-11-15,936,3,PASS,3205.1
6234,83583,4990,317,2025-11-01,125,4,CONDITIONAL,32000.0
6235,83623,26780,62,2023-04-02,396,1,PASS,2525.3
6236,2906,5226,450,2024-11-18,158,0,PASS,0.0
6237,83126,29090,275,2024-11-04,577,4,CONDITIONAL,6932.4
6238,85773,10264,105,2024-08-14,419,0,PASS,0.0
6239,12460,18324,303,2026-01-01,915,2,PASS,2185.8
6240,38544,19271,472,2023-04-04,235,3,PASS,12766.0
6241,2120,9739,88,2024-05-19,796,0,PASS,0.0
6242,66054,28652,427,2023-02-15,108,0,PASS,0.0
6243,81595,22134,35,2025-03-05,852,1,PASS,1173.7
6244,8126,1238,39,2023-08-20,976,2,PASS,2049.2
6245,185,22991,41,2025-10-18,116,2,PASS,17241.4
6246,33730,15570,345,2023-03-04,389,1,PASS,2570.7
6247,53196,26125,492,2026-04-17,355,3,PASS,8450.7
6248,45082,16013,113,2024-11-16,877,0,PASS,0.0
6249,59624,8767,178,2025-07-06,881,1,PASS,1135.1
6250,56644,5931,75,2024-02-24,624,2,PASS,3205.1
6251,43254,23857,36,2025-09-17,945,1,PASS,1058.2
6252,3233,18657,480,2024-02-22,770,0,PASS,0.0
6253,50302,23751,116,2026-02-13,709,0,PASS,0.0
6254,37805,18305,78,2023-03-16,351,3,PASS,8547.0
6255,72485,897,341,2023-04-01,511,3,PASS,5870.8
6256,8293,11741,414,2023-01-25,961,4,CONDITIONAL,4162.3
6257,82263,23819,463,2024-03-10,630,3,PASS,4761.9
6258,34211,9023,111,2026-02-22,366,1,PASS,2732.2
6259,3350,27382,333,2024-11-06,480,2,PASS,4166.7
6260,66232,14657,443,2025-01-03,362,3,PASS,8287.3
6261,73120,14171,102,2024-02-16,458,1,PASS,2183.4
6262,12521,23184,145,2024-04-29,597,3,PASS,5025.1
6263,88038,18147,169,2023-10-22,621,2,PASS,3220.6
6264,16373,4363,437,2026-04-25,389,3,PASS,7712.1
6265,43802,27265,444,2023-11-01,633,4,CONDITIONAL,6319.1
6266,23674,27499,461,2023-05-12,265,1,PASS,3773.6
6267,30439,24982,249,2023-02-21,979,2,PASS,2042.9
6268,60035,25108,240,2023-05-28,165,2,PASS,12121.2
6269,76595,21905,167,2024-05-08,876,2,PASS,2283.1
6270,80346,12345,425,2026-06-23,171,3,PASS,17543.9
6271,77002,25512,266,2026-06-06,859,4,CONDITIONAL,4656.6
6272,20061,27875,494,2025-03-18,378,0,PASS,0.0
6273,40053,8830,135,2023-12-25,337,2,PASS,5934.7
6274,26289,12025,494,2023-07-01,319,4,CONDITIONAL,12539.2
6275,639,27590,59,2023-10-07,161,4,CONDITIONAL,24844.7
6276,72752,22448,294,2024-01-21,231,4,CONDITIONAL,17316.0
6277,19013,5077,453,2023-03-26,902,3,PASS,3325.9
6278,69847,16910,187,2023-01-26,694,2,PASS,2881.8
6279,50749,28065,210,2026-03-19,468,2,PASS,4273.5
6280,12495,10501,347,2025-01-04,951,2,PASS,2103.0
6281,88890,12414,293,2024-01-27,669,4,CONDITIONAL,5979.1
6282,61873,1775,256,2023-03-02,537,2,PASS,3724.4
6283,67454,15545,70,2025-04-29,486,2,PASS,4115.2
6284,43498,19280,264,2024-11-21,230,4,CONDITIONAL,17391.3
6285,66998,26153,430,2025-12-30,538,1,PASS,1858.7
6286,26938,20597,409,2025-09-13,456,0,PASS,0.0
6287,25596,21203,299,2023-03-04,679,0,PASS,0.0
6288,56906,17263,170,2024-03-26,608,1,PASS,1644.7
6289,44213,8451,169,2026-09-28,695,2,PASS,2877.7
6290,88741,390,264,2023-04-28,515,0,PASS,0.0
6291,6143,5905,322,2025-04-14,168,2,PASS,11904.8
6292,29508,3386,180,2023-05-20,107,3,PASS,28037.4
6293,53668,8339,330,2023-09-09,904,4,CONDITIONAL,4424.8
6294,78666,6136,425,2023-01-26,837,0,PASS,0.0
6295,40087,28253,5,2024-05-14,777,3,PASS,3861.0
6296,43638,5975,54,2025-08-23,861,0,PASS,0.0
6297,72746,23644,63,2025-03-18,834,4,CONDITIONAL,4796.2
6298,7571,8548,399,2024-07-19,781,3,PASS,3841.2
6299,15991,26383,72,2023-11-11,494,4,CONDITIONAL,8097.2
6300,41538,840,265,2023-02-24,478,1,PASS,2092.1
6301,43371,25925,411,2023-12-09,473,1,PASS,2114.2
6302,21117,12049,269,2024-03-01,825,0,PASS,0.0
6303,25680,792,211,2025-07-24,344,2,PASS,5814.0
6304,79793,15696,87,2024-04-18,905,3,PASS,3314.9
6305,35483,8531,393,2024-10-23,606,2,PASS,3300.3
6306,7784,15169,214,2025-04-19,600,2,PASS,3333.3
6307,27251,4573,344,2023-04-27,331,1,PASS,3021.1
6308,13031,18216,160,2026-04-10,260,2,PASS,7692.3
6309,73502,3619,330,2024-10-25,509,2,PASS,3929.3
6310,17380,26912,264,2025-03-11,318,4,CONDITIONAL,12578.6
6311,66884,22676,234,2026-01-20,984,0,PASS,0.0
6312,76515,19973,194,2024-04-24,358,2,PASS,5586.6
6313,24605,17731,29,2025-08-19,389,3,PASS,7712.1
6314,41373,25468,58,2025-07-16,904,1,PASS,1106.2
6315,7642,24376,252,2025-10-02,810,0,PASS,0.0
6316,75784,11140,87,2023-09-21,896,2,PASS,2232.1
6317,51647,20450,174,2024-03-23,544,2,PASS,3676.5
6318,4492,11438,354,2024-04-11,407,2,PASS,4914.0
6319,12376,26875,77,2024-06-12,318,2,PASS,6289.3
6320,26518,9455,389,2024-02-21,798,4,CONDITIONAL,5012.5
6321,50011,4861,407,2023-07-03,112,4,CONDITIONAL,35714.3
6322,64878,4978,10,2024-05-05,919,4,CONDITIONAL,4352.6
6323,60320,24299,493,2026-02-01,180,2,PASS,11111.1
6324,40786,13293,38,2024-10-03,651,2,PASS,3072.2
6325,48721,812,41,2023-12-27,235,0,PASS,0.0
6326,4006,15036,199,2026-09-13,198,1,PASS,5050.5
6327,37551,11849,35,2024-01-13,211,0,PASS,0.0
6328,84411,107,368,2025-06-25,892,1,PASS,1121.1
6329,58010,7833,252,2024-06-28,229,3,PASS,13100.4
6330,57461,7381,42,2025-07-03,409,3,PASS,7335.0
6331,83587,22635,352,2023-04-18,144,2,PASS,13888.9
6332,2942,29095,249,2024-06-17,932,1,PASS,1073.0
6333,53446,13659,296,2025-11-19,823,0,PASS,0.0
6334,12243,22625,286,2026-09-04,102,3,PASS,29411.8
6335,1956,20339,235,2023-02-07,337,4,CONDITIONAL,11869.4
6336,60580,9733,295,2024-06-30,406,3,PASS,7389.2
6337,46444,8829,362,2024-07-25,342,0,PASS,0.0
6338,51224,23206,390,2023-12-22,802,0,PASS,0.0
6339,49786,21943,231,2024-04-30,501,1,PASS,1996.0
6340,16589,26048,242,2024-05-11,844,3,PASS,3554.5
6341,30195,25355,432,2023-02-04,666,1,PASS,1501.5
6342,68916,9841,173,2023-07-11,860,4,CONDITIONAL,4651.2
6343,58577,11169,163,2025-07-25,401,1,PASS,2493.8
6344,59979,20717,107,2023-07-04,664,2,PASS,3012.0
6345,81481,19384,149,2024-10-26,240,3,PASS,12500.0
6346,31509,5157,268,2025-06-23,694,0,PASS,0.0
6347,44904,7939,431,2024-03-18,902,3,PASS,3325.9
6348,74656,3583,459,2024-05-29,810,3,PASS,3703.7
6349,3360,27715,473,2023-12-25,213,4,CONDITIONAL,18779.3
6350,7132,16954,235,2026-02-02,340,3,PASS,8823.5
6351,89721,3782,353,2025-12-24,520,4,CONDITIONAL,7692.3
6352,10393,9942,195,2024-09-08,104,1,PASS,9615.4
6353,59609,4433,69,2026-07-09,554,3,PASS,5415.2
6354,79886,26031,354,2024-05-29,315,2,PASS,6349.2
6355,80620,29132,109,2023-03-14,105,1,PASS,9523.8
6356,51846,31,424,2023-05-12,407,2,PASS,4914.0
6357,82262,4699,320,2024-07-21,663,0,PASS,0.0
6358,65097,23590,100,2024-03-27,559,3,PASS,5366.7
6359,77582,28291,323,2023-03-06,983,3,PASS,3051.9
6360,40311,29182,351,2025-03-03,323,3,PASS,9287.9
6361,53924,24750,465,2023-12-30,120,1,PASS,8333.3
6362,18392,428,395,2024-03-29,770,0,PASS,0.0
6363,79661,15284,405,2024-11-20,129,3,PASS,23255.8
6364,6495,20380,86,2025-09-09,245,2,PASS,8163.3
6365,57040,2138,152,2026-06-18,207,3,PASS,14492.8
6366,57208,21124,238,2023-03-10,176,3,PASS,17045.5
6367,83550,16685,402,2024-08-04,214,2,PASS,9345.8
6368,72867,1301,374,2024-12-03,993,2,PASS,2014.1
6369,79093,10985,484,2024-11-14,244,1,PASS,4098.4
6370,20509,18768,343,2023-12-13,200,4,CONDITIONAL,20000.0
6371,48362,11227,352,2023-02-26,824,1,PASS,1213.6
6372,73433,14892,485,2025-01-18,786,0,PASS,0.0
6373,58482,29651,367,2025-09-27,750,1,PASS,1333.3
6374,7551,17885,279,2026-08-05,128,3,PASS,23437.5
6375,42898,6033,156,2024-01-15,782,0,PASS,0.0
6376,42223,25427,214,2024-04-11,743,0,PASS,0.0
6377,84243,3623,49,2025-08-19,929,1,PASS,1076.4
6378,5411,11849,275,2023-11-29,189,1,PASS,5291.0
6379,41745,16498,282,2026-07-03,934,0,PASS,0.0
6380,86959,26728,222,2026-02-19,165,3,PASS,18181.8
6381,69939,18844,44,2024-03-21,709,4,CONDITIONAL,5641.7
6382,82096,11382,4,2026-03-09,366,1,PASS,2732.2
6383,42404,8773,493,2026-05-25,193,1,PASS,5181.3
6384,43913,14387,363,2025-01-22,954,3,PASS,3144.7
6385,56978,20051,161,2025-08-16,886,1,PASS,1128.7
6386,14704,4218,393,2026-02-04,443,2,PASS,4514.7
6387,70552,7458,246,2023-10-25,271,2,PASS,7380.1
6388,79601,23556,162,2023-04-01,599,4,CONDITIONAL,6677.8
6389,22657,26489,373,2024-10-21,585,4,CONDITIONAL,6837.6
6390,88467,1339,152,2026-04-05,781,2,PASS,2560.8
6391,68293,23375,463,2025-12-13,314,0,PASS,0.0
6392,36326,21401,481,2026-09-18,514,1,PASS,1945.5
6393,55203,28765,290,2026-08-21,555,0,PASS,0.0
6394,18810,19945,434,2023-12-14,656,4,CONDITIONAL,6097.6
6395,85048,15865,271,2025-08-31,694,1,PASS,1440.9
6396,43994,17836,359,2024-12-12,594,0,PASS,0.0
6397,39164,29506,291,2026-02-11,794,4,CONDITIONAL,5037.8
6398,89101,29828,369,2026-02-06,662,0,PASS,0.0
6399,28513,29235,51,2023-12-19,761,4,CONDITIONAL,5256.2
6400,70962,11827,226,2025-06-25,582,0,PASS,0.0
6401,69081,1940,406,2023-09-26,170,2,PASS,11764.7
6402,8071,25100,168,2024-08-29,894,3,PASS,3355.7
6403,51093,10522,240,2025-03-07,526,4,CONDITIONAL,7604.6
6404,87540,18110,211,2023-08-13,432,0,PASS,0.0
6405,82731,23110,117,2025-03-25,459,0,PASS,0.0
6406,14077,3285,361,2023-07-28,198,3,PASS,15151.5
6407,62602,18927,255,2025-02-10,612,3,PASS,4902.0
6408,85234,21945,279,2024-10-01,493,1,PASS,2028.4
6409,56120,19784,188,2024-10-28,655,4,CONDITIONAL,6106.9
6410,27920,29751,409,2024-08-03,842,1,PASS,1187.6
6411,4968,6830,350,2024-03-24,532,0,PASS,0.0
6412,30491,26736,63,2025-07-12,356,4,CONDITIONAL,11236.0
6413,22138,29830,164,2024-08-03,535,1,PASS,1869.2
6414,40124,8385,441,2026-06-08,318,4,CONDITIONAL,12578.6
6415,30773,19421,450,2026-08-06,973,0,PASS,0.0
6416,75880,16399,127,2023-06-26,924,2,PASS,2164.5
6417,58351,9158,334,2025-06-04,625,0,PASS,0.0
6418,17195,27487,472,2025-03-01,635,2,PASS,3149.6
6419,59793,22365,433,2024-09-25,637,3,PASS,4709.6
6420,46039,23319,414,2023-12-06,277,4,CONDITIONAL,14440.4
6421,55392,12196,207,2024-07-12,740,3,PASS,4054.1
6422,48216,6303,464,2023-04-25,602,1,PASS,1661.1
6423,64550,18168,387,2026-09-21,701,3,PASS,4279.6
6424,85964,7770,292,2025-05-12,302,1,PASS,3311.3
6425,31627,12880,43,2024-07-01,966,0,PASS,0.0
6426,71991,20543,162,2024-12-30,801,3,PASS,3745.3
6427,17628,13049,366,2025-10-30,343,2,PASS,5830.9
6428,76294,14590,442,2026-01-25,872,4,CONDITIONAL,4587.2
6429,73874,6876,219,2026-01-06,452,2,PASS,4424.8
6430,70512,14712,293,2024-06-03,663,3,PASS,4524.9
6431,67484,5739,391,2024-07-24,344,1,PASS,2907.0
6432,70598,5107,33,2025-05-14,860,2,PASS,2325.6
6433,73023,1094,384,2024-07-05,743,3,PASS,4037.7
6434,17711,22688,401,2025-07-31,365,2,PASS,5479.5
6435,38572,15580,324,2026-05-21,289,3,PASS,10380.6
6436,60464,10708,491,2025-04-30,280,1,PASS,3571.4
6437,8868,4598,371,2024-03-16,149,2,PASS,13422.8
6438,2197,12530,380,2024-09-21,295,2,PASS,6779.7
6439,49606,3148,254,2024-05-17,917,1,PASS,1090.5
6440,70372,29671,427,2023-04-13,727,0,PASS,0.0
6441,52101,18248,497,2023-07-19,301,4,CONDITIONAL,13289.0
6442,70735,3583,313,2026-05-26,681,3,PASS,4405.3
6443,19969,28527,462,2024-07-21,170,0,PASS,0.0
6444,8277,13138,465,2023-10-13,927,1,PASS,1078.7
6445,39652,20827,389,2026-06-05,343,2,PASS,5830.9
6446,67558,6044,150,2025-01-28,782,3,PASS,3836.3
6447,15017,15726,73,2025-12-22,270,1,PASS,3703.7
6448,44353,29654,80,2023-04-26,180,4,CONDITIONAL,22222.2
6449,21517,28096,401,2026-04-30,354,0,PASS,0.0
6450,11842,12120,83,2026-02-21,826,0,PASS,0.0
6451,82460,21684,51,2025-10-03,854,1,PASS,1171.0
6452,69896,26801,185,2026-08-28,772,3,PASS,3886.0
6453,51362,29350,221,2026-05-23,722,0,PASS,0.0
6454,29121,21958,88,2025-09-05,183,4,CONDITIONAL,21857.9
6455,85699,21259,424,2024-07-04,594,4,CONDITIONAL,6734.0
6456,71611,3202,66,2023-09-25,362,3,PASS,8287.3
6457,35732,27190,319,2025-07-24,439,2,PASS,4555.8
6458,17832,29535,432,2023-08-24,413,1,PASS,2421.3
6459,39119,344,4,2023-11-15,459,3,PASS,6535.9
6460,60536,22666,83,2026-08-26,743,0,PASS,0.0
6461,80867,18093,23,2025-01-14,161,3,PASS,18633.5
6462,49236,14085,464,2025-12-27,538,0,PASS,0.0
6463,24311,10180,161,2024-01-01,890,1,PASS,1123.6
6464,50333,13714,242,2026-02-11,239,1,PASS,4184.1
6465,37897,12989,38,2025-02-10,331,4,CONDITIONAL,12084.6
6466,15361,813,111,2025-03-05,725,4,CONDITIONAL,5517.2
6467,25505,24538,453,2026-04-04,169,2,PASS,11834.3
6468,42561,26557,25,2026-08-12,395,2,PASS,5063.3
6469,73280,17897,429,2024-08-05,266,1,PASS,3759.4
6470,706,6440,347,2024-09-22,926,4,CONDITIONAL,4319.7
6471,7721,7642,488,2023-07-21,821,0,PASS,0.0
6472,47558,17100,261,2024-05-14,621,0,PASS,0.0
6473,59449,19111,444,2024-08-08,103,4,CONDITIONAL,38835.0
6474,82072,15070,53,2026-06-25,947,4,CONDITIONAL,4223.9
6475,53992,26132,487,2025-09-03,343,3,PASS,8746.4
6476,77444,19536,430,2025-08-29,514,0,PASS,0.0
6477,76290,197,368,2023-06-07,905,4,CONDITIONAL,4419.9
6478,14502,21340,261,2024-01-13,673,2,PASS,2971.8
6479,57942,11103,52,2026-09-04,461,4,CONDITIONAL,8676.8
6480,30817,28358,373,2025-12-20,603,0,PASS,0.0
6481,47495,16727,198,2023-07-04,691,3,PASS,4341.5
6482,73326,1879,459,2025-03-06,205,0,PASS,0.0
6483,35211,365,22,2023-08-18,631,2,PASS,3169.6
6484,28669,29247,129,2024-02-07,401,1,PASS,2493.8
6485,2116,24314,339,2026-06-04,485,2,PASS,4123.7
6486,54703,7408,131,2024-10-06,858,1,PASS,1165.5
6487,88459,19946,50,2024-12-10,593,1,PASS,1686.3
6488,4918,10748,225,2025-04-19,765,0,PASS,0.0
6489,88536,6435,398,2025-10-02,201,4,CONDITIONAL,19900.5
6490,23145,3532,389,2025-05-31,850,1,PASS,1176.5
6491,71397,742,311,2023-05-21,739,2,PASS,2706.4
6492,21361,3493,468,2025-11-03,310,3,PASS,9677.4
6493,16519,23237,241,2025-07-26,235,2,PASS,8510.6
6494,14836,13740,301,2023-11-26,586,0,PASS,0.0
6495,16076,7040,268,2024-02-22,444,4,CONDITIONAL,9009.0
6496,27587,2724,35,2023-04-03,821,1,PASS,1218.0
6497,73658,19264,267,2024-10-21,311,4,CONDITIONAL,12861.7
6498,43716,184,299,2023-05-01,833,2,PASS,2401.0
6499,52837,27977,428,2025-11-27,983,4,CONDITIONAL,4069.2
6500,18104,3484,453,2025-08-23,104,3,PASS,28846.2
6501,24625,29078,79,2025-01-18,790,3,PASS,3797.5
6502,45248,12548,100,2023-01-17,635,0,PASS,0.0
6503,86499,7112,181,2024-06-26,213,3,PASS,14084.5
6504,79377,15452,249,2023-08-11,137,2,PASS,14598.5
6505,89464,21804,30,2024-08-06,960,1,PASS,1041.7
6506,2200,22895,87,2026-02-26,551,3,PASS,5444.6
6507,34856,13518,336,2025-02-27,497,2,PASS,4024.1
6508,57874,3169,26,2023-09-28,408,2,PASS,4902.0
6509,42636,2706,5,2023-07-06,779,3,PASS,3851.1
6510,36264,27657,314,2023-08-01,368,0,PASS,0.0
6511,77524,21155,143,2024-11-05,455,0,PASS,0.0
6512,33568,23816,110,2023-08-20,516,3,PASS,5814.0
6513,50559,14207,73,2023-11-25,548,2,PASS,3649.6
6514,56818,28285,499,2026-08-28,966,3,PASS,3105.6
6515,23987,14600,400,2025-06-17,962,1,PASS,1039.5
6516,88332,1705,376,2024-12-26,378,4,CONDITIONAL,10582.0
6517,62913,13156,86,2026-05-28,880,0,PASS,0.0
6518,75931,13072,311,2023-06-02,795,2,PASS,2515.7
6519,15874,26174,283,2026-06-20,113,1,PASS,8849.6
6520,55909,20578,200,2025-10-29,504,3,PASS,5952.4
6521,10059,28500,192,2023-08-13,739,1,PASS,1353.2
6522,59481,6411,287,2023-03-04,517,1,PASS,1934.2
6523,34108,11416,3,2025-08-12,654,0,PASS,0.0
6524,4717,26313,348,2025-08-18,207,4,CONDITIONAL,19323.7
6525,16291,15213,448,2026-07-12,639,1,PASS,1564.9
6526,67013,15992,448,2024-01-02,438,4,CONDITIONAL,9132.4
6527,76954,24383,480,2024-07-29,141,0,PASS,0.0
6528,85611,28762,284,2024-07-27,532,1,PASS,1879.7
6529,48386,5551,317,2026-01-19,950,3,PASS,3157.9
6530,22457,27110,466,2024-05-27,806,1,PASS,1240.7
6531,41519,3613,303,2025-09-07,531,4,CONDITIONAL,7533.0
6532,26084,26584,126,2023-08-31,613,0,PASS,0.0
6533,46001,16072,223,2025-03-13,877,4,CONDITIONAL,4561.0
6534,70367,14873,386,2026-06-24,822,1,PASS,1216.5
6535,33153,2782,279,2025-04-08,831,4,CONDITIONAL,4813.5
6536,70285,3045,32,2023-10-04,521,4,CONDITIONAL,7677.5
6537,38707,22828,17,2024-06-26,593,4,CONDITIONAL,6745.4
6538,44216,26963,15,2023-05-10,785,0,PASS,0.0
6539,36234,24637,196,2023-12-23,953,1,PASS,1049.3
6540,66576,15886,438,2023-10-09,436,3,PASS,6880.7
6541,45151,21750,171,2023-02-03,284,2,PASS,7042.3
6542,8351,18042,192,2024-01-18,240,4,CONDITIONAL,16666.7
6543,11812,11521,386,2023-03-10,790,3,PASS,3797.5
6544,12171,23505,188,2025-06-24,110,0,PASS,0.0
6545,20837,13355,400,2026-04-21,405,3,PASS,7407.4
6546,4105,29351,378,2026-06-29,777,1,PASS,1287.0
6547,85199,11848,442,2026-08-05,729,3,PASS,4115.2
6548,49960,5284,261,2026-08-06,738,1,PASS,1355.0
6549,27863,9705,292,2023-01-08,799,4,CONDITIONAL,5006.3
6550,14714,13018,83,2023-12-25,528,2,PASS,3787.9
6551,36764,19592,108,2025-12-15,690,0,PASS,0.0
6552,51010,19277,358,2026-07-17,172,3,PASS,17441.9
6553,59926,6751,419,2023-07-12,104,3,PASS,28846.2
6554,70533,29927,297,2025-05-25,550,0,PASS,0.0
6555,3399,6394,353,2023-10-18,532,0,PASS,0.0
6556,649,8956,82,2023-05-15,863,0,PASS,0.0
6557,77151,29291,389,2024-10-24,530,0,PASS,0.0
6558,16035,7682,131,2025-08-13,629,1,PASS,1589.8
6559,34878,28897,290,2023-04-15,638,3,PASS,4702.2
6560,62283,13300,73,2026-04-15,174,3,PASS,17241.4
6561,17867,29445,373,2023-05-18,954,1,PASS,1048.2
6562,42165,587,52,2024-09-29,278,2,PASS,7194.2
6563,43200,20414,33,2026-05-27,750,3,PASS,4000.0
6564,49064,6977,47,2026-08-27,415,0,PASS,0.0
6565,56737,25701,158,2024-07-15,313,3,PASS,9584.7
6566,69102,25825,398,2024-12-17,550,1,PASS,1818.2
6567,4455,13582,310,2025-06-01,933,4,CONDITIONAL,4287.2
6568,85567,27913,446,2026-02-19,537,0,PASS,0.0
6569,24094,18614,267,2026-05-16,255,4,CONDITIONAL,15686.3
6570,12003,13887,348,2025-08-20,100,1,PASS,10000.0
6571,82739,17163,192,2023-11-20,641,2,PASS,3120.1
6572,57975,28503,337,2025-08-06,995,3,PASS,3015.1
6573,43434,17614,19,2025-11-04,455,0,PASS,0.0
6574,71385,4235,119,2024-08-18,449,4,CONDITIONAL,8908.7
6575,9624,22179,65,2025-11-11,855,2,PASS,2339.2
6576,21565,26128,38,2025-05-09,761,0,PASS,0.0
6577,31547,29313,244,2024-07-21,550,4,CONDITIONAL,7272.7
6578,29410,24594,110,2025-05-28,494,3,PASS,6072.9
6579,60589,15022,304,2024-08-09,647,2,PASS,3091.2
6580,84702,14234,162,2024-12-08,351,3,PASS,8547.0
6581,10130,9776,369,2024-04-29,580,4,CONDITIONAL,6896.6
6582,21757,20325,365,2025-06-15,480,3,PASS,6250.0
6583,67456,26068,354,2023-11-01,469,1,PASS,2132.2
6584,71717,20,460,2025-10-15,923,2,PASS,2166.8
6585,27623,23529,177,2026-06-26,529,3,PASS,5671.1
6586,89241,21276,384,2024-09-30,954,0,PASS,0.0
6587,42442,13744,412,2025-03-11,179,3,PASS,16759.8
6588,8853,3867,160,2023-10-26,417,1,PASS,2398.1
6589,38788,24667,136,2026-05-21,211,3,PASS,14218.0
6590,5812,3069,85,2025-12-07,645,1,PASS,1550.4
6591,80176,20070,100,2026-07-19,200,0,PASS,0.0
6592,79004,16742,425,2026-08-21,790,0,PASS,0.0
6593,41236,23305,70,2025-01-03,288,4,CONDITIONAL,13888.9
6594,46550,8755,9,2025-02-12,517,2,PASS,3868.5
6595,30210,14066,91,2026-07-26,719,1,PASS,1390.8
6596,26160,5098,130,2025-07-19,446,2,PASS,4484.3
6597,68358,12093,203,2024-05-31,714,2,PASS,2801.1
6598,85821,12932,444,2023-04-08,302,4,CONDITIONAL,13245.0
6599,28404,8266,292,2026-09-01,528,1,PASS,1893.9
6600,26277,27567,161,2024-10-01,514,0,PASS,0.0
6601,33640,6968,118,2023-08-28,729,2,PASS,2743.5
6602,55472,2073,165,2024-09-13,706,1,PASS,1416.4
6603,71647,7772,142,2023-04-24,354,4,CONDITIONAL,11299.4
6604,86745,3048,15,2023-07-29,768,1,PASS,1302.1
6605,8332,29243,500,2025-01-12,830,2,PASS,2409.6
6606,24398,9811,352,2025-03-30,379,4,CONDITIONAL,10554.1
6607,61095,7070,220,2026-09-12,936,1,PASS,1068.4
6608,9013,6106,17,2025-06-28,110,4,CONDITIONAL,36363.6
6609,46386,22124,453,2024-07-17,421,0,PASS,0.0
6610,55294,27559,28,2023-09-05,342,4,CONDITIONAL,11695.9
6611,54709,7554,380,2024-06-04,347,3,PASS,8645.5
6612,3634,12379,257,2024-06-25,962,3,PASS,3118.5
6613,54314,15769,346,2023-02-12,281,2,PASS,7117.4
6614,28298,3851,341,2024-06-06,961,4,CONDITIONAL,4162.3
6615,68033,3839,291,2025-04-18,648,2,PASS,3086.4
6616,42001,22022,252,2025-06-26,724,4,CONDITIONAL,5524.9
6617,24639,14208,40,2025-12-15,859,2,PASS,2328.3
6618,1443,26153,150,2024-05-20,368,3,PASS,8152.2
6619,81563,29389,324,2024-12-17,290,1,PASS,3448.3
6620,43683,27719,47,2024-09-25,546,3,PASS,5494.5
6621,82751,18828,498,2026-01-21,905,0,PASS,0.0
6622,38190,14656,384,2024-08-29,493,3,PASS,6085.2
6623,52918,28250,220,2025-06-08,415,4,CONDITIONAL,9638.6
6624,35848,29409,436,2023-06-22,545,3,PASS,5504.6
6625,57994,9653,282,2023-08-11,818,1,PASS,1222.5
6626,22234,10660,271,2024-12-09,457,3,PASS,6564.6
6627,49929,25728,349,2023-09-17,518,0,PASS,0.0
6628,28319,17296,412,2026-01-23,310,4,CONDITIONAL,12903.2
6629,40781,20152,105,2024-09-08,349,1,PASS,2865.3
6630,2197,9821,65,2024-10-05,383,0,PASS,0.0
6631,14030,10363,472,2023-03-14,728,1,PASS,1373.6
6632,81307,5767,300,2023-11-22,903,4,CONDITIONAL,4429.7
6633,69404,25670,330,2024-02-24,653,3,PASS,4594.2
6634,75141,14093,140,2024-09-09,576,1,PASS,1736.1
6635,62962,22024,113,2026-06-02,200,3,PASS,15000.0
6636,36121,26730,496,2026-04-24,254,2,PASS,7874.0
6637,78866,22577,418,2024-09-10,460,4,CONDITIONAL,8695.7
6638,82129,24149,90,2025-01-19,192,3,PASS,15625.0
6639,71004,6813,258,2024-07-22,924,4,CONDITIONAL,4329.0
6640,26379,9394,94,2024-06-21,722,4,CONDITIONAL,5540.2
6641,80875,11314,75,2025-02-03,483,4,CONDITIONAL,8281.6
6642,49560,26825,91,2023-08-03,591,1,PASS,1692.0
6643,75261,22350,413,2026-08-27,345,2,PASS,5797.1
6644,62535,24689,395,2024-11-27,912,0,PASS,0.0
6645,43180,1743,470,2025-05-04,850,2,PASS,2352.9
6646,18305,15155,166,2024-03-27,889,2,PASS,2249.7
6647,79812,5727,248,2024-08-21,539,3,PASS,5565.9
6648,32189,4730,67,2023-01-09,647,0,PASS,0.0
6649,78360,16080,239,2025-07-09,393,4,CONDITIONAL,10178.1
6650,33527,16579,389,2024-09-16,408,4,CONDITIONAL,9803.9
6651,59940,7260,289,2023-11-17,413,4,CONDITIONAL,9685.2
6652,20995,4181,490,2023-04-16,153,1,PASS,6535.9
6653,8674,19646,230,2025-10-04,351,0,PASS,0.0
6654,89702,27565,331,2025-02-16,831,1,PASS,1203.4
6655,33290,7664,356,2025-12-19,147,3,PASS,20408.2
6656,79684,16346,369,2023-04-20,230,4,CONDITIONAL,17391.3
6657,78044,9393,1,2026-09-05,942,7,FAIL,7431.0
6658,32484,2218,18,2024-08-09,584,3,PASS,5137.0
6659,86928,19164,240,2025-08-22,924,2,PASS,2164.5
6660,1263,12413,245,2023-09-20,351,0,PASS,0.0
6661,37922,7810,129,2025-10-08,581,3,PASS,5163.5
6662,52139,8941,365,2023-12-29,874,1,PASS,1144.2
6663,77737,5778,174,2024-09-10,250,3,PASS,12000.0
6664,30302,15424,341,2023-04-22,209,3,PASS,14354.1
6665,6652,17024,413,2023-06-28,674,3,PASS,4451.0
6666,77799,23259,267,2026-06-28,383,4,CONDITIONAL,10443.9
6667,40267,26947,370,2025-10-31,911,0,PASS,0.0
6668,46958,20965,363,2026-02-16,220,4,CONDITIONAL,18181.8
6669,71957,24386,376,2024-09-15,510,0,PASS,0.0
6670,51644,18875,396,2025-10-14,912,2,PASS,2193.0
6671,41246,16992,310,2026-05-23,910,1,PASS,1098.9
6672,36430,29347,199,2025-04-22,713,1,PASS,1402.5
6673,39563,16600,4,2023-09-25,547,0,PASS,0.0
6674,49046,21452,213,2025-10-22,835,4,CONDITIONAL,4790.4
6675,55494,7338,499,2024-06-11,621,3,PASS,4830.9
6676,7394,12349,386,2023-07-13,229,4,CONDITIONAL,17467.2
6677,42294,11899,284,2025-06-13,631,4,CONDITIONAL,6339.1
6678,88146,28782,236,2024-06-21,635,2,PASS,3149.6
6679,59054,10842,169,2023-07-31,341,0,PASS,0.0
6680,69167,13320,146,2025-10-19,954,3,PASS,3144.7
6681,54358,10590,399,2024-10-13,545,4,CONDITIONAL,7339.4
6682,70726,19683,329,2026-06-25,624,4,CONDITIONAL,6410.3
6683,74565,6097,234,2023-02-28,535,1,PASS,1869.2
6684,89669,8393,437,2024-06-01,652,4,CONDITIONAL,6135.0
6685,5865,7130,310,2025-08-10,660,4,CONDITIONAL,6060.6
6686,32004,25232,368,2024-08-18,130,1,PASS,7692.3
6687,69869,29175,278,2024-10-31,371,4,CONDITIONAL,10781.7
6688,3822,17604,50,2025-09-14,259,3,PASS,11583.0
6689,82909,5454,405,2025-07-09,800,4,CONDITIONAL,5000.0
6690,75773,15430,157,2023-12-17,107,2,PASS,18691.6
6691,2621,6926,104,2025-07-03,521,4,CONDITIONAL,7677.5
6692,8777,25259,291,2024-12-06,839,1,PASS,1191.9
6693,87597,2079,353,2025-02-17,659,2,PASS,3034.9
6694,74391,8031,123,2024-07-26,433,4,CONDITIONAL,9237.9
6695,74738,25849,342,2023-09-20,198,2,PASS,10101.0
6696,66555,7810,373,2025-11-07,621,0,PASS,0.0
6697,87809,2033,247,2024-03-16,124,4,CONDITIONAL,32258.1
6698,82322,17177,430,2026-06-29,816,1,PASS,1225.5
6699,36408,3792,303,2025-05-29,691,1,PASS,1447.2
6700,11215,25009,125,2024-05-06,809,3,PASS,3708.3
6701,12571,19833,148,2024-04-02,416,4,CONDITIONAL,9615.4
6702,30157,15690,288,2025-05-31,435,3,PASS,6896.6
6703,58224,28967,85,2023-09-22,695,2,PASS,2877.7
6704,65748,12494,313,2025-02-24,872,2,PASS,2293.6
6705,16620,22743,457,2026-07-12,177,2,PASS,11299.4
6706,72683,10220,137,2024-05-05,502,4,CONDITIONAL,7968.1
6707,59057,18959,168,2023-08-22,393,2,PASS,5089.1
6708,43955,22141,28,2023-10-17,961,0,PASS,0.0
6709,54263,15472,8,2024-08-06,454,4,CONDITIONAL,8810.6
6710,39665,12175,416,2026-06-07,579,4,CONDITIONAL,6908.5
6711,87965,4585,60,2023-01-12,280,3,PASS,10714.3
6712,86975,15246,86,2024-02-23,188,1,PASS,5319.1
6713,12484,24030,456,2024-06-10,244,4,CONDITIONAL,16393.4
6714,79151,27083,413,2024-04-21,663,3,PASS,4524.9
6715,9859,1531,359,2024-04-24,231,3,PASS,12987.0
6716,30569,15168,26,2024-03-26,332,0,PASS,0.0
6717,27916,22545,474,2024-09-18,101,3,PASS,29703.0
6718,22782,12851,474,2024-08-22,576,2,PASS,3472.2
6719,21289,12200,133,2025-12-11,337,4,CONDITIONAL,11869.4
6720,83583,14821,56,2024-06-26,276,1,PASS,3623.2
6721,72419,5066,41,2025-05-22,859,2,PASS,2328.3
6722,68977,3935,193,2026-09-11,597,1,PASS,1675.0
6723,88640,23903,364,2023-11-04,556,4,CONDITIONAL,7194.2
6724,49636,22819,256,2023-12-12,991,3,PASS,3027.2
6725,62884,23882,426,2025-02-03,718,4,CONDITIONAL,5571.0
6726,5910,15930,239,2026-08-26,588,3,PASS,5102.0
6727,51040,22623,44,2026-06-24,886,3,PASS,3386.0
6728,81966,15882,154,2023-10-05,379,3,PASS,7915.6
6729,60553,23870,211,2023-03-26,997,2,PASS,2006.0
6730,65419,26213,262,2025-10-12,101,4,CONDITIONAL,39604.0
6731,73451,18595,414,2024-12-26,118,1,PASS,8474.6
6732,34172,8934,294,2026-07-11,211,3,PASS,14218.0
6733,24580,5349,5,2023-09-27,451,0,PASS,0.0
6734,43605,23322,223,2023-12-17,581,4,CONDITIONAL,6884.7
6735,31601,10006,420,2023-01-25,766,0,PASS,0.0
6736,28553,21327,252,2023-05-09,690,1,PASS,1449.3
6737,84262,27586,389,2024-07-20,697,1,PASS,1434.7
6738,74690,5597,181,2024-08-17,966,3,PASS,3105.6
6739,47852,20495,53,2025-04-16,239,4,CONDITIONAL,16736.4
6740,28846,3313,275,2025-08-12,186,2,PASS,10752.7
6741,86552,9813,194,2023-04-24,448,0,PASS,0.0
6742,29614,11364,196,2025-03-17,194,4,CONDITIONAL,20618.6
6743,7558,27153,190,2025-06-24,733,2,PASS,2728.5
6744,65448,1466,9,2024-12-31,656,1,PASS,1524.4
6745,70078,9046,462,2024-01-12,900,2,PASS,2222.2
6746,6583,21787,427,2024-02-06,831,2,PASS,2406.7
6747,86881,25350,392,2025-02-02,753,0,PASS,0.0
6748,29098,9352,482,2023-04-14,970,1,PASS,1030.9
6749,59183,18991,396,2023-04-18,269,1,PASS,3717.5
6750,27468,5089,124,2023-04-10,907,2,PASS,2205.1
6751,79205,21059,203,2024-08-03,673,4,CONDITIONAL,5943.5
6752,65770,7765,76,2024-01-10,643,0,PASS,0.0
6753,64624,11249,57,2023-07-28,929,4,CONDITIONAL,4305.7
6754,63397,21286,174,2023-06-30,376,2,PASS,5319.1
6755,50185,28852,416,2026-04-18,434,2,PASS,4608.3
6756,59489,13172,379,2023-06-03,557,1,PASS,1795.3
6757,27794,22056,380,2024-01-20,910,1,PASS,1098.9
6758,49412,26733,190,2024-03-17,903,1,PASS,1107.4
6759,82623,23349,189,2024-03-31,184,4,CONDITIONAL,21739.1
6760,26532,11153,31,2024-12-15,597,4,CONDITIONAL,6700.2
6761,52165,23117,25,2024-08-31,395,0,PASS,0.0
6762,2706,21965,481,2025-06-14,382,0,PASS,0.0
6763,20888,20274,279,2024-05-21,270,3,PASS,11111.1
6764,70848,518,10,2023-12-24,797,4,CONDITIONAL,5018.8
6765,80663,8765,384,2024-08-18,592,2,PASS,3378.4
6766,25787,2089,158,2024-09-01,826,1,PASS,1210.7
6767,62050,22270,61,2023-03-04,695,2,PASS,2877.7
6768,67738,9166,188,2026-01-12,114,4,CONDITIONAL,35087.7
6769,76086,571,271,2026-06-12,555,0,PASS,0.0
6770,23850,6804,133,2023-02-28,613,3,PASS,4894.0
6771,44995,1641,235,2024-04-19,249,2,PASS,8032.1
6772,41273,20228,348,2025-11-15,173,4,CONDITIONAL,23121.4
6773,3314,19457,186,2024-05-11,218,1,PASS,4587.2
6774,82739,3822,196,2024-05-20,282,4,CONDITIONAL,14184.4
6775,6818,10191,159,2023-11-14,322,4,CONDITIONAL,12422.4
6776,80957,17260,255,2024-12-31,335,3,PASS,8955.2
6777,3998,8288,24,2023-07-12,489,3,PASS,6135.0
6778,50450,20972,293,2026-02-17,826,0,PASS,0.0
6779,45912,25408,421,2023-10-11,615,2,PASS,3252.0
6780,64497,92,210,2023-07-07,103,0,PASS,0.0
6781,8608,4134,114,2026-09-19,524,0,PASS,0.0
6782,80102,28852,161,2025-01-28,390,0,PASS,0.0
6783,54601,24488,144,2026-08-23,749,1,PASS,1335.1
6784,48390,23072,361,2023-01-21,135,4,CONDITIONAL,29629.6
6785,84620,1676,302,2023-09-30,340,0,PASS,0.0
6786,18358,11469,32,2025-11-25,288,4,CONDITIONAL,13888.9
6787,16875,24506,143,2025-11-25,526,2,PASS,3802.3
6788,19428,13460,129,2024-07-15,352,4,CONDITIONAL,11363.6
6789,86218,18410,56,2024-05-25,347,2,PASS,5763.7
6790,66289,12713,468,2023-09-10,699,3,PASS,4291.8
6791,62355,21143,137,2023-03-06,669,2,PASS,2989.5
6792,12834,7813,328,2026-06-13,791,2,PASS,2528.4
6793,26451,14300,269,2023-04-18,843,1,PASS,1186.2
6794,47943,13838,379,2024-01-10,977,1,PASS,1023.5
6795,62333,4714,244,2024-03-21,697,0,PASS,0.0
6796,36981,2558,217,2025-06-15,236,1,PASS,4237.3
6797,45477,27877,26,2026-09-23,443,1,PASS,2257.3
6798,28677,21946,274,2024-01-14,727,1,PASS,1375.5
6799,62156,8295,189,2023-07-14,329,1,PASS,3039.5
6800,52482,11358,88,2023-10-07,249,1,PASS,4016.1
6801,83501,22779,118,2023-01-26,200,1,PASS,5000.0
6802,68234,8755,363,2023-02-20,812,0,PASS,0.0
6803,88763,28315,191,2023-03-30,263,3,PASS,11406.8
6804,1124,13315,157,2025-11-29,844,4,CONDITIONAL,4739.3
6805,47518,27734,164,2024-12-13,229,4,CONDITIONAL,17467.2
6806,837,12812,111,2026-01-08,624,4,CONDITIONAL,6410.3
6807,44750,6199,243,2024-07-04,144,1,PASS,6944.4
6808,45985,10697,55,2025-11-26,732,4,CONDITIONAL,5464.5
6809,13110,12419,145,2023-06-02,634,3,PASS,4731.9
6810,73858,25705,192,2025-12-21,896,4,CONDITIONAL,4464.3
6811,37131,22274,41,2024-06-27,713,3,PASS,4207.6
6812,62223,24007,375,2025-04-27,154,2,PASS,12987.0
6813,5079,12909,139,2026-03-19,311,3,PASS,9646.3
6814,14196,22736,390,2026-05-25,365,3,PASS,8219.2
6815,38954,21711,398,2023-10-13,182,3,PASS,16483.5
6816,50089,8535,201,2024-10-19,736,4,CONDITIONAL,5434.8
6817,34729,20305,211,2024-08-04,955,0,PASS,0.0
6818,7539,25,293,2024-02-23,752,3,PASS,3989.4
6819,47500,24034,379,2025-06-28,228,2,PASS,8771.9
6820,85251,7958,348,2025-12-31,385,0,PASS,0.0
6821,28103,18414,195,2025-08-23,221,4,CONDITIONAL,18099.5
6822,24290,10910,100,2024-09-09,917,3,PASS,3271.5
6823,68163,29612,251,2023-04-04,375,2,PASS,5333.3
6824,69716,15126,172,2023-02-08,720,0,PASS,0.0
6825,51297,27156,3,2025-12-31,980,4,CONDITIONAL,4081.6
6826,43055,18717,31,2023-04-17,780,2,PASS,2564.1
6827,61256,21395,151,2024-03-05,562,4,CONDITIONAL,7117.4
6828,17193,26102,433,2024-05-26,148,0,PASS,0.0
6829,28815,18744,311,2023-10-05,756,4,CONDITIONAL,5291.0
6830,79880,9471,497,2024-06-13,310,4,CONDITIONAL,12903.2
6831,29757,13964,163,2026-06-26,139,0,PASS,0.0
6832,11304,7292,485,2024-06-03,717,4,CONDITIONAL,5578.8
6833,52907,13176,226,2023-11-29,693,1,PASS,1443.0
6834,8503,2061,284,2025-02-13,687,3,PASS,4366.8
6835,59351,9812,252,2026-08-25,830,2,PASS,2409.6
6836,63668,26477,329,2024-11-17,897,4,CONDITIONAL,4459.3
6837,8453,2545,362,2026-04-08,971,2,PASS,2059.7
6838,61606,16072,408,2023-10-16,500,1,PASS,2000.0
6839,56149,22188,31,2024-06-17,444,0,PASS,0.0
6840,66151,5258,228,2025-02-04,262,2,PASS,7633.6
6841,73657,22121,347,2025-04-22,519,1,PASS,1926.8
6842,60319,14700,406,2025-05-29,771,4,CONDITIONAL,5188.1
6843,82640,8139,396,2023-01-09,383,0,PASS,0.0
6844,26931,13229,8,2026-04-13,286,3,PASS,10489.5
6845,8234,18305,263,2024-04-19,560,4,CONDITIONAL,7142.9
6846,86352,6006,248,2026-09-16,976,0,PASS,0.0
6847,16212,23969,305,2024-01-12,849,1,PASS,1177.9
6848,65098,11387,311,2023-03-27,446,1,PASS,2242.2
6849,66707,17549,16,2023-08-14,927,0,PASS,0.0
6850,62214,17723,61,2023-04-08,976,4,CONDITIONAL,4098.4
6851,43218,8156,378,2023-01-25,472,3,PASS,6355.9
6852,12689,19606,188,2023-01-14,473,4,CONDITIONAL,8456.7
6853,7953,20830,433,2023-01-05,515,4,CONDITIONAL,7767.0
6854,79716,7797,257,2025-11-16,363,0,PASS,0.0
6855,86343,24608,78,2026-01-19,612,1,PASS,1634.0
6856,32162,25500,492,2023-07-15,130,1,PASS,7692.3
6857,54432,16545,269,2024-12-27,674,1,PASS,1483.7
6858,2815,7536,408,2023-09-18,940,4,CONDITIONAL,4255.3
6859,69644,29949,91,2023-09-03,590,1,PASS,1694.9
6860,11308,10706,306,2024-07-25,541,1,PASS,1848.4
6861,15756,21120,219,2024-12-29,799,4,CONDITIONAL,5006.3
6862,23348,13268,85,2025-02-17,388,3,PASS,7732.0
6863,83463,22479,32,2025-05-11,642,4,CONDITIONAL,6230.5
6864,7719,186,330,2025-12-23,531,1,PASS,1883.2
6865,86473,19997,164,2026-03-04,924,4,CONDITIONAL,4329.0
6866,63303,26004,176,2026-01-14,308,1,PASS,3246.8
6867,32627,23298,104,2025-10-24,491,1,PASS,2036.7
6868,69523,3697,79,2025-11-02,959,1,PASS,1042.8
6869,77853,21001,415,2024-04-29,669,4,CONDITIONAL,5979.1
6870,47249,17969,273,2026-02-08,751,4,CONDITIONAL,5326.2
6871,35573,22302,498,2025-07-12,707,3,PASS,4243.3
6872,3137,23570,408,2026-09-17,190,0,PASS,0.0
6873,82817,22767,255,2025-05-08,123,2,PASS,16260.2
6874,70937,3411,276,2023-12-06,286,0,PASS,0.0
6875,76716,22140,112,2026-01-18,298,2,PASS,6711.4
6876,7554,21551,377,2026-05-28,864,3,PASS,3472.2
6877,79181,19663,369,2024-10-26,591,4,CONDITIONAL,6768.2
6878,50113,26054,184,2023-10-22,929,2,PASS,2152.9
6879,9917,20806,349,2024-06-17,511,0,PASS,0.0
6880,30743,23584,85,2025-08-25,696,4,CONDITIONAL,5747.1
6881,56739,12720,307,2023-02-27,134,0,PASS,0.0
6882,64874,27514,202,2025-03-04,551,3,PASS,5444.6
6883,421,16548,278,2026-04-01,394,3,PASS,7614.2
6884,9295,20392,234,2023-01-06,136,3,PASS,22058.8
6885,11014,4950,57,2023-09-27,632,1,PASS,1582.3
6886,20913,5957,7,2023-09-03,958,2,PASS,2087.7
6887,36889,7392,134,2023-12-10,362,1,PASS,2762.4
6888,71898,17345,313,2025-03-28,511,2,PASS,3913.9
6889,88284,11298,206,2026-02-09,238,0,PASS,0.0
6890,6042,11274,337,2024-03-04,825,1,PASS,1212.1
6891,89544,27992,107,2023-03-03,687,1,PASS,1455.6
6892,15477,5309,5,2023-09-01,419,3,PASS,7159.9
6893,36065,14569,212,2026-07-05,679,2,PASS,2945.5
6894,27855,23075,304,2025-12-20,374,0,PASS,0.0
6895,62414,28625,307,2024-06-25,347,3,PASS,8645.5
6896,10565,9109,159,2024-01-27,219,1,PASS,4566.2
6897,62596,8540,87,2024-06-23,660,2,PASS,3030.3
6898,75183,2170,59,2026-09-07,839,2,PASS,2383.8
6899,39040,16908,338,2023-02-21,678,3,PASS,4424.8
6900,57436,20710,321,2026-03-22,736,1,PASS,1358.7
6901,34189,22989,259,2024-11-24,310,1,PASS,3225.8
6902,69300,19030,31,2024-03-18,237,0,PASS,0.0
6903,45053,4986,136,2024-10-11,427,2,PASS,4683.8
6904,51855,21936,25,2024-04-14,719,4,CONDITIONAL,5563.3
6905,32516,9240,340,2024-06-05,809,3,PASS,3708.3
6906,76585,21289,260,2024-08-24,862,2,PASS,2320.2
6907,52913,3331,171,2025-12-24,234,3,PASS,12820.5
6908,10527,25571,195,2025-03-12,437,0,PASS,0.0
6909,45922,3722,258,2023-05-10,281,2,PASS,7117.4
6910,81698,26003,294,2026-04-25,568,2,PASS,3521.1
6911,29637,10448,486,2024-10-16,648,1,PASS,1543.2
6912,8180,1807,361,2026-03-19,160,1,PASS,6250.0
6913,79993,24839,275,2024-11-30,210,4,CONDITIONAL,19047.6
6914,16035,27717,188,2025-09-26,219,1,PASS,4566.2
6915,26878,1423,322,2024-06-17,174,0,PASS,0.0
6916,3735,18439,10,2025-08-19,556,2,PASS,3597.1
6917,51627,10450,423,2026-03-05,118,3,PASS,25423.7
6918,24476,21601,335,2024-02-29,782,2,PASS,2557.5
6919,27643,10751,286,2024-08-16,830,0,PASS,0.0
6920,83664,7766,439,2024-11-23,853,2,PASS,2344.7
6921,17230,23721,280,2024-11-18,669,0,PASS,0.0
6922,50652,435,241,2025-04-27,115,2,PASS,17391.3
6923,78189,4118,289,2023-11-23,891,2,PASS,2244.7
6924,27900,8237,474,2025-11-04,426,1,PASS,2347.4
6925,7732,5673,129,2025-04-06,674,2,PASS,2967.4
6926,17904,25656,39,2026-06-20,195,0,PASS,0.0
6927,68821,17368,22,2026-09-25,946,2,PASS,2114.2
6928,48010,26311,281,2025-09-04,581,1,PASS,1721.2
6929,29587,13199,500,2024-06-14,840,3,PASS,3571.4
6930,58495,16966,443,2026-05-08,872,4,CONDITIONAL,4587.2
6931,62766,2016,65,2024-07-19,626,4,CONDITIONAL,6389.8
6932,83619,11790,77,2024-03-22,513,0,PASS,0.0
6933,78704,2196,218,2025-12-13,602,4,CONDITIONAL,6644.5
6934,3344,9948,408,2024-01-18,349,3,PASS,8596.0
6935,14774,13010,221,2026-01-19,750,2,PASS,2666.7
6936,23581,16682,95,2026-02-02,761,2,PASS,2628.1
6937,74962,3306,287,2023-08-31,813,3,PASS,3690.0
6938,813,24886,486,2023-02-05,491,4,CONDITIONAL,8146.6
6939,2341,2231,125,2025-10-09,839,0,PASS,0.0
6940,20826,9469,342,2024-01-26,132,0,PASS,0.0
6941,76782,13929,239,2026-06-21,420,1,PASS,2381.0
6942,84977,25559,372,2025-03-01,941,0,PASS,0.0
6943,14189,7366,345,2023-05-18,647,3,PASS,4636.8
6944,55114,22714,48,2024-10-12,706,1,PASS,1416.4
6945,3377,3647,463,2024-02-18,141,2,PASS,14184.4
6946,14295,21302,177,2024-11-22,901,4,CONDITIONAL,4439.5
6947,15120,13453,434,2023-12-09,585,0,PASS,0.0
6948,60219,11021,177,2024-02-24,811,3,PASS,3699.1
6949,35179,28594,332,2026-09-09,474,3,PASS,6329.1
6950,42942,17520,47,2025-12-02,472,1,PASS,2118.6
6951,86847,17614,295,2023-10-14,716,1,PASS,1396.6
6952,10542,11113,40,2023-06-30,681,2,PASS,2936.9
6953,16118,9632,395,2023-08-18,348,2,PASS,5747.1
6954,49121,2017,48,2025-08-27,201,3,PASS,14925.4
6955,32535,19844,126,2024-03-26,320,0,PASS,0.0
6956,42875,15609,357,2023-11-09,772,4,CONDITIONAL,5181.3
6957,42391,13406,438,2026-05-24,881,0,PASS,0.0
6958,14648,8232,224,2026-01-12,160,4,CONDITIONAL,25000.0
6959,84483,22788,380,2023-02-25,766,3,PASS,3916.4
6960,52119,4068,239,2024-12-08,576,4,CONDITIONAL,6944.4
6961,30593,9947,181,2023-01-27,970,0,PASS,0.0
6962,13104,13066,307,2026-08-04,999,2,PASS,2002.0
6963,64367,22953,408,2025-11-11,282,2,PASS,7092.2
6964,23337,17415,371,2023-04-11,836,3,PASS,3588.5
6965,14130,7811,195,2026-04-20,234,0,PASS,0.0
6966,85286,7924,2,2023-10-09,856,1,PASS,1168.2
6967,39151,12079,202,2023-02-25,654,4,CONDITIONAL,6116.2
6968,24419,26732,231,2025-03-13,808,1,PASS,1237.6
6969,9905,1982,27,2025-06-19,139,0,PASS,0.0
6970,79912,20069,232,2025-04-02,213,0,PASS,0.0
6971,7427,24759,76,2024-07-15,376,3,PASS,7978.7
6972,28184,25005,352,2023-06-21,318,0,PASS,0.0
6973,84610,3326,466,2026-07-08,276,4,CONDITIONAL,14492.8
6974,47731,26567,264,2023-11-07,832,3,PASS,3605.8
6975,51564,26679,165,2026-08-05,608,0,PASS,0.0
6976,85598,18189,91,2026-02-20,465,2,PASS,4301.1
6977,84895,27124,161,2024-05-25,981,0,PASS,0.0
6978,9112,4789,484,2025-01-27,144,0,PASS,0.0
6979,87727,21327,334,2026-04-10,172,2,PASS,11627.9
6980,60973,1601,498,2023-02-20,438,0,PASS,0.0
6981,9138,4868,428,2025-10-13,522,2,PASS,3831.4
6982,57561,3102,46,2024-03-30,269,0,PASS,0.0
6983,41658,25050,375,2026-05-06,580,4,CONDITIONAL,6896.6
6984,53057,6195,271,2024-05-16,981,0,PASS,0.0
6985,22961,22077,238,2025-07-07,421,1,PASS,2375.3
6986,8231,21050,416,2024-08-05,181,3,PASS,16574.6
6987,76113,29085,148,2026-01-10,619,2,PASS,3231.0
6988,854,29461,380,2023-09-29,750,0,PASS,0.0
6989,89041,11188,411,2024-12-02,832,0,PASS,0.0
6990,15201,6425,443,2025-11-27,900,1,PASS,1111.1
6991,80973,4727,83,2023-05-30,577,2,PASS,3466.2
6992,36070,12512,196,2024-01-24,910,1,PASS,1098.9
6993,50778,9745,243,2024-04-07,837,4,CONDITIONAL,4779.0
6994,15524,10416,449,2025-05-13,147,3,PASS,20408.2
6995,77144,20299,416,2023-11-26,819,3,PASS,3663.0
6996,41498,19244,373,2026-07-07,905,2,PASS,2209.9
6997,67823,23861,139,2023-01-24,362,0,PASS,0.0
6998,54237,16957,490,2024-05-20,340,3,PASS,8823.5
6999,47777,20152,272,2024-04-24,358,4,CONDITIONAL,11173.2
7000,42633,5035,479,2025-07-16,666,0,PASS,0.0
7001,57381,25453,464,2026-02-14,638,3,PASS,4702.2
7002,60463,63,353,2025-05-16,314,0,PASS,0.0
7003,84628,7646,161,2024-10-01,880,4,CONDITIONAL,4545.5
7004,29980,4847,459,2024-05-08,926,4,CONDITIONAL,4319.7
7005,47165,20408,58,2025-11-28,494,2,PASS,4048.6
7006,13167,10211,260,2025-12-14,968,3,PASS,3099.2
7007,43170,18665,180,2024-01-21,862,1,PASS,1160.1
7008,43910,2073,88,2023-09-30,603,4,CONDITIONAL,6633.5
7009,62612,7167,337,2023-11-01,802,3,PASS,3740.6
7010,63673,5660,136,2023-09-21,135,4,CONDITIONAL,29629.6
7011,86531,20298,487,2026-08-18,262,3,PASS,11450.4
7012,32079,27936,107,2025-03-31,488,2,PASS,4098.4
7013,82157,12540,110,2026-02-26,329,4,CONDITIONAL,12158.1
7014,49768,23959,423,2023-09-18,764,0,PASS,0.0
7015,34636,11320,92,2024-05-23,857,3,PASS,3500.6
7016,4418,11017,453,2023-05-09,141,1,PASS,7092.2
7017,73191,29359,256,2023-09-17,190,2,PASS,10526.3
7018,55871,4901,118,2025-09-03,177,0,PASS,0.0
7019,83901,11493,342,2023-03-07,742,0,PASS,0.0
7020,76292,22181,55,2023-04-08,158,2,PASS,12658.2
7021,54496,12202,200,2023-01-11,245,3,PASS,12244.9
7022,69725,19110,155,2023-08-12,201,2,PASS,9950.2
7023,71098,11246,408,2026-02-06,904,1,PASS,1106.2
7024,3411,11901,105,2024-01-18,145,4,CONDITIONAL,27586.2
7025,73120,19320,161,2024-12-10,388,4,CONDITIONAL,10309.3
7026,80225,14928,323,2025-02-21,315,0,PASS,0.0
7027,9901,13678,476,2023-05-18,981,1,PASS,1019.4
7028,68890,3056,242,2026-09-24,175,2,PASS,11428.6
7029,48364,9798,19,2025-10-18,550,4,CONDITIONAL,7272.7
7030,62008,9662,321,2024-12-06,248,3,PASS,12096.8
7031,23400,16988,301,2026-06-02,456,0,PASS,0.0
7032,14968,23641,369,2024-11-22,797,0,PASS,0.0
7033,5219,20641,336,2026-05-29,345,1,PASS,2898.6
7034,50895,27129,423,2023-04-15,581,3,PASS,5163.5
7035,80352,2252,241,2025-04-30,144,3,PASS,20833.3
7036,32685,20179,4,2026-07-19,621,3,PASS,4830.9
7037,61907,17444,89,2026-04-25,749,1,PASS,1335.1
7038,60489,3160,435,2026-01-15,964,2,PASS,2074.7
7039,55818,27536,382,2024-04-02,962,2,PASS,2079.0
7040,89467,13675,27,2026-06-08,870,3,PASS,3448.3
7041,36960,3082,133,2024-08-01,176,2,PASS,11363.6
7042,73118,16520,340,2026-02-07,866,0,PASS,0.0
7043,55556,1896,398,2023-06-29,517,3,PASS,5802.7
7044,23656,20646,414,2026-08-24,386,2,PASS,5181.3
7045,72566,21373,338,2025-05-24,259,1,PASS,3861.0
7046,68950,416,120,2023-06-06,368,0,PASS,0.0
7047,81766,7907,268,2023-06-14,886,1,PASS,1128.7
7048,45700,29260,94,2025-01-09,396,2,PASS,5050.5
7049,10283,13421,158,2025-12-04,253,3,PASS,11857.7
7050,53826,23164,375,2023-12-14,461,1,PASS,2169.2
7051,2425,3554,96,2025-07-21,349,1,PASS,2865.3
7052,17208,6436,251,2026-05-14,350,0,PASS,0.0
7053,58083,2551,176,2025-08-13,723,4,CONDITIONAL,5532.5
7054,42261,5003,471,2023-06-04,506,4,CONDITIONAL,7905.1
7055,86966,2049,418,2024-04-27,270,4,CONDITIONAL,14814.8
7056,249,2027,371,2024-05-01,869,0,PASS,0.0
7057,67139,13602,453,2023-09-05,943,0,PASS,0.0
7058,28960,11637,303,2023-04-19,274,3,PASS,10948.9
7059,53248,14715,85,2024-03-16,655,2,PASS,3053.4
7060,49478,27365,266,2024-10-20,166,1,PASS,6024.1
7061,89142,17980,162,2026-01-20,611,4,CONDITIONAL,6546.6
7062,12585,25494,415,2025-09-14,827,2,PASS,2418.4
7063,31942,21400,433,2023-11-28,238,3,PASS,12605.0
7064,39841,13748,340,2023-05-18,903,3,PASS,3322.3
7065,82753,10678,61,2024-09-01,660,3,PASS,4545.5
7066,51917,1931,269,2023-07-24,866,1,PASS,1154.7
7067,76521,27669,90,2023-09-09,856,3,PASS,3504.7
7068,21142,4128,434,2023-12-08,480,2,PASS,4166.7
7069,25975,1697,12,2024-12-14,333,4,CONDITIONAL,12012.0
7070,74138,22656,224,2026-04-23,175,2,PASS,11428.6
7071,31933,8241,181,2023-07-03,953,1,PASS,1049.3
7072,37276,5563,472,2023-08-14,338,0,PASS,0.0
7073,45465,6716,455,2026-06-23,757,4,CONDITIONAL,5284.0
7074,17581,491,101,2025-05-27,155,1,PASS,6451.6
7075,8072,13974,442,2026-06-27,992,0,PASS,0.0
7076,25198,16375,348,2025-09-18,219,3,PASS,13698.6
7077,9943,26692,478,2025-04-17,778,0,PASS,0.0
7078,57664,9586,114,2025-07-27,145,1,PASS,6896.6
7079,70390,13208,468,2023-05-06,371,2,PASS,5390.8
7080,41788,25126,446,2026-04-03,450,3,PASS,6666.7
7081,22351,4850,491,2026-05-24,425,2,PASS,4705.9
7082,30295,2054,398,2026-01-13,295,2,PASS,6779.7
7083,51943,11571,262,2023-05-21,844,2,PASS,2369.7
7084,41851,16471,182,2024-08-30,829,3,PASS,3618.8
7085,38286,17127,379,2025-02-17,455,2,PASS,4395.6
7086,3734,24645,429,2025-11-19,347,3,PASS,8645.5
7087,21993,5587,180,2026-06-09,422,4,CONDITIONAL,9478.7
7088,64104,6862,273,2025-05-31,236,1,PASS,4237.3
7089,1460,24721,446,2024-01-19,379,0,PASS,0.0
7090,61413,13542,426,2024-06-29,141,1,PASS,7092.2
7091,16324,914,409,2026-04-12,255,0,PASS,0.0
7092,21173,3310,84,2024-01-20,767,0,PASS,0.0
7093,55079,9682,32,2026-08-12,117,1,PASS,8547.0
7094,67099,7250,248,2025-05-12,950,2,PASS,2105.3
7095,25738,2815,94,2024-09-04,912,1,PASS,1096.5
7096,32161,28552,482,2026-02-09,335,0,PASS,0.0
7097,60895,5186,33,2023-12-26,174,0,PASS,0.0
7098,8241,7583,355,2024-01-05,758,0,PASS,0.0
7099,16408,14936,442,2025-10-28,981,4,CONDITIONAL,4077.5
7100,15367,10639,406,2023-07-14,412,1,PASS,2427.2
7101,83452,20034,246,2026-01-31,656,2,PASS,3048.8
7102,73705,8149,312,2026-08-03,274,0,PASS,0.0
7103,33726,9906,384,2026-04-21,165,2,PASS,12121.2
7104,81244,25251,26,2025-03-26,388,1,PASS,2577.3
7105,11668,20837,28,2024-06-14,575,0,PASS,0.0
7106,5065,28102,333,2023-05-29,509,0,PASS,0.0
7107,33569,1348,82,2026-08-18,539,2,PASS,3710.6
7108,48824,4720,102,2026-04-26,627,1,PASS,1594.9
7109,21749,15613,16,2023-09-05,463,2,PASS,4319.7
7110,81802,400,368,2025-05-30,280,3,PASS,10714.3
7111,49033,16289,216,2023-11-03,440,3,PASS,6818.2
7112,10924,15316,43,2023-05-27,118,0,PASS,0.0
7113,54169,3773,55,2024-07-05,868,3,PASS,3456.2
7114,47712,20996,169,2024-12-30,456,4,CONDITIONAL,8771.9
7115,87917,28047,153,2025-07-31,767,3,PASS,3911.3
7116,38434,8496,478,2023-08-04,334,0,PASS,0.0
7117,22688,9606,198,2025-09-03,968,2,PASS,2066.1
7118,29402,11092,277,2023-04-30,685,0,PASS,0.0
7119,42119,4154,198,2026-03-19,120,0,PASS,0.0
7120,47089,23644,294,2025-10-01,882,0,PASS,0.0
7121,62248,23437,206,2025-07-17,992,3,PASS,3024.2
7122,19354,3454,124,2023-02-04,768,3,PASS,3906.3
7123,32866,26910,149,2024-04-04,398,2,PASS,5025.1
7124,51326,629,250,2024-08-28,403,2,PASS,4962.8
7125,62435,12133,181,2024-07-29,726,0,PASS,0.0
7126,36773,26193,35,2024-01-04,960,3,PASS,3125.0
7127,26123,20628,393,2026-05-19,246,3,PASS,12195.1
7128,41149,22124,64,2025-07-20,294,4,CONDITIONAL,13605.4
7129,46616,2262,456,2024-03-20,963,1,PASS,1038.4
7130,89220,21508,423,2025-11-01,777,3,PASS,3861.0
7131,14752,2501,308,2026-04-01,271,3,PASS,11070.1
7132,78022,25881,476,2024-01-06,569,1,PASS,1757.5
7133,48720,29025,206,2025-05-10,885,3,PASS,3389.8
7134,28597,10537,316,2026-03-22,282,2,PASS,7092.2
7135,1481,16583,239,2024-06-27,266,0,PASS,0.0
7136,42353,14582,323,2026-04-23,825,1,PASS,1212.1
7137,34530,27984,92,2025-04-07,308,3,PASS,9740.3
7138,51044,16322,229,2023-12-21,783,3,PASS,3831.4
7139,33382,1494,367,2023-06-22,612,4,CONDITIONAL,6535.9
7140,32413,28602,250,2026-06-02,628,1,PASS,1592.4
7141,25471,22330,252,2026-07-02,386,4,CONDITIONAL,10362.7
7142,82348,29305,394,2025-11-21,286,0,PASS,0.0
7143,84496,5850,188,2023-08-21,653,1,PASS,1531.4
7144,33316,24268,115,2025-08-13,661,4,CONDITIONAL,6051.4
7145,20824,6478,440,2023-12-10,839,4,CONDITIONAL,4767.6
7146,210,2155,238,2026-08-06,886,0,PASS,0.0
7147,78527,18963,24,2024-01-17,407,0,PASS,0.0
7148,25841,23590,151,2023-02-27,675,1,PASS,1481.5
7149,68363,3923,314,2026-04-04,539,2,PASS,3710.6
7150,7662,8727,342,2023-11-12,689,0,PASS,0.0
7151,63090,1734,319,2023-11-13,135,2,PASS,14814.8
7152,2240,11912,469,2023-07-16,173,4,CONDITIONAL,23121.4
7153,77386,19041,308,2026-08-22,502,4,CONDITIONAL,7968.1
7154,84203,26659,303,2026-09-12,389,2,PASS,5141.4
7155,35540,8243,65,2023-09-18,735,0,PASS,0.0
7156,37172,12226,296,2025-01-10,399,0,PASS,0.0
7157,76721,306,75,2024-10-11,735,0,PASS,0.0
7158,84203,25935,136,2023-07-15,197,0,PASS,0.0
7159,31512,16204,318,2026-04-14,911,4,CONDITIONAL,4390.8
7160,84618,23887,9,2023-05-31,164,3,PASS,18292.7
7161,22964,17702,332,2026-05-03,714,2,PASS,2801.1
7162,27362,25564,235,2026-02-05,752,4,CONDITIONAL,5319.1
7163,25037,7530,363,2023-04-14,350,4,CONDITIONAL,11428.6
7164,89716,8431,477,2024-09-30,199,3,PASS,15075.4
7165,54724,11094,499,2025-05-27,148,0,PASS,0.0
7166,26962,8952,23,2023-02-11,418,0,PASS,0.0
7167,14435,29289,284,2025-10-14,295,0,PASS,0.0
7168,84849,10446,206,2025-07-23,720,0,PASS,0.0
7169,38987,3766,264,2025-04-18,508,0,PASS,0.0
7170,55987,29451,387,2024-11-28,253,4,CONDITIONAL,15810.3
7171,15980,7082,114,2024-05-28,422,0,PASS,0.0
7172,21389,1372,23,2023-12-16,963,1,PASS,1038.4
7173,25521,25015,284,2024-11-02,979,4,CONDITIONAL,4085.8
7174,6275,18197,450,2025-12-29,253,2,PASS,7905.1
7175,25405,4578,265,2026-05-29,403,2,PASS,4962.8
7176,35827,18623,338,2023-05-19,640,2,PASS,3125.0
7177,87974,2966,62,2025-11-07,808,1,PASS,1237.6
7178,17218,2554,449,2024-03-06,884,2,PASS,2262.4
7179,54885,19030,291,2024-02-20,317,1,PASS,3154.6
7180,41249,54,451,2023-05-14,426,1,PASS,2347.4
7181,45815,5985,390,2023-10-09,962,0,PASS,0.0
7182,2532,10187,402,2026-09-09,473,1,PASS,2114.2
7183,80596,1490,64,2024-05-11,915,2,PASS,2185.8
7184,5597,27944,474,2023-04-29,800,0,PASS,0.0
7185,11110,7363,314,2025-10-14,256,2,PASS,7812.5
7186,77489,29315,87,2024-10-28,665,4,CONDITIONAL,6015.0
7187,67559,2835,150,2026-06-06,457,1,PASS,2188.2
7188,58563,25718,483,2026-06-12,461,2,PASS,4338.4
7189,69674,12353,33,2023-02-15,996,3,PASS,3012.0
7190,70606,24854,170,2024-04-19,252,3,PASS,11904.8
7191,23496,20744,40,2025-01-17,169,0,PASS,0.0
7192,75433,23070,493,2023-01-09,824,2,PASS,2427.2
7193,75571,17395,228,2023-09-27,197,4,CONDITIONAL,20304.6
7194,23073,18218,161,2023-10-13,561,4,CONDITIONAL,7130.1
7195,29121,3612,340,2025-09-24,353,3,PASS,8498.6
7196,56470,24345,231,2024-11-14,769,1,PASS,1300.4
7197,79537,16187,341,2025-08-09,720,2,PASS,2777.8
7198,1456,10654,51,2026-01-13,665,1,PASS,1503.8
7199,23307,26545,445,2025-12-06,613,3,PASS,4894.0
7200,55978,13652,88,2024-08-14,296,0,PASS,0.0
7201,21111,8794,410,2024-03-29,754,3,PASS,3978.8
7202,47974,27502,93,2026-07-30,446,1,PASS,2242.2
7203,38740,10794,144,2023-06-22,463,1,PASS,2159.8
7204,57884,5066,353,2023-11-23,940,2,PASS,2127.7
7205,74513,10276,499,2023-09-11,983,3,PASS,3051.9
7206,75308,19898,369,2023-02-18,978,3,PASS,3067.5
7207,8798,18245,484,2025-01-13,244,1,PASS,4098.4
7208,38957,23852,220,2023-05-21,150,3,PASS,20000.0
7209,66671,12,472,2023-03-10,346,3,PASS,8670.5
7210,9470,28116,337,2026-07-20,162,1,PASS,6172.8
7211,51923,26499,404,2024-03-23,813,2,PASS,2460.0
7212,87134,8258,349,2023-12-30,800,2,PASS,2500.0
7213,78825,26540,102,2024-11-26,187,2,PASS,10695.2
7214,70694,21419,353,2024-05-23,351,2,PASS,5698.0
7215,70453,21192,104,2023-02-15,951,2,PASS,2103.0
7216,50238,20941,153,2025-12-17,173,4,CONDITIONAL,23121.4
7217,6360,8407,125,2023-10-23,975,0,PASS,0.0
7218,64529,9185,498,2026-09-16,327,4,CONDITIONAL,12232.4
7219,88403,2043,63,2025-12-01,118,2,PASS,16949.2
7220,64076,20390,86,2024-01-21,617,2,PASS,3241.5
7221,59235,9747,430,2025-10-03,636,0,PASS,0.0
7222,89606,25488,147,2026-05-08,756,3,PASS,3968.3
7223,57644,11140,424,2024-06-22,598,3,PASS,5016.7
7224,72512,13678,227,2026-04-09,825,2,PASS,2424.2
7225,89391,17775,153,2023-12-07,864,4,CONDITIONAL,4629.6
7226,41747,17185,182,2023-12-01,704,4,CONDITIONAL,5681.8
7227,46648,22845,359,2023-11-13,779,1,PASS,1283.7
7228,3066,20174,156,2023-05-19,170,0,PASS,0.0
7229,10900,29508,136,2023-07-25,298,0,PASS,0.0
7230,46899,13784,40,2026-01-05,398,1,PASS,2512.6
7231,62461,7152,477,2025-02-08,131,1,PASS,7633.6
7232,63802,11945,51,2023-04-08,633,0,PASS,0.0
7233,88105,10464,21,2024-03-09,484,0,PASS,0.0
7234,78447,25000,383,2024-08-13,859,1,PASS,1164.1
7235,4450,20092,438,2023-02-03,289,2,PASS,6920.4
7236,78332,9992,30,2023-08-10,623,1,PASS,1605.1
7237,2328,4380,61,2026-05-18,177,2,PASS,11299.4
7238,72476,1539,129,2025-07-13,513,2,PASS,3898.6
7239,30454,13250,194,2026-04-26,216,2,PASS,9259.3
7240,54140,28903,219,2025-12-07,157,2,PASS,12738.9
7241,63339,12211,6,2024-05-20,151,0,PASS,0.0
7242,13001,9533,145,2025-01-25,859,4,CONDITIONAL,4656.6
7243,15406,633,116,2025-04-27,673,1,PASS,1485.9
7244,14050,25979,112,2024-02-04,259,1,PASS,3861.0
7245,49130,9695,204,2026-02-23,241,4,CONDITIONAL,16597.5
7246,63995,8844,179,2026-06-21,930,1,PASS,1075.3
7247,55759,782,82,2024-03-05,960,0,PASS,0.0
7248,68448,977,200,2025-11-22,945,0,PASS,0.0
7249,11162,2077,364,2025-12-26,226,2,PASS,8849.6
7250,64595,27353,397,2026-06-05,523,3,PASS,5736.1
7251,59228,10129,192,2024-11-12,769,0,PASS,0.0
7252,5510,4021,460,2024-03-27,913,4,CONDITIONAL,4381.2
7253,11977,17240,356,2024-12-20,720,3,PASS,4166.7
7254,67475,7235,138,2026-09-18,382,1,PASS,2617.8
7255,32713,17488,346,2025-12-13,163,4,CONDITIONAL,24539.9
7256,82293,21489,97,2023-11-17,498,2,PASS,4016.1
7257,56446,2209,257,2024-05-03,417,3,PASS,7194.2
7258,79717,15865,68,2023-03-26,339,4,CONDITIONAL,11799.4
7259,37995,11541,54,2024-04-18,412,4,CONDITIONAL,9708.7
7260,64782,9857,297,2025-04-15,352,2,PASS,5681.8
7261,87813,7861,320,2025-08-23,236,3,PASS,12711.9
7262,51114,13995,496,2024-01-01,230,1,PASS,4347.8
7263,30200,7076,314,2026-04-20,404,4,CONDITIONAL,9901.0
7264,17953,29376,47,2024-06-27,975,4,CONDITIONAL,4102.6
7265,24018,15085,394,2023-09-14,614,1,PASS,1628.7
7266,49064,18352,371,2026-08-11,888,2,PASS,2252.3
7267,52989,23289,437,2025-07-16,265,2,PASS,7547.2
7268,35309,1473,489,2026-09-03,902,0,PASS,0.0
7269,24469,12812,151,2025-08-18,359,3,PASS,8356.5
7270,61755,20782,455,2024-08-11,969,1,PASS,1032.0
7271,65300,22441,188,2026-03-21,558,0,PASS,0.0
7272,49832,16525,34,2023-05-11,793,2,PASS,2522.1
7273,4956,3626,208,2024-08-20,139,0,PASS,0.0
7274,1397,2896,431,2023-11-15,626,2,PASS,3194.9
7275,26594,17920,81,2026-03-09,843,0,PASS,0.0
7276,28764,10168,111,2023-05-08,114,0,PASS,0.0
7277,77924,13033,230,2023-10-20,976,1,PASS,1024.6
7278,83705,15209,12,2025-05-31,755,4,CONDITIONAL,5298.0
7279,71646,28423,222,2024-01-11,462,2,PASS,4329.0
7280,27026,19152,351,2023-11-16,894,4,CONDITIONAL,4474.3
7281,4703,10545,199,2025-10-31,936,3,PASS,3205.1
7282,81882,4185,210,2023-07-07,606,4,CONDITIONAL,6600.7
7283,43225,23909,445,2023-07-08,515,3,PASS,5825.2
7284,39133,14878,332,2024-12-11,618,1,PASS,1618.1
7285,84495,23421,99,2026-06-18,804,4,CONDITIONAL,4975.1
7286,67007,22183,151,2024-05-21,173,2,PASS,11560.7
7287,70104,5934,401,2024-06-25,325,0,PASS,0.0
7288,41552,20924,498,2026-07-10,504,0,PASS,0.0
7289,63082,29199,174,2023-08-29,343,4,CONDITIONAL,11661.8
7290,36076,29909,203,2024-01-27,452,1,PASS,2212.4
7291,81857,6567,197,2026-01-11,799,0,PASS,0.0
7292,76596,8029,464,2024-07-29,704,4,CONDITIONAL,5681.8
7293,5555,5216,164,2024-01-24,397,0,PASS,0.0
7294,64628,20757,67,2026-06-22,906,4,CONDITIONAL,4415.0
7295,61827,26614,423,2023-06-01,416,2,PASS,4807.7
7296,76907,25112,118,2023-02-26,405,3,PASS,7407.4
7297,44788,3933,454,2024-05-13,177,2,PASS,11299.4
7298,12941,5942,218,2024-04-01,628,4,CONDITIONAL,6369.4
7299,77922,24827,420,2023-06-15,969,2,PASS,2064.0
7300,48819,24016,139,2026-09-25,941,0,PASS,0.0
7301,21429,1791,102,2023-05-23,617,0,PASS,0.0
7302,65042,25283,80,2024-01-17,163,3,PASS,18404.9
7303,42302,17384,448,2026-02-22,356,0,PASS,0.0
7304,3002,6069,385,2026-02-28,162,2,PASS,12345.7
7305,42184,2861,202,2026-07-28,624,0,PASS,0.0
7306,67227,705,493,2026-02-23,145,4,CONDITIONAL,27586.2
7307,21376,21257,358,2026-04-08,824,3,PASS,3640.8
7308,46338,2997,448,2023-03-31,363,0,PASS,0.0
7309,35506,18693,448,2025-09-16,811,2,PASS,2466.1
7310,56493,19169,64,2024-12-21,856,1,PASS,1168.2
7311,32489,6009,440,2025-02-16,438,0,PASS,0.0
7312,41103,12159,452,2024-04-12,750,3,PASS,4000.0
7313,59533,23273,493,2023-05-13,807,2,PASS,2478.3
7314,54959,26943,61,2025-01-20,999,1,PASS,1001.0
7315,21685,9817,370,2026-06-25,109,2,PASS,18348.6
7316,85915,12834,242,2024-05-10,518,3,PASS,5791.5
7317,9495,11701,426,2026-09-05,441,4,CONDITIONAL,9070.3
7318,83635,2774,249,2025-07-03,116,3,PASS,25862.1
7319,84173,17704,375,2023-04-06,459,3,PASS,6535.9
7320,19961,10249,273,2024-12-21,460,2,PASS,4347.8
7321,39413,2730,145,2024-03-19,164,3,PASS,18292.7
7322,81024,1904,135,2026-09-30,154,1,PASS,6493.5
7323,5543,28906,265,2023-12-18,562,3,PASS,5338.1
7324,78456,5592,420,2024-04-07,661,2,PASS,3025.7
7325,30402,27367,325,2025-01-04,139,4,CONDITIONAL,28777.0
7326,69079,7,465,2024-06-20,914,3,PASS,3282.3
7327,52148,11019,371,2024-12-15,344,1,PASS,2907.0
7328,15071,20300,417,2024-08-21,521,4,CONDITIONAL,7677.5
7329,1784,13378,253,2024-06-23,923,0,PASS,0.0
7330,45804,23968,190,2024-03-28,431,4,CONDITIONAL,9280.7
7331,47166,20401,173,2026-03-04,245,0,PASS,0.0
7332,50834,10808,348,2025-03-15,157,0,PASS,0.0
7333,17187,292,163,2023-12-12,583,2,PASS,3430.5
7334,3405,855,301,2026-06-03,176,4,CONDITIONAL,22727.3
7335,62128,15282,75,2025-06-25,493,1,PASS,2028.4
7336,78467,4259,188,2025-12-24,629,0,PASS,0.0
7337,27670,5125,285,2025-02-21,242,3,PASS,12396.7
7338,2293,10521,240,2025-05-08,522,0,PASS,0.0
7339,7517,1711,421,2024-09-30,153,4,CONDITIONAL,26143.8
7340,89628,16307,90,2025-05-29,216,2,PASS,9259.3
7341,27404,11066,203,2023-10-16,844,0,PASS,0.0
7342,61904,1471,230,2023-01-28,168,0,PASS,0.0
7343,35629,28848,448,2025-11-04,254,0,PASS,0.0
7344,38814,20811,157,2025-01-12,551,4,CONDITIONAL,7259.5
7345,16529,22323,362,2024-08-12,285,2,PASS,7017.5
7346,63191,26011,296,2023-01-31,110,3,PASS,27272.7
7347,43717,18960,376,2023-06-29,414,0,PASS,0.0
7348,32408,23448,398,2025-11-05,664,4,CONDITIONAL,6024.1
7349,55309,17101,42,2023-02-09,920,2,PASS,2173.9
7350,55026,26643,262,2023-03-14,626,4,CONDITIONAL,6389.8
7351,29298,15759,121,2026-08-06,250,1,PASS,4000.0
7352,9463,14967,492,2024-05-08,760,3,PASS,3947.4
7353,7573,10744,120,2023-01-13,214,4,CONDITIONAL,18691.6
7354,69722,6905,195,2023-01-21,709,2,PASS,2820.9
7355,47514,20932,91,2023-03-08,417,3,PASS,7194.2
7356,61285,24920,328,2023-02-16,775,1,PASS,1290.3
7357,22154,25689,246,2024-03-18,504,1,PASS,1984.1
7358,79950,14420,466,2026-06-01,686,0,PASS,0.0
7359,8765,20449,17,2024-02-23,176,1,PASS,5681.8
7360,52924,28829,146,2025-04-06,419,0,PASS,0.0
7361,45128,21177,262,2024-05-07,101,0,PASS,0.0
7362,48184,9324,173,2026-07-24,108,2,PASS,18518.5
7363,32752,2373,9,2023-01-18,276,2,PASS,7246.4
7364,75862,25033,63,2024-06-23,806,1,PASS,1240.7
7365,40372,17587,409,2026-06-05,210,2,PASS,9523.8
7366,42868,22844,416,2025-08-26,156,0,PASS,0.0
7367,55000,14533,99,2026-06-14,109,4,CONDITIONAL,36697.2
7368,15943,17237,367,2026-08-03,296,2,PASS,6756.8
7369,17809,22181,468,2025-07-02,773,1,PASS,1293.7
7370,8244,21287,55,2023-10-03,448,2,PASS,4464.3
7371,83695,4709,213,2025-07-15,233,0,PASS,0.0
7372,82609,8209,132,2026-07-11,422,1,PASS,2369.7
7373,79228,1624,369,2024-12-07,378,1,PASS,2645.5
7374,16606,2369,433,2023-02-17,400,2,PASS,5000.0
7375,35645,29187,353,2026-05-11,126,2,PASS,15873.0
7376,4316,13787,298,2025-08-26,480,3,PASS,6250.0
7377,19302,19207,378,2025-11-07,440,2,PASS,4545.5
7378,70354,185,259,2024-07-16,623,2,PASS,3210.3
7379,23754,23885,265,2023-02-26,657,1,PASS,1522.1
7380,31354,14126,380,2024-12-21,118,1,PASS,8474.6
7381,75397,2818,141,2023-11-02,581,4,CONDITIONAL,6884.7
7382,46233,2656,257,2026-01-26,362,0,PASS,0.0
7383,11009,21167,191,2024-08-14,292,0,PASS,0.0
7384,16714,13005,248,2025-06-23,284,2,PASS,7042.3
7385,42128,8846,427,2024-08-12,756,3,PASS,3968.3
7386,841,27091,366,2023-02-24,783,4,CONDITIONAL,5108.6
7387,45615,20862,375,2024-08-07,896,1,PASS,1116.1
7388,13020,14025,465,2026-07-10,736,4,CONDITIONAL,5434.8
7389,30808,6214,415,2025-10-13,792,3,PASS,3787.9
7390,38228,10963,69,2025-12-16,679,1,PASS,1472.8
7391,27758,8388,470,2026-05-17,666,0,PASS,0.0
7392,79112,23986,11,2023-05-29,143,4,CONDITIONAL,27972.0
7393,74028,11187,104,2026-07-03,677,2,PASS,2954.2
7394,16066,369,354,2025-09-06,957,2,PASS,2089.9
7395,69872,17037,445,2023-04-14,506,4,CONDITIONAL,7905.1
7396,48056,2482,342,2023-02-02,294,4,CONDITIONAL,13605.4
7397,20663,21880,51,2025-10-16,492,3,PASS,6097.6
7398,16441,1789,442,2026-07-23,400,3,PASS,7500.0
7399,25590,12269,175,2025-05-16,523,1,PASS,1912.0
7400,69299,4860,30,2026-01-10,226,1,PASS,4424.8
7401,14082,20566,328,2026-06-19,722,4,CONDITIONAL,5540.2
7402,12901,8494,371,2024-02-20,733,3,PASS,4092.8
7403,54319,14616,492,2024-09-18,766,1,PASS,1305.5
7404,33815,14584,372,2024-11-05,198,2,PASS,10101.0
7405,81384,20380,430,2023-03-04,392,1,PASS,2551.0
7406,40239,7740,485,2023-05-04,941,0,PASS,0.0
7407,38082,23876,123,2024-01-24,669,2,PASS,2989.5
7408,64626,1187,482,2025-07-27,740,3,PASS,4054.1
7409,75805,15194,93,2025-04-26,314,0,PASS,0.0
7410,51491,25153,208,2026-05-15,369,0,PASS,0.0
7411,80610,3695,20,2026-06-06,454,1,PASS,2202.6
7412,51256,20615,334,2025-05-05,229,1,PASS,4366.8
7413,57291,4976,449,2026-03-12,182,4,CONDITIONAL,21978.0
7414,52537,25814,182,2025-03-30,773,0,PASS,0.0
7415,51540,21176,386,2023-09-21,902,1,PASS,1108.6
7416,30525,10766,268,2024-03-20,508,0,PASS,0.0
7417,77959,9608,271,2024-08-19,922,2,PASS,2169.2
7418,70178,22931,281,2026-04-30,917,2,PASS,2181.0
7419,62918,7790,391,2023-05-30,446,2,PASS,4484.3
7420,31220,13455,47,2026-04-01,889,1,PASS,1124.9
7421,77106,20686,492,2026-07-18,479,3,PASS,6263.0
7422,35249,23380,301,2025-11-04,784,1,PASS,1275.5
7423,31369,6616,473,2025-08-18,308,1,PASS,3246.8
7424,16257,21115,194,2025-04-22,314,3,PASS,9554.1
7425,17206,24240,374,2023-09-05,538,1,PASS,1858.7
7426,32777,26581,88,2023-09-14,457,3,PASS,6564.6
7427,44615,14982,138,2023-05-06,776,4,CONDITIONAL,5154.6
7428,58238,12560,114,2026-01-09,312,4,CONDITIONAL,12820.5
7429,19353,29635,205,2026-02-04,948,4,CONDITIONAL,4219.4
7430,58785,13887,232,2024-08-03,302,2,PASS,6622.5
7431,6072,27167,181,2023-01-17,470,3,PASS,6383.0
7432,6618,11029,466,2024-08-10,599,1,PASS,1669.4
7433,85372,21932,211,2024-09-17,435,1,PASS,2298.9
7434,18238,27377,148,2025-09-14,354,0,PASS,0.0
7435,67117,25927,79,2023-01-28,893,4,CONDITIONAL,4479.3
7436,17180,1531,79,2025-01-13,144,3,PASS,20833.3
7437,71324,11480,432,2025-12-21,746,1,PASS,1340.5
7438,5712,8624,176,2023-10-30,891,3,PASS,3367.0
7439,88266,17313,328,2023-03-09,646,0,PASS,0.0
7440,78421,14551,48,2023-03-14,588,2,PASS,3401.4
7441,76290,15187,161,2023-10-18,559,0,PASS,0.0
7442,29305,2750,457,2024-03-26,730,1,PASS,1369.9
7443,41603,28212,195,2025-08-07,968,1,PASS,1033.1
7444,16398,593,297,2024-09-11,275,0,PASS,0.0
7445,66620,21141,241,2023-12-11,623,2,PASS,3210.3
7446,56103,2315,411,2026-01-28,346,1,PASS,2890.2
7447,8511,3014,127,2025-11-03,630,1,PASS,1587.3
7448,33279,14102,152,2025-05-26,884,4,CONDITIONAL,4524.9
7449,43613,17878,449,2023-07-01,228,3,PASS,13157.9
7450,73291,11723,63,2026-01-24,522,2,PASS,3831.4
7451,722,18583,54,2024-09-15,551,1,PASS,1814.9
7452,85253,23516,361,2024-07-26,110,4,CONDITIONAL,36363.6
7453,72261,11961,308,2025-02-21,666,0,PASS,0.0
7454,13781,13779,182,2024-09-17,853,4,CONDITIONAL,4689.3
7455,37734,28426,409,2023-08-02,207,3,PASS,14492.8
7456,32002,12134,145,2024-06-02,913,3,PASS,3285.9
7457,28194,11180,21,2026-08-11,387,0,PASS,0.0
7458,50132,18754,444,2023-01-10,566,4,CONDITIONAL,7067.1
7459,37948,18862,60,2026-03-03,775,1,PASS,1290.3
7460,44046,26808,438,2026-09-11,764,4,CONDITIONAL,5235.6
7461,16560,29576,332,2024-01-11,256,0,PASS,0.0
7462,2017,24122,484,2025-10-03,709,3,PASS,4231.3
7463,84965,17639,496,2026-06-17,221,0,PASS,0.0
7464,25654,17111,277,2025-12-06,822,1,PASS,1216.5
7465,86111,23664,412,2024-06-09,527,3,PASS,5692.6
7466,54212,20889,408,2025-07-24,485,2,PASS,4123.7
7467,63566,15264,102,2023-07-04,245,4,CONDITIONAL,16326.5
7468,34923,26603,28,2025-10-15,729,2,PASS,2743.5
7469,61573,27536,340,2023-03-10,405,1,PASS,2469.1
7470,25669,12806,295,2024-02-14,742,2,PASS,2695.4
7471,53896,13250,325,2026-02-17,306,2,PASS,6535.9
7472,35883,3706,309,2025-02-13,296,4,CONDITIONAL,13513.5
7473,66543,14050,364,2024-11-28,521,2,PASS,3838.8
7474,50397,27428,224,2026-05-28,893,0,PASS,0.0
7475,11610,3763,23,2023-04-14,989,2,PASS,2022.2
7476,37833,13449,34,2025-06-23,207,2,PASS,9661.8
7477,31495,22434,102,2023-05-27,418,2,PASS,4784.7
7478,18917,7778,110,2025-03-01,836,3,PASS,3588.5
7479,22108,11864,462,2024-09-28,336,2,PASS,5952.4
7480,55766,3783,411,2025-02-04,790,2,PASS,2531.6
7481,50724,276,54,2024-04-30,394,0,PASS,0.0
7482,83244,17105,332,2024-11-08,630,2,PASS,3174.6
7483,74496,15745,44,2024-02-03,134,2,PASS,14925.4
7484,20329,3941,156,2025-07-21,981,0,PASS,0.0
7485,21266,15363,179,2023-03-18,343,4,CONDITIONAL,11661.8
7486,422,7424,325,2025-01-04,104,3,PASS,28846.2
7487,73782,10068,56,2025-07-28,683,0,PASS,0.0
7488,9334,1717,135,2024-01-19,878,2,PASS,2277.9
7489,71841,23587,400,2025-07-05,630,4,CONDITIONAL,6349.2
7490,58056,11484,347,2024-04-26,406,2,PASS,4926.1
7491,21908,16108,110,2023-11-19,756,0,PASS,0.0
7492,48255,26539,472,2024-06-27,343,4,CONDITIONAL,11661.8
7493,39328,18019,1,2023-03-28,888,7,FAIL,7882.9
7494,84973,26961,358,2023-09-22,536,1,PASS,1865.7
7495,78530,22832,81,2024-12-30,111,3,PASS,27027.0
7496,16951,28394,202,2023-07-24,245,3,PASS,12244.9
7497,24394,13168,496,2026-05-06,725,1,PASS,1379.3
7498,16483,7284,419,2024-10-15,361,3,PASS,8310.2
7499,87635,17975,341,2023-08-12,967,2,PASS,2068.3
7500,88723,3221,21,2023-07-07,168,2,PASS,11904.8
7501,21180,27370,221,2026-02-28,796,0,PASS,0.0
7502,31567,6985,337,2025-04-02,897,0,PASS,0.0
7503,60459,4487,300,2025-10-15,132,4,CONDITIONAL,30303.0
7504,77118,11857,166,2026-07-13,906,4,CONDITIONAL,4415.0
7505,63679,937,214,2023-04-18,372,3,PASS,8064.5
7506,61865,7367,83,2025-01-06,857,0,PASS,0.0
7507,12172,6564,241,2025-06-02,601,4,CONDITIONAL,6655.6
7508,87615,6274,245,2024-02-01,267,2,PASS,7490.6
7509,32090,13960,196,2025-08-21,770,2,PASS,2597.4
7510,5271,6381,26,2026-09-27,555,4,CONDITIONAL,7207.2
7511,45778,29639,268,2025-09-05,744,0,PASS,0.0
7512,8603,11079,324,2023-02-20,127,0,PASS,0.0
7513,60174,17456,176,2023-10-08,871,4,CONDITIONAL,4592.4
7514,68392,3490,184,2025-07-25,289,2,PASS,6920.4
7515,38023,979,78,2024-01-31,911,0,PASS,0.0
7516,18015,3107,376,2026-06-10,246,0,PASS,0.0
7517,30622,15952,115,2023-11-22,533,0,PASS,0.0
7518,54881,25476,475,2023-05-07,922,1,PASS,1084.6
7519,83580,11406,124,2023-01-13,938,4,CONDITIONAL,4264.4
7520,83028,14249,14,2026-07-08,139,3,PASS,21582.7
7521,13637,7896,82,2026-01-10,664,4,CONDITIONAL,6024.1
7522,77848,10490,67,2024-05-15,369,1,PASS,2710.0
7523,81747,19320,57,2024-07-26,680,0,PASS,0.0
7524,87779,25623,317,2025-08-26,272,2,PASS,7352.9
7525,901,13910,42,2026-09-01,638,1,PASS,1567.4
7526,55317,9362,37,2023-01-18,102,2,PASS,19607.8
7527,69379,7287,216,2025-09-05,819,4,CONDITIONAL,4884.0
7528,12078,9400,481,2025-01-08,946,4,CONDITIONAL,4228.3
7529,51627,23829,279,2025-09-09,172,1,PASS,5814.0
7530,83591,20651,84,2026-05-20,201,3,PASS,14925.4
7531,55696,14420,365,2023-02-07,852,0,PASS,0.0
7532,8464,15695,404,2025-10-04,306,1,PASS,3268.0
7533,82783,28220,67,2025-03-31,618,4,CONDITIONAL,6472.5
7534,67973,95,194,2024-12-13,548,0,PASS,0.0
7535,55123,17389,331,2026-08-14,592,0,PASS,0.0
7536,21760,24127,234,2023-08-14,639,2,PASS,3129.9
7537,32081,24764,276,2025-05-16,983,0,PASS,0.0
7538,43460,14438,284,2025-06-08,459,0,PASS,0.0
7539,88961,19667,248,2025-03-24,383,4,CONDITIONAL,10443.9
7540,3674,4193,401,2023-11-15,552,0,PASS,0.0
7541,1430,20648,227,2025-02-09,636,4,CONDITIONAL,6289.3
7542,55416,14812,326,2024-08-01,248,4,CONDITIONAL,16129.0
7543,6006,12591,486,2025-02-20,550,0,PASS,0.0
7544,73543,28945,198,2024-06-07,602,2,PASS,3322.3
7545,2764,19546,248,2024-09-18,602,3,PASS,4983.4
7546,8844,2152,490,2024-05-15,159,2,PASS,12578.6
7547,42165,5236,387,2025-03-02,653,1,PASS,1531.4
7548,32916,9382,145,2025-04-29,369,4,CONDITIONAL,10840.1
7549,63566,5946,239,2026-06-24,138,1,PASS,7246.4
7550,38072,26965,147,2023-05-09,159,3,PASS,18867.9
7551,26664,15321,118,2023-05-16,735,2,PASS,2721.1
7552,44455,17530,376,2023-11-17,789,4,CONDITIONAL,5069.7
7553,63344,23275,210,2025-05-31,789,1,PASS,1267.4
7554,23287,16819,401,2023-05-21,209,0,PASS,0.0
7555,79797,19318,37,2024-06-04,412,3,PASS,7281.6
7556,63007,29217,478,2023-08-09,339,4,CONDITIONAL,11799.4
7557,40331,13886,120,2024-11-21,563,2,PASS,3552.4
7558,18582,15802,161,2024-01-18,398,0,PASS,0.0
7559,2837,17945,252,2025-04-26,853,0,PASS,0.0
7560,54466,13356,199,2026-05-20,955,4,CONDITIONAL,4188.5
7561,8479,2276,68,2026-03-07,659,4,CONDITIONAL,6069.8
7562,85770,25809,262,2026-08-21,658,0,PASS,0.0
7563,54354,26885,106,2024-05-06,746,0,PASS,0.0
7564,12026,5500,113,2024-06-03,554,4,CONDITIONAL,7220.2
7565,27068,15609,486,2023-11-15,205,0,PASS,0.0
7566,24357,20821,135,2023-12-26,968,2,PASS,2066.1
7567,17287,3276,37,2025-04-07,457,4,CONDITIONAL,8752.7
7568,41047,29764,149,2026-06-02,844,1,PASS,1184.8
7569,59825,29848,354,2024-09-09,907,2,PASS,2205.1
7570,77109,28075,131,2023-08-30,470,4,CONDITIONAL,8510.6
7571,67918,23119,309,2026-01-19,352,0,PASS,0.0
7572,34804,16610,462,2026-04-21,607,3,PASS,4942.3
7573,39766,27982,103,2023-05-19,273,4,CONDITIONAL,14652.0
7574,33902,20123,303,2024-11-20,176,3,PASS,17045.5
7575,52957,560,261,2023-03-30,942,1,PASS,1061.6
7576,68795,23405,241,2023-01-01,173,4,CONDITIONAL,23121.4
7577,59419,13868,261,2024-02-24,337,1,PASS,2967.4
7578,86480,16263,187,2024-11-27,925,4,CONDITIONAL,4324.3
7579,39214,26100,68,2025-01-09,591,1,PASS,1692.0
7580,89369,18111,103,2026-03-14,372,0,PASS,0.0
7581,19740,6647,280,2025-06-24,172,1,PASS,5814.0
7582,82678,23181,258,2026-01-07,857,3,PASS,3500.6
7583,4305,29576,60,2023-06-29,489,2,PASS,4090.0
7584,13272,9110,269,2025-07-13,309,1,PASS,3236.2
7585,10773,13686,453,2023-11-10,670,3,PASS,4477.6
7586,42562,24819,436,2023-12-14,315,0,PASS,0.0
7587,63920,5796,448,2023-10-22,286,0,PASS,0.0
7588,78865,8682,194,2025-10-26,761,4,CONDITIONAL,5256.2
7589,3398,27432,83,2023-12-29,833,4,CONDITIONAL,4801.9
7590,2465,9714,282,2025-06-18,628,3,PASS,4777.1
7591,4400,10268,114,2026-07-05,848,4,CONDITIONAL,4717.0
7592,86686,27268,99,2024-12-22,103,1,PASS,9708.7
7593,60168,19348,280,2024-07-07,601,1,PASS,1663.9
7594,51856,19108,128,2023-03-26,714,2,PASS,2801.1
7595,43623,12704,469,2024-07-04,342,3,PASS,8771.9
7596,46328,12847,23,2023-05-11,416,3,PASS,7211.5
7597,81653,25101,325,2025-10-19,134,1,PASS,7462.7
7598,21615,9236,414,2024-05-16,797,4,CONDITIONAL,5018.8
7599,69290,8679,274,2026-04-29,871,1,PASS,1148.1
7600,37828,23439,285,2024-02-20,387,4,CONDITIONAL,10335.9
7601,52353,4453,204,2026-03-13,529,1,PASS,1890.4
7602,29884,25230,234,2024-10-31,556,1,PASS,1798.6
7603,57105,7757,298,2023-04-30,254,1,PASS,3937.0
7604,17420,26740,165,2024-07-27,644,1,PASS,1552.8
7605,45438,12489,217,2024-02-18,648,3,PASS,4629.6
7606,62308,27684,441,2025-08-07,538,3,PASS,5576.2
7607,4390,23126,215,2024-07-25,601,3,PASS,4991.7
7608,74773,14396,8,2026-05-27,665,4,CONDITIONAL,6015.0
7609,8139,28384,176,2025-03-07,709,0,PASS,0.0
7610,79914,29155,349,2024-05-18,294,2,PASS,6802.7
7611,49331,8541,130,2025-05-14,975,2,PASS,2051.3
7612,24323,21697,460,2023-10-17,923,1,PASS,1083.4
7613,55804,11962,406,2023-08-22,269,4,CONDITIONAL,14869.9
7614,16947,25447,33,2024-01-11,339,3,PASS,8849.6
7615,74113,6475,1,2026-04-05,495,9,FAIL,18181.8
7616,69021,9967,14,2024-07-09,156,4,CONDITIONAL,25641.0
7617,27541,8232,408,2026-01-09,422,4,CONDITIONAL,9478.7
7618,75515,6019,9,2024-02-14,892,3,PASS,3363.2
7619,23393,19361,379,2023-01-15,214,1,PASS,4672.9
7620,78404,19333,444,2024-12-28,752,4,CONDITIONAL,5319.1
7621,24774,26183,340,2024-12-30,911,3,PASS,3293.1
7622,9606,11971,9,2025-02-25,181,3,PASS,16574.6
7623,41065,6879,243,2026-08-20,826,4,CONDITIONAL,4842.6
7624,23671,18696,60,2025-05-14,762,3,PASS,3937.0
7625,11717,2042,121,2025-06-17,243,3,PASS,12345.7
7626,1599,28116,486,2023-03-05,904,0,PASS,0.0
7627,42983,127,314,2024-01-11,783,1,PASS,1277.1
7628,44402,22136,329,2023-04-20,250,1,PASS,4000.0
7629,84905,21810,440,2025-07-20,714,2,PASS,2801.1
7630,68115,26782,231,2025-02-05,282,4,CONDITIONAL,14184.4
7631,86282,15369,10,2023-09-14,928,0,PASS,0.0
7632,74842,9547,269,2023-06-09,823,2,PASS,2430.1
7633,84602,9208,2,2024-04-03,111,0,PASS,0.0
7634,11804,29219,146,2026-05-20,428,3,PASS,7009.3
7635,18498,5421,210,2026-04-29,606,1,PASS,1650.2
7636,51861,24769,347,2023-03-09,429,2,PASS,4662.0
7637,72870,22361,206,2024-07-07,205,2,PASS,9756.1
7638,70521,24984,411,2025-03-07,779,0,PASS,0.0
7639,30835,7732,176,2025-02-02,676,1,PASS,1479.3
7640,50193,8947,178,2025-07-31,685,1,PASS,1459.9
7641,65996,764,205,2023-12-03,508,0,PASS,0.0
7642,65824,4398,372,2024-10-10,911,0,PASS,0.0
7643,19842,9734,268,2023-09-22,710,3,PASS,4225.4
7644,31242,28971,67,2025-04-21,165,3,PASS,18181.8
7645,71592,27750,327,2025-09-22,750,4,CONDITIONAL,5333.3
7646,47378,17256,278,2023-01-26,953,4,CONDITIONAL,4197.3
7647,41702,27783,98,2023-03-20,262,2,PASS,7633.6
7648,88850,28351,61,2023-08-23,425,0,PASS,0.0
7649,83451,28260,223,2026-03-19,523,2,PASS,3824.1
7650,55970,10929,159,2025-03-23,640,3,PASS,4687.5
7651,11861,20396,264,2024-07-21,374,1,PASS,2673.8
7652,54134,6719,131,2023-11-15,644,0,PASS,0.0
7653,1389,27090,273,2023-04-08,873,4,CONDITIONAL,4581.9
7654,72504,599,33,2023-06-18,787,4,CONDITIONAL,5082.6
7655,48388,8806,119,2025-04-19,962,0,PASS,0.0
7656,86505,6666,452,2023-12-31,913,0,PASS,0.0
7657,47451,13860,278,2024-03-04,693,1,PASS,1443.0
7658,47380,29842,378,2026-01-03,404,0,PASS,0.0
7659,75302,18948,160,2025-11-29,864,2,PASS,2314.8
7660,72348,22432,146,2023-10-26,653,0,PASS,0.0
7661,54529,8114,458,2025-12-11,545,1,PASS,1834.9
7662,35897,14496,130,2026-02-11,665,3,PASS,4511.3
7663,75117,1951,412,2024-05-01,639,4,CONDITIONAL,6259.8
7664,1851,15881,363,2023-02-26,566,4,CONDITIONAL,7067.1
7665,62569,26916,253,2024-05-02,223,3,PASS,13452.9
7666,54562,22388,262,2024-10-31,156,2,PASS,12820.5
7667,83758,19183,350,2023-08-15,999,1,PASS,1001.0
7668,87045,4094,154,2025-06-24,112,2,PASS,17857.1
7669,12544,6247,349,2024-05-27,427,3,PASS,7025.8
7670,47167,740,361,2024-11-04,619,1,PASS,1615.5
7671,33580,10473,32,2025-03-08,822,1,PASS,1216.5
7672,38193,23595,72,2024-06-12,289,2,PASS,6920.4
7673,37863,12950,102,2023-09-09,716,0,PASS,0.0
7674,7610,24999,289,2024-11-20,653,1,PASS,1531.4
7675,12408,13290,270,2026-07-19,832,0,PASS,0.0
7676,40110,4472,197,2023-09-24,274,0,PASS,0.0
7677,79445,22011,500,2026-01-31,293,0,PASS,0.0
7678,83775,25099,390,2023-06-27,854,2,PASS,2341.9
7679,87540,22298,256,2025-07-24,461,3,PASS,6507.6
7680,79407,25465,40,2025-08-21,943,3,PASS,3181.3
7681,44435,13282,208,2026-05-25,934,2,PASS,2141.3
7682,84093,18225,496,2023-11-08,321,4,CONDITIONAL,12461.1
7683,38296,11164,394,2025-01-26,902,1,PASS,1108.6
7684,64376,25659,412,2025-08-10,422,2,PASS,4739.3
7685,61635,28286,308,2024-02-15,413,1,PASS,2421.3
7686,89986,20123,413,2026-09-09,498,2,PASS,4016.1
7687,28653,11368,97,2025-11-30,470,4,CONDITIONAL,8510.6
7688,57616,29318,49,2025-04-13,264,4,CONDITIONAL,15151.5
7689,2865,10487,123,2025-09-09,878,0,PASS,0.0
7690,75383,4438,322,2024-11-22,657,1,PASS,1522.1
7691,87450,15311,440,2025-02-20,173,1,PASS,5780.3
7692,12586,21451,343,2024-05-17,952,2,PASS,2100.8
7693,4709,9811,131,2024-10-21,338,0,PASS,0.0
7694,85129,986,252,2024-06-15,563,1,PASS,1776.2
7695,47880,16673,331,2025-04-03,975,0,PASS,0.0
7696,49060,24159,9,2023-08-17,630,4,CONDITIONAL,6349.2
7697,11178,3954,106,2025-09-02,245,4,CONDITIONAL,16326.5
7698,21443,20673,108,2024-03-11,352,1,PASS,2840.9
7699,89867,26749,296,2025-08-30,296,3,PASS,10135.1
7700,46169,2612,207,2025-04-27,360,0,PASS,0.0
7701,79743,6128,74,2024-02-01,725,2,PASS,2758.6
7702,56126,29416,142,2024-11-14,397,4,CONDITIONAL,10075.6
7703,732,14227,27,2026-09-02,885,1,PASS,1129.9
7704,37108,2281,290,2023-12-20,431,3,PASS,6960.6
7705,55854,188,286,2024-03-17,530,0,PASS,0.0
7706,70925,6473,148,2023-11-03,197,2,PASS,10152.3
7707,48157,29105,241,2024-05-03,334,1,PASS,2994.0
7708,24964,29717,131,2026-02-02,994,3,PASS,3018.1
7709,10909,24968,334,2024-02-07,638,1,PASS,1567.4
7710,16415,24246,101,2024-09-14,226,2,PASS,8849.6
7711,45055,6863,387,2024-09-27,144,4,CONDITIONAL,27777.8
7712,82046,623,320,2025-02-10,544,3,PASS,5514.7
7713,47120,22542,56,2024-04-18,837,1,PASS,1194.7
7714,53260,1496,207,2023-04-12,976,1,PASS,1024.6
7715,34988,13494,238,2024-09-16,674,2,PASS,2967.4
7716,55885,13025,243,2026-06-11,679,1,PASS,1472.8
7717,13576,2101,431,2023-12-20,977,2,PASS,2047.1
7718,76374,24941,48,2026-03-02,218,0,PASS,0.0
7719,78880,26682,110,2026-02-23,162,0,PASS,0.0
7720,29597,17639,493,2024-03-19,768,2,PASS,2604.2
7721,85230,776,149,2023-02-28,349,1,PASS,2865.3
7722,50753,21471,465,2026-06-03,841,0,PASS,0.0
7723,69510,22014,305,2025-02-17,711,1,PASS,1406.5
7724,64841,1463,222,2024-10-15,997,3,PASS,3009.0
7725,79886,685,167,2023-11-22,134,1,PASS,7462.7
7726,15369,18629,235,2025-01-06,493,2,PASS,4056.8
7727,26615,13789,163,2025-03-23,850,1,PASS,1176.5
7728,22939,25522,213,2023-08-02,903,1,PASS,1107.4
7729,70389,21490,168,2023-03-21,728,2,PASS,2747.3
7730,65404,12896,230,2023-06-19,356,1,PASS,2809.0
7731,69268,4915,467,2024-03-15,664,1,PASS,1506.0
7732,28790,5593,321,2024-02-05,913,4,CONDITIONAL,4381.2
7733,30656,25050,407,2023-06-12,134,1,PASS,7462.7
7734,10250,16786,420,2025-08-22,101,2,PASS,19802.0
7735,45456,26000,107,2024-05-07,415,2,PASS,4819.3
7736,10135,2812,238,2026-07-13,693,1,PASS,1443.0
7737,22411,1602,454,2023-03-19,914,2,PASS,2188.2
7738,28900,25106,320,2024-03-07,345,1,PASS,2898.6
7739,61270,13817,431,2025-09-11,315,2,PASS,6349.2
7740,42391,17846,481,2026-07-30,915,4,CONDITIONAL,4371.6
7741,56075,18820,59,2024-04-08,747,2,PASS,2677.4
7742,31800,7611,104,2026-05-29,739,0,PASS,0.0
7743,56251,5281,303,2024-05-10,625,3,PASS,4800.0
7744,12605,8741,8,2024-01-12,893,3,PASS,3359.5
7745,80683,24887,348,2024-12-25,712,1,PASS,1404.5
7746,87110,15912,220,2023-09-17,883,3,PASS,3397.5
7747,47475,17026,68,2025-01-20,549,3,PASS,5464.5
7748,15093,10701,285,2026-06-14,379,4,CONDITIONAL,10554.1
7749,12609,17474,168,2025-12-07,278,1,PASS,3597.1
7750,82110,20842,366,2024-04-06,960,3,PASS,3125.0
7751,70503,25923,436,2026-02-20,380,1,PASS,2631.6
7752,5131,8523,494,2026-07-25,420,3,PASS,7142.9
7753,86187,17635,138,2024-11-19,703,1,PASS,1422.5
7754,50805,17743,332,2025-08-22,624,2,PASS,3205.1
7755,76367,12202,369,2026-07-08,740,1,PASS,1351.4
7756,5365,9573,117,2024-02-11,653,3,PASS,4594.2
7757,10416,17287,257,2024-04-21,785,1,PASS,1273.9
7758,54657,14324,320,2024-07-26,640,4,CONDITIONAL,6250.0
7759,81281,26440,40,2024-08-20,891,0,PASS,0.0
7760,69326,27234,171,2025-11-11,713,2,PASS,2805.0
7761,39739,12646,28,2024-11-21,355,3,PASS,8450.7
7762,64655,12984,131,2024-06-03,632,3,PASS,4746.8
7763,41601,5353,236,2024-02-04,496,1,PASS,2016.1
7764,15242,16302,250,2025-03-21,823,3,PASS,3645.2
7765,36969,9877,375,2026-01-01,342,2,PASS,5848.0
7766,6310,887,62,2025-12-27,527,1,PASS,1897.5
7767,21808,16727,122,2023-06-11,120,3,PASS,25000.0
7768,19778,19409,77,2023-10-16,326,4,CONDITIONAL,12269.9
7769,74886,221,167,2023-04-03,290,0,PASS,0.0
7770,77033,332,91,2025-02-06,234,0,PASS,0.0
7771,5245,16468,419,2024-04-17,201,1,PASS,4975.1
7772,23453,20399,474,2025-06-26,161,2,PASS,12422.4
7773,87597,14152,199,2023-02-19,420,2,PASS,4761.9
7774,52386,8599,22,2023-08-27,148,1,PASS,6756.8
7775,10362,14129,440,2024-08-27,653,3,PASS,4594.2
7776,40422,7694,64,2025-04-16,512,1,PASS,1953.1
7777,35361,14151,429,2024-02-16,888,4,CONDITIONAL,4504.5
7778,27912,19712,311,2025-03-10,458,3,PASS,6550.2
7779,85939,3466,167,2025-09-24,393,0,PASS,0.0
7780,19031,3983,85,2026-02-20,414,0,PASS,0.0
7781,18061,29357,296,2026-01-12,648,1,PASS,1543.2
7782,4431,2258,318,2026-08-10,538,3,PASS,5576.2
7783,41178,24364,57,2026-06-20,901,2,PASS,2219.8
7784,44263,1808,464,2025-11-06,255,0,PASS,0.0
7785,35141,5272,21,2026-07-15,832,2,PASS,2403.8
7786,82344,2536,404,2024-01-02,437,1,PASS,2288.3
7787,88302,27374,330,2023-12-06,928,1,PASS,1077.6
7788,73810,22127,69,2026-07-21,638,3,PASS,4702.2
7789,63702,17731,452,2023-10-12,369,2,PASS,5420.1
7790,32988,17734,465,2023-07-13,980,3,PASS,3061.2
7791,64353,3045,301,2023-06-26,218,0,PASS,0.0
7792,67178,26937,280,2026-09-26,574,4,CONDITIONAL,6968.6
7793,12586,29572,308,2026-04-24,614,0,PASS,0.0
7794,89587,27665,490,2026-07-27,371,2,PASS,5390.8
7795,40054,15654,37,2026-01-05,241,1,PASS,4149.4
7796,41617,3310,176,2024-06-17,164,1,PASS,6097.6
7797,15551,1861,203,2024-10-28,317,4,CONDITIONAL,12618.3
7798,54421,29202,150,2026-08-26,183,4,CONDITIONAL,21857.9
7799,86416,1374,449,2024-12-19,614,2,PASS,3257.3
7800,12299,7322,229,2023-07-15,949,0,PASS,0.0
7801,23060,8847,403,2026-08-30,477,1,PASS,2096.4
7802,6419,511,414,2026-08-18,800,0,PASS,0.0
7803,7891,2303,435,2024-12-03,362,3,PASS,8287.3
7804,25190,7849,361,2023-12-26,680,3,PASS,4411.8
7805,17764,2595,37,2023-05-14,869,2,PASS,2301.5
7806,4315,5889,342,2024-09-20,219,1,PASS,4566.2
7807,35146,6757,458,2024-04-24,488,4,CONDITIONAL,8196.7
7808,12972,18817,290,2024-06-26,150,2,PASS,13333.3
7809,35123,11406,305,2023-09-27,698,1,PASS,1432.7
7810,77071,20142,225,2024-07-20,950,3,PASS,3157.9
7811,81744,1428,203,2024-09-14,617,3,PASS,4862.2
7812,26187,22373,18,2025-01-06,114,2,PASS,17543.9
7813,27570,21491,219,2024-10-03,472,4,CONDITIONAL,8474.6
7814,76542,1707,46,2025-06-16,843,0,PASS,0.0
7815,33980,26780,222,2025-03-27,372,0,PASS,0.0
7816,78662,13200,120,2026-01-27,209,0,PASS,0.0
7817,46943,9444,450,2026-03-26,235,4,CONDITIONAL,17021.3
7818,84383,1923,321,2024-12-23,750,2,PASS,2666.7
7819,25883,26607,426,2023-07-16,242,2,PASS,8264.5
7820,48068,17972,72,2026-04-02,382,1,PASS,2617.8
7821,82451,28108,102,2026-03-20,613,4,CONDITIONAL,6525.3
7822,77921,27828,427,2025-05-08,752,2,PASS,2659.6
7823,79299,15281,433,2026-06-14,174,4,CONDITIONAL,22988.5
7824,7046,24957,425,2026-09-22,860,3,PASS,3488.4
7825,14700,3758,143,2025-10-02,512,4,CONDITIONAL,7812.5
7826,1856,17753,141,2023-03-18,864,1,PASS,1157.4
7827,87508,9787,496,2023-03-28,688,0,PASS,0.0
7828,9547,13338,322,2024-06-30,692,4,CONDITIONAL,5780.3
7829,57832,19924,173,2023-03-24,659,1,PASS,1517.5
7830,25002,17712,6,2024-04-10,791,2,PASS,2528.4
7831,51808,28318,56,2026-08-25,654,1,PASS,1529.1
7832,79701,27310,15,2025-01-25,107,2,PASS,18691.6
7833,1726,1810,333,2026-02-15,399,0,PASS,0.0
7834,82008,17649,273,2024-03-26,826,2,PASS,2421.3
7835,48436,10023,320,2025-07-17,189,4,CONDITIONAL,21164.0
7836,57332,11704,324,2023-04-14,262,3,PASS,11450.4
7837,49604,5747,305,2024-11-14,321,2,PASS,6230.5
7838,28469,12780,234,2023-11-09,303,4,CONDITIONAL,13201.3
7839,29836,7524,464,2023-05-14,741,4,CONDITIONAL,5398.1
7840,34185,10197,352,2024-09-27,132,4,CONDITIONAL,30303.0
7841,44797,28951,287,2024-10-14,789,2,PASS,2534.9
7842,25153,372,223,2026-04-09,355,2,PASS,5633.8
7843,80722,28510,332,2023-02-08,252,3,PASS,11904.8
7844,63988,28404,371,2024-09-30,215,0,PASS,0.0
7845,60459,25791,97,2024-07-15,385,4,CONDITIONAL,10389.6
7846,19883,8833,394,2023-06-30,981,0,PASS,0.0
7847,35189,18477,290,2023-11-22,579,4,CONDITIONAL,6908.5
7848,12934,22986,109,2023-11-12,225,3,PASS,13333.3
7849,83322,5053,202,2025-10-11,773,3,PASS,3881.0
7850,82142,18531,233,2023-04-18,457,1,PASS,2188.2
7851,65842,25192,315,2023-08-17,177,2,PASS,11299.4
7852,26390,23724,85,2023-08-17,582,3,PASS,5154.6
7853,55397,15964,480,2023-02-02,126,4,CONDITIONAL,31746.0
7854,10468,8910,73,2026-08-22,563,1,PASS,1776.2
7855,37167,2726,166,2025-07-08,636,3,PASS,4717.0
7856,5638,6241,286,2025-09-10,493,4,CONDITIONAL,8113.6
7857,68275,27115,337,2023-05-23,559,0,PASS,0.0
7858,39195,14457,60,2026-04-02,198,2,PASS,10101.0
7859,46569,28806,155,2025-10-20,900,0,PASS,0.0
7860,1506,14386,203,2026-02-08,771,2,PASS,2594.0
7861,69877,16426,369,2026-08-03,908,1,PASS,1101.3
7862,23879,13782,423,2026-06-30,494,0,PASS,0.0
7863,59244,12061,15,2024-04-07,441,2,PASS,4535.1
7864,51338,16294,180,2024-08-25,365,1,PASS,2739.7
7865,10415,1341,107,2026-08-17,590,1,PASS,1694.9
7866,17829,17128,249,2024-02-06,374,1,PASS,2673.8
7867,5784,10959,10,2026-06-03,483,4,CONDITIONAL,8281.6
7868,55381,24008,246,2023-02-12,363,2,PASS,5509.6
7869,14665,28681,203,2024-06-15,282,3,PASS,10638.3
7870,27289,24596,72,2026-05-04,528,1,PASS,1893.9
7871,20816,24711,329,2026-07-22,152,4,CONDITIONAL,26315.8
7872,55193,27698,446,2026-02-08,791,3,PASS,3792.7
7873,79558,24106,384,2023-06-21,783,0,PASS,0.0
7874,18176,9971,226,2024-05-21,409,3,PASS,7335.0
7875,64552,25722,224,2025-08-15,271,3,PASS,11070.1
7876,5700,9128,277,2024-01-22,328,3,PASS,9146.3
7877,65523,8663,144,2023-10-26,453,3,PASS,6622.5
7878,26753,9283,131,2025-01-28,808,0,PASS,0.0
7879,66638,22806,102,2025-04-25,425,2,PASS,4705.9
7880,6740,10767,160,2026-09-17,901,1,PASS,1109.9
7881,23143,4830,81,2025-12-04,138,0,PASS,0.0
7882,19772,12802,351,2023-02-26,435,1,PASS,2298.9
7883,56753,23388,378,2025-11-30,812,4,CONDITIONAL,4926.1
7884,20617,19256,321,2025-04-06,422,1,PASS,2369.7
7885,83586,14510,442,2023-07-20,323,1,PASS,3096.0
7886,89155,4743,234,2026-02-18,838,3,PASS,3580.0
7887,84894,11058,51,2024-06-02,976,4,CONDITIONAL,4098.4
7888,27485,8229,31,2024-07-23,543,3,PASS,5524.9
7889,31067,12457,75,2024-09-22,984,1,PASS,1016.3
7890,26983,22297,312,2024-08-29,152,1,PASS,6578.9
7891,33891,27291,401,2023-03-15,132,4,CONDITIONAL,30303.0
7892,64422,2793,410,2023-06-14,631,2,PASS,3169.6
7893,45588,9514,97,2026-06-17,881,4,CONDITIONAL,4540.3
7894,38420,834,465,2026-03-18,137,3,PASS,21897.8
7895,10353,29241,168,2025-12-14,989,2,PASS,2022.2
7896,46048,18722,284,2024-10-01,866,4,CONDITIONAL,4618.9
7897,26277,7386,391,2026-07-07,629,1,PASS,1589.8
7898,13554,44,495,2025-10-21,203,4,CONDITIONAL,19704.4
7899,71069,22330,486,2026-09-11,472,2,PASS,4237.3
7900,8296,28832,250,2023-07-09,104,2,PASS,19230.8
7901,64066,20628,78,2025-05-06,167,1,PASS,5988.0
7902,35882,8417,26,2026-05-28,778,2,PASS,2570.7
7903,7067,29879,295,2023-07-13,314,4,CONDITIONAL,12738.9
7904,89279,12165,271,2024-04-05,316,2,PASS,6329.1
7905,2433,3190,471,2025-12-20,583,4,CONDITIONAL,6861.1
7906,33220,7205,459,2025-11-19,879,0,PASS,0.0
7907,45624,23943,249,2023-03-11,365,3,PASS,8219.2
7908,8815,9280,411,2024-11-17,135,4,CONDITIONAL,29629.6
7909,20987,27979,368,2023-03-15,804,4,CONDITIONAL,4975.1
7910,71549,11126,260,2023-04-28,932,3,PASS,3218.9
7911,7155,29436,189,2023-12-09,827,1,PASS,1209.2
7912,62607,19282,367,2025-07-18,371,0,PASS,0.0
7913,14560,20376,144,2024-11-08,759,0,PASS,0.0
7914,39352,1297,246,2023-10-06,678,2,PASS,2949.9
7915,44081,8409,230,2026-01-18,784,2,PASS,2551.0
7916,67911,24391,58,2024-07-08,805,4,CONDITIONAL,4968.9
7917,36872,760,132,2026-09-22,271,4,CONDITIONAL,14760.1
7918,25799,14355,374,2023-04-15,447,3,PASS,6711.4
7919,41798,4624,59,2024-10-31,647,0,PASS,0.0
7920,89484,14204,69,2026-02-28,269,1,PASS,3717.5
7921,80898,26748,481,2023-04-26,111,4,CONDITIONAL,36036.0
7922,80383,19638,324,2023-03-17,463,3,PASS,6479.5
7923,40365,18863,139,2026-09-28,471,0,PASS,0.0
7924,85723,21782,352,2023-07-29,441,2,PASS,4535.1
7925,40661,9739,238,2026-05-18,499,4,CONDITIONAL,8016.0
7926,55735,25222,123,2023-11-28,372,4,CONDITIONAL,10752.7
7927,79855,6170,328,2025-11-05,600,2,PASS,3333.3
7928,21982,27195,35,2023-10-02,829,3,PASS,3618.8
7929,42179,17591,354,2023-05-04,489,2,PASS,4090.0
7930,77053,28897,104,2024-10-07,676,1,PASS,1479.3
7931,20354,28963,267,2023-03-04,374,1,PASS,2673.8
7932,49996,20512,470,2023-01-01,897,4,CONDITIONAL,4459.3
7933,64951,27220,261,2026-09-27,116,1,PASS,8620.7
7934,36648,24014,358,2026-07-29,183,1,PASS,5464.5
7935,57995,27487,70,2026-09-08,123,1,PASS,8130.1
7936,47626,10736,286,2025-07-03,587,4,CONDITIONAL,6814.3
7937,16780,6693,74,2023-11-07,157,3,PASS,19108.3
7938,30697,92,361,2024-07-23,301,0,PASS,0.0
7939,34160,22778,416,2024-11-17,662,3,PASS,4531.7
7940,45689,14984,65,2026-09-29,896,4,CONDITIONAL,4464.3
7941,35466,13240,116,2025-11-01,230,0,PASS,0.0
7942,33864,2204,308,2025-03-31,132,2,PASS,15151.5
7943,51502,7562,370,2024-07-29,903,3,PASS,3322.3
7944,11837,6741,479,2025-10-19,598,3,PASS,5016.7
7945,53412,23262,232,2026-01-06,748,2,PASS,2673.8
7946,69017,20899,209,2023-02-01,574,2,PASS,3484.3
7947,38549,27686,150,2025-04-27,256,4,CONDITIONAL,15625.0
7948,72759,9780,210,2026-01-07,530,2,PASS,3773.6
7949,62824,6391,241,2024-08-21,630,4,CONDITIONAL,6349.2
7950,32180,9144,239,2024-11-05,185,2,PASS,10810.8
7951,38207,11690,183,2024-09-12,261,1,PASS,3831.4
7952,52631,27130,217,2024-01-20,221,3,PASS,13574.7
7953,50657,22265,159,2024-09-09,687,3,PASS,4366.8
7954,24067,462,376,2023-03-29,180,0,PASS,0.0
7955,29562,5375,211,2023-08-15,667,3,PASS,4497.8
7956,79785,8835,150,2026-03-25,962,1,PASS,1039.5
7957,85062,25227,452,2026-07-06,893,2,PASS,2239.6
7958,88792,27108,393,2024-12-11,263,3,PASS,11406.8
7959,36165,1305,118,2023-04-30,501,1,PASS,1996.0
7960,34428,18199,66,2024-03-14,638,3,PASS,4702.2
7961,71656,26968,291,2023-02-06,156,2,PASS,12820.5
7962,22186,94,243,2023-09-24,952,2,PASS,2100.8
7963,2176,14998,147,2024-11-19,914,2,PASS,2188.2
7964,27150,10892,26,2023-04-15,270,3,PASS,11111.1
7965,42873,1847,491,2024-04-01,889,3,PASS,3374.6
7966,48374,3026,71,2025-03-10,691,3,PASS,4341.5
7967,21956,6440,459,2023-10-01,452,2,PASS,4424.8
7968,49477,10469,452,2026-03-04,535,3,PASS,5607.5
7969,3000,9143,392,2024-03-05,482,0,PASS,0.0
7970,66006,19675,98,2026-06-04,984,3,PASS,3048.8
7971,73839,19790,316,2026-03-03,806,4,CONDITIONAL,4962.8
7972,17261,14893,27,2025-09-07,254,3,PASS,11811.0
7973,20210,24491,250,2024-06-01,331,3,PASS,9063.4
7974,39117,21889,442,2024-04-24,857,0,PASS,0.0
7975,29846,28113,55,2025-11-09,313,2,PASS,6389.8
7976,39029,22802,477,2024-05-25,268,0,PASS,0.0
7977,57232,16708,83,2025-03-09,226,0,PASS,0.0
7978,47722,2853,385,2024-03-08,896,4,CONDITIONAL,4464.3
7979,63731,16307,374,2024-12-09,116,0,PASS,0.0
7980,89359,22097,146,2023-12-09,215,3,PASS,13953.5
7981,73557,26181,388,2026-09-28,864,3,PASS,3472.2
7982,17948,7836,478,2023-03-01,390,4,CONDITIONAL,10256.4
7983,64786,11823,71,2023-12-01,570,4,CONDITIONAL,7017.5
7984,44778,15004,348,2026-03-04,424,3,PASS,7075.5
7985,56580,4832,109,2026-02-22,729,0,PASS,0.0
7986,32955,2549,420,2024-11-21,490,0,PASS,0.0
7987,18499,27722,303,2025-09-09,690,4,CONDITIONAL,5797.1
7988,68388,19588,94,2025-02-02,845,3,PASS,3550.3
7989,5504,28304,196,2026-02-19,803,0,PASS,0.0
7990,25483,11644,282,2025-02-19,859,4,CONDITIONAL,4656.6
7991,59382,29115,231,2026-09-27,686,4,CONDITIONAL,5830.9
7992,43268,18893,241,2023-09-27,939,0,PASS,0.0
7993,11598,27374,172,2025-10-16,565,2,PASS,3539.8
7994,56308,25921,49,2023-06-15,752,1,PASS,1329.8
7995,9477,17792,401,2026-08-14,390,0,PASS,0.0
7996,32981,18860,248,2025-02-15,385,3,PASS,7792.2
7997,8741,14799,82,2024-11-07,993,4,CONDITIONAL,4028.2
7998,1255,24064,145,2025-03-07,485,3,PASS,6185.6
7999,50834,13723,427,2023-09-23,627,3,PASS,4784.7
8000,1977,21559,147,2023-11-08,816,4,CONDITIONAL,4902.0
8001,74548,21975,365,2024-06-25,956,0,PASS,0.0
8002,27735,26461,12,2023-02-26,742,0,PASS,0.0
8003,72380,20306,63,2026-07-15,804,3,PASS,3731.3
8004,25623,25041,469,2023-11-11,750,2,PASS,2666.7
8005,65244,2841,461,2025-03-20,149,4,CONDITIONAL,26845.6
8006,76243,6292,234,2024-06-12,528,1,PASS,1893.9
8007,1491,26402,240,2025-05-04,462,3,PASS,6493.5
8008,9694,22266,298,2024-12-23,583,1,PASS,1715.3
8009,3874,9759,9,2025-08-13,748,0,PASS,0.0
8010,66193,2973,244,2026-01-10,186,1,PASS,5376.3
8011,29301,28980,231,2023-06-14,790,1,PASS,1265.8
8012,50736,9376,296,2024-04-17,687,0,PASS,0.0
8013,49515,7812,50,2025-07-19,212,2,PASS,9434.0
8014,51002,11380,281,2026-06-18,652,4,CONDITIONAL,6135.0
8015,32137,12518,74,2026-07-25,190,4,CONDITIONAL,21052.6
8016,80702,14560,302,2023-06-25,328,2,PASS,6097.6
8017,11971,21643,135,2025-06-03,277,0,PASS,0.0
8018,63621,18852,263,2024-02-09,628,0,PASS,0.0
8019,23007,13829,42,2024-06-05,466,1,PASS,2145.9
8020,57578,6617,299,2023-07-03,619,2,PASS,3231.0
8021,19702,24030,20,2025-11-05,701,1,PASS,1426.5
8022,13481,2876,489,2023-12-02,684,1,PASS,1462.0
8023,52828,9710,225,2023-08-10,335,2,PASS,5970.1
8024,7481,17892,129,2024-08-03,826,3,PASS,3632.0
8025,41105,23188,122,2026-09-01,693,2,PASS,2886.0
8026,77962,15428,201,2025-01-04,923,3,PASS,3250.3
8027,17552,13387,51,2026-04-07,277,3,PASS,10830.3
8028,35633,15561,482,2023-08-04,232,2,PASS,8620.7
8029,39526,11062,98,2024-01-24,705,1,PASS,1418.4
8030,67345,24147,71,2023-03-12,153,4,CONDITIONAL,26143.8
8031,60888,2717,5,2025-09-18,715,4,CONDITIONAL,5594.4
8032,53944,22356,99,2024-05-20,695,2,PASS,2877.7
8033,86229,23772,360,2023-01-14,339,0,PASS,0.0
8034,4897,22872,42,2026-09-01,777,2,PASS,2574.0
8035,83257,18002,391,2023-03-08,826,2,PASS,2421.3
8036,64040,4357,32,2025-02-17,977,4,CONDITIONAL,4094.2
8037,41446,26668,95,2024-12-07,278,0,PASS,0.0
8038,76672,24293,124,2023-03-13,998,1,PASS,1002.0
8039,52274,9538,314,2023-10-02,171,3,PASS,17543.9
8040,56406,14524,412,2023-12-07,642,1,PASS,1557.6
8041,34880,6111,151,2024-02-06,740,3,PASS,4054.1
8042,82966,23071,101,2025-06-20,876,0,PASS,0.0
8043,57876,8477,297,2023-03-01,185,4,CONDITIONAL,21621.6
8044,63885,19019,320,2024-07-15,412,2,PASS,4854.4
8045,81266,22915,334,2025-04-25,359,3,PASS,8356.5
8046,54377,13795,302,2023-12-10,189,1,PASS,5291.0
8047,26267,18894,119,2026-09-12,781,4,CONDITIONAL,5121.6
8048,39743,14642,233,2026-02-22,456,1,PASS,2193.0
8049,9340,3822,435,2024-11-27,366,1,PASS,2732.2
8050,26763,25211,471,2023-03-18,646,3,PASS,4644.0
8051,66154,1818,150,2026-05-10,998,1,PASS,1002.0
8052,74884,19330,301,2025-05-23,808,1,PASS,1237.6
8053,17022,7967,316,2024-11-07,228,2,PASS,8771.9
8054,6059,1485,468,2024-11-08,984,1,PASS,1016.3
8055,51114,1022,468,2023-11-03,327,1,PASS,3058.1
8056,83876,3189,196,2026-09-23,576,3,PASS,5208.3
8057,79871,14016,416,2025-01-06,732,2,PASS,2732.2
8058,46533,15652,254,2023-07-26,194,4,CONDITIONAL,20618.6
8059,6893,18657,467,2023-03-31,251,2,PASS,7968.1
8060,66287,7076,295,2026-02-19,189,3,PASS,15873.0
8061,25921,1807,134,2023-07-21,900,3,PASS,3333.3
8062,67647,26227,310,2023-12-26,814,2,PASS,2457.0
8063,18704,5322,222,2026-02-11,252,1,PASS,3968.3
8064,67764,24210,387,2024-09-13,316,0,PASS,0.0
8065,71381,19045,246,2025-08-28,943,4,CONDITIONAL,4241.8
8066,56538,29911,48,2023-12-02,105,0,PASS,0.0
8067,59533,197,187,2023-06-14,527,1,PASS,1897.5
8068,60622,20954,136,2024-08-22,869,4,CONDITIONAL,4603.0
8069,89861,22258,138,2024-07-28,986,3,PASS,3042.6
8070,40641,324,189,2023-01-21,466,2,PASS,4291.8
8071,84477,16643,292,2023-12-07,606,2,PASS,3300.3
8072,64882,16576,247,2024-03-17,501,2,PASS,3992.0
8073,24646,14326,401,2023-11-17,612,0,PASS,0.0
8074,87358,6867,109,2023-02-16,937,2,PASS,2134.5
8075,35742,11781,403,2024-09-25,829,2,PASS,2412.5
8076,35560,14884,387,2025-10-10,539,1,PASS,1855.3
8077,29060,21726,162,2023-12-08,700,0,PASS,0.0
8078,65069,7355,136,2023-07-06,330,0,PASS,0.0
8079,52054,24923,489,2023-08-13,774,1,PASS,1292.0
8080,42349,8069,368,2026-06-09,704,3,PASS,4261.4
8081,19856,17249,454,2026-03-29,136,2,PASS,14705.9
8082,68981,28231,330,2023-11-12,698,4,CONDITIONAL,5730.7
8083,43450,1606,311,2025-07-22,287,2,PASS,6968.6
8084,36208,16133,118,2026-01-22,919,0,PASS,0.0
8085,23898,19711,59,2026-02-28,616,2,PASS,3246.8
8086,70087,8866,350,2024-01-30,968,3,PASS,3099.2
8087,48830,29121,120,2023-03-26,867,1,PASS,1153.4
8088,43975,21445,25,2024-02-15,999,0,PASS,0.0
8089,40601,8199,33,2024-06-28,448,2,PASS,4464.3
8090,46042,14776,71,2023-11-27,107,2,PASS,18691.6
8091,19537,20563,68,2023-03-05,736,1,PASS,1358.7
8092,26968,4817,7,2026-07-11,772,3,PASS,3886.0
8093,82590,6261,162,2024-02-12,874,0,PASS,0.0
8094,64340,10330,127,2023-07-04,739,3,PASS,4059.5
8095,53726,26746,242,2024-08-16,748,3,PASS,4010.7
8096,17656,21310,200,2024-04-13,689,1,PASS,1451.4
8097,45438,15466,144,2026-08-29,122,1,PASS,8196.7
8098,1032,13684,470,2023-11-01,186,2,PASS,10752.7
8099,75897,11711,350,2024-12-10,693,2,PASS,2886.0
8100,41171,20628,192,2023-08-18,357,0,PASS,0.0
8101,10009,4879,422,2026-04-18,386,1,PASS,2590.7
8102,18245,7769,1,2025-05-20,632,5,PASS,7911.4
8103,35976,2831,348,2025-04-28,289,1,PASS,3460.2
8104,73990,10806,473,2026-01-03,255,1,PASS,3921.6
8105,63516,15015,138,2025-04-25,959,3,PASS,3128.3
8106,63086,2336,360,2025-08-21,772,4,CONDITIONAL,5181.3
8107,53257,29751,246,2023-08-08,553,2,PASS,3616.6
8108,20059,4183,108,2025-03-14,855,3,PASS,3508.8
8109,26084,25038,85,2024-02-15,262,3,PASS,11450.4
8110,60652,4515,172,2025-08-14,489,1,PASS,2045.0
8111,75724,20386,336,2026-06-10,337,4,CONDITIONAL,11869.4
8112,30475,15767,124,2025-11-16,116,2,PASS,17241.4
8113,43572,10475,498,2024-10-31,874,4,CONDITIONAL,4576.7
8114,51547,24010,364,2024-10-11,298,0,PASS,0.0
8115,41096,3561,281,2024-03-16,622,4,CONDITIONAL,6430.9
8116,42634,2893,136,2023-10-27,518,3,PASS,5791.5
8117,32717,1106,238,2024-11-23,415,2,PASS,4819.3
8118,4764,1829,195,2025-03-25,394,4,CONDITIONAL,10152.3
8119,19758,4329,198,2024-10-15,172,4,CONDITIONAL,23255.8
8120,56255,14437,113,2026-08-16,873,1,PASS,1145.5
8121,73344,1436,65,2026-07-31,318,2,PASS,6289.3
8122,31933,5126,427,2026-04-15,944,4,CONDITIONAL,4237.3
8123,33479,4331,31,2023-07-17,826,4,CONDITIONAL,4842.6
8124,37344,24778,348,2026-05-21,188,2,PASS,10638.3
8125,10862,25568,185,2026-08-21,151,0,PASS,0.0
8126,88859,2934,323,2024-07-20,138,3,PASS,21739.1
8127,41389,1806,269,2024-06-07,310,2,PASS,6451.6
8128,84186,16797,472,2023-12-23,504,1,PASS,1984.1
8129,51406,5478,169,2026-04-17,319,4,CONDITIONAL,12539.2
8130,57962,14506,352,2024-12-18,919,4,CONDITIONAL,4352.6
8131,61984,10017,332,2026-09-18,703,1,PASS,1422.5
8132,72531,29189,453,2025-05-29,259,1,PASS,3861.0
8133,83997,6664,172,2025-02-27,779,2,PASS,2567.4
8134,44593,23859,107,2025-10-12,322,4,CONDITIONAL,12422.4
8135,88697,27066,404,2025-12-24,959,2,PASS,2085.5
8136,64172,11104,125,2023-09-10,695,1,PASS,1438.8
8137,41034,1223,417,2024-02-19,613,0,PASS,0.0
8138,61520,19987,233,2026-02-11,375,0,PASS,0.0
8139,1918,24455,266,2026-04-21,252,4,CONDITIONAL,15873.0
8140,53455,6214,116,2026-03-25,433,0,PASS,0.0
8141,73667,20157,273,2025-09-07,258,0,PASS,0.0
8142,14204,13841,69,2025-10-29,715,4,CONDITIONAL,5594.4
8143,8964,24067,10,2026-09-02,107,1,PASS,9345.8
8144,84601,19789,220,2026-03-07,601,1,PASS,1663.9
8145,79111,14408,449,2025-01-03,694,4,CONDITIONAL,5763.7
8146,82753,6261,84,2026-05-01,222,0,PASS,0.0
8147,61238,8352,387,2026-06-22,347,4,CONDITIONAL,11527.4
8148,50358,28066,63,2025-03-16,465,2,PASS,4301.1
8149,68175,4610,373,2023-10-18,118,4,CONDITIONAL,33898.3
8150,54507,21839,23,2023-12-05,790,2,PASS,2531.6
8151,40877,14413,178,2023-09-23,315,2,PASS,6349.2
8152,65791,10225,127,2025-12-30,965,1,PASS,1036.3
8153,85559,15954,342,2025-10-01,918,1,PASS,1089.3
8154,49319,22342,489,2025-01-10,186,2,PASS,10752.7
8155,4982,8880,375,2025-09-28,224,2,PASS,8928.6
8156,21807,15006,257,2024-08-31,475,2,PASS,4210.5
8157,3873,2440,46,2025-12-10,259,4,CONDITIONAL,15444.0
8158,40249,12360,478,2023-08-22,303,3,PASS,9901.0
8159,36644,6493,444,2025-03-31,762,4,CONDITIONAL,5249.3
8160,24428,13873,135,2023-03-31,367,4,CONDITIONAL,10899.2
8161,21657,20342,415,2024-11-10,965,0,PASS,0.0
8162,72436,19621,361,2023-10-31,609,1,PASS,1642.0
8163,39349,635,216,2024-01-07,294,0,PASS,0.0
8164,44233,3335,70,2025-04-01,320,1,PASS,3125.0
8165,80614,27210,387,2024-01-06,913,2,PASS,2190.6
8166,87647,305,228,2025-08-01,388,2,PASS,5154.6
8167,64375,9602,301,2024-01-18,279,2,PASS,7168.5
8168,28573,6408,360,2026-06-02,185,0,PASS,0.0
8169,74759,20965,425,2023-03-13,270,2,PASS,7407.4
8170,36464,5946,342,2023-11-18,230,0,PASS,0.0
8171,72746,14554,267,2023-04-22,916,0,PASS,0.0
8172,39302,16413,3,2025-09-11,217,13,FAIL,59907.8
8173,413,17020,257,2023-06-07,257,3,PASS,11673.2
8174,43638,7538,360,2025-11-19,432,0,PASS,0.0
8175,70390,22923,126,2025-03-02,935,0,PASS,0.0
8176,58737,13438,193,2024-02-08,637,2,PASS,3139.7
8177,16241,25456,342,2026-03-03,763,4,CONDITIONAL,5242.5
8178,69878,3679,225,2025-03-21,487,3,PASS,6160.2
8179,800,15218,46,2024-01-16,745,1,PASS,1342.3
8180,77412,568,468,2026-07-16,462,1,PASS,2164.5
8181,75785,24212,206,2025-08-27,311,4,CONDITIONAL,12861.7
8182,67194,26613,63,2024-01-17,610,0,PASS,0.0
8183,62386,16731,143,2023-08-14,495,3,PASS,6060.6
8184,49628,25550,26,2024-06-29,881,4,CONDITIONAL,4540.3
8185,50769,9700,258,2024-01-29,538,4,CONDITIONAL,7434.9
8186,54460,813,80,2023-01-21,720,1,PASS,1388.9
8187,1302,10059,174,2026-02-03,644,3,PASS,4658.4
8188,83634,848,254,2023-09-13,932,1,PASS,1073.0
8189,29195,25388,382,2026-04-06,663,0,PASS,0.0
8190,6215,22493,85,2025-03-03,357,3,PASS,8403.4
8191,39869,29515,491,2024-05-28,534,2,PASS,3745.3
8192,81479,24317,25,2025-09-06,156,2,PASS,12820.5
8193,87029,6712,205,2024-10-09,844,2,PASS,2369.7
8194,7104,9350,305,2026-03-31,396,0,PASS,0.0
8195,25855,13940,104,2023-11-16,263,1,PASS,3802.3
8196,30032,18617,376,2026-04-02,817,3,PASS,3672.0
8197,35709,19402,186,2024-03-28,305,4,CONDITIONAL,13114.8
8198,54442,15313,98,2024-02-09,649,3,PASS,4622.5
8199,56449,24773,402,2024-06-21,168,1,PASS,5952.4
8200,22083,7916,473,2025-12-22,855,0,PASS,0.0
8201,28746,11510,112,2024-06-16,911,2,PASS,2195.4
8202,8353,23654,449,2025-08-01,250,2,PASS,8000.0
8203,49937,22664,241,2024-04-25,860,2,PASS,2325.6
8204,62034,13757,369,2023-07-09,593,2,PASS,3372.7
8205,21053,28842,425,2024-06-17,380,1,PASS,2631.6
8206,59427,9847,246,2025-12-15,235,3,PASS,12766.0
8207,37597,5168,150,2024-05-05,198,0,PASS,0.0
8208,87572,13197,6,2023-09-24,303,3,PASS,9901.0
8209,29690,11,113,2025-06-18,503,2,PASS,3976.1
8210,81272,29437,161,2026-07-01,625,4,CONDITIONAL,6400.0
8211,70123,20896,224,2024-04-23,593,3,PASS,5059.0
8212,31593,13469,276,2023-08-04,131,1,PASS,7633.6
8213,44927,1440,303,2026-05-28,974,3,PASS,3080.1
8214,73434,3042,319,2024-11-12,455,4,CONDITIONAL,8791.2
8215,4580,11345,176,2026-04-11,995,2,PASS,2010.1
8216,82614,20809,319,2025-01-31,590,1,PASS,1694.9
8217,38855,13226,250,2023-07-28,684,0,PASS,0.0
8218,81156,13801,170,2026-02-05,103,0,PASS,0.0
8219,48192,29066,163,2025-01-25,498,2,PASS,4016.1
8220,61176,12380,479,2025-01-25,113,2,PASS,17699.1
8221,6674,11897,313,2026-02-16,895,4,CONDITIONAL,4469.3
8222,7738,20821,481,2026-09-25,936,4,CONDITIONAL,4273.5
8223,21092,10743,260,2025-01-11,141,2,PASS,14184.4
8224,35898,2443,325,2023-08-04,701,0,PASS,0.0
8225,58212,10228,465,2026-05-26,333,2,PASS,6006.0
8226,87683,7820,63,2026-04-19,901,2,PASS,2219.8
8227,3740,21613,262,2026-06-28,911,3,PASS,3293.1
8228,10145,22017,473,2023-07-01,749,3,PASS,4005.3
8229,62121,25489,208,2023-03-02,620,4,CONDITIONAL,6451.6
8230,41723,18267,50,2024-08-31,501,4,CONDITIONAL,7984.0
8231,23738,21147,335,2026-02-05,792,1,PASS,1262.6
8232,71362,20097,276,2023-09-30,389,2,PASS,5141.4
8233,84958,3887,124,2024-04-26,836,4,CONDITIONAL,4784.7
8234,44726,8479,370,2023-03-08,502,0,PASS,0.0
8235,55974,8202,39,2026-05-17,168,1,PASS,5952.4
8236,18073,21918,118,2025-08-22,290,2,PASS,6896.6
8237,31101,11993,47,2025-06-17,216,0,PASS,0.0
8238,76220,16644,469,2024-04-13,192,2,PASS,10416.7
8239,45000,9864,14,2025-11-11,525,1,PASS,1904.8
8240,46977,14377,174,2025-08-10,682,4,CONDITIONAL,5865.1
8241,12162,3618,115,2026-08-31,792,0,PASS,0.0
8242,37227,15217,449,2024-09-23,862,0,PASS,0.0
8243,73433,12718,462,2026-09-23,533,0,PASS,0.0
8244,5893,17817,155,2026-09-07,865,3,PASS,3468.2
8245,44494,9467,81,2025-07-30,772,1,PASS,1295.3
8246,20923,8227,373,2023-05-07,700,3,PASS,4285.7
8247,35080,19326,267,2025-01-19,972,2,PASS,2057.6
8248,17401,5584,188,2026-08-27,297,0,PASS,0.0
8249,70509,14732,465,2025-08-24,796,2,PASS,2512.6
8250,6172,1762,22,2023-02-19,309,4,CONDITIONAL,12945.0
8251,79431,8768,325,2024-09-17,455,3,PASS,6593.4
8252,55125,1410,302,2026-02-18,861,4,CONDITIONAL,4645.8
8253,80449,25029,180,2023-09-30,985,3,PASS,3045.7
8254,63249,29584,161,2026-01-03,622,3,PASS,4823.2
8255,61207,12933,118,2024-09-03,458,2,PASS,4366.8
8256,60212,4554,161,2026-03-05,984,3,PASS,3048.8
8257,46839,21380,239,2023-11-20,140,4,CONDITIONAL,28571.4
8258,50456,4913,381,2023-09-15,628,1,PASS,1592.4
8259,56731,12552,478,2026-02-12,786,0,PASS,0.0
8260,60490,13269,108,2023-12-07,983,3,PASS,3051.9
8261,80197,7341,126,2024-02-15,786,4,CONDITIONAL,5089.1
8262,38058,749,168,2025-08-13,834,0,PASS,0.0
8263,82321,15516,200,2025-02-03,685,1,PASS,1459.9
8264,70727,17063,196,2024-10-10,368,0,PASS,0.0
8265,16014,1981,449,2025-02-27,994,1,PASS,1006.0
8266,21278,15526,13,2024-08-11,946,1,PASS,1057.1
8267,45218,29184,7,2023-05-15,774,2,PASS,2584.0
8268,26877,21970,13,2025-03-20,389,3,PASS,7712.1
8269,62048,8476,498,2026-10-01,363,4,CONDITIONAL,11019.3
8270,83982,26818,72,2024-10-27,214,2,PASS,9345.8
8271,80770,11911,273,2023-06-03,172,0,PASS,0.0
8272,31356,11320,257,2026-02-27,746,1,PASS,1340.5
8273,84882,574,413,2024-06-13,186,1,PASS,5376.3
8274,84998,29281,164,2026-01-09,227,1,PASS,4405.3
8275,50941,15768,37,2025-08-28,560,4,CONDITIONAL,7142.9
8276,87682,9337,448,2024-10-21,404,3,PASS,7425.7
8277,75713,28420,266,2025-07-22,643,1,PASS,1555.2
8278,75487,18081,283,2025-07-08,832,3,PASS,3605.8
8279,46003,7891,458,2025-01-14,969,4,CONDITIONAL,4128.0
8280,87300,4421,33,2023-05-24,575,2,PASS,3478.3
8281,62123,24500,484,2024-01-26,248,1,PASS,4032.3
8282,79585,26021,213,2026-09-14,656,3,PASS,4573.2
8283,61184,4768,356,2025-12-06,294,0,PASS,0.0
8284,49387,12779,226,2024-06-28,181,3,PASS,16574.6
8285,52475,5594,399,2026-04-03,755,1,PASS,1324.5
8286,40747,23229,118,2026-06-05,178,2,PASS,11236.0
8287,50884,13468,200,2023-09-25,721,0,PASS,0.0
8288,80456,3676,386,2024-01-05,547,4,CONDITIONAL,7312.6
8289,42407,17602,356,2024-09-18,895,4,CONDITIONAL,4469.3
8290,13424,10329,415,2023-07-24,405,1,PASS,2469.1
8291,30866,15048,323,2025-11-25,121,2,PASS,16528.9
8292,83671,15826,219,2026-09-28,512,4,CONDITIONAL,7812.5
8293,49877,20717,112,2024-01-25,610,4,CONDITIONAL,6557.4
8294,37085,4019,89,2025-12-05,997,2,PASS,2006.0
8295,434,21377,246,2024-06-06,429,1,PASS,2331.0
8296,56056,7893,181,2026-03-23,334,4,CONDITIONAL,11976.0
8297,19136,19218,143,2025-08-25,147,3,PASS,20408.2
8298,65442,5535,73,2024-06-09,812,2,PASS,2463.1
8299,60378,17439,184,2025-03-26,506,4,CONDITIONAL,7905.1
8300,24687,21146,363,2025-09-16,420,0,PASS,0.0
8301,82330,8953,111,2025-04-28,315,4,CONDITIONAL,12698.4
8302,73150,29623,414,2026-08-20,248,4,CONDITIONAL,16129.0
8303,50081,27536,23,2025-04-11,844,4,CONDITIONAL,4739.3
8304,14993,4822,128,2025-06-03,792,2,PASS,2525.3
8305,77066,14552,404,2024-12-20,880,0,PASS,0.0
8306,60114,28090,254,2024-12-04,678,0,PASS,0.0
8307,23458,7399,95,2025-10-08,225,4,CONDITIONAL,17777.8
8308,7581,166,413,2025-07-17,631,1,PASS,1584.8
8309,47139,4102,66,2024-09-27,119,2,PASS,16806.7
8310,3397,28906,433,2025-10-03,983,2,PASS,2034.6
8311,10035,20279,312,2023-12-30,258,1,PASS,3876.0
8312,77934,6230,312,2023-10-18,100,4,CONDITIONAL,40000.0
8313,26250,3411,228,2024-03-05,460,1,PASS,2173.9
8314,67031,11851,314,2025-04-16,160,4,CONDITIONAL,25000.0
8315,15446,29920,14,2024-10-11,202,1,PASS,4950.5
8316,51115,3125,474,2026-07-24,626,1,PASS,1597.4
8317,67485,22077,315,2025-10-13,686,0,PASS,0.0
8318,7929,11936,483,2025-11-26,900,3,PASS,3333.3
8319,47280,7854,221,2024-05-02,101,4,CONDITIONAL,39604.0
8320,54243,27314,38,2026-04-11,453,3,PASS,6622.5
8321,56614,24312,132,2025-08-29,106,4,CONDITIONAL,37735.8
8322,78260,2386,176,2026-01-26,545,1,PASS,1834.9
8323,29015,5990,429,2024-06-03,433,4,CONDITIONAL,9237.9
8324,76856,8399,125,2025-01-13,217,4,CONDITIONAL,18433.2
8325,13819,11174,120,2023-05-11,495,1,PASS,2020.2
8326,44101,16515,261,2026-01-03,698,1,PASS,1432.7
8327,26183,19782,71,2025-02-20,546,0,PASS,0.0
8328,79676,15343,269,2025-06-15,963,3,PASS,3115.3
8329,60282,24526,281,2026-05-24,525,1,PASS,1904.8
8330,89105,22508,354,2023-07-19,290,0,PASS,0.0
8331,37952,18044,346,2026-04-16,755,3,PASS,3973.5
8332,57243,172,25,2023-06-30,959,0,PASS,0.0
8333,11824,29724,487,2023-02-26,671,2,PASS,2980.6
8334,8279,10455,152,2025-11-29,582,1,PASS,1718.2
8335,45196,6394,254,2026-08-03,998,0,PASS,0.0
8336,78942,519,497,2023-01-02,504,1,PASS,1984.1
8337,49676,8248,311,2024-05-05,861,1,PASS,1161.4
8338,30887,19797,332,2025-08-01,840,1,PASS,1190.5
8339,69573,10798,464,2023-08-20,282,2,PASS,7092.2
8340,47438,25339,209,2026-04-25,467,3,PASS,6424.0
8341,66402,12936,132,2023-04-20,835,2,PASS,2395.2
8342,86831,401,9,2026-08-16,506,4,CONDITIONAL,7905.1
8343,55146,8433,410,2023-07-06,942,1,PASS,1061.6
8344,39189,27433,237,2024-07-12,994,3,PASS,3018.1
8345,45808,17429,160,2025-04-16,198,3,PASS,15151.5
8346,44242,25346,223,2026-08-09,592,3,PASS,5067.6
8347,67042,12301,466,2026-05-19,393,4,CONDITIONAL,10178.1
8348,71971,26915,225,2023-09-14,119,4,CONDITIONAL,33613.4
8349,16563,19396,83,2023-10-24,256,3,PASS,11718.8
8350,77521,1104,258,2026-01-26,112,2,PASS,17857.1
8351,76963,20050,489,2024-10-13,887,0,PASS,0.0
8352,7760,8989,119,2024-03-28,414,2,PASS,4830.9
8353,40760,23493,201,2026-01-14,624,4,CONDITIONAL,6410.3
8354,65257,7769,421,2026-01-25,932,2,PASS,2145.9
8355,8430,5565,162,2025-08-29,402,1,PASS,2487.6
8356,41375,17356,295,2025-03-12,902,0,PASS,0.0
8357,27864,6390,494,2025-06-17,587,0,PASS,0.0
8358,40980,22197,414,2026-04-12,892,1,PASS,1121.1
8359,87821,24426,53,2024-04-19,437,0,PASS,0.0
8360,54757,8155,59,2023-06-19,730,1,PASS,1369.9
8361,62296,18360,207,2023-09-17,206,4,CONDITIONAL,19417.5
8362,19390,28091,441,2024-11-28,389,4,CONDITIONAL,10282.8
8363,541,11898,229,2024-12-06,436,0,PASS,0.0
8364,50084,3165,475,2024-06-23,676,3,PASS,4437.9
8365,38199,18408,315,2025-09-25,650,0,PASS,0.0
8366,68105,26338,148,2026-02-05,634,0,PASS,0.0
8367,83140,12141,439,2025-10-25,520,1,PASS,1923.1
8368,43873,6101,401,2026-05-05,766,3,PASS,3916.4
8369,39173,24130,216,2024-08-22,941,4,CONDITIONAL,4250.8
8370,28078,26183,466,2026-07-11,132,1,PASS,7575.8
8371,3447,21002,308,2023-05-25,469,1,PASS,2132.2
8372,48262,2091,242,2025-10-01,416,1,PASS,2403.8
8373,60054,18467,371,2026-04-06,809,3,PASS,3708.3
8374,62608,28002,312,2024-01-26,145,4,CONDITIONAL,27586.2
8375,36024,19833,4,2023-04-10,241,1,PASS,4149.4
8376,80654,2034,430,2026-05-01,742,1,PASS,1347.7
8377,3262,23554,361,2024-12-08,770,0,PASS,0.0
8378,40797,6210,184,2026-09-18,536,1,PASS,1865.7
8379,34374,25144,161,2023-10-06,237,0,PASS,0.0
8380,82325,6128,122,2023-07-05,593,0,PASS,0.0
8381,66323,19092,19,2024-08-29,949,2,PASS,2107.5
8382,54136,21338,2,2023-07-03,535,12,FAIL,22429.9
8383,56984,10497,103,2023-12-02,193,4,CONDITIONAL,20725.4
8384,7418,26145,189,2023-11-05,313,2,PASS,6389.8
8385,64452,13237,371,2024-02-01,450,1,PASS,2222.2
8386,67691,20651,252,2025-03-04,549,0,PASS,0.0
8387,63991,23859,417,2025-11-23,613,2,PASS,3262.6
8388,70745,25311,488,2025-05-10,589,3,PASS,5093.4
8389,33222,6923,189,2026-02-19,635,3,PASS,4724.4
8390,17172,8832,80,2025-06-30,808,4,CONDITIONAL,4950.5
8391,26000,19869,11,2023-09-08,741,0,PASS,0.0
8392,47502,25611,141,2023-07-15,106,3,PASS,28301.9
8393,38012,27115,400,2024-01-20,591,3,PASS,5076.1
8394,14487,12136,118,2025-07-22,561,3,PASS,5347.6
8395,11971,6367,225,2024-02-28,118,3,PASS,25423.7
8396,15134,17950,338,2024-05-28,684,4,CONDITIONAL,5848.0
8397,18189,8767,283,2025-08-27,769,2,PASS,2600.8
8398,60547,20937,29,2023-09-05,735,3,PASS,4081.6
8399,52140,19643,160,2024-01-05,599,4,CONDITIONAL,6677.8
8400,63762,6559,175,2023-03-08,702,3,PASS,4273.5
8401,32044,2945,460,2023-11-04,281,1,PASS,3558.7
8402,9912,3025,345,2026-09-16,255,4,CONDITIONAL,15686.3
8403,37262,1568,438,2023-07-30,307,4,CONDITIONAL,13029.3
8404,80358,20009,118,2025-07-31,159,0,PASS,0.0
8405,49322,18598,183,2025-12-08,703,3,PASS,4267.4
8406,31175,25325,383,2024-12-13,287,3,PASS,10453.0
8407,55131,29678,206,2024-06-11,349,4,CONDITIONAL,11461.3
8408,22002,20546,154,2025-06-12,232,1,PASS,4310.3
8409,35375,16810,401,2024-12-02,815,4,CONDITIONAL,4908.0
8410,14712,25527,109,2023-07-20,298,2,PASS,6711.4
8411,71053,13304,47,2023-06-09,823,3,PASS,3645.2
8412,35876,16498,229,2023-03-21,552,0,PASS,0.0
8413,52257,10088,163,2024-10-12,842,0,PASS,0.0
8414,53232,5227,205,2023-01-25,271,2,PASS,7380.1
8415,46784,6859,350,2025-02-19,176,2,PASS,11363.6
8416,86758,23543,256,2026-04-07,227,0,PASS,0.0
8417,10659,1369,308,2023-12-10,460,2,PASS,4347.8
8418,46746,21826,374,2023-07-27,742,2,PASS,2695.4
8419,11898,20963,457,2026-02-13,905,1,PASS,1105.0
8420,59506,10196,180,2025-01-01,316,2,PASS,6329.1
8421,4969,3893,420,2023-07-16,544,1,PASS,1838.2
8422,7493,17452,294,2024-09-15,225,4,CONDITIONAL,17777.8
8423,44596,17884,326,2025-11-17,281,3,PASS,10676.2
8424,65766,25385,89,2024-04-11,921,0,PASS,0.0
8425,8137,15731,144,2023-05-14,536,3,PASS,5597.0
8426,12710,9206,83,2025-06-16,818,2,PASS,2445.0
8427,49592,12576,93,2023-06-13,241,1,PASS,4149.4
8428,14133,27951,122,2025-02-04,939,1,PASS,1065.0
8429,26305,8186,418,2024-12-31,644,4,CONDITIONAL,6211.2
8430,41977,18515,140,2026-01-08,225,0,PASS,0.0
8431,8620,12755,87,2025-05-16,889,4,CONDITIONAL,4499.4
8432,12456,27183,479,2024-03-05,190,0,PASS,0.0
8433,60042,5191,266,2026-04-08,162,4,CONDITIONAL,24691.4
8434,87501,9308,3,2025-11-16,822,12,FAIL,14598.5
8435,38042,1136,8,2024-05-08,982,3,PASS,3055.0
8436,27236,1732,3,2026-04-04,121,9,FAIL,74380.2
8437,9519,414,391,2023-05-10,593,3,PASS,5059.0
8438,9618,12241,405,2023-11-02,819,2,PASS,2442.0
8439,13650,14525,477,2024-03-18,897,0,PASS,0.0
8440,23048,15215,79,2024-02-10,727,2,PASS,2751.0
8441,89874,15162,329,2023-01-21,248,1,PASS,4032.3
8442,39095,21911,415,2023-11-27,654,4,CONDITIONAL,6116.2
8443,54730,26399,374,2023-10-02,970,2,PASS,2061.9
8444,85688,17452,348,2023-06-04,919,2,PASS,2176.3
8445,53749,25117,235,2025-03-06,896,2,PASS,2232.1
8446,72819,20956,3,2023-10-22,382,7,FAIL,18324.6
8447,64665,6317,454,2024-11-27,781,0,PASS,0.0
8448,16427,5635,455,2023-08-18,848,3,PASS,3537.7
8449,29561,1462,1,2025-10-29,427,10,FAIL,23419.2
8450,85383,18386,217,2023-08-20,763,1,PASS,1310.6
8451,45978,24711,201,2025-10-21,632,2,PASS,3164.6
8452,10446,2874,288,2024-01-26,793,2,PASS,2522.1
8453,71287,29991,64,2025-10-10,867,1,PASS,1153.4
8454,45465,14188,62,2025-06-18,412,3,PASS,7281.6
8455,63634,12161,168,2024-01-22,502,0,PASS,0.0
8456,54583,28912,14,2024-08-13,945,0,PASS,0.0
8457,75936,20915,207,2025-05-15,439,1,PASS,2277.9
8458,55450,27990,291,2026-01-17,726,3,PASS,4132.2
8459,64785,22117,115,2026-05-29,324,2,PASS,6172.8
8460,52014,21416,397,2023-12-11,628,3,PASS,4777.1
8461,6542,27378,215,2024-09-05,440,0,PASS,0.0
8462,15969,6219,453,2025-02-27,778,0,PASS,0.0
8463,71699,9876,469,2026-06-27,698,4,CONDITIONAL,5730.7
8464,2259,28170,391,2025-04-26,295,1,PASS,3389.8
8465,41605,6517,81,2025-06-25,817,3,PASS,3672.0
8466,51191,14629,189,2023-07-14,624,2,PASS,3205.1
8467,87753,3625,125,2025-05-31,782,3,PASS,3836.3
8468,12840,22959,386,2023-06-24,404,0,PASS,0.0
8469,10275,6315,463,2025-12-12,198,3,PASS,15151.5
8470,22166,16432,71,2023-08-06,334,1,PASS,2994.0
8471,86779,2795,162,2024-12-13,303,2,PASS,6600.7
8472,23765,29926,108,2024-09-21,994,3,PASS,3018.1
8473,69461,20159,493,2024-12-12,857,1,PASS,1166.9
8474,41313,2787,338,2024-10-28,850,4,CONDITIONAL,4705.9
8475,63367,14708,438,2024-02-18,948,1,PASS,1054.9
8476,71548,6926,127,2026-06-04,318,4,CONDITIONAL,12578.6
8477,86922,865,477,2023-04-02,605,3,PASS,4958.7
8478,17216,7213,178,2026-07-08,580,3,PASS,5172.4
8479,10718,971,473,2025-06-16,287,2,PASS,6968.6
8480,23285,12679,174,2024-05-26,624,2,PASS,3205.1
8481,24165,22386,257,2026-07-31,429,1,PASS,2331.0
8482,61078,17191,486,2024-05-28,846,3,PASS,3546.1
8483,50110,23210,118,2024-06-10,970,3,PASS,3092.8
8484,29315,29100,475,2025-08-31,545,1,PASS,1834.9
8485,54923,7351,193,2023-10-10,546,0,PASS,0.0
8486,44190,21950,434,2025-02-16,774,1,PASS,1292.0
8487,35707,5704,417,2023-12-25,541,1,PASS,1848.4
8488,34160,9020,191,2023-12-11,246,3,PASS,12195.1
8489,80710,3742,117,2026-06-26,446,2,PASS,4484.3
8490,5776,1303,331,2025-04-15,628,1,PASS,1592.4
8491,7841,11582,84,2023-08-03,380,4,CONDITIONAL,10526.3
8492,62763,22605,461,2023-12-21,410,2,PASS,4878.0
8493,29600,402,246,2026-05-24,471,2,PASS,4246.3
8494,32262,25583,285,2023-11-15,569,0,PASS,0.0
8495,34350,16109,427,2024-08-27,828,3,PASS,3623.2
8496,84501,7033,369,2023-07-29,660,1,PASS,1515.2
8497,4443,9983,461,2024-10-12,508,3,PASS,5905.5
8498,25301,18956,349,2025-05-11,313,3,PASS,9584.7
8499,23634,13282,483,2025-05-11,512,2,PASS,3906.3
8500,81613,28299,69,2025-01-26,437,1,PASS,2288.3
8501,85368,8194,232,2026-07-02,974,2,PASS,2053.4
8502,88822,1495,307,2025-02-01,312,1,PASS,3205.1
8503,45312,27113,90,2024-09-05,170,2,PASS,11764.7
8504,45860,16475,24,2025-10-06,880,2,PASS,2272.7
8505,28788,15831,208,2025-10-27,590,3,PASS,5084.7
8506,57523,17223,314,2025-02-19,324,2,PASS,6172.8
8507,47446,24820,98,2023-10-23,800,2,PASS,2500.0
8508,2807,8077,303,2025-12-05,134,3,PASS,22388.1
8509,34529,8093,196,2025-10-18,121,0,PASS,0.0
8510,13003,24923,295,2026-08-04,134,4,CONDITIONAL,29850.7
8511,65208,2186,300,2024-11-19,184,3,PASS,16304.3
8512,86771,20055,158,2023-10-23,185,1,PASS,5405.4
8513,6562,27386,58,2024-08-14,777,3,PASS,3861.0
8514,52960,26836,167,2023-03-30,823,2,PASS,2430.1
8515,81660,19074,275,2026-05-31,499,1,PASS,2004.0
8516,68013,24781,284,2026-04-09,633,4,CONDITIONAL,6319.1
8517,30389,12367,343,2025-04-26,684,4,CONDITIONAL,5848.0
8518,56909,20908,95,2025-11-22,818,0,PASS,0.0
8519,76509,25070,277,2024-07-09,590,3,PASS,5084.7
8520,25955,9414,234,2024-07-13,944,3,PASS,3178.0
8521,29785,2086,172,2025-03-08,472,2,PASS,4237.3
8522,57733,17153,454,2025-05-05,251,4,CONDITIONAL,15936.3
8523,22830,18166,234,2025-08-25,831,1,PASS,1203.4
8524,48772,29826,415,2024-04-10,318,0,PASS,0.0
8525,30104,2225,281,2026-07-28,861,1,PASS,1161.4
8526,67268,13479,318,2023-07-09,779,4,CONDITIONAL,5134.8
8527,17689,24687,182,2024-07-03,987,3,PASS,3039.5
8528,70996,7622,22,2023-01-15,153,2,PASS,13071.9
8529,12003,13137,80,2024-12-04,767,4,CONDITIONAL,5215.1
8530,89296,4475,98,2023-04-26,255,1,PASS,3921.6
8531,35887,24554,246,2023-09-20,531,0,PASS,0.0
8532,47726,17894,326,2024-07-22,239,1,PASS,4184.1
8533,4823,60,234,2025-09-03,157,0,PASS,0.0
8534,13003,24225,411,2024-07-15,585,2,PASS,3418.8
8535,10965,12962,306,2026-04-03,608,1,PASS,1644.7
8536,62622,23738,426,2024-07-01,958,4,CONDITIONAL,4175.4
8537,70252,23123,326,2024-03-11,674,3,PASS,4451.0
8538,87318,19069,408,2025-08-25,196,0,PASS,0.0
8539,33562,3438,60,2023-05-11,101,3,PASS,29703.0
8540,22277,3367,199,2024-01-23,854,4,CONDITIONAL,4683.8
8541,46859,6009,488,2025-09-27,371,3,PASS,8086.3
8542,21529,22486,252,2025-11-05,272,4,CONDITIONAL,14705.9
8543,33400,1904,198,2026-01-11,189,0,PASS,0.0
8544,8492,21968,334,2026-01-09,473,0,PASS,0.0
8545,22588,18094,291,2024-05-08,802,1,PASS,1246.9
8546,78457,10609,188,2026-01-24,564,4,CONDITIONAL,7092.2
8547,50487,19411,393,2023-05-17,753,0,PASS,0.0
8548,60869,20557,211,2023-02-15,115,0,PASS,0.0
8549,53322,19367,38,2023-03-06,505,2,PASS,3960.4
8550,22098,9805,268,2024-04-26,573,0,PASS,0.0
8551,58771,14424,436,2024-02-01,774,1,PASS,1292.0
8552,81708,4966,213,2023-04-30,388,2,PASS,5154.6
8553,74558,28043,15,2025-05-15,875,2,PASS,2285.7
8554,78569,24979,356,2023-08-25,201,4,CONDITIONAL,19900.5
8555,45001,3255,93,2026-04-15,208,4,CONDITIONAL,19230.8
8556,80996,6944,477,2023-06-30,552,1,PASS,1811.6
8557,25492,18602,49,2025-09-10,591,0,PASS,0.0
8558,73799,23217,345,2026-04-28,112,3,PASS,26785.7
8559,44075,1685,374,2025-09-28,175,2,PASS,11428.6
8560,39230,22068,232,2025-04-07,718,2,PASS,2785.5
8561,63951,17879,42,2024-03-14,643,3,PASS,4665.6
8562,41004,20516,470,2026-09-13,657,1,PASS,1522.1
8563,77595,15929,491,2023-12-23,245,4,CONDITIONAL,16326.5
8564,63082,18765,479,2024-11-11,398,3,PASS,7537.7
8565,24599,21058,145,2023-08-17,114,1,PASS,8771.9
8566,72127,18963,479,2024-08-10,667,3,PASS,4497.8
8567,49440,19988,179,2023-01-11,871,3,PASS,3444.3
8568,15423,5086,352,2025-07-08,923,0,PASS,0.0
8569,84214,5141,355,2023-08-30,379,2,PASS,5277.0
8570,18968,25438,51,2025-03-26,845,4,CONDITIONAL,4733.7
8571,3869,21254,29,2023-03-13,198,2,PASS,10101.0
8572,61829,26726,13,2026-02-07,202,4,CONDITIONAL,19802.0
8573,20339,10764,320,2024-12-13,177,4,CONDITIONAL,22598.9
8574,73411,18585,346,2023-03-03,604,2,PASS,3311.3
8575,33449,5177,479,2026-08-30,811,4,CONDITIONAL,4932.2
8576,80021,13734,17,2025-09-26,183,2,PASS,10929.0
8577,71356,15395,280,2023-04-01,436,2,PASS,4587.2
8578,73199,26433,95,2025-03-30,416,2,PASS,4807.7
8579,45679,7040,257,2024-10-05,420,0,PASS,0.0
8580,33358,15369,129,2024-08-20,704,1,PASS,1420.5
8581,47822,4168,120,2025-09-29,542,3,PASS,5535.1
8582,21525,21080,93,2026-03-08,366,2,PASS,5464.5
8583,74552,5083,402,2024-05-10,810,1,PASS,1234.6
8584,73760,7067,391,2024-08-06,449,0,PASS,0.0
8585,2808,21724,437,2026-01-04,241,0,PASS,0.0
8586,13250,21713,122,2023-03-02,281,2,PASS,7117.4
8587,70212,28777,123,2026-08-22,688,3,PASS,4360.5
8588,49977,5122,432,2026-09-11,976,3,PASS,3073.8
8589,84905,18404,49,2024-09-14,552,1,PASS,1811.6
8590,82187,4599,205,2024-02-05,736,3,PASS,4076.1
8591,88284,15027,277,2026-09-19,688,4,CONDITIONAL,5814.0
8592,41421,21108,166,2025-08-30,472,1,PASS,2118.6
8593,41680,21953,207,2023-07-27,714,2,PASS,2801.1
8594,70957,19417,192,2025-08-03,280,0,PASS,0.0
8595,67224,2760,108,2025-04-27,355,4,CONDITIONAL,11267.6
8596,19591,24536,496,2023-02-07,512,2,PASS,3906.3
8597,69728,18021,33,2023-12-18,770,3,PASS,3896.1
8598,60736,2695,167,2024-02-17,435,0,PASS,0.0
8599,9796,19173,90,2025-10-17,290,1,PASS,3448.3
8600,28431,17008,297,2024-04-27,644,2,PASS,3105.6
8601,27699,19405,170,2023-01-16,491,4,CONDITIONAL,8146.6
8602,36249,14032,112,2025-11-22,669,3,PASS,4484.3
8603,2222,4854,371,2026-08-13,428,1,PASS,2336.4
8604,13832,7361,264,2026-07-23,859,4,CONDITIONAL,4656.6
8605,82133,20066,468,2026-04-25,571,1,PASS,1751.3
8606,24797,1669,66,2024-09-21,949,3,PASS,3161.2
8607,71321,16919,365,2023-12-03,843,4,CONDITIONAL,4745.0
8608,26731,22214,429,2023-02-02,960,4,CONDITIONAL,4166.7
8609,85142,19178,57,2026-05-15,181,1,PASS,5524.9
8610,47574,26111,404,2023-01-14,815,1,PASS,1227.0
8611,40504,28240,264,2025-09-23,377,2,PASS,5305.0
8612,56758,16904,169,2025-12-15,453,1,PASS,2207.5
8613,62581,5554,497,2025-05-26,965,1,PASS,1036.3
8614,22169,17168,48,2026-05-01,705,0,PASS,0.0
8615,63333,12711,163,2025-10-07,962,1,PASS,1039.5
8616,81007,29516,428,2026-01-21,304,2,PASS,6578.9
8617,12691,3888,208,2026-08-24,614,4,CONDITIONAL,6514.7
8618,13958,24124,38,2025-05-02,261,4,CONDITIONAL,15325.7
8619,54707,29117,206,2025-08-22,389,3,PASS,7712.1
8620,34542,8791,34,2023-11-09,763,4,CONDITIONAL,5242.5
8621,24825,8142,392,2024-12-22,907,3,PASS,3307.6
8622,21941,3319,34,2026-06-19,188,0,PASS,0.0
8623,51972,29823,92,2026-04-17,670,4,CONDITIONAL,5970.1
8624,4591,11801,169,2023-08-18,593,2,PASS,3372.7
8625,9014,8019,281,2024-12-07,536,2,PASS,3731.3
8626,75110,21303,480,2025-03-19,555,4,CONDITIONAL,7207.2
8627,11002,8558,263,2023-08-13,174,1,PASS,5747.1
8628,10376,13298,332,2025-09-30,108,1,PASS,9259.3
8629,64178,3261,407,2025-11-23,396,3,PASS,7575.8
8630,73103,23158,62,2026-07-15,890,2,PASS,2247.2
8631,62770,10114,264,2023-09-09,624,4,CONDITIONAL,6410.3
8632,81031,27086,72,2025-01-12,753,3,PASS,3984.1
8633,82437,23579,168,2025-07-01,508,1,PASS,1968.5
8634,29378,21965,169,2026-01-05,601,2,PASS,3327.8
8635,65599,17443,463,2024-01-08,935,4,CONDITIONAL,4278.1
8636,25922,23627,56,2024-10-04,671,1,PASS,1490.3
8637,9724,20984,48,2024-03-20,385,0,PASS,0.0
8638,22880,17873,252,2024-12-11,847,3,PASS,3541.9
8639,67254,5817,444,2025-05-06,937,2,PASS,2134.5
8640,34260,2124,5,2026-08-02,905,1,PASS,1105.0
8641,18174,27046,294,2024-04-10,448,2,PASS,4464.3
8642,32473,5299,146,2025-02-22,804,4,CONDITIONAL,4975.1
8643,78849,22901,401,2024-02-23,626,2,PASS,3194.9
8644,3775,25759,348,2023-01-02,116,1,PASS,8620.7
8645,77906,29868,411,2025-11-22,174,0,PASS,0.0
8646,27794,25008,304,2026-09-14,890,0,PASS,0.0
8647,81485,13239,142,2024-09-18,347,3,PASS,8645.5
8648,22597,12958,153,2024-11-14,778,2,PASS,2570.7
8649,81916,17974,382,2025-01-09,481,0,PASS,0.0
8650,66228,17949,135,2025-02-01,394,2,PASS,5076.1
8651,23675,28048,500,2023-08-11,802,2,PASS,2493.8
8652,62111,8125,46,2025-01-19,943,1,PASS,1060.4
8653,75495,11963,290,2025-06-24,650,1,PASS,1538.5
8654,6760,3007,158,2024-08-31,218,4,CONDITIONAL,18348.6
8655,41369,8025,107,2023-06-02,345,4,CONDITIONAL,11594.2
8656,46655,12244,403,2023-04-16,442,1,PASS,2262.4
8657,9845,26319,273,2023-08-04,501,2,PASS,3992.0
8658,12115,8601,464,2025-08-29,818,2,PASS,2445.0
8659,18662,10973,144,2026-06-23,325,1,PASS,3076.9
8660,4875,27563,384,2023-10-09,410,0,PASS,0.0
8661,23234,4488,453,2023-04-16,614,1,PASS,1628.7
8662,7149,11241,164,2023-07-07,107,4,CONDITIONAL,37383.2
8663,52840,28037,168,2026-09-20,485,0,PASS,0.0
8664,38795,5180,439,2024-10-15,988,4,CONDITIONAL,4048.6
8665,11789,9575,160,2025-12-27,640,2,PASS,3125.0
8666,50583,11839,338,2026-09-24,440,2,PASS,4545.5
8667,29594,15078,347,2025-06-20,636,0,PASS,0.0
8668,41075,6463,422,2024-11-20,235,4,CONDITIONAL,17021.3
8669,52624,14379,252,2025-12-12,973,2,PASS,2055.5
8670,15154,11786,100,2024-04-26,640,2,PASS,3125.0
8671,87726,9803,500,2026-08-22,493,0,PASS,0.0
8672,6546,7799,338,2025-10-02,109,0,PASS,0.0
8673,55115,24968,225,2023-05-12,400,3,PASS,7500.0
8674,85803,15776,227,2026-02-01,350,2,PASS,5714.3
8675,58249,23010,60,2024-04-09,440,4,CONDITIONAL,9090.9
8676,51844,9784,139,2023-04-29,234,0,PASS,0.0
8677,48790,7842,194,2023-06-06,171,3,PASS,17543.9
8678,86795,3405,359,2023-02-10,763,1,PASS,1310.6
8679,15505,823,155,2026-03-16,436,1,PASS,2293.6
8680,25251,11232,112,2025-11-13,812,2,PASS,2463.1
8681,68242,2630,99,2025-05-10,227,1,PASS,4405.3
8682,66672,25226,349,2026-04-11,696,3,PASS,4310.3
8683,6196,6970,82,2025-02-27,647,4,CONDITIONAL,6182.4
8684,20395,25980,150,2024-04-28,918,2,PASS,2178.6
8685,24187,12379,103,2025-10-05,385,3,PASS,7792.2
8686,15166,7820,342,2024-10-24,259,4,CONDITIONAL,15444.0
8687,68701,1710,464,2025-11-09,746,0,PASS,0.0
8688,83043,27495,490,2023-11-26,717,2,PASS,2789.4
8689,43700,4001,379,2023-08-22,294,1,PASS,3401.4
8690,26826,10073,448,2024-07-10,735,4,CONDITIONAL,5442.2
8691,80497,15655,344,2025-11-01,480,3,PASS,6250.0
8692,66932,25487,135,2024-12-03,559,3,PASS,5366.7
8693,61802,2608,89,2023-12-08,547,0,PASS,0.0
8694,25738,8347,459,2025-07-14,904,4,CONDITIONAL,4424.8
8695,52728,13324,203,2025-05-15,214,4,CONDITIONAL,18691.6
8696,303,13668,42,2023-09-08,961,4,CONDITIONAL,4162.3
8697,81966,21304,84,2025-10-07,108,4,CONDITIONAL,37037.0
8698,38119,3108,316,2025-09-29,904,0,PASS,0.0
8699,60612,2768,4,2026-09-19,346,2,PASS,5780.3
8700,30299,21842,113,2023-07-06,119,3,PASS,25210.1
8701,68395,10808,301,2026-05-10,241,2,PASS,8298.8
8702,17006,1033,455,2026-06-29,735,4,CONDITIONAL,5442.2
8703,89939,3723,468,2023-06-22,675,1,PASS,1481.5
8704,49954,3114,58,2023-08-28,257,0,PASS,0.0
8705,42380,29474,393,2023-07-26,844,3,PASS,3554.5
8706,18332,15805,17,2023-06-20,510,3,PASS,5882.4
8707,16568,9769,455,2023-02-21,254,4,CONDITIONAL,15748.0
8708,60636,10241,124,2023-04-27,562,3,PASS,5338.1
8709,24682,12241,226,2025-08-02,170,3,PASS,17647.1
8710,23327,8142,367,2026-06-26,674,0,PASS,0.0
8711,9909,14369,57,2023-07-15,844,0,PASS,0.0
8712,4974,27793,16,2023-04-27,796,1,PASS,1256.3
8713,36606,23685,48,2025-09-16,692,1,PASS,1445.1
8714,45247,120,209,2024-10-07,682,4,CONDITIONAL,5865.1
8715,18637,29031,443,2024-10-29,364,2,PASS,5494.5
8716,14040,15474,316,2024-01-26,885,4,CONDITIONAL,4519.8
8717,67938,11570,487,2024-03-21,989,3,PASS,3033.4
8718,11628,18868,81,2025-04-16,918,1,PASS,1089.3
8719,79980,14254,449,2025-08-21,889,1,PASS,1124.9
8720,45609,19188,226,2024-09-09,610,0,PASS,0.0
8721,78309,18717,405,2024-08-29,271,2,PASS,7380.1
8722,41510,19899,54,2025-10-06,931,1,PASS,1074.1
8723,43695,11921,340,2026-02-17,844,0,PASS,0.0
8724,18180,16050,449,2026-04-13,136,4,CONDITIONAL,29411.8
8725,9649,23205,324,2023-04-04,987,4,CONDITIONAL,4052.7
8726,87137,14342,379,2025-04-13,560,4,CONDITIONAL,7142.9
8727,45493,16860,383,2023-09-17,461,4,CONDITIONAL,8676.8
8728,22343,23651,271,2025-02-18,142,0,PASS,0.0
8729,72592,8739,354,2026-08-15,632,2,PASS,3164.6
8730,64526,5497,393,2025-08-02,337,2,PASS,5934.7
8731,63047,24662,489,2023-08-06,255,0,PASS,0.0
8732,70663,9150,154,2026-08-13,681,2,PASS,2936.9
8733,26537,25423,275,2025-11-21,105,3,PASS,28571.4
8734,29656,29475,207,2025-07-31,431,1,PASS,2320.2
8735,60876,3187,14,2024-11-17,692,0,PASS,0.0
8736,58850,12219,376,2025-11-04,115,3,PASS,26087.0
8737,10322,27253,237,2023-08-02,428,3,PASS,7009.3
8738,5128,12013,389,2025-03-24,420,3,PASS,7142.9
8739,82032,1275,7,2024-07-14,303,4,CONDITIONAL,13201.3
8740,48560,29460,36,2023-02-10,889,0,PASS,0.0
8741,2429,11705,232,2026-04-12,618,0,PASS,0.0
8742,69856,2582,146,2025-08-22,722,0,PASS,0.0
8743,9786,2473,61,2023-10-07,229,4,CONDITIONAL,17467.2
8744,71589,10480,399,2025-10-03,805,2,PASS,2484.5
8745,17918,660,184,2024-05-24,918,3,PASS,3268.0
8746,63671,19535,312,2025-12-19,330,0,PASS,0.0
8747,2093,12079,230,2023-09-17,722,2,PASS,2770.1
8748,9210,20982,72,2023-03-12,214,2,PASS,9345.8
8749,39494,18921,413,2023-06-25,749,0,PASS,0.0
8750,30083,26504,473,2024-03-20,780,2,PASS,2564.1
8751,88710,5925,193,2024-01-29,657,1,PASS,1522.1
8752,84232,22458,335,2025-01-17,666,0,PASS,0.0
8753,42387,10191,302,2023-09-24,334,3,PASS,8982.0
8754,35216,4367,38,2023-02-26,922,1,PASS,1084.6
8755,53989,28546,408,2025-11-26,897,0,PASS,0.0
8756,14396,9481,454,2023-02-24,122,0,PASS,0.0
8757,12434,12858,316,2026-05-31,523,2,PASS,3824.1
8758,18890,24932,184,2023-03-04,266,4,CONDITIONAL,15037.6
8759,83799,22626,314,2024-02-27,446,3,PASS,6726.5
8760,55519,23461,198,2024-05-31,685,0,PASS,0.0
8761,63857,5459,156,2023-09-26,178,4,CONDITIONAL,22471.9
8762,64614,5200,457,2024-08-01,741,0,PASS,0.0
8763,71589,6522,307,2025-07-11,660,1,PASS,1515.2
8764,17362,23064,497,2025-11-16,250,0,PASS,0.0
8765,75923,25440,394,2025-01-08,195,4,CONDITIONAL,20512.8
8766,51277,2001,472,2025-05-25,369,4,CONDITIONAL,10840.1
8767,78078,9886,89,2024-10-21,754,4,CONDITIONAL,5305.0
8768,61307,3096,225,2023-06-25,572,1,PASS,1748.3
8769,17800,20863,96,2025-10-25,689,2,PASS,2902.8
8770,16840,15556,193,2024-12-07,142,0,PASS,0.0
8771,5762,998,485,2024-09-15,634,3,PASS,4731.9
8772,62873,22522,458,2023-02-25,481,1,PASS,2079.0
8773,64183,5191,368,2024-03-19,606,4,CONDITIONAL,6600.7
8774,8696,20349,252,2026-02-14,455,4,CONDITIONAL,8791.2
8775,76223,7572,106,2025-01-05,860,4,CONDITIONAL,4651.2
8776,22056,15677,487,2026-07-22,496,4,CONDITIONAL,8064.5
8777,7409,10441,6,2024-10-24,124,0,PASS,0.0
8778,44395,15467,136,2024-06-12,613,2,PASS,3262.6
8779,4542,14822,233,2023-12-13,900,2,PASS,2222.2
8780,18463,22412,89,2025-12-11,291,4,CONDITIONAL,13745.7
8781,4678,25001,201,2025-01-14,132,2,PASS,15151.5
8782,47330,24103,374,2023-03-21,987,3,PASS,3039.5
8783,48441,15650,497,2024-02-04,344,2,PASS,5814.0
8784,10116,18513,229,2025-07-21,666,1,PASS,1501.5
8785,30082,14758,97,2025-07-27,390,3,PASS,7692.3
8786,28256,3810,259,2025-11-04,444,1,PASS,2252.3
8787,3571,21153,88,2023-07-06,570,1,PASS,1754.4
8788,36508,28832,381,2025-07-29,665,1,PASS,1503.8
8789,84418,17085,324,2026-03-17,854,3,PASS,3512.9
8790,84259,3625,164,2025-12-01,438,3,PASS,6849.3
8791,10729,4288,303,2024-06-26,261,1,PASS,3831.4
8792,76062,9052,229,2026-03-06,146,0,PASS,0.0
8793,70922,2108,360,2024-09-25,418,4,CONDITIONAL,9569.4
8794,73584,12373,54,2023-08-19,124,3,PASS,24193.5
8795,55024,14239,331,2023-09-09,139,4,CONDITIONAL,28777.0
8796,65197,22273,408,2024-01-23,450,2,PASS,4444.4
8797,39876,15049,421,2025-06-27,489,2,PASS,4090.0
8798,65453,28713,391,2025-07-06,576,1,PASS,1736.1
8799,2075,19715,344,2024-10-14,619,4,CONDITIONAL,6462.0
8800,43926,12355,443,2024-06-08,153,3,PASS,19607.8
8801,21270,6275,264,2024-12-04,400,0,PASS,0.0
8802,25175,7325,135,2025-01-18,367,3,PASS,8174.4
8803,73439,11120,198,2023-05-11,968,3,PASS,3099.2
8804,39670,12068,388,2025-06-04,963,0,PASS,0.0
8805,82315,13968,138,2023-02-20,417,3,PASS,7194.2
8806,2430,24307,391,2023-08-11,350,0,PASS,0.0
8807,63246,17201,276,2025-08-02,512,2,PASS,3906.3
8808,83148,20021,293,2024-10-03,604,4,CONDITIONAL,6622.5
8809,33488,8880,19,2023-05-28,573,4,CONDITIONAL,6980.8
8810,9988,6921,46,2024-01-06,407,0,PASS,0.0
8811,38511,28802,297,2025-10-10,697,3,PASS,4304.2
8812,61582,8014,440,2023-01-13,471,4,CONDITIONAL,8492.6
8813,63006,2974,236,2026-08-22,163,1,PASS,6135.0
8814,55570,3227,298,2023-02-03,575,1,PASS,1739.1
8815,45544,7594,158,2025-04-08,654,0,PASS,0.0
8816,13493,16350,17,2025-06-30,157,2,PASS,12738.9
8817,18631,19724,467,2025-11-05,899,2,PASS,2224.7
8818,52745,29865,352,2024-05-06,930,0,PASS,0.0
8819,14755,20888,348,2025-09-30,513,1,PASS,1949.3
8820,11719,1732,89,2024-09-21,665,3,PASS,4511.3
8821,10114,16404,93,2025-04-21,670,2,PASS,2985.1
8822,13007,7665,218,2025-06-27,913,0,PASS,0.0
8823,78165,18778,65,2024-01-17,431,0,PASS,0.0
8824,84073,14689,316,2023-11-10,857,3,PASS,3500.6
8825,51917,6817,288,2024-02-23,308,4,CONDITIONAL,12987.0
8826,61027,26847,393,2024-05-05,170,1,PASS,5882.4
8827,10357,17485,21,2023-12-25,245,4,CONDITIONAL,16326.5
8828,89491,391,88,2026-06-25,471,4,CONDITIONAL,8492.6
8829,42625,7793,424,2024-02-10,208,0,PASS,0.0
8830,15128,16305,207,2026-02-19,114,1,PASS,8771.9
8831,70711,15229,211,2026-02-01,249,1,PASS,4016.1
8832,1600,11606,383,2024-09-26,856,4,CONDITIONAL,4672.9
8833,72156,19268,44,2023-09-09,350,1,PASS,2857.1
8834,41433,29833,445,2026-09-18,747,1,PASS,1338.7
8835,68017,5132,181,2023-12-19,296,3,PASS,10135.1
8836,73662,11042,12,2023-05-26,143,3,PASS,20979.0
8837,38527,22142,302,2024-06-18,888,4,CONDITIONAL,4504.5
8838,48551,20702,77,2025-01-28,262,2,PASS,7633.6
8839,15461,3798,49,2026-02-01,143,2,PASS,13986.0
8840,25854,12658,256,2025-12-04,968,3,PASS,3099.2
8841,72165,25545,249,2023-05-24,503,3,PASS,5964.2
8842,35535,9221,377,2025-08-25,686,2,PASS,2915.5
8843,7587,23828,189,2023-12-21,390,3,PASS,7692.3
8844,72821,14012,356,2026-06-19,798,2,PASS,2506.3
8845,36549,18698,453,2026-04-27,277,0,PASS,0.0
8846,45571,21851,120,2026-07-11,886,2,PASS,2257.3
8847,52433,6909,78,2025-11-03,848,0,PASS,0.0
8848,29351,27456,368,2023-02-13,282,4,CONDITIONAL,14184.4
8849,8186,18469,49,2023-01-05,577,2,PASS,3466.2
8850,80804,2066,262,2025-04-29,957,1,PASS,1044.9
8851,3555,3115,400,2026-06-22,541,2,PASS,3696.9
8852,68608,13243,391,2023-03-23,117,1,PASS,8547.0
8853,42038,27783,266,2025-07-23,838,4,CONDITIONAL,4773.3
8854,28666,15194,488,2025-09-06,670,4,CONDITIONAL,5970.1
8855,66845,8073,341,2024-11-04,223,4,CONDITIONAL,17937.2
8856,31074,9543,146,2025-03-28,504,1,PASS,1984.1
8857,50345,13611,294,2024-01-02,503,4,CONDITIONAL,7952.3
8858,64842,9884,496,2026-04-19,291,1,PASS,3436.4
8859,73941,26594,491,2024-11-14,984,3,PASS,3048.8
8860,85225,27832,15,2024-01-05,615,3,PASS,4878.0
8861,61468,17285,378,2024-12-30,278,3,PASS,10791.4
8862,86115,22065,123,2025-07-29,166,0,PASS,0.0
8863,72450,15032,101,2024-02-08,206,3,PASS,14563.1
8864,22712,25301,425,2026-05-25,377,1,PASS,2652.5
8865,23604,20164,341,2023-09-02,624,1,PASS,1602.6
8866,67969,7421,232,2024-10-29,591,1,PASS,1692.0
8867,79132,124,72,2023-12-31,385,3,PASS,7792.2
8868,37402,15785,422,2024-03-24,519,2,PASS,3853.6
8869,13686,24129,150,2026-07-11,823,4,CONDITIONAL,4860.3
8870,51120,13891,104,2023-05-24,151,3,PASS,19867.5
8871,59035,4928,65,2023-09-15,219,2,PASS,9132.4
8872,6014,18461,416,2024-11-23,959,1,PASS,1042.8
8873,19799,6869,176,2025-06-16,564,1,PASS,1773.0
8874,72009,25300,22,2023-04-16,447,1,PASS,2237.1
8875,61631,28079,220,2026-06-21,940,0,PASS,0.0
8876,25010,14025,255,2024-10-13,527,2,PASS,3795.1
8877,56665,29780,224,2026-06-03,393,3,PASS,7633.6
8878,45802,16274,8,2025-05-21,189,4,CONDITIONAL,21164.0
8879,47230,12010,275,2023-09-20,360,4,CONDITIONAL,11111.1
8880,8101,10296,247,2025-05-12,774,0,PASS,0.0
8881,12792,29645,71,2025-01-19,934,1,PASS,1070.7
8882,34973,15660,322,2026-08-15,393,0,PASS,0.0
8883,8158,4733,96,2025-10-21,293,1,PASS,3413.0
8884,73634,26159,194,2026-09-11,967,3,PASS,3102.4
8885,84506,23566,277,2024-08-23,512,2,PASS,3906.3
8886,76992,19634,458,2024-11-26,353,4,CONDITIONAL,11331.4
8887,37784,277,398,2025-03-24,321,0,PASS,0.0
8888,44525,3428,470,2024-07-03,677,1,PASS,1477.1
8889,50846,2791,125,2023-09-09,837,4,CONDITIONAL,4779.0
8890,12248,21630,150,2024-04-07,280,4,CONDITIONAL,14285.7
8891,5662,4107,474,2023-10-19,511,2,PASS,3913.9
8892,6675,15027,288,2025-07-07,392,3,PASS,7653.1
8893,80504,985,474,2024-02-21,977,4,CONDITIONAL,4094.2
8894,85204,25457,201,2023-07-15,927,4,CONDITIONAL,4315.0
8895,87393,25630,305,2023-08-24,597,0,PASS,0.0
8896,19265,11006,283,2023-07-31,903,4,CONDITIONAL,4429.7
8897,31191,19651,89,2025-11-29,669,0,PASS,0.0
8898,55242,7622,453,2026-09-16,610,3,PASS,4918.0
8899,40129,1375,3,2023-06-08,298,13,FAIL,43624.2
8900,77722,18807,71,2026-06-05,964,2,PASS,2074.7
8901,46269,11642,103,2023-11-30,458,4,CONDITIONAL,8733.6
8902,83357,3658,399,2023-03-02,700,4,CONDITIONAL,5714.3
8903,61213,22596,172,2024-06-27,467,1,PASS,2141.3
8904,15737,25947,480,2025-03-07,183,4,CONDITIONAL,21857.9
8905,80331,19,1,2026-05-18,673,2,PASS,2971.8
8906,81551,232,353,2026-01-20,333,3,PASS,9009.0
8907,40459,4822,480,2025-10-22,129,1,PASS,7751.9
8908,57082,5941,375,2024-10-24,842,0,PASS,0.0
8909,20339,20725,404,2023-01-07,533,2,PASS,3752.3
8910,89604,23353,30,2024-03-31,632,3,PASS,4746.8
8911,17343,23697,320,2026-03-21,532,3,PASS,5639.1
8912,67828,16847,301,2023-02-16,139,2,PASS,14388.5
8913,45524,3318,430,2025-07-17,639,4,CONDITIONAL,6259.8
8914,79692,29690,405,2024-11-16,633,2,PASS,3159.6
8915,76679,17255,340,2024-05-24,697,3,PASS,4304.2
8916,23229,28327,129,2023-08-31,994,0,PASS,0.0
8917,65690,23875,499,2025-08-07,332,1,PASS,3012.0
8918,82186,20580,341,2023-12-14,185,1,PASS,5405.4
8919,53967,16831,159,2023-09-09,165,0,PASS,0.0
8920,5395,26119,350,2023-06-09,938,0,PASS,0.0
8921,1251,9192,198,2023-09-12,873,1,PASS,1145.5
8922,63090,15294,366,2023-09-13,987,3,PASS,3039.5
8923,78757,6731,143,2023-03-05,382,1,PASS,2617.8
8924,23521,4607,334,2026-06-04,260,3,PASS,11538.5
8925,12594,1517,216,2026-01-23,374,3,PASS,8021.4
8926,72915,348,12,2026-04-30,391,0,PASS,0.0
8927,68592,23214,443,2024-12-28,710,4,CONDITIONAL,5633.8
8928,5291,6353,476,2024-01-28,684,1,PASS,1462.0
8929,69092,25033,94,2023-04-16,500,3,PASS,6000.0
8930,73999,2110,10,2026-09-26,211,2,PASS,9478.7
8931,41159,18696,169,2026-06-14,785,0,PASS,0.0
8932,50891,3034,127,2026-04-26,635,2,PASS,3149.6
8933,8571,24196,381,2023-11-13,910,3,PASS,3296.7
8934,64895,2659,390,2026-08-29,248,3,PASS,12096.8
8935,54610,1529,248,2023-04-24,377,0,PASS,0.0
8936,42016,24112,481,2024-01-11,853,1,PASS,1172.3
8937,40656,10802,428,2025-10-14,377,2,PASS,5305.0
8938,74320,22104,398,2023-10-14,918,0,PASS,0.0
8939,78982,12430,69,2026-07-08,466,0,PASS,0.0
8940,6549,25790,378,2024-10-02,357,3,PASS,8403.4
8941,46153,15840,257,2024-06-01,969,3,PASS,3096.0
8942,25963,17638,135,2026-04-09,934,1,PASS,1070.7
8943,70527,3706,332,2025-04-16,686,0,PASS,0.0
8944,83360,9201,39,2023-07-11,398,4,CONDITIONAL,10050.3
8945,40598,8324,334,2023-11-30,299,1,PASS,3344.5
8946,71043,26556,383,2023-06-14,757,3,PASS,3963.0
8947,14275,11286,252,2026-07-27,996,4,CONDITIONAL,4016.1
8948,68937,29208,127,2026-05-24,571,3,PASS,5253.9
8949,55555,8600,47,2025-01-21,416,3,PASS,7211.5
8950,29891,6951,347,2025-02-26,129,2,PASS,15503.9
8951,67954,22956,226,2025-10-15,840,2,PASS,2381.0
8952,83426,10847,341,2024-07-18,808,4,CONDITIONAL,4950.5
8953,75650,18763,422,2025-06-20,496,0,PASS,0.0
8954,76143,17334,97,2024-01-06,845,2,PASS,2366.9
8955,1451,12562,121,2026-03-16,302,1,PASS,3311.3
8956,73407,14424,333,2026-06-18,618,4,CONDITIONAL,6472.5
8957,25538,18464,317,2024-09-06,650,1,PASS,1538.5
8958,80941,26317,57,2023-10-14,996,0,PASS,0.0
8959,87548,2932,182,2023-04-18,773,4,CONDITIONAL,5174.6
8960,15034,12161,377,2024-01-06,821,4,CONDITIONAL,4872.1
8961,19277,28695,177,2023-11-13,404,1,PASS,2475.2
8962,39164,14888,414,2024-11-02,488,4,CONDITIONAL,8196.7
8963,61825,20687,350,2024-11-12,487,2,PASS,4106.8
8964,18821,1891,457,2026-07-27,863,3,PASS,3476.2
8965,66550,7545,470,2024-04-15,577,1,PASS,1733.1
8966,75180,16016,184,2025-11-13,585,2,PASS,3418.8
8967,35228,20303,437,2025-11-18,724,0,PASS,0.0
8968,18595,28731,91,2025-02-02,706,4,CONDITIONAL,5665.7
8969,77119,2632,40,2023-12-02,442,4,CONDITIONAL,9049.8
8970,34782,1660,393,2025-06-06,708,3,PASS,4237.3
8971,60983,20490,269,2023-07-12,852,3,PASS,3521.1
8972,78433,26387,100,2023-01-27,784,2,PASS,2551.0
8973,52436,3203,97,2026-01-09,965,3,PASS,3108.8
8974,13696,21453,108,2025-06-25,954,1,PASS,1048.2
8975,23304,28343,135,2023-12-03,413,0,PASS,0.0
8976,1976,3075,115,2025-08-09,463,4,CONDITIONAL,8639.3
8977,87059,1556,482,2025-06-09,818,4,CONDITIONAL,4890.0
8978,18126,6512,474,2025-10-13,658,1,PASS,1519.8
8979,86349,11900,71,2024-06-05,990,4,CONDITIONAL,4040.4
8980,73692,24787,78,2024-01-21,313,4,CONDITIONAL,12779.6
8981,27089,1031,360,2026-09-03,153,1,PASS,6535.9
8982,76058,11028,282,2025-10-05,273,4,CONDITIONAL,14652.0
8983,63846,13543,331,2025-09-12,113,1,PASS,8849.6
8984,84012,613,127,2024-10-09,922,2,PASS,2169.2
8985,10675,7577,252,2025-04-04,530,2,PASS,3773.6
8986,81227,16211,451,2023-01-18,315,4,CONDITIONAL,12698.4
8987,59847,18853,442,2024-07-09,405,4,CONDITIONAL,9876.5
8988,10837,10921,129,2024-02-14,840,3,PASS,3571.4
8989,48351,20145,408,2025-11-17,358,0,PASS,0.0
8990,88483,4910,437,2024-03-22,366,1,PASS,2732.2
8991,15370,29127,281,2024-06-13,876,0,PASS,0.0
8992,59799,18507,374,2026-05-20,465,2,PASS,4301.1
8993,62573,4798,257,2024-05-05,733,4,CONDITIONAL,5457.0
8994,16320,28860,198,2023-01-02,295,3,PASS,10169.5
8995,3717,17393,71,2026-05-19,969,0,PASS,0.0
8996,19206,16677,212,2026-07-17,536,2,PASS,3731.3
8997,61369,13859,48,2025-03-10,939,1,PASS,1065.0
8998,43346,15220,332,2025-06-26,657,3,PASS,4566.2
8999,15739,3055,212,2025-06-22,647,2,PASS,3091.2
9000,2583,5235,463,2025-01-07,326,0,PASS,0.0
9001,51385,29769,324,2024-05-11,479,4,CONDITIONAL,8350.7
9002,1604,26414,440,2026-07-14,166,4,CONDITIONAL,24096.4
9003,52280,28829,378,2023-12-10,998,0,PASS,0.0
9004,50192,518,251,2024-01-19,920,4,CONDITIONAL,4347.8
9005,23240,11753,200,2024-02-15,967,3,PASS,3102.4
9006,35476,15428,101,2025-06-27,541,1,PASS,1848.4
9007,48240,13145,4,2026-05-28,498,4,CONDITIONAL,8032.1
9008,84494,25238,64,2023-05-24,677,0,PASS,0.0
9009,64296,11175,363,2024-06-10,651,4,CONDITIONAL,6144.4
9010,77789,23398,296,2026-08-07,916,2,PASS,2183.4
9011,31781,9509,212,2024-05-15,426,4,CONDITIONAL,9389.7
9012,53004,21097,273,2023-07-25,490,2,PASS,4081.6
9013,17946,22448,289,2024-04-02,715,1,PASS,1398.6
9014,15472,19534,187,2026-07-29,275,1,PASS,3636.4
9015,37324,25510,437,2023-11-30,822,3,PASS,3649.6
9016,16234,1964,477,2023-08-09,169,1,PASS,5917.2
9017,55471,27301,297,2023-08-10,592,4,CONDITIONAL,6756.8
9018,52157,11255,243,2026-08-06,447,3,PASS,6711.4
9019,55616,4103,393,2025-05-08,569,1,PASS,1757.5
9020,35319,10214,59,2026-04-30,903,4,CONDITIONAL,4429.7
9021,84766,13655,456,2025-01-26,278,4,CONDITIONAL,14388.5
9022,88230,29596,174,2025-07-31,703,4,CONDITIONAL,5689.9
9023,29526,6305,485,2024-02-22,589,2,PASS,3395.6
9024,35788,8502,80,2024-11-14,399,4,CONDITIONAL,10025.1
9025,72165,12502,273,2026-01-29,906,4,CONDITIONAL,4415.0
9026,84168,21636,221,2026-01-12,147,3,PASS,20408.2
9027,89623,28461,111,2024-05-31,963,4,CONDITIONAL,4153.7
9028,53909,20064,171,2026-08-15,393,2,PASS,5089.1
9029,44922,1920,471,2023-05-19,216,2,PASS,9259.3
9030,68859,598,122,2024-12-12,572,1,PASS,1748.3
9031,59877,8622,375,2025-02-14,495,0,PASS,0.0
9032,70393,16864,265,2025-03-31,198,2,PASS,10101.0
9033,11061,14810,273,2024-05-28,907,3,PASS,3307.6
9034,49293,20491,464,2023-07-14,867,3,PASS,3460.2
9035,84194,7448,132,2023-10-01,577,3,PASS,5199.3
9036,35634,11215,259,2024-11-21,708,0,PASS,0.0
9037,5629,28792,233,2023-03-06,673,3,PASS,4457.7
9038,5596,3105,218,2023-07-14,413,4,CONDITIONAL,9685.2
9039,70769,15978,315,2025-06-11,284,1,PASS,3521.1
9040,87315,27351,175,2025-01-28,170,2,PASS,11764.7
9041,8276,6374,470,2025-02-01,680,0,PASS,0.0
9042,8061,16114,414,2025-02-27,890,3,PASS,3370.8
9043,44594,9748,192,2025-07-23,393,3,PASS,7633.6
9044,45409,12448,272,2025-11-23,583,2,PASS,3430.5
9045,61945,26184,147,2023-05-13,158,0,PASS,0.0
9046,62751,3877,429,2023-10-27,695,1,PASS,1438.8
9047,74313,19770,83,2025-11-06,125,4,CONDITIONAL,32000.0
9048,67286,2284,306,2024-10-02,813,3,PASS,3690.0
9049,79194,25571,205,2024-10-11,103,3,PASS,29126.2
9050,55977,29265,425,2025-04-23,884,1,PASS,1131.2
9051,45008,28054,497,2023-12-10,677,3,PASS,4431.3
9052,81131,27458,380,2024-05-11,811,3,PASS,3699.1
9053,28980,26634,363,2025-01-29,296,2,PASS,6756.8
9054,28810,26727,445,2025-06-19,580,0,PASS,0.0
9055,46695,24054,486,2023-05-25,348,1,PASS,2873.6
9056,37601,867,397,2025-07-24,924,3,PASS,3246.8
9057,87451,16434,408,2025-06-05,932,0,PASS,0.0
9058,25079,18825,91,2023-08-17,945,1,PASS,1058.2
9059,60072,26922,224,2023-09-06,306,3,PASS,9803.9
9060,50190,23492,62,2025-10-11,263,3,PASS,11406.8
9061,83637,17321,23,2023-12-22,740,1,PASS,1351.4
9062,42761,18611,348,2025-05-01,547,1,PASS,1828.2
9063,15229,21340,202,2026-07-16,465,3,PASS,6451.6
9064,84576,25198,227,2025-06-06,190,4,CONDITIONAL,21052.6
9065,43068,4444,65,2025-11-07,560,3,PASS,5357.1
9066,76935,2129,78,2023-03-04,892,1,PASS,1121.1
9067,50523,7824,303,2023-01-12,841,4,CONDITIONAL,4756.2
9068,60295,19821,212,2023-09-03,953,4,CONDITIONAL,4197.3
9069,22574,19422,212,2023-07-15,843,3,PASS,3558.7
9070,49788,25298,326,2024-06-13,678,2,PASS,2949.9
9071,9563,1510,436,2024-05-15,849,4,CONDITIONAL,4711.4
9072,25151,2296,414,2024-11-16,989,3,PASS,3033.4
9073,52065,14623,333,2023-01-20,392,2,PASS,5102.0
9074,28315,23100,418,2025-02-12,200,2,PASS,10000.0
9075,296,16274,42,2025-01-02,968,4,CONDITIONAL,4132.2
9076,41315,14310,356,2025-07-20,426,3,PASS,7042.3
9077,64313,29011,295,2024-11-21,317,0,PASS,0.0
9078,783,6700,129,2023-11-30,180,1,PASS,5555.6
9079,74638,24270,342,2023-09-21,504,2,PASS,3968.3
9080,43784,9862,418,2026-09-21,561,1,PASS,1782.5
9081,38381,2936,273,2023-11-12,642,0,PASS,0.0
9082,38009,18728,173,2025-03-12,473,0,PASS,0.0
9083,35310,7814,111,2025-02-18,928,4,CONDITIONAL,4310.3
9084,25859,27602,90,2026-03-05,711,4,CONDITIONAL,5625.9
9085,61303,27823,203,2024-01-20,377,1,PASS,2652.5
9086,50380,7776,383,2026-06-13,944,0,PASS,0.0
9087,48139,24212,283,2026-03-20,318,3,PASS,9434.0
9088,47504,27442,47,2025-06-05,769,2,PASS,2600.8
9089,62098,29529,429,2023-03-13,770,3,PASS,3896.1
9090,66156,2058,428,2025-07-15,824,1,PASS,1213.6
9091,78751,26127,257,2023-11-19,826,4,CONDITIONAL,4842.6
9092,35017,25676,101,2023-11-20,764,4,CONDITIONAL,5235.6
9093,1936,27363,271,2024-07-18,668,1,PASS,1497.0
9094,33508,6549,123,2023-03-15,817,4,CONDITIONAL,4896.0
9095,8276,28505,198,2025-12-20,506,1,PASS,1976.3
9096,46832,5908,404,2025-04-03,183,2,PASS,10929.0
9097,8843,9729,320,2023-10-11,105,0,PASS,0.0
9098,9655,18646,192,2024-01-21,486,1,PASS,2057.6
9099,83118,4987,369,2023-10-03,832,4,CONDITIONAL,4807.7
9100,52248,24463,447,2026-02-25,835,3,PASS,3592.8
9101,47258,28764,122,2024-11-13,700,2,PASS,2857.1
9102,27547,4822,21,2024-10-26,340,1,PASS,2941.2
9103,21117,2535,264,2025-12-26,531,4,CONDITIONAL,7533.0
9104,17622,6722,40,2023-08-05,680,0,PASS,0.0
9105,59754,20098,288,2024-11-22,537,1,PASS,1862.2
9106,18296,15106,88,2025-04-06,366,1,PASS,2732.2
9107,61277,15008,422,2023-09-17,308,2,PASS,6493.5
9108,53531,29518,378,2025-04-11,267,0,PASS,0.0
9109,20404,21420,266,2024-02-06,466,0,PASS,0.0
9110,8164,7187,78,2026-08-15,711,3,PASS,4219.4
9111,85643,1770,371,2024-11-29,680,3,PASS,4411.8
9112,37416,11657,70,2023-08-11,466,0,PASS,0.0
9113,25666,18357,97,2025-03-14,600,4,CONDITIONAL,6666.7
9114,56933,4911,219,2025-02-05,984,0,PASS,0.0
9115,64755,15193,142,2024-07-30,907,3,PASS,3307.6
9116,66835,18003,214,2026-03-24,285,2,PASS,7017.5
9117,27889,27959,297,2025-03-10,356,0,PASS,0.0
9118,49582,24039,13,2026-02-12,114,4,CONDITIONAL,35087.7
9119,17794,19131,458,2025-07-11,931,1,PASS,1074.1
9120,19758,17411,476,2026-03-24,414,2,PASS,4830.9
9121,48978,24324,32,2023-06-20,780,0,PASS,0.0
9122,26219,12082,14,2023-05-29,401,4,CONDITIONAL,9975.1
9123,79540,1003,379,2024-03-27,590,3,PASS,5084.7
9124,1579,4185,409,2025-10-24,984,2,PASS,2032.5
9125,73679,25001,72,2026-05-05,527,3,PASS,5692.6
9126,16167,6622,261,2024-07-22,310,2,PASS,6451.6
9127,40960,11218,312,2024-10-04,140,2,PASS,14285.7
9128,26697,26626,160,2026-09-27,604,1,PASS,1655.6
9129,6985,17005,269,2024-07-01,226,3,PASS,13274.3
9130,74910,24698,169,2025-04-24,754,0,PASS,0.0
9131,58430,18861,313,2025-08-19,978,0,PASS,0.0
9132,17917,4347,119,2026-01-10,491,4,CONDITIONAL,8146.6
9133,51234,11983,220,2023-01-11,502,0,PASS,0.0
9134,28465,22942,366,2025-08-14,369,0,PASS,0.0
9135,5426,13443,412,2023-11-02,817,1,PASS,1224.0
9136,15571,1996,179,2024-02-26,203,2,PASS,9852.2
9137,69897,17911,262,2023-04-13,308,3,PASS,9740.3
9138,49809,13996,292,2026-05-23,398,0,PASS,0.0
9139,4690,13053,260,2024-12-28,563,4,CONDITIONAL,7104.8
9140,74306,21119,243,2024-01-17,424,3,PASS,7075.5
9141,52370,17592,302,2026-05-04,975,0,PASS,0.0
9142,56582,19073,206,2023-05-27,724,0,PASS,0.0
9143,80122,15871,54,2024-11-03,311,2,PASS,6430.9
9144,35135,15455,357,2025-02-25,780,4,CONDITIONAL,5128.2
9145,85867,5957,50,2026-06-19,971,4,CONDITIONAL,4119.5
9146,57355,19503,306,2024-08-23,842,0,PASS,0.0
9147,88239,11845,12,2023-09-15,797,2,PASS,2509.4
9148,68790,15221,473,2024-07-31,444,4,CONDITIONAL,9009.0
9149,80587,29565,277,2025-09-17,469,4,CONDITIONAL,8528.8
9150,39104,24410,259,2025-11-23,522,2,PASS,3831.4
9151,2779,17840,21,2026-04-08,517,1,PASS,1934.2
9152,35325,25079,111,2023-08-31,996,2,PASS,2008.0
9153,53775,28047,94,2026-01-04,737,0,PASS,0.0
9154,16566,6206,260,2024-07-06,480,3,PASS,6250.0
9155,49971,27708,130,2023-04-02,194,0,PASS,0.0
9156,34027,8998,491,2023-04-15,130,1,PASS,7692.3
9157,65684,23349,77,2024-12-14,470,0,PASS,0.0
9158,85548,9132,53,2024-10-01,217,4,CONDITIONAL,18433.2
9159,16783,9940,141,2024-05-09,178,3,PASS,16853.9
9160,25921,13366,418,2025-08-21,503,0,PASS,0.0
9161,64903,18186,93,2026-04-23,206,1,PASS,4854.4
9162,64496,8438,397,2025-03-01,154,1,PASS,6493.5
9163,5800,12600,248,2024-07-22,348,0,PASS,0.0
9164,32653,23371,231,2026-05-26,538,3,PASS,5576.2
9165,47875,26495,194,2024-04-10,142,2,PASS,14084.5
9166,26405,23139,356,2023-10-26,450,2,PASS,4444.4
9167,45023,29067,220,2023-07-14,487,1,PASS,2053.4
9168,59149,12619,142,2023-10-14,729,2,PASS,2743.5
9169,88609,25047,426,2025-10-07,527,3,PASS,5692.6
9170,8738,23409,166,2025-02-22,891,0,PASS,0.0
9171,81116,4372,364,2024-12-27,130,4,CONDITIONAL,30769.2
9172,23360,23824,323,2024-02-12,615,1,PASS,1626.0
9173,11751,1938,399,2025-01-11,443,4,CONDITIONAL,9029.3
9174,14276,22791,81,2026-01-18,799,4,CONDITIONAL,5006.3
9175,67472,13329,202,2024-07-31,941,1,PASS,1062.7
9176,78462,18890,176,2025-02-26,156,3,PASS,19230.8
9177,67294,9326,279,2024-09-17,178,4,CONDITIONAL,22471.9
9178,56586,11662,436,2025-11-27,285,1,PASS,3508.8
9179,12586,3656,128,2023-03-17,704,1,PASS,1420.5
9180,40713,24200,403,2024-03-23,496,0,PASS,0.0
9181,51947,25299,429,2025-12-18,966,0,PASS,0.0
9182,19382,29361,70,2023-03-26,281,1,PASS,3558.7
9183,35738,22907,274,2025-03-27,899,3,PASS,3337.0
9184,86809,22832,4,2023-12-08,164,4,CONDITIONAL,24390.2
9185,17291,26919,429,2026-02-15,467,3,PASS,6424.0
9186,32612,17099,223,2025-12-15,149,0,PASS,0.0
9187,1030,10438,321,2023-06-18,835,4,CONDITIONAL,4790.4
9188,25391,22370,296,2024-12-25,617,2,PASS,3241.5
9189,70371,25407,307,2025-04-21,585,1,PASS,1709.4
9190,25519,4598,331,2023-03-28,705,4,CONDITIONAL,5673.8
9191,62145,20116,68,2025-05-20,709,3,PASS,4231.3
9192,68668,10378,405,2023-07-06,389,2,PASS,5141.4
9193,66938,24362,243,2026-07-19,182,3,PASS,16483.5
9194,58327,26690,53,2024-03-05,319,2,PASS,6269.6
9195,1052,20016,402,2025-03-23,162,2,PASS,12345.7
9196,73378,373,188,2026-03-10,930,4,CONDITIONAL,4301.1
9197,47982,24798,405,2025-09-04,755,0,PASS,0.0
9198,89080,10303,383,2025-08-27,999,1,PASS,1001.0
9199,56049,16368,447,2024-06-22,541,0,PASS,0.0
9200,67590,22294,371,2023-04-22,271,3,PASS,11070.1
9201,80917,11787,338,2025-02-10,599,0,PASS,0.0
9202,51669,18709,108,2025-06-17,537,1,PASS,1862.2
9203,39954,11136,71,2024-06-04,881,3,PASS,3405.2
9204,56909,19477,191,2024-08-17,208,1,PASS,4807.7
9205,67670,18390,466,2023-05-04,807,2,PASS,2478.3
9206,25438,13581,497,2025-10-07,467,1,PASS,2141.3
9207,41031,21020,191,2025-01-30,428,0,PASS,0.0
9208,78431,11729,291,2025-07-18,584,2,PASS,3424.7
9209,73769,8101,271,2024-10-06,267,0,PASS,0.0
9210,593,25111,122,2026-04-08,773,2,PASS,2587.3
9211,53280,14448,9,2025-01-21,703,0,PASS,0.0
9212,54097,25173,431,2023-07-30,196,2,PASS,10204.1
9213,46995,322,425,2024-10-24,602,1,PASS,1661.1
9214,33987,20935,371,2025-12-05,501,0,PASS,0.0
9215,69959,14429,227,2025-03-16,290,3,PASS,10344.8
9216,69534,5199,154,2024-06-26,750,3,PASS,4000.0
9217,79782,16085,77,2025-09-23,758,4,CONDITIONAL,5277.0
9218,20582,12397,88,2026-09-17,840,0,PASS,0.0
9219,26539,23441,99,2023-08-28,101,2,PASS,19802.0
9220,60610,655,140,2023-09-06,133,3,PASS,22556.4
9221,40810,26946,283,2024-07-13,936,4,CONDITIONAL,4273.5
9222,65003,4130,312,2023-07-31,796,1,PASS,1256.3
9223,5672,10365,103,2025-08-14,891,4,CONDITIONAL,4489.3
9224,5669,28435,172,2025-03-12,792,1,PASS,1262.6
9225,76254,18446,252,2024-02-16,363,3,PASS,8264.5
9226,80334,9614,158,2024-01-03,237,4,CONDITIONAL,16877.6
9227,57829,10976,370,2023-10-29,152,3,PASS,19736.8
9228,7931,14883,189,2023-03-12,573,0,PASS,0.0
9229,69431,28258,373,2024-07-16,461,4,CONDITIONAL,8676.8
9230,25932,27253,358,2025-11-27,903,1,PASS,1107.4
9231,87296,4783,158,2024-12-13,803,4,CONDITIONAL,4981.3
9232,13964,6931,405,2024-08-16,214,0,PASS,0.0
9233,73894,27180,24,2023-03-28,277,1,PASS,3610.1
9234,55816,25037,178,2023-06-08,806,0,PASS,0.0
9235,16587,6622,422,2024-05-13,352,2,PASS,5681.8
9236,23485,16287,178,2026-07-14,942,1,PASS,1061.6
9237,6887,19454,402,2023-01-18,389,1,PASS,2570.7
9238,87891,25426,346,2023-12-09,385,2,PASS,5194.8
9239,80304,11959,276,2023-09-28,454,0,PASS,0.0
9240,61754,19224,476,2023-11-26,993,0,PASS,0.0
9241,53859,27790,230,2025-11-01,386,0,PASS,0.0
9242,3468,10480,192,2025-07-17,678,4,CONDITIONAL,5899.7
9243,37616,18553,429,2023-04-18,576,0,PASS,0.0
9244,31042,21396,298,2023-10-20,390,0,PASS,0.0
9245,72235,29498,315,2024-10-20,593,1,PASS,1686.3
9246,41805,24101,422,2024-05-11,319,4,CONDITIONAL,12539.2
9247,38591,25906,500,2025-05-10,625,3,PASS,4800.0
9248,47661,13883,111,2023-12-31,729,0,PASS,0.0
9249,75478,9391,116,2024-10-31,452,4,CONDITIONAL,8849.6
9250,53772,10721,222,2023-09-12,622,1,PASS,1607.7
9251,3301,28069,316,2024-10-27,639,4,CONDITIONAL,6259.8
9252,56325,13298,332,2025-08-31,280,3,PASS,10714.3
9253,88194,23534,375,2024-10-06,360,0,PASS,0.0
9254,44555,23460,78,2026-07-13,339,0,PASS,0.0
9255,71417,3258,222,2023-06-27,121,0,PASS,0.0
9256,82965,2794,323,2024-08-10,801,2,PASS,2496.9
9257,40054,16667,182,2026-05-31,259,2,PASS,7722.0
9258,53049,22074,206,2026-09-16,637,4,CONDITIONAL,6279.4
9259,63467,15344,69,2024-11-09,285,0,PASS,0.0
9260,29632,21816,17,2025-11-24,630,3,PASS,4761.9
9261,25414,5884,119,2026-09-30,793,1,PASS,1261.0
9262,37997,1764,192,2024-06-08,994,3,PASS,3018.1
9263,741,12280,281,2024-06-10,227,1,PASS,4405.3
9264,40832,9309,39,2025-10-05,418,0,PASS,0.0
9265,70767,10194,369,2023-12-27,984,4,CONDITIONAL,4065.0
9266,4017,1978,134,2023-02-13,428,2,PASS,4672.9
9267,70535,21119,112,2025-01-11,897,3,PASS,3344.5
9268,65750,2807,420,2023-12-07,819,2,PASS,2442.0
9269,3360,19925,107,2023-02-04,991,2,PASS,2018.2
9270,41545,15734,342,2023-08-03,511,4,CONDITIONAL,7827.8
9271,76375,1534,193,2026-08-16,676,4,CONDITIONAL,5917.2
9272,16015,19755,172,2024-01-19,582,2,PASS,3436.4
9273,74801,8446,119,2024-02-12,707,2,PASS,2828.9
9274,78103,25663,425,2026-04-03,669,3,PASS,4484.3
9275,12105,29745,64,2025-10-03,494,1,PASS,2024.3
9276,46488,4662,171,2024-08-27,241,0,PASS,0.0
9277,18330,5173,2,2026-08-28,198,6,FAIL,30303.0
9278,87226,3759,313,2025-09-12,750,0,PASS,0.0
9279,36286,12169,185,2023-05-09,783,3,PASS,3831.4
9280,10823,19972,200,2024-01-29,858,4,CONDITIONAL,4662.0
9281,51310,7529,91,2024-01-20,499,1,PASS,2004.0
9282,11772,20878,207,2026-09-09,363,1,PASS,2754.8
9283,27554,25275,37,2023-09-18,907,3,PASS,3307.6
9284,31176,25700,328,2023-04-22,661,0,PASS,0.0
9285,39396,9759,179,2023-10-14,195,0,PASS,0.0
9286,1131,374,206,2024-06-24,649,4,CONDITIONAL,6163.3
9287,29114,3411,149,2023-10-03,194,2,PASS,10309.3
9288,65662,22875,25,2026-02-07,582,2,PASS,3436.4
9289,48755,27610,153,2024-06-03,643,1,PASS,1555.2
9290,26355,25254,367,2025-07-09,809,1,PASS,1236.1
9291,2080,4230,238,2024-06-30,968,1,PASS,1033.1
9292,57643,23605,310,2025-08-19,689,0,PASS,0.0
9293,361,4660,304,2023-06-12,242,0,PASS,0.0
9294,80940,22550,178,2023-12-25,259,0,PASS,0.0
9295,43827,14053,156,2026-02-01,980,0,PASS,0.0
9296,16135,14885,74,2026-04-25,310,4,CONDITIONAL,12903.2
9297,42057,16915,4,2025-04-01,116,0,PASS,0.0
9298,44301,17181,484,2026-05-03,228,2,PASS,8771.9
9299,64502,11952,416,2025-10-19,433,3,PASS,6928.4
9300,15335,14763,51,2024-01-17,107,1,PASS,9345.8
9301,4857,22450,348,2023-04-27,653,0,PASS,0.0
9302,53015,11396,12,2026-06-08,857,0,PASS,0.0
9303,66646,29445,197,2024-11-15,659,4,CONDITIONAL,6069.8
9304,6292,18938,461,2024-07-20,915,4,CONDITIONAL,4371.6
9305,70507,2589,238,2023-12-03,489,1,PASS,2045.0
9306,30028,22088,493,2026-08-05,622,4,CONDITIONAL,6430.9
9307,31205,27277,156,2025-04-06,581,3,PASS,5163.5
9308,35769,10237,273,2026-01-07,235,3,PASS,12766.0
9309,45124,28294,303,2023-06-16,785,1,PASS,1273.9
9310,68471,2022,163,2025-12-22,133,3,PASS,22556.4
9311,64710,6572,274,2026-09-29,921,0,PASS,0.0
9312,69631,5057,352,2024-05-29,247,3,PASS,12145.7
9313,38277,9174,406,2024-12-04,357,1,PASS,2801.1
9314,83730,12540,228,2023-10-01,366,3,PASS,8196.7
9315,40111,7427,292,2024-08-16,946,3,PASS,3171.2
9316,36003,9254,432,2024-09-27,427,0,PASS,0.0
9317,57670,11447,30,2023-01-05,153,1,PASS,6535.9
9318,71850,28408,46,2025-12-06,630,4,CONDITIONAL,6349.2
9319,81483,13672,273,2024-03-22,617,1,PASS,1620.7
9320,15984,484,397,2025-04-07,261,2,PASS,7662.8
9321,14059,2668,259,2024-10-09,201,4,CONDITIONAL,19900.5
9322,11664,12196,260,2023-08-22,107,1,PASS,9345.8
9323,60689,25484,256,2024-01-06,812,3,PASS,3694.6
9324,28418,29295,19,2024-03-29,146,0,PASS,0.0
9325,61339,7927,58,2023-09-28,875,4,CONDITIONAL,4571.4
9326,8948,21657,164,2025-07-24,671,4,CONDITIONAL,5961.3
9327,54132,1676,149,2026-09-02,585,3,PASS,5128.2
9328,17492,13456,361,2025-10-09,753,0,PASS,0.0
9329,40096,25336,59,2024-07-13,801,3,PASS,3745.3
9330,64354,9721,144,2025-10-13,919,1,PASS,1088.1
9331,55342,2098,12,2025-07-15,847,0,PASS,0.0
9332,33512,24821,35,2024-05-13,920,2,PASS,2173.9
9333,2119,13430,344,2024-02-05,547,1,PASS,1828.2
9334,39436,11930,112,2025-11-20,785,1,PASS,1273.9
9335,80103,1847,415,2026-09-27,838,0,PASS,0.0
9336,27307,19036,70,2025-06-01,111,2,PASS,18018.0
9337,74167,1140,395,2023-05-24,820,2,PASS,2439.0
9338,38057,11917,461,2024-07-08,778,4,CONDITIONAL,5141.4
9339,52041,5336,218,2023-09-13,115,4,CONDITIONAL,34782.6
9340,16214,6717,212,2024-09-24,870,1,PASS,1149.4
9341,75524,16040,52,2026-07-20,755,3,PASS,3973.5
9342,51316,11985,409,2025-09-16,427,4,CONDITIONAL,9367.7
9343,19700,26650,2,2025-05-12,947,9,FAIL,9503.7
9344,6234,9092,92,2026-08-09,991,1,PASS,1009.1
9345,51345,12806,8,2023-12-19,564,4,CONDITIONAL,7092.2
9346,45099,14750,54,2026-02-06,349,0,PASS,0.0
9347,18259,26143,323,2023-10-09,463,0,PASS,0.0
9348,19836,1336,453,2026-06-18,337,3,PASS,8902.1
9349,63616,11791,176,2023-07-12,686,0,PASS,0.0
9350,70977,14318,485,2024-08-15,951,2,PASS,2103.0
9351,72405,24368,148,2026-02-16,739,4,CONDITIONAL,5412.7
9352,37600,15598,289,2026-04-09,701,2,PASS,2853.1
9353,25147,8207,373,2024-06-07,317,4,CONDITIONAL,12618.3
9354,14810,11366,349,2023-03-04,617,4,CONDITIONAL,6483.0
9355,75467,9253,85,2024-07-25,265,4,CONDITIONAL,15094.3
9356,35262,23522,83,2024-08-08,231,1,PASS,4329.0
9357,39904,2585,343,2023-11-26,320,1,PASS,3125.0
9358,13030,5050,163,2024-02-11,588,3,PASS,5102.0
9359,6666,15931,369,2026-06-04,798,0,PASS,0.0
9360,33563,20120,33,2023-08-12,744,4,CONDITIONAL,5376.3
9361,44108,27217,4,2026-09-23,262,1,PASS,3816.8
9362,85385,5852,473,2024-08-04,452,3,PASS,6637.2
9363,52129,6948,453,2024-06-05,515,2,PASS,3883.5
9364,27172,21654,315,2023-09-26,236,3,PASS,12711.9
9365,63497,10598,396,2023-02-10,789,1,PASS,1267.4
9366,82222,20924,459,2023-03-20,330,4,CONDITIONAL,12121.2
9367,43758,4052,248,2025-04-24,783,2,PASS,2554.3
9368,29944,14621,227,2023-02-07,237,3,PASS,12658.2
9369,31757,1572,460,2024-11-24,936,4,CONDITIONAL,4273.5
9370,34496,11826,45,2025-04-05,402,1,PASS,2487.6
9371,77184,21232,236,2025-02-01,343,4,CONDITIONAL,11661.8
9372,81877,17383,385,2025-09-10,738,4,CONDITIONAL,5420.1
9373,88162,20821,261,2026-07-14,502,0,PASS,0.0
9374,47915,29331,188,2023-02-17,779,0,PASS,0.0
9375,69730,2145,254,2023-03-16,278,0,PASS,0.0
9376,54763,28572,375,2023-10-31,756,4,CONDITIONAL,5291.0
9377,2142,16678,187,2026-04-26,779,3,PASS,3851.1
9378,74877,24916,413,2025-04-26,445,0,PASS,0.0
9379,56554,28359,113,2023-07-27,924,3,PASS,3246.8
9380,67954,15970,112,2026-03-24,441,0,PASS,0.0
9381,44650,18493,83,2025-06-07,881,0,PASS,0.0
9382,86089,27906,472,2025-05-02,310,3,PASS,9677.4
9383,76914,27835,182,2023-06-18,851,1,PASS,1175.1
9384,383,23279,401,2026-01-18,566,3,PASS,5300.4
9385,64109,7101,160,2025-06-10,748,0,PASS,0.0
9386,85466,15260,66,2023-01-04,425,3,PASS,7058.8
9387,48823,6365,73,2026-03-29,948,2,PASS,2109.7
9388,24040,19685,4,2025-10-07,471,0,PASS,0.0
9389,50514,20760,217,2026-02-13,440,2,PASS,4545.5
9390,10096,16880,418,2025-05-04,781,1,PASS,1280.4
9391,13290,13168,45,2026-05-19,795,4,CONDITIONAL,5031.4
9392,68256,7476,91,2025-02-10,590,3,PASS,5084.7
9393,20261,29368,229,2026-05-26,307,4,CONDITIONAL,13029.3
9394,40908,6340,230,2023-05-11,308,4,CONDITIONAL,12987.0
9395,89453,20340,431,2023-09-30,226,4,CONDITIONAL,17699.1
9396,73654,18474,12,2023-11-28,790,3,PASS,3797.5
9397,17723,28417,242,2023-05-16,642,3,PASS,4672.9
9398,71515,661,450,2024-12-29,392,2,PASS,5102.0
9399,87102,28732,22,2025-02-12,611,0,PASS,0.0
9400,50200,4788,261,2024-07-29,962,3,PASS,3118.5
9401,31222,2453,325,2025-10-12,957,4,CONDITIONAL,4179.7
9402,15175,25824,484,2026-04-12,284,2,PASS,7042.3
9403,47788,2746,267,2023-07-03,856,0,PASS,0.0
9404,75320,8513,80,2023-04-02,970,0,PASS,0.0
9405,18578,1172,206,2024-02-25,270,3,PASS,11111.1
9406,20102,2945,167,2025-10-03,895,3,PASS,3352.0
9407,66570,2215,176,2025-01-11,249,0,PASS,0.0
9408,48292,25602,377,2025-08-13,228,3,PASS,13157.9
9409,43760,14584,105,2026-06-21,410,2,PASS,4878.0
9410,18451,6452,147,2024-06-18,562,0,PASS,0.0
9411,78754,23064,263,2026-09-24,484,3,PASS,6198.3
9412,89009,25945,453,2024-09-19,904,0,PASS,0.0
9413,53124,9990,120,2025-03-05,770,1,PASS,1298.7
9414,2286,17620,470,2023-02-28,980,1,PASS,1020.4
9415,89438,23998,302,2024-12-31,366,2,PASS,5464.5
9416,30192,3251,74,2023-06-04,323,1,PASS,3096.0
9417,75818,21955,4,2026-06-28,893,1,PASS,1119.8
9418,14148,12209,483,2026-09-13,333,3,PASS,9009.0
9419,78297,27446,205,2026-06-03,981,3,PASS,3058.1
9420,57689,13431,313,2024-03-05,101,0,PASS,0.0
9421,32267,18600,222,2024-08-29,504,4,CONDITIONAL,7936.5
9422,61709,5291,486,2024-07-14,206,1,PASS,4854.4
9423,22154,7194,239,2025-02-01,908,1,PASS,1101.3
9424,81456,25416,339,2023-04-10,946,3,PASS,3171.2
9425,37788,14285,404,2024-06-08,452,1,PASS,2212.4
9426,19359,26087,200,2024-09-08,196,1,PASS,5102.0
9427,67464,29180,69,2023-12-02,412,0,PASS,0.0
9428,2826,1846,414,2024-02-19,998,0,PASS,0.0
9429,51019,18327,45,2023-01-06,422,3,PASS,7109.0
9430,40064,26123,307,2024-01-06,154,2,PASS,12987.0
9431,69027,3194,394,2025-11-26,753,0,PASS,0.0
9432,60912,14417,168,2024-04-23,792,4,CONDITIONAL,5050.5
9433,41511,17159,335,2023-04-10,464,0,PASS,0.0
9434,87543,18411,34,2025-09-30,511,2,PASS,3913.9
9435,24615,26540,466,2024-12-31,553,0,PASS,0.0
9436,70511,339,470,2025-11-16,367,1,PASS,2724.8
9437,85910,23497,180,2023-07-11,155,3,PASS,19354.8
9438,17789,19573,342,2025-04-14,156,4,CONDITIONAL,25641.0
9439,4053,29268,119,2026-01-19,737,0,PASS,0.0
9440,28842,4108,212,2024-06-16,337,3,PASS,8902.1
9441,39689,20909,317,2024-10-16,369,3,PASS,8130.1
9442,62415,29793,437,2026-05-10,538,3,PASS,5576.2
9443,30715,12356,66,2024-07-27,932,3,PASS,3218.9
9444,19922,7443,171,2026-04-09,497,1,PASS,2012.1
9445,34130,17427,168,2026-05-24,659,3,PASS,4552.4
9446,7310,19245,26,2023-04-18,570,2,PASS,3508.8
9447,55508,26490,165,2023-12-17,396,1,PASS,2525.3
9448,58390,4159,312,2026-09-05,184,0,PASS,0.0
9449,11904,26804,245,2025-11-15,969,3,PASS,3096.0
9450,75495,27050,483,2025-06-06,913,0,PASS,0.0
9451,13015,24981,62,2026-07-05,451,1,PASS,2217.3
9452,77027,17545,493,2025-03-20,801,3,PASS,3745.3
9453,39877,25901,112,2024-12-17,569,2,PASS,3514.9
9454,34310,20641,132,2025-04-15,544,2,PASS,3676.5
9455,73286,6460,228,2025-05-06,866,4,CONDITIONAL,4618.9
9456,56758,21024,356,2024-07-08,912,4,CONDITIONAL,4386.0
9457,27779,22229,49,2026-04-07,250,2,PASS,8000.0
9458,65030,10227,237,2024-12-30,318,0,PASS,0.0
9459,48192,14018,401,2024-09-04,771,4,CONDITIONAL,5188.1
9460,15089,18799,306,2026-01-01,783,0,PASS,0.0
9461,85466,27991,85,2025-09-12,352,1,PASS,2840.9
9462,25419,9017,422,2025-07-08,492,3,PASS,6097.6
9463,8319,29250,449,2023-07-20,382,4,CONDITIONAL,10471.2
9464,80804,2335,40,2023-01-26,918,0,PASS,0.0
9465,36199,19320,177,2024-02-27,245,0,PASS,0.0
9466,50978,7438,4,2025-02-12,849,4,CONDITIONAL,4711.4
9467,36715,15941,12,2025-03-27,863,3,PASS,3476.2
9468,67083,13090,100,2024-11-12,213,2,PASS,9389.7
9469,86639,4095,128,2023-05-30,363,3,PASS,8264.5
9470,33820,14103,6,2024-02-18,872,1,PASS,1146.8
9471,43010,3485,64,2024-04-03,768,4,CONDITIONAL,5208.3
9472,52378,29851,403,2023-11-02,653,0,PASS,0.0
9473,89464,5408,234,2026-04-19,558,2,PASS,3584.2
9474,58889,13057,131,2023-09-09,572,2,PASS,3496.5
9475,79137,24565,427,2024-12-05,345,1,PASS,2898.6
9476,74249,11531,263,2023-06-21,732,1,PASS,1366.1
9477,53110,9972,110,2024-11-15,737,2,PASS,2713.7
9478,81619,24763,192,2025-01-01,865,4,CONDITIONAL,4624.3
9479,40863,9895,453,2025-11-03,381,4,CONDITIONAL,10498.7
9480,37648,17879,159,2026-08-21,910,0,PASS,0.0
9481,78039,1487,240,2024-04-16,166,0,PASS,0.0
9482,72281,21046,367,2025-07-18,828,1,PASS,1207.7
9483,30416,7523,454,2026-07-29,904,2,PASS,2212.4
9484,63330,7302,410,2023-07-20,212,3,PASS,14150.9
9485,16069,13623,113,2025-04-14,831,2,PASS,2406.7
9486,69785,9617,126,2026-05-22,325,3,PASS,9230.8
9487,79681,1776,85,2026-05-06,927,1,PASS,1078.7
9488,86138,270,371,2026-02-06,956,4,CONDITIONAL,4184.1
9489,53674,22600,491,2024-11-16,200,3,PASS,15000.0
9490,74526,14278,460,2023-03-05,379,4,CONDITIONAL,10554.1
9491,11518,13863,316,2026-07-09,211,0,PASS,0.0
9492,14454,25232,8,2026-08-17,698,2,PASS,2865.3
9493,22994,2815,125,2023-02-01,862,4,CONDITIONAL,4640.4
9494,6945,7351,50,2026-07-23,249,0,PASS,0.0
9495,60641,13198,99,2023-06-05,182,3,PASS,16483.5
9496,27554,15668,283,2023-03-15,903,0,PASS,0.0
9497,59812,2888,173,2025-04-03,121,1,PASS,8264.5
9498,39828,24760,39,2023-04-01,442,2,PASS,4524.9
9499,82207,23080,37,2025-05-21,709,4,CONDITIONAL,5641.7
9500,70930,7211,75,2024-03-10,175,0,PASS,0.0
9501,10051,5385,107,2023-07-12,692,1,PASS,1445.1
9502,41464,13350,145,2023-12-09,792,4,CONDITIONAL,5050.5
9503,76370,21515,459,2023-04-11,777,4,CONDITIONAL,5148.0
9504,33364,10884,427,2023-08-18,680,3,PASS,4411.8
9505,88886,27744,351,2023-12-01,311,1,PASS,3215.4
9506,32256,4479,352,2024-05-18,355,2,PASS,5633.8
9507,26724,29194,498,2025-12-09,480,1,PASS,2083.3
9508,7222,1572,292,2025-03-31,576,0,PASS,0.0
9509,82140,1673,76,2026-09-23,665,2,PASS,3007.5
9510,80467,13991,77,2025-06-24,957,3,PASS,3134.8
9511,38911,1281,243,2024-03-21,154,1,PASS,6493.5
9512,11354,16148,33,2023-01-10,911,2,PASS,2195.4
9513,22710,27003,85,2025-04-14,726,2,PASS,2754.8
9514,35139,26288,28,2026-08-25,874,4,CONDITIONAL,4576.7
9515,77036,14361,298,2026-09-07,453,3,PASS,6622.5
9516,72224,19841,492,2023-11-12,344,0,PASS,0.0
9517,66745,21122,304,2023-03-03,153,4,CONDITIONAL,26143.8
9518,37176,3984,78,2025-04-14,196,1,PASS,5102.0
9519,88794,23356,59,2026-01-02,160,3,PASS,18750.0
9520,31863,20186,477,2026-04-23,658,4,CONDITIONAL,6079.0
9521,2273,29677,24,2026-05-14,219,4,CONDITIONAL,18264.8
9522,28805,13257,173,2023-07-04,262,1,PASS,3816.8
9523,41985,14868,310,2026-08-17,852,2,PASS,2347.4
9524,46664,17691,468,2026-09-26,966,1,PASS,1035.2
9525,4892,9909,159,2025-03-22,747,0,PASS,0.0
9526,69646,22993,52,2023-01-31,266,0,PASS,0.0
9527,77560,26226,237,2025-03-28,656,0,PASS,0.0
9528,61261,12455,365,2026-06-07,594,4,CONDITIONAL,6734.0
9529,77574,22560,91,2025-06-13,115,0,PASS,0.0
9530,76758,27249,11,2025-03-05,285,4,CONDITIONAL,14035.1
9531,87205,8625,274,2023-06-25,631,0,PASS,0.0
9532,82104,21844,344,2023-11-11,239,2,PASS,8368.2
9533,77182,10980,200,2025-07-25,464,2,PASS,4310.3
9534,54534,26438,257,2024-03-01,236,1,PASS,4237.3
9535,36930,6186,316,2026-05-01,780,3,PASS,3846.2
9536,24722,1806,48,2023-02-20,369,3,PASS,8130.1
9537,39701,16301,73,2025-05-11,492,1,PASS,2032.5
9538,89388,1974,379,2023-07-26,656,0,PASS,0.0
9539,2600,14550,2,2024-09-30,391,13,FAIL,33248.1
9540,68902,21563,233,2024-12-11,499,2,PASS,4008.0
9541,21777,9272,449,2023-10-11,840,3,PASS,3571.4
9542,72383,25262,367,2023-09-04,228,0,PASS,0.0
9543,45833,6404,35,2024-04-18,486,3,PASS,6172.8
9544,67094,903,472,2024-01-27,198,0,PASS,0.0
9545,65226,23968,325,2025-12-15,834,1,PASS,1199.0
9546,38587,11237,188,2024-12-03,931,2,PASS,2148.2
9547,88695,23727,393,2024-10-10,922,3,PASS,3253.8
9548,43813,24062,186,2024-07-02,152,1,PASS,6578.9
9549,43655,17725,415,2025-05-05,455,0,PASS,0.0
9550,45077,20427,442,2026-08-16,560,2,PASS,3571.4
9551,47845,7209,326,2023-08-14,956,1,PASS,1046.0
9552,19972,15418,46,2025-07-04,383,1,PASS,2611.0
9553,75105,13003,396,2026-09-30,634,4,CONDITIONAL,6309.1
9554,60998,20040,115,2024-04-01,300,4,CONDITIONAL,13333.3
9555,43582,14490,48,2024-12-19,438,4,CONDITIONAL,9132.4
9556,86910,11558,291,2025-05-21,123,3,PASS,24390.2
9557,41276,12464,50,2025-12-17,216,0,PASS,0.0
9558,87260,14355,341,2024-02-20,190,0,PASS,0.0
9559,1973,25502,129,2023-05-13,812,0,PASS,0.0
9560,74925,11765,175,2023-09-22,622,3,PASS,4823.2
9561,60508,5593,244,2023-02-21,791,4,CONDITIONAL,5056.9
9562,9651,21817,301,2025-03-26,567,1,PASS,1763.7
9563,4707,9813,358,2025-12-18,710,2,PASS,2816.9
9564,87944,15598,128,2024-12-19,573,4,CONDITIONAL,6980.8
9565,40731,4938,344,2025-07-26,157,1,PASS,6369.4
9566,10497,6095,227,2024-08-22,557,4,CONDITIONAL,7181.3
9567,87100,6232,327,2024-10-04,110,4,CONDITIONAL,36363.6
9568,37386,8708,201,2025-10-27,147,3,PASS,20408.2
9569,8760,24750,277,2023-03-03,211,0,PASS,0.0
9570,58655,19830,33,2025-08-29,827,0,PASS,0.0
9571,32566,24466,336,2023-03-10,449,4,CONDITIONAL,8908.7
9572,22042,11853,438,2026-05-02,547,4,CONDITIONAL,7312.6
9573,57481,26676,33,2025-06-13,313,4,CONDITIONAL,12779.6
9574,87745,9107,127,2025-06-26,729,4,CONDITIONAL,5487.0
9575,49397,25775,47,2026-06-27,688,4,CONDITIONAL,5814.0
9576,28112,16171,248,2024-12-09,471,0,PASS,0.0
9577,42270,12753,381,2025-08-07,909,3,PASS,3300.3
9578,67518,12214,248,2023-07-24,612,2,PASS,3268.0
9579,59313,5565,415,2025-02-05,968,1,PASS,1033.1
9580,36816,19280,259,2024-04-18,239,3,PASS,12552.3
9581,87545,21700,489,2026-08-17,215,2,PASS,9302.3
9582,20094,27190,175,2023-02-02,874,3,PASS,3432.5
9583,15508,18133,95,2024-06-20,688,2,PASS,2907.0
9584,67494,4219,37,2024-06-17,815,2,PASS,2454.0
9585,53106,8554,293,2026-08-18,675,3,PASS,4444.4
9586,62153,21748,80,2023-04-13,508,1,PASS,1968.5
9587,11238,27515,411,2023-09-29,132,4,CONDITIONAL,30303.0
9588,56774,4563,49,2023-10-13,123,2,PASS,16260.2
9589,81516,26443,369,2024-01-29,750,3,PASS,4000.0
9590,13732,18580,85,2024-08-01,678,0,PASS,0.0
9591,31566,2636,386,2023-06-05,360,4,CONDITIONAL,11111.1
9592,14332,3146,475,2023-02-28,408,3,PASS,7352.9
9593,29583,14267,68,2026-01-03,554,3,PASS,5415.2
9594,78158,10395,369,2024-07-12,508,4,CONDITIONAL,7874.0
9595,31045,11458,9,2023-04-09,646,3,PASS,4644.0
9596,67541,28791,76,2024-08-21,315,4,CONDITIONAL,12698.4
9597,40182,23370,28,2026-08-13,809,0,PASS,0.0
9598,20846,14826,214,2025-02-06,642,2,PASS,3115.3
9599,82057,25203,202,2025-05-31,356,4,CONDITIONAL,11236.0
9600,79357,1336,251,2023-03-26,144,0,PASS,0.0
9601,9719,21770,267,2024-10-27,746,2,PASS,2681.0
9602,15977,19628,362,2025-02-08,240,4,CONDITIONAL,16666.7
9603,5589,2124,201,2026-03-21,378,2,PASS,5291.0
9604,57983,24488,336,2024-07-29,247,4,CONDITIONAL,16194.3
9605,51039,14461,382,2023-07-17,417,1,PASS,2398.1
9606,47909,11934,30,2024-03-26,708,3,PASS,4237.3
9607,53200,22035,135,2025-04-16,264,4,CONDITIONAL,15151.5
9608,2245,20773,2,2023-05-14,448,1,PASS,2232.1
9609,67756,22521,235,2025-09-19,809,1,PASS,1236.1
9610,22360,3026,355,2026-06-27,232,3,PASS,12931.0
9611,60323,991,387,2024-11-01,130,4,CONDITIONAL,30769.2
9612,27997,8797,22,2024-10-21,965,3,PASS,3108.8
9613,46990,29286,452,2023-06-12,645,4,CONDITIONAL,6201.6
9614,31870,17898,379,2025-11-13,889,0,PASS,0.0
9615,89412,24426,88,2023-08-07,356,1,PASS,2809.0
9616,61251,14575,469,2023-07-02,436,4,CONDITIONAL,9174.3
9617,73410,8275,472,2023-02-13,832,0,PASS,0.0
9618,30967,18281,377,2025-08-22,160,4,CONDITIONAL,25000.0
9619,64064,11073,26,2025-03-29,331,0,PASS,0.0
9620,58820,13199,104,2025-11-07,917,3,PASS,3271.5
9621,55167,21634,105,2025-04-17,687,4,CONDITIONAL,5822.4
9622,56616,17779,79,2025-12-11,847,2,PASS,2361.3
9623,35306,5854,1,2024-09-22,857,14,FAIL,16336.1
9624,72743,19917,268,2025-01-26,521,2,PASS,3838.8
9625,6005,15004,284,2026-04-14,420,3,PASS,7142.9
9626,83342,14986,142,2026-03-06,986,2,PASS,2028.4
9627,36432,26789,449,2026-06-12,727,3,PASS,4126.5
9628,35532,5987,14,2023-12-17,644,2,PASS,3105.6
9629,66099,25690,126,2025-07-15,486,0,PASS,0.0
9630,87373,22021,464,2023-07-29,112,0,PASS,0.0
9631,55107,12684,229,2025-12-08,737,3,PASS,4070.6
9632,16138,20194,7,2025-05-19,124,3,PASS,24193.5
9633,5223,13619,191,2025-01-17,237,1,PASS,4219.4
9634,20618,1450,400,2025-11-15,871,2,PASS,2296.2
9635,18021,22657,30,2025-02-15,856,2,PASS,2336.4
9636,51241,29150,47,2025-05-08,557,2,PASS,3590.7
9637,62317,21549,477,2025-08-12,923,1,PASS,1083.4
9638,45808,12260,292,2023-04-04,140,0,PASS,0.0
9639,6495,22527,193,2023-09-23,435,2,PASS,4597.7
9640,21058,19405,73,2024-06-23,352,2,PASS,5681.8
9641,43742,315,216,2026-07-26,153,2,PASS,13071.9
9642,2243,20780,193,2025-03-12,396,0,PASS,0.0
9643,53580,6492,271,2024-07-11,406,0,PASS,0.0
9644,69562,6639,393,2023-04-15,566,3,PASS,5300.4
9645,58176,5626,214,2026-08-03,449,1,PASS,2227.2
9646,89159,23677,120,2024-01-16,398,3,PASS,7537.7
9647,60981,24669,255,2024-09-18,821,2,PASS,2436.1
9648,76783,23213,130,2023-12-24,556,3,PASS,5395.7
9649,81625,9127,43,2025-04-23,861,2,PASS,2322.9
9650,49423,28745,323,2025-06-07,740,4,CONDITIONAL,5405.4
9651,66870,22850,165,2024-12-17,341,0,PASS,0.0
9652,46469,7788,483,2025-11-10,677,1,PASS,1477.1
9653,18709,4680,267,2024-05-20,279,3,PASS,10752.7
9654,74264,19706,231,2024-09-26,976,3,PASS,3073.8
9655,62941,3660,342,2025-10-16,435,3,PASS,6896.6
9656,88400,4143,403,2025-07-30,344,2,PASS,5814.0
9657,15170,6149,451,2024-04-09,600,4,CONDITIONAL,6666.7
9658,72696,20180,480,2023-01-06,726,4,CONDITIONAL,5509.6
9659,33098,23392,325,2023-11-13,123,3,PASS,24390.2
9660,80123,18175,127,2025-04-07,357,1,PASS,2801.1
9661,37323,16366,13,2025-04-20,493,2,PASS,4056.8
9662,30163,17828,347,2026-05-08,476,0,PASS,0.0
9663,34191,20554,213,2024-04-11,431,3,PASS,6960.6
9664,50916,7182,188,2023-01-17,606,3,PASS,4950.5
9665,56043,2271,248,2025-08-10,854,3,PASS,3512.9
9666,43205,14588,318,2023-03-22,784,1,PASS,1275.5
9667,35489,28073,131,2023-10-31,923,4,CONDITIONAL,4333.7
9668,37752,17669,198,2025-07-26,405,4,CONDITIONAL,9876.5
9669,55079,26187,200,2023-11-15,391,3,PASS,7672.6
9670,16616,17369,74,2025-02-09,462,4,CONDITIONAL,8658.0
9671,41920,22037,471,2026-02-26,215,4,CONDITIONAL,18604.7
9672,8473,1394,88,2025-02-14,714,2,PASS,2801.1
9673,71398,3613,224,2023-10-15,722,2,PASS,2770.1
9674,15224,16694,81,2025-08-07,287,4,CONDITIONAL,13937.3
9675,8016,138,495,2026-06-06,522,4,CONDITIONAL,7662.8
9676,62184,13682,322,2024-02-17,565,1,PASS,1769.9
9677,72416,5192,80,2026-05-30,835,3,PASS,3592.8
9678,28991,741,8,2025-02-28,736,0,PASS,0.0
9679,69993,24078,271,2026-04-18,490,0,PASS,0.0
9680,34556,16694,276,2023-07-27,547,2,PASS,3656.3
9681,84645,25259,270,2023-12-02,683,1,PASS,1464.1
9682,51195,23521,229,2026-01-27,999,1,PASS,1001.0
9683,77355,19482,423,2026-02-20,655,3,PASS,4580.2
9684,33598,15452,183,2024-04-08,554,3,PASS,5415.2
9685,43334,645,487,2024-05-10,837,1,PASS,1194.7
9686,9463,18564,267,2025-10-08,109,2,PASS,18348.6
9687,80282,9799,106,2025-12-25,228,2,PASS,8771.9
9688,2591,11671,333,2023-05-12,267,1,PASS,3745.3
9689,17503,21134,256,2024-08-08,656,2,PASS,3048.8
9690,83231,18520,277,2024-04-10,573,4,CONDITIONAL,6980.8
9691,78525,8497,320,2026-09-01,645,2,PASS,3100.8
9692,84418,20468,128,2024-03-21,924,2,PASS,2164.5
9693,12918,10235,386,2026-04-11,507,3,PASS,5917.2
9694,69356,3968,299,2024-08-19,481,4,CONDITIONAL,8316.0
9695,32522,4444,104,2025-12-08,933,1,PASS,1071.8
9696,70267,25563,398,2026-06-30,595,3,PASS,5042.0
9697,69861,15208,81,2025-02-07,572,2,PASS,3496.5
9698,86422,24485,66,2023-12-25,762,1,PASS,1312.3
9699,9218,6941,389,2024-07-07,606,3,PASS,4950.5
9700,59844,5688,257,2024-10-18,152,2,PASS,13157.9
9701,76579,5815,250,2026-06-30,903,4,CONDITIONAL,4429.7
9702,63756,21787,435,2024-03-21,913,0,PASS,0.0
9703,32942,9062,452,2025-07-14,646,1,PASS,1548.0
9704,58157,21739,38,2026-08-23,399,3,PASS,7518.8
9705,62417,26980,422,2025-07-26,548,3,PASS,5474.5
9706,86481,9707,188,2023-10-18,131,1,PASS,7633.6
9707,23516,18329,415,2026-04-07,260,2,PASS,7692.3
9708,32917,7918,241,2023-10-02,678,2,PASS,2949.9
9709,6332,4688,446,2025-04-23,505,3,PASS,5940.6
9710,60136,29580,171,2023-10-19,624,0,PASS,0.0
9711,8622,21114,4,2026-06-29,490,1,PASS,2040.8
9712,52357,29599,128,2025-09-06,159,1,PASS,6289.3
9713,17798,12359,183,2023-02-10,967,1,PASS,1034.1
9714,87500,27881,393,2024-07-04,849,0,PASS,0.0
9715,21540,19721,271,2026-02-01,509,1,PASS,1964.6
9716,5247,15363,282,2026-02-19,835,2,PASS,2395.2
9717,30313,24004,122,2023-07-04,538,0,PASS,0.0
9718,30552,17406,326,2026-06-05,998,0,PASS,0.0
9719,63235,14416,443,2025-09-04,591,1,PASS,1692.0
9720,71918,13277,277,2025-04-14,109,2,PASS,18348.6
9721,61816,17964,224,2024-04-01,201,4,CONDITIONAL,19900.5
9722,34215,19041,403,2025-06-01,664,1,PASS,1506.0
9723,48061,28226,16,2023-05-08,609,0,PASS,0.0
9724,85048,7102,344,2026-08-28,422,2,PASS,4739.3
9725,61979,3954,460,2024-11-01,332,2,PASS,6024.1
9726,12173,13129,490,2024-10-11,691,4,CONDITIONAL,5788.7
9727,3648,21371,5,2025-11-01,811,0,PASS,0.0
9728,65333,2947,338,2025-04-10,976,0,PASS,0.0
9729,65522,5112,136,2025-02-11,309,4,CONDITIONAL,12945.0
9730,55013,13917,151,2024-10-05,813,3,PASS,3690.0
9731,28829,9546,368,2024-09-30,696,1,PASS,1436.8
9732,86021,19394,223,2026-08-05,669,3,PASS,4484.3
9733,50001,23114,261,2023-03-31,350,3,PASS,8571.4
9734,69583,4313,333,2024-06-13,679,0,PASS,0.0
9735,79974,25618,416,2026-05-21,130,1,PASS,7692.3
9736,53003,11497,494,2025-02-07,465,3,PASS,6451.6
9737,61404,23172,69,2025-03-21,265,0,PASS,0.0
9738,58756,14483,361,2023-08-13,724,0,PASS,0.0
9739,9544,18302,23,2023-04-15,901,2,PASS,2219.8
9740,20608,28344,444,2023-10-16,559,3,PASS,5366.7
9741,21914,15573,411,2024-08-03,682,1,PASS,1466.3
9742,39815,18105,105,2024-09-05,754,2,PASS,2652.5
9743,72886,20918,167,2025-01-25,153,1,PASS,6535.9
9744,24303,11499,80,2025-08-02,892,2,PASS,2242.2
9745,88497,9314,205,2026-05-06,344,3,PASS,8720.9
9746,2458,17065,371,2023-09-10,721,1,PASS,1387.0
9747,42114,8629,358,2023-01-15,188,4,CONDITIONAL,21276.6
9748,38864,26533,245,2026-05-08,552,1,PASS,1811.6
9749,13154,1529,497,2024-08-30,239,2,PASS,8368.2
9750,83702,21463,410,2026-01-24,971,1,PASS,1029.9
9751,63620,11837,457,2025-07-05,981,4,CONDITIONAL,4077.5
9752,12540,57,11,2025-06-08,902,0,PASS,0.0
9753,30723,6322,273,2025-08-17,649,2,PASS,3081.7
9754,88221,16635,28,2025-11-12,765,0,PASS,0.0
9755,53181,25640,272,2023-08-07,447,3,PASS,6711.4
9756,20506,4679,378,2023-11-27,477,0,PASS,0.0
9757,11529,22796,50,2023-02-01,299,0,PASS,0.0
9758,73721,9717,482,2026-02-11,100,0,PASS,0.0
9759,47807,18457,95,2024-12-20,351,1,PASS,2849.0
9760,72692,19380,460,2024-10-07,180,0,PASS,0.0
9761,73573,28066,291,2024-12-16,294,4,CONDITIONAL,13605.4
9762,40496,18426,331,2025-03-17,148,0,PASS,0.0
9763,65657,6193,287,2026-01-22,753,2,PASS,2656.0
9764,19089,20473,459,2026-06-10,887,0,PASS,0.0
9765,13304,20766,372,2026-04-28,681,4,CONDITIONAL,5873.7
9766,18953,22671,491,2025-03-05,737,4,CONDITIONAL,5427.4
9767,64131,10494,179,2023-12-19,323,3,PASS,9287.9
9768,16291,21705,49,2023-02-18,105,1,PASS,9523.8
9769,80597,10175,378,2026-03-14,561,1,PASS,1782.5
9770,59505,18824,434,2023-08-17,122,1,PASS,8196.7
9771,52099,15082,307,2025-06-02,861,3,PASS,3484.3
9772,12102,17729,252,2026-02-09,404,0,PASS,0.0
9773,67845,6463,124,2023-10-12,223,3,PASS,13452.9
9774,30131,1901,488,2025-03-07,374,0,PASS,0.0
9775,16200,22937,25,2023-12-04,344,1,PASS,2907.0
9776,46520,1134,322,2025-11-05,243,3,PASS,12345.7
9777,87347,13643,422,2024-09-16,432,0,PASS,0.0
9778,66482,6704,225,2023-10-11,159,4,CONDITIONAL,25157.2
9779,44979,18566,52,2024-04-26,140,3,PASS,21428.6
9780,31431,24367,204,2023-03-27,423,1,PASS,2364.1
9781,43879,3495,344,2026-06-30,880,1,PASS,1136.4
9782,46652,7946,123,2024-03-19,187,3,PASS,16042.8
9783,4891,19815,106,2026-05-31,583,4,CONDITIONAL,6861.1
9784,3296,10998,329,2025-11-18,986,3,PASS,3042.6
9785,45414,8451,476,2025-08-20,824,4,CONDITIONAL,4854.4
9786,83615,13217,147,2025-06-24,587,0,PASS,0.0
9787,67362,1154,340,2024-03-21,507,4,CONDITIONAL,7889.5
9788,43670,19375,171,2025-01-14,329,0,PASS,0.0
9789,685,10314,176,2023-03-06,854,0,PASS,0.0
9790,13927,22997,228,2025-02-06,814,3,PASS,3685.5
9791,12120,365,69,2023-02-05,926,3,PASS,3239.7
9792,7455,29081,383,2024-04-21,551,1,PASS,1814.9
9793,45199,25940,121,2026-04-04,524,4,CONDITIONAL,7633.6
9794,28046,12853,147,2026-09-09,515,4,CONDITIONAL,7767.0
9795,53528,7338,219,2025-10-18,573,4,CONDITIONAL,6980.8
9796,25786,815,300,2023-08-09,154,0,PASS,0.0
9797,62306,13230,210,2026-07-29,975,4,CONDITIONAL,4102.6
9798,74807,11703,172,2024-02-14,944,4,CONDITIONAL,4237.3
9799,83351,21424,298,2025-02-17,984,2,PASS,2032.5
9800,24585,15485,204,2025-12-02,181,0,PASS,0.0
9801,78040,1921,110,2026-08-20,950,2,PASS,2105.3
9802,67120,16107,74,2025-06-03,332,3,PASS,9036.1
9803,52106,13532,307,2026-07-05,329,3,PASS,9118.5
9804,77260,20918,119,2026-08-08,774,4,CONDITIONAL,5168.0
9805,76807,12885,66,2026-07-14,589,1,PASS,1697.8
9806,78642,18351,310,2026-02-16,322,4,CONDITIONAL,12422.4
9807,13670,5160,46,2024-09-06,961,1,PASS,1040.6
9808,88885,3905,178,2026-07-27,113,3,PASS,26548.7
9809,22179,5112,138,2023-12-05,303,2,PASS,6600.7
9810,89202,27551,475,2024-07-08,221,3,PASS,13574.7
9811,14080,3904,252,2025-08-25,410,0,PASS,0.0
9812,33231,8279,203,2026-05-04,819,0,PASS,0.0
9813,23816,16070,80,2024-10-02,200,4,CONDITIONAL,20000.0
9814,58108,13717,12,2023-07-30,259,1,PASS,3861.0
9815,80436,15345,457,2023-03-08,462,1,PASS,2164.5
9816,58339,1244,334,2023-11-13,746,2,PASS,2681.0
9817,42463,15040,135,2023-12-27,601,0,PASS,0.0
9818,86611,26137,416,2023-10-11,582,2,PASS,3436.4
9819,3589,22566,443,2024-04-22,987,3,PASS,3039.5
9820,81630,28950,258,2025-06-20,579,4,CONDITIONAL,6908.5
9821,43797,17932,323,2025-10-30,472,0,PASS,0.0
9822,61734,26645,233,2023-07-16,365,0,PASS,0.0
9823,22262,4087,106,2025-10-08,260,2,PASS,7692.3
9824,70660,10268,421,2024-05-30,589,0,PASS,0.0
9825,36589,23797,399,2024-12-09,939,3,PASS,3194.9
9826,45106,13261,360,2024-05-20,304,2,PASS,6578.9
9827,54851,13987,157,2023-09-14,452,2,PASS,4424.8
9828,38992,24741,313,2025-05-17,355,2,PASS,5633.8
9829,61721,10143,129,2024-07-22,558,3,PASS,5376.3
9830,49591,17902,456,2024-05-17,242,2,PASS,8264.5
9831,13932,6389,56,2023-07-04,216,2,PASS,9259.3
9832,68746,15869,35,2023-02-02,458,1,PASS,2183.4
9833,36963,744,86,2023-09-10,165,3,PASS,18181.8
9834,4823,22509,62,2025-08-21,595,4,CONDITIONAL,6722.7
9835,40048,20382,274,2024-08-16,322,2,PASS,6211.2
9836,54243,9559,320,2023-07-23,229,3,PASS,13100.4
9837,59472,9793,233,2023-09-01,501,3,PASS,5988.0
9838,8966,23396,139,2025-08-28,977,0,PASS,0.0
9839,74292,969,100,2024-06-29,838,4,CONDITIONAL,4773.3
9840,38579,4636,273,2024-09-30,671,1,PASS,1490.3
9841,20523,27333,110,2026-09-25,242,2,PASS,8264.5
9842,57485,2021,400,2025-04-06,349,1,PASS,2865.3
9843,70696,118,128,2023-07-18,762,2,PASS,2624.7
9844,3019,19074,257,2023-11-25,132,0,PASS,0.0
9845,10254,11322,484,2025-10-06,222,4,CONDITIONAL,18018.0
9846,39484,17293,236,2024-01-31,856,1,PASS,1168.2
9847,86561,14988,498,2024-07-02,897,3,PASS,3344.5
9848,42812,22746,446,2023-06-15,436,2,PASS,4587.2
9849,77702,23859,146,2026-03-09,409,1,PASS,2445.0
9850,77745,18807,171,2024-09-25,729,4,CONDITIONAL,5487.0
9851,65869,10596,228,2025-12-27,843,0,PASS,0.0
9852,42016,23062,443,2023-12-16,885,3,PASS,3389.8
9853,88356,2718,242,2026-02-24,581,3,PASS,5163.5
9854,38699,24362,336,2025-11-08,285,3,PASS,10526.3
9855,14632,29780,462,2024-11-11,669,3,PASS,4484.3
9856,22423,7612,257,2025-06-26,977,0,PASS,0.0
9857,82973,20297,39,2025-12-15,196,3,PASS,15306.1
9858,87817,1000,293,2025-09-10,804,0,PASS,0.0
9859,23062,819,161,2023-12-24,674,2,PASS,2967.4
9860,49629,12103,426,2025-10-11,390,3,PASS,7692.3
9861,13951,21526,290,2026-07-12,511,0,PASS,0.0
9862,85742,21310,81,2023-07-19,496,2,PASS,4032.3
9863,11574,25399,215,2025-10-05,189,2,PASS,10582.0
9864,63687,15371,216,2025-08-06,637,4,CONDITIONAL,6279.4
9865,1076,11296,122,2026-09-18,389,1,PASS,2570.7
9866,45158,15660,374,2024-07-14,690,2,PASS,2898.6
9867,16834,14581,339,2025-01-13,649,3,PASS,4622.5
9868,24853,21296,321,2023-02-13,241,3,PASS,12448.1
9869,19418,11227,246,2023-01-14,822,3,PASS,3649.6
9870,88407,24554,59,2025-08-03,562,2,PASS,3558.7
9871,29055,1472,131,2026-03-18,931,4,CONDITIONAL,4296.5
9872,21317,18003,151,2026-07-12,322,3,PASS,9316.8
9873,56535,13024,79,2023-07-12,901,2,PASS,2219.8
9874,32061,6233,449,2024-11-19,424,2,PASS,4717.0
9875,15810,1844,25,2024-06-02,398,1,PASS,2512.6
9876,70885,2179,481,2024-02-27,408,4,CONDITIONAL,9803.9
9877,66596,20407,482,2025-08-06,762,2,PASS,2624.7
9878,65901,7956,83,2024-11-12,926,2,PASS,2159.8
9879,3428,28917,455,2025-11-05,641,0,PASS,0.0
9880,28010,21954,490,2023-06-03,196,0,PASS,0.0
9881,65471,10159,148,2026-02-16,697,1,PASS,1434.7
9882,30888,21804,24,2025-08-01,455,2,PASS,4395.6
9883,11178,22773,78,2026-05-21,462,3,PASS,6493.5
9884,84506,22358,244,2025-08-13,830,2,PASS,2409.6
9885,32839,14557,422,2024-06-25,655,0,PASS,0.0
9886,47687,28949,199,2024-11-30,929,4,CONDITIONAL,4305.7
9887,36515,17790,54,2023-10-16,446,1,PASS,2242.2
9888,28372,16222,458,2026-09-15,761,2,PASS,2628.1
9889,14904,595,290,2024-04-06,926,4,CONDITIONAL,4319.7
9890,43683,19415,354,2023-06-25,867,3,PASS,3460.2
9891,53947,2719,366,2026-01-18,519,1,PASS,1926.8
9892,5805,29826,458,2025-11-08,907,1,PASS,1102.5
9893,60204,22818,50,2025-09-17,583,3,PASS,5145.8
9894,9065,12562,119,2025-11-04,380,1,PASS,2631.6
9895,22722,12929,322,2024-01-09,513,1,PASS,1949.3
9896,21219,28107,38,2026-02-27,720,0,PASS,0.0
9897,68006,11571,381,2023-11-20,424,1,PASS,2358.5
9898,43202,5129,40,2026-07-19,537,2,PASS,3724.4
9899,46404,5403,434,2024-04-14,946,2,PASS,2114.2
9900,70863,8351,448,2025-07-11,710,1,PASS,1408.5
9901,25806,22445,470,2025-01-13,941,0,PASS,0.0
9902,38818,16763,2,2026-01-04,703,5,PASS,7112.4
9903,42405,7532,445,2023-03-24,918,1,PASS,1089.3
9904,25930,9548,369,2023-04-27,503,2,PASS,3976.1
9905,66154,7534,145,2026-09-27,777,1,PASS,1287.0
9906,86419,24238,188,2026-03-02,455,2,PASS,4395.6
9907,44464,8826,161,2025-04-24,937,1,PASS,1067.2
9908,73520,11228,365,2025-08-01,507,4,CONDITIONAL,7889.5
9909,33354,7551,208,2024-05-23,390,2,PASS,5128.2
9910,9765,15445,391,2025-01-04,933,3,PASS,3215.4
9911,43661,3646,188,2025-11-20,250,0,PASS,0.0
9912,5699,16887,199,2023-11-08,970,2,PASS,2061.9
9913,54702,14281,486,2026-05-24,921,4,CONDITIONAL,4343.1
9914,14494,15798,243,2024-09-09,230,1,PASS,4347.8
9915,2568,5721,331,2024-03-23,853,0,PASS,0.0
9916,45387,23829,235,2023-09-05,563,0,PASS,0.0
9917,52153,10934,456,2026-09-29,844,2,PASS,2369.7
9918,38385,400,231,2023-05-23,145,2,PASS,13793.1
9919,29573,10057,137,2024-09-14,891,4,CONDITIONAL,4489.3
9920,83843,23522,388,2024-09-28,118,4,CONDITIONAL,33898.3
9921,33303,18425,105,2025-08-29,868,2,PASS,2304.1
9922,35617,9548,214,2023-09-19,824,1,PASS,1213.6
9923,41155,20812,293,2025-11-07,290,4,CONDITIONAL,13793.1
9924,75060,19888,21,2025-03-22,295,4,CONDITIONAL,13559.3
9925,35504,16146,243,2025-11-17,292,2,PASS,6849.3
9926,21232,5714,341,2025-04-16,526,1,PASS,1901.1
9927,54056,26883,322,2024-07-15,757,2,PASS,2642.0
9928,4682,28921,274,2025-07-09,830,2,PASS,2409.6
9929,20840,9737,223,2026-06-18,651,2,PASS,3072.2
9930,3871,5856,375,2026-04-17,966,3,PASS,3105.6
9931,49562,15518,28,2025-02-20,639,2,PASS,3129.9
9932,81439,18820,140,2026-08-08,750,0,PASS,0.0
9933,29075,3628,137,2023-03-30,237,2,PASS,8438.8
9934,2588,17349,433,2023-12-23,459,1,PASS,2178.6
9935,9171,8193,393,2023-11-06,976,4,CONDITIONAL,4098.4
9936,70189,3667,55,2023-09-18,502,2,PASS,3984.1
9937,47630,17855,209,2026-06-15,743,4,CONDITIONAL,5383.6
9938,23027,19268,112,2024-06-22,996,4,CONDITIONAL,4016.1
9939,84564,12614,256,2026-01-14,812,3,PASS,3694.6
9940,49365,5252,497,2024-07-16,255,4,CONDITIONAL,15686.3
9941,22198,11104,488,2026-05-21,925,3,PASS,3243.2
9942,89394,6453,344,2024-08-27,187,3,PASS,16042.8
9943,33525,9597,285,2023-04-12,120,2,PASS,16666.7
9944,39943,16815,235,2025-03-15,721,4,CONDITIONAL,5547.9
9945,63494,20414,297,2025-01-16,560,2,PASS,3571.4
9946,34250,11847,93,2024-04-17,440,2,PASS,4545.5
9947,13069,28809,156,2024-11-14,677,0,PASS,0.0
9948,33909,23100,124,2024-12-16,703,2,PASS,2845.0
9949,60049,14130,112,2026-06-04,378,3,PASS,7936.5
9950,64623,14326,207,2024-06-07,644,0,PASS,0.0
9951,86047,3242,202,2023-03-27,331,0,PASS,0.0
9952,54642,20828,372,2025-04-16,475,3,PASS,6315.8
9953,81831,9928,366,2025-06-07,828,1,PASS,1207.7
9954,65947,19107,479,2023-01-12,100,1,PASS,10000.0
9955,17544,28106,21,2026-01-15,768,2,PASS,2604.2
9956,14339,1171,343,2023-04-18,890,2,PASS,2247.2
9957,71833,28000,169,2025-04-30,665,2,PASS,3007.5
9958,18603,14530,189,2025-10-01,512,4,CONDITIONAL,7812.5
9959,26704,4622,15,2026-09-17,243,2,PASS,8230.5
9960,46720,23185,6,2025-05-31,870,3,PASS,3448.3
9961,63225,26331,120,2026-09-11,368,1,PASS,2717.4
9962,22115,6242,417,2025-04-23,767,3,PASS,3911.3
9963,86914,1629,86,2025-04-06,750,3,PASS,4000.0
9964,21958,28687,7,2024-02-22,657,3,PASS,4566.2
9965,62922,14638,265,2024-12-18,575,2,PASS,3478.3
9966,78160,26994,313,2023-07-03,626,3,PASS,4792.3
9967,56622,2638,15,2023-11-08,924,3,PASS,3246.8
9968,88134,609,108,2025-04-30,566,4,CONDITIONAL,7067.1
9969,51315,8445,451,2023-01-01,478,2,PASS,4184.1
9970,42571,14942,297,2025-06-04,489,3,PASS,6135.0
9971,18813,7243,219,2024-05-03,181,3,PASS,16574.6
9972,82466,6371,284,2024-04-23,654,1,PASS,1529.1
9973,7762,25357,234,2024-06-09,516,2,PASS,3876.0
9974,23155,18297,91,2025-12-16,538,2,PASS,3717.5
9975,1969,9929,185,2026-04-07,322,2,PASS,6211.2
9976,46470,18253,36,2023-06-17,592,0,PASS,0.0
9977,67763,2012,113,2023-06-16,857,3,PASS,3500.6
9978,2785,6585,369,2025-05-31,735,1,PASS,1360.5
9979,54595,21121,52,2024-04-01,892,2,PASS,2242.2
9980,78334,22889,500,2023-11-22,982,3,PASS,3055.0
9981,70970,28891,293,2023-10-16,972,3,PASS,3086.4
9982,72890,3712,197,2023-10-27,553,4,CONDITIONAL,7233.3
9983,30149,9755,456,2025-05-06,993,3,PASS,3021.1
9984,6008,25204,119,2023-10-24,154,0,PASS,0.0
9985,81347,15003,448,2025-10-27,460,0,PASS,0.0
9986,89299,18042,177,2026-01-20,440,0,PASS,0.0
9987,52348,25533,257,2026-08-27,889,3,PASS,3374.6
9988,85396,19513,257,2024-12-09,694,2,PASS,2881.8
9989,54788,18869,435,2023-07-05,112,4,CONDITIONAL,35714.3
9990,21722,28058,417,2024-06-24,703,4,CONDITIONAL,5689.9
9991,41761,7859,15,2025-06-06,125,0,PASS,0.0
9992,76468,29856,58,2025-09-17,399,4,CONDITIONAL,10025.1
9993,79956,28623,453,2026-04-21,173,1,PASS,5780.3
9994,49156,17904,103,2025-07-20,375,4,CONDITIONAL,10666.7
9995,67835,29218,383,2025-02-03,351,4,CONDITIONAL,11396.0
9996,80721,10912,385,2025-03-29,830,2,PASS,2409.6
9997,44152,18268,78,2024-07-07,763,0,PASS,0.0
9998,49579,4401,458,2024-06-20,506,2,PASS,3952.6
9999,3639,19491,302,2023-05-07,244,2,PASS,8196.7
10000,17979,24905,159,2024-08-25,228,1,PASS,4386.0
