ORDER_ID,ORDER_NUMBER,CUSTOMER_ID,ORDER_DATE,PLANT_ID,STATUS
1,SO-0000001,35,2023-04-24,8,SHIPPED
2,SO-0000002,23,2026-01-22,5,PARTIAL
3,SO-0000003,25,2024-05-03,5,SHIPPED
4,SO-0000004,59,2024-03-25,7,SHIPPED
5,SO-0000005,80,2026-06-10,4,OPEN
6,SO-0000006,75,2024-04-09,7,SHIPPED
7,SO-0000007,68,2024-02-01,11,PARTIAL
8,SO-0000008,30,2023-01-17,5,SHIPPED
9,SO-0000009,75,2023-11-07,2,SHIPPED
10,SO-0000010,33,2024-12-27,2,SHIPPED
11,SO-0000011,54,2024-09-11,6,PARTIAL
12,SO-0000012,19,2025-09-19,12,SHIPPED
13,SO-0000013,64,2023-03-13,1,SHIPPED
14,SO-0000014,21,2024-03-13,8,PARTIAL
15,SO-0000015,61,2023-07-16,10,SHIPPED
16,SO-0000016,21,2023-10-28,11,PARTIAL
17,SO-0000017,26,2023-05-29,5,SHIPPED
18,SO-0000018,74,2026-03-20,4,OPEN
19,SO-0000019,71,2023-10-21,5,SHIPPED
20,SO-0000020,11,2023-10-22,3,SHIPPED
21,SO-0000021,14,2023-08-14,7,SHIPPED
22,SO-0000022,68,2026-09-02,3,OPEN
23,SO-0000023,46,2023-04-28,12,SHIPPED
24,SO-0000024,44,2025-02-16,4,PARTIAL
25,SO-0000025,3,2024-01-04,3,OPEN
26,SO-0000026,72,2025-04-11,9,SHIPPED
27,SO-0000027,40,2024-02-21,1,OPEN
28,SO-0000028,64,2026-03-30,5,SHIPPED
29,SO-0000029,10,2024-04-25,3,SHIPPED
30,SO-0000030,43,2023-08-29,12,SHIPPED
31,SO-0000031,17,2024-03-05,12,SHIPPED
32,SO-0000032,40,2024-08-20,10,SHIPPED
33,SO-0000033,16,2025-01-16,11,SHIPPED
34,SO-0000034,38,2025-10-20,8,SHIPPED
35,SO-0000035,3,2024-03-14,6,SHIPPED
36,SO-0000036,72,2025-05-20,3,SHIPPED
37,SO-0000037,65,2024-06-04,8,SHIPPED
38,SO-0000038,40,2024-03-02,6,OPEN
39,SO-0000039,60,2024-07-10,7,SHIPPED
40,SO-0000040,35,2024-12-11,11,OPEN
41,SO-0000041,26,2025-01-23,11,SHIPPED
42,SO-0000042,57,2024-03-30,10,OPEN
43,SO-0000043,27,2024-11-11,7,SHIPPED
44,SO-0000044,18,2025-11-19,1,PARTIAL
45,SO-0000045,57,2023-03-17,4,PARTIAL
46,SO-0000046,51,2023-06-29,11,SHIPPED
47,SO-0000047,58,2026-01-16,12,SHIPPED
48,SO-0000048,15,2023-08-19,2,SHIPPED
49,SO-0000049,5,2026-09-01,7,SHIPPED
50,SO-0000050,78,2023-10-29,10,SHIPPED
51,SO-0000051,67,2025-03-16,11,OPEN
52,SO-0000052,30,2026-06-02,3,SHIPPED
53,SO-0000053,1,2024-01-19,5,SHIPPED
54,SO-0000054,39,2023-07-29,2,SHIPPED
55,SO-0000055,47,2025-05-20,1,OPEN
56,SO-0000056,7,2023-09-29,4,SHIPPED
57,SO-0000057,1,2023-10-24,11,PARTIAL
58,SO-0000058,8,2024-05-17,1,OPEN
59,SO-0000059,20,2026-08-18,4,SHIPPED
60,SO-0000060,10,2023-12-26,11,SHIPPED
61,SO-0000061,17,2025-03-04,6,SHIPPED
62,SO-0000062,75,2024-08-30,7,SHIPPED
63,SO-0000063,31,2024-06-05,3,SHIPPED
64,SO-0000064,63,2025-09-24,12,SHIPPED
65,SO-0000065,19,2026-03-15,3,SHIPPED
66,SO-0000066,14,2024-09-29,5,SHIPPED
67,SO-0000067,24,2025-11-07,12,SHIPPED
68,SO-0000068,41,2023-11-29,8,OPEN
69,SO-0000069,23,2024-06-02,4,SHIPPED
70,SO-0000070,69,2026-04-13,3,SHIPPED
71,SO-0000071,44,2024-11-12,6,OPEN
72,SO-0000072,11,2024-07-30,3,SHIPPED
73,SO-0000073,20,2025-11-23,1,SHIPPED
74,SO-0000074,65,2023-09-10,11,SHIPPED
75,SO-0000075,47,2023-05-25,3,PARTIAL
76,SO-0000076,26,2025-09-22,3,SHIPPED
77,SO-0000077,35,2025-08-12,3,SHIPPED
78,SO-0000078,57,2024-05-23,3,SHIPPED
79,SO-0000079,4,2023-02-27,8,SHIPPED
80,SO-0000080,44,2023-01-22,2,PARTIAL
81,SO-0000081,57,2025-02-07,5,SHIPPED
82,SO-0000082,17,2024-01-02,5,SHIPPED
83,SO-0000083,63,2024-06-09,4,SHIPPED
84,SO-0000084,49,2023-02-26,1,SHIPPED
85,SO-0000085,71,2024-04-03,7,SHIPPED
86,SO-0000086,73,2023-08-04,2,SHIPPED
87,SO-0000087,35,2023-11-20,1,SHIPPED
88,SO-0000088,70,2024-12-09,9,OPEN
89,SO-0000089,28,2023-06-13,6,PARTIAL
90,SO-0000090,37,2023-02-11,9,SHIPPED
91,SO-0000091,63,2024-08-31,6,SHIPPED
92,SO-0000092,18,2025-09-02,9,SHIPPED
93,SO-0000093,26,2025-06-02,9,OPEN
94,SO-0000094,37,2025-03-22,9,SHIPPED
95,SO-0000095,71,2024-07-04,9,SHIPPED
96,SO-0000096,56,2024-01-22,7,PARTIAL
97,SO-0000097,64,2023-09-17,4,SHIPPED
98,SO-0000098,3,2024-08-16,1,OPEN
99,SO-0000099,79,2024-01-26,9,SHIPPED
100,SO-0000100,50,2026-01-29,4,SHIPPED
101,SO-0000101,65,2025-04-27,9,SHIPPED
102,SO-0000102,23,2024-01-04,2,SHIPPED
103,SO-0000103,27,2023-04-25,1,SHIPPED
104,SO-0000104,7,2025-12-29,1,OPEN
105,SO-0000105,62,2025-09-20,11,OPEN
106,SO-0000106,27,2023-06-19,3,OPEN
107,SO-0000107,68,2023-12-27,1,SHIPPED
108,SO-0000108,61,2025-08-31,5,SHIPPED
109,SO-0000109,10,2024-05-31,2,PARTIAL
110,SO-0000110,23,2026-05-16,1,PARTIAL
111,SO-0000111,77,2023-09-13,7,SHIPPED
112,SO-0000112,12,2023-08-15,3,PARTIAL
113,SO-0000113,41,2025-11-30,10,SHIPPED
114,SO-0000114,26,2025-08-06,5,OPEN
115,SO-0000115,40,2023-02-04,1,SHIPPED
116,SO-0000116,80,2024-07-01,11,SHIPPED
117,SO-0000117,9,2025-09-06,6,SHIPPED
118,SO-0000118,14,2025-02-12,5,SHIPPED
119,SO-0000119,22,2023-11-25,1,OPEN
120,SO-0000120,59,2025-03-02,8,OPEN
121,SO-0000121,36,2025-08-26,7,SHIPPED
122,SO-0000122,16,2024-07-08,8,SHIPPED
123,SO-0000123,14,2025-04-28,5,SHIPPED
124,SO-0000124,39,2025-11-27,2,SHIPPED
125,SO-0000125,8,2026-05-14,8,OPEN
126,SO-0000126,23,2025-08-25,10,SHIPPED
127,SO-0000127,14,2024-06-02,1,PARTIAL
128,SO-0000128,14,2025-01-03,10,SHIPPED
129,SO-0000129,71,2023-05-18,8,SHIPPED
130,SO-0000130,20,2024-04-26,11,SHIPPED
131,SO-0000131,80,2025-02-19,1,OPEN
132,SO-0000132,53,2023-05-02,5,SHIPPED
133,SO-0000133,78,2024-08-13,11,SHIPPED
134,SO-0000134,56,2024-06-24,12,OPEN
135,SO-0000135,36,2024-01-15,3,SHIPPED
136,SO-0000136,25,2023-10-09,6,OPEN
137,SO-0000137,67,2024-07-03,5,OPEN
138,SO-0000138,73,2025-09-04,10,OPEN
139,SO-0000139,12,2025-10-17,12,PARTIAL
140,SO-0000140,19,2023-03-03,8,PARTIAL
141,SO-0000141,46,2024-02-05,5,SHIPPED
142,SO-0000142,22,2026-07-26,9,OPEN
143,SO-0000143,56,2025-03-10,4,PARTIAL
144,SO-0000144,78,2025-05-22,11,SHIPPED
145,SO-0000145,78,2026-08-22,7,PARTIAL
146,SO-0000146,3,2025-12-30,10,SHIPPED
147,SO-0000147,67,2025-06-26,5,OPEN
148,SO-0000148,27,2026-04-13,1,OPEN
149,SO-0000149,47,2024-01-26,3,SHIPPED
150,SO-0000150,43,2023-12-11,3,SHIPPED
151,SO-0000151,74,2024-05-10,11,SHIPPED
152,SO-0000152,65,2023-10-21,3,SHIPPED
153,SO-0000153,68,2025-12-28,6,SHIPPED
154,SO-0000154,63,2025-02-15,2,PARTIAL
155,SO-0000155,16,2026-05-30,2,SHIPPED
156,SO-0000156,75,2025-10-11,2,OPEN
157,SO-0000157,76,2024-09-03,3,SHIPPED
158,SO-0000158,11,2023-09-13,4,SHIPPED
159,SO-0000159,59,2026-04-15,11,PARTIAL
160,SO-0000160,13,2024-06-14,5,SHIPPED
161,SO-0000161,45,2023-03-31,5,OPEN
162,SO-0000162,21,2023-12-30,12,OPEN
163,SO-0000163,30,2023-06-17,10,OPEN
164,SO-0000164,63,2025-11-30,9,SHIPPED
165,SO-0000165,22,2024-09-04,1,PARTIAL
166,SO-0000166,45,2025-02-17,7,PARTIAL
167,SO-0000167,1,2023-07-10,5,SHIPPED
168,SO-0000168,20,2026-04-30,6,SHIPPED
169,SO-0000169,18,2025-12-17,9,SHIPPED
170,SO-0000170,52,2025-08-15,5,PARTIAL
171,SO-0000171,3,2024-12-08,11,SHIPPED
172,SO-0000172,39,2025-12-24,4,OPEN
173,SO-0000173,5,2024-11-07,2,SHIPPED
174,SO-0000174,34,2024-10-24,7,PARTIAL
175,SO-0000175,26,2026-08-13,11,PARTIAL
176,SO-0000176,45,2025-07-22,4,SHIPPED
177,SO-0000177,12,2025-02-11,7,SHIPPED
178,SO-0000178,65,2025-08-22,2,SHIPPED
179,SO-0000179,40,2023-08-12,7,SHIPPED
180,SO-0000180,12,2024-12-22,5,OPEN
181,SO-0000181,46,2023-01-16,12,SHIPPED
182,SO-0000182,55,2026-07-11,3,SHIPPED
183,SO-0000183,60,2024-11-13,4,OPEN
184,SO-0000184,72,2023-08-20,5,SHIPPED
185,SO-0000185,50,2025-09-27,8,OPEN
186,SO-0000186,70,2026-06-25,9,SHIPPED
187,SO-0000187,26,2023-10-16,11,PARTIAL
188,SO-0000188,12,2023-09-22,11,SHIPPED
189,SO-0000189,44,2023-02-25,10,PARTIAL
190,SO-0000190,25,2024-05-24,6,SHIPPED
191,SO-0000191,39,2023-06-06,11,PARTIAL
192,SO-0000192,79,2023-10-11,7,OPEN
193,SO-0000193,51,2025-12-15,8,OPEN
194,SO-0000194,21,2024-04-18,1,SHIPPED
195,SO-0000195,73,2025-05-26,5,PARTIAL
196,SO-0000196,19,2024-03-07,3,OPEN
197,SO-0000197,39,2025-05-24,6,SHIPPED
198,SO-0000198,78,2026-02-04,12,SHIPPED
199,SO-0000199,10,2023-08-06,12,SHIPPED
200,SO-0000200,2,2026-03-01,10,SHIPPED
201,SO-0000201,50,2024-08-15,1,OPEN
202,SO-0000202,42,2025-11-28,6,OPEN
203,SO-0000203,41,2026-03-26,6,SHIPPED
204,SO-0000204,17,2024-03-16,9,SHIPPED
205,SO-0000205,60,2025-06-23,1,PARTIAL
206,SO-0000206,52,2023-04-02,6,OPEN
207,SO-0000207,58,2024-07-29,7,OPEN
208,SO-0000208,19,2026-06-19,9,SHIPPED
209,SO-0000209,59,2026-06-30,3,PARTIAL
210,SO-0000210,16,2026-08-14,2,SHIPPED
211,SO-0000211,71,2023-09-28,7,OPEN
212,SO-0000212,58,2026-05-22,6,SHIPPED
213,SO-0000213,8,2025-01-14,6,SHIPPED
214,SO-0000214,47,2023-01-29,2,SHIPPED
215,SO-0000215,34,2025-05-16,6,SHIPPED
216,SO-0000216,13,2023-07-08,10,SHIPPED
217,SO-0000217,79,2026-09-05,10,PARTIAL
218,SO-0000218,75,2025-02-25,7,SHIPPED
219,SO-0000219,19,2023-12-02,9,SHIPPED
220,SO-0000220,28,2025-03-28,8,SHIPPED
221,SO-0000221,36,2024-07-14,5,SHIPPED
222,SO-0000222,1,2024-06-23,8,OPEN
223,SO-0000223,16,2026-09-17,9,SHIPPED
224,SO-0000224,72,2025-06-29,10,SHIPPED
225,SO-0000225,34,2023-01-07,6,SHIPPED
226,SO-0000226,17,2024-07-01,11,OPEN
227,SO-0000227,20,2025-10-09,8,SHIPPED
228,SO-0000228,69,2025-11-30,2,OPEN
229,SO-0000229,32,2025-07-23,7,OPEN
230,SO-0000230,78,2026-02-13,1,SHIPPED
231,SO-0000231,49,2024-11-20,8,SHIPPED
232,SO-0000232,40,2023-03-04,1,OPEN
233,SO-0000233,48,2023-10-17,2,SHIPPED
234,SO-0000234,70,2023-01-16,4,SHIPPED
235,SO-0000235,67,2025-11-20,9,PARTIAL
236,SO-0000236,30,2025-10-12,6,SHIPPED
237,SO-0000237,27,2025-11-20,4,SHIPPED
238,SO-0000238,46,2023-04-03,4,SHIPPED
239,SO-0000239,78,2025-09-02,10,OPEN
240,SO-0000240,9,2024-07-23,7,OPEN
241,SO-0000241,36,2024-02-04,6,PARTIAL
242,SO-0000242,61,2023-03-13,6,SHIPPED
243,SO-0000243,45,2026-07-16,12,SHIPPED
244,SO-0000244,26,2025-07-16,10,PARTIAL
245,SO-0000245,19,2023-08-06,8,SHIPPED
246,SO-0000246,56,2024-04-04,9,SHIPPED
247,SO-0000247,10,2023-10-24,10,OPEN
248,SO-0000248,74,2025-12-04,3,OPEN
249,SO-0000249,79,2026-04-29,2,SHIPPED
250,SO-0000250,40,2023-06-11,12,SHIPPED
251,SO-0000251,48,2024-06-12,6,SHIPPED
252,SO-0000252,20,2023-03-11,2,PARTIAL
253,SO-0000253,47,2024-02-07,10,SHIPPED
254,SO-0000254,15,2025-12-08,3,SHIPPED
255,SO-0000255,61,2026-04-15,9,SHIPPED
256,SO-0000256,47,2026-02-13,3,OPEN
257,SO-0000257,24,2024-01-13,11,PARTIAL
258,SO-0000258,67,2026-03-11,2,OPEN
259,SO-0000259,56,2024-06-15,3,PARTIAL
260,SO-0000260,35,2025-05-30,5,SHIPPED
261,SO-0000261,52,2026-09-06,5,SHIPPED
262,SO-0000262,51,2024-08-30,4,PARTIAL
263,SO-0000263,46,2023-07-11,12,SHIPPED
264,SO-0000264,34,2024-08-11,3,SHIPPED
265,SO-0000265,74,2023-05-31,10,SHIPPED
266,SO-0000266,14,2025-07-22,12,OPEN
267,SO-0000267,59,2023-09-25,10,OPEN
268,SO-0000268,67,2023-02-21,9,SHIPPED
269,SO-0000269,68,2023-10-04,11,SHIPPED
270,SO-0000270,23,2026-03-27,6,SHIPPED
271,SO-0000271,19,2026-05-09,1,SHIPPED
272,SO-0000272,73,2023-01-03,7,SHIPPED
273,SO-0000273,9,2025-09-25,2,PARTIAL
274,SO-0000274,36,2023-05-06,4,OPEN
275,SO-0000275,61,2024-09-15,1,SHIPPED
276,SO-0000276,31,2026-06-14,10,SHIPPED
277,SO-0000277,79,2023-04-15,12,OPEN
278,SO-0000278,80,2025-10-26,12,PARTIAL
279,SO-0000279,56,2025-02-22,12,SHIPPED
280,SO-0000280,40,2024-09-22,1,SHIPPED
281,SO-0000281,38,2023-03-02,10,SHIPPED
282,SO-0000282,36,2026-02-28,6,SHIPPED
283,SO-0000283,79,2023-05-11,7,SHIPPED
284,SO-0000284,36,2025-11-05,2,PARTIAL
285,SO-0000285,6,2026-03-08,6,SHIPPED
286,SO-0000286,62,2026-08-26,1,PARTIAL
287,SO-0000287,55,2024-03-02,2,PARTIAL
288,SO-0000288,40,2025-05-20,1,PARTIAL
289,SO-0000289,67,2024-01-02,8,PARTIAL
290,SO-0000290,52,2025-12-12,9,PARTIAL
291,SO-0000291,42,2025-02-20,8,SHIPPED
292,SO-0000292,21,2025-01-23,11,SHIPPED
293,SO-0000293,52,2024-04-17,9,SHIPPED
294,SO-0000294,6,2025-02-21,1,SHIPPED
295,SO-0000295,60,2026-08-30,4,SHIPPED
296,SO-0000296,46,2026-03-05,5,SHIPPED
297,SO-0000297,73,2025-07-22,2,SHIPPED
298,SO-0000298,43,2025-01-01,9,SHIPPED
299,SO-0000299,75,2024-08-03,11,SHIPPED
300,SO-0000300,18,2024-02-09,4,SHIPPED
301,SO-0000301,3,2024-03-04,11,OPEN
302,SO-0000302,47,2024-05-22,3,SHIPPED
303,SO-0000303,56,2026-04-12,2,SHIPPED
304,SO-0000304,24,2026-07-23,12,SHIPPED
305,SO-0000305,63,2023-03-31,8,SHIPPED
306,SO-0000306,78,2025-10-13,1,SHIPPED
307,SO-0000307,8,2025-11-18,7,SHIPPED
308,SO-0000308,34,2023-01-10,1,SHIPPED
309,SO-0000309,79,2024-10-28,1,OPEN
310,SO-0000310,14,2026-02-09,4,SHIPPED
311,SO-0000311,80,2026-04-26,8,SHIPPED
312,SO-0000312,17,2024-06-11,2,SHIPPED
313,SO-0000313,26,2024-05-18,1,PARTIAL
314,SO-0000314,18,2024-07-08,2,SHIPPED
315,SO-0000315,55,2026-05-09,4,OPEN
316,SO-0000316,43,2024-05-09,4,OPEN
317,SO-0000317,12,2026-08-11,2,SHIPPED
318,SO-0000318,71,2025-05-27,10,SHIPPED
319,SO-0000319,54,2025-06-21,8,PARTIAL
320,SO-0000320,22,2024-11-08,12,SHIPPED
321,SO-0000321,28,2023-07-09,10,OPEN
322,SO-0000322,79,2024-03-31,4,SHIPPED
323,SO-0000323,51,2023-02-20,8,OPEN
324,SO-0000324,68,2025-12-16,5,SHIPPED
325,SO-0000325,7,2023-02-14,7,SHIPPED
326,SO-0000326,65,2026-03-11,1,PARTIAL
327,SO-0000327,53,2025-11-05,11,SHIPPED
328,SO-0000328,69,2023-10-16,6,SHIPPED
329,SO-0000329,38,2024-02-19,4,SHIPPED
330,SO-0000330,22,2025-02-24,4,SHIPPED
331,SO-0000331,48,2024-01-06,9,PARTIAL
332,SO-0000332,66,2023-02-13,11,SHIPPED
333,SO-0000333,44,2023-11-02,4,OPEN
334,SO-0000334,72,2025-05-16,1,PARTIAL
335,SO-0000335,26,2026-01-05,7,OPEN
336,SO-0000336,19,2023-05-13,2,OPEN
337,SO-0000337,12,2023-03-20,5,PARTIAL
338,SO-0000338,7,2024-11-01,8,PARTIAL
339,SO-0000339,40,2026-04-02,6,OPEN
340,SO-0000340,10,2024-12-17,11,SHIPPED
341,SO-0000341,6,2025-12-19,12,SHIPPED
342,SO-0000342,5,2023-07-06,3,PARTIAL
343,SO-0000343,65,2026-05-09,11,OPEN
344,SO-0000344,40,2023-01-20,11,SHIPPED
345,SO-0000345,4,2025-08-24,5,PARTIAL
346,SO-0000346,68,2026-02-10,4,OPEN
347,SO-0000347,37,2024-10-12,1,OPEN
348,SO-0000348,71,2024-10-20,3,PARTIAL
349,SO-0000349,18,2025-02-17,9,SHIPPED
350,SO-0000350,6,2023-09-14,9,OPEN
351,SO-0000351,24,2026-02-08,8,SHIPPED
352,SO-0000352,73,2026-01-11,11,OPEN
353,SO-0000353,46,2023-02-15,3,OPEN
354,SO-0000354,12,2025-02-16,4,SHIPPED
355,SO-0000355,58,2026-04-17,9,SHIPPED
356,SO-0000356,18,2025-09-25,8,SHIPPED
357,SO-0000357,72,2025-11-23,10,OPEN
358,SO-0000358,77,2024-10-03,12,OPEN
359,SO-0000359,63,2023-01-24,7,PARTIAL
360,SO-0000360,15,2023-03-09,1,OPEN
361,SO-0000361,68,2024-09-25,5,SHIPPED
362,SO-0000362,36,2025-05-30,5,PARTIAL
363,SO-0000363,64,2023-08-23,9,OPEN
364,SO-0000364,42,2023-06-23,1,SHIPPED
365,SO-0000365,71,2023-07-14,10,SHIPPED
366,SO-0000366,15,2025-06-05,1,SHIPPED
367,SO-0000367,52,2023-08-10,8,PARTIAL
368,SO-0000368,47,2023-01-21,10,PARTIAL
369,SO-0000369,8,2025-07-10,5,SHIPPED
370,SO-0000370,74,2024-06-15,6,OPEN
371,SO-0000371,3,2025-01-05,2,SHIPPED
372,SO-0000372,12,2025-02-17,8,SHIPPED
373,SO-0000373,68,2025-12-19,11,SHIPPED
374,SO-0000374,64,2025-11-15,8,SHIPPED
375,SO-0000375,14,2024-09-10,3,OPEN
376,SO-0000376,75,2025-03-27,2,SHIPPED
377,SO-0000377,26,2025-12-02,7,SHIPPED
378,SO-0000378,8,2023-11-06,7,PARTIAL
379,SO-0000379,37,2025-08-20,10,SHIPPED
380,SO-0000380,69,2026-06-23,10,SHIPPED
381,SO-0000381,5,2024-10-09,10,OPEN
382,SO-0000382,41,2024-12-21,4,SHIPPED
383,SO-0000383,63,2023-03-13,7,PARTIAL
384,SO-0000384,15,2024-02-11,6,SHIPPED
385,SO-0000385,36,2023-04-29,11,OPEN
386,SO-0000386,4,2023-04-30,5,SHIPPED
387,SO-0000387,21,2023-07-21,12,SHIPPED
388,SO-0000388,58,2024-12-01,2,OPEN
389,SO-0000389,19,2025-11-13,5,SHIPPED
390,SO-0000390,60,2025-11-22,5,PARTIAL
391,SO-0000391,75,2025-10-05,9,SHIPPED
392,SO-0000392,4,2024-07-09,11,PARTIAL
393,SO-0000393,46,2024-07-05,6,SHIPPED
394,SO-0000394,64,2023-09-28,4,PARTIAL
395,SO-0000395,10,2025-11-28,10,OPEN
396,SO-0000396,11,2025-11-21,2,PARTIAL
397,SO-0000397,18,2025-07-19,5,OPEN
398,SO-0000398,76,2026-05-05,8,SHIPPED
399,SO-0000399,13,2025-05-15,1,SHIPPED
400,SO-0000400,64,2025-06-03,5,SHIPPED
401,SO-0000401,27,2025-04-03,5,OPEN
402,SO-0000402,77,2023-03-30,3,PARTIAL
403,SO-0000403,22,2025-10-05,9,SHIPPED
404,SO-0000404,10,2026-09-07,8,OPEN
405,SO-0000405,75,2025-02-27,8,PARTIAL
406,SO-0000406,31,2026-09-03,6,OPEN
407,SO-0000407,70,2024-07-20,6,PARTIAL
408,SO-0000408,77,2023-07-01,1,SHIPPED
409,SO-0000409,77,2025-05-06,5,PARTIAL
410,SO-0000410,47,2024-02-29,3,SHIPPED
411,SO-0000411,30,2026-08-11,8,SHIPPED
412,SO-0000412,53,2023-01-28,7,PARTIAL
413,SO-0000413,6,2025-05-24,9,OPEN
414,SO-0000414,65,2025-10-15,4,SHIPPED
415,SO-0000415,42,2026-01-31,4,SHIPPED
416,SO-0000416,4,2025-11-04,9,SHIPPED
417,SO-0000417,68,2025-08-25,12,SHIPPED
418,SO-0000418,46,2023-08-26,6,SHIPPED
419,SO-0000419,48,2026-03-02,11,PARTIAL
420,SO-0000420,42,2024-05-06,12,OPEN
421,SO-0000421,6,2025-12-17,5,OPEN
422,SO-0000422,20,2023-01-02,5,SHIPPED
423,SO-0000423,53,2023-08-05,7,SHIPPED
424,SO-0000424,16,2024-01-01,2,SHIPPED
425,SO-0000425,14,2023-03-16,2,SHIPPED
426,SO-0000426,7,2023-03-16,10,OPEN
427,SO-0000427,16,2024-01-13,5,SHIPPED
428,SO-0000428,34,2025-07-26,8,SHIPPED
429,SO-0000429,26,2023-08-18,4,PARTIAL
430,SO-0000430,30,2023-06-01,2,OPEN
431,SO-0000431,69,2024-02-14,11,PARTIAL
432,SO-0000432,25,2025-01-11,2,SHIPPED
433,SO-0000433,68,2024-02-28,10,SHIPPED
434,SO-0000434,19,2023-07-19,12,SHIPPED
435,SO-0000435,62,2023-04-30,11,OPEN
436,SO-0000436,43,2023-05-10,3,SHIPPED
437,SO-0000437,44,2026-07-17,5,SHIPPED
438,SO-0000438,79,2025-02-11,3,SHIPPED
439,SO-0000439,44,2025-10-10,1,SHIPPED
440,SO-0000440,30,2023-06-05,6,SHIPPED
441,SO-0000441,12,2025-08-15,12,OPEN
442,SO-0000442,29,2026-05-04,10,SHIPPED
443,SO-0000443,49,2026-08-31,8,PARTIAL
444,SO-0000444,65,2023-01-05,3,SHIPPED
445,SO-0000445,42,2024-09-20,2,PARTIAL
446,SO-0000446,56,2026-03-19,12,PARTIAL
447,SO-0000447,3,2026-02-05,1,SHIPPED
448,SO-0000448,46,2025-08-08,5,OPEN
449,SO-0000449,74,2025-06-12,10,SHIPPED
450,SO-0000450,13,2026-09-21,10,SHIPPED
451,SO-0000451,75,2023-06-21,12,SHIPPED
452,SO-0000452,65,2025-05-16,9,SHIPPED
453,SO-0000453,43,2023-04-08,11,SHIPPED
454,SO-0000454,7,2023-01-07,3,SHIPPED
455,SO-0000455,78,2024-07-20,1,OPEN
456,SO-0000456,1,2024-08-20,2,PARTIAL
457,SO-0000457,21,2023-04-02,4,OPEN
458,SO-0000458,19,2024-04-28,10,SHIPPED
459,SO-0000459,39,2025-11-30,2,OPEN
460,SO-0000460,35,2025-03-25,2,SHIPPED
461,SO-0000461,32,2024-02-07,4,OPEN
462,SO-0000462,77,2023-04-05,7,OPEN
463,SO-0000463,61,2026-01-17,5,SHIPPED
464,SO-0000464,8,2023-04-14,8,SHIPPED
465,SO-0000465,34,2023-10-20,6,PARTIAL
466,SO-0000466,12,2023-11-11,12,SHIPPED
467,SO-0000467,71,2025-05-26,12,SHIPPED
468,SO-0000468,78,2026-01-02,1,SHIPPED
469,SO-0000469,53,2026-09-19,1,SHIPPED
470,SO-0000470,34,2024-04-02,8,PARTIAL
471,SO-0000471,31,2023-12-25,8,SHIPPED
472,SO-0000472,29,2025-02-21,3,PARTIAL
473,SO-0000473,15,2024-05-17,1,OPEN
474,SO-0000474,55,2024-10-21,10,SHIPPED
475,SO-0000475,78,2024-06-27,12,SHIPPED
476,SO-0000476,31,2024-05-27,5,SHIPPED
477,SO-0000477,40,2026-02-16,9,SHIPPED
478,SO-0000478,34,2023-11-01,11,SHIPPED
479,SO-0000479,14,2025-11-26,9,SHIPPED
480,SO-0000480,27,2024-05-17,11,SHIPPED
481,SO-0000481,29,2023-10-15,9,SHIPPED
482,SO-0000482,37,2024-01-19,1,SHIPPED
483,SO-0000483,11,2025-04-13,5,SHIPPED
484,SO-0000484,44,2026-06-17,5,PARTIAL
485,SO-0000485,21,2025-05-12,9,SHIPPED
486,SO-0000486,26,2026-02-06,2,SHIPPED
487,SO-0000487,69,2023-01-26,7,PARTIAL
488,SO-0000488,75,2025-01-12,7,SHIPPED
489,SO-0000489,58,2026-01-03,4,PARTIAL
490,SO-0000490,53,2025-09-22,10,PARTIAL
491,SO-0000491,1,2024-01-23,3,SHIPPED
492,SO-0000492,42,2026-02-08,4,SHIPPED
493,SO-0000493,26,2023-03-16,1,SHIPPED
494,SO-0000494,70,2023-07-05,11,OPEN
495,SO-0000495,67,2026-05-21,6,OPEN
496,SO-0000496,69,2025-10-21,5,OPEN
497,SO-0000497,7,2025-08-16,3,SHIPPED
498,SO-0000498,64,2023-11-15,9,SHIPPED
499,SO-0000499,38,2024-09-29,1,PARTIAL
500,SO-0000500,39,2024-07-04,1,OPEN
501,SO-0000501,35,2024-06-08,1,PARTIAL
502,SO-0000502,61,2024-02-10,6,PARTIAL
503,SO-0000503,31,2023-01-10,9,OPEN
504,SO-0000504,51,2025-08-06,3,SHIPPED
505,SO-0000505,68,2024-08-06,5,OPEN
506,SO-0000506,15,2025-05-29,1,SHIPPED
507,SO-0000507,73,2023-03-31,2,PARTIAL
508,SO-0000508,37,2025-07-15,4,SHIPPED
509,SO-0000509,13,2025-09-25,9,SHIPPED
510,SO-0000510,75,2025-05-03,7,PARTIAL
511,SO-0000511,60,2024-07-30,3,SHIPPED
512,SO-0000512,35,2026-05-20,6,SHIPPED
513,SO-0000513,70,2024-03-13,5,OPEN
514,SO-0000514,52,2024-04-12,8,SHIPPED
515,SO-0000515,1,2024-01-15,8,OPEN
516,SO-0000516,10,2024-08-20,8,SHIPPED
517,SO-0000517,54,2025-07-25,1,SHIPPED
518,SO-0000518,19,2024-09-15,4,SHIPPED
519,SO-0000519,39,2023-08-21,10,OPEN
520,SO-0000520,47,2024-02-11,1,SHIPPED
521,SO-0000521,60,2023-04-04,8,SHIPPED
522,SO-0000522,27,2024-03-28,8,SHIPPED
523,SO-0000523,27,2024-02-23,9,OPEN
524,SO-0000524,52,2024-05-19,2,OPEN
525,SO-0000525,21,2025-11-11,3,PARTIAL
526,SO-0000526,20,2024-06-16,7,OPEN
527,SO-0000527,22,2023-10-22,5,PARTIAL
528,SO-0000528,67,2023-05-08,9,SHIPPED
529,SO-0000529,67,2023-11-25,11,OPEN
530,SO-0000530,47,2025-03-01,3,OPEN
531,SO-0000531,22,2025-01-30,2,SHIPPED
532,SO-0000532,22,2024-12-17,4,SHIPPED
533,SO-0000533,22,2025-01-30,11,OPEN
534,SO-0000534,5,2024-02-08,2,SHIPPED
535,SO-0000535,18,2023-08-02,2,OPEN
536,SO-0000536,79,2025-04-16,10,SHIPPED
537,SO-0000537,36,2026-05-12,6,SHIPPED
538,SO-0000538,76,2026-04-24,1,SHIPPED
539,SO-0000539,31,2026-02-13,2,SHIPPED
540,SO-0000540,76,2024-12-17,11,SHIPPED
541,SO-0000541,33,2023-06-15,2,PARTIAL
542,SO-0000542,58,2025-06-26,10,SHIPPED
543,SO-0000543,54,2024-02-20,10,OPEN
544,SO-0000544,40,2025-03-16,9,SHIPPED
545,SO-0000545,24,2026-06-07,9,OPEN
546,SO-0000546,23,2026-05-09,7,SHIPPED
547,SO-0000547,27,2025-01-13,2,SHIPPED
548,SO-0000548,79,2024-04-04,5,OPEN
549,SO-0000549,75,2026-05-03,2,SHIPPED
550,SO-0000550,53,2023-07-05,2,OPEN
551,SO-0000551,64,2023-07-21,10,SHIPPED
552,SO-0000552,20,2024-08-11,5,SHIPPED
553,SO-0000553,22,2026-05-22,5,SHIPPED
554,SO-0000554,50,2024-03-01,1,SHIPPED
555,SO-0000555,64,2023-08-17,12,OPEN
556,SO-0000556,53,2026-09-24,6,SHIPPED
557,SO-0000557,40,2025-04-28,3,PARTIAL
558,SO-0000558,72,2023-12-20,4,OPEN
559,SO-0000559,76,2026-10-01,11,PARTIAL
560,SO-0000560,67,2024-10-31,11,SHIPPED
561,SO-0000561,21,2023-02-28,6,SHIPPED
562,SO-0000562,58,2025-08-08,8,SHIPPED
563,SO-0000563,35,2023-03-13,2,SHIPPED
564,SO-0000564,33,2026-04-08,11,PARTIAL
565,SO-0000565,78,2024-03-15,2,SHIPPED
566,SO-0000566,9,2023-07-19,9,OPEN
567,SO-0000567,32,2024-09-15,11,OPEN
568,SO-0000568,7,2023-10-21,9,OPEN
569,SO-0000569,56,2025-08-15,6,OPEN
570,SO-0000570,55,2024-02-16,3,SHIPPED
571,SO-0000571,15,2026-02-12,6,SHIPPED
572,SO-0000572,33,2025-06-23,6,PARTIAL
573,SO-0000573,5,2026-02-19,2,SHIPPED
574,SO-0000574,79,2026-07-07,8,SHIPPED
575,SO-0000575,1,2026-01-23,4,OPEN
576,SO-0000576,75,2024-06-26,1,SHIPPED
577,SO-0000577,45,2026-01-19,10,SHIPPED
578,SO-0000578,14,2024-05-07,6,SHIPPED
579,SO-0000579,57,2024-02-20,9,SHIPPED
580,SO-0000580,22,2026-01-30,6,PARTIAL
581,SO-0000581,69,2025-11-14,2,SHIPPED
582,SO-0000582,19,2024-09-22,11,OPEN
583,SO-0000583,60,2025-12-24,2,OPEN
584,SO-0000584,34,2025-11-16,10,OPEN
585,SO-0000585,73,2023-04-04,9,SHIPPED
586,SO-0000586,73,2026-07-02,12,SHIPPED
587,SO-0000587,5,2023-03-25,1,SHIPPED
588,SO-0000588,22,2025-02-10,12,PARTIAL
589,SO-0000589,4,2025-03-21,8,OPEN
590,SO-0000590,77,2026-07-19,12,PARTIAL
591,SO-0000591,52,2023-01-10,12,OPEN
592,SO-0000592,1,2024-12-19,1,SHIPPED
593,SO-0000593,1,2025-03-12,2,PARTIAL
594,SO-0000594,63,2024-04-14,3,PARTIAL
595,SO-0000595,20,2023-03-02,3,OPEN
596,SO-0000596,61,2025-04-08,10,SHIPPED
597,SO-0000597,69,2023-07-18,9,SHIPPED
598,SO-0000598,60,2023-02-19,1,SHIPPED
599,SO-0000599,65,2026-06-11,3,SHIPPED
600,SO-0000600,39,2025-06-08,10,SHIPPED
601,SO-0000601,59,2023-05-02,4,SHIPPED
602,SO-0000602,45,2024-02-09,11,SHIPPED
603,SO-0000603,43,2024-12-11,1,OPEN
604,SO-0000604,10,2024-11-24,2,SHIPPED
605,SO-0000605,11,2023-11-12,4,PARTIAL
606,SO-0000606,24,2023-01-24,11,SHIPPED
607,SO-0000607,69,2023-12-30,11,SHIPPED
608,SO-0000608,55,2025-07-01,7,PARTIAL
609,SO-0000609,46,2025-08-29,12,PARTIAL
610,SO-0000610,70,2024-11-08,1,SHIPPED
611,SO-0000611,32,2026-08-11,10,OPEN
612,SO-0000612,78,2025-06-09,11,SHIPPED
613,SO-0000613,7,2024-05-22,7,SHIPPED
614,SO-0000614,62,2026-05-03,1,SHIPPED
615,SO-0000615,8,2026-05-01,11,OPEN
616,SO-0000616,76,2023-08-21,8,OPEN
617,SO-0000617,80,2024-01-18,8,PARTIAL
618,SO-0000618,10,2023-08-26,6,SHIPPED
619,SO-0000619,41,2026-04-11,7,PARTIAL
620,SO-0000620,30,2024-06-17,11,OPEN
621,SO-0000621,75,2026-03-24,5,PARTIAL
622,SO-0000622,71,2023-10-26,10,OPEN
623,SO-0000623,29,2024-08-19,7,SHIPPED
624,SO-0000624,28,2026-01-09,8,OPEN
625,SO-0000625,2,2023-06-30,2,PARTIAL
626,SO-0000626,80,2024-08-26,8,PARTIAL
627,SO-0000627,16,2024-09-23,5,SHIPPED
628,SO-0000628,69,2025-03-06,10,SHIPPED
629,SO-0000629,36,2024-03-16,2,SHIPPED
630,SO-0000630,19,2023-10-17,5,OPEN
631,SO-0000631,19,2025-02-03,9,OPEN
632,SO-0000632,33,2026-05-09,3,SHIPPED
633,SO-0000633,5,2026-01-11,4,SHIPPED
634,SO-0000634,54,2023-08-09,9,SHIPPED
635,SO-0000635,15,2025-10-27,10,SHIPPED
636,SO-0000636,1,2026-08-30,9,OPEN
637,SO-0000637,36,2025-08-24,3,OPEN
638,SO-0000638,68,2025-01-09,4,SHIPPED
639,SO-0000639,80,2024-02-26,8,OPEN
640,SO-0000640,20,2024-02-02,1,SHIPPED
641,SO-0000641,37,2024-12-27,10,SHIPPED
642,SO-0000642,40,2025-10-21,5,PARTIAL
643,SO-0000643,39,2026-01-30,3,PARTIAL
644,SO-0000644,38,2025-12-01,10,PARTIAL
645,SO-0000645,42,2025-08-17,3,SHIPPED
646,SO-0000646,55,2024-01-04,1,SHIPPED
647,SO-0000647,58,2025-08-12,6,SHIPPED
648,SO-0000648,68,2026-06-16,5,OPEN
649,SO-0000649,52,2025-06-05,1,SHIPPED
650,SO-0000650,47,2025-12-08,12,PARTIAL
651,SO-0000651,79,2024-02-24,10,PARTIAL
652,SO-0000652,77,2025-07-20,11,SHIPPED
653,SO-0000653,41,2024-09-19,4,OPEN
654,SO-0000654,21,2023-06-06,8,SHIPPED
655,SO-0000655,1,2023-02-23,9,SHIPPED
656,SO-0000656,59,2025-11-05,2,SHIPPED
657,SO-0000657,3,2025-07-31,5,OPEN
658,SO-0000658,74,2023-07-29,3,OPEN
659,SO-0000659,56,2024-03-04,1,SHIPPED
660,SO-0000660,73,2024-11-22,7,SHIPPED
661,SO-0000661,2,2023-02-03,4,SHIPPED
662,SO-0000662,74,2026-07-05,3,SHIPPED
663,SO-0000663,9,2024-02-27,11,SHIPPED
664,SO-0000664,25,2024-09-20,1,SHIPPED
665,SO-0000665,17,2026-09-25,8,SHIPPED
666,SO-0000666,30,2023-04-18,12,PARTIAL
667,SO-0000667,13,2024-10-24,8,SHIPPED
668,SO-0000668,50,2025-08-12,1,SHIPPED
669,SO-0000669,42,2024-04-17,11,SHIPPED
670,SO-0000670,42,2026-07-13,6,SHIPPED
671,SO-0000671,13,2023-08-06,11,SHIPPED
672,SO-0000672,26,2023-07-08,9,SHIPPED
673,SO-0000673,53,2023-06-11,9,SHIPPED
674,SO-0000674,71,2025-11-15,2,PARTIAL
675,SO-0000675,40,2023-03-20,3,OPEN
676,SO-0000676,15,2026-09-20,11,SHIPPED
677,SO-0000677,54,2023-02-17,6,SHIPPED
678,SO-0000678,3,2023-07-29,11,SHIPPED
679,SO-0000679,66,2026-05-20,6,SHIPPED
680,SO-0000680,19,2025-02-25,5,PARTIAL
681,SO-0000681,46,2026-05-22,10,SHIPPED
682,SO-0000682,28,2025-06-23,3,SHIPPED
683,SO-0000683,19,2024-09-21,6,SHIPPED
684,SO-0000684,5,2025-09-03,1,SHIPPED
685,SO-0000685,25,2024-01-22,11,SHIPPED
686,SO-0000686,78,2023-07-27,1,SHIPPED
687,SO-0000687,12,2023-08-27,12,SHIPPED
688,SO-0000688,69,2023-04-14,11,SHIPPED
689,SO-0000689,21,2025-08-26,10,PARTIAL
690,SO-0000690,21,2024-03-15,2,OPEN
691,SO-0000691,47,2023-05-24,1,OPEN
692,SO-0000692,40,2024-12-18,8,PARTIAL
693,SO-0000693,46,2026-06-14,3,SHIPPED
694,SO-0000694,32,2024-11-24,2,SHIPPED
695,SO-0000695,19,2026-10-01,10,SHIPPED
696,SO-0000696,74,2023-11-09,7,OPEN
697,SO-0000697,4,2023-04-26,5,PARTIAL
698,SO-0000698,38,2023-11-15,1,SHIPPED
699,SO-0000699,1,2023-04-22,9,SHIPPED
700,SO-0000700,13,2025-06-25,12,OPEN
701,SO-0000701,47,2023-06-09,5,SHIPPED
702,SO-0000702,42,2025-05-08,4,OPEN
703,SO-0000703,9,2025-06-05,2,OPEN
704,SO-0000704,62,2026-01-12,11,SHIPPED
705,SO-0000705,58,2023-09-02,8,SHIPPED
706,SO-0000706,13,2024-06-18,7,SHIPPED
707,SO-0000707,14,2024-12-12,3,SHIPPED
708,SO-0000708,3,2026-07-04,2,SHIPPED
709,SO-0000709,41,2023-07-27,1,SHIPPED
710,SO-0000710,63,2023-02-11,3,SHIPPED
711,SO-0000711,21,2023-06-07,8,SHIPPED
712,SO-0000712,11,2024-12-04,3,SHIPPED
713,SO-0000713,47,2023-01-03,12,OPEN
714,SO-0000714,79,2024-05-20,2,PARTIAL
715,SO-0000715,29,2024-04-21,3,SHIPPED
716,SO-0000716,2,2026-06-05,3,SHIPPED
717,SO-0000717,73,2026-08-14,11,SHIPPED
718,SO-0000718,76,2023-01-04,4,SHIPPED
719,SO-0000719,78,2026-06-15,10,OPEN
720,SO-0000720,12,2024-11-04,10,PARTIAL
721,SO-0000721,61,2024-01-02,5,SHIPPED
722,SO-0000722,44,2025-03-23,2,SHIPPED
723,SO-0000723,32,2023-04-23,6,PARTIAL
724,SO-0000724,61,2023-10-10,4,PARTIAL
725,SO-0000725,42,2025-03-19,9,SHIPPED
726,SO-0000726,39,2025-11-08,1,SHIPPED
727,SO-0000727,21,2025-02-17,5,PARTIAL
728,SO-0000728,39,2023-12-26,7,OPEN
729,SO-0000729,24,2023-04-12,12,SHIPPED
730,SO-0000730,80,2023-10-07,9,PARTIAL
731,SO-0000731,66,2023-12-11,8,OPEN
732,SO-0000732,70,2025-07-08,11,SHIPPED
733,SO-0000733,26,2026-08-19,10,SHIPPED
734,SO-0000734,58,2023-10-09,8,SHIPPED
735,SO-0000735,45,2025-08-30,6,PARTIAL
736,SO-0000736,40,2023-03-07,4,SHIPPED
737,SO-0000737,23,2024-12-17,1,SHIPPED
738,SO-0000738,25,2024-10-30,12,OPEN
739,SO-0000739,80,2023-12-03,3,OPEN
740,SO-0000740,1,2026-03-21,10,SHIPPED
741,SO-0000741,43,2025-11-25,5,SHIPPED
742,SO-0000742,21,2024-08-11,5,SHIPPED
743,SO-0000743,16,2024-12-02,11,PARTIAL
744,SO-0000744,39,2024-04-30,6,SHIPPED
745,SO-0000745,26,2023-08-07,5,SHIPPED
746,SO-0000746,20,2023-01-02,12,OPEN
747,SO-0000747,28,2025-08-27,5,SHIPPED
748,SO-0000748,67,2024-08-05,11,OPEN
749,SO-0000749,41,2023-02-15,6,SHIPPED
750,SO-0000750,69,2025-04-02,1,OPEN
751,SO-0000751,8,2023-06-07,4,SHIPPED
752,SO-0000752,4,2023-08-06,12,SHIPPED
753,SO-0000753,44,2024-06-15,1,SHIPPED
754,SO-0000754,73,2025-04-05,3,SHIPPED
755,SO-0000755,30,2026-06-29,2,OPEN
756,SO-0000756,32,2024-09-29,10,PARTIAL
757,SO-0000757,37,2024-08-30,6,SHIPPED
758,SO-0000758,22,2026-01-08,9,SHIPPED
759,SO-0000759,9,2024-01-11,10,OPEN
760,SO-0000760,51,2024-06-04,1,SHIPPED
761,SO-0000761,69,2023-02-11,2,PARTIAL
762,SO-0000762,34,2023-05-23,7,PARTIAL
763,SO-0000763,62,2024-11-14,3,SHIPPED
764,SO-0000764,67,2025-03-14,8,PARTIAL
765,SO-0000765,77,2023-06-10,2,SHIPPED
766,SO-0000766,52,2023-11-27,8,SHIPPED
767,SO-0000767,36,2025-08-04,10,SHIPPED
768,SO-0000768,49,2026-03-09,11,SHIPPED
769,SO-0000769,2,2025-11-13,1,SHIPPED
770,SO-0000770,68,2026-06-01,7,SHIPPED
771,SO-0000771,26,2023-05-24,3,SHIPPED
772,SO-0000772,55,2025-05-11,5,OPEN
773,SO-0000773,78,2023-12-21,12,OPEN
774,SO-0000774,48,2024-01-31,3,SHIPPED
775,SO-0000775,27,2026-02-12,4,SHIPPED
776,SO-0000776,58,2023-11-09,3,PARTIAL
777,SO-0000777,44,2024-03-05,5,SHIPPED
778,SO-0000778,35,2023-02-10,2,PARTIAL
779,SO-0000779,27,2026-03-14,5,SHIPPED
780,SO-0000780,43,2023-05-01,8,SHIPPED
781,SO-0000781,62,2023-11-06,10,SHIPPED
782,SO-0000782,47,2026-09-29,5,SHIPPED
783,SO-0000783,48,2025-04-02,7,SHIPPED
784,SO-0000784,27,2024-03-16,11,PARTIAL
785,SO-0000785,55,2025-07-23,6,SHIPPED
786,SO-0000786,70,2023-04-13,7,SHIPPED
787,SO-0000787,12,2024-10-16,12,SHIPPED
788,SO-0000788,41,2023-04-07,6,SHIPPED
789,SO-0000789,57,2024-09-23,6,OPEN
790,SO-0000790,2,2023-07-20,1,SHIPPED
791,SO-0000791,41,2023-04-21,11,SHIPPED
792,SO-0000792,8,2023-09-08,3,SHIPPED
793,SO-0000793,25,2023-06-28,12,SHIPPED
794,SO-0000794,14,2026-04-17,3,SHIPPED
795,SO-0000795,15,2023-01-08,9,SHIPPED
796,SO-0000796,54,2026-09-23,6,OPEN
797,SO-0000797,72,2025-01-13,2,SHIPPED
798,SO-0000798,51,2026-09-01,4,PARTIAL
799,SO-0000799,61,2023-07-29,6,SHIPPED
800,SO-0000800,50,2023-12-16,1,SHIPPED
801,SO-0000801,26,2024-07-04,5,PARTIAL
802,SO-0000802,42,2023-02-13,7,PARTIAL
803,SO-0000803,7,2025-03-05,11,SHIPPED
804,SO-0000804,5,2025-10-19,5,OPEN
805,SO-0000805,26,2023-05-11,2,SHIPPED
806,SO-0000806,76,2024-06-09,6,OPEN
807,SO-0000807,38,2024-09-25,5,SHIPPED
808,SO-0000808,31,2023-11-04,11,PARTIAL
809,SO-0000809,60,2025-05-08,12,OPEN
810,SO-0000810,77,2026-02-09,8,SHIPPED
811,SO-0000811,59,2023-10-21,4,PARTIAL
812,SO-0000812,32,2023-02-11,12,SHIPPED
813,SO-0000813,80,2024-04-09,7,SHIPPED
814,SO-0000814,3,2024-02-13,12,SHIPPED
815,SO-0000815,11,2024-08-29,8,OPEN
816,SO-0000816,58,2026-02-14,2,PARTIAL
817,SO-0000817,48,2024-05-24,4,OPEN
818,SO-0000818,3,2023-01-18,2,SHIPPED
819,SO-0000819,44,2025-12-14,7,SHIPPED
820,SO-0000820,53,2025-03-07,4,SHIPPED
821,SO-0000821,6,2025-05-08,9,OPEN
822,SO-0000822,40,2025-05-30,2,SHIPPED
823,SO-0000823,9,2025-02-02,6,SHIPPED
824,SO-0000824,59,2026-09-23,8,OPEN
825,SO-0000825,2,2025-09-01,3,SHIPPED
826,SO-0000826,9,2024-09-30,12,SHIPPED
827,SO-0000827,44,2024-08-07,10,SHIPPED
828,SO-0000828,76,2024-07-23,2,SHIPPED
829,SO-0000829,71,2025-10-02,5,PARTIAL
830,SO-0000830,23,2024-05-28,8,SHIPPED
831,SO-0000831,53,2023-04-16,12,SHIPPED
832,SO-0000832,59,2025-01-19,3,PARTIAL
833,SO-0000833,13,2025-01-08,12,SHIPPED
834,SO-0000834,33,2023-12-17,11,OPEN
835,SO-0000835,18,2024-01-17,3,SHIPPED
836,SO-0000836,79,2024-11-28,9,SHIPPED
837,SO-0000837,30,2026-07-23,5,SHIPPED
838,SO-0000838,52,2023-06-09,8,OPEN
839,SO-0000839,25,2026-06-02,4,SHIPPED
840,SO-0000840,79,2024-05-15,9,SHIPPED
841,SO-0000841,79,2024-05-26,8,OPEN
842,SO-0000842,61,2025-05-27,11,SHIPPED
843,SO-0000843,26,2024-08-22,8,SHIPPED
844,SO-0000844,14,2024-05-16,10,SHIPPED
845,SO-0000845,49,2025-06-17,8,OPEN
846,SO-0000846,13,2023-07-07,2,SHIPPED
847,SO-0000847,12,2023-10-19,10,SHIPPED
848,SO-0000848,5,2024-02-05,6,SHIPPED
849,SO-0000849,62,2024-10-02,2,SHIPPED
850,SO-0000850,17,2024-04-14,10,SHIPPED
851,SO-0000851,70,2023-01-13,12,SHIPPED
852,SO-0000852,1,2025-05-16,7,SHIPPED
853,SO-0000853,60,2023-04-29,12,OPEN
854,SO-0000854,57,2025-04-06,6,SHIPPED
855,SO-0000855,65,2023-02-13,5,SHIPPED
856,SO-0000856,41,2023-02-07,10,PARTIAL
857,SO-0000857,77,2025-05-24,2,PARTIAL
858,SO-0000858,42,2023-01-12,12,SHIPPED
859,SO-0000859,63,2023-11-09,7,PARTIAL
860,SO-0000860,54,2025-07-07,12,OPEN
861,SO-0000861,60,2023-08-15,7,OPEN
862,SO-0000862,51,2024-11-05,7,OPEN
863,SO-0000863,2,2023-06-04,6,SHIPPED
864,SO-0000864,23,2025-04-06,7,PARTIAL
865,SO-0000865,1,2025-03-08,5,PARTIAL
866,SO-0000866,20,2023-10-04,11,OPEN
867,SO-0000867,49,2025-10-10,9,OPEN
868,SO-0000868,17,2023-04-24,8,SHIPPED
869,SO-0000869,46,2024-04-07,5,SHIPPED
870,SO-0000870,71,2024-10-13,10,SHIPPED
871,SO-0000871,8,2024-10-02,7,SHIPPED
872,SO-0000872,40,2024-06-28,11,OPEN
873,SO-0000873,80,2024-02-12,5,SHIPPED
874,SO-0000874,77,2025-10-08,6,OPEN
875,SO-0000875,38,2024-07-01,12,SHIPPED
876,SO-0000876,33,2023-05-15,10,SHIPPED
877,SO-0000877,29,2023-10-17,5,OPEN
878,SO-0000878,49,2026-06-28,10,OPEN
879,SO-0000879,23,2023-06-26,1,OPEN
880,SO-0000880,3,2026-07-17,10,SHIPPED
881,SO-0000881,57,2025-03-10,7,SHIPPED
882,SO-0000882,28,2023-11-18,7,SHIPPED
883,SO-0000883,50,2025-09-01,1,OPEN
884,SO-0000884,17,2024-07-27,11,SHIPPED
885,SO-0000885,21,2024-10-01,12,SHIPPED
886,SO-0000886,27,2023-01-29,4,OPEN
887,SO-0000887,44,2025-10-22,3,OPEN
888,SO-0000888,57,2023-12-06,3,SHIPPED
889,SO-0000889,55,2023-12-30,1,SHIPPED
890,SO-0000890,5,2024-01-27,2,PARTIAL
891,SO-0000891,7,2024-01-03,10,OPEN
892,SO-0000892,69,2025-03-18,4,SHIPPED
893,SO-0000893,19,2026-07-03,3,SHIPPED
894,SO-0000894,64,2025-10-24,6,SHIPPED
895,SO-0000895,44,2024-12-27,1,OPEN
896,SO-0000896,28,2024-04-15,4,SHIPPED
897,SO-0000897,44,2025-03-30,5,PARTIAL
898,SO-0000898,15,2026-06-13,3,OPEN
899,SO-0000899,44,2025-06-26,2,OPEN
900,SO-0000900,76,2025-04-06,3,SHIPPED
901,SO-0000901,61,2023-03-18,4,SHIPPED
902,SO-0000902,21,2024-04-16,1,SHIPPED
903,SO-0000903,7,2025-10-26,5,SHIPPED
904,SO-0000904,79,2023-04-07,8,OPEN
905,SO-0000905,66,2023-06-20,1,OPEN
906,SO-0000906,16,2024-05-27,9,OPEN
907,SO-0000907,36,2024-07-26,3,OPEN
908,SO-0000908,68,2026-08-05,10,SHIPPED
909,SO-0000909,11,2026-03-20,5,SHIPPED
910,SO-0000910,23,2025-04-01,12,SHIPPED
911,SO-0000911,15,2023-02-16,1,OPEN
912,SO-0000912,56,2025-10-25,5,SHIPPED
913,SO-0000913,16,2024-10-17,1,OPEN
914,SO-0000914,6,2025-05-28,12,SHIPPED
915,SO-0000915,29,2024-06-20,2,SHIPPED
916,SO-0000916,80,2024-06-28,4,SHIPPED
917,SO-0000917,57,2024-06-05,11,PARTIAL
918,SO-0000918,43,2023-09-02,9,SHIPPED
919,SO-0000919,60,2024-06-29,4,SHIPPED
920,SO-0000920,18,2025-04-27,4,PARTIAL
921,SO-0000921,46,2025-09-07,7,SHIPPED
922,SO-0000922,15,2025-01-20,2,OPEN
923,SO-0000923,18,2025-12-29,3,SHIPPED
924,SO-0000924,8,2024-01-27,3,OPEN
925,SO-0000925,66,2023-03-13,8,PARTIAL
926,SO-0000926,45,2023-05-04,10,SHIPPED
927,SO-0000927,66,2025-10-12,5,SHIPPED
928,SO-0000928,53,2024-02-25,4,PARTIAL
929,SO-0000929,43,2026-05-07,6,OPEN
930,SO-0000930,66,2024-08-12,6,SHIPPED
931,SO-0000931,38,2025-06-29,4,PARTIAL
932,SO-0000932,9,2024-07-05,6,SHIPPED
933,SO-0000933,9,2024-09-28,12,SHIPPED
934,SO-0000934,61,2025-01-03,1,SHIPPED
935,SO-0000935,51,2023-09-27,2,OPEN
936,SO-0000936,52,2024-05-12,9,SHIPPED
937,SO-0000937,52,2026-09-19,4,OPEN
938,SO-0000938,21,2026-06-06,3,OPEN
939,SO-0000939,5,2023-07-10,3,PARTIAL
940,SO-0000940,34,2023-04-08,2,OPEN
941,SO-0000941,16,2023-12-24,7,SHIPPED
942,SO-0000942,52,2023-01-21,10,PARTIAL
943,SO-0000943,16,2024-05-06,12,SHIPPED
944,SO-0000944,35,2026-08-04,7,PARTIAL
945,SO-0000945,43,2023-10-28,5,SHIPPED
946,SO-0000946,54,2025-08-15,9,SHIPPED
947,SO-0000947,38,2024-05-04,2,SHIPPED
948,SO-0000948,71,2025-10-06,5,SHIPPED
949,SO-0000949,2,2024-10-18,6,SHIPPED
950,SO-0000950,51,2023-12-16,3,OPEN
951,SO-0000951,65,2026-05-18,11,PARTIAL
952,SO-0000952,10,2025-05-24,9,SHIPPED
953,SO-0000953,20,2024-10-29,4,SHIPPED
954,SO-0000954,48,2026-09-14,11,SHIPPED
955,SO-0000955,62,2025-05-14,1,SHIPPED
956,SO-0000956,15,2023-07-13,1,OPEN
957,SO-0000957,68,2024-06-26,3,SHIPPED
958,SO-0000958,41,2025-05-15,1,PARTIAL
959,SO-0000959,60,2025-03-24,4,SHIPPED
960,SO-0000960,31,2026-08-08,2,PARTIAL
961,SO-0000961,64,2025-09-29,5,OPEN
962,SO-0000962,49,2025-10-26,5,OPEN
963,SO-0000963,44,2023-09-11,3,OPEN
964,SO-0000964,36,2023-05-07,1,SHIPPED
965,SO-0000965,23,2026-01-12,6,SHIPPED
966,SO-0000966,57,2024-10-01,5,OPEN
967,SO-0000967,13,2024-09-14,9,SHIPPED
968,SO-0000968,68,2023-10-29,10,SHIPPED
969,SO-0000969,66,2024-03-22,10,PARTIAL
970,SO-0000970,26,2025-02-14,10,OPEN
971,SO-0000971,65,2024-04-12,1,SHIPPED
972,SO-0000972,78,2026-08-19,12,SHIPPED
973,SO-0000973,67,2025-03-24,12,OPEN
974,SO-0000974,41,2025-04-18,2,SHIPPED
975,SO-0000975,73,2023-01-18,10,SHIPPED
976,SO-0000976,19,2026-05-15,6,SHIPPED
977,SO-0000977,44,2025-02-05,12,PARTIAL
978,SO-0000978,39,2026-01-17,3,SHIPPED
979,SO-0000979,63,2026-03-13,2,PARTIAL
980,SO-0000980,24,2024-10-31,8,OPEN
981,SO-0000981,40,2023-01-25,10,PARTIAL
982,SO-0000982,25,2024-06-23,9,OPEN
983,SO-0000983,61,2025-02-25,1,SHIPPED
984,SO-0000984,40,2025-11-07,11,PARTIAL
985,SO-0000985,11,2024-06-01,1,OPEN
986,SO-0000986,52,2026-09-12,3,SHIPPED
987,SO-0000987,11,2023-01-28,6,OPEN
988,SO-0000988,17,2025-08-06,5,SHIPPED
989,SO-0000989,74,2024-11-11,4,PARTIAL
990,SO-0000990,22,2026-03-29,7,SHIPPED
991,SO-0000991,14,2024-01-22,7,OPEN
992,SO-0000992,79,2025-07-24,12,SHIPPED
993,SO-0000993,1,2023-10-02,12,PARTIAL
994,SO-0000994,20,2025-05-20,12,SHIPPED
995,SO-0000995,2,2023-10-08,10,OPEN
996,SO-0000996,29,2024-03-13,12,SHIPPED
997,SO-0000997,79,2023-08-31,12,PARTIAL
998,SO-0000998,14,2025-09-30,7,PARTIAL
999,SO-0000999,38,2024-11-30,11,OPEN
1000,SO-0001000,76,2025-05-10,3,SHIPPED
1001,SO-0001001,31,2025-07-27,3,SHIPPED
1002,SO-0001002,25,2023-05-14,4,PARTIAL
1003,SO-0001003,74,2026-04-27,7,PARTIAL
1004,SO-0001004,7,2025-12-28,11,SHIPPED
1005,SO-0001005,14,2025-11-29,7,PARTIAL
1006,SO-0001006,79,2026-07-18,6,SHIPPED
1007,SO-0001007,47,2026-09-28,1,SHIPPED
1008,SO-0001008,7,2025-01-02,4,PARTIAL
1009,SO-0001009,22,2025-06-21,6,PARTIAL
1010,SO-0001010,39,2025-12-13,5,SHIPPED
1011,SO-0001011,19,2026-06-13,10,SHIPPED
1012,SO-0001012,71,2025-11-06,4,SHIPPED
1013,SO-0001013,39,2025-03-10,10,SHIPPED
1014,SO-0001014,80,2026-09-27,3,SHIPPED
1015,SO-0001015,76,2024-01-19,9,SHIPPED
1016,SO-0001016,15,2023-04-06,3,SHIPPED
1017,SO-0001017,80,2023-04-09,11,SHIPPED
1018,SO-0001018,55,2024-01-04,11,SHIPPED
1019,SO-0001019,44,2024-10-31,4,PARTIAL
1020,SO-0001020,67,2025-10-06,1,SHIPPED
1021,SO-0001021,40,2023-12-15,7,OPEN
1022,SO-0001022,71,2025-07-06,3,SHIPPED
1023,SO-0001023,46,2024-06-26,8,SHIPPED
1024,SO-0001024,53,2023-10-23,11,PARTIAL
1025,SO-0001025,30,2025-12-31,9,SHIPPED
1026,SO-0001026,7,2024-12-22,9,SHIPPED
1027,SO-0001027,17,2026-07-11,2,SHIPPED
1028,SO-0001028,51,2023-07-09,1,SHIPPED
1029,SO-0001029,66,2024-12-15,11,SHIPPED
1030,SO-0001030,58,2024-09-06,7,OPEN
1031,SO-0001031,73,2024-10-25,7,SHIPPED
1032,SO-0001032,50,2026-07-02,11,SHIPPED
1033,SO-0001033,2,2024-01-05,6,PARTIAL
1034,SO-0001034,40,2023-02-03,6,OPEN
1035,SO-0001035,11,2026-03-21,11,SHIPPED
1036,SO-0001036,78,2025-04-25,3,SHIPPED
1037,SO-0001037,1,2024-08-03,1,PARTIAL
1038,SO-0001038,8,2024-04-07,8,SHIPPED
1039,SO-0001039,63,2023-03-31,7,SHIPPED
1040,SO-0001040,78,2025-02-19,6,SHIPPED
1041,SO-0001041,38,2025-11-28,12,SHIPPED
1042,SO-0001042,29,2025-10-31,10,SHIPPED
1043,SO-0001043,54,2024-08-25,6,SHIPPED
1044,SO-0001044,39,2024-04-28,5,SHIPPED
1045,SO-0001045,47,2025-01-21,4,SHIPPED
1046,SO-0001046,63,2023-12-29,9,SHIPPED
1047,SO-0001047,66,2025-07-31,2,SHIPPED
1048,SO-0001048,10,2023-11-13,12,OPEN
1049,SO-0001049,35,2023-10-14,7,PARTIAL
1050,SO-0001050,28,2023-09-01,1,SHIPPED
1051,SO-0001051,56,2025-03-04,5,PARTIAL
1052,SO-0001052,3,2024-04-02,11,PARTIAL
1053,SO-0001053,48,2025-08-17,12,SHIPPED
1054,SO-0001054,20,2024-12-27,8,PARTIAL
1055,SO-0001055,50,2025-01-05,8,OPEN
1056,SO-0001056,54,2024-02-29,12,SHIPPED
1057,SO-0001057,32,2024-10-17,10,PARTIAL
1058,SO-0001058,22,2024-01-21,2,SHIPPED
1059,SO-0001059,5,2025-10-20,11,SHIPPED
1060,SO-0001060,68,2025-09-20,2,SHIPPED
1061,SO-0001061,26,2024-11-18,12,SHIPPED
1062,SO-0001062,24,2023-09-18,1,PARTIAL
1063,SO-0001063,26,2024-07-02,7,OPEN
1064,SO-0001064,8,2023-07-24,6,OPEN
1065,SO-0001065,52,2026-03-29,3,OPEN
1066,SO-0001066,34,2025-04-03,3,PARTIAL
1067,SO-0001067,10,2024-09-21,4,SHIPPED
1068,SO-0001068,78,2024-03-12,9,OPEN
1069,SO-0001069,12,2023-02-04,5,SHIPPED
1070,SO-0001070,15,2025-11-20,6,SHIPPED
1071,SO-0001071,25,2023-09-19,9,OPEN
1072,SO-0001072,74,2023-03-29,4,PARTIAL
1073,SO-0001073,11,2024-09-18,2,PARTIAL
1074,SO-0001074,1,2026-09-04,3,SHIPPED
1075,SO-0001075,32,2025-12-23,6,SHIPPED
1076,SO-0001076,40,2025-06-22,5,SHIPPED
1077,SO-0001077,58,2023-03-25,1,PARTIAL
1078,SO-0001078,76,2024-09-23,8,SHIPPED
1079,SO-0001079,77,2024-02-15,11,SHIPPED
1080,SO-0001080,79,2024-09-22,8,SHIPPED
1081,SO-0001081,27,2025-10-02,5,PARTIAL
1082,SO-0001082,58,2025-12-26,1,SHIPPED
1083,SO-0001083,12,2023-01-01,3,PARTIAL
1084,SO-0001084,15,2023-12-19,2,SHIPPED
1085,SO-0001085,22,2024-09-21,1,SHIPPED
1086,SO-0001086,72,2025-07-25,10,PARTIAL
1087,SO-0001087,77,2023-10-11,7,PARTIAL
1088,SO-0001088,80,2024-11-24,7,SHIPPED
1089,SO-0001089,1,2023-01-17,12,OPEN
1090,SO-0001090,64,2024-03-10,1,PARTIAL
1091,SO-0001091,24,2025-05-05,11,SHIPPED
1092,SO-0001092,60,2026-02-04,1,OPEN
1093,SO-0001093,43,2024-03-24,8,SHIPPED
1094,SO-0001094,80,2025-02-14,1,SHIPPED
1095,SO-0001095,43,2024-08-30,3,SHIPPED
1096,SO-0001096,25,2023-12-07,1,PARTIAL
1097,SO-0001097,52,2025-03-19,2,SHIPPED
1098,SO-0001098,42,2025-12-16,3,SHIPPED
1099,SO-0001099,3,2026-02-05,3,OPEN
1100,SO-0001100,74,2025-12-09,12,PARTIAL
1101,SO-0001101,58,2024-01-20,2,SHIPPED
1102,SO-0001102,11,2024-04-23,9,SHIPPED
1103,SO-0001103,74,2024-11-13,3,PARTIAL
1104,SO-0001104,33,2026-06-09,5,OPEN
1105,SO-0001105,62,2026-08-31,1,PARTIAL
1106,SO-0001106,11,2023-06-06,10,PARTIAL
1107,SO-0001107,39,2025-02-08,3,SHIPPED
1108,SO-0001108,32,2023-05-19,10,PARTIAL
1109,SO-0001109,79,2023-04-02,8,OPEN
1110,SO-0001110,33,2026-05-21,10,SHIPPED
1111,SO-0001111,8,2023-05-06,8,SHIPPED
1112,SO-0001112,10,2023-10-07,2,SHIPPED
1113,SO-0001113,14,2025-09-01,5,SHIPPED
1114,SO-0001114,21,2026-03-06,9,SHIPPED
1115,SO-0001115,76,2026-01-06,12,SHIPPED
1116,SO-0001116,57,2023-11-27,9,SHIPPED
1117,SO-0001117,68,2023-10-02,5,PARTIAL
1118,SO-0001118,45,2024-09-11,11,PARTIAL
1119,SO-0001119,15,2023-11-26,9,OPEN
1120,SO-0001120,45,2023-09-10,11,SHIPPED
1121,SO-0001121,17,2026-04-23,8,OPEN
1122,SO-0001122,41,2023-11-26,10,PARTIAL
1123,SO-0001123,53,2023-07-25,1,SHIPPED
1124,SO-0001124,52,2025-08-04,8,PARTIAL
1125,SO-0001125,38,2025-01-03,2,OPEN
1126,SO-0001126,21,2026-07-04,11,SHIPPED
1127,SO-0001127,67,2023-01-18,9,SHIPPED
1128,SO-0001128,72,2024-12-29,9,SHIPPED
1129,SO-0001129,38,2023-03-07,4,PARTIAL
1130,SO-0001130,31,2026-08-18,12,SHIPPED
1131,SO-0001131,25,2023-12-23,4,PARTIAL
1132,SO-0001132,68,2024-11-27,5,SHIPPED
1133,SO-0001133,57,2026-05-05,2,OPEN
1134,SO-0001134,51,2023-04-14,12,SHIPPED
1135,SO-0001135,27,2024-07-18,6,PARTIAL
1136,SO-0001136,65,2023-03-14,12,SHIPPED
1137,SO-0001137,36,2026-04-14,10,OPEN
1138,SO-0001138,38,2025-08-21,7,OPEN
1139,SO-0001139,78,2023-03-02,6,SHIPPED
1140,SO-0001140,58,2024-04-06,7,SHIPPED
1141,SO-0001141,64,2023-05-27,3,SHIPPED
1142,SO-0001142,65,2023-06-01,4,PARTIAL
1143,SO-0001143,49,2024-11-19,5,SHIPPED
1144,SO-0001144,17,2025-12-13,2,SHIPPED
1145,SO-0001145,24,2024-03-09,8,PARTIAL
1146,SO-0001146,63,2025-01-01,9,OPEN
1147,SO-0001147,11,2024-08-05,3,SHIPPED
1148,SO-0001148,61,2026-05-04,10,SHIPPED
1149,SO-0001149,22,2023-11-23,2,SHIPPED
1150,SO-0001150,41,2023-02-14,9,SHIPPED
1151,SO-0001151,51,2026-09-20,12,PARTIAL
1152,SO-0001152,33,2024-12-19,4,PARTIAL
1153,SO-0001153,4,2025-08-28,9,PARTIAL
1154,SO-0001154,55,2025-11-20,12,SHIPPED
1155,SO-0001155,34,2024-09-22,5,SHIPPED
1156,SO-0001156,58,2026-02-25,5,SHIPPED
1157,SO-0001157,75,2023-06-23,7,SHIPPED
1158,SO-0001158,21,2023-07-28,3,PARTIAL
1159,SO-0001159,58,2024-10-03,12,PARTIAL
1160,SO-0001160,68,2024-12-21,4,PARTIAL
1161,SO-0001161,72,2023-12-18,8,SHIPPED
1162,SO-0001162,55,2025-12-31,1,PARTIAL
1163,SO-0001163,56,2026-01-05,2,SHIPPED
1164,SO-0001164,37,2023-10-16,10,SHIPPED
1165,SO-0001165,54,2024-10-12,8,PARTIAL
1166,SO-0001166,1,2026-04-26,5,SHIPPED
1167,SO-0001167,36,2024-06-11,4,OPEN
1168,SO-0001168,52,2024-07-04,12,PARTIAL
1169,SO-0001169,36,2025-06-18,9,PARTIAL
1170,SO-0001170,52,2023-07-26,4,SHIPPED
1171,SO-0001171,56,2024-03-29,12,SHIPPED
1172,SO-0001172,26,2025-07-13,1,OPEN
1173,SO-0001173,61,2026-08-29,5,PARTIAL
1174,SO-0001174,53,2026-02-17,8,SHIPPED
1175,SO-0001175,22,2026-07-19,8,SHIPPED
1176,SO-0001176,74,2024-05-15,10,SHIPPED
1177,SO-0001177,68,2026-03-10,9,SHIPPED
1178,SO-0001178,32,2025-01-17,5,SHIPPED
1179,SO-0001179,8,2025-07-16,9,PARTIAL
1180,SO-0001180,34,2023-11-03,3,OPEN
1181,SO-0001181,16,2024-02-21,6,SHIPPED
1182,SO-0001182,10,2026-05-04,12,SHIPPED
1183,SO-0001183,54,2024-03-18,7,SHIPPED
1184,SO-0001184,7,2023-11-04,12,SHIPPED
1185,SO-0001185,42,2026-01-25,7,SHIPPED
1186,SO-0001186,11,2025-04-12,7,PARTIAL
1187,SO-0001187,22,2024-10-18,8,PARTIAL
1188,SO-0001188,23,2024-12-08,4,SHIPPED
1189,SO-0001189,7,2026-01-09,10,OPEN
1190,SO-0001190,30,2024-06-20,3,SHIPPED
1191,SO-0001191,2,2023-05-27,1,SHIPPED
1192,SO-0001192,3,2026-08-20,2,OPEN
1193,SO-0001193,5,2026-02-19,7,SHIPPED
1194,SO-0001194,79,2024-11-02,2,SHIPPED
1195,SO-0001195,42,2023-11-24,4,PARTIAL
1196,SO-0001196,49,2023-10-23,11,SHIPPED
1197,SO-0001197,38,2025-03-21,12,OPEN
1198,SO-0001198,12,2025-06-19,3,SHIPPED
1199,SO-0001199,40,2024-06-10,11,SHIPPED
1200,SO-0001200,68,2024-03-04,8,SHIPPED
1201,SO-0001201,10,2023-10-14,10,SHIPPED
1202,SO-0001202,28,2026-06-30,9,PARTIAL
1203,SO-0001203,10,2025-11-09,9,SHIPPED
1204,SO-0001204,36,2025-06-21,8,SHIPPED
1205,SO-0001205,26,2023-05-11,10,SHIPPED
1206,SO-0001206,6,2024-02-28,4,PARTIAL
1207,SO-0001207,45,2023-11-22,8,OPEN
1208,SO-0001208,41,2023-08-29,5,SHIPPED
1209,SO-0001209,2,2024-06-26,3,PARTIAL
1210,SO-0001210,19,2023-09-29,8,SHIPPED
1211,SO-0001211,32,2024-07-13,5,PARTIAL
1212,SO-0001212,23,2023-11-24,11,PARTIAL
1213,SO-0001213,22,2026-01-12,12,SHIPPED
1214,SO-0001214,55,2024-09-06,11,SHIPPED
1215,SO-0001215,2,2023-12-11,1,OPEN
1216,SO-0001216,3,2024-06-18,8,SHIPPED
1217,SO-0001217,16,2026-08-02,9,SHIPPED
1218,SO-0001218,78,2024-08-06,8,OPEN
1219,SO-0001219,52,2023-06-10,2,OPEN
1220,SO-0001220,6,2023-04-02,6,SHIPPED
1221,SO-0001221,23,2024-11-13,11,SHIPPED
1222,SO-0001222,54,2023-10-20,4,SHIPPED
1223,SO-0001223,12,2023-12-06,1,SHIPPED
1224,SO-0001224,74,2026-04-12,12,PARTIAL
1225,SO-0001225,3,2026-05-11,9,SHIPPED
1226,SO-0001226,19,2026-09-11,8,SHIPPED
1227,SO-0001227,35,2023-07-07,7,PARTIAL
1228,SO-0001228,34,2024-08-27,3,SHIPPED
1229,SO-0001229,27,2023-10-13,6,SHIPPED
1230,SO-0001230,61,2026-01-24,8,OPEN
1231,SO-0001231,43,2025-10-10,4,OPEN
1232,SO-0001232,14,2025-03-25,12,SHIPPED
1233,SO-0001233,30,2024-12-03,9,OPEN
1234,SO-0001234,67,2026-03-24,10,OPEN
1235,SO-0001235,11,2025-04-05,7,SHIPPED
1236,SO-0001236,71,2024-09-19,10,PARTIAL
1237,SO-0001237,62,2023-05-20,8,OPEN
1238,SO-0001238,4,2024-04-06,3,SHIPPED
1239,SO-0001239,25,2026-06-20,3,PARTIAL
1240,SO-0001240,31,2025-06-20,6,PARTIAL
1241,SO-0001241,47,2024-01-03,11,PARTIAL
1242,SO-0001242,57,2025-04-01,7,SHIPPED
1243,SO-0001243,3,2025-02-18,3,PARTIAL
1244,SO-0001244,76,2026-02-17,8,SHIPPED
1245,SO-0001245,5,2024-09-29,1,SHIPPED
1246,SO-0001246,64,2026-07-18,9,SHIPPED
1247,SO-0001247,26,2026-04-28,6,SHIPPED
1248,SO-0001248,31,2024-08-15,5,OPEN
1249,SO-0001249,74,2024-04-06,2,SHIPPED
1250,SO-0001250,51,2026-04-05,7,SHIPPED
1251,SO-0001251,60,2026-06-04,8,SHIPPED
1252,SO-0001252,68,2023-06-10,4,SHIPPED
1253,SO-0001253,80,2026-07-09,4,OPEN
1254,SO-0001254,49,2023-07-30,8,SHIPPED
1255,SO-0001255,48,2023-03-27,10,SHIPPED
1256,SO-0001256,6,2025-09-26,11,SHIPPED
1257,SO-0001257,12,2026-01-28,2,SHIPPED
1258,SO-0001258,30,2025-01-05,11,SHIPPED
1259,SO-0001259,31,2024-09-16,9,SHIPPED
1260,SO-0001260,62,2024-05-29,10,SHIPPED
1261,SO-0001261,59,2023-10-13,10,PARTIAL
1262,SO-0001262,10,2026-01-29,9,PARTIAL
1263,SO-0001263,47,2025-10-04,3,PARTIAL
1264,SO-0001264,17,2024-05-08,1,SHIPPED
1265,SO-0001265,60,2024-02-26,9,PARTIAL
1266,SO-0001266,64,2023-11-20,12,PARTIAL
1267,SO-0001267,69,2023-05-11,10,PARTIAL
1268,SO-0001268,21,2026-06-07,12,SHIPPED
1269,SO-0001269,41,2024-12-28,9,OPEN
1270,SO-0001270,61,2024-03-12,2,SHIPPED
1271,SO-0001271,36,2025-10-24,4,SHIPPED
1272,SO-0001272,74,2024-04-08,12,SHIPPED
1273,SO-0001273,59,2024-08-29,12,SHIPPED
1274,SO-0001274,3,2024-10-19,12,PARTIAL
1275,SO-0001275,34,2023-05-27,3,SHIPPED
1276,SO-0001276,12,2024-02-03,9,PARTIAL
1277,SO-0001277,21,2023-09-25,8,OPEN
1278,SO-0001278,15,2025-06-04,5,OPEN
1279,SO-0001279,26,2025-12-01,12,OPEN
1280,SO-0001280,21,2023-04-01,7,OPEN
1281,SO-0001281,80,2024-11-30,4,SHIPPED
1282,SO-0001282,5,2024-02-10,10,SHIPPED
1283,SO-0001283,17,2023-04-29,10,SHIPPED
1284,SO-0001284,29,2025-09-09,7,SHIPPED
1285,SO-0001285,80,2023-02-24,3,SHIPPED
1286,SO-0001286,40,2023-12-24,11,SHIPPED
1287,SO-0001287,24,2025-01-28,6,SHIPPED
1288,SO-0001288,33,2024-07-05,6,SHIPPED
1289,SO-0001289,50,2024-01-16,1,PARTIAL
1290,SO-0001290,51,2026-05-16,7,SHIPPED
1291,SO-0001291,47,2025-09-05,2,SHIPPED
1292,SO-0001292,8,2026-09-04,10,OPEN
1293,SO-0001293,52,2026-03-04,2,SHIPPED
1294,SO-0001294,26,2023-06-13,6,SHIPPED
1295,SO-0001295,14,2026-07-25,1,SHIPPED
1296,SO-0001296,45,2024-01-30,6,SHIPPED
1297,SO-0001297,38,2023-06-07,4,SHIPPED
1298,SO-0001298,21,2025-01-06,9,OPEN
1299,SO-0001299,66,2026-07-18,1,SHIPPED
1300,SO-0001300,49,2023-06-06,2,SHIPPED
1301,SO-0001301,27,2025-02-12,9,SHIPPED
1302,SO-0001302,59,2024-11-17,7,SHIPPED
1303,SO-0001303,67,2023-06-06,2,SHIPPED
1304,SO-0001304,11,2025-05-31,5,SHIPPED
1305,SO-0001305,23,2024-12-05,12,PARTIAL
1306,SO-0001306,73,2023-08-26,7,OPEN
1307,SO-0001307,47,2026-09-01,10,SHIPPED
1308,SO-0001308,77,2023-06-18,5,SHIPPED
1309,SO-0001309,21,2023-10-16,11,OPEN
1310,SO-0001310,25,2025-03-25,1,SHIPPED
1311,SO-0001311,32,2023-03-19,6,OPEN
1312,SO-0001312,75,2025-04-28,8,PARTIAL
1313,SO-0001313,73,2024-08-22,8,SHIPPED
1314,SO-0001314,79,2024-06-08,5,PARTIAL
1315,SO-0001315,76,2025-10-13,10,OPEN
1316,SO-0001316,76,2024-02-27,1,PARTIAL
1317,SO-0001317,42,2025-01-08,7,OPEN
1318,SO-0001318,58,2023-02-13,7,PARTIAL
1319,SO-0001319,77,2023-02-17,8,OPEN
1320,SO-0001320,37,2024-04-26,3,SHIPPED
1321,SO-0001321,26,2025-02-15,10,SHIPPED
1322,SO-0001322,72,2025-04-20,9,SHIPPED
1323,SO-0001323,1,2024-11-27,9,SHIPPED
1324,SO-0001324,58,2025-08-18,2,SHIPPED
1325,SO-0001325,51,2025-11-03,8,PARTIAL
1326,SO-0001326,7,2024-05-16,1,OPEN
1327,SO-0001327,21,2025-07-10,9,PARTIAL
1328,SO-0001328,65,2023-07-05,6,OPEN
1329,SO-0001329,69,2025-04-22,6,SHIPPED
1330,SO-0001330,9,2025-06-09,9,PARTIAL
1331,SO-0001331,42,2025-12-29,11,SHIPPED
1332,SO-0001332,75,2023-01-12,3,PARTIAL
1333,SO-0001333,57,2025-07-26,12,SHIPPED
1334,SO-0001334,34,2026-09-07,6,SHIPPED
1335,SO-0001335,5,2026-01-26,2,SHIPPED
1336,SO-0001336,42,2025-11-18,5,SHIPPED
1337,SO-0001337,63,2025-05-11,12,OPEN
1338,SO-0001338,11,2024-11-16,6,SHIPPED
1339,SO-0001339,56,2025-01-26,1,SHIPPED
1340,SO-0001340,23,2024-08-12,12,SHIPPED
1341,SO-0001341,18,2024-08-09,3,SHIPPED
1342,SO-0001342,27,2023-05-04,6,SHIPPED
1343,SO-0001343,27,2024-01-24,1,OPEN
1344,SO-0001344,32,2025-11-01,2,PARTIAL
1345,SO-0001345,71,2024-07-31,11,OPEN
1346,SO-0001346,75,2023-03-03,10,OPEN
1347,SO-0001347,65,2023-03-01,2,SHIPPED
1348,SO-0001348,15,2023-07-31,4,PARTIAL
1349,SO-0001349,17,2025-10-28,4,SHIPPED
1350,SO-0001350,58,2024-03-01,12,OPEN
1351,SO-0001351,35,2024-06-03,11,PARTIAL
1352,SO-0001352,14,2026-07-07,3,OPEN
1353,SO-0001353,24,2025-05-29,12,SHIPPED
1354,SO-0001354,55,2023-10-18,10,OPEN
1355,SO-0001355,60,2023-07-08,11,SHIPPED
1356,SO-0001356,32,2024-02-19,1,SHIPPED
1357,SO-0001357,39,2024-12-09,4,PARTIAL
1358,SO-0001358,32,2023-07-14,8,SHIPPED
1359,SO-0001359,14,2026-08-15,11,SHIPPED
1360,SO-0001360,23,2024-12-28,3,PARTIAL
1361,SO-0001361,64,2026-05-03,6,SHIPPED
1362,SO-0001362,5,2023-06-12,10,PARTIAL
1363,SO-0001363,73,2023-02-26,12,SHIPPED
1364,SO-0001364,7,2024-02-29,5,PARTIAL
1365,SO-0001365,2,2026-07-24,4,SHIPPED
1366,SO-0001366,69,2023-06-16,2,SHIPPED
1367,SO-0001367,9,2023-06-18,8,OPEN
1368,SO-0001368,38,2025-01-07,6,SHIPPED
1369,SO-0001369,33,2026-09-19,7,OPEN
1370,SO-0001370,3,2025-09-25,12,SHIPPED
1371,SO-0001371,15,2023-04-24,10,SHIPPED
1372,SO-0001372,25,2023-04-11,7,SHIPPED
1373,SO-0001373,10,2024-11-07,10,SHIPPED
1374,SO-0001374,37,2023-11-05,4,OPEN
1375,SO-0001375,66,2024-11-23,1,OPEN
1376,SO-0001376,79,2024-09-18,9,SHIPPED
1377,SO-0001377,47,2023-12-08,6,SHIPPED
1378,SO-0001378,79,2025-07-06,2,OPEN
1379,SO-0001379,9,2026-04-24,5,OPEN
1380,SO-0001380,75,2023-05-16,10,SHIPPED
1381,SO-0001381,79,2024-04-26,9,SHIPPED
1382,SO-0001382,42,2024-05-08,12,SHIPPED
1383,SO-0001383,19,2025-10-14,11,SHIPPED
1384,SO-0001384,38,2025-04-11,2,OPEN
1385,SO-0001385,47,2023-09-24,6,PARTIAL
1386,SO-0001386,21,2026-03-11,12,SHIPPED
1387,SO-0001387,1,2026-03-08,1,SHIPPED
1388,SO-0001388,23,2023-06-10,9,SHIPPED
1389,SO-0001389,1,2026-06-08,8,SHIPPED
1390,SO-0001390,36,2024-12-22,6,PARTIAL
1391,SO-0001391,75,2023-04-09,12,SHIPPED
1392,SO-0001392,77,2023-10-05,12,PARTIAL
1393,SO-0001393,20,2024-03-10,3,PARTIAL
1394,SO-0001394,78,2026-09-26,4,OPEN
1395,SO-0001395,28,2025-12-03,10,SHIPPED
1396,SO-0001396,47,2023-04-28,4,OPEN
1397,SO-0001397,16,2024-01-18,5,OPEN
1398,SO-0001398,59,2024-09-07,12,SHIPPED
1399,SO-0001399,7,2023-06-21,6,SHIPPED
1400,SO-0001400,59,2024-04-11,9,OPEN
1401,SO-0001401,3,2023-01-02,7,SHIPPED
1402,SO-0001402,79,2023-04-18,9,SHIPPED
1403,SO-0001403,40,2023-04-20,6,OPEN
1404,SO-0001404,42,2025-06-04,8,SHIPPED
1405,SO-0001405,68,2023-08-02,5,PARTIAL
1406,SO-0001406,9,2023-05-24,1,SHIPPED
1407,SO-0001407,29,2023-08-07,2,SHIPPED
1408,SO-0001408,50,2025-02-06,3,SHIPPED
1409,SO-0001409,35,2026-08-13,2,SHIPPED
1410,SO-0001410,20,2023-05-18,5,SHIPPED
1411,SO-0001411,28,2025-03-24,12,SHIPPED
1412,SO-0001412,31,2026-01-14,3,SHIPPED
1413,SO-0001413,44,2024-03-11,9,PARTIAL
1414,SO-0001414,2,2026-07-08,11,OPEN
1415,SO-0001415,67,2024-02-03,11,PARTIAL
1416,SO-0001416,66,2026-05-08,8,PARTIAL
1417,SO-0001417,49,2026-03-18,9,SHIPPED
1418,SO-0001418,15,2025-09-24,2,SHIPPED
1419,SO-0001419,38,2025-12-15,6,PARTIAL
1420,SO-0001420,3,2024-09-09,9,OPEN
1421,SO-0001421,7,2025-09-06,2,OPEN
1422,SO-0001422,57,2025-03-21,6,PARTIAL
1423,SO-0001423,39,2023-03-14,1,OPEN
1424,SO-0001424,4,2025-04-03,7,OPEN
1425,SO-0001425,51,2025-05-28,7,OPEN
1426,SO-0001426,15,2023-11-26,4,SHIPPED
1427,SO-0001427,21,2024-07-22,4,SHIPPED
1428,SO-0001428,52,2025-07-17,8,SHIPPED
1429,SO-0001429,77,2025-10-17,3,PARTIAL
1430,SO-0001430,51,2026-08-01,7,SHIPPED
1431,SO-0001431,44,2023-01-12,6,SHIPPED
1432,SO-0001432,66,2024-08-14,9,OPEN
1433,SO-0001433,3,2026-07-10,2,SHIPPED
1434,SO-0001434,73,2025-07-03,4,SHIPPED
1435,SO-0001435,14,2025-11-27,3,SHIPPED
1436,SO-0001436,33,2023-12-19,7,SHIPPED
1437,SO-0001437,74,2025-06-08,7,SHIPPED
1438,SO-0001438,18,2023-03-19,4,SHIPPED
1439,SO-0001439,29,2024-01-25,12,SHIPPED
1440,SO-0001440,43,2024-09-17,7,OPEN
1441,SO-0001441,48,2023-11-13,9,SHIPPED
1442,SO-0001442,34,2026-07-04,10,SHIPPED
1443,SO-0001443,19,2026-02-23,11,SHIPPED
1444,SO-0001444,61,2025-10-01,4,OPEN
1445,SO-0001445,23,2023-08-20,3,SHIPPED
1446,SO-0001446,29,2024-05-24,9,SHIPPED
1447,SO-0001447,19,2023-07-09,12,SHIPPED
1448,SO-0001448,58,2024-05-05,2,SHIPPED
1449,SO-0001449,23,2023-04-28,6,SHIPPED
1450,SO-0001450,56,2023-05-28,9,SHIPPED
1451,SO-0001451,33,2026-08-02,9,OPEN
1452,SO-0001452,79,2023-03-18,4,SHIPPED
1453,SO-0001453,7,2025-09-20,4,SHIPPED
1454,SO-0001454,72,2024-07-29,4,SHIPPED
1455,SO-0001455,26,2023-08-19,5,OPEN
1456,SO-0001456,70,2025-04-25,6,SHIPPED
1457,SO-0001457,15,2026-05-13,1,SHIPPED
1458,SO-0001458,48,2024-09-24,6,SHIPPED
1459,SO-0001459,42,2024-01-13,5,SHIPPED
1460,SO-0001460,4,2024-01-25,12,PARTIAL
1461,SO-0001461,5,2025-06-15,7,SHIPPED
1462,SO-0001462,77,2024-06-24,12,SHIPPED
1463,SO-0001463,49,2023-08-11,7,OPEN
1464,SO-0001464,7,2026-02-24,8,SHIPPED
1465,SO-0001465,8,2026-05-12,12,PARTIAL
1466,SO-0001466,9,2024-05-11,12,OPEN
1467,SO-0001467,57,2025-03-20,7,PARTIAL
1468,SO-0001468,24,2026-09-05,5,SHIPPED
1469,SO-0001469,72,2024-06-14,12,OPEN
1470,SO-0001470,13,2026-07-15,12,PARTIAL
1471,SO-0001471,34,2024-02-08,3,PARTIAL
1472,SO-0001472,14,2023-07-02,11,SHIPPED
1473,SO-0001473,80,2024-10-06,10,SHIPPED
1474,SO-0001474,29,2024-03-13,4,SHIPPED
1475,SO-0001475,5,2024-05-02,5,PARTIAL
1476,SO-0001476,39,2024-12-23,3,SHIPPED
1477,SO-0001477,10,2023-07-28,1,SHIPPED
1478,SO-0001478,80,2023-09-04,12,SHIPPED
1479,SO-0001479,12,2024-04-05,7,SHIPPED
1480,SO-0001480,79,2025-06-19,6,OPEN
1481,SO-0001481,3,2024-05-07,5,OPEN
1482,SO-0001482,27,2024-06-22,5,SHIPPED
1483,SO-0001483,3,2023-09-15,1,PARTIAL
1484,SO-0001484,12,2024-03-19,5,SHIPPED
1485,SO-0001485,65,2023-02-26,12,SHIPPED
1486,SO-0001486,73,2024-05-21,12,SHIPPED
1487,SO-0001487,28,2024-09-24,7,SHIPPED
1488,SO-0001488,26,2026-02-08,9,SHIPPED
1489,SO-0001489,6,2024-04-10,12,PARTIAL
1490,SO-0001490,55,2024-05-26,12,SHIPPED
1491,SO-0001491,6,2026-05-23,11,SHIPPED
1492,SO-0001492,70,2024-05-10,12,PARTIAL
1493,SO-0001493,40,2025-01-19,9,SHIPPED
1494,SO-0001494,34,2026-05-18,9,SHIPPED
1495,SO-0001495,3,2023-06-25,8,SHIPPED
1496,SO-0001496,35,2025-05-11,9,PARTIAL
1497,SO-0001497,56,2025-01-11,5,SHIPPED
1498,SO-0001498,23,2025-10-11,4,PARTIAL
1499,SO-0001499,66,2023-12-24,2,SHIPPED
1500,SO-0001500,76,2024-11-20,6,OPEN
1501,SO-0001501,18,2024-12-12,1,SHIPPED
1502,SO-0001502,72,2024-06-09,9,SHIPPED
1503,SO-0001503,46,2025-07-31,4,OPEN
1504,SO-0001504,7,2024-06-15,8,SHIPPED
1505,SO-0001505,78,2023-08-13,9,SHIPPED
1506,SO-0001506,47,2026-04-02,9,SHIPPED
1507,SO-0001507,44,2025-03-28,5,SHIPPED
1508,SO-0001508,19,2024-04-08,3,SHIPPED
1509,SO-0001509,47,2024-07-11,5,SHIPPED
1510,SO-0001510,40,2023-01-23,12,OPEN
1511,SO-0001511,20,2026-03-31,12,SHIPPED
1512,SO-0001512,73,2023-06-27,9,OPEN
1513,SO-0001513,66,2023-07-13,5,PARTIAL
1514,SO-0001514,13,2025-09-07,6,SHIPPED
1515,SO-0001515,54,2024-05-18,9,SHIPPED
1516,SO-0001516,19,2025-10-12,1,SHIPPED
1517,SO-0001517,30,2023-09-10,2,SHIPPED
1518,SO-0001518,33,2024-07-30,11,OPEN
1519,SO-0001519,57,2025-10-24,2,SHIPPED
1520,SO-0001520,68,2025-04-19,8,OPEN
1521,SO-0001521,33,2026-04-28,3,SHIPPED
1522,SO-0001522,54,2024-04-17,3,SHIPPED
1523,SO-0001523,26,2023-11-20,2,PARTIAL
1524,SO-0001524,49,2024-05-07,6,OPEN
1525,SO-0001525,50,2025-07-18,10,PARTIAL
1526,SO-0001526,61,2026-07-22,10,SHIPPED
1527,SO-0001527,40,2024-08-07,8,SHIPPED
1528,SO-0001528,8,2025-03-13,5,SHIPPED
1529,SO-0001529,64,2025-03-25,10,OPEN
1530,SO-0001530,75,2023-03-01,5,SHIPPED
1531,SO-0001531,46,2025-08-21,3,SHIPPED
1532,SO-0001532,32,2024-03-10,2,OPEN
1533,SO-0001533,65,2025-12-28,8,SHIPPED
1534,SO-0001534,57,2026-01-02,9,SHIPPED
1535,SO-0001535,26,2023-09-18,4,SHIPPED
1536,SO-0001536,30,2025-06-27,7,SHIPPED
1537,SO-0001537,32,2025-01-24,11,SHIPPED
1538,SO-0001538,80,2025-10-09,1,PARTIAL
1539,SO-0001539,76,2025-12-26,8,PARTIAL
1540,SO-0001540,34,2025-05-27,10,PARTIAL
1541,SO-0001541,39,2025-09-09,8,SHIPPED
1542,SO-0001542,23,2023-11-22,8,PARTIAL
1543,SO-0001543,56,2024-06-21,6,SHIPPED
1544,SO-0001544,31,2024-01-07,1,SHIPPED
1545,SO-0001545,67,2024-08-03,1,SHIPPED
1546,SO-0001546,9,2026-06-18,1,OPEN
1547,SO-0001547,30,2026-09-27,11,PARTIAL
1548,SO-0001548,42,2025-07-18,1,SHIPPED
1549,SO-0001549,65,2023-01-12,6,SHIPPED
1550,SO-0001550,31,2025-01-13,6,SHIPPED
1551,SO-0001551,13,2025-05-08,5,SHIPPED
1552,SO-0001552,2,2024-05-24,5,PARTIAL
1553,SO-0001553,17,2025-07-01,2,OPEN
1554,SO-0001554,13,2026-05-01,11,SHIPPED
1555,SO-0001555,64,2025-06-23,7,PARTIAL
1556,SO-0001556,45,2023-05-04,5,SHIPPED
1557,SO-0001557,11,2024-06-13,3,PARTIAL
1558,SO-0001558,76,2026-01-18,5,PARTIAL
1559,SO-0001559,9,2026-09-06,6,SHIPPED
1560,SO-0001560,62,2023-11-29,5,OPEN
1561,SO-0001561,10,2026-01-09,6,SHIPPED
1562,SO-0001562,24,2026-08-21,4,OPEN
1563,SO-0001563,45,2024-01-31,7,OPEN
1564,SO-0001564,49,2025-05-18,10,SHIPPED
1565,SO-0001565,5,2025-12-18,6,SHIPPED
1566,SO-0001566,71,2025-04-25,10,SHIPPED
1567,SO-0001567,67,2025-06-24,7,PARTIAL
1568,SO-0001568,2,2024-07-14,11,SHIPPED
1569,SO-0001569,36,2024-01-09,3,SHIPPED
1570,SO-0001570,35,2025-05-17,7,SHIPPED
1571,SO-0001571,68,2024-06-22,10,OPEN
1572,SO-0001572,49,2023-11-20,7,PARTIAL
1573,SO-0001573,19,2023-09-14,10,SHIPPED
1574,SO-0001574,73,2026-09-06,4,SHIPPED
1575,SO-0001575,11,2026-05-17,1,OPEN
1576,SO-0001576,22,2023-02-15,4,SHIPPED
1577,SO-0001577,39,2024-07-12,1,SHIPPED
1578,SO-0001578,38,2024-07-21,3,OPEN
1579,SO-0001579,33,2024-02-19,1,SHIPPED
1580,SO-0001580,44,2025-12-19,5,OPEN
1581,SO-0001581,71,2024-06-29,12,SHIPPED
1582,SO-0001582,52,2023-06-08,3,SHIPPED
1583,SO-0001583,17,2023-10-30,1,SHIPPED
1584,SO-0001584,31,2025-06-27,1,SHIPPED
1585,SO-0001585,67,2025-11-11,12,SHIPPED
1586,SO-0001586,58,2025-11-10,1,SHIPPED
1587,SO-0001587,50,2026-01-28,11,PARTIAL
1588,SO-0001588,45,2023-04-19,2,SHIPPED
1589,SO-0001589,30,2023-08-03,4,SHIPPED
1590,SO-0001590,14,2025-10-21,6,OPEN
1591,SO-0001591,9,2024-05-09,9,OPEN
1592,SO-0001592,19,2023-11-27,8,SHIPPED
1593,SO-0001593,34,2023-11-18,6,SHIPPED
1594,SO-0001594,26,2024-01-17,6,SHIPPED
1595,SO-0001595,74,2024-06-18,11,SHIPPED
1596,SO-0001596,71,2024-01-02,5,SHIPPED
1597,SO-0001597,64,2023-09-01,3,OPEN
1598,SO-0001598,15,2024-02-08,4,SHIPPED
1599,SO-0001599,19,2025-09-27,6,PARTIAL
1600,SO-0001600,43,2025-09-16,2,PARTIAL
1601,SO-0001601,11,2026-02-14,12,PARTIAL
1602,SO-0001602,32,2025-08-19,9,PARTIAL
1603,SO-0001603,22,2026-03-28,1,OPEN
1604,SO-0001604,68,2025-07-05,10,SHIPPED
1605,SO-0001605,3,2024-03-06,11,SHIPPED
1606,SO-0001606,72,2024-09-03,3,SHIPPED
1607,SO-0001607,44,2025-09-23,9,SHIPPED
1608,SO-0001608,14,2024-01-21,11,OPEN
1609,SO-0001609,4,2023-09-10,6,OPEN
1610,SO-0001610,24,2025-05-03,5,SHIPPED
1611,SO-0001611,57,2023-11-04,12,OPEN
1612,SO-0001612,29,2025-04-05,8,OPEN
1613,SO-0001613,65,2026-02-18,7,SHIPPED
1614,SO-0001614,13,2025-08-19,12,SHIPPED
1615,SO-0001615,18,2025-09-11,12,SHIPPED
1616,SO-0001616,71,2025-11-07,7,SHIPPED
1617,SO-0001617,75,2024-07-08,8,SHIPPED
1618,SO-0001618,26,2023-11-10,11,SHIPPED
1619,SO-0001619,14,2024-01-30,7,SHIPPED
1620,SO-0001620,21,2024-02-14,12,OPEN
1621,SO-0001621,78,2023-06-08,1,SHIPPED
1622,SO-0001622,60,2025-03-10,5,SHIPPED
1623,SO-0001623,64,2026-01-24,9,PARTIAL
1624,SO-0001624,31,2024-08-29,11,OPEN
1625,SO-0001625,19,2025-10-26,2,SHIPPED
1626,SO-0001626,17,2026-02-03,2,OPEN
1627,SO-0001627,55,2024-03-06,1,OPEN
1628,SO-0001628,52,2024-07-27,11,OPEN
1629,SO-0001629,34,2023-07-30,5,PARTIAL
1630,SO-0001630,52,2026-06-02,12,PARTIAL
1631,SO-0001631,35,2025-10-10,1,SHIPPED
1632,SO-0001632,74,2024-12-23,2,OPEN
1633,SO-0001633,38,2025-05-10,4,OPEN
1634,SO-0001634,57,2025-12-29,1,SHIPPED
1635,SO-0001635,48,2025-10-15,2,SHIPPED
1636,SO-0001636,11,2026-03-09,2,SHIPPED
1637,SO-0001637,56,2023-04-17,5,SHIPPED
1638,SO-0001638,50,2023-10-25,12,SHIPPED
1639,SO-0001639,61,2025-10-16,11,SHIPPED
1640,SO-0001640,7,2026-09-23,3,OPEN
1641,SO-0001641,50,2024-06-10,3,SHIPPED
1642,SO-0001642,72,2024-01-28,10,SHIPPED
1643,SO-0001643,37,2025-11-25,5,SHIPPED
1644,SO-0001644,1,2025-08-12,3,OPEN
1645,SO-0001645,38,2025-02-28,8,SHIPPED
1646,SO-0001646,32,2026-01-28,6,SHIPPED
1647,SO-0001647,75,2024-06-13,11,SHIPPED
1648,SO-0001648,4,2025-04-10,4,SHIPPED
1649,SO-0001649,75,2024-02-01,8,PARTIAL
1650,SO-0001650,28,2025-11-16,1,PARTIAL
1651,SO-0001651,13,2025-02-16,1,SHIPPED
1652,SO-0001652,3,2023-12-10,1,SHIPPED
1653,SO-0001653,54,2026-02-27,10,OPEN
1654,SO-0001654,29,2025-05-07,10,OPEN
1655,SO-0001655,14,2026-04-16,12,OPEN
1656,SO-0001656,22,2025-12-10,5,OPEN
1657,SO-0001657,37,2023-08-18,11,PARTIAL
1658,SO-0001658,8,2023-12-12,8,SHIPPED
1659,SO-0001659,7,2023-11-04,8,OPEN
1660,SO-0001660,47,2023-08-21,6,SHIPPED
1661,SO-0001661,66,2024-07-19,3,SHIPPED
1662,SO-0001662,64,2023-08-22,11,OPEN
1663,SO-0001663,23,2024-04-15,7,SHIPPED
1664,SO-0001664,2,2025-10-28,11,SHIPPED
1665,SO-0001665,59,2023-01-16,11,OPEN
1666,SO-0001666,69,2023-08-12,10,SHIPPED
1667,SO-0001667,14,2024-05-05,5,SHIPPED
1668,SO-0001668,76,2026-01-07,8,SHIPPED
1669,SO-0001669,2,2024-05-12,8,SHIPPED
1670,SO-0001670,26,2024-12-25,4,SHIPPED
1671,SO-0001671,57,2026-02-20,3,SHIPPED
1672,SO-0001672,29,2023-03-09,12,SHIPPED
1673,SO-0001673,41,2023-01-19,5,SHIPPED
1674,SO-0001674,3,2025-07-10,4,SHIPPED
1675,SO-0001675,17,2023-02-22,3,SHIPPED
1676,SO-0001676,20,2025-07-09,2,PARTIAL
1677,SO-0001677,43,2024-07-28,3,OPEN
1678,SO-0001678,65,2024-11-25,8,SHIPPED
1679,SO-0001679,3,2023-03-01,8,SHIPPED
1680,SO-0001680,73,2025-12-13,11,SHIPPED
1681,SO-0001681,5,2024-07-28,12,PARTIAL
1682,SO-0001682,24,2023-07-09,2,OPEN
1683,SO-0001683,73,2024-07-27,9,OPEN
1684,SO-0001684,65,2024-06-10,12,SHIPPED
1685,SO-0001685,60,2024-05-13,12,PARTIAL
1686,SO-0001686,57,2024-12-04,10,SHIPPED
1687,SO-0001687,41,2024-03-03,8,PARTIAL
1688,SO-0001688,62,2026-04-29,9,OPEN
1689,SO-0001689,46,2023-10-04,10,SHIPPED
1690,SO-0001690,30,2024-05-07,6,SHIPPED
1691,SO-0001691,42,2025-10-28,2,OPEN
1692,SO-0001692,75,2024-05-30,1,OPEN
1693,SO-0001693,7,2026-02-21,11,SHIPPED
1694,SO-0001694,69,2024-07-31,11,SHIPPED
1695,SO-0001695,58,2025-03-16,1,SHIPPED
1696,SO-0001696,31,2024-10-19,7,OPEN
1697,SO-0001697,50,2023-01-24,3,OPEN
1698,SO-0001698,34,2023-12-14,5,OPEN
1699,SO-0001699,54,2025-08-10,10,OPEN
1700,SO-0001700,37,2023-11-08,9,SHIPPED
1701,SO-0001701,64,2023-07-03,7,SHIPPED
1702,SO-0001702,61,2024-06-13,8,SHIPPED
1703,SO-0001703,20,2024-02-06,1,OPEN
1704,SO-0001704,73,2026-09-22,10,SHIPPED
1705,SO-0001705,23,2023-10-22,3,SHIPPED
1706,SO-0001706,51,2023-03-15,10,SHIPPED
1707,SO-0001707,12,2023-11-22,1,SHIPPED
1708,SO-0001708,48,2025-01-02,11,PARTIAL
1709,SO-0001709,51,2023-05-07,12,SHIPPED
1710,SO-0001710,7,2025-12-21,3,PARTIAL
1711,SO-0001711,24,2026-04-05,2,PARTIAL
1712,SO-0001712,9,2026-06-07,8,SHIPPED
1713,SO-0001713,49,2025-06-09,3,SHIPPED
1714,SO-0001714,34,2025-06-04,7,SHIPPED
1715,SO-0001715,44,2024-06-20,2,SHIPPED
1716,SO-0001716,13,2024-02-09,2,SHIPPED
1717,SO-0001717,6,2026-08-23,1,OPEN
1718,SO-0001718,2,2025-12-21,2,OPEN
1719,SO-0001719,39,2026-09-17,8,SHIPPED
1720,SO-0001720,52,2026-01-02,2,SHIPPED
1721,SO-0001721,60,2024-02-07,12,OPEN
1722,SO-0001722,47,2024-04-26,9,SHIPPED
1723,SO-0001723,8,2023-01-04,7,PARTIAL
1724,SO-0001724,54,2023-05-12,6,PARTIAL
1725,SO-0001725,49,2025-08-31,7,SHIPPED
1726,SO-0001726,63,2025-10-17,2,PARTIAL
1727,SO-0001727,71,2023-09-19,2,SHIPPED
1728,SO-0001728,32,2025-05-19,5,SHIPPED
1729,SO-0001729,19,2026-04-10,4,OPEN
1730,SO-0001730,29,2025-10-30,11,SHIPPED
1731,SO-0001731,24,2024-10-17,7,PARTIAL
1732,SO-0001732,70,2023-09-09,1,SHIPPED
1733,SO-0001733,27,2024-09-05,11,SHIPPED
1734,SO-0001734,51,2024-10-11,11,PARTIAL
1735,SO-0001735,56,2025-10-14,2,SHIPPED
1736,SO-0001736,9,2024-08-11,1,SHIPPED
1737,SO-0001737,66,2025-03-30,8,OPEN
1738,SO-0001738,23,2025-11-27,6,SHIPPED
1739,SO-0001739,47,2025-08-24,6,SHIPPED
1740,SO-0001740,1,2024-11-18,5,SHIPPED
1741,SO-0001741,52,2023-07-10,3,SHIPPED
1742,SO-0001742,14,2023-01-18,11,PARTIAL
1743,SO-0001743,39,2024-05-31,4,SHIPPED
1744,SO-0001744,44,2023-07-18,2,SHIPPED
1745,SO-0001745,45,2024-10-06,10,SHIPPED
1746,SO-0001746,29,2023-12-26,7,SHIPPED
1747,SO-0001747,16,2023-04-17,2,SHIPPED
1748,SO-0001748,51,2023-07-01,12,SHIPPED
1749,SO-0001749,45,2023-05-28,6,OPEN
1750,SO-0001750,78,2025-07-20,11,SHIPPED
1751,SO-0001751,15,2023-12-08,7,SHIPPED
1752,SO-0001752,37,2023-02-06,9,SHIPPED
1753,SO-0001753,7,2025-06-10,6,OPEN
1754,SO-0001754,43,2026-03-11,8,SHIPPED
1755,SO-0001755,61,2025-09-17,4,PARTIAL
1756,SO-0001756,18,2023-01-10,3,OPEN
1757,SO-0001757,57,2024-01-22,12,PARTIAL
1758,SO-0001758,72,2026-01-27,12,PARTIAL
1759,SO-0001759,24,2024-12-30,12,OPEN
1760,SO-0001760,1,2026-04-03,10,SHIPPED
1761,SO-0001761,69,2024-09-26,1,SHIPPED
1762,SO-0001762,20,2025-11-02,12,PARTIAL
1763,SO-0001763,40,2024-06-13,12,SHIPPED
1764,SO-0001764,71,2026-04-26,7,SHIPPED
1765,SO-0001765,3,2024-05-16,2,SHIPPED
1766,SO-0001766,18,2026-07-03,11,SHIPPED
1767,SO-0001767,54,2026-08-10,9,OPEN
1768,SO-0001768,53,2023-02-04,2,SHIPPED
1769,SO-0001769,74,2026-07-09,6,SHIPPED
1770,SO-0001770,11,2024-05-28,5,SHIPPED
1771,SO-0001771,61,2024-10-17,9,PARTIAL
1772,SO-0001772,9,2026-01-09,3,SHIPPED
1773,SO-0001773,66,2025-07-17,11,OPEN
1774,SO-0001774,44,2026-04-10,8,PARTIAL
1775,SO-0001775,59,2025-03-16,10,OPEN
1776,SO-0001776,67,2026-06-26,9,SHIPPED
1777,SO-0001777,14,2026-06-17,10,OPEN
1778,SO-0001778,14,2023-01-21,2,SHIPPED
1779,SO-0001779,74,2026-05-25,6,PARTIAL
1780,SO-0001780,70,2026-03-14,7,SHIPPED
1781,SO-0001781,8,2024-05-15,3,SHIPPED
1782,SO-0001782,58,2023-10-28,3,SHIPPED
1783,SO-0001783,29,2026-01-04,4,OPEN
1784,SO-0001784,55,2024-11-19,7,OPEN
1785,SO-0001785,29,2023-03-19,9,OPEN
1786,SO-0001786,55,2026-09-14,5,SHIPPED
1787,SO-0001787,43,2023-06-15,4,SHIPPED
1788,SO-0001788,14,2024-04-19,11,SHIPPED
1789,SO-0001789,22,2024-12-31,4,OPEN
1790,SO-0001790,53,2024-04-10,3,SHIPPED
1791,SO-0001791,55,2025-11-15,5,SHIPPED
1792,SO-0001792,57,2026-05-02,3,OPEN
1793,SO-0001793,76,2023-04-02,2,SHIPPED
1794,SO-0001794,55,2023-11-06,12,SHIPPED
1795,SO-0001795,17,2024-08-30,11,PARTIAL
1796,SO-0001796,38,2023-12-25,3,OPEN
1797,SO-0001797,80,2026-04-11,6,SHIPPED
1798,SO-0001798,63,2023-12-31,8,SHIPPED
1799,SO-0001799,69,2026-08-09,2,PARTIAL
1800,SO-0001800,5,2026-07-15,8,PARTIAL
1801,SO-0001801,79,2023-11-07,7,PARTIAL
1802,SO-0001802,79,2026-04-15,7,SHIPPED
1803,SO-0001803,8,2024-03-19,2,SHIPPED
1804,SO-0001804,61,2026-01-16,10,OPEN
1805,SO-0001805,45,2023-10-02,5,PARTIAL
1806,SO-0001806,60,2024-12-04,7,SHIPPED
1807,SO-0001807,53,2026-06-22,3,SHIPPED
1808,SO-0001808,21,2023-12-02,2,PARTIAL
1809,SO-0001809,39,2024-10-30,2,SHIPPED
1810,SO-0001810,48,2026-03-25,12,PARTIAL
1811,SO-0001811,1,2023-03-20,7,OPEN
1812,SO-0001812,66,2026-05-31,10,PARTIAL
1813,SO-0001813,23,2024-11-08,9,SHIPPED
1814,SO-0001814,72,2023-05-23,10,SHIPPED
1815,SO-0001815,10,2026-03-20,3,SHIPPED
1816,SO-0001816,42,2023-11-20,5,SHIPPED
1817,SO-0001817,5,2025-01-03,5,SHIPPED
1818,SO-0001818,16,2024-12-28,6,PARTIAL
1819,SO-0001819,61,2025-05-12,7,OPEN
1820,SO-0001820,39,2025-05-03,2,PARTIAL
1821,SO-0001821,57,2024-01-29,10,SHIPPED
1822,SO-0001822,14,2026-02-15,5,SHIPPED
1823,SO-0001823,66,2026-09-03,3,OPEN
1824,SO-0001824,49,2025-12-16,11,PARTIAL
1825,SO-0001825,44,2023-02-05,4,SHIPPED
1826,SO-0001826,33,2024-03-30,10,SHIPPED
1827,SO-0001827,70,2026-09-27,2,OPEN
1828,SO-0001828,52,2026-07-19,3,SHIPPED
1829,SO-0001829,64,2025-06-17,1,SHIPPED
1830,SO-0001830,25,2023-02-21,9,SHIPPED
1831,SO-0001831,5,2025-05-05,11,OPEN
1832,SO-0001832,3,2023-04-24,9,SHIPPED
1833,SO-0001833,25,2025-03-08,12,OPEN
1834,SO-0001834,58,2023-06-18,10,SHIPPED
1835,SO-0001835,21,2023-11-06,9,SHIPPED
1836,SO-0001836,13,2026-02-13,10,SHIPPED
1837,SO-0001837,64,2025-09-25,9,OPEN
1838,SO-0001838,34,2024-07-16,10,SHIPPED
1839,SO-0001839,17,2023-07-12,5,PARTIAL
1840,SO-0001840,13,2025-03-06,6,SHIPPED
1841,SO-0001841,22,2023-11-19,4,OPEN
1842,SO-0001842,48,2025-05-15,9,SHIPPED
1843,SO-0001843,42,2023-08-09,5,PARTIAL
1844,SO-0001844,23,2024-07-26,9,SHIPPED
1845,SO-0001845,15,2026-05-19,4,SHIPPED
1846,SO-0001846,23,2024-12-09,2,OPEN
1847,SO-0001847,55,2024-05-24,5,OPEN
1848,SO-0001848,80,2025-02-28,5,OPEN
1849,SO-0001849,44,2024-01-31,1,SHIPPED
1850,SO-0001850,22,2026-03-12,2,SHIPPED
1851,SO-0001851,39,2026-05-16,2,SHIPPED
1852,SO-0001852,50,2023-12-16,7,SHIPPED
1853,SO-0001853,40,2024-11-19,6,SHIPPED
1854,SO-0001854,65,2025-05-01,5,SHIPPED
1855,SO-0001855,43,2024-11-03,9,OPEN
1856,SO-0001856,60,2024-09-22,12,OPEN
1857,SO-0001857,1,2025-04-05,2,SHIPPED
1858,SO-0001858,8,2025-12-11,2,SHIPPED
1859,SO-0001859,69,2023-01-02,9,SHIPPED
1860,SO-0001860,7,2023-06-26,3,SHIPPED
1861,SO-0001861,53,2024-05-20,2,SHIPPED
1862,SO-0001862,50,2023-08-27,2,PARTIAL
1863,SO-0001863,67,2025-06-22,5,OPEN
1864,SO-0001864,66,2025-10-18,6,PARTIAL
1865,SO-0001865,58,2023-02-25,8,PARTIAL
1866,SO-0001866,42,2026-02-16,6,OPEN
1867,SO-0001867,8,2023-12-03,7,SHIPPED
1868,SO-0001868,16,2025-05-10,3,PARTIAL
1869,SO-0001869,21,2023-07-18,2,OPEN
1870,SO-0001870,76,2024-08-28,4,SHIPPED
1871,SO-0001871,20,2025-12-16,8,SHIPPED
1872,SO-0001872,2,2024-03-29,2,SHIPPED
1873,SO-0001873,34,2023-12-20,12,PARTIAL
1874,SO-0001874,13,2023-08-18,11,SHIPPED
1875,SO-0001875,8,2025-09-16,11,SHIPPED
1876,SO-0001876,52,2023-06-22,9,SHIPPED
1877,SO-0001877,55,2023-06-18,7,OPEN
1878,SO-0001878,21,2026-08-03,12,OPEN
1879,SO-0001879,66,2026-05-26,6,SHIPPED
1880,SO-0001880,46,2025-08-17,9,OPEN
1881,SO-0001881,5,2024-02-05,9,SHIPPED
1882,SO-0001882,24,2025-12-05,9,SHIPPED
1883,SO-0001883,5,2025-03-16,4,SHIPPED
1884,SO-0001884,9,2026-09-24,4,SHIPPED
1885,SO-0001885,12,2023-12-21,8,OPEN
1886,SO-0001886,37,2026-06-07,4,OPEN
1887,SO-0001887,65,2024-01-21,7,OPEN
1888,SO-0001888,34,2024-08-31,12,PARTIAL
1889,SO-0001889,23,2025-02-25,4,SHIPPED
1890,SO-0001890,1,2023-06-07,9,SHIPPED
1891,SO-0001891,27,2025-11-23,10,SHIPPED
1892,SO-0001892,62,2023-03-13,6,SHIPPED
1893,SO-0001893,72,2026-03-24,9,OPEN
1894,SO-0001894,78,2024-10-25,4,PARTIAL
1895,SO-0001895,63,2026-09-25,8,PARTIAL
1896,SO-0001896,35,2025-10-21,9,SHIPPED
1897,SO-0001897,79,2023-02-21,5,PARTIAL
1898,SO-0001898,8,2023-01-14,7,SHIPPED
1899,SO-0001899,37,2025-07-14,11,SHIPPED
1900,SO-0001900,33,2023-09-20,9,OPEN
1901,SO-0001901,13,2023-11-19,4,SHIPPED
1902,SO-0001902,53,2025-07-07,12,SHIPPED
1903,SO-0001903,13,2024-06-03,12,PARTIAL
1904,SO-0001904,2,2025-10-17,9,SHIPPED
1905,SO-0001905,67,2025-01-05,11,SHIPPED
1906,SO-0001906,52,2025-02-09,11,OPEN
1907,SO-0001907,53,2025-11-08,1,OPEN
1908,SO-0001908,57,2025-08-13,1,SHIPPED
1909,SO-0001909,79,2024-08-23,7,SHIPPED
1910,SO-0001910,25,2025-01-20,11,PARTIAL
1911,SO-0001911,31,2024-09-09,7,SHIPPED
1912,SO-0001912,8,2025-07-02,7,PARTIAL
1913,SO-0001913,23,2025-09-30,1,OPEN
1914,SO-0001914,10,2025-03-18,9,OPEN
1915,SO-0001915,16,2023-08-07,5,SHIPPED
1916,SO-0001916,46,2025-08-21,11,SHIPPED
1917,SO-0001917,25,2023-11-15,3,OPEN
1918,SO-0001918,5,2025-01-19,1,SHIPPED
1919,SO-0001919,71,2026-10-01,2,SHIPPED
1920,SO-0001920,73,2024-09-30,6,PARTIAL
1921,SO-0001921,13,2024-04-15,7,SHIPPED
1922,SO-0001922,14,2026-01-19,1,PARTIAL
1923,SO-0001923,53,2023-04-13,5,SHIPPED
1924,SO-0001924,48,2024-08-18,3,SHIPPED
1925,SO-0001925,9,2025-05-20,7,SHIPPED
1926,SO-0001926,63,2026-07-04,3,OPEN
1927,SO-0001927,18,2023-04-12,5,PARTIAL
1928,SO-0001928,4,2024-04-29,10,SHIPPED
1929,SO-0001929,74,2026-01-21,10,PARTIAL
1930,SO-0001930,60,2023-02-17,10,OPEN
1931,SO-0001931,58,2025-10-17,5,OPEN
1932,SO-0001932,12,2023-10-28,5,OPEN
1933,SO-0001933,3,2025-02-23,6,PARTIAL
1934,SO-0001934,64,2025-02-26,6,OPEN
1935,SO-0001935,73,2023-12-26,7,OPEN
1936,SO-0001936,52,2024-07-10,1,SHIPPED
1937,SO-0001937,1,2023-05-23,11,SHIPPED
1938,SO-0001938,56,2024-03-07,7,OPEN
1939,SO-0001939,55,2023-07-15,11,SHIPPED
1940,SO-0001940,37,2025-01-12,2,SHIPPED
1941,SO-0001941,2,2026-09-11,3,SHIPPED
1942,SO-0001942,37,2025-06-06,9,SHIPPED
1943,SO-0001943,50,2024-09-27,6,PARTIAL
1944,SO-0001944,25,2026-04-23,1,SHIPPED
1945,SO-0001945,51,2023-06-28,10,SHIPPED
1946,SO-0001946,16,2023-08-21,7,SHIPPED
1947,SO-0001947,23,2023-11-11,2,OPEN
1948,SO-0001948,78,2026-01-08,2,PARTIAL
1949,SO-0001949,18,2023-12-26,4,SHIPPED
1950,SO-0001950,78,2024-08-18,6,SHIPPED
1951,SO-0001951,74,2025-01-30,2,SHIPPED
1952,SO-0001952,62,2023-04-07,2,SHIPPED
1953,SO-0001953,63,2026-08-17,4,SHIPPED
1954,SO-0001954,18,2023-11-08,1,OPEN
1955,SO-0001955,48,2024-01-25,4,PARTIAL
1956,SO-0001956,40,2026-09-15,6,SHIPPED
1957,SO-0001957,76,2023-08-29,6,SHIPPED
1958,SO-0001958,60,2023-08-15,5,SHIPPED
1959,SO-0001959,66,2023-09-24,5,SHIPPED
1960,SO-0001960,40,2025-02-10,8,SHIPPED
1961,SO-0001961,51,2023-02-09,3,SHIPPED
1962,SO-0001962,34,2024-10-05,5,SHIPPED
1963,SO-0001963,38,2026-09-26,1,PARTIAL
1964,SO-0001964,18,2026-02-03,10,SHIPPED
1965,SO-0001965,42,2026-05-01,6,SHIPPED
1966,SO-0001966,55,2024-07-13,7,OPEN
1967,SO-0001967,36,2026-09-26,10,PARTIAL
1968,SO-0001968,60,2025-12-18,9,SHIPPED
1969,SO-0001969,35,2023-03-07,10,SHIPPED
1970,SO-0001970,37,2025-03-09,8,PARTIAL
1971,SO-0001971,65,2024-01-26,7,SHIPPED
1972,SO-0001972,37,2024-06-02,6,SHIPPED
1973,SO-0001973,21,2024-02-06,3,OPEN
1974,SO-0001974,19,2023-10-27,3,SHIPPED
1975,SO-0001975,19,2024-07-25,1,SHIPPED
1976,SO-0001976,36,2025-01-02,8,SHIPPED
1977,SO-0001977,40,2023-06-11,7,SHIPPED
1978,SO-0001978,1,2023-01-16,5,SHIPPED
1979,SO-0001979,55,2023-04-02,6,SHIPPED
1980,SO-0001980,42,2024-02-23,9,OPEN
1981,SO-0001981,47,2024-04-09,2,SHIPPED
1982,SO-0001982,8,2024-02-17,1,SHIPPED
1983,SO-0001983,66,2026-09-24,9,SHIPPED
1984,SO-0001984,46,2026-07-17,5,OPEN
1985,SO-0001985,2,2025-02-27,11,SHIPPED
1986,SO-0001986,7,2024-01-09,11,SHIPPED
1987,SO-0001987,75,2024-11-26,12,SHIPPED
1988,SO-0001988,34,2023-12-08,6,SHIPPED
1989,SO-0001989,41,2024-01-26,9,SHIPPED
1990,SO-0001990,75,2026-02-04,12,SHIPPED
1991,SO-0001991,26,2023-09-17,6,SHIPPED
1992,SO-0001992,14,2026-08-07,2,SHIPPED
1993,SO-0001993,65,2023-08-06,7,SHIPPED
1994,SO-0001994,35,2025-11-07,3,PARTIAL
1995,SO-0001995,32,2025-07-01,4,SHIPPED
1996,SO-0001996,34,2023-07-22,2,SHIPPED
1997,SO-0001997,34,2024-04-02,4,SHIPPED
1998,SO-0001998,24,2023-02-02,3,SHIPPED
1999,SO-0001999,4,2025-01-22,9,OPEN
2000,SO-0002000,59,2025-01-07,8,SHIPPED
2001,SO-0002001,65,2026-02-04,12,SHIPPED
2002,SO-0002002,48,2025-11-16,6,SHIPPED
2003,SO-0002003,69,2025-10-20,6,PARTIAL
2004,SO-0002004,62,2025-09-09,11,SHIPPED
2005,SO-0002005,39,2026-04-07,4,SHIPPED
2006,SO-0002006,43,2026-07-06,4,SHIPPED
2007,SO-0002007,26,2026-02-15,7,OPEN
2008,SO-0002008,67,2024-08-10,8,SHIPPED
2009,SO-0002009,73,2025-06-12,7,PARTIAL
2010,SO-0002010,40,2023-10-06,11,SHIPPED
2011,SO-0002011,14,2023-07-26,2,SHIPPED
2012,SO-0002012,39,2024-08-11,3,SHIPPED
2013,SO-0002013,14,2024-04-24,4,PARTIAL
2014,SO-0002014,69,2025-04-27,7,SHIPPED
2015,SO-0002015,65,2026-08-16,9,SHIPPED
2016,SO-0002016,20,2024-10-17,8,SHIPPED
2017,SO-0002017,23,2023-04-26,4,OPEN
2018,SO-0002018,52,2025-01-12,5,SHIPPED
2019,SO-0002019,63,2025-06-07,8,OPEN
2020,SO-0002020,21,2024-11-09,9,OPEN
2021,SO-0002021,70,2024-11-18,1,SHIPPED
2022,SO-0002022,60,2026-01-24,7,PARTIAL
2023,SO-0002023,37,2023-04-11,8,SHIPPED
2024,SO-0002024,51,2026-06-01,1,SHIPPED
2025,SO-0002025,3,2023-02-01,11,PARTIAL
2026,SO-0002026,40,2025-09-24,1,SHIPPED
2027,SO-0002027,45,2026-04-17,3,SHIPPED
2028,SO-0002028,68,2023-05-02,5,PARTIAL
2029,SO-0002029,48,2023-01-05,6,SHIPPED
2030,SO-0002030,10,2026-05-18,2,SHIPPED
2031,SO-0002031,9,2023-10-20,1,SHIPPED
2032,SO-0002032,17,2023-03-11,10,SHIPPED
2033,SO-0002033,11,2023-01-08,6,OPEN
2034,SO-0002034,44,2025-05-03,4,SHIPPED
2035,SO-0002035,38,2023-10-01,2,PARTIAL
2036,SO-0002036,61,2024-04-06,10,SHIPPED
2037,SO-0002037,15,2023-07-28,12,SHIPPED
2038,SO-0002038,78,2024-03-07,3,PARTIAL
2039,SO-0002039,75,2025-08-26,6,SHIPPED
2040,SO-0002040,35,2023-05-03,2,SHIPPED
2041,SO-0002041,73,2024-01-12,5,SHIPPED
2042,SO-0002042,67,2025-07-01,10,PARTIAL
2043,SO-0002043,33,2025-07-30,1,PARTIAL
2044,SO-0002044,46,2025-05-29,11,OPEN
2045,SO-0002045,38,2025-11-30,3,OPEN
2046,SO-0002046,67,2025-05-03,2,SHIPPED
2047,SO-0002047,30,2023-09-28,5,OPEN
2048,SO-0002048,28,2025-10-18,7,SHIPPED
2049,SO-0002049,58,2023-04-07,8,OPEN
2050,SO-0002050,7,2026-02-27,8,SHIPPED
2051,SO-0002051,49,2025-09-10,9,PARTIAL
2052,SO-0002052,11,2025-06-16,6,OPEN
2053,SO-0002053,70,2026-06-03,12,SHIPPED
2054,SO-0002054,62,2024-10-25,10,SHIPPED
2055,SO-0002055,16,2024-10-20,7,SHIPPED
2056,SO-0002056,58,2025-05-05,4,SHIPPED
2057,SO-0002057,26,2026-05-06,4,SHIPPED
2058,SO-0002058,51,2023-12-27,3,SHIPPED
2059,SO-0002059,36,2023-03-19,5,PARTIAL
2060,SO-0002060,4,2026-07-17,5,SHIPPED
2061,SO-0002061,55,2025-09-27,7,OPEN
2062,SO-0002062,42,2025-03-24,8,SHIPPED
2063,SO-0002063,48,2025-10-21,10,SHIPPED
2064,SO-0002064,22,2024-11-26,11,PARTIAL
2065,SO-0002065,2,2024-09-20,11,SHIPPED
2066,SO-0002066,47,2025-08-05,11,OPEN
2067,SO-0002067,56,2024-07-09,8,SHIPPED
2068,SO-0002068,48,2025-02-11,8,SHIPPED
2069,SO-0002069,12,2023-07-04,9,SHIPPED
2070,SO-0002070,6,2023-12-03,6,SHIPPED
2071,SO-0002071,21,2023-03-24,11,OPEN
2072,SO-0002072,64,2023-07-11,5,SHIPPED
2073,SO-0002073,48,2025-11-30,4,PARTIAL
2074,SO-0002074,50,2024-01-26,4,SHIPPED
2075,SO-0002075,55,2025-05-12,8,OPEN
2076,SO-0002076,37,2025-01-03,7,OPEN
2077,SO-0002077,44,2026-07-04,11,OPEN
2078,SO-0002078,37,2026-07-05,11,PARTIAL
2079,SO-0002079,33,2026-08-22,9,SHIPPED
2080,SO-0002080,23,2026-07-27,7,SHIPPED
2081,SO-0002081,20,2026-09-24,2,PARTIAL
2082,SO-0002082,20,2023-08-22,7,SHIPPED
2083,SO-0002083,65,2025-08-25,8,SHIPPED
2084,SO-0002084,70,2023-08-07,2,SHIPPED
2085,SO-0002085,18,2023-01-18,1,SHIPPED
2086,SO-0002086,45,2023-08-18,6,SHIPPED
2087,SO-0002087,44,2023-08-27,9,SHIPPED
2088,SO-0002088,5,2024-10-09,10,OPEN
2089,SO-0002089,44,2023-10-28,10,SHIPPED
2090,SO-0002090,72,2025-03-31,10,SHIPPED
2091,SO-0002091,38,2026-04-28,6,SHIPPED
2092,SO-0002092,51,2025-06-02,10,OPEN
2093,SO-0002093,15,2023-05-04,10,SHIPPED
2094,SO-0002094,2,2026-03-14,5,PARTIAL
2095,SO-0002095,72,2024-02-17,8,SHIPPED
2096,SO-0002096,63,2025-06-06,1,PARTIAL
2097,SO-0002097,47,2025-10-15,1,OPEN
2098,SO-0002098,63,2024-01-26,6,SHIPPED
2099,SO-0002099,17,2024-07-04,11,SHIPPED
2100,SO-0002100,34,2025-10-13,7,OPEN
2101,SO-0002101,4,2025-02-20,12,PARTIAL
2102,SO-0002102,21,2023-06-06,1,PARTIAL
2103,SO-0002103,55,2026-08-09,2,SHIPPED
2104,SO-0002104,15,2025-11-28,8,SHIPPED
2105,SO-0002105,78,2023-07-01,2,PARTIAL
2106,SO-0002106,20,2023-10-19,2,SHIPPED
2107,SO-0002107,73,2024-03-20,3,SHIPPED
2108,SO-0002108,71,2025-08-08,12,SHIPPED
2109,SO-0002109,71,2025-04-14,1,PARTIAL
2110,SO-0002110,44,2025-08-15,5,SHIPPED
2111,SO-0002111,75,2024-10-26,6,PARTIAL
2112,SO-0002112,37,2023-06-18,8,SHIPPED
2113,SO-0002113,78,2025-12-12,6,PARTIAL
2114,SO-0002114,50,2024-09-01,7,SHIPPED
2115,SO-0002115,40,2025-12-12,11,SHIPPED
2116,SO-0002116,66,2025-07-25,5,PARTIAL
2117,SO-0002117,53,2023-01-17,12,SHIPPED
2118,SO-0002118,32,2024-07-20,9,SHIPPED
2119,SO-0002119,34,2025-03-04,12,PARTIAL
2120,SO-0002120,61,2026-05-25,8,SHIPPED
2121,SO-0002121,27,2023-08-04,3,OPEN
2122,SO-0002122,46,2024-08-20,11,SHIPPED
2123,SO-0002123,71,2023-04-22,7,SHIPPED
2124,SO-0002124,46,2024-03-04,9,SHIPPED
2125,SO-0002125,54,2026-04-02,8,SHIPPED
2126,SO-0002126,22,2024-03-28,6,OPEN
2127,SO-0002127,51,2026-02-09,10,SHIPPED
2128,SO-0002128,51,2025-06-15,6,OPEN
2129,SO-0002129,61,2024-09-10,5,SHIPPED
2130,SO-0002130,18,2025-10-07,3,SHIPPED
2131,SO-0002131,10,2025-06-05,4,SHIPPED
2132,SO-0002132,42,2023-12-30,3,SHIPPED
2133,SO-0002133,31,2023-03-29,6,OPEN
2134,SO-0002134,65,2025-06-29,4,SHIPPED
2135,SO-0002135,41,2023-01-13,9,OPEN
2136,SO-0002136,76,2026-01-20,12,SHIPPED
2137,SO-0002137,17,2026-09-05,3,SHIPPED
2138,SO-0002138,10,2026-07-31,9,PARTIAL
2139,SO-0002139,69,2024-05-04,4,SHIPPED
2140,SO-0002140,10,2026-06-09,10,SHIPPED
2141,SO-0002141,63,2024-09-12,8,SHIPPED
2142,SO-0002142,44,2024-03-22,5,SHIPPED
2143,SO-0002143,80,2026-07-03,8,SHIPPED
2144,SO-0002144,37,2025-08-12,4,OPEN
2145,SO-0002145,66,2024-04-01,4,SHIPPED
2146,SO-0002146,63,2024-11-28,5,SHIPPED
2147,SO-0002147,39,2024-01-21,4,PARTIAL
2148,SO-0002148,77,2024-02-17,12,OPEN
2149,SO-0002149,20,2023-08-29,6,SHIPPED
2150,SO-0002150,71,2024-01-25,1,OPEN
2151,SO-0002151,57,2024-11-06,6,SHIPPED
2152,SO-0002152,53,2023-08-22,7,SHIPPED
2153,SO-0002153,31,2023-12-19,8,OPEN
2154,SO-0002154,37,2026-09-29,1,OPEN
2155,SO-0002155,73,2026-07-25,12,PARTIAL
2156,SO-0002156,49,2024-11-13,7,SHIPPED
2157,SO-0002157,59,2026-06-10,12,OPEN
2158,SO-0002158,62,2023-01-15,1,SHIPPED
2159,SO-0002159,9,2026-08-21,5,OPEN
2160,SO-0002160,9,2023-10-07,3,SHIPPED
2161,SO-0002161,22,2025-02-18,4,SHIPPED
2162,SO-0002162,2,2026-07-25,2,SHIPPED
2163,SO-0002163,54,2023-05-01,12,SHIPPED
2164,SO-0002164,16,2025-11-16,11,OPEN
2165,SO-0002165,45,2026-01-18,2,SHIPPED
2166,SO-0002166,26,2024-06-26,4,SHIPPED
2167,SO-0002167,72,2023-08-17,8,SHIPPED
2168,SO-0002168,80,2024-10-09,4,SHIPPED
2169,SO-0002169,72,2024-12-06,8,PARTIAL
2170,SO-0002170,72,2025-04-15,12,SHIPPED
2171,SO-0002171,27,2024-05-02,5,PARTIAL
2172,SO-0002172,53,2024-08-12,6,SHIPPED
2173,SO-0002173,79,2025-02-16,7,SHIPPED
2174,SO-0002174,30,2026-09-17,3,OPEN
2175,SO-0002175,15,2024-07-30,12,OPEN
2176,SO-0002176,40,2025-11-19,10,OPEN
2177,SO-0002177,47,2023-06-01,11,PARTIAL
2178,SO-0002178,20,2024-09-08,5,SHIPPED
2179,SO-0002179,14,2023-12-31,10,SHIPPED
2180,SO-0002180,55,2023-10-05,10,SHIPPED
2181,SO-0002181,46,2023-07-29,2,PARTIAL
2182,SO-0002182,32,2026-09-13,9,PARTIAL
2183,SO-0002183,63,2026-09-17,2,SHIPPED
2184,SO-0002184,44,2025-06-02,4,SHIPPED
2185,SO-0002185,41,2025-03-23,10,SHIPPED
2186,SO-0002186,14,2023-12-11,12,SHIPPED
2187,SO-0002187,37,2025-10-23,10,SHIPPED
2188,SO-0002188,15,2024-09-14,1,PARTIAL
2189,SO-0002189,40,2024-05-06,10,SHIPPED
2190,SO-0002190,29,2026-06-17,4,OPEN
2191,SO-0002191,70,2025-12-09,7,OPEN
2192,SO-0002192,17,2025-02-02,1,SHIPPED
2193,SO-0002193,34,2025-07-25,9,SHIPPED
2194,SO-0002194,42,2024-12-27,5,SHIPPED
2195,SO-0002195,33,2024-07-01,1,SHIPPED
2196,SO-0002196,25,2023-03-10,3,PARTIAL
2197,SO-0002197,78,2024-07-02,6,OPEN
2198,SO-0002198,36,2025-10-29,5,SHIPPED
2199,SO-0002199,47,2025-12-22,8,PARTIAL
2200,SO-0002200,64,2026-05-21,4,SHIPPED
2201,SO-0002201,8,2024-01-03,2,OPEN
2202,SO-0002202,40,2025-12-04,10,SHIPPED
2203,SO-0002203,45,2024-01-02,7,OPEN
2204,SO-0002204,7,2026-03-26,8,SHIPPED
2205,SO-0002205,53,2023-11-23,8,SHIPPED
2206,SO-0002206,60,2025-06-29,7,OPEN
2207,SO-0002207,35,2023-07-30,3,SHIPPED
2208,SO-0002208,3,2026-05-16,3,SHIPPED
2209,SO-0002209,76,2024-03-03,8,OPEN
2210,SO-0002210,4,2025-06-28,7,SHIPPED
2211,SO-0002211,60,2025-10-04,9,PARTIAL
2212,SO-0002212,17,2024-01-17,4,PARTIAL
2213,SO-0002213,55,2026-09-11,4,SHIPPED
2214,SO-0002214,24,2025-08-18,10,SHIPPED
2215,SO-0002215,10,2024-12-10,10,OPEN
2216,SO-0002216,36,2024-07-23,6,SHIPPED
2217,SO-0002217,61,2023-06-14,1,OPEN
2218,SO-0002218,60,2023-04-16,10,OPEN
2219,SO-0002219,67,2024-12-03,12,SHIPPED
2220,SO-0002220,76,2026-05-12,6,SHIPPED
2221,SO-0002221,59,2024-10-10,5,SHIPPED
2222,SO-0002222,15,2026-08-22,7,SHIPPED
2223,SO-0002223,75,2023-05-10,5,SHIPPED
2224,SO-0002224,13,2024-09-20,5,PARTIAL
2225,SO-0002225,16,2026-06-12,8,SHIPPED
2226,SO-0002226,18,2024-11-27,8,SHIPPED
2227,SO-0002227,8,2025-06-13,6,SHIPPED
2228,SO-0002228,43,2024-02-17,11,SHIPPED
2229,SO-0002229,50,2025-07-19,9,SHIPPED
2230,SO-0002230,13,2025-11-25,10,PARTIAL
2231,SO-0002231,34,2024-07-05,7,SHIPPED
2232,SO-0002232,6,2025-02-23,7,SHIPPED
2233,SO-0002233,44,2025-12-22,5,PARTIAL
2234,SO-0002234,68,2025-07-03,10,SHIPPED
2235,SO-0002235,78,2024-03-21,5,OPEN
2236,SO-0002236,48,2023-06-03,9,PARTIAL
2237,SO-0002237,32,2025-03-26,9,SHIPPED
2238,SO-0002238,26,2024-10-12,4,SHIPPED
2239,SO-0002239,21,2023-11-01,5,PARTIAL
2240,SO-0002240,55,2024-11-30,2,PARTIAL
2241,SO-0002241,13,2023-12-13,7,PARTIAL
2242,SO-0002242,51,2024-04-09,9,SHIPPED
2243,SO-0002243,63,2026-08-01,6,SHIPPED
2244,SO-0002244,77,2023-11-20,5,SHIPPED
2245,SO-0002245,63,2023-04-20,8,PARTIAL
2246,SO-0002246,52,2025-03-20,10,SHIPPED
2247,SO-0002247,50,2023-09-05,3,SHIPPED
2248,SO-0002248,37,2023-12-02,4,SHIPPED
2249,SO-0002249,22,2024-01-17,9,SHIPPED
2250,SO-0002250,16,2024-08-20,9,PARTIAL
2251,SO-0002251,45,2024-05-02,1,SHIPPED
2252,SO-0002252,57,2023-09-13,5,SHIPPED
2253,SO-0002253,56,2025-08-13,8,PARTIAL
2254,SO-0002254,37,2026-03-20,7,SHIPPED
2255,SO-0002255,36,2026-04-15,11,PARTIAL
2256,SO-0002256,30,2024-03-24,10,OPEN
2257,SO-0002257,42,2024-03-02,3,OPEN
2258,SO-0002258,71,2023-11-26,12,SHIPPED
2259,SO-0002259,26,2025-08-07,12,PARTIAL
2260,SO-0002260,20,2025-02-02,11,SHIPPED
2261,SO-0002261,50,2026-05-21,8,PARTIAL
2262,SO-0002262,38,2025-10-05,5,SHIPPED
2263,SO-0002263,52,2023-02-25,12,OPEN
2264,SO-0002264,16,2025-07-15,1,SHIPPED
2265,SO-0002265,27,2025-01-26,2,SHIPPED
2266,SO-0002266,26,2024-11-25,12,SHIPPED
2267,SO-0002267,3,2025-07-26,5,PARTIAL
2268,SO-0002268,55,2024-07-13,7,PARTIAL
2269,SO-0002269,3,2023-04-03,5,SHIPPED
2270,SO-0002270,55,2025-03-26,8,OPEN
2271,SO-0002271,16,2023-01-25,1,SHIPPED
2272,SO-0002272,60,2023-08-28,5,SHIPPED
2273,SO-0002273,17,2026-06-29,11,OPEN
2274,SO-0002274,79,2026-06-08,8,SHIPPED
2275,SO-0002275,61,2025-06-26,4,OPEN
2276,SO-0002276,63,2024-01-11,11,PARTIAL
2277,SO-0002277,44,2026-03-24,5,SHIPPED
2278,SO-0002278,52,2026-08-23,9,OPEN
2279,SO-0002279,35,2024-10-17,1,SHIPPED
2280,SO-0002280,67,2026-01-23,5,SHIPPED
2281,SO-0002281,18,2023-09-02,11,SHIPPED
2282,SO-0002282,72,2025-04-15,6,PARTIAL
2283,SO-0002283,78,2025-08-15,3,PARTIAL
2284,SO-0002284,30,2026-08-13,4,SHIPPED
2285,SO-0002285,49,2023-03-04,8,SHIPPED
2286,SO-0002286,43,2023-02-05,3,OPEN
2287,SO-0002287,56,2026-07-19,8,PARTIAL
2288,SO-0002288,53,2026-01-15,1,SHIPPED
2289,SO-0002289,40,2026-09-12,9,SHIPPED
2290,SO-0002290,18,2024-12-09,3,PARTIAL
2291,SO-0002291,16,2024-09-01,12,SHIPPED
2292,SO-0002292,56,2025-04-30,7,SHIPPED
2293,SO-0002293,31,2025-09-12,6,OPEN
2294,SO-0002294,12,2023-04-21,4,SHIPPED
2295,SO-0002295,71,2025-01-09,9,SHIPPED
2296,SO-0002296,68,2026-06-07,7,SHIPPED
2297,SO-0002297,58,2025-08-06,4,SHIPPED
2298,SO-0002298,45,2026-07-14,8,SHIPPED
2299,SO-0002299,4,2024-03-12,9,SHIPPED
2300,SO-0002300,77,2026-02-07,12,SHIPPED
2301,SO-0002301,71,2023-04-22,2,SHIPPED
2302,SO-0002302,19,2023-11-25,2,PARTIAL
2303,SO-0002303,6,2026-04-09,5,SHIPPED
2304,SO-0002304,63,2024-07-21,8,PARTIAL
2305,SO-0002305,75,2026-08-03,10,OPEN
2306,SO-0002306,3,2025-12-05,2,SHIPPED
2307,SO-0002307,25,2025-01-18,9,PARTIAL
2308,SO-0002308,74,2024-10-22,12,PARTIAL
2309,SO-0002309,20,2025-03-14,9,SHIPPED
2310,SO-0002310,31,2026-03-30,4,SHIPPED
2311,SO-0002311,73,2025-01-06,10,PARTIAL
2312,SO-0002312,74,2025-08-03,5,OPEN
2313,SO-0002313,54,2023-10-19,12,SHIPPED
2314,SO-0002314,17,2024-03-15,3,PARTIAL
2315,SO-0002315,12,2026-03-20,5,SHIPPED
2316,SO-0002316,45,2024-05-23,10,OPEN
2317,SO-0002317,52,2024-06-24,10,SHIPPED
2318,SO-0002318,61,2024-05-01,11,SHIPPED
2319,SO-0002319,41,2025-05-09,9,SHIPPED
2320,SO-0002320,17,2026-09-14,9,SHIPPED
2321,SO-0002321,42,2026-08-30,4,PARTIAL
2322,SO-0002322,61,2025-06-10,11,SHIPPED
2323,SO-0002323,22,2024-06-23,8,SHIPPED
2324,SO-0002324,48,2023-12-11,9,SHIPPED
2325,SO-0002325,21,2024-11-07,8,SHIPPED
2326,SO-0002326,3,2024-05-21,6,OPEN
2327,SO-0002327,23,2023-04-30,12,SHIPPED
2328,SO-0002328,64,2026-03-09,1,SHIPPED
2329,SO-0002329,3,2024-05-16,9,SHIPPED
2330,SO-0002330,68,2024-10-19,4,PARTIAL
2331,SO-0002331,4,2024-05-12,8,OPEN
2332,SO-0002332,75,2025-11-15,7,OPEN
2333,SO-0002333,36,2024-10-27,10,PARTIAL
2334,SO-0002334,57,2026-04-28,10,SHIPPED
2335,SO-0002335,36,2024-08-18,6,SHIPPED
2336,SO-0002336,22,2024-06-20,12,SHIPPED
2337,SO-0002337,15,2024-06-13,10,SHIPPED
2338,SO-0002338,71,2024-03-06,7,SHIPPED
2339,SO-0002339,8,2025-10-24,2,PARTIAL
2340,SO-0002340,39,2026-07-10,2,OPEN
2341,SO-0002341,50,2023-12-28,10,OPEN
2342,SO-0002342,54,2023-08-31,3,SHIPPED
2343,SO-0002343,43,2023-07-14,2,SHIPPED
2344,SO-0002344,13,2024-08-25,12,PARTIAL
2345,SO-0002345,49,2023-01-09,8,SHIPPED
2346,SO-0002346,10,2024-09-04,6,SHIPPED
2347,SO-0002347,46,2026-06-14,11,PARTIAL
2348,SO-0002348,13,2024-10-18,3,SHIPPED
2349,SO-0002349,47,2026-04-03,4,SHIPPED
2350,SO-0002350,24,2023-03-02,5,SHIPPED
2351,SO-0002351,44,2025-02-25,7,SHIPPED
2352,SO-0002352,44,2024-10-30,12,OPEN
2353,SO-0002353,13,2024-09-26,10,SHIPPED
2354,SO-0002354,34,2025-12-01,6,SHIPPED
2355,SO-0002355,66,2025-08-10,12,SHIPPED
2356,SO-0002356,29,2026-08-17,12,PARTIAL
2357,SO-0002357,8,2026-04-06,6,SHIPPED
2358,SO-0002358,31,2026-09-01,9,OPEN
2359,SO-0002359,73,2024-02-11,11,OPEN
2360,SO-0002360,10,2025-01-16,6,SHIPPED
2361,SO-0002361,71,2025-06-25,10,PARTIAL
2362,SO-0002362,28,2023-12-12,11,PARTIAL
2363,SO-0002363,26,2026-01-13,7,OPEN
2364,SO-0002364,78,2026-08-07,1,PARTIAL
2365,SO-0002365,32,2023-02-09,10,PARTIAL
2366,SO-0002366,37,2024-06-08,8,SHIPPED
2367,SO-0002367,67,2025-07-03,6,PARTIAL
2368,SO-0002368,66,2026-04-19,12,SHIPPED
2369,SO-0002369,29,2025-09-25,5,OPEN
2370,SO-0002370,10,2026-02-16,1,SHIPPED
2371,SO-0002371,57,2023-02-15,5,SHIPPED
2372,SO-0002372,53,2023-03-16,12,SHIPPED
2373,SO-0002373,79,2025-08-30,8,SHIPPED
2374,SO-0002374,3,2025-11-28,10,OPEN
2375,SO-0002375,57,2026-06-20,8,SHIPPED
2376,SO-0002376,15,2023-11-18,5,SHIPPED
2377,SO-0002377,66,2024-05-01,12,SHIPPED
2378,SO-0002378,16,2023-03-20,8,PARTIAL
2379,SO-0002379,28,2025-12-01,6,OPEN
2380,SO-0002380,47,2025-02-26,1,SHIPPED
2381,SO-0002381,24,2025-09-17,11,PARTIAL
2382,SO-0002382,68,2025-03-05,12,SHIPPED
2383,SO-0002383,39,2025-05-15,7,SHIPPED
2384,SO-0002384,21,2026-03-03,11,SHIPPED
2385,SO-0002385,65,2025-05-25,6,PARTIAL
2386,SO-0002386,69,2026-04-05,3,SHIPPED
2387,SO-0002387,64,2025-03-25,12,PARTIAL
2388,SO-0002388,71,2023-11-13,6,SHIPPED
2389,SO-0002389,28,2024-07-09,4,SHIPPED
2390,SO-0002390,72,2026-07-26,11,SHIPPED
2391,SO-0002391,71,2026-04-18,6,PARTIAL
2392,SO-0002392,34,2026-04-09,5,OPEN
2393,SO-0002393,8,2025-12-30,9,PARTIAL
2394,SO-0002394,62,2023-06-10,11,SHIPPED
2395,SO-0002395,43,2026-02-27,8,SHIPPED
2396,SO-0002396,15,2025-02-13,1,SHIPPED
2397,SO-0002397,43,2023-11-27,7,OPEN
2398,SO-0002398,14,2025-05-14,3,SHIPPED
2399,SO-0002399,61,2025-03-25,10,OPEN
2400,SO-0002400,50,2023-01-22,5,OPEN
2401,SO-0002401,61,2024-12-16,3,SHIPPED
2402,SO-0002402,58,2023-03-03,1,OPEN
2403,SO-0002403,72,2023-07-01,2,PARTIAL
2404,SO-0002404,79,2023-07-02,9,SHIPPED
2405,SO-0002405,30,2025-07-29,3,PARTIAL
2406,SO-0002406,32,2026-02-20,3,OPEN
2407,SO-0002407,57,2023-01-06,8,OPEN
2408,SO-0002408,49,2025-06-18,5,SHIPPED
2409,SO-0002409,12,2024-08-01,10,SHIPPED
2410,SO-0002410,19,2023-12-19,7,PARTIAL
2411,SO-0002411,75,2025-04-20,10,PARTIAL
2412,SO-0002412,61,2024-03-13,10,SHIPPED
2413,SO-0002413,74,2025-11-02,7,SHIPPED
2414,SO-0002414,72,2023-09-01,7,SHIPPED
2415,SO-0002415,12,2025-01-18,3,PARTIAL
2416,SO-0002416,59,2025-07-11,6,OPEN
2417,SO-0002417,21,2024-12-24,9,PARTIAL
2418,SO-0002418,20,2026-01-06,2,SHIPPED
2419,SO-0002419,5,2025-05-31,7,PARTIAL
2420,SO-0002420,70,2023-08-16,10,OPEN
2421,SO-0002421,46,2025-05-03,7,SHIPPED
2422,SO-0002422,41,2023-03-24,2,PARTIAL
2423,SO-0002423,4,2023-04-08,11,SHIPPED
2424,SO-0002424,66,2023-06-14,9,PARTIAL
2425,SO-0002425,2,2026-04-30,5,SHIPPED
2426,SO-0002426,76,2023-11-15,3,SHIPPED
2427,SO-0002427,26,2025-05-28,5,SHIPPED
2428,SO-0002428,80,2024-11-25,8,PARTIAL
2429,SO-0002429,42,2024-07-04,11,SHIPPED
2430,SO-0002430,26,2024-02-22,4,PARTIAL
2431,SO-0002431,36,2024-10-16,11,PARTIAL
2432,SO-0002432,32,2026-01-24,3,SHIPPED
2433,SO-0002433,20,2023-03-12,7,OPEN
2434,SO-0002434,15,2023-04-07,2,OPEN
2435,SO-0002435,22,2025-05-06,7,SHIPPED
2436,SO-0002436,25,2025-07-19,7,SHIPPED
2437,SO-0002437,56,2026-09-19,4,PARTIAL
2438,SO-0002438,64,2023-03-04,10,SHIPPED
2439,SO-0002439,3,2023-06-05,4,SHIPPED
2440,SO-0002440,34,2025-12-11,1,OPEN
2441,SO-0002441,35,2024-01-27,9,PARTIAL
2442,SO-0002442,62,2026-02-26,12,PARTIAL
2443,SO-0002443,57,2026-08-24,1,SHIPPED
2444,SO-0002444,15,2025-06-10,9,SHIPPED
2445,SO-0002445,36,2023-07-06,5,SHIPPED
2446,SO-0002446,45,2023-05-22,11,SHIPPED
2447,SO-0002447,14,2026-09-28,5,PARTIAL
2448,SO-0002448,64,2025-12-25,2,PARTIAL
2449,SO-0002449,8,2026-05-03,7,SHIPPED
2450,SO-0002450,61,2024-09-16,11,SHIPPED
2451,SO-0002451,68,2025-06-09,5,PARTIAL
2452,SO-0002452,40,2026-01-22,12,SHIPPED
2453,SO-0002453,30,2024-12-22,10,SHIPPED
2454,SO-0002454,25,2023-07-24,4,OPEN
2455,SO-0002455,31,2023-01-06,7,PARTIAL
2456,SO-0002456,36,2026-05-14,11,PARTIAL
2457,SO-0002457,76,2024-02-18,2,OPEN
2458,SO-0002458,31,2026-07-11,9,OPEN
2459,SO-0002459,33,2024-03-03,6,SHIPPED
2460,SO-0002460,40,2026-06-11,9,OPEN
2461,SO-0002461,80,2024-12-12,8,SHIPPED
2462,SO-0002462,28,2023-03-02,6,PARTIAL
2463,SO-0002463,72,2026-08-12,5,SHIPPED
2464,SO-0002464,66,2025-10-07,12,SHIPPED
2465,SO-0002465,42,2025-06-12,4,OPEN
2466,SO-0002466,54,2026-06-26,5,SHIPPED
2467,SO-0002467,50,2023-06-16,8,SHIPPED
2468,SO-0002468,65,2024-11-17,7,SHIPPED
2469,SO-0002469,80,2024-12-03,4,SHIPPED
2470,SO-0002470,50,2024-03-11,9,SHIPPED
2471,SO-0002471,77,2023-09-28,3,SHIPPED
2472,SO-0002472,43,2024-10-09,12,SHIPPED
2473,SO-0002473,3,2023-05-03,7,PARTIAL
2474,SO-0002474,19,2025-07-18,3,SHIPPED
2475,SO-0002475,47,2026-01-19,12,SHIPPED
2476,SO-0002476,33,2023-05-03,1,SHIPPED
2477,SO-0002477,14,2023-08-14,5,SHIPPED
2478,SO-0002478,64,2026-04-16,11,SHIPPED
2479,SO-0002479,10,2026-04-14,12,SHIPPED
2480,SO-0002480,46,2023-03-27,6,SHIPPED
2481,SO-0002481,23,2025-02-03,2,SHIPPED
2482,SO-0002482,50,2023-01-21,4,SHIPPED
2483,SO-0002483,45,2024-08-01,7,SHIPPED
2484,SO-0002484,79,2024-09-03,5,SHIPPED
2485,SO-0002485,34,2023-03-18,3,OPEN
2486,SO-0002486,56,2024-09-20,9,SHIPPED
2487,SO-0002487,70,2025-11-27,8,SHIPPED
2488,SO-0002488,35,2026-01-09,3,OPEN
2489,SO-0002489,18,2026-03-29,3,SHIPPED
2490,SO-0002490,49,2026-09-26,2,OPEN
2491,SO-0002491,72,2023-11-27,2,SHIPPED
2492,SO-0002492,4,2023-05-16,7,SHIPPED
2493,SO-0002493,3,2026-05-26,2,SHIPPED
2494,SO-0002494,64,2023-08-28,2,PARTIAL
2495,SO-0002495,62,2025-08-10,5,SHIPPED
2496,SO-0002496,38,2025-12-26,1,SHIPPED
2497,SO-0002497,58,2023-03-18,2,PARTIAL
2498,SO-0002498,21,2026-09-27,12,PARTIAL
2499,SO-0002499,42,2026-01-03,5,SHIPPED
2500,SO-0002500,71,2024-05-29,8,PARTIAL
2501,SO-0002501,9,2024-07-18,10,SHIPPED
2502,SO-0002502,14,2025-11-30,8,SHIPPED
2503,SO-0002503,69,2024-09-24,8,SHIPPED
2504,SO-0002504,24,2023-10-15,2,SHIPPED
2505,SO-0002505,36,2023-06-02,7,PARTIAL
2506,SO-0002506,56,2025-11-22,12,SHIPPED
2507,SO-0002507,64,2025-10-08,12,PARTIAL
2508,SO-0002508,49,2023-01-28,2,PARTIAL
2509,SO-0002509,50,2026-07-09,6,PARTIAL
2510,SO-0002510,14,2023-06-02,11,SHIPPED
2511,SO-0002511,26,2025-03-18,9,SHIPPED
2512,SO-0002512,58,2025-03-15,9,PARTIAL
2513,SO-0002513,20,2024-03-23,7,SHIPPED
2514,SO-0002514,4,2024-06-15,5,SHIPPED
2515,SO-0002515,12,2024-07-01,12,OPEN
2516,SO-0002516,8,2026-08-17,3,PARTIAL
2517,SO-0002517,1,2024-01-12,8,SHIPPED
2518,SO-0002518,14,2025-03-03,6,SHIPPED
2519,SO-0002519,40,2025-10-29,6,OPEN
2520,SO-0002520,9,2024-12-11,1,PARTIAL
2521,SO-0002521,30,2024-06-30,11,SHIPPED
2522,SO-0002522,5,2026-08-12,3,SHIPPED
2523,SO-0002523,46,2023-06-26,5,SHIPPED
2524,SO-0002524,46,2026-08-15,6,SHIPPED
2525,SO-0002525,60,2023-12-18,8,PARTIAL
2526,SO-0002526,16,2024-07-13,6,PARTIAL
2527,SO-0002527,24,2024-01-29,4,OPEN
2528,SO-0002528,24,2025-02-20,10,SHIPPED
2529,SO-0002529,16,2025-01-19,1,PARTIAL
2530,SO-0002530,48,2024-12-16,5,SHIPPED
2531,SO-0002531,53,2023-03-29,12,PARTIAL
2532,SO-0002532,61,2026-09-27,8,OPEN
2533,SO-0002533,16,2025-10-01,7,SHIPPED
2534,SO-0002534,15,2023-07-11,10,SHIPPED
2535,SO-0002535,48,2023-11-27,3,PARTIAL
2536,SO-0002536,33,2023-09-11,10,SHIPPED
2537,SO-0002537,23,2023-05-12,6,OPEN
2538,SO-0002538,23,2024-04-06,12,SHIPPED
2539,SO-0002539,80,2024-03-23,6,SHIPPED
2540,SO-0002540,21,2024-12-05,11,SHIPPED
2541,SO-0002541,53,2024-09-20,7,SHIPPED
2542,SO-0002542,31,2023-08-05,11,SHIPPED
2543,SO-0002543,67,2023-09-01,6,SHIPPED
2544,SO-0002544,78,2026-05-08,3,OPEN
2545,SO-0002545,76,2023-01-25,4,SHIPPED
2546,SO-0002546,66,2024-01-16,5,SHIPPED
2547,SO-0002547,24,2024-03-01,3,SHIPPED
2548,SO-0002548,67,2023-11-18,9,SHIPPED
2549,SO-0002549,71,2024-10-07,12,PARTIAL
2550,SO-0002550,21,2024-01-28,10,OPEN
2551,SO-0002551,51,2023-06-17,11,PARTIAL
2552,SO-0002552,78,2024-06-22,3,OPEN
2553,SO-0002553,21,2026-08-03,1,SHIPPED
2554,SO-0002554,7,2025-07-27,3,SHIPPED
2555,SO-0002555,71,2023-04-12,7,SHIPPED
2556,SO-0002556,28,2023-01-16,5,PARTIAL
2557,SO-0002557,1,2026-05-01,12,SHIPPED
2558,SO-0002558,51,2023-02-11,4,PARTIAL
2559,SO-0002559,16,2024-11-26,6,SHIPPED
2560,SO-0002560,40,2024-10-16,8,SHIPPED
2561,SO-0002561,78,2025-02-02,3,PARTIAL
2562,SO-0002562,31,2023-04-04,3,SHIPPED
2563,SO-0002563,62,2023-08-12,9,PARTIAL
2564,SO-0002564,79,2024-10-31,8,SHIPPED
2565,SO-0002565,70,2026-09-14,9,OPEN
2566,SO-0002566,48,2023-07-17,12,SHIPPED
2567,SO-0002567,7,2025-07-19,11,PARTIAL
2568,SO-0002568,61,2023-12-15,9,SHIPPED
2569,SO-0002569,20,2023-01-21,5,SHIPPED
2570,SO-0002570,29,2025-09-21,6,SHIPPED
2571,SO-0002571,54,2025-04-10,3,PARTIAL
2572,SO-0002572,63,2025-12-09,10,SHIPPED
2573,SO-0002573,54,2024-02-26,8,SHIPPED
2574,SO-0002574,78,2024-02-16,2,OPEN
2575,SO-0002575,66,2025-05-27,2,PARTIAL
2576,SO-0002576,5,2023-10-27,6,SHIPPED
2577,SO-0002577,69,2023-06-13,5,SHIPPED
2578,SO-0002578,63,2023-01-09,11,SHIPPED
2579,SO-0002579,34,2024-09-25,12,SHIPPED
2580,SO-0002580,41,2024-01-03,8,OPEN
2581,SO-0002581,58,2026-05-17,5,SHIPPED
2582,SO-0002582,58,2025-05-25,12,OPEN
2583,SO-0002583,20,2023-07-06,9,SHIPPED
2584,SO-0002584,58,2026-07-17,1,SHIPPED
2585,SO-0002585,12,2026-04-22,12,SHIPPED
2586,SO-0002586,52,2024-12-25,12,OPEN
2587,SO-0002587,10,2025-06-30,4,SHIPPED
2588,SO-0002588,60,2024-05-22,9,SHIPPED
2589,SO-0002589,3,2024-07-17,7,PARTIAL
2590,SO-0002590,65,2023-07-07,4,PARTIAL
2591,SO-0002591,27,2025-04-07,8,SHIPPED
2592,SO-0002592,9,2025-03-31,8,SHIPPED
2593,SO-0002593,18,2023-01-09,1,PARTIAL
2594,SO-0002594,68,2025-05-01,11,SHIPPED
2595,SO-0002595,54,2025-04-05,9,SHIPPED
2596,SO-0002596,53,2025-05-03,5,OPEN
2597,SO-0002597,55,2023-04-06,5,SHIPPED
2598,SO-0002598,3,2025-01-30,9,SHIPPED
2599,SO-0002599,43,2026-08-31,7,SHIPPED
2600,SO-0002600,53,2025-06-27,12,SHIPPED
2601,SO-0002601,21,2024-12-29,11,SHIPPED
2602,SO-0002602,26,2024-05-22,4,SHIPPED
2603,SO-0002603,51,2024-11-17,1,SHIPPED
2604,SO-0002604,58,2024-01-29,3,SHIPPED
2605,SO-0002605,79,2023-01-10,2,PARTIAL
2606,SO-0002606,16,2023-07-26,1,OPEN
2607,SO-0002607,78,2023-06-02,12,PARTIAL
2608,SO-0002608,13,2026-02-16,2,SHIPPED
2609,SO-0002609,72,2023-12-23,4,PARTIAL
2610,SO-0002610,75,2026-04-27,7,SHIPPED
2611,SO-0002611,32,2023-03-11,10,OPEN
2612,SO-0002612,16,2023-09-18,2,OPEN
2613,SO-0002613,9,2025-01-05,11,OPEN
2614,SO-0002614,37,2026-02-13,8,SHIPPED
2615,SO-0002615,35,2023-05-23,10,SHIPPED
2616,SO-0002616,36,2025-04-30,10,SHIPPED
2617,SO-0002617,3,2025-10-14,10,PARTIAL
2618,SO-0002618,63,2024-07-19,12,OPEN
2619,SO-0002619,58,2024-07-21,4,OPEN
2620,SO-0002620,64,2026-04-07,2,SHIPPED
2621,SO-0002621,26,2026-03-20,6,SHIPPED
2622,SO-0002622,34,2024-06-14,7,PARTIAL
2623,SO-0002623,51,2025-10-08,1,PARTIAL
2624,SO-0002624,74,2026-06-21,2,SHIPPED
2625,SO-0002625,2,2025-01-06,6,OPEN
2626,SO-0002626,31,2024-10-29,2,PARTIAL
2627,SO-0002627,58,2024-06-05,1,SHIPPED
2628,SO-0002628,6,2026-05-27,4,OPEN
2629,SO-0002629,76,2026-04-05,6,OPEN
2630,SO-0002630,42,2024-05-02,7,SHIPPED
2631,SO-0002631,3,2024-06-20,7,SHIPPED
2632,SO-0002632,44,2023-04-03,1,OPEN
2633,SO-0002633,42,2024-07-21,1,PARTIAL
2634,SO-0002634,44,2026-03-19,11,SHIPPED
2635,SO-0002635,49,2026-09-21,11,SHIPPED
2636,SO-0002636,73,2026-09-20,2,PARTIAL
2637,SO-0002637,66,2026-09-29,12,OPEN
2638,SO-0002638,48,2024-07-24,4,OPEN
2639,SO-0002639,54,2023-03-26,7,SHIPPED
2640,SO-0002640,27,2025-12-18,11,SHIPPED
2641,SO-0002641,78,2024-01-27,12,SHIPPED
2642,SO-0002642,43,2024-12-24,6,SHIPPED
2643,SO-0002643,38,2026-07-11,10,PARTIAL
2644,SO-0002644,10,2025-06-08,5,OPEN
2645,SO-0002645,8,2024-06-20,7,SHIPPED
2646,SO-0002646,35,2025-09-22,7,SHIPPED
2647,SO-0002647,38,2023-05-18,2,PARTIAL
2648,SO-0002648,67,2025-01-14,10,SHIPPED
2649,SO-0002649,3,2023-03-20,6,SHIPPED
2650,SO-0002650,27,2026-08-02,5,SHIPPED
2651,SO-0002651,78,2026-01-20,8,SHIPPED
2652,SO-0002652,48,2024-03-12,10,SHIPPED
2653,SO-0002653,75,2024-05-09,4,PARTIAL
2654,SO-0002654,74,2026-05-15,4,PARTIAL
2655,SO-0002655,58,2026-02-09,7,PARTIAL
2656,SO-0002656,60,2026-03-27,12,SHIPPED
2657,SO-0002657,80,2024-10-31,7,SHIPPED
2658,SO-0002658,24,2023-02-03,10,PARTIAL
2659,SO-0002659,45,2024-09-02,11,SHIPPED
2660,SO-0002660,67,2024-02-04,8,SHIPPED
2661,SO-0002661,62,2024-07-24,5,SHIPPED
2662,SO-0002662,74,2023-05-15,12,SHIPPED
2663,SO-0002663,63,2026-02-25,5,SHIPPED
2664,SO-0002664,60,2025-08-27,7,SHIPPED
2665,SO-0002665,28,2026-08-22,12,PARTIAL
2666,SO-0002666,48,2024-08-28,4,SHIPPED
2667,SO-0002667,69,2024-09-20,7,PARTIAL
2668,SO-0002668,44,2026-06-21,4,SHIPPED
2669,SO-0002669,27,2023-01-04,4,SHIPPED
2670,SO-0002670,28,2026-05-13,11,OPEN
2671,SO-0002671,70,2025-03-10,3,SHIPPED
2672,SO-0002672,12,2025-10-04,1,SHIPPED
2673,SO-0002673,28,2025-01-17,11,SHIPPED
2674,SO-0002674,13,2025-04-17,8,OPEN
2675,SO-0002675,20,2025-06-05,3,SHIPPED
2676,SO-0002676,30,2026-01-18,3,PARTIAL
2677,SO-0002677,69,2024-06-19,12,SHIPPED
2678,SO-0002678,52,2024-07-06,4,PARTIAL
2679,SO-0002679,42,2026-05-30,4,SHIPPED
2680,SO-0002680,66,2024-05-24,1,OPEN
2681,SO-0002681,36,2024-03-09,2,PARTIAL
2682,SO-0002682,59,2026-04-27,7,SHIPPED
2683,SO-0002683,56,2025-01-21,12,SHIPPED
2684,SO-0002684,59,2026-06-23,5,SHIPPED
2685,SO-0002685,23,2026-05-28,10,OPEN
2686,SO-0002686,80,2025-03-19,3,SHIPPED
2687,SO-0002687,62,2026-03-14,5,PARTIAL
2688,SO-0002688,75,2024-09-27,8,OPEN
2689,SO-0002689,67,2023-05-26,8,SHIPPED
2690,SO-0002690,7,2026-02-07,2,SHIPPED
2691,SO-0002691,30,2025-09-24,10,SHIPPED
2692,SO-0002692,7,2024-09-22,6,SHIPPED
2693,SO-0002693,7,2026-07-10,1,PARTIAL
2694,SO-0002694,31,2023-11-18,11,SHIPPED
2695,SO-0002695,53,2024-03-19,11,SHIPPED
2696,SO-0002696,66,2024-06-11,8,SHIPPED
2697,SO-0002697,9,2025-01-05,9,SHIPPED
2698,SO-0002698,53,2025-08-11,2,SHIPPED
2699,SO-0002699,68,2026-04-10,1,OPEN
2700,SO-0002700,44,2023-02-20,12,PARTIAL
2701,SO-0002701,69,2026-08-23,1,PARTIAL
2702,SO-0002702,80,2023-09-19,3,SHIPPED
2703,SO-0002703,10,2026-03-20,2,PARTIAL
2704,SO-0002704,48,2025-10-06,4,OPEN
2705,SO-0002705,80,2025-04-18,6,SHIPPED
2706,SO-0002706,11,2023-12-05,3,SHIPPED
2707,SO-0002707,47,2023-03-11,8,SHIPPED
2708,SO-0002708,15,2026-09-23,4,OPEN
2709,SO-0002709,43,2025-10-24,5,PARTIAL
2710,SO-0002710,40,2025-01-31,12,SHIPPED
2711,SO-0002711,68,2023-11-11,2,SHIPPED
2712,SO-0002712,22,2025-01-30,11,PARTIAL
2713,SO-0002713,16,2023-01-19,1,SHIPPED
2714,SO-0002714,28,2025-05-16,11,SHIPPED
2715,SO-0002715,43,2026-08-25,6,SHIPPED
2716,SO-0002716,2,2023-11-30,6,SHIPPED
2717,SO-0002717,64,2026-02-21,1,SHIPPED
2718,SO-0002718,29,2024-12-28,7,PARTIAL
2719,SO-0002719,38,2025-03-23,3,OPEN
2720,SO-0002720,15,2024-10-18,10,PARTIAL
2721,SO-0002721,45,2025-02-07,3,SHIPPED
2722,SO-0002722,56,2026-07-15,12,SHIPPED
2723,SO-0002723,54,2023-12-11,11,PARTIAL
2724,SO-0002724,7,2023-10-06,2,SHIPPED
2725,SO-0002725,6,2025-07-20,12,SHIPPED
2726,SO-0002726,14,2025-12-05,4,SHIPPED
2727,SO-0002727,10,2023-08-31,2,SHIPPED
2728,SO-0002728,11,2026-01-18,2,PARTIAL
2729,SO-0002729,63,2025-04-09,8,PARTIAL
2730,SO-0002730,1,2023-06-22,4,PARTIAL
2731,SO-0002731,53,2023-08-31,6,SHIPPED
2732,SO-0002732,70,2024-12-06,10,SHIPPED
2733,SO-0002733,57,2024-01-27,10,SHIPPED
2734,SO-0002734,12,2023-12-23,4,SHIPPED
2735,SO-0002735,40,2025-03-19,10,PARTIAL
2736,SO-0002736,37,2024-08-31,10,PARTIAL
2737,SO-0002737,43,2024-11-07,2,SHIPPED
2738,SO-0002738,80,2026-07-14,3,PARTIAL
2739,SO-0002739,26,2024-04-28,10,SHIPPED
2740,SO-0002740,60,2025-11-10,6,OPEN
2741,SO-0002741,7,2024-12-29,7,PARTIAL
2742,SO-0002742,51,2025-10-24,7,SHIPPED
2743,SO-0002743,80,2024-03-05,4,SHIPPED
2744,SO-0002744,66,2024-09-30,6,SHIPPED
2745,SO-0002745,25,2025-09-20,11,OPEN
2746,SO-0002746,80,2024-02-11,9,PARTIAL
2747,SO-0002747,33,2026-06-26,10,SHIPPED
2748,SO-0002748,3,2023-07-16,10,SHIPPED
2749,SO-0002749,34,2026-04-15,8,SHIPPED
2750,SO-0002750,18,2023-10-28,12,SHIPPED
2751,SO-0002751,61,2023-05-10,4,OPEN
2752,SO-0002752,24,2025-05-28,12,SHIPPED
2753,SO-0002753,69,2025-11-06,6,SHIPPED
2754,SO-0002754,45,2024-11-30,9,SHIPPED
2755,SO-0002755,72,2024-09-08,2,SHIPPED
2756,SO-0002756,80,2026-04-08,6,SHIPPED
2757,SO-0002757,79,2025-12-14,8,OPEN
2758,SO-0002758,74,2023-06-10,11,SHIPPED
2759,SO-0002759,33,2024-06-25,9,PARTIAL
2760,SO-0002760,6,2025-04-15,8,OPEN
2761,SO-0002761,23,2025-07-27,4,SHIPPED
2762,SO-0002762,47,2025-10-01,10,PARTIAL
2763,SO-0002763,75,2023-12-22,11,SHIPPED
2764,SO-0002764,74,2026-09-28,3,SHIPPED
2765,SO-0002765,62,2026-02-21,12,OPEN
2766,SO-0002766,41,2024-10-06,2,PARTIAL
2767,SO-0002767,49,2026-07-10,7,OPEN
2768,SO-0002768,18,2026-05-09,3,OPEN
2769,SO-0002769,48,2025-04-16,8,PARTIAL
2770,SO-0002770,13,2025-09-21,1,SHIPPED
2771,SO-0002771,23,2024-04-21,2,SHIPPED
2772,SO-0002772,57,2026-09-07,2,SHIPPED
2773,SO-0002773,68,2023-04-21,1,SHIPPED
2774,SO-0002774,35,2026-04-25,12,PARTIAL
2775,SO-0002775,58,2026-04-21,1,PARTIAL
2776,SO-0002776,50,2025-12-23,10,SHIPPED
2777,SO-0002777,35,2025-07-12,6,OPEN
2778,SO-0002778,40,2023-09-21,2,PARTIAL
2779,SO-0002779,70,2026-05-01,1,SHIPPED
2780,SO-0002780,64,2025-05-26,4,SHIPPED
2781,SO-0002781,42,2023-07-30,9,OPEN
2782,SO-0002782,34,2023-07-30,9,SHIPPED
2783,SO-0002783,68,2023-09-25,9,SHIPPED
2784,SO-0002784,55,2024-03-29,3,SHIPPED
2785,SO-0002785,11,2024-02-02,3,OPEN
2786,SO-0002786,51,2024-05-29,7,PARTIAL
2787,SO-0002787,56,2023-03-24,8,SHIPPED
2788,SO-0002788,19,2025-02-15,12,SHIPPED
2789,SO-0002789,52,2023-12-23,4,PARTIAL
2790,SO-0002790,51,2023-02-11,1,SHIPPED
2791,SO-0002791,61,2024-10-22,9,SHIPPED
2792,SO-0002792,34,2024-09-24,11,SHIPPED
2793,SO-0002793,32,2024-06-17,12,SHIPPED
2794,SO-0002794,37,2023-06-17,7,SHIPPED
2795,SO-0002795,28,2023-02-07,10,SHIPPED
2796,SO-0002796,70,2023-09-24,3,OPEN
2797,SO-0002797,17,2023-07-31,6,PARTIAL
2798,SO-0002798,50,2024-09-14,10,OPEN
2799,SO-0002799,30,2024-04-08,12,OPEN
2800,SO-0002800,65,2023-12-05,10,SHIPPED
2801,SO-0002801,15,2025-07-05,2,SHIPPED
2802,SO-0002802,52,2024-07-17,4,SHIPPED
2803,SO-0002803,72,2025-04-06,8,OPEN
2804,SO-0002804,27,2025-04-22,3,SHIPPED
2805,SO-0002805,38,2024-06-04,12,PARTIAL
2806,SO-0002806,22,2023-11-20,4,SHIPPED
2807,SO-0002807,35,2026-05-15,5,SHIPPED
2808,SO-0002808,8,2023-09-27,6,SHIPPED
2809,SO-0002809,43,2024-05-11,1,OPEN
2810,SO-0002810,35,2025-07-12,6,OPEN
2811,SO-0002811,71,2024-11-07,9,SHIPPED
2812,SO-0002812,25,2025-11-10,1,SHIPPED
2813,SO-0002813,1,2026-06-19,10,SHIPPED
2814,SO-0002814,43,2024-08-19,3,SHIPPED
2815,SO-0002815,30,2024-06-19,7,SHIPPED
2816,SO-0002816,22,2024-02-01,9,SHIPPED
2817,SO-0002817,54,2025-09-06,2,SHIPPED
2818,SO-0002818,15,2025-12-21,2,SHIPPED
2819,SO-0002819,55,2023-02-25,4,SHIPPED
2820,SO-0002820,33,2024-03-21,3,SHIPPED
2821,SO-0002821,55,2024-09-29,7,OPEN
2822,SO-0002822,57,2023-04-21,4,PARTIAL
2823,SO-0002823,49,2026-06-11,7,SHIPPED
2824,SO-0002824,77,2024-02-14,3,SHIPPED
2825,SO-0002825,44,2023-02-10,9,SHIPPED
2826,SO-0002826,20,2025-05-28,8,PARTIAL
2827,SO-0002827,45,2024-10-11,7,OPEN
2828,SO-0002828,16,2026-01-11,1,SHIPPED
2829,SO-0002829,8,2023-11-20,11,OPEN
2830,SO-0002830,64,2026-04-23,5,SHIPPED
2831,SO-0002831,15,2025-04-01,6,PARTIAL
2832,SO-0002832,48,2026-05-13,7,SHIPPED
2833,SO-0002833,19,2025-02-26,5,SHIPPED
2834,SO-0002834,34,2023-08-28,4,SHIPPED
2835,SO-0002835,53,2026-05-28,10,SHIPPED
2836,SO-0002836,59,2023-12-06,3,OPEN
2837,SO-0002837,41,2024-02-22,3,SHIPPED
2838,SO-0002838,5,2025-04-22,11,SHIPPED
2839,SO-0002839,66,2024-08-14,3,SHIPPED
2840,SO-0002840,61,2024-03-30,11,PARTIAL
2841,SO-0002841,19,2023-06-28,6,OPEN
2842,SO-0002842,69,2025-03-09,2,SHIPPED
2843,SO-0002843,32,2024-05-25,10,SHIPPED
2844,SO-0002844,43,2026-04-04,1,PARTIAL
2845,SO-0002845,70,2026-07-22,3,PARTIAL
2846,SO-0002846,54,2024-03-19,1,SHIPPED
2847,SO-0002847,17,2023-09-15,5,SHIPPED
2848,SO-0002848,36,2025-03-13,3,SHIPPED
2849,SO-0002849,39,2024-05-22,6,PARTIAL
2850,SO-0002850,76,2023-12-20,8,OPEN
2851,SO-0002851,70,2025-05-29,9,SHIPPED
2852,SO-0002852,71,2024-07-01,1,PARTIAL
2853,SO-0002853,24,2026-06-30,11,SHIPPED
2854,SO-0002854,16,2024-10-16,1,OPEN
2855,SO-0002855,54,2025-01-03,7,SHIPPED
2856,SO-0002856,21,2023-10-21,10,SHIPPED
2857,SO-0002857,42,2023-10-19,2,SHIPPED
2858,SO-0002858,31,2025-09-23,10,SHIPPED
2859,SO-0002859,42,2024-11-30,11,SHIPPED
2860,SO-0002860,3,2024-04-14,2,SHIPPED
2861,SO-0002861,2,2023-06-01,6,PARTIAL
2862,SO-0002862,41,2024-12-21,6,SHIPPED
2863,SO-0002863,12,2026-05-07,4,PARTIAL
2864,SO-0002864,54,2025-11-14,4,OPEN
2865,SO-0002865,64,2026-09-14,10,SHIPPED
2866,SO-0002866,43,2026-02-25,6,OPEN
2867,SO-0002867,41,2023-07-03,8,OPEN
2868,SO-0002868,7,2025-03-07,9,SHIPPED
2869,SO-0002869,23,2023-05-14,1,SHIPPED
2870,SO-0002870,75,2024-11-25,7,OPEN
2871,SO-0002871,11,2023-05-22,12,SHIPPED
2872,SO-0002872,42,2026-08-10,8,SHIPPED
2873,SO-0002873,28,2023-09-24,12,SHIPPED
2874,SO-0002874,17,2026-02-20,1,PARTIAL
2875,SO-0002875,58,2026-01-25,1,OPEN
2876,SO-0002876,6,2026-02-28,2,PARTIAL
2877,SO-0002877,15,2025-09-09,4,OPEN
2878,SO-0002878,70,2026-08-24,3,PARTIAL
2879,SO-0002879,61,2026-06-11,3,SHIPPED
2880,SO-0002880,12,2023-12-07,11,PARTIAL
2881,SO-0002881,27,2025-02-13,8,SHIPPED
2882,SO-0002882,80,2025-02-25,2,PARTIAL
2883,SO-0002883,38,2024-11-30,11,SHIPPED
2884,SO-0002884,78,2025-03-07,8,OPEN
2885,SO-0002885,1,2023-07-07,11,OPEN
2886,SO-0002886,47,2026-01-18,9,SHIPPED
2887,SO-0002887,54,2024-05-26,2,SHIPPED
2888,SO-0002888,76,2025-10-08,4,SHIPPED
2889,SO-0002889,72,2023-12-31,5,SHIPPED
2890,SO-0002890,79,2026-07-19,1,SHIPPED
2891,SO-0002891,4,2025-04-07,9,SHIPPED
2892,SO-0002892,70,2025-09-04,9,OPEN
2893,SO-0002893,24,2023-12-23,5,OPEN
2894,SO-0002894,69,2025-12-12,10,PARTIAL
2895,SO-0002895,12,2025-02-21,12,SHIPPED
2896,SO-0002896,64,2025-10-22,10,PARTIAL
2897,SO-0002897,17,2024-10-03,7,OPEN
2898,SO-0002898,16,2024-04-23,3,SHIPPED
2899,SO-0002899,32,2025-09-02,11,OPEN
2900,SO-0002900,78,2024-05-26,11,SHIPPED
2901,SO-0002901,4,2023-03-26,6,PARTIAL
2902,SO-0002902,50,2026-01-12,4,SHIPPED
2903,SO-0002903,15,2023-04-30,4,SHIPPED
2904,SO-0002904,67,2023-05-04,11,SHIPPED
2905,SO-0002905,3,2023-10-16,10,SHIPPED
2906,SO-0002906,65,2023-09-05,6,SHIPPED
2907,SO-0002907,56,2024-09-11,2,PARTIAL
2908,SO-0002908,23,2024-04-17,10,SHIPPED
2909,SO-0002909,74,2026-10-01,1,OPEN
2910,SO-0002910,80,2023-05-19,12,PARTIAL
2911,SO-0002911,18,2025-02-22,12,SHIPPED
2912,SO-0002912,38,2024-04-18,5,SHIPPED
2913,SO-0002913,71,2025-07-01,6,SHIPPED
2914,SO-0002914,78,2025-12-20,5,SHIPPED
2915,SO-0002915,51,2024-03-21,7,PARTIAL
2916,SO-0002916,30,2026-08-14,3,SHIPPED
2917,SO-0002917,61,2025-05-08,8,OPEN
2918,SO-0002918,48,2023-11-09,6,SHIPPED
2919,SO-0002919,70,2024-09-19,8,OPEN
2920,SO-0002920,3,2025-02-12,3,PARTIAL
2921,SO-0002921,73,2025-05-12,9,SHIPPED
2922,SO-0002922,35,2025-06-10,4,SHIPPED
2923,SO-0002923,4,2024-11-16,8,SHIPPED
2924,SO-0002924,42,2026-09-08,1,PARTIAL
2925,SO-0002925,62,2023-11-06,11,SHIPPED
2926,SO-0002926,43,2023-11-26,5,OPEN
2927,SO-0002927,16,2025-10-06,5,SHIPPED
2928,SO-0002928,39,2024-10-21,6,OPEN
2929,SO-0002929,26,2024-07-09,7,SHIPPED
2930,SO-0002930,32,2023-11-10,3,SHIPPED
2931,SO-0002931,39,2025-08-04,11,SHIPPED
2932,SO-0002932,62,2024-10-21,3,SHIPPED
2933,SO-0002933,80,2026-02-11,4,SHIPPED
2934,SO-0002934,4,2023-10-06,8,OPEN
2935,SO-0002935,72,2025-05-23,8,SHIPPED
2936,SO-0002936,58,2026-09-26,7,SHIPPED
2937,SO-0002937,18,2025-05-18,7,PARTIAL
2938,SO-0002938,6,2026-01-28,3,SHIPPED
2939,SO-0002939,40,2025-03-23,12,SHIPPED
2940,SO-0002940,46,2023-12-03,10,PARTIAL
2941,SO-0002941,47,2023-07-05,6,SHIPPED
2942,SO-0002942,58,2025-09-19,8,OPEN
2943,SO-0002943,58,2025-04-06,6,SHIPPED
2944,SO-0002944,62,2026-08-13,9,SHIPPED
2945,SO-0002945,8,2026-08-10,2,OPEN
2946,SO-0002946,58,2023-06-23,7,SHIPPED
2947,SO-0002947,4,2024-03-14,3,PARTIAL
2948,SO-0002948,56,2024-11-28,7,SHIPPED
2949,SO-0002949,54,2023-12-12,9,SHIPPED
2950,SO-0002950,22,2023-11-03,8,SHIPPED
2951,SO-0002951,70,2024-03-15,11,SHIPPED
2952,SO-0002952,55,2023-12-25,7,OPEN
2953,SO-0002953,22,2026-03-18,9,SHIPPED
2954,SO-0002954,43,2024-09-24,4,OPEN
2955,SO-0002955,8,2023-09-17,5,SHIPPED
2956,SO-0002956,21,2025-08-25,12,SHIPPED
2957,SO-0002957,65,2023-10-30,12,SHIPPED
2958,SO-0002958,4,2025-03-16,7,OPEN
2959,SO-0002959,18,2024-03-02,3,PARTIAL
2960,SO-0002960,40,2026-05-14,1,PARTIAL
2961,SO-0002961,23,2024-02-01,12,PARTIAL
2962,SO-0002962,59,2026-08-14,10,SHIPPED
2963,SO-0002963,9,2024-09-23,5,SHIPPED
2964,SO-0002964,1,2023-07-06,7,OPEN
2965,SO-0002965,7,2024-02-13,10,OPEN
2966,SO-0002966,41,2025-07-21,6,PARTIAL
2967,SO-0002967,48,2023-05-28,1,SHIPPED
2968,SO-0002968,2,2026-05-03,8,SHIPPED
2969,SO-0002969,78,2025-06-30,11,PARTIAL
2970,SO-0002970,60,2025-03-17,2,SHIPPED
2971,SO-0002971,72,2026-05-28,8,SHIPPED
2972,SO-0002972,57,2026-09-17,8,OPEN
2973,SO-0002973,53,2023-12-08,3,SHIPPED
2974,SO-0002974,62,2025-10-10,6,SHIPPED
2975,SO-0002975,52,2025-10-09,9,SHIPPED
2976,SO-0002976,44,2024-12-25,5,SHIPPED
2977,SO-0002977,79,2025-12-25,5,PARTIAL
2978,SO-0002978,32,2026-07-01,12,SHIPPED
2979,SO-0002979,8,2025-11-24,4,SHIPPED
2980,SO-0002980,58,2023-11-10,11,OPEN
2981,SO-0002981,69,2024-05-18,3,SHIPPED
2982,SO-0002982,59,2023-10-18,3,SHIPPED
2983,SO-0002983,67,2026-08-28,12,OPEN
2984,SO-0002984,73,2026-01-14,8,OPEN
2985,SO-0002985,76,2023-01-26,10,PARTIAL
2986,SO-0002986,66,2026-06-24,7,SHIPPED
2987,SO-0002987,23,2025-10-08,3,OPEN
2988,SO-0002988,61,2026-01-11,9,SHIPPED
2989,SO-0002989,1,2025-04-14,9,SHIPPED
2990,SO-0002990,40,2024-04-11,8,SHIPPED
2991,SO-0002991,21,2023-09-19,12,OPEN
2992,SO-0002992,26,2026-02-12,11,PARTIAL
2993,SO-0002993,21,2023-12-25,10,SHIPPED
2994,SO-0002994,47,2023-06-26,4,OPEN
2995,SO-0002995,16,2023-03-30,6,PARTIAL
2996,SO-0002996,30,2026-07-02,9,OPEN
2997,SO-0002997,69,2024-02-15,5,OPEN
2998,SO-0002998,52,2026-02-05,9,SHIPPED
2999,SO-0002999,21,2024-09-23,3,OPEN
3000,SO-0003000,17,2023-10-02,2,SHIPPED
3001,SO-0003001,78,2025-03-23,11,OPEN
3002,SO-0003002,58,2024-11-23,4,OPEN
3003,SO-0003003,17,2025-09-04,2,PARTIAL
3004,SO-0003004,69,2026-08-15,6,SHIPPED
3005,SO-0003005,46,2024-12-08,12,OPEN
3006,SO-0003006,40,2024-07-17,4,SHIPPED
3007,SO-0003007,76,2023-06-24,9,SHIPPED
3008,SO-0003008,1,2026-07-24,3,SHIPPED
3009,SO-0003009,43,2025-04-22,12,SHIPPED
3010,SO-0003010,52,2025-05-10,5,SHIPPED
3011,SO-0003011,17,2025-11-01,5,SHIPPED
3012,SO-0003012,15,2026-05-04,2,SHIPPED
3013,SO-0003013,12,2025-02-16,5,SHIPPED
3014,SO-0003014,23,2023-04-29,3,SHIPPED
3015,SO-0003015,45,2026-09-16,5,SHIPPED
3016,SO-0003016,6,2023-09-12,6,SHIPPED
3017,SO-0003017,38,2024-06-23,6,SHIPPED
3018,SO-0003018,27,2026-08-11,11,SHIPPED
3019,SO-0003019,61,2025-10-29,8,SHIPPED
3020,SO-0003020,54,2024-11-22,6,PARTIAL
3021,SO-0003021,67,2023-01-30,8,SHIPPED
3022,SO-0003022,73,2023-12-28,7,SHIPPED
3023,SO-0003023,12,2025-07-25,1,SHIPPED
3024,SO-0003024,69,2024-11-23,7,SHIPPED
3025,SO-0003025,57,2025-04-04,12,SHIPPED
3026,SO-0003026,15,2024-04-15,9,SHIPPED
3027,SO-0003027,4,2025-03-18,9,SHIPPED
3028,SO-0003028,3,2023-11-23,7,SHIPPED
3029,SO-0003029,39,2024-12-19,4,SHIPPED
3030,SO-0003030,75,2023-04-17,11,SHIPPED
3031,SO-0003031,2,2025-12-12,5,SHIPPED
3032,SO-0003032,4,2025-05-14,5,SHIPPED
3033,SO-0003033,70,2025-02-05,4,OPEN
3034,SO-0003034,73,2025-04-24,6,OPEN
3035,SO-0003035,46,2024-08-14,8,SHIPPED
3036,SO-0003036,31,2024-02-21,7,SHIPPED
3037,SO-0003037,55,2023-05-10,12,OPEN
3038,SO-0003038,56,2023-12-03,12,OPEN
3039,SO-0003039,28,2026-07-23,9,OPEN
3040,SO-0003040,43,2023-12-08,10,SHIPPED
3041,SO-0003041,22,2023-04-28,1,OPEN
3042,SO-0003042,16,2025-03-14,8,OPEN
3043,SO-0003043,48,2026-09-23,7,OPEN
3044,SO-0003044,66,2023-07-25,12,PARTIAL
3045,SO-0003045,63,2025-10-19,10,OPEN
3046,SO-0003046,19,2025-04-04,1,SHIPPED
3047,SO-0003047,73,2025-07-21,6,SHIPPED
3048,SO-0003048,52,2023-09-11,3,PARTIAL
3049,SO-0003049,24,2026-09-10,11,SHIPPED
3050,SO-0003050,15,2023-05-23,2,SHIPPED
3051,SO-0003051,46,2023-01-16,2,OPEN
3052,SO-0003052,31,2024-04-01,9,OPEN
3053,SO-0003053,73,2024-06-01,6,SHIPPED
3054,SO-0003054,25,2026-02-21,3,PARTIAL
3055,SO-0003055,15,2026-01-27,5,PARTIAL
3056,SO-0003056,64,2024-03-20,11,SHIPPED
3057,SO-0003057,21,2026-05-09,2,SHIPPED
3058,SO-0003058,53,2025-05-26,4,OPEN
3059,SO-0003059,40,2025-07-05,11,SHIPPED
3060,SO-0003060,19,2023-09-08,6,OPEN
3061,SO-0003061,36,2023-10-09,6,SHIPPED
3062,SO-0003062,42,2026-10-01,6,OPEN
3063,SO-0003063,18,2024-05-03,8,SHIPPED
3064,SO-0003064,61,2023-08-26,10,SHIPPED
3065,SO-0003065,21,2024-04-19,9,OPEN
3066,SO-0003066,55,2023-04-25,5,SHIPPED
3067,SO-0003067,76,2024-03-30,5,SHIPPED
3068,SO-0003068,32,2026-03-30,6,PARTIAL
3069,SO-0003069,60,2023-03-18,1,SHIPPED
3070,SO-0003070,77,2025-05-30,2,SHIPPED
3071,SO-0003071,36,2023-10-30,1,PARTIAL
3072,SO-0003072,16,2026-03-06,11,OPEN
3073,SO-0003073,6,2023-10-19,3,OPEN
3074,SO-0003074,48,2023-01-15,8,SHIPPED
3075,SO-0003075,43,2025-02-04,8,OPEN
3076,SO-0003076,45,2024-06-11,8,OPEN
3077,SO-0003077,6,2025-01-11,1,PARTIAL
3078,SO-0003078,38,2023-10-08,4,SHIPPED
3079,SO-0003079,2,2026-02-01,4,SHIPPED
3080,SO-0003080,3,2025-10-05,5,SHIPPED
3081,SO-0003081,61,2024-03-07,11,OPEN
3082,SO-0003082,36,2024-07-13,9,OPEN
3083,SO-0003083,56,2023-12-20,4,SHIPPED
3084,SO-0003084,65,2026-03-26,2,SHIPPED
3085,SO-0003085,38,2025-06-06,7,SHIPPED
3086,SO-0003086,40,2024-04-15,1,SHIPPED
3087,SO-0003087,60,2026-04-20,4,OPEN
3088,SO-0003088,34,2026-07-04,10,SHIPPED
3089,SO-0003089,19,2025-02-26,3,PARTIAL
3090,SO-0003090,42,2023-02-10,5,OPEN
3091,SO-0003091,19,2025-09-15,4,PARTIAL
3092,SO-0003092,49,2024-09-13,1,SHIPPED
3093,SO-0003093,2,2023-08-11,3,SHIPPED
3094,SO-0003094,79,2023-06-15,8,OPEN
3095,SO-0003095,8,2025-04-30,4,SHIPPED
3096,SO-0003096,46,2024-07-11,2,PARTIAL
3097,SO-0003097,25,2024-04-10,10,SHIPPED
3098,SO-0003098,53,2026-02-26,9,SHIPPED
3099,SO-0003099,30,2025-04-01,11,SHIPPED
3100,SO-0003100,60,2025-12-06,7,OPEN
3101,SO-0003101,33,2024-03-08,9,SHIPPED
3102,SO-0003102,67,2025-02-04,3,SHIPPED
3103,SO-0003103,35,2023-09-22,6,SHIPPED
3104,SO-0003104,44,2024-01-09,12,SHIPPED
3105,SO-0003105,75,2024-06-20,10,SHIPPED
3106,SO-0003106,57,2024-04-05,5,PARTIAL
3107,SO-0003107,58,2024-06-13,12,SHIPPED
3108,SO-0003108,66,2023-04-30,5,SHIPPED
3109,SO-0003109,28,2025-04-02,3,PARTIAL
3110,SO-0003110,55,2026-03-01,8,SHIPPED
3111,SO-0003111,77,2024-11-06,6,OPEN
3112,SO-0003112,66,2024-12-04,9,PARTIAL
3113,SO-0003113,60,2023-08-01,3,SHIPPED
3114,SO-0003114,8,2024-09-05,3,PARTIAL
3115,SO-0003115,48,2026-05-04,4,SHIPPED
3116,SO-0003116,53,2025-07-17,10,PARTIAL
3117,SO-0003117,18,2024-07-01,12,PARTIAL
3118,SO-0003118,76,2025-11-17,1,PARTIAL
3119,SO-0003119,1,2025-02-18,1,SHIPPED
3120,SO-0003120,58,2025-06-25,3,SHIPPED
3121,SO-0003121,8,2023-08-08,12,SHIPPED
3122,SO-0003122,13,2024-05-21,6,PARTIAL
3123,SO-0003123,38,2023-04-21,1,SHIPPED
3124,SO-0003124,48,2025-03-10,7,SHIPPED
3125,SO-0003125,71,2026-02-12,9,PARTIAL
3126,SO-0003126,25,2023-03-28,7,SHIPPED
3127,SO-0003127,20,2024-07-10,1,SHIPPED
3128,SO-0003128,7,2024-11-12,1,OPEN
3129,SO-0003129,24,2023-07-26,5,PARTIAL
3130,SO-0003130,38,2025-02-17,8,OPEN
3131,SO-0003131,48,2025-05-17,10,SHIPPED
3132,SO-0003132,63,2025-01-24,7,SHIPPED
3133,SO-0003133,79,2023-11-27,10,OPEN
3134,SO-0003134,46,2024-03-31,6,SHIPPED
3135,SO-0003135,34,2025-06-03,1,SHIPPED
3136,SO-0003136,68,2023-12-18,10,PARTIAL
3137,SO-0003137,11,2025-06-13,7,SHIPPED
3138,SO-0003138,70,2024-03-01,5,SHIPPED
3139,SO-0003139,10,2023-06-30,11,SHIPPED
3140,SO-0003140,72,2025-09-06,11,PARTIAL
3141,SO-0003141,32,2025-10-20,10,SHIPPED
3142,SO-0003142,11,2024-05-27,6,SHIPPED
3143,SO-0003143,30,2024-01-25,7,SHIPPED
3144,SO-0003144,23,2025-09-22,9,PARTIAL
3145,SO-0003145,16,2025-04-14,5,PARTIAL
3146,SO-0003146,21,2023-10-15,10,SHIPPED
3147,SO-0003147,1,2025-08-30,8,SHIPPED
3148,SO-0003148,17,2023-08-19,4,PARTIAL
3149,SO-0003149,46,2026-07-18,11,SHIPPED
3150,SO-0003150,42,2023-05-03,11,OPEN
3151,SO-0003151,15,2023-06-12,12,SHIPPED
3152,SO-0003152,41,2026-04-21,10,OPEN
3153,SO-0003153,49,2026-04-29,6,SHIPPED
3154,SO-0003154,73,2025-12-12,9,PARTIAL
3155,SO-0003155,7,2024-10-04,7,SHIPPED
3156,SO-0003156,21,2023-01-09,11,SHIPPED
3157,SO-0003157,43,2025-05-17,6,OPEN
3158,SO-0003158,16,2024-10-31,8,SHIPPED
3159,SO-0003159,44,2024-09-27,4,OPEN
3160,SO-0003160,17,2024-01-18,5,SHIPPED
3161,SO-0003161,59,2026-06-29,2,PARTIAL
3162,SO-0003162,53,2026-06-04,5,SHIPPED
3163,SO-0003163,46,2024-10-25,3,SHIPPED
3164,SO-0003164,14,2025-02-17,7,PARTIAL
3165,SO-0003165,24,2023-03-14,6,SHIPPED
3166,SO-0003166,73,2024-05-07,12,OPEN
3167,SO-0003167,43,2026-04-08,1,SHIPPED
3168,SO-0003168,34,2026-03-16,10,OPEN
3169,SO-0003169,62,2024-03-04,12,OPEN
3170,SO-0003170,71,2026-08-28,1,SHIPPED
3171,SO-0003171,26,2025-12-20,4,SHIPPED
3172,SO-0003172,14,2026-05-31,2,SHIPPED
3173,SO-0003173,2,2023-09-15,8,SHIPPED
3174,SO-0003174,75,2025-09-27,1,SHIPPED
3175,SO-0003175,37,2025-01-17,3,SHIPPED
3176,SO-0003176,12,2023-06-14,10,OPEN
3177,SO-0003177,30,2023-07-05,9,SHIPPED
3178,SO-0003178,68,2025-11-23,5,SHIPPED
3179,SO-0003179,44,2023-09-26,7,SHIPPED
3180,SO-0003180,45,2025-09-03,2,PARTIAL
3181,SO-0003181,69,2026-01-10,11,OPEN
3182,SO-0003182,74,2025-04-23,8,SHIPPED
3183,SO-0003183,20,2026-07-07,6,SHIPPED
3184,SO-0003184,61,2026-09-01,3,OPEN
3185,SO-0003185,33,2024-10-01,11,SHIPPED
3186,SO-0003186,61,2023-07-06,1,SHIPPED
3187,SO-0003187,50,2025-02-02,3,SHIPPED
3188,SO-0003188,16,2025-12-20,4,SHIPPED
3189,SO-0003189,14,2023-12-28,3,SHIPPED
3190,SO-0003190,21,2024-06-28,9,SHIPPED
3191,SO-0003191,23,2024-12-01,10,SHIPPED
3192,SO-0003192,48,2026-09-01,5,SHIPPED
3193,SO-0003193,63,2023-10-07,7,OPEN
3194,SO-0003194,47,2024-07-09,10,SHIPPED
3195,SO-0003195,6,2026-07-21,6,PARTIAL
3196,SO-0003196,34,2024-05-14,10,SHIPPED
3197,SO-0003197,23,2025-06-21,1,SHIPPED
3198,SO-0003198,45,2023-01-13,4,SHIPPED
3199,SO-0003199,61,2024-06-26,9,SHIPPED
3200,SO-0003200,71,2026-08-02,2,SHIPPED
3201,SO-0003201,12,2025-11-29,4,SHIPPED
3202,SO-0003202,43,2023-10-23,1,SHIPPED
3203,SO-0003203,47,2024-04-02,8,PARTIAL
3204,SO-0003204,32,2023-04-14,6,OPEN
3205,SO-0003205,18,2023-01-10,7,SHIPPED
3206,SO-0003206,46,2023-04-28,5,SHIPPED
3207,SO-0003207,46,2024-05-24,1,SHIPPED
3208,SO-0003208,74,2026-01-19,8,SHIPPED
3209,SO-0003209,53,2025-01-04,6,SHIPPED
3210,SO-0003210,12,2023-06-09,4,OPEN
3211,SO-0003211,54,2023-11-15,3,SHIPPED
3212,SO-0003212,46,2024-08-28,4,SHIPPED
3213,SO-0003213,78,2024-06-20,10,OPEN
3214,SO-0003214,66,2026-04-27,4,PARTIAL
3215,SO-0003215,23,2024-02-06,10,PARTIAL
3216,SO-0003216,79,2026-02-01,8,PARTIAL
3217,SO-0003217,38,2023-03-09,7,PARTIAL
3218,SO-0003218,36,2025-08-22,2,SHIPPED
3219,SO-0003219,46,2025-06-15,1,SHIPPED
3220,SO-0003220,74,2026-09-02,12,SHIPPED
3221,SO-0003221,80,2023-03-01,9,OPEN
3222,SO-0003222,45,2026-06-01,6,SHIPPED
3223,SO-0003223,51,2023-03-12,6,SHIPPED
3224,SO-0003224,3,2024-12-25,5,OPEN
3225,SO-0003225,79,2024-07-15,4,PARTIAL
3226,SO-0003226,68,2025-02-28,3,PARTIAL
3227,SO-0003227,26,2023-04-02,2,OPEN
3228,SO-0003228,28,2025-01-01,8,SHIPPED
3229,SO-0003229,47,2025-02-14,5,PARTIAL
3230,SO-0003230,56,2024-02-01,9,SHIPPED
3231,SO-0003231,49,2025-01-03,12,OPEN
3232,SO-0003232,13,2023-06-27,12,OPEN
3233,SO-0003233,62,2026-03-10,3,OPEN
3234,SO-0003234,9,2024-11-04,2,SHIPPED
3235,SO-0003235,36,2024-03-26,5,SHIPPED
3236,SO-0003236,76,2024-04-19,6,OPEN
3237,SO-0003237,12,2023-08-30,11,SHIPPED
3238,SO-0003238,2,2024-05-17,10,SHIPPED
3239,SO-0003239,31,2024-11-03,12,OPEN
3240,SO-0003240,68,2026-02-07,8,OPEN
3241,SO-0003241,35,2025-02-10,11,SHIPPED
3242,SO-0003242,76,2024-02-07,7,SHIPPED
3243,SO-0003243,5,2023-01-25,11,SHIPPED
3244,SO-0003244,11,2026-08-18,7,SHIPPED
3245,SO-0003245,76,2023-12-09,5,SHIPPED
3246,SO-0003246,12,2024-02-03,12,SHIPPED
3247,SO-0003247,71,2026-06-15,11,SHIPPED
3248,SO-0003248,73,2025-01-26,9,SHIPPED
3249,SO-0003249,23,2024-11-05,9,PARTIAL
3250,SO-0003250,4,2024-07-10,11,PARTIAL
3251,SO-0003251,78,2024-10-28,12,SHIPPED
3252,SO-0003252,2,2024-12-01,5,SHIPPED
3253,SO-0003253,1,2024-05-16,7,PARTIAL
3254,SO-0003254,62,2025-04-28,5,OPEN
3255,SO-0003255,56,2025-06-04,11,SHIPPED
3256,SO-0003256,58,2025-06-25,12,OPEN
3257,SO-0003257,61,2024-09-24,9,SHIPPED
3258,SO-0003258,65,2024-08-01,6,SHIPPED
3259,SO-0003259,58,2024-09-15,4,OPEN
3260,SO-0003260,15,2024-06-16,5,SHIPPED
3261,SO-0003261,69,2026-09-06,6,SHIPPED
3262,SO-0003262,39,2025-01-16,7,SHIPPED
3263,SO-0003263,46,2024-07-03,2,PARTIAL
3264,SO-0003264,68,2023-05-04,12,PARTIAL
3265,SO-0003265,52,2026-04-10,5,SHIPPED
3266,SO-0003266,65,2025-01-18,4,PARTIAL
3267,SO-0003267,79,2024-01-17,12,SHIPPED
3268,SO-0003268,80,2023-07-08,2,SHIPPED
3269,SO-0003269,4,2025-02-18,2,SHIPPED
3270,SO-0003270,38,2023-01-30,5,SHIPPED
3271,SO-0003271,12,2025-09-01,7,SHIPPED
3272,SO-0003272,74,2026-05-07,11,SHIPPED
3273,SO-0003273,1,2025-10-31,3,SHIPPED
3274,SO-0003274,25,2025-11-07,6,PARTIAL
3275,SO-0003275,75,2026-01-18,3,SHIPPED
3276,SO-0003276,53,2026-05-17,9,SHIPPED
3277,SO-0003277,10,2023-08-26,2,OPEN
3278,SO-0003278,50,2026-09-06,4,OPEN
3279,SO-0003279,31,2025-12-11,3,SHIPPED
3280,SO-0003280,24,2024-06-25,4,PARTIAL
3281,SO-0003281,33,2025-03-09,9,SHIPPED
3282,SO-0003282,75,2025-07-03,2,OPEN
3283,SO-0003283,30,2024-11-08,3,PARTIAL
3284,SO-0003284,4,2023-06-04,2,PARTIAL
3285,SO-0003285,23,2024-02-07,2,SHIPPED
3286,SO-0003286,56,2024-02-15,4,SHIPPED
3287,SO-0003287,10,2025-03-24,8,PARTIAL
3288,SO-0003288,3,2025-03-06,1,SHIPPED
3289,SO-0003289,26,2026-06-03,11,PARTIAL
3290,SO-0003290,73,2025-12-08,12,PARTIAL
3291,SO-0003291,23,2026-03-25,3,PARTIAL
3292,SO-0003292,40,2026-07-26,4,SHIPPED
3293,SO-0003293,35,2024-12-25,6,SHIPPED
3294,SO-0003294,21,2024-08-18,7,PARTIAL
3295,SO-0003295,73,2025-01-26,3,OPEN
3296,SO-0003296,34,2026-02-05,7,PARTIAL
3297,SO-0003297,74,2024-11-17,5,OPEN
3298,SO-0003298,17,2024-11-23,4,SHIPPED
3299,SO-0003299,45,2024-12-27,4,SHIPPED
3300,SO-0003300,14,2026-05-31,7,OPEN
3301,SO-0003301,48,2026-09-15,2,SHIPPED
3302,SO-0003302,26,2025-05-13,2,SHIPPED
3303,SO-0003303,16,2023-12-13,8,SHIPPED
3304,SO-0003304,33,2023-12-11,8,PARTIAL
3305,SO-0003305,8,2024-11-04,11,SHIPPED
3306,SO-0003306,59,2023-10-08,6,OPEN
3307,SO-0003307,74,2023-07-30,10,SHIPPED
3308,SO-0003308,5,2023-12-05,1,SHIPPED
3309,SO-0003309,61,2026-07-17,10,SHIPPED
3310,SO-0003310,15,2023-12-25,1,PARTIAL
3311,SO-0003311,21,2024-10-03,3,SHIPPED
3312,SO-0003312,46,2025-07-31,7,SHIPPED
3313,SO-0003313,52,2026-04-09,7,SHIPPED
3314,SO-0003314,13,2024-05-19,6,SHIPPED
3315,SO-0003315,79,2025-02-11,10,OPEN
3316,SO-0003316,68,2024-02-28,3,SHIPPED
3317,SO-0003317,59,2026-09-06,12,PARTIAL
3318,SO-0003318,67,2023-08-23,3,SHIPPED
3319,SO-0003319,36,2025-07-17,4,OPEN
3320,SO-0003320,61,2024-05-30,7,OPEN
3321,SO-0003321,3,2025-08-29,10,SHIPPED
3322,SO-0003322,15,2024-11-18,2,OPEN
3323,SO-0003323,56,2023-04-19,10,OPEN
3324,SO-0003324,16,2023-04-23,9,SHIPPED
3325,SO-0003325,21,2026-06-10,1,PARTIAL
3326,SO-0003326,61,2023-06-21,4,OPEN
3327,SO-0003327,59,2024-11-05,10,SHIPPED
3328,SO-0003328,54,2026-04-05,8,PARTIAL
3329,SO-0003329,9,2023-05-10,7,SHIPPED
3330,SO-0003330,4,2025-05-14,4,OPEN
3331,SO-0003331,33,2026-04-03,8,SHIPPED
3332,SO-0003332,15,2023-02-06,7,SHIPPED
3333,SO-0003333,72,2024-07-18,8,PARTIAL
3334,SO-0003334,42,2025-09-05,7,SHIPPED
3335,SO-0003335,69,2024-02-18,7,SHIPPED
3336,SO-0003336,5,2026-07-27,11,OPEN
3337,SO-0003337,39,2026-05-29,1,SHIPPED
3338,SO-0003338,30,2024-03-14,12,OPEN
3339,SO-0003339,41,2025-09-07,5,SHIPPED
3340,SO-0003340,61,2026-02-24,7,PARTIAL
3341,SO-0003341,61,2023-08-02,5,SHIPPED
3342,SO-0003342,4,2024-12-29,9,OPEN
3343,SO-0003343,60,2023-06-26,3,OPEN
3344,SO-0003344,26,2025-05-23,12,OPEN
3345,SO-0003345,79,2023-08-10,5,PARTIAL
3346,SO-0003346,79,2024-08-22,3,PARTIAL
3347,SO-0003347,46,2025-11-14,1,SHIPPED
3348,SO-0003348,46,2025-06-05,1,SHIPPED
3349,SO-0003349,55,2024-01-08,3,SHIPPED
3350,SO-0003350,50,2023-02-09,5,OPEN
3351,SO-0003351,56,2025-11-29,3,SHIPPED
3352,SO-0003352,21,2026-09-01,11,SHIPPED
3353,SO-0003353,4,2025-08-09,11,SHIPPED
3354,SO-0003354,17,2026-02-26,5,SHIPPED
3355,SO-0003355,14,2024-12-24,9,SHIPPED
3356,SO-0003356,4,2023-07-15,10,SHIPPED
3357,SO-0003357,68,2025-07-06,9,PARTIAL
3358,SO-0003358,51,2023-02-02,3,SHIPPED
3359,SO-0003359,21,2023-09-26,9,OPEN
3360,SO-0003360,5,2025-05-09,8,SHIPPED
3361,SO-0003361,7,2025-03-27,8,OPEN
3362,SO-0003362,8,2025-12-20,11,PARTIAL
3363,SO-0003363,44,2026-01-19,7,SHIPPED
3364,SO-0003364,54,2024-07-04,2,SHIPPED
3365,SO-0003365,49,2024-10-06,2,SHIPPED
3366,SO-0003366,17,2024-10-10,5,SHIPPED
3367,SO-0003367,20,2025-01-12,11,SHIPPED
3368,SO-0003368,24,2025-03-04,5,SHIPPED
3369,SO-0003369,65,2026-08-03,12,SHIPPED
3370,SO-0003370,54,2025-05-30,9,PARTIAL
3371,SO-0003371,22,2024-01-17,4,SHIPPED
3372,SO-0003372,26,2023-09-19,10,OPEN
3373,SO-0003373,26,2026-02-04,4,SHIPPED
3374,SO-0003374,55,2026-02-12,6,SHIPPED
3375,SO-0003375,61,2024-03-06,6,SHIPPED
3376,SO-0003376,68,2025-01-11,4,SHIPPED
3377,SO-0003377,1,2023-12-05,8,SHIPPED
3378,SO-0003378,2,2023-08-09,12,SHIPPED
3379,SO-0003379,30,2024-01-19,1,OPEN
3380,SO-0003380,75,2024-05-09,6,SHIPPED
3381,SO-0003381,74,2024-04-14,11,SHIPPED
3382,SO-0003382,24,2026-04-29,10,SHIPPED
3383,SO-0003383,20,2024-03-22,7,OPEN
3384,SO-0003384,5,2024-08-30,6,SHIPPED
3385,SO-0003385,72,2023-05-08,11,PARTIAL
3386,SO-0003386,60,2023-04-12,2,OPEN
3387,SO-0003387,26,2023-03-18,11,SHIPPED
3388,SO-0003388,69,2025-01-06,5,SHIPPED
3389,SO-0003389,30,2024-01-23,7,OPEN
3390,SO-0003390,2,2024-06-21,6,SHIPPED
3391,SO-0003391,31,2023-04-17,10,SHIPPED
3392,SO-0003392,6,2025-09-05,12,OPEN
3393,SO-0003393,77,2025-11-25,3,SHIPPED
3394,SO-0003394,65,2025-08-30,12,SHIPPED
3395,SO-0003395,19,2025-01-02,2,SHIPPED
3396,SO-0003396,71,2024-07-01,10,OPEN
3397,SO-0003397,15,2025-07-29,7,OPEN
3398,SO-0003398,14,2024-10-03,1,SHIPPED
3399,SO-0003399,57,2026-07-17,3,SHIPPED
3400,SO-0003400,61,2026-03-27,5,SHIPPED
3401,SO-0003401,8,2024-09-29,2,SHIPPED
3402,SO-0003402,28,2023-02-12,11,SHIPPED
3403,SO-0003403,31,2025-11-03,5,SHIPPED
3404,SO-0003404,55,2023-04-19,4,PARTIAL
3405,SO-0003405,19,2023-06-03,11,OPEN
3406,SO-0003406,43,2025-12-19,3,SHIPPED
3407,SO-0003407,65,2023-01-16,3,OPEN
3408,SO-0003408,80,2026-02-22,10,SHIPPED
3409,SO-0003409,5,2025-03-20,5,SHIPPED
3410,SO-0003410,39,2024-09-02,4,PARTIAL
3411,SO-0003411,50,2023-03-09,12,OPEN
3412,SO-0003412,12,2026-08-27,3,SHIPPED
3413,SO-0003413,19,2026-09-10,5,SHIPPED
3414,SO-0003414,45,2026-05-04,3,SHIPPED
3415,SO-0003415,31,2023-04-04,7,OPEN
3416,SO-0003416,29,2024-07-03,9,SHIPPED
3417,SO-0003417,71,2023-01-11,5,SHIPPED
3418,SO-0003418,21,2023-10-24,7,SHIPPED
3419,SO-0003419,69,2025-05-03,6,SHIPPED
3420,SO-0003420,21,2026-04-09,8,OPEN
3421,SO-0003421,7,2026-03-20,8,SHIPPED
3422,SO-0003422,55,2023-08-12,2,SHIPPED
3423,SO-0003423,58,2026-01-18,1,OPEN
3424,SO-0003424,29,2025-04-30,10,PARTIAL
3425,SO-0003425,41,2023-06-08,5,SHIPPED
3426,SO-0003426,46,2024-12-11,9,PARTIAL
3427,SO-0003427,1,2024-08-16,11,PARTIAL
3428,SO-0003428,58,2024-02-03,2,OPEN
3429,SO-0003429,41,2025-05-31,5,SHIPPED
3430,SO-0003430,58,2023-04-13,7,SHIPPED
3431,SO-0003431,23,2024-03-17,1,OPEN
3432,SO-0003432,77,2024-04-27,10,SHIPPED
3433,SO-0003433,9,2025-04-25,1,SHIPPED
3434,SO-0003434,46,2026-03-19,9,PARTIAL
3435,SO-0003435,69,2026-05-14,6,SHIPPED
3436,SO-0003436,64,2025-06-16,12,SHIPPED
3437,SO-0003437,54,2026-02-22,9,SHIPPED
3438,SO-0003438,63,2023-11-17,7,SHIPPED
3439,SO-0003439,7,2024-01-13,10,SHIPPED
3440,SO-0003440,58,2025-12-13,11,SHIPPED
3441,SO-0003441,35,2026-01-14,12,PARTIAL
3442,SO-0003442,50,2024-10-19,2,SHIPPED
3443,SO-0003443,29,2024-05-05,4,PARTIAL
3444,SO-0003444,49,2023-02-27,10,OPEN
3445,SO-0003445,78,2025-01-23,9,OPEN
3446,SO-0003446,26,2023-08-27,9,OPEN
3447,SO-0003447,76,2024-02-12,7,SHIPPED
3448,SO-0003448,17,2026-08-06,11,OPEN
3449,SO-0003449,49,2025-09-07,10,OPEN
3450,SO-0003450,38,2024-01-24,11,SHIPPED
3451,SO-0003451,63,2026-09-09,12,SHIPPED
3452,SO-0003452,29,2025-09-21,7,SHIPPED
3453,SO-0003453,2,2023-03-27,2,PARTIAL
3454,SO-0003454,54,2026-02-23,12,SHIPPED
3455,SO-0003455,2,2023-02-07,10,SHIPPED
3456,SO-0003456,51,2026-03-20,1,SHIPPED
3457,SO-0003457,55,2025-09-23,11,SHIPPED
3458,SO-0003458,55,2024-07-29,10,SHIPPED
3459,SO-0003459,65,2026-05-16,11,SHIPPED
3460,SO-0003460,69,2025-05-14,4,SHIPPED
3461,SO-0003461,67,2023-05-09,4,SHIPPED
3462,SO-0003462,40,2025-05-31,1,SHIPPED
3463,SO-0003463,29,2024-12-28,11,SHIPPED
3464,SO-0003464,51,2025-11-12,2,OPEN
3465,SO-0003465,57,2024-01-22,10,SHIPPED
3466,SO-0003466,29,2024-08-13,9,PARTIAL
3467,SO-0003467,78,2024-04-02,8,SHIPPED
3468,SO-0003468,17,2025-07-23,8,SHIPPED
3469,SO-0003469,77,2025-06-24,8,SHIPPED
3470,SO-0003470,37,2024-11-14,7,SHIPPED
3471,SO-0003471,69,2024-03-18,9,PARTIAL
3472,SO-0003472,52,2023-06-18,4,SHIPPED
3473,SO-0003473,38,2025-10-12,6,PARTIAL
3474,SO-0003474,18,2024-06-04,4,PARTIAL
3475,SO-0003475,29,2025-05-12,2,SHIPPED
3476,SO-0003476,6,2023-04-17,9,PARTIAL
3477,SO-0003477,65,2023-08-15,8,PARTIAL
3478,SO-0003478,43,2024-05-04,4,PARTIAL
3479,SO-0003479,51,2023-01-27,6,OPEN
3480,SO-0003480,76,2026-06-29,8,OPEN
3481,SO-0003481,73,2024-07-14,1,OPEN
3482,SO-0003482,70,2024-11-05,8,SHIPPED
3483,SO-0003483,41,2024-11-01,1,OPEN
3484,SO-0003484,21,2024-10-12,10,SHIPPED
3485,SO-0003485,15,2026-03-04,11,SHIPPED
3486,SO-0003486,39,2025-06-05,6,OPEN
3487,SO-0003487,51,2025-07-09,1,PARTIAL
3488,SO-0003488,10,2025-01-06,9,SHIPPED
3489,SO-0003489,36,2025-05-23,6,OPEN
3490,SO-0003490,42,2026-08-10,2,SHIPPED
3491,SO-0003491,34,2025-11-22,7,SHIPPED
3492,SO-0003492,57,2025-02-15,3,SHIPPED
3493,SO-0003493,73,2023-01-12,6,PARTIAL
3494,SO-0003494,9,2025-03-12,2,SHIPPED
3495,SO-0003495,58,2023-10-31,7,SHIPPED
3496,SO-0003496,56,2025-09-10,7,OPEN
3497,SO-0003497,23,2024-11-17,6,SHIPPED
3498,SO-0003498,5,2025-01-26,12,OPEN
3499,SO-0003499,22,2024-02-03,12,SHIPPED
3500,SO-0003500,2,2024-12-02,2,SHIPPED
3501,SO-0003501,44,2023-02-08,6,SHIPPED
3502,SO-0003502,22,2023-12-14,7,PARTIAL
3503,SO-0003503,56,2025-09-07,7,SHIPPED
3504,SO-0003504,36,2024-06-11,4,SHIPPED
3505,SO-0003505,1,2025-07-23,10,SHIPPED
3506,SO-0003506,77,2024-03-12,12,SHIPPED
3507,SO-0003507,34,2024-02-03,4,SHIPPED
3508,SO-0003508,37,2025-06-12,2,SHIPPED
3509,SO-0003509,48,2023-12-15,9,SHIPPED
3510,SO-0003510,3,2026-01-23,5,OPEN
3511,SO-0003511,12,2025-01-04,5,SHIPPED
3512,SO-0003512,52,2026-09-15,12,OPEN
3513,SO-0003513,47,2024-10-09,3,OPEN
3514,SO-0003514,13,2023-02-23,11,SHIPPED
3515,SO-0003515,71,2024-12-03,12,SHIPPED
3516,SO-0003516,51,2025-08-01,9,OPEN
3517,SO-0003517,41,2023-07-29,3,PARTIAL
3518,SO-0003518,67,2026-06-19,7,SHIPPED
3519,SO-0003519,65,2026-01-02,3,SHIPPED
3520,SO-0003520,44,2023-11-25,9,PARTIAL
3521,SO-0003521,73,2025-12-19,2,SHIPPED
3522,SO-0003522,6,2025-01-07,8,SHIPPED
3523,SO-0003523,80,2024-12-30,5,PARTIAL
3524,SO-0003524,5,2025-05-03,4,OPEN
3525,SO-0003525,64,2026-01-29,8,PARTIAL
3526,SO-0003526,25,2025-11-16,7,SHIPPED
3527,SO-0003527,76,2024-05-16,10,PARTIAL
3528,SO-0003528,19,2023-09-23,1,SHIPPED
3529,SO-0003529,13,2024-06-10,7,SHIPPED
3530,SO-0003530,3,2026-06-14,9,OPEN
3531,SO-0003531,3,2026-07-20,2,SHIPPED
3532,SO-0003532,72,2025-11-06,6,SHIPPED
3533,SO-0003533,75,2024-02-14,11,SHIPPED
3534,SO-0003534,61,2026-05-11,4,SHIPPED
3535,SO-0003535,10,2026-04-22,8,SHIPPED
3536,SO-0003536,21,2024-05-03,6,SHIPPED
3537,SO-0003537,47,2025-03-23,2,SHIPPED
3538,SO-0003538,74,2025-12-26,5,OPEN
3539,SO-0003539,26,2025-06-28,6,OPEN
3540,SO-0003540,45,2024-12-26,10,SHIPPED
3541,SO-0003541,24,2023-11-12,6,SHIPPED
3542,SO-0003542,75,2025-11-25,8,SHIPPED
3543,SO-0003543,77,2025-10-01,10,SHIPPED
3544,SO-0003544,42,2026-08-20,4,SHIPPED
3545,SO-0003545,72,2024-01-22,6,SHIPPED
3546,SO-0003546,8,2026-06-07,2,SHIPPED
3547,SO-0003547,38,2024-07-05,4,SHIPPED
3548,SO-0003548,57,2026-05-15,11,SHIPPED
3549,SO-0003549,79,2026-07-12,3,OPEN
3550,SO-0003550,30,2023-09-01,8,SHIPPED
3551,SO-0003551,49,2026-01-28,12,PARTIAL
3552,SO-0003552,12,2026-01-07,7,OPEN
3553,SO-0003553,55,2024-04-30,11,PARTIAL
3554,SO-0003554,56,2023-10-26,8,SHIPPED
3555,SO-0003555,13,2025-11-30,12,OPEN
3556,SO-0003556,13,2023-05-30,2,SHIPPED
3557,SO-0003557,28,2023-05-16,6,SHIPPED
3558,SO-0003558,71,2025-02-11,1,PARTIAL
3559,SO-0003559,18,2024-01-17,8,OPEN
3560,SO-0003560,38,2023-07-21,9,OPEN
3561,SO-0003561,51,2025-11-17,10,SHIPPED
3562,SO-0003562,46,2023-08-13,11,SHIPPED
3563,SO-0003563,31,2024-05-25,4,SHIPPED
3564,SO-0003564,31,2026-09-26,11,SHIPPED
3565,SO-0003565,40,2026-09-05,5,PARTIAL
3566,SO-0003566,64,2023-02-17,9,OPEN
3567,SO-0003567,69,2026-09-16,5,SHIPPED
3568,SO-0003568,1,2023-02-06,3,PARTIAL
3569,SO-0003569,45,2025-05-02,9,PARTIAL
3570,SO-0003570,14,2025-03-05,5,SHIPPED
3571,SO-0003571,11,2023-09-11,1,OPEN
3572,SO-0003572,72,2024-12-30,5,PARTIAL
3573,SO-0003573,80,2025-08-10,1,SHIPPED
3574,SO-0003574,35,2025-11-04,1,SHIPPED
3575,SO-0003575,27,2025-12-23,3,SHIPPED
3576,SO-0003576,49,2023-06-09,8,SHIPPED
3577,SO-0003577,22,2023-09-20,10,PARTIAL
3578,SO-0003578,46,2026-05-31,7,PARTIAL
3579,SO-0003579,52,2023-02-26,12,SHIPPED
3580,SO-0003580,54,2024-05-11,5,SHIPPED
3581,SO-0003581,63,2024-10-15,3,SHIPPED
3582,SO-0003582,75,2025-09-12,9,SHIPPED
3583,SO-0003583,9,2026-03-07,11,SHIPPED
3584,SO-0003584,2,2023-03-31,2,OPEN
3585,SO-0003585,48,2026-04-23,1,PARTIAL
3586,SO-0003586,16,2025-03-07,10,SHIPPED
3587,SO-0003587,60,2023-10-18,9,SHIPPED
3588,SO-0003588,1,2026-08-08,8,SHIPPED
3589,SO-0003589,38,2024-12-29,5,OPEN
3590,SO-0003590,4,2026-03-12,2,OPEN
3591,SO-0003591,77,2026-06-27,5,SHIPPED
3592,SO-0003592,8,2024-04-25,5,PARTIAL
3593,SO-0003593,16,2025-08-09,6,OPEN
3594,SO-0003594,10,2025-10-25,4,PARTIAL
3595,SO-0003595,2,2024-10-13,4,OPEN
3596,SO-0003596,65,2024-05-09,10,SHIPPED
3597,SO-0003597,68,2026-01-06,9,SHIPPED
3598,SO-0003598,78,2024-06-19,9,SHIPPED
3599,SO-0003599,3,2025-10-23,6,OPEN
3600,SO-0003600,4,2024-11-24,9,OPEN
3601,SO-0003601,72,2024-03-25,3,SHIPPED
3602,SO-0003602,72,2025-01-13,7,OPEN
3603,SO-0003603,44,2023-12-03,6,SHIPPED
3604,SO-0003604,77,2024-05-24,5,OPEN
3605,SO-0003605,17,2025-02-27,9,OPEN
3606,SO-0003606,35,2026-03-29,12,OPEN
3607,SO-0003607,24,2025-07-14,11,SHIPPED
3608,SO-0003608,49,2024-07-29,2,SHIPPED
3609,SO-0003609,7,2025-02-05,4,PARTIAL
3610,SO-0003610,9,2023-05-25,1,SHIPPED
3611,SO-0003611,66,2023-12-22,8,OPEN
3612,SO-0003612,58,2025-08-21,9,SHIPPED
3613,SO-0003613,54,2025-01-15,8,SHIPPED
3614,SO-0003614,12,2025-10-23,10,SHIPPED
3615,SO-0003615,21,2024-11-06,2,OPEN
3616,SO-0003616,37,2025-12-13,10,PARTIAL
3617,SO-0003617,46,2026-02-27,7,PARTIAL
3618,SO-0003618,68,2023-06-26,5,SHIPPED
3619,SO-0003619,40,2026-06-11,1,PARTIAL
3620,SO-0003620,72,2026-01-28,12,OPEN
3621,SO-0003621,58,2025-01-09,2,SHIPPED
3622,SO-0003622,56,2026-07-08,8,SHIPPED
3623,SO-0003623,13,2026-06-20,5,PARTIAL
3624,SO-0003624,74,2023-10-04,12,OPEN
3625,SO-0003625,7,2025-03-12,12,SHIPPED
3626,SO-0003626,49,2024-07-07,9,SHIPPED
3627,SO-0003627,29,2023-01-19,3,OPEN
3628,SO-0003628,80,2024-09-15,3,SHIPPED
3629,SO-0003629,67,2025-05-23,8,SHIPPED
3630,SO-0003630,52,2026-06-22,2,PARTIAL
3631,SO-0003631,31,2025-05-03,6,SHIPPED
3632,SO-0003632,33,2024-03-18,9,SHIPPED
3633,SO-0003633,4,2023-01-14,2,SHIPPED
3634,SO-0003634,7,2024-02-08,1,SHIPPED
3635,SO-0003635,23,2026-05-02,11,SHIPPED
3636,SO-0003636,6,2025-05-04,7,PARTIAL
3637,SO-0003637,37,2025-07-26,4,SHIPPED
3638,SO-0003638,58,2024-08-29,11,SHIPPED
3639,SO-0003639,29,2024-01-04,11,SHIPPED
3640,SO-0003640,66,2024-07-09,3,SHIPPED
3641,SO-0003641,8,2025-01-09,9,PARTIAL
3642,SO-0003642,29,2023-03-15,11,SHIPPED
3643,SO-0003643,23,2023-07-29,10,PARTIAL
3644,SO-0003644,46,2026-05-02,12,SHIPPED
3645,SO-0003645,69,2023-12-15,6,OPEN
3646,SO-0003646,36,2026-08-07,5,OPEN
3647,SO-0003647,57,2024-04-13,2,SHIPPED
3648,SO-0003648,9,2026-01-09,5,SHIPPED
3649,SO-0003649,5,2024-07-01,12,SHIPPED
3650,SO-0003650,30,2026-07-03,4,OPEN
3651,SO-0003651,60,2023-09-23,8,SHIPPED
3652,SO-0003652,31,2024-01-21,3,PARTIAL
3653,SO-0003653,66,2023-05-05,1,SHIPPED
3654,SO-0003654,78,2025-03-24,6,SHIPPED
3655,SO-0003655,17,2026-08-21,9,SHIPPED
3656,SO-0003656,30,2023-04-29,12,SHIPPED
3657,SO-0003657,78,2025-12-05,3,OPEN
3658,SO-0003658,72,2024-04-05,9,SHIPPED
3659,SO-0003659,14,2025-11-02,3,PARTIAL
3660,SO-0003660,1,2024-01-15,5,PARTIAL
3661,SO-0003661,35,2024-06-27,12,SHIPPED
3662,SO-0003662,55,2023-10-25,4,SHIPPED
3663,SO-0003663,75,2024-12-21,12,SHIPPED
3664,SO-0003664,43,2025-05-08,4,SHIPPED
3665,SO-0003665,36,2026-02-07,2,PARTIAL
3666,SO-0003666,18,2024-03-30,4,PARTIAL
3667,SO-0003667,21,2025-01-27,2,SHIPPED
3668,SO-0003668,66,2024-05-31,8,OPEN
3669,SO-0003669,18,2025-05-15,8,SHIPPED
3670,SO-0003670,51,2025-02-22,6,OPEN
3671,SO-0003671,76,2025-05-01,2,PARTIAL
3672,SO-0003672,27,2025-05-06,2,SHIPPED
3673,SO-0003673,34,2023-01-19,2,SHIPPED
3674,SO-0003674,14,2024-06-21,7,SHIPPED
3675,SO-0003675,23,2024-11-20,4,SHIPPED
3676,SO-0003676,53,2023-10-22,1,SHIPPED
3677,SO-0003677,5,2024-08-17,9,SHIPPED
3678,SO-0003678,31,2023-12-30,10,SHIPPED
3679,SO-0003679,77,2023-05-12,5,PARTIAL
3680,SO-0003680,58,2026-07-02,8,OPEN
3681,SO-0003681,63,2025-12-26,5,SHIPPED
3682,SO-0003682,59,2023-11-10,1,SHIPPED
3683,SO-0003683,4,2025-11-28,5,OPEN
3684,SO-0003684,41,2026-09-27,6,SHIPPED
3685,SO-0003685,75,2025-07-28,9,OPEN
3686,SO-0003686,54,2026-03-16,9,SHIPPED
3687,SO-0003687,43,2023-11-16,4,SHIPPED
3688,SO-0003688,17,2023-08-22,2,PARTIAL
3689,SO-0003689,49,2023-12-17,7,SHIPPED
3690,SO-0003690,62,2025-03-29,3,SHIPPED
3691,SO-0003691,51,2024-02-26,9,OPEN
3692,SO-0003692,24,2025-01-13,8,SHIPPED
3693,SO-0003693,9,2025-11-09,12,OPEN
3694,SO-0003694,23,2023-12-02,5,PARTIAL
3695,SO-0003695,44,2023-12-16,6,SHIPPED
3696,SO-0003696,28,2026-03-26,2,PARTIAL
3697,SO-0003697,9,2023-07-18,3,OPEN
3698,SO-0003698,27,2026-09-28,8,SHIPPED
3699,SO-0003699,55,2023-10-23,11,PARTIAL
3700,SO-0003700,73,2025-07-15,3,OPEN
3701,SO-0003701,43,2023-08-01,11,SHIPPED
3702,SO-0003702,45,2025-02-12,7,SHIPPED
3703,SO-0003703,13,2023-01-07,8,PARTIAL
3704,SO-0003704,45,2023-04-28,12,OPEN
3705,SO-0003705,12,2026-02-18,8,PARTIAL
3706,SO-0003706,69,2026-02-28,3,SHIPPED
3707,SO-0003707,55,2024-07-07,3,OPEN
3708,SO-0003708,57,2026-01-13,3,SHIPPED
3709,SO-0003709,46,2025-01-09,6,SHIPPED
3710,SO-0003710,58,2026-10-01,3,SHIPPED
3711,SO-0003711,19,2023-07-20,6,SHIPPED
3712,SO-0003712,38,2024-08-27,5,SHIPPED
3713,SO-0003713,22,2025-01-13,1,PARTIAL
3714,SO-0003714,22,2025-10-16,2,OPEN
3715,SO-0003715,34,2025-03-21,9,OPEN
3716,SO-0003716,23,2024-01-10,2,SHIPPED
3717,SO-0003717,66,2023-07-02,1,SHIPPED
3718,SO-0003718,25,2025-09-04,12,SHIPPED
3719,SO-0003719,5,2024-01-04,4,SHIPPED
3720,SO-0003720,59,2025-12-13,6,PARTIAL
3721,SO-0003721,33,2026-05-06,3,SHIPPED
3722,SO-0003722,68,2023-07-24,2,SHIPPED
3723,SO-0003723,48,2024-06-11,3,OPEN
3724,SO-0003724,56,2025-10-10,2,PARTIAL
3725,SO-0003725,75,2023-04-06,7,SHIPPED
3726,SO-0003726,54,2023-07-10,6,SHIPPED
3727,SO-0003727,50,2024-01-31,9,SHIPPED
3728,SO-0003728,8,2024-03-17,3,OPEN
3729,SO-0003729,63,2025-11-24,1,PARTIAL
3730,SO-0003730,33,2023-02-13,1,SHIPPED
3731,SO-0003731,60,2026-02-13,7,SHIPPED
3732,SO-0003732,4,2024-09-24,12,SHIPPED
3733,SO-0003733,64,2024-11-05,10,SHIPPED
3734,SO-0003734,71,2023-11-16,7,PARTIAL
3735,SO-0003735,1,2024-09-19,4,SHIPPED
3736,SO-0003736,61,2023-05-21,2,OPEN
3737,SO-0003737,39,2024-04-30,12,SHIPPED
3738,SO-0003738,39,2024-07-29,2,OPEN
3739,SO-0003739,64,2024-09-10,11,OPEN
3740,SO-0003740,24,2024-10-25,4,SHIPPED
3741,SO-0003741,66,2024-09-29,12,PARTIAL
3742,SO-0003742,58,2023-01-27,3,OPEN
3743,SO-0003743,25,2026-03-23,2,OPEN
3744,SO-0003744,23,2025-03-08,11,OPEN
3745,SO-0003745,56,2025-07-08,9,SHIPPED
3746,SO-0003746,1,2024-12-13,8,SHIPPED
3747,SO-0003747,76,2024-05-10,11,OPEN
3748,SO-0003748,69,2026-05-02,10,OPEN
3749,SO-0003749,55,2023-03-30,9,SHIPPED
3750,SO-0003750,23,2024-03-12,2,PARTIAL
3751,SO-0003751,35,2024-10-06,11,SHIPPED
3752,SO-0003752,7,2026-01-08,1,PARTIAL
3753,SO-0003753,23,2026-07-11,4,OPEN
3754,SO-0003754,66,2025-12-09,5,SHIPPED
3755,SO-0003755,40,2023-05-15,8,SHIPPED
3756,SO-0003756,33,2024-08-25,3,SHIPPED
3757,SO-0003757,57,2026-01-25,4,OPEN
3758,SO-0003758,37,2025-12-04,11,SHIPPED
3759,SO-0003759,40,2023-07-07,1,SHIPPED
3760,SO-0003760,80,2023-05-03,2,SHIPPED
3761,SO-0003761,2,2026-03-17,6,SHIPPED
3762,SO-0003762,1,2024-02-18,12,PARTIAL
3763,SO-0003763,35,2024-09-08,10,SHIPPED
3764,SO-0003764,38,2024-01-09,9,OPEN
3765,SO-0003765,21,2026-06-30,7,SHIPPED
3766,SO-0003766,9,2026-01-11,10,SHIPPED
3767,SO-0003767,21,2024-11-24,11,PARTIAL
3768,SO-0003768,2,2026-05-14,1,OPEN
3769,SO-0003769,58,2025-08-04,9,SHIPPED
3770,SO-0003770,75,2025-10-20,1,OPEN
3771,SO-0003771,37,2025-04-19,10,SHIPPED
3772,SO-0003772,40,2026-07-12,6,OPEN
3773,SO-0003773,39,2023-09-08,6,SHIPPED
3774,SO-0003774,67,2024-08-26,3,SHIPPED
3775,SO-0003775,37,2025-06-20,5,PARTIAL
3776,SO-0003776,30,2025-08-26,5,SHIPPED
3777,SO-0003777,36,2026-05-18,10,SHIPPED
3778,SO-0003778,59,2025-09-30,6,SHIPPED
3779,SO-0003779,45,2026-09-28,1,SHIPPED
3780,SO-0003780,30,2024-08-08,7,SHIPPED
3781,SO-0003781,36,2023-03-20,12,SHIPPED
3782,SO-0003782,12,2024-03-01,1,SHIPPED
3783,SO-0003783,41,2023-04-20,5,SHIPPED
3784,SO-0003784,22,2026-09-05,11,SHIPPED
3785,SO-0003785,40,2026-06-14,12,SHIPPED
3786,SO-0003786,59,2026-02-03,6,OPEN
3787,SO-0003787,73,2023-04-15,11,SHIPPED
3788,SO-0003788,24,2023-06-14,1,SHIPPED
3789,SO-0003789,65,2023-06-10,4,SHIPPED
3790,SO-0003790,40,2023-03-23,10,SHIPPED
3791,SO-0003791,65,2025-12-15,5,SHIPPED
3792,SO-0003792,29,2026-01-09,12,SHIPPED
3793,SO-0003793,75,2023-07-12,10,SHIPPED
3794,SO-0003794,43,2024-07-30,6,PARTIAL
3795,SO-0003795,11,2026-07-17,3,PARTIAL
3796,SO-0003796,70,2025-06-08,10,OPEN
3797,SO-0003797,46,2023-11-28,8,OPEN
3798,SO-0003798,16,2025-07-27,11,OPEN
3799,SO-0003799,15,2026-02-15,5,OPEN
3800,SO-0003800,52,2025-12-26,3,OPEN
3801,SO-0003801,38,2025-08-07,3,SHIPPED
3802,SO-0003802,35,2024-10-03,1,SHIPPED
3803,SO-0003803,52,2023-12-29,11,OPEN
3804,SO-0003804,41,2023-12-12,7,OPEN
3805,SO-0003805,78,2023-01-04,2,SHIPPED
3806,SO-0003806,45,2026-08-04,11,SHIPPED
3807,SO-0003807,55,2024-05-31,5,SHIPPED
3808,SO-0003808,79,2026-08-05,4,SHIPPED
3809,SO-0003809,46,2026-08-04,4,SHIPPED
3810,SO-0003810,68,2024-08-08,3,SHIPPED
3811,SO-0003811,39,2025-02-21,9,OPEN
3812,SO-0003812,15,2025-04-20,8,SHIPPED
3813,SO-0003813,49,2025-10-30,8,SHIPPED
3814,SO-0003814,48,2026-05-17,5,SHIPPED
3815,SO-0003815,45,2026-02-07,7,OPEN
3816,SO-0003816,40,2025-04-20,11,SHIPPED
3817,SO-0003817,76,2026-09-20,3,OPEN
3818,SO-0003818,73,2026-02-06,4,SHIPPED
3819,SO-0003819,12,2026-08-31,9,PARTIAL
3820,SO-0003820,35,2025-02-19,6,SHIPPED
3821,SO-0003821,33,2024-10-04,7,SHIPPED
3822,SO-0003822,63,2023-03-19,10,SHIPPED
3823,SO-0003823,26,2023-06-26,10,SHIPPED
3824,SO-0003824,24,2024-04-25,1,OPEN
3825,SO-0003825,42,2025-12-01,3,SHIPPED
3826,SO-0003826,74,2023-12-01,11,PARTIAL
3827,SO-0003827,68,2023-01-16,4,OPEN
3828,SO-0003828,37,2024-10-10,8,SHIPPED
3829,SO-0003829,52,2024-06-10,6,SHIPPED
3830,SO-0003830,50,2024-03-28,2,SHIPPED
3831,SO-0003831,60,2023-01-27,6,SHIPPED
3832,SO-0003832,3,2025-11-03,5,OPEN
3833,SO-0003833,41,2025-01-21,6,SHIPPED
3834,SO-0003834,38,2024-01-28,6,PARTIAL
3835,SO-0003835,19,2024-08-01,7,SHIPPED
3836,SO-0003836,11,2026-06-04,3,OPEN
3837,SO-0003837,40,2023-04-10,4,OPEN
3838,SO-0003838,77,2023-05-09,9,SHIPPED
3839,SO-0003839,58,2024-03-24,2,OPEN
3840,SO-0003840,63,2024-06-19,11,SHIPPED
3841,SO-0003841,44,2026-02-26,2,SHIPPED
3842,SO-0003842,68,2026-07-11,3,SHIPPED
3843,SO-0003843,33,2024-03-04,11,PARTIAL
3844,SO-0003844,2,2025-02-19,9,SHIPPED
3845,SO-0003845,14,2024-03-31,8,SHIPPED
3846,SO-0003846,76,2026-08-26,9,OPEN
3847,SO-0003847,76,2024-03-10,3,SHIPPED
3848,SO-0003848,6,2024-03-22,11,SHIPPED
3849,SO-0003849,21,2024-07-15,6,SHIPPED
3850,SO-0003850,5,2023-08-01,5,PARTIAL
3851,SO-0003851,53,2023-12-02,9,OPEN
3852,SO-0003852,42,2025-10-21,9,SHIPPED
3853,SO-0003853,36,2025-06-04,3,PARTIAL
3854,SO-0003854,74,2025-07-08,11,PARTIAL
3855,SO-0003855,56,2024-01-09,9,SHIPPED
3856,SO-0003856,63,2026-01-09,12,SHIPPED
3857,SO-0003857,57,2023-05-21,12,SHIPPED
3858,SO-0003858,37,2026-06-17,9,SHIPPED
3859,SO-0003859,37,2026-05-28,6,PARTIAL
3860,SO-0003860,63,2023-10-15,4,OPEN
3861,SO-0003861,55,2026-03-23,1,SHIPPED
3862,SO-0003862,51,2024-06-08,9,SHIPPED
3863,SO-0003863,24,2026-09-13,6,SHIPPED
3864,SO-0003864,33,2024-04-18,6,SHIPPED
3865,SO-0003865,68,2024-02-11,6,PARTIAL
3866,SO-0003866,16,2023-12-24,8,SHIPPED
3867,SO-0003867,72,2026-02-10,6,OPEN
3868,SO-0003868,52,2025-03-08,10,OPEN
3869,SO-0003869,66,2025-08-02,7,SHIPPED
3870,SO-0003870,74,2023-03-19,10,SHIPPED
3871,SO-0003871,4,2025-04-27,4,SHIPPED
3872,SO-0003872,6,2025-03-08,8,SHIPPED
3873,SO-0003873,10,2023-08-01,4,SHIPPED
3874,SO-0003874,7,2024-08-24,6,SHIPPED
3875,SO-0003875,11,2025-09-11,6,PARTIAL
3876,SO-0003876,25,2026-08-05,3,SHIPPED
3877,SO-0003877,50,2023-03-14,11,PARTIAL
3878,SO-0003878,21,2026-06-29,2,SHIPPED
3879,SO-0003879,40,2026-02-25,6,SHIPPED
3880,SO-0003880,9,2025-03-18,5,OPEN
3881,SO-0003881,62,2026-08-03,10,SHIPPED
3882,SO-0003882,45,2024-08-15,5,SHIPPED
3883,SO-0003883,48,2023-07-17,3,SHIPPED
3884,SO-0003884,79,2023-06-28,8,SHIPPED
3885,SO-0003885,23,2025-07-26,6,OPEN
3886,SO-0003886,29,2026-07-24,7,SHIPPED
3887,SO-0003887,61,2023-08-11,8,SHIPPED
3888,SO-0003888,33,2025-10-13,10,SHIPPED
3889,SO-0003889,18,2025-03-06,6,OPEN
3890,SO-0003890,6,2024-01-05,10,OPEN
3891,SO-0003891,51,2025-06-10,9,SHIPPED
3892,SO-0003892,62,2026-05-13,1,PARTIAL
3893,SO-0003893,76,2024-06-14,7,PARTIAL
3894,SO-0003894,7,2024-11-02,8,SHIPPED
3895,SO-0003895,59,2026-08-04,9,SHIPPED
3896,SO-0003896,65,2025-06-11,2,OPEN
3897,SO-0003897,62,2026-06-09,3,OPEN
3898,SO-0003898,33,2024-10-20,1,SHIPPED
3899,SO-0003899,13,2025-09-24,1,SHIPPED
3900,SO-0003900,29,2023-11-02,1,SHIPPED
3901,SO-0003901,46,2024-02-20,12,PARTIAL
3902,SO-0003902,50,2025-12-14,3,SHIPPED
3903,SO-0003903,23,2026-07-25,3,SHIPPED
3904,SO-0003904,7,2024-03-01,3,PARTIAL
3905,SO-0003905,24,2025-03-25,1,SHIPPED
3906,SO-0003906,69,2023-09-21,9,OPEN
3907,SO-0003907,22,2025-09-24,1,SHIPPED
3908,SO-0003908,63,2025-01-06,7,SHIPPED
3909,SO-0003909,10,2025-09-10,12,SHIPPED
3910,SO-0003910,53,2024-04-22,2,SHIPPED
3911,SO-0003911,43,2023-11-29,8,SHIPPED
3912,SO-0003912,22,2026-02-27,12,SHIPPED
3913,SO-0003913,37,2024-04-12,8,SHIPPED
3914,SO-0003914,47,2026-02-01,2,SHIPPED
3915,SO-0003915,7,2023-03-14,7,PARTIAL
3916,SO-0003916,24,2024-04-21,8,OPEN
3917,SO-0003917,64,2024-04-28,1,SHIPPED
3918,SO-0003918,79,2026-07-30,4,OPEN
3919,SO-0003919,64,2026-05-05,9,SHIPPED
3920,SO-0003920,44,2023-03-01,9,PARTIAL
3921,SO-0003921,15,2023-05-29,5,SHIPPED
3922,SO-0003922,76,2024-03-06,6,PARTIAL
3923,SO-0003923,60,2026-02-01,3,SHIPPED
3924,SO-0003924,9,2026-02-03,11,PARTIAL
3925,SO-0003925,8,2026-05-16,5,SHIPPED
3926,SO-0003926,65,2024-05-24,5,SHIPPED
3927,SO-0003927,23,2025-03-05,11,PARTIAL
3928,SO-0003928,34,2023-02-19,5,PARTIAL
3929,SO-0003929,20,2023-06-07,1,OPEN
3930,SO-0003930,29,2026-07-23,2,SHIPPED
3931,SO-0003931,51,2026-01-04,2,SHIPPED
3932,SO-0003932,31,2024-05-27,12,SHIPPED
3933,SO-0003933,57,2023-08-30,1,SHIPPED
3934,SO-0003934,2,2024-10-05,7,SHIPPED
3935,SO-0003935,45,2025-10-25,7,SHIPPED
3936,SO-0003936,41,2024-04-02,1,OPEN
3937,SO-0003937,21,2023-10-19,6,SHIPPED
3938,SO-0003938,12,2025-01-19,4,PARTIAL
3939,SO-0003939,72,2026-02-18,5,OPEN
3940,SO-0003940,47,2026-01-14,2,SHIPPED
3941,SO-0003941,23,2024-11-02,1,OPEN
3942,SO-0003942,5,2023-04-17,1,SHIPPED
3943,SO-0003943,47,2023-08-27,9,SHIPPED
3944,SO-0003944,31,2023-10-18,4,SHIPPED
3945,SO-0003945,12,2024-02-19,10,SHIPPED
3946,SO-0003946,46,2026-06-27,11,SHIPPED
3947,SO-0003947,6,2024-06-30,3,OPEN
3948,SO-0003948,30,2023-09-12,1,SHIPPED
3949,SO-0003949,11,2024-01-23,1,SHIPPED
3950,SO-0003950,78,2024-10-14,10,SHIPPED
3951,SO-0003951,9,2023-06-17,6,SHIPPED
3952,SO-0003952,30,2024-08-11,4,PARTIAL
3953,SO-0003953,45,2023-10-06,8,SHIPPED
3954,SO-0003954,36,2025-10-29,9,SHIPPED
3955,SO-0003955,73,2023-05-25,1,SHIPPED
3956,SO-0003956,43,2024-09-22,4,SHIPPED
3957,SO-0003957,42,2025-03-08,6,PARTIAL
3958,SO-0003958,26,2025-03-12,3,SHIPPED
3959,SO-0003959,64,2025-04-18,12,OPEN
3960,SO-0003960,69,2025-02-05,2,SHIPPED
3961,SO-0003961,47,2026-01-03,1,SHIPPED
3962,SO-0003962,31,2024-01-17,5,SHIPPED
3963,SO-0003963,62,2024-09-23,10,OPEN
3964,SO-0003964,68,2023-09-25,9,OPEN
3965,SO-0003965,11,2023-01-13,12,PARTIAL
3966,SO-0003966,72,2024-05-27,3,SHIPPED
3967,SO-0003967,7,2024-08-10,3,SHIPPED
3968,SO-0003968,29,2024-06-06,6,PARTIAL
3969,SO-0003969,10,2025-09-13,10,OPEN
3970,SO-0003970,57,2025-12-14,8,PARTIAL
3971,SO-0003971,74,2024-06-09,4,SHIPPED
3972,SO-0003972,56,2023-04-24,11,OPEN
3973,SO-0003973,54,2023-02-28,6,SHIPPED
3974,SO-0003974,56,2023-10-29,8,SHIPPED
3975,SO-0003975,28,2024-07-14,9,PARTIAL
3976,SO-0003976,31,2026-08-03,3,SHIPPED
3977,SO-0003977,30,2023-09-25,12,SHIPPED
3978,SO-0003978,60,2024-04-19,3,PARTIAL
3979,SO-0003979,3,2023-02-25,9,PARTIAL
3980,SO-0003980,57,2025-07-29,10,SHIPPED
3981,SO-0003981,54,2025-04-07,6,SHIPPED
3982,SO-0003982,37,2024-12-09,2,SHIPPED
3983,SO-0003983,46,2023-02-10,5,SHIPPED
3984,SO-0003984,51,2026-04-14,5,OPEN
3985,SO-0003985,6,2025-07-06,8,PARTIAL
3986,SO-0003986,54,2025-11-15,6,OPEN
3987,SO-0003987,78,2026-07-12,3,PARTIAL
3988,SO-0003988,5,2023-05-25,5,SHIPPED
3989,SO-0003989,49,2024-09-03,3,SHIPPED
3990,SO-0003990,61,2023-10-26,10,SHIPPED
3991,SO-0003991,27,2026-01-23,5,SHIPPED
3992,SO-0003992,39,2024-09-09,6,SHIPPED
3993,SO-0003993,19,2024-04-21,11,SHIPPED
3994,SO-0003994,50,2026-08-02,3,SHIPPED
3995,SO-0003995,33,2023-07-28,9,SHIPPED
3996,SO-0003996,63,2025-11-29,7,SHIPPED
3997,SO-0003997,11,2025-02-28,1,PARTIAL
3998,SO-0003998,47,2023-03-05,10,SHIPPED
3999,SO-0003999,64,2023-11-01,10,SHIPPED
4000,SO-0004000,43,2023-05-27,12,OPEN
4001,SO-0004001,51,2026-06-14,1,OPEN
4002,SO-0004002,30,2024-03-21,2,PARTIAL
4003,SO-0004003,21,2025-12-06,6,SHIPPED
4004,SO-0004004,55,2024-03-06,10,SHIPPED
4005,SO-0004005,38,2023-06-20,2,SHIPPED
4006,SO-0004006,14,2025-09-23,1,SHIPPED
4007,SO-0004007,14,2025-06-03,2,PARTIAL
4008,SO-0004008,1,2026-02-11,1,OPEN
4009,SO-0004009,38,2024-11-22,10,SHIPPED
4010,SO-0004010,79,2025-11-20,1,PARTIAL
4011,SO-0004011,1,2024-10-14,11,OPEN
4012,SO-0004012,51,2023-01-27,9,SHIPPED
4013,SO-0004013,38,2025-04-12,10,PARTIAL
4014,SO-0004014,35,2023-11-13,11,PARTIAL
4015,SO-0004015,66,2023-01-27,7,OPEN
4016,SO-0004016,44,2024-11-01,7,SHIPPED
4017,SO-0004017,32,2023-04-07,4,SHIPPED
4018,SO-0004018,7,2026-01-05,1,PARTIAL
4019,SO-0004019,31,2023-11-23,3,SHIPPED
4020,SO-0004020,14,2023-04-21,9,SHIPPED
4021,SO-0004021,62,2023-07-22,8,PARTIAL
4022,SO-0004022,42,2024-08-21,8,SHIPPED
4023,SO-0004023,44,2023-10-18,1,OPEN
4024,SO-0004024,14,2023-11-13,4,PARTIAL
4025,SO-0004025,66,2025-05-04,3,PARTIAL
4026,SO-0004026,20,2024-07-21,6,SHIPPED
4027,SO-0004027,42,2026-01-31,10,OPEN
4028,SO-0004028,10,2024-02-20,3,PARTIAL
4029,SO-0004029,66,2025-04-20,9,OPEN
4030,SO-0004030,18,2024-02-16,6,OPEN
4031,SO-0004031,67,2024-05-19,6,PARTIAL
4032,SO-0004032,19,2024-03-01,4,OPEN
4033,SO-0004033,14,2026-09-30,9,PARTIAL
4034,SO-0004034,32,2024-09-25,5,SHIPPED
4035,SO-0004035,64,2025-02-24,9,SHIPPED
4036,SO-0004036,76,2024-10-08,3,PARTIAL
4037,SO-0004037,63,2025-09-30,6,SHIPPED
4038,SO-0004038,70,2023-03-30,5,SHIPPED
4039,SO-0004039,9,2025-08-28,12,OPEN
4040,SO-0004040,10,2024-12-21,12,SHIPPED
4041,SO-0004041,7,2023-02-12,8,OPEN
4042,SO-0004042,4,2024-07-13,6,SHIPPED
4043,SO-0004043,22,2024-06-15,6,SHIPPED
4044,SO-0004044,75,2026-02-02,11,SHIPPED
4045,SO-0004045,9,2023-09-25,2,SHIPPED
4046,SO-0004046,1,2025-03-01,5,SHIPPED
4047,SO-0004047,26,2026-09-13,8,SHIPPED
4048,SO-0004048,51,2023-10-24,7,PARTIAL
4049,SO-0004049,63,2025-04-22,10,PARTIAL
4050,SO-0004050,38,2026-07-02,5,PARTIAL
4051,SO-0004051,79,2026-02-20,7,SHIPPED
4052,SO-0004052,21,2023-05-18,8,SHIPPED
4053,SO-0004053,69,2025-09-24,3,OPEN
4054,SO-0004054,78,2024-04-08,6,OPEN
4055,SO-0004055,35,2024-09-22,10,SHIPPED
4056,SO-0004056,27,2023-03-09,5,PARTIAL
4057,SO-0004057,20,2024-09-10,9,OPEN
4058,SO-0004058,15,2024-09-02,5,PARTIAL
4059,SO-0004059,8,2024-12-03,2,PARTIAL
4060,SO-0004060,71,2025-11-27,7,PARTIAL
4061,SO-0004061,75,2023-09-21,7,SHIPPED
4062,SO-0004062,22,2023-10-24,8,PARTIAL
4063,SO-0004063,80,2025-01-18,7,SHIPPED
4064,SO-0004064,62,2025-03-10,12,SHIPPED
4065,SO-0004065,32,2024-08-30,1,SHIPPED
4066,SO-0004066,30,2025-08-22,6,SHIPPED
4067,SO-0004067,43,2026-07-22,11,SHIPPED
4068,SO-0004068,61,2026-08-30,9,OPEN
4069,SO-0004069,3,2023-12-23,9,SHIPPED
4070,SO-0004070,46,2026-08-04,5,SHIPPED
4071,SO-0004071,67,2024-12-10,8,SHIPPED
4072,SO-0004072,47,2025-10-30,7,OPEN
4073,SO-0004073,9,2025-05-15,5,SHIPPED
4074,SO-0004074,50,2023-04-13,1,PARTIAL
4075,SO-0004075,32,2026-02-12,12,PARTIAL
4076,SO-0004076,7,2024-03-16,12,SHIPPED
4077,SO-0004077,13,2023-08-27,12,SHIPPED
4078,SO-0004078,35,2023-09-23,11,PARTIAL
4079,SO-0004079,14,2025-12-12,3,PARTIAL
4080,SO-0004080,77,2025-07-06,5,PARTIAL
4081,SO-0004081,80,2026-08-13,10,PARTIAL
4082,SO-0004082,11,2026-06-17,12,SHIPPED
4083,SO-0004083,17,2025-10-16,12,OPEN
4084,SO-0004084,17,2023-02-02,1,SHIPPED
4085,SO-0004085,44,2023-09-19,8,OPEN
4086,SO-0004086,21,2024-08-10,12,SHIPPED
4087,SO-0004087,17,2024-10-01,3,PARTIAL
4088,SO-0004088,43,2025-01-29,2,SHIPPED
4089,SO-0004089,2,2023-10-07,12,SHIPPED
4090,SO-0004090,14,2026-01-30,10,PARTIAL
4091,SO-0004091,39,2025-12-18,12,SHIPPED
4092,SO-0004092,71,2025-02-06,8,OPEN
4093,SO-0004093,69,2025-01-18,9,SHIPPED
4094,SO-0004094,13,2024-06-27,12,SHIPPED
4095,SO-0004095,38,2023-04-06,3,OPEN
4096,SO-0004096,77,2026-03-23,3,SHIPPED
4097,SO-0004097,50,2024-02-06,1,PARTIAL
4098,SO-0004098,16,2026-05-14,3,SHIPPED
4099,SO-0004099,28,2024-01-08,8,SHIPPED
4100,SO-0004100,44,2024-05-04,8,OPEN
4101,SO-0004101,52,2025-08-19,10,SHIPPED
4102,SO-0004102,32,2023-05-08,11,SHIPPED
4103,SO-0004103,41,2023-12-04,3,SHIPPED
4104,SO-0004104,58,2025-02-07,8,SHIPPED
4105,SO-0004105,74,2026-05-23,11,SHIPPED
4106,SO-0004106,7,2023-10-06,5,SHIPPED
4107,SO-0004107,52,2023-06-19,9,PARTIAL
4108,SO-0004108,14,2026-09-03,11,SHIPPED
4109,SO-0004109,1,2023-04-06,4,SHIPPED
4110,SO-0004110,20,2023-04-25,8,PARTIAL
4111,SO-0004111,72,2024-12-15,10,OPEN
4112,SO-0004112,75,2024-09-22,7,PARTIAL
4113,SO-0004113,52,2023-01-17,6,OPEN
4114,SO-0004114,21,2023-11-06,8,SHIPPED
4115,SO-0004115,47,2023-03-05,1,OPEN
4116,SO-0004116,58,2025-05-20,5,SHIPPED
4117,SO-0004117,67,2025-03-14,3,PARTIAL
4118,SO-0004118,3,2024-08-06,8,PARTIAL
4119,SO-0004119,58,2026-09-01,9,OPEN
4120,SO-0004120,11,2023-08-13,2,PARTIAL
4121,SO-0004121,42,2023-09-18,2,SHIPPED
4122,SO-0004122,45,2023-12-31,10,OPEN
4123,SO-0004123,26,2025-05-11,12,SHIPPED
4124,SO-0004124,77,2025-04-23,8,SHIPPED
4125,SO-0004125,47,2023-12-12,12,PARTIAL
4126,SO-0004126,53,2025-05-19,3,SHIPPED
4127,SO-0004127,4,2026-07-26,6,SHIPPED
4128,SO-0004128,34,2023-01-21,6,OPEN
4129,SO-0004129,24,2023-05-08,7,SHIPPED
4130,SO-0004130,57,2023-06-23,4,OPEN
4131,SO-0004131,4,2024-05-29,1,SHIPPED
4132,SO-0004132,18,2025-06-23,2,SHIPPED
4133,SO-0004133,31,2024-01-20,6,SHIPPED
4134,SO-0004134,40,2025-10-04,11,SHIPPED
4135,SO-0004135,22,2025-05-26,7,SHIPPED
4136,SO-0004136,33,2024-09-02,6,PARTIAL
4137,SO-0004137,20,2026-05-01,9,SHIPPED
4138,SO-0004138,29,2025-07-31,6,PARTIAL
4139,SO-0004139,1,2024-08-25,11,SHIPPED
4140,SO-0004140,76,2025-06-22,1,SHIPPED
4141,SO-0004141,43,2024-09-20,5,PARTIAL
4142,SO-0004142,67,2023-08-12,11,SHIPPED
4143,SO-0004143,75,2023-02-22,3,SHIPPED
4144,SO-0004144,74,2025-06-24,3,SHIPPED
4145,SO-0004145,36,2025-09-06,2,SHIPPED
4146,SO-0004146,28,2025-02-03,6,SHIPPED
4147,SO-0004147,66,2024-05-17,10,SHIPPED
4148,SO-0004148,37,2023-10-23,8,PARTIAL
4149,SO-0004149,45,2024-06-16,6,SHIPPED
4150,SO-0004150,29,2026-04-05,6,SHIPPED
4151,SO-0004151,4,2023-04-13,1,SHIPPED
4152,SO-0004152,24,2025-09-13,1,SHIPPED
4153,SO-0004153,30,2024-11-09,7,SHIPPED
4154,SO-0004154,48,2026-05-30,6,SHIPPED
4155,SO-0004155,70,2024-05-08,1,PARTIAL
4156,SO-0004156,55,2025-10-19,8,OPEN
4157,SO-0004157,80,2025-10-05,12,SHIPPED
4158,SO-0004158,73,2023-02-07,3,SHIPPED
4159,SO-0004159,68,2025-01-01,9,SHIPPED
4160,SO-0004160,7,2025-06-18,3,SHIPPED
4161,SO-0004161,28,2025-02-22,4,SHIPPED
4162,SO-0004162,59,2026-04-19,4,SHIPPED
4163,SO-0004163,7,2023-02-27,9,SHIPPED
4164,SO-0004164,51,2026-01-18,3,OPEN
4165,SO-0004165,24,2023-04-22,11,SHIPPED
4166,SO-0004166,64,2025-04-18,8,SHIPPED
4167,SO-0004167,3,2026-06-04,10,SHIPPED
4168,SO-0004168,53,2025-03-17,10,SHIPPED
4169,SO-0004169,28,2023-12-20,4,OPEN
4170,SO-0004170,47,2024-07-26,5,PARTIAL
4171,SO-0004171,47,2023-10-16,1,SHIPPED
4172,SO-0004172,53,2025-03-05,9,OPEN
4173,SO-0004173,59,2024-09-17,3,SHIPPED
4174,SO-0004174,8,2024-05-25,10,OPEN
4175,SO-0004175,62,2024-12-20,9,SHIPPED
4176,SO-0004176,33,2024-01-30,2,SHIPPED
4177,SO-0004177,58,2023-02-20,4,SHIPPED
4178,SO-0004178,72,2026-07-02,2,OPEN
4179,SO-0004179,23,2025-09-28,10,PARTIAL
4180,SO-0004180,57,2025-01-29,2,SHIPPED
4181,SO-0004181,17,2024-06-04,8,SHIPPED
4182,SO-0004182,79,2024-12-29,7,SHIPPED
4183,SO-0004183,76,2025-09-05,5,SHIPPED
4184,SO-0004184,70,2023-02-11,4,SHIPPED
4185,SO-0004185,39,2026-04-07,11,PARTIAL
4186,SO-0004186,27,2023-07-09,10,SHIPPED
4187,SO-0004187,31,2025-05-13,3,SHIPPED
4188,SO-0004188,75,2025-09-04,9,SHIPPED
4189,SO-0004189,5,2026-01-19,7,SHIPPED
4190,SO-0004190,56,2026-04-17,11,SHIPPED
4191,SO-0004191,29,2026-04-03,12,PARTIAL
4192,SO-0004192,27,2024-12-11,4,SHIPPED
4193,SO-0004193,17,2025-03-07,8,OPEN
4194,SO-0004194,55,2025-09-23,6,SHIPPED
4195,SO-0004195,4,2023-10-16,3,SHIPPED
4196,SO-0004196,2,2023-12-01,11,SHIPPED
4197,SO-0004197,79,2026-03-09,9,SHIPPED
4198,SO-0004198,64,2024-06-29,7,SHIPPED
4199,SO-0004199,59,2025-09-30,3,OPEN
4200,SO-0004200,18,2024-07-24,6,SHIPPED
4201,SO-0004201,32,2026-07-31,6,SHIPPED
4202,SO-0004202,14,2025-07-26,10,SHIPPED
4203,SO-0004203,59,2024-04-20,7,PARTIAL
4204,SO-0004204,77,2023-01-23,7,SHIPPED
4205,SO-0004205,54,2025-03-15,3,SHIPPED
4206,SO-0004206,26,2026-04-10,3,SHIPPED
4207,SO-0004207,18,2024-07-06,8,OPEN
4208,SO-0004208,67,2025-06-21,9,PARTIAL
4209,SO-0004209,72,2024-11-14,10,PARTIAL
4210,SO-0004210,50,2023-06-12,7,OPEN
4211,SO-0004211,43,2023-01-26,12,SHIPPED
4212,SO-0004212,63,2025-02-03,8,SHIPPED
4213,SO-0004213,56,2023-11-28,2,PARTIAL
4214,SO-0004214,23,2024-04-25,12,PARTIAL
4215,SO-0004215,58,2023-04-06,1,SHIPPED
4216,SO-0004216,17,2024-02-24,8,OPEN
4217,SO-0004217,11,2023-10-27,5,PARTIAL
4218,SO-0004218,69,2025-01-19,8,PARTIAL
4219,SO-0004219,3,2026-06-12,7,PARTIAL
4220,SO-0004220,33,2023-07-31,5,SHIPPED
4221,SO-0004221,10,2023-02-06,11,SHIPPED
4222,SO-0004222,31,2023-09-13,8,OPEN
4223,SO-0004223,17,2026-07-24,4,SHIPPED
4224,SO-0004224,2,2023-02-22,11,PARTIAL
4225,SO-0004225,24,2023-07-02,12,SHIPPED
4226,SO-0004226,53,2026-01-10,12,SHIPPED
4227,SO-0004227,62,2024-08-09,9,OPEN
4228,SO-0004228,56,2024-08-29,7,SHIPPED
4229,SO-0004229,7,2023-03-30,10,SHIPPED
4230,SO-0004230,44,2025-01-03,10,SHIPPED
4231,SO-0004231,54,2026-07-14,9,SHIPPED
4232,SO-0004232,74,2026-08-23,1,SHIPPED
4233,SO-0004233,5,2023-11-06,9,OPEN
4234,SO-0004234,36,2026-03-25,10,SHIPPED
4235,SO-0004235,71,2023-05-01,10,PARTIAL
4236,SO-0004236,77,2023-09-04,11,SHIPPED
4237,SO-0004237,51,2026-08-04,2,PARTIAL
4238,SO-0004238,66,2025-06-10,8,SHIPPED
4239,SO-0004239,50,2026-06-27,8,PARTIAL
4240,SO-0004240,45,2024-02-06,3,OPEN
4241,SO-0004241,30,2025-11-05,11,SHIPPED
4242,SO-0004242,75,2026-01-21,7,SHIPPED
4243,SO-0004243,31,2024-03-23,12,OPEN
4244,SO-0004244,19,2024-08-14,9,PARTIAL
4245,SO-0004245,27,2023-05-23,5,OPEN
4246,SO-0004246,51,2026-07-02,2,PARTIAL
4247,SO-0004247,12,2026-01-20,12,OPEN
4248,SO-0004248,22,2023-05-06,11,SHIPPED
4249,SO-0004249,19,2026-04-25,8,PARTIAL
4250,SO-0004250,38,2024-06-16,2,SHIPPED
4251,SO-0004251,53,2023-01-06,4,SHIPPED
4252,SO-0004252,18,2023-09-19,1,SHIPPED
4253,SO-0004253,44,2025-11-01,11,OPEN
4254,SO-0004254,16,2025-12-14,11,SHIPPED
4255,SO-0004255,52,2026-06-23,2,OPEN
4256,SO-0004256,10,2023-12-02,2,SHIPPED
4257,SO-0004257,2,2023-08-19,10,PARTIAL
4258,SO-0004258,41,2026-04-25,9,SHIPPED
4259,SO-0004259,16,2025-04-24,8,SHIPPED
4260,SO-0004260,51,2025-09-22,6,SHIPPED
4261,SO-0004261,6,2024-07-06,7,SHIPPED
4262,SO-0004262,43,2024-02-16,12,SHIPPED
4263,SO-0004263,41,2026-07-08,9,SHIPPED
4264,SO-0004264,78,2023-02-08,10,OPEN
4265,SO-0004265,47,2023-10-13,3,PARTIAL
4266,SO-0004266,51,2026-02-08,11,OPEN
4267,SO-0004267,48,2024-06-12,12,SHIPPED
4268,SO-0004268,44,2026-01-04,10,SHIPPED
4269,SO-0004269,22,2023-09-21,6,SHIPPED
4270,SO-0004270,45,2023-03-10,6,SHIPPED
4271,SO-0004271,54,2025-11-29,3,SHIPPED
4272,SO-0004272,45,2024-05-08,1,OPEN
4273,SO-0004273,78,2026-02-10,1,SHIPPED
4274,SO-0004274,76,2023-12-29,4,SHIPPED
4275,SO-0004275,1,2026-07-23,11,SHIPPED
4276,SO-0004276,47,2023-07-10,6,PARTIAL
4277,SO-0004277,16,2025-07-07,1,PARTIAL
4278,SO-0004278,61,2023-07-08,4,PARTIAL
4279,SO-0004279,50,2026-02-19,10,OPEN
4280,SO-0004280,76,2026-02-03,4,PARTIAL
4281,SO-0004281,54,2026-08-11,11,SHIPPED
4282,SO-0004282,68,2023-06-26,11,OPEN
4283,SO-0004283,50,2023-08-24,7,PARTIAL
4284,SO-0004284,39,2023-10-20,6,SHIPPED
4285,SO-0004285,45,2024-09-12,5,SHIPPED
4286,SO-0004286,30,2024-10-23,8,PARTIAL
4287,SO-0004287,31,2025-08-29,5,OPEN
4288,SO-0004288,72,2026-06-30,12,PARTIAL
4289,SO-0004289,28,2026-08-12,9,SHIPPED
4290,SO-0004290,20,2024-06-26,8,SHIPPED
4291,SO-0004291,49,2025-03-03,6,SHIPPED
4292,SO-0004292,8,2024-10-12,8,SHIPPED
4293,SO-0004293,15,2025-12-13,1,SHIPPED
4294,SO-0004294,18,2023-06-28,10,SHIPPED
4295,SO-0004295,9,2026-07-23,6,SHIPPED
4296,SO-0004296,54,2025-11-10,3,OPEN
4297,SO-0004297,79,2024-06-06,1,PARTIAL
4298,SO-0004298,25,2025-03-05,1,OPEN
4299,SO-0004299,32,2026-01-19,11,SHIPPED
4300,SO-0004300,36,2024-03-09,11,OPEN
4301,SO-0004301,50,2026-06-17,3,SHIPPED
4302,SO-0004302,48,2023-02-12,2,SHIPPED
4303,SO-0004303,43,2025-08-18,10,SHIPPED
4304,SO-0004304,78,2024-07-28,6,SHIPPED
4305,SO-0004305,34,2023-02-20,3,SHIPPED
4306,SO-0004306,78,2026-02-16,2,PARTIAL
4307,SO-0004307,73,2023-01-21,3,SHIPPED
4308,SO-0004308,45,2024-05-05,4,SHIPPED
4309,SO-0004309,45,2024-03-31,9,PARTIAL
4310,SO-0004310,79,2024-02-29,9,SHIPPED
4311,SO-0004311,74,2023-06-24,10,SHIPPED
4312,SO-0004312,51,2023-06-22,1,SHIPPED
4313,SO-0004313,26,2025-02-11,2,PARTIAL
4314,SO-0004314,19,2026-03-04,6,SHIPPED
4315,SO-0004315,18,2023-03-18,11,SHIPPED
4316,SO-0004316,50,2026-05-18,4,SHIPPED
4317,SO-0004317,20,2025-03-29,8,SHIPPED
4318,SO-0004318,42,2024-07-02,5,SHIPPED
4319,SO-0004319,15,2023-02-28,4,SHIPPED
4320,SO-0004320,64,2024-05-23,10,SHIPPED
4321,SO-0004321,46,2023-02-03,3,SHIPPED
4322,SO-0004322,43,2026-09-03,10,SHIPPED
4323,SO-0004323,80,2023-08-25,10,SHIPPED
4324,SO-0004324,47,2024-11-01,6,SHIPPED
4325,SO-0004325,41,2023-12-18,6,SHIPPED
4326,SO-0004326,18,2026-09-11,3,SHIPPED
4327,SO-0004327,26,2023-09-10,11,SHIPPED
4328,SO-0004328,17,2026-02-22,3,SHIPPED
4329,SO-0004329,41,2025-02-17,4,PARTIAL
4330,SO-0004330,45,2025-06-20,4,SHIPPED
4331,SO-0004331,58,2024-10-24,5,OPEN
4332,SO-0004332,53,2026-01-28,12,SHIPPED
4333,SO-0004333,14,2023-10-25,8,SHIPPED
4334,SO-0004334,1,2023-05-04,1,PARTIAL
4335,SO-0004335,28,2026-04-15,6,OPEN
4336,SO-0004336,14,2024-02-26,5,SHIPPED
4337,SO-0004337,72,2023-02-17,2,PARTIAL
4338,SO-0004338,64,2025-12-18,9,SHIPPED
4339,SO-0004339,76,2026-08-21,1,SHIPPED
4340,SO-0004340,24,2025-06-09,3,SHIPPED
4341,SO-0004341,76,2026-04-23,6,OPEN
4342,SO-0004342,51,2026-06-29,10,SHIPPED
4343,SO-0004343,31,2026-07-01,7,PARTIAL
4344,SO-0004344,8,2025-08-18,1,SHIPPED
4345,SO-0004345,59,2026-09-11,9,OPEN
4346,SO-0004346,68,2025-06-15,10,SHIPPED
4347,SO-0004347,3,2026-04-02,8,SHIPPED
4348,SO-0004348,27,2023-07-02,9,OPEN
4349,SO-0004349,41,2025-06-14,9,SHIPPED
4350,SO-0004350,12,2026-06-01,1,SHIPPED
4351,SO-0004351,50,2024-06-26,2,SHIPPED
4352,SO-0004352,33,2023-03-20,5,PARTIAL
4353,SO-0004353,41,2026-09-10,6,SHIPPED
4354,SO-0004354,43,2026-07-31,12,SHIPPED
4355,SO-0004355,28,2025-03-28,6,OPEN
4356,SO-0004356,51,2023-06-26,6,SHIPPED
4357,SO-0004357,38,2025-03-26,7,PARTIAL
4358,SO-0004358,45,2023-01-08,12,SHIPPED
4359,SO-0004359,27,2023-07-21,12,SHIPPED
4360,SO-0004360,9,2025-02-04,12,SHIPPED
4361,SO-0004361,54,2026-06-17,3,SHIPPED
4362,SO-0004362,60,2026-01-11,7,SHIPPED
4363,SO-0004363,12,2026-03-23,4,SHIPPED
4364,SO-0004364,10,2023-06-26,7,SHIPPED
4365,SO-0004365,45,2023-09-07,6,SHIPPED
4366,SO-0004366,3,2025-10-25,2,SHIPPED
4367,SO-0004367,62,2026-08-17,9,SHIPPED
4368,SO-0004368,6,2025-10-08,4,SHIPPED
4369,SO-0004369,56,2025-01-13,5,PARTIAL
4370,SO-0004370,78,2024-08-23,1,SHIPPED
4371,SO-0004371,1,2023-10-11,9,SHIPPED
4372,SO-0004372,17,2023-05-28,4,SHIPPED
4373,SO-0004373,52,2025-12-09,12,SHIPPED
4374,SO-0004374,55,2026-05-24,11,OPEN
4375,SO-0004375,45,2026-01-30,2,SHIPPED
4376,SO-0004376,22,2025-05-04,3,OPEN
4377,SO-0004377,78,2024-11-03,11,SHIPPED
4378,SO-0004378,51,2025-01-03,10,SHIPPED
4379,SO-0004379,53,2025-10-19,2,OPEN
4380,SO-0004380,23,2025-03-25,12,OPEN
4381,SO-0004381,37,2023-02-04,12,SHIPPED
4382,SO-0004382,20,2026-04-10,2,SHIPPED
4383,SO-0004383,7,2026-02-16,4,SHIPPED
4384,SO-0004384,68,2025-10-09,10,SHIPPED
4385,SO-0004385,21,2025-07-29,10,OPEN
4386,SO-0004386,69,2023-05-18,2,OPEN
4387,SO-0004387,29,2025-05-31,12,SHIPPED
4388,SO-0004388,8,2026-04-17,1,OPEN
4389,SO-0004389,44,2025-01-16,4,SHIPPED
4390,SO-0004390,6,2023-07-29,12,SHIPPED
4391,SO-0004391,11,2023-12-08,5,PARTIAL
4392,SO-0004392,53,2023-07-26,5,OPEN
4393,SO-0004393,12,2024-09-27,11,PARTIAL
4394,SO-0004394,25,2026-08-11,6,OPEN
4395,SO-0004395,6,2023-04-04,4,OPEN
4396,SO-0004396,13,2023-09-17,4,SHIPPED
4397,SO-0004397,9,2023-05-12,6,SHIPPED
4398,SO-0004398,11,2023-08-13,8,SHIPPED
4399,SO-0004399,78,2024-11-30,3,SHIPPED
4400,SO-0004400,76,2025-03-01,5,SHIPPED
4401,SO-0004401,69,2026-06-01,11,SHIPPED
4402,SO-0004402,59,2023-08-27,4,OPEN
4403,SO-0004403,69,2023-10-04,1,OPEN
4404,SO-0004404,74,2026-06-11,12,SHIPPED
4405,SO-0004405,71,2023-04-16,9,PARTIAL
4406,SO-0004406,47,2023-11-16,2,SHIPPED
4407,SO-0004407,38,2025-10-18,1,SHIPPED
4408,SO-0004408,13,2024-10-13,1,SHIPPED
4409,SO-0004409,55,2025-03-29,7,OPEN
4410,SO-0004410,50,2025-10-23,8,PARTIAL
4411,SO-0004411,35,2025-10-03,2,SHIPPED
4412,SO-0004412,17,2024-12-11,11,PARTIAL
4413,SO-0004413,8,2024-06-01,8,SHIPPED
4414,SO-0004414,29,2026-02-02,9,SHIPPED
4415,SO-0004415,55,2023-12-16,9,OPEN
4416,SO-0004416,6,2024-05-18,11,SHIPPED
4417,SO-0004417,48,2025-01-22,5,SHIPPED
4418,SO-0004418,49,2025-01-13,12,SHIPPED
4419,SO-0004419,45,2026-01-17,4,PARTIAL
4420,SO-0004420,78,2024-05-01,5,SHIPPED
4421,SO-0004421,31,2026-01-28,1,SHIPPED
4422,SO-0004422,69,2024-10-08,5,SHIPPED
4423,SO-0004423,16,2025-06-27,10,SHIPPED
4424,SO-0004424,63,2024-11-13,8,PARTIAL
4425,SO-0004425,75,2026-05-04,8,SHIPPED
4426,SO-0004426,19,2026-03-27,3,SHIPPED
4427,SO-0004427,44,2026-07-24,6,SHIPPED
4428,SO-0004428,54,2023-06-23,6,PARTIAL
4429,SO-0004429,7,2026-05-30,11,SHIPPED
4430,SO-0004430,41,2025-05-06,5,OPEN
4431,SO-0004431,67,2024-10-28,1,SHIPPED
4432,SO-0004432,11,2023-09-22,9,SHIPPED
4433,SO-0004433,23,2026-06-26,2,PARTIAL
4434,SO-0004434,62,2025-10-24,5,SHIPPED
4435,SO-0004435,39,2023-08-11,11,SHIPPED
4436,SO-0004436,61,2023-02-18,4,SHIPPED
4437,SO-0004437,51,2023-07-08,11,SHIPPED
4438,SO-0004438,29,2026-10-01,2,OPEN
4439,SO-0004439,5,2026-05-13,12,SHIPPED
4440,SO-0004440,12,2026-01-31,6,SHIPPED
4441,SO-0004441,21,2023-12-12,9,SHIPPED
4442,SO-0004442,32,2025-10-15,5,SHIPPED
4443,SO-0004443,15,2025-04-18,3,SHIPPED
4444,SO-0004444,37,2023-02-21,12,PARTIAL
4445,SO-0004445,56,2023-07-11,6,SHIPPED
4446,SO-0004446,39,2023-02-17,11,PARTIAL
4447,SO-0004447,43,2023-01-17,9,SHIPPED
4448,SO-0004448,9,2026-01-04,10,SHIPPED
4449,SO-0004449,52,2025-02-24,9,SHIPPED
4450,SO-0004450,33,2025-10-20,9,OPEN
4451,SO-0004451,71,2025-07-03,11,PARTIAL
4452,SO-0004452,79,2023-12-22,1,SHIPPED
4453,SO-0004453,80,2023-02-06,2,SHIPPED
4454,SO-0004454,52,2025-02-21,6,OPEN
4455,SO-0004455,35,2026-05-25,5,SHIPPED
4456,SO-0004456,27,2024-02-22,10,SHIPPED
4457,SO-0004457,49,2025-03-20,3,PARTIAL
4458,SO-0004458,65,2024-06-14,2,SHIPPED
4459,SO-0004459,16,2026-06-19,2,SHIPPED
4460,SO-0004460,54,2023-03-20,12,SHIPPED
4461,SO-0004461,7,2024-01-29,2,SHIPPED
4462,SO-0004462,33,2025-04-01,5,SHIPPED
4463,SO-0004463,7,2025-09-20,9,SHIPPED
4464,SO-0004464,33,2024-12-23,9,SHIPPED
4465,SO-0004465,64,2024-02-27,8,PARTIAL
4466,SO-0004466,61,2024-11-13,10,SHIPPED
4467,SO-0004467,2,2023-02-05,9,SHIPPED
4468,SO-0004468,8,2025-06-25,2,PARTIAL
4469,SO-0004469,54,2025-09-20,12,SHIPPED
4470,SO-0004470,44,2026-01-14,4,OPEN
4471,SO-0004471,11,2025-06-28,1,OPEN
4472,SO-0004472,58,2023-03-22,10,PARTIAL
4473,SO-0004473,56,2026-02-26,10,SHIPPED
4474,SO-0004474,68,2023-05-17,7,SHIPPED
4475,SO-0004475,8,2024-02-21,9,OPEN
4476,SO-0004476,63,2024-07-30,2,SHIPPED
4477,SO-0004477,6,2023-02-25,10,OPEN
4478,SO-0004478,30,2023-06-06,6,SHIPPED
4479,SO-0004479,19,2026-03-09,12,OPEN
4480,SO-0004480,22,2025-10-25,7,PARTIAL
4481,SO-0004481,51,2026-07-29,4,SHIPPED
4482,SO-0004482,42,2026-06-11,7,SHIPPED
4483,SO-0004483,68,2024-12-13,1,SHIPPED
4484,SO-0004484,67,2026-08-07,10,SHIPPED
4485,SO-0004485,50,2024-09-27,1,OPEN
4486,SO-0004486,4,2025-12-01,4,SHIPPED
4487,SO-0004487,19,2024-04-23,1,SHIPPED
4488,SO-0004488,43,2023-06-24,9,SHIPPED
4489,SO-0004489,69,2024-05-19,6,SHIPPED
4490,SO-0004490,75,2023-06-06,7,PARTIAL
4491,SO-0004491,68,2026-04-19,5,PARTIAL
4492,SO-0004492,39,2025-12-02,7,SHIPPED
4493,SO-0004493,59,2025-07-26,12,SHIPPED
4494,SO-0004494,16,2024-02-25,10,SHIPPED
4495,SO-0004495,33,2025-07-04,5,SHIPPED
4496,SO-0004496,33,2023-07-15,3,SHIPPED
4497,SO-0004497,17,2023-07-03,11,PARTIAL
4498,SO-0004498,21,2025-09-04,11,SHIPPED
4499,SO-0004499,19,2024-12-28,9,PARTIAL
4500,SO-0004500,15,2026-05-29,7,OPEN
4501,SO-0004501,16,2024-12-16,5,OPEN
4502,SO-0004502,52,2025-04-03,4,SHIPPED
4503,SO-0004503,76,2024-04-13,1,SHIPPED
4504,SO-0004504,44,2025-04-27,12,PARTIAL
4505,SO-0004505,77,2025-06-01,2,PARTIAL
4506,SO-0004506,77,2023-09-03,3,PARTIAL
4507,SO-0004507,78,2025-04-01,4,SHIPPED
4508,SO-0004508,26,2023-07-02,5,SHIPPED
4509,SO-0004509,40,2023-05-04,12,SHIPPED
4510,SO-0004510,4,2024-07-10,2,SHIPPED
4511,SO-0004511,44,2025-01-23,3,SHIPPED
4512,SO-0004512,63,2023-08-17,11,SHIPPED
4513,SO-0004513,8,2024-08-31,6,OPEN
4514,SO-0004514,65,2025-08-29,7,OPEN
4515,SO-0004515,78,2023-10-07,6,PARTIAL
4516,SO-0004516,78,2025-11-17,9,SHIPPED
4517,SO-0004517,50,2023-03-10,2,PARTIAL
4518,SO-0004518,55,2023-05-16,10,SHIPPED
4519,SO-0004519,53,2026-07-18,3,SHIPPED
4520,SO-0004520,48,2026-08-07,6,SHIPPED
4521,SO-0004521,2,2024-04-26,7,SHIPPED
4522,SO-0004522,16,2023-02-26,2,SHIPPED
4523,SO-0004523,40,2024-01-16,7,SHIPPED
4524,SO-0004524,24,2026-09-23,11,SHIPPED
4525,SO-0004525,79,2023-05-16,3,SHIPPED
4526,SO-0004526,55,2025-03-05,8,SHIPPED
4527,SO-0004527,20,2025-10-05,12,SHIPPED
4528,SO-0004528,74,2025-04-05,3,SHIPPED
4529,SO-0004529,45,2023-04-09,9,SHIPPED
4530,SO-0004530,9,2026-01-01,6,SHIPPED
4531,SO-0004531,44,2024-07-10,3,SHIPPED
4532,SO-0004532,5,2025-04-27,3,OPEN
4533,SO-0004533,21,2025-08-19,9,OPEN
4534,SO-0004534,64,2023-11-03,4,PARTIAL
4535,SO-0004535,35,2026-02-23,3,SHIPPED
4536,SO-0004536,36,2025-03-04,3,SHIPPED
4537,SO-0004537,4,2023-08-31,12,SHIPPED
4538,SO-0004538,38,2026-08-15,12,PARTIAL
4539,SO-0004539,27,2023-02-17,11,PARTIAL
4540,SO-0004540,75,2025-06-03,1,SHIPPED
4541,SO-0004541,50,2024-09-14,7,SHIPPED
4542,SO-0004542,75,2023-07-01,12,SHIPPED
4543,SO-0004543,74,2023-04-11,3,OPEN
4544,SO-0004544,79,2026-05-02,9,PARTIAL
4545,SO-0004545,65,2023-04-17,8,SHIPPED
4546,SO-0004546,32,2025-09-24,12,PARTIAL
4547,SO-0004547,60,2024-05-20,7,OPEN
4548,SO-0004548,54,2024-06-03,3,SHIPPED
4549,SO-0004549,18,2023-02-15,1,PARTIAL
4550,SO-0004550,60,2025-06-25,4,SHIPPED
4551,SO-0004551,34,2024-04-22,9,PARTIAL
4552,SO-0004552,21,2023-04-09,7,PARTIAL
4553,SO-0004553,10,2024-09-23,12,OPEN
4554,SO-0004554,50,2024-06-13,9,OPEN
4555,SO-0004555,42,2025-05-08,10,PARTIAL
4556,SO-0004556,73,2024-12-07,6,SHIPPED
4557,SO-0004557,38,2025-04-15,9,OPEN
4558,SO-0004558,72,2026-03-27,6,OPEN
4559,SO-0004559,36,2025-12-23,8,PARTIAL
4560,SO-0004560,39,2025-02-02,2,OPEN
4561,SO-0004561,28,2024-08-20,4,SHIPPED
4562,SO-0004562,8,2025-01-22,5,PARTIAL
4563,SO-0004563,78,2026-01-04,5,SHIPPED
4564,SO-0004564,66,2024-09-15,3,SHIPPED
4565,SO-0004565,9,2025-11-22,1,SHIPPED
4566,SO-0004566,54,2024-02-28,4,OPEN
4567,SO-0004567,47,2023-10-20,7,SHIPPED
4568,SO-0004568,24,2024-01-12,1,PARTIAL
4569,SO-0004569,19,2025-07-14,5,SHIPPED
4570,SO-0004570,9,2023-05-10,7,SHIPPED
4571,SO-0004571,39,2025-06-19,5,SHIPPED
4572,SO-0004572,71,2024-07-05,10,SHIPPED
4573,SO-0004573,2,2025-07-24,3,SHIPPED
4574,SO-0004574,13,2025-07-18,4,PARTIAL
4575,SO-0004575,12,2023-06-02,8,SHIPPED
4576,SO-0004576,58,2026-04-30,12,PARTIAL
4577,SO-0004577,59,2023-12-22,4,OPEN
4578,SO-0004578,64,2026-02-09,2,SHIPPED
4579,SO-0004579,20,2023-05-28,2,SHIPPED
4580,SO-0004580,67,2023-11-19,10,OPEN
4581,SO-0004581,58,2026-01-18,11,PARTIAL
4582,SO-0004582,3,2023-12-24,2,SHIPPED
4583,SO-0004583,74,2025-02-08,5,OPEN
4584,SO-0004584,10,2024-03-20,6,PARTIAL
4585,SO-0004585,34,2024-09-27,10,PARTIAL
4586,SO-0004586,31,2023-08-01,4,SHIPPED
4587,SO-0004587,80,2026-07-17,9,PARTIAL
4588,SO-0004588,57,2024-07-15,3,SHIPPED
4589,SO-0004589,80,2026-04-06,7,SHIPPED
4590,SO-0004590,7,2025-10-11,4,SHIPPED
4591,SO-0004591,5,2025-07-30,8,OPEN
4592,SO-0004592,38,2024-02-16,12,SHIPPED
4593,SO-0004593,4,2025-10-18,7,PARTIAL
4594,SO-0004594,33,2024-10-20,2,OPEN
4595,SO-0004595,72,2023-05-05,1,SHIPPED
4596,SO-0004596,34,2024-08-27,12,OPEN
4597,SO-0004597,5,2023-03-06,6,OPEN
4598,SO-0004598,18,2026-08-31,4,PARTIAL
4599,SO-0004599,47,2023-08-20,2,SHIPPED
4600,SO-0004600,14,2025-03-04,3,PARTIAL
4601,SO-0004601,3,2023-12-07,5,PARTIAL
4602,SO-0004602,60,2025-06-20,6,PARTIAL
4603,SO-0004603,48,2023-04-19,9,SHIPPED
4604,SO-0004604,80,2023-11-21,2,SHIPPED
4605,SO-0004605,30,2023-06-03,2,PARTIAL
4606,SO-0004606,2,2026-02-08,9,SHIPPED
4607,SO-0004607,57,2023-01-22,2,SHIPPED
4608,SO-0004608,80,2024-12-22,6,PARTIAL
4609,SO-0004609,28,2023-08-26,7,SHIPPED
4610,SO-0004610,58,2026-05-29,4,SHIPPED
4611,SO-0004611,71,2024-12-04,9,OPEN
4612,SO-0004612,55,2026-04-27,4,SHIPPED
4613,SO-0004613,5,2026-05-01,10,SHIPPED
4614,SO-0004614,67,2023-11-15,3,SHIPPED
4615,SO-0004615,4,2026-03-30,6,OPEN
4616,SO-0004616,9,2026-06-16,8,SHIPPED
4617,SO-0004617,12,2025-01-10,5,SHIPPED
4618,SO-0004618,33,2026-07-18,2,OPEN
4619,SO-0004619,62,2024-10-04,2,OPEN
4620,SO-0004620,34,2025-04-26,7,SHIPPED
4621,SO-0004621,38,2025-10-24,11,OPEN
4622,SO-0004622,66,2023-04-30,11,PARTIAL
4623,SO-0004623,66,2023-05-26,1,SHIPPED
4624,SO-0004624,45,2024-01-01,8,SHIPPED
4625,SO-0004625,45,2025-01-11,2,PARTIAL
4626,SO-0004626,70,2025-12-01,1,PARTIAL
4627,SO-0004627,43,2026-04-05,7,PARTIAL
4628,SO-0004628,33,2023-12-17,7,SHIPPED
4629,SO-0004629,30,2023-03-28,2,SHIPPED
4630,SO-0004630,57,2023-04-18,11,OPEN
4631,SO-0004631,37,2025-10-25,8,PARTIAL
4632,SO-0004632,74,2024-06-22,11,OPEN
4633,SO-0004633,55,2024-12-30,6,PARTIAL
4634,SO-0004634,54,2023-07-05,11,SHIPPED
4635,SO-0004635,62,2025-07-19,4,PARTIAL
4636,SO-0004636,71,2024-12-17,5,SHIPPED
4637,SO-0004637,51,2023-09-11,4,PARTIAL
4638,SO-0004638,34,2025-09-05,9,SHIPPED
4639,SO-0004639,30,2026-02-01,3,SHIPPED
4640,SO-0004640,71,2025-05-30,4,SHIPPED
4641,SO-0004641,34,2023-03-03,7,SHIPPED
4642,SO-0004642,70,2024-12-23,2,SHIPPED
4643,SO-0004643,45,2024-03-03,11,SHIPPED
4644,SO-0004644,51,2025-08-21,10,PARTIAL
4645,SO-0004645,38,2024-05-01,11,SHIPPED
4646,SO-0004646,71,2026-02-23,11,SHIPPED
4647,SO-0004647,12,2025-02-18,7,SHIPPED
4648,SO-0004648,2,2024-05-29,5,PARTIAL
4649,SO-0004649,48,2024-11-13,4,SHIPPED
4650,SO-0004650,41,2023-12-26,3,SHIPPED
4651,SO-0004651,78,2026-08-05,9,PARTIAL
4652,SO-0004652,79,2023-01-12,11,SHIPPED
4653,SO-0004653,63,2024-07-29,7,SHIPPED
4654,SO-0004654,20,2025-05-11,9,SHIPPED
4655,SO-0004655,53,2026-02-10,8,SHIPPED
4656,SO-0004656,3,2026-01-02,12,SHIPPED
4657,SO-0004657,50,2023-01-29,12,SHIPPED
4658,SO-0004658,30,2026-02-14,5,PARTIAL
4659,SO-0004659,8,2024-09-24,7,SHIPPED
4660,SO-0004660,47,2023-11-30,6,SHIPPED
4661,SO-0004661,16,2023-04-12,5,SHIPPED
4662,SO-0004662,40,2025-03-08,1,OPEN
4663,SO-0004663,51,2023-04-28,2,SHIPPED
4664,SO-0004664,36,2023-04-27,3,SHIPPED
4665,SO-0004665,42,2025-02-21,7,PARTIAL
4666,SO-0004666,59,2024-06-27,9,SHIPPED
4667,SO-0004667,57,2023-03-03,12,OPEN
4668,SO-0004668,45,2024-06-07,6,SHIPPED
4669,SO-0004669,77,2024-08-25,8,SHIPPED
4670,SO-0004670,20,2023-09-17,8,OPEN
4671,SO-0004671,58,2026-05-02,10,SHIPPED
4672,SO-0004672,27,2025-02-01,1,SHIPPED
4673,SO-0004673,67,2026-07-16,10,SHIPPED
4674,SO-0004674,31,2025-08-27,11,PARTIAL
4675,SO-0004675,18,2025-08-09,10,PARTIAL
4676,SO-0004676,11,2023-06-07,1,SHIPPED
4677,SO-0004677,72,2026-01-02,10,OPEN
4678,SO-0004678,51,2024-04-16,10,SHIPPED
4679,SO-0004679,30,2026-04-26,10,PARTIAL
4680,SO-0004680,50,2023-01-14,9,OPEN
4681,SO-0004681,48,2026-09-05,12,SHIPPED
4682,SO-0004682,48,2025-04-13,2,PARTIAL
4683,SO-0004683,38,2023-04-20,3,PARTIAL
4684,SO-0004684,22,2023-12-02,5,SHIPPED
4685,SO-0004685,73,2025-04-06,7,SHIPPED
4686,SO-0004686,1,2025-07-14,1,OPEN
4687,SO-0004687,47,2023-10-13,10,SHIPPED
4688,SO-0004688,55,2025-06-15,8,PARTIAL
4689,SO-0004689,35,2024-02-29,5,SHIPPED
4690,SO-0004690,20,2024-05-06,12,PARTIAL
4691,SO-0004691,39,2024-09-13,8,SHIPPED
4692,SO-0004692,36,2026-02-06,11,SHIPPED
4693,SO-0004693,71,2025-09-11,9,SHIPPED
4694,SO-0004694,3,2025-12-01,12,PARTIAL
4695,SO-0004695,38,2024-02-18,9,SHIPPED
4696,SO-0004696,17,2025-06-22,1,OPEN
4697,SO-0004697,20,2026-01-11,1,SHIPPED
4698,SO-0004698,70,2025-11-10,1,SHIPPED
4699,SO-0004699,57,2024-11-01,2,SHIPPED
4700,SO-0004700,44,2024-04-19,4,SHIPPED
4701,SO-0004701,38,2024-05-23,12,PARTIAL
4702,SO-0004702,17,2024-09-07,5,SHIPPED
4703,SO-0004703,58,2024-06-30,4,SHIPPED
4704,SO-0004704,45,2026-09-24,5,SHIPPED
4705,SO-0004705,34,2025-06-05,6,SHIPPED
4706,SO-0004706,28,2023-07-18,6,SHIPPED
4707,SO-0004707,64,2023-11-03,2,OPEN
4708,SO-0004708,6,2023-12-09,10,OPEN
4709,SO-0004709,56,2023-11-16,11,PARTIAL
4710,SO-0004710,34,2025-07-16,2,PARTIAL
4711,SO-0004711,26,2024-06-02,10,SHIPPED
4712,SO-0004712,18,2025-01-21,3,SHIPPED
4713,SO-0004713,67,2026-09-19,1,OPEN
4714,SO-0004714,3,2023-08-27,7,OPEN
4715,SO-0004715,10,2025-06-18,4,PARTIAL
4716,SO-0004716,67,2023-02-07,10,SHIPPED
4717,SO-0004717,5,2023-01-28,2,OPEN
4718,SO-0004718,11,2026-09-01,7,SHIPPED
4719,SO-0004719,10,2023-01-08,7,PARTIAL
4720,SO-0004720,52,2025-10-24,7,SHIPPED
4721,SO-0004721,17,2025-09-07,9,SHIPPED
4722,SO-0004722,39,2024-07-23,9,SHIPPED
4723,SO-0004723,46,2025-08-19,11,SHIPPED
4724,SO-0004724,65,2023-11-12,11,SHIPPED
4725,SO-0004725,43,2025-01-18,9,PARTIAL
4726,SO-0004726,70,2024-11-05,5,SHIPPED
4727,SO-0004727,6,2023-08-08,8,PARTIAL
4728,SO-0004728,70,2025-07-29,4,SHIPPED
4729,SO-0004729,2,2023-12-14,10,SHIPPED
4730,SO-0004730,55,2023-12-30,4,SHIPPED
4731,SO-0004731,37,2023-02-20,6,PARTIAL
4732,SO-0004732,34,2026-06-14,3,PARTIAL
4733,SO-0004733,55,2024-01-19,4,PARTIAL
4734,SO-0004734,11,2023-06-24,4,OPEN
4735,SO-0004735,54,2023-06-02,4,SHIPPED
4736,SO-0004736,33,2025-10-02,7,OPEN
4737,SO-0004737,77,2024-04-25,9,SHIPPED
4738,SO-0004738,20,2025-08-02,11,SHIPPED
4739,SO-0004739,76,2024-10-14,11,PARTIAL
4740,SO-0004740,15,2024-02-12,4,SHIPPED
4741,SO-0004741,52,2025-02-13,7,SHIPPED
4742,SO-0004742,26,2023-09-06,6,OPEN
4743,SO-0004743,77,2025-04-09,4,SHIPPED
4744,SO-0004744,74,2025-07-12,9,SHIPPED
4745,SO-0004745,2,2024-01-26,3,PARTIAL
4746,SO-0004746,49,2026-05-25,7,SHIPPED
4747,SO-0004747,17,2025-09-03,12,PARTIAL
4748,SO-0004748,10,2024-02-24,12,SHIPPED
4749,SO-0004749,70,2026-10-01,10,SHIPPED
4750,SO-0004750,33,2024-02-01,12,SHIPPED
4751,SO-0004751,61,2026-06-29,2,SHIPPED
4752,SO-0004752,26,2025-01-20,7,PARTIAL
4753,SO-0004753,53,2025-04-24,5,OPEN
4754,SO-0004754,6,2026-03-14,12,SHIPPED
4755,SO-0004755,75,2024-04-12,3,SHIPPED
4756,SO-0004756,63,2026-04-27,4,PARTIAL
4757,SO-0004757,68,2023-05-20,11,SHIPPED
4758,SO-0004758,31,2025-03-09,1,OPEN
4759,SO-0004759,46,2024-01-10,2,PARTIAL
4760,SO-0004760,58,2026-06-19,7,SHIPPED
4761,SO-0004761,41,2026-01-22,1,SHIPPED
4762,SO-0004762,55,2023-07-23,10,PARTIAL
4763,SO-0004763,9,2024-10-08,5,SHIPPED
4764,SO-0004764,30,2024-04-02,5,SHIPPED
4765,SO-0004765,2,2026-04-20,7,OPEN
4766,SO-0004766,78,2023-02-05,7,SHIPPED
4767,SO-0004767,4,2025-12-28,2,SHIPPED
4768,SO-0004768,52,2025-12-25,8,SHIPPED
4769,SO-0004769,48,2024-05-22,6,PARTIAL
4770,SO-0004770,73,2025-01-07,1,SHIPPED
4771,SO-0004771,5,2025-01-26,2,SHIPPED
4772,SO-0004772,26,2026-04-29,9,SHIPPED
4773,SO-0004773,29,2024-12-26,8,SHIPPED
4774,SO-0004774,25,2024-03-16,1,SHIPPED
4775,SO-0004775,14,2024-05-16,5,SHIPPED
4776,SO-0004776,18,2026-02-24,11,OPEN
4777,SO-0004777,42,2025-08-18,7,SHIPPED
4778,SO-0004778,47,2024-07-21,11,SHIPPED
4779,SO-0004779,43,2024-07-28,2,SHIPPED
4780,SO-0004780,16,2026-01-13,9,SHIPPED
4781,SO-0004781,56,2023-08-09,9,SHIPPED
4782,SO-0004782,48,2023-10-27,12,SHIPPED
4783,SO-0004783,31,2025-06-18,10,SHIPPED
4784,SO-0004784,30,2025-03-15,12,PARTIAL
4785,SO-0004785,24,2024-03-24,6,OPEN
4786,SO-0004786,65,2026-07-23,7,SHIPPED
4787,SO-0004787,68,2026-01-21,6,PARTIAL
4788,SO-0004788,10,2024-02-18,10,OPEN
4789,SO-0004789,33,2023-11-10,5,PARTIAL
4790,SO-0004790,42,2024-04-24,11,PARTIAL
4791,SO-0004791,29,2024-04-05,8,SHIPPED
4792,SO-0004792,39,2025-06-09,11,OPEN
4793,SO-0004793,49,2024-04-24,1,SHIPPED
4794,SO-0004794,70,2024-06-30,12,SHIPPED
4795,SO-0004795,9,2023-08-24,1,SHIPPED
4796,SO-0004796,55,2024-07-10,12,SHIPPED
4797,SO-0004797,20,2025-08-23,7,SHIPPED
4798,SO-0004798,77,2025-08-25,3,PARTIAL
4799,SO-0004799,56,2024-02-14,9,SHIPPED
4800,SO-0004800,58,2025-09-22,4,OPEN
4801,SO-0004801,11,2025-04-21,8,SHIPPED
4802,SO-0004802,47,2023-05-31,11,SHIPPED
4803,SO-0004803,62,2025-11-17,7,OPEN
4804,SO-0004804,78,2023-09-16,8,PARTIAL
4805,SO-0004805,7,2025-11-30,11,SHIPPED
4806,SO-0004806,3,2023-02-15,8,SHIPPED
4807,SO-0004807,23,2023-11-10,10,PARTIAL
4808,SO-0004808,3,2026-08-23,2,PARTIAL
4809,SO-0004809,48,2023-03-04,5,SHIPPED
4810,SO-0004810,5,2025-09-25,5,SHIPPED
4811,SO-0004811,47,2026-07-29,1,OPEN
4812,SO-0004812,8,2024-01-17,8,SHIPPED
4813,SO-0004813,39,2024-11-21,3,SHIPPED
4814,SO-0004814,34,2023-04-25,4,OPEN
4815,SO-0004815,33,2024-01-05,1,SHIPPED
4816,SO-0004816,23,2023-09-26,9,OPEN
4817,SO-0004817,49,2024-06-03,11,SHIPPED
4818,SO-0004818,67,2023-06-03,9,SHIPPED
4819,SO-0004819,67,2023-05-22,6,SHIPPED
4820,SO-0004820,61,2026-03-24,9,SHIPPED
4821,SO-0004821,38,2024-03-06,9,SHIPPED
4822,SO-0004822,1,2023-12-30,2,SHIPPED
4823,SO-0004823,12,2026-08-19,3,OPEN
4824,SO-0004824,36,2025-08-10,8,SHIPPED
4825,SO-0004825,14,2023-12-23,10,OPEN
4826,SO-0004826,13,2026-03-25,3,PARTIAL
4827,SO-0004827,18,2025-08-09,3,SHIPPED
4828,SO-0004828,63,2025-05-11,2,SHIPPED
4829,SO-0004829,38,2023-02-02,11,SHIPPED
4830,SO-0004830,36,2023-08-04,1,SHIPPED
4831,SO-0004831,39,2026-08-24,11,OPEN
4832,SO-0004832,2,2024-05-22,4,SHIPPED
4833,SO-0004833,5,2025-08-27,6,PARTIAL
4834,SO-0004834,46,2025-05-18,12,SHIPPED
4835,SO-0004835,11,2026-08-25,6,OPEN
4836,SO-0004836,73,2024-10-08,7,OPEN
4837,SO-0004837,65,2024-01-25,3,PARTIAL
4838,SO-0004838,17,2023-07-19,2,SHIPPED
4839,SO-0004839,57,2023-08-09,2,PARTIAL
4840,SO-0004840,51,2026-08-22,3,SHIPPED
4841,SO-0004841,79,2025-09-02,7,OPEN
4842,SO-0004842,26,2024-06-15,8,PARTIAL
4843,SO-0004843,54,2026-06-27,11,SHIPPED
4844,SO-0004844,67,2025-10-04,8,OPEN
4845,SO-0004845,59,2025-06-08,4,SHIPPED
4846,SO-0004846,27,2025-12-27,7,OPEN
4847,SO-0004847,67,2025-04-10,6,SHIPPED
4848,SO-0004848,8,2026-08-04,9,SHIPPED
4849,SO-0004849,47,2026-08-07,1,OPEN
4850,SO-0004850,3,2023-11-07,10,PARTIAL
4851,SO-0004851,65,2024-12-27,1,SHIPPED
4852,SO-0004852,26,2023-07-07,4,PARTIAL
4853,SO-0004853,31,2024-06-13,11,SHIPPED
4854,SO-0004854,22,2025-06-08,4,SHIPPED
4855,SO-0004855,66,2023-12-05,4,SHIPPED
4856,SO-0004856,3,2024-07-01,4,OPEN
4857,SO-0004857,1,2024-11-20,1,SHIPPED
4858,SO-0004858,49,2025-08-27,9,PARTIAL
4859,SO-0004859,31,2024-01-09,8,SHIPPED
4860,SO-0004860,65,2025-04-07,7,PARTIAL
4861,SO-0004861,66,2023-10-02,2,SHIPPED
4862,SO-0004862,14,2026-09-19,4,PARTIAL
4863,SO-0004863,76,2024-01-22,7,SHIPPED
4864,SO-0004864,67,2024-06-18,7,SHIPPED
4865,SO-0004865,58,2023-02-14,1,OPEN
4866,SO-0004866,10,2024-04-27,6,SHIPPED
4867,SO-0004867,78,2023-01-23,4,SHIPPED
4868,SO-0004868,50,2023-03-15,9,SHIPPED
4869,SO-0004869,14,2025-11-13,11,PARTIAL
4870,SO-0004870,67,2024-07-16,3,SHIPPED
4871,SO-0004871,65,2026-09-07,12,SHIPPED
4872,SO-0004872,63,2023-01-01,3,SHIPPED
4873,SO-0004873,38,2024-01-08,8,SHIPPED
4874,SO-0004874,53,2025-05-11,5,SHIPPED
4875,SO-0004875,51,2025-12-29,7,SHIPPED
4876,SO-0004876,53,2023-02-26,8,PARTIAL
4877,SO-0004877,28,2025-05-20,2,PARTIAL
4878,SO-0004878,14,2025-11-24,10,OPEN
4879,SO-0004879,67,2024-07-06,4,SHIPPED
4880,SO-0004880,62,2025-09-10,4,OPEN
4881,SO-0004881,27,2025-03-15,10,PARTIAL
4882,SO-0004882,28,2023-12-19,3,SHIPPED
4883,SO-0004883,16,2025-11-10,5,SHIPPED
4884,SO-0004884,50,2024-05-22,6,SHIPPED
4885,SO-0004885,3,2024-10-23,1,SHIPPED
4886,SO-0004886,59,2023-07-20,1,OPEN
4887,SO-0004887,64,2025-07-04,3,PARTIAL
4888,SO-0004888,5,2023-06-25,11,OPEN
4889,SO-0004889,69,2024-07-14,11,SHIPPED
4890,SO-0004890,53,2026-05-28,10,PARTIAL
4891,SO-0004891,55,2026-01-21,3,PARTIAL
4892,SO-0004892,33,2026-08-09,11,SHIPPED
4893,SO-0004893,8,2025-07-20,7,SHIPPED
4894,SO-0004894,30,2023-07-27,4,PARTIAL
4895,SO-0004895,67,2025-03-30,6,SHIPPED
4896,SO-0004896,9,2025-12-27,9,PARTIAL
4897,SO-0004897,58,2023-04-04,5,SHIPPED
4898,SO-0004898,44,2025-06-14,7,OPEN
4899,SO-0004899,73,2024-12-02,5,SHIPPED
4900,SO-0004900,14,2023-04-11,2,PARTIAL
4901,SO-0004901,16,2025-06-12,12,SHIPPED
4902,SO-0004902,51,2025-02-23,3,SHIPPED
4903,SO-0004903,2,2023-08-28,5,SHIPPED
4904,SO-0004904,57,2025-01-10,11,SHIPPED
4905,SO-0004905,3,2023-11-09,12,SHIPPED
4906,SO-0004906,71,2023-01-14,7,SHIPPED
4907,SO-0004907,75,2023-02-02,5,PARTIAL
4908,SO-0004908,76,2024-08-30,3,OPEN
4909,SO-0004909,74,2023-02-28,1,SHIPPED
4910,SO-0004910,11,2024-05-06,2,OPEN
4911,SO-0004911,35,2023-08-05,2,PARTIAL
4912,SO-0004912,11,2026-02-28,11,SHIPPED
4913,SO-0004913,4,2024-07-20,5,SHIPPED
4914,SO-0004914,16,2025-06-20,9,SHIPPED
4915,SO-0004915,58,2025-12-12,4,PARTIAL
4916,SO-0004916,52,2025-07-20,9,PARTIAL
4917,SO-0004917,21,2024-05-26,6,SHIPPED
4918,SO-0004918,59,2023-03-17,3,SHIPPED
4919,SO-0004919,67,2024-02-10,6,PARTIAL
4920,SO-0004920,29,2025-01-26,12,SHIPPED
4921,SO-0004921,41,2025-02-21,5,PARTIAL
4922,SO-0004922,79,2025-05-21,6,OPEN
4923,SO-0004923,47,2024-08-20,10,OPEN
4924,SO-0004924,78,2024-03-01,2,PARTIAL
4925,SO-0004925,73,2026-09-23,12,PARTIAL
4926,SO-0004926,34,2025-04-03,2,OPEN
4927,SO-0004927,71,2025-11-27,12,SHIPPED
4928,SO-0004928,25,2025-04-08,11,SHIPPED
4929,SO-0004929,9,2026-03-19,8,SHIPPED
4930,SO-0004930,11,2024-06-07,12,OPEN
4931,SO-0004931,36,2023-02-06,9,OPEN
4932,SO-0004932,6,2025-05-27,12,SHIPPED
4933,SO-0004933,32,2025-04-13,1,SHIPPED
4934,SO-0004934,4,2025-07-10,5,SHIPPED
4935,SO-0004935,2,2025-09-11,8,SHIPPED
4936,SO-0004936,12,2025-08-14,3,SHIPPED
4937,SO-0004937,68,2023-10-24,2,SHIPPED
4938,SO-0004938,37,2026-02-19,4,PARTIAL
4939,SO-0004939,55,2023-05-12,3,SHIPPED
4940,SO-0004940,73,2025-08-29,10,OPEN
4941,SO-0004941,31,2024-08-15,11,SHIPPED
4942,SO-0004942,79,2026-08-30,5,SHIPPED
4943,SO-0004943,50,2024-06-23,7,PARTIAL
4944,SO-0004944,63,2024-10-29,7,PARTIAL
4945,SO-0004945,74,2024-07-07,2,SHIPPED
4946,SO-0004946,15,2024-05-16,8,SHIPPED
4947,SO-0004947,24,2025-06-30,8,SHIPPED
4948,SO-0004948,48,2026-05-26,3,SHIPPED
4949,SO-0004949,21,2026-02-19,5,PARTIAL
4950,SO-0004950,38,2023-03-05,8,SHIPPED
4951,SO-0004951,41,2023-02-06,9,SHIPPED
4952,SO-0004952,71,2025-01-23,10,OPEN
4953,SO-0004953,25,2026-08-17,6,SHIPPED
4954,SO-0004954,27,2024-09-22,8,SHIPPED
4955,SO-0004955,59,2023-05-06,5,PARTIAL
4956,SO-0004956,43,2026-06-05,10,SHIPPED
4957,SO-0004957,10,2025-05-27,4,SHIPPED
4958,SO-0004958,58,2024-02-14,11,SHIPPED
4959,SO-0004959,5,2023-08-28,10,PARTIAL
4960,SO-0004960,62,2024-11-03,5,SHIPPED
4961,SO-0004961,6,2025-01-06,5,SHIPPED
4962,SO-0004962,44,2026-01-22,2,SHIPPED
4963,SO-0004963,63,2026-03-23,9,OPEN
4964,SO-0004964,21,2023-04-08,9,OPEN
4965,SO-0004965,21,2025-08-23,2,SHIPPED
4966,SO-0004966,2,2025-10-16,4,SHIPPED
4967,SO-0004967,7,2025-01-01,7,SHIPPED
4968,SO-0004968,44,2024-08-06,7,SHIPPED
4969,SO-0004969,53,2025-10-18,9,SHIPPED
4970,SO-0004970,77,2024-04-25,4,OPEN
4971,SO-0004971,40,2025-06-18,4,SHIPPED
4972,SO-0004972,76,2023-09-26,3,SHIPPED
4973,SO-0004973,31,2025-05-19,2,SHIPPED
4974,SO-0004974,56,2025-03-27,9,SHIPPED
4975,SO-0004975,3,2024-09-05,12,SHIPPED
4976,SO-0004976,63,2023-12-16,4,OPEN
4977,SO-0004977,54,2023-02-26,4,SHIPPED
4978,SO-0004978,8,2023-08-17,1,OPEN
4979,SO-0004979,29,2025-07-01,3,OPEN
4980,SO-0004980,42,2024-08-03,7,SHIPPED
4981,SO-0004981,31,2024-03-12,4,OPEN
4982,SO-0004982,30,2026-05-03,2,SHIPPED
4983,SO-0004983,12,2023-11-21,2,PARTIAL
4984,SO-0004984,65,2024-09-21,6,PARTIAL
4985,SO-0004985,61,2024-05-18,8,OPEN
4986,SO-0004986,73,2025-11-07,8,SHIPPED
4987,SO-0004987,25,2023-03-14,3,SHIPPED
4988,SO-0004988,38,2025-10-15,10,SHIPPED
4989,SO-0004989,9,2023-09-20,12,SHIPPED
4990,SO-0004990,56,2023-10-15,9,SHIPPED
4991,SO-0004991,1,2023-04-27,9,PARTIAL
4992,SO-0004992,54,2023-03-02,12,SHIPPED
4993,SO-0004993,12,2023-02-02,8,PARTIAL
4994,SO-0004994,70,2024-12-21,3,PARTIAL
4995,SO-0004995,75,2025-01-19,10,OPEN
4996,SO-0004996,62,2025-06-23,2,SHIPPED
4997,SO-0004997,10,2024-07-08,6,SHIPPED
4998,SO-0004998,56,2026-02-24,6,PARTIAL
4999,SO-0004999,56,2024-07-08,4,SHIPPED
5000,SO-0005000,9,2024-12-14,12,PARTIAL
5001,SO-0005001,54,2025-07-27,9,PARTIAL
5002,SO-0005002,9,2025-05-09,8,PARTIAL
5003,SO-0005003,28,2024-12-06,4,OPEN
5004,SO-0005004,48,2023-01-04,2,SHIPPED
5005,SO-0005005,31,2026-08-18,10,SHIPPED
5006,SO-0005006,30,2024-05-13,8,PARTIAL
5007,SO-0005007,8,2025-11-16,2,PARTIAL
5008,SO-0005008,35,2023-01-03,7,SHIPPED
5009,SO-0005009,27,2023-04-10,11,SHIPPED
5010,SO-0005010,25,2025-03-01,9,SHIPPED
5011,SO-0005011,31,2024-02-26,3,PARTIAL
5012,SO-0005012,77,2026-03-26,2,SHIPPED
5013,SO-0005013,7,2023-07-12,4,OPEN
5014,SO-0005014,33,2026-08-22,3,OPEN
5015,SO-0005015,55,2023-08-05,3,OPEN
5016,SO-0005016,41,2026-01-17,4,SHIPPED
5017,SO-0005017,51,2024-10-25,1,SHIPPED
5018,SO-0005018,62,2025-01-26,12,SHIPPED
5019,SO-0005019,6,2026-09-17,1,PARTIAL
5020,SO-0005020,3,2023-11-05,11,SHIPPED
5021,SO-0005021,53,2025-10-16,9,OPEN
5022,SO-0005022,47,2025-01-19,9,SHIPPED
5023,SO-0005023,18,2024-04-18,3,SHIPPED
5024,SO-0005024,4,2025-02-09,9,SHIPPED
5025,SO-0005025,80,2023-11-02,11,SHIPPED
5026,SO-0005026,58,2024-07-01,12,SHIPPED
5027,SO-0005027,78,2024-07-21,12,PARTIAL
5028,SO-0005028,13,2024-09-24,4,OPEN
5029,SO-0005029,14,2025-07-09,6,SHIPPED
5030,SO-0005030,6,2024-03-04,5,SHIPPED
5031,SO-0005031,23,2024-06-18,10,SHIPPED
5032,SO-0005032,36,2025-05-14,5,OPEN
5033,SO-0005033,71,2023-05-20,2,SHIPPED
5034,SO-0005034,64,2026-03-25,5,PARTIAL
5035,SO-0005035,31,2024-09-30,9,SHIPPED
5036,SO-0005036,63,2024-11-08,9,OPEN
5037,SO-0005037,17,2025-10-23,7,PARTIAL
5038,SO-0005038,52,2023-09-12,9,SHIPPED
5039,SO-0005039,54,2025-06-09,4,SHIPPED
5040,SO-0005040,52,2023-03-18,8,SHIPPED
5041,SO-0005041,15,2025-11-17,10,PARTIAL
5042,SO-0005042,1,2024-02-19,5,OPEN
5043,SO-0005043,21,2026-02-06,3,SHIPPED
5044,SO-0005044,2,2026-08-10,4,SHIPPED
5045,SO-0005045,48,2023-10-31,8,SHIPPED
5046,SO-0005046,32,2023-01-08,6,PARTIAL
5047,SO-0005047,45,2025-01-19,8,PARTIAL
5048,SO-0005048,25,2025-11-24,3,PARTIAL
5049,SO-0005049,23,2023-12-23,7,SHIPPED
5050,SO-0005050,78,2023-09-01,6,SHIPPED
5051,SO-0005051,63,2023-11-24,2,SHIPPED
5052,SO-0005052,28,2025-05-24,11,SHIPPED
5053,SO-0005053,27,2024-07-17,1,PARTIAL
5054,SO-0005054,53,2024-10-16,11,OPEN
5055,SO-0005055,56,2025-09-24,3,SHIPPED
5056,SO-0005056,28,2023-06-10,12,SHIPPED
5057,SO-0005057,31,2025-12-03,7,PARTIAL
5058,SO-0005058,57,2023-09-10,6,PARTIAL
5059,SO-0005059,71,2026-03-17,6,SHIPPED
5060,SO-0005060,30,2026-08-31,9,SHIPPED
5061,SO-0005061,45,2023-01-22,1,SHIPPED
5062,SO-0005062,52,2024-08-14,11,SHIPPED
5063,SO-0005063,48,2024-10-12,8,SHIPPED
5064,SO-0005064,58,2026-06-05,2,SHIPPED
5065,SO-0005065,3,2023-12-20,11,SHIPPED
5066,SO-0005066,31,2026-08-25,10,SHIPPED
5067,SO-0005067,41,2023-07-01,1,OPEN
5068,SO-0005068,55,2026-05-09,2,SHIPPED
5069,SO-0005069,12,2025-06-26,9,SHIPPED
5070,SO-0005070,24,2023-02-22,4,OPEN
5071,SO-0005071,46,2023-05-16,2,PARTIAL
5072,SO-0005072,66,2025-07-10,5,PARTIAL
5073,SO-0005073,8,2026-03-21,5,OPEN
5074,SO-0005074,70,2026-01-21,1,SHIPPED
5075,SO-0005075,32,2026-09-13,9,SHIPPED
5076,SO-0005076,49,2024-06-09,10,SHIPPED
5077,SO-0005077,56,2025-12-10,4,OPEN
5078,SO-0005078,5,2025-11-05,3,OPEN
5079,SO-0005079,26,2024-10-21,8,SHIPPED
5080,SO-0005080,27,2025-12-05,9,SHIPPED
5081,SO-0005081,9,2024-01-26,2,SHIPPED
5082,SO-0005082,29,2024-10-30,8,OPEN
5083,SO-0005083,59,2026-07-10,5,PARTIAL
5084,SO-0005084,32,2023-12-09,3,SHIPPED
5085,SO-0005085,30,2023-02-01,6,SHIPPED
5086,SO-0005086,50,2024-07-22,10,SHIPPED
5087,SO-0005087,27,2025-08-11,8,OPEN
5088,SO-0005088,58,2024-10-27,3,SHIPPED
5089,SO-0005089,45,2026-08-10,3,SHIPPED
5090,SO-0005090,52,2024-06-09,6,OPEN
5091,SO-0005091,5,2025-02-22,11,SHIPPED
5092,SO-0005092,3,2024-02-24,2,PARTIAL
5093,SO-0005093,52,2025-01-24,8,PARTIAL
5094,SO-0005094,67,2024-02-27,6,PARTIAL
5095,SO-0005095,56,2023-05-04,12,SHIPPED
5096,SO-0005096,62,2026-03-12,8,PARTIAL
5097,SO-0005097,47,2025-11-10,9,SHIPPED
5098,SO-0005098,33,2023-07-25,8,PARTIAL
5099,SO-0005099,59,2026-04-16,8,OPEN
5100,SO-0005100,3,2023-07-22,3,OPEN
5101,SO-0005101,73,2026-07-30,5,PARTIAL
5102,SO-0005102,13,2023-10-21,9,SHIPPED
5103,SO-0005103,19,2026-07-08,2,SHIPPED
5104,SO-0005104,26,2023-04-25,3,OPEN
5105,SO-0005105,14,2026-01-04,8,SHIPPED
5106,SO-0005106,77,2026-03-20,8,SHIPPED
5107,SO-0005107,5,2025-09-04,4,PARTIAL
5108,SO-0005108,73,2026-05-05,3,SHIPPED
5109,SO-0005109,4,2024-09-25,4,SHIPPED
5110,SO-0005110,63,2023-12-20,3,SHIPPED
5111,SO-0005111,8,2023-03-12,9,SHIPPED
5112,SO-0005112,56,2023-11-09,9,SHIPPED
5113,SO-0005113,18,2024-02-12,3,PARTIAL
5114,SO-0005114,14,2025-06-07,6,SHIPPED
5115,SO-0005115,26,2025-09-11,12,SHIPPED
5116,SO-0005116,42,2024-04-30,8,SHIPPED
5117,SO-0005117,21,2026-04-14,2,SHIPPED
5118,SO-0005118,80,2023-12-07,10,OPEN
5119,SO-0005119,77,2025-10-06,9,SHIPPED
5120,SO-0005120,43,2023-03-28,8,SHIPPED
5121,SO-0005121,43,2023-07-07,12,SHIPPED
5122,SO-0005122,71,2024-08-07,6,PARTIAL
5123,SO-0005123,35,2023-05-30,9,SHIPPED
5124,SO-0005124,72,2026-08-06,3,PARTIAL
5125,SO-0005125,47,2025-04-13,6,PARTIAL
5126,SO-0005126,61,2024-11-28,11,SHIPPED
5127,SO-0005127,7,2023-05-09,6,SHIPPED
5128,SO-0005128,5,2024-05-16,11,OPEN
5129,SO-0005129,11,2025-12-04,7,SHIPPED
5130,SO-0005130,64,2024-01-10,4,OPEN
5131,SO-0005131,68,2023-05-28,1,OPEN
5132,SO-0005132,1,2023-05-25,5,SHIPPED
5133,SO-0005133,34,2024-09-22,8,OPEN
5134,SO-0005134,35,2023-05-19,9,SHIPPED
5135,SO-0005135,54,2023-03-28,8,PARTIAL
5136,SO-0005136,57,2023-12-13,2,SHIPPED
5137,SO-0005137,1,2026-01-26,3,PARTIAL
5138,SO-0005138,43,2026-06-04,1,PARTIAL
5139,SO-0005139,16,2025-12-28,3,SHIPPED
5140,SO-0005140,67,2026-07-09,9,OPEN
5141,SO-0005141,34,2026-02-07,6,SHIPPED
5142,SO-0005142,45,2025-01-11,2,PARTIAL
5143,SO-0005143,41,2024-12-17,10,OPEN
5144,SO-0005144,54,2024-04-09,6,PARTIAL
5145,SO-0005145,29,2023-04-04,12,OPEN
5146,SO-0005146,25,2026-02-03,5,PARTIAL
5147,SO-0005147,50,2023-07-01,3,PARTIAL
5148,SO-0005148,18,2023-01-31,11,SHIPPED
5149,SO-0005149,61,2023-03-14,11,SHIPPED
5150,SO-0005150,2,2024-10-31,1,SHIPPED
5151,SO-0005151,59,2024-01-31,8,OPEN
5152,SO-0005152,8,2024-06-20,3,SHIPPED
5153,SO-0005153,55,2023-02-12,1,PARTIAL
5154,SO-0005154,49,2026-08-02,6,SHIPPED
5155,SO-0005155,19,2026-04-04,11,SHIPPED
5156,SO-0005156,17,2024-08-10,8,SHIPPED
5157,SO-0005157,74,2023-03-06,10,SHIPPED
5158,SO-0005158,19,2023-08-26,2,SHIPPED
5159,SO-0005159,73,2023-06-28,3,SHIPPED
5160,SO-0005160,61,2024-10-24,6,OPEN
5161,SO-0005161,15,2025-01-02,7,SHIPPED
5162,SO-0005162,29,2023-07-23,7,SHIPPED
5163,SO-0005163,5,2025-10-14,11,SHIPPED
5164,SO-0005164,45,2023-12-06,8,SHIPPED
5165,SO-0005165,69,2026-03-08,9,SHIPPED
5166,SO-0005166,23,2026-08-11,8,PARTIAL
5167,SO-0005167,10,2023-02-12,3,PARTIAL
5168,SO-0005168,31,2025-09-08,4,SHIPPED
5169,SO-0005169,76,2026-05-07,2,SHIPPED
5170,SO-0005170,3,2024-02-15,1,PARTIAL
5171,SO-0005171,35,2025-01-18,7,PARTIAL
5172,SO-0005172,50,2023-07-19,6,OPEN
5173,SO-0005173,75,2025-06-23,1,SHIPPED
5174,SO-0005174,53,2025-01-26,1,SHIPPED
5175,SO-0005175,74,2026-05-03,11,PARTIAL
5176,SO-0005176,54,2025-05-23,6,SHIPPED
5177,SO-0005177,72,2023-11-24,2,PARTIAL
5178,SO-0005178,27,2023-06-01,2,SHIPPED
5179,SO-0005179,44,2026-07-16,5,OPEN
5180,SO-0005180,66,2025-09-18,12,SHIPPED
5181,SO-0005181,46,2025-11-28,11,SHIPPED
5182,SO-0005182,75,2025-01-15,11,OPEN
5183,SO-0005183,6,2026-04-22,2,PARTIAL
5184,SO-0005184,72,2025-08-03,5,PARTIAL
5185,SO-0005185,28,2026-06-01,12,OPEN
5186,SO-0005186,63,2025-08-07,4,SHIPPED
5187,SO-0005187,47,2026-03-30,12,OPEN
5188,SO-0005188,78,2025-10-02,9,SHIPPED
5189,SO-0005189,1,2024-01-22,11,SHIPPED
5190,SO-0005190,13,2023-06-25,3,SHIPPED
5191,SO-0005191,49,2024-06-16,9,SHIPPED
5192,SO-0005192,5,2023-09-29,6,OPEN
5193,SO-0005193,47,2024-10-22,2,SHIPPED
5194,SO-0005194,65,2024-07-25,9,SHIPPED
5195,SO-0005195,54,2025-11-09,1,SHIPPED
5196,SO-0005196,37,2025-08-03,11,SHIPPED
5197,SO-0005197,35,2023-08-26,5,SHIPPED
5198,SO-0005198,61,2023-08-22,9,SHIPPED
5199,SO-0005199,30,2026-07-29,11,PARTIAL
5200,SO-0005200,52,2024-10-01,12,SHIPPED
5201,SO-0005201,56,2024-11-09,11,SHIPPED
5202,SO-0005202,75,2023-02-28,6,SHIPPED
5203,SO-0005203,13,2026-02-06,5,SHIPPED
5204,SO-0005204,31,2026-06-26,6,PARTIAL
5205,SO-0005205,65,2026-09-11,1,OPEN
5206,SO-0005206,73,2023-03-13,3,SHIPPED
5207,SO-0005207,4,2025-08-31,5,SHIPPED
5208,SO-0005208,71,2023-03-07,11,SHIPPED
5209,SO-0005209,39,2025-04-15,11,SHIPPED
5210,SO-0005210,6,2025-12-06,2,OPEN
5211,SO-0005211,67,2024-03-09,10,SHIPPED
5212,SO-0005212,15,2025-09-24,8,OPEN
5213,SO-0005213,78,2024-07-30,10,SHIPPED
5214,SO-0005214,71,2025-06-21,3,SHIPPED
5215,SO-0005215,75,2023-04-29,6,SHIPPED
5216,SO-0005216,59,2023-04-29,8,SHIPPED
5217,SO-0005217,61,2024-07-26,8,SHIPPED
5218,SO-0005218,58,2025-10-25,1,SHIPPED
5219,SO-0005219,28,2024-05-17,7,PARTIAL
5220,SO-0005220,37,2025-06-08,11,OPEN
5221,SO-0005221,24,2024-12-30,3,SHIPPED
5222,SO-0005222,56,2026-06-26,9,SHIPPED
5223,SO-0005223,79,2024-09-12,4,OPEN
5224,SO-0005224,29,2024-03-23,12,SHIPPED
5225,SO-0005225,69,2026-07-20,2,SHIPPED
5226,SO-0005226,23,2023-03-04,3,PARTIAL
5227,SO-0005227,14,2026-04-30,7,SHIPPED
5228,SO-0005228,63,2025-11-07,1,OPEN
5229,SO-0005229,14,2025-05-03,9,SHIPPED
5230,SO-0005230,57,2024-06-28,4,OPEN
5231,SO-0005231,61,2025-02-21,8,SHIPPED
5232,SO-0005232,67,2024-10-31,1,SHIPPED
5233,SO-0005233,58,2025-11-22,8,SHIPPED
5234,SO-0005234,43,2023-06-14,4,OPEN
5235,SO-0005235,79,2024-02-18,4,SHIPPED
5236,SO-0005236,59,2023-12-13,4,OPEN
5237,SO-0005237,56,2025-04-09,6,OPEN
5238,SO-0005238,22,2024-03-06,4,OPEN
5239,SO-0005239,37,2025-01-23,5,PARTIAL
5240,SO-0005240,44,2025-10-09,5,PARTIAL
5241,SO-0005241,66,2024-12-05,3,SHIPPED
5242,SO-0005242,51,2024-12-01,10,SHIPPED
5243,SO-0005243,35,2026-04-14,6,OPEN
5244,SO-0005244,15,2024-11-08,5,OPEN
5245,SO-0005245,22,2025-06-26,10,SHIPPED
5246,SO-0005246,44,2025-06-29,6,PARTIAL
5247,SO-0005247,9,2025-02-11,2,OPEN
5248,SO-0005248,80,2023-06-07,3,SHIPPED
5249,SO-0005249,76,2024-12-06,3,OPEN
5250,SO-0005250,79,2023-04-02,10,OPEN
5251,SO-0005251,35,2024-07-10,4,SHIPPED
5252,SO-0005252,28,2026-06-25,10,SHIPPED
5253,SO-0005253,52,2025-05-13,6,SHIPPED
5254,SO-0005254,58,2024-10-14,9,PARTIAL
5255,SO-0005255,56,2024-03-07,4,SHIPPED
5256,SO-0005256,57,2023-01-18,4,SHIPPED
5257,SO-0005257,23,2023-08-31,2,SHIPPED
5258,SO-0005258,66,2024-09-14,3,SHIPPED
5259,SO-0005259,22,2025-10-11,2,PARTIAL
5260,SO-0005260,78,2023-11-12,4,PARTIAL
5261,SO-0005261,52,2024-07-31,1,SHIPPED
5262,SO-0005262,27,2025-04-20,12,SHIPPED
5263,SO-0005263,62,2023-02-14,12,SHIPPED
5264,SO-0005264,25,2026-06-15,5,SHIPPED
5265,SO-0005265,20,2024-01-29,11,SHIPPED
5266,SO-0005266,24,2024-11-06,5,OPEN
5267,SO-0005267,44,2025-06-23,5,SHIPPED
5268,SO-0005268,52,2023-11-11,8,SHIPPED
5269,SO-0005269,27,2026-02-15,10,SHIPPED
5270,SO-0005270,17,2026-02-10,9,SHIPPED
5271,SO-0005271,33,2024-04-29,12,SHIPPED
5272,SO-0005272,2,2024-12-20,7,PARTIAL
5273,SO-0005273,23,2025-12-30,11,SHIPPED
5274,SO-0005274,37,2025-12-05,4,SHIPPED
5275,SO-0005275,39,2025-06-29,1,OPEN
5276,SO-0005276,56,2024-03-09,2,OPEN
5277,SO-0005277,42,2023-11-27,11,PARTIAL
5278,SO-0005278,69,2023-02-23,10,PARTIAL
5279,SO-0005279,27,2024-08-18,6,SHIPPED
5280,SO-0005280,68,2023-01-08,3,SHIPPED
5281,SO-0005281,18,2026-03-08,1,SHIPPED
5282,SO-0005282,78,2023-02-17,3,OPEN
5283,SO-0005283,35,2023-08-10,12,SHIPPED
5284,SO-0005284,55,2023-02-13,12,SHIPPED
5285,SO-0005285,52,2023-06-30,11,OPEN
5286,SO-0005286,15,2025-01-16,10,SHIPPED
5287,SO-0005287,4,2026-03-08,5,SHIPPED
5288,SO-0005288,56,2025-08-27,3,SHIPPED
5289,SO-0005289,41,2026-01-21,12,SHIPPED
5290,SO-0005290,62,2025-12-06,9,SHIPPED
5291,SO-0005291,75,2026-03-19,2,OPEN
5292,SO-0005292,29,2023-05-02,6,SHIPPED
5293,SO-0005293,65,2025-01-17,8,OPEN
5294,SO-0005294,13,2023-07-03,3,SHIPPED
5295,SO-0005295,6,2026-09-05,3,PARTIAL
5296,SO-0005296,64,2024-10-08,4,OPEN
5297,SO-0005297,21,2026-08-08,4,SHIPPED
5298,SO-0005298,79,2025-02-27,2,OPEN
5299,SO-0005299,37,2024-04-03,8,OPEN
5300,SO-0005300,65,2023-08-11,8,PARTIAL
5301,SO-0005301,57,2026-07-19,12,PARTIAL
5302,SO-0005302,57,2026-07-25,10,SHIPPED
5303,SO-0005303,15,2023-04-09,3,PARTIAL
5304,SO-0005304,52,2025-08-14,6,PARTIAL
5305,SO-0005305,15,2024-10-04,12,OPEN
5306,SO-0005306,63,2025-06-06,10,OPEN
5307,SO-0005307,20,2026-04-23,5,SHIPPED
5308,SO-0005308,33,2023-01-08,1,PARTIAL
5309,SO-0005309,17,2026-02-27,9,SHIPPED
5310,SO-0005310,4,2025-09-14,4,OPEN
5311,SO-0005311,12,2024-11-16,8,OPEN
5312,SO-0005312,17,2025-10-27,6,SHIPPED
5313,SO-0005313,39,2024-08-06,5,SHIPPED
5314,SO-0005314,53,2026-02-02,10,SHIPPED
5315,SO-0005315,49,2025-04-18,1,OPEN
5316,SO-0005316,26,2023-04-30,5,SHIPPED
5317,SO-0005317,45,2026-07-21,8,OPEN
5318,SO-0005318,15,2024-04-18,2,SHIPPED
5319,SO-0005319,67,2025-09-16,7,OPEN
5320,SO-0005320,30,2023-08-03,7,SHIPPED
5321,SO-0005321,39,2023-05-07,4,SHIPPED
5322,SO-0005322,24,2023-11-07,9,SHIPPED
5323,SO-0005323,26,2024-09-10,5,PARTIAL
5324,SO-0005324,7,2024-07-13,9,PARTIAL
5325,SO-0005325,78,2024-10-02,11,SHIPPED
5326,SO-0005326,54,2024-11-05,12,PARTIAL
5327,SO-0005327,20,2023-02-10,3,OPEN
5328,SO-0005328,38,2026-07-29,7,PARTIAL
5329,SO-0005329,10,2024-06-13,5,OPEN
5330,SO-0005330,39,2023-04-17,7,SHIPPED
5331,SO-0005331,68,2026-09-04,7,OPEN
5332,SO-0005332,33,2023-09-03,7,OPEN
5333,SO-0005333,17,2025-06-18,6,OPEN
5334,SO-0005334,75,2026-07-28,9,SHIPPED
5335,SO-0005335,29,2025-06-24,6,OPEN
5336,SO-0005336,55,2024-09-10,6,SHIPPED
5337,SO-0005337,27,2026-02-07,1,OPEN
5338,SO-0005338,57,2023-04-23,3,SHIPPED
5339,SO-0005339,7,2026-02-04,9,PARTIAL
5340,SO-0005340,35,2023-12-28,1,SHIPPED
5341,SO-0005341,5,2026-09-10,2,SHIPPED
5342,SO-0005342,61,2023-11-09,9,PARTIAL
5343,SO-0005343,27,2025-01-20,3,PARTIAL
5344,SO-0005344,27,2023-07-06,12,SHIPPED
5345,SO-0005345,32,2024-09-05,7,OPEN
5346,SO-0005346,70,2025-07-08,8,SHIPPED
5347,SO-0005347,49,2025-08-01,11,PARTIAL
5348,SO-0005348,63,2024-03-25,10,OPEN
5349,SO-0005349,31,2023-09-22,3,SHIPPED
5350,SO-0005350,11,2026-06-07,9,OPEN
5351,SO-0005351,70,2024-06-06,5,OPEN
5352,SO-0005352,47,2025-07-11,7,SHIPPED
5353,SO-0005353,58,2025-01-21,6,SHIPPED
5354,SO-0005354,49,2024-09-27,4,OPEN
5355,SO-0005355,12,2025-02-22,3,SHIPPED
5356,SO-0005356,73,2024-07-23,2,PARTIAL
5357,SO-0005357,29,2026-09-16,5,OPEN
5358,SO-0005358,72,2023-06-03,7,SHIPPED
5359,SO-0005359,25,2026-05-12,12,PARTIAL
5360,SO-0005360,53,2023-12-09,1,OPEN
5361,SO-0005361,30,2025-04-20,6,SHIPPED
5362,SO-0005362,65,2024-09-09,12,SHIPPED
5363,SO-0005363,12,2025-12-14,3,SHIPPED
5364,SO-0005364,4,2024-04-29,3,SHIPPED
5365,SO-0005365,68,2026-07-18,6,SHIPPED
5366,SO-0005366,42,2024-01-02,2,SHIPPED
5367,SO-0005367,66,2023-05-22,7,SHIPPED
5368,SO-0005368,24,2026-03-29,9,PARTIAL
5369,SO-0005369,18,2023-11-01,3,SHIPPED
5370,SO-0005370,46,2024-10-20,5,SHIPPED
5371,SO-0005371,24,2026-08-20,9,SHIPPED
5372,SO-0005372,54,2023-04-28,9,PARTIAL
5373,SO-0005373,38,2023-12-20,4,SHIPPED
5374,SO-0005374,21,2026-07-28,4,OPEN
5375,SO-0005375,39,2024-12-16,11,SHIPPED
5376,SO-0005376,5,2025-04-22,2,SHIPPED
5377,SO-0005377,2,2023-04-12,8,PARTIAL
5378,SO-0005378,28,2024-07-29,7,SHIPPED
5379,SO-0005379,43,2025-02-03,3,SHIPPED
5380,SO-0005380,24,2025-05-17,12,SHIPPED
5381,SO-0005381,55,2025-01-10,6,OPEN
5382,SO-0005382,45,2025-11-15,3,PARTIAL
5383,SO-0005383,39,2023-10-21,6,SHIPPED
5384,SO-0005384,25,2024-05-28,3,SHIPPED
5385,SO-0005385,3,2026-06-14,9,OPEN
5386,SO-0005386,75,2023-05-02,1,SHIPPED
5387,SO-0005387,80,2025-04-15,8,OPEN
5388,SO-0005388,37,2024-04-01,11,OPEN
5389,SO-0005389,31,2026-09-27,5,PARTIAL
5390,SO-0005390,51,2024-11-17,5,SHIPPED
5391,SO-0005391,32,2025-04-24,12,OPEN
5392,SO-0005392,37,2023-10-02,9,PARTIAL
5393,SO-0005393,74,2024-11-08,12,PARTIAL
5394,SO-0005394,40,2026-02-08,6,SHIPPED
5395,SO-0005395,9,2025-08-16,3,SHIPPED
5396,SO-0005396,32,2025-11-21,12,SHIPPED
5397,SO-0005397,71,2024-10-16,7,SHIPPED
5398,SO-0005398,13,2023-11-06,2,PARTIAL
5399,SO-0005399,32,2025-10-29,3,SHIPPED
5400,SO-0005400,43,2023-03-22,3,PARTIAL
5401,SO-0005401,47,2024-10-22,3,SHIPPED
5402,SO-0005402,37,2024-10-13,10,SHIPPED
5403,SO-0005403,27,2023-11-22,8,SHIPPED
5404,SO-0005404,64,2026-02-11,12,OPEN
5405,SO-0005405,49,2025-03-24,7,SHIPPED
5406,SO-0005406,50,2023-11-23,12,OPEN
5407,SO-0005407,53,2026-07-20,1,OPEN
5408,SO-0005408,7,2025-04-02,9,PARTIAL
5409,SO-0005409,29,2024-05-18,4,PARTIAL
5410,SO-0005410,34,2025-05-21,4,SHIPPED
5411,SO-0005411,31,2023-07-12,12,SHIPPED
5412,SO-0005412,35,2023-10-05,6,PARTIAL
5413,SO-0005413,71,2024-09-07,7,PARTIAL
5414,SO-0005414,64,2023-12-02,11,SHIPPED
5415,SO-0005415,49,2025-02-27,2,SHIPPED
5416,SO-0005416,45,2026-06-15,2,SHIPPED
5417,SO-0005417,3,2023-08-23,4,OPEN
5418,SO-0005418,39,2026-06-16,12,OPEN
5419,SO-0005419,20,2024-03-27,2,OPEN
5420,SO-0005420,34,2023-09-10,1,OPEN
5421,SO-0005421,18,2026-09-01,9,OPEN
5422,SO-0005422,1,2026-07-04,12,SHIPPED
5423,SO-0005423,18,2023-08-01,7,SHIPPED
5424,SO-0005424,65,2024-07-31,11,SHIPPED
5425,SO-0005425,46,2024-10-31,4,SHIPPED
5426,SO-0005426,45,2023-09-25,10,PARTIAL
5427,SO-0005427,9,2025-02-02,1,SHIPPED
5428,SO-0005428,18,2023-04-09,10,OPEN
5429,SO-0005429,11,2024-05-14,12,OPEN
5430,SO-0005430,2,2023-04-10,2,SHIPPED
5431,SO-0005431,6,2024-06-30,6,PARTIAL
5432,SO-0005432,4,2024-08-15,6,SHIPPED
5433,SO-0005433,13,2026-01-02,6,SHIPPED
5434,SO-0005434,31,2024-05-11,11,SHIPPED
5435,SO-0005435,37,2026-07-31,7,SHIPPED
5436,SO-0005436,46,2024-04-15,7,SHIPPED
5437,SO-0005437,64,2025-03-28,4,SHIPPED
5438,SO-0005438,19,2024-08-01,6,SHIPPED
5439,SO-0005439,69,2023-02-11,8,PARTIAL
5440,SO-0005440,51,2024-06-25,12,SHIPPED
5441,SO-0005441,32,2026-01-12,5,OPEN
5442,SO-0005442,23,2023-01-27,5,SHIPPED
5443,SO-0005443,5,2023-08-31,1,SHIPPED
5444,SO-0005444,38,2025-01-15,12,PARTIAL
5445,SO-0005445,61,2024-09-04,2,SHIPPED
5446,SO-0005446,77,2023-05-25,5,SHIPPED
5447,SO-0005447,3,2024-03-12,11,SHIPPED
5448,SO-0005448,21,2026-05-11,11,SHIPPED
5449,SO-0005449,57,2026-09-21,6,SHIPPED
5450,SO-0005450,50,2025-10-20,2,SHIPPED
5451,SO-0005451,29,2025-02-09,6,OPEN
5452,SO-0005452,71,2024-02-22,9,SHIPPED
5453,SO-0005453,79,2026-08-16,4,OPEN
5454,SO-0005454,21,2026-04-05,3,SHIPPED
5455,SO-0005455,54,2025-10-21,10,SHIPPED
5456,SO-0005456,42,2023-08-19,8,SHIPPED
5457,SO-0005457,40,2026-06-27,12,SHIPPED
5458,SO-0005458,79,2026-02-17,8,OPEN
5459,SO-0005459,51,2025-04-01,6,SHIPPED
5460,SO-0005460,79,2026-09-16,1,SHIPPED
5461,SO-0005461,19,2025-05-03,8,PARTIAL
5462,SO-0005462,71,2023-02-01,8,SHIPPED
5463,SO-0005463,58,2023-07-03,2,SHIPPED
5464,SO-0005464,79,2023-03-06,8,SHIPPED
5465,SO-0005465,47,2025-06-23,2,SHIPPED
5466,SO-0005466,46,2024-09-21,5,PARTIAL
5467,SO-0005467,5,2023-02-25,8,SHIPPED
5468,SO-0005468,39,2025-03-19,4,OPEN
5469,SO-0005469,12,2026-05-17,2,SHIPPED
5470,SO-0005470,61,2023-10-14,10,PARTIAL
5471,SO-0005471,40,2023-08-07,9,PARTIAL
5472,SO-0005472,40,2025-12-09,11,SHIPPED
5473,SO-0005473,41,2024-08-24,7,PARTIAL
5474,SO-0005474,2,2023-09-10,6,SHIPPED
5475,SO-0005475,23,2025-12-12,12,PARTIAL
5476,SO-0005476,25,2023-11-28,4,OPEN
5477,SO-0005477,29,2025-08-15,7,SHIPPED
5478,SO-0005478,65,2026-05-11,3,SHIPPED
5479,SO-0005479,49,2026-01-18,5,PARTIAL
5480,SO-0005480,25,2024-10-31,9,SHIPPED
5481,SO-0005481,52,2023-05-04,3,SHIPPED
5482,SO-0005482,17,2025-10-09,6,SHIPPED
5483,SO-0005483,79,2024-08-24,1,SHIPPED
5484,SO-0005484,50,2023-02-06,9,SHIPPED
5485,SO-0005485,22,2023-08-04,7,SHIPPED
5486,SO-0005486,54,2025-01-03,11,SHIPPED
5487,SO-0005487,30,2024-01-07,5,SHIPPED
5488,SO-0005488,53,2023-07-21,5,SHIPPED
5489,SO-0005489,18,2025-06-20,10,OPEN
5490,SO-0005490,11,2025-05-23,8,SHIPPED
5491,SO-0005491,53,2025-02-07,9,SHIPPED
5492,SO-0005492,18,2026-02-09,3,SHIPPED
5493,SO-0005493,64,2023-09-14,10,SHIPPED
5494,SO-0005494,21,2025-02-12,5,SHIPPED
5495,SO-0005495,42,2025-02-12,12,OPEN
5496,SO-0005496,66,2025-03-15,3,SHIPPED
5497,SO-0005497,57,2024-08-24,7,OPEN
5498,SO-0005498,59,2024-08-30,11,SHIPPED
5499,SO-0005499,7,2025-08-17,5,SHIPPED
5500,SO-0005500,3,2024-12-10,12,OPEN
5501,SO-0005501,56,2024-11-17,8,OPEN
5502,SO-0005502,76,2026-04-25,5,PARTIAL
5503,SO-0005503,63,2025-10-25,9,SHIPPED
5504,SO-0005504,45,2024-09-18,8,OPEN
5505,SO-0005505,10,2025-04-05,11,PARTIAL
5506,SO-0005506,27,2026-05-16,12,SHIPPED
5507,SO-0005507,30,2023-11-29,9,SHIPPED
5508,SO-0005508,30,2024-07-26,6,OPEN
5509,SO-0005509,35,2023-02-09,8,OPEN
5510,SO-0005510,71,2024-08-21,3,SHIPPED
5511,SO-0005511,43,2026-07-15,3,SHIPPED
5512,SO-0005512,62,2023-01-25,9,SHIPPED
5513,SO-0005513,45,2025-11-05,5,OPEN
5514,SO-0005514,62,2025-11-22,6,SHIPPED
5515,SO-0005515,30,2025-04-08,11,SHIPPED
5516,SO-0005516,2,2026-06-11,1,PARTIAL
5517,SO-0005517,56,2023-07-28,5,SHIPPED
5518,SO-0005518,20,2024-06-05,7,PARTIAL
5519,SO-0005519,29,2023-10-13,2,OPEN
5520,SO-0005520,43,2025-01-24,10,SHIPPED
5521,SO-0005521,55,2025-10-17,2,SHIPPED
5522,SO-0005522,22,2024-06-27,6,SHIPPED
5523,SO-0005523,72,2026-02-12,12,SHIPPED
5524,SO-0005524,36,2023-03-05,10,OPEN
5525,SO-0005525,66,2026-08-17,10,SHIPPED
5526,SO-0005526,35,2026-03-28,2,SHIPPED
5527,SO-0005527,12,2025-08-22,9,OPEN
5528,SO-0005528,55,2025-08-07,4,SHIPPED
5529,SO-0005529,54,2026-02-08,8,OPEN
5530,SO-0005530,46,2024-04-10,12,SHIPPED
5531,SO-0005531,35,2023-01-02,12,PARTIAL
5532,SO-0005532,10,2023-07-07,11,OPEN
5533,SO-0005533,43,2026-03-27,12,SHIPPED
5534,SO-0005534,15,2025-01-10,5,SHIPPED
5535,SO-0005535,79,2024-11-24,4,SHIPPED
5536,SO-0005536,73,2025-09-21,4,SHIPPED
5537,SO-0005537,8,2024-12-13,7,SHIPPED
5538,SO-0005538,7,2024-04-01,1,OPEN
5539,SO-0005539,45,2024-07-01,6,SHIPPED
5540,SO-0005540,69,2026-08-24,5,SHIPPED
5541,SO-0005541,63,2026-04-14,5,PARTIAL
5542,SO-0005542,70,2023-11-25,2,SHIPPED
5543,SO-0005543,13,2024-12-29,4,SHIPPED
5544,SO-0005544,70,2025-11-29,5,PARTIAL
5545,SO-0005545,17,2025-11-29,11,OPEN
5546,SO-0005546,36,2024-10-03,4,OPEN
5547,SO-0005547,57,2025-07-07,4,SHIPPED
5548,SO-0005548,38,2024-12-08,1,SHIPPED
5549,SO-0005549,55,2024-06-12,11,SHIPPED
5550,SO-0005550,28,2023-03-10,2,OPEN
5551,SO-0005551,77,2025-05-12,3,OPEN
5552,SO-0005552,4,2023-10-23,9,SHIPPED
5553,SO-0005553,76,2024-10-23,6,PARTIAL
5554,SO-0005554,26,2024-10-19,8,SHIPPED
5555,SO-0005555,2,2025-08-12,10,PARTIAL
5556,SO-0005556,12,2023-07-11,12,SHIPPED
5557,SO-0005557,18,2024-01-09,3,PARTIAL
5558,SO-0005558,37,2023-02-13,11,SHIPPED
5559,SO-0005559,56,2024-01-26,8,SHIPPED
5560,SO-0005560,45,2023-03-24,10,SHIPPED
5561,SO-0005561,69,2023-12-01,2,SHIPPED
5562,SO-0005562,68,2023-10-13,8,OPEN
5563,SO-0005563,22,2023-07-18,9,SHIPPED
5564,SO-0005564,29,2023-04-04,1,PARTIAL
5565,SO-0005565,36,2025-06-17,5,SHIPPED
5566,SO-0005566,58,2023-10-17,9,OPEN
5567,SO-0005567,71,2023-03-14,10,SHIPPED
5568,SO-0005568,17,2024-05-17,1,SHIPPED
5569,SO-0005569,57,2023-09-05,5,OPEN
5570,SO-0005570,65,2023-07-15,10,SHIPPED
5571,SO-0005571,23,2024-05-31,11,OPEN
5572,SO-0005572,15,2026-04-27,7,SHIPPED
5573,SO-0005573,27,2026-06-22,6,PARTIAL
5574,SO-0005574,68,2023-10-30,10,SHIPPED
5575,SO-0005575,29,2023-01-06,7,SHIPPED
5576,SO-0005576,53,2023-12-08,12,SHIPPED
5577,SO-0005577,79,2023-05-18,10,SHIPPED
5578,SO-0005578,2,2024-03-07,5,PARTIAL
5579,SO-0005579,24,2024-03-24,2,PARTIAL
5580,SO-0005580,72,2024-10-12,6,SHIPPED
5581,SO-0005581,12,2024-03-17,12,PARTIAL
5582,SO-0005582,1,2023-06-08,7,SHIPPED
5583,SO-0005583,62,2026-09-27,7,SHIPPED
5584,SO-0005584,54,2024-07-26,8,OPEN
5585,SO-0005585,16,2024-12-13,3,SHIPPED
5586,SO-0005586,31,2024-02-13,2,SHIPPED
5587,SO-0005587,20,2025-09-20,12,SHIPPED
5588,SO-0005588,2,2023-11-24,4,PARTIAL
5589,SO-0005589,20,2025-06-16,11,OPEN
5590,SO-0005590,4,2024-04-06,7,SHIPPED
5591,SO-0005591,47,2026-01-17,2,OPEN
5592,SO-0005592,49,2025-07-04,8,SHIPPED
5593,SO-0005593,71,2025-09-28,11,SHIPPED
5594,SO-0005594,55,2025-05-04,3,SHIPPED
5595,SO-0005595,76,2025-11-16,5,SHIPPED
5596,SO-0005596,39,2025-01-16,6,PARTIAL
5597,SO-0005597,58,2026-03-26,1,OPEN
5598,SO-0005598,17,2024-06-11,2,SHIPPED
5599,SO-0005599,7,2024-12-03,4,SHIPPED
5600,SO-0005600,72,2026-03-05,7,SHIPPED
5601,SO-0005601,71,2026-05-03,9,OPEN
5602,SO-0005602,6,2025-12-26,9,OPEN
5603,SO-0005603,77,2025-07-25,9,PARTIAL
5604,SO-0005604,19,2023-10-04,6,SHIPPED
5605,SO-0005605,50,2025-05-23,3,SHIPPED
5606,SO-0005606,42,2026-03-27,12,SHIPPED
5607,SO-0005607,5,2026-08-06,3,SHIPPED
5608,SO-0005608,6,2026-04-25,7,SHIPPED
5609,SO-0005609,4,2026-01-31,12,SHIPPED
5610,SO-0005610,63,2024-12-23,11,SHIPPED
5611,SO-0005611,50,2024-04-12,7,SHIPPED
5612,SO-0005612,72,2024-01-03,7,OPEN
5613,SO-0005613,72,2023-01-19,12,PARTIAL
5614,SO-0005614,38,2023-01-09,5,PARTIAL
5615,SO-0005615,16,2025-10-16,5,SHIPPED
5616,SO-0005616,7,2024-09-06,2,SHIPPED
5617,SO-0005617,74,2026-06-08,7,SHIPPED
5618,SO-0005618,35,2026-02-20,3,SHIPPED
5619,SO-0005619,2,2024-11-21,3,SHIPPED
5620,SO-0005620,78,2023-03-23,10,OPEN
5621,SO-0005621,3,2026-08-13,12,SHIPPED
5622,SO-0005622,36,2024-03-06,11,PARTIAL
5623,SO-0005623,69,2023-02-19,3,PARTIAL
5624,SO-0005624,38,2025-12-27,12,SHIPPED
5625,SO-0005625,3,2026-04-08,6,OPEN
5626,SO-0005626,74,2023-09-26,10,PARTIAL
5627,SO-0005627,21,2024-06-30,8,SHIPPED
5628,SO-0005628,50,2025-04-10,4,SHIPPED
5629,SO-0005629,4,2024-11-10,9,SHIPPED
5630,SO-0005630,69,2026-05-14,10,PARTIAL
5631,SO-0005631,68,2025-09-02,4,SHIPPED
5632,SO-0005632,54,2026-03-18,7,SHIPPED
5633,SO-0005633,4,2024-04-12,2,OPEN
5634,SO-0005634,27,2025-01-18,7,SHIPPED
5635,SO-0005635,64,2024-08-04,11,SHIPPED
5636,SO-0005636,27,2026-04-06,10,SHIPPED
5637,SO-0005637,64,2023-03-07,9,SHIPPED
5638,SO-0005638,14,2026-06-24,8,SHIPPED
5639,SO-0005639,10,2023-06-16,9,SHIPPED
5640,SO-0005640,13,2024-02-08,6,SHIPPED
5641,SO-0005641,58,2025-06-27,5,OPEN
5642,SO-0005642,21,2024-05-11,7,SHIPPED
5643,SO-0005643,64,2024-04-03,2,SHIPPED
5644,SO-0005644,52,2023-10-18,9,PARTIAL
5645,SO-0005645,46,2024-11-16,10,OPEN
5646,SO-0005646,3,2023-03-03,1,OPEN
5647,SO-0005647,9,2023-05-12,2,SHIPPED
5648,SO-0005648,46,2023-10-08,7,SHIPPED
5649,SO-0005649,71,2024-04-15,5,OPEN
5650,SO-0005650,48,2024-08-18,5,SHIPPED
5651,SO-0005651,57,2025-04-10,8,SHIPPED
5652,SO-0005652,66,2023-09-07,10,SHIPPED
5653,SO-0005653,77,2024-05-19,3,PARTIAL
5654,SO-0005654,48,2024-02-27,2,PARTIAL
5655,SO-0005655,60,2026-08-21,8,SHIPPED
5656,SO-0005656,24,2024-12-28,3,SHIPPED
5657,SO-0005657,49,2024-09-17,1,PARTIAL
5658,SO-0005658,76,2026-02-01,12,SHIPPED
5659,SO-0005659,58,2025-06-28,9,PARTIAL
5660,SO-0005660,19,2023-08-01,10,SHIPPED
5661,SO-0005661,17,2023-01-13,7,SHIPPED
5662,SO-0005662,56,2025-11-07,7,OPEN
5663,SO-0005663,19,2025-01-25,11,SHIPPED
5664,SO-0005664,50,2023-09-11,12,SHIPPED
5665,SO-0005665,17,2023-07-27,6,OPEN
5666,SO-0005666,18,2026-06-12,1,PARTIAL
5667,SO-0005667,44,2023-04-01,11,SHIPPED
5668,SO-0005668,17,2023-02-05,1,SHIPPED
5669,SO-0005669,72,2024-11-23,2,OPEN
5670,SO-0005670,23,2023-01-24,5,PARTIAL
5671,SO-0005671,39,2026-06-12,6,SHIPPED
5672,SO-0005672,12,2025-04-19,6,OPEN
5673,SO-0005673,18,2024-02-14,12,SHIPPED
5674,SO-0005674,15,2025-07-08,6,SHIPPED
5675,SO-0005675,39,2026-02-06,4,SHIPPED
5676,SO-0005676,46,2025-03-07,7,SHIPPED
5677,SO-0005677,48,2023-07-24,9,SHIPPED
5678,SO-0005678,39,2024-06-22,8,PARTIAL
5679,SO-0005679,31,2023-03-12,8,OPEN
5680,SO-0005680,26,2023-09-22,8,PARTIAL
5681,SO-0005681,2,2025-06-18,8,PARTIAL
5682,SO-0005682,8,2023-08-19,12,PARTIAL
5683,SO-0005683,65,2023-03-01,10,SHIPPED
5684,SO-0005684,54,2024-11-04,10,PARTIAL
5685,SO-0005685,13,2024-12-13,10,SHIPPED
5686,SO-0005686,69,2026-09-08,3,PARTIAL
5687,SO-0005687,29,2026-09-23,12,SHIPPED
5688,SO-0005688,71,2023-06-28,3,SHIPPED
5689,SO-0005689,9,2024-03-07,9,SHIPPED
5690,SO-0005690,56,2026-02-13,11,SHIPPED
5691,SO-0005691,1,2026-05-24,7,SHIPPED
5692,SO-0005692,45,2023-07-26,9,SHIPPED
5693,SO-0005693,57,2026-07-16,4,PARTIAL
5694,SO-0005694,58,2026-04-23,10,SHIPPED
5695,SO-0005695,13,2024-11-18,3,SHIPPED
5696,SO-0005696,39,2023-06-18,8,SHIPPED
5697,SO-0005697,21,2024-10-15,3,SHIPPED
5698,SO-0005698,66,2025-06-22,6,PARTIAL
5699,SO-0005699,80,2026-09-21,4,OPEN
5700,SO-0005700,27,2024-05-22,6,SHIPPED
5701,SO-0005701,15,2025-11-11,12,SHIPPED
5702,SO-0005702,49,2023-11-30,4,SHIPPED
5703,SO-0005703,7,2025-03-04,1,SHIPPED
5704,SO-0005704,15,2025-12-24,7,SHIPPED
5705,SO-0005705,47,2024-09-24,10,PARTIAL
5706,SO-0005706,54,2023-11-16,5,SHIPPED
5707,SO-0005707,48,2024-08-10,11,PARTIAL
5708,SO-0005708,17,2026-05-23,2,OPEN
5709,SO-0005709,77,2025-09-22,7,OPEN
5710,SO-0005710,27,2024-08-16,3,OPEN
5711,SO-0005711,62,2025-08-10,9,SHIPPED
5712,SO-0005712,33,2023-01-07,4,SHIPPED
5713,SO-0005713,77,2023-11-16,5,SHIPPED
5714,SO-0005714,23,2023-01-19,7,OPEN
5715,SO-0005715,4,2024-03-01,4,SHIPPED
5716,SO-0005716,58,2024-10-05,6,SHIPPED
5717,SO-0005717,80,2023-09-12,5,PARTIAL
5718,SO-0005718,63,2023-08-20,7,PARTIAL
5719,SO-0005719,55,2026-04-01,8,SHIPPED
5720,SO-0005720,18,2023-09-11,12,OPEN
5721,SO-0005721,67,2025-03-12,6,PARTIAL
5722,SO-0005722,41,2026-03-18,6,PARTIAL
5723,SO-0005723,2,2024-05-10,6,PARTIAL
5724,SO-0005724,49,2023-05-06,9,SHIPPED
5725,SO-0005725,7,2025-09-21,6,SHIPPED
5726,SO-0005726,47,2023-08-21,10,OPEN
5727,SO-0005727,13,2023-11-17,2,SHIPPED
5728,SO-0005728,32,2024-01-17,10,PARTIAL
5729,SO-0005729,26,2024-08-11,6,PARTIAL
5730,SO-0005730,33,2024-05-31,3,SHIPPED
5731,SO-0005731,19,2024-08-16,7,OPEN
5732,SO-0005732,38,2026-05-30,3,OPEN
5733,SO-0005733,12,2023-12-18,9,PARTIAL
5734,SO-0005734,36,2026-02-16,12,PARTIAL
5735,SO-0005735,39,2023-05-01,6,SHIPPED
5736,SO-0005736,16,2023-07-20,7,PARTIAL
5737,SO-0005737,55,2024-10-16,1,OPEN
5738,SO-0005738,35,2023-06-20,11,SHIPPED
5739,SO-0005739,35,2025-11-12,12,OPEN
5740,SO-0005740,73,2023-04-04,7,OPEN
5741,SO-0005741,34,2024-03-05,12,PARTIAL
5742,SO-0005742,56,2023-12-13,12,PARTIAL
5743,SO-0005743,80,2024-07-26,2,SHIPPED
5744,SO-0005744,3,2025-10-12,10,OPEN
5745,SO-0005745,52,2024-06-20,10,SHIPPED
5746,SO-0005746,39,2025-10-03,8,SHIPPED
5747,SO-0005747,26,2024-04-25,7,OPEN
5748,SO-0005748,27,2023-09-30,7,SHIPPED
5749,SO-0005749,26,2023-06-05,6,SHIPPED
5750,SO-0005750,56,2026-01-21,3,SHIPPED
5751,SO-0005751,9,2023-08-06,7,OPEN
5752,SO-0005752,80,2025-05-17,8,SHIPPED
5753,SO-0005753,8,2024-11-20,11,SHIPPED
5754,SO-0005754,18,2023-05-05,3,SHIPPED
5755,SO-0005755,40,2026-09-17,5,PARTIAL
5756,SO-0005756,29,2025-03-10,3,SHIPPED
5757,SO-0005757,47,2023-02-27,5,SHIPPED
5758,SO-0005758,63,2024-02-10,5,SHIPPED
5759,SO-0005759,9,2026-07-22,7,SHIPPED
5760,SO-0005760,61,2024-05-06,12,SHIPPED
5761,SO-0005761,12,2026-03-28,9,OPEN
5762,SO-0005762,70,2025-05-06,7,OPEN
5763,SO-0005763,24,2024-01-22,7,SHIPPED
5764,SO-0005764,76,2024-04-05,8,PARTIAL
5765,SO-0005765,11,2026-01-20,1,PARTIAL
5766,SO-0005766,22,2025-12-24,11,SHIPPED
5767,SO-0005767,37,2026-08-30,10,OPEN
5768,SO-0005768,78,2024-09-17,9,SHIPPED
5769,SO-0005769,73,2025-08-16,5,SHIPPED
5770,SO-0005770,41,2023-07-04,3,SHIPPED
5771,SO-0005771,42,2024-11-27,4,PARTIAL
5772,SO-0005772,41,2026-07-20,12,OPEN
5773,SO-0005773,41,2023-08-31,9,SHIPPED
5774,SO-0005774,28,2026-02-25,10,SHIPPED
5775,SO-0005775,75,2024-01-07,3,OPEN
5776,SO-0005776,36,2023-09-03,12,PARTIAL
5777,SO-0005777,26,2023-09-14,9,SHIPPED
5778,SO-0005778,79,2024-09-25,2,SHIPPED
5779,SO-0005779,49,2026-07-21,1,SHIPPED
5780,SO-0005780,71,2024-01-01,4,SHIPPED
5781,SO-0005781,60,2026-06-07,10,PARTIAL
5782,SO-0005782,59,2024-08-04,9,OPEN
5783,SO-0005783,67,2024-01-15,8,SHIPPED
5784,SO-0005784,41,2024-11-02,12,PARTIAL
5785,SO-0005785,69,2025-04-19,12,PARTIAL
5786,SO-0005786,27,2024-07-15,4,PARTIAL
5787,SO-0005787,62,2025-12-08,7,SHIPPED
5788,SO-0005788,65,2024-10-03,9,SHIPPED
5789,SO-0005789,17,2023-10-21,10,SHIPPED
5790,SO-0005790,43,2025-08-07,5,SHIPPED
5791,SO-0005791,62,2023-02-07,12,OPEN
5792,SO-0005792,21,2026-01-25,8,PARTIAL
5793,SO-0005793,55,2025-11-15,3,PARTIAL
5794,SO-0005794,53,2024-10-16,12,SHIPPED
5795,SO-0005795,64,2025-05-12,11,PARTIAL
5796,SO-0005796,8,2025-09-23,2,SHIPPED
5797,SO-0005797,71,2023-10-26,7,PARTIAL
5798,SO-0005798,11,2023-02-17,2,SHIPPED
5799,SO-0005799,32,2024-03-17,2,SHIPPED
5800,SO-0005800,75,2025-08-18,10,SHIPPED
5801,SO-0005801,29,2024-01-30,3,SHIPPED
5802,SO-0005802,28,2026-02-25,12,SHIPPED
5803,SO-0005803,2,2024-05-04,6,SHIPPED
5804,SO-0005804,50,2024-10-01,1,SHIPPED
5805,SO-0005805,56,2024-04-08,10,PARTIAL
5806,SO-0005806,67,2025-10-31,2,OPEN
5807,SO-0005807,49,2026-08-15,9,SHIPPED
5808,SO-0005808,2,2026-02-13,10,SHIPPED
5809,SO-0005809,10,2023-08-10,1,OPEN
5810,SO-0005810,75,2024-11-28,3,SHIPPED
5811,SO-0005811,47,2026-04-07,10,PARTIAL
5812,SO-0005812,25,2026-04-11,12,SHIPPED
5813,SO-0005813,72,2024-11-13,6,SHIPPED
5814,SO-0005814,25,2023-03-20,6,SHIPPED
5815,SO-0005815,6,2025-12-02,9,SHIPPED
5816,SO-0005816,44,2023-01-13,1,OPEN
5817,SO-0005817,50,2023-11-10,2,PARTIAL
5818,SO-0005818,52,2024-02-28,4,SHIPPED
5819,SO-0005819,54,2025-05-02,9,PARTIAL
5820,SO-0005820,55,2025-05-04,6,PARTIAL
5821,SO-0005821,75,2023-07-19,9,OPEN
5822,SO-0005822,40,2026-06-07,8,PARTIAL
5823,SO-0005823,55,2026-01-13,1,SHIPPED
5824,SO-0005824,51,2026-01-29,6,OPEN
5825,SO-0005825,6,2024-06-12,11,SHIPPED
5826,SO-0005826,67,2023-09-01,7,SHIPPED
5827,SO-0005827,40,2024-03-18,10,SHIPPED
5828,SO-0005828,59,2024-06-17,12,SHIPPED
5829,SO-0005829,78,2025-04-02,10,SHIPPED
5830,SO-0005830,22,2024-04-25,3,SHIPPED
5831,SO-0005831,53,2025-08-15,9,OPEN
5832,SO-0005832,52,2024-05-29,6,SHIPPED
5833,SO-0005833,56,2024-07-04,8,SHIPPED
5834,SO-0005834,4,2026-01-05,10,SHIPPED
5835,SO-0005835,39,2023-06-07,5,PARTIAL
5836,SO-0005836,18,2024-04-11,3,PARTIAL
5837,SO-0005837,2,2024-08-05,6,SHIPPED
5838,SO-0005838,35,2026-07-28,12,PARTIAL
5839,SO-0005839,72,2025-04-12,7,PARTIAL
5840,SO-0005840,18,2024-06-07,9,SHIPPED
5841,SO-0005841,68,2025-04-23,1,SHIPPED
5842,SO-0005842,65,2024-07-08,1,SHIPPED
5843,SO-0005843,53,2025-07-11,9,PARTIAL
5844,SO-0005844,56,2023-06-15,6,SHIPPED
5845,SO-0005845,26,2025-01-03,5,SHIPPED
5846,SO-0005846,38,2023-06-15,5,PARTIAL
5847,SO-0005847,42,2024-04-12,3,SHIPPED
5848,SO-0005848,9,2025-01-25,9,SHIPPED
5849,SO-0005849,1,2024-04-30,10,OPEN
5850,SO-0005850,76,2023-10-10,2,SHIPPED
5851,SO-0005851,63,2024-12-31,6,SHIPPED
5852,SO-0005852,19,2023-10-06,2,SHIPPED
5853,SO-0005853,49,2025-08-26,2,PARTIAL
5854,SO-0005854,27,2023-03-24,9,SHIPPED
5855,SO-0005855,31,2023-09-14,4,SHIPPED
5856,SO-0005856,6,2025-10-13,7,OPEN
5857,SO-0005857,11,2026-07-23,7,SHIPPED
5858,SO-0005858,25,2023-04-05,5,SHIPPED
5859,SO-0005859,2,2024-12-24,1,SHIPPED
5860,SO-0005860,29,2024-01-18,9,PARTIAL
5861,SO-0005861,15,2023-05-21,1,SHIPPED
5862,SO-0005862,21,2023-05-07,8,SHIPPED
5863,SO-0005863,3,2026-05-16,7,SHIPPED
5864,SO-0005864,8,2026-02-18,3,OPEN
5865,SO-0005865,15,2025-08-02,10,SHIPPED
5866,SO-0005866,77,2025-05-17,4,PARTIAL
5867,SO-0005867,16,2026-04-22,3,SHIPPED
5868,SO-0005868,41,2023-09-15,11,SHIPPED
5869,SO-0005869,57,2023-04-11,3,SHIPPED
5870,SO-0005870,45,2025-05-01,3,SHIPPED
5871,SO-0005871,45,2026-03-27,6,OPEN
5872,SO-0005872,70,2025-11-18,3,OPEN
5873,SO-0005873,69,2023-01-28,4,SHIPPED
5874,SO-0005874,50,2023-02-17,2,OPEN
5875,SO-0005875,14,2024-05-07,10,SHIPPED
5876,SO-0005876,40,2025-07-08,7,SHIPPED
5877,SO-0005877,17,2023-01-16,12,PARTIAL
5878,SO-0005878,68,2024-07-26,7,PARTIAL
5879,SO-0005879,39,2023-02-05,7,SHIPPED
5880,SO-0005880,32,2023-07-04,12,SHIPPED
5881,SO-0005881,3,2023-01-05,1,SHIPPED
5882,SO-0005882,38,2026-03-20,1,SHIPPED
5883,SO-0005883,13,2023-01-21,7,OPEN
5884,SO-0005884,10,2026-04-11,1,SHIPPED
5885,SO-0005885,29,2023-05-20,2,SHIPPED
5886,SO-0005886,29,2026-02-03,5,PARTIAL
5887,SO-0005887,54,2023-07-18,9,PARTIAL
5888,SO-0005888,76,2023-02-17,5,SHIPPED
5889,SO-0005889,71,2024-08-23,2,OPEN
5890,SO-0005890,62,2026-08-27,1,OPEN
5891,SO-0005891,34,2024-07-01,4,SHIPPED
5892,SO-0005892,41,2024-07-17,1,SHIPPED
5893,SO-0005893,50,2023-12-04,2,SHIPPED
5894,SO-0005894,15,2026-08-09,11,SHIPPED
5895,SO-0005895,30,2026-06-07,10,SHIPPED
5896,SO-0005896,74,2023-12-16,4,SHIPPED
5897,SO-0005897,6,2024-05-19,8,OPEN
5898,SO-0005898,12,2026-08-19,8,SHIPPED
5899,SO-0005899,25,2023-02-25,8,PARTIAL
5900,SO-0005900,47,2025-09-01,9,OPEN
5901,SO-0005901,40,2025-09-19,3,SHIPPED
5902,SO-0005902,62,2025-05-27,4,SHIPPED
5903,SO-0005903,18,2024-03-13,6,PARTIAL
5904,SO-0005904,62,2024-11-03,12,OPEN
5905,SO-0005905,40,2023-02-16,2,PARTIAL
5906,SO-0005906,45,2026-07-15,1,OPEN
5907,SO-0005907,7,2024-01-17,1,PARTIAL
5908,SO-0005908,70,2025-08-21,2,SHIPPED
5909,SO-0005909,15,2023-03-05,8,SHIPPED
5910,SO-0005910,43,2024-07-10,9,OPEN
5911,SO-0005911,69,2026-08-27,7,SHIPPED
5912,SO-0005912,42,2025-08-14,4,SHIPPED
5913,SO-0005913,28,2026-03-07,3,SHIPPED
5914,SO-0005914,37,2024-12-17,3,SHIPPED
5915,SO-0005915,30,2026-03-20,2,SHIPPED
5916,SO-0005916,51,2024-05-24,8,SHIPPED
5917,SO-0005917,54,2023-12-10,3,SHIPPED
5918,SO-0005918,13,2023-09-25,10,SHIPPED
5919,SO-0005919,73,2025-11-18,3,SHIPPED
5920,SO-0005920,40,2023-09-06,7,PARTIAL
5921,SO-0005921,7,2024-09-17,10,OPEN
5922,SO-0005922,18,2023-04-25,10,SHIPPED
5923,SO-0005923,61,2026-09-20,11,SHIPPED
5924,SO-0005924,80,2023-08-04,1,SHIPPED
5925,SO-0005925,11,2023-02-05,8,SHIPPED
5926,SO-0005926,66,2024-05-15,7,PARTIAL
5927,SO-0005927,15,2025-08-24,1,SHIPPED
5928,SO-0005928,55,2023-07-31,10,SHIPPED
5929,SO-0005929,58,2026-05-27,9,SHIPPED
5930,SO-0005930,67,2023-01-04,7,SHIPPED
5931,SO-0005931,24,2026-08-02,12,OPEN
5932,SO-0005932,6,2023-09-15,3,SHIPPED
5933,SO-0005933,34,2023-06-18,11,SHIPPED
5934,SO-0005934,2,2025-08-15,3,SHIPPED
5935,SO-0005935,44,2026-07-24,6,SHIPPED
5936,SO-0005936,37,2026-06-22,1,SHIPPED
5937,SO-0005937,29,2023-06-06,3,SHIPPED
5938,SO-0005938,56,2024-06-18,8,SHIPPED
5939,SO-0005939,18,2026-04-29,5,SHIPPED
5940,SO-0005940,47,2025-06-23,4,OPEN
5941,SO-0005941,19,2024-12-27,4,SHIPPED
5942,SO-0005942,7,2024-10-22,11,SHIPPED
5943,SO-0005943,67,2023-03-08,9,PARTIAL
5944,SO-0005944,61,2023-03-14,11,OPEN
5945,SO-0005945,53,2023-01-19,7,SHIPPED
5946,SO-0005946,65,2026-08-29,4,SHIPPED
5947,SO-0005947,52,2025-05-09,1,SHIPPED
5948,SO-0005948,17,2026-07-06,11,SHIPPED
5949,SO-0005949,41,2023-06-23,10,SHIPPED
5950,SO-0005950,51,2024-04-02,8,OPEN
5951,SO-0005951,13,2026-07-30,2,SHIPPED
5952,SO-0005952,39,2023-05-23,2,PARTIAL
5953,SO-0005953,69,2025-08-11,9,SHIPPED
5954,SO-0005954,4,2024-03-02,10,SHIPPED
5955,SO-0005955,24,2023-08-15,11,SHIPPED
5956,SO-0005956,77,2026-05-25,5,SHIPPED
5957,SO-0005957,1,2024-12-19,8,SHIPPED
5958,SO-0005958,78,2025-03-27,11,OPEN
5959,SO-0005959,71,2023-01-09,7,SHIPPED
5960,SO-0005960,45,2023-06-28,9,PARTIAL
5961,SO-0005961,69,2025-10-14,4,SHIPPED
5962,SO-0005962,3,2024-02-08,2,OPEN
5963,SO-0005963,6,2026-03-03,11,SHIPPED
5964,SO-0005964,42,2024-08-04,10,PARTIAL
5965,SO-0005965,47,2025-03-22,2,SHIPPED
5966,SO-0005966,4,2024-03-06,1,SHIPPED
5967,SO-0005967,28,2025-11-07,2,PARTIAL
5968,SO-0005968,32,2023-01-22,7,SHIPPED
5969,SO-0005969,43,2023-11-22,2,SHIPPED
5970,SO-0005970,31,2023-05-06,5,SHIPPED
5971,SO-0005971,1,2025-09-08,3,SHIPPED
5972,SO-0005972,74,2024-01-10,5,SHIPPED
5973,SO-0005973,69,2025-07-02,8,OPEN
5974,SO-0005974,65,2024-06-21,8,SHIPPED
5975,SO-0005975,78,2024-03-19,5,SHIPPED
5976,SO-0005976,38,2025-10-19,7,SHIPPED
5977,SO-0005977,9,2023-01-14,9,SHIPPED
5978,SO-0005978,67,2023-10-31,12,OPEN
5979,SO-0005979,74,2026-05-17,4,SHIPPED
5980,SO-0005980,39,2023-12-04,8,SHIPPED
5981,SO-0005981,29,2025-02-06,8,SHIPPED
5982,SO-0005982,26,2023-08-26,7,SHIPPED
5983,SO-0005983,3,2026-01-05,4,SHIPPED
5984,SO-0005984,60,2023-04-05,8,PARTIAL
5985,SO-0005985,49,2023-09-21,6,SHIPPED
5986,SO-0005986,9,2023-06-19,2,PARTIAL
5987,SO-0005987,17,2026-08-30,4,SHIPPED
5988,SO-0005988,79,2023-09-24,9,SHIPPED
5989,SO-0005989,79,2026-08-30,7,SHIPPED
5990,SO-0005990,20,2025-08-09,4,OPEN
5991,SO-0005991,2,2026-07-03,12,SHIPPED
5992,SO-0005992,46,2026-09-19,3,SHIPPED
5993,SO-0005993,68,2025-07-12,7,OPEN
5994,SO-0005994,50,2023-02-17,1,PARTIAL
5995,SO-0005995,51,2024-09-25,8,OPEN
5996,SO-0005996,6,2024-03-23,2,SHIPPED
5997,SO-0005997,38,2023-02-04,5,SHIPPED
5998,SO-0005998,35,2025-03-09,5,PARTIAL
5999,SO-0005999,26,2024-03-28,3,SHIPPED
6000,SO-0006000,5,2023-02-15,10,SHIPPED
6001,SO-0006001,17,2023-01-18,11,SHIPPED
6002,SO-0006002,1,2023-12-02,5,SHIPPED
6003,SO-0006003,69,2026-04-08,10,SHIPPED
6004,SO-0006004,66,2025-05-25,8,OPEN
6005,SO-0006005,64,2024-01-22,10,SHIPPED
6006,SO-0006006,56,2024-06-18,6,PARTIAL
6007,SO-0006007,27,2026-04-04,6,OPEN
6008,SO-0006008,60,2024-11-29,12,OPEN
6009,SO-0006009,79,2023-10-05,1,SHIPPED
6010,SO-0006010,77,2025-10-13,5,SHIPPED
6011,SO-0006011,22,2025-10-11,2,SHIPPED
6012,SO-0006012,32,2026-04-30,11,PARTIAL
6013,SO-0006013,45,2024-10-05,6,SHIPPED
6014,SO-0006014,18,2026-06-12,6,SHIPPED
6015,SO-0006015,75,2025-02-06,5,SHIPPED
6016,SO-0006016,23,2025-12-30,11,SHIPPED
6017,SO-0006017,59,2025-10-09,2,OPEN
6018,SO-0006018,34,2025-04-17,10,SHIPPED
6019,SO-0006019,71,2023-05-13,5,OPEN
6020,SO-0006020,47,2023-06-11,10,SHIPPED
6021,SO-0006021,6,2024-04-18,6,OPEN
6022,SO-0006022,7,2025-09-26,2,OPEN
6023,SO-0006023,61,2024-10-01,8,PARTIAL
6024,SO-0006024,19,2024-06-24,1,SHIPPED
6025,SO-0006025,59,2024-02-13,11,SHIPPED
6026,SO-0006026,6,2023-08-22,10,OPEN
6027,SO-0006027,47,2023-07-02,10,OPEN
6028,SO-0006028,55,2025-07-28,11,OPEN
6029,SO-0006029,24,2025-05-27,11,SHIPPED
6030,SO-0006030,32,2025-03-15,10,PARTIAL
6031,SO-0006031,78,2026-05-14,6,SHIPPED
6032,SO-0006032,22,2026-06-05,12,SHIPPED
6033,SO-0006033,20,2024-07-06,4,OPEN
6034,SO-0006034,25,2024-03-27,7,SHIPPED
6035,SO-0006035,35,2025-02-10,1,SHIPPED
6036,SO-0006036,54,2024-04-10,10,OPEN
6037,SO-0006037,45,2023-08-14,11,SHIPPED
6038,SO-0006038,80,2023-02-20,2,OPEN
6039,SO-0006039,30,2023-01-14,8,SHIPPED
6040,SO-0006040,33,2024-09-19,11,PARTIAL
6041,SO-0006041,44,2023-02-10,9,SHIPPED
6042,SO-0006042,6,2026-05-04,6,SHIPPED
6043,SO-0006043,10,2026-04-07,12,OPEN
6044,SO-0006044,36,2023-08-19,4,OPEN
6045,SO-0006045,64,2025-05-13,12,SHIPPED
6046,SO-0006046,66,2024-03-23,4,SHIPPED
6047,SO-0006047,66,2025-08-23,8,SHIPPED
6048,SO-0006048,59,2025-09-15,2,SHIPPED
6049,SO-0006049,66,2025-07-08,2,SHIPPED
6050,SO-0006050,27,2024-04-01,7,SHIPPED
6051,SO-0006051,34,2023-03-06,11,SHIPPED
6052,SO-0006052,80,2024-12-21,11,SHIPPED
6053,SO-0006053,56,2023-09-05,5,SHIPPED
6054,SO-0006054,69,2026-03-22,10,SHIPPED
6055,SO-0006055,8,2023-01-07,10,PARTIAL
6056,SO-0006056,74,2025-08-26,6,PARTIAL
6057,SO-0006057,79,2023-08-27,8,SHIPPED
6058,SO-0006058,65,2025-07-23,3,SHIPPED
6059,SO-0006059,56,2023-12-28,2,PARTIAL
6060,SO-0006060,78,2025-12-30,9,OPEN
6061,SO-0006061,3,2024-07-30,5,SHIPPED
6062,SO-0006062,35,2025-08-22,10,PARTIAL
6063,SO-0006063,74,2026-05-15,5,OPEN
6064,SO-0006064,26,2024-10-19,4,SHIPPED
6065,SO-0006065,60,2024-07-29,6,SHIPPED
6066,SO-0006066,45,2024-09-07,3,SHIPPED
6067,SO-0006067,4,2026-01-29,4,SHIPPED
6068,SO-0006068,69,2024-07-05,12,PARTIAL
6069,SO-0006069,37,2024-11-27,11,SHIPPED
6070,SO-0006070,39,2024-11-18,3,SHIPPED
6071,SO-0006071,46,2025-03-16,8,SHIPPED
6072,SO-0006072,71,2025-10-28,3,SHIPPED
6073,SO-0006073,3,2023-02-25,6,SHIPPED
6074,SO-0006074,80,2025-05-06,8,SHIPPED
6075,SO-0006075,55,2024-09-21,9,SHIPPED
6076,SO-0006076,31,2024-08-15,5,PARTIAL
6077,SO-0006077,65,2025-08-25,4,OPEN
6078,SO-0006078,53,2024-03-06,4,SHIPPED
6079,SO-0006079,3,2025-10-03,4,SHIPPED
6080,SO-0006080,59,2023-10-09,4,SHIPPED
6081,SO-0006081,35,2024-08-03,3,SHIPPED
6082,SO-0006082,11,2023-11-11,12,PARTIAL
6083,SO-0006083,1,2023-10-30,2,PARTIAL
6084,SO-0006084,8,2025-06-17,1,SHIPPED
6085,SO-0006085,20,2024-05-10,10,SHIPPED
6086,SO-0006086,38,2025-09-18,10,OPEN
6087,SO-0006087,66,2024-03-09,5,SHIPPED
6088,SO-0006088,78,2023-03-01,4,SHIPPED
6089,SO-0006089,6,2025-05-17,7,PARTIAL
6090,SO-0006090,74,2024-03-16,1,SHIPPED
6091,SO-0006091,15,2024-12-13,1,PARTIAL
6092,SO-0006092,31,2023-05-26,10,PARTIAL
6093,SO-0006093,68,2023-04-10,8,PARTIAL
6094,SO-0006094,80,2026-02-06,5,PARTIAL
6095,SO-0006095,12,2023-07-04,10,SHIPPED
6096,SO-0006096,32,2026-03-01,2,OPEN
6097,SO-0006097,28,2024-11-30,1,SHIPPED
6098,SO-0006098,50,2025-10-29,8,OPEN
6099,SO-0006099,79,2024-09-20,6,SHIPPED
6100,SO-0006100,24,2023-09-12,2,SHIPPED
6101,SO-0006101,52,2023-05-04,11,PARTIAL
6102,SO-0006102,37,2023-03-29,8,SHIPPED
6103,SO-0006103,21,2026-07-16,9,SHIPPED
6104,SO-0006104,45,2025-03-05,5,SHIPPED
6105,SO-0006105,14,2025-10-12,11,SHIPPED
6106,SO-0006106,17,2024-10-18,10,OPEN
6107,SO-0006107,2,2025-06-02,2,PARTIAL
6108,SO-0006108,43,2023-12-10,3,SHIPPED
6109,SO-0006109,65,2023-10-03,6,SHIPPED
6110,SO-0006110,48,2024-09-14,5,SHIPPED
6111,SO-0006111,69,2025-12-04,9,OPEN
6112,SO-0006112,4,2024-02-02,5,PARTIAL
6113,SO-0006113,30,2023-10-10,5,OPEN
6114,SO-0006114,44,2024-04-08,3,SHIPPED
6115,SO-0006115,42,2024-08-21,1,SHIPPED
6116,SO-0006116,22,2026-09-12,3,SHIPPED
6117,SO-0006117,40,2025-08-06,8,SHIPPED
6118,SO-0006118,45,2026-03-06,3,SHIPPED
6119,SO-0006119,18,2025-12-30,4,SHIPPED
6120,SO-0006120,23,2023-09-23,7,SHIPPED
6121,SO-0006121,10,2026-09-05,5,SHIPPED
6122,SO-0006122,50,2026-03-20,6,PARTIAL
6123,SO-0006123,36,2024-10-12,6,SHIPPED
6124,SO-0006124,35,2025-07-10,10,SHIPPED
6125,SO-0006125,57,2024-07-16,3,SHIPPED
6126,SO-0006126,72,2025-06-06,10,SHIPPED
6127,SO-0006127,42,2025-10-24,7,SHIPPED
6128,SO-0006128,78,2024-10-05,5,SHIPPED
6129,SO-0006129,18,2026-09-17,11,SHIPPED
6130,SO-0006130,1,2023-12-21,8,SHIPPED
6131,SO-0006131,26,2024-08-21,10,OPEN
6132,SO-0006132,16,2026-05-02,10,OPEN
6133,SO-0006133,71,2023-11-19,12,SHIPPED
6134,SO-0006134,13,2024-05-22,1,SHIPPED
6135,SO-0006135,74,2025-12-31,5,SHIPPED
6136,SO-0006136,2,2026-03-26,9,SHIPPED
6137,SO-0006137,31,2024-09-25,8,SHIPPED
6138,SO-0006138,18,2026-02-26,8,PARTIAL
6139,SO-0006139,65,2025-08-26,9,SHIPPED
6140,SO-0006140,25,2026-09-06,1,SHIPPED
6141,SO-0006141,63,2026-02-01,12,SHIPPED
6142,SO-0006142,1,2025-05-15,11,SHIPPED
6143,SO-0006143,39,2023-06-22,9,SHIPPED
6144,SO-0006144,67,2023-12-08,2,SHIPPED
6145,SO-0006145,10,2023-11-15,10,SHIPPED
6146,SO-0006146,1,2024-08-23,8,SHIPPED
6147,SO-0006147,64,2024-04-19,3,OPEN
6148,SO-0006148,72,2025-01-30,4,SHIPPED
6149,SO-0006149,4,2025-12-28,6,SHIPPED
6150,SO-0006150,10,2024-07-09,3,SHIPPED
6151,SO-0006151,43,2024-11-26,3,SHIPPED
6152,SO-0006152,18,2025-08-31,12,OPEN
6153,SO-0006153,55,2025-01-28,4,SHIPPED
6154,SO-0006154,31,2025-07-12,8,SHIPPED
6155,SO-0006155,65,2025-10-17,7,OPEN
6156,SO-0006156,24,2026-09-27,2,PARTIAL
6157,SO-0006157,14,2023-06-28,11,OPEN
6158,SO-0006158,58,2025-04-23,9,PARTIAL
6159,SO-0006159,78,2024-10-24,10,SHIPPED
6160,SO-0006160,19,2024-05-05,2,SHIPPED
6161,SO-0006161,47,2025-03-03,6,OPEN
6162,SO-0006162,46,2023-09-09,6,SHIPPED
6163,SO-0006163,56,2026-03-06,10,SHIPPED
6164,SO-0006164,21,2026-03-21,1,SHIPPED
6165,SO-0006165,65,2023-01-17,5,SHIPPED
6166,SO-0006166,63,2023-01-23,2,SHIPPED
6167,SO-0006167,76,2025-06-13,12,SHIPPED
6168,SO-0006168,26,2025-03-09,10,PARTIAL
6169,SO-0006169,52,2024-10-05,3,PARTIAL
6170,SO-0006170,70,2025-07-11,6,OPEN
6171,SO-0006171,10,2024-04-30,6,OPEN
6172,SO-0006172,40,2024-04-23,5,SHIPPED
6173,SO-0006173,30,2024-12-05,8,SHIPPED
6174,SO-0006174,52,2026-08-24,5,SHIPPED
6175,SO-0006175,34,2026-09-22,2,SHIPPED
6176,SO-0006176,19,2025-09-21,8,PARTIAL
6177,SO-0006177,51,2024-10-10,7,SHIPPED
6178,SO-0006178,48,2023-08-01,8,OPEN
6179,SO-0006179,14,2024-01-24,10,OPEN
6180,SO-0006180,3,2025-12-30,6,SHIPPED
6181,SO-0006181,54,2026-04-25,9,OPEN
6182,SO-0006182,3,2025-01-21,9,SHIPPED
6183,SO-0006183,1,2023-06-30,12,PARTIAL
6184,SO-0006184,73,2026-03-27,1,SHIPPED
6185,SO-0006185,71,2025-03-13,12,SHIPPED
6186,SO-0006186,43,2023-01-15,12,PARTIAL
6187,SO-0006187,42,2023-08-25,3,PARTIAL
6188,SO-0006188,24,2024-07-07,1,OPEN
6189,SO-0006189,27,2023-11-25,3,SHIPPED
6190,SO-0006190,63,2026-08-31,7,OPEN
6191,SO-0006191,35,2026-03-25,2,SHIPPED
6192,SO-0006192,23,2025-04-23,7,OPEN
6193,SO-0006193,6,2024-01-26,2,SHIPPED
6194,SO-0006194,33,2025-04-03,4,OPEN
6195,SO-0006195,7,2024-02-19,12,SHIPPED
6196,SO-0006196,55,2023-03-07,12,OPEN
6197,SO-0006197,62,2024-12-28,10,OPEN
6198,SO-0006198,68,2025-11-13,3,SHIPPED
6199,SO-0006199,42,2023-02-20,2,SHIPPED
6200,SO-0006200,16,2025-06-29,6,SHIPPED
6201,SO-0006201,52,2026-08-04,9,SHIPPED
6202,SO-0006202,19,2024-09-11,2,PARTIAL
6203,SO-0006203,68,2023-01-16,11,OPEN
6204,SO-0006204,13,2026-04-28,9,OPEN
6205,SO-0006205,59,2023-03-13,2,SHIPPED
6206,SO-0006206,7,2025-07-16,11,SHIPPED
6207,SO-0006207,27,2023-03-05,7,PARTIAL
6208,SO-0006208,73,2025-09-25,4,PARTIAL
6209,SO-0006209,25,2023-11-17,4,PARTIAL
6210,SO-0006210,33,2024-06-07,3,OPEN
6211,SO-0006211,36,2025-11-10,11,PARTIAL
6212,SO-0006212,31,2024-11-24,2,SHIPPED
6213,SO-0006213,48,2024-01-02,1,SHIPPED
6214,SO-0006214,12,2024-07-08,5,OPEN
6215,SO-0006215,27,2026-07-17,8,SHIPPED
6216,SO-0006216,30,2023-02-06,9,SHIPPED
6217,SO-0006217,24,2023-06-29,9,PARTIAL
6218,SO-0006218,41,2024-04-25,5,SHIPPED
6219,SO-0006219,80,2026-09-20,3,SHIPPED
6220,SO-0006220,20,2025-07-22,9,SHIPPED
6221,SO-0006221,77,2023-02-03,6,SHIPPED
6222,SO-0006222,53,2025-12-19,7,PARTIAL
6223,SO-0006223,54,2023-12-30,5,SHIPPED
6224,SO-0006224,51,2024-04-18,1,SHIPPED
6225,SO-0006225,72,2023-03-27,2,SHIPPED
6226,SO-0006226,23,2025-01-09,4,PARTIAL
6227,SO-0006227,79,2025-07-09,11,OPEN
6228,SO-0006228,4,2023-07-06,10,SHIPPED
6229,SO-0006229,15,2024-08-08,11,OPEN
6230,SO-0006230,16,2023-01-16,7,OPEN
6231,SO-0006231,65,2024-04-20,5,SHIPPED
6232,SO-0006232,1,2023-01-09,8,SHIPPED
6233,SO-0006233,64,2025-07-31,9,SHIPPED
6234,SO-0006234,63,2024-03-15,9,OPEN
6235,SO-0006235,23,2025-02-08,2,PARTIAL
6236,SO-0006236,26,2025-08-23,10,SHIPPED
6237,SO-0006237,6,2023-10-27,3,SHIPPED
6238,SO-0006238,13,2024-11-04,9,PARTIAL
6239,SO-0006239,60,2026-05-08,3,PARTIAL
6240,SO-0006240,64,2026-07-14,12,SHIPPED
6241,SO-0006241,40,2024-02-03,4,SHIPPED
6242,SO-0006242,54,2023-11-18,7,OPEN
6243,SO-0006243,75,2023-09-01,3,SHIPPED
6244,SO-0006244,46,2023-02-07,7,PARTIAL
6245,SO-0006245,25,2026-01-15,5,PARTIAL
6246,SO-0006246,50,2024-05-24,9,SHIPPED
6247,SO-0006247,76,2024-08-07,4,SHIPPED
6248,SO-0006248,42,2024-02-17,1,OPEN
6249,SO-0006249,24,2026-08-29,2,SHIPPED
6250,SO-0006250,4,2025-12-16,7,SHIPPED
6251,SO-0006251,54,2024-08-19,4,OPEN
6252,SO-0006252,33,2023-08-15,8,SHIPPED
6253,SO-0006253,62,2025-03-31,4,SHIPPED
6254,SO-0006254,45,2025-01-14,2,SHIPPED
6255,SO-0006255,5,2026-09-28,1,OPEN
6256,SO-0006256,53,2023-04-01,6,SHIPPED
6257,SO-0006257,23,2024-04-13,11,SHIPPED
6258,SO-0006258,51,2024-01-28,7,SHIPPED
6259,SO-0006259,70,2024-07-15,1,OPEN
6260,SO-0006260,72,2026-05-01,3,SHIPPED
6261,SO-0006261,80,2026-08-13,10,PARTIAL
6262,SO-0006262,41,2025-02-12,9,SHIPPED
6263,SO-0006263,38,2025-11-02,5,SHIPPED
6264,SO-0006264,53,2024-06-16,5,OPEN
6265,SO-0006265,42,2025-08-12,8,SHIPPED
6266,SO-0006266,74,2026-03-24,5,PARTIAL
6267,SO-0006267,39,2023-06-11,9,PARTIAL
6268,SO-0006268,35,2025-03-18,4,SHIPPED
6269,SO-0006269,35,2024-04-29,3,SHIPPED
6270,SO-0006270,26,2025-02-03,9,SHIPPED
6271,SO-0006271,42,2024-08-14,6,SHIPPED
6272,SO-0006272,61,2025-09-11,10,SHIPPED
6273,SO-0006273,53,2026-03-05,11,SHIPPED
6274,SO-0006274,49,2026-07-28,2,PARTIAL
6275,SO-0006275,79,2025-08-27,11,SHIPPED
6276,SO-0006276,32,2023-07-07,2,OPEN
6277,SO-0006277,53,2026-04-21,5,SHIPPED
6278,SO-0006278,7,2023-04-10,3,OPEN
6279,SO-0006279,29,2025-01-14,10,SHIPPED
6280,SO-0006280,15,2025-08-18,11,SHIPPED
6281,SO-0006281,10,2025-04-03,9,PARTIAL
6282,SO-0006282,33,2024-05-09,8,OPEN
6283,SO-0006283,14,2025-06-23,2,SHIPPED
6284,SO-0006284,58,2023-03-21,8,OPEN
6285,SO-0006285,38,2026-04-27,10,SHIPPED
6286,SO-0006286,58,2023-09-04,9,PARTIAL
6287,SO-0006287,76,2023-09-30,11,SHIPPED
6288,SO-0006288,26,2025-02-21,6,OPEN
6289,SO-0006289,53,2025-10-17,1,PARTIAL
6290,SO-0006290,21,2026-01-04,8,SHIPPED
6291,SO-0006291,63,2026-02-08,10,SHIPPED
6292,SO-0006292,68,2025-01-15,4,SHIPPED
6293,SO-0006293,68,2025-07-27,2,PARTIAL
6294,SO-0006294,26,2026-01-10,9,OPEN
6295,SO-0006295,7,2023-04-23,9,SHIPPED
6296,SO-0006296,38,2026-07-28,6,OPEN
6297,SO-0006297,26,2023-04-14,11,SHIPPED
6298,SO-0006298,51,2026-09-19,11,OPEN
6299,SO-0006299,71,2025-07-21,4,SHIPPED
6300,SO-0006300,18,2023-09-27,9,SHIPPED
6301,SO-0006301,11,2023-10-02,11,SHIPPED
6302,SO-0006302,77,2023-03-20,1,OPEN
6303,SO-0006303,80,2024-01-07,11,OPEN
6304,SO-0006304,33,2024-05-10,3,SHIPPED
6305,SO-0006305,43,2025-10-27,1,PARTIAL
6306,SO-0006306,24,2026-08-21,10,SHIPPED
6307,SO-0006307,51,2024-11-03,12,PARTIAL
6308,SO-0006308,71,2023-02-15,4,OPEN
6309,SO-0006309,62,2025-05-28,10,SHIPPED
6310,SO-0006310,20,2023-03-23,12,OPEN
6311,SO-0006311,4,2025-10-22,2,OPEN
6312,SO-0006312,35,2026-06-16,10,SHIPPED
6313,SO-0006313,45,2026-07-24,5,PARTIAL
6314,SO-0006314,13,2023-05-18,10,SHIPPED
6315,SO-0006315,42,2025-12-01,12,OPEN
6316,SO-0006316,24,2025-03-20,7,SHIPPED
6317,SO-0006317,47,2025-06-18,2,SHIPPED
6318,SO-0006318,12,2026-07-21,2,PARTIAL
6319,SO-0006319,56,2024-06-28,1,SHIPPED
6320,SO-0006320,38,2026-03-20,9,PARTIAL
6321,SO-0006321,11,2024-08-03,7,SHIPPED
6322,SO-0006322,78,2026-08-30,2,OPEN
6323,SO-0006323,80,2025-03-09,1,SHIPPED
6324,SO-0006324,66,2024-12-03,10,PARTIAL
6325,SO-0006325,1,2023-06-11,5,OPEN
6326,SO-0006326,6,2025-12-21,7,PARTIAL
6327,SO-0006327,31,2026-03-24,7,SHIPPED
6328,SO-0006328,11,2025-06-25,12,PARTIAL
6329,SO-0006329,10,2025-10-29,8,SHIPPED
6330,SO-0006330,21,2024-04-25,6,SHIPPED
6331,SO-0006331,67,2024-01-30,8,SHIPPED
6332,SO-0006332,62,2024-05-09,1,SHIPPED
6333,SO-0006333,6,2023-01-09,8,SHIPPED
6334,SO-0006334,3,2025-02-03,2,SHIPPED
6335,SO-0006335,36,2023-01-09,7,SHIPPED
6336,SO-0006336,20,2026-09-14,3,PARTIAL
6337,SO-0006337,44,2024-04-03,6,PARTIAL
6338,SO-0006338,24,2024-05-30,10,OPEN
6339,SO-0006339,26,2024-06-16,11,OPEN
6340,SO-0006340,29,2023-11-24,10,PARTIAL
6341,SO-0006341,35,2024-12-25,4,SHIPPED
6342,SO-0006342,36,2023-11-17,5,PARTIAL
6343,SO-0006343,17,2024-10-10,3,PARTIAL
6344,SO-0006344,59,2024-08-29,11,SHIPPED
6345,SO-0006345,41,2026-07-07,1,SHIPPED
6346,SO-0006346,69,2023-12-13,12,SHIPPED
6347,SO-0006347,24,2025-11-04,7,SHIPPED
6348,SO-0006348,16,2025-05-12,7,SHIPPED
6349,SO-0006349,80,2023-01-15,9,SHIPPED
6350,SO-0006350,12,2025-06-12,7,SHIPPED
6351,SO-0006351,41,2025-11-07,1,SHIPPED
6352,SO-0006352,73,2025-06-30,3,PARTIAL
6353,SO-0006353,9,2024-04-17,9,OPEN
6354,SO-0006354,46,2025-11-16,2,SHIPPED
6355,SO-0006355,60,2023-02-11,9,SHIPPED
6356,SO-0006356,6,2023-09-08,12,PARTIAL
6357,SO-0006357,22,2024-04-03,4,SHIPPED
6358,SO-0006358,57,2023-06-29,4,PARTIAL
6359,SO-0006359,62,2023-07-30,3,SHIPPED
6360,SO-0006360,71,2025-08-19,7,SHIPPED
6361,SO-0006361,4,2023-08-08,1,SHIPPED
6362,SO-0006362,72,2023-01-08,3,SHIPPED
6363,SO-0006363,61,2024-05-18,1,SHIPPED
6364,SO-0006364,15,2024-06-03,6,SHIPPED
6365,SO-0006365,80,2023-01-18,4,SHIPPED
6366,SO-0006366,8,2023-05-24,2,SHIPPED
6367,SO-0006367,30,2023-01-05,10,PARTIAL
6368,SO-0006368,67,2023-10-18,10,SHIPPED
6369,SO-0006369,53,2024-05-09,4,SHIPPED
6370,SO-0006370,29,2024-03-13,11,PARTIAL
6371,SO-0006371,42,2026-04-01,8,PARTIAL
6372,SO-0006372,73,2024-10-13,1,SHIPPED
6373,SO-0006373,2,2026-08-03,3,OPEN
6374,SO-0006374,31,2025-10-11,7,SHIPPED
6375,SO-0006375,18,2023-07-02,4,SHIPPED
6376,SO-0006376,63,2024-04-11,2,PARTIAL
6377,SO-0006377,3,2025-02-11,5,PARTIAL
6378,SO-0006378,51,2026-08-11,11,SHIPPED
6379,SO-0006379,65,2026-01-22,6,SHIPPED
6380,SO-0006380,79,2024-08-20,10,OPEN
6381,SO-0006381,19,2026-04-18,8,OPEN
6382,SO-0006382,16,2026-07-25,8,SHIPPED
6383,SO-0006383,4,2025-01-02,1,OPEN
6384,SO-0006384,73,2026-07-10,7,SHIPPED
6385,SO-0006385,18,2026-06-24,5,SHIPPED
6386,SO-0006386,64,2023-06-17,9,OPEN
6387,SO-0006387,72,2025-12-03,2,SHIPPED
6388,SO-0006388,1,2026-01-30,10,OPEN
6389,SO-0006389,17,2024-12-09,1,SHIPPED
6390,SO-0006390,67,2024-08-11,4,OPEN
6391,SO-0006391,53,2024-08-17,11,SHIPPED
6392,SO-0006392,6,2023-01-21,5,PARTIAL
6393,SO-0006393,3,2024-01-20,10,SHIPPED
6394,SO-0006394,10,2023-06-14,6,SHIPPED
6395,SO-0006395,8,2024-04-29,11,SHIPPED
6396,SO-0006396,74,2025-04-25,7,PARTIAL
6397,SO-0006397,44,2024-09-07,11,SHIPPED
6398,SO-0006398,61,2024-08-30,5,SHIPPED
6399,SO-0006399,33,2023-12-01,11,SHIPPED
6400,SO-0006400,2,2024-04-01,10,PARTIAL
6401,SO-0006401,41,2024-08-22,10,SHIPPED
6402,SO-0006402,71,2023-10-17,12,PARTIAL
6403,SO-0006403,53,2023-09-09,8,PARTIAL
6404,SO-0006404,20,2024-06-13,11,SHIPPED
6405,SO-0006405,11,2023-09-27,1,SHIPPED
6406,SO-0006406,77,2023-03-16,1,SHIPPED
6407,SO-0006407,42,2023-04-07,7,PARTIAL
6408,SO-0006408,34,2025-01-04,3,SHIPPED
6409,SO-0006409,40,2024-12-04,4,PARTIAL
6410,SO-0006410,80,2025-12-26,9,OPEN
6411,SO-0006411,8,2024-10-31,6,SHIPPED
6412,SO-0006412,11,2024-10-27,7,SHIPPED
6413,SO-0006413,58,2024-08-12,12,OPEN
6414,SO-0006414,44,2024-12-05,9,SHIPPED
6415,SO-0006415,53,2024-07-14,6,SHIPPED
6416,SO-0006416,40,2025-02-27,7,PARTIAL
6417,SO-0006417,31,2023-03-29,6,OPEN
6418,SO-0006418,75,2025-03-07,4,OPEN
6419,SO-0006419,33,2024-08-07,1,SHIPPED
6420,SO-0006420,39,2025-01-18,2,SHIPPED
6421,SO-0006421,32,2026-03-01,7,SHIPPED
6422,SO-0006422,56,2024-06-16,8,SHIPPED
6423,SO-0006423,70,2025-09-24,3,SHIPPED
6424,SO-0006424,44,2025-02-18,8,SHIPPED
6425,SO-0006425,27,2024-06-13,11,SHIPPED
6426,SO-0006426,71,2024-10-14,10,SHIPPED
6427,SO-0006427,28,2024-11-09,10,SHIPPED
6428,SO-0006428,54,2024-07-23,10,OPEN
6429,SO-0006429,34,2023-05-16,7,PARTIAL
6430,SO-0006430,32,2023-07-01,9,SHIPPED
6431,SO-0006431,44,2025-10-15,11,OPEN
6432,SO-0006432,38,2026-09-08,1,SHIPPED
6433,SO-0006433,63,2025-04-23,4,PARTIAL
6434,SO-0006434,31,2025-12-13,1,SHIPPED
6435,SO-0006435,12,2023-06-09,4,PARTIAL
6436,SO-0006436,64,2025-09-24,7,OPEN
6437,SO-0006437,68,2026-07-21,7,OPEN
6438,SO-0006438,37,2026-04-04,4,SHIPPED
6439,SO-0006439,6,2026-05-12,10,SHIPPED
6440,SO-0006440,52,2024-08-03,7,SHIPPED
6441,SO-0006441,21,2024-02-02,5,SHIPPED
6442,SO-0006442,15,2024-07-26,5,PARTIAL
6443,SO-0006443,49,2026-01-21,6,SHIPPED
6444,SO-0006444,37,2023-06-07,5,OPEN
6445,SO-0006445,52,2026-09-18,9,PARTIAL
6446,SO-0006446,38,2026-09-05,10,SHIPPED
6447,SO-0006447,57,2025-11-01,1,PARTIAL
6448,SO-0006448,33,2024-12-14,8,OPEN
6449,SO-0006449,77,2024-04-30,9,OPEN
6450,SO-0006450,2,2023-08-08,3,SHIPPED
6451,SO-0006451,60,2023-02-03,11,PARTIAL
6452,SO-0006452,56,2024-04-15,1,OPEN
6453,SO-0006453,2,2023-09-27,9,SHIPPED
6454,SO-0006454,1,2025-10-24,12,SHIPPED
6455,SO-0006455,19,2025-06-27,4,OPEN
6456,SO-0006456,11,2026-05-06,10,SHIPPED
6457,SO-0006457,52,2023-06-29,3,OPEN
6458,SO-0006458,72,2024-11-05,12,OPEN
6459,SO-0006459,79,2023-12-10,4,SHIPPED
6460,SO-0006460,56,2026-03-01,3,SHIPPED
6461,SO-0006461,67,2025-10-09,11,SHIPPED
6462,SO-0006462,36,2025-03-25,8,PARTIAL
6463,SO-0006463,71,2023-08-28,9,OPEN
6464,SO-0006464,13,2023-12-30,2,SHIPPED
6465,SO-0006465,57,2025-12-24,10,PARTIAL
6466,SO-0006466,1,2024-07-16,3,SHIPPED
6467,SO-0006467,65,2026-04-12,9,SHIPPED
6468,SO-0006468,1,2023-01-27,5,SHIPPED
6469,SO-0006469,80,2023-10-24,5,SHIPPED
6470,SO-0006470,66,2023-07-09,11,OPEN
6471,SO-0006471,41,2025-11-17,12,PARTIAL
6472,SO-0006472,38,2024-12-30,1,SHIPPED
6473,SO-0006473,9,2026-05-15,12,OPEN
6474,SO-0006474,72,2025-04-09,1,PARTIAL
6475,SO-0006475,72,2026-02-05,3,PARTIAL
6476,SO-0006476,4,2023-05-26,2,PARTIAL
6477,SO-0006477,50,2026-09-28,4,SHIPPED
6478,SO-0006478,22,2025-03-20,1,SHIPPED
6479,SO-0006479,22,2024-03-28,12,SHIPPED
6480,SO-0006480,17,2025-07-06,9,SHIPPED
6481,SO-0006481,55,2025-01-26,6,SHIPPED
6482,SO-0006482,46,2026-07-12,3,OPEN
6483,SO-0006483,11,2023-09-02,2,SHIPPED
6484,SO-0006484,29,2025-11-12,1,SHIPPED
6485,SO-0006485,36,2025-07-02,11,OPEN
6486,SO-0006486,63,2025-11-13,11,SHIPPED
6487,SO-0006487,59,2023-05-16,2,SHIPPED
6488,SO-0006488,38,2026-09-29,1,SHIPPED
6489,SO-0006489,56,2023-10-12,6,OPEN
6490,SO-0006490,25,2024-08-14,1,PARTIAL
6491,SO-0006491,37,2024-12-22,7,OPEN
6492,SO-0006492,1,2023-06-12,12,SHIPPED
6493,SO-0006493,39,2025-03-17,1,SHIPPED
6494,SO-0006494,36,2026-08-12,9,SHIPPED
6495,SO-0006495,76,2025-03-20,4,SHIPPED
6496,SO-0006496,67,2024-08-16,7,SHIPPED
6497,SO-0006497,58,2024-09-15,11,SHIPPED
6498,SO-0006498,36,2026-09-15,7,OPEN
6499,SO-0006499,37,2026-04-01,12,PARTIAL
6500,SO-0006500,24,2024-08-06,1,OPEN
6501,SO-0006501,65,2023-12-04,11,SHIPPED
6502,SO-0006502,48,2026-06-11,4,PARTIAL
6503,SO-0006503,19,2026-08-04,9,SHIPPED
6504,SO-0006504,17,2025-09-08,1,SHIPPED
6505,SO-0006505,24,2026-04-08,6,SHIPPED
6506,SO-0006506,40,2023-04-25,11,SHIPPED
6507,SO-0006507,56,2025-04-17,12,SHIPPED
6508,SO-0006508,34,2026-07-02,10,OPEN
6509,SO-0006509,76,2026-04-10,1,PARTIAL
6510,SO-0006510,24,2026-09-18,6,SHIPPED
6511,SO-0006511,4,2025-02-03,3,SHIPPED
6512,SO-0006512,48,2023-03-17,10,PARTIAL
6513,SO-0006513,79,2024-04-11,1,SHIPPED
6514,SO-0006514,18,2026-09-06,11,OPEN
6515,SO-0006515,67,2024-12-30,4,SHIPPED
6516,SO-0006516,12,2024-02-09,12,OPEN
6517,SO-0006517,33,2026-08-28,2,SHIPPED
6518,SO-0006518,11,2023-07-21,11,SHIPPED
6519,SO-0006519,34,2026-01-18,3,PARTIAL
6520,SO-0006520,69,2024-05-22,8,SHIPPED
6521,SO-0006521,59,2024-11-30,4,SHIPPED
6522,SO-0006522,41,2024-07-24,3,SHIPPED
6523,SO-0006523,28,2024-11-16,7,SHIPPED
6524,SO-0006524,77,2025-10-19,8,OPEN
6525,SO-0006525,51,2023-07-22,12,SHIPPED
6526,SO-0006526,53,2023-12-08,12,PARTIAL
6527,SO-0006527,74,2025-03-03,8,OPEN
6528,SO-0006528,11,2026-01-16,4,SHIPPED
6529,SO-0006529,66,2025-11-26,1,SHIPPED
6530,SO-0006530,57,2025-11-05,10,SHIPPED
6531,SO-0006531,79,2023-07-02,3,OPEN
6532,SO-0006532,4,2024-12-24,2,SHIPPED
6533,SO-0006533,1,2025-12-07,3,SHIPPED
6534,SO-0006534,47,2026-04-17,10,OPEN
6535,SO-0006535,33,2025-03-12,11,SHIPPED
6536,SO-0006536,45,2026-02-18,12,PARTIAL
6537,SO-0006537,67,2026-06-01,9,SHIPPED
6538,SO-0006538,56,2026-06-06,3,SHIPPED
6539,SO-0006539,74,2024-09-28,4,PARTIAL
6540,SO-0006540,16,2025-01-25,6,PARTIAL
6541,SO-0006541,31,2024-04-14,7,SHIPPED
6542,SO-0006542,31,2023-08-20,4,SHIPPED
6543,SO-0006543,52,2025-09-17,6,SHIPPED
6544,SO-0006544,11,2024-07-08,8,OPEN
6545,SO-0006545,37,2023-05-15,8,PARTIAL
6546,SO-0006546,25,2026-02-24,2,OPEN
6547,SO-0006547,79,2024-07-11,6,SHIPPED
6548,SO-0006548,40,2024-01-09,1,SHIPPED
6549,SO-0006549,23,2024-08-07,8,SHIPPED
6550,SO-0006550,74,2024-05-22,7,SHIPPED
6551,SO-0006551,44,2023-12-08,4,SHIPPED
6552,SO-0006552,50,2023-07-26,2,SHIPPED
6553,SO-0006553,6,2024-01-06,7,SHIPPED
6554,SO-0006554,53,2026-05-21,1,OPEN
6555,SO-0006555,39,2026-08-26,5,OPEN
6556,SO-0006556,9,2026-07-29,6,SHIPPED
6557,SO-0006557,31,2025-06-09,5,SHIPPED
6558,SO-0006558,35,2023-11-08,7,OPEN
6559,SO-0006559,78,2026-06-10,6,SHIPPED
6560,SO-0006560,43,2024-09-21,5,OPEN
6561,SO-0006561,27,2026-03-20,1,SHIPPED
6562,SO-0006562,5,2023-11-13,12,SHIPPED
6563,SO-0006563,80,2024-05-18,9,SHIPPED
6564,SO-0006564,24,2024-05-31,3,SHIPPED
6565,SO-0006565,17,2025-11-06,10,PARTIAL
6566,SO-0006566,62,2025-07-13,2,PARTIAL
6567,SO-0006567,55,2023-12-28,6,SHIPPED
6568,SO-0006568,47,2024-12-23,6,OPEN
6569,SO-0006569,14,2026-04-18,3,PARTIAL
6570,SO-0006570,3,2024-01-12,4,SHIPPED
6571,SO-0006571,19,2023-11-09,4,SHIPPED
6572,SO-0006572,55,2023-02-02,9,SHIPPED
6573,SO-0006573,74,2024-07-07,7,SHIPPED
6574,SO-0006574,25,2023-08-03,7,OPEN
6575,SO-0006575,24,2026-02-02,9,OPEN
6576,SO-0006576,45,2024-07-21,2,SHIPPED
6577,SO-0006577,27,2026-09-14,8,SHIPPED
6578,SO-0006578,50,2025-02-12,10,SHIPPED
6579,SO-0006579,29,2023-07-31,12,PARTIAL
6580,SO-0006580,62,2024-03-19,10,SHIPPED
6581,SO-0006581,50,2025-11-01,5,SHIPPED
6582,SO-0006582,77,2025-12-30,5,PARTIAL
6583,SO-0006583,16,2024-02-02,2,SHIPPED
6584,SO-0006584,37,2026-02-23,12,SHIPPED
6585,SO-0006585,23,2024-04-23,5,SHIPPED
6586,SO-0006586,41,2026-04-30,12,SHIPPED
6587,SO-0006587,42,2024-11-04,12,OPEN
6588,SO-0006588,53,2026-05-11,8,SHIPPED
6589,SO-0006589,68,2025-07-25,4,PARTIAL
6590,SO-0006590,52,2023-06-18,1,PARTIAL
6591,SO-0006591,16,2023-12-16,8,OPEN
6592,SO-0006592,44,2026-05-26,1,SHIPPED
6593,SO-0006593,36,2025-05-04,6,SHIPPED
6594,SO-0006594,70,2024-11-25,5,SHIPPED
6595,SO-0006595,50,2023-03-27,7,SHIPPED
6596,SO-0006596,80,2024-01-03,2,OPEN
6597,SO-0006597,38,2023-06-22,3,PARTIAL
6598,SO-0006598,61,2023-10-29,12,SHIPPED
6599,SO-0006599,4,2023-10-23,12,SHIPPED
6600,SO-0006600,37,2024-02-01,5,SHIPPED
6601,SO-0006601,40,2024-02-12,10,SHIPPED
6602,SO-0006602,32,2025-02-01,9,PARTIAL
6603,SO-0006603,47,2024-03-27,2,SHIPPED
6604,SO-0006604,25,2026-04-12,3,SHIPPED
6605,SO-0006605,12,2026-09-24,8,SHIPPED
6606,SO-0006606,78,2023-03-12,4,SHIPPED
6607,SO-0006607,55,2025-02-28,4,OPEN
6608,SO-0006608,53,2023-01-06,1,SHIPPED
6609,SO-0006609,66,2023-06-23,9,SHIPPED
6610,SO-0006610,14,2023-04-19,8,SHIPPED
6611,SO-0006611,69,2023-09-21,8,OPEN
6612,SO-0006612,34,2024-05-13,9,PARTIAL
6613,SO-0006613,74,2023-02-08,2,SHIPPED
6614,SO-0006614,58,2024-06-24,5,SHIPPED
6615,SO-0006615,33,2023-03-30,7,SHIPPED
6616,SO-0006616,1,2024-07-15,12,SHIPPED
6617,SO-0006617,79,2026-05-02,8,SHIPPED
6618,SO-0006618,3,2025-06-21,6,OPEN
6619,SO-0006619,43,2025-03-19,4,PARTIAL
6620,SO-0006620,3,2025-09-05,3,SHIPPED
6621,SO-0006621,31,2025-12-23,2,PARTIAL
6622,SO-0006622,30,2026-07-29,8,PARTIAL
6623,SO-0006623,38,2025-01-19,8,SHIPPED
6624,SO-0006624,8,2023-10-16,4,SHIPPED
6625,SO-0006625,74,2024-02-27,10,SHIPPED
6626,SO-0006626,74,2024-05-14,7,SHIPPED
6627,SO-0006627,9,2026-01-02,1,SHIPPED
6628,SO-0006628,79,2024-10-07,8,SHIPPED
6629,SO-0006629,61,2023-04-02,5,PARTIAL
6630,SO-0006630,37,2024-01-26,9,SHIPPED
6631,SO-0006631,30,2026-04-27,4,SHIPPED
6632,SO-0006632,27,2026-04-21,12,OPEN
6633,SO-0006633,44,2025-06-18,2,SHIPPED
6634,SO-0006634,21,2023-10-20,4,SHIPPED
6635,SO-0006635,2,2023-04-24,5,SHIPPED
6636,SO-0006636,41,2025-03-30,8,SHIPPED
6637,SO-0006637,66,2024-04-01,6,SHIPPED
6638,SO-0006638,49,2024-01-14,10,SHIPPED
6639,SO-0006639,44,2023-11-19,6,SHIPPED
6640,SO-0006640,59,2025-10-20,6,SHIPPED
6641,SO-0006641,75,2023-10-11,7,SHIPPED
6642,SO-0006642,40,2023-06-14,11,SHIPPED
6643,SO-0006643,61,2024-05-14,9,SHIPPED
6644,SO-0006644,55,2025-03-19,11,PARTIAL
6645,SO-0006645,60,2026-09-24,2,SHIPPED
6646,SO-0006646,65,2023-04-15,6,PARTIAL
6647,SO-0006647,52,2023-11-23,4,SHIPPED
6648,SO-0006648,29,2025-06-18,3,SHIPPED
6649,SO-0006649,40,2023-10-07,7,OPEN
6650,SO-0006650,7,2024-10-20,5,SHIPPED
6651,SO-0006651,20,2026-09-01,5,OPEN
6652,SO-0006652,35,2025-02-09,2,OPEN
6653,SO-0006653,34,2024-11-06,2,SHIPPED
6654,SO-0006654,22,2025-11-30,7,SHIPPED
6655,SO-0006655,10,2025-11-29,12,SHIPPED
6656,SO-0006656,4,2026-02-09,1,SHIPPED
6657,SO-0006657,44,2023-05-13,5,SHIPPED
6658,SO-0006658,4,2025-07-16,2,PARTIAL
6659,SO-0006659,48,2024-12-24,8,SHIPPED
6660,SO-0006660,63,2024-01-08,9,SHIPPED
6661,SO-0006661,2,2024-06-23,1,PARTIAL
6662,SO-0006662,59,2024-07-14,9,SHIPPED
6663,SO-0006663,57,2025-08-25,10,SHIPPED
6664,SO-0006664,62,2023-02-23,1,PARTIAL
6665,SO-0006665,12,2023-08-12,9,SHIPPED
6666,SO-0006666,39,2026-03-14,3,SHIPPED
6667,SO-0006667,27,2026-05-21,2,SHIPPED
6668,SO-0006668,78,2025-05-04,7,SHIPPED
6669,SO-0006669,37,2026-06-29,12,SHIPPED
6670,SO-0006670,44,2025-04-24,8,SHIPPED
6671,SO-0006671,46,2023-05-02,6,SHIPPED
6672,SO-0006672,30,2026-07-10,7,SHIPPED
6673,SO-0006673,43,2024-01-15,4,SHIPPED
6674,SO-0006674,6,2023-01-12,1,OPEN
6675,SO-0006675,54,2023-09-15,11,SHIPPED
6676,SO-0006676,34,2026-08-11,6,SHIPPED
6677,SO-0006677,54,2023-04-19,8,SHIPPED
6678,SO-0006678,66,2025-03-12,8,SHIPPED
6679,SO-0006679,14,2023-10-19,9,PARTIAL
6680,SO-0006680,47,2026-08-12,6,SHIPPED
6681,SO-0006681,38,2023-08-28,11,PARTIAL
6682,SO-0006682,6,2025-04-22,1,PARTIAL
6683,SO-0006683,5,2024-05-11,2,SHIPPED
6684,SO-0006684,69,2026-09-04,5,SHIPPED
6685,SO-0006685,25,2023-06-09,6,SHIPPED
6686,SO-0006686,4,2025-04-21,8,OPEN
6687,SO-0006687,29,2025-03-05,2,SHIPPED
6688,SO-0006688,62,2024-12-04,6,SHIPPED
6689,SO-0006689,29,2023-03-05,1,OPEN
6690,SO-0006690,13,2025-12-15,5,OPEN
6691,SO-0006691,61,2024-07-29,8,SHIPPED
6692,SO-0006692,57,2023-01-19,3,OPEN
6693,SO-0006693,77,2024-11-19,1,SHIPPED
6694,SO-0006694,71,2023-04-11,7,SHIPPED
6695,SO-0006695,18,2025-09-15,2,SHIPPED
6696,SO-0006696,75,2023-09-27,9,PARTIAL
6697,SO-0006697,49,2023-06-02,11,OPEN
6698,SO-0006698,2,2023-10-14,2,OPEN
6699,SO-0006699,8,2023-04-12,11,SHIPPED
6700,SO-0006700,15,2026-03-04,9,PARTIAL
6701,SO-0006701,11,2023-08-21,12,SHIPPED
6702,SO-0006702,77,2024-05-14,4,PARTIAL
6703,SO-0006703,64,2023-07-26,5,SHIPPED
6704,SO-0006704,68,2024-03-29,5,OPEN
6705,SO-0006705,60,2023-10-20,5,SHIPPED
6706,SO-0006706,43,2024-02-04,1,OPEN
6707,SO-0006707,17,2023-11-05,12,SHIPPED
6708,SO-0006708,35,2024-09-12,4,SHIPPED
6709,SO-0006709,23,2025-06-10,12,SHIPPED
6710,SO-0006710,65,2023-09-22,8,SHIPPED
6711,SO-0006711,45,2024-01-30,8,PARTIAL
6712,SO-0006712,15,2024-04-10,10,SHIPPED
6713,SO-0006713,4,2023-10-17,8,PARTIAL
6714,SO-0006714,31,2025-02-01,9,PARTIAL
6715,SO-0006715,19,2023-12-07,11,SHIPPED
6716,SO-0006716,9,2023-03-29,10,OPEN
6717,SO-0006717,76,2025-11-20,6,PARTIAL
6718,SO-0006718,62,2026-05-25,6,SHIPPED
6719,SO-0006719,9,2023-08-18,9,OPEN
6720,SO-0006720,63,2024-04-15,4,SHIPPED
6721,SO-0006721,19,2025-04-15,9,SHIPPED
6722,SO-0006722,17,2024-10-16,1,SHIPPED
6723,SO-0006723,80,2026-09-14,8,SHIPPED
6724,SO-0006724,36,2023-08-07,8,OPEN
6725,SO-0006725,4,2025-05-31,10,SHIPPED
6726,SO-0006726,70,2024-04-14,11,SHIPPED
6727,SO-0006727,80,2026-05-17,4,OPEN
6728,SO-0006728,46,2025-05-31,2,SHIPPED
6729,SO-0006729,73,2025-05-29,11,SHIPPED
6730,SO-0006730,59,2024-05-07,6,OPEN
6731,SO-0006731,11,2023-07-14,6,OPEN
6732,SO-0006732,12,2023-01-14,6,SHIPPED
6733,SO-0006733,20,2025-12-04,5,SHIPPED
6734,SO-0006734,5,2024-07-25,11,OPEN
6735,SO-0006735,1,2025-12-31,4,SHIPPED
6736,SO-0006736,73,2025-10-23,8,SHIPPED
6737,SO-0006737,22,2024-09-17,1,PARTIAL
6738,SO-0006738,50,2026-01-11,9,SHIPPED
6739,SO-0006739,12,2025-01-24,1,PARTIAL
6740,SO-0006740,46,2023-09-30,11,SHIPPED
6741,SO-0006741,72,2026-05-07,6,SHIPPED
6742,SO-0006742,14,2023-07-03,8,PARTIAL
6743,SO-0006743,38,2024-06-06,2,OPEN
6744,SO-0006744,8,2023-02-15,5,OPEN
6745,SO-0006745,78,2026-02-09,2,PARTIAL
6746,SO-0006746,23,2026-02-10,7,PARTIAL
6747,SO-0006747,1,2023-03-31,4,SHIPPED
6748,SO-0006748,58,2024-12-02,10,SHIPPED
6749,SO-0006749,63,2025-01-20,8,SHIPPED
6750,SO-0006750,28,2024-03-04,8,SHIPPED
6751,SO-0006751,5,2025-12-04,7,OPEN
6752,SO-0006752,10,2024-12-25,8,SHIPPED
6753,SO-0006753,64,2025-08-26,1,SHIPPED
6754,SO-0006754,37,2024-04-20,10,OPEN
6755,SO-0006755,25,2023-02-01,8,SHIPPED
6756,SO-0006756,49,2026-06-05,7,SHIPPED
6757,SO-0006757,34,2024-11-06,4,SHIPPED
6758,SO-0006758,52,2024-03-18,2,PARTIAL
6759,SO-0006759,63,2026-03-14,1,OPEN
6760,SO-0006760,52,2024-09-04,11,SHIPPED
6761,SO-0006761,5,2023-08-25,5,SHIPPED
6762,SO-0006762,66,2023-04-15,5,OPEN
6763,SO-0006763,8,2025-02-02,3,PARTIAL
6764,SO-0006764,48,2025-03-08,6,SHIPPED
6765,SO-0006765,23,2023-07-24,4,OPEN
6766,SO-0006766,27,2024-10-30,6,SHIPPED
6767,SO-0006767,50,2024-05-04,1,SHIPPED
6768,SO-0006768,58,2025-04-25,8,SHIPPED
6769,SO-0006769,6,2023-12-17,3,SHIPPED
6770,SO-0006770,10,2025-04-13,5,SHIPPED
6771,SO-0006771,35,2024-03-16,11,SHIPPED
6772,SO-0006772,73,2024-06-21,4,SHIPPED
6773,SO-0006773,34,2025-07-15,10,PARTIAL
6774,SO-0006774,19,2023-01-02,8,OPEN
6775,SO-0006775,18,2023-03-22,7,SHIPPED
6776,SO-0006776,77,2025-02-08,11,OPEN
6777,SO-0006777,78,2023-11-24,8,SHIPPED
6778,SO-0006778,50,2025-08-19,5,SHIPPED
6779,SO-0006779,72,2024-12-08,9,SHIPPED
6780,SO-0006780,17,2024-09-03,2,SHIPPED
6781,SO-0006781,48,2023-11-30,6,SHIPPED
6782,SO-0006782,22,2023-10-19,5,SHIPPED
6783,SO-0006783,41,2024-03-23,8,OPEN
6784,SO-0006784,70,2024-10-23,5,OPEN
6785,SO-0006785,60,2023-11-02,2,SHIPPED
6786,SO-0006786,38,2025-01-08,4,SHIPPED
6787,SO-0006787,75,2025-12-21,7,SHIPPED
6788,SO-0006788,68,2023-07-19,5,PARTIAL
6789,SO-0006789,58,2026-10-01,12,OPEN
6790,SO-0006790,49,2026-06-26,4,SHIPPED
6791,SO-0006791,35,2023-01-03,1,SHIPPED
6792,SO-0006792,34,2025-02-01,8,SHIPPED
6793,SO-0006793,51,2025-03-20,9,SHIPPED
6794,SO-0006794,23,2024-12-28,3,SHIPPED
6795,SO-0006795,13,2025-10-10,8,OPEN
6796,SO-0006796,21,2024-08-30,1,PARTIAL
6797,SO-0006797,37,2024-06-30,6,PARTIAL
6798,SO-0006798,37,2024-04-20,6,SHIPPED
6799,SO-0006799,76,2025-06-13,5,SHIPPED
6800,SO-0006800,2,2024-03-13,4,SHIPPED
6801,SO-0006801,61,2024-02-23,2,OPEN
6802,SO-0006802,74,2023-01-15,7,OPEN
6803,SO-0006803,43,2024-11-25,3,SHIPPED
6804,SO-0006804,4,2025-08-22,1,SHIPPED
6805,SO-0006805,78,2024-11-04,4,SHIPPED
6806,SO-0006806,37,2026-09-13,7,SHIPPED
6807,SO-0006807,30,2023-11-15,7,OPEN
6808,SO-0006808,65,2023-09-04,3,OPEN
6809,SO-0006809,70,2025-10-25,9,SHIPPED
6810,SO-0006810,18,2024-09-26,12,OPEN
6811,SO-0006811,11,2024-06-27,1,SHIPPED
6812,SO-0006812,63,2025-09-13,3,SHIPPED
6813,SO-0006813,39,2024-03-14,7,SHIPPED
6814,SO-0006814,36,2024-03-01,6,OPEN
6815,SO-0006815,74,2024-03-06,10,OPEN
6816,SO-0006816,9,2024-06-18,1,SHIPPED
6817,SO-0006817,9,2024-07-18,3,PARTIAL
6818,SO-0006818,19,2023-03-06,9,SHIPPED
6819,SO-0006819,60,2024-01-19,7,SHIPPED
6820,SO-0006820,51,2023-02-27,8,OPEN
6821,SO-0006821,23,2023-01-04,11,OPEN
6822,SO-0006822,50,2026-01-14,8,SHIPPED
6823,SO-0006823,3,2026-05-06,11,SHIPPED
6824,SO-0006824,36,2024-10-27,12,SHIPPED
6825,SO-0006825,17,2024-12-26,11,OPEN
6826,SO-0006826,15,2026-05-11,11,PARTIAL
6827,SO-0006827,56,2023-06-24,7,SHIPPED
6828,SO-0006828,73,2023-04-12,5,PARTIAL
6829,SO-0006829,15,2023-10-01,3,SHIPPED
6830,SO-0006830,40,2026-04-05,1,SHIPPED
6831,SO-0006831,77,2023-06-03,11,SHIPPED
6832,SO-0006832,24,2023-12-08,1,SHIPPED
6833,SO-0006833,27,2024-11-16,10,SHIPPED
6834,SO-0006834,23,2024-08-13,8,SHIPPED
6835,SO-0006835,71,2024-12-02,8,SHIPPED
6836,SO-0006836,68,2024-01-22,1,PARTIAL
6837,SO-0006837,53,2025-06-03,10,SHIPPED
6838,SO-0006838,6,2025-11-17,8,SHIPPED
6839,SO-0006839,69,2025-06-26,11,SHIPPED
6840,SO-0006840,71,2024-04-02,4,OPEN
6841,SO-0006841,57,2026-05-05,7,SHIPPED
6842,SO-0006842,79,2025-09-26,6,SHIPPED
6843,SO-0006843,80,2024-12-09,4,SHIPPED
6844,SO-0006844,51,2024-10-10,12,SHIPPED
6845,SO-0006845,74,2023-07-24,7,SHIPPED
6846,SO-0006846,32,2023-07-15,8,SHIPPED
6847,SO-0006847,52,2023-12-05,5,PARTIAL
6848,SO-0006848,58,2026-05-31,3,OPEN
6849,SO-0006849,67,2025-03-19,4,OPEN
6850,SO-0006850,54,2023-12-19,1,SHIPPED
6851,SO-0006851,18,2024-07-09,6,SHIPPED
6852,SO-0006852,49,2024-09-17,12,SHIPPED
6853,SO-0006853,33,2025-05-19,5,SHIPPED
6854,SO-0006854,36,2024-05-11,9,OPEN
6855,SO-0006855,23,2026-03-13,2,SHIPPED
6856,SO-0006856,2,2024-11-10,12,OPEN
6857,SO-0006857,32,2026-04-19,5,PARTIAL
6858,SO-0006858,15,2024-10-07,4,OPEN
6859,SO-0006859,44,2025-04-08,7,OPEN
6860,SO-0006860,28,2023-07-25,6,PARTIAL
6861,SO-0006861,76,2023-02-19,7,SHIPPED
6862,SO-0006862,68,2024-08-20,1,SHIPPED
6863,SO-0006863,23,2024-03-14,8,PARTIAL
6864,SO-0006864,39,2023-03-07,10,SHIPPED
6865,SO-0006865,73,2024-12-17,12,SHIPPED
6866,SO-0006866,23,2026-09-15,12,SHIPPED
6867,SO-0006867,67,2025-03-18,4,SHIPPED
6868,SO-0006868,3,2025-11-02,11,PARTIAL
6869,SO-0006869,13,2025-04-30,7,SHIPPED
6870,SO-0006870,49,2023-05-29,9,SHIPPED
6871,SO-0006871,53,2024-11-02,6,SHIPPED
6872,SO-0006872,17,2023-07-09,4,OPEN
6873,SO-0006873,17,2024-03-02,3,SHIPPED
6874,SO-0006874,57,2026-07-14,4,SHIPPED
6875,SO-0006875,76,2026-05-14,4,SHIPPED
6876,SO-0006876,34,2024-03-06,1,SHIPPED
6877,SO-0006877,61,2025-03-03,9,SHIPPED
6878,SO-0006878,33,2023-10-31,12,SHIPPED
6879,SO-0006879,77,2024-09-27,5,SHIPPED
6880,SO-0006880,23,2026-02-27,5,SHIPPED
6881,SO-0006881,19,2024-11-30,3,SHIPPED
6882,SO-0006882,74,2026-02-17,10,SHIPPED
6883,SO-0006883,21,2024-10-09,10,PARTIAL
6884,SO-0006884,15,2026-08-04,10,OPEN
6885,SO-0006885,54,2025-01-09,5,SHIPPED
6886,SO-0006886,33,2024-01-02,3,OPEN
6887,SO-0006887,9,2023-08-20,10,SHIPPED
6888,SO-0006888,58,2024-01-30,5,SHIPPED
6889,SO-0006889,44,2024-03-13,6,OPEN
6890,SO-0006890,42,2023-03-15,9,SHIPPED
6891,SO-0006891,24,2026-07-05,3,PARTIAL
6892,SO-0006892,37,2024-11-29,5,SHIPPED
6893,SO-0006893,65,2025-02-17,12,PARTIAL
6894,SO-0006894,15,2024-10-26,8,SHIPPED
6895,SO-0006895,14,2025-10-11,3,PARTIAL
6896,SO-0006896,5,2024-01-24,7,PARTIAL
6897,SO-0006897,36,2024-02-04,11,SHIPPED
6898,SO-0006898,63,2023-01-30,7,OPEN
6899,SO-0006899,80,2026-07-31,6,PARTIAL
6900,SO-0006900,76,2023-01-10,9,PARTIAL
6901,SO-0006901,29,2024-04-03,11,SHIPPED
6902,SO-0006902,20,2026-08-22,3,SHIPPED
6903,SO-0006903,13,2023-06-25,8,SHIPPED
6904,SO-0006904,15,2023-03-07,1,SHIPPED
6905,SO-0006905,36,2025-10-26,8,PARTIAL
6906,SO-0006906,25,2025-02-07,4,PARTIAL
6907,SO-0006907,33,2023-07-20,7,SHIPPED
6908,SO-0006908,47,2023-02-20,11,PARTIAL
6909,SO-0006909,2,2024-01-17,2,SHIPPED
6910,SO-0006910,18,2025-09-19,6,OPEN
6911,SO-0006911,37,2025-07-16,6,SHIPPED
6912,SO-0006912,20,2023-08-05,9,SHIPPED
6913,SO-0006913,73,2026-02-22,7,SHIPPED
6914,SO-0006914,35,2023-12-13,8,SHIPPED
6915,SO-0006915,78,2025-04-12,10,SHIPPED
6916,SO-0006916,55,2023-10-06,10,PARTIAL
6917,SO-0006917,27,2026-09-21,7,SHIPPED
6918,SO-0006918,76,2024-02-15,3,SHIPPED
6919,SO-0006919,43,2026-02-04,10,SHIPPED
6920,SO-0006920,64,2023-07-25,3,SHIPPED
6921,SO-0006921,30,2023-10-28,12,SHIPPED
6922,SO-0006922,12,2026-03-10,5,SHIPPED
6923,SO-0006923,29,2025-06-16,5,PARTIAL
6924,SO-0006924,60,2024-10-28,10,SHIPPED
6925,SO-0006925,52,2024-07-06,1,PARTIAL
6926,SO-0006926,64,2024-08-18,3,PARTIAL
6927,SO-0006927,21,2024-11-08,6,SHIPPED
6928,SO-0006928,10,2023-01-31,1,SHIPPED
6929,SO-0006929,67,2024-01-24,4,OPEN
6930,SO-0006930,15,2025-08-13,3,SHIPPED
6931,SO-0006931,46,2023-04-26,1,OPEN
6932,SO-0006932,19,2024-12-10,1,PARTIAL
6933,SO-0006933,64,2024-12-16,10,SHIPPED
6934,SO-0006934,64,2025-10-14,4,SHIPPED
6935,SO-0006935,54,2026-06-13,5,SHIPPED
6936,SO-0006936,61,2024-08-04,7,SHIPPED
6937,SO-0006937,2,2025-11-21,11,SHIPPED
6938,SO-0006938,13,2026-01-20,6,OPEN
6939,SO-0006939,21,2026-04-25,1,SHIPPED
6940,SO-0006940,26,2026-06-02,10,OPEN
6941,SO-0006941,62,2026-04-03,3,SHIPPED
6942,SO-0006942,17,2024-03-14,4,OPEN
6943,SO-0006943,29,2023-12-02,9,SHIPPED
6944,SO-0006944,74,2023-12-10,8,OPEN
6945,SO-0006945,17,2025-06-15,11,SHIPPED
6946,SO-0006946,55,2023-06-11,9,PARTIAL
6947,SO-0006947,80,2025-11-08,6,SHIPPED
6948,SO-0006948,59,2026-02-14,1,SHIPPED
6949,SO-0006949,59,2025-01-03,4,SHIPPED
6950,SO-0006950,62,2024-08-02,7,PARTIAL
6951,SO-0006951,47,2025-12-09,11,PARTIAL
6952,SO-0006952,62,2026-06-26,4,OPEN
6953,SO-0006953,38,2026-03-27,11,SHIPPED
6954,SO-0006954,1,2023-11-13,8,SHIPPED
6955,SO-0006955,55,2024-05-08,6,OPEN
6956,SO-0006956,75,2026-05-13,1,SHIPPED
6957,SO-0006957,71,2025-06-04,10,SHIPPED
6958,SO-0006958,8,2025-09-08,4,SHIPPED
6959,SO-0006959,3,2025-03-28,8,OPEN
6960,SO-0006960,39,2023-08-16,11,SHIPPED
6961,SO-0006961,33,2023-06-26,1,PARTIAL
6962,SO-0006962,64,2024-03-31,3,PARTIAL
6963,SO-0006963,47,2025-06-21,4,OPEN
6964,SO-0006964,57,2026-05-19,11,OPEN
6965,SO-0006965,50,2025-06-09,11,OPEN
6966,SO-0006966,6,2026-04-18,2,PARTIAL
6967,SO-0006967,31,2026-03-04,10,OPEN
6968,SO-0006968,19,2024-02-06,7,SHIPPED
6969,SO-0006969,65,2026-04-16,7,OPEN
6970,SO-0006970,72,2024-08-31,12,SHIPPED
6971,SO-0006971,67,2026-04-23,4,PARTIAL
6972,SO-0006972,24,2024-12-05,12,PARTIAL
6973,SO-0006973,50,2023-01-26,10,SHIPPED
6974,SO-0006974,51,2025-04-26,12,OPEN
6975,SO-0006975,44,2023-12-25,1,SHIPPED
6976,SO-0006976,78,2024-09-20,11,PARTIAL
6977,SO-0006977,15,2025-10-10,1,OPEN
6978,SO-0006978,72,2024-02-13,4,SHIPPED
6979,SO-0006979,47,2024-01-12,6,OPEN
6980,SO-0006980,13,2025-08-18,10,OPEN
6981,SO-0006981,18,2026-08-20,12,PARTIAL
6982,SO-0006982,41,2024-10-23,2,SHIPPED
6983,SO-0006983,58,2024-02-04,7,PARTIAL
6984,SO-0006984,17,2025-10-21,3,PARTIAL
6985,SO-0006985,1,2025-11-02,10,SHIPPED
6986,SO-0006986,71,2025-08-27,4,SHIPPED
6987,SO-0006987,33,2023-04-25,12,OPEN
6988,SO-0006988,54,2023-06-10,4,PARTIAL
6989,SO-0006989,1,2023-08-06,7,PARTIAL
6990,SO-0006990,1,2026-09-06,3,PARTIAL
6991,SO-0006991,13,2024-03-22,3,SHIPPED
6992,SO-0006992,70,2026-07-25,8,SHIPPED
6993,SO-0006993,58,2025-08-02,3,SHIPPED
6994,SO-0006994,4,2026-08-08,9,SHIPPED
6995,SO-0006995,24,2024-11-09,8,SHIPPED
6996,SO-0006996,58,2025-06-22,5,SHIPPED
6997,SO-0006997,63,2024-01-06,7,SHIPPED
6998,SO-0006998,77,2024-08-19,10,OPEN
6999,SO-0006999,17,2025-08-19,4,SHIPPED
7000,SO-0007000,73,2025-06-23,7,SHIPPED
7001,SO-0007001,21,2026-02-16,8,OPEN
7002,SO-0007002,63,2024-12-13,5,PARTIAL
7003,SO-0007003,68,2025-07-14,1,SHIPPED
7004,SO-0007004,60,2025-08-04,11,SHIPPED
7005,SO-0007005,45,2024-01-03,6,SHIPPED
7006,SO-0007006,47,2024-10-02,8,SHIPPED
7007,SO-0007007,50,2024-12-25,12,OPEN
7008,SO-0007008,70,2024-03-28,4,SHIPPED
7009,SO-0007009,52,2023-09-04,1,SHIPPED
7010,SO-0007010,73,2024-06-03,8,SHIPPED
7011,SO-0007011,51,2026-06-21,3,OPEN
7012,SO-0007012,79,2023-01-16,3,OPEN
7013,SO-0007013,77,2024-05-14,2,SHIPPED
7014,SO-0007014,8,2023-03-30,11,OPEN
7015,SO-0007015,76,2023-03-01,4,SHIPPED
7016,SO-0007016,18,2023-09-24,1,SHIPPED
7017,SO-0007017,71,2025-03-29,8,SHIPPED
7018,SO-0007018,31,2025-08-28,10,PARTIAL
7019,SO-0007019,61,2025-07-21,10,OPEN
7020,SO-0007020,52,2025-05-30,11,SHIPPED
7021,SO-0007021,16,2025-07-30,8,OPEN
7022,SO-0007022,45,2023-02-09,3,SHIPPED
7023,SO-0007023,58,2025-06-04,4,SHIPPED
7024,SO-0007024,51,2023-04-21,5,SHIPPED
7025,SO-0007025,80,2023-10-17,1,SHIPPED
7026,SO-0007026,65,2024-11-28,11,SHIPPED
7027,SO-0007027,61,2025-03-28,12,SHIPPED
7028,SO-0007028,10,2024-02-20,10,SHIPPED
7029,SO-0007029,44,2026-05-22,3,PARTIAL
7030,SO-0007030,8,2024-01-27,1,OPEN
7031,SO-0007031,40,2023-03-19,9,SHIPPED
7032,SO-0007032,8,2024-05-15,9,PARTIAL
7033,SO-0007033,19,2026-06-04,4,SHIPPED
7034,SO-0007034,15,2026-09-20,3,SHIPPED
7035,SO-0007035,32,2024-12-22,5,OPEN
7036,SO-0007036,45,2024-10-30,4,OPEN
7037,SO-0007037,67,2024-10-25,5,OPEN
7038,SO-0007038,9,2024-04-24,7,OPEN
7039,SO-0007039,58,2025-01-05,6,SHIPPED
7040,SO-0007040,27,2024-05-19,11,SHIPPED
7041,SO-0007041,80,2026-07-05,1,SHIPPED
7042,SO-0007042,78,2025-09-16,4,SHIPPED
7043,SO-0007043,36,2024-03-01,6,SHIPPED
7044,SO-0007044,56,2026-01-30,6,PARTIAL
7045,SO-0007045,6,2025-05-02,6,SHIPPED
7046,SO-0007046,70,2026-05-30,4,PARTIAL
7047,SO-0007047,6,2023-02-06,12,SHIPPED
7048,SO-0007048,20,2026-07-23,6,SHIPPED
7049,SO-0007049,43,2023-07-20,2,SHIPPED
7050,SO-0007050,66,2024-12-24,7,SHIPPED
7051,SO-0007051,25,2024-08-16,8,SHIPPED
7052,SO-0007052,8,2026-06-19,3,SHIPPED
7053,SO-0007053,3,2024-01-16,8,OPEN
7054,SO-0007054,21,2026-02-06,11,SHIPPED
7055,SO-0007055,6,2025-08-16,6,SHIPPED
7056,SO-0007056,9,2023-07-26,3,PARTIAL
7057,SO-0007057,19,2024-01-17,1,SHIPPED
7058,SO-0007058,80,2024-03-22,11,SHIPPED
7059,SO-0007059,48,2026-05-19,9,OPEN
7060,SO-0007060,38,2023-06-04,6,SHIPPED
7061,SO-0007061,22,2026-05-24,10,OPEN
7062,SO-0007062,25,2024-11-14,11,SHIPPED
7063,SO-0007063,22,2025-07-28,1,PARTIAL
7064,SO-0007064,1,2023-10-15,8,SHIPPED
7065,SO-0007065,33,2023-01-28,1,SHIPPED
7066,SO-0007066,77,2024-12-21,1,SHIPPED
7067,SO-0007067,41,2026-09-30,10,PARTIAL
7068,SO-0007068,22,2025-10-14,10,PARTIAL
7069,SO-0007069,55,2023-12-03,12,SHIPPED
7070,SO-0007070,58,2024-02-20,4,SHIPPED
7071,SO-0007071,13,2024-03-16,5,SHIPPED
7072,SO-0007072,76,2026-05-17,12,OPEN
7073,SO-0007073,25,2025-04-15,7,SHIPPED
7074,SO-0007074,61,2023-10-28,5,SHIPPED
7075,SO-0007075,72,2023-01-14,2,SHIPPED
7076,SO-0007076,78,2024-06-08,8,PARTIAL
7077,SO-0007077,23,2023-11-08,2,SHIPPED
7078,SO-0007078,64,2025-03-26,2,SHIPPED
7079,SO-0007079,70,2025-06-16,8,OPEN
7080,SO-0007080,28,2023-07-05,2,SHIPPED
7081,SO-0007081,31,2024-08-22,11,SHIPPED
7082,SO-0007082,55,2026-03-19,2,SHIPPED
7083,SO-0007083,23,2026-05-05,10,OPEN
7084,SO-0007084,11,2026-01-05,6,SHIPPED
7085,SO-0007085,46,2024-01-12,3,SHIPPED
7086,SO-0007086,54,2024-06-18,9,SHIPPED
7087,SO-0007087,73,2025-11-22,4,OPEN
7088,SO-0007088,24,2024-09-23,9,PARTIAL
7089,SO-0007089,20,2025-06-29,2,SHIPPED
7090,SO-0007090,53,2025-01-01,2,OPEN
7091,SO-0007091,4,2025-07-12,1,SHIPPED
7092,SO-0007092,53,2025-06-18,12,SHIPPED
7093,SO-0007093,39,2024-09-23,4,SHIPPED
7094,SO-0007094,59,2025-05-29,12,SHIPPED
7095,SO-0007095,58,2025-06-23,2,SHIPPED
7096,SO-0007096,1,2023-02-11,2,OPEN
7097,SO-0007097,15,2026-04-30,9,SHIPPED
7098,SO-0007098,1,2023-05-13,11,SHIPPED
7099,SO-0007099,8,2026-03-31,2,PARTIAL
7100,SO-0007100,7,2023-07-18,10,SHIPPED
7101,SO-0007101,12,2025-11-29,2,PARTIAL
7102,SO-0007102,25,2023-03-20,8,OPEN
7103,SO-0007103,46,2023-12-12,4,PARTIAL
7104,SO-0007104,44,2025-03-01,10,OPEN
7105,SO-0007105,68,2026-01-31,4,OPEN
7106,SO-0007106,25,2025-07-30,9,SHIPPED
7107,SO-0007107,49,2024-01-03,10,OPEN
7108,SO-0007108,24,2023-07-19,2,PARTIAL
7109,SO-0007109,69,2025-05-02,4,SHIPPED
7110,SO-0007110,42,2026-03-05,8,OPEN
7111,SO-0007111,73,2024-06-22,4,PARTIAL
7112,SO-0007112,44,2025-05-25,3,PARTIAL
7113,SO-0007113,9,2024-04-07,11,PARTIAL
7114,SO-0007114,32,2024-02-20,5,SHIPPED
7115,SO-0007115,77,2025-09-23,9,SHIPPED
7116,SO-0007116,34,2025-02-24,6,OPEN
7117,SO-0007117,48,2025-02-14,2,PARTIAL
7118,SO-0007118,42,2023-01-22,1,SHIPPED
7119,SO-0007119,39,2026-08-06,2,SHIPPED
7120,SO-0007120,49,2024-07-17,6,SHIPPED
7121,SO-0007121,8,2024-06-30,2,SHIPPED
7122,SO-0007122,74,2023-04-24,8,SHIPPED
7123,SO-0007123,66,2024-11-20,9,SHIPPED
7124,SO-0007124,46,2025-11-14,10,OPEN
7125,SO-0007125,35,2025-11-18,1,OPEN
7126,SO-0007126,53,2024-08-25,7,SHIPPED
7127,SO-0007127,43,2023-02-27,5,SHIPPED
7128,SO-0007128,29,2025-01-13,8,PARTIAL
7129,SO-0007129,56,2026-06-05,4,SHIPPED
7130,SO-0007130,20,2025-01-17,3,OPEN
7131,SO-0007131,32,2025-02-09,12,PARTIAL
7132,SO-0007132,22,2025-01-10,12,OPEN
7133,SO-0007133,80,2023-01-25,10,OPEN
7134,SO-0007134,37,2024-03-22,12,PARTIAL
7135,SO-0007135,41,2023-11-29,7,SHIPPED
7136,SO-0007136,33,2024-08-24,11,SHIPPED
7137,SO-0007137,50,2025-12-09,8,SHIPPED
7138,SO-0007138,4,2025-06-20,5,SHIPPED
7139,SO-0007139,22,2026-06-17,3,SHIPPED
7140,SO-0007140,13,2025-08-09,6,SHIPPED
7141,SO-0007141,31,2024-07-23,8,SHIPPED
7142,SO-0007142,28,2023-07-14,2,OPEN
7143,SO-0007143,16,2024-09-11,4,SHIPPED
7144,SO-0007144,36,2025-07-16,7,OPEN
7145,SO-0007145,24,2025-05-07,8,SHIPPED
7146,SO-0007146,50,2024-09-16,2,SHIPPED
7147,SO-0007147,47,2025-11-18,12,PARTIAL
7148,SO-0007148,1,2026-06-03,7,SHIPPED
7149,SO-0007149,43,2025-01-02,10,SHIPPED
7150,SO-0007150,62,2026-01-31,6,OPEN
7151,SO-0007151,50,2025-07-22,3,PARTIAL
7152,SO-0007152,80,2026-02-05,9,PARTIAL
7153,SO-0007153,26,2024-02-25,12,SHIPPED
7154,SO-0007154,43,2024-05-13,7,OPEN
7155,SO-0007155,20,2026-03-08,9,OPEN
7156,SO-0007156,52,2023-02-15,12,OPEN
7157,SO-0007157,1,2026-05-20,3,SHIPPED
7158,SO-0007158,43,2024-02-19,4,OPEN
7159,SO-0007159,72,2024-05-18,6,SHIPPED
7160,SO-0007160,58,2024-05-01,5,OPEN
7161,SO-0007161,4,2023-06-11,12,SHIPPED
7162,SO-0007162,2,2023-06-03,11,PARTIAL
7163,SO-0007163,77,2023-02-19,3,SHIPPED
7164,SO-0007164,36,2024-12-01,9,SHIPPED
7165,SO-0007165,4,2025-06-02,11,SHIPPED
7166,SO-0007166,2,2025-12-27,11,PARTIAL
7167,SO-0007167,35,2023-02-28,8,SHIPPED
7168,SO-0007168,49,2024-07-29,2,SHIPPED
7169,SO-0007169,27,2025-06-14,4,SHIPPED
7170,SO-0007170,67,2026-05-25,11,SHIPPED
7171,SO-0007171,60,2024-09-13,6,SHIPPED
7172,SO-0007172,29,2025-03-02,11,SHIPPED
7173,SO-0007173,1,2023-07-04,12,PARTIAL
7174,SO-0007174,35,2025-10-03,6,SHIPPED
7175,SO-0007175,45,2024-12-28,1,SHIPPED
7176,SO-0007176,67,2025-03-23,6,SHIPPED
7177,SO-0007177,54,2023-12-12,6,PARTIAL
7178,SO-0007178,18,2023-08-02,1,OPEN
7179,SO-0007179,5,2023-12-16,7,OPEN
7180,SO-0007180,49,2024-05-08,7,SHIPPED
7181,SO-0007181,55,2024-04-29,10,PARTIAL
7182,SO-0007182,52,2024-08-29,2,SHIPPED
7183,SO-0007183,36,2024-11-30,12,PARTIAL
7184,SO-0007184,77,2024-11-24,6,SHIPPED
7185,SO-0007185,70,2023-04-23,6,SHIPPED
7186,SO-0007186,49,2024-07-08,7,PARTIAL
7187,SO-0007187,39,2026-08-17,10,SHIPPED
7188,SO-0007188,3,2023-06-27,11,SHIPPED
7189,SO-0007189,74,2025-04-12,1,OPEN
7190,SO-0007190,46,2024-09-05,10,SHIPPED
7191,SO-0007191,56,2025-09-10,4,SHIPPED
7192,SO-0007192,73,2023-09-07,1,SHIPPED
7193,SO-0007193,51,2024-01-10,4,SHIPPED
7194,SO-0007194,33,2023-03-09,1,OPEN
7195,SO-0007195,1,2026-02-15,8,SHIPPED
7196,SO-0007196,70,2023-02-14,7,SHIPPED
7197,SO-0007197,17,2024-03-02,9,PARTIAL
7198,SO-0007198,16,2025-11-19,7,SHIPPED
7199,SO-0007199,27,2025-10-11,9,OPEN
7200,SO-0007200,58,2026-02-25,12,PARTIAL
7201,SO-0007201,71,2023-03-15,10,SHIPPED
7202,SO-0007202,54,2024-11-12,9,PARTIAL
7203,SO-0007203,20,2024-11-24,8,SHIPPED
7204,SO-0007204,44,2023-08-04,5,PARTIAL
7205,SO-0007205,33,2024-07-29,7,SHIPPED
7206,SO-0007206,28,2024-09-19,1,SHIPPED
7207,SO-0007207,78,2024-10-06,8,SHIPPED
7208,SO-0007208,77,2024-02-16,4,OPEN
7209,SO-0007209,31,2025-12-07,8,SHIPPED
7210,SO-0007210,30,2023-09-13,5,PARTIAL
7211,SO-0007211,3,2024-11-29,12,SHIPPED
7212,SO-0007212,14,2023-02-17,1,SHIPPED
7213,SO-0007213,25,2023-08-18,6,OPEN
7214,SO-0007214,54,2024-06-22,9,SHIPPED
7215,SO-0007215,53,2025-03-12,4,OPEN
7216,SO-0007216,78,2023-10-28,1,PARTIAL
7217,SO-0007217,40,2024-04-11,5,OPEN
7218,SO-0007218,49,2025-07-13,2,SHIPPED
7219,SO-0007219,3,2025-07-21,11,OPEN
7220,SO-0007220,76,2024-06-03,10,OPEN
7221,SO-0007221,35,2025-11-02,6,PARTIAL
7222,SO-0007222,6,2024-08-10,3,SHIPPED
7223,SO-0007223,44,2024-06-23,8,SHIPPED
7224,SO-0007224,32,2026-02-11,11,SHIPPED
7225,SO-0007225,31,2026-08-27,5,OPEN
7226,SO-0007226,67,2026-05-29,2,SHIPPED
7227,SO-0007227,8,2025-05-04,7,PARTIAL
7228,SO-0007228,26,2024-12-24,8,SHIPPED
7229,SO-0007229,20,2024-02-02,8,OPEN
7230,SO-0007230,19,2025-12-09,4,OPEN
7231,SO-0007231,61,2024-01-27,5,SHIPPED
7232,SO-0007232,42,2023-11-11,7,SHIPPED
7233,SO-0007233,25,2025-08-31,1,SHIPPED
7234,SO-0007234,47,2026-03-05,11,OPEN
7235,SO-0007235,50,2026-05-16,10,SHIPPED
7236,SO-0007236,12,2025-02-20,10,PARTIAL
7237,SO-0007237,8,2023-06-19,5,SHIPPED
7238,SO-0007238,76,2025-07-27,5,SHIPPED
7239,SO-0007239,54,2023-11-06,10,PARTIAL
7240,SO-0007240,60,2023-12-29,11,PARTIAL
7241,SO-0007241,59,2026-09-12,10,OPEN
7242,SO-0007242,41,2024-02-07,9,OPEN
7243,SO-0007243,46,2024-04-07,12,SHIPPED
7244,SO-0007244,50,2023-12-05,8,SHIPPED
7245,SO-0007245,10,2024-02-09,4,SHIPPED
7246,SO-0007246,75,2023-03-25,3,SHIPPED
7247,SO-0007247,79,2026-05-06,2,SHIPPED
7248,SO-0007248,48,2026-09-18,4,PARTIAL
7249,SO-0007249,42,2024-11-07,8,OPEN
7250,SO-0007250,35,2024-02-07,1,PARTIAL
7251,SO-0007251,28,2026-09-10,8,PARTIAL
7252,SO-0007252,70,2023-10-18,4,PARTIAL
7253,SO-0007253,57,2023-12-16,8,SHIPPED
7254,SO-0007254,35,2024-09-06,10,PARTIAL
7255,SO-0007255,73,2026-07-11,10,SHIPPED
7256,SO-0007256,53,2026-02-02,9,OPEN
7257,SO-0007257,46,2025-12-14,9,SHIPPED
7258,SO-0007258,37,2025-10-11,4,SHIPPED
7259,SO-0007259,75,2025-11-06,6,SHIPPED
7260,SO-0007260,62,2023-08-25,9,OPEN
7261,SO-0007261,53,2025-09-27,4,OPEN
7262,SO-0007262,74,2024-04-09,4,OPEN
7263,SO-0007263,40,2023-03-17,2,OPEN
7264,SO-0007264,33,2024-10-07,7,SHIPPED
7265,SO-0007265,18,2024-11-25,2,PARTIAL
7266,SO-0007266,24,2025-04-01,3,SHIPPED
7267,SO-0007267,29,2023-10-26,1,SHIPPED
7268,SO-0007268,29,2026-04-27,9,PARTIAL
7269,SO-0007269,69,2023-07-11,7,OPEN
7270,SO-0007270,75,2026-07-25,11,SHIPPED
7271,SO-0007271,20,2023-11-17,8,OPEN
7272,SO-0007272,72,2025-01-04,2,OPEN
7273,SO-0007273,76,2026-09-07,8,SHIPPED
7274,SO-0007274,37,2023-10-03,11,SHIPPED
7275,SO-0007275,34,2024-12-30,1,SHIPPED
7276,SO-0007276,44,2025-09-24,11,SHIPPED
7277,SO-0007277,4,2025-06-11,2,SHIPPED
7278,SO-0007278,25,2025-11-04,12,PARTIAL
7279,SO-0007279,46,2025-11-18,6,OPEN
7280,SO-0007280,66,2023-10-29,3,SHIPPED
7281,SO-0007281,63,2023-03-26,7,SHIPPED
7282,SO-0007282,42,2025-09-21,2,SHIPPED
7283,SO-0007283,25,2023-01-19,9,SHIPPED
7284,SO-0007284,13,2025-12-13,4,OPEN
7285,SO-0007285,15,2024-06-24,3,SHIPPED
7286,SO-0007286,47,2023-11-29,7,PARTIAL
7287,SO-0007287,24,2025-03-14,1,PARTIAL
7288,SO-0007288,32,2025-10-20,6,PARTIAL
7289,SO-0007289,42,2025-08-26,2,OPEN
7290,SO-0007290,76,2025-11-24,3,PARTIAL
7291,SO-0007291,17,2024-05-01,1,PARTIAL
7292,SO-0007292,36,2026-08-01,4,OPEN
7293,SO-0007293,35,2024-09-27,8,SHIPPED
7294,SO-0007294,68,2024-06-30,11,SHIPPED
7295,SO-0007295,67,2023-11-10,3,PARTIAL
7296,SO-0007296,27,2024-04-06,10,PARTIAL
7297,SO-0007297,68,2023-09-10,6,SHIPPED
7298,SO-0007298,61,2025-08-29,10,PARTIAL
7299,SO-0007299,2,2026-02-10,12,OPEN
7300,SO-0007300,19,2023-01-16,3,SHIPPED
7301,SO-0007301,69,2023-07-20,2,SHIPPED
7302,SO-0007302,2,2025-05-12,8,PARTIAL
7303,SO-0007303,62,2024-02-08,4,SHIPPED
7304,SO-0007304,42,2024-07-02,1,SHIPPED
7305,SO-0007305,24,2024-07-24,2,SHIPPED
7306,SO-0007306,27,2024-11-05,9,SHIPPED
7307,SO-0007307,16,2024-10-28,10,SHIPPED
7308,SO-0007308,18,2023-02-26,12,SHIPPED
7309,SO-0007309,66,2024-08-15,4,SHIPPED
7310,SO-0007310,13,2026-08-11,8,OPEN
7311,SO-0007311,9,2024-10-30,12,SHIPPED
7312,SO-0007312,63,2023-03-10,8,SHIPPED
7313,SO-0007313,13,2025-04-22,1,SHIPPED
7314,SO-0007314,79,2024-09-24,5,OPEN
7315,SO-0007315,5,2024-09-18,6,PARTIAL
7316,SO-0007316,75,2023-07-23,6,OPEN
7317,SO-0007317,55,2023-01-21,6,SHIPPED
7318,SO-0007318,35,2023-05-24,9,SHIPPED
7319,SO-0007319,13,2025-02-22,7,OPEN
7320,SO-0007320,41,2025-08-06,1,OPEN
7321,SO-0007321,53,2023-10-17,5,SHIPPED
7322,SO-0007322,64,2024-05-28,7,SHIPPED
7323,SO-0007323,23,2024-07-19,5,PARTIAL
7324,SO-0007324,56,2024-04-16,4,SHIPPED
7325,SO-0007325,2,2025-03-17,1,SHIPPED
7326,SO-0007326,39,2024-11-07,5,PARTIAL
7327,SO-0007327,68,2023-11-25,3,SHIPPED
7328,SO-0007328,31,2024-09-21,1,SHIPPED
7329,SO-0007329,24,2023-04-08,5,SHIPPED
7330,SO-0007330,44,2025-05-17,2,SHIPPED
7331,SO-0007331,46,2025-11-26,1,SHIPPED
7332,SO-0007332,34,2025-04-17,8,SHIPPED
7333,SO-0007333,67,2024-02-26,7,OPEN
7334,SO-0007334,45,2025-04-24,5,SHIPPED
7335,SO-0007335,48,2026-02-25,7,PARTIAL
7336,SO-0007336,67,2026-08-21,4,SHIPPED
7337,SO-0007337,70,2025-04-14,1,SHIPPED
7338,SO-0007338,53,2026-03-26,4,SHIPPED
7339,SO-0007339,77,2025-02-09,5,SHIPPED
7340,SO-0007340,28,2023-01-27,2,SHIPPED
7341,SO-0007341,44,2023-08-14,3,SHIPPED
7342,SO-0007342,64,2023-06-30,2,SHIPPED
7343,SO-0007343,29,2024-07-31,4,SHIPPED
7344,SO-0007344,14,2024-04-15,1,SHIPPED
7345,SO-0007345,49,2023-01-13,6,SHIPPED
7346,SO-0007346,71,2025-03-21,8,OPEN
7347,SO-0007347,37,2024-12-10,8,SHIPPED
7348,SO-0007348,8,2024-08-20,6,SHIPPED
7349,SO-0007349,29,2026-07-14,10,SHIPPED
7350,SO-0007350,66,2023-05-23,10,SHIPPED
7351,SO-0007351,18,2023-01-29,9,SHIPPED
7352,SO-0007352,23,2025-08-24,4,SHIPPED
7353,SO-0007353,53,2024-07-07,4,SHIPPED
7354,SO-0007354,42,2023-12-21,11,OPEN
7355,SO-0007355,74,2026-09-23,7,PARTIAL
7356,SO-0007356,5,2025-10-26,4,PARTIAL
7357,SO-0007357,74,2024-09-10,2,SHIPPED
7358,SO-0007358,30,2026-08-22,10,SHIPPED
7359,SO-0007359,45,2025-12-14,1,SHIPPED
7360,SO-0007360,44,2025-08-06,10,PARTIAL
7361,SO-0007361,8,2024-08-29,2,SHIPPED
7362,SO-0007362,24,2023-10-11,5,OPEN
7363,SO-0007363,32,2023-01-13,5,SHIPPED
7364,SO-0007364,22,2026-02-26,7,SHIPPED
7365,SO-0007365,52,2025-08-24,5,PARTIAL
7366,SO-0007366,68,2024-04-18,4,SHIPPED
7367,SO-0007367,40,2026-08-15,11,OPEN
7368,SO-0007368,23,2024-12-17,11,OPEN
7369,SO-0007369,49,2024-09-22,8,SHIPPED
7370,SO-0007370,4,2024-07-20,7,OPEN
7371,SO-0007371,15,2026-02-22,1,PARTIAL
7372,SO-0007372,49,2023-08-17,12,SHIPPED
7373,SO-0007373,28,2026-03-29,1,PARTIAL
7374,SO-0007374,46,2024-01-24,9,SHIPPED
7375,SO-0007375,45,2023-02-26,5,PARTIAL
7376,SO-0007376,76,2025-08-04,10,SHIPPED
7377,SO-0007377,22,2024-10-18,2,PARTIAL
7378,SO-0007378,34,2024-11-15,11,SHIPPED
7379,SO-0007379,74,2026-08-07,1,PARTIAL
7380,SO-0007380,74,2025-03-06,4,OPEN
7381,SO-0007381,37,2023-02-17,5,OPEN
7382,SO-0007382,73,2024-05-30,1,PARTIAL
7383,SO-0007383,49,2026-03-22,11,PARTIAL
7384,SO-0007384,74,2025-05-24,12,SHIPPED
7385,SO-0007385,48,2026-06-29,11,SHIPPED
7386,SO-0007386,41,2023-08-09,2,SHIPPED
7387,SO-0007387,15,2025-03-12,7,SHIPPED
7388,SO-0007388,60,2023-06-14,1,PARTIAL
7389,SO-0007389,8,2023-04-04,11,PARTIAL
7390,SO-0007390,68,2025-03-03,9,OPEN
7391,SO-0007391,78,2023-08-06,6,SHIPPED
7392,SO-0007392,72,2025-02-24,7,SHIPPED
7393,SO-0007393,28,2024-01-02,4,SHIPPED
7394,SO-0007394,66,2026-07-02,6,SHIPPED
7395,SO-0007395,32,2025-10-03,9,SHIPPED
7396,SO-0007396,56,2023-01-12,6,SHIPPED
7397,SO-0007397,23,2026-03-25,3,SHIPPED
7398,SO-0007398,41,2023-10-06,10,SHIPPED
7399,SO-0007399,70,2024-07-22,11,PARTIAL
7400,SO-0007400,19,2026-04-14,10,OPEN
7401,SO-0007401,2,2024-03-01,12,OPEN
7402,SO-0007402,21,2024-04-28,7,OPEN
7403,SO-0007403,79,2023-06-25,4,PARTIAL
7404,SO-0007404,55,2023-04-04,12,SHIPPED
7405,SO-0007405,24,2026-08-02,2,SHIPPED
7406,SO-0007406,79,2026-07-23,1,SHIPPED
7407,SO-0007407,2,2023-03-17,3,SHIPPED
7408,SO-0007408,66,2023-10-14,6,SHIPPED
7409,SO-0007409,45,2023-08-22,1,PARTIAL
7410,SO-0007410,51,2023-06-02,4,OPEN
7411,SO-0007411,50,2023-03-16,12,SHIPPED
7412,SO-0007412,56,2023-03-16,10,OPEN
7413,SO-0007413,11,2023-04-26,5,PARTIAL
7414,SO-0007414,57,2024-08-06,10,SHIPPED
7415,SO-0007415,20,2023-10-03,6,SHIPPED
7416,SO-0007416,45,2024-07-19,8,SHIPPED
7417,SO-0007417,39,2025-05-07,3,PARTIAL
7418,SO-0007418,18,2023-08-09,5,OPEN
7419,SO-0007419,38,2023-12-16,3,SHIPPED
7420,SO-0007420,20,2023-05-05,11,PARTIAL
7421,SO-0007421,66,2026-07-29,8,SHIPPED
7422,SO-0007422,49,2025-07-28,1,SHIPPED
7423,SO-0007423,9,2025-10-02,5,OPEN
7424,SO-0007424,17,2023-10-12,2,SHIPPED
7425,SO-0007425,6,2026-05-24,2,SHIPPED
7426,SO-0007426,57,2025-08-28,12,PARTIAL
7427,SO-0007427,55,2026-04-16,2,OPEN
7428,SO-0007428,78,2024-11-10,10,SHIPPED
7429,SO-0007429,73,2023-03-06,1,OPEN
7430,SO-0007430,65,2023-11-23,8,OPEN
7431,SO-0007431,72,2025-09-03,9,PARTIAL
7432,SO-0007432,58,2026-02-02,2,SHIPPED
7433,SO-0007433,12,2025-08-29,11,OPEN
7434,SO-0007434,78,2024-07-20,12,SHIPPED
7435,SO-0007435,77,2025-07-25,11,SHIPPED
7436,SO-0007436,60,2026-09-02,3,SHIPPED
7437,SO-0007437,44,2026-09-11,8,OPEN
7438,SO-0007438,32,2023-04-14,8,SHIPPED
7439,SO-0007439,26,2025-01-02,8,SHIPPED
7440,SO-0007440,21,2024-05-15,12,SHIPPED
7441,SO-0007441,50,2025-01-26,1,OPEN
7442,SO-0007442,25,2023-10-27,5,OPEN
7443,SO-0007443,3,2024-01-17,3,SHIPPED
7444,SO-0007444,78,2026-08-05,1,SHIPPED
7445,SO-0007445,60,2026-02-04,1,SHIPPED
7446,SO-0007446,23,2025-08-12,11,SHIPPED
7447,SO-0007447,31,2023-06-03,3,SHIPPED
7448,SO-0007448,79,2025-01-01,8,PARTIAL
7449,SO-0007449,13,2023-03-19,1,PARTIAL
7450,SO-0007450,11,2024-01-18,3,SHIPPED
7451,SO-0007451,2,2025-01-12,10,SHIPPED
7452,SO-0007452,53,2024-08-18,9,SHIPPED
7453,SO-0007453,21,2025-11-26,4,SHIPPED
7454,SO-0007454,21,2024-12-09,6,OPEN
7455,SO-0007455,54,2024-12-16,1,SHIPPED
7456,SO-0007456,2,2023-06-03,9,SHIPPED
7457,SO-0007457,34,2024-12-20,1,SHIPPED
7458,SO-0007458,52,2023-12-20,8,SHIPPED
7459,SO-0007459,28,2023-09-19,4,SHIPPED
7460,SO-0007460,46,2024-11-18,10,SHIPPED
7461,SO-0007461,80,2023-04-06,4,OPEN
7462,SO-0007462,17,2025-03-12,12,PARTIAL
7463,SO-0007463,5,2023-06-18,12,SHIPPED
7464,SO-0007464,54,2023-05-31,1,OPEN
7465,SO-0007465,31,2026-05-08,4,OPEN
7466,SO-0007466,52,2026-07-02,4,OPEN
7467,SO-0007467,46,2023-06-03,2,SHIPPED
7468,SO-0007468,43,2023-09-10,8,SHIPPED
7469,SO-0007469,53,2025-04-15,12,SHIPPED
7470,SO-0007470,69,2024-05-30,11,SHIPPED
7471,SO-0007471,56,2025-01-19,9,SHIPPED
7472,SO-0007472,43,2024-09-17,5,SHIPPED
7473,SO-0007473,63,2026-09-21,12,SHIPPED
7474,SO-0007474,77,2026-08-30,12,SHIPPED
7475,SO-0007475,10,2025-01-02,7,SHIPPED
7476,SO-0007476,73,2024-10-30,2,SHIPPED
7477,SO-0007477,55,2023-01-24,6,PARTIAL
7478,SO-0007478,37,2026-03-23,6,OPEN
7479,SO-0007479,28,2026-03-29,2,PARTIAL
7480,SO-0007480,6,2024-06-06,11,OPEN
7481,SO-0007481,4,2023-01-06,10,OPEN
7482,SO-0007482,44,2025-11-30,4,SHIPPED
7483,SO-0007483,16,2023-05-25,12,SHIPPED
7484,SO-0007484,9,2025-09-17,4,SHIPPED
7485,SO-0007485,66,2023-03-24,3,PARTIAL
7486,SO-0007486,22,2024-06-27,9,SHIPPED
7487,SO-0007487,22,2025-07-16,8,SHIPPED
7488,SO-0007488,54,2026-08-19,3,SHIPPED
7489,SO-0007489,1,2025-09-13,12,PARTIAL
7490,SO-0007490,56,2024-08-26,3,PARTIAL
7491,SO-0007491,68,2023-11-04,6,SHIPPED
7492,SO-0007492,15,2026-04-23,8,SHIPPED
7493,SO-0007493,48,2023-04-29,1,PARTIAL
7494,SO-0007494,13,2026-05-25,2,SHIPPED
7495,SO-0007495,50,2025-05-11,9,SHIPPED
7496,SO-0007496,71,2024-08-26,10,SHIPPED
7497,SO-0007497,74,2023-09-25,12,PARTIAL
7498,SO-0007498,3,2024-08-06,11,SHIPPED
7499,SO-0007499,35,2025-08-02,9,SHIPPED
7500,SO-0007500,3,2025-10-27,9,SHIPPED
7501,SO-0007501,60,2026-06-13,1,SHIPPED
7502,SO-0007502,47,2025-02-13,9,SHIPPED
7503,SO-0007503,59,2025-08-14,8,SHIPPED
7504,SO-0007504,78,2023-06-06,2,SHIPPED
7505,SO-0007505,79,2023-06-26,2,SHIPPED
7506,SO-0007506,25,2025-04-26,7,PARTIAL
7507,SO-0007507,12,2023-10-01,1,SHIPPED
7508,SO-0007508,15,2026-06-17,9,PARTIAL
7509,SO-0007509,10,2024-03-15,4,SHIPPED
7510,SO-0007510,71,2024-12-21,2,OPEN
7511,SO-0007511,18,2023-01-19,4,SHIPPED
7512,SO-0007512,43,2023-11-15,4,OPEN
7513,SO-0007513,14,2024-09-07,8,OPEN
7514,SO-0007514,72,2023-11-26,4,PARTIAL
7515,SO-0007515,23,2024-11-29,6,OPEN
7516,SO-0007516,15,2025-09-23,8,PARTIAL
7517,SO-0007517,62,2024-01-07,7,OPEN
7518,SO-0007518,1,2023-10-03,7,PARTIAL
7519,SO-0007519,60,2026-03-01,12,SHIPPED
7520,SO-0007520,68,2023-03-20,2,SHIPPED
7521,SO-0007521,37,2025-02-24,10,OPEN
7522,SO-0007522,8,2025-10-26,11,OPEN
7523,SO-0007523,67,2023-03-11,5,SHIPPED
7524,SO-0007524,19,2025-10-09,5,SHIPPED
7525,SO-0007525,21,2024-10-31,2,SHIPPED
7526,SO-0007526,37,2023-03-03,5,SHIPPED
7527,SO-0007527,19,2024-06-20,8,SHIPPED
7528,SO-0007528,78,2024-07-13,9,SHIPPED
7529,SO-0007529,27,2026-05-03,7,SHIPPED
7530,SO-0007530,71,2024-05-05,8,OPEN
7531,SO-0007531,16,2026-03-25,1,SHIPPED
7532,SO-0007532,64,2023-09-22,8,SHIPPED
7533,SO-0007533,63,2025-05-29,11,OPEN
7534,SO-0007534,53,2023-10-12,2,SHIPPED
7535,SO-0007535,3,2025-04-18,7,PARTIAL
7536,SO-0007536,80,2026-07-10,2,OPEN
7537,SO-0007537,1,2023-03-25,8,PARTIAL
7538,SO-0007538,20,2025-05-07,12,SHIPPED
7539,SO-0007539,1,2025-07-25,4,SHIPPED
7540,SO-0007540,74,2024-03-18,5,SHIPPED
7541,SO-0007541,70,2025-11-03,7,OPEN
7542,SO-0007542,56,2023-03-23,10,SHIPPED
7543,SO-0007543,6,2023-12-17,10,PARTIAL
7544,SO-0007544,23,2025-09-11,6,SHIPPED
7545,SO-0007545,44,2023-08-04,4,PARTIAL
7546,SO-0007546,44,2023-06-21,2,OPEN
7547,SO-0007547,5,2023-11-12,3,PARTIAL
7548,SO-0007548,36,2025-11-27,9,SHIPPED
7549,SO-0007549,46,2023-03-27,7,OPEN
7550,SO-0007550,72,2023-07-14,7,SHIPPED
7551,SO-0007551,24,2023-03-02,2,OPEN
7552,SO-0007552,55,2025-01-19,12,OPEN
7553,SO-0007553,64,2026-05-09,6,PARTIAL
7554,SO-0007554,7,2025-01-18,1,OPEN
7555,SO-0007555,37,2025-02-26,1,OPEN
7556,SO-0007556,47,2024-07-20,6,OPEN
7557,SO-0007557,11,2024-09-07,8,OPEN
7558,SO-0007558,22,2025-10-18,5,SHIPPED
7559,SO-0007559,37,2023-11-01,12,PARTIAL
7560,SO-0007560,66,2023-02-15,3,OPEN
7561,SO-0007561,79,2024-02-20,8,PARTIAL
7562,SO-0007562,10,2025-02-27,6,SHIPPED
7563,SO-0007563,34,2026-01-29,2,PARTIAL
7564,SO-0007564,26,2024-06-23,9,SHIPPED
7565,SO-0007565,28,2023-03-10,10,SHIPPED
7566,SO-0007566,37,2024-03-06,7,SHIPPED
7567,SO-0007567,7,2023-07-15,1,SHIPPED
7568,SO-0007568,7,2026-02-17,9,SHIPPED
7569,SO-0007569,65,2025-12-23,2,SHIPPED
7570,SO-0007570,69,2023-07-14,7,PARTIAL
7571,SO-0007571,78,2025-06-27,9,SHIPPED
7572,SO-0007572,4,2024-01-15,2,PARTIAL
7573,SO-0007573,6,2025-05-31,7,SHIPPED
7574,SO-0007574,62,2024-03-18,11,SHIPPED
7575,SO-0007575,77,2024-10-01,1,SHIPPED
7576,SO-0007576,75,2024-09-16,5,OPEN
7577,SO-0007577,59,2025-10-04,1,SHIPPED
7578,SO-0007578,80,2023-06-22,11,PARTIAL
7579,SO-0007579,14,2026-08-22,4,SHIPPED
7580,SO-0007580,9,2025-05-20,3,SHIPPED
7581,SO-0007581,60,2024-12-27,12,OPEN
7582,SO-0007582,38,2026-06-04,10,SHIPPED
7583,SO-0007583,65,2023-01-16,8,SHIPPED
7584,SO-0007584,72,2023-09-17,5,SHIPPED
7585,SO-0007585,53,2024-03-31,9,SHIPPED
7586,SO-0007586,2,2025-08-26,8,SHIPPED
7587,SO-0007587,80,2024-11-06,12,SHIPPED
7588,SO-0007588,65,2026-04-16,10,SHIPPED
7589,SO-0007589,38,2025-09-28,7,SHIPPED
7590,SO-0007590,65,2025-12-29,10,SHIPPED
7591,SO-0007591,80,2026-05-02,6,PARTIAL
7592,SO-0007592,46,2025-05-07,7,PARTIAL
7593,SO-0007593,8,2025-09-04,12,SHIPPED
7594,SO-0007594,16,2024-08-30,12,SHIPPED
7595,SO-0007595,23,2023-09-01,9,OPEN
7596,SO-0007596,8,2025-09-23,11,OPEN
7597,SO-0007597,53,2025-04-30,5,SHIPPED
7598,SO-0007598,15,2023-09-13,6,PARTIAL
7599,SO-0007599,10,2025-07-17,2,SHIPPED
7600,SO-0007600,68,2023-02-08,5,OPEN
7601,SO-0007601,33,2024-01-08,12,SHIPPED
7602,SO-0007602,44,2023-07-09,6,SHIPPED
7603,SO-0007603,65,2023-03-28,2,SHIPPED
7604,SO-0007604,60,2024-04-24,5,SHIPPED
7605,SO-0007605,78,2026-08-21,9,SHIPPED
7606,SO-0007606,68,2023-06-23,1,SHIPPED
7607,SO-0007607,70,2024-06-19,11,PARTIAL
7608,SO-0007608,53,2024-12-26,8,SHIPPED
7609,SO-0007609,59,2025-01-13,8,PARTIAL
7610,SO-0007610,74,2026-02-28,5,SHIPPED
7611,SO-0007611,51,2023-09-08,2,SHIPPED
7612,SO-0007612,3,2023-03-08,4,SHIPPED
7613,SO-0007613,44,2026-04-26,2,SHIPPED
7614,SO-0007614,67,2026-01-01,5,OPEN
7615,SO-0007615,33,2025-05-04,9,OPEN
7616,SO-0007616,61,2025-10-03,6,OPEN
7617,SO-0007617,21,2023-04-02,8,SHIPPED
7618,SO-0007618,75,2024-06-02,5,SHIPPED
7619,SO-0007619,33,2023-07-10,11,SHIPPED
7620,SO-0007620,4,2026-09-04,4,SHIPPED
7621,SO-0007621,54,2023-08-01,4,SHIPPED
7622,SO-0007622,6,2026-06-04,9,PARTIAL
7623,SO-0007623,25,2025-02-27,7,SHIPPED
7624,SO-0007624,71,2025-10-22,4,SHIPPED
7625,SO-0007625,37,2024-04-16,5,SHIPPED
7626,SO-0007626,79,2024-10-27,10,SHIPPED
7627,SO-0007627,23,2023-03-28,2,OPEN
7628,SO-0007628,2,2025-03-06,1,SHIPPED
7629,SO-0007629,25,2025-09-06,12,PARTIAL
7630,SO-0007630,35,2025-11-17,7,PARTIAL
7631,SO-0007631,42,2023-09-06,10,PARTIAL
7632,SO-0007632,42,2026-08-29,5,SHIPPED
7633,SO-0007633,42,2026-02-01,10,SHIPPED
7634,SO-0007634,44,2023-05-29,10,OPEN
7635,SO-0007635,18,2025-08-18,10,SHIPPED
7636,SO-0007636,21,2024-09-20,7,SHIPPED
7637,SO-0007637,70,2025-04-30,6,SHIPPED
7638,SO-0007638,41,2024-02-08,7,PARTIAL
7639,SO-0007639,35,2024-02-16,4,SHIPPED
7640,SO-0007640,33,2024-12-17,2,SHIPPED
7641,SO-0007641,76,2023-07-13,9,PARTIAL
7642,SO-0007642,64,2023-02-17,12,SHIPPED
7643,SO-0007643,2,2025-04-13,8,SHIPPED
7644,SO-0007644,42,2024-07-04,3,PARTIAL
7645,SO-0007645,72,2024-02-04,7,OPEN
7646,SO-0007646,18,2024-10-27,2,OPEN
7647,SO-0007647,22,2024-03-18,10,SHIPPED
7648,SO-0007648,50,2026-07-24,1,SHIPPED
7649,SO-0007649,11,2024-12-10,11,SHIPPED
7650,SO-0007650,50,2024-11-29,7,SHIPPED
7651,SO-0007651,21,2024-02-20,12,SHIPPED
7652,SO-0007652,54,2024-03-24,7,SHIPPED
7653,SO-0007653,29,2024-11-10,5,SHIPPED
7654,SO-0007654,24,2024-09-20,5,SHIPPED
7655,SO-0007655,68,2025-05-05,7,SHIPPED
7656,SO-0007656,25,2023-06-05,4,SHIPPED
7657,SO-0007657,11,2026-09-01,2,SHIPPED
7658,SO-0007658,20,2026-08-14,2,SHIPPED
7659,SO-0007659,22,2023-06-07,4,SHIPPED
7660,SO-0007660,28,2026-08-04,2,SHIPPED
7661,SO-0007661,49,2023-01-14,6,OPEN
7662,SO-0007662,57,2024-06-19,10,SHIPPED
7663,SO-0007663,77,2025-06-19,8,PARTIAL
7664,SO-0007664,11,2025-11-26,11,PARTIAL
7665,SO-0007665,9,2024-07-09,5,SHIPPED
7666,SO-0007666,2,2025-08-15,10,SHIPPED
7667,SO-0007667,78,2023-07-22,6,PARTIAL
7668,SO-0007668,5,2025-11-29,6,OPEN
7669,SO-0007669,64,2024-04-21,9,SHIPPED
7670,SO-0007670,47,2025-09-06,9,SHIPPED
7671,SO-0007671,60,2025-02-21,8,SHIPPED
7672,SO-0007672,33,2024-07-28,12,SHIPPED
7673,SO-0007673,23,2023-09-27,10,PARTIAL
7674,SO-0007674,10,2024-11-19,1,SHIPPED
7675,SO-0007675,8,2025-08-07,2,OPEN
7676,SO-0007676,30,2024-05-06,9,PARTIAL
7677,SO-0007677,5,2026-04-25,4,PARTIAL
7678,SO-0007678,15,2023-12-15,10,SHIPPED
7679,SO-0007679,20,2024-01-23,8,OPEN
7680,SO-0007680,47,2026-01-09,12,SHIPPED
7681,SO-0007681,35,2023-01-22,8,OPEN
7682,SO-0007682,13,2024-11-25,4,PARTIAL
7683,SO-0007683,56,2026-09-15,10,PARTIAL
7684,SO-0007684,56,2024-03-04,12,SHIPPED
7685,SO-0007685,35,2025-01-05,8,OPEN
7686,SO-0007686,66,2025-02-01,1,SHIPPED
7687,SO-0007687,13,2025-07-26,9,SHIPPED
7688,SO-0007688,16,2024-06-11,5,SHIPPED
7689,SO-0007689,65,2023-08-25,11,SHIPPED
7690,SO-0007690,23,2025-04-17,6,PARTIAL
7691,SO-0007691,10,2026-03-06,8,PARTIAL
7692,SO-0007692,26,2025-04-30,7,SHIPPED
7693,SO-0007693,69,2024-06-04,3,SHIPPED
7694,SO-0007694,9,2023-06-15,12,PARTIAL
7695,SO-0007695,40,2025-02-11,11,SHIPPED
7696,SO-0007696,20,2024-10-10,1,SHIPPED
7697,SO-0007697,58,2026-05-18,10,OPEN
7698,SO-0007698,3,2026-08-05,4,OPEN
7699,SO-0007699,27,2023-04-09,12,SHIPPED
7700,SO-0007700,9,2023-05-02,3,SHIPPED
7701,SO-0007701,63,2023-07-27,10,PARTIAL
7702,SO-0007702,46,2025-07-24,10,SHIPPED
7703,SO-0007703,12,2024-05-11,7,OPEN
7704,SO-0007704,68,2023-09-18,10,SHIPPED
7705,SO-0007705,14,2023-05-28,2,PARTIAL
7706,SO-0007706,45,2026-08-15,4,PARTIAL
7707,SO-0007707,77,2026-04-09,9,SHIPPED
7708,SO-0007708,4,2024-09-18,11,SHIPPED
7709,SO-0007709,29,2023-11-24,6,SHIPPED
7710,SO-0007710,15,2026-01-30,9,SHIPPED
7711,SO-0007711,15,2024-11-03,3,OPEN
7712,SO-0007712,46,2025-06-01,12,PARTIAL
7713,SO-0007713,80,2024-04-06,4,SHIPPED
7714,SO-0007714,60,2024-04-30,3,PARTIAL
7715,SO-0007715,28,2026-01-18,10,SHIPPED
7716,SO-0007716,45,2024-11-15,3,SHIPPED
7717,SO-0007717,56,2026-08-23,7,SHIPPED
7718,SO-0007718,54,2026-05-25,4,PARTIAL
7719,SO-0007719,80,2026-01-16,6,SHIPPED
7720,SO-0007720,77,2026-07-02,1,SHIPPED
7721,SO-0007721,30,2026-06-29,9,SHIPPED
7722,SO-0007722,33,2023-07-20,1,SHIPPED
7723,SO-0007723,70,2023-08-12,9,SHIPPED
7724,SO-0007724,41,2024-08-05,2,SHIPPED
7725,SO-0007725,46,2026-07-08,7,OPEN
7726,SO-0007726,9,2023-10-06,3,PARTIAL
7727,SO-0007727,55,2023-02-28,11,SHIPPED
7728,SO-0007728,59,2026-06-25,1,SHIPPED
7729,SO-0007729,69,2023-01-30,4,SHIPPED
7730,SO-0007730,44,2025-10-22,2,SHIPPED
7731,SO-0007731,68,2026-03-30,3,SHIPPED
7732,SO-0007732,70,2023-08-21,5,OPEN
7733,SO-0007733,16,2023-09-17,11,SHIPPED
7734,SO-0007734,10,2025-12-11,4,SHIPPED
7735,SO-0007735,16,2025-11-15,11,SHIPPED
7736,SO-0007736,55,2023-03-03,10,SHIPPED
7737,SO-0007737,11,2026-02-15,2,SHIPPED
7738,SO-0007738,20,2023-06-25,12,PARTIAL
7739,SO-0007739,70,2023-03-08,7,SHIPPED
7740,SO-0007740,71,2025-08-03,1,PARTIAL
7741,SO-0007741,75,2026-08-22,7,SHIPPED
7742,SO-0007742,40,2023-06-30,4,SHIPPED
7743,SO-0007743,11,2024-02-15,3,OPEN
7744,SO-0007744,45,2024-10-02,4,PARTIAL
7745,SO-0007745,43,2024-01-22,12,SHIPPED
7746,SO-0007746,70,2024-09-13,12,SHIPPED
7747,SO-0007747,35,2024-04-20,12,OPEN
7748,SO-0007748,53,2023-01-11,1,OPEN
7749,SO-0007749,49,2026-07-27,8,PARTIAL
7750,SO-0007750,30,2025-05-11,2,PARTIAL
7751,SO-0007751,23,2024-10-14,8,PARTIAL
7752,SO-0007752,11,2023-08-11,6,PARTIAL
7753,SO-0007753,27,2023-03-16,10,SHIPPED
7754,SO-0007754,5,2023-08-21,8,SHIPPED
7755,SO-0007755,47,2026-02-15,9,SHIPPED
7756,SO-0007756,5,2026-03-18,9,PARTIAL
7757,SO-0007757,16,2025-08-04,9,PARTIAL
7758,SO-0007758,17,2025-03-24,8,SHIPPED
7759,SO-0007759,1,2025-12-15,12,SHIPPED
7760,SO-0007760,46,2024-07-17,7,OPEN
7761,SO-0007761,59,2023-09-03,12,OPEN
7762,SO-0007762,15,2025-08-01,3,SHIPPED
7763,SO-0007763,1,2023-07-12,12,SHIPPED
7764,SO-0007764,42,2024-03-17,2,OPEN
7765,SO-0007765,9,2025-04-06,7,PARTIAL
7766,SO-0007766,70,2024-04-11,2,PARTIAL
7767,SO-0007767,48,2025-04-26,2,PARTIAL
7768,SO-0007768,18,2023-05-19,9,SHIPPED
7769,SO-0007769,6,2026-03-16,3,SHIPPED
7770,SO-0007770,73,2023-09-09,11,SHIPPED
7771,SO-0007771,45,2023-07-27,11,SHIPPED
7772,SO-0007772,13,2025-02-07,6,SHIPPED
7773,SO-0007773,77,2024-07-05,11,SHIPPED
7774,SO-0007774,66,2024-04-13,2,SHIPPED
7775,SO-0007775,42,2023-05-19,12,SHIPPED
7776,SO-0007776,22,2025-08-01,12,PARTIAL
7777,SO-0007777,1,2023-03-02,1,PARTIAL
7778,SO-0007778,72,2025-05-11,7,SHIPPED
7779,SO-0007779,19,2023-12-12,11,SHIPPED
7780,SO-0007780,71,2023-04-13,9,PARTIAL
7781,SO-0007781,61,2025-04-16,12,SHIPPED
7782,SO-0007782,31,2026-02-11,6,SHIPPED
7783,SO-0007783,58,2025-11-09,1,PARTIAL
7784,SO-0007784,23,2026-08-10,12,OPEN
7785,SO-0007785,21,2025-05-31,1,PARTIAL
7786,SO-0007786,24,2024-08-28,12,PARTIAL
7787,SO-0007787,62,2023-01-14,2,SHIPPED
7788,SO-0007788,50,2026-05-31,5,SHIPPED
7789,SO-0007789,22,2023-07-30,4,SHIPPED
7790,SO-0007790,28,2024-06-17,5,SHIPPED
7791,SO-0007791,33,2023-06-04,5,PARTIAL
7792,SO-0007792,58,2026-04-11,4,SHIPPED
7793,SO-0007793,26,2026-01-16,4,SHIPPED
7794,SO-0007794,67,2024-05-09,2,SHIPPED
7795,SO-0007795,54,2026-07-17,5,OPEN
7796,SO-0007796,17,2026-04-04,12,SHIPPED
7797,SO-0007797,31,2023-04-21,3,PARTIAL
7798,SO-0007798,21,2023-11-08,6,SHIPPED
7799,SO-0007799,16,2023-06-23,9,SHIPPED
7800,SO-0007800,59,2025-01-21,1,OPEN
7801,SO-0007801,20,2026-07-30,3,SHIPPED
7802,SO-0007802,19,2026-03-06,6,OPEN
7803,SO-0007803,51,2025-09-29,3,SHIPPED
7804,SO-0007804,70,2025-01-18,1,SHIPPED
7805,SO-0007805,4,2024-12-15,1,SHIPPED
7806,SO-0007806,75,2023-09-16,2,SHIPPED
7807,SO-0007807,26,2024-12-07,6,SHIPPED
7808,SO-0007808,12,2023-02-26,2,SHIPPED
7809,SO-0007809,3,2024-06-29,5,SHIPPED
7810,SO-0007810,31,2023-09-19,5,PARTIAL
7811,SO-0007811,64,2026-07-31,7,SHIPPED
7812,SO-0007812,27,2024-10-04,10,PARTIAL
7813,SO-0007813,50,2026-06-24,7,PARTIAL
7814,SO-0007814,62,2023-03-08,10,SHIPPED
7815,SO-0007815,60,2025-09-06,10,PARTIAL
7816,SO-0007816,22,2026-09-11,8,SHIPPED
7817,SO-0007817,63,2024-09-05,6,OPEN
7818,SO-0007818,63,2025-11-08,9,SHIPPED
7819,SO-0007819,43,2025-03-17,10,PARTIAL
7820,SO-0007820,68,2025-07-20,4,SHIPPED
7821,SO-0007821,51,2024-10-29,6,SHIPPED
7822,SO-0007822,1,2025-08-15,7,SHIPPED
7823,SO-0007823,19,2024-03-16,9,OPEN
7824,SO-0007824,6,2025-04-16,1,OPEN
7825,SO-0007825,60,2024-01-13,7,OPEN
7826,SO-0007826,16,2023-01-03,9,PARTIAL
7827,SO-0007827,68,2026-05-31,12,PARTIAL
7828,SO-0007828,27,2025-08-15,2,PARTIAL
7829,SO-0007829,72,2024-07-07,9,SHIPPED
7830,SO-0007830,42,2023-05-02,6,OPEN
7831,SO-0007831,48,2026-05-22,8,SHIPPED
7832,SO-0007832,21,2025-10-26,11,OPEN
7833,SO-0007833,46,2023-03-31,9,PARTIAL
7834,SO-0007834,8,2024-09-30,9,OPEN
7835,SO-0007835,36,2023-07-12,8,SHIPPED
7836,SO-0007836,52,2025-01-23,12,SHIPPED
7837,SO-0007837,4,2023-08-25,5,SHIPPED
7838,SO-0007838,69,2024-10-21,2,SHIPPED
7839,SO-0007839,76,2026-04-28,4,SHIPPED
7840,SO-0007840,25,2023-10-04,4,OPEN
7841,SO-0007841,77,2026-07-24,3,SHIPPED
7842,SO-0007842,33,2023-09-19,7,SHIPPED
7843,SO-0007843,2,2024-04-24,12,SHIPPED
7844,SO-0007844,68,2025-05-13,11,SHIPPED
7845,SO-0007845,59,2026-06-04,1,PARTIAL
7846,SO-0007846,43,2023-03-04,2,OPEN
7847,SO-0007847,69,2026-01-31,6,OPEN
7848,SO-0007848,54,2024-03-11,9,OPEN
7849,SO-0007849,42,2023-12-29,10,SHIPPED
7850,SO-0007850,62,2024-05-05,1,SHIPPED
7851,SO-0007851,2,2023-08-20,11,SHIPPED
7852,SO-0007852,70,2023-03-25,9,SHIPPED
7853,SO-0007853,37,2026-04-28,12,SHIPPED
7854,SO-0007854,68,2023-11-16,1,SHIPPED
7855,SO-0007855,47,2025-11-01,6,SHIPPED
7856,SO-0007856,38,2023-01-01,6,SHIPPED
7857,SO-0007857,35,2024-03-20,9,SHIPPED
7858,SO-0007858,75,2023-02-16,8,SHIPPED
7859,SO-0007859,9,2025-05-05,11,SHIPPED
7860,SO-0007860,66,2023-06-15,11,SHIPPED
7861,SO-0007861,37,2025-10-02,5,OPEN
7862,SO-0007862,39,2026-05-16,11,PARTIAL
7863,SO-0007863,44,2023-11-27,7,SHIPPED
7864,SO-0007864,58,2024-06-17,4,SHIPPED
7865,SO-0007865,15,2024-05-15,11,SHIPPED
7866,SO-0007866,69,2025-01-27,9,PARTIAL
7867,SO-0007867,24,2024-03-14,6,SHIPPED
7868,SO-0007868,21,2024-12-28,6,SHIPPED
7869,SO-0007869,25,2023-10-08,3,PARTIAL
7870,SO-0007870,9,2025-02-04,4,SHIPPED
7871,SO-0007871,16,2024-06-14,5,SHIPPED
7872,SO-0007872,73,2023-12-14,2,SHIPPED
7873,SO-0007873,38,2025-02-04,4,PARTIAL
7874,SO-0007874,16,2026-07-04,6,PARTIAL
7875,SO-0007875,72,2023-08-30,8,SHIPPED
7876,SO-0007876,20,2025-11-03,9,PARTIAL
7877,SO-0007877,3,2024-10-04,8,SHIPPED
7878,SO-0007878,33,2024-02-17,11,SHIPPED
7879,SO-0007879,78,2025-12-21,10,OPEN
7880,SO-0007880,20,2025-11-12,8,OPEN
7881,SO-0007881,23,2023-02-09,9,SHIPPED
7882,SO-0007882,12,2023-06-01,7,PARTIAL
7883,SO-0007883,33,2025-05-07,10,SHIPPED
7884,SO-0007884,57,2026-03-21,1,PARTIAL
7885,SO-0007885,66,2023-06-19,10,OPEN
7886,SO-0007886,35,2025-04-22,10,SHIPPED
7887,SO-0007887,14,2024-11-28,11,SHIPPED
7888,SO-0007888,45,2023-01-19,7,SHIPPED
7889,SO-0007889,27,2023-06-26,7,OPEN
7890,SO-0007890,23,2025-11-12,8,PARTIAL
7891,SO-0007891,51,2023-08-09,1,SHIPPED
7892,SO-0007892,22,2026-04-07,2,SHIPPED
7893,SO-0007893,68,2024-08-06,5,SHIPPED
7894,SO-0007894,20,2025-10-20,5,SHIPPED
7895,SO-0007895,33,2025-01-10,12,SHIPPED
7896,SO-0007896,48,2026-02-05,4,SHIPPED
7897,SO-0007897,37,2023-12-02,7,SHIPPED
7898,SO-0007898,34,2026-04-28,7,SHIPPED
7899,SO-0007899,29,2026-09-11,10,SHIPPED
7900,SO-0007900,56,2025-11-07,10,SHIPPED
7901,SO-0007901,66,2025-03-18,6,PARTIAL
7902,SO-0007902,42,2024-06-20,2,SHIPPED
7903,SO-0007903,27,2025-01-18,7,SHIPPED
7904,SO-0007904,79,2023-01-25,11,OPEN
7905,SO-0007905,33,2023-01-20,3,SHIPPED
7906,SO-0007906,20,2023-12-31,3,SHIPPED
7907,SO-0007907,24,2026-07-26,9,SHIPPED
7908,SO-0007908,15,2023-03-01,3,PARTIAL
7909,SO-0007909,27,2025-04-08,4,SHIPPED
7910,SO-0007910,29,2024-06-09,4,SHIPPED
7911,SO-0007911,35,2025-04-05,5,SHIPPED
7912,SO-0007912,47,2025-10-08,11,SHIPPED
7913,SO-0007913,80,2025-01-05,4,SHIPPED
7914,SO-0007914,72,2023-06-06,6,SHIPPED
7915,SO-0007915,1,2025-12-24,2,SHIPPED
7916,SO-0007916,71,2023-11-17,6,SHIPPED
7917,SO-0007917,72,2024-08-22,4,OPEN
7918,SO-0007918,39,2024-08-17,2,SHIPPED
7919,SO-0007919,38,2026-06-07,7,SHIPPED
7920,SO-0007920,44,2023-05-24,9,SHIPPED
7921,SO-0007921,18,2024-12-18,5,OPEN
7922,SO-0007922,63,2024-04-12,4,OPEN
7923,SO-0007923,45,2026-04-27,11,PARTIAL
7924,SO-0007924,43,2025-12-07,12,SHIPPED
7925,SO-0007925,21,2024-06-22,6,SHIPPED
7926,SO-0007926,55,2026-05-16,3,PARTIAL
7927,SO-0007927,15,2025-05-29,4,SHIPPED
7928,SO-0007928,62,2025-09-21,3,SHIPPED
7929,SO-0007929,19,2026-04-05,2,SHIPPED
7930,SO-0007930,13,2026-05-11,12,OPEN
7931,SO-0007931,34,2024-07-06,11,SHIPPED
7932,SO-0007932,76,2025-03-12,10,OPEN
7933,SO-0007933,71,2025-06-18,1,OPEN
7934,SO-0007934,8,2026-03-09,10,OPEN
7935,SO-0007935,75,2026-07-10,6,PARTIAL
7936,SO-0007936,26,2025-06-24,6,SHIPPED
7937,SO-0007937,60,2023-08-11,2,OPEN
7938,SO-0007938,57,2024-09-13,5,SHIPPED
7939,SO-0007939,80,2026-04-22,8,PARTIAL
7940,SO-0007940,9,2023-11-20,9,SHIPPED
7941,SO-0007941,26,2025-06-28,8,OPEN
7942,SO-0007942,24,2025-09-20,4,OPEN
7943,SO-0007943,62,2025-01-21,6,OPEN
7944,SO-0007944,77,2026-08-03,3,SHIPPED
7945,SO-0007945,52,2023-10-09,12,PARTIAL
7946,SO-0007946,57,2025-05-08,9,PARTIAL
7947,SO-0007947,69,2025-04-25,6,SHIPPED
7948,SO-0007948,39,2023-12-26,2,SHIPPED
7949,SO-0007949,24,2023-06-20,9,SHIPPED
7950,SO-0007950,20,2025-04-23,7,SHIPPED
7951,SO-0007951,47,2023-04-20,7,OPEN
7952,SO-0007952,71,2025-10-06,1,SHIPPED
7953,SO-0007953,17,2025-10-01,11,SHIPPED
7954,SO-0007954,67,2023-01-02,12,SHIPPED
7955,SO-0007955,42,2023-05-25,7,PARTIAL
7956,SO-0007956,25,2026-04-19,2,SHIPPED
7957,SO-0007957,22,2023-08-05,8,SHIPPED
7958,SO-0007958,72,2024-05-22,9,OPEN
7959,SO-0007959,5,2024-07-18,10,SHIPPED
7960,SO-0007960,28,2024-04-13,6,SHIPPED
7961,SO-0007961,56,2025-09-14,7,PARTIAL
7962,SO-0007962,26,2025-08-31,11,PARTIAL
7963,SO-0007963,16,2025-03-18,3,SHIPPED
7964,SO-0007964,30,2024-02-16,6,SHIPPED
7965,SO-0007965,73,2024-04-21,7,PARTIAL
7966,SO-0007966,54,2023-08-14,7,SHIPPED
7967,SO-0007967,36,2023-07-19,7,SHIPPED
7968,SO-0007968,37,2025-07-17,8,SHIPPED
7969,SO-0007969,40,2023-12-29,4,SHIPPED
7970,SO-0007970,6,2023-08-13,6,OPEN
7971,SO-0007971,79,2024-04-04,12,SHIPPED
7972,SO-0007972,61,2026-08-25,3,OPEN
7973,SO-0007973,50,2024-08-23,10,SHIPPED
7974,SO-0007974,77,2024-11-19,10,SHIPPED
7975,SO-0007975,6,2026-08-05,7,SHIPPED
7976,SO-0007976,69,2025-01-21,9,OPEN
7977,SO-0007977,32,2023-02-17,7,SHIPPED
7978,SO-0007978,42,2025-09-09,1,SHIPPED
7979,SO-0007979,51,2026-04-21,10,SHIPPED
7980,SO-0007980,79,2025-11-02,10,SHIPPED
7981,SO-0007981,37,2026-04-15,8,PARTIAL
7982,SO-0007982,28,2025-01-15,6,SHIPPED
7983,SO-0007983,66,2026-02-16,7,SHIPPED
7984,SO-0007984,58,2024-09-15,12,SHIPPED
7985,SO-0007985,20,2026-06-15,5,SHIPPED
7986,SO-0007986,75,2023-08-27,8,OPEN
7987,SO-0007987,19,2025-07-10,11,SHIPPED
7988,SO-0007988,68,2023-02-17,2,SHIPPED
7989,SO-0007989,64,2026-08-26,12,OPEN
7990,SO-0007990,43,2024-12-24,2,OPEN
7991,SO-0007991,22,2024-05-09,7,OPEN
7992,SO-0007992,68,2026-09-24,1,SHIPPED
7993,SO-0007993,78,2025-03-14,12,SHIPPED
7994,SO-0007994,68,2024-02-25,5,OPEN
7995,SO-0007995,37,2026-06-05,1,PARTIAL
7996,SO-0007996,21,2024-07-23,12,PARTIAL
7997,SO-0007997,21,2024-09-10,10,PARTIAL
7998,SO-0007998,55,2023-01-14,1,PARTIAL
7999,SO-0007999,34,2025-12-18,7,OPEN
8000,SO-0008000,57,2026-03-24,3,PARTIAL
8001,SO-0008001,68,2025-08-22,5,PARTIAL
8002,SO-0008002,55,2024-01-26,8,PARTIAL
8003,SO-0008003,60,2026-03-11,7,PARTIAL
8004,SO-0008004,23,2024-12-31,1,SHIPPED
8005,SO-0008005,44,2023-01-11,5,SHIPPED
8006,SO-0008006,3,2025-08-19,10,SHIPPED
8007,SO-0008007,51,2024-09-23,4,SHIPPED
8008,SO-0008008,14,2024-01-31,6,SHIPPED
8009,SO-0008009,34,2024-07-22,1,OPEN
8010,SO-0008010,33,2024-09-14,12,OPEN
8011,SO-0008011,21,2026-02-13,7,SHIPPED
8012,SO-0008012,16,2023-07-05,12,SHIPPED
8013,SO-0008013,75,2024-02-26,10,OPEN
8014,SO-0008014,42,2026-07-23,1,SHIPPED
8015,SO-0008015,57,2025-03-18,10,PARTIAL
8016,SO-0008016,62,2023-12-06,6,OPEN
8017,SO-0008017,51,2024-10-04,11,SHIPPED
8018,SO-0008018,21,2023-02-01,7,SHIPPED
8019,SO-0008019,47,2024-08-11,6,PARTIAL
8020,SO-0008020,58,2023-01-17,11,SHIPPED
8021,SO-0008021,22,2023-04-30,12,SHIPPED
8022,SO-0008022,41,2026-06-29,1,OPEN
8023,SO-0008023,28,2024-01-15,1,PARTIAL
8024,SO-0008024,41,2023-01-02,5,OPEN
8025,SO-0008025,65,2023-05-18,6,SHIPPED
8026,SO-0008026,42,2025-02-06,1,SHIPPED
8027,SO-0008027,32,2025-05-16,11,SHIPPED
8028,SO-0008028,33,2026-05-25,10,OPEN
8029,SO-0008029,6,2026-02-25,2,SHIPPED
8030,SO-0008030,65,2026-06-30,7,OPEN
8031,SO-0008031,8,2024-04-11,1,PARTIAL
8032,SO-0008032,24,2023-06-25,7,OPEN
8033,SO-0008033,69,2025-12-27,4,SHIPPED
8034,SO-0008034,17,2023-09-09,6,SHIPPED
8035,SO-0008035,57,2025-05-01,7,PARTIAL
8036,SO-0008036,40,2026-01-11,12,SHIPPED
8037,SO-0008037,6,2026-06-11,3,PARTIAL
8038,SO-0008038,32,2023-08-01,8,PARTIAL
8039,SO-0008039,34,2024-05-22,10,SHIPPED
8040,SO-0008040,6,2023-06-13,4,OPEN
8041,SO-0008041,80,2025-12-16,3,PARTIAL
8042,SO-0008042,6,2023-11-17,9,PARTIAL
8043,SO-0008043,36,2023-04-27,5,SHIPPED
8044,SO-0008044,45,2025-07-17,8,PARTIAL
8045,SO-0008045,66,2025-02-13,10,OPEN
8046,SO-0008046,57,2023-12-31,10,SHIPPED
8047,SO-0008047,27,2023-05-24,3,OPEN
8048,SO-0008048,63,2024-04-26,5,SHIPPED
8049,SO-0008049,60,2024-01-17,7,PARTIAL
8050,SO-0008050,43,2023-12-27,11,PARTIAL
8051,SO-0008051,74,2024-10-09,6,OPEN
8052,SO-0008052,4,2023-10-17,5,SHIPPED
8053,SO-0008053,62,2026-06-10,8,PARTIAL
8054,SO-0008054,59,2023-09-12,12,SHIPPED
8055,SO-0008055,74,2023-06-01,8,PARTIAL
8056,SO-0008056,36,2024-01-14,4,PARTIAL
8057,SO-0008057,31,2025-04-15,8,PARTIAL
8058,SO-0008058,53,2024-01-17,10,PARTIAL
8059,SO-0008059,13,2024-07-10,3,SHIPPED
8060,SO-0008060,47,2024-10-17,11,OPEN
8061,SO-0008061,1,2026-01-11,2,PARTIAL
8062,SO-0008062,47,2026-01-31,10,SHIPPED
8063,SO-0008063,64,2024-08-14,6,SHIPPED
8064,SO-0008064,4,2025-08-07,7,PARTIAL
8065,SO-0008065,21,2024-04-09,2,OPEN
8066,SO-0008066,58,2025-08-08,12,OPEN
8067,SO-0008067,13,2025-11-12,3,SHIPPED
8068,SO-0008068,62,2025-01-23,12,SHIPPED
8069,SO-0008069,21,2024-05-02,2,SHIPPED
8070,SO-0008070,1,2024-05-18,5,OPEN
8071,SO-0008071,77,2026-06-16,8,OPEN
8072,SO-0008072,2,2026-08-18,11,PARTIAL
8073,SO-0008073,6,2023-12-22,1,OPEN
8074,SO-0008074,78,2024-06-30,1,PARTIAL
8075,SO-0008075,62,2026-06-24,3,SHIPPED
8076,SO-0008076,40,2024-06-17,11,SHIPPED
8077,SO-0008077,20,2025-08-13,10,PARTIAL
8078,SO-0008078,29,2023-12-11,8,PARTIAL
8079,SO-0008079,54,2024-09-24,1,SHIPPED
8080,SO-0008080,29,2025-07-17,4,OPEN
8081,SO-0008081,16,2026-04-23,2,SHIPPED
8082,SO-0008082,21,2025-04-30,2,OPEN
8083,SO-0008083,10,2024-12-16,3,SHIPPED
8084,SO-0008084,48,2025-04-02,10,SHIPPED
8085,SO-0008085,58,2023-08-19,7,SHIPPED
8086,SO-0008086,7,2023-07-15,10,SHIPPED
8087,SO-0008087,30,2023-07-30,12,SHIPPED
8088,SO-0008088,55,2023-03-06,5,OPEN
8089,SO-0008089,41,2023-09-16,5,SHIPPED
8090,SO-0008090,42,2024-05-20,3,OPEN
8091,SO-0008091,17,2024-12-13,4,SHIPPED
8092,SO-0008092,8,2026-01-01,3,SHIPPED
8093,SO-0008093,30,2024-03-06,6,SHIPPED
8094,SO-0008094,20,2025-01-09,11,SHIPPED
8095,SO-0008095,46,2026-03-01,10,SHIPPED
8096,SO-0008096,56,2023-08-28,4,SHIPPED
8097,SO-0008097,78,2024-02-10,8,PARTIAL
8098,SO-0008098,72,2025-07-12,10,SHIPPED
8099,SO-0008099,57,2023-10-28,6,SHIPPED
8100,SO-0008100,51,2024-12-18,8,SHIPPED
8101,SO-0008101,9,2026-07-12,2,SHIPPED
8102,SO-0008102,5,2025-11-24,9,OPEN
8103,SO-0008103,56,2025-11-06,4,SHIPPED
8104,SO-0008104,70,2025-11-01,5,SHIPPED
8105,SO-0008105,76,2024-11-25,6,OPEN
8106,SO-0008106,46,2025-05-05,8,SHIPPED
8107,SO-0008107,57,2025-11-16,10,SHIPPED
8108,SO-0008108,59,2023-09-30,8,SHIPPED
8109,SO-0008109,4,2023-10-15,5,OPEN
8110,SO-0008110,12,2024-01-20,8,PARTIAL
8111,SO-0008111,44,2023-05-26,12,PARTIAL
8112,SO-0008112,75,2023-09-04,4,OPEN
8113,SO-0008113,52,2026-07-08,2,SHIPPED
8114,SO-0008114,27,2026-06-03,12,SHIPPED
8115,SO-0008115,56,2025-09-27,5,OPEN
8116,SO-0008116,74,2025-06-01,8,SHIPPED
8117,SO-0008117,77,2025-08-03,10,SHIPPED
8118,SO-0008118,44,2023-11-25,3,SHIPPED
8119,SO-0008119,78,2023-06-18,6,SHIPPED
8120,SO-0008120,15,2023-04-17,1,SHIPPED
8121,SO-0008121,64,2025-04-05,9,SHIPPED
8122,SO-0008122,13,2026-04-30,11,OPEN
8123,SO-0008123,39,2026-08-03,7,SHIPPED
8124,SO-0008124,64,2023-03-29,4,PARTIAL
8125,SO-0008125,62,2025-12-03,9,SHIPPED
8126,SO-0008126,59,2024-11-24,7,PARTIAL
8127,SO-0008127,29,2025-07-04,5,SHIPPED
8128,SO-0008128,26,2024-03-22,12,PARTIAL
8129,SO-0008129,46,2023-06-07,1,SHIPPED
8130,SO-0008130,42,2023-06-05,12,SHIPPED
8131,SO-0008131,64,2024-10-28,4,PARTIAL
8132,SO-0008132,51,2024-09-10,1,SHIPPED
8133,SO-0008133,77,2023-02-13,12,SHIPPED
8134,SO-0008134,33,2023-07-08,7,OPEN
8135,SO-0008135,57,2023-12-02,8,SHIPPED
8136,SO-0008136,12,2026-09-05,9,SHIPPED
8137,SO-0008137,74,2023-02-12,5,SHIPPED
8138,SO-0008138,80,2024-08-19,5,SHIPPED
8139,SO-0008139,78,2025-10-21,6,PARTIAL
8140,SO-0008140,15,2024-03-09,12,SHIPPED
8141,SO-0008141,67,2023-09-24,5,OPEN
8142,SO-0008142,44,2023-11-07,1,SHIPPED
8143,SO-0008143,4,2025-12-22,2,OPEN
8144,SO-0008144,41,2023-10-06,4,PARTIAL
8145,SO-0008145,71,2023-09-05,5,SHIPPED
8146,SO-0008146,33,2023-10-28,4,PARTIAL
8147,SO-0008147,38,2024-09-23,11,SHIPPED
8148,SO-0008148,38,2026-06-29,11,OPEN
8149,SO-0008149,15,2026-10-01,5,OPEN
8150,SO-0008150,27,2024-12-09,3,SHIPPED
8151,SO-0008151,77,2024-03-08,10,OPEN
8152,SO-0008152,31,2023-02-14,3,SHIPPED
8153,SO-0008153,39,2023-11-20,10,SHIPPED
8154,SO-0008154,39,2024-03-17,1,OPEN
8155,SO-0008155,22,2025-08-17,3,PARTIAL
8156,SO-0008156,47,2024-09-07,5,SHIPPED
8157,SO-0008157,33,2024-01-25,10,SHIPPED
8158,SO-0008158,9,2025-02-28,6,SHIPPED
8159,SO-0008159,4,2024-04-27,4,OPEN
8160,SO-0008160,28,2026-07-16,7,SHIPPED
8161,SO-0008161,57,2024-06-15,7,SHIPPED
8162,SO-0008162,36,2024-05-05,1,SHIPPED
8163,SO-0008163,69,2026-02-18,4,PARTIAL
8164,SO-0008164,73,2024-02-19,6,PARTIAL
8165,SO-0008165,54,2026-06-23,11,OPEN
8166,SO-0008166,47,2026-05-29,12,SHIPPED
8167,SO-0008167,55,2025-08-29,1,SHIPPED
8168,SO-0008168,13,2023-12-14,12,SHIPPED
8169,SO-0008169,39,2025-11-10,5,PARTIAL
8170,SO-0008170,64,2026-07-19,2,PARTIAL
8171,SO-0008171,26,2023-09-11,7,PARTIAL
8172,SO-0008172,22,2023-11-09,11,SHIPPED
8173,SO-0008173,13,2024-08-22,9,SHIPPED
8174,SO-0008174,38,2024-01-13,8,SHIPPED
8175,SO-0008175,70,2026-02-16,10,PARTIAL
8176,SO-0008176,17,2025-08-15,9,SHIPPED
8177,SO-0008177,1,2026-01-20,6,SHIPPED
8178,SO-0008178,38,2025-11-24,5,OPEN
8179,SO-0008179,80,2023-03-09,10,OPEN
8180,SO-0008180,52,2025-07-06,12,SHIPPED
8181,SO-0008181,25,2023-12-28,10,SHIPPED
8182,SO-0008182,74,2023-01-23,11,PARTIAL
8183,SO-0008183,66,2026-03-26,7,OPEN
8184,SO-0008184,28,2024-03-25,6,OPEN
8185,SO-0008185,49,2025-08-17,10,SHIPPED
8186,SO-0008186,60,2024-11-23,8,OPEN
8187,SO-0008187,22,2026-08-21,10,SHIPPED
8188,SO-0008188,34,2025-01-07,10,OPEN
8189,SO-0008189,75,2025-12-13,6,PARTIAL
8190,SO-0008190,55,2023-02-02,5,SHIPPED
8191,SO-0008191,29,2023-10-02,11,SHIPPED
8192,SO-0008192,39,2023-08-15,1,SHIPPED
8193,SO-0008193,69,2024-11-02,9,SHIPPED
8194,SO-0008194,64,2024-02-04,5,OPEN
8195,SO-0008195,15,2023-06-29,4,SHIPPED
8196,SO-0008196,32,2026-01-01,12,SHIPPED
8197,SO-0008197,29,2023-01-02,2,SHIPPED
8198,SO-0008198,42,2025-12-18,10,SHIPPED
8199,SO-0008199,49,2026-08-25,2,SHIPPED
8200,SO-0008200,3,2026-04-20,1,PARTIAL
8201,SO-0008201,26,2023-03-31,8,SHIPPED
8202,SO-0008202,33,2023-06-13,1,SHIPPED
8203,SO-0008203,17,2024-08-26,5,OPEN
8204,SO-0008204,34,2025-11-12,9,SHIPPED
8205,SO-0008205,13,2023-12-28,1,SHIPPED
8206,SO-0008206,67,2025-10-13,10,SHIPPED
8207,SO-0008207,77,2025-11-23,10,OPEN
8208,SO-0008208,52,2023-05-27,10,PARTIAL
8209,SO-0008209,10,2025-09-17,5,SHIPPED
8210,SO-0008210,72,2026-05-21,1,SHIPPED
8211,SO-0008211,43,2024-08-28,4,SHIPPED
8212,SO-0008212,73,2026-01-13,12,OPEN
8213,SO-0008213,47,2024-09-11,3,SHIPPED
8214,SO-0008214,74,2025-10-08,3,PARTIAL
8215,SO-0008215,20,2023-08-23,12,PARTIAL
8216,SO-0008216,54,2024-07-22,7,PARTIAL
8217,SO-0008217,55,2025-02-24,2,SHIPPED
8218,SO-0008218,36,2026-09-22,10,PARTIAL
8219,SO-0008219,32,2023-05-16,7,OPEN
8220,SO-0008220,56,2025-06-08,3,OPEN
8221,SO-0008221,34,2023-12-13,5,SHIPPED
8222,SO-0008222,58,2023-02-20,5,SHIPPED
8223,SO-0008223,52,2023-11-09,4,PARTIAL
8224,SO-0008224,58,2024-12-23,5,OPEN
8225,SO-0008225,52,2026-08-20,1,PARTIAL
8226,SO-0008226,3,2025-05-19,7,SHIPPED
8227,SO-0008227,60,2024-06-16,10,SHIPPED
8228,SO-0008228,65,2025-04-06,5,PARTIAL
8229,SO-0008229,41,2026-07-12,12,OPEN
8230,SO-0008230,43,2023-11-23,2,SHIPPED
8231,SO-0008231,58,2025-11-02,11,PARTIAL
8232,SO-0008232,2,2023-08-25,4,SHIPPED
8233,SO-0008233,78,2023-12-13,8,PARTIAL
8234,SO-0008234,6,2025-10-05,2,PARTIAL
8235,SO-0008235,54,2023-06-01,7,SHIPPED
8236,SO-0008236,73,2023-07-27,10,SHIPPED
8237,SO-0008237,61,2024-06-26,11,SHIPPED
8238,SO-0008238,60,2023-05-14,5,SHIPPED
8239,SO-0008239,40,2024-12-04,10,OPEN
8240,SO-0008240,17,2024-09-08,6,SHIPPED
8241,SO-0008241,2,2025-03-08,7,SHIPPED
8242,SO-0008242,27,2025-01-06,1,PARTIAL
8243,SO-0008243,73,2023-08-26,2,PARTIAL
8244,SO-0008244,53,2025-01-26,11,OPEN
8245,SO-0008245,14,2026-06-10,5,PARTIAL
8246,SO-0008246,43,2024-04-01,5,PARTIAL
8247,SO-0008247,40,2023-12-12,11,SHIPPED
8248,SO-0008248,41,2025-02-12,4,SHIPPED
8249,SO-0008249,29,2025-12-07,1,PARTIAL
8250,SO-0008250,12,2026-07-05,6,SHIPPED
8251,SO-0008251,71,2026-08-10,9,OPEN
8252,SO-0008252,5,2024-05-14,6,SHIPPED
8253,SO-0008253,49,2025-11-04,8,SHIPPED
8254,SO-0008254,49,2025-11-29,5,SHIPPED
8255,SO-0008255,7,2024-02-27,10,PARTIAL
8256,SO-0008256,52,2026-06-27,9,SHIPPED
8257,SO-0008257,39,2024-10-21,11,SHIPPED
8258,SO-0008258,56,2024-06-06,9,SHIPPED
8259,SO-0008259,11,2024-12-22,6,SHIPPED
8260,SO-0008260,10,2025-12-14,4,OPEN
8261,SO-0008261,37,2023-02-20,6,OPEN
8262,SO-0008262,58,2023-05-19,8,OPEN
8263,SO-0008263,1,2025-09-02,12,SHIPPED
8264,SO-0008264,7,2026-06-26,8,SHIPPED
8265,SO-0008265,14,2025-07-19,5,SHIPPED
8266,SO-0008266,78,2026-07-09,9,SHIPPED
8267,SO-0008267,18,2024-09-25,7,SHIPPED
8268,SO-0008268,77,2026-01-04,5,SHIPPED
8269,SO-0008269,48,2023-11-02,2,SHIPPED
8270,SO-0008270,62,2023-08-16,8,OPEN
8271,SO-0008271,50,2023-12-27,9,SHIPPED
8272,SO-0008272,76,2026-04-04,5,SHIPPED
8273,SO-0008273,2,2024-01-29,5,SHIPPED
8274,SO-0008274,38,2026-08-03,12,SHIPPED
8275,SO-0008275,61,2024-01-23,1,OPEN
8276,SO-0008276,2,2025-09-03,8,SHIPPED
8277,SO-0008277,33,2024-07-23,6,SHIPPED
8278,SO-0008278,47,2026-09-22,3,SHIPPED
8279,SO-0008279,3,2023-09-18,10,SHIPPED
8280,SO-0008280,20,2026-04-15,5,SHIPPED
8281,SO-0008281,43,2023-12-16,4,OPEN
8282,SO-0008282,65,2024-12-21,9,SHIPPED
8283,SO-0008283,64,2024-07-01,8,OPEN
8284,SO-0008284,27,2024-05-23,6,SHIPPED
8285,SO-0008285,75,2023-10-11,3,SHIPPED
8286,SO-0008286,27,2024-01-24,10,PARTIAL
8287,SO-0008287,4,2026-07-31,12,SHIPPED
8288,SO-0008288,56,2024-08-18,2,SHIPPED
8289,SO-0008289,7,2026-05-26,8,PARTIAL
8290,SO-0008290,64,2024-03-04,11,SHIPPED
8291,SO-0008291,66,2025-10-14,11,SHIPPED
8292,SO-0008292,71,2023-08-04,11,PARTIAL
8293,SO-0008293,37,2023-07-26,4,SHIPPED
8294,SO-0008294,45,2023-06-28,1,SHIPPED
8295,SO-0008295,34,2025-12-22,10,SHIPPED
8296,SO-0008296,56,2023-03-24,5,SHIPPED
8297,SO-0008297,16,2025-01-17,3,SHIPPED
8298,SO-0008298,2,2024-06-28,5,OPEN
8299,SO-0008299,58,2024-06-02,4,OPEN
8300,SO-0008300,47,2024-03-01,11,SHIPPED
8301,SO-0008301,10,2025-05-12,7,SHIPPED
8302,SO-0008302,30,2025-11-18,6,SHIPPED
8303,SO-0008303,1,2023-10-23,7,PARTIAL
8304,SO-0008304,33,2024-11-22,4,SHIPPED
8305,SO-0008305,26,2025-08-19,4,SHIPPED
8306,SO-0008306,34,2026-06-23,10,SHIPPED
8307,SO-0008307,18,2024-10-10,7,PARTIAL
8308,SO-0008308,61,2025-03-26,1,SHIPPED
8309,SO-0008309,19,2024-08-04,2,OPEN
8310,SO-0008310,37,2023-09-13,5,PARTIAL
8311,SO-0008311,35,2024-04-03,8,SHIPPED
8312,SO-0008312,14,2025-10-26,12,OPEN
8313,SO-0008313,10,2024-01-16,4,SHIPPED
8314,SO-0008314,71,2025-02-19,6,PARTIAL
8315,SO-0008315,6,2025-03-10,6,SHIPPED
8316,SO-0008316,75,2023-02-24,6,OPEN
8317,SO-0008317,45,2024-08-19,3,PARTIAL
8318,SO-0008318,9,2024-02-20,3,OPEN
8319,SO-0008319,80,2024-03-29,1,SHIPPED
8320,SO-0008320,3,2023-10-21,6,PARTIAL
8321,SO-0008321,54,2025-06-30,4,PARTIAL
8322,SO-0008322,20,2024-08-28,4,PARTIAL
8323,SO-0008323,55,2024-09-01,5,SHIPPED
8324,SO-0008324,56,2025-09-25,1,SHIPPED
8325,SO-0008325,59,2024-08-06,12,OPEN
8326,SO-0008326,21,2023-07-24,1,SHIPPED
8327,SO-0008327,23,2026-06-25,3,PARTIAL
8328,SO-0008328,76,2026-08-15,1,PARTIAL
8329,SO-0008329,42,2023-01-06,1,SHIPPED
8330,SO-0008330,65,2025-09-04,6,SHIPPED
8331,SO-0008331,32,2023-04-04,2,PARTIAL
8332,SO-0008332,43,2025-10-28,9,OPEN
8333,SO-0008333,64,2025-06-22,11,PARTIAL
8334,SO-0008334,39,2024-07-18,4,SHIPPED
8335,SO-0008335,76,2023-03-15,10,OPEN
8336,SO-0008336,62,2025-03-29,1,PARTIAL
8337,SO-0008337,76,2026-03-03,3,OPEN
8338,SO-0008338,7,2026-08-29,12,SHIPPED
8339,SO-0008339,53,2024-10-09,8,PARTIAL
8340,SO-0008340,78,2023-09-06,9,OPEN
8341,SO-0008341,2,2026-09-17,8,SHIPPED
8342,SO-0008342,31,2026-06-24,9,SHIPPED
8343,SO-0008343,26,2024-08-25,2,PARTIAL
8344,SO-0008344,69,2025-11-08,5,SHIPPED
8345,SO-0008345,48,2024-02-03,12,PARTIAL
8346,SO-0008346,2,2026-04-10,11,PARTIAL
8347,SO-0008347,2,2025-10-07,10,SHIPPED
8348,SO-0008348,51,2025-04-14,9,PARTIAL
8349,SO-0008349,3,2026-06-09,3,PARTIAL
8350,SO-0008350,1,2024-05-08,10,PARTIAL
8351,SO-0008351,3,2025-01-19,5,PARTIAL
8352,SO-0008352,80,2025-05-18,3,SHIPPED
8353,SO-0008353,40,2025-05-02,9,SHIPPED
8354,SO-0008354,57,2025-12-14,5,OPEN
8355,SO-0008355,30,2024-01-30,10,PARTIAL
8356,SO-0008356,15,2025-10-22,7,PARTIAL
8357,SO-0008357,24,2026-10-01,6,SHIPPED
8358,SO-0008358,20,2025-06-25,10,SHIPPED
8359,SO-0008359,61,2024-05-20,1,SHIPPED
8360,SO-0008360,37,2025-11-20,11,SHIPPED
8361,SO-0008361,56,2023-12-16,11,SHIPPED
8362,SO-0008362,30,2024-05-25,5,SHIPPED
8363,SO-0008363,61,2024-10-29,1,OPEN
8364,SO-0008364,4,2026-01-09,11,SHIPPED
8365,SO-0008365,39,2024-07-11,7,SHIPPED
8366,SO-0008366,25,2024-02-12,12,PARTIAL
8367,SO-0008367,20,2026-03-06,7,SHIPPED
8368,SO-0008368,33,2025-11-26,1,OPEN
8369,SO-0008369,53,2026-08-02,8,SHIPPED
8370,SO-0008370,78,2023-04-13,6,SHIPPED
8371,SO-0008371,7,2024-01-17,12,SHIPPED
8372,SO-0008372,22,2026-01-15,6,SHIPPED
8373,SO-0008373,54,2023-02-06,3,PARTIAL
8374,SO-0008374,48,2025-01-21,12,OPEN
8375,SO-0008375,24,2024-03-28,12,SHIPPED
8376,SO-0008376,14,2024-06-17,2,PARTIAL
8377,SO-0008377,62,2025-10-20,1,SHIPPED
8378,SO-0008378,77,2023-01-30,4,PARTIAL
8379,SO-0008379,54,2024-06-07,5,SHIPPED
8380,SO-0008380,5,2023-02-27,2,OPEN
8381,SO-0008381,3,2026-02-05,11,PARTIAL
8382,SO-0008382,56,2024-12-18,10,SHIPPED
8383,SO-0008383,24,2025-03-07,3,OPEN
8384,SO-0008384,58,2026-08-07,1,SHIPPED
8385,SO-0008385,52,2023-08-05,7,PARTIAL
8386,SO-0008386,11,2024-06-24,4,SHIPPED
8387,SO-0008387,71,2026-04-03,1,SHIPPED
8388,SO-0008388,25,2025-05-10,12,OPEN
8389,SO-0008389,22,2024-11-13,5,OPEN
8390,SO-0008390,52,2025-11-07,8,PARTIAL
8391,SO-0008391,80,2023-01-09,11,OPEN
8392,SO-0008392,62,2026-08-03,5,OPEN
8393,SO-0008393,12,2024-02-09,12,SHIPPED
8394,SO-0008394,7,2024-11-06,2,SHIPPED
8395,SO-0008395,51,2024-08-19,9,SHIPPED
8396,SO-0008396,14,2025-09-26,2,SHIPPED
8397,SO-0008397,29,2024-01-12,11,SHIPPED
8398,SO-0008398,67,2026-05-31,5,SHIPPED
8399,SO-0008399,60,2026-09-14,4,SHIPPED
8400,SO-0008400,2,2024-12-09,11,PARTIAL
8401,SO-0008401,44,2023-03-16,4,SHIPPED
8402,SO-0008402,72,2026-05-29,1,SHIPPED
8403,SO-0008403,62,2025-08-15,6,OPEN
8404,SO-0008404,38,2023-03-20,10,SHIPPED
8405,SO-0008405,42,2024-07-11,11,SHIPPED
8406,SO-0008406,55,2023-11-11,3,SHIPPED
8407,SO-0008407,11,2023-09-05,2,SHIPPED
8408,SO-0008408,2,2025-02-14,6,SHIPPED
8409,SO-0008409,15,2024-02-04,9,PARTIAL
8410,SO-0008410,72,2023-02-16,9,OPEN
8411,SO-0008411,13,2026-02-07,3,SHIPPED
8412,SO-0008412,36,2024-06-11,1,SHIPPED
8413,SO-0008413,17,2024-07-11,11,OPEN
8414,SO-0008414,32,2023-08-15,9,SHIPPED
8415,SO-0008415,64,2026-09-30,2,OPEN
8416,SO-0008416,38,2024-02-17,4,SHIPPED
8417,SO-0008417,19,2026-09-20,8,SHIPPED
8418,SO-0008418,26,2025-02-24,2,SHIPPED
8419,SO-0008419,58,2025-11-08,9,SHIPPED
8420,SO-0008420,66,2023-02-25,8,PARTIAL
8421,SO-0008421,9,2024-11-23,4,PARTIAL
8422,SO-0008422,53,2025-11-27,6,SHIPPED
8423,SO-0008423,36,2023-07-13,6,PARTIAL
8424,SO-0008424,6,2025-05-24,1,PARTIAL
8425,SO-0008425,57,2023-05-21,4,SHIPPED
8426,SO-0008426,70,2026-03-21,7,SHIPPED
8427,SO-0008427,72,2025-02-24,9,SHIPPED
8428,SO-0008428,53,2024-08-03,2,OPEN
8429,SO-0008429,65,2023-01-26,2,OPEN
8430,SO-0008430,57,2024-11-05,4,SHIPPED
8431,SO-0008431,60,2025-06-03,11,PARTIAL
8432,SO-0008432,56,2026-06-16,11,SHIPPED
8433,SO-0008433,42,2025-12-06,6,SHIPPED
8434,SO-0008434,61,2024-04-22,3,OPEN
8435,SO-0008435,42,2025-02-04,12,SHIPPED
8436,SO-0008436,36,2023-11-08,3,SHIPPED
8437,SO-0008437,79,2025-04-13,7,SHIPPED
8438,SO-0008438,18,2023-04-21,5,OPEN
8439,SO-0008439,50,2024-05-19,1,SHIPPED
8440,SO-0008440,8,2023-06-24,11,OPEN
8441,SO-0008441,34,2023-01-22,9,OPEN
8442,SO-0008442,55,2023-04-11,7,OPEN
8443,SO-0008443,10,2024-02-13,6,SHIPPED
8444,SO-0008444,8,2024-08-24,12,SHIPPED
8445,SO-0008445,69,2026-05-11,7,OPEN
8446,SO-0008446,19,2025-10-12,3,SHIPPED
8447,SO-0008447,25,2023-03-18,10,PARTIAL
8448,SO-0008448,27,2025-05-14,3,SHIPPED
8449,SO-0008449,41,2025-01-01,5,SHIPPED
8450,SO-0008450,23,2026-07-19,1,PARTIAL
8451,SO-0008451,58,2025-12-06,1,SHIPPED
8452,SO-0008452,46,2023-01-24,8,OPEN
8453,SO-0008453,7,2024-09-02,4,SHIPPED
8454,SO-0008454,25,2023-06-07,2,SHIPPED
8455,SO-0008455,34,2026-07-04,4,PARTIAL
8456,SO-0008456,23,2026-01-06,2,OPEN
8457,SO-0008457,16,2024-07-28,11,OPEN
8458,SO-0008458,10,2023-01-30,7,SHIPPED
8459,SO-0008459,65,2025-09-23,11,SHIPPED
8460,SO-0008460,14,2024-06-29,1,SHIPPED
8461,SO-0008461,62,2024-10-29,3,SHIPPED
8462,SO-0008462,49,2025-12-14,1,SHIPPED
8463,SO-0008463,19,2024-11-06,9,SHIPPED
8464,SO-0008464,19,2024-06-13,11,PARTIAL
8465,SO-0008465,5,2023-08-15,1,PARTIAL
8466,SO-0008466,71,2023-02-28,9,SHIPPED
8467,SO-0008467,73,2026-09-26,9,PARTIAL
8468,SO-0008468,40,2024-10-20,10,SHIPPED
8469,SO-0008469,35,2024-01-10,7,PARTIAL
8470,SO-0008470,6,2025-03-02,11,SHIPPED
8471,SO-0008471,59,2023-03-26,6,SHIPPED
8472,SO-0008472,5,2025-12-21,12,SHIPPED
8473,SO-0008473,21,2026-07-22,1,PARTIAL
8474,SO-0008474,33,2023-09-04,10,PARTIAL
8475,SO-0008475,7,2025-09-04,10,SHIPPED
8476,SO-0008476,28,2023-08-24,7,OPEN
8477,SO-0008477,42,2026-08-27,5,PARTIAL
8478,SO-0008478,16,2024-05-07,2,SHIPPED
8479,SO-0008479,78,2025-01-10,5,SHIPPED
8480,SO-0008480,5,2025-09-25,10,PARTIAL
8481,SO-0008481,5,2025-03-06,9,SHIPPED
8482,SO-0008482,38,2023-10-28,10,SHIPPED
8483,SO-0008483,30,2023-11-06,6,PARTIAL
8484,SO-0008484,35,2026-02-03,11,SHIPPED
8485,SO-0008485,43,2025-01-10,5,SHIPPED
8486,SO-0008486,30,2024-10-21,2,SHIPPED
8487,SO-0008487,27,2026-05-08,9,SHIPPED
8488,SO-0008488,80,2025-05-09,3,SHIPPED
8489,SO-0008489,70,2026-02-05,5,SHIPPED
8490,SO-0008490,16,2023-02-22,7,OPEN
8491,SO-0008491,1,2024-09-23,8,SHIPPED
8492,SO-0008492,43,2026-07-28,9,SHIPPED
8493,SO-0008493,80,2023-08-30,2,SHIPPED
8494,SO-0008494,22,2026-06-26,1,SHIPPED
8495,SO-0008495,30,2024-12-29,3,SHIPPED
8496,SO-0008496,21,2024-11-23,5,SHIPPED
8497,SO-0008497,43,2024-09-24,5,OPEN
8498,SO-0008498,21,2026-07-29,1,PARTIAL
8499,SO-0008499,34,2025-12-07,11,PARTIAL
8500,SO-0008500,13,2025-09-05,5,PARTIAL
8501,SO-0008501,8,2024-10-05,12,SHIPPED
8502,SO-0008502,22,2024-03-10,7,SHIPPED
8503,SO-0008503,32,2026-09-04,6,SHIPPED
8504,SO-0008504,20,2023-06-14,12,SHIPPED
8505,SO-0008505,68,2025-09-17,12,OPEN
8506,SO-0008506,3,2023-12-19,2,OPEN
8507,SO-0008507,6,2023-04-20,6,OPEN
8508,SO-0008508,7,2025-03-07,7,SHIPPED
8509,SO-0008509,49,2024-02-07,12,PARTIAL
8510,SO-0008510,43,2025-12-28,3,PARTIAL
8511,SO-0008511,8,2024-09-17,4,SHIPPED
8512,SO-0008512,51,2024-10-26,2,OPEN
8513,SO-0008513,2,2024-08-08,10,PARTIAL
8514,SO-0008514,80,2023-03-27,7,SHIPPED
8515,SO-0008515,60,2026-09-25,7,PARTIAL
8516,SO-0008516,13,2024-12-21,8,SHIPPED
8517,SO-0008517,69,2024-06-10,3,PARTIAL
8518,SO-0008518,29,2024-11-28,11,PARTIAL
8519,SO-0008519,29,2025-11-25,5,OPEN
8520,SO-0008520,35,2026-07-27,6,SHIPPED
8521,SO-0008521,25,2025-08-03,4,SHIPPED
8522,SO-0008522,53,2023-10-30,6,OPEN
8523,SO-0008523,30,2025-03-06,10,SHIPPED
8524,SO-0008524,52,2023-06-25,7,OPEN
8525,SO-0008525,24,2025-12-10,1,SHIPPED
8526,SO-0008526,68,2023-04-09,10,SHIPPED
8527,SO-0008527,9,2024-07-30,2,SHIPPED
8528,SO-0008528,36,2026-06-05,6,SHIPPED
8529,SO-0008529,3,2023-11-23,8,SHIPPED
8530,SO-0008530,16,2025-11-10,10,OPEN
8531,SO-0008531,47,2023-10-31,6,SHIPPED
8532,SO-0008532,46,2024-12-04,2,SHIPPED
8533,SO-0008533,23,2023-05-30,2,PARTIAL
8534,SO-0008534,43,2024-12-15,7,PARTIAL
8535,SO-0008535,5,2024-06-15,10,SHIPPED
8536,SO-0008536,62,2024-02-22,10,SHIPPED
8537,SO-0008537,12,2023-01-13,6,OPEN
8538,SO-0008538,38,2024-01-04,12,SHIPPED
8539,SO-0008539,42,2024-05-22,4,OPEN
8540,SO-0008540,37,2023-08-05,7,SHIPPED
8541,SO-0008541,59,2026-07-02,8,OPEN
8542,SO-0008542,9,2025-03-16,8,SHIPPED
8543,SO-0008543,40,2025-01-13,2,PARTIAL
8544,SO-0008544,12,2024-07-21,2,SHIPPED
8545,SO-0008545,28,2023-09-21,11,SHIPPED
8546,SO-0008546,57,2024-06-12,4,SHIPPED
8547,SO-0008547,7,2025-06-29,9,PARTIAL
8548,SO-0008548,69,2024-06-10,11,OPEN
8549,SO-0008549,42,2023-03-08,6,SHIPPED
8550,SO-0008550,18,2026-09-06,12,PARTIAL
8551,SO-0008551,51,2023-12-20,4,PARTIAL
8552,SO-0008552,28,2023-03-27,1,SHIPPED
8553,SO-0008553,78,2024-11-23,7,OPEN
8554,SO-0008554,9,2023-03-30,8,PARTIAL
8555,SO-0008555,41,2026-08-17,5,OPEN
8556,SO-0008556,36,2025-05-03,9,OPEN
8557,SO-0008557,52,2026-06-15,5,SHIPPED
8558,SO-0008558,39,2025-04-16,5,SHIPPED
8559,SO-0008559,75,2024-06-08,2,PARTIAL
8560,SO-0008560,30,2026-08-20,8,SHIPPED
8561,SO-0008561,31,2023-01-09,10,SHIPPED
8562,SO-0008562,44,2024-05-30,2,PARTIAL
8563,SO-0008563,75,2023-03-10,11,PARTIAL
8564,SO-0008564,42,2023-03-26,7,OPEN
8565,SO-0008565,39,2023-09-25,1,SHIPPED
8566,SO-0008566,47,2023-10-20,11,SHIPPED
8567,SO-0008567,80,2026-05-02,7,OPEN
8568,SO-0008568,63,2024-05-20,8,SHIPPED
8569,SO-0008569,54,2025-10-27,3,PARTIAL
8570,SO-0008570,8,2023-12-14,11,OPEN
8571,SO-0008571,29,2023-01-24,1,PARTIAL
8572,SO-0008572,69,2024-09-17,9,SHIPPED
8573,SO-0008573,19,2026-09-05,8,SHIPPED
8574,SO-0008574,51,2025-01-14,6,PARTIAL
8575,SO-0008575,9,2026-08-09,11,SHIPPED
8576,SO-0008576,21,2025-12-19,1,SHIPPED
8577,SO-0008577,76,2023-10-22,4,OPEN
8578,SO-0008578,79,2026-09-04,3,SHIPPED
8579,SO-0008579,79,2026-07-13,9,SHIPPED
8580,SO-0008580,78,2026-08-01,5,SHIPPED
8581,SO-0008581,62,2026-07-31,8,SHIPPED
8582,SO-0008582,5,2023-08-18,1,SHIPPED
8583,SO-0008583,72,2023-12-09,6,OPEN
8584,SO-0008584,80,2024-02-11,11,SHIPPED
8585,SO-0008585,8,2026-03-09,9,SHIPPED
8586,SO-0008586,50,2026-05-17,2,OPEN
8587,SO-0008587,52,2024-12-27,3,SHIPPED
8588,SO-0008588,57,2026-05-26,4,SHIPPED
8589,SO-0008589,25,2023-05-24,5,SHIPPED
8590,SO-0008590,27,2026-03-24,5,OPEN
8591,SO-0008591,44,2023-02-16,5,SHIPPED
8592,SO-0008592,61,2026-04-12,10,SHIPPED
8593,SO-0008593,80,2025-01-22,3,SHIPPED
8594,SO-0008594,77,2025-03-07,8,OPEN
8595,SO-0008595,24,2024-11-20,12,SHIPPED
8596,SO-0008596,71,2024-09-17,4,SHIPPED
8597,SO-0008597,48,2024-02-25,1,PARTIAL
8598,SO-0008598,16,2025-09-11,7,SHIPPED
8599,SO-0008599,36,2026-02-06,2,OPEN
8600,SO-0008600,31,2024-03-03,5,SHIPPED
8601,SO-0008601,19,2024-03-30,2,OPEN
8602,SO-0008602,9,2025-07-20,4,PARTIAL
8603,SO-0008603,62,2024-04-28,11,OPEN
8604,SO-0008604,72,2025-03-11,12,SHIPPED
8605,SO-0008605,53,2025-11-01,4,OPEN
8606,SO-0008606,77,2025-07-27,10,SHIPPED
8607,SO-0008607,41,2026-06-22,9,PARTIAL
8608,SO-0008608,11,2023-01-14,5,SHIPPED
8609,SO-0008609,22,2023-07-17,1,OPEN
8610,SO-0008610,54,2025-06-19,4,SHIPPED
8611,SO-0008611,24,2023-05-10,4,PARTIAL
8612,SO-0008612,38,2024-06-27,5,SHIPPED
8613,SO-0008613,21,2025-09-30,5,PARTIAL
8614,SO-0008614,9,2026-02-11,4,PARTIAL
8615,SO-0008615,53,2024-10-22,7,OPEN
8616,SO-0008616,47,2024-12-26,4,PARTIAL
8617,SO-0008617,51,2024-09-19,12,PARTIAL
8618,SO-0008618,38,2025-08-21,6,SHIPPED
8619,SO-0008619,67,2023-07-16,2,SHIPPED
8620,SO-0008620,62,2025-01-30,6,SHIPPED
8621,SO-0008621,25,2023-04-12,8,PARTIAL
8622,SO-0008622,21,2026-08-31,10,OPEN
8623,SO-0008623,52,2023-12-09,8,SHIPPED
8624,SO-0008624,31,2024-06-04,1,SHIPPED
8625,SO-0008625,54,2024-09-20,5,PARTIAL
8626,SO-0008626,70,2026-02-06,12,SHIPPED
8627,SO-0008627,42,2023-04-28,11,SHIPPED
8628,SO-0008628,56,2026-02-11,4,SHIPPED
8629,SO-0008629,18,2026-07-04,7,SHIPPED
8630,SO-0008630,63,2023-04-18,6,PARTIAL
8631,SO-0008631,50,2023-10-11,4,PARTIAL
8632,SO-0008632,71,2023-07-15,12,SHIPPED
8633,SO-0008633,37,2023-01-09,12,SHIPPED
8634,SO-0008634,18,2025-04-14,5,OPEN
8635,SO-0008635,79,2023-10-30,3,SHIPPED
8636,SO-0008636,2,2025-09-23,4,SHIPPED
8637,SO-0008637,44,2024-09-15,8,SHIPPED
8638,SO-0008638,80,2025-07-31,8,OPEN
8639,SO-0008639,54,2026-04-01,8,PARTIAL
8640,SO-0008640,20,2024-07-07,5,SHIPPED
8641,SO-0008641,14,2023-08-04,10,OPEN
8642,SO-0008642,73,2025-04-08,2,SHIPPED
8643,SO-0008643,49,2026-09-02,9,SHIPPED
8644,SO-0008644,15,2025-11-24,8,PARTIAL
8645,SO-0008645,66,2025-11-23,3,PARTIAL
8646,SO-0008646,34,2025-11-13,4,SHIPPED
8647,SO-0008647,45,2025-08-26,2,PARTIAL
8648,SO-0008648,37,2024-07-01,5,SHIPPED
8649,SO-0008649,76,2025-10-20,6,SHIPPED
8650,SO-0008650,68,2023-05-19,3,SHIPPED
8651,SO-0008651,75,2023-12-24,12,SHIPPED
8652,SO-0008652,31,2024-02-09,6,SHIPPED
8653,SO-0008653,55,2025-03-03,2,OPEN
8654,SO-0008654,40,2026-02-20,6,SHIPPED
8655,SO-0008655,9,2026-09-16,7,SHIPPED
8656,SO-0008656,15,2024-05-18,7,OPEN
8657,SO-0008657,5,2025-04-18,1,OPEN
8658,SO-0008658,35,2025-11-16,8,PARTIAL
8659,SO-0008659,22,2026-01-27,8,SHIPPED
8660,SO-0008660,75,2023-08-31,12,PARTIAL
8661,SO-0008661,34,2026-01-02,1,OPEN
8662,SO-0008662,29,2025-01-10,12,SHIPPED
8663,SO-0008663,40,2024-08-19,8,SHIPPED
8664,SO-0008664,75,2024-09-01,3,SHIPPED
8665,SO-0008665,29,2026-03-20,8,PARTIAL
8666,SO-0008666,23,2023-05-09,10,SHIPPED
8667,SO-0008667,74,2023-04-18,3,PARTIAL
8668,SO-0008668,35,2025-12-08,2,SHIPPED
8669,SO-0008669,64,2024-08-01,8,PARTIAL
8670,SO-0008670,34,2026-01-20,8,PARTIAL
8671,SO-0008671,46,2024-12-23,12,SHIPPED
8672,SO-0008672,66,2025-03-09,10,OPEN
8673,SO-0008673,75,2024-03-13,9,PARTIAL
8674,SO-0008674,43,2024-06-19,3,SHIPPED
8675,SO-0008675,9,2024-04-24,12,SHIPPED
8676,SO-0008676,4,2026-06-07,11,SHIPPED
8677,SO-0008677,70,2026-09-03,10,PARTIAL
8678,SO-0008678,75,2023-07-04,7,OPEN
8679,SO-0008679,65,2023-05-13,7,OPEN
8680,SO-0008680,51,2024-12-12,4,SHIPPED
8681,SO-0008681,2,2026-07-23,3,OPEN
8682,SO-0008682,32,2025-03-06,1,PARTIAL
8683,SO-0008683,36,2026-01-04,6,SHIPPED
8684,SO-0008684,75,2023-02-19,6,SHIPPED
8685,SO-0008685,27,2024-02-13,7,SHIPPED
8686,SO-0008686,46,2024-02-04,6,SHIPPED
8687,SO-0008687,61,2023-09-27,8,SHIPPED
8688,SO-0008688,3,2025-07-03,6,SHIPPED
8689,SO-0008689,20,2026-03-16,3,SHIPPED
8690,SO-0008690,26,2026-03-18,8,PARTIAL
8691,SO-0008691,17,2023-10-02,12,OPEN
8692,SO-0008692,52,2026-05-11,11,SHIPPED
8693,SO-0008693,42,2025-11-23,9,PARTIAL
8694,SO-0008694,58,2026-01-21,7,OPEN
8695,SO-0008695,8,2026-05-28,3,OPEN
8696,SO-0008696,63,2025-11-23,6,OPEN
8697,SO-0008697,46,2023-11-20,4,OPEN
8698,SO-0008698,39,2025-03-28,12,SHIPPED
8699,SO-0008699,52,2026-06-01,4,SHIPPED
8700,SO-0008700,59,2026-02-15,9,PARTIAL
8701,SO-0008701,75,2024-05-12,9,OPEN
8702,SO-0008702,46,2026-06-26,11,OPEN
8703,SO-0008703,19,2026-06-16,12,SHIPPED
8704,SO-0008704,34,2024-01-09,2,SHIPPED
8705,SO-0008705,60,2026-08-16,5,PARTIAL
8706,SO-0008706,12,2025-08-02,5,OPEN
8707,SO-0008707,8,2023-07-28,11,PARTIAL
8708,SO-0008708,76,2025-10-17,12,PARTIAL
8709,SO-0008709,42,2025-04-20,2,SHIPPED
8710,SO-0008710,47,2023-01-02,7,SHIPPED
8711,SO-0008711,69,2024-01-14,5,OPEN
8712,SO-0008712,14,2024-09-24,8,PARTIAL
8713,SO-0008713,46,2026-06-08,8,SHIPPED
8714,SO-0008714,47,2026-01-14,5,OPEN
8715,SO-0008715,77,2023-01-31,3,SHIPPED
8716,SO-0008716,40,2026-05-28,4,OPEN
8717,SO-0008717,18,2023-03-01,11,OPEN
8718,SO-0008718,28,2026-02-11,5,PARTIAL
8719,SO-0008719,60,2023-09-11,1,SHIPPED
8720,SO-0008720,9,2024-02-12,10,SHIPPED
8721,SO-0008721,69,2024-01-22,5,PARTIAL
8722,SO-0008722,70,2023-10-16,6,SHIPPED
8723,SO-0008723,15,2026-08-23,12,SHIPPED
8724,SO-0008724,20,2024-10-01,1,SHIPPED
8725,SO-0008725,49,2024-08-07,12,SHIPPED
8726,SO-0008726,17,2025-03-22,11,SHIPPED
8727,SO-0008727,53,2025-07-08,11,SHIPPED
8728,SO-0008728,23,2023-12-07,11,SHIPPED
8729,SO-0008729,32,2023-07-08,10,SHIPPED
8730,SO-0008730,46,2026-07-20,5,SHIPPED
8731,SO-0008731,7,2025-10-08,1,SHIPPED
8732,SO-0008732,23,2024-09-11,10,OPEN
8733,SO-0008733,57,2026-03-18,7,OPEN
8734,SO-0008734,56,2024-10-26,7,SHIPPED
8735,SO-0008735,76,2026-06-30,6,PARTIAL
8736,SO-0008736,50,2023-10-16,4,SHIPPED
8737,SO-0008737,2,2025-12-28,9,SHIPPED
8738,SO-0008738,8,2023-05-23,1,SHIPPED
8739,SO-0008739,32,2025-07-13,7,OPEN
8740,SO-0008740,80,2023-03-11,8,OPEN
8741,SO-0008741,29,2023-08-03,8,SHIPPED
8742,SO-0008742,16,2024-09-13,10,SHIPPED
8743,SO-0008743,26,2024-04-17,1,SHIPPED
8744,SO-0008744,69,2023-11-16,3,PARTIAL
8745,SO-0008745,78,2023-05-30,12,SHIPPED
8746,SO-0008746,71,2023-10-02,8,SHIPPED
8747,SO-0008747,13,2026-07-22,2,SHIPPED
8748,SO-0008748,10,2025-07-20,8,OPEN
8749,SO-0008749,54,2024-03-26,9,OPEN
8750,SO-0008750,3,2024-07-07,9,SHIPPED
8751,SO-0008751,70,2025-09-21,5,SHIPPED
8752,SO-0008752,72,2026-04-02,7,SHIPPED
8753,SO-0008753,67,2024-09-22,10,PARTIAL
8754,SO-0008754,16,2024-08-29,10,PARTIAL
8755,SO-0008755,69,2026-03-21,4,OPEN
8756,SO-0008756,76,2025-04-10,2,SHIPPED
8757,SO-0008757,34,2025-05-27,4,PARTIAL
8758,SO-0008758,10,2025-06-10,8,SHIPPED
8759,SO-0008759,39,2023-08-04,6,SHIPPED
8760,SO-0008760,79,2026-06-14,2,PARTIAL
8761,SO-0008761,17,2025-10-15,12,SHIPPED
8762,SO-0008762,54,2025-03-30,5,SHIPPED
8763,SO-0008763,69,2026-04-26,3,SHIPPED
8764,SO-0008764,2,2026-08-06,9,OPEN
8765,SO-0008765,3,2025-04-09,6,SHIPPED
8766,SO-0008766,77,2025-10-17,12,OPEN
8767,SO-0008767,78,2023-09-23,5,SHIPPED
8768,SO-0008768,27,2026-07-29,1,OPEN
8769,SO-0008769,40,2023-11-19,8,SHIPPED
8770,SO-0008770,40,2026-09-27,5,PARTIAL
8771,SO-0008771,2,2025-11-23,5,SHIPPED
8772,SO-0008772,73,2026-01-26,10,OPEN
8773,SO-0008773,23,2025-05-10,8,SHIPPED
8774,SO-0008774,56,2023-07-28,4,OPEN
8775,SO-0008775,63,2025-03-22,10,OPEN
8776,SO-0008776,56,2024-12-07,7,SHIPPED
8777,SO-0008777,49,2025-06-09,2,SHIPPED
8778,SO-0008778,75,2023-04-17,12,SHIPPED
8779,SO-0008779,62,2024-02-16,9,PARTIAL
8780,SO-0008780,63,2025-08-29,9,OPEN
8781,SO-0008781,38,2026-02-24,1,SHIPPED
8782,SO-0008782,50,2025-04-22,10,SHIPPED
8783,SO-0008783,41,2026-08-22,1,SHIPPED
8784,SO-0008784,36,2026-07-06,9,SHIPPED
8785,SO-0008785,2,2025-08-05,5,SHIPPED
8786,SO-0008786,16,2023-12-26,11,SHIPPED
8787,SO-0008787,51,2024-09-24,8,PARTIAL
8788,SO-0008788,28,2026-05-16,5,OPEN
8789,SO-0008789,18,2025-09-11,4,PARTIAL
8790,SO-0008790,19,2026-03-20,8,OPEN
8791,SO-0008791,9,2025-01-27,3,SHIPPED
8792,SO-0008792,62,2024-10-03,1,OPEN
8793,SO-0008793,42,2024-10-09,8,SHIPPED
8794,SO-0008794,64,2026-06-26,10,OPEN
8795,SO-0008795,64,2026-01-23,11,PARTIAL
8796,SO-0008796,77,2024-12-13,4,SHIPPED
8797,SO-0008797,36,2024-01-14,1,SHIPPED
8798,SO-0008798,13,2024-11-03,7,SHIPPED
8799,SO-0008799,75,2025-01-04,12,SHIPPED
8800,SO-0008800,6,2023-09-22,11,SHIPPED
8801,SO-0008801,70,2025-03-05,12,SHIPPED
8802,SO-0008802,55,2025-12-20,7,SHIPPED
8803,SO-0008803,79,2024-09-21,2,OPEN
8804,SO-0008804,70,2025-11-03,12,OPEN
8805,SO-0008805,75,2025-07-16,10,OPEN
8806,SO-0008806,30,2025-04-06,3,SHIPPED
8807,SO-0008807,46,2023-06-10,12,SHIPPED
8808,SO-0008808,28,2026-05-25,1,PARTIAL
8809,SO-0008809,48,2024-07-13,7,SHIPPED
8810,SO-0008810,68,2026-03-06,10,OPEN
8811,SO-0008811,31,2026-06-05,1,SHIPPED
8812,SO-0008812,62,2023-04-24,4,SHIPPED
8813,SO-0008813,46,2023-01-14,12,SHIPPED
8814,SO-0008814,50,2023-02-06,6,SHIPPED
8815,SO-0008815,24,2023-06-23,10,SHIPPED
8816,SO-0008816,53,2025-10-26,5,PARTIAL
8817,SO-0008817,71,2024-02-08,11,SHIPPED
8818,SO-0008818,25,2025-02-03,4,PARTIAL
8819,SO-0008819,35,2024-04-02,12,SHIPPED
8820,SO-0008820,39,2024-07-15,1,SHIPPED
8821,SO-0008821,34,2026-06-07,9,PARTIAL
8822,SO-0008822,47,2023-03-16,2,SHIPPED
8823,SO-0008823,5,2023-12-24,1,PARTIAL
8824,SO-0008824,73,2025-02-07,4,SHIPPED
8825,SO-0008825,77,2025-04-26,8,SHIPPED
8826,SO-0008826,67,2026-03-22,1,OPEN
8827,SO-0008827,37,2023-12-01,5,SHIPPED
8828,SO-0008828,51,2024-12-11,8,PARTIAL
8829,SO-0008829,65,2025-04-12,8,OPEN
8830,SO-0008830,8,2023-12-11,7,OPEN
8831,SO-0008831,71,2026-02-12,7,SHIPPED
8832,SO-0008832,80,2025-05-25,7,SHIPPED
8833,SO-0008833,76,2025-06-06,12,PARTIAL
8834,SO-0008834,73,2024-03-28,9,PARTIAL
8835,SO-0008835,17,2026-04-16,1,SHIPPED
8836,SO-0008836,62,2024-06-25,4,OPEN
8837,SO-0008837,47,2026-06-05,6,SHIPPED
8838,SO-0008838,71,2024-06-05,9,SHIPPED
8839,SO-0008839,21,2024-10-09,9,SHIPPED
8840,SO-0008840,14,2025-05-27,4,SHIPPED
8841,SO-0008841,5,2023-11-01,5,SHIPPED
8842,SO-0008842,15,2025-03-11,1,SHIPPED
8843,SO-0008843,67,2024-11-18,5,SHIPPED
8844,SO-0008844,21,2026-07-25,12,OPEN
8845,SO-0008845,69,2024-09-29,9,SHIPPED
8846,SO-0008846,51,2025-07-09,8,SHIPPED
8847,SO-0008847,33,2025-06-17,10,SHIPPED
8848,SO-0008848,71,2023-05-06,8,SHIPPED
8849,SO-0008849,26,2024-09-30,5,SHIPPED
8850,SO-0008850,4,2024-11-06,6,SHIPPED
8851,SO-0008851,35,2023-12-01,4,SHIPPED
8852,SO-0008852,48,2025-04-12,11,PARTIAL
8853,SO-0008853,38,2025-03-13,10,SHIPPED
8854,SO-0008854,26,2026-08-26,12,SHIPPED
8855,SO-0008855,45,2026-09-14,9,SHIPPED
8856,SO-0008856,34,2025-08-20,6,SHIPPED
8857,SO-0008857,25,2026-04-05,2,PARTIAL
8858,SO-0008858,42,2026-01-28,12,SHIPPED
8859,SO-0008859,21,2024-12-24,11,SHIPPED
8860,SO-0008860,25,2024-05-16,3,SHIPPED
8861,SO-0008861,28,2024-11-25,2,SHIPPED
8862,SO-0008862,35,2023-06-24,7,OPEN
8863,SO-0008863,50,2025-06-10,5,SHIPPED
8864,SO-0008864,72,2025-03-01,9,OPEN
8865,SO-0008865,4,2025-06-12,9,SHIPPED
8866,SO-0008866,49,2023-04-11,8,SHIPPED
8867,SO-0008867,12,2023-04-04,4,SHIPPED
8868,SO-0008868,42,2025-11-30,10,SHIPPED
8869,SO-0008869,6,2024-01-04,2,SHIPPED
8870,SO-0008870,80,2026-02-24,4,SHIPPED
8871,SO-0008871,75,2023-08-16,5,SHIPPED
8872,SO-0008872,14,2025-10-07,8,SHIPPED
8873,SO-0008873,39,2026-07-12,8,SHIPPED
8874,SO-0008874,9,2024-03-15,2,OPEN
8875,SO-0008875,31,2024-05-13,4,SHIPPED
8876,SO-0008876,50,2023-07-24,11,PARTIAL
8877,SO-0008877,25,2026-05-24,4,SHIPPED
8878,SO-0008878,42,2025-02-12,12,PARTIAL
8879,SO-0008879,30,2023-10-17,3,SHIPPED
8880,SO-0008880,21,2024-03-11,7,SHIPPED
8881,SO-0008881,72,2024-07-28,3,SHIPPED
8882,SO-0008882,13,2026-06-23,2,SHIPPED
8883,SO-0008883,78,2025-04-12,12,SHIPPED
8884,SO-0008884,34,2023-08-07,10,SHIPPED
8885,SO-0008885,26,2026-07-09,1,OPEN
8886,SO-0008886,32,2026-03-19,6,OPEN
8887,SO-0008887,24,2024-11-17,6,SHIPPED
8888,SO-0008888,45,2025-07-16,6,SHIPPED
8889,SO-0008889,46,2025-03-21,1,PARTIAL
8890,SO-0008890,8,2023-12-16,10,SHIPPED
8891,SO-0008891,62,2026-01-01,6,PARTIAL
8892,SO-0008892,35,2025-01-26,12,SHIPPED
8893,SO-0008893,24,2024-01-30,2,PARTIAL
8894,SO-0008894,4,2025-05-16,9,OPEN
8895,SO-0008895,33,2025-06-28,1,OPEN
8896,SO-0008896,65,2024-06-29,7,PARTIAL
8897,SO-0008897,71,2023-07-20,1,SHIPPED
8898,SO-0008898,42,2023-02-21,5,SHIPPED
8899,SO-0008899,49,2023-04-25,11,SHIPPED
8900,SO-0008900,42,2024-03-12,7,PARTIAL
8901,SO-0008901,29,2026-06-05,7,SHIPPED
8902,SO-0008902,77,2024-04-02,7,OPEN
8903,SO-0008903,13,2023-12-02,4,SHIPPED
8904,SO-0008904,57,2025-10-03,4,PARTIAL
8905,SO-0008905,11,2025-03-19,5,SHIPPED
8906,SO-0008906,31,2023-10-09,5,OPEN
8907,SO-0008907,59,2025-05-21,8,OPEN
8908,SO-0008908,42,2024-09-12,7,SHIPPED
8909,SO-0008909,19,2026-03-20,12,PARTIAL
8910,SO-0008910,4,2025-02-11,2,OPEN
8911,SO-0008911,63,2023-05-27,4,OPEN
8912,SO-0008912,68,2024-11-27,9,PARTIAL
8913,SO-0008913,4,2024-04-02,2,SHIPPED
8914,SO-0008914,12,2023-08-28,5,OPEN
8915,SO-0008915,39,2023-05-05,12,SHIPPED
8916,SO-0008916,29,2023-10-24,9,SHIPPED
8917,SO-0008917,10,2024-01-30,3,SHIPPED
8918,SO-0008918,26,2023-07-29,5,SHIPPED
8919,SO-0008919,47,2023-12-27,11,PARTIAL
8920,SO-0008920,35,2023-09-26,6,SHIPPED
8921,SO-0008921,51,2023-06-01,6,SHIPPED
8922,SO-0008922,50,2026-02-27,10,OPEN
8923,SO-0008923,37,2024-06-24,11,SHIPPED
8924,SO-0008924,1,2024-11-27,6,OPEN
8925,SO-0008925,34,2025-06-05,12,SHIPPED
8926,SO-0008926,35,2025-03-18,8,OPEN
8927,SO-0008927,32,2024-05-28,11,SHIPPED
8928,SO-0008928,11,2024-08-15,8,SHIPPED
8929,SO-0008929,52,2024-03-18,6,OPEN
8930,SO-0008930,79,2024-02-24,6,SHIPPED
8931,SO-0008931,39,2025-12-11,9,OPEN
8932,SO-0008932,11,2026-05-18,11,PARTIAL
8933,SO-0008933,11,2025-06-04,1,PARTIAL
8934,SO-0008934,15,2024-03-04,6,PARTIAL
8935,SO-0008935,50,2025-11-24,12,SHIPPED
8936,SO-0008936,16,2024-08-14,5,OPEN
8937,SO-0008937,16,2023-06-21,4,SHIPPED
8938,SO-0008938,80,2025-03-04,2,PARTIAL
8939,SO-0008939,22,2025-06-08,1,SHIPPED
8940,SO-0008940,69,2023-08-18,6,OPEN
8941,SO-0008941,73,2025-06-18,5,SHIPPED
8942,SO-0008942,43,2024-11-28,7,SHIPPED
8943,SO-0008943,47,2024-01-01,4,PARTIAL
8944,SO-0008944,80,2025-02-09,7,PARTIAL
8945,SO-0008945,38,2025-11-19,2,SHIPPED
8946,SO-0008946,3,2023-11-12,7,SHIPPED
8947,SO-0008947,35,2026-07-09,12,SHIPPED
8948,SO-0008948,57,2026-06-11,11,SHIPPED
8949,SO-0008949,35,2025-08-27,11,PARTIAL
8950,SO-0008950,51,2024-06-04,11,SHIPPED
8951,SO-0008951,34,2024-05-30,2,SHIPPED
8952,SO-0008952,66,2025-05-16,1,SHIPPED
8953,SO-0008953,50,2025-07-21,10,PARTIAL
8954,SO-0008954,63,2025-01-13,9,OPEN
8955,SO-0008955,11,2023-11-28,1,OPEN
8956,SO-0008956,47,2026-01-08,1,SHIPPED
8957,SO-0008957,18,2023-07-13,5,SHIPPED
8958,SO-0008958,61,2025-12-12,9,PARTIAL
8959,SO-0008959,28,2025-03-22,2,SHIPPED
8960,SO-0008960,74,2023-06-20,5,OPEN
8961,SO-0008961,77,2023-03-16,5,PARTIAL
8962,SO-0008962,44,2026-02-21,10,PARTIAL
8963,SO-0008963,65,2025-12-12,10,PARTIAL
8964,SO-0008964,21,2023-05-21,9,SHIPPED
8965,SO-0008965,70,2025-11-20,10,OPEN
8966,SO-0008966,60,2026-09-17,4,SHIPPED
8967,SO-0008967,28,2024-10-24,1,SHIPPED
8968,SO-0008968,35,2023-08-19,11,SHIPPED
8969,SO-0008969,79,2025-04-01,12,OPEN
8970,SO-0008970,62,2025-02-18,9,SHIPPED
8971,SO-0008971,23,2026-04-24,1,SHIPPED
8972,SO-0008972,33,2025-02-05,12,PARTIAL
8973,SO-0008973,36,2023-06-22,5,SHIPPED
8974,SO-0008974,16,2023-01-03,12,PARTIAL
8975,SO-0008975,24,2023-12-29,7,PARTIAL
8976,SO-0008976,56,2024-07-18,7,PARTIAL
8977,SO-0008977,19,2023-04-16,2,OPEN
8978,SO-0008978,46,2023-02-21,6,PARTIAL
8979,SO-0008979,29,2025-07-28,7,PARTIAL
8980,SO-0008980,12,2023-07-26,2,OPEN
8981,SO-0008981,49,2024-06-14,4,PARTIAL
8982,SO-0008982,58,2026-07-21,10,SHIPPED
8983,SO-0008983,6,2025-07-11,11,OPEN
8984,SO-0008984,12,2026-04-27,3,SHIPPED
8985,SO-0008985,35,2024-09-28,12,SHIPPED
8986,SO-0008986,27,2023-01-01,11,SHIPPED
8987,SO-0008987,7,2023-08-31,10,OPEN
8988,SO-0008988,37,2025-02-09,5,SHIPPED
8989,SO-0008989,31,2023-08-03,12,PARTIAL
8990,SO-0008990,3,2026-01-14,5,PARTIAL
8991,SO-0008991,10,2023-02-26,5,SHIPPED
8992,SO-0008992,39,2024-11-27,10,OPEN
8993,SO-0008993,13,2024-08-20,1,OPEN
8994,SO-0008994,80,2024-10-21,6,PARTIAL
8995,SO-0008995,37,2026-04-27,7,SHIPPED
8996,SO-0008996,6,2025-08-24,12,SHIPPED
8997,SO-0008997,9,2025-01-28,12,SHIPPED
8998,SO-0008998,66,2026-07-03,12,SHIPPED
8999,SO-0008999,59,2023-11-21,8,SHIPPED
9000,SO-0009000,23,2023-11-01,7,SHIPPED
9001,SO-0009001,25,2024-07-02,8,PARTIAL
9002,SO-0009002,4,2024-07-07,12,OPEN
9003,SO-0009003,40,2025-07-27,6,SHIPPED
9004,SO-0009004,32,2024-03-23,3,SHIPPED
9005,SO-0009005,40,2026-07-26,12,OPEN
9006,SO-0009006,36,2023-03-09,1,SHIPPED
9007,SO-0009007,80,2025-09-11,12,SHIPPED
9008,SO-0009008,14,2024-10-29,8,SHIPPED
9009,SO-0009009,56,2025-11-30,7,PARTIAL
9010,SO-0009010,29,2023-04-18,8,SHIPPED
9011,SO-0009011,21,2024-11-29,12,OPEN
9012,SO-0009012,44,2024-08-29,1,OPEN
9013,SO-0009013,26,2025-02-26,1,SHIPPED
9014,SO-0009014,32,2023-09-01,3,OPEN
9015,SO-0009015,44,2025-06-28,5,SHIPPED
9016,SO-0009016,74,2023-10-21,5,OPEN
9017,SO-0009017,31,2024-08-13,5,PARTIAL
9018,SO-0009018,77,2024-03-10,7,SHIPPED
9019,SO-0009019,16,2025-11-18,1,SHIPPED
9020,SO-0009020,39,2025-07-02,3,OPEN
9021,SO-0009021,46,2025-03-15,12,PARTIAL
9022,SO-0009022,70,2025-11-01,10,SHIPPED
9023,SO-0009023,6,2024-10-06,9,SHIPPED
9024,SO-0009024,28,2025-11-27,8,SHIPPED
9025,SO-0009025,5,2025-05-11,9,SHIPPED
9026,SO-0009026,8,2026-02-19,9,SHIPPED
9027,SO-0009027,23,2025-09-07,11,PARTIAL
9028,SO-0009028,69,2023-10-31,3,SHIPPED
9029,SO-0009029,42,2026-08-22,3,SHIPPED
9030,SO-0009030,59,2024-09-29,10,PARTIAL
9031,SO-0009031,37,2023-03-03,11,OPEN
9032,SO-0009032,73,2024-12-14,1,OPEN
9033,SO-0009033,21,2026-01-14,9,SHIPPED
9034,SO-0009034,13,2025-04-30,4,SHIPPED
9035,SO-0009035,34,2024-04-22,12,SHIPPED
9036,SO-0009036,34,2023-06-24,3,OPEN
9037,SO-0009037,29,2025-07-30,9,SHIPPED
9038,SO-0009038,76,2023-02-24,10,SHIPPED
9039,SO-0009039,49,2025-02-16,7,SHIPPED
9040,SO-0009040,35,2026-04-15,11,SHIPPED
9041,SO-0009041,36,2023-08-12,2,SHIPPED
9042,SO-0009042,61,2025-11-29,2,SHIPPED
9043,SO-0009043,34,2026-06-11,4,SHIPPED
9044,SO-0009044,49,2024-10-29,8,SHIPPED
9045,SO-0009045,25,2025-01-23,3,SHIPPED
9046,SO-0009046,31,2023-11-23,9,SHIPPED
9047,SO-0009047,73,2023-09-17,3,OPEN
9048,SO-0009048,6,2023-11-20,10,OPEN
9049,SO-0009049,74,2024-06-24,9,SHIPPED
9050,SO-0009050,57,2023-04-15,9,SHIPPED
9051,SO-0009051,48,2024-01-09,1,SHIPPED
9052,SO-0009052,11,2026-02-01,12,PARTIAL
9053,SO-0009053,20,2025-12-19,11,SHIPPED
9054,SO-0009054,10,2025-11-22,5,OPEN
9055,SO-0009055,55,2023-02-23,10,SHIPPED
9056,SO-0009056,1,2025-12-22,5,OPEN
9057,SO-0009057,11,2023-06-13,4,PARTIAL
9058,SO-0009058,39,2024-11-25,3,SHIPPED
9059,SO-0009059,72,2024-02-26,8,SHIPPED
9060,SO-0009060,30,2023-06-01,2,SHIPPED
9061,SO-0009061,37,2026-08-23,11,OPEN
9062,SO-0009062,41,2024-12-11,4,PARTIAL
9063,SO-0009063,29,2025-06-28,6,SHIPPED
9064,SO-0009064,16,2023-08-16,3,SHIPPED
9065,SO-0009065,28,2025-01-23,1,PARTIAL
9066,SO-0009066,55,2023-05-19,2,SHIPPED
9067,SO-0009067,43,2025-01-03,11,PARTIAL
9068,SO-0009068,55,2024-09-02,12,OPEN
9069,SO-0009069,14,2025-03-12,12,OPEN
9070,SO-0009070,28,2024-05-12,10,SHIPPED
9071,SO-0009071,43,2026-02-03,4,OPEN
9072,SO-0009072,31,2025-01-05,10,OPEN
9073,SO-0009073,65,2023-04-23,1,SHIPPED
9074,SO-0009074,75,2026-04-14,6,SHIPPED
9075,SO-0009075,56,2025-01-13,10,SHIPPED
9076,SO-0009076,35,2026-08-02,8,PARTIAL
9077,SO-0009077,73,2023-01-21,7,OPEN
9078,SO-0009078,63,2025-07-18,1,SHIPPED
9079,SO-0009079,78,2025-01-19,2,SHIPPED
9080,SO-0009080,24,2026-07-25,6,SHIPPED
9081,SO-0009081,61,2026-08-08,5,OPEN
9082,SO-0009082,9,2026-08-20,1,PARTIAL
9083,SO-0009083,30,2023-07-03,11,SHIPPED
9084,SO-0009084,19,2023-03-03,10,SHIPPED
9085,SO-0009085,23,2024-09-14,7,SHIPPED
9086,SO-0009086,60,2023-01-26,3,SHIPPED
9087,SO-0009087,59,2026-09-13,11,SHIPPED
9088,SO-0009088,64,2023-04-02,3,PARTIAL
9089,SO-0009089,18,2024-09-20,9,PARTIAL
9090,SO-0009090,76,2025-09-04,8,PARTIAL
9091,SO-0009091,31,2025-08-24,5,SHIPPED
9092,SO-0009092,57,2025-03-16,9,SHIPPED
9093,SO-0009093,16,2024-07-26,7,SHIPPED
9094,SO-0009094,68,2024-08-21,11,SHIPPED
9095,SO-0009095,36,2023-02-14,2,SHIPPED
9096,SO-0009096,32,2026-05-02,12,SHIPPED
9097,SO-0009097,43,2024-01-14,4,SHIPPED
9098,SO-0009098,55,2024-08-28,8,OPEN
9099,SO-0009099,78,2026-02-10,9,OPEN
9100,SO-0009100,8,2025-01-22,3,PARTIAL
9101,SO-0009101,58,2023-11-10,2,SHIPPED
9102,SO-0009102,27,2026-05-26,1,SHIPPED
9103,SO-0009103,77,2025-08-02,4,OPEN
9104,SO-0009104,22,2025-05-31,12,PARTIAL
9105,SO-0009105,74,2026-05-12,12,PARTIAL
9106,SO-0009106,56,2024-04-30,12,PARTIAL
9107,SO-0009107,77,2024-06-01,2,SHIPPED
9108,SO-0009108,11,2025-04-17,6,PARTIAL
9109,SO-0009109,4,2025-07-28,2,PARTIAL
9110,SO-0009110,4,2023-01-27,10,SHIPPED
9111,SO-0009111,43,2025-04-29,7,SHIPPED
9112,SO-0009112,56,2024-06-20,6,SHIPPED
9113,SO-0009113,66,2025-02-25,1,SHIPPED
9114,SO-0009114,53,2025-05-20,3,PARTIAL
9115,SO-0009115,35,2024-05-07,10,PARTIAL
9116,SO-0009116,35,2023-12-19,2,SHIPPED
9117,SO-0009117,49,2023-12-15,5,SHIPPED
9118,SO-0009118,62,2024-04-03,1,SHIPPED
9119,SO-0009119,34,2024-09-22,10,SHIPPED
9120,SO-0009120,78,2025-04-30,8,SHIPPED
9121,SO-0009121,18,2025-03-14,12,OPEN
9122,SO-0009122,59,2025-10-28,10,SHIPPED
9123,SO-0009123,20,2024-12-23,11,PARTIAL
9124,SO-0009124,59,2023-07-24,9,SHIPPED
9125,SO-0009125,79,2025-02-09,4,OPEN
9126,SO-0009126,7,2023-12-08,5,SHIPPED
9127,SO-0009127,80,2026-07-01,8,SHIPPED
9128,SO-0009128,57,2023-08-04,8,OPEN
9129,SO-0009129,25,2026-02-18,5,SHIPPED
9130,SO-0009130,30,2023-03-29,9,SHIPPED
9131,SO-0009131,30,2023-10-28,9,PARTIAL
9132,SO-0009132,77,2025-11-12,3,OPEN
9133,SO-0009133,34,2024-02-07,4,OPEN
9134,SO-0009134,65,2026-04-26,6,PARTIAL
9135,SO-0009135,66,2025-07-01,4,OPEN
9136,SO-0009136,51,2024-04-10,11,PARTIAL
9137,SO-0009137,57,2026-02-24,10,SHIPPED
9138,SO-0009138,49,2025-11-01,4,SHIPPED
9139,SO-0009139,50,2024-03-18,12,SHIPPED
9140,SO-0009140,66,2026-05-03,11,PARTIAL
9141,SO-0009141,50,2024-08-24,2,SHIPPED
9142,SO-0009142,22,2023-04-03,2,PARTIAL
9143,SO-0009143,42,2025-03-01,10,SHIPPED
9144,SO-0009144,15,2026-01-09,1,PARTIAL
9145,SO-0009145,27,2024-11-07,10,OPEN
9146,SO-0009146,75,2023-09-30,10,OPEN
9147,SO-0009147,79,2026-01-29,4,SHIPPED
9148,SO-0009148,70,2024-08-23,5,SHIPPED
9149,SO-0009149,27,2023-08-23,9,OPEN
9150,SO-0009150,64,2023-04-10,3,SHIPPED
9151,SO-0009151,59,2023-08-28,9,SHIPPED
9152,SO-0009152,45,2024-10-10,11,SHIPPED
9153,SO-0009153,15,2025-07-05,6,SHIPPED
9154,SO-0009154,6,2026-01-30,8,SHIPPED
9155,SO-0009155,51,2023-06-07,10,PARTIAL
9156,SO-0009156,27,2025-09-04,11,SHIPPED
9157,SO-0009157,4,2025-08-26,9,SHIPPED
9158,SO-0009158,28,2024-11-22,5,SHIPPED
9159,SO-0009159,63,2023-07-09,9,SHIPPED
9160,SO-0009160,1,2026-08-18,6,SHIPPED
9161,SO-0009161,23,2025-07-04,5,SHIPPED
9162,SO-0009162,16,2023-12-04,5,OPEN
9163,SO-0009163,40,2023-08-18,8,SHIPPED
9164,SO-0009164,13,2024-07-14,3,PARTIAL
9165,SO-0009165,35,2023-07-14,2,OPEN
9166,SO-0009166,5,2026-03-14,4,SHIPPED
9167,SO-0009167,63,2025-09-03,4,SHIPPED
9168,SO-0009168,29,2024-02-23,2,PARTIAL
9169,SO-0009169,49,2025-08-24,2,OPEN
9170,SO-0009170,18,2025-10-05,10,SHIPPED
9171,SO-0009171,76,2024-07-05,12,PARTIAL
9172,SO-0009172,80,2024-07-07,7,SHIPPED
9173,SO-0009173,71,2025-07-16,7,PARTIAL
9174,SO-0009174,36,2023-10-18,1,SHIPPED
9175,SO-0009175,32,2023-10-16,10,SHIPPED
9176,SO-0009176,62,2023-10-27,4,SHIPPED
9177,SO-0009177,14,2023-03-17,7,OPEN
9178,SO-0009178,26,2024-06-25,12,PARTIAL
9179,SO-0009179,26,2026-07-19,12,OPEN
9180,SO-0009180,73,2025-10-16,3,SHIPPED
9181,SO-0009181,27,2023-06-28,5,SHIPPED
9182,SO-0009182,22,2024-09-02,10,SHIPPED
9183,SO-0009183,58,2025-09-23,10,PARTIAL
9184,SO-0009184,9,2025-11-17,12,PARTIAL
9185,SO-0009185,11,2023-12-05,1,PARTIAL
9186,SO-0009186,52,2026-02-02,11,SHIPPED
9187,SO-0009187,70,2026-05-22,1,SHIPPED
9188,SO-0009188,31,2024-08-22,8,SHIPPED
9189,SO-0009189,51,2025-09-03,3,PARTIAL
9190,SO-0009190,79,2023-02-17,3,PARTIAL
9191,SO-0009191,65,2025-11-21,4,OPEN
9192,SO-0009192,28,2025-03-28,1,PARTIAL
9193,SO-0009193,58,2023-08-10,11,OPEN
9194,SO-0009194,7,2023-08-08,1,SHIPPED
9195,SO-0009195,12,2026-05-20,6,SHIPPED
9196,SO-0009196,18,2024-11-23,8,SHIPPED
9197,SO-0009197,62,2026-01-02,1,SHIPPED
9198,SO-0009198,40,2025-10-09,3,SHIPPED
9199,SO-0009199,49,2023-07-17,11,SHIPPED
9200,SO-0009200,70,2023-10-01,3,PARTIAL
9201,SO-0009201,37,2025-02-25,10,PARTIAL
9202,SO-0009202,69,2025-03-09,4,SHIPPED
9203,SO-0009203,34,2024-05-30,3,OPEN
9204,SO-0009204,29,2023-12-23,7,SHIPPED
9205,SO-0009205,70,2025-06-08,2,SHIPPED
9206,SO-0009206,78,2023-04-01,1,OPEN
9207,SO-0009207,71,2025-02-18,7,OPEN
9208,SO-0009208,31,2025-02-17,7,SHIPPED
9209,SO-0009209,9,2024-11-21,11,SHIPPED
9210,SO-0009210,33,2025-08-18,2,SHIPPED
9211,SO-0009211,80,2024-05-02,9,PARTIAL
9212,SO-0009212,17,2025-07-21,3,OPEN
9213,SO-0009213,35,2025-07-10,9,SHIPPED
9214,SO-0009214,67,2025-03-25,11,SHIPPED
9215,SO-0009215,39,2025-11-14,7,OPEN
9216,SO-0009216,14,2026-06-22,10,SHIPPED
9217,SO-0009217,22,2025-12-30,1,PARTIAL
9218,SO-0009218,22,2024-02-11,4,OPEN
9219,SO-0009219,59,2023-11-07,11,SHIPPED
9220,SO-0009220,50,2026-02-18,4,SHIPPED
9221,SO-0009221,10,2024-06-19,11,SHIPPED
9222,SO-0009222,43,2026-09-11,8,PARTIAL
9223,SO-0009223,72,2025-01-14,11,PARTIAL
9224,SO-0009224,69,2023-02-14,8,PARTIAL
9225,SO-0009225,14,2026-01-10,12,PARTIAL
9226,SO-0009226,14,2026-05-08,10,SHIPPED
9227,SO-0009227,69,2024-02-20,2,PARTIAL
9228,SO-0009228,11,2026-08-25,9,OPEN
9229,SO-0009229,71,2024-11-08,5,SHIPPED
9230,SO-0009230,12,2026-09-24,2,PARTIAL
9231,SO-0009231,16,2024-06-16,10,SHIPPED
9232,SO-0009232,44,2025-08-08,5,SHIPPED
9233,SO-0009233,54,2024-06-23,12,PARTIAL
9234,SO-0009234,56,2023-11-23,2,SHIPPED
9235,SO-0009235,27,2023-09-09,6,SHIPPED
9236,SO-0009236,45,2023-10-04,2,OPEN
9237,SO-0009237,7,2023-10-31,2,SHIPPED
9238,SO-0009238,51,2025-10-12,10,SHIPPED
9239,SO-0009239,64,2023-01-19,8,OPEN
9240,SO-0009240,74,2026-03-19,12,SHIPPED
9241,SO-0009241,19,2025-03-30,6,OPEN
9242,SO-0009242,28,2025-11-05,12,SHIPPED
9243,SO-0009243,16,2024-04-07,9,SHIPPED
9244,SO-0009244,2,2024-10-17,6,SHIPPED
9245,SO-0009245,75,2024-05-22,11,SHIPPED
9246,SO-0009246,45,2025-02-09,10,PARTIAL
9247,SO-0009247,31,2026-08-28,4,OPEN
9248,SO-0009248,61,2024-03-28,11,SHIPPED
9249,SO-0009249,38,2023-07-20,12,SHIPPED
9250,SO-0009250,12,2025-10-07,6,SHIPPED
9251,SO-0009251,21,2024-02-13,12,OPEN
9252,SO-0009252,5,2026-08-20,8,SHIPPED
9253,SO-0009253,34,2023-11-10,3,SHIPPED
9254,SO-0009254,75,2023-03-01,10,SHIPPED
9255,SO-0009255,57,2023-11-04,6,SHIPPED
9256,SO-0009256,5,2023-12-10,3,SHIPPED
9257,SO-0009257,54,2026-05-31,2,PARTIAL
9258,SO-0009258,9,2023-07-03,10,SHIPPED
9259,SO-0009259,27,2023-07-23,5,SHIPPED
9260,SO-0009260,32,2023-03-27,1,SHIPPED
9261,SO-0009261,54,2025-07-22,3,SHIPPED
9262,SO-0009262,77,2023-12-20,12,SHIPPED
9263,SO-0009263,21,2024-10-21,1,PARTIAL
9264,SO-0009264,32,2023-04-29,7,SHIPPED
9265,SO-0009265,47,2026-05-28,9,OPEN
9266,SO-0009266,17,2025-01-17,2,SHIPPED
9267,SO-0009267,55,2023-09-26,4,PARTIAL
9268,SO-0009268,70,2026-01-21,12,OPEN
9269,SO-0009269,80,2024-10-06,7,SHIPPED
9270,SO-0009270,25,2024-12-24,2,SHIPPED
9271,SO-0009271,55,2024-07-27,9,SHIPPED
9272,SO-0009272,15,2023-03-26,4,SHIPPED
9273,SO-0009273,1,2023-07-25,7,SHIPPED
9274,SO-0009274,23,2025-07-21,5,SHIPPED
9275,SO-0009275,25,2023-10-02,12,PARTIAL
9276,SO-0009276,8,2025-10-18,7,SHIPPED
9277,SO-0009277,10,2024-10-04,2,OPEN
9278,SO-0009278,26,2025-10-15,1,OPEN
9279,SO-0009279,46,2025-07-17,9,SHIPPED
9280,SO-0009280,23,2025-05-31,4,SHIPPED
9281,SO-0009281,30,2025-07-27,7,SHIPPED
9282,SO-0009282,12,2023-01-28,7,SHIPPED
9283,SO-0009283,34,2023-05-05,5,OPEN
9284,SO-0009284,56,2026-06-13,12,PARTIAL
9285,SO-0009285,36,2026-03-24,11,PARTIAL
9286,SO-0009286,11,2025-06-02,2,OPEN
9287,SO-0009287,74,2024-03-16,9,OPEN
9288,SO-0009288,62,2026-03-20,9,SHIPPED
9289,SO-0009289,35,2023-03-31,9,SHIPPED
9290,SO-0009290,35,2023-03-15,3,OPEN
9291,SO-0009291,80,2024-10-31,10,PARTIAL
9292,SO-0009292,43,2026-01-29,10,PARTIAL
9293,SO-0009293,41,2026-02-03,8,SHIPPED
9294,SO-0009294,60,2026-07-23,2,SHIPPED
9295,SO-0009295,67,2023-11-19,12,SHIPPED
9296,SO-0009296,55,2026-07-28,10,OPEN
9297,SO-0009297,57,2024-04-19,12,PARTIAL
9298,SO-0009298,61,2023-07-30,12,SHIPPED
9299,SO-0009299,22,2025-05-21,8,SHIPPED
9300,SO-0009300,55,2024-08-15,11,PARTIAL
9301,SO-0009301,57,2024-02-24,12,PARTIAL
9302,SO-0009302,55,2024-06-09,4,SHIPPED
9303,SO-0009303,6,2023-05-05,1,SHIPPED
9304,SO-0009304,52,2023-04-08,1,PARTIAL
9305,SO-0009305,27,2023-01-29,6,PARTIAL
9306,SO-0009306,28,2023-11-04,1,SHIPPED
9307,SO-0009307,5,2023-08-25,4,PARTIAL
9308,SO-0009308,9,2026-08-29,5,SHIPPED
9309,SO-0009309,4,2023-10-11,3,PARTIAL
9310,SO-0009310,71,2025-05-21,3,PARTIAL
9311,SO-0009311,70,2023-01-12,2,SHIPPED
9312,SO-0009312,31,2025-10-13,12,SHIPPED
9313,SO-0009313,37,2026-05-18,2,SHIPPED
9314,SO-0009314,50,2025-02-18,4,SHIPPED
9315,SO-0009315,31,2025-11-12,12,SHIPPED
9316,SO-0009316,3,2023-03-05,4,OPEN
9317,SO-0009317,70,2025-02-15,10,SHIPPED
9318,SO-0009318,10,2026-07-31,6,OPEN
9319,SO-0009319,43,2026-07-05,1,PARTIAL
9320,SO-0009320,64,2024-07-07,9,SHIPPED
9321,SO-0009321,59,2026-02-11,11,SHIPPED
9322,SO-0009322,64,2024-08-28,8,SHIPPED
9323,SO-0009323,49,2023-10-11,8,OPEN
9324,SO-0009324,18,2025-03-05,3,SHIPPED
9325,SO-0009325,59,2023-11-03,2,OPEN
9326,SO-0009326,68,2024-03-02,12,OPEN
9327,SO-0009327,52,2025-03-06,1,OPEN
9328,SO-0009328,52,2024-09-17,1,SHIPPED
9329,SO-0009329,16,2023-03-27,7,SHIPPED
9330,SO-0009330,34,2026-05-15,12,PARTIAL
9331,SO-0009331,62,2024-04-02,12,PARTIAL
9332,SO-0009332,72,2024-11-01,11,SHIPPED
9333,SO-0009333,39,2026-08-02,8,OPEN
9334,SO-0009334,76,2023-05-10,4,SHIPPED
9335,SO-0009335,23,2023-04-27,7,OPEN
9336,SO-0009336,27,2025-03-26,2,SHIPPED
9337,SO-0009337,7,2026-01-14,11,SHIPPED
9338,SO-0009338,57,2023-03-18,5,SHIPPED
9339,SO-0009339,41,2024-09-17,2,OPEN
9340,SO-0009340,54,2025-05-16,4,SHIPPED
9341,SO-0009341,4,2026-01-04,12,PARTIAL
9342,SO-0009342,36,2023-06-04,1,SHIPPED
9343,SO-0009343,20,2023-03-21,2,SHIPPED
9344,SO-0009344,74,2026-02-05,12,PARTIAL
9345,SO-0009345,65,2026-01-20,8,SHIPPED
9346,SO-0009346,59,2024-10-01,2,SHIPPED
9347,SO-0009347,19,2024-07-06,11,PARTIAL
9348,SO-0009348,76,2026-06-29,5,SHIPPED
9349,SO-0009349,16,2026-03-16,12,SHIPPED
9350,SO-0009350,17,2026-06-01,9,SHIPPED
9351,SO-0009351,5,2023-07-07,4,SHIPPED
9352,SO-0009352,80,2024-12-28,5,SHIPPED
9353,SO-0009353,27,2024-01-12,1,SHIPPED
9354,SO-0009354,10,2025-07-24,9,SHIPPED
9355,SO-0009355,27,2023-01-03,1,PARTIAL
9356,SO-0009356,62,2023-04-12,11,OPEN
9357,SO-0009357,64,2026-08-17,7,SHIPPED
9358,SO-0009358,70,2026-06-23,3,PARTIAL
9359,SO-0009359,26,2024-02-15,5,OPEN
9360,SO-0009360,43,2025-05-29,9,SHIPPED
9361,SO-0009361,28,2024-09-08,4,PARTIAL
9362,SO-0009362,25,2026-08-04,1,PARTIAL
9363,SO-0009363,49,2024-07-31,1,PARTIAL
9364,SO-0009364,52,2023-11-10,11,SHIPPED
9365,SO-0009365,57,2026-03-23,8,OPEN
9366,SO-0009366,62,2025-09-10,3,SHIPPED
9367,SO-0009367,78,2026-02-05,4,SHIPPED
9368,SO-0009368,24,2025-11-26,11,SHIPPED
9369,SO-0009369,77,2024-04-16,4,SHIPPED
9370,SO-0009370,16,2024-09-27,1,OPEN
9371,SO-0009371,64,2024-02-26,4,SHIPPED
9372,SO-0009372,37,2024-12-03,1,SHIPPED
9373,SO-0009373,2,2023-11-17,1,OPEN
9374,SO-0009374,75,2023-01-01,12,SHIPPED
9375,SO-0009375,50,2024-10-06,10,SHIPPED
9376,SO-0009376,43,2023-08-30,7,SHIPPED
9377,SO-0009377,62,2024-12-18,11,PARTIAL
9378,SO-0009378,77,2024-11-06,1,PARTIAL
9379,SO-0009379,74,2025-09-15,5,SHIPPED
9380,SO-0009380,34,2023-11-26,12,SHIPPED
9381,SO-0009381,10,2026-05-17,7,SHIPPED
9382,SO-0009382,9,2023-12-12,4,SHIPPED
9383,SO-0009383,34,2026-01-19,2,SHIPPED
9384,SO-0009384,63,2025-10-25,5,SHIPPED
9385,SO-0009385,29,2025-01-20,12,PARTIAL
9386,SO-0009386,26,2026-04-24,2,SHIPPED
9387,SO-0009387,23,2023-03-16,5,SHIPPED
9388,SO-0009388,40,2024-08-17,8,OPEN
9389,SO-0009389,34,2025-03-20,9,SHIPPED
9390,SO-0009390,16,2026-02-23,6,SHIPPED
9391,SO-0009391,10,2023-08-26,5,SHIPPED
9392,SO-0009392,16,2025-09-22,3,PARTIAL
9393,SO-0009393,21,2025-08-05,9,PARTIAL
9394,SO-0009394,28,2023-04-10,10,OPEN
9395,SO-0009395,13,2025-02-08,3,SHIPPED
9396,SO-0009396,54,2026-09-05,8,PARTIAL
9397,SO-0009397,43,2024-04-01,10,OPEN
9398,SO-0009398,75,2024-12-21,10,SHIPPED
9399,SO-0009399,62,2024-10-13,6,SHIPPED
9400,SO-0009400,40,2024-08-30,5,OPEN
9401,SO-0009401,22,2024-10-24,9,OPEN
9402,SO-0009402,55,2026-08-16,8,SHIPPED
9403,SO-0009403,28,2025-01-15,3,SHIPPED
9404,SO-0009404,40,2023-12-29,8,PARTIAL
9405,SO-0009405,18,2025-08-29,10,OPEN
9406,SO-0009406,22,2025-08-12,11,PARTIAL
9407,SO-0009407,10,2026-07-18,8,PARTIAL
9408,SO-0009408,52,2024-01-17,1,OPEN
9409,SO-0009409,80,2025-06-22,5,SHIPPED
9410,SO-0009410,51,2024-05-26,7,SHIPPED
9411,SO-0009411,34,2023-02-03,7,SHIPPED
9412,SO-0009412,49,2024-05-29,9,SHIPPED
9413,SO-0009413,4,2026-09-21,12,SHIPPED
9414,SO-0009414,46,2025-06-08,2,SHIPPED
9415,SO-0009415,78,2026-07-31,10,OPEN
9416,SO-0009416,32,2026-05-15,2,SHIPPED
9417,SO-0009417,58,2025-01-04,12,SHIPPED
9418,SO-0009418,68,2025-06-07,7,PARTIAL
9419,SO-0009419,57,2023-02-15,5,SHIPPED
9420,SO-0009420,9,2025-02-09,9,SHIPPED
9421,SO-0009421,27,2025-08-07,10,PARTIAL
9422,SO-0009422,29,2025-09-17,6,OPEN
9423,SO-0009423,74,2023-08-22,11,SHIPPED
9424,SO-0009424,16,2024-06-09,3,SHIPPED
9425,SO-0009425,28,2024-11-15,8,SHIPPED
9426,SO-0009426,79,2024-03-02,4,PARTIAL
9427,SO-0009427,24,2025-02-08,9,OPEN
9428,SO-0009428,26,2025-04-15,10,SHIPPED
9429,SO-0009429,59,2024-12-27,1,OPEN
9430,SO-0009430,64,2025-02-01,3,OPEN
9431,SO-0009431,67,2024-08-26,10,OPEN
9432,SO-0009432,32,2025-08-04,8,SHIPPED
9433,SO-0009433,71,2024-02-03,7,SHIPPED
9434,SO-0009434,23,2025-09-17,10,SHIPPED
9435,SO-0009435,55,2024-10-21,10,OPEN
9436,SO-0009436,31,2023-06-28,10,OPEN
9437,SO-0009437,70,2026-08-29,8,PARTIAL
9438,SO-0009438,29,2025-10-29,10,SHIPPED
9439,SO-0009439,53,2023-05-18,3,SHIPPED
9440,SO-0009440,42,2025-04-07,12,SHIPPED
9441,SO-0009441,9,2025-03-19,5,SHIPPED
9442,SO-0009442,15,2023-04-03,9,OPEN
9443,SO-0009443,75,2025-11-21,10,SHIPPED
9444,SO-0009444,2,2026-06-16,11,SHIPPED
9445,SO-0009445,50,2024-09-08,4,SHIPPED
9446,SO-0009446,30,2025-09-01,6,SHIPPED
9447,SO-0009447,68,2023-04-30,5,OPEN
9448,SO-0009448,70,2023-01-09,8,SHIPPED
9449,SO-0009449,64,2025-01-03,9,SHIPPED
9450,SO-0009450,55,2025-07-08,11,SHIPPED
9451,SO-0009451,55,2023-06-10,6,PARTIAL
9452,SO-0009452,67,2025-10-31,1,SHIPPED
9453,SO-0009453,37,2025-08-28,12,PARTIAL
9454,SO-0009454,70,2024-07-14,8,OPEN
9455,SO-0009455,6,2026-06-23,4,PARTIAL
9456,SO-0009456,38,2025-09-20,12,SHIPPED
9457,SO-0009457,19,2025-12-04,5,SHIPPED
9458,SO-0009458,70,2025-10-23,1,SHIPPED
9459,SO-0009459,32,2026-08-10,9,SHIPPED
9460,SO-0009460,49,2026-04-03,2,PARTIAL
9461,SO-0009461,26,2024-06-14,9,OPEN
9462,SO-0009462,59,2024-12-27,2,SHIPPED
9463,SO-0009463,79,2025-10-06,1,OPEN
9464,SO-0009464,4,2023-01-05,12,OPEN
9465,SO-0009465,39,2024-09-21,1,SHIPPED
9466,SO-0009466,18,2024-05-12,8,SHIPPED
9467,SO-0009467,75,2023-04-11,8,PARTIAL
9468,SO-0009468,43,2026-04-14,8,PARTIAL
9469,SO-0009469,79,2026-05-09,12,SHIPPED
9470,SO-0009470,60,2024-12-23,6,SHIPPED
9471,SO-0009471,50,2026-02-08,8,SHIPPED
9472,SO-0009472,58,2026-03-26,3,OPEN
9473,SO-0009473,24,2024-06-11,2,SHIPPED
9474,SO-0009474,9,2025-02-05,7,PARTIAL
9475,SO-0009475,17,2024-08-07,11,SHIPPED
9476,SO-0009476,9,2025-09-07,3,PARTIAL
9477,SO-0009477,70,2024-07-15,2,SHIPPED
9478,SO-0009478,19,2023-03-24,12,PARTIAL
9479,SO-0009479,63,2023-05-25,5,SHIPPED
9480,SO-0009480,48,2024-10-20,3,SHIPPED
9481,SO-0009481,39,2026-04-01,8,PARTIAL
9482,SO-0009482,41,2026-08-28,7,SHIPPED
9483,SO-0009483,16,2024-06-26,6,OPEN
9484,SO-0009484,50,2024-05-06,6,OPEN
9485,SO-0009485,69,2023-03-24,5,SHIPPED
9486,SO-0009486,25,2025-02-25,10,SHIPPED
9487,SO-0009487,1,2023-08-04,9,PARTIAL
9488,SO-0009488,58,2024-07-03,3,SHIPPED
9489,SO-0009489,74,2026-09-11,3,OPEN
9490,SO-0009490,46,2026-06-11,12,SHIPPED
9491,SO-0009491,78,2024-06-06,12,OPEN
9492,SO-0009492,54,2023-01-22,12,SHIPPED
9493,SO-0009493,34,2025-05-14,5,PARTIAL
9494,SO-0009494,65,2024-05-05,2,SHIPPED
9495,SO-0009495,1,2026-06-11,3,OPEN
9496,SO-0009496,34,2025-08-25,11,SHIPPED
9497,SO-0009497,52,2025-09-24,5,SHIPPED
9498,SO-0009498,68,2025-05-19,11,OPEN
9499,SO-0009499,47,2023-08-28,5,PARTIAL
9500,SO-0009500,50,2023-05-31,11,SHIPPED
9501,SO-0009501,51,2023-09-22,11,SHIPPED
9502,SO-0009502,24,2024-01-05,1,SHIPPED
9503,SO-0009503,50,2025-07-23,7,OPEN
9504,SO-0009504,4,2024-09-25,11,SHIPPED
9505,SO-0009505,6,2025-03-14,7,SHIPPED
9506,SO-0009506,16,2026-09-10,12,SHIPPED
9507,SO-0009507,4,2024-11-04,10,SHIPPED
9508,SO-0009508,22,2024-08-14,12,OPEN
9509,SO-0009509,60,2026-03-18,8,PARTIAL
9510,SO-0009510,67,2023-10-08,9,OPEN
9511,SO-0009511,31,2023-04-21,3,OPEN
9512,SO-0009512,74,2025-01-27,9,SHIPPED
9513,SO-0009513,70,2023-08-11,1,SHIPPED
9514,SO-0009514,19,2026-05-12,4,SHIPPED
9515,SO-0009515,76,2025-08-18,10,OPEN
9516,SO-0009516,64,2024-06-24,8,OPEN
9517,SO-0009517,25,2025-06-30,4,PARTIAL
9518,SO-0009518,56,2025-12-19,6,SHIPPED
9519,SO-0009519,74,2025-12-11,11,SHIPPED
9520,SO-0009520,23,2023-10-23,1,SHIPPED
9521,SO-0009521,33,2024-08-19,12,SHIPPED
9522,SO-0009522,5,2023-09-24,1,SHIPPED
9523,SO-0009523,65,2023-03-29,2,SHIPPED
9524,SO-0009524,24,2023-12-27,8,SHIPPED
9525,SO-0009525,12,2025-05-18,11,PARTIAL
9526,SO-0009526,46,2024-06-06,12,OPEN
9527,SO-0009527,40,2024-04-10,9,SHIPPED
9528,SO-0009528,61,2023-06-24,1,SHIPPED
9529,SO-0009529,54,2026-08-12,11,SHIPPED
9530,SO-0009530,38,2023-05-29,7,SHIPPED
9531,SO-0009531,5,2025-12-10,10,OPEN
9532,SO-0009532,24,2023-10-21,4,SHIPPED
9533,SO-0009533,62,2024-10-01,8,PARTIAL
9534,SO-0009534,54,2024-11-08,9,OPEN
9535,SO-0009535,50,2023-01-16,8,PARTIAL
9536,SO-0009536,2,2026-03-11,4,OPEN
9537,SO-0009537,21,2024-09-22,5,PARTIAL
9538,SO-0009538,28,2026-06-17,11,PARTIAL
9539,SO-0009539,40,2023-10-07,6,SHIPPED
9540,SO-0009540,22,2026-02-26,9,OPEN
9541,SO-0009541,17,2025-02-10,9,SHIPPED
9542,SO-0009542,63,2023-11-08,11,PARTIAL
9543,SO-0009543,73,2025-12-19,11,SHIPPED
9544,SO-0009544,54,2025-09-09,4,PARTIAL
9545,SO-0009545,26,2025-02-26,5,SHIPPED
9546,SO-0009546,27,2026-03-02,12,SHIPPED
9547,SO-0009547,55,2023-12-03,9,SHIPPED
9548,SO-0009548,53,2024-07-25,2,SHIPPED
9549,SO-0009549,55,2025-01-24,3,OPEN
9550,SO-0009550,37,2023-01-27,6,SHIPPED
9551,SO-0009551,5,2024-08-01,6,OPEN
9552,SO-0009552,52,2025-12-13,2,OPEN
9553,SO-0009553,65,2023-06-02,12,SHIPPED
9554,SO-0009554,38,2023-01-20,11,PARTIAL
9555,SO-0009555,62,2025-01-19,8,SHIPPED
9556,SO-0009556,30,2025-02-06,3,PARTIAL
9557,SO-0009557,76,2025-05-23,2,PARTIAL
9558,SO-0009558,60,2024-02-19,1,OPEN
9559,SO-0009559,53,2025-02-20,1,SHIPPED
9560,SO-0009560,45,2023-11-11,7,SHIPPED
9561,SO-0009561,28,2025-07-31,12,PARTIAL
9562,SO-0009562,51,2024-12-07,9,OPEN
9563,SO-0009563,67,2026-08-15,10,SHIPPED
9564,SO-0009564,24,2024-11-18,12,SHIPPED
9565,SO-0009565,11,2023-03-29,12,SHIPPED
9566,SO-0009566,17,2025-07-03,11,SHIPPED
9567,SO-0009567,60,2025-10-08,11,SHIPPED
9568,SO-0009568,26,2026-04-02,9,OPEN
9569,SO-0009569,40,2024-05-14,1,PARTIAL
9570,SO-0009570,15,2023-06-29,5,PARTIAL
9571,SO-0009571,6,2023-11-12,8,SHIPPED
9572,SO-0009572,42,2024-06-16,2,SHIPPED
9573,SO-0009573,41,2023-03-27,5,SHIPPED
9574,SO-0009574,65,2023-01-07,3,SHIPPED
9575,SO-0009575,37,2026-06-08,7,SHIPPED
9576,SO-0009576,32,2026-07-04,4,SHIPPED
9577,SO-0009577,30,2024-11-23,9,SHIPPED
9578,SO-0009578,78,2023-02-13,12,SHIPPED
9579,SO-0009579,33,2023-08-13,11,PARTIAL
9580,SO-0009580,16,2024-04-04,7,SHIPPED
9581,SO-0009581,25,2023-08-28,5,SHIPPED
9582,SO-0009582,14,2025-08-17,7,SHIPPED
9583,SO-0009583,68,2025-02-21,3,PARTIAL
9584,SO-0009584,54,2026-02-22,5,SHIPPED
9585,SO-0009585,66,2023-10-01,1,OPEN
9586,SO-0009586,73,2025-10-04,4,SHIPPED
9587,SO-0009587,38,2026-07-18,7,PARTIAL
9588,SO-0009588,54,2023-01-23,5,OPEN
9589,SO-0009589,76,2025-07-31,5,SHIPPED
9590,SO-0009590,52,2026-03-05,5,SHIPPED
9591,SO-0009591,46,2026-05-20,10,OPEN
9592,SO-0009592,12,2026-05-10,11,SHIPPED
9593,SO-0009593,63,2026-07-20,4,SHIPPED
9594,SO-0009594,78,2025-02-13,9,SHIPPED
9595,SO-0009595,5,2024-08-20,5,SHIPPED
9596,SO-0009596,21,2023-05-21,12,SHIPPED
9597,SO-0009597,22,2023-03-31,12,OPEN
9598,SO-0009598,46,2025-09-02,6,SHIPPED
9599,SO-0009599,57,2025-08-20,6,PARTIAL
9600,SO-0009600,77,2024-04-20,3,SHIPPED
9601,SO-0009601,39,2023-06-09,3,OPEN
9602,SO-0009602,57,2024-09-29,2,SHIPPED
9603,SO-0009603,69,2023-08-12,9,OPEN
9604,SO-0009604,63,2024-02-12,4,OPEN
9605,SO-0009605,79,2026-01-25,6,SHIPPED
9606,SO-0009606,69,2024-09-05,6,OPEN
9607,SO-0009607,80,2024-02-29,7,PARTIAL
9608,SO-0009608,5,2024-06-06,10,SHIPPED
9609,SO-0009609,76,2023-10-08,11,SHIPPED
9610,SO-0009610,40,2023-11-22,7,SHIPPED
9611,SO-0009611,3,2026-08-23,11,OPEN
9612,SO-0009612,77,2026-07-10,10,SHIPPED
9613,SO-0009613,30,2024-03-01,4,SHIPPED
9614,SO-0009614,30,2024-01-13,3,SHIPPED
9615,SO-0009615,52,2023-05-16,12,SHIPPED
9616,SO-0009616,51,2024-03-30,5,SHIPPED
9617,SO-0009617,50,2026-04-29,12,SHIPPED
9618,SO-0009618,7,2026-05-15,9,SHIPPED
9619,SO-0009619,64,2025-01-22,6,SHIPPED
9620,SO-0009620,20,2024-04-23,8,PARTIAL
9621,SO-0009621,47,2026-07-17,5,SHIPPED
9622,SO-0009622,56,2024-11-29,7,OPEN
9623,SO-0009623,26,2023-10-31,5,OPEN
9624,SO-0009624,23,2025-08-24,12,PARTIAL
9625,SO-0009625,5,2023-12-30,8,SHIPPED
9626,SO-0009626,62,2024-03-21,6,OPEN
9627,SO-0009627,32,2024-09-30,5,SHIPPED
9628,SO-0009628,12,2024-02-11,2,OPEN
9629,SO-0009629,19,2026-09-21,10,PARTIAL
9630,SO-0009630,13,2023-11-07,4,SHIPPED
9631,SO-0009631,67,2024-02-08,9,SHIPPED
9632,SO-0009632,58,2025-05-13,11,SHIPPED
9633,SO-0009633,23,2024-01-04,11,SHIPPED
9634,SO-0009634,58,2026-02-13,12,SHIPPED
9635,SO-0009635,21,2025-04-06,10,PARTIAL
9636,SO-0009636,41,2023-04-20,7,SHIPPED
9637,SO-0009637,77,2023-10-26,5,SHIPPED
9638,SO-0009638,48,2025-02-28,8,SHIPPED
9639,SO-0009639,15,2023-03-18,9,OPEN
9640,SO-0009640,18,2023-10-22,5,SHIPPED
9641,SO-0009641,62,2024-03-10,4,SHIPPED
9642,SO-0009642,3,2024-08-12,9,PARTIAL
9643,SO-0009643,60,2024-09-13,7,SHIPPED
9644,SO-0009644,42,2023-01-09,9,SHIPPED
9645,SO-0009645,16,2023-03-27,2,OPEN
9646,SO-0009646,39,2026-07-20,4,OPEN
9647,SO-0009647,21,2026-04-03,11,PARTIAL
9648,SO-0009648,63,2024-08-25,6,SHIPPED
9649,SO-0009649,25,2023-02-06,11,SHIPPED
9650,SO-0009650,63,2023-02-14,3,SHIPPED
9651,SO-0009651,70,2023-03-21,5,PARTIAL
9652,SO-0009652,69,2025-12-03,11,SHIPPED
9653,SO-0009653,69,2023-05-10,7,OPEN
9654,SO-0009654,24,2024-10-17,11,SHIPPED
9655,SO-0009655,61,2024-01-15,6,SHIPPED
9656,SO-0009656,80,2026-03-18,11,PARTIAL
9657,SO-0009657,50,2026-08-01,11,SHIPPED
9658,SO-0009658,56,2023-05-10,8,OPEN
9659,SO-0009659,58,2025-01-01,1,PARTIAL
9660,SO-0009660,43,2025-06-13,3,SHIPPED
9661,SO-0009661,43,2023-04-16,9,OPEN
9662,SO-0009662,3,2024-10-29,3,SHIPPED
9663,SO-0009663,31,2023-04-14,1,PARTIAL
9664,SO-0009664,36,2025-11-07,4,PARTIAL
9665,SO-0009665,43,2025-11-06,8,SHIPPED
9666,SO-0009666,5,2026-01-12,6,OPEN
9667,SO-0009667,49,2024-01-08,3,SHIPPED
9668,SO-0009668,72,2025-12-14,6,SHIPPED
9669,SO-0009669,39,2024-02-11,12,SHIPPED
9670,SO-0009670,56,2025-04-18,6,OPEN
9671,SO-0009671,80,2024-11-17,3,SHIPPED
9672,SO-0009672,73,2024-04-28,8,OPEN
9673,SO-0009673,38,2024-12-03,12,SHIPPED
9674,SO-0009674,24,2026-07-17,1,SHIPPED
9675,SO-0009675,16,2023-02-27,7,SHIPPED
9676,SO-0009676,24,2023-03-23,2,SHIPPED
9677,SO-0009677,16,2025-11-07,8,OPEN
9678,SO-0009678,31,2025-10-27,4,SHIPPED
9679,SO-0009679,73,2023-02-27,11,SHIPPED
9680,SO-0009680,76,2025-12-19,12,SHIPPED
9681,SO-0009681,5,2024-01-24,2,OPEN
9682,SO-0009682,75,2026-05-15,5,SHIPPED
9683,SO-0009683,75,2024-10-03,7,PARTIAL
9684,SO-0009684,78,2024-03-07,3,SHIPPED
9685,SO-0009685,54,2025-12-30,3,OPEN
9686,SO-0009686,23,2024-02-08,3,PARTIAL
9687,SO-0009687,42,2024-11-19,10,SHIPPED
9688,SO-0009688,31,2023-08-29,5,PARTIAL
9689,SO-0009689,63,2026-04-08,4,OPEN
9690,SO-0009690,31,2026-08-12,9,OPEN
9691,SO-0009691,45,2024-09-18,4,SHIPPED
9692,SO-0009692,18,2026-09-09,12,OPEN
9693,SO-0009693,38,2026-09-26,10,PARTIAL
9694,SO-0009694,76,2026-02-11,11,PARTIAL
9695,SO-0009695,42,2026-05-08,12,SHIPPED
9696,SO-0009696,27,2023-09-30,2,PARTIAL
9697,SO-0009697,21,2025-07-26,1,SHIPPED
9698,SO-0009698,22,2024-09-26,10,SHIPPED
9699,SO-0009699,18,2024-01-06,1,SHIPPED
9700,SO-0009700,4,2026-07-01,1,PARTIAL
9701,SO-0009701,19,2023-08-13,6,PARTIAL
9702,SO-0009702,76,2026-01-11,7,OPEN
9703,SO-0009703,62,2026-02-15,4,OPEN
9704,SO-0009704,77,2026-07-22,6,OPEN
9705,SO-0009705,17,2023-12-06,10,SHIPPED
9706,SO-0009706,1,2023-01-17,12,OPEN
9707,SO-0009707,76,2026-05-13,11,SHIPPED
9708,SO-0009708,37,2024-10-19,9,SHIPPED
9709,SO-0009709,12,2023-01-28,2,SHIPPED
9710,SO-0009710,56,2026-07-13,3,PARTIAL
9711,SO-0009711,62,2025-03-24,8,OPEN
9712,SO-0009712,37,2026-06-22,4,SHIPPED
9713,SO-0009713,38,2023-09-26,11,OPEN
9714,SO-0009714,60,2024-04-05,5,OPEN
9715,SO-0009715,20,2024-04-15,3,SHIPPED
9716,SO-0009716,47,2026-02-06,10,OPEN
9717,SO-0009717,73,2025-02-02,10,SHIPPED
9718,SO-0009718,72,2023-05-26,10,PARTIAL
9719,SO-0009719,35,2025-10-22,11,SHIPPED
9720,SO-0009720,78,2026-07-20,1,SHIPPED
9721,SO-0009721,56,2025-06-22,8,PARTIAL
9722,SO-0009722,55,2023-12-27,11,SHIPPED
9723,SO-0009723,61,2025-08-03,8,SHIPPED
9724,SO-0009724,8,2025-01-21,4,OPEN
9725,SO-0009725,59,2023-08-12,4,OPEN
9726,SO-0009726,13,2024-08-21,2,SHIPPED
9727,SO-0009727,48,2023-11-17,5,OPEN
9728,SO-0009728,53,2025-06-15,6,OPEN
9729,SO-0009729,2,2023-08-30,8,SHIPPED
9730,SO-0009730,53,2026-08-29,7,SHIPPED
9731,SO-0009731,29,2023-05-06,12,SHIPPED
9732,SO-0009732,21,2024-12-14,11,SHIPPED
9733,SO-0009733,1,2024-08-16,9,SHIPPED
9734,SO-0009734,63,2023-12-09,9,SHIPPED
9735,SO-0009735,54,2025-11-23,12,PARTIAL
9736,SO-0009736,43,2024-02-11,2,SHIPPED
9737,SO-0009737,44,2023-09-29,1,OPEN
9738,SO-0009738,36,2024-06-06,5,SHIPPED
9739,SO-0009739,24,2024-10-13,11,SHIPPED
9740,SO-0009740,48,2023-04-14,4,SHIPPED
9741,SO-0009741,74,2025-05-12,7,OPEN
9742,SO-0009742,55,2026-04-19,1,SHIPPED
9743,SO-0009743,6,2025-03-18,3,OPEN
9744,SO-0009744,63,2023-09-06,4,SHIPPED
9745,SO-0009745,17,2023-07-13,1,PARTIAL
9746,SO-0009746,58,2025-10-31,3,SHIPPED
9747,SO-0009747,34,2025-03-29,6,SHIPPED
9748,SO-0009748,64,2026-04-07,1,SHIPPED
9749,SO-0009749,34,2023-05-29,1,SHIPPED
9750,SO-0009750,22,2023-05-03,10,SHIPPED
9751,SO-0009751,20,2024-06-30,9,PARTIAL
9752,SO-0009752,60,2026-09-28,11,SHIPPED
9753,SO-0009753,3,2026-08-24,9,SHIPPED
9754,SO-0009754,61,2026-02-18,12,PARTIAL
9755,SO-0009755,61,2023-08-28,4,SHIPPED
9756,SO-0009756,26,2024-07-22,6,OPEN
9757,SO-0009757,9,2023-11-12,2,PARTIAL
9758,SO-0009758,41,2024-06-20,6,SHIPPED
9759,SO-0009759,47,2026-09-18,7,SHIPPED
9760,SO-0009760,52,2025-04-09,12,OPEN
9761,SO-0009761,53,2026-01-20,3,OPEN
9762,SO-0009762,16,2025-04-15,3,PARTIAL
9763,SO-0009763,57,2026-08-15,11,SHIPPED
9764,SO-0009764,49,2025-07-11,3,PARTIAL
9765,SO-0009765,24,2024-05-20,12,SHIPPED
9766,SO-0009766,73,2023-04-21,3,SHIPPED
9767,SO-0009767,51,2025-11-09,7,SHIPPED
9768,SO-0009768,51,2023-06-14,9,SHIPPED
9769,SO-0009769,37,2023-07-04,2,SHIPPED
9770,SO-0009770,65,2025-04-23,10,SHIPPED
9771,SO-0009771,19,2026-04-06,7,SHIPPED
9772,SO-0009772,22,2025-02-27,8,OPEN
9773,SO-0009773,5,2023-12-29,4,SHIPPED
9774,SO-0009774,51,2026-08-03,4,PARTIAL
9775,SO-0009775,40,2024-03-12,1,SHIPPED
9776,SO-0009776,40,2026-05-28,6,SHIPPED
9777,SO-0009777,67,2023-08-31,10,SHIPPED
9778,SO-0009778,2,2024-08-26,1,SHIPPED
9779,SO-0009779,19,2026-07-19,8,PARTIAL
9780,SO-0009780,71,2023-06-06,12,OPEN
9781,SO-0009781,39,2024-09-06,12,PARTIAL
9782,SO-0009782,12,2026-02-09,7,SHIPPED
9783,SO-0009783,11,2023-04-25,6,PARTIAL
9784,SO-0009784,16,2024-10-09,9,SHIPPED
9785,SO-0009785,54,2024-02-05,8,SHIPPED
9786,SO-0009786,15,2024-06-10,11,OPEN
9787,SO-0009787,2,2023-12-10,8,OPEN
9788,SO-0009788,70,2025-10-11,7,SHIPPED
9789,SO-0009789,45,2025-12-29,12,SHIPPED
9790,SO-0009790,7,2026-02-10,12,SHIPPED
9791,SO-0009791,40,2023-12-21,1,OPEN
9792,SO-0009792,15,2023-08-09,7,PARTIAL
9793,SO-0009793,79,2024-10-01,5,SHIPPED
9794,SO-0009794,46,2025-11-18,7,SHIPPED
9795,SO-0009795,8,2026-02-21,11,PARTIAL
9796,SO-0009796,26,2023-07-14,8,OPEN
9797,SO-0009797,66,2023-11-06,10,OPEN
9798,SO-0009798,7,2023-03-14,4,SHIPPED
9799,SO-0009799,71,2025-12-19,2,SHIPPED
9800,SO-0009800,25,2024-04-29,12,PARTIAL
9801,SO-0009801,40,2024-12-21,10,SHIPPED
9802,SO-0009802,80,2024-06-30,6,SHIPPED
9803,SO-0009803,26,2026-08-14,3,PARTIAL
9804,SO-0009804,60,2023-01-28,3,OPEN
9805,SO-0009805,7,2025-10-21,2,OPEN
9806,SO-0009806,2,2024-07-14,6,SHIPPED
9807,SO-0009807,70,2024-01-25,6,SHIPPED
9808,SO-0009808,5,2024-04-09,2,SHIPPED
9809,SO-0009809,19,2024-04-26,10,SHIPPED
9810,SO-0009810,2,2024-11-21,7,SHIPPED
9811,SO-0009811,80,2024-06-07,12,SHIPPED
9812,SO-0009812,31,2024-05-03,7,SHIPPED
9813,SO-0009813,56,2023-03-01,4,OPEN
9814,SO-0009814,28,2026-06-20,12,OPEN
9815,SO-0009815,36,2023-09-02,5,PARTIAL
9816,SO-0009816,19,2026-04-28,10,PARTIAL
9817,SO-0009817,63,2026-04-24,3,OPEN
9818,SO-0009818,51,2023-08-05,12,SHIPPED
9819,SO-0009819,69,2026-01-10,3,SHIPPED
9820,SO-0009820,30,2024-07-23,2,PARTIAL
9821,SO-0009821,37,2025-08-09,11,SHIPPED
9822,SO-0009822,54,2025-04-14,1,PARTIAL
9823,SO-0009823,22,2026-02-10,6,PARTIAL
9824,SO-0009824,20,2023-12-24,9,OPEN
9825,SO-0009825,29,2025-05-06,7,SHIPPED
9826,SO-0009826,66,2026-08-03,12,OPEN
9827,SO-0009827,51,2023-01-27,5,PARTIAL
9828,SO-0009828,32,2024-10-12,9,SHIPPED
9829,SO-0009829,41,2025-05-02,1,SHIPPED
9830,SO-0009830,71,2023-08-20,8,SHIPPED
9831,SO-0009831,12,2024-08-21,4,SHIPPED
9832,SO-0009832,26,2025-02-17,3,SHIPPED
9833,SO-0009833,3,2025-02-22,6,SHIPPED
9834,SO-0009834,23,2025-12-14,2,SHIPPED
9835,SO-0009835,48,2024-09-03,2,SHIPPED
9836,SO-0009836,3,2023-02-28,8,SHIPPED
9837,SO-0009837,32,2024-11-13,9,SHIPPED
9838,SO-0009838,6,2025-11-21,11,OPEN
9839,SO-0009839,52,2024-05-03,4,OPEN
9840,SO-0009840,19,2024-04-10,9,SHIPPED
9841,SO-0009841,43,2024-11-13,10,SHIPPED
9842,SO-0009842,45,2026-01-15,8,PARTIAL
9843,SO-0009843,56,2026-02-21,4,SHIPPED
9844,SO-0009844,59,2025-08-01,5,SHIPPED
9845,SO-0009845,14,2023-10-09,4,SHIPPED
9846,SO-0009846,44,2025-03-13,4,OPEN
9847,SO-0009847,1,2024-09-29,10,SHIPPED
9848,SO-0009848,12,2023-05-16,6,OPEN
9849,SO-0009849,22,2023-11-05,10,SHIPPED
9850,SO-0009850,65,2023-11-23,7,SHIPPED
9851,SO-0009851,29,2023-03-17,12,PARTIAL
9852,SO-0009852,16,2023-03-23,3,SHIPPED
9853,SO-0009853,36,2026-07-01,6,OPEN
9854,SO-0009854,59,2026-09-23,8,SHIPPED
9855,SO-0009855,72,2023-06-09,2,OPEN
9856,SO-0009856,23,2024-03-17,5,SHIPPED
9857,SO-0009857,13,2026-03-22,11,SHIPPED
9858,SO-0009858,57,2024-10-01,9,SHIPPED
9859,SO-0009859,22,2025-09-25,1,SHIPPED
9860,SO-0009860,29,2024-01-28,6,SHIPPED
9861,SO-0009861,31,2023-12-12,10,SHIPPED
9862,SO-0009862,62,2024-10-31,5,SHIPPED
9863,SO-0009863,54,2025-05-18,3,SHIPPED
9864,SO-0009864,7,2025-04-20,8,SHIPPED
9865,SO-0009865,36,2024-06-09,10,PARTIAL
9866,SO-0009866,38,2025-10-16,6,OPEN
9867,SO-0009867,34,2026-06-14,3,SHIPPED
9868,SO-0009868,53,2023-05-26,9,SHIPPED
9869,SO-0009869,58,2025-11-02,2,SHIPPED
9870,SO-0009870,7,2025-05-13,11,OPEN
9871,SO-0009871,15,2025-09-28,7,SHIPPED
9872,SO-0009872,37,2023-01-23,11,SHIPPED
9873,SO-0009873,55,2025-01-03,3,SHIPPED
9874,SO-0009874,61,2025-07-01,1,SHIPPED
9875,SO-0009875,50,2024-12-14,9,SHIPPED
9876,SO-0009876,5,2026-07-12,1,SHIPPED
9877,SO-0009877,36,2025-09-03,10,SHIPPED
9878,SO-0009878,61,2023-09-23,11,PARTIAL
9879,SO-0009879,68,2024-12-17,3,SHIPPED
9880,SO-0009880,10,2023-01-14,10,SHIPPED
9881,SO-0009881,31,2023-09-26,12,SHIPPED
9882,SO-0009882,8,2023-10-31,4,SHIPPED
9883,SO-0009883,58,2023-08-01,10,PARTIAL
9884,SO-0009884,26,2026-03-03,8,OPEN
9885,SO-0009885,39,2023-03-08,6,PARTIAL
9886,SO-0009886,7,2024-08-31,3,SHIPPED
9887,SO-0009887,35,2024-08-02,10,SHIPPED
9888,SO-0009888,52,2026-08-04,2,SHIPPED
9889,SO-0009889,24,2026-02-28,10,PARTIAL
9890,SO-0009890,3,2023-06-14,10,OPEN
9891,SO-0009891,27,2024-10-10,2,SHIPPED
9892,SO-0009892,45,2024-11-16,10,SHIPPED
9893,SO-0009893,44,2024-04-22,2,OPEN
9894,SO-0009894,25,2024-11-12,11,SHIPPED
9895,SO-0009895,2,2023-02-08,2,SHIPPED
9896,SO-0009896,19,2026-03-22,6,SHIPPED
9897,SO-0009897,6,2025-07-29,9,SHIPPED
9898,SO-0009898,2,2023-06-18,4,OPEN
9899,SO-0009899,4,2026-01-17,10,SHIPPED
9900,SO-0009900,63,2026-07-24,4,SHIPPED
9901,SO-0009901,46,2024-12-05,10,SHIPPED
9902,SO-0009902,18,2023-03-04,6,SHIPPED
9903,SO-0009903,5,2023-10-29,1,SHIPPED
9904,SO-0009904,10,2024-09-09,5,PARTIAL
9905,SO-0009905,74,2024-03-09,9,OPEN
9906,SO-0009906,19,2023-05-08,8,PARTIAL
9907,SO-0009907,64,2024-08-08,5,SHIPPED
9908,SO-0009908,80,2024-04-12,5,SHIPPED
9909,SO-0009909,74,2026-04-25,8,SHIPPED
9910,SO-0009910,5,2025-05-14,7,SHIPPED
9911,SO-0009911,61,2026-08-28,8,SHIPPED
9912,SO-0009912,19,2026-06-30,7,PARTIAL
9913,SO-0009913,62,2026-09-22,6,SHIPPED
9914,SO-0009914,14,2024-10-29,7,SHIPPED
9915,SO-0009915,8,2025-06-29,3,SHIPPED
9916,SO-0009916,27,2026-02-12,3,SHIPPED
9917,SO-0009917,73,2023-07-23,8,SHIPPED
9918,SO-0009918,65,2024-11-10,7,SHIPPED
9919,SO-0009919,53,2026-06-10,9,SHIPPED
9920,SO-0009920,3,2023-09-19,4,PARTIAL
9921,SO-0009921,23,2023-10-02,9,PARTIAL
9922,SO-0009922,17,2023-01-18,2,PARTIAL
9923,SO-0009923,35,2026-09-03,5,PARTIAL
9924,SO-0009924,20,2024-06-01,5,PARTIAL
9925,SO-0009925,64,2023-04-06,11,PARTIAL
9926,SO-0009926,32,2024-06-17,9,PARTIAL
9927,SO-0009927,56,2024-05-07,10,PARTIAL
9928,SO-0009928,42,2026-05-25,10,OPEN
9929,SO-0009929,40,2023-08-25,3,SHIPPED
9930,SO-0009930,31,2025-07-14,11,SHIPPED
9931,SO-0009931,42,2026-06-01,4,PARTIAL
9932,SO-0009932,79,2024-08-02,4,OPEN
9933,SO-0009933,35,2024-09-19,9,SHIPPED
9934,SO-0009934,28,2023-05-09,5,PARTIAL
9935,SO-0009935,51,2025-06-01,9,SHIPPED
9936,SO-0009936,29,2026-07-30,11,OPEN
9937,SO-0009937,30,2023-03-16,5,PARTIAL
9938,SO-0009938,67,2025-11-13,4,SHIPPED
9939,SO-0009939,4,2025-03-04,4,SHIPPED
9940,SO-0009940,5,2023-04-02,1,SHIPPED
9941,SO-0009941,38,2025-12-29,12,PARTIAL
9942,SO-0009942,34,2024-02-17,8,SHIPPED
9943,SO-0009943,5,2023-04-27,5,PARTIAL
9944,SO-0009944,23,2025-03-05,3,SHIPPED
9945,SO-0009945,54,2024-02-18,5,PARTIAL
9946,SO-0009946,10,2024-06-30,1,SHIPPED
9947,SO-0009947,29,2023-10-26,4,SHIPPED
9948,SO-0009948,69,2023-07-19,4,OPEN
9949,SO-0009949,49,2026-02-13,4,OPEN
9950,SO-0009950,63,2025-11-01,7,SHIPPED
9951,SO-0009951,47,2023-02-11,2,OPEN
9952,SO-0009952,2,2026-08-20,8,PARTIAL
9953,SO-0009953,71,2025-02-16,2,SHIPPED
9954,SO-0009954,27,2026-06-20,7,PARTIAL
9955,SO-0009955,24,2023-10-03,5,OPEN
9956,SO-0009956,19,2024-12-01,7,SHIPPED
9957,SO-0009957,73,2025-08-17,5,OPEN
9958,SO-0009958,43,2023-08-28,1,SHIPPED
9959,SO-0009959,64,2023-05-02,3,OPEN
9960,SO-0009960,80,2023-03-16,6,PARTIAL
9961,SO-0009961,25,2024-08-23,12,SHIPPED
9962,SO-0009962,35,2025-05-21,1,SHIPPED
9963,SO-0009963,34,2026-06-12,2,PARTIAL
9964,SO-0009964,38,2026-01-11,3,SHIPPED
9965,SO-0009965,42,2024-07-11,1,SHIPPED
9966,SO-0009966,80,2025-02-02,9,SHIPPED
9967,SO-0009967,62,2026-01-02,11,PARTIAL
9968,SO-0009968,54,2023-03-30,4,OPEN
9969,SO-0009969,35,2023-07-14,11,OPEN
9970,SO-0009970,11,2023-01-02,9,OPEN
9971,SO-0009971,13,2025-05-22,11,SHIPPED
9972,SO-0009972,66,2025-01-20,4,SHIPPED
9973,SO-0009973,2,2024-06-10,6,OPEN
9974,SO-0009974,35,2024-02-01,3,OPEN
9975,SO-0009975,49,2025-06-27,9,SHIPPED
9976,SO-0009976,70,2025-12-08,8,SHIPPED
9977,SO-0009977,3,2025-05-21,1,PARTIAL
9978,SO-0009978,65,2023-12-11,1,PARTIAL
9979,SO-0009979,35,2026-05-25,8,PARTIAL
9980,SO-0009980,14,2025-08-16,8,OPEN
9981,SO-0009981,10,2023-02-20,9,SHIPPED
9982,SO-0009982,10,2026-06-15,9,SHIPPED
9983,SO-0009983,69,2026-08-27,4,PARTIAL
9984,SO-0009984,8,2024-02-28,7,PARTIAL
9985,SO-0009985,67,2023-12-09,4,OPEN
9986,SO-0009986,19,2025-01-21,9,OPEN
9987,SO-0009987,28,2025-05-12,1,SHIPPED
9988,SO-0009988,36,2025-12-08,9,SHIPPED
9989,SO-0009989,68,2023-06-28,7,OPEN
9990,SO-0009990,42,2023-01-28,9,OPEN
9991,SO-0009991,1,2026-09-30,11,SHIPPED
9992,SO-0009992,68,2024-06-09,2,OPEN
9993,SO-0009993,36,2023-12-19,1,PARTIAL
9994,SO-0009994,36,2023-10-21,11,PARTIAL
9995,SO-0009995,75,2024-12-18,11,SHIPPED
9996,SO-0009996,1,2024-04-16,1,SHIPPED
9997,SO-0009997,72,2025-03-18,6,SHIPPED
9998,SO-0009998,59,2025-03-11,2,PARTIAL
9999,SO-0009999,39,2023-06-30,10,PARTIAL
10000,SO-0010000,59,2024-04-29,11,SHIPPED
