SHIPMENT_ID,CARRIER_ID,LANE_ID,SHIP_DATE,DELIVERY_DATE,STATUS
1,15,314,2025-01-19,2025-02-15,DELIVERED
2,3,478,2023-05-19,2023-06-24,DELIVERED
3,5,189,2024-06-28,2024-07-25,DELIVERED
4,19,80,2025-06-13,2025-06-22,DELIVERED
5,20,417,2026-08-22,2026-09-26,DELIVERED
6,15,105,2023-06-04,2023-06-11,DELIVERED
7,8,147,2024-06-26,2024-07-27,DELIVERED
8,10,147,2024-03-14,2024-04-02,DELIVERED
9,15,81,2025-04-01,2025-05-10,DELIVERED
10,13,77,2025-07-18,2025-08-14,DELIVERED
11,14,160,2024-04-04,2024-04-10,DELIVERED
12,19,303,2026-02-07,2026-03-13,DELIVERED
13,4,132,2024-05-11,2024-05-24,DELIVERED
14,1,188,2023-04-14,2023-05-10,DELIVERED
15,1,397,2023-07-17,2023-07-24,DELIVERED
16,1,171,2024-11-29,2024-12-30,DELIVERED
17,6,379,2024-02-07,2024-02-24,DELIVERED
18,14,65,2024-05-02,2024-06-01,DELIVERED
19,11,74,2025-08-26,2025-09-23,DELIVERED
20,11,325,2026-01-03,2026-01-15,DELIVERED
21,14,206,2025-11-12,2025-12-06,DELIVERED
22,8,91,2024-02-25,2024-03-06,DELIVERED
23,6,468,2025-09-16,2025-10-09,DELIVERED
24,4,158,2026-07-09,2026-08-09,DELIVERED
25,3,389,2023-10-10,2023-11-04,DELAYED
26,12,292,2025-12-16,2026-01-22,DELIVERED
27,20,347,2025-08-26,2025-09-05,DELIVERED
28,4,285,2023-12-17,2024-01-05,DELIVERED
29,10,471,2025-11-24,2025-12-18,DELIVERED
30,3,241,2024-12-24,2025-01-30,DELIVERED
31,17,200,2023-07-21,2023-08-23,DELIVERED
32,20,258,2025-01-03,2025-02-09,DELIVERED
33,16,497,2024-09-30,2024-11-02,DELIVERED
34,18,414,2023-08-12,2023-08-21,DELIVERED
35,3,489,2024-03-21,2024-04-19,DELIVERED
36,12,241,2024-03-22,2024-03-31,DELIVERED
37,5,141,2023-01-02,2023-01-31,DELIVERED
38,20,287,2026-04-20,2026-05-25,DELAYED
39,20,257,2026-08-17,2026-09-19,DELIVERED
40,15,101,2023-12-31,2024-01-15,DELIVERED
41,6,124,2026-04-09,2026-04-23,IN_TRANSIT
42,17,465,2025-10-30,2025-11-14,DELAYED
43,7,461,2023-09-08,2023-09-16,DELAYED
44,18,484,2026-06-10,2026-06-26,DELIVERED
45,17,56,2023-03-17,2023-04-22,DELIVERED
46,11,470,2024-02-13,2024-03-06,DELIVERED
47,18,332,2023-06-05,2023-07-07,DELIVERED
48,15,451,2026-04-02,2026-05-05,DELIVERED
49,5,210,2025-04-02,2025-04-25,IN_TRANSIT
50,18,412,2024-12-06,2025-01-08,IN_TRANSIT
51,7,456,2025-05-14,2025-05-29,DELIVERED
52,10,219,2024-10-20,2024-11-07,DELIVERED
53,1,134,2023-08-21,2023-09-29,DELIVERED
54,19,430,2024-12-20,2025-01-16,DELIVERED
55,7,271,2024-06-18,2024-07-08,DELIVERED
56,7,32,2023-02-07,2023-02-14,DELIVERED
57,1,97,2025-10-11,2025-11-01,DELIVERED
58,8,213,2024-10-30,2024-11-24,DELAYED
59,20,6,2026-04-10,2026-05-14,DELIVERED
60,10,320,2026-09-28,2026-10-12,DELIVERED
61,17,494,2024-08-14,2024-09-17,DELIVERED
62,15,338,2023-09-14,2023-10-12,DELIVERED
63,11,442,2024-05-05,2024-06-08,DELIVERED
64,3,458,2024-01-27,2024-02-18,DELIVERED
65,19,490,2025-11-14,2025-11-23,DELIVERED
66,14,328,2024-10-26,2024-11-04,DELIVERED
67,4,192,2024-09-11,2024-09-30,IN_TRANSIT
68,1,343,2024-04-22,2024-05-02,DELIVERED
69,3,199,2025-04-23,2025-05-27,DELIVERED
70,9,369,2024-07-30,2024-09-06,DELAYED
71,4,442,2023-03-17,2023-04-11,DELIVERED
72,11,117,2023-04-19,2023-05-28,DELAYED
73,20,438,2025-07-03,2025-08-05,DELIVERED
74,5,153,2025-08-26,2025-09-22,DELIVERED
75,7,115,2023-10-16,2023-11-01,DELIVERED
76,6,386,2026-01-19,2026-02-26,DELIVERED
77,15,375,2026-03-24,2026-05-02,DELIVERED
78,17,499,2023-07-30,2023-08-28,DELIVERED
79,4,458,2026-07-09,2026-08-17,DELAYED
80,4,482,2023-04-20,2023-05-16,DELIVERED
81,17,99,2023-07-24,2023-08-30,DELIVERED
82,17,437,2023-11-27,2023-12-19,DELIVERED
83,3,416,2025-02-04,2025-02-23,DELIVERED
84,9,257,2024-12-01,2024-12-19,IN_TRANSIT
85,11,379,2026-04-25,2026-05-13,DELAYED
86,13,436,2023-03-01,2023-03-23,DELIVERED
87,15,154,2023-09-10,2023-10-19,DELIVERED
88,10,119,2023-07-24,2023-08-08,DELIVERED
89,8,44,2026-03-19,2026-03-25,DELIVERED
90,17,102,2024-05-21,2024-06-27,DELIVERED
91,3,279,2025-04-11,2025-04-23,IN_TRANSIT
92,18,236,2025-10-21,2025-11-14,DELIVERED
93,6,284,2023-09-28,2023-10-23,IN_TRANSIT
94,17,342,2025-06-09,2025-07-17,DELIVERED
95,11,121,2025-01-06,2025-01-28,IN_TRANSIT
96,16,7,2024-08-17,2024-08-28,DELIVERED
97,4,80,2026-07-21,2026-08-03,DELIVERED
98,3,24,2023-12-05,2023-12-20,DELIVERED
99,19,251,2023-04-19,2023-05-21,DELIVERED
100,10,45,2025-11-29,2026-01-07,DELIVERED
101,5,228,2025-09-07,2025-09-25,DELIVERED
102,3,329,2023-02-17,2023-03-27,DELIVERED
103,7,465,2023-02-04,2023-02-22,IN_TRANSIT
104,7,274,2025-07-09,2025-07-29,DELIVERED
105,2,254,2025-04-08,2025-04-23,DELIVERED
106,7,140,2023-08-17,2023-08-27,DELIVERED
107,8,231,2023-03-02,2023-03-20,DELIVERED
108,1,284,2023-09-08,2023-09-22,DELIVERED
109,10,297,2023-10-11,2023-11-01,DELIVERED
110,3,232,2025-02-27,2025-03-10,IN_TRANSIT
111,17,406,2023-11-23,2023-12-27,DELIVERED
112,12,297,2026-07-28,2026-08-18,DELIVERED
113,1,265,2026-01-20,2026-02-22,DELIVERED
114,6,49,2024-04-03,2024-04-08,DELIVERED
115,20,315,2026-05-25,2026-06-27,DELAYED
116,20,98,2024-09-26,2024-10-20,DELIVERED
117,9,10,2025-03-14,2025-04-01,DELIVERED
118,14,4,2025-02-05,2025-02-18,DELIVERED
119,2,79,2024-11-19,2024-11-24,DELIVERED
120,19,182,2024-09-07,2024-10-12,DELIVERED
121,16,129,2024-12-15,2025-01-23,DELIVERED
122,16,5,2025-03-30,2025-04-11,DELAYED
123,14,269,2025-12-22,2026-01-08,DELAYED
124,19,52,2023-07-31,2023-08-27,DELIVERED
125,8,500,2025-11-29,2026-01-03,DELAYED
126,3,38,2025-06-04,2025-06-21,DELIVERED
127,14,239,2024-12-25,2025-01-05,DELAYED
128,14,204,2024-04-06,2024-04-24,DELIVERED
129,11,338,2023-06-11,2023-07-20,DELIVERED
130,20,152,2026-08-23,2026-09-06,DELIVERED
131,20,371,2024-03-02,2024-03-07,DELIVERED
132,13,222,2024-12-21,2024-12-29,DELIVERED
133,18,481,2023-10-16,2023-11-24,DELIVERED
134,16,331,2024-07-23,2024-08-22,DELAYED
135,16,430,2024-03-28,2024-04-11,DELIVERED
136,5,2,2024-02-02,2024-03-08,DELIVERED
137,7,400,2026-02-24,2026-03-06,DELIVERED
138,13,428,2023-11-16,2023-12-06,DELIVERED
139,12,161,2023-05-24,2023-06-09,DELIVERED
140,19,22,2025-06-18,2025-07-04,DELIVERED
141,6,41,2024-09-14,2024-10-21,DELIVERED
142,2,263,2024-10-18,2024-10-23,DELIVERED
143,16,190,2026-01-20,2026-02-10,DELIVERED
144,18,373,2025-04-22,2025-05-09,DELIVERED
145,18,10,2023-12-11,2024-01-16,DELIVERED
146,3,205,2025-07-06,2025-07-14,DELIVERED
147,7,48,2023-01-19,2023-02-03,DELIVERED
148,7,159,2024-07-24,2024-07-29,DELIVERED
149,7,101,2024-04-19,2024-05-13,DELIVERED
150,3,145,2026-08-01,2026-08-24,DELIVERED
151,14,166,2024-03-06,2024-04-09,DELIVERED
152,5,314,2025-06-19,2025-07-17,DELIVERED
153,8,73,2024-07-07,2024-07-15,DELIVERED
154,3,327,2023-07-25,2023-08-30,DELIVERED
155,16,266,2024-01-29,2024-02-16,IN_TRANSIT
156,15,225,2025-01-07,2025-02-01,DELIVERED
157,16,392,2023-10-06,2023-11-13,DELIVERED
158,11,326,2024-01-25,2024-02-07,IN_TRANSIT
159,19,401,2023-08-31,2023-10-06,IN_TRANSIT
160,13,41,2024-12-27,2025-01-08,DELIVERED
161,5,130,2025-11-12,2025-11-17,DELIVERED
162,1,54,2024-02-12,2024-03-08,IN_TRANSIT
163,10,328,2023-01-04,2023-02-03,DELIVERED
164,3,185,2023-11-05,2023-11-23,DELIVERED
165,2,243,2023-03-30,2023-05-05,DELIVERED
166,5,429,2024-05-15,2024-05-21,IN_TRANSIT
167,1,331,2025-03-05,2025-03-14,DELIVERED
168,20,286,2024-08-12,2024-09-19,DELIVERED
169,18,332,2026-06-18,2026-07-12,DELIVERED
170,12,358,2023-03-08,2023-04-08,DELIVERED
171,3,468,2023-07-26,2023-08-14,DELIVERED
172,19,299,2025-10-16,2025-10-26,DELIVERED
173,5,187,2025-04-09,2025-05-18,DELAYED
174,14,43,2026-09-26,2026-10-02,DELIVERED
175,6,101,2025-04-28,2025-06-03,DELIVERED
176,5,14,2023-04-16,2023-05-10,DELIVERED
177,12,233,2025-07-31,2025-08-13,DELIVERED
178,5,185,2025-11-05,2025-11-14,DELIVERED
179,20,304,2024-07-22,2024-08-09,DELIVERED
180,12,232,2024-11-17,2024-12-17,DELIVERED
181,6,326,2026-08-02,2026-08-20,DELIVERED
182,15,298,2025-12-16,2026-01-12,IN_TRANSIT
183,20,353,2026-04-24,2026-04-29,IN_TRANSIT
184,12,312,2024-04-29,2024-05-27,IN_TRANSIT
185,10,61,2025-06-18,2025-06-28,DELIVERED
186,10,442,2023-01-21,2023-03-01,DELIVERED
187,6,59,2024-06-04,2024-06-15,DELIVERED
188,12,465,2026-07-06,2026-08-08,DELIVERED
189,4,116,2026-07-25,2026-08-25,DELIVERED
190,5,80,2023-01-14,2023-02-17,IN_TRANSIT
191,19,177,2025-01-02,2025-01-28,DELAYED
192,19,324,2024-10-16,2024-11-20,DELIVERED
193,11,260,2025-07-22,2025-08-06,IN_TRANSIT
194,1,324,2026-02-16,2026-03-11,DELIVERED
195,13,117,2023-08-07,2023-09-07,DELIVERED
196,19,262,2026-03-18,2026-03-28,DELIVERED
197,19,175,2023-10-03,2023-11-11,DELIVERED
198,18,241,2026-09-03,2026-09-26,DELAYED
199,10,338,2023-08-26,2023-09-12,DELIVERED
200,2,66,2025-09-30,2025-10-29,DELIVERED
201,10,73,2023-05-17,2023-06-06,DELIVERED
202,2,373,2024-09-21,2024-09-26,DELIVERED
203,1,281,2023-06-11,2023-07-15,DELIVERED
204,17,421,2025-07-27,2025-08-19,DELIVERED
205,20,475,2024-02-09,2024-03-11,DELIVERED
206,12,202,2023-05-16,2023-05-26,DELIVERED
207,18,316,2023-08-19,2023-08-24,DELIVERED
208,19,146,2026-03-02,2026-03-19,DELIVERED
209,19,367,2025-07-09,2025-08-04,DELIVERED
210,16,32,2024-03-17,2024-04-14,DELIVERED
211,11,111,2025-02-19,2025-03-11,DELIVERED
212,18,228,2024-08-18,2024-09-20,DELIVERED
213,8,325,2023-09-07,2023-10-10,DELIVERED
214,7,179,2024-03-29,2024-05-07,DELIVERED
215,14,347,2023-07-23,2023-08-21,DELIVERED
216,13,89,2026-07-23,2026-08-01,DELIVERED
217,19,364,2025-04-27,2025-05-03,DELIVERED
218,15,417,2024-11-11,2024-11-24,DELIVERED
219,19,446,2025-02-07,2025-03-18,DELIVERED
220,8,198,2023-05-12,2023-05-31,DELIVERED
221,16,431,2024-03-04,2024-03-12,DELIVERED
222,1,450,2024-06-01,2024-07-06,DELIVERED
223,16,306,2026-04-07,2026-05-11,IN_TRANSIT
224,12,221,2025-09-24,2025-10-22,DELIVERED
225,14,187,2023-12-02,2024-01-04,DELIVERED
226,17,328,2024-10-14,2024-11-08,DELIVERED
227,20,73,2026-08-06,2026-08-23,DELIVERED
228,9,145,2025-12-27,2026-01-01,IN_TRANSIT
229,12,465,2023-06-24,2023-07-04,DELIVERED
230,18,390,2025-08-18,2025-09-24,DELIVERED
231,9,110,2023-10-11,2023-10-23,DELAYED
232,20,33,2026-03-20,2026-03-30,IN_TRANSIT
233,8,490,2026-07-21,2026-08-24,DELIVERED
234,10,436,2025-05-05,2025-05-14,DELIVERED
235,7,385,2025-05-24,2025-06-24,DELIVERED
236,10,236,2025-02-26,2025-04-06,DELAYED
237,7,195,2024-11-08,2024-11-15,DELIVERED
238,6,3,2025-08-01,2025-09-03,DELIVERED
239,18,356,2025-08-19,2025-08-29,IN_TRANSIT
240,9,230,2023-05-01,2023-05-11,IN_TRANSIT
241,16,60,2025-01-31,2025-02-06,DELIVERED
242,1,472,2025-09-30,2025-10-07,DELAYED
243,5,63,2023-06-25,2023-08-01,IN_TRANSIT
244,6,178,2025-11-17,2025-12-23,DELIVERED
245,19,118,2024-09-01,2024-10-08,DELIVERED
246,16,130,2023-08-07,2023-09-05,DELIVERED
247,10,197,2025-10-10,2025-11-14,DELIVERED
248,14,459,2026-05-27,2026-07-01,IN_TRANSIT
249,19,65,2023-09-03,2023-09-25,DELIVERED
250,20,42,2025-04-09,2025-05-17,DELIVERED
251,8,249,2024-09-17,2024-10-19,DELIVERED
252,20,80,2023-10-13,2023-11-13,DELIVERED
253,7,353,2024-09-07,2024-09-21,DELIVERED
254,15,123,2024-01-04,2024-01-28,IN_TRANSIT
255,1,171,2025-09-27,2025-11-05,DELIVERED
256,7,170,2026-03-08,2026-04-07,DELAYED
257,4,168,2023-05-13,2023-06-03,DELIVERED
258,7,86,2024-10-09,2024-10-24,IN_TRANSIT
259,16,252,2024-12-15,2024-12-26,DELIVERED
260,15,321,2026-03-30,2026-05-08,DELIVERED
261,12,275,2026-07-14,2026-08-17,DELIVERED
262,11,168,2023-01-28,2023-02-28,DELIVERED
263,6,382,2026-01-02,2026-01-11,DELIVERED
264,14,89,2023-03-08,2023-04-05,DELIVERED
265,14,71,2024-10-29,2024-11-17,DELIVERED
266,14,184,2023-04-22,2023-05-22,DELIVERED
267,19,68,2023-10-07,2023-10-22,DELIVERED
268,7,132,2025-02-05,2025-03-05,DELIVERED
269,8,357,2024-01-30,2024-02-27,DELIVERED
270,3,192,2023-11-10,2023-12-02,DELIVERED
271,19,105,2026-06-02,2026-07-04,DELIVERED
272,13,23,2025-04-22,2025-05-21,DELIVERED
273,9,279,2025-09-18,2025-09-24,DELAYED
274,16,196,2024-07-31,2024-08-25,IN_TRANSIT
275,1,334,2023-04-13,2023-05-10,DELIVERED
276,11,141,2025-09-24,2025-10-22,IN_TRANSIT
277,19,205,2025-01-29,2025-03-05,DELIVERED
278,20,80,2023-08-14,2023-09-04,DELAYED
279,16,484,2024-03-27,2024-04-09,DELIVERED
280,20,301,2025-02-13,2025-03-02,DELIVERED
281,18,491,2025-10-04,2025-10-18,DELIVERED
282,16,375,2023-04-24,2023-05-07,DELIVERED
283,19,311,2023-02-06,2023-03-01,DELIVERED
284,16,330,2023-02-13,2023-02-24,DELIVERED
285,6,413,2023-07-09,2023-07-22,DELIVERED
286,2,244,2025-06-23,2025-07-14,DELIVERED
287,15,47,2026-09-07,2026-10-13,DELIVERED
288,20,251,2025-04-10,2025-05-01,DELAYED
289,7,157,2026-09-25,2026-10-11,DELIVERED
290,12,467,2025-06-19,2025-07-05,DELIVERED
291,2,352,2025-11-09,2025-12-13,DELAYED
292,1,54,2023-09-04,2023-10-13,DELIVERED
293,12,273,2026-09-04,2026-09-12,DELIVERED
294,6,363,2023-12-29,2024-01-30,DELAYED
295,20,418,2023-01-06,2023-02-09,DELIVERED
296,6,60,2026-09-16,2026-09-30,DELIVERED
297,13,84,2023-06-05,2023-06-19,IN_TRANSIT
298,3,332,2023-07-16,2023-07-25,IN_TRANSIT
299,15,131,2024-04-01,2024-04-13,DELIVERED
300,18,385,2023-11-12,2023-12-11,IN_TRANSIT
301,3,209,2023-05-07,2023-05-27,DELIVERED
302,7,138,2026-03-20,2026-03-27,DELIVERED
303,16,408,2023-05-16,2023-06-17,DELIVERED
304,4,70,2026-08-18,2026-09-16,DELIVERED
305,3,400,2023-04-04,2023-04-28,DELIVERED
306,18,437,2023-10-10,2023-10-28,DELIVERED
307,8,173,2023-02-06,2023-03-12,DELIVERED
308,14,320,2025-01-14,2025-01-28,DELIVERED
309,19,7,2023-10-22,2023-11-16,IN_TRANSIT
310,14,46,2024-02-16,2024-03-16,DELIVERED
311,20,302,2026-06-29,2026-07-26,DELIVERED
312,17,218,2023-09-09,2023-10-16,DELIVERED
313,6,394,2023-12-29,2024-01-29,DELIVERED
314,18,25,2025-01-01,2025-01-30,DELIVERED
315,15,415,2025-05-25,2025-06-04,DELIVERED
316,3,45,2026-09-27,2026-10-07,DELIVERED
317,12,459,2026-09-25,2026-10-17,DELAYED
318,11,388,2026-01-20,2026-02-01,DELIVERED
319,14,193,2023-02-15,2023-03-08,DELIVERED
320,2,318,2025-09-22,2025-10-15,DELIVERED
321,8,30,2024-05-12,2024-06-06,DELAYED
322,19,276,2025-10-26,2025-11-17,DELIVERED
323,11,451,2025-12-21,2026-01-10,DELIVERED
324,8,291,2024-04-27,2024-05-31,DELIVERED
325,7,45,2023-06-18,2023-07-27,DELIVERED
326,5,396,2025-11-16,2025-11-22,DELIVERED
327,13,460,2024-06-28,2024-07-21,DELIVERED
328,9,49,2025-10-24,2025-11-10,DELIVERED
329,18,275,2024-08-24,2024-10-01,DELIVERED
330,2,306,2024-09-25,2024-11-01,DELIVERED
331,8,401,2025-12-22,2026-01-27,IN_TRANSIT
332,6,184,2024-02-25,2024-03-20,DELIVERED
333,4,496,2026-06-19,2026-07-04,DELIVERED
334,12,197,2025-06-25,2025-07-11,DELAYED
335,6,441,2023-01-31,2023-02-10,DELIVERED
336,19,223,2025-07-12,2025-07-22,DELAYED
337,12,209,2025-04-12,2025-04-23,DELIVERED
338,7,421,2024-10-31,2024-11-16,DELIVERED
339,20,498,2025-04-29,2025-05-14,DELIVERED
340,10,437,2023-03-04,2023-03-16,DELAYED
341,6,64,2025-08-05,2025-08-27,DELIVERED
342,5,377,2024-09-28,2024-10-19,DELIVERED
343,5,185,2023-05-05,2023-06-09,DELIVERED
344,20,340,2024-03-20,2024-04-01,DELIVERED
345,4,177,2026-05-05,2026-05-21,IN_TRANSIT
346,8,487,2023-09-23,2023-10-08,DELIVERED
347,17,271,2026-05-05,2026-05-30,IN_TRANSIT
348,11,229,2026-05-27,2026-07-02,DELAYED
349,18,419,2024-08-25,2024-09-02,DELIVERED
350,6,137,2023-08-03,2023-08-08,DELIVERED
351,4,305,2023-07-01,2023-07-14,DELIVERED
352,13,257,2025-03-15,2025-03-30,DELIVERED
353,6,486,2023-03-20,2023-03-25,DELIVERED
354,12,418,2026-09-17,2026-10-11,DELIVERED
355,18,413,2024-01-08,2024-01-21,DELIVERED
356,18,119,2024-01-19,2024-02-20,IN_TRANSIT
357,12,498,2025-02-10,2025-03-02,DELIVERED
358,17,482,2024-05-30,2024-06-04,DELIVERED
359,3,14,2025-01-10,2025-01-16,DELAYED
360,15,368,2023-11-11,2023-12-16,DELIVERED
361,8,404,2024-07-20,2024-08-06,DELAYED
362,16,81,2024-09-26,2024-10-27,DELIVERED
363,4,55,2026-01-27,2026-02-06,DELIVERED
364,2,474,2025-05-22,2025-06-30,DELIVERED
365,11,175,2025-05-29,2025-06-05,DELAYED
366,15,137,2023-08-05,2023-09-12,DELIVERED
367,12,292,2023-09-05,2023-09-11,DELIVERED
368,7,311,2025-12-29,2026-01-29,DELAYED
369,8,302,2025-02-01,2025-02-13,DELIVERED
370,14,342,2023-09-23,2023-10-18,DELIVERED
371,3,216,2025-08-21,2025-09-27,DELIVERED
372,12,419,2025-07-30,2025-09-07,DELIVERED
373,8,194,2023-05-27,2023-06-04,DELIVERED
374,4,300,2023-06-23,2023-07-10,DELAYED
375,14,299,2025-03-31,2025-04-25,IN_TRANSIT
376,15,157,2026-01-10,2026-02-17,DELIVERED
377,6,17,2023-01-27,2023-03-02,DELIVERED
378,8,430,2025-02-03,2025-02-09,IN_TRANSIT
379,17,283,2023-01-26,2023-03-05,DELIVERED
380,9,250,2023-04-10,2023-04-24,DELIVERED
381,5,268,2024-11-16,2024-12-16,DELIVERED
382,1,241,2024-01-01,2024-01-30,DELIVERED
383,3,442,2025-03-07,2025-03-18,IN_TRANSIT
384,15,187,2024-10-01,2024-10-18,DELIVERED
385,16,289,2023-12-27,2024-01-06,DELIVERED
386,4,60,2025-06-21,2025-07-20,DELIVERED
387,1,492,2023-07-11,2023-08-07,DELIVERED
388,18,291,2023-12-02,2023-12-27,DELAYED
389,19,358,2024-01-26,2024-02-08,DELIVERED
390,20,267,2026-07-06,2026-07-22,DELIVERED
391,15,109,2025-02-05,2025-03-01,DELIVERED
392,4,246,2025-07-21,2025-08-16,DELIVERED
393,6,182,2025-02-06,2025-03-06,DELIVERED
394,4,121,2025-09-08,2025-10-14,IN_TRANSIT
395,10,283,2025-10-12,2025-11-11,DELIVERED
396,11,426,2023-01-28,2023-02-03,DELAYED
397,18,61,2023-03-28,2023-04-17,IN_TRANSIT
398,16,421,2023-05-14,2023-06-21,DELIVERED
399,13,366,2023-05-31,2023-07-09,DELIVERED
400,4,45,2023-02-10,2023-03-09,DELIVERED
401,7,284,2023-10-30,2023-11-24,DELIVERED
402,17,29,2024-04-13,2024-05-09,DELIVERED
403,2,109,2023-12-01,2023-12-25,IN_TRANSIT
404,10,466,2023-11-20,2023-12-25,DELIVERED
405,15,199,2023-01-26,2023-02-16,DELIVERED
406,11,262,2023-07-19,2023-08-08,DELIVERED
407,10,487,2025-07-16,2025-08-16,DELIVERED
408,17,242,2024-01-02,2024-02-04,DELIVERED
409,17,247,2025-04-20,2025-04-26,DELIVERED
410,7,85,2024-01-12,2024-01-19,DELIVERED
411,10,29,2024-02-20,2024-03-30,DELIVERED
412,13,348,2024-01-22,2024-02-27,DELAYED
413,6,165,2026-02-08,2026-02-13,DELIVERED
414,5,299,2026-05-06,2026-05-13,DELIVERED
415,2,367,2025-02-12,2025-03-13,DELIVERED
416,4,129,2023-10-30,2023-11-22,DELAYED
417,8,348,2025-12-11,2026-01-17,DELIVERED
418,6,58,2023-08-06,2023-09-12,DELIVERED
419,8,87,2023-11-23,2023-11-29,DELAYED
420,2,202,2026-06-03,2026-06-28,DELAYED
421,6,172,2024-12-19,2025-01-08,DELIVERED
422,20,402,2026-07-02,2026-07-09,DELAYED
423,13,17,2024-12-29,2025-02-06,DELIVERED
424,16,306,2026-05-22,2026-06-23,DELIVERED
425,14,345,2025-04-11,2025-04-18,DELIVERED
426,7,295,2025-11-25,2025-12-25,DELIVERED
427,16,118,2026-01-19,2026-02-25,DELIVERED
428,14,68,2025-10-28,2025-12-01,DELIVERED
429,6,60,2025-09-06,2025-09-22,DELIVERED
430,10,372,2024-11-08,2024-11-23,DELIVERED
431,9,80,2023-01-29,2023-02-09,DELIVERED
432,5,142,2023-08-10,2023-09-06,DELIVERED
433,8,114,2025-08-07,2025-08-24,DELIVERED
434,19,80,2025-08-13,2025-09-09,DELAYED
435,2,170,2025-10-27,2025-11-26,IN_TRANSIT
436,3,300,2024-07-18,2024-08-24,IN_TRANSIT
437,4,224,2026-07-18,2026-08-09,DELIVERED
438,19,303,2023-01-03,2023-01-30,DELIVERED
439,4,114,2026-03-04,2026-03-11,DELIVERED
440,10,256,2024-02-18,2024-03-13,DELIVERED
441,12,278,2023-07-01,2023-07-16,DELIVERED
442,9,120,2024-04-04,2024-05-12,DELIVERED
443,9,419,2025-12-25,2026-01-10,DELAYED
444,5,135,2025-11-16,2025-11-28,DELIVERED
445,2,489,2026-08-30,2026-09-15,DELIVERED
446,16,204,2024-03-05,2024-03-21,IN_TRANSIT
447,3,182,2025-01-18,2025-02-14,DELAYED
448,6,91,2024-12-31,2025-01-10,DELIVERED
449,14,374,2025-11-09,2025-11-17,DELIVERED
450,13,50,2025-03-30,2025-04-16,DELIVERED
451,15,122,2025-05-27,2025-06-30,DELAYED
452,5,387,2026-05-15,2026-05-28,DELIVERED
453,3,38,2025-12-28,2026-01-25,DELIVERED
454,7,147,2024-04-01,2024-04-20,DELIVERED
455,18,197,2023-10-14,2023-11-18,DELIVERED
456,1,118,2025-04-05,2025-04-16,DELIVERED
457,1,342,2025-03-20,2025-04-19,DELIVERED
458,19,494,2023-10-01,2023-10-15,IN_TRANSIT
459,19,365,2024-12-04,2024-12-24,DELIVERED
460,15,465,2025-04-15,2025-05-04,DELIVERED
461,12,403,2024-06-11,2024-07-01,DELAYED
462,17,355,2025-06-09,2025-07-14,DELIVERED
463,1,363,2023-05-29,2023-07-01,DELIVERED
464,8,134,2025-11-07,2025-12-16,DELIVERED
465,14,453,2024-08-30,2024-09-10,DELAYED
466,12,355,2024-08-14,2024-08-26,DELIVERED
467,11,337,2026-06-09,2026-07-16,DELIVERED
468,18,148,2024-08-01,2024-09-09,DELAYED
469,13,498,2024-12-17,2024-12-31,DELAYED
470,14,58,2026-04-12,2026-05-03,DELIVERED
471,11,159,2025-03-14,2025-04-01,DELIVERED
472,9,413,2025-07-05,2025-08-10,DELIVERED
473,15,53,2024-03-16,2024-04-10,IN_TRANSIT
474,15,490,2026-09-17,2026-10-10,DELIVERED
475,18,54,2024-08-22,2024-09-24,DELIVERED
476,11,63,2024-04-13,2024-05-12,DELIVERED
477,20,423,2026-01-09,2026-01-23,DELIVERED
478,14,215,2024-04-15,2024-04-22,DELIVERED
479,14,41,2023-07-24,2023-07-31,DELIVERED
480,7,293,2025-11-30,2025-12-09,IN_TRANSIT
481,9,288,2024-05-01,2024-05-28,DELIVERED
482,17,484,2026-01-01,2026-01-14,DELAYED
483,11,324,2026-06-16,2026-06-29,DELIVERED
484,4,4,2025-02-11,2025-02-22,DELIVERED
485,1,393,2025-07-21,2025-08-24,DELIVERED
486,6,313,2025-03-06,2025-03-29,DELIVERED
487,9,406,2024-11-23,2024-11-29,DELAYED
488,15,53,2025-11-04,2025-11-16,DELIVERED
489,18,289,2024-08-08,2024-08-19,IN_TRANSIT
490,13,456,2023-03-29,2023-04-24,DELIVERED
491,1,8,2023-12-01,2024-01-08,DELIVERED
492,2,35,2025-01-09,2025-02-10,IN_TRANSIT
493,6,375,2026-04-07,2026-05-15,DELIVERED
494,10,196,2026-03-16,2026-03-21,IN_TRANSIT
495,7,167,2023-04-04,2023-04-09,DELIVERED
496,9,105,2024-07-14,2024-07-19,DELIVERED
497,7,129,2026-08-09,2026-09-17,DELIVERED
498,4,379,2023-08-05,2023-08-18,DELIVERED
499,18,408,2026-09-04,2026-09-20,DELIVERED
500,19,91,2024-04-01,2024-05-06,DELIVERED
501,15,465,2024-05-13,2024-06-18,DELIVERED
502,1,206,2025-09-28,2025-10-19,DELIVERED
503,11,10,2023-02-28,2023-03-10,IN_TRANSIT
504,11,269,2024-09-30,2024-10-14,DELIVERED
505,8,494,2025-04-22,2025-05-22,DELIVERED
506,15,100,2025-04-04,2025-05-12,IN_TRANSIT
507,13,50,2023-03-05,2023-03-26,DELIVERED
508,17,107,2023-11-14,2023-12-03,DELIVERED
509,13,299,2023-08-13,2023-08-21,DELIVERED
510,15,394,2025-10-03,2025-10-29,DELIVERED
511,20,317,2026-01-11,2026-01-19,DELIVERED
512,15,216,2023-07-23,2023-08-19,IN_TRANSIT
513,10,28,2023-06-06,2023-06-21,DELAYED
514,12,58,2026-06-01,2026-06-23,DELAYED
515,1,200,2026-05-14,2026-05-19,DELIVERED
516,10,238,2026-09-23,2026-10-30,DELIVERED
517,14,377,2026-03-18,2026-03-25,DELIVERED
518,19,264,2023-01-06,2023-02-09,DELIVERED
519,19,63,2024-03-31,2024-04-10,DELIVERED
520,7,327,2024-11-27,2024-12-06,DELIVERED
521,20,154,2024-09-07,2024-10-14,DELIVERED
522,7,133,2025-07-06,2025-08-02,DELIVERED
523,7,79,2024-10-02,2024-10-12,DELIVERED
524,12,5,2024-10-11,2024-10-21,DELIVERED
525,1,186,2025-10-25,2025-11-15,DELIVERED
526,20,343,2024-05-17,2024-06-21,IN_TRANSIT
527,2,335,2023-08-25,2023-09-15,DELIVERED
528,7,408,2023-10-16,2023-11-03,DELIVERED
529,7,469,2023-01-11,2023-02-10,DELIVERED
530,7,461,2024-09-28,2024-10-18,DELIVERED
531,2,181,2026-08-22,2026-09-15,DELIVERED
532,2,337,2024-04-06,2024-04-14,DELIVERED
533,2,251,2024-01-10,2024-01-20,DELIVERED
534,5,284,2026-06-23,2026-08-01,DELIVERED
535,18,64,2025-10-04,2025-10-24,DELIVERED
536,19,237,2024-08-22,2024-09-28,DELIVERED
537,16,408,2026-04-26,2026-05-19,DELIVERED
538,16,380,2024-07-30,2024-08-23,DELIVERED
539,11,140,2024-02-02,2024-02-11,DELIVERED
540,16,137,2024-02-13,2024-02-26,DELIVERED
541,13,396,2023-09-17,2023-09-28,DELIVERED
542,18,398,2025-10-08,2025-10-17,DELIVERED
543,14,406,2025-02-12,2025-03-09,DELIVERED
544,20,236,2023-03-20,2023-04-22,DELIVERED
545,4,484,2023-12-05,2023-12-30,DELIVERED
546,3,65,2026-03-10,2026-04-11,DELIVERED
547,7,94,2025-08-15,2025-09-13,DELIVERED
548,19,20,2024-04-09,2024-05-04,DELAYED
549,15,129,2026-03-29,2026-04-17,DELIVERED
550,13,6,2026-06-17,2026-07-02,DELIVERED
551,4,482,2026-06-13,2026-07-12,DELIVERED
552,20,329,2023-02-08,2023-02-26,IN_TRANSIT
553,2,138,2024-12-29,2025-01-10,DELIVERED
554,10,126,2023-09-10,2023-09-18,DELIVERED
555,4,289,2025-04-27,2025-05-27,DELIVERED
556,13,43,2026-01-28,2026-02-19,DELIVERED
557,20,479,2023-03-20,2023-04-25,DELIVERED
558,12,214,2024-12-12,2025-01-01,DELAYED
559,16,20,2024-03-02,2024-03-13,DELIVERED
560,7,100,2025-06-27,2025-07-10,DELIVERED
561,1,169,2025-09-20,2025-10-19,DELIVERED
562,18,111,2025-01-03,2025-02-04,DELIVERED
563,15,432,2024-04-04,2024-05-06,DELIVERED
564,13,454,2026-01-03,2026-02-08,DELIVERED
565,18,250,2024-04-08,2024-05-12,DELIVERED
566,9,240,2024-06-16,2024-07-21,DELIVERED
567,12,394,2026-09-28,2026-10-08,DELIVERED
568,7,434,2024-09-12,2024-10-07,DELIVERED
569,16,318,2025-10-12,2025-10-17,DELIVERED
570,15,252,2025-09-03,2025-09-22,DELIVERED
571,15,239,2024-04-30,2024-05-17,DELIVERED
572,13,5,2024-08-16,2024-09-06,DELIVERED
573,5,496,2024-10-27,2024-12-04,DELIVERED
574,19,164,2025-01-05,2025-01-22,DELIVERED
575,1,189,2026-08-12,2026-08-22,DELAYED
576,15,113,2025-09-13,2025-10-12,DELIVERED
577,5,485,2025-03-02,2025-03-16,DELIVERED
578,14,413,2024-09-27,2024-10-11,DELIVERED
579,17,276,2023-01-31,2023-02-14,DELIVERED
580,2,16,2023-09-11,2023-09-27,DELIVERED
581,9,159,2026-01-10,2026-02-12,DELAYED
582,19,271,2025-07-09,2025-08-03,DELIVERED
583,20,9,2026-08-06,2026-08-11,DELIVERED
584,14,301,2025-10-10,2025-11-09,DELIVERED
585,13,294,2026-07-24,2026-08-26,DELIVERED
586,13,429,2024-08-10,2024-08-17,DELIVERED
587,5,114,2024-02-27,2024-03-26,DELIVERED
588,2,212,2024-04-16,2024-04-22,DELIVERED
589,4,291,2026-01-14,2026-01-19,DELIVERED
590,17,246,2025-07-26,2025-08-01,DELAYED
591,12,300,2023-11-22,2023-12-22,DELIVERED
592,1,249,2026-05-13,2026-05-22,DELIVERED
593,1,52,2024-02-12,2024-02-18,IN_TRANSIT
594,3,60,2024-09-10,2024-09-26,DELIVERED
595,20,231,2024-01-04,2024-01-24,DELAYED
596,1,259,2024-02-20,2024-03-03,DELIVERED
597,9,469,2025-11-04,2025-12-13,DELAYED
598,20,80,2024-09-30,2024-11-02,DELIVERED
599,5,458,2023-07-20,2023-08-03,DELIVERED
600,19,490,2026-05-16,2026-06-18,IN_TRANSIT
601,19,342,2026-09-23,2026-10-15,DELIVERED
602,5,175,2024-09-06,2024-09-20,DELAYED
603,3,111,2025-07-21,2025-08-15,DELIVERED
604,10,494,2026-03-31,2026-04-12,DELIVERED
605,11,316,2024-03-27,2024-04-17,DELAYED
606,4,114,2023-09-06,2023-10-10,DELIVERED
607,9,174,2025-01-16,2025-01-23,DELIVERED
608,15,33,2026-01-11,2026-01-22,DELIVERED
609,6,402,2023-09-03,2023-10-09,DELIVERED
610,10,108,2023-01-09,2023-01-31,IN_TRANSIT
611,12,369,2025-01-31,2025-02-15,DELIVERED
612,18,61,2026-02-28,2026-03-07,DELIVERED
613,7,478,2026-04-29,2026-05-11,DELAYED
614,2,269,2026-01-09,2026-01-22,DELIVERED
615,8,217,2024-04-29,2024-05-19,DELIVERED
616,16,293,2025-05-05,2025-06-04,IN_TRANSIT
617,20,383,2024-08-08,2024-09-08,DELIVERED
618,10,418,2025-05-21,2025-05-30,DELIVERED
619,1,137,2024-06-06,2024-07-07,DELAYED
620,10,104,2024-01-30,2024-02-29,DELIVERED
621,15,259,2025-07-11,2025-08-11,DELIVERED
622,11,139,2023-09-15,2023-09-30,DELIVERED
623,9,157,2026-03-04,2026-03-23,IN_TRANSIT
624,8,395,2025-02-12,2025-02-22,DELIVERED
625,2,331,2025-08-21,2025-09-21,IN_TRANSIT
626,20,344,2023-02-13,2023-02-19,DELIVERED
627,16,362,2024-06-30,2024-07-23,DELIVERED
628,9,266,2026-03-07,2026-04-10,IN_TRANSIT
629,16,401,2024-04-18,2024-05-07,DELIVERED
630,19,440,2025-01-30,2025-02-19,DELIVERED
631,19,255,2025-10-31,2025-12-05,DELIVERED
632,13,325,2024-02-07,2024-02-19,DELIVERED
633,5,297,2024-09-05,2024-10-13,DELIVERED
634,14,181,2026-04-01,2026-04-25,DELIVERED
635,15,221,2024-06-17,2024-06-30,DELIVERED
636,1,168,2025-06-03,2025-06-28,DELIVERED
637,16,277,2023-08-23,2023-09-07,DELIVERED
638,8,400,2024-03-19,2024-04-10,DELIVERED
639,20,52,2023-10-05,2023-11-09,DELIVERED
640,20,438,2025-12-10,2025-12-22,DELAYED
641,17,17,2023-11-18,2023-12-25,DELIVERED
642,20,485,2023-02-24,2023-03-07,IN_TRANSIT
643,19,66,2023-12-19,2024-01-24,DELIVERED
644,18,386,2026-08-24,2026-09-09,IN_TRANSIT
645,2,420,2025-07-31,2025-08-13,DELIVERED
646,15,489,2025-12-02,2025-12-16,IN_TRANSIT
647,18,445,2026-05-18,2026-06-24,DELIVERED
648,8,303,2026-02-18,2026-03-20,DELIVERED
649,12,367,2026-09-04,2026-09-12,DELAYED
650,7,293,2023-09-21,2023-09-27,DELIVERED
651,19,330,2025-08-01,2025-08-27,DELIVERED
652,17,322,2024-02-01,2024-03-01,DELIVERED
653,1,158,2026-04-02,2026-04-22,DELIVERED
654,1,77,2023-06-23,2023-07-21,DELIVERED
655,1,144,2026-05-13,2026-06-16,DELIVERED
656,19,300,2023-11-16,2023-11-23,IN_TRANSIT
657,3,103,2023-06-12,2023-06-22,DELIVERED
658,14,340,2024-12-25,2025-01-09,DELIVERED
659,16,479,2023-04-03,2023-04-26,DELIVERED
660,13,72,2025-11-14,2025-12-11,IN_TRANSIT
661,2,264,2024-04-30,2024-05-12,DELIVERED
662,14,2,2025-04-20,2025-05-23,DELIVERED
663,9,303,2025-05-26,2025-06-09,DELIVERED
664,5,329,2024-11-21,2024-12-20,DELIVERED
665,17,114,2023-04-08,2023-05-11,DELIVERED
666,10,288,2024-05-16,2024-06-01,DELIVERED
667,13,123,2023-01-30,2023-02-27,DELIVERED
668,10,415,2026-05-15,2026-06-02,DELIVERED
669,2,23,2023-01-13,2023-02-15,DELAYED
670,2,280,2025-02-28,2025-04-02,DELIVERED
671,13,98,2023-09-10,2023-10-03,DELIVERED
672,6,469,2024-08-25,2024-09-16,DELIVERED
673,13,72,2025-02-03,2025-02-27,DELIVERED
674,11,20,2026-02-01,2026-02-12,DELIVERED
675,20,259,2023-04-27,2023-05-02,DELIVERED
676,15,89,2023-12-01,2024-01-02,DELAYED
677,14,218,2023-09-21,2023-09-28,DELIVERED
678,3,110,2025-07-17,2025-08-24,DELIVERED
679,6,326,2023-12-12,2023-12-21,DELIVERED
680,19,387,2024-04-27,2024-05-03,DELIVERED
681,6,58,2024-09-09,2024-09-27,DELIVERED
682,8,5,2025-12-08,2026-01-14,DELIVERED
683,19,400,2023-07-15,2023-07-28,DELIVERED
684,5,147,2023-09-02,2023-09-29,DELIVERED
685,5,367,2024-01-06,2024-02-02,DELIVERED
686,18,158,2026-09-10,2026-09-22,DELIVERED
687,12,359,2026-05-18,2026-06-26,DELIVERED
688,9,254,2023-02-26,2023-03-05,DELIVERED
689,1,29,2026-08-30,2026-09-25,DELIVERED
690,1,430,2024-10-05,2024-11-09,DELIVERED
691,7,124,2026-08-09,2026-08-14,DELIVERED
692,20,78,2024-09-23,2024-09-29,DELIVERED
693,6,11,2023-12-17,2024-01-13,DELIVERED
694,12,104,2025-07-22,2025-07-30,DELAYED
695,19,120,2026-03-25,2026-04-18,DELIVERED
696,14,433,2025-12-28,2026-01-27,IN_TRANSIT
697,4,26,2025-01-18,2025-01-29,DELIVERED
698,18,279,2023-07-22,2023-08-25,DELIVERED
699,1,212,2025-11-26,2025-12-30,DELIVERED
700,13,107,2023-07-27,2023-08-01,IN_TRANSIT
701,7,90,2026-05-13,2026-06-15,DELIVERED
702,2,79,2023-02-03,2023-02-08,DELIVERED
703,9,137,2025-07-10,2025-07-25,DELAYED
704,2,328,2023-01-07,2023-02-05,DELIVERED
705,18,35,2025-06-14,2025-07-18,DELIVERED
706,13,375,2024-10-24,2024-11-26,DELAYED
707,14,382,2026-01-15,2026-02-21,DELIVERED
708,3,461,2024-03-09,2024-04-15,DELIVERED
709,1,278,2023-11-25,2023-12-04,DELIVERED
710,3,42,2023-01-01,2023-02-07,DELAYED
711,1,378,2023-03-19,2023-04-12,DELIVERED
712,11,124,2023-08-25,2023-10-02,DELIVERED
713,7,263,2025-02-08,2025-03-05,IN_TRANSIT
714,19,86,2023-08-22,2023-09-22,DELIVERED
715,9,467,2025-12-02,2025-12-16,DELAYED
716,2,342,2025-03-23,2025-04-20,DELIVERED
717,13,82,2026-01-17,2026-01-30,DELIVERED
718,16,94,2025-08-11,2025-09-02,DELIVERED
719,18,402,2024-01-25,2024-02-29,DELIVERED
720,12,254,2024-03-07,2024-04-07,DELIVERED
721,1,357,2023-02-20,2023-03-30,DELIVERED
722,4,323,2026-08-28,2026-09-29,IN_TRANSIT
723,12,483,2025-08-31,2025-10-01,IN_TRANSIT
724,1,113,2023-05-26,2023-06-16,DELIVERED
725,2,29,2024-01-20,2024-02-22,DELAYED
726,19,203,2023-12-03,2023-12-11,DELIVERED
727,1,279,2023-06-22,2023-07-08,DELIVERED
728,19,210,2025-10-19,2025-10-24,DELAYED
729,4,252,2024-04-22,2024-05-16,DELIVERED
730,20,470,2025-08-30,2025-09-10,DELIVERED
731,6,325,2024-07-19,2024-08-18,DELIVERED
732,10,310,2024-04-15,2024-04-23,DELIVERED
733,6,267,2025-04-07,2025-05-16,DELIVERED
734,18,282,2025-08-25,2025-09-02,DELIVERED
735,5,183,2025-06-10,2025-06-16,DELIVERED
736,20,206,2024-07-11,2024-07-18,DELAYED
737,3,107,2026-09-18,2026-10-20,IN_TRANSIT
738,5,69,2025-10-02,2025-11-06,DELIVERED
739,20,77,2023-01-27,2023-02-21,DELIVERED
740,1,246,2025-04-19,2025-05-16,DELIVERED
741,3,470,2025-03-25,2025-04-22,DELIVERED
742,1,209,2023-07-28,2023-08-24,DELAYED
743,16,82,2026-04-15,2026-05-16,DELIVERED
744,19,386,2025-06-26,2025-08-02,DELIVERED
745,6,129,2025-06-03,2025-07-12,DELAYED
746,20,232,2023-07-29,2023-08-03,DELIVERED
747,8,170,2026-06-22,2026-07-29,IN_TRANSIT
748,7,473,2025-10-15,2025-10-20,DELIVERED
749,1,206,2025-12-21,2026-01-14,DELIVERED
750,9,173,2026-02-20,2026-03-17,DELIVERED
751,8,288,2024-02-08,2024-03-12,DELIVERED
752,4,418,2024-02-18,2024-03-08,DELIVERED
753,4,92,2024-11-09,2024-11-28,DELIVERED
754,13,416,2026-01-13,2026-02-09,DELIVERED
755,10,76,2025-01-19,2025-02-18,DELIVERED
756,12,28,2023-01-24,2023-03-01,DELIVERED
757,17,198,2026-02-13,2026-03-12,DELIVERED
758,2,204,2026-05-13,2026-06-01,DELAYED
759,9,6,2026-04-06,2026-04-11,DELIVERED
760,11,391,2023-02-06,2023-03-12,DELIVERED
761,9,322,2025-02-18,2025-03-16,DELIVERED
762,14,103,2023-01-01,2023-01-22,DELAYED
763,2,354,2023-01-03,2023-01-26,DELIVERED
764,7,134,2025-04-15,2025-05-21,DELIVERED
765,17,21,2026-09-21,2026-10-05,DELIVERED
766,12,181,2023-07-03,2023-08-10,DELIVERED
767,16,457,2023-03-27,2023-04-19,DELIVERED
768,9,114,2023-11-09,2023-12-18,DELIVERED
769,2,258,2025-02-15,2025-03-25,DELIVERED
770,8,308,2024-04-23,2024-05-05,DELIVERED
771,6,214,2025-08-20,2025-09-18,DELIVERED
772,15,322,2024-12-31,2025-01-25,DELIVERED
773,18,205,2024-02-10,2024-02-25,DELIVERED
774,8,456,2026-07-04,2026-07-22,DELIVERED
775,7,49,2023-01-10,2023-02-06,DELIVERED
776,18,343,2025-05-06,2025-06-11,DELIVERED
777,4,20,2023-08-13,2023-09-15,DELIVERED
778,15,51,2026-04-16,2026-05-02,DELIVERED
779,7,369,2023-01-27,2023-02-15,DELIVERED
780,3,161,2026-04-20,2026-05-09,DELIVERED
781,2,300,2023-06-21,2023-07-25,DELIVERED
782,7,48,2024-11-19,2024-12-18,DELIVERED
783,8,183,2025-12-24,2026-02-01,DELIVERED
784,7,61,2026-01-25,2026-02-05,DELAYED
785,15,185,2024-08-12,2024-09-13,DELIVERED
786,10,3,2024-03-04,2024-03-28,DELIVERED
787,12,255,2023-02-13,2023-03-14,DELIVERED
788,1,327,2026-01-02,2026-01-29,DELIVERED
789,17,42,2024-08-20,2024-09-24,DELIVERED
790,2,11,2024-03-10,2024-04-08,DELIVERED
791,1,191,2023-05-15,2023-06-11,DELIVERED
792,8,341,2025-02-21,2025-02-28,DELIVERED
793,5,449,2023-06-29,2023-08-01,DELIVERED
794,14,363,2025-04-24,2025-05-18,DELIVERED
795,15,428,2023-02-06,2023-02-25,DELIVERED
796,14,292,2023-06-25,2023-07-15,IN_TRANSIT
797,12,264,2026-04-26,2026-05-04,DELIVERED
798,11,230,2026-04-12,2026-05-03,DELIVERED
799,1,180,2025-02-24,2025-03-24,DELAYED
800,10,80,2025-04-10,2025-05-12,DELIVERED
801,6,331,2024-01-24,2024-02-19,DELIVERED
802,2,94,2026-03-02,2026-03-08,DELIVERED
803,7,405,2025-11-26,2025-12-24,DELIVERED
804,5,143,2025-06-05,2025-06-20,DELIVERED
805,6,321,2023-01-26,2023-02-08,DELIVERED
806,16,56,2023-06-07,2023-06-22,IN_TRANSIT
807,18,454,2024-03-06,2024-04-07,DELIVERED
808,11,88,2026-01-19,2026-01-25,DELIVERED
809,20,369,2025-04-13,2025-04-28,DELIVERED
810,17,176,2023-03-09,2023-04-01,DELIVERED
811,19,304,2026-01-06,2026-02-01,IN_TRANSIT
812,12,452,2024-08-28,2024-09-15,DELAYED
813,20,275,2025-05-16,2025-05-23,DELIVERED
814,3,119,2024-05-04,2024-05-31,DELIVERED
815,11,397,2025-09-18,2025-10-08,DELIVERED
816,18,171,2026-02-27,2026-03-05,DELIVERED
817,8,60,2024-10-07,2024-10-12,DELIVERED
818,3,158,2026-08-30,2026-09-23,IN_TRANSIT
819,4,379,2023-03-26,2023-04-03,DELIVERED
820,13,97,2024-02-12,2024-02-26,DELIVERED
821,6,289,2023-08-01,2023-08-06,DELIVERED
822,20,371,2023-01-18,2023-02-25,DELIVERED
823,9,24,2023-04-04,2023-04-26,DELAYED
824,19,62,2026-03-21,2026-04-20,DELIVERED
825,2,415,2026-09-18,2026-10-07,DELIVERED
826,9,29,2024-05-24,2024-06-26,DELIVERED
827,4,15,2025-08-17,2025-09-04,IN_TRANSIT
828,16,250,2023-06-25,2023-07-13,DELAYED
829,11,76,2023-08-31,2023-10-01,DELIVERED
830,3,184,2026-02-09,2026-02-18,DELIVERED
831,13,246,2026-04-08,2026-05-16,DELIVERED
832,19,260,2024-02-21,2024-03-18,DELIVERED
833,13,199,2024-09-15,2024-10-18,DELIVERED
834,13,451,2024-09-12,2024-10-02,DELIVERED
835,18,492,2025-06-13,2025-07-07,DELIVERED
836,19,48,2025-03-13,2025-04-16,DELIVERED
837,10,190,2024-07-04,2024-07-28,DELIVERED
838,12,490,2023-07-05,2023-08-09,DELIVERED
839,5,379,2023-07-27,2023-08-10,DELIVERED
840,19,281,2024-09-12,2024-09-30,DELIVERED
841,19,482,2023-07-29,2023-08-03,DELIVERED
842,1,18,2023-11-07,2023-11-30,DELIVERED
843,6,220,2023-05-06,2023-06-09,DELIVERED
844,14,112,2023-07-01,2023-07-30,DELIVERED
845,9,99,2023-08-18,2023-09-02,DELAYED
846,13,188,2023-04-28,2023-05-12,DELIVERED
847,12,22,2026-08-14,2026-09-11,DELIVERED
848,5,131,2023-04-02,2023-04-19,DELAYED
849,2,51,2023-05-12,2023-05-24,DELAYED
850,17,10,2023-12-04,2023-12-17,IN_TRANSIT
851,10,263,2026-01-14,2026-01-28,DELIVERED
852,1,487,2025-11-12,2025-11-21,IN_TRANSIT
853,20,309,2024-03-17,2024-04-01,DELIVERED
854,17,267,2026-01-28,2026-02-15,DELIVERED
855,5,54,2024-10-14,2024-11-01,DELIVERED
856,1,178,2024-09-27,2024-10-18,DELIVERED
857,17,225,2023-04-24,2023-05-30,DELIVERED
858,2,232,2026-03-27,2026-04-24,IN_TRANSIT
859,3,373,2024-10-02,2024-10-28,DELIVERED
860,14,309,2025-05-15,2025-05-20,DELIVERED
861,20,57,2025-03-01,2025-03-26,DELIVERED
862,11,345,2025-07-23,2025-08-22,DELIVERED
863,2,295,2025-06-16,2025-06-29,DELIVERED
864,3,247,2024-09-30,2024-11-05,DELIVERED
865,1,258,2025-12-20,2026-01-05,DELIVERED
866,20,357,2024-11-29,2024-12-14,DELIVERED
867,9,24,2023-04-27,2023-05-22,DELIVERED
868,17,124,2023-12-30,2024-01-26,DELIVERED
869,6,3,2026-06-10,2026-07-19,DELIVERED
870,11,392,2025-09-04,2025-10-11,DELIVERED
871,8,491,2025-11-10,2025-12-07,DELIVERED
872,20,5,2025-01-24,2025-02-08,DELIVERED
873,20,208,2023-02-22,2023-03-23,DELIVERED
874,17,432,2025-12-01,2025-12-26,DELAYED
875,18,308,2024-04-06,2024-05-04,DELIVERED
876,13,325,2024-02-12,2024-02-26,IN_TRANSIT
877,9,400,2024-10-22,2024-11-21,DELIVERED
878,9,205,2024-04-22,2024-05-02,DELIVERED
879,3,447,2025-02-15,2025-02-20,DELIVERED
880,3,214,2025-04-07,2025-05-14,DELAYED
881,17,10,2026-02-14,2026-03-23,DELIVERED
882,8,112,2026-03-20,2026-03-28,DELIVERED
883,10,325,2023-03-02,2023-03-12,DELIVERED
884,17,254,2023-10-28,2023-12-01,DELIVERED
885,1,430,2024-02-28,2024-03-18,DELIVERED
886,7,499,2023-05-18,2023-05-28,DELIVERED
887,4,446,2026-06-28,2026-07-13,DELIVERED
888,17,210,2023-11-17,2023-12-06,DELIVERED
889,15,384,2023-06-04,2023-06-27,DELIVERED
890,5,282,2023-03-01,2023-03-17,DELIVERED
891,7,218,2026-09-17,2026-10-07,DELIVERED
892,9,58,2023-03-01,2023-03-29,DELIVERED
893,19,410,2025-09-15,2025-10-14,DELIVERED
894,4,128,2026-01-08,2026-01-17,DELIVERED
895,4,457,2024-11-13,2024-12-03,DELIVERED
896,8,191,2025-11-01,2025-11-15,DELIVERED
897,4,360,2024-11-05,2024-11-21,DELIVERED
898,15,310,2025-05-28,2025-07-02,DELIVERED
899,4,428,2026-04-06,2026-05-06,DELIVERED
900,16,77,2023-09-16,2023-10-05,DELIVERED
901,1,357,2024-08-20,2024-09-03,DELIVERED
902,1,12,2023-04-09,2023-04-27,DELIVERED
903,7,140,2026-04-09,2026-04-23,IN_TRANSIT
904,19,397,2025-08-03,2025-09-02,DELIVERED
905,6,361,2023-01-11,2023-02-15,DELIVERED
906,16,103,2026-01-09,2026-02-03,DELIVERED
907,16,233,2026-01-11,2026-01-26,IN_TRANSIT
908,8,373,2026-03-27,2026-04-29,DELIVERED
909,11,315,2025-04-14,2025-05-16,IN_TRANSIT
910,3,92,2025-05-21,2025-06-12,DELIVERED
911,15,87,2024-05-11,2024-06-10,DELIVERED
912,16,49,2024-04-29,2024-05-06,DELIVERED
913,16,236,2025-08-20,2025-09-24,DELAYED
914,6,349,2023-12-06,2024-01-07,DELIVERED
915,9,497,2024-08-04,2024-08-28,DELIVERED
916,20,245,2025-02-06,2025-02-28,DELIVERED
917,17,12,2023-08-17,2023-09-22,IN_TRANSIT
918,3,175,2023-09-26,2023-10-20,DELIVERED
919,20,456,2024-11-16,2024-11-23,DELAYED
920,18,8,2025-01-27,2025-02-22,DELIVERED
921,6,301,2024-12-15,2024-12-29,IN_TRANSIT
922,15,401,2023-12-30,2024-01-19,DELIVERED
923,18,284,2025-01-24,2025-02-22,DELIVERED
924,8,292,2024-07-18,2024-08-12,DELIVERED
925,6,382,2026-01-16,2026-02-11,DELIVERED
926,5,254,2026-06-21,2026-07-29,DELIVERED
927,6,136,2023-01-05,2023-01-18,DELIVERED
928,13,141,2024-03-19,2024-03-25,DELIVERED
929,3,383,2023-05-22,2023-06-21,DELIVERED
930,6,100,2023-09-19,2023-10-12,DELIVERED
931,18,161,2025-03-04,2025-03-30,DELIVERED
932,9,422,2024-10-05,2024-10-22,IN_TRANSIT
933,9,87,2026-01-18,2026-02-24,DELIVERED
934,1,464,2025-10-29,2025-11-25,DELIVERED
935,11,420,2025-12-09,2026-01-03,DELIVERED
936,12,318,2024-12-27,2025-01-28,DELIVERED
937,12,248,2023-04-20,2023-05-05,DELIVERED
938,1,43,2024-02-29,2024-03-15,DELIVERED
939,5,481,2024-10-10,2024-11-10,DELIVERED
940,14,458,2026-08-04,2026-08-24,DELAYED
941,16,338,2023-05-09,2023-05-28,IN_TRANSIT
942,12,311,2025-03-06,2025-03-17,DELIVERED
943,16,182,2024-05-14,2024-06-10,DELIVERED
944,15,132,2026-04-13,2026-05-09,DELIVERED
945,3,311,2025-01-04,2025-01-21,DELIVERED
946,14,98,2026-01-05,2026-02-01,DELIVERED
947,18,290,2023-06-15,2023-07-09,DELIVERED
948,11,10,2024-03-10,2024-03-19,IN_TRANSIT
949,2,147,2024-03-11,2024-03-29,DELAYED
950,11,320,2026-09-04,2026-09-19,DELAYED
951,5,34,2023-11-07,2023-12-13,DELIVERED
952,10,325,2024-03-20,2024-04-21,DELIVERED
953,20,378,2026-04-14,2026-05-07,IN_TRANSIT
954,8,233,2024-01-24,2024-02-21,DELIVERED
955,2,405,2026-09-28,2026-10-25,DELIVERED
956,15,74,2025-05-20,2025-06-09,DELIVERED
957,8,53,2026-09-02,2026-09-10,DELIVERED
958,1,366,2023-11-09,2023-11-20,IN_TRANSIT
959,20,234,2023-04-30,2023-06-07,DELIVERED
960,11,286,2025-12-09,2025-12-15,IN_TRANSIT
961,4,93,2024-06-20,2024-07-20,DELIVERED
962,9,260,2025-03-31,2025-04-20,DELIVERED
963,4,224,2024-12-07,2024-12-27,DELIVERED
964,16,397,2026-03-02,2026-04-10,DELIVERED
965,3,148,2026-06-25,2026-07-02,DELIVERED
966,17,30,2024-05-01,2024-06-05,DELIVERED
967,13,463,2026-05-21,2026-06-22,DELIVERED
968,8,372,2026-05-12,2026-05-26,DELIVERED
969,6,127,2023-08-24,2023-09-04,DELIVERED
970,6,356,2025-07-30,2025-08-09,DELIVERED
971,5,308,2024-04-05,2024-04-18,DELIVERED
972,18,417,2026-02-11,2026-03-11,IN_TRANSIT
973,7,74,2023-07-19,2023-08-23,DELIVERED
974,1,479,2024-06-21,2024-06-28,DELAYED
975,13,128,2026-04-08,2026-04-30,DELIVERED
976,19,21,2024-09-27,2024-10-14,DELIVERED
977,4,247,2024-12-02,2024-12-18,DELIVERED
978,19,213,2025-08-18,2025-08-31,DELIVERED
979,3,98,2026-07-03,2026-08-08,DELIVERED
980,4,20,2026-06-15,2026-07-10,DELIVERED
981,20,155,2023-01-02,2023-01-08,DELIVERED
982,5,130,2023-06-10,2023-06-30,DELAYED
983,1,67,2023-10-30,2023-11-26,DELIVERED
984,20,392,2024-02-23,2024-03-20,DELIVERED
985,11,228,2023-08-25,2023-09-14,DELIVERED
986,12,291,2023-05-15,2023-05-24,DELIVERED
987,11,348,2026-08-26,2026-09-25,DELIVERED
988,17,149,2024-09-10,2024-10-19,DELIVERED
989,14,201,2024-03-09,2024-03-20,DELIVERED
990,2,64,2024-08-09,2024-08-16,IN_TRANSIT
991,14,457,2026-09-26,2026-10-26,DELIVERED
992,19,316,2024-11-12,2024-12-15,DELIVERED
993,1,135,2023-10-25,2023-11-05,DELIVERED
994,20,301,2024-03-13,2024-04-15,DELIVERED
995,2,161,2023-12-26,2024-01-15,DELIVERED
996,9,408,2026-05-28,2026-06-30,DELAYED
997,19,133,2025-05-09,2025-06-09,DELIVERED
998,14,384,2025-07-31,2025-08-31,DELIVERED
999,18,170,2023-03-08,2023-04-12,DELIVERED
1000,16,21,2025-10-17,2025-10-31,DELIVERED
1001,11,429,2024-07-18,2024-08-21,DELIVERED
1002,5,314,2025-05-07,2025-06-07,DELAYED
1003,14,403,2026-09-10,2026-10-11,DELIVERED
1004,7,223,2025-01-24,2025-03-03,DELIVERED
1005,14,124,2025-01-04,2025-01-15,DELIVERED
1006,19,465,2025-10-04,2025-11-06,DELIVERED
1007,7,127,2026-02-16,2026-03-05,IN_TRANSIT
1008,7,273,2023-08-16,2023-09-06,DELIVERED
1009,2,143,2024-05-06,2024-06-01,DELAYED
1010,19,168,2023-12-09,2024-01-11,DELIVERED
1011,19,500,2024-07-19,2024-07-28,DELIVERED
1012,11,81,2024-03-11,2024-03-18,DELIVERED
1013,19,50,2026-06-25,2026-07-02,DELAYED
1014,20,436,2025-09-01,2025-09-28,IN_TRANSIT
1015,16,134,2024-12-03,2024-12-12,IN_TRANSIT
1016,15,36,2026-09-28,2026-11-04,DELIVERED
1017,20,39,2025-09-05,2025-09-29,IN_TRANSIT
1018,15,169,2026-09-10,2026-10-12,IN_TRANSIT
1019,4,320,2023-07-01,2023-08-06,DELIVERED
1020,7,390,2023-09-02,2023-10-06,DELAYED
1021,20,449,2025-12-06,2025-12-21,DELIVERED
1022,11,428,2024-06-18,2024-07-10,DELAYED
1023,6,413,2026-06-21,2026-07-28,DELIVERED
1024,13,206,2024-08-27,2024-09-22,DELIVERED
1025,10,256,2026-05-09,2026-06-15,DELIVERED
1026,7,292,2024-12-17,2025-01-09,DELIVERED
1027,17,208,2024-08-16,2024-09-03,DELIVERED
1028,11,80,2025-12-22,2026-01-29,DELIVERED
1029,6,245,2025-01-26,2025-02-24,DELIVERED
1030,18,45,2025-07-23,2025-08-07,DELIVERED
1031,13,314,2024-01-24,2024-02-02,DELIVERED
1032,10,9,2023-11-15,2023-11-24,DELIVERED
1033,2,340,2023-12-26,2024-01-21,DELIVERED
1034,20,254,2024-09-23,2024-09-28,IN_TRANSIT
1035,11,456,2023-12-09,2023-12-17,DELIVERED
1036,18,146,2025-11-04,2025-11-21,IN_TRANSIT
1037,1,481,2023-03-30,2023-04-10,DELIVERED
1038,8,3,2026-08-16,2026-09-17,DELIVERED
1039,3,190,2023-04-19,2023-05-08,DELIVERED
1040,18,11,2023-07-15,2023-08-08,DELIVERED
1041,18,193,2025-07-08,2025-07-22,DELIVERED
1042,9,155,2023-08-18,2023-09-10,DELIVERED
1043,14,83,2024-09-29,2024-10-18,DELIVERED
1044,19,424,2023-05-17,2023-06-04,DELIVERED
1045,7,282,2023-07-21,2023-08-19,DELIVERED
1046,3,393,2024-05-29,2024-07-01,IN_TRANSIT
1047,6,93,2025-12-25,2026-01-23,DELIVERED
1048,10,287,2023-06-27,2023-07-12,DELIVERED
1049,15,497,2023-07-16,2023-07-27,DELAYED
1050,8,434,2025-02-03,2025-02-25,DELIVERED
1051,16,404,2025-10-03,2025-11-08,DELIVERED
1052,3,178,2025-06-15,2025-06-21,DELIVERED
1053,8,240,2026-09-21,2026-10-14,DELIVERED
1054,20,237,2023-06-11,2023-06-27,DELIVERED
1055,10,416,2025-04-09,2025-05-14,DELIVERED
1056,14,225,2025-07-30,2025-08-27,DELIVERED
1057,12,116,2024-04-22,2024-05-08,DELIVERED
1058,2,56,2023-06-23,2023-07-15,DELIVERED
1059,5,404,2023-09-24,2023-10-12,DELIVERED
1060,8,434,2024-06-21,2024-07-24,DELIVERED
1061,6,398,2023-07-25,2023-08-03,DELIVERED
1062,4,281,2024-07-16,2024-07-22,DELIVERED
1063,6,499,2024-08-11,2024-08-26,DELIVERED
1064,8,375,2026-09-19,2026-10-19,DELIVERED
1065,12,334,2023-07-12,2023-08-11,DELIVERED
1066,14,14,2024-03-18,2024-04-08,IN_TRANSIT
1067,10,160,2023-10-21,2023-11-18,DELIVERED
1068,18,477,2025-03-09,2025-03-24,DELIVERED
1069,12,395,2025-03-09,2025-03-31,DELAYED
1070,15,215,2026-10-01,2026-11-08,IN_TRANSIT
1071,5,132,2023-01-21,2023-02-10,DELIVERED
1072,14,468,2025-11-25,2025-12-01,DELIVERED
1073,11,207,2026-07-17,2026-07-28,DELIVERED
1074,1,463,2023-01-21,2023-02-19,DELAYED
1075,12,48,2023-02-25,2023-03-16,DELIVERED
1076,20,254,2026-04-09,2026-04-28,DELIVERED
1077,18,264,2024-01-10,2024-01-31,DELIVERED
1078,16,42,2024-08-06,2024-08-14,IN_TRANSIT
1079,17,441,2023-06-24,2023-07-07,DELIVERED
1080,19,341,2025-10-02,2025-10-26,DELIVERED
1081,7,376,2026-03-12,2026-04-02,DELIVERED
1082,18,281,2024-01-24,2024-02-07,DELIVERED
1083,12,311,2023-08-15,2023-09-20,DELIVERED
1084,15,243,2024-11-18,2024-12-06,DELIVERED
1085,2,250,2024-02-03,2024-02-10,DELAYED
1086,12,497,2024-12-28,2025-02-02,DELAYED
1087,17,134,2024-03-18,2024-04-18,DELIVERED
1088,20,74,2023-07-28,2023-08-19,DELIVERED
1089,1,57,2026-04-10,2026-05-15,DELIVERED
1090,4,195,2023-05-07,2023-05-18,IN_TRANSIT
1091,4,16,2023-03-24,2023-04-12,DELIVERED
1092,20,401,2023-06-16,2023-07-16,DELIVERED
1093,3,59,2023-10-27,2023-12-03,DELIVERED
1094,20,476,2026-07-20,2026-08-13,DELAYED
1095,3,148,2023-05-05,2023-06-01,DELIVERED
1096,5,411,2026-03-30,2026-04-15,DELIVERED
1097,12,449,2025-02-16,2025-03-05,DELIVERED
1098,2,441,2026-09-12,2026-09-29,DELIVERED
1099,3,412,2026-06-10,2026-06-15,DELIVERED
1100,14,324,2026-01-22,2026-02-17,DELIVERED
1101,18,55,2024-09-23,2024-10-11,IN_TRANSIT
1102,11,99,2023-10-16,2023-11-12,DELIVERED
1103,14,313,2025-11-08,2025-11-19,DELIVERED
1104,13,96,2025-03-05,2025-03-25,DELIVERED
1105,2,109,2024-06-08,2024-06-14,DELIVERED
1106,11,47,2025-01-11,2025-02-11,DELIVERED
1107,19,480,2023-05-21,2023-06-22,DELIVERED
1108,12,329,2026-09-01,2026-10-02,DELIVERED
1109,19,42,2025-03-14,2025-03-24,DELIVERED
1110,13,237,2024-02-14,2024-02-21,DELIVERED
1111,8,496,2023-12-30,2024-01-26,DELIVERED
1112,10,280,2025-08-21,2025-09-02,DELIVERED
1113,14,15,2025-09-13,2025-09-21,DELAYED
1114,1,371,2026-03-10,2026-03-29,IN_TRANSIT
1115,16,32,2025-11-15,2025-11-29,DELIVERED
1116,17,51,2025-09-05,2025-09-29,DELIVERED
1117,8,495,2024-02-27,2024-03-19,DELIVERED
1118,5,210,2026-08-15,2026-08-21,DELIVERED
1119,15,110,2024-01-16,2024-02-15,DELIVERED
1120,5,293,2026-03-12,2026-03-26,DELIVERED
1121,17,129,2024-10-05,2024-10-20,DELIVERED
1122,1,370,2024-09-03,2024-09-24,DELIVERED
1123,13,496,2023-02-08,2023-03-04,IN_TRANSIT
1124,12,197,2023-10-25,2023-11-30,DELIVERED
1125,18,84,2023-02-17,2023-02-22,DELIVERED
1126,1,231,2023-05-31,2023-06-08,DELIVERED
1127,7,228,2026-03-30,2026-04-17,DELIVERED
1128,12,99,2025-08-02,2025-08-15,DELIVERED
1129,18,436,2024-03-19,2024-03-30,DELIVERED
1130,11,346,2024-03-13,2024-04-21,DELIVERED
1131,5,77,2026-06-01,2026-07-02,DELIVERED
1132,8,437,2026-08-05,2026-08-14,DELIVERED
1133,17,451,2023-05-18,2023-06-22,DELIVERED
1134,11,74,2023-11-02,2023-11-21,DELIVERED
1135,7,5,2024-07-11,2024-07-27,DELIVERED
1136,5,333,2025-02-02,2025-03-07,DELIVERED
1137,16,420,2024-11-28,2024-12-13,DELAYED
1138,18,474,2025-08-30,2025-09-24,DELAYED
1139,18,211,2024-05-18,2024-06-24,DELIVERED
1140,18,172,2024-04-23,2024-05-06,DELIVERED
1141,4,307,2023-07-12,2023-07-19,DELIVERED
1142,5,462,2025-04-25,2025-05-11,IN_TRANSIT
1143,9,199,2023-03-28,2023-05-01,DELIVERED
1144,17,328,2024-04-14,2024-05-17,DELIVERED
1145,4,384,2026-02-25,2026-03-03,DELIVERED
1146,3,122,2026-01-27,2026-02-01,DELIVERED
1147,11,353,2024-07-04,2024-07-31,DELIVERED
1148,1,230,2024-07-23,2024-08-16,DELIVERED
1149,2,27,2026-09-11,2026-10-14,DELIVERED
1150,1,345,2025-09-07,2025-10-16,DELIVERED
1151,11,49,2023-08-12,2023-09-02,DELIVERED
1152,13,149,2025-01-17,2025-01-28,DELIVERED
1153,4,261,2024-03-30,2024-04-25,DELIVERED
1154,15,205,2023-08-26,2023-09-14,DELIVERED
1155,14,291,2024-11-07,2024-12-06,DELIVERED
1156,18,472,2024-02-05,2024-02-13,DELIVERED
1157,15,64,2024-06-18,2024-07-01,DELIVERED
1158,1,99,2024-11-13,2024-11-29,DELIVERED
1159,18,382,2023-12-26,2024-01-21,IN_TRANSIT
1160,8,471,2024-06-11,2024-06-27,DELIVERED
1161,12,322,2026-04-12,2026-05-11,IN_TRANSIT
1162,15,406,2023-01-11,2023-01-22,DELAYED
1163,16,351,2023-01-04,2023-01-26,DELIVERED
1164,17,149,2025-08-17,2025-08-24,DELIVERED
1165,14,431,2026-02-23,2026-03-26,DELIVERED
1166,1,492,2024-01-16,2024-02-07,DELIVERED
1167,16,248,2024-09-25,2024-10-20,DELIVERED
1168,12,111,2025-04-29,2025-05-20,IN_TRANSIT
1169,16,180,2023-06-16,2023-06-27,DELIVERED
1170,12,487,2025-12-09,2025-12-16,DELIVERED
1171,16,294,2026-06-07,2026-06-16,DELIVERED
1172,6,35,2024-09-16,2024-10-16,DELIVERED
1173,1,407,2025-06-05,2025-06-21,DELIVERED
1174,13,164,2024-03-07,2024-03-14,DELIVERED
1175,2,56,2023-07-19,2023-08-07,DELIVERED
1176,14,51,2024-10-27,2024-11-04,DELIVERED
1177,8,115,2023-04-21,2023-05-08,DELIVERED
1178,12,88,2024-07-16,2024-08-03,DELAYED
1179,8,368,2023-10-26,2023-11-11,DELIVERED
1180,14,417,2025-09-21,2025-09-26,DELIVERED
1181,16,57,2025-09-08,2025-09-27,DELIVERED
1182,10,50,2026-03-27,2026-04-23,DELIVERED
1183,14,353,2025-07-27,2025-08-10,DELIVERED
1184,7,308,2024-04-24,2024-05-08,DELIVERED
1185,2,1,2025-04-12,2025-05-21,IN_TRANSIT
1186,11,263,2023-04-21,2023-05-17,DELIVERED
1187,2,467,2023-09-17,2023-09-23,DELIVERED
1188,3,258,2023-06-15,2023-07-09,DELIVERED
1189,7,435,2023-07-17,2023-08-11,DELIVERED
1190,10,167,2024-02-07,2024-02-15,IN_TRANSIT
1191,2,337,2026-03-10,2026-03-22,DELIVERED
1192,3,68,2024-11-06,2024-11-11,DELIVERED
1193,5,296,2023-07-14,2023-08-10,DELIVERED
1194,19,282,2024-02-22,2024-03-30,DELIVERED
1195,2,188,2025-10-18,2025-11-18,DELIVERED
1196,9,436,2023-11-25,2023-12-09,DELIVERED
1197,18,141,2025-02-16,2025-03-03,IN_TRANSIT
1198,12,151,2023-02-22,2023-03-21,DELIVERED
1199,20,237,2025-03-15,2025-04-07,DELIVERED
1200,8,149,2025-09-16,2025-10-14,DELAYED
1201,10,407,2024-07-17,2024-08-23,DELAYED
1202,8,247,2023-04-19,2023-05-20,DELIVERED
1203,10,434,2024-01-12,2024-02-13,DELIVERED
1204,16,483,2024-08-24,2024-09-10,DELIVERED
1205,6,181,2026-09-17,2026-10-20,DELIVERED
1206,6,194,2023-08-30,2023-09-10,DELIVERED
1207,5,16,2024-07-25,2024-08-24,DELIVERED
1208,1,401,2026-09-18,2026-10-01,DELIVERED
1209,2,403,2023-05-17,2023-06-22,DELIVERED
1210,19,372,2024-04-16,2024-05-15,DELIVERED
1211,12,410,2023-04-09,2023-05-10,DELIVERED
1212,3,318,2024-11-25,2024-12-16,IN_TRANSIT
1213,2,28,2023-09-19,2023-10-03,DELIVERED
1214,15,115,2023-06-14,2023-06-28,DELIVERED
1215,2,395,2023-06-18,2023-07-18,DELIVERED
1216,3,175,2023-08-02,2023-09-03,DELAYED
1217,16,430,2023-09-18,2023-10-15,DELIVERED
1218,18,344,2026-01-30,2026-02-24,DELIVERED
1219,12,321,2024-09-25,2024-10-25,DELIVERED
1220,6,152,2023-12-06,2023-12-30,DELIVERED
1221,3,483,2026-05-03,2026-05-22,DELIVERED
1222,14,273,2024-04-02,2024-05-05,DELIVERED
1223,12,480,2024-03-26,2024-04-03,DELIVERED
1224,14,178,2024-07-25,2024-08-30,DELIVERED
1225,3,57,2025-05-28,2025-07-05,DELAYED
1226,19,470,2026-06-03,2026-06-20,DELIVERED
1227,15,288,2023-04-23,2023-05-09,DELIVERED
1228,14,35,2024-06-18,2024-06-25,DELIVERED
1229,7,116,2025-09-28,2025-11-04,DELIVERED
1230,1,40,2026-06-19,2026-07-19,DELAYED
1231,3,74,2026-06-05,2026-07-05,DELAYED
1232,14,185,2023-02-13,2023-02-21,DELIVERED
1233,10,313,2025-07-11,2025-07-16,DELIVERED
1234,7,359,2023-05-10,2023-05-15,DELIVERED
1235,11,386,2023-08-19,2023-09-05,DELIVERED
1236,11,28,2025-05-15,2025-06-10,DELIVERED
1237,2,20,2024-12-06,2024-12-16,DELIVERED
1238,4,182,2026-08-01,2026-09-09,DELIVERED
1239,5,277,2023-04-29,2023-05-20,DELIVERED
1240,11,12,2023-10-03,2023-10-29,DELAYED
1241,7,198,2026-03-28,2026-04-18,DELIVERED
1242,17,62,2023-01-07,2023-02-14,DELIVERED
1243,3,270,2026-03-30,2026-05-05,DELIVERED
1244,16,134,2024-09-11,2024-10-13,DELIVERED
1245,5,358,2023-06-18,2023-07-01,DELIVERED
1246,4,285,2025-10-25,2025-11-28,DELIVERED
1247,6,44,2026-08-08,2026-09-16,DELIVERED
1248,11,23,2026-03-08,2026-03-13,DELIVERED
1249,14,112,2025-07-14,2025-08-06,IN_TRANSIT
1250,11,31,2025-05-14,2025-06-21,DELIVERED
1251,20,121,2026-06-23,2026-07-12,IN_TRANSIT
1252,8,291,2025-10-30,2025-11-21,IN_TRANSIT
1253,20,376,2026-02-01,2026-02-16,DELIVERED
1254,9,251,2023-06-13,2023-06-20,DELIVERED
1255,8,136,2025-07-12,2025-07-26,DELIVERED
1256,6,40,2023-06-24,2023-07-22,DELIVERED
1257,12,414,2024-06-29,2024-07-27,DELIVERED
1258,10,256,2023-01-23,2023-01-31,DELIVERED
1259,11,85,2024-05-01,2024-06-09,DELIVERED
1260,2,155,2024-03-27,2024-04-20,DELAYED
1261,19,326,2025-04-29,2025-05-10,DELIVERED
1262,10,95,2023-03-18,2023-04-18,DELIVERED
1263,7,158,2026-04-13,2026-05-19,DELIVERED
1264,17,454,2023-06-26,2023-07-10,DELIVERED
1265,20,242,2024-12-15,2024-12-31,DELIVERED
1266,4,134,2023-06-23,2023-06-29,DELIVERED
1267,9,391,2026-08-22,2026-09-17,DELIVERED
1268,1,434,2023-12-26,2024-01-12,IN_TRANSIT
1269,1,268,2023-09-08,2023-09-28,DELIVERED
1270,1,207,2024-06-03,2024-07-05,DELIVERED
1271,16,148,2026-07-31,2026-09-02,DELAYED
1272,14,474,2024-06-17,2024-07-01,DELIVERED
1273,19,7,2023-02-17,2023-03-02,DELIVERED
1274,3,428,2023-02-07,2023-02-13,DELIVERED
1275,14,257,2026-07-26,2026-09-01,DELIVERED
1276,12,349,2026-04-29,2026-05-05,DELIVERED
1277,1,178,2026-09-09,2026-10-04,DELIVERED
1278,15,276,2023-09-14,2023-09-24,DELIVERED
1279,6,76,2024-10-01,2024-10-06,DELIVERED
1280,1,471,2023-03-22,2023-04-06,DELIVERED
1281,20,500,2026-02-13,2026-03-07,DELIVERED
1282,5,306,2023-07-23,2023-07-30,DELAYED
1283,17,249,2026-06-11,2026-07-20,DELIVERED
1284,9,153,2025-08-30,2025-09-21,DELIVERED
1285,20,215,2025-05-14,2025-06-15,DELIVERED
1286,20,318,2025-07-31,2025-08-18,DELIVERED
1287,4,99,2024-11-10,2024-11-27,DELIVERED
1288,13,122,2024-10-25,2024-11-07,IN_TRANSIT
1289,10,81,2023-03-14,2023-03-25,DELIVERED
1290,11,312,2024-04-15,2024-05-22,DELIVERED
1291,7,229,2023-08-20,2023-09-03,DELIVERED
1292,8,483,2024-05-28,2024-06-07,DELIVERED
1293,12,109,2026-03-05,2026-04-06,DELIVERED
1294,6,444,2024-07-19,2024-08-10,DELIVERED
1295,14,42,2025-03-07,2025-04-13,DELIVERED
1296,5,445,2024-02-12,2024-03-06,DELIVERED
1297,18,498,2024-04-14,2024-04-23,DELIVERED
1298,1,287,2024-05-03,2024-05-13,IN_TRANSIT
1299,6,215,2025-07-17,2025-08-14,DELIVERED
1300,9,367,2025-10-16,2025-10-25,DELIVERED
1301,7,254,2024-06-26,2024-07-18,DELIVERED
1302,19,7,2025-07-29,2025-08-26,DELAYED
1303,7,267,2026-02-25,2026-03-06,DELIVERED
1304,11,362,2023-12-01,2024-01-09,DELAYED
1305,3,225,2023-06-05,2023-07-11,DELAYED
1306,13,148,2026-09-24,2026-10-19,DELIVERED
1307,7,230,2024-05-24,2024-06-16,DELIVERED
1308,17,219,2026-06-06,2026-06-18,DELIVERED
1309,1,459,2024-04-27,2024-05-12,DELIVERED
1310,5,445,2024-07-14,2024-08-12,DELIVERED
1311,12,108,2023-11-04,2023-11-09,DELAYED
1312,15,169,2023-06-15,2023-07-01,DELIVERED
1313,13,490,2026-04-28,2026-05-27,DELIVERED
1314,19,225,2023-04-07,2023-04-13,DELIVERED
1315,16,357,2026-02-27,2026-03-24,DELIVERED
1316,16,363,2026-09-20,2026-10-01,DELIVERED
1317,2,159,2024-12-17,2025-01-16,DELIVERED
1318,18,304,2024-12-03,2024-12-29,DELIVERED
1319,17,178,2023-01-26,2023-01-31,DELAYED
1320,17,402,2023-03-14,2023-03-26,IN_TRANSIT
1321,6,137,2025-09-16,2025-10-24,DELIVERED
1322,12,181,2025-10-25,2025-12-03,DELIVERED
1323,1,287,2023-07-12,2023-08-08,DELIVERED
1324,18,31,2023-10-27,2023-11-09,DELIVERED
1325,11,468,2025-11-23,2025-11-29,DELIVERED
1326,7,282,2023-10-26,2023-11-05,DELIVERED
1327,1,172,2025-01-04,2025-01-10,DELIVERED
1328,5,266,2026-01-16,2026-01-21,DELIVERED
1329,9,53,2024-01-25,2024-02-18,DELIVERED
1330,9,1,2024-08-21,2024-09-06,DELIVERED
1331,2,264,2026-01-03,2026-02-11,DELIVERED
1332,15,432,2025-11-06,2025-12-12,DELIVERED
1333,17,308,2024-02-14,2024-03-04,DELIVERED
1334,14,396,2026-06-13,2026-06-26,DELIVERED
1335,5,272,2024-11-20,2024-11-29,DELAYED
1336,2,93,2023-07-28,2023-08-06,DELAYED
1337,3,252,2026-01-06,2026-02-10,DELIVERED
1338,11,236,2024-06-15,2024-06-29,DELIVERED
1339,16,207,2026-04-09,2026-05-01,DELIVERED
1340,3,350,2025-05-13,2025-06-21,DELIVERED
1341,18,127,2026-06-14,2026-07-13,DELIVERED
1342,7,234,2026-05-16,2026-06-22,DELIVERED
1343,7,39,2024-11-07,2024-11-17,DELIVERED
1344,12,446,2026-01-28,2026-02-13,DELIVERED
1345,11,148,2025-01-24,2025-01-29,DELIVERED
1346,15,322,2026-06-09,2026-06-24,DELIVERED
1347,5,180,2025-06-24,2025-08-01,DELIVERED
1348,15,202,2026-06-23,2026-07-24,DELIVERED
1349,17,352,2025-02-16,2025-02-24,DELIVERED
1350,18,336,2025-02-14,2025-03-16,IN_TRANSIT
1351,15,10,2025-12-28,2026-01-23,DELIVERED
1352,14,4,2024-06-26,2024-07-06,DELIVERED
1353,4,220,2026-02-01,2026-02-08,IN_TRANSIT
1354,15,471,2023-09-05,2023-10-10,DELIVERED
1355,20,159,2025-11-28,2025-12-31,IN_TRANSIT
1356,12,495,2026-01-31,2026-02-27,DELIVERED
1357,19,419,2025-06-20,2025-07-21,DELIVERED
1358,12,455,2024-03-31,2024-04-28,DELIVERED
1359,14,373,2025-08-10,2025-08-29,DELIVERED
1360,3,138,2026-03-12,2026-04-17,DELIVERED
1361,4,199,2023-07-25,2023-08-23,DELIVERED
1362,5,73,2025-01-03,2025-01-14,DELIVERED
1363,13,377,2025-02-22,2025-03-07,DELIVERED
1364,7,135,2025-01-16,2025-02-06,IN_TRANSIT
1365,2,331,2024-02-22,2024-02-29,DELIVERED
1366,9,47,2026-05-04,2026-06-11,DELIVERED
1367,9,219,2025-11-03,2025-11-28,DELIVERED
1368,18,78,2024-05-12,2024-06-09,IN_TRANSIT
1369,13,478,2024-04-11,2024-05-06,DELIVERED
1370,3,239,2023-06-03,2023-06-15,DELAYED
1371,15,344,2025-12-19,2026-01-05,IN_TRANSIT
1372,5,411,2025-02-21,2025-03-26,DELIVERED
1373,10,347,2024-06-23,2024-07-27,DELIVERED
1374,17,329,2026-08-12,2026-09-16,DELIVERED
1375,6,193,2024-05-03,2024-05-18,DELIVERED
1376,19,357,2023-08-29,2023-09-15,DELIVERED
1377,7,32,2025-04-09,2025-04-21,DELIVERED
1378,19,378,2025-12-21,2025-12-26,DELIVERED
1379,9,430,2023-06-10,2023-06-15,DELIVERED
1380,15,486,2025-10-22,2025-11-29,DELIVERED
1381,19,462,2023-05-19,2023-06-20,DELIVERED
1382,2,414,2024-08-18,2024-09-06,DELIVERED
1383,19,218,2024-07-08,2024-08-04,DELIVERED
1384,18,72,2023-09-23,2023-10-08,DELIVERED
1385,7,277,2024-01-13,2024-01-19,DELIVERED
1386,1,126,2023-07-09,2023-08-02,IN_TRANSIT
1387,1,103,2024-12-01,2024-12-25,DELIVERED
1388,3,111,2024-02-19,2024-02-27,DELIVERED
1389,1,175,2026-06-03,2026-07-01,IN_TRANSIT
1390,16,412,2026-04-10,2026-05-16,DELIVERED
1391,15,339,2024-07-25,2024-08-26,DELIVERED
1392,17,338,2023-03-11,2023-03-17,IN_TRANSIT
1393,20,285,2024-10-16,2024-11-11,DELIVERED
1394,18,135,2023-01-26,2023-02-15,IN_TRANSIT
1395,8,308,2025-01-03,2025-02-01,DELIVERED
1396,7,128,2024-08-14,2024-09-08,DELIVERED
1397,16,173,2024-07-14,2024-07-19,DELIVERED
1398,19,26,2023-01-04,2023-02-06,DELIVERED
1399,7,22,2026-01-18,2026-02-21,DELIVERED
1400,19,457,2025-12-22,2026-01-11,DELIVERED
1401,3,452,2025-02-11,2025-03-06,IN_TRANSIT
1402,19,38,2024-11-01,2024-11-29,DELIVERED
1403,20,300,2023-02-15,2023-03-22,DELIVERED
1404,2,306,2026-03-15,2026-04-16,DELIVERED
1405,8,114,2023-12-25,2024-01-05,DELIVERED
1406,9,184,2023-07-08,2023-08-15,DELIVERED
1407,9,219,2025-11-01,2025-11-09,DELIVERED
1408,10,498,2023-08-17,2023-08-30,DELIVERED
1409,15,51,2025-07-24,2025-08-07,DELAYED
1410,20,68,2023-10-12,2023-11-03,DELIVERED
1411,8,274,2024-03-05,2024-04-13,DELIVERED
1412,11,170,2026-05-01,2026-05-24,DELIVERED
1413,4,466,2026-08-07,2026-08-28,DELIVERED
1414,2,285,2024-06-10,2024-07-15,DELIVERED
1415,7,489,2024-10-12,2024-11-17,DELIVERED
1416,6,494,2023-04-02,2023-05-08,DELIVERED
1417,9,223,2024-05-31,2024-06-09,DELAYED
1418,15,488,2024-07-03,2024-07-22,DELIVERED
1419,18,440,2025-05-15,2025-06-15,DELIVERED
1420,3,118,2023-10-30,2023-12-04,DELIVERED
1421,7,90,2024-08-06,2024-08-21,DELIVERED
1422,17,371,2023-07-17,2023-07-28,DELIVERED
1423,19,423,2024-01-08,2024-01-18,DELIVERED
1424,4,494,2024-06-16,2024-06-26,DELAYED
1425,11,149,2025-01-12,2025-01-17,DELIVERED
1426,15,250,2024-10-11,2024-11-07,DELIVERED
1427,1,349,2025-01-23,2025-03-02,DELIVERED
1428,12,359,2026-03-13,2026-04-19,DELAYED
1429,17,381,2025-07-07,2025-08-07,DELIVERED
1430,11,499,2024-01-18,2024-02-05,DELIVERED
1431,4,222,2024-10-25,2024-11-28,DELIVERED
1432,6,92,2026-08-17,2026-08-27,DELIVERED
1433,3,387,2025-03-18,2025-04-21,DELIVERED
1434,13,175,2025-08-21,2025-08-30,DELIVERED
1435,14,492,2025-10-23,2025-11-20,DELAYED
1436,13,373,2025-07-11,2025-08-03,IN_TRANSIT
1437,14,360,2023-01-15,2023-01-23,DELIVERED
1438,18,358,2025-07-18,2025-08-25,DELIVERED
1439,9,440,2023-05-08,2023-05-21,IN_TRANSIT
1440,3,316,2026-08-15,2026-09-14,IN_TRANSIT
1441,8,167,2026-08-21,2026-09-03,DELIVERED
1442,14,371,2026-08-16,2026-08-25,DELIVERED
1443,19,280,2023-05-07,2023-05-31,DELAYED
1444,1,335,2024-04-02,2024-04-27,DELIVERED
1445,3,452,2024-01-24,2024-02-01,DELAYED
1446,9,190,2025-09-19,2025-09-28,DELIVERED
1447,19,310,2025-07-30,2025-09-06,DELIVERED
1448,18,381,2023-08-08,2023-08-21,DELIVERED
1449,3,498,2024-10-25,2024-11-01,DELIVERED
1450,16,398,2024-02-25,2024-03-09,DELIVERED
1451,13,430,2026-06-06,2026-06-11,DELIVERED
1452,19,267,2025-05-29,2025-06-11,DELIVERED
1453,7,134,2024-07-23,2024-08-01,DELIVERED
1454,12,96,2024-11-10,2024-11-23,DELIVERED
1455,6,361,2025-03-07,2025-03-17,DELIVERED
1456,10,476,2023-05-16,2023-06-22,DELIVERED
1457,15,69,2025-11-12,2025-11-19,DELIVERED
1458,8,263,2025-04-23,2025-05-01,DELIVERED
1459,2,8,2025-02-01,2025-02-14,IN_TRANSIT
1460,4,100,2026-06-27,2026-07-13,DELIVERED
1461,5,167,2026-06-16,2026-07-23,DELAYED
1462,17,121,2024-01-03,2024-01-31,DELIVERED
1463,9,123,2025-05-16,2025-06-10,DELAYED
1464,7,481,2023-05-12,2023-06-08,DELIVERED
1465,8,478,2025-04-23,2025-05-19,IN_TRANSIT
1466,9,497,2025-01-01,2025-01-06,DELIVERED
1467,17,500,2023-10-06,2023-11-01,DELIVERED
1468,4,434,2024-08-23,2024-09-19,DELIVERED
1469,12,481,2023-12-12,2024-01-11,DELIVERED
1470,13,432,2026-01-20,2026-02-15,DELIVERED
1471,14,124,2026-05-07,2026-05-18,DELIVERED
1472,14,353,2025-02-19,2025-03-30,DELIVERED
1473,20,205,2023-08-04,2023-08-12,DELIVERED
1474,9,108,2024-07-01,2024-07-29,DELAYED
1475,5,298,2026-01-27,2026-02-27,DELIVERED
1476,19,63,2026-05-15,2026-06-23,IN_TRANSIT
1477,10,109,2026-06-16,2026-06-24,IN_TRANSIT
1478,20,127,2023-12-16,2024-01-13,DELIVERED
1479,12,361,2023-06-04,2023-06-23,DELIVERED
1480,19,311,2026-03-19,2026-03-24,DELIVERED
1481,3,23,2026-04-03,2026-04-23,DELIVERED
1482,7,199,2025-07-01,2025-07-23,DELIVERED
1483,3,188,2023-08-09,2023-08-20,DELIVERED
1484,12,94,2026-07-28,2026-08-06,DELIVERED
1485,5,97,2025-04-21,2025-05-28,DELIVERED
1486,13,87,2023-12-24,2024-01-30,IN_TRANSIT
1487,8,193,2024-08-25,2024-09-12,DELIVERED
1488,6,145,2025-11-02,2025-11-24,DELIVERED
1489,6,216,2025-06-08,2025-07-04,DELIVERED
1490,15,262,2026-01-02,2026-01-20,DELIVERED
1491,6,189,2023-01-31,2023-03-06,DELIVERED
1492,10,66,2024-02-24,2024-03-06,DELAYED
1493,20,310,2023-08-29,2023-10-07,DELIVERED
1494,14,414,2024-04-21,2024-05-28,DELIVERED
1495,3,356,2024-03-17,2024-04-10,DELIVERED
1496,15,222,2025-06-17,2025-07-13,DELIVERED
1497,16,272,2026-08-11,2026-09-18,IN_TRANSIT
1498,3,125,2024-06-27,2024-07-13,DELIVERED
1499,6,78,2025-01-07,2025-02-08,DELIVERED
1500,16,110,2023-07-07,2023-07-22,DELIVERED
1501,18,482,2024-06-16,2024-07-04,DELIVERED
1502,12,336,2025-05-04,2025-06-07,DELIVERED
1503,6,153,2023-10-23,2023-11-02,DELIVERED
1504,7,302,2023-11-30,2023-12-23,DELIVERED
1505,18,5,2024-06-04,2024-07-07,IN_TRANSIT
1506,7,358,2024-08-03,2024-08-26,DELIVERED
1507,4,238,2023-10-14,2023-11-10,DELIVERED
1508,19,354,2026-03-22,2026-04-20,DELIVERED
1509,7,398,2024-08-29,2024-09-12,DELIVERED
1510,20,233,2026-07-11,2026-08-15,DELIVERED
1511,20,286,2023-04-12,2023-05-15,DELIVERED
1512,13,128,2023-12-07,2023-12-22,DELIVERED
1513,6,324,2024-09-06,2024-10-12,DELIVERED
1514,13,221,2026-01-12,2026-02-14,DELIVERED
1515,14,64,2025-10-17,2025-11-03,DELIVERED
1516,19,56,2023-10-14,2023-10-27,DELIVERED
1517,10,53,2023-01-22,2023-01-29,DELAYED
1518,13,7,2024-11-07,2024-11-27,DELAYED
1519,17,48,2023-07-17,2023-07-26,DELIVERED
1520,8,390,2024-09-17,2024-09-27,IN_TRANSIT
1521,13,284,2025-10-09,2025-11-07,DELAYED
1522,14,113,2023-02-24,2023-03-28,DELIVERED
1523,6,154,2026-01-04,2026-01-15,IN_TRANSIT
1524,9,473,2025-10-02,2025-10-22,DELIVERED
1525,10,330,2024-10-29,2024-12-04,DELIVERED
1526,1,259,2023-09-13,2023-09-30,DELIVERED
1527,20,205,2026-03-17,2026-04-13,DELIVERED
1528,8,403,2025-03-25,2025-04-28,DELIVERED
1529,4,245,2025-05-25,2025-06-04,DELIVERED
1530,15,110,2025-07-19,2025-08-21,DELIVERED
1531,6,134,2023-12-19,2024-01-06,DELAYED
1532,12,225,2023-01-14,2023-02-03,DELIVERED
1533,5,103,2026-07-31,2026-09-02,DELIVERED
1534,17,18,2025-10-19,2025-11-05,DELIVERED
1535,6,191,2025-07-18,2025-08-25,DELIVERED
1536,10,439,2024-05-03,2024-06-05,DELIVERED
1537,12,155,2024-11-01,2024-11-13,DELIVERED
1538,20,83,2024-05-11,2024-06-01,IN_TRANSIT
1539,16,271,2026-01-02,2026-01-13,DELIVERED
1540,14,358,2024-07-15,2024-07-31,DELIVERED
1541,19,3,2024-10-09,2024-11-11,DELIVERED
1542,3,396,2023-02-01,2023-02-12,DELIVERED
1543,16,168,2026-06-23,2026-07-25,IN_TRANSIT
1544,11,82,2023-01-21,2023-02-07,DELIVERED
1545,7,481,2023-07-20,2023-08-13,DELIVERED
1546,9,295,2025-05-24,2025-06-03,DELIVERED
1547,10,256,2024-10-16,2024-11-21,DELIVERED
1548,2,280,2025-09-29,2025-10-18,IN_TRANSIT
1549,5,482,2023-01-12,2023-02-08,DELIVERED
1550,11,44,2024-06-07,2024-07-01,DELAYED
1551,13,129,2024-11-25,2024-12-13,DELAYED
1552,2,500,2024-09-22,2024-10-13,DELIVERED
1553,17,23,2024-08-02,2024-08-12,DELIVERED
1554,13,277,2024-06-30,2024-08-06,DELIVERED
1555,4,445,2023-06-04,2023-06-20,DELIVERED
1556,5,194,2025-12-22,2026-01-13,DELIVERED
1557,11,240,2026-07-12,2026-08-07,DELIVERED
1558,16,474,2023-01-23,2023-02-08,DELIVERED
1559,9,265,2026-04-04,2026-04-17,DELIVERED
1560,2,13,2026-04-29,2026-05-29,IN_TRANSIT
1561,10,225,2023-03-15,2023-04-07,IN_TRANSIT
1562,4,149,2024-07-17,2024-08-06,DELIVERED
1563,5,106,2026-01-15,2026-02-04,DELIVERED
1564,9,89,2024-05-16,2024-05-25,DELIVERED
1565,5,123,2026-08-20,2026-08-28,IN_TRANSIT
1566,11,176,2025-10-16,2025-11-02,DELIVERED
1567,7,296,2024-07-06,2024-07-12,DELIVERED
1568,2,31,2023-07-02,2023-08-10,DELAYED
1569,16,54,2025-05-18,2025-06-11,DELIVERED
1570,15,188,2023-05-05,2023-06-02,DELIVERED
1571,8,19,2026-07-07,2026-08-01,DELIVERED
1572,9,274,2025-02-05,2025-03-08,DELIVERED
1573,19,277,2025-07-08,2025-08-16,DELIVERED
1574,13,15,2023-03-09,2023-03-31,DELIVERED
1575,11,433,2025-07-03,2025-07-13,DELIVERED
1576,2,306,2024-10-15,2024-11-12,DELIVERED
1577,19,9,2025-01-08,2025-01-15,DELIVERED
1578,18,208,2023-05-03,2023-05-08,DELIVERED
1579,13,105,2023-02-12,2023-02-25,DELIVERED
1580,4,404,2025-09-09,2025-10-09,DELIVERED
1581,11,386,2023-03-11,2023-04-17,DELIVERED
1582,12,119,2025-09-09,2025-09-16,DELAYED
1583,17,33,2026-07-24,2026-08-30,DELIVERED
1584,11,309,2024-12-11,2024-12-28,DELIVERED
1585,7,116,2024-03-25,2024-04-16,DELIVERED
1586,18,385,2026-09-20,2026-10-08,DELIVERED
1587,10,144,2023-11-05,2023-11-26,DELIVERED
1588,5,279,2024-05-02,2024-05-14,DELAYED
1589,10,125,2025-08-19,2025-09-02,DELIVERED
1590,14,135,2026-05-22,2026-06-06,DELIVERED
1591,9,345,2026-01-21,2026-01-31,DELIVERED
1592,19,181,2026-02-21,2026-03-06,DELIVERED
1593,14,142,2025-11-11,2025-12-15,DELIVERED
1594,6,392,2026-09-03,2026-10-02,DELIVERED
1595,14,245,2023-08-13,2023-08-22,DELIVERED
1596,11,107,2024-12-25,2025-01-16,DELIVERED
1597,4,314,2025-06-29,2025-08-03,DELIVERED
1598,15,264,2025-03-14,2025-03-28,DELIVERED
1599,19,371,2025-07-10,2025-08-05,DELIVERED
1600,3,380,2024-04-22,2024-05-08,DELAYED
1601,11,291,2025-12-15,2026-01-20,DELIVERED
1602,12,92,2026-09-08,2026-09-29,DELIVERED
1603,2,243,2025-09-27,2025-11-01,DELAYED
1604,8,127,2024-07-29,2024-08-31,IN_TRANSIT
1605,3,191,2026-09-22,2026-10-05,DELIVERED
1606,12,262,2025-02-27,2025-03-06,IN_TRANSIT
1607,4,97,2025-12-30,2026-01-26,DELIVERED
1608,14,176,2023-04-07,2023-05-07,IN_TRANSIT
1609,4,73,2023-10-15,2023-11-09,DELIVERED
1610,4,454,2026-07-28,2026-08-14,DELIVERED
1611,17,178,2025-07-12,2025-08-01,DELIVERED
1612,9,56,2023-10-31,2023-12-05,DELIVERED
1613,5,75,2024-10-30,2024-11-06,DELIVERED
1614,13,412,2023-07-27,2023-08-29,DELIVERED
1615,18,335,2023-11-04,2023-12-01,DELIVERED
1616,11,242,2025-08-20,2025-09-28,DELIVERED
1617,15,135,2025-08-09,2025-09-17,DELIVERED
1618,6,444,2026-05-25,2026-06-13,DELIVERED
1619,14,445,2026-09-02,2026-09-16,DELIVERED
1620,1,350,2024-09-17,2024-10-17,DELIVERED
1621,18,189,2025-10-05,2025-11-12,DELAYED
1622,20,270,2023-08-31,2023-10-04,DELIVERED
1623,4,120,2023-10-10,2023-10-16,DELAYED
1624,11,197,2026-04-17,2026-05-17,DELIVERED
1625,19,350,2023-10-03,2023-11-04,DELAYED
1626,17,170,2023-01-26,2023-03-02,DELIVERED
1627,15,461,2023-05-25,2023-06-19,DELIVERED
1628,12,134,2024-02-23,2024-03-29,DELIVERED
1629,14,471,2023-06-04,2023-06-10,DELIVERED
1630,12,269,2025-10-12,2025-11-07,DELIVERED
1631,15,194,2024-12-07,2024-12-30,IN_TRANSIT
1632,14,243,2025-01-27,2025-02-06,DELIVERED
1633,18,61,2026-02-05,2026-02-10,DELIVERED
1634,17,394,2025-02-05,2025-02-24,DELIVERED
1635,8,149,2024-04-08,2024-05-15,DELIVERED
1636,11,64,2026-10-01,2026-10-29,DELIVERED
1637,16,247,2024-07-10,2024-08-11,DELIVERED
1638,10,158,2023-03-25,2023-05-02,DELIVERED
1639,1,30,2025-01-22,2025-01-29,DELIVERED
1640,7,392,2025-07-19,2025-07-24,DELIVERED
1641,10,417,2024-06-16,2024-06-25,DELIVERED
1642,12,333,2026-05-30,2026-06-16,DELIVERED
1643,17,360,2023-08-11,2023-09-03,DELIVERED
1644,1,115,2026-02-10,2026-03-07,DELIVERED
1645,18,160,2024-10-03,2024-10-27,DELIVERED
1646,12,324,2026-06-15,2026-07-09,DELIVERED
1647,15,240,2025-06-03,2025-06-30,DELIVERED
1648,4,251,2024-12-24,2025-01-07,DELIVERED
1649,15,47,2024-11-30,2024-12-31,DELIVERED
1650,8,351,2024-07-04,2024-07-25,DELIVERED
1651,13,388,2024-12-29,2025-01-31,DELIVERED
1652,3,294,2024-11-13,2024-12-05,IN_TRANSIT
1653,14,454,2023-04-12,2023-05-12,DELIVERED
1654,9,358,2024-09-05,2024-09-30,DELIVERED
1655,14,372,2026-08-22,2026-09-01,DELAYED
1656,2,335,2024-02-15,2024-02-20,DELIVERED
1657,17,380,2026-03-28,2026-04-08,DELIVERED
1658,8,136,2023-04-10,2023-04-28,DELIVERED
1659,7,168,2026-09-29,2026-10-24,DELIVERED
1660,7,473,2025-05-07,2025-05-16,DELIVERED
1661,6,286,2025-05-12,2025-05-31,DELIVERED
1662,4,384,2023-07-24,2023-08-23,DELIVERED
1663,3,61,2024-02-09,2024-02-17,DELIVERED
1664,2,92,2023-10-18,2023-10-26,DELIVERED
1665,19,196,2023-06-28,2023-07-08,DELIVERED
1666,9,304,2025-11-07,2025-11-29,DELIVERED
1667,14,401,2023-12-31,2024-01-24,DELIVERED
1668,16,123,2023-11-18,2023-12-22,DELIVERED
1669,2,238,2023-12-04,2023-12-17,DELIVERED
1670,6,65,2024-08-20,2024-08-28,DELAYED
1671,17,267,2026-02-12,2026-03-18,DELIVERED
1672,9,218,2025-04-23,2025-05-20,DELAYED
1673,1,189,2026-01-11,2026-02-13,DELIVERED
1674,3,472,2023-06-21,2023-07-09,DELIVERED
1675,17,103,2023-02-16,2023-02-25,DELIVERED
1676,20,431,2023-05-24,2023-06-19,DELIVERED
1677,3,385,2024-02-07,2024-02-12,DELIVERED
1678,5,215,2023-03-03,2023-03-25,DELIVERED
1679,3,80,2025-07-06,2025-07-29,IN_TRANSIT
1680,13,188,2024-12-03,2024-12-20,IN_TRANSIT
1681,5,475,2023-12-22,2024-01-02,DELIVERED
1682,4,260,2023-07-17,2023-08-01,DELIVERED
1683,13,464,2025-04-28,2025-05-18,IN_TRANSIT
1684,5,167,2026-04-26,2026-05-10,DELIVERED
1685,20,29,2023-03-21,2023-04-26,DELAYED
1686,17,284,2025-01-13,2025-02-09,DELIVERED
1687,1,438,2024-11-30,2024-12-26,DELIVERED
1688,2,375,2024-09-20,2024-09-25,DELIVERED
1689,6,337,2023-01-20,2023-01-27,DELIVERED
1690,10,363,2024-06-29,2024-07-31,DELIVERED
1691,2,392,2025-08-05,2025-08-20,IN_TRANSIT
1692,15,76,2025-03-01,2025-03-11,IN_TRANSIT
1693,7,48,2023-12-23,2024-01-05,DELIVERED
1694,9,308,2023-03-26,2023-05-04,DELIVERED
1695,18,266,2024-11-05,2024-11-19,DELIVERED
1696,11,448,2025-11-16,2025-12-01,DELIVERED
1697,10,274,2023-08-03,2023-08-13,DELIVERED
1698,14,98,2024-09-24,2024-10-09,IN_TRANSIT
1699,14,483,2024-06-11,2024-07-06,DELIVERED
1700,17,82,2024-04-25,2024-05-07,DELIVERED
1701,4,364,2024-02-07,2024-02-25,DELAYED
1702,1,210,2023-08-18,2023-09-10,DELAYED
1703,20,212,2025-10-17,2025-11-01,DELAYED
1704,13,241,2024-07-09,2024-07-23,DELAYED
1705,3,315,2024-11-25,2024-12-04,DELIVERED
1706,11,394,2023-08-04,2023-08-23,DELIVERED
1707,12,196,2024-02-09,2024-03-09,DELIVERED
1708,8,123,2026-07-06,2026-08-01,DELIVERED
1709,11,187,2023-09-25,2023-10-17,IN_TRANSIT
1710,7,396,2024-11-25,2024-12-21,DELIVERED
1711,4,421,2025-09-12,2025-09-23,DELAYED
1712,9,104,2024-11-08,2024-12-12,DELAYED
1713,9,31,2023-05-09,2023-06-17,DELIVERED
1714,14,136,2025-10-05,2025-11-01,DELAYED
1715,4,307,2023-12-14,2023-12-22,DELIVERED
1716,13,265,2025-04-05,2025-04-28,DELIVERED
1717,6,311,2024-07-02,2024-07-27,DELIVERED
1718,2,416,2025-01-07,2025-02-11,DELIVERED
1719,19,326,2024-04-22,2024-04-29,DELIVERED
1720,12,148,2023-05-04,2023-05-12,DELIVERED
1721,20,253,2023-12-10,2024-01-09,IN_TRANSIT
1722,7,342,2025-09-03,2025-09-11,DELIVERED
1723,8,44,2025-08-10,2025-08-21,DELIVERED
1724,14,62,2023-09-05,2023-10-06,IN_TRANSIT
1725,9,174,2024-11-27,2024-12-10,IN_TRANSIT
1726,3,231,2026-07-13,2026-07-29,DELIVERED
1727,11,452,2024-06-03,2024-06-27,DELAYED
1728,12,390,2025-11-28,2026-01-04,DELIVERED
1729,19,16,2023-10-23,2023-11-12,DELIVERED
1730,9,384,2024-11-25,2024-12-27,DELIVERED
1731,4,6,2024-07-04,2024-07-25,DELIVERED
1732,10,22,2026-09-26,2026-10-29,DELIVERED
1733,7,234,2023-01-07,2023-02-13,DELIVERED
1734,11,50,2023-11-19,2023-11-30,DELIVERED
1735,16,428,2024-03-17,2024-04-24,DELIVERED
1736,9,419,2023-10-26,2023-11-17,DELAYED
1737,6,50,2023-10-25,2023-11-24,DELIVERED
1738,3,162,2025-11-11,2025-11-24,DELAYED
1739,7,477,2025-08-05,2025-08-23,IN_TRANSIT
1740,1,8,2025-03-05,2025-03-18,DELAYED
1741,12,391,2024-05-15,2024-05-23,IN_TRANSIT
1742,14,148,2024-04-17,2024-05-23,DELIVERED
1743,19,17,2025-08-15,2025-09-21,DELIVERED
1744,4,369,2025-04-17,2025-05-16,DELIVERED
1745,5,225,2024-03-05,2024-03-13,DELIVERED
1746,9,140,2025-01-24,2025-02-26,DELIVERED
1747,16,477,2025-02-06,2025-02-15,DELIVERED
1748,11,402,2024-10-01,2024-11-07,DELIVERED
1749,5,168,2023-02-05,2023-03-02,IN_TRANSIT
1750,18,332,2023-12-29,2024-01-15,DELIVERED
1751,15,282,2026-03-26,2026-05-04,DELIVERED
1752,17,287,2026-07-28,2026-08-24,DELIVERED
1753,7,282,2023-05-16,2023-06-15,DELIVERED
1754,3,26,2024-09-01,2024-09-28,DELIVERED
1755,1,171,2026-04-16,2026-05-12,IN_TRANSIT
1756,18,440,2023-03-02,2023-03-27,DELIVERED
1757,17,157,2023-12-20,2024-01-15,DELIVERED
1758,12,243,2026-09-11,2026-09-27,DELIVERED
1759,4,340,2024-11-20,2024-12-15,DELIVERED
1760,1,269,2026-04-04,2026-05-02,DELIVERED
1761,9,335,2025-04-30,2025-05-23,DELIVERED
1762,20,257,2024-11-02,2024-12-03,DELIVERED
1763,20,190,2026-03-11,2026-03-19,DELAYED
1764,11,62,2024-07-28,2024-08-06,DELIVERED
1765,3,92,2025-02-14,2025-03-25,DELIVERED
1766,18,230,2024-06-14,2024-06-21,DELAYED
1767,14,68,2026-07-02,2026-07-12,IN_TRANSIT
1768,13,25,2023-04-10,2023-05-07,DELIVERED
1769,14,226,2023-09-29,2023-11-02,DELIVERED
1770,11,74,2025-07-03,2025-07-16,DELIVERED
1771,1,396,2026-08-21,2026-09-11,IN_TRANSIT
1772,9,415,2023-12-15,2024-01-18,DELIVERED
1773,6,249,2024-05-19,2024-06-08,DELIVERED
1774,4,36,2025-06-02,2025-06-18,DELIVERED
1775,19,226,2023-09-19,2023-10-19,DELIVERED
1776,7,103,2026-08-21,2026-09-18,DELIVERED
1777,14,214,2023-04-18,2023-05-23,DELAYED
1778,14,221,2024-05-30,2024-06-27,DELIVERED
1779,14,411,2023-09-17,2023-10-23,DELIVERED
1780,10,359,2026-02-22,2026-03-22,DELIVERED
1781,8,481,2023-08-23,2023-09-10,DELIVERED
1782,18,71,2024-08-23,2024-08-31,DELIVERED
1783,9,350,2024-11-06,2024-11-26,DELIVERED
1784,15,209,2023-06-18,2023-07-23,DELIVERED
1785,9,308,2024-09-26,2024-10-26,DELAYED
1786,15,163,2024-11-29,2025-01-05,DELIVERED
1787,3,156,2026-07-07,2026-07-24,DELIVERED
1788,14,15,2023-03-16,2023-03-30,DELIVERED
1789,2,371,2023-11-02,2023-12-07,DELIVERED
1790,13,326,2025-01-28,2025-02-24,DELAYED
1791,15,50,2023-01-01,2023-02-08,DELIVERED
1792,17,418,2025-07-17,2025-08-06,DELIVERED
1793,16,162,2026-03-05,2026-03-13,DELIVERED
1794,15,470,2025-07-24,2025-08-06,DELIVERED
1795,17,218,2023-05-13,2023-06-18,DELIVERED
1796,18,99,2025-11-30,2025-12-25,DELIVERED
1797,20,187,2023-05-26,2023-07-04,IN_TRANSIT
1798,3,35,2023-08-30,2023-09-16,DELIVERED
1799,9,327,2025-08-03,2025-08-29,IN_TRANSIT
1800,5,142,2024-08-08,2024-08-29,IN_TRANSIT
1801,19,191,2024-09-18,2024-10-09,DELIVERED
1802,19,491,2024-03-28,2024-04-26,DELIVERED
1803,8,64,2024-11-12,2024-12-21,IN_TRANSIT
1804,1,2,2024-10-25,2024-11-19,DELIVERED
1805,5,195,2025-11-02,2025-11-28,DELIVERED
1806,20,54,2025-09-09,2025-10-17,DELIVERED
1807,13,429,2024-08-27,2024-09-20,DELIVERED
1808,1,236,2025-07-08,2025-07-19,DELIVERED
1809,19,469,2024-03-21,2024-04-24,DELIVERED
1810,8,290,2024-06-19,2024-06-25,DELIVERED
1811,1,249,2025-11-16,2025-11-21,IN_TRANSIT
1812,6,427,2026-01-24,2026-02-04,DELIVERED
1813,3,88,2023-11-13,2023-12-07,DELIVERED
1814,12,413,2024-09-05,2024-10-14,DELIVERED
1815,10,385,2026-05-01,2026-05-28,DELIVERED
1816,2,204,2026-07-10,2026-08-06,DELIVERED
1817,5,374,2023-12-11,2024-01-03,DELIVERED
1818,16,378,2025-10-30,2025-11-25,DELIVERED
1819,1,133,2024-08-03,2024-08-08,DELAYED
1820,19,394,2024-03-11,2024-04-01,DELIVERED
1821,17,164,2024-12-22,2024-12-30,DELIVERED
1822,14,302,2024-10-26,2024-11-29,DELIVERED
1823,6,52,2024-03-28,2024-04-17,DELIVERED
1824,9,361,2026-09-14,2026-09-30,DELIVERED
1825,4,16,2023-04-12,2023-04-20,DELIVERED
1826,13,5,2025-03-30,2025-04-22,DELIVERED
1827,10,496,2025-10-20,2025-11-24,DELIVERED
1828,12,376,2026-09-30,2026-10-13,DELIVERED
1829,4,259,2024-02-19,2024-02-27,IN_TRANSIT
1830,5,322,2025-09-23,2025-10-10,DELIVERED
1831,5,346,2025-07-05,2025-08-04,DELIVERED
1832,3,374,2025-05-14,2025-06-22,DELIVERED
1833,5,458,2026-03-23,2026-04-02,DELIVERED
1834,18,499,2025-03-26,2025-04-23,DELIVERED
1835,1,80,2025-11-10,2025-12-13,DELIVERED
1836,13,410,2026-08-30,2026-09-28,DELIVERED
1837,4,289,2024-01-02,2024-01-27,DELIVERED
1838,14,293,2024-09-13,2024-10-05,DELIVERED
1839,17,33,2025-04-14,2025-04-30,DELAYED
1840,13,326,2024-09-07,2024-09-21,DELIVERED
1841,2,173,2024-01-05,2024-01-25,DELIVERED
1842,8,166,2025-12-10,2025-12-22,DELAYED
1843,2,401,2025-02-09,2025-03-02,DELIVERED
1844,3,3,2023-04-21,2023-05-24,DELIVERED
1845,15,35,2025-05-15,2025-06-07,DELIVERED
1846,3,359,2026-02-07,2026-02-12,DELIVERED
1847,15,400,2024-01-04,2024-02-08,IN_TRANSIT
1848,20,220,2026-08-05,2026-08-30,DELIVERED
1849,4,496,2024-06-14,2024-07-12,DELIVERED
1850,2,457,2024-11-26,2024-12-13,DELIVERED
1851,19,52,2023-06-03,2023-06-17,DELIVERED
1852,10,180,2026-02-28,2026-04-07,IN_TRANSIT
1853,20,129,2024-03-23,2024-04-06,DELIVERED
1854,5,22,2025-02-05,2025-03-06,DELIVERED
1855,3,303,2023-08-11,2023-08-16,DELIVERED
1856,20,121,2026-02-11,2026-03-08,DELIVERED
1857,1,266,2025-03-18,2025-03-30,DELAYED
1858,8,326,2023-10-23,2023-11-21,DELAYED
1859,9,372,2025-10-01,2025-10-30,DELIVERED
1860,7,47,2024-09-04,2024-09-16,IN_TRANSIT
1861,13,406,2025-08-17,2025-08-24,DELIVERED
1862,10,39,2023-06-17,2023-07-18,DELIVERED
1863,7,434,2024-06-02,2024-06-17,DELAYED
1864,6,392,2026-04-18,2026-05-14,DELAYED
1865,18,416,2025-01-13,2025-02-13,DELAYED
1866,2,3,2023-08-08,2023-08-18,DELIVERED
1867,8,357,2024-03-30,2024-05-06,DELIVERED
1868,16,301,2026-01-03,2026-01-19,DELIVERED
1869,1,289,2024-04-30,2024-05-30,DELIVERED
1870,16,186,2024-11-26,2024-12-03,DELIVERED
1871,20,41,2026-09-29,2026-10-06,DELIVERED
1872,2,474,2024-07-09,2024-08-10,DELIVERED
1873,14,404,2024-02-14,2024-03-16,IN_TRANSIT
1874,13,100,2023-02-02,2023-02-14,DELIVERED
1875,8,490,2026-05-13,2026-05-30,DELIVERED
1876,12,353,2024-11-01,2024-12-05,DELIVERED
1877,15,329,2026-03-08,2026-03-28,DELIVERED
1878,1,461,2026-09-05,2026-09-25,DELIVERED
1879,6,152,2026-02-09,2026-02-28,DELIVERED
1880,6,130,2024-10-10,2024-10-15,DELIVERED
1881,5,201,2026-08-25,2026-09-03,DELIVERED
1882,4,490,2025-06-27,2025-07-30,DELIVERED
1883,5,206,2024-08-20,2024-09-07,DELIVERED
1884,9,233,2025-05-21,2025-06-28,DELAYED
1885,12,395,2026-07-25,2026-08-04,DELIVERED
1886,17,254,2024-08-28,2024-10-02,DELAYED
1887,5,436,2024-03-12,2024-04-16,DELIVERED
1888,14,449,2026-04-02,2026-04-23,DELIVERED
1889,3,487,2024-11-24,2024-12-21,IN_TRANSIT
1890,1,278,2024-05-05,2024-06-01,DELIVERED
1891,7,48,2025-01-03,2025-01-11,DELIVERED
1892,2,332,2026-08-12,2026-08-24,DELIVERED
1893,12,249,2026-04-03,2026-04-23,DELIVERED
1894,18,114,2025-01-29,2025-03-06,DELIVERED
1895,3,374,2023-06-23,2023-06-29,DELIVERED
1896,15,325,2024-06-26,2024-07-03,DELIVERED
1897,19,42,2025-06-15,2025-07-11,DELAYED
1898,8,174,2023-02-26,2023-03-22,DELIVERED
1899,17,96,2026-08-21,2026-09-08,DELIVERED
1900,13,143,2025-09-27,2025-10-27,DELIVERED
1901,13,493,2023-12-18,2024-01-24,DELIVERED
1902,13,59,2023-12-04,2023-12-16,DELIVERED
1903,13,490,2024-02-14,2024-02-25,DELIVERED
1904,2,421,2026-01-05,2026-01-29,DELIVERED
1905,7,186,2025-07-25,2025-08-03,DELIVERED
1906,12,11,2023-05-13,2023-05-18,DELIVERED
1907,13,353,2026-08-21,2026-08-26,DELIVERED
1908,17,166,2026-05-05,2026-05-28,DELIVERED
1909,19,141,2025-02-27,2025-03-11,DELIVERED
1910,5,241,2025-10-31,2025-11-21,DELIVERED
1911,11,488,2023-03-26,2023-04-12,IN_TRANSIT
1912,8,424,2024-09-08,2024-10-09,DELIVERED
1913,3,454,2024-12-11,2025-01-05,IN_TRANSIT
1914,10,458,2026-07-10,2026-07-15,IN_TRANSIT
1915,16,369,2026-07-16,2026-08-18,IN_TRANSIT
1916,6,4,2024-05-11,2024-05-23,DELIVERED
1917,5,389,2026-05-23,2026-06-02,DELIVERED
1918,5,20,2023-02-22,2023-03-27,DELIVERED
1919,11,210,2026-07-01,2026-07-13,DELIVERED
1920,13,449,2023-07-09,2023-07-30,DELIVERED
1921,13,451,2024-06-06,2024-06-20,DELIVERED
1922,14,175,2025-02-17,2025-02-23,DELAYED
1923,13,383,2025-01-14,2025-02-06,DELIVERED
1924,8,56,2025-07-15,2025-08-11,DELIVERED
1925,9,211,2024-02-27,2024-03-07,DELIVERED
1926,3,21,2025-01-24,2025-02-23,DELIVERED
1927,18,2,2026-09-08,2026-09-19,DELIVERED
1928,4,495,2023-08-18,2023-09-05,DELIVERED
1929,14,327,2025-04-07,2025-04-13,DELIVERED
1930,20,308,2025-07-20,2025-07-25,DELIVERED
1931,18,181,2024-10-16,2024-10-31,DELIVERED
1932,12,41,2025-03-09,2025-03-19,DELIVERED
1933,3,115,2025-05-15,2025-05-26,DELIVERED
1934,4,348,2023-07-27,2023-08-21,IN_TRANSIT
1935,13,370,2026-05-09,2026-06-08,DELIVERED
1936,12,447,2025-03-25,2025-04-21,DELIVERED
1937,1,73,2023-04-07,2023-05-05,DELIVERED
1938,16,102,2025-03-19,2025-04-13,DELIVERED
1939,15,106,2026-06-28,2026-08-05,DELIVERED
1940,17,483,2026-04-18,2026-05-16,DELIVERED
1941,2,200,2023-02-22,2023-03-18,DELIVERED
1942,17,338,2025-08-24,2025-09-30,DELIVERED
1943,10,456,2023-11-02,2023-11-18,DELIVERED
1944,5,299,2023-02-06,2023-02-20,DELIVERED
1945,11,269,2024-02-26,2024-03-24,DELIVERED
1946,16,303,2025-01-22,2025-02-18,DELIVERED
1947,3,5,2023-11-08,2023-12-08,DELIVERED
1948,18,194,2026-07-25,2026-08-20,DELAYED
1949,18,480,2025-12-03,2025-12-21,DELIVERED
1950,18,356,2024-06-25,2024-07-18,DELAYED
1951,14,251,2025-06-12,2025-07-05,DELIVERED
1952,2,437,2026-01-06,2026-02-07,DELIVERED
1953,3,285,2025-01-15,2025-02-08,DELAYED
1954,18,382,2025-05-16,2025-05-21,DELIVERED
1955,8,400,2025-12-15,2026-01-15,DELIVERED
1956,20,224,2023-01-08,2023-01-27,DELAYED
1957,16,121,2024-07-27,2024-08-13,DELIVERED
1958,20,447,2024-09-26,2024-10-15,DELIVERED
1959,6,237,2025-03-23,2025-04-25,DELIVERED
1960,20,22,2023-02-27,2023-03-08,DELIVERED
1961,11,170,2024-03-10,2024-03-19,DELIVERED
1962,14,54,2025-05-06,2025-06-08,DELIVERED
1963,18,325,2024-10-02,2024-10-28,IN_TRANSIT
1964,18,340,2026-09-17,2026-10-25,DELIVERED
1965,2,17,2024-04-24,2024-05-27,DELIVERED
1966,15,160,2025-11-10,2025-12-15,DELIVERED
1967,16,255,2023-07-27,2023-08-27,DELIVERED
1968,20,123,2023-12-19,2023-12-28,DELIVERED
1969,15,46,2025-12-17,2025-12-30,DELIVERED
1970,17,169,2024-12-18,2024-12-29,DELIVERED
1971,5,181,2025-08-08,2025-09-05,DELIVERED
1972,17,109,2025-11-21,2025-12-19,DELIVERED
1973,1,442,2026-09-02,2026-10-02,DELIVERED
1974,19,100,2025-09-01,2025-09-29,DELIVERED
1975,19,442,2025-05-04,2025-06-12,DELIVERED
1976,16,153,2023-03-15,2023-04-06,DELIVERED
1977,20,412,2026-03-12,2026-03-26,DELIVERED
1978,1,276,2025-01-26,2025-02-24,DELIVERED
1979,15,432,2023-02-05,2023-03-06,DELIVERED
1980,2,429,2024-10-20,2024-11-19,DELIVERED
1981,7,185,2025-01-23,2025-02-15,DELIVERED
1982,8,3,2023-12-07,2024-01-05,DELIVERED
1983,6,393,2023-07-28,2023-08-14,IN_TRANSIT
1984,6,84,2024-12-21,2024-12-31,IN_TRANSIT
1985,2,189,2026-06-22,2026-07-15,DELAYED
1986,7,224,2024-04-07,2024-04-25,DELIVERED
1987,15,356,2025-12-17,2025-12-29,DELIVERED
1988,14,292,2024-04-04,2024-05-12,DELIVERED
1989,1,141,2025-04-16,2025-05-19,DELIVERED
1990,15,481,2023-01-08,2023-01-15,DELIVERED
1991,6,50,2023-04-20,2023-05-08,DELIVERED
1992,14,55,2025-12-23,2026-01-11,DELIVERED
1993,5,78,2023-04-21,2023-04-28,DELIVERED
1994,15,382,2025-03-03,2025-04-08,DELIVERED
1995,12,183,2024-12-26,2025-01-04,IN_TRANSIT
1996,14,153,2025-04-25,2025-05-08,DELIVERED
1997,14,158,2026-03-11,2026-03-25,DELIVERED
1998,4,363,2024-09-10,2024-10-04,DELIVERED
1999,4,463,2024-03-02,2024-04-01,DELIVERED
2000,19,378,2025-11-11,2025-11-19,DELIVERED
2001,5,361,2026-07-17,2026-08-19,DELIVERED
2002,8,151,2025-09-08,2025-09-27,IN_TRANSIT
2003,9,234,2023-10-29,2023-11-04,DELIVERED
2004,2,3,2024-08-21,2024-09-29,DELIVERED
2005,19,413,2026-08-18,2026-09-01,DELAYED
2006,3,263,2026-05-26,2026-06-22,DELIVERED
2007,6,52,2026-08-07,2026-08-12,DELIVERED
2008,7,318,2026-02-05,2026-03-04,DELAYED
2009,13,464,2024-08-13,2024-08-24,DELIVERED
2010,20,399,2023-04-13,2023-05-16,DELIVERED
2011,14,197,2025-11-07,2025-11-19,DELIVERED
2012,19,9,2026-09-06,2026-09-15,DELIVERED
2013,14,490,2024-12-30,2025-01-15,DELIVERED
2014,9,428,2024-09-12,2024-09-26,DELIVERED
2015,5,314,2023-10-20,2023-11-08,DELIVERED
2016,20,386,2024-11-16,2024-11-23,DELIVERED
2017,3,336,2023-03-03,2023-03-28,DELIVERED
2018,12,473,2023-02-12,2023-03-23,DELIVERED
2019,3,239,2023-10-29,2023-12-03,DELIVERED
2020,1,409,2024-08-29,2024-09-18,IN_TRANSIT
2021,10,248,2026-02-04,2026-02-21,DELIVERED
2022,20,10,2025-04-02,2025-04-23,DELAYED
2023,17,471,2023-04-06,2023-05-05,DELIVERED
2024,11,348,2025-09-03,2025-09-27,DELIVERED
2025,3,292,2026-01-03,2026-01-09,DELIVERED
2026,20,468,2026-04-09,2026-05-13,DELIVERED
2027,5,163,2026-01-19,2026-02-17,DELIVERED
2028,8,232,2025-07-21,2025-08-16,DELIVERED
2029,8,65,2025-06-12,2025-07-10,IN_TRANSIT
2030,10,194,2023-06-25,2023-07-23,DELIVERED
2031,9,263,2024-11-19,2024-12-27,DELIVERED
2032,17,50,2025-07-18,2025-08-09,DELIVERED
2033,11,298,2025-01-03,2025-01-13,IN_TRANSIT
2034,4,394,2024-10-15,2024-11-13,DELIVERED
2035,18,14,2023-09-19,2023-10-25,DELAYED
2036,1,382,2023-08-26,2023-10-02,DELIVERED
2037,15,329,2024-04-26,2024-05-30,DELIVERED
2038,18,262,2023-12-03,2023-12-19,DELIVERED
2039,15,109,2023-05-08,2023-06-09,DELIVERED
2040,15,263,2026-03-03,2026-03-12,DELIVERED
2041,13,237,2025-10-29,2025-11-05,DELIVERED
2042,7,293,2025-06-22,2025-06-28,IN_TRANSIT
2043,13,12,2025-05-12,2025-06-17,DELIVERED
2044,6,100,2023-11-05,2023-11-25,DELIVERED
2045,18,215,2026-06-24,2026-07-09,DELIVERED
2046,7,484,2024-09-05,2024-10-13,DELIVERED
2047,10,191,2026-06-14,2026-06-24,DELIVERED
2048,8,372,2025-09-13,2025-10-12,DELIVERED
2049,18,467,2023-01-16,2023-02-15,DELIVERED
2050,7,284,2023-03-13,2023-03-26,DELIVERED
2051,9,324,2024-03-02,2024-04-02,DELAYED
2052,11,428,2025-05-17,2025-05-22,IN_TRANSIT
2053,10,170,2025-08-21,2025-09-02,DELAYED
2054,2,4,2025-12-23,2026-01-01,DELIVERED
2055,16,379,2026-08-17,2026-09-14,DELIVERED
2056,18,36,2023-06-21,2023-07-18,DELIVERED
2057,6,192,2026-02-19,2026-03-14,DELIVERED
2058,11,71,2026-09-22,2026-10-05,DELIVERED
2059,16,58,2023-10-24,2023-11-29,DELIVERED
2060,4,474,2024-12-15,2025-01-07,DELIVERED
2061,15,321,2026-05-31,2026-06-30,DELIVERED
2062,2,434,2023-11-12,2023-11-21,DELIVERED
2063,8,475,2024-11-22,2024-12-16,DELIVERED
2064,2,96,2023-02-04,2023-03-07,DELIVERED
2065,2,89,2025-07-27,2025-08-25,DELIVERED
2066,7,268,2025-10-05,2025-10-30,DELIVERED
2067,16,286,2025-11-27,2025-12-16,DELIVERED
2068,8,243,2026-01-04,2026-02-07,DELIVERED
2069,12,145,2025-12-10,2026-01-18,DELIVERED
2070,6,177,2024-02-14,2024-02-22,DELIVERED
2071,1,443,2024-04-25,2024-04-30,DELIVERED
2072,4,482,2024-07-06,2024-07-18,DELIVERED
2073,8,15,2024-04-26,2024-06-01,DELIVERED
2074,10,441,2025-10-30,2025-11-11,DELIVERED
2075,15,393,2024-03-27,2024-04-26,DELIVERED
2076,17,234,2024-03-18,2024-04-07,DELIVERED
2077,4,91,2024-02-27,2024-04-02,DELIVERED
2078,17,342,2023-04-05,2023-04-11,DELIVERED
2079,13,90,2024-09-10,2024-10-18,DELIVERED
2080,3,224,2023-12-17,2024-01-23,DELIVERED
2081,20,113,2025-10-02,2025-10-28,DELAYED
2082,20,14,2024-07-24,2024-08-21,DELIVERED
2083,5,268,2026-07-15,2026-08-17,DELIVERED
2084,10,489,2025-03-30,2025-04-08,DELIVERED
2085,18,288,2023-09-14,2023-10-07,DELIVERED
2086,5,500,2025-05-05,2025-05-28,IN_TRANSIT
2087,4,179,2026-09-16,2026-10-04,DELIVERED
2088,5,148,2023-07-25,2023-08-24,DELIVERED
2089,4,491,2023-04-04,2023-04-21,DELIVERED
2090,12,451,2026-01-14,2026-02-15,DELIVERED
2091,18,334,2023-06-01,2023-06-08,DELIVERED
2092,11,474,2023-06-21,2023-07-11,DELIVERED
2093,15,324,2024-01-17,2024-02-04,DELIVERED
2094,2,59,2026-09-10,2026-10-01,DELIVERED
2095,12,83,2024-09-13,2024-10-01,DELIVERED
2096,3,38,2025-07-23,2025-08-18,DELIVERED
2097,7,289,2023-03-30,2023-04-24,DELIVERED
2098,3,241,2025-05-25,2025-06-21,DELIVERED
2099,17,301,2025-01-02,2025-02-05,DELIVERED
2100,14,177,2023-12-23,2024-01-12,DELAYED
2101,4,292,2024-12-10,2024-12-31,DELIVERED
2102,1,337,2025-06-25,2025-07-01,IN_TRANSIT
2103,15,67,2023-08-10,2023-08-18,DELIVERED
2104,15,243,2024-02-22,2024-03-26,DELAYED
2105,18,432,2023-02-19,2023-03-12,DELIVERED
2106,20,262,2025-10-08,2025-11-01,DELIVERED
2107,13,15,2023-03-04,2023-04-05,DELIVERED
2108,11,271,2023-09-25,2023-10-03,DELAYED
2109,11,15,2023-08-03,2023-08-29,DELIVERED
2110,4,98,2024-07-28,2024-08-10,DELIVERED
2111,15,465,2023-05-16,2023-06-11,DELIVERED
2112,17,159,2026-07-27,2026-08-23,DELIVERED
2113,18,377,2023-11-04,2023-11-15,DELIVERED
2114,10,200,2023-05-07,2023-05-15,DELIVERED
2115,20,367,2026-03-14,2026-03-26,DELIVERED
2116,6,147,2026-06-14,2026-07-15,DELIVERED
2117,13,107,2023-03-07,2023-04-04,DELIVERED
2118,12,487,2025-07-11,2025-08-14,DELIVERED
2119,14,444,2026-04-28,2026-05-04,DELIVERED
2120,1,91,2024-07-03,2024-08-05,DELIVERED
2121,7,446,2024-08-29,2024-09-18,DELIVERED
2122,6,418,2025-02-01,2025-02-15,DELIVERED
2123,11,132,2024-02-13,2024-03-13,DELAYED
2124,6,239,2025-12-10,2025-12-28,DELIVERED
2125,14,238,2026-08-12,2026-09-04,DELIVERED
2126,2,233,2024-03-07,2024-03-12,DELIVERED
2127,11,386,2024-11-12,2024-12-05,DELIVERED
2128,11,207,2026-08-16,2026-09-10,IN_TRANSIT
2129,1,479,2026-02-20,2026-03-04,DELIVERED
2130,18,411,2023-06-26,2023-07-08,DELAYED
2131,10,237,2023-09-05,2023-09-22,DELIVERED
2132,2,304,2024-05-31,2024-06-08,DELIVERED
2133,11,428,2026-01-22,2026-02-11,DELAYED
2134,5,1,2024-06-11,2024-07-15,DELIVERED
2135,1,283,2024-09-16,2024-09-26,DELAYED
2136,16,36,2025-10-28,2025-12-01,DELIVERED
2137,17,4,2023-06-26,2023-07-03,DELIVERED
2138,10,158,2023-12-19,2023-12-25,DELIVERED
2139,9,60,2025-01-21,2025-01-28,DELIVERED
2140,10,346,2024-08-14,2024-08-26,DELIVERED
2141,3,201,2023-01-10,2023-02-11,DELIVERED
2142,4,227,2024-10-02,2024-11-10,DELIVERED
2143,20,400,2026-08-08,2026-08-26,DELIVERED
2144,17,45,2024-01-13,2024-01-18,DELIVERED
2145,6,417,2025-09-10,2025-09-27,DELIVERED
2146,3,138,2023-12-15,2024-01-12,DELAYED
2147,19,136,2024-12-04,2024-12-30,DELIVERED
2148,17,443,2024-12-14,2024-12-24,DELIVERED
2149,20,351,2025-10-24,2025-11-01,DELIVERED
2150,11,480,2023-04-13,2023-04-23,DELIVERED
2151,17,176,2026-09-03,2026-10-07,IN_TRANSIT
2152,13,234,2025-11-26,2026-01-02,DELIVERED
2153,11,383,2025-02-28,2025-03-05,DELIVERED
2154,17,8,2026-04-15,2026-05-05,DELIVERED
2155,13,352,2024-04-28,2024-05-04,DELIVERED
2156,9,53,2023-01-11,2023-01-24,DELIVERED
2157,19,427,2024-07-11,2024-07-16,DELIVERED
2158,2,235,2025-02-25,2025-03-09,DELIVERED
2159,9,369,2025-05-20,2025-05-25,DELIVERED
2160,9,310,2023-08-01,2023-08-09,DELIVERED
2161,2,260,2025-03-18,2025-04-05,DELIVERED
2162,2,162,2024-10-15,2024-10-28,DELIVERED
2163,14,191,2026-05-16,2026-06-03,DELIVERED
2164,16,461,2026-08-13,2026-09-17,DELIVERED
2165,5,34,2025-10-06,2025-10-29,DELIVERED
2166,6,453,2023-07-13,2023-08-01,IN_TRANSIT
2167,12,419,2026-10-01,2026-10-24,DELIVERED
2168,20,58,2025-04-23,2025-05-27,DELIVERED
2169,12,96,2025-05-31,2025-07-06,DELIVERED
2170,12,146,2023-01-22,2023-01-31,DELIVERED
2171,7,308,2023-06-06,2023-06-22,DELIVERED
2172,13,140,2024-04-12,2024-05-10,IN_TRANSIT
2173,19,228,2026-06-16,2026-07-19,DELIVERED
2174,10,366,2026-02-18,2026-03-25,DELIVERED
2175,15,137,2023-08-18,2023-08-23,DELIVERED
2176,20,94,2026-09-15,2026-10-10,DELAYED
2177,7,32,2025-01-16,2025-01-27,DELIVERED
2178,20,447,2025-08-24,2025-09-21,DELIVERED
2179,14,405,2023-03-05,2023-03-24,DELIVERED
2180,15,228,2025-07-04,2025-07-27,DELIVERED
2181,6,430,2023-05-26,2023-06-06,DELIVERED
2182,12,372,2025-04-10,2025-04-16,DELIVERED
2183,3,436,2023-05-08,2023-05-20,DELIVERED
2184,4,444,2026-06-23,2026-07-26,DELIVERED
2185,1,93,2025-03-10,2025-04-16,IN_TRANSIT
2186,14,55,2024-04-08,2024-04-17,DELIVERED
2187,17,27,2023-06-29,2023-08-01,DELAYED
2188,15,363,2026-01-19,2026-02-19,DELIVERED
2189,20,72,2026-04-08,2026-04-16,DELIVERED
2190,9,84,2023-11-20,2023-12-10,DELIVERED
2191,10,4,2025-01-10,2025-01-30,DELIVERED
2192,17,354,2025-02-27,2025-03-08,IN_TRANSIT
2193,14,277,2025-05-06,2025-05-28,DELIVERED
2194,2,7,2024-12-15,2024-12-23,DELAYED
2195,13,58,2024-09-12,2024-09-26,DELIVERED
2196,5,319,2025-07-09,2025-07-25,DELIVERED
2197,18,159,2024-05-24,2024-06-23,DELIVERED
2198,16,353,2025-11-28,2025-12-25,IN_TRANSIT
2199,7,147,2025-03-04,2025-04-09,IN_TRANSIT
2200,4,107,2023-10-31,2023-11-08,DELIVERED
2201,8,158,2025-12-27,2026-01-26,DELAYED
2202,20,19,2024-11-14,2024-12-03,DELAYED
2203,5,497,2024-01-24,2024-01-29,DELAYED
2204,7,91,2023-01-22,2023-02-18,DELIVERED
2205,13,457,2024-07-27,2024-08-18,DELIVERED
2206,20,71,2024-09-22,2024-10-17,DELIVERED
2207,15,331,2023-01-23,2023-02-04,DELIVERED
2208,3,392,2024-11-01,2024-11-10,DELIVERED
2209,16,28,2024-09-17,2024-09-22,DELIVERED
2210,4,10,2026-05-23,2026-06-20,DELIVERED
2211,20,278,2024-07-02,2024-07-28,DELIVERED
2212,17,32,2025-05-15,2025-06-05,DELIVERED
2213,15,230,2026-05-16,2026-06-24,IN_TRANSIT
2214,4,101,2023-11-04,2023-11-26,DELAYED
2215,10,250,2025-10-30,2025-11-19,IN_TRANSIT
2216,16,180,2026-08-08,2026-08-20,DELIVERED
2217,1,375,2023-04-25,2023-05-25,DELAYED
2218,20,136,2025-03-22,2025-04-16,DELAYED
2219,7,23,2024-01-15,2024-01-22,DELIVERED
2220,16,128,2023-10-03,2023-10-10,DELIVERED
2221,19,399,2023-02-18,2023-03-12,DELIVERED
2222,15,10,2025-07-11,2025-07-30,IN_TRANSIT
2223,15,80,2025-11-12,2025-11-24,DELAYED
2224,13,409,2025-03-13,2025-03-29,DELIVERED
2225,16,199,2025-02-18,2025-03-28,IN_TRANSIT
2226,18,337,2024-03-03,2024-03-16,DELIVERED
2227,8,275,2024-04-08,2024-05-10,DELIVERED
2228,3,163,2026-03-28,2026-04-15,DELIVERED
2229,10,1,2024-09-26,2024-10-19,DELIVERED
2230,13,500,2025-02-22,2025-02-28,IN_TRANSIT
2231,14,252,2025-03-31,2025-04-22,DELIVERED
2232,6,385,2025-07-13,2025-08-16,IN_TRANSIT
2233,4,187,2026-08-01,2026-08-12,DELIVERED
2234,8,95,2023-06-17,2023-06-25,DELIVERED
2235,18,206,2023-07-02,2023-08-01,DELIVERED
2236,8,484,2025-05-16,2025-06-01,DELIVERED
2237,12,446,2026-03-28,2026-05-01,DELIVERED
2238,6,101,2024-08-06,2024-09-09,DELIVERED
2239,1,355,2024-08-11,2024-08-17,DELIVERED
2240,15,370,2026-01-14,2026-02-14,DELIVERED
2241,13,287,2025-09-15,2025-09-26,DELIVERED
2242,11,205,2026-04-13,2026-05-22,DELIVERED
2243,3,339,2025-03-16,2025-04-19,DELIVERED
2244,17,44,2026-06-12,2026-07-15,DELIVERED
2245,3,310,2023-04-30,2023-05-21,DELIVERED
2246,12,170,2024-03-31,2024-04-13,DELAYED
2247,10,428,2024-05-03,2024-05-30,DELIVERED
2248,17,156,2024-09-23,2024-10-12,DELAYED
2249,2,122,2024-02-17,2024-03-11,DELIVERED
2250,16,78,2024-09-04,2024-10-05,DELIVERED
2251,5,258,2025-04-26,2025-05-03,DELIVERED
2252,17,36,2026-04-07,2026-05-10,IN_TRANSIT
2253,16,186,2023-09-03,2023-09-09,DELIVERED
2254,17,265,2024-06-30,2024-07-07,DELAYED
2255,16,101,2023-09-20,2023-10-26,DELIVERED
2256,10,389,2024-08-14,2024-09-03,DELIVERED
2257,2,397,2023-02-06,2023-03-08,IN_TRANSIT
2258,11,470,2024-06-07,2024-07-11,DELIVERED
2259,6,40,2024-11-30,2024-12-16,DELIVERED
2260,20,314,2026-08-29,2026-09-07,DELIVERED
2261,10,337,2026-05-02,2026-06-02,DELIVERED
2262,18,249,2025-11-02,2025-12-10,IN_TRANSIT
2263,12,206,2023-11-02,2023-11-17,DELIVERED
2264,16,137,2026-06-04,2026-06-21,DELIVERED
2265,7,277,2026-09-09,2026-09-28,DELIVERED
2266,6,155,2026-09-15,2026-09-28,IN_TRANSIT
2267,3,18,2025-10-29,2025-11-14,DELIVERED
2268,15,190,2026-03-06,2026-03-17,DELIVERED
2269,3,323,2026-09-20,2026-10-03,DELIVERED
2270,15,116,2023-07-11,2023-07-26,DELAYED
2271,16,265,2025-12-16,2026-01-13,DELIVERED
2272,20,370,2024-04-29,2024-05-23,IN_TRANSIT
2273,17,376,2024-11-29,2024-12-24,DELAYED
2274,19,205,2026-04-28,2026-05-11,DELIVERED
2275,1,108,2026-03-31,2026-04-30,DELAYED
2276,3,86,2023-08-03,2023-08-24,DELIVERED
2277,4,119,2025-07-09,2025-08-01,DELIVERED
2278,12,211,2024-09-30,2024-10-20,DELIVERED
2279,15,216,2024-12-29,2025-01-26,DELIVERED
2280,7,359,2026-07-30,2026-08-07,DELIVERED
2281,18,295,2025-03-11,2025-04-03,DELIVERED
2282,12,66,2025-05-29,2025-06-24,DELIVERED
2283,18,288,2024-05-31,2024-07-01,DELIVERED
2284,10,151,2026-06-11,2026-07-04,DELIVERED
2285,9,93,2023-05-16,2023-05-23,DELIVERED
2286,3,286,2024-10-14,2024-11-13,DELIVERED
2287,16,476,2023-10-03,2023-10-19,IN_TRANSIT
2288,13,361,2023-12-13,2023-12-27,DELAYED
2289,20,31,2026-01-03,2026-01-11,DELIVERED
2290,18,259,2026-07-20,2026-08-15,DELIVERED
2291,16,230,2025-03-12,2025-03-25,DELIVERED
2292,16,211,2026-09-16,2026-10-14,DELIVERED
2293,11,216,2025-10-16,2025-10-31,DELIVERED
2294,12,471,2026-01-16,2026-02-12,DELIVERED
2295,11,500,2024-04-03,2024-05-11,DELIVERED
2296,8,294,2025-01-10,2025-01-27,DELIVERED
2297,18,199,2024-04-14,2024-05-23,DELIVERED
2298,5,151,2026-08-24,2026-09-22,DELIVERED
2299,4,417,2025-06-07,2025-06-29,DELIVERED
2300,17,244,2024-02-20,2024-02-27,DELIVERED
2301,11,342,2023-03-31,2023-05-04,DELIVERED
2302,19,489,2025-12-23,2026-01-08,DELIVERED
2303,6,455,2024-12-17,2025-01-05,DELIVERED
2304,3,248,2023-11-30,2023-12-31,IN_TRANSIT
2305,15,451,2023-08-12,2023-08-17,DELIVERED
2306,3,20,2025-02-02,2025-03-01,DELIVERED
2307,5,399,2026-06-12,2026-06-28,DELIVERED
2308,14,71,2026-09-27,2026-10-23,DELIVERED
2309,20,494,2023-08-25,2023-10-02,DELIVERED
2310,11,15,2025-03-30,2025-05-07,DELIVERED
2311,13,17,2024-03-15,2024-03-21,DELIVERED
2312,14,356,2025-07-13,2025-08-02,DELIVERED
2313,14,192,2024-08-08,2024-08-26,DELAYED
2314,17,380,2023-07-16,2023-08-16,DELIVERED
2315,12,365,2024-07-22,2024-08-15,DELIVERED
2316,5,319,2025-03-04,2025-04-08,IN_TRANSIT
2317,12,391,2026-08-14,2026-08-22,DELIVERED
2318,1,87,2023-11-03,2023-11-25,DELIVERED
2319,1,310,2023-05-15,2023-06-21,DELIVERED
2320,17,183,2025-07-05,2025-08-12,DELIVERED
2321,2,198,2023-11-08,2023-12-09,DELIVERED
2322,1,232,2023-10-06,2023-10-19,DELIVERED
2323,2,330,2025-11-07,2025-12-11,DELAYED
2324,8,115,2023-02-10,2023-02-17,DELIVERED
2325,1,257,2023-07-09,2023-07-31,DELIVERED
2326,3,417,2026-06-13,2026-06-23,DELIVERED
2327,3,20,2024-08-28,2024-09-29,DELIVERED
2328,4,154,2024-10-12,2024-10-24,DELIVERED
2329,3,262,2025-09-23,2025-10-22,DELIVERED
2330,8,478,2025-06-14,2025-07-20,DELIVERED
2331,4,148,2025-11-07,2025-12-07,DELIVERED
2332,15,440,2026-08-27,2026-09-16,IN_TRANSIT
2333,16,16,2026-04-28,2026-05-09,DELIVERED
2334,17,364,2024-07-27,2024-09-02,DELIVERED
2335,16,246,2025-06-10,2025-07-14,DELIVERED
2336,2,27,2023-12-28,2024-01-29,DELIVERED
2337,15,260,2023-04-30,2023-06-08,DELIVERED
2338,11,391,2023-09-14,2023-10-13,DELIVERED
2339,8,258,2024-12-12,2025-01-12,DELIVERED
2340,19,157,2024-01-01,2024-02-05,IN_TRANSIT
2341,10,282,2024-03-15,2024-04-19,DELIVERED
2342,14,63,2023-07-20,2023-07-29,IN_TRANSIT
2343,3,155,2023-02-27,2023-04-07,DELIVERED
2344,13,343,2024-12-02,2024-12-08,DELIVERED
2345,9,359,2023-12-12,2024-01-19,DELIVERED
2346,10,223,2023-12-06,2023-12-24,DELIVERED
2347,6,291,2026-06-28,2026-08-03,DELIVERED
2348,13,497,2023-03-16,2023-04-12,DELIVERED
2349,7,289,2023-09-13,2023-10-01,DELIVERED
2350,4,151,2025-09-07,2025-09-29,DELIVERED
2351,4,147,2025-02-25,2025-03-21,IN_TRANSIT
2352,4,269,2023-10-25,2023-11-14,DELIVERED
2353,13,485,2025-04-11,2025-04-28,DELIVERED
2354,14,86,2023-11-14,2023-12-01,DELIVERED
2355,6,253,2026-08-14,2026-08-28,IN_TRANSIT
2356,9,365,2024-02-26,2024-03-28,DELIVERED
2357,8,212,2023-02-27,2023-03-18,DELIVERED
2358,11,490,2026-07-26,2026-08-10,DELIVERED
2359,13,407,2025-08-20,2025-08-30,DELIVERED
2360,10,177,2024-05-14,2024-06-22,IN_TRANSIT
2361,11,257,2023-02-07,2023-02-13,DELIVERED
2362,8,206,2024-06-30,2024-08-05,DELIVERED
2363,6,29,2026-05-25,2026-06-24,DELIVERED
2364,18,425,2024-02-13,2024-03-15,DELIVERED
2365,12,70,2025-03-04,2025-03-30,DELIVERED
2366,17,385,2026-06-17,2026-07-14,DELIVERED
2367,7,45,2023-05-26,2023-06-06,DELIVERED
2368,6,255,2025-02-16,2025-02-24,DELAYED
2369,9,449,2023-01-31,2023-02-15,IN_TRANSIT
2370,10,403,2023-06-28,2023-08-01,DELIVERED
2371,17,66,2026-01-17,2026-01-30,DELIVERED
2372,13,115,2024-12-26,2025-01-18,DELIVERED
2373,19,113,2025-05-29,2025-06-05,DELIVERED
2374,3,153,2023-05-14,2023-06-03,DELIVERED
2375,17,497,2026-02-03,2026-02-21,DELIVERED
2376,15,232,2025-06-23,2025-07-21,IN_TRANSIT
2377,6,437,2025-12-11,2025-12-29,DELIVERED
2378,16,459,2025-11-19,2025-12-10,DELIVERED
2379,8,196,2023-06-11,2023-06-21,DELIVERED
2380,7,258,2026-03-24,2026-04-22,DELIVERED
2381,4,61,2023-02-28,2023-04-05,DELIVERED
2382,8,35,2026-06-05,2026-06-28,DELIVERED
2383,19,266,2024-12-29,2025-01-07,IN_TRANSIT
2384,1,228,2025-11-16,2025-12-15,DELIVERED
2385,5,156,2024-02-06,2024-03-03,DELIVERED
2386,9,91,2024-01-04,2024-01-13,DELIVERED
2387,4,85,2026-03-01,2026-03-17,DELIVERED
2388,11,447,2023-06-21,2023-06-29,DELIVERED
2389,8,296,2024-10-11,2024-11-19,DELIVERED
2390,12,203,2024-10-14,2024-10-23,DELIVERED
2391,11,4,2024-12-20,2025-01-10,DELIVERED
2392,14,125,2026-01-27,2026-02-06,IN_TRANSIT
2393,8,105,2026-03-06,2026-04-06,DELIVERED
2394,2,211,2023-01-13,2023-02-16,DELIVERED
2395,3,314,2024-08-06,2024-09-04,DELIVERED
2396,15,305,2025-11-10,2025-11-24,DELIVERED
2397,3,351,2025-10-21,2025-11-25,DELIVERED
2398,14,395,2026-05-31,2026-06-24,DELIVERED
2399,1,215,2024-08-28,2024-09-27,DELIVERED
2400,10,22,2024-07-18,2024-08-02,IN_TRANSIT
2401,1,356,2023-09-24,2023-10-11,DELIVERED
2402,18,42,2024-12-11,2024-12-16,DELIVERED
2403,12,402,2024-10-15,2024-11-10,DELIVERED
2404,19,133,2025-10-05,2025-10-22,DELIVERED
2405,10,441,2023-09-08,2023-10-04,DELIVERED
2406,12,297,2023-03-08,2023-04-07,DELIVERED
2407,17,406,2024-06-07,2024-07-12,DELIVERED
2408,9,110,2024-08-25,2024-10-03,IN_TRANSIT
2409,12,409,2023-06-25,2023-07-13,DELIVERED
2410,19,303,2026-09-24,2026-10-30,DELIVERED
2411,15,381,2026-06-07,2026-06-23,IN_TRANSIT
2412,1,218,2025-02-22,2025-03-26,IN_TRANSIT
2413,14,367,2026-08-29,2026-09-05,DELIVERED
2414,12,284,2025-04-02,2025-04-21,DELIVERED
2415,12,279,2024-05-21,2024-05-27,DELAYED
2416,19,443,2024-05-18,2024-06-07,DELIVERED
2417,1,34,2025-01-08,2025-01-24,DELIVERED
2418,20,312,2026-04-12,2026-05-09,DELIVERED
2419,5,422,2023-03-24,2023-04-09,DELIVERED
2420,10,78,2023-10-29,2023-11-08,DELIVERED
2421,6,114,2026-09-06,2026-09-24,DELIVERED
2422,1,53,2026-01-08,2026-01-19,DELIVERED
2423,4,168,2023-05-27,2023-06-10,DELIVERED
2424,6,295,2025-01-18,2025-02-18,DELIVERED
2425,2,266,2024-11-01,2024-12-08,DELAYED
2426,16,79,2023-06-26,2023-07-04,DELIVERED
2427,6,299,2024-01-20,2024-01-27,DELIVERED
2428,20,315,2025-07-08,2025-07-19,DELIVERED
2429,2,241,2026-09-20,2026-10-29,DELIVERED
2430,6,178,2026-05-16,2026-06-16,DELIVERED
2431,16,25,2025-10-25,2025-10-31,DELIVERED
2432,12,30,2026-02-02,2026-03-03,DELIVERED
2433,20,91,2025-10-09,2025-10-29,IN_TRANSIT
2434,15,237,2025-07-22,2025-08-21,DELAYED
2435,2,87,2026-02-24,2026-04-03,DELIVERED
2436,5,171,2023-07-16,2023-07-28,DELIVERED
2437,16,138,2025-04-17,2025-05-18,DELIVERED
2438,4,293,2024-05-04,2024-06-02,DELIVERED
2439,3,116,2024-01-07,2024-01-30,DELIVERED
2440,14,36,2025-12-02,2025-12-22,DELIVERED
2441,15,222,2023-06-24,2023-07-20,DELIVERED
2442,2,253,2023-04-02,2023-04-18,DELIVERED
2443,17,212,2026-05-19,2026-05-28,DELIVERED
2444,15,452,2026-06-12,2026-06-21,DELIVERED
2445,16,197,2025-11-10,2025-12-04,DELIVERED
2446,5,342,2026-04-17,2026-05-05,DELIVERED
2447,14,187,2023-01-29,2023-03-01,DELIVERED
2448,4,350,2025-01-15,2025-01-26,DELAYED
2449,8,249,2025-02-13,2025-02-20,DELIVERED
2450,1,385,2025-01-02,2025-02-04,DELIVERED
2451,8,481,2026-06-16,2026-07-17,DELAYED
2452,20,478,2024-11-14,2024-12-23,DELIVERED
2453,10,472,2025-02-20,2025-03-25,DELIVERED
2454,5,195,2023-05-06,2023-06-05,DELIVERED
2455,11,136,2023-07-04,2023-07-25,DELAYED
2456,16,250,2026-06-14,2026-07-15,DELIVERED
2457,16,154,2023-03-03,2023-04-07,DELIVERED
2458,11,418,2023-07-06,2023-07-21,DELIVERED
2459,13,258,2023-05-16,2023-06-14,DELIVERED
2460,20,258,2023-02-24,2023-03-01,DELIVERED
2461,20,372,2024-10-21,2024-10-28,IN_TRANSIT
2462,8,381,2023-09-23,2023-10-24,DELIVERED
2463,12,390,2025-03-11,2025-03-23,DELIVERED
2464,6,201,2024-04-06,2024-04-29,DELIVERED
2465,2,454,2024-05-14,2024-05-29,DELIVERED
2466,14,243,2023-07-24,2023-08-10,DELIVERED
2467,10,67,2024-04-24,2024-05-31,DELIVERED
2468,5,447,2024-04-21,2024-05-15,DELIVERED
2469,20,33,2025-04-25,2025-05-12,DELIVERED
2470,10,396,2025-01-06,2025-01-30,DELAYED
2471,17,101,2026-01-19,2026-01-26,DELIVERED
2472,3,378,2024-12-20,2025-01-07,DELIVERED
2473,3,323,2025-04-10,2025-05-11,DELIVERED
2474,19,340,2024-07-16,2024-08-13,DELIVERED
2475,7,435,2024-12-12,2024-12-31,DELIVERED
2476,13,63,2025-12-20,2026-01-12,DELIVERED
2477,14,396,2026-01-23,2026-02-05,DELIVERED
2478,4,292,2023-11-09,2023-12-13,DELIVERED
2479,10,190,2026-06-03,2026-07-02,DELIVERED
2480,6,356,2024-08-02,2024-09-03,DELIVERED
2481,3,345,2026-07-09,2026-07-28,IN_TRANSIT
2482,10,441,2023-10-29,2023-12-01,DELIVERED
2483,5,29,2023-11-15,2023-12-09,DELIVERED
2484,19,182,2026-08-13,2026-09-21,DELAYED
2485,14,37,2025-10-29,2025-11-13,IN_TRANSIT
2486,16,439,2023-01-11,2023-02-09,DELIVERED
2487,10,142,2024-04-14,2024-05-13,DELIVERED
2488,15,355,2025-09-13,2025-10-03,DELIVERED
2489,18,394,2026-05-27,2026-06-28,DELIVERED
2490,9,305,2025-09-30,2025-10-25,DELIVERED
2491,12,41,2024-08-26,2024-09-27,DELIVERED
2492,4,36,2026-09-22,2026-10-09,DELIVERED
2493,3,282,2024-05-12,2024-06-14,DELIVERED
2494,4,360,2024-08-02,2024-09-02,DELIVERED
2495,2,363,2023-01-19,2023-02-26,DELAYED
2496,18,341,2026-07-02,2026-07-14,DELIVERED
2497,18,167,2026-06-11,2026-07-17,DELIVERED
2498,1,96,2026-08-26,2026-09-21,DELIVERED
2499,2,19,2025-03-03,2025-03-20,DELIVERED
2500,11,135,2025-10-16,2025-11-11,DELIVERED
2501,9,265,2025-09-22,2025-10-20,DELIVERED
2502,14,465,2025-08-31,2025-09-17,DELIVERED
2503,9,73,2026-03-01,2026-03-29,DELIVERED
2504,4,418,2023-10-05,2023-10-22,IN_TRANSIT
2505,16,153,2025-11-16,2025-12-12,DELIVERED
2506,16,397,2023-07-01,2023-07-19,DELIVERED
2507,4,492,2023-02-27,2023-03-05,DELIVERED
2508,9,228,2024-01-31,2024-02-11,DELIVERED
2509,10,336,2023-09-23,2023-10-29,DELIVERED
2510,14,93,2025-02-23,2025-03-28,DELIVERED
2511,6,188,2025-05-30,2025-06-07,DELIVERED
2512,18,355,2023-07-08,2023-07-14,DELIVERED
2513,20,278,2024-04-07,2024-04-20,DELAYED
2514,4,202,2024-04-11,2024-05-10,DELIVERED
2515,12,88,2024-02-12,2024-02-22,DELIVERED
2516,8,65,2023-10-24,2023-11-09,DELIVERED
2517,1,457,2026-04-28,2026-05-26,DELIVERED
2518,14,73,2024-03-23,2024-04-20,DELIVERED
2519,20,453,2025-05-23,2025-06-02,DELIVERED
2520,9,81,2026-06-18,2026-07-19,DELIVERED
2521,10,197,2024-07-24,2024-08-21,DELIVERED
2522,5,180,2024-01-14,2024-02-21,DELIVERED
2523,6,417,2026-07-22,2026-08-05,DELIVERED
2524,6,153,2023-01-14,2023-02-10,DELIVERED
2525,20,452,2024-05-12,2024-06-17,DELIVERED
2526,16,170,2023-09-03,2023-10-09,DELIVERED
2527,4,434,2025-05-21,2025-06-15,DELIVERED
2528,4,432,2024-07-05,2024-07-23,DELIVERED
2529,16,60,2024-10-10,2024-10-21,DELIVERED
2530,8,66,2024-12-05,2025-01-06,DELAYED
2531,13,418,2026-04-28,2026-05-14,DELIVERED
2532,1,16,2024-12-30,2025-01-09,DELIVERED
2533,16,135,2025-03-17,2025-04-13,DELIVERED
2534,15,392,2023-10-29,2023-11-05,DELIVERED
2535,8,211,2023-01-19,2023-02-09,DELIVERED
2536,13,204,2024-02-18,2024-03-07,DELIVERED
2537,3,482,2026-04-24,2026-05-19,IN_TRANSIT
2538,3,192,2024-03-27,2024-05-05,DELAYED
2539,20,438,2023-10-19,2023-11-02,DELIVERED
2540,1,345,2026-06-08,2026-06-27,IN_TRANSIT
2541,13,299,2023-01-21,2023-01-28,DELAYED
2542,11,277,2024-04-29,2024-05-23,DELIVERED
2543,7,74,2025-06-04,2025-06-17,DELIVERED
2544,18,254,2023-05-05,2023-05-20,DELIVERED
2545,16,455,2026-06-25,2026-07-17,DELIVERED
2546,6,391,2025-08-14,2025-08-28,DELIVERED
2547,4,46,2024-06-28,2024-07-07,DELIVERED
2548,7,372,2024-01-10,2024-02-18,DELIVERED
2549,11,86,2024-06-25,2024-07-31,DELAYED
2550,1,243,2026-06-01,2026-07-06,DELIVERED
2551,11,358,2024-06-20,2024-07-01,DELIVERED
2552,18,269,2023-05-07,2023-05-12,DELIVERED
2553,1,171,2023-10-24,2023-11-25,IN_TRANSIT
2554,7,149,2025-03-09,2025-04-16,DELIVERED
2555,11,2,2025-12-30,2026-01-08,DELIVERED
2556,8,76,2023-11-25,2023-12-16,DELIVERED
2557,1,107,2023-10-15,2023-11-06,DELIVERED
2558,11,82,2023-05-18,2023-06-13,DELIVERED
2559,16,86,2026-08-26,2026-09-17,DELIVERED
2560,20,235,2025-08-31,2025-09-29,DELIVERED
2561,18,254,2025-06-25,2025-07-16,DELAYED
2562,11,494,2023-12-05,2024-01-01,DELIVERED
2563,2,164,2026-05-15,2026-06-15,DELIVERED
2564,19,470,2023-01-06,2023-01-18,DELIVERED
2565,10,123,2024-06-26,2024-07-21,DELIVERED
2566,8,188,2023-03-27,2023-04-24,DELIVERED
2567,7,481,2026-04-25,2026-05-06,DELIVERED
2568,1,119,2024-07-04,2024-08-02,DELAYED
2569,20,381,2026-07-16,2026-07-30,DELAYED
2570,9,245,2023-10-29,2023-11-17,DELIVERED
2571,14,161,2024-05-29,2024-06-04,DELIVERED
2572,3,414,2023-05-12,2023-06-05,DELIVERED
2573,14,132,2023-10-31,2023-11-14,DELAYED
2574,18,472,2023-10-27,2023-11-26,DELIVERED
2575,6,248,2023-09-17,2023-10-03,IN_TRANSIT
2576,5,70,2024-05-28,2024-06-09,DELIVERED
2577,9,194,2024-08-25,2024-09-27,DELIVERED
2578,3,309,2024-07-22,2024-08-03,DELAYED
2579,14,414,2024-11-22,2024-12-21,IN_TRANSIT
2580,1,68,2025-11-27,2025-12-22,DELIVERED
2581,18,203,2025-10-31,2025-11-29,DELIVERED
2582,18,386,2023-10-23,2023-11-02,DELIVERED
2583,20,467,2026-02-24,2026-03-25,DELIVERED
2584,18,154,2026-04-01,2026-04-29,DELIVERED
2585,12,278,2023-04-18,2023-04-25,DELIVERED
2586,12,235,2023-02-17,2023-03-14,DELIVERED
2587,10,102,2024-11-16,2024-11-28,DELIVERED
2588,20,68,2026-01-19,2026-01-27,DELIVERED
2589,3,74,2025-03-09,2025-03-25,DELIVERED
2590,5,208,2024-06-11,2024-06-22,DELIVERED
2591,7,148,2025-02-26,2025-03-30,IN_TRANSIT
2592,9,151,2024-05-12,2024-05-26,DELIVERED
2593,18,219,2024-10-30,2024-11-10,DELIVERED
2594,8,22,2024-01-14,2024-02-21,DELIVERED
2595,14,76,2025-11-22,2025-12-26,DELIVERED
2596,13,44,2023-10-06,2023-10-26,DELIVERED
2597,15,276,2023-09-06,2023-09-18,DELIVERED
2598,3,411,2026-03-22,2026-04-19,DELIVERED
2599,3,369,2023-06-02,2023-06-11,DELIVERED
2600,13,289,2024-03-13,2024-04-16,DELIVERED
2601,1,99,2023-09-14,2023-09-21,DELIVERED
2602,6,58,2026-08-06,2026-09-14,DELIVERED
2603,11,77,2025-10-17,2025-11-20,DELIVERED
2604,18,144,2023-09-30,2023-11-02,DELIVERED
2605,19,480,2023-10-09,2023-11-14,DELAYED
2606,16,317,2023-03-16,2023-04-05,DELIVERED
2607,18,203,2024-02-10,2024-03-07,IN_TRANSIT
2608,13,263,2024-09-27,2024-11-04,IN_TRANSIT
2609,12,447,2024-07-21,2024-07-27,DELIVERED
2610,15,273,2024-02-13,2024-03-06,IN_TRANSIT
2611,12,460,2025-05-09,2025-05-29,DELIVERED
2612,16,61,2024-10-11,2024-11-15,DELIVERED
2613,9,246,2024-02-17,2024-03-18,DELIVERED
2614,17,20,2024-12-10,2024-12-18,DELIVERED
2615,15,73,2026-04-14,2026-05-17,DELIVERED
2616,16,351,2023-05-24,2023-06-26,DELIVERED
2617,3,138,2023-09-25,2023-10-26,DELIVERED
2618,3,426,2023-05-20,2023-05-30,IN_TRANSIT
2619,18,388,2024-02-04,2024-02-29,DELAYED
2620,4,233,2024-07-11,2024-07-29,DELIVERED
2621,6,315,2024-10-09,2024-10-21,DELIVERED
2622,14,411,2023-02-08,2023-03-01,DELIVERED
2623,11,292,2024-09-04,2024-10-05,DELAYED
2624,14,348,2025-08-07,2025-08-15,DELIVERED
2625,2,107,2024-08-30,2024-09-29,DELIVERED
2626,11,438,2023-06-07,2023-07-13,DELIVERED
2627,18,272,2025-05-16,2025-05-23,DELIVERED
2628,6,173,2023-10-07,2023-11-06,DELAYED
2629,16,61,2026-03-15,2026-04-19,DELIVERED
2630,2,8,2026-01-25,2026-02-07,DELIVERED
2631,3,457,2023-06-08,2023-06-20,DELAYED
2632,4,43,2024-09-04,2024-09-09,DELIVERED
2633,2,368,2024-12-27,2025-01-27,DELAYED
2634,4,84,2026-02-26,2026-03-12,DELAYED
2635,9,400,2026-02-22,2026-03-16,DELIVERED
2636,13,409,2023-03-13,2023-04-08,DELIVERED
2637,6,328,2024-07-03,2024-08-02,IN_TRANSIT
2638,8,311,2026-02-11,2026-03-03,DELIVERED
2639,14,115,2023-02-02,2023-03-02,DELIVERED
2640,7,483,2023-08-31,2023-09-24,IN_TRANSIT
2641,18,402,2024-01-21,2024-02-02,DELIVERED
2642,3,444,2024-12-08,2024-12-30,DELIVERED
2643,18,78,2024-09-29,2024-11-04,DELAYED
2644,10,230,2023-06-28,2023-07-13,DELIVERED
2645,8,177,2024-06-10,2024-07-03,DELIVERED
2646,15,216,2025-05-12,2025-06-19,DELIVERED
2647,18,178,2025-04-23,2025-05-19,DELIVERED
2648,7,125,2023-04-14,2023-05-18,DELIVERED
2649,3,449,2024-02-16,2024-02-28,DELAYED
2650,7,420,2025-02-07,2025-02-19,DELAYED
2651,18,486,2023-07-05,2023-07-12,DELIVERED
2652,8,287,2024-09-19,2024-10-17,IN_TRANSIT
2653,15,255,2026-04-26,2026-06-01,IN_TRANSIT
2654,14,361,2024-01-01,2024-01-22,IN_TRANSIT
2655,18,456,2026-04-09,2026-04-25,DELIVERED
2656,20,202,2023-04-02,2023-05-05,DELIVERED
2657,20,400,2023-12-19,2024-01-21,DELAYED
2658,4,174,2024-06-13,2024-06-29,DELIVERED
2659,5,391,2024-12-29,2025-01-30,DELIVERED
2660,7,300,2025-04-05,2025-04-29,IN_TRANSIT
2661,2,131,2025-02-01,2025-02-10,DELIVERED
2662,14,95,2024-03-29,2024-04-15,DELIVERED
2663,3,112,2023-03-16,2023-04-14,DELIVERED
2664,20,280,2025-09-01,2025-10-09,DELIVERED
2665,8,500,2024-07-21,2024-07-27,DELIVERED
2666,8,176,2025-01-27,2025-02-18,DELIVERED
2667,9,209,2026-05-01,2026-05-27,DELIVERED
2668,4,268,2026-01-30,2026-02-22,DELIVERED
2669,7,134,2025-08-25,2025-09-23,DELIVERED
2670,8,339,2026-02-28,2026-03-20,DELIVERED
2671,10,220,2026-06-12,2026-06-25,DELIVERED
2672,12,328,2023-06-14,2023-07-13,DELIVERED
2673,8,478,2023-08-13,2023-09-01,DELAYED
2674,13,428,2023-05-26,2023-06-25,DELIVERED
2675,20,217,2026-08-25,2026-10-03,DELIVERED
2676,10,434,2024-05-17,2024-06-22,IN_TRANSIT
2677,9,166,2024-01-19,2024-02-01,DELIVERED
2678,12,223,2026-03-27,2026-04-27,DELIVERED
2679,2,396,2023-11-24,2023-12-21,DELIVERED
2680,6,270,2023-09-12,2023-10-02,DELIVERED
2681,16,484,2025-04-19,2025-05-20,DELIVERED
2682,19,113,2026-01-11,2026-01-18,DELIVERED
2683,16,62,2025-07-28,2025-09-04,DELIVERED
2684,19,400,2023-11-13,2023-11-20,DELIVERED
2685,3,84,2024-08-24,2024-09-23,DELIVERED
2686,20,489,2024-12-09,2024-12-27,DELIVERED
2687,2,79,2023-03-20,2023-04-15,DELAYED
2688,15,386,2025-07-04,2025-08-08,DELIVERED
2689,7,296,2026-08-06,2026-08-25,DELIVERED
2690,7,224,2024-11-06,2024-11-19,DELIVERED
2691,10,158,2023-09-01,2023-09-20,DELIVERED
2692,7,121,2026-10-01,2026-10-09,IN_TRANSIT
2693,7,257,2023-03-24,2023-04-29,IN_TRANSIT
2694,11,2,2024-03-24,2024-04-20,DELIVERED
2695,13,4,2024-04-23,2024-05-31,DELIVERED
2696,6,288,2024-06-17,2024-07-25,DELAYED
2697,9,256,2025-12-16,2025-12-23,DELIVERED
2698,13,264,2026-08-02,2026-08-10,DELIVERED
2699,8,86,2026-02-22,2026-03-14,IN_TRANSIT
2700,4,51,2023-01-22,2023-02-27,DELIVERED
2701,9,81,2023-12-01,2023-12-22,DELIVERED
2702,20,122,2025-06-07,2025-06-25,IN_TRANSIT
2703,10,465,2026-01-04,2026-02-09,DELIVERED
2704,8,70,2025-08-13,2025-09-07,DELIVERED
2705,20,109,2023-03-11,2023-04-13,DELIVERED
2706,11,129,2025-07-29,2025-08-05,DELIVERED
2707,7,480,2024-07-19,2024-07-26,DELAYED
2708,15,2,2024-02-04,2024-02-19,DELIVERED
2709,3,118,2023-09-02,2023-10-03,DELIVERED
2710,20,292,2026-03-03,2026-03-25,DELIVERED
2711,8,375,2026-03-01,2026-03-14,DELAYED
2712,2,31,2024-11-19,2024-12-10,DELIVERED
2713,16,209,2024-02-13,2024-03-21,DELIVERED
2714,8,407,2024-09-24,2024-10-11,DELIVERED
2715,3,313,2023-07-29,2023-09-06,IN_TRANSIT
2716,2,294,2025-02-18,2025-03-19,DELIVERED
2717,4,8,2024-01-30,2024-03-08,DELAYED
2718,9,318,2026-02-04,2026-03-12,DELIVERED
2719,18,253,2025-10-15,2025-10-20,DELIVERED
2720,15,347,2024-01-25,2024-03-01,DELIVERED
2721,5,289,2023-06-24,2023-07-02,IN_TRANSIT
2722,16,232,2025-05-01,2025-05-24,DELIVERED
2723,14,465,2023-03-14,2023-03-25,DELIVERED
2724,7,399,2024-04-18,2024-05-21,DELIVERED
2725,6,392,2025-03-16,2025-04-04,DELIVERED
2726,14,310,2026-08-08,2026-08-25,DELIVERED
2727,10,123,2025-08-31,2025-09-07,IN_TRANSIT
2728,11,124,2025-07-02,2025-07-13,DELIVERED
2729,3,420,2023-05-16,2023-05-22,DELIVERED
2730,1,153,2026-01-28,2026-02-08,DELIVERED
2731,13,453,2025-09-24,2025-10-28,DELIVERED
2732,10,176,2023-05-02,2023-05-19,DELIVERED
2733,17,462,2025-11-05,2025-12-02,DELIVERED
2734,12,117,2025-10-10,2025-11-18,DELAYED
2735,20,269,2025-02-10,2025-02-16,DELIVERED
2736,17,429,2024-08-30,2024-09-10,DELAYED
2737,3,87,2025-05-13,2025-05-25,DELIVERED
2738,20,371,2023-11-07,2023-12-13,DELIVERED
2739,6,494,2026-06-15,2026-06-28,DELIVERED
2740,20,115,2026-06-29,2026-07-29,DELAYED
2741,7,179,2023-05-29,2023-06-29,DELIVERED
2742,11,358,2024-07-24,2024-08-10,DELIVERED
2743,20,220,2025-11-01,2025-12-10,DELIVERED
2744,6,359,2023-01-20,2023-02-23,DELIVERED
2745,5,204,2024-12-21,2025-01-10,DELIVERED
2746,20,177,2024-02-19,2024-02-25,DELIVERED
2747,13,473,2024-02-18,2024-03-23,DELIVERED
2748,3,377,2026-07-27,2026-08-23,DELAYED
2749,14,201,2024-06-09,2024-06-27,DELIVERED
2750,18,431,2024-07-21,2024-08-02,DELIVERED
2751,1,350,2025-04-25,2025-05-20,IN_TRANSIT
2752,4,479,2024-08-14,2024-09-05,DELIVERED
2753,9,211,2023-03-11,2023-04-03,DELIVERED
2754,5,110,2026-05-27,2026-06-14,DELIVERED
2755,12,27,2023-09-29,2023-10-27,DELIVERED
2756,20,174,2024-12-18,2025-01-09,DELIVERED
2757,19,329,2024-08-02,2024-08-22,DELIVERED
2758,14,471,2024-02-23,2024-04-01,DELIVERED
2759,13,262,2023-11-11,2023-11-27,DELIVERED
2760,6,226,2023-04-30,2023-05-10,DELIVERED
2761,3,159,2024-08-20,2024-09-12,DELIVERED
2762,7,155,2023-10-27,2023-11-12,DELIVERED
2763,15,156,2023-05-05,2023-06-08,DELIVERED
2764,14,387,2026-01-25,2026-02-16,DELAYED
2765,2,428,2023-11-18,2023-12-13,DELIVERED
2766,1,205,2025-02-14,2025-03-02,IN_TRANSIT
2767,9,117,2025-10-31,2025-11-20,DELIVERED
2768,18,465,2024-05-29,2024-07-03,DELIVERED
2769,8,347,2025-08-21,2025-09-11,DELIVERED
2770,13,375,2025-10-27,2025-11-13,DELIVERED
2771,3,357,2024-09-07,2024-10-04,DELIVERED
2772,17,476,2024-02-02,2024-02-26,DELIVERED
2773,8,371,2026-06-04,2026-06-11,DELIVERED
2774,15,341,2023-08-24,2023-09-04,DELIVERED
2775,18,487,2025-05-14,2025-05-25,DELIVERED
2776,10,268,2025-01-17,2025-02-10,DELIVERED
2777,15,364,2025-04-17,2025-04-27,IN_TRANSIT
2778,20,194,2024-05-18,2024-06-13,DELIVERED
2779,10,67,2025-09-29,2025-10-28,DELIVERED
2780,4,197,2025-05-17,2025-06-13,DELIVERED
2781,2,181,2024-12-27,2025-01-11,DELAYED
2782,14,461,2023-10-16,2023-10-23,DELIVERED
2783,8,218,2025-04-28,2025-05-16,DELIVERED
2784,15,94,2024-04-17,2024-05-04,DELIVERED
2785,11,308,2023-04-15,2023-04-30,DELIVERED
2786,11,85,2025-08-12,2025-09-02,DELIVERED
2787,16,143,2025-09-12,2025-10-01,DELIVERED
2788,19,37,2023-01-22,2023-02-19,DELIVERED
2789,12,417,2023-11-18,2023-12-24,DELIVERED
2790,11,342,2023-07-22,2023-08-25,DELIVERED
2791,1,361,2025-01-20,2025-02-18,DELAYED
2792,14,483,2026-05-01,2026-05-09,IN_TRANSIT
2793,12,84,2023-11-18,2023-12-11,DELIVERED
2794,17,298,2023-04-25,2023-05-27,DELIVERED
2795,8,458,2026-05-26,2026-06-02,DELIVERED
2796,10,377,2025-10-29,2025-11-03,DELIVERED
2797,17,222,2024-09-25,2024-10-16,DELIVERED
2798,10,73,2023-11-10,2023-11-30,DELIVERED
2799,10,494,2025-02-06,2025-02-11,DELIVERED
2800,5,89,2023-11-12,2023-12-21,DELIVERED
2801,15,377,2026-07-27,2026-08-18,DELIVERED
2802,12,354,2024-12-02,2024-12-20,DELIVERED
2803,12,207,2023-03-15,2023-04-04,IN_TRANSIT
2804,7,233,2024-05-19,2024-05-27,IN_TRANSIT
2805,18,191,2024-02-18,2024-03-25,DELIVERED
2806,2,454,2023-10-21,2023-10-29,DELIVERED
2807,15,491,2025-08-02,2025-09-08,DELIVERED
2808,8,130,2026-09-05,2026-09-18,IN_TRANSIT
2809,3,277,2023-03-16,2023-04-10,DELAYED
2810,15,474,2024-09-23,2024-10-03,DELIVERED
2811,11,167,2025-02-07,2025-02-24,DELIVERED
2812,5,495,2023-05-09,2023-05-31,DELIVERED
2813,1,126,2023-02-27,2023-03-28,DELIVERED
2814,3,397,2025-10-29,2025-11-17,DELIVERED
2815,10,6,2024-05-11,2024-06-18,DELIVERED
2816,2,287,2025-08-24,2025-09-06,DELIVERED
2817,14,490,2023-08-08,2023-08-25,DELAYED
2818,15,496,2025-10-06,2025-11-09,IN_TRANSIT
2819,15,306,2026-05-30,2026-06-12,DELIVERED
2820,13,326,2024-03-10,2024-04-07,DELIVERED
2821,15,418,2024-09-16,2024-09-21,DELIVERED
2822,17,321,2026-05-28,2026-06-23,DELIVERED
2823,9,498,2024-12-01,2025-01-02,DELIVERED
2824,17,60,2024-10-10,2024-11-17,DELIVERED
2825,4,411,2024-04-03,2024-04-21,DELIVERED
2826,20,89,2026-01-16,2026-01-22,IN_TRANSIT
2827,5,350,2024-08-21,2024-09-10,DELAYED
2828,16,267,2023-01-15,2023-02-11,DELIVERED
2829,8,324,2024-09-28,2024-10-03,IN_TRANSIT
2830,4,219,2024-04-09,2024-05-18,DELIVERED
2831,15,72,2023-07-09,2023-07-15,DELIVERED
2832,8,499,2023-03-12,2023-03-25,DELAYED
2833,19,198,2023-12-13,2024-01-11,DELIVERED
2834,14,250,2024-11-28,2025-01-04,DELIVERED
2835,13,264,2024-02-14,2024-03-08,DELIVERED
2836,19,480,2026-05-03,2026-06-07,DELIVERED
2837,1,48,2023-02-06,2023-02-20,DELIVERED
2838,5,423,2026-05-05,2026-05-27,DELIVERED
2839,6,462,2025-12-10,2026-01-01,DELIVERED
2840,1,225,2025-11-04,2025-12-05,DELIVERED
2841,19,19,2023-11-08,2023-12-13,DELIVERED
2842,9,319,2023-05-14,2023-06-07,DELIVERED
2843,12,81,2024-08-28,2024-09-25,DELIVERED
2844,3,450,2025-06-09,2025-06-30,DELIVERED
2845,10,229,2023-07-22,2023-08-02,DELIVERED
2846,14,44,2025-02-27,2025-04-01,IN_TRANSIT
2847,17,218,2026-04-05,2026-05-09,DELIVERED
2848,16,63,2026-06-26,2026-07-04,DELIVERED
2849,19,498,2024-05-26,2024-06-21,DELIVERED
2850,16,484,2023-09-07,2023-10-07,DELIVERED
2851,10,340,2026-05-09,2026-06-10,DELIVERED
2852,11,288,2025-07-27,2025-08-22,IN_TRANSIT
2853,4,427,2025-03-11,2025-03-24,DELIVERED
2854,16,175,2026-07-02,2026-07-12,DELAYED
2855,14,4,2024-08-15,2024-09-12,DELIVERED
2856,1,84,2025-06-24,2025-07-02,DELIVERED
2857,2,292,2024-06-29,2024-07-11,DELIVERED
2858,11,17,2024-01-23,2024-02-25,DELIVERED
2859,2,60,2026-09-10,2026-09-19,DELIVERED
2860,3,80,2025-05-05,2025-05-19,IN_TRANSIT
2861,2,272,2026-01-26,2026-02-01,IN_TRANSIT
2862,1,201,2023-03-11,2023-03-24,DELIVERED
2863,12,53,2024-04-10,2024-05-06,DELAYED
2864,14,369,2024-05-24,2024-05-29,DELIVERED
2865,4,23,2025-11-17,2025-12-14,DELIVERED
2866,3,52,2026-03-17,2026-03-27,DELAYED
2867,1,94,2026-05-22,2026-05-27,DELIVERED
2868,7,147,2025-10-17,2025-11-04,DELIVERED
2869,3,74,2025-09-13,2025-10-11,DELIVERED
2870,15,265,2026-01-03,2026-02-02,DELIVERED
2871,11,132,2024-01-01,2024-02-04,DELIVERED
2872,2,418,2026-03-05,2026-03-17,DELIVERED
2873,8,397,2024-08-04,2024-08-26,DELIVERED
2874,17,477,2024-02-19,2024-02-25,IN_TRANSIT
2875,18,151,2025-11-20,2025-12-15,DELIVERED
2876,6,325,2025-03-30,2025-04-15,DELIVERED
2877,15,223,2024-12-26,2025-01-20,DELIVERED
2878,10,32,2026-04-17,2026-05-18,IN_TRANSIT
2879,1,488,2024-06-18,2024-07-27,DELIVERED
2880,12,481,2026-06-12,2026-06-23,DELIVERED
2881,7,235,2026-05-04,2026-05-28,DELIVERED
2882,20,17,2025-02-10,2025-03-18,DELIVERED
2883,18,320,2024-07-20,2024-08-12,DELIVERED
2884,18,387,2025-07-02,2025-07-07,DELIVERED
2885,1,8,2025-04-10,2025-05-10,DELAYED
2886,7,354,2023-08-15,2023-08-29,DELIVERED
2887,14,2,2023-10-13,2023-10-25,DELIVERED
2888,16,452,2024-11-30,2024-12-08,DELIVERED
2889,12,145,2024-12-25,2025-01-12,DELIVERED
2890,19,346,2025-07-17,2025-08-04,DELIVERED
2891,4,298,2023-01-17,2023-02-14,DELAYED
2892,10,238,2023-03-18,2023-03-23,DELAYED
2893,4,497,2025-12-14,2026-01-08,DELIVERED
2894,9,7,2023-07-05,2023-08-10,DELIVERED
2895,12,23,2024-08-30,2024-09-17,DELIVERED
2896,4,176,2025-03-14,2025-04-19,DELIVERED
2897,17,82,2025-04-12,2025-04-22,DELIVERED
2898,16,29,2025-10-27,2025-11-25,DELIVERED
2899,12,446,2023-09-06,2023-10-11,DELIVERED
2900,18,232,2025-04-16,2025-05-18,DELIVERED
2901,4,15,2024-04-14,2024-05-10,DELAYED
2902,10,228,2023-03-19,2023-04-25,IN_TRANSIT
2903,15,70,2023-03-11,2023-04-08,DELIVERED
2904,7,34,2026-08-23,2026-10-01,DELIVERED
2905,3,499,2025-10-06,2025-10-23,DELIVERED
2906,5,368,2025-11-17,2025-11-25,IN_TRANSIT
2907,16,200,2024-08-18,2024-08-24,DELIVERED
2908,3,123,2025-03-14,2025-04-12,DELIVERED
2909,14,180,2026-03-04,2026-03-19,DELIVERED
2910,20,109,2024-10-05,2024-10-31,DELIVERED
2911,18,364,2025-05-11,2025-06-04,DELIVERED
2912,18,284,2023-05-13,2023-06-09,DELAYED
2913,11,3,2025-11-05,2025-12-04,DELIVERED
2914,18,315,2023-01-19,2023-02-25,DELIVERED
2915,11,346,2025-05-14,2025-05-20,DELIVERED
2916,10,362,2026-08-17,2026-09-18,DELIVERED
2917,1,459,2025-12-07,2026-01-01,DELIVERED
2918,8,163,2025-09-30,2025-10-28,DELIVERED
2919,10,88,2023-09-19,2023-10-19,IN_TRANSIT
2920,3,44,2026-05-05,2026-05-11,DELIVERED
2921,13,493,2026-02-10,2026-03-20,DELIVERED
2922,15,452,2024-01-11,2024-01-23,DELIVERED
2923,4,176,2024-03-03,2024-03-26,DELIVERED
2924,2,377,2025-04-28,2025-05-19,DELIVERED
2925,2,90,2025-10-01,2025-10-13,DELIVERED
2926,3,80,2024-09-22,2024-10-17,DELIVERED
2927,16,20,2026-08-01,2026-08-29,DELIVERED
2928,19,100,2023-04-24,2023-05-19,DELIVERED
2929,6,446,2026-02-20,2026-03-20,DELIVERED
2930,12,494,2025-10-03,2025-10-22,DELIVERED
2931,19,227,2024-12-09,2024-12-27,DELIVERED
2932,2,20,2023-12-07,2024-01-14,DELIVERED
2933,20,288,2025-09-14,2025-10-11,DELIVERED
2934,4,179,2024-02-06,2024-03-02,DELIVERED
2935,12,224,2025-01-15,2025-02-08,DELIVERED
2936,18,415,2023-11-11,2023-11-18,DELIVERED
2937,18,99,2024-09-20,2024-10-26,IN_TRANSIT
2938,6,174,2023-11-01,2023-11-30,DELIVERED
2939,20,253,2026-05-04,2026-05-27,DELAYED
2940,6,207,2025-07-28,2025-09-02,DELIVERED
2941,7,86,2024-09-03,2024-09-17,DELIVERED
2942,18,53,2025-10-22,2025-11-26,DELIVERED
2943,18,217,2025-11-03,2025-11-21,DELIVERED
2944,2,131,2025-08-12,2025-09-18,DELIVERED
2945,8,138,2023-03-09,2023-04-13,DELIVERED
2946,18,24,2025-08-24,2025-09-06,DELIVERED
2947,4,69,2024-02-07,2024-03-04,DELIVERED
2948,16,38,2025-02-13,2025-02-21,DELIVERED
2949,14,426,2024-11-29,2024-12-21,DELIVERED
2950,2,267,2023-05-06,2023-05-19,DELIVERED
2951,10,320,2023-08-17,2023-09-03,DELIVERED
2952,15,19,2025-11-30,2025-12-20,DELIVERED
2953,2,283,2024-01-18,2024-02-14,DELIVERED
2954,3,213,2025-09-16,2025-09-26,DELIVERED
2955,8,380,2023-11-09,2023-11-26,DELIVERED
2956,1,438,2025-09-20,2025-10-03,DELIVERED
2957,5,333,2025-11-19,2025-12-11,IN_TRANSIT
2958,4,226,2023-02-02,2023-02-12,DELIVERED
2959,18,307,2023-10-10,2023-11-10,IN_TRANSIT
2960,20,60,2025-02-27,2025-03-20,DELIVERED
2961,3,487,2025-11-17,2025-11-28,DELAYED
2962,19,102,2023-05-24,2023-06-07,DELIVERED
2963,9,372,2026-05-27,2026-06-05,DELIVERED
2964,1,397,2023-08-17,2023-09-11,DELIVERED
2965,7,459,2026-05-10,2026-05-15,DELIVERED
2966,1,33,2025-09-02,2025-09-13,DELIVERED
2967,8,388,2025-04-22,2025-05-15,DELIVERED
2968,2,489,2025-10-22,2025-11-04,DELIVERED
2969,18,192,2024-10-02,2024-10-28,DELIVERED
2970,20,267,2026-04-02,2026-04-24,DELIVERED
2971,12,54,2023-02-23,2023-04-02,DELIVERED
2972,17,406,2024-03-15,2024-04-09,DELAYED
2973,13,162,2023-01-09,2023-01-26,DELIVERED
2974,2,284,2023-04-08,2023-05-12,IN_TRANSIT
2975,12,263,2023-05-15,2023-06-23,DELIVERED
2976,4,155,2024-06-30,2024-07-22,DELIVERED
2977,19,250,2026-09-02,2026-09-18,DELIVERED
2978,12,358,2025-05-05,2025-06-13,DELIVERED
2979,8,9,2024-09-01,2024-09-20,DELIVERED
2980,18,54,2023-12-23,2024-01-02,DELIVERED
2981,9,264,2024-05-05,2024-05-27,DELIVERED
2982,19,381,2023-07-04,2023-07-31,DELAYED
2983,7,456,2025-01-17,2025-02-21,DELAYED
2984,13,240,2025-09-08,2025-10-08,DELIVERED
2985,16,276,2026-04-04,2026-04-30,DELIVERED
2986,6,211,2025-10-29,2025-12-02,DELIVERED
2987,3,412,2025-10-11,2025-10-21,DELIVERED
2988,1,167,2024-12-21,2025-01-14,DELIVERED
2989,1,85,2026-02-14,2026-02-27,DELIVERED
2990,20,77,2026-08-28,2026-09-10,DELIVERED
2991,1,272,2024-08-16,2024-08-21,DELIVERED
2992,6,429,2025-07-31,2025-08-16,DELIVERED
2993,1,239,2026-08-16,2026-09-17,DELAYED
2994,7,177,2024-07-31,2024-08-25,DELIVERED
2995,16,149,2023-01-04,2023-01-30,DELIVERED
2996,10,389,2026-05-19,2026-06-08,DELIVERED
2997,9,281,2025-09-17,2025-10-02,DELAYED
2998,12,142,2023-09-06,2023-09-29,DELIVERED
2999,1,392,2023-04-03,2023-04-23,DELIVERED
3000,17,205,2026-04-08,2026-05-10,DELIVERED
3001,18,463,2023-04-15,2023-04-25,DELIVERED
3002,18,183,2023-06-01,2023-06-11,DELAYED
3003,17,88,2025-09-30,2025-10-26,DELIVERED
3004,9,133,2023-11-10,2023-11-23,DELIVERED
3005,6,298,2023-02-21,2023-03-28,DELIVERED
3006,20,114,2024-07-17,2024-08-25,DELIVERED
3007,16,295,2023-09-28,2023-10-12,DELIVERED
3008,1,131,2023-03-18,2023-03-26,IN_TRANSIT
3009,3,223,2024-08-28,2024-09-21,DELIVERED
3010,12,31,2024-06-10,2024-06-24,DELIVERED
3011,17,76,2023-07-08,2023-08-04,DELIVERED
3012,15,300,2026-03-17,2026-03-26,DELIVERED
3013,12,238,2023-08-27,2023-09-03,DELIVERED
3014,3,259,2023-12-11,2023-12-18,DELIVERED
3015,5,445,2023-06-10,2023-06-22,DELIVERED
3016,6,385,2025-10-14,2025-11-10,DELIVERED
3017,18,90,2024-03-27,2024-04-03,DELIVERED
3018,7,389,2024-04-23,2024-05-10,DELIVERED
3019,1,343,2026-06-13,2026-06-27,DELIVERED
3020,14,402,2025-02-04,2025-02-10,DELIVERED
3021,7,250,2023-10-21,2023-11-28,DELIVERED
3022,13,472,2026-06-08,2026-06-20,DELIVERED
3023,12,67,2026-01-29,2026-03-07,DELIVERED
3024,9,493,2024-01-14,2024-02-11,DELIVERED
3025,17,245,2023-01-08,2023-02-06,DELIVERED
3026,15,81,2026-02-02,2026-03-03,DELIVERED
3027,4,438,2026-06-02,2026-07-06,DELIVERED
3028,3,117,2026-02-06,2026-02-24,DELIVERED
3029,19,389,2025-12-13,2026-01-19,DELIVERED
3030,15,87,2024-02-25,2024-03-23,DELIVERED
3031,2,147,2026-09-18,2026-10-26,DELIVERED
3032,4,325,2024-11-11,2024-11-24,DELIVERED
3033,10,187,2023-09-19,2023-10-24,DELIVERED
3034,13,305,2024-06-09,2024-06-19,DELIVERED
3035,6,192,2023-01-24,2023-02-11,DELIVERED
3036,11,347,2024-09-30,2024-10-13,DELIVERED
3037,15,150,2024-11-18,2024-12-18,DELIVERED
3038,16,347,2024-08-08,2024-09-07,IN_TRANSIT
3039,8,210,2023-08-27,2023-09-01,DELIVERED
3040,3,382,2025-05-17,2025-06-13,DELIVERED
3041,2,148,2024-08-09,2024-09-03,DELIVERED
3042,16,34,2024-02-10,2024-02-15,DELIVERED
3043,8,422,2025-04-22,2025-04-27,DELIVERED
3044,6,256,2025-03-04,2025-03-10,DELIVERED
3045,3,433,2024-03-01,2024-03-16,DELIVERED
3046,19,245,2024-11-09,2024-11-16,DELIVERED
3047,13,323,2025-08-31,2025-10-04,IN_TRANSIT
3048,12,424,2025-09-25,2025-10-26,DELIVERED
3049,4,409,2023-06-24,2023-07-13,DELIVERED
3050,15,343,2025-06-08,2025-06-30,DELAYED
3051,6,116,2023-08-30,2023-09-14,IN_TRANSIT
3052,11,87,2023-06-08,2023-06-28,DELIVERED
3053,13,108,2024-03-19,2024-04-22,DELIVERED
3054,5,428,2026-04-15,2026-05-21,DELAYED
3055,15,313,2023-06-04,2023-06-20,DELIVERED
3056,4,435,2026-09-20,2026-10-13,IN_TRANSIT
3057,1,175,2025-05-03,2025-05-30,DELAYED
3058,13,207,2024-04-22,2024-05-22,DELIVERED
3059,20,417,2023-06-30,2023-07-07,IN_TRANSIT
3060,19,431,2024-11-24,2024-12-19,DELIVERED
3061,16,282,2025-09-22,2025-10-31,DELAYED
3062,2,240,2023-02-27,2023-03-29,DELAYED
3063,18,209,2025-03-22,2025-04-04,DELIVERED
3064,1,458,2025-02-04,2025-03-10,DELIVERED
3065,1,245,2023-12-03,2023-12-08,DELIVERED
3066,15,5,2023-01-21,2023-02-14,DELIVERED
3067,16,265,2025-12-14,2026-01-07,DELIVERED
3068,12,65,2026-05-04,2026-05-20,DELIVERED
3069,20,397,2024-12-23,2025-01-25,DELIVERED
3070,17,171,2024-08-08,2024-09-16,DELIVERED
3071,16,283,2023-01-11,2023-02-01,DELIVERED
3072,16,211,2023-11-01,2023-11-21,DELIVERED
3073,6,282,2026-01-03,2026-02-02,DELIVERED
3074,8,365,2025-09-18,2025-09-27,DELIVERED
3075,3,186,2023-06-21,2023-07-16,IN_TRANSIT
3076,5,198,2026-01-20,2026-02-09,DELIVERED
3077,6,482,2024-03-14,2024-04-04,DELIVERED
3078,18,161,2023-05-04,2023-05-22,DELIVERED
3079,2,168,2025-02-20,2025-03-16,DELIVERED
3080,3,299,2023-05-05,2023-06-02,DELIVERED
3081,1,332,2026-03-22,2026-04-26,DELIVERED
3082,16,430,2024-07-28,2024-08-12,DELIVERED
3083,16,404,2026-07-27,2026-08-15,DELAYED
3084,5,351,2024-02-10,2024-02-18,DELAYED
3085,18,398,2025-06-29,2025-07-22,IN_TRANSIT
3086,20,181,2023-08-29,2023-09-25,DELIVERED
3087,20,426,2026-09-05,2026-09-10,DELIVERED
3088,14,291,2024-06-05,2024-06-22,DELIVERED
3089,19,348,2026-05-19,2026-06-19,DELAYED
3090,2,11,2023-09-16,2023-10-21,IN_TRANSIT
3091,19,429,2026-04-22,2026-04-28,DELAYED
3092,9,152,2025-03-19,2025-04-22,DELIVERED
3093,2,353,2023-05-21,2023-06-23,DELIVERED
3094,19,396,2023-09-17,2023-10-07,DELIVERED
3095,8,471,2025-04-11,2025-04-24,DELIVERED
3096,6,158,2025-04-11,2025-05-12,DELIVERED
3097,5,396,2024-03-05,2024-03-17,DELIVERED
3098,13,363,2025-10-23,2025-10-31,DELIVERED
3099,10,462,2023-05-09,2023-05-23,DELIVERED
3100,20,81,2026-07-10,2026-08-09,DELAYED
3101,13,273,2023-12-17,2024-01-09,DELIVERED
3102,7,156,2025-01-28,2025-02-09,DELIVERED
3103,15,115,2023-10-05,2023-11-12,DELIVERED
3104,4,24,2026-09-11,2026-10-10,DELIVERED
3105,15,227,2024-02-06,2024-02-28,IN_TRANSIT
3106,17,371,2026-03-30,2026-04-05,DELIVERED
3107,18,240,2026-04-28,2026-05-30,DELIVERED
3108,6,320,2025-10-01,2025-10-25,DELIVERED
3109,8,373,2025-12-08,2026-01-13,DELIVERED
3110,15,56,2024-03-05,2024-04-12,DELIVERED
3111,17,406,2026-08-10,2026-08-25,DELIVERED
3112,6,324,2025-05-06,2025-06-06,DELIVERED
3113,20,173,2024-09-18,2024-10-10,DELIVERED
3114,8,424,2026-08-19,2026-08-25,DELAYED
3115,8,480,2023-07-07,2023-07-25,DELIVERED
3116,13,439,2023-02-13,2023-03-16,DELIVERED
3117,18,78,2024-03-11,2024-03-17,DELIVERED
3118,16,382,2024-10-04,2024-10-10,DELIVERED
3119,1,500,2025-03-25,2025-04-18,DELIVERED
3120,18,147,2025-10-31,2025-11-27,DELAYED
3121,8,120,2026-07-11,2026-07-30,DELIVERED
3122,13,117,2024-07-15,2024-07-21,DELIVERED
3123,18,71,2023-10-04,2023-10-22,DELAYED
3124,8,430,2024-05-19,2024-05-28,DELIVERED
3125,11,289,2025-08-08,2025-09-03,DELAYED
3126,5,217,2025-07-31,2025-08-09,DELIVERED
3127,20,37,2023-02-08,2023-02-22,DELIVERED
3128,7,412,2025-06-03,2025-06-23,DELIVERED
3129,4,407,2023-11-05,2023-12-01,DELIVERED
3130,18,39,2023-05-14,2023-05-24,DELIVERED
3131,8,58,2025-02-06,2025-03-05,DELIVERED
3132,3,285,2024-05-27,2024-07-03,DELIVERED
3133,19,71,2023-03-05,2023-03-20,DELIVERED
3134,6,236,2023-01-18,2023-02-01,DELIVERED
3135,14,265,2023-04-03,2023-04-16,DELIVERED
3136,8,212,2025-01-27,2025-02-27,DELAYED
3137,11,205,2025-02-15,2025-03-25,DELAYED
3138,10,216,2024-05-19,2024-06-17,IN_TRANSIT
3139,10,361,2025-09-15,2025-10-07,DELIVERED
3140,12,200,2024-07-08,2024-07-19,IN_TRANSIT
3141,12,44,2024-06-15,2024-07-08,DELIVERED
3142,11,403,2025-06-30,2025-07-07,DELIVERED
3143,10,280,2025-08-22,2025-09-24,DELIVERED
3144,3,496,2023-04-25,2023-05-11,DELAYED
3145,16,385,2023-07-10,2023-07-26,DELIVERED
3146,1,68,2023-08-26,2023-09-07,IN_TRANSIT
3147,1,233,2024-05-20,2024-06-16,DELIVERED
3148,17,481,2026-02-03,2026-02-14,IN_TRANSIT
3149,6,315,2024-01-06,2024-01-20,DELIVERED
3150,2,153,2026-03-30,2026-04-14,DELIVERED
3151,15,363,2026-05-28,2026-06-26,DELIVERED
3152,1,227,2023-10-27,2023-11-21,DELIVERED
3153,9,25,2026-01-12,2026-02-19,DELIVERED
3154,13,417,2026-09-20,2026-10-11,DELIVERED
3155,7,423,2026-04-13,2026-05-11,DELIVERED
3156,1,199,2024-07-26,2024-08-17,DELAYED
3157,3,58,2026-09-17,2026-09-27,DELIVERED
3158,16,80,2023-06-17,2023-07-24,DELIVERED
3159,4,76,2025-09-02,2025-09-12,DELIVERED
3160,17,223,2024-01-10,2024-02-16,DELIVERED
3161,19,486,2026-01-08,2026-01-29,DELIVERED
3162,13,41,2023-02-16,2023-03-02,DELIVERED
3163,6,14,2024-04-25,2024-05-09,DELIVERED
3164,14,139,2026-06-30,2026-07-31,DELAYED
3165,4,73,2025-01-21,2025-02-08,DELAYED
3166,13,133,2023-02-19,2023-03-16,DELIVERED
3167,3,364,2026-06-10,2026-07-07,DELIVERED
3168,14,61,2023-11-10,2023-12-15,DELIVERED
3169,2,79,2026-03-31,2026-04-30,IN_TRANSIT
3170,11,346,2024-11-27,2024-12-24,DELIVERED
3171,6,275,2024-10-29,2024-11-20,DELIVERED
3172,14,57,2023-12-12,2024-01-08,DELIVERED
3173,2,68,2023-05-22,2023-06-18,IN_TRANSIT
3174,15,211,2024-12-27,2025-01-08,DELIVERED
3175,17,348,2024-02-13,2024-02-26,IN_TRANSIT
3176,12,235,2024-04-04,2024-04-14,DELAYED
3177,10,286,2025-05-26,2025-06-23,IN_TRANSIT
3178,8,178,2025-04-28,2025-05-16,DELIVERED
3179,4,119,2026-06-02,2026-06-29,DELIVERED
3180,5,467,2024-08-08,2024-08-19,DELIVERED
3181,9,356,2026-03-12,2026-03-22,DELIVERED
3182,14,104,2024-10-05,2024-10-18,DELIVERED
3183,20,74,2023-09-01,2023-09-10,DELIVERED
3184,1,10,2025-09-25,2025-10-25,DELIVERED
3185,13,20,2024-10-02,2024-10-11,DELIVERED
3186,1,177,2023-06-10,2023-06-22,DELAYED
3187,10,14,2026-08-05,2026-09-08,DELIVERED
3188,16,485,2025-03-22,2025-04-23,DELIVERED
3189,14,302,2024-02-19,2024-03-18,DELIVERED
3190,1,305,2026-01-09,2026-02-17,DELIVERED
3191,3,201,2024-06-25,2024-07-27,DELIVERED
3192,8,90,2024-08-27,2024-09-23,DELIVERED
3193,3,260,2025-04-02,2025-04-22,DELIVERED
3194,7,416,2026-08-02,2026-08-31,DELIVERED
3195,6,128,2023-02-13,2023-03-16,DELIVERED
3196,14,180,2026-03-21,2026-04-08,IN_TRANSIT
3197,3,373,2025-02-03,2025-02-25,DELIVERED
3198,5,113,2025-03-20,2025-04-02,DELAYED
3199,1,383,2023-05-23,2023-06-16,DELIVERED
3200,11,160,2023-06-21,2023-07-28,DELAYED
3201,12,124,2023-01-26,2023-02-22,DELIVERED
3202,3,166,2025-06-07,2025-06-19,IN_TRANSIT
3203,7,408,2023-11-30,2024-01-05,DELIVERED
3204,12,464,2023-02-25,2023-04-01,IN_TRANSIT
3205,18,170,2024-07-02,2024-07-19,DELIVERED
3206,6,28,2023-03-02,2023-04-04,DELIVERED
3207,6,80,2024-01-12,2024-02-09,DELIVERED
3208,14,15,2026-07-27,2026-08-15,DELIVERED
3209,13,455,2025-03-16,2025-04-03,DELIVERED
3210,12,160,2023-10-09,2023-10-19,DELIVERED
3211,14,339,2023-12-03,2024-01-05,DELIVERED
3212,6,206,2025-12-09,2026-01-06,DELIVERED
3213,18,147,2023-02-01,2023-03-08,DELIVERED
3214,6,203,2023-05-30,2023-06-30,DELIVERED
3215,3,382,2023-12-18,2024-01-23,DELIVERED
3216,19,8,2026-02-09,2026-03-17,DELIVERED
3217,18,318,2023-06-08,2023-06-24,DELIVERED
3218,16,95,2025-03-04,2025-04-10,DELAYED
3219,6,57,2024-02-05,2024-02-27,DELIVERED
3220,14,411,2025-03-02,2025-04-10,DELIVERED
3221,20,140,2024-10-06,2024-11-10,DELIVERED
3222,5,168,2025-02-28,2025-03-24,DELIVERED
3223,11,301,2026-09-23,2026-10-31,DELIVERED
3224,3,55,2025-08-12,2025-09-11,DELIVERED
3225,19,182,2024-05-08,2024-05-29,DELIVERED
3226,8,380,2024-02-07,2024-03-14,DELIVERED
3227,6,472,2024-05-18,2024-05-23,DELAYED
3228,8,192,2025-12-11,2026-01-07,DELIVERED
3229,7,356,2025-01-16,2025-02-01,DELIVERED
3230,16,137,2023-06-08,2023-06-26,DELIVERED
3231,9,124,2024-11-12,2024-12-17,DELIVERED
3232,13,68,2025-07-14,2025-08-03,DELIVERED
3233,2,495,2023-01-25,2023-02-19,DELIVERED
3234,9,434,2023-08-04,2023-08-26,DELIVERED
3235,16,281,2023-02-12,2023-02-26,DELIVERED
3236,16,185,2024-01-05,2024-02-09,DELIVERED
3237,12,102,2023-04-17,2023-05-15,DELIVERED
3238,2,333,2025-03-14,2025-03-28,DELIVERED
3239,11,323,2024-01-01,2024-02-05,DELAYED
3240,8,34,2023-11-26,2023-12-26,DELIVERED
3241,15,442,2024-09-08,2024-10-17,DELIVERED
3242,16,473,2024-06-02,2024-06-15,DELIVERED
3243,5,55,2025-11-22,2025-12-21,DELIVERED
3244,11,496,2024-09-06,2024-09-24,IN_TRANSIT
3245,16,123,2025-07-23,2025-08-26,DELIVERED
3246,12,59,2024-03-05,2024-03-17,DELIVERED
3247,11,172,2025-01-06,2025-02-03,DELIVERED
3248,13,177,2025-08-08,2025-08-31,DELIVERED
3249,3,225,2024-12-07,2025-01-07,DELIVERED
3250,4,157,2024-08-17,2024-08-23,DELIVERED
3251,18,487,2024-05-16,2024-06-23,DELIVERED
3252,2,411,2023-05-09,2023-06-10,DELIVERED
3253,1,192,2023-12-17,2023-12-23,DELIVERED
3254,2,19,2024-01-26,2024-02-05,DELAYED
3255,16,16,2024-02-29,2024-04-08,DELIVERED
3256,18,127,2025-08-09,2025-08-29,DELIVERED
3257,1,393,2026-06-12,2026-07-19,DELIVERED
3258,5,419,2023-07-17,2023-07-25,IN_TRANSIT
3259,18,34,2023-06-13,2023-07-03,DELAYED
3260,15,443,2025-12-10,2025-12-18,DELIVERED
3261,9,375,2023-06-11,2023-06-25,DELIVERED
3262,19,317,2025-05-28,2025-06-16,DELIVERED
3263,6,330,2026-01-18,2026-02-18,DELIVERED
3264,8,164,2026-01-18,2026-02-03,DELIVERED
3265,12,96,2025-04-22,2025-04-29,DELIVERED
3266,5,189,2026-04-06,2026-05-07,DELIVERED
3267,19,282,2025-04-27,2025-05-29,IN_TRANSIT
3268,20,219,2026-04-04,2026-05-11,DELAYED
3269,4,480,2024-07-19,2024-08-25,DELAYED
3270,18,250,2024-06-26,2024-07-13,DELIVERED
3271,12,235,2026-07-14,2026-07-22,DELAYED
3272,14,63,2026-01-27,2026-02-13,DELIVERED
3273,1,445,2025-11-30,2025-12-07,IN_TRANSIT
3274,5,292,2025-12-05,2025-12-11,DELIVERED
3275,15,474,2026-04-05,2026-05-08,DELIVERED
3276,13,453,2023-08-13,2023-08-22,IN_TRANSIT
3277,10,148,2026-02-17,2026-02-27,DELIVERED
3278,10,475,2025-09-24,2025-10-24,DELIVERED
3279,11,166,2025-03-07,2025-03-30,DELIVERED
3280,4,222,2024-07-09,2024-07-25,IN_TRANSIT
3281,13,79,2023-02-18,2023-03-02,DELIVERED
3282,15,345,2026-04-10,2026-04-15,DELIVERED
3283,10,298,2023-01-21,2023-02-01,DELAYED
3284,4,345,2023-02-27,2023-03-05,DELAYED
3285,3,173,2025-06-08,2025-06-26,DELIVERED
3286,16,71,2024-05-20,2024-06-16,DELIVERED
3287,10,114,2025-08-13,2025-08-19,DELIVERED
3288,3,156,2025-01-12,2025-02-20,IN_TRANSIT
3289,6,430,2025-09-17,2025-10-18,DELIVERED
3290,13,83,2023-12-24,2024-01-09,DELIVERED
3291,3,60,2025-12-04,2026-01-09,DELIVERED
3292,20,243,2024-04-04,2024-04-17,DELIVERED
3293,15,55,2025-07-30,2025-08-17,DELIVERED
3294,1,6,2026-02-20,2026-03-13,DELAYED
3295,13,27,2026-09-04,2026-09-09,DELAYED
3296,14,272,2025-05-24,2025-06-24,DELIVERED
3297,14,467,2023-09-06,2023-09-21,DELIVERED
3298,17,243,2026-02-27,2026-03-07,IN_TRANSIT
3299,5,387,2026-08-16,2026-09-18,DELIVERED
3300,14,387,2025-01-10,2025-02-09,DELIVERED
3301,8,24,2024-08-10,2024-08-29,IN_TRANSIT
3302,6,34,2023-10-05,2023-10-23,DELIVERED
3303,16,7,2025-10-24,2025-12-02,DELIVERED
3304,13,365,2025-08-07,2025-09-07,DELIVERED
3305,8,174,2024-04-03,2024-04-15,IN_TRANSIT
3306,19,51,2024-11-04,2024-12-04,DELIVERED
3307,14,241,2023-11-20,2023-12-09,DELIVERED
3308,5,459,2023-08-15,2023-09-06,DELIVERED
3309,1,244,2024-07-23,2024-08-15,DELIVERED
3310,15,119,2023-05-17,2023-06-12,DELIVERED
3311,1,102,2023-03-08,2023-03-30,DELIVERED
3312,6,293,2024-02-05,2024-03-04,DELIVERED
3313,12,55,2024-04-07,2024-05-10,DELIVERED
3314,13,15,2025-12-27,2026-02-04,DELIVERED
3315,19,443,2025-03-28,2025-05-02,DELIVERED
3316,8,114,2024-11-21,2024-12-19,DELIVERED
3317,19,125,2023-07-21,2023-08-06,DELIVERED
3318,7,225,2023-12-05,2023-12-22,DELIVERED
3319,16,369,2026-02-25,2026-03-22,DELIVERED
3320,1,416,2023-06-14,2023-07-04,DELAYED
3321,3,282,2024-01-25,2024-03-04,IN_TRANSIT
3322,15,288,2023-01-06,2023-01-11,IN_TRANSIT
3323,16,229,2025-01-31,2025-02-15,DELAYED
3324,16,383,2023-09-06,2023-10-10,DELIVERED
3325,1,207,2025-03-01,2025-03-22,DELIVERED
3326,1,292,2026-01-02,2026-02-06,DELIVERED
3327,19,495,2023-04-22,2023-05-06,DELAYED
3328,14,271,2024-01-05,2024-01-31,DELIVERED
3329,9,170,2026-04-15,2026-05-17,DELIVERED
3330,4,245,2025-12-27,2026-01-21,DELIVERED
3331,13,479,2026-07-05,2026-08-08,DELIVERED
3332,15,317,2026-02-28,2026-03-18,DELAYED
3333,12,245,2025-02-22,2025-03-05,DELIVERED
3334,2,109,2024-10-20,2024-11-26,DELIVERED
3335,9,244,2024-02-03,2024-02-12,DELIVERED
3336,5,224,2025-01-30,2025-02-24,DELIVERED
3337,19,475,2026-06-14,2026-07-21,DELIVERED
3338,10,479,2025-09-18,2025-10-13,DELIVERED
3339,1,41,2024-03-20,2024-04-23,DELIVERED
3340,1,131,2024-04-29,2024-05-05,DELIVERED
3341,1,184,2025-01-16,2025-02-03,IN_TRANSIT
3342,4,289,2023-03-06,2023-04-05,DELIVERED
3343,20,417,2024-03-04,2024-03-09,DELIVERED
3344,6,104,2026-03-13,2026-03-18,DELIVERED
3345,19,102,2023-05-09,2023-06-04,DELIVERED
3346,19,480,2025-12-02,2026-01-07,IN_TRANSIT
3347,6,229,2025-03-09,2025-04-06,DELIVERED
3348,6,327,2024-05-31,2024-06-13,DELIVERED
3349,15,373,2024-06-28,2024-07-06,DELIVERED
3350,10,320,2024-04-29,2024-05-09,DELIVERED
3351,16,24,2026-08-31,2026-09-18,DELIVERED
3352,1,400,2024-09-18,2024-10-11,DELAYED
3353,4,122,2023-04-27,2023-05-19,IN_TRANSIT
3354,17,133,2024-01-12,2024-01-20,IN_TRANSIT
3355,14,174,2023-11-21,2023-11-30,DELAYED
3356,4,166,2025-06-06,2025-06-14,DELIVERED
3357,8,438,2024-03-04,2024-03-25,DELIVERED
3358,11,103,2024-03-24,2024-04-16,DELIVERED
3359,1,109,2024-08-03,2024-09-07,DELIVERED
3360,5,210,2023-11-30,2024-01-02,IN_TRANSIT
3361,7,417,2023-02-13,2023-03-05,DELIVERED
3362,8,315,2023-11-25,2023-12-21,DELIVERED
3363,4,305,2023-06-20,2023-07-29,DELIVERED
3364,14,171,2024-10-29,2024-11-12,DELIVERED
3365,9,435,2026-09-01,2026-09-23,DELIVERED
3366,17,129,2025-06-29,2025-07-28,DELIVERED
3367,20,273,2023-01-25,2023-02-12,DELIVERED
3368,4,314,2026-02-26,2026-03-17,DELIVERED
3369,5,311,2026-08-20,2026-09-02,DELIVERED
3370,14,121,2023-08-23,2023-09-28,DELAYED
3371,2,2,2024-11-08,2024-12-15,DELIVERED
3372,6,232,2023-03-09,2023-03-19,DELIVERED
3373,6,21,2024-06-05,2024-06-14,DELIVERED
3374,15,289,2025-02-08,2025-02-21,DELIVERED
3375,1,271,2026-08-14,2026-09-22,DELIVERED
3376,8,152,2025-11-09,2025-11-23,DELIVERED
3377,1,39,2023-09-03,2023-10-06,DELAYED
3378,2,371,2025-02-02,2025-03-02,IN_TRANSIT
3379,10,244,2024-11-17,2024-12-22,DELIVERED
3380,15,155,2026-06-13,2026-06-27,DELIVERED
3381,14,470,2026-06-10,2026-07-13,IN_TRANSIT
3382,4,95,2026-07-27,2026-09-04,DELIVERED
3383,20,107,2026-07-08,2026-08-02,IN_TRANSIT
3384,5,498,2026-02-07,2026-03-08,DELIVERED
3385,12,498,2026-06-22,2026-07-28,DELIVERED
3386,20,222,2023-11-16,2023-12-11,DELIVERED
3387,6,287,2023-04-01,2023-04-18,DELIVERED
3388,9,407,2026-06-16,2026-06-29,DELIVERED
3389,10,378,2024-11-05,2024-12-10,DELIVERED
3390,2,178,2025-04-03,2025-05-01,IN_TRANSIT
3391,11,367,2024-08-08,2024-09-06,DELAYED
3392,6,329,2023-05-02,2023-06-06,DELIVERED
3393,17,480,2026-03-10,2026-03-27,IN_TRANSIT
3394,5,83,2024-01-03,2024-01-22,DELIVERED
3395,19,183,2025-01-15,2025-02-01,DELIVERED
3396,11,328,2025-11-05,2025-12-10,DELIVERED
3397,15,151,2025-05-26,2025-06-10,DELIVERED
3398,14,432,2025-10-31,2025-11-17,DELIVERED
3399,17,214,2023-11-13,2023-11-26,DELIVERED
3400,1,432,2024-12-01,2024-12-20,DELIVERED
3401,8,468,2023-10-31,2023-11-09,DELIVERED
3402,8,3,2024-06-16,2024-07-18,DELIVERED
3403,11,68,2025-07-27,2025-08-18,DELIVERED
3404,15,39,2026-01-04,2026-01-20,IN_TRANSIT
3405,19,124,2025-04-22,2025-05-02,DELIVERED
3406,3,384,2024-01-04,2024-02-01,DELIVERED
3407,5,156,2023-01-05,2023-01-15,DELIVERED
3408,20,489,2023-01-08,2023-02-04,DELIVERED
3409,5,290,2026-06-26,2026-07-08,DELIVERED
3410,19,341,2026-08-30,2026-09-25,DELIVERED
3411,10,338,2023-02-19,2023-03-21,DELIVERED
3412,12,375,2024-01-10,2024-02-13,DELIVERED
3413,19,399,2025-06-05,2025-07-02,DELIVERED
3414,5,430,2026-05-03,2026-06-11,DELIVERED
3415,11,394,2026-08-07,2026-09-01,DELIVERED
3416,9,350,2025-01-26,2025-03-01,DELIVERED
3417,11,191,2024-11-27,2024-12-21,DELAYED
3418,1,297,2023-08-29,2023-10-02,DELIVERED
3419,9,294,2023-06-21,2023-06-30,DELIVERED
3420,1,335,2025-02-10,2025-02-15,DELIVERED
3421,7,285,2024-07-25,2024-08-02,DELIVERED
3422,15,354,2024-05-10,2024-06-06,DELIVERED
3423,18,454,2023-01-19,2023-02-23,DELIVERED
3424,9,491,2026-01-16,2026-02-11,IN_TRANSIT
3425,1,139,2026-04-15,2026-04-23,IN_TRANSIT
3426,6,471,2024-11-05,2024-11-26,DELIVERED
3427,1,34,2026-04-09,2026-04-25,DELIVERED
3428,18,199,2023-12-22,2023-12-27,DELIVERED
3429,1,152,2026-04-27,2026-06-04,DELIVERED
3430,18,423,2023-10-28,2023-11-24,DELIVERED
3431,3,352,2024-04-23,2024-05-03,DELIVERED
3432,17,53,2026-04-12,2026-05-01,IN_TRANSIT
3433,9,306,2025-11-16,2025-12-24,DELIVERED
3434,6,484,2025-09-23,2025-10-04,DELIVERED
3435,9,130,2023-06-19,2023-07-08,DELIVERED
3436,4,118,2023-08-04,2023-08-28,IN_TRANSIT
3437,14,199,2025-08-08,2025-09-05,DELIVERED
3438,3,251,2023-06-04,2023-06-18,DELIVERED
3439,7,208,2023-12-06,2023-12-18,IN_TRANSIT
3440,18,318,2023-01-09,2023-01-31,DELIVERED
3441,15,200,2026-02-07,2026-02-28,DELIVERED
3442,10,178,2025-11-15,2025-11-22,DELIVERED
3443,9,321,2026-06-15,2026-06-26,DELIVERED
3444,9,218,2023-07-19,2023-08-13,DELIVERED
3445,18,74,2024-06-14,2024-06-24,DELIVERED
3446,6,309,2024-12-03,2024-12-23,DELIVERED
3447,16,168,2023-09-06,2023-10-05,DELIVERED
3448,17,334,2026-02-18,2026-03-05,DELIVERED
3449,9,371,2024-07-17,2024-08-06,DELIVERED
3450,18,319,2025-05-28,2025-07-05,DELAYED
3451,3,488,2023-06-29,2023-07-18,DELIVERED
3452,9,255,2024-09-16,2024-10-13,DELIVERED
3453,2,466,2023-08-14,2023-08-20,DELIVERED
3454,14,210,2025-02-18,2025-02-25,DELIVERED
3455,2,468,2023-12-06,2023-12-24,DELIVERED
3456,11,455,2024-01-28,2024-02-19,DELAYED
3457,15,187,2023-01-01,2023-02-09,DELIVERED
3458,15,336,2023-08-16,2023-09-04,DELIVERED
3459,5,482,2026-04-11,2026-05-20,DELIVERED
3460,9,35,2026-09-21,2026-10-30,DELIVERED
3461,7,329,2024-11-20,2024-12-18,DELAYED
3462,20,172,2024-12-01,2024-12-14,DELIVERED
3463,9,108,2025-03-11,2025-04-04,DELIVERED
3464,11,197,2025-05-21,2025-06-25,DELIVERED
3465,17,87,2023-12-20,2024-01-18,DELIVERED
3466,9,461,2024-01-24,2024-02-19,DELIVERED
3467,18,128,2025-04-13,2025-04-26,DELIVERED
3468,17,75,2026-04-28,2026-05-12,DELIVERED
3469,17,216,2023-11-10,2023-12-07,DELAYED
3470,17,14,2026-06-10,2026-07-04,IN_TRANSIT
3471,9,443,2026-06-06,2026-06-12,DELIVERED
3472,12,169,2026-03-03,2026-03-31,DELAYED
3473,18,226,2024-02-06,2024-02-27,DELIVERED
3474,18,41,2024-02-22,2024-03-19,DELIVERED
3475,9,83,2025-06-04,2025-06-27,DELAYED
3476,6,207,2025-12-08,2025-12-29,IN_TRANSIT
3477,5,387,2023-03-25,2023-04-20,DELIVERED
3478,3,190,2026-07-23,2026-08-23,DELIVERED
3479,11,137,2026-03-11,2026-04-15,DELIVERED
3480,16,136,2023-02-25,2023-03-12,DELIVERED
3481,13,281,2023-02-04,2023-02-09,IN_TRANSIT
3482,10,385,2023-02-27,2023-03-06,IN_TRANSIT
3483,1,141,2024-05-19,2024-06-13,DELIVERED
3484,1,411,2023-06-13,2023-07-02,DELIVERED
3485,15,439,2024-10-18,2024-11-14,DELIVERED
3486,19,477,2024-01-17,2024-02-11,DELIVERED
3487,11,141,2025-11-06,2025-12-07,DELIVERED
3488,10,57,2025-03-27,2025-05-05,DELIVERED
3489,16,454,2023-12-22,2024-01-06,DELIVERED
3490,2,178,2025-04-11,2025-05-09,DELIVERED
3491,14,147,2026-06-08,2026-06-17,DELIVERED
3492,17,357,2023-04-29,2023-05-23,DELIVERED
3493,13,162,2026-06-11,2026-06-17,DELIVERED
3494,9,82,2023-06-29,2023-08-06,DELIVERED
3495,18,324,2025-08-16,2025-08-30,DELIVERED
3496,16,194,2023-11-11,2023-11-21,DELIVERED
3497,3,237,2025-09-08,2025-10-17,DELIVERED
3498,5,67,2024-05-20,2024-06-19,DELIVERED
3499,2,349,2026-01-02,2026-01-11,DELIVERED
3500,2,82,2024-07-17,2024-08-25,DELIVERED
3501,4,199,2024-12-18,2025-01-01,DELIVERED
3502,2,168,2026-07-04,2026-07-10,DELAYED
3503,16,461,2023-04-13,2023-05-02,DELIVERED
3504,16,178,2026-09-09,2026-10-02,DELIVERED
3505,1,455,2023-04-20,2023-05-28,DELIVERED
3506,17,327,2026-07-31,2026-08-12,DELIVERED
3507,14,239,2024-08-04,2024-09-10,DELIVERED
3508,17,264,2023-03-31,2023-05-02,DELAYED
3509,8,259,2023-02-18,2023-02-25,DELIVERED
3510,3,119,2024-07-04,2024-08-08,DELIVERED
3511,12,15,2023-07-10,2023-08-13,IN_TRANSIT
3512,12,324,2024-02-28,2024-03-29,DELAYED
3513,7,238,2024-05-15,2024-05-30,DELIVERED
3514,13,344,2023-02-06,2023-03-11,DELIVERED
3515,11,63,2026-08-04,2026-08-23,DELIVERED
3516,11,394,2023-03-04,2023-03-14,DELIVERED
3517,1,180,2026-07-28,2026-08-08,DELAYED
3518,7,206,2026-06-08,2026-06-22,DELIVERED
3519,5,308,2025-06-05,2025-06-27,DELIVERED
3520,4,89,2025-08-20,2025-08-26,DELIVERED
3521,13,194,2026-02-07,2026-03-08,DELIVERED
3522,6,388,2025-06-04,2025-07-13,DELIVERED
3523,20,170,2026-01-05,2026-01-21,DELIVERED
3524,5,84,2023-04-04,2023-04-19,DELIVERED
3525,4,365,2024-01-15,2024-02-10,DELIVERED
3526,5,271,2026-06-08,2026-06-27,DELIVERED
3527,16,102,2024-11-30,2025-01-05,DELIVERED
3528,19,46,2025-02-13,2025-02-26,DELIVERED
3529,13,417,2026-05-23,2026-06-26,DELIVERED
3530,3,281,2026-01-01,2026-01-11,DELIVERED
3531,3,227,2024-12-04,2024-12-23,DELIVERED
3532,12,481,2026-03-23,2026-04-04,IN_TRANSIT
3533,15,490,2023-05-23,2023-06-05,DELIVERED
3534,1,167,2025-05-17,2025-06-10,DELIVERED
3535,10,428,2024-11-24,2024-12-18,DELIVERED
3536,1,389,2024-01-13,2024-01-25,DELIVERED
3537,7,293,2026-03-31,2026-04-18,DELIVERED
3538,14,461,2024-10-22,2024-11-01,DELIVERED
3539,6,470,2024-11-02,2024-11-17,DELIVERED
3540,5,146,2025-03-18,2025-04-09,DELIVERED
3541,4,226,2026-01-26,2026-02-14,DELAYED
3542,15,390,2025-12-01,2026-01-09,DELIVERED
3543,17,445,2026-09-23,2026-10-21,DELIVERED
3544,2,68,2024-08-12,2024-09-08,IN_TRANSIT
3545,12,267,2023-09-23,2023-10-07,DELIVERED
3546,8,484,2023-11-18,2023-12-16,DELIVERED
3547,18,302,2026-06-19,2026-07-07,DELIVERED
3548,17,231,2025-10-29,2025-12-05,DELIVERED
3549,19,209,2024-05-29,2024-07-03,DELIVERED
3550,10,4,2026-09-21,2026-10-28,DELIVERED
3551,9,64,2026-03-13,2026-03-29,IN_TRANSIT
3552,12,33,2023-05-03,2023-05-13,DELIVERED
3553,15,196,2024-03-18,2024-04-23,DELAYED
3554,16,319,2026-08-04,2026-08-12,DELIVERED
3555,13,215,2025-02-02,2025-02-27,DELIVERED
3556,13,430,2025-07-02,2025-07-14,DELIVERED
3557,8,456,2026-05-18,2026-05-25,DELIVERED
3558,11,363,2024-04-29,2024-05-20,DELIVERED
3559,18,82,2023-05-26,2023-06-10,DELAYED
3560,18,332,2023-12-21,2024-01-15,DELIVERED
3561,11,332,2023-04-12,2023-05-15,DELIVERED
3562,6,445,2023-08-03,2023-08-22,DELIVERED
3563,11,371,2024-07-13,2024-08-11,DELAYED
3564,11,485,2026-08-09,2026-09-07,DELIVERED
3565,20,384,2023-08-29,2023-09-14,DELIVERED
3566,4,488,2023-09-24,2023-10-24,DELIVERED
3567,9,115,2025-07-31,2025-08-27,DELIVERED
3568,1,457,2023-07-26,2023-08-06,DELIVERED
3569,5,223,2024-05-05,2024-06-10,DELIVERED
3570,14,205,2024-11-05,2024-11-19,IN_TRANSIT
3571,11,404,2025-03-01,2025-03-06,DELIVERED
3572,12,500,2025-11-30,2026-01-05,DELIVERED
3573,20,383,2024-12-03,2024-12-10,DELIVERED
3574,15,39,2023-11-05,2023-11-17,DELIVERED
3575,7,398,2026-02-04,2026-03-09,DELIVERED
3576,9,370,2025-04-07,2025-05-10,DELAYED
3577,2,213,2026-02-23,2026-03-31,DELIVERED
3578,6,77,2024-11-03,2024-11-24,IN_TRANSIT
3579,12,77,2025-02-14,2025-03-15,DELIVERED
3580,14,117,2026-07-26,2026-08-29,IN_TRANSIT
3581,3,134,2024-06-02,2024-06-10,DELAYED
3582,15,416,2026-04-05,2026-05-03,DELIVERED
3583,9,182,2024-02-01,2024-02-13,DELIVERED
3584,2,30,2026-03-21,2026-04-25,DELIVERED
3585,8,479,2026-08-25,2026-09-10,DELIVERED
3586,16,307,2025-11-09,2025-12-03,DELIVERED
3587,20,131,2023-04-21,2023-05-19,DELIVERED
3588,1,426,2023-07-17,2023-08-20,DELIVERED
3589,18,399,2025-01-28,2025-02-22,DELIVERED
3590,4,107,2025-03-28,2025-04-07,DELIVERED
3591,17,64,2024-11-19,2024-12-01,DELIVERED
3592,8,81,2025-05-04,2025-05-25,IN_TRANSIT
3593,16,22,2026-03-07,2026-03-12,DELIVERED
3594,10,129,2024-05-14,2024-05-20,DELIVERED
3595,2,462,2024-04-24,2024-04-29,DELIVERED
3596,5,315,2023-06-07,2023-07-10,DELIVERED
3597,8,122,2024-11-09,2024-12-17,DELIVERED
3598,18,466,2024-07-02,2024-08-10,DELAYED
3599,3,77,2026-08-22,2026-09-01,DELIVERED
3600,4,174,2026-02-26,2026-03-03,DELIVERED
3601,12,30,2025-04-30,2025-05-19,DELIVERED
3602,12,104,2023-07-14,2023-07-19,DELAYED
3603,4,267,2024-01-27,2024-02-25,DELIVERED
3604,17,250,2023-07-08,2023-08-02,DELIVERED
3605,17,299,2025-02-09,2025-03-01,DELIVERED
3606,15,144,2024-10-25,2024-10-30,DELIVERED
3607,4,316,2023-08-19,2023-09-05,DELIVERED
3608,9,376,2024-05-04,2024-05-13,DELAYED
3609,7,367,2024-04-18,2024-05-24,DELIVERED
3610,9,465,2024-03-26,2024-04-27,IN_TRANSIT
3611,6,256,2023-04-12,2023-05-17,DELIVERED
3612,18,254,2025-01-30,2025-02-22,DELIVERED
3613,14,106,2023-04-26,2023-06-03,DELIVERED
3614,12,287,2025-10-02,2025-10-21,DELIVERED
3615,1,376,2025-03-16,2025-03-26,DELAYED
3616,17,148,2024-02-18,2024-02-24,DELIVERED
3617,6,124,2025-08-20,2025-08-26,DELIVERED
3618,8,87,2023-12-15,2024-01-22,IN_TRANSIT
3619,20,398,2023-07-30,2023-08-10,DELIVERED
3620,12,254,2023-04-10,2023-04-20,DELIVERED
3621,18,200,2024-08-02,2024-08-10,DELIVERED
3622,16,55,2023-11-30,2024-01-01,DELIVERED
3623,13,277,2024-12-21,2025-01-01,IN_TRANSIT
3624,14,217,2025-10-10,2025-10-20,DELIVERED
3625,7,42,2024-06-05,2024-06-13,DELIVERED
3626,9,214,2023-02-06,2023-03-01,DELIVERED
3627,9,499,2024-03-24,2024-04-18,DELIVERED
3628,20,24,2024-12-31,2025-01-19,DELIVERED
3629,7,194,2026-03-19,2026-04-26,DELIVERED
3630,12,39,2023-04-02,2023-04-18,DELIVERED
3631,11,164,2024-02-16,2024-03-06,DELIVERED
3632,13,443,2023-04-01,2023-04-18,DELIVERED
3633,4,84,2025-09-20,2025-10-04,DELIVERED
3634,7,244,2026-06-26,2026-07-10,DELIVERED
3635,3,458,2023-07-20,2023-08-01,DELIVERED
3636,6,125,2024-06-08,2024-07-14,DELIVERED
3637,17,398,2025-03-10,2025-03-27,DELIVERED
3638,18,27,2025-08-22,2025-09-09,DELIVERED
3639,9,349,2023-08-31,2023-09-19,DELIVERED
3640,6,46,2023-10-18,2023-11-10,DELIVERED
3641,8,80,2023-05-13,2023-06-18,IN_TRANSIT
3642,9,54,2026-03-26,2026-04-12,IN_TRANSIT
3643,3,380,2025-06-08,2025-06-24,DELIVERED
3644,6,218,2023-06-15,2023-07-13,DELIVERED
3645,9,159,2023-08-20,2023-09-14,DELIVERED
3646,16,345,2026-08-09,2026-09-03,DELIVERED
3647,17,419,2025-01-17,2025-01-30,DELIVERED
3648,9,415,2024-08-17,2024-09-18,DELIVERED
3649,5,138,2025-02-14,2025-03-25,DELIVERED
3650,10,100,2025-04-01,2025-04-21,DELIVERED
3651,20,296,2024-01-25,2024-02-16,DELIVERED
3652,11,66,2023-04-23,2023-05-09,DELIVERED
3653,6,395,2024-08-23,2024-09-16,DELIVERED
3654,18,164,2026-05-20,2026-06-11,DELIVERED
3655,17,379,2024-02-25,2024-03-18,IN_TRANSIT
3656,10,259,2024-10-13,2024-11-11,DELIVERED
3657,18,120,2023-12-27,2024-01-11,DELIVERED
3658,12,391,2026-08-01,2026-09-02,DELIVERED
3659,14,127,2023-05-13,2023-06-13,DELIVERED
3660,1,10,2023-09-08,2023-09-19,DELIVERED
3661,15,44,2023-02-07,2023-02-20,DELIVERED
3662,15,68,2023-08-30,2023-09-06,DELIVERED
3663,15,241,2023-03-15,2023-03-28,DELIVERED
3664,3,359,2024-01-01,2024-02-09,DELIVERED
3665,16,404,2023-12-10,2024-01-15,DELIVERED
3666,18,235,2023-12-12,2024-01-02,DELIVERED
3667,1,278,2025-07-16,2025-08-22,DELIVERED
3668,6,377,2023-07-13,2023-08-07,IN_TRANSIT
3669,18,496,2026-05-14,2026-06-17,DELIVERED
3670,11,54,2023-04-28,2023-05-08,DELIVERED
3671,16,122,2024-05-12,2024-05-23,DELIVERED
3672,7,187,2023-03-29,2023-04-06,DELIVERED
3673,14,139,2026-06-05,2026-07-04,DELIVERED
3674,14,308,2023-12-17,2024-01-09,DELIVERED
3675,3,290,2025-11-07,2025-12-16,DELIVERED
3676,13,105,2026-09-02,2026-10-09,DELIVERED
3677,5,255,2023-08-05,2023-09-12,DELIVERED
3678,11,474,2025-10-24,2025-11-25,DELIVERED
3679,17,282,2023-12-07,2024-01-12,IN_TRANSIT
3680,18,199,2024-07-19,2024-07-29,DELIVERED
3681,3,191,2025-10-05,2025-10-12,DELIVERED
3682,19,364,2026-01-31,2026-02-13,DELIVERED
3683,4,63,2024-12-29,2025-01-23,DELIVERED
3684,1,456,2025-05-29,2025-06-11,DELIVERED
3685,15,490,2023-10-14,2023-11-03,IN_TRANSIT
3686,14,281,2024-10-28,2024-11-20,DELIVERED
3687,3,230,2025-04-25,2025-05-18,IN_TRANSIT
3688,17,44,2023-07-19,2023-08-09,DELIVERED
3689,9,141,2025-02-07,2025-03-06,IN_TRANSIT
3690,2,439,2024-02-05,2024-02-28,DELIVERED
3691,11,442,2023-05-05,2023-05-10,DELAYED
3692,4,144,2025-01-11,2025-02-14,DELIVERED
3693,9,134,2025-10-28,2025-11-12,DELIVERED
3694,3,246,2024-10-14,2024-10-20,DELIVERED
3695,4,250,2026-02-01,2026-03-01,DELIVERED
3696,8,351,2025-08-23,2025-09-18,DELIVERED
3697,9,319,2024-06-08,2024-06-23,DELIVERED
3698,7,397,2026-02-13,2026-03-24,DELAYED
3699,15,286,2026-08-05,2026-09-05,DELIVERED
3700,13,247,2024-08-19,2024-09-03,DELIVERED
3701,3,83,2023-02-14,2023-03-15,DELIVERED
3702,5,264,2025-06-13,2025-06-20,DELIVERED
3703,13,127,2024-03-27,2024-04-07,DELAYED
3704,5,318,2023-09-03,2023-10-08,DELIVERED
3705,12,385,2026-05-10,2026-06-10,DELIVERED
3706,9,445,2023-11-21,2023-11-29,DELIVERED
3707,15,264,2026-07-06,2026-07-31,DELIVERED
3708,17,89,2024-03-16,2024-04-09,DELIVERED
3709,6,460,2025-04-17,2025-05-04,DELIVERED
3710,18,490,2024-11-17,2024-12-16,DELIVERED
3711,19,401,2026-09-23,2026-10-10,DELIVERED
3712,18,135,2025-02-25,2025-04-04,DELIVERED
3713,2,274,2024-06-12,2024-07-13,DELIVERED
3714,2,450,2023-03-23,2023-03-28,DELIVERED
3715,14,341,2023-04-17,2023-05-07,DELIVERED
3716,3,75,2023-07-31,2023-08-24,DELIVERED
3717,6,173,2026-09-22,2026-10-24,IN_TRANSIT
3718,5,268,2024-10-21,2024-11-02,DELAYED
3719,5,439,2023-05-24,2023-06-11,DELIVERED
3720,19,418,2023-11-24,2023-12-05,DELIVERED
3721,13,212,2023-03-14,2023-04-11,DELIVERED
3722,8,65,2025-12-31,2026-01-12,DELIVERED
3723,8,418,2026-05-27,2026-06-06,DELAYED
3724,16,164,2023-09-19,2023-09-25,IN_TRANSIT
3725,15,296,2024-12-01,2025-01-03,DELIVERED
3726,14,451,2023-05-10,2023-06-06,DELIVERED
3727,10,136,2023-04-29,2023-05-26,DELIVERED
3728,8,202,2023-09-26,2023-10-11,DELIVERED
3729,3,359,2024-07-04,2024-07-20,DELIVERED
3730,13,324,2025-10-09,2025-11-16,IN_TRANSIT
3731,20,80,2026-05-07,2026-05-19,DELIVERED
3732,4,73,2026-05-28,2026-06-30,DELIVERED
3733,4,65,2025-08-17,2025-08-29,DELIVERED
3734,11,190,2023-07-14,2023-08-14,DELIVERED
3735,1,498,2026-08-08,2026-09-15,DELIVERED
3736,1,281,2023-06-07,2023-06-27,DELAYED
3737,19,396,2024-11-10,2024-12-17,DELAYED
3738,19,16,2025-11-19,2025-12-09,DELIVERED
3739,4,349,2024-11-03,2024-11-23,DELAYED
3740,4,404,2026-02-21,2026-03-11,DELIVERED
3741,6,208,2025-02-24,2025-03-07,DELIVERED
3742,18,217,2026-03-26,2026-04-25,DELIVERED
3743,5,8,2023-08-26,2023-09-20,DELIVERED
3744,3,58,2024-04-25,2024-05-10,DELIVERED
3745,16,170,2023-05-05,2023-06-08,DELIVERED
3746,1,303,2024-09-25,2024-10-07,DELIVERED
3747,16,366,2025-04-06,2025-05-11,DELIVERED
3748,9,318,2026-03-27,2026-04-06,DELIVERED
3749,15,219,2025-02-03,2025-02-17,DELIVERED
3750,3,107,2024-04-20,2024-05-21,DELIVERED
3751,15,345,2026-02-22,2026-03-23,DELIVERED
3752,7,354,2025-07-27,2025-08-17,DELIVERED
3753,3,78,2023-10-25,2023-11-19,DELIVERED
3754,6,184,2024-09-04,2024-10-01,DELAYED
3755,20,175,2025-03-20,2025-03-29,DELIVERED
3756,13,193,2025-07-01,2025-07-18,DELIVERED
3757,17,141,2025-01-19,2025-02-03,DELIVERED
3758,17,269,2023-05-23,2023-07-01,DELIVERED
3759,20,468,2024-02-09,2024-03-13,DELIVERED
3760,20,73,2026-09-17,2026-10-21,DELIVERED
3761,2,362,2023-05-08,2023-05-31,DELIVERED
3762,1,394,2023-11-30,2023-12-26,DELIVERED
3763,15,417,2024-12-22,2024-12-29,DELIVERED
3764,18,464,2023-03-10,2023-03-30,DELIVERED
3765,1,427,2024-02-29,2024-03-12,DELAYED
3766,9,37,2025-06-08,2025-07-06,DELIVERED
3767,1,164,2023-04-09,2023-04-25,DELIVERED
3768,2,370,2024-09-20,2024-10-10,DELIVERED
3769,18,127,2023-12-13,2023-12-26,DELIVERED
3770,15,54,2023-07-04,2023-07-29,DELIVERED
3771,17,360,2026-04-18,2026-05-26,DELIVERED
3772,20,9,2023-09-13,2023-09-28,DELIVERED
3773,19,371,2024-08-26,2024-09-13,DELAYED
3774,7,454,2023-03-12,2023-04-08,DELIVERED
3775,17,212,2024-08-21,2024-09-16,DELIVERED
3776,10,9,2025-04-22,2025-05-26,DELAYED
3777,16,304,2023-11-18,2023-11-27,DELIVERED
3778,19,374,2025-03-08,2025-03-16,DELIVERED
3779,5,207,2025-07-21,2025-08-19,DELIVERED
3780,10,16,2024-11-05,2024-12-13,DELIVERED
3781,16,169,2023-07-25,2023-08-23,DELIVERED
3782,12,366,2023-09-22,2023-10-14,DELIVERED
3783,1,240,2023-08-15,2023-09-21,DELIVERED
3784,2,404,2025-10-29,2025-11-17,DELAYED
3785,20,281,2024-02-20,2024-03-03,DELIVERED
3786,19,90,2024-08-08,2024-08-28,DELIVERED
3787,13,315,2023-09-08,2023-09-21,DELIVERED
3788,4,5,2025-03-09,2025-03-28,DELIVERED
3789,5,221,2025-05-13,2025-05-30,DELIVERED
3790,20,22,2023-09-17,2023-10-10,DELIVERED
3791,5,260,2025-12-28,2026-01-30,DELAYED
3792,9,175,2025-10-04,2025-11-07,DELIVERED
3793,15,203,2025-12-07,2025-12-19,DELIVERED
3794,3,167,2025-03-18,2025-03-29,DELIVERED
3795,11,414,2024-11-25,2024-12-06,DELIVERED
3796,10,360,2025-03-22,2025-04-16,DELIVERED
3797,6,42,2024-06-01,2024-06-21,DELIVERED
3798,16,259,2026-09-04,2026-10-09,DELIVERED
3799,15,222,2026-02-14,2026-03-01,DELIVERED
3800,12,121,2023-04-27,2023-05-27,DELIVERED
3801,18,470,2023-02-26,2023-03-07,DELIVERED
3802,15,42,2024-10-14,2024-11-16,DELIVERED
3803,12,183,2023-03-06,2023-04-10,DELIVERED
3804,1,96,2026-05-01,2026-06-05,DELIVERED
3805,18,494,2023-05-20,2023-06-18,DELIVERED
3806,5,2,2025-05-24,2025-06-01,IN_TRANSIT
3807,15,187,2025-07-15,2025-07-28,DELIVERED
3808,19,423,2024-01-07,2024-02-09,DELIVERED
3809,6,172,2024-12-06,2025-01-08,DELIVERED
3810,8,456,2024-12-15,2025-01-08,DELIVERED
3811,19,43,2023-05-23,2023-06-17,DELIVERED
3812,15,151,2025-04-03,2025-05-10,DELIVERED
3813,9,194,2023-03-09,2023-03-27,DELIVERED
3814,8,443,2026-06-24,2026-07-06,DELIVERED
3815,5,424,2024-10-22,2024-11-11,DELIVERED
3816,20,431,2023-05-01,2023-06-07,DELIVERED
3817,16,9,2023-09-04,2023-09-24,DELAYED
3818,13,203,2026-03-25,2026-04-01,IN_TRANSIT
3819,12,479,2024-04-25,2024-05-26,DELIVERED
3820,15,121,2023-09-05,2023-10-08,DELIVERED
3821,13,343,2024-05-09,2024-06-16,IN_TRANSIT
3822,3,188,2023-11-24,2024-01-01,DELIVERED
3823,6,377,2024-06-27,2024-07-09,DELIVERED
3824,4,261,2024-11-19,2024-12-04,DELIVERED
3825,2,436,2025-03-23,2025-04-25,DELIVERED
3826,14,385,2025-02-25,2025-03-08,DELAYED
3827,8,136,2025-07-14,2025-07-29,DELIVERED
3828,17,459,2024-02-04,2024-03-13,DELIVERED
3829,12,317,2025-08-13,2025-09-11,DELIVERED
3830,10,123,2024-11-20,2024-12-29,DELIVERED
3831,20,217,2023-04-26,2023-05-08,DELIVERED
3832,3,398,2024-03-22,2024-04-11,DELIVERED
3833,1,442,2024-06-23,2024-07-06,DELAYED
3834,18,253,2024-05-02,2024-06-07,DELIVERED
3835,19,469,2026-03-14,2026-03-27,DELIVERED
3836,11,131,2023-04-19,2023-05-09,DELIVERED
3837,20,460,2024-12-22,2025-01-26,DELIVERED
3838,17,169,2023-04-01,2023-05-03,DELIVERED
3839,18,169,2025-01-03,2025-01-28,DELIVERED
3840,3,386,2026-05-29,2026-06-12,DELAYED
3841,4,33,2025-10-24,2025-11-30,DELIVERED
3842,8,258,2023-05-09,2023-05-27,DELIVERED
3843,13,219,2026-02-14,2026-02-20,DELIVERED
3844,2,331,2026-06-16,2026-06-29,DELAYED
3845,14,146,2024-02-04,2024-02-21,DELAYED
3846,16,274,2026-07-22,2026-08-26,DELIVERED
3847,16,265,2024-09-06,2024-10-09,DELAYED
3848,6,297,2024-12-21,2025-01-28,DELIVERED
3849,1,212,2024-09-15,2024-09-24,DELIVERED
3850,5,303,2026-08-29,2026-09-24,DELIVERED
3851,13,146,2025-03-01,2025-03-06,DELIVERED
3852,2,205,2026-08-17,2026-08-29,DELIVERED
3853,16,96,2026-02-12,2026-03-20,DELIVERED
3854,14,490,2026-03-16,2026-03-22,DELIVERED
3855,16,484,2025-05-26,2025-06-02,DELIVERED
3856,3,465,2023-04-08,2023-04-21,IN_TRANSIT
3857,17,431,2025-12-23,2026-01-01,DELIVERED
3858,17,144,2026-09-02,2026-09-14,DELIVERED
3859,17,264,2023-03-29,2023-04-24,DELIVERED
3860,3,358,2023-11-18,2023-11-23,DELIVERED
3861,15,88,2023-11-15,2023-12-04,DELIVERED
3862,11,55,2023-11-25,2024-01-03,DELAYED
3863,4,42,2024-11-06,2024-12-14,DELIVERED
3864,13,84,2025-12-07,2026-01-04,DELIVERED
3865,8,247,2023-05-30,2023-06-10,DELIVERED
3866,16,98,2025-02-14,2025-03-14,DELIVERED
3867,12,287,2024-02-12,2024-02-22,DELAYED
3868,12,258,2023-09-21,2023-10-26,DELIVERED
3869,6,255,2024-07-02,2024-08-04,DELAYED
3870,14,38,2024-08-14,2024-08-26,DELIVERED
3871,4,188,2024-05-10,2024-05-17,IN_TRANSIT
3872,6,488,2025-12-03,2026-01-04,DELIVERED
3873,10,473,2023-06-13,2023-06-20,DELIVERED
3874,7,422,2023-10-11,2023-10-24,DELAYED
3875,11,295,2025-04-21,2025-04-27,DELAYED
3876,5,363,2024-10-30,2024-11-08,DELIVERED
3877,10,373,2026-05-15,2026-06-15,DELAYED
3878,1,216,2026-08-08,2026-09-16,DELAYED
3879,20,372,2024-10-11,2024-11-04,IN_TRANSIT
3880,9,158,2024-01-22,2024-02-26,DELIVERED
3881,2,461,2024-11-04,2024-12-02,DELIVERED
3882,5,353,2024-11-15,2024-12-17,DELIVERED
3883,8,448,2024-03-12,2024-03-26,DELIVERED
3884,19,429,2025-12-27,2026-01-28,DELIVERED
3885,3,228,2023-08-30,2023-10-04,DELIVERED
3886,9,281,2024-12-07,2024-12-29,IN_TRANSIT
3887,1,463,2024-03-31,2024-05-07,DELIVERED
3888,13,27,2024-09-05,2024-10-04,IN_TRANSIT
3889,18,56,2026-09-05,2026-10-05,DELIVERED
3890,6,220,2023-05-02,2023-05-22,DELIVERED
3891,11,142,2025-06-15,2025-07-22,DELIVERED
3892,2,389,2026-02-28,2026-03-31,DELIVERED
3893,16,111,2023-07-12,2023-08-12,IN_TRANSIT
3894,7,272,2024-03-21,2024-04-07,IN_TRANSIT
3895,19,182,2025-01-18,2025-02-15,DELIVERED
3896,5,3,2023-08-12,2023-09-11,DELIVERED
3897,2,496,2023-12-21,2024-01-20,DELAYED
3898,13,279,2024-04-01,2024-05-03,DELIVERED
3899,13,28,2024-10-12,2024-11-14,DELIVERED
3900,9,246,2024-11-07,2024-12-11,DELIVERED
3901,6,196,2023-04-04,2023-04-20,DELIVERED
3902,10,479,2024-04-25,2024-05-24,DELIVERED
3903,3,392,2026-08-11,2026-09-02,DELIVERED
3904,7,296,2024-03-24,2024-04-04,DELIVERED
3905,4,475,2026-04-23,2026-05-11,IN_TRANSIT
3906,9,394,2026-04-15,2026-04-20,IN_TRANSIT
3907,2,188,2023-09-24,2023-10-12,DELAYED
3908,3,167,2024-03-28,2024-04-21,DELIVERED
3909,10,94,2024-01-17,2024-02-09,DELIVERED
3910,13,438,2025-03-16,2025-04-03,DELIVERED
3911,3,413,2025-03-26,2025-04-29,DELIVERED
3912,2,424,2025-11-03,2025-12-06,IN_TRANSIT
3913,17,398,2023-10-01,2023-10-18,DELIVERED
3914,7,268,2025-01-17,2025-02-15,DELIVERED
3915,7,473,2023-12-03,2023-12-29,DELIVERED
3916,4,97,2026-10-01,2026-10-11,DELIVERED
3917,4,204,2024-03-30,2024-05-02,DELIVERED
3918,19,167,2025-10-22,2025-11-26,IN_TRANSIT
3919,4,231,2026-08-07,2026-08-31,DELIVERED
3920,4,10,2023-03-02,2023-03-08,DELIVERED
3921,15,309,2024-11-05,2024-11-24,DELIVERED
3922,16,201,2024-11-12,2024-11-23,DELIVERED
3923,20,268,2023-01-09,2023-01-22,DELAYED
3924,9,170,2025-10-09,2025-10-20,DELIVERED
3925,8,52,2024-12-03,2024-12-27,DELIVERED
3926,5,320,2023-06-06,2023-07-10,DELAYED
3927,3,215,2024-01-12,2024-02-17,DELIVERED
3928,14,250,2024-02-15,2024-03-22,DELIVERED
3929,20,138,2025-11-20,2025-12-15,DELIVERED
3930,9,10,2026-03-07,2026-03-16,IN_TRANSIT
3931,11,100,2024-05-28,2024-06-15,DELIVERED
3932,11,243,2024-01-01,2024-01-13,IN_TRANSIT
3933,17,12,2023-12-31,2024-02-03,DELAYED
3934,2,64,2024-09-16,2024-10-13,IN_TRANSIT
3935,5,259,2023-10-08,2023-11-09,DELIVERED
3936,1,498,2025-05-14,2025-06-03,DELIVERED
3937,1,452,2026-05-28,2026-06-29,DELIVERED
3938,12,240,2024-12-30,2025-02-04,DELIVERED
3939,12,275,2026-08-19,2026-09-23,DELAYED
3940,7,430,2025-12-29,2026-01-07,IN_TRANSIT
3941,3,92,2025-06-21,2025-07-16,DELIVERED
3942,5,497,2025-05-02,2025-06-09,DELIVERED
3943,7,179,2026-02-16,2026-03-06,DELIVERED
3944,11,261,2023-12-14,2024-01-21,IN_TRANSIT
3945,12,435,2025-05-29,2025-06-05,DELIVERED
3946,6,224,2023-04-19,2023-05-23,DELIVERED
3947,6,17,2025-12-18,2025-12-28,DELIVERED
3948,10,415,2025-08-14,2025-08-26,DELAYED
3949,11,348,2025-05-24,2025-06-11,DELIVERED
3950,18,293,2024-06-19,2024-07-17,DELIVERED
3951,9,148,2024-05-16,2024-06-04,DELAYED
3952,10,399,2025-10-20,2025-11-10,IN_TRANSIT
3953,5,179,2024-08-08,2024-09-04,DELIVERED
3954,16,33,2025-08-06,2025-08-20,DELIVERED
3955,13,385,2025-04-30,2025-05-19,DELAYED
3956,3,461,2025-07-04,2025-07-21,DELIVERED
3957,2,148,2025-02-08,2025-03-16,DELIVERED
3958,6,122,2025-11-02,2025-11-20,DELIVERED
3959,4,39,2024-02-18,2024-02-28,IN_TRANSIT
3960,9,257,2026-06-01,2026-06-23,DELIVERED
3961,7,269,2025-06-15,2025-06-22,DELIVERED
3962,11,182,2025-01-06,2025-01-24,DELIVERED
3963,2,142,2023-10-27,2023-11-01,DELIVERED
3964,8,378,2023-10-04,2023-10-24,DELIVERED
3965,11,303,2026-03-01,2026-03-17,DELIVERED
3966,12,203,2024-07-18,2024-07-30,DELIVERED
3967,7,478,2024-10-24,2024-11-12,DELIVERED
3968,9,323,2025-06-30,2025-07-31,DELIVERED
3969,10,157,2026-02-25,2026-04-01,DELIVERED
3970,17,59,2026-07-13,2026-07-29,DELAYED
3971,14,476,2025-05-25,2025-06-03,DELIVERED
3972,16,264,2023-08-29,2023-09-18,IN_TRANSIT
3973,14,269,2024-10-31,2024-11-08,DELIVERED
3974,16,132,2024-11-10,2024-11-23,IN_TRANSIT
3975,8,31,2023-04-25,2023-05-16,DELIVERED
3976,11,491,2025-12-16,2026-01-22,DELIVERED
3977,10,478,2025-07-22,2025-08-14,DELIVERED
3978,20,365,2024-12-13,2024-12-19,DELIVERED
3979,3,136,2025-09-25,2025-10-21,DELIVERED
3980,17,351,2024-05-22,2024-05-29,DELIVERED
3981,14,378,2026-07-05,2026-08-07,IN_TRANSIT
3982,17,19,2026-09-23,2026-10-17,DELIVERED
3983,6,361,2026-01-01,2026-01-18,DELIVERED
3984,11,210,2026-01-29,2026-02-08,DELIVERED
3985,6,418,2026-07-29,2026-08-14,DELIVERED
3986,14,160,2026-03-31,2026-04-20,DELIVERED
3987,18,369,2024-06-30,2024-07-21,DELIVERED
3988,5,455,2024-03-22,2024-04-20,DELIVERED
3989,9,492,2025-10-27,2025-11-04,DELIVERED
3990,1,19,2023-07-01,2023-08-07,DELIVERED
3991,7,199,2024-04-07,2024-05-01,DELIVERED
3992,19,48,2023-08-20,2023-09-22,DELIVERED
3993,19,347,2025-07-15,2025-08-07,DELIVERED
3994,10,50,2026-04-05,2026-04-12,DELIVERED
3995,13,259,2023-05-01,2023-05-15,DELIVERED
3996,3,224,2024-10-10,2024-10-19,DELIVERED
3997,11,290,2025-10-01,2025-10-17,DELIVERED
3998,7,464,2025-06-30,2025-07-13,IN_TRANSIT
3999,4,175,2024-04-02,2024-04-29,DELIVERED
4000,3,247,2024-07-11,2024-07-21,DELIVERED
4001,11,151,2026-09-08,2026-10-03,DELIVERED
4002,10,186,2025-01-31,2025-02-11,DELIVERED
4003,1,311,2023-05-06,2023-06-02,DELIVERED
4004,15,91,2025-08-25,2025-09-28,DELIVERED
4005,18,171,2024-04-04,2024-04-23,IN_TRANSIT
4006,14,17,2024-09-22,2024-10-09,DELIVERED
4007,14,5,2026-04-22,2026-05-28,DELIVERED
4008,1,178,2024-05-13,2024-06-07,DELIVERED
4009,18,252,2026-04-24,2026-05-08,IN_TRANSIT
4010,19,125,2025-12-10,2026-01-15,DELIVERED
4011,1,333,2025-07-05,2025-07-25,DELIVERED
4012,11,127,2024-05-09,2024-05-23,DELAYED
4013,18,413,2025-12-21,2026-01-11,DELIVERED
4014,15,177,2023-11-23,2023-12-04,DELIVERED
4015,6,367,2025-01-14,2025-01-24,DELIVERED
4016,4,341,2024-07-10,2024-08-08,DELIVERED
4017,12,357,2025-02-08,2025-02-25,DELIVERED
4018,7,301,2024-06-06,2024-06-27,DELIVERED
4019,11,437,2024-02-15,2024-02-27,DELIVERED
4020,14,61,2023-10-26,2023-11-28,IN_TRANSIT
4021,2,273,2024-02-18,2024-02-24,DELIVERED
4022,2,29,2025-09-22,2025-10-31,DELIVERED
4023,4,211,2026-02-12,2026-03-14,DELIVERED
4024,14,267,2025-08-23,2025-09-13,DELIVERED
4025,6,465,2025-01-18,2025-01-24,DELIVERED
4026,20,488,2024-06-15,2024-07-13,DELIVERED
4027,2,87,2023-08-06,2023-09-05,DELIVERED
4028,10,226,2023-01-21,2023-02-26,DELIVERED
4029,6,101,2024-03-30,2024-04-14,DELIVERED
4030,18,152,2023-03-27,2023-04-06,DELIVERED
4031,7,65,2023-01-14,2023-01-30,DELIVERED
4032,19,356,2023-07-23,2023-08-17,DELIVERED
4033,14,389,2025-11-06,2025-11-17,DELIVERED
4034,12,174,2024-08-01,2024-09-08,DELIVERED
4035,4,126,2024-11-01,2024-11-29,DELIVERED
4036,16,217,2026-07-16,2026-07-27,DELIVERED
4037,3,254,2024-01-19,2024-02-01,IN_TRANSIT
4038,10,299,2026-09-30,2026-11-03,DELIVERED
4039,9,181,2024-09-07,2024-10-02,IN_TRANSIT
4040,10,461,2026-03-03,2026-03-27,DELIVERED
4041,7,303,2026-07-13,2026-08-07,DELIVERED
4042,4,320,2023-01-12,2023-01-21,DELIVERED
4043,2,22,2024-10-29,2024-11-10,DELIVERED
4044,15,9,2026-08-17,2026-08-29,IN_TRANSIT
4045,9,138,2025-03-06,2025-04-13,DELIVERED
4046,1,31,2025-08-08,2025-08-25,DELIVERED
4047,6,102,2024-06-25,2024-07-17,DELIVERED
4048,11,437,2023-07-24,2023-08-04,DELIVERED
4049,3,203,2025-10-14,2025-10-25,DELIVERED
4050,18,69,2026-06-22,2026-07-23,DELIVERED
4051,19,287,2023-05-17,2023-06-15,DELIVERED
4052,1,38,2024-03-09,2024-03-26,IN_TRANSIT
4053,9,408,2023-01-13,2023-02-12,DELIVERED
4054,18,284,2025-04-05,2025-04-15,DELIVERED
4055,15,191,2024-05-12,2024-05-25,DELIVERED
4056,7,408,2026-06-10,2026-06-21,DELIVERED
4057,20,369,2025-06-03,2025-06-13,DELIVERED
4058,15,171,2025-04-10,2025-04-26,DELIVERED
4059,8,253,2023-01-18,2023-02-08,DELIVERED
4060,11,112,2026-06-22,2026-07-03,DELIVERED
4061,15,124,2025-01-04,2025-01-22,DELIVERED
4062,2,207,2023-05-20,2023-06-05,DELIVERED
4063,20,199,2026-07-06,2026-07-20,DELIVERED
4064,2,370,2023-06-05,2023-07-14,DELIVERED
4065,12,28,2023-05-15,2023-06-13,DELIVERED
4066,10,325,2024-04-06,2024-04-28,DELIVERED
4067,3,329,2023-05-07,2023-05-20,DELIVERED
4068,1,228,2023-12-29,2024-01-28,DELIVERED
4069,3,367,2025-11-16,2025-12-25,DELIVERED
4070,6,332,2026-02-20,2026-03-19,DELIVERED
4071,7,80,2026-03-17,2026-04-24,DELIVERED
4072,7,494,2023-08-19,2023-09-23,DELIVERED
4073,9,206,2026-03-26,2026-04-23,DELIVERED
4074,10,333,2026-04-07,2026-04-18,DELIVERED
4075,12,359,2025-07-06,2025-08-11,DELAYED
4076,7,221,2024-01-09,2024-01-23,DELIVERED
4077,13,9,2025-04-09,2025-04-21,DELIVERED
4078,15,16,2025-09-01,2025-10-07,IN_TRANSIT
4079,14,397,2023-09-26,2023-10-12,DELAYED
4080,17,458,2023-02-26,2023-04-03,DELIVERED
4081,20,291,2024-03-31,2024-05-01,DELIVERED
4082,11,134,2023-01-02,2023-01-10,DELIVERED
4083,17,320,2024-08-30,2024-09-24,DELIVERED
4084,17,313,2024-05-01,2024-06-08,DELIVERED
4085,4,62,2023-05-12,2023-05-27,DELIVERED
4086,1,158,2024-02-16,2024-02-29,DELIVERED
4087,17,350,2025-10-25,2025-11-10,DELIVERED
4088,3,60,2023-08-16,2023-09-13,DELIVERED
4089,2,360,2024-12-22,2025-01-03,IN_TRANSIT
4090,14,36,2024-12-16,2024-12-27,DELIVERED
4091,19,213,2026-01-22,2026-02-10,DELIVERED
4092,11,318,2026-08-04,2026-09-08,DELIVERED
4093,9,349,2025-10-05,2025-10-13,DELAYED
4094,13,74,2024-05-28,2024-06-11,DELIVERED
4095,18,426,2023-01-17,2023-02-01,IN_TRANSIT
4096,17,38,2026-01-05,2026-01-22,DELIVERED
4097,10,332,2023-12-31,2024-01-26,DELAYED
4098,16,420,2025-06-21,2025-07-03,DELAYED
4099,8,483,2023-05-12,2023-06-05,DELIVERED
4100,4,230,2025-11-07,2025-11-12,DELAYED
4101,12,12,2024-12-08,2025-01-09,DELIVERED
4102,12,328,2026-02-02,2026-02-14,DELIVERED
4103,1,428,2025-01-20,2025-02-06,DELIVERED
4104,18,409,2024-11-28,2024-12-07,DELIVERED
4105,14,469,2024-01-22,2024-02-04,DELIVERED
4106,7,169,2024-11-15,2024-12-24,DELIVERED
4107,12,320,2024-01-14,2024-02-14,DELIVERED
4108,14,272,2026-05-25,2026-06-18,DELAYED
4109,1,106,2026-07-11,2026-07-20,DELIVERED
4110,20,195,2026-06-25,2026-07-21,DELIVERED
4111,12,345,2024-03-27,2024-04-01,IN_TRANSIT
4112,15,341,2024-10-18,2024-11-08,DELIVERED
4113,12,277,2023-11-06,2023-12-11,DELIVERED
4114,1,340,2023-01-30,2023-03-04,DELIVERED
4115,7,454,2024-12-07,2024-12-12,DELIVERED
4116,18,251,2026-08-29,2026-09-17,DELIVERED
4117,7,104,2023-02-28,2023-03-21,DELIVERED
4118,3,24,2023-06-03,2023-06-09,DELIVERED
4119,18,420,2025-07-13,2025-08-12,IN_TRANSIT
4120,11,395,2025-08-03,2025-08-09,DELIVERED
4121,2,481,2024-05-26,2024-06-23,DELIVERED
4122,5,315,2024-11-14,2024-12-04,DELIVERED
4123,6,472,2026-06-29,2026-07-07,DELIVERED
4124,17,344,2024-02-22,2024-03-31,DELIVERED
4125,7,326,2023-12-24,2024-01-29,DELIVERED
4126,13,320,2025-04-02,2025-04-25,DELIVERED
4127,4,353,2024-11-24,2024-12-01,DELIVERED
4128,14,361,2024-07-01,2024-07-31,DELIVERED
4129,4,198,2025-06-03,2025-06-30,DELIVERED
4130,17,94,2026-02-23,2026-03-20,DELAYED
4131,4,135,2023-10-26,2023-11-18,DELAYED
4132,18,105,2024-07-23,2024-08-09,DELIVERED
4133,11,55,2024-02-06,2024-02-23,IN_TRANSIT
4134,20,148,2025-12-24,2026-01-31,DELIVERED
4135,2,437,2024-01-22,2024-02-20,DELIVERED
4136,13,31,2023-05-04,2023-06-09,DELIVERED
4137,20,67,2024-01-04,2024-01-11,DELIVERED
4138,9,153,2024-12-02,2024-12-18,DELIVERED
4139,1,383,2025-09-03,2025-10-05,DELIVERED
4140,16,364,2025-02-19,2025-03-19,DELIVERED
4141,3,339,2024-08-21,2024-09-06,DELIVERED
4142,7,194,2023-02-10,2023-03-01,DELIVERED
4143,15,133,2025-05-30,2025-06-07,DELIVERED
4144,14,156,2026-07-06,2026-08-02,DELIVERED
4145,16,60,2026-05-08,2026-05-25,DELIVERED
4146,8,305,2026-02-21,2026-03-31,DELIVERED
4147,6,353,2023-07-19,2023-08-15,DELIVERED
4148,17,56,2023-02-13,2023-03-01,DELIVERED
4149,5,333,2023-08-10,2023-08-27,DELIVERED
4150,9,271,2024-01-31,2024-03-09,DELAYED
4151,4,83,2026-07-26,2026-08-07,DELAYED
4152,4,197,2023-03-10,2023-04-06,DELIVERED
4153,10,319,2025-02-05,2025-02-13,DELIVERED
4154,8,326,2026-06-23,2026-07-05,DELIVERED
4155,10,224,2023-01-03,2023-02-08,DELIVERED
4156,15,313,2023-12-30,2024-01-24,DELIVERED
4157,20,269,2023-09-17,2023-10-19,DELIVERED
4158,13,318,2026-08-15,2026-09-16,DELIVERED
4159,8,352,2026-02-22,2026-03-26,DELIVERED
4160,7,360,2026-09-02,2026-10-06,DELIVERED
4161,8,164,2025-11-09,2025-12-03,DELAYED
4162,19,5,2026-01-06,2026-01-29,DELIVERED
4163,7,308,2023-02-18,2023-03-17,DELIVERED
4164,11,174,2026-09-18,2026-10-08,DELAYED
4165,4,222,2023-06-04,2023-06-11,DELIVERED
4166,4,39,2024-12-28,2025-01-30,DELIVERED
4167,3,471,2023-03-17,2023-03-30,DELIVERED
4168,13,7,2023-07-21,2023-08-27,DELIVERED
4169,8,374,2026-07-05,2026-08-09,DELIVERED
4170,7,363,2026-06-06,2026-07-02,DELIVERED
4171,7,489,2025-02-25,2025-03-21,DELIVERED
4172,13,245,2023-09-02,2023-09-27,DELIVERED
4173,19,56,2024-06-06,2024-07-08,IN_TRANSIT
4174,8,431,2024-02-14,2024-03-15,DELIVERED
4175,2,380,2026-02-22,2026-04-02,IN_TRANSIT
4176,13,65,2025-03-06,2025-04-08,DELIVERED
4177,18,371,2024-09-19,2024-10-13,DELAYED
4178,12,39,2023-02-27,2023-03-29,DELIVERED
4179,3,362,2026-03-15,2026-04-20,DELIVERED
4180,17,90,2026-08-08,2026-08-22,DELIVERED
4181,17,441,2023-11-10,2023-12-13,DELIVERED
4182,19,39,2025-08-20,2025-08-27,DELIVERED
4183,16,489,2026-02-26,2026-03-12,DELIVERED
4184,10,12,2024-03-11,2024-04-08,IN_TRANSIT
4185,19,193,2023-11-07,2023-12-03,DELAYED
4186,7,410,2026-09-15,2026-10-23,DELIVERED
4187,11,384,2026-08-11,2026-08-28,IN_TRANSIT
4188,15,208,2024-09-08,2024-10-01,DELIVERED
4189,5,265,2024-11-17,2024-11-25,DELIVERED
4190,16,43,2025-01-10,2025-02-03,DELIVERED
4191,9,349,2025-04-15,2025-05-16,DELIVERED
4192,7,31,2025-04-19,2025-05-17,DELIVERED
4193,17,417,2024-09-11,2024-09-26,DELIVERED
4194,15,157,2024-02-18,2024-03-21,DELIVERED
4195,4,459,2023-10-30,2023-11-21,DELIVERED
4196,2,245,2024-12-07,2025-01-14,DELIVERED
4197,19,484,2024-02-13,2024-02-22,DELIVERED
4198,4,296,2023-10-24,2023-11-01,DELIVERED
4199,19,494,2026-03-28,2026-04-02,DELIVERED
4200,18,431,2023-03-15,2023-04-08,DELIVERED
4201,12,128,2025-10-10,2025-11-01,DELIVERED
4202,14,98,2024-09-23,2024-09-30,DELIVERED
4203,19,206,2024-03-26,2024-05-01,DELIVERED
4204,17,243,2025-04-06,2025-04-23,DELIVERED
4205,14,275,2026-09-24,2026-10-26,DELIVERED
4206,6,456,2024-06-10,2024-07-12,DELIVERED
4207,18,273,2023-12-30,2024-01-24,DELAYED
4208,7,153,2025-10-19,2025-11-19,DELIVERED
4209,12,14,2025-07-10,2025-08-10,DELIVERED
4210,10,483,2026-01-13,2026-01-23,DELIVERED
4211,3,116,2024-08-10,2024-08-22,DELIVERED
4212,3,285,2025-11-09,2025-12-16,DELIVERED
4213,16,312,2023-08-20,2023-09-20,DELIVERED
4214,3,321,2024-08-10,2024-08-16,DELIVERED
4215,18,246,2026-06-12,2026-07-06,IN_TRANSIT
4216,17,310,2026-01-14,2026-01-24,DELIVERED
4217,11,410,2023-12-07,2024-01-12,DELAYED
4218,9,230,2024-10-29,2024-11-19,DELIVERED
4219,3,79,2025-10-25,2025-11-25,DELIVERED
4220,13,222,2026-04-23,2026-05-01,DELIVERED
4221,10,177,2025-06-19,2025-07-02,DELIVERED
4222,11,86,2025-12-21,2026-01-15,DELIVERED
4223,17,131,2026-03-17,2026-03-29,DELIVERED
4224,2,13,2024-07-16,2024-08-11,DELIVERED
4225,4,393,2024-12-08,2025-01-16,DELIVERED
4226,13,486,2025-12-23,2026-01-11,DELAYED
4227,2,167,2023-03-12,2023-04-16,DELIVERED
4228,16,357,2024-02-11,2024-03-10,DELIVERED
4229,7,139,2023-10-13,2023-11-04,DELIVERED
4230,4,364,2024-05-24,2024-06-07,DELIVERED
4231,14,11,2024-11-19,2024-11-26,DELIVERED
4232,14,221,2025-11-06,2025-11-18,DELIVERED
4233,5,410,2023-04-11,2023-04-26,DELAYED
4234,16,500,2026-01-14,2026-02-12,DELIVERED
4235,11,231,2023-06-21,2023-07-02,DELIVERED
4236,17,197,2024-10-06,2024-11-02,DELIVERED
4237,11,392,2026-07-13,2026-07-19,DELAYED
4238,6,262,2026-03-05,2026-03-24,DELIVERED
4239,10,334,2025-04-03,2025-05-04,IN_TRANSIT
4240,5,122,2023-05-17,2023-06-16,DELIVERED
4241,10,50,2023-12-07,2024-01-03,DELAYED
4242,15,497,2023-03-22,2023-04-03,DELIVERED
4243,11,318,2025-03-06,2025-03-16,DELAYED
4244,19,272,2026-07-08,2026-08-08,DELIVERED
4245,7,263,2026-07-02,2026-07-17,DELIVERED
4246,11,289,2024-06-15,2024-07-11,DELIVERED
4247,12,176,2023-05-20,2023-06-19,DELIVERED
4248,2,86,2024-06-28,2024-07-12,DELIVERED
4249,19,481,2026-07-03,2026-07-29,DELIVERED
4250,18,403,2025-08-19,2025-08-26,DELIVERED
4251,13,356,2023-08-24,2023-09-02,DELIVERED
4252,18,262,2023-10-10,2023-10-18,DELIVERED
4253,4,376,2026-06-04,2026-06-14,DELIVERED
4254,16,159,2026-08-31,2026-09-23,DELIVERED
4255,12,330,2025-02-10,2025-02-15,DELIVERED
4256,10,426,2025-10-02,2025-10-30,DELIVERED
4257,2,441,2025-06-04,2025-06-15,DELAYED
4258,1,481,2025-04-16,2025-05-15,DELIVERED
4259,16,215,2026-05-26,2026-06-12,DELIVERED
4260,11,156,2023-02-17,2023-03-02,DELIVERED
4261,6,63,2026-05-01,2026-05-29,DELIVERED
4262,3,202,2023-05-08,2023-06-09,DELAYED
4263,1,335,2023-09-08,2023-10-11,DELIVERED
4264,18,419,2025-08-27,2025-09-26,DELIVERED
4265,7,276,2023-07-26,2023-08-26,DELIVERED
4266,11,295,2023-04-11,2023-05-06,DELAYED
4267,8,119,2023-07-01,2023-07-14,DELIVERED
4268,4,40,2024-07-15,2024-07-22,DELIVERED
4269,2,274,2026-05-08,2026-05-16,DELIVERED
4270,5,469,2026-01-18,2026-02-15,DELIVERED
4271,14,384,2025-03-21,2025-04-04,DELAYED
4272,5,14,2025-09-19,2025-10-09,DELIVERED
4273,18,497,2026-06-16,2026-06-30,DELAYED
4274,16,53,2025-08-15,2025-09-03,DELIVERED
4275,1,390,2023-03-08,2023-03-27,IN_TRANSIT
4276,7,291,2023-03-15,2023-04-05,DELIVERED
4277,16,29,2025-09-13,2025-10-09,DELIVERED
4278,1,309,2024-11-30,2024-12-21,DELIVERED
4279,10,216,2026-07-25,2026-08-04,DELIVERED
4280,16,230,2023-11-26,2023-12-07,IN_TRANSIT
4281,14,479,2025-11-20,2025-11-27,DELIVERED
4282,8,247,2024-08-05,2024-08-30,IN_TRANSIT
4283,10,186,2025-04-14,2025-05-15,DELIVERED
4284,19,203,2024-10-15,2024-11-06,DELIVERED
4285,5,81,2025-01-10,2025-02-02,DELIVERED
4286,10,372,2024-11-06,2024-11-12,DELIVERED
4287,11,412,2023-10-26,2023-11-20,DELIVERED
4288,12,317,2023-11-12,2023-11-18,DELIVERED
4289,8,470,2025-09-09,2025-09-16,DELIVERED
4290,20,433,2024-11-10,2024-11-23,DELIVERED
4291,9,483,2025-09-28,2025-10-21,DELAYED
4292,8,251,2026-05-04,2026-06-07,DELIVERED
4293,15,448,2023-09-14,2023-10-06,DELIVERED
4294,18,219,2024-06-07,2024-06-29,DELIVERED
4295,9,250,2024-11-22,2024-12-16,IN_TRANSIT
4296,14,125,2024-02-19,2024-02-24,DELIVERED
4297,19,423,2025-09-13,2025-10-09,DELIVERED
4298,5,45,2026-03-04,2026-03-19,DELIVERED
4299,12,255,2024-09-26,2024-10-20,DELIVERED
4300,16,434,2024-12-31,2025-02-04,DELIVERED
4301,10,84,2023-08-01,2023-08-24,DELIVERED
4302,8,273,2025-05-27,2025-06-05,DELIVERED
4303,3,61,2025-06-16,2025-07-19,DELIVERED
4304,18,165,2025-03-24,2025-04-12,DELIVERED
4305,14,221,2026-02-04,2026-02-11,DELIVERED
4306,18,463,2026-03-27,2026-04-27,DELIVERED
4307,13,31,2023-03-26,2023-04-19,DELIVERED
4308,5,221,2025-05-31,2025-06-23,DELIVERED
4309,5,476,2026-02-08,2026-03-06,DELIVERED
4310,19,305,2025-05-08,2025-06-05,DELIVERED
4311,14,495,2026-07-27,2026-08-10,DELIVERED
4312,11,233,2024-07-16,2024-08-23,DELAYED
4313,6,213,2026-08-24,2026-09-24,DELIVERED
4314,19,469,2026-06-13,2026-07-20,DELIVERED
4315,18,487,2023-01-15,2023-01-27,DELAYED
4316,10,164,2025-08-05,2025-08-24,DELIVERED
4317,20,39,2024-05-14,2024-06-01,DELIVERED
4318,2,99,2024-03-12,2024-04-03,DELIVERED
4319,15,479,2026-01-30,2026-02-22,DELIVERED
4320,4,379,2026-08-20,2026-09-13,DELIVERED
4321,6,194,2024-09-02,2024-09-14,DELIVERED
4322,3,72,2025-07-08,2025-07-16,DELIVERED
4323,20,477,2024-08-10,2024-09-01,DELIVERED
4324,7,471,2024-10-31,2024-11-14,DELIVERED
4325,1,382,2025-03-18,2025-04-26,DELIVERED
4326,18,310,2024-07-18,2024-08-11,DELIVERED
4327,6,123,2024-09-18,2024-10-15,DELIVERED
4328,17,269,2026-04-09,2026-05-12,DELIVERED
4329,1,139,2023-01-24,2023-02-24,DELIVERED
4330,5,182,2024-08-12,2024-08-19,IN_TRANSIT
4331,18,183,2024-10-16,2024-11-15,DELIVERED
4332,13,304,2026-05-02,2026-05-31,DELIVERED
4333,14,438,2023-11-06,2023-11-20,DELIVERED
4334,1,154,2023-02-04,2023-03-07,DELIVERED
4335,8,91,2025-02-12,2025-03-19,IN_TRANSIT
4336,14,322,2024-10-04,2024-10-22,DELIVERED
4337,12,448,2023-04-22,2023-04-28,DELIVERED
4338,4,213,2025-04-04,2025-04-23,DELAYED
4339,16,339,2025-11-28,2025-12-15,DELIVERED
4340,4,41,2025-04-20,2025-05-02,DELIVERED
4341,16,189,2024-10-11,2024-11-10,DELIVERED
4342,11,486,2024-11-02,2024-11-15,DELIVERED
4343,11,218,2025-05-06,2025-05-22,DELIVERED
4344,8,131,2024-08-01,2024-09-08,DELIVERED
4345,19,160,2024-04-27,2024-05-27,DELIVERED
4346,8,167,2026-02-05,2026-02-19,DELIVERED
4347,3,198,2024-03-07,2024-03-26,DELIVERED
4348,7,443,2023-07-08,2023-08-12,IN_TRANSIT
4349,1,456,2024-04-25,2024-05-08,DELIVERED
4350,12,268,2025-07-09,2025-08-16,DELIVERED
4351,10,473,2025-05-01,2025-05-28,DELIVERED
4352,13,249,2024-02-23,2024-03-15,DELIVERED
4353,1,129,2025-03-04,2025-03-26,DELIVERED
4354,3,318,2026-02-03,2026-02-16,DELIVERED
4355,8,488,2026-09-07,2026-10-07,DELIVERED
4356,11,377,2024-07-13,2024-07-21,DELIVERED
4357,18,466,2026-05-15,2026-06-05,DELAYED
4358,5,218,2023-03-21,2023-03-30,DELIVERED
4359,7,52,2025-02-26,2025-03-11,DELIVERED
4360,9,186,2024-02-28,2024-03-17,DELIVERED
4361,14,44,2025-01-04,2025-01-21,IN_TRANSIT
4362,20,67,2024-04-09,2024-04-21,DELIVERED
4363,12,48,2024-04-10,2024-05-17,DELIVERED
4364,10,187,2023-03-16,2023-04-19,DELIVERED
4365,5,500,2024-10-29,2024-11-16,DELIVERED
4366,3,99,2025-01-11,2025-02-09,DELIVERED
4367,2,315,2026-06-06,2026-06-24,DELIVERED
4368,6,342,2025-10-02,2025-10-11,DELAYED
4369,16,374,2023-01-15,2023-01-31,DELIVERED
4370,18,81,2023-11-07,2023-11-19,DELIVERED
4371,1,264,2024-12-15,2025-01-03,DELIVERED
4372,17,58,2025-05-31,2025-06-28,DELIVERED
4373,12,464,2025-02-20,2025-03-14,DELIVERED
4374,15,480,2023-06-10,2023-07-05,DELIVERED
4375,5,446,2025-08-27,2025-09-15,DELIVERED
4376,2,325,2024-10-30,2024-11-09,DELIVERED
4377,18,263,2026-09-08,2026-09-22,DELIVERED
4378,11,194,2025-03-12,2025-03-29,DELIVERED
4379,13,393,2024-12-20,2025-01-19,DELIVERED
4380,3,245,2025-12-31,2026-01-30,DELIVERED
4381,17,135,2024-06-05,2024-07-04,IN_TRANSIT
4382,20,176,2024-05-24,2024-06-27,DELIVERED
4383,7,113,2024-01-23,2024-02-24,DELIVERED
4384,8,23,2023-10-11,2023-10-28,DELAYED
4385,1,81,2024-09-21,2024-10-21,DELIVERED
4386,9,498,2026-05-12,2026-06-11,DELIVERED
4387,9,272,2023-12-26,2024-01-24,DELIVERED
4388,8,483,2023-03-20,2023-04-09,DELIVERED
4389,4,177,2026-05-14,2026-05-21,DELIVERED
4390,6,460,2025-09-10,2025-10-03,DELIVERED
4391,11,482,2024-04-05,2024-05-01,DELIVERED
4392,13,157,2024-02-13,2024-02-23,DELIVERED
4393,12,286,2023-03-06,2023-04-01,DELIVERED
4394,5,499,2025-12-23,2026-01-27,DELIVERED
4395,6,94,2026-06-05,2026-06-25,DELIVERED
4396,13,20,2024-02-26,2024-03-14,IN_TRANSIT
4397,9,222,2023-02-11,2023-02-24,DELIVERED
4398,11,465,2025-07-28,2025-08-25,DELIVERED
4399,18,290,2023-04-01,2023-04-20,DELIVERED
4400,16,241,2025-05-16,2025-06-24,DELIVERED
4401,9,58,2025-04-22,2025-05-15,DELIVERED
4402,19,469,2023-11-14,2023-11-29,DELIVERED
4403,9,367,2024-07-02,2024-07-12,DELAYED
4404,14,378,2024-05-14,2024-06-06,IN_TRANSIT
4405,11,146,2023-05-07,2023-06-07,IN_TRANSIT
4406,7,280,2024-08-30,2024-09-27,DELIVERED
4407,18,452,2026-02-14,2026-03-10,DELIVERED
4408,13,192,2023-12-17,2024-01-23,DELIVERED
4409,15,9,2023-06-06,2023-07-06,DELIVERED
4410,10,7,2023-10-25,2023-11-20,DELIVERED
4411,15,447,2025-08-07,2025-09-03,DELIVERED
4412,17,411,2023-05-15,2023-05-31,IN_TRANSIT
4413,8,108,2023-08-10,2023-09-07,DELIVERED
4414,9,389,2025-05-26,2025-06-12,DELIVERED
4415,15,180,2023-10-18,2023-11-12,DELIVERED
4416,6,324,2026-03-08,2026-03-16,DELIVERED
4417,8,123,2025-11-10,2025-12-02,DELIVERED
4418,9,294,2026-08-30,2026-10-08,IN_TRANSIT
4419,5,93,2023-11-18,2023-12-14,IN_TRANSIT
4420,18,177,2024-08-13,2024-09-06,DELAYED
4421,11,124,2026-01-11,2026-02-12,DELIVERED
4422,9,107,2025-04-30,2025-06-08,DELIVERED
4423,16,399,2023-01-22,2023-02-09,IN_TRANSIT
4424,3,203,2024-01-05,2024-02-05,DELIVERED
4425,15,340,2025-05-11,2025-06-09,DELIVERED
4426,19,432,2026-05-03,2026-05-26,DELIVERED
4427,4,31,2023-05-08,2023-05-21,DELIVERED
4428,14,354,2025-02-10,2025-02-26,DELIVERED
4429,7,486,2024-02-27,2024-03-07,DELIVERED
4430,1,17,2025-09-05,2025-09-20,IN_TRANSIT
4431,7,237,2024-07-24,2024-08-02,DELAYED
4432,11,155,2024-06-24,2024-07-17,DELIVERED
4433,3,243,2025-02-22,2025-03-20,DELIVERED
4434,2,178,2025-05-10,2025-05-18,DELIVERED
4435,19,383,2025-06-03,2025-07-10,DELIVERED
4436,1,209,2026-03-07,2026-03-20,DELIVERED
4437,11,149,2026-09-10,2026-10-03,DELAYED
4438,9,300,2024-06-09,2024-07-09,IN_TRANSIT
4439,5,479,2023-02-15,2023-03-04,DELIVERED
4440,12,477,2023-06-01,2023-06-13,IN_TRANSIT
4441,1,236,2023-06-24,2023-07-26,DELIVERED
4442,12,149,2026-02-28,2026-03-23,DELIVERED
4443,15,299,2026-06-12,2026-07-16,DELIVERED
4444,17,392,2025-05-09,2025-06-04,DELIVERED
4445,16,332,2023-09-19,2023-10-27,DELIVERED
4446,19,328,2026-09-02,2026-09-13,DELIVERED
4447,3,67,2024-06-12,2024-07-04,DELIVERED
4448,9,200,2023-07-01,2023-08-08,DELIVERED
4449,12,266,2026-05-17,2026-05-26,DELIVERED
4450,13,194,2026-02-20,2026-03-12,DELIVERED
4451,11,75,2023-03-22,2023-04-17,DELIVERED
4452,19,366,2026-03-02,2026-03-14,DELIVERED
4453,20,237,2023-02-21,2023-03-31,DELIVERED
4454,12,113,2024-10-21,2024-11-05,DELIVERED
4455,15,41,2023-11-07,2023-11-24,DELIVERED
4456,7,138,2023-06-27,2023-07-06,DELIVERED
4457,9,400,2023-03-14,2023-04-14,DELIVERED
4458,5,411,2026-01-16,2026-01-25,DELAYED
4459,16,416,2025-05-01,2025-06-08,IN_TRANSIT
4460,14,119,2024-10-25,2024-11-17,IN_TRANSIT
4461,7,434,2026-02-13,2026-03-19,DELIVERED
4462,13,162,2023-11-17,2023-12-05,DELIVERED
4463,7,404,2026-09-24,2026-10-16,DELIVERED
4464,13,343,2026-03-26,2026-05-04,DELIVERED
4465,4,413,2025-01-09,2025-01-30,DELIVERED
4466,1,153,2025-04-17,2025-05-09,DELIVERED
4467,2,426,2024-08-15,2024-09-23,DELIVERED
4468,8,497,2026-05-26,2026-06-11,DELAYED
4469,14,74,2023-02-01,2023-02-09,IN_TRANSIT
4470,4,80,2026-03-15,2026-03-25,DELIVERED
4471,11,300,2026-08-11,2026-08-26,DELIVERED
4472,18,481,2025-06-26,2025-07-02,DELIVERED
4473,16,353,2023-12-26,2024-01-08,DELIVERED
4474,8,277,2026-09-06,2026-10-13,IN_TRANSIT
4475,8,497,2023-05-19,2023-06-13,DELIVERED
4476,3,307,2023-05-10,2023-06-02,DELIVERED
4477,6,266,2024-03-17,2024-04-06,IN_TRANSIT
4478,10,447,2025-08-01,2025-08-30,IN_TRANSIT
4479,19,364,2025-04-29,2025-05-24,DELIVERED
4480,2,19,2026-09-12,2026-09-23,DELIVERED
4481,11,306,2024-01-29,2024-02-21,DELIVERED
4482,2,358,2023-08-17,2023-08-30,DELIVERED
4483,8,323,2024-01-18,2024-02-14,DELIVERED
4484,7,245,2026-09-27,2026-11-03,DELIVERED
4485,10,496,2025-06-25,2025-07-20,DELAYED
4486,4,96,2026-04-06,2026-05-08,DELIVERED
4487,19,249,2025-08-30,2025-09-27,DELIVERED
4488,3,65,2026-06-12,2026-06-30,DELAYED
4489,9,115,2026-02-19,2026-03-23,DELIVERED
4490,15,377,2024-12-05,2024-12-31,DELIVERED
4491,8,455,2023-07-08,2023-08-13,DELIVERED
4492,19,447,2023-05-29,2023-06-06,DELIVERED
4493,19,328,2023-07-21,2023-08-02,DELIVERED
4494,16,441,2026-08-26,2026-09-17,DELIVERED
4495,13,236,2023-04-23,2023-05-16,DELIVERED
4496,13,266,2024-07-08,2024-07-15,DELIVERED
4497,17,284,2026-06-02,2026-06-23,IN_TRANSIT
4498,1,378,2026-07-30,2026-09-02,DELIVERED
4499,19,458,2026-02-24,2026-03-12,DELIVERED
4500,15,445,2024-02-19,2024-03-05,DELIVERED
4501,16,46,2023-06-04,2023-07-04,DELIVERED
4502,12,304,2025-04-25,2025-05-23,DELIVERED
4503,16,459,2024-12-05,2024-12-24,DELIVERED
4504,4,288,2023-08-16,2023-08-27,DELIVERED
4505,17,163,2025-02-08,2025-03-06,DELIVERED
4506,17,136,2023-04-09,2023-04-30,DELIVERED
4507,18,232,2025-06-26,2025-07-05,IN_TRANSIT
4508,6,443,2026-06-14,2026-06-28,DELIVERED
4509,20,74,2025-02-24,2025-03-24,IN_TRANSIT
4510,4,207,2025-05-23,2025-06-29,DELIVERED
4511,4,24,2023-02-08,2023-03-19,DELIVERED
4512,3,489,2026-04-25,2026-05-23,DELIVERED
4513,8,419,2025-04-21,2025-05-11,DELIVERED
4514,5,32,2023-08-19,2023-09-13,DELIVERED
4515,18,300,2024-05-14,2024-06-19,DELIVERED
4516,18,442,2025-04-04,2025-04-12,DELIVERED
4517,10,279,2026-02-11,2026-02-22,IN_TRANSIT
4518,15,216,2026-04-28,2026-06-04,DELIVERED
4519,13,385,2025-08-22,2025-08-30,DELAYED
4520,8,75,2024-11-04,2024-11-22,IN_TRANSIT
4521,2,202,2023-03-02,2023-04-08,DELAYED
4522,16,497,2025-07-20,2025-08-28,DELIVERED
4523,20,371,2023-04-05,2023-05-07,DELIVERED
4524,4,302,2023-12-01,2023-12-10,DELIVERED
4525,19,196,2024-09-20,2024-10-23,DELIVERED
4526,15,475,2023-03-09,2023-04-05,IN_TRANSIT
4527,20,439,2023-04-24,2023-05-13,DELIVERED
4528,14,26,2026-06-14,2026-06-28,DELIVERED
4529,5,229,2025-10-03,2025-10-16,DELIVERED
4530,9,107,2023-11-10,2023-12-14,DELIVERED
4531,4,227,2025-07-13,2025-08-20,DELIVERED
4532,5,148,2025-07-17,2025-08-16,DELIVERED
4533,1,152,2024-12-09,2025-01-13,DELIVERED
4534,4,377,2025-07-16,2025-07-22,DELIVERED
4535,15,340,2026-05-05,2026-05-18,DELIVERED
4536,16,484,2026-01-09,2026-02-06,DELIVERED
4537,4,273,2023-06-15,2023-06-22,DELAYED
4538,18,453,2026-04-20,2026-05-21,DELIVERED
4539,7,158,2026-09-04,2026-09-30,DELIVERED
4540,15,335,2023-11-01,2023-11-18,DELIVERED
4541,10,443,2024-08-27,2024-09-08,DELIVERED
4542,15,72,2025-06-04,2025-06-27,DELIVERED
4543,14,401,2024-04-17,2024-05-07,DELIVERED
4544,19,338,2024-09-20,2024-10-26,DELIVERED
4545,5,227,2026-07-09,2026-07-23,DELIVERED
4546,12,198,2024-08-28,2024-09-23,DELIVERED
4547,20,316,2026-01-21,2026-01-26,DELIVERED
4548,14,320,2024-04-11,2024-04-20,DELIVERED
4549,18,386,2026-06-06,2026-07-07,DELIVERED
4550,20,287,2025-04-17,2025-05-01,DELIVERED
4551,14,468,2023-08-29,2023-10-04,DELIVERED
4552,1,129,2026-04-11,2026-05-02,IN_TRANSIT
4553,10,392,2026-09-07,2026-09-17,DELIVERED
4554,10,240,2023-04-11,2023-04-21,DELIVERED
4555,2,199,2025-09-04,2025-09-30,DELIVERED
4556,13,467,2024-01-15,2024-02-11,DELIVERED
4557,18,466,2024-05-29,2024-07-03,DELIVERED
4558,12,132,2023-02-15,2023-02-20,DELAYED
4559,16,408,2023-04-20,2023-05-06,DELIVERED
4560,19,414,2025-04-03,2025-04-28,DELAYED
4561,8,478,2024-06-05,2024-06-27,DELIVERED
4562,8,463,2024-06-02,2024-07-03,DELIVERED
4563,18,430,2024-08-05,2024-09-02,DELIVERED
4564,6,224,2025-01-12,2025-01-19,DELIVERED
4565,9,257,2024-09-02,2024-09-26,DELIVERED
4566,14,114,2024-10-03,2024-11-02,DELAYED
4567,7,273,2025-09-15,2025-09-22,DELIVERED
4568,4,127,2026-02-14,2026-03-17,DELIVERED
4569,19,406,2024-02-21,2024-03-20,DELIVERED
4570,9,380,2024-02-21,2024-03-06,DELIVERED
4571,19,311,2026-02-08,2026-02-20,DELIVERED
4572,11,442,2026-04-16,2026-04-25,DELIVERED
4573,2,336,2023-11-09,2023-11-17,DELIVERED
4574,13,250,2025-07-26,2025-08-01,DELIVERED
4575,12,273,2025-10-08,2025-10-26,IN_TRANSIT
4576,18,316,2024-06-15,2024-06-21,DELAYED
4577,19,176,2023-08-04,2023-09-03,DELAYED
4578,4,76,2023-01-28,2023-02-26,DELIVERED
4579,20,388,2026-03-27,2026-04-29,DELIVERED
4580,7,263,2025-01-09,2025-01-24,DELIVERED
4581,18,344,2024-04-23,2024-05-24,DELIVERED
4582,3,448,2026-01-20,2026-01-29,DELIVERED
4583,14,190,2025-05-26,2025-06-15,DELIVERED
4584,10,455,2025-01-25,2025-02-15,DELIVERED
4585,14,266,2024-04-14,2024-05-05,DELIVERED
4586,11,253,2026-08-04,2026-09-02,DELIVERED
4587,20,324,2025-05-28,2025-06-28,DELIVERED
4588,17,322,2024-07-18,2024-08-11,DELIVERED
4589,20,422,2023-01-17,2023-02-04,DELIVERED
4590,7,115,2026-09-21,2026-10-29,DELIVERED
4591,5,62,2024-02-26,2024-03-22,DELIVERED
4592,18,482,2024-05-14,2024-06-10,DELIVERED
4593,4,172,2025-01-22,2025-02-12,IN_TRANSIT
4594,13,339,2025-10-24,2025-11-28,DELIVERED
4595,12,205,2026-08-23,2026-09-16,IN_TRANSIT
4596,14,95,2023-04-12,2023-05-12,DELAYED
4597,5,365,2024-12-18,2025-01-22,DELIVERED
4598,18,209,2023-02-19,2023-03-17,IN_TRANSIT
4599,7,222,2023-01-24,2023-02-15,DELIVERED
4600,14,164,2026-05-25,2026-05-31,DELIVERED
4601,3,411,2024-08-13,2024-09-03,DELIVERED
4602,20,212,2024-10-23,2024-11-18,DELIVERED
4603,8,409,2024-09-20,2024-10-19,DELIVERED
4604,20,415,2026-05-22,2026-06-23,DELIVERED
4605,10,384,2024-10-21,2024-11-11,IN_TRANSIT
4606,2,485,2023-08-01,2023-09-09,DELIVERED
4607,17,492,2023-04-18,2023-04-25,DELIVERED
4608,20,82,2026-06-21,2026-07-22,DELIVERED
4609,8,228,2023-12-07,2023-12-19,DELIVERED
4610,18,155,2024-03-17,2024-04-18,DELAYED
4611,11,434,2026-04-17,2026-05-07,DELIVERED
4612,15,233,2026-06-27,2026-07-06,DELIVERED
4613,5,337,2024-10-03,2024-10-21,DELIVERED
4614,7,349,2025-11-08,2025-12-17,DELAYED
4615,4,135,2023-11-08,2023-11-28,DELIVERED
4616,9,473,2024-03-29,2024-04-06,DELIVERED
4617,12,141,2024-02-17,2024-03-25,DELIVERED
4618,13,165,2026-04-04,2026-04-09,DELIVERED
4619,2,313,2024-02-12,2024-03-08,IN_TRANSIT
4620,14,477,2026-07-26,2026-08-28,DELIVERED
4621,18,178,2023-07-28,2023-08-22,DELIVERED
4622,6,190,2023-11-25,2023-12-21,DELIVERED
4623,6,6,2026-03-02,2026-03-14,DELAYED
4624,5,176,2025-01-19,2025-02-11,DELIVERED
4625,5,412,2026-06-25,2026-07-26,IN_TRANSIT
4626,10,206,2024-02-27,2024-03-04,DELAYED
4627,3,261,2025-12-16,2026-01-06,DELIVERED
4628,13,351,2023-06-10,2023-07-12,DELIVERED
4629,10,347,2026-09-05,2026-09-12,DELIVERED
4630,17,328,2025-02-15,2025-03-17,IN_TRANSIT
4631,17,239,2025-12-21,2026-01-01,DELIVERED
4632,14,289,2025-12-24,2026-01-13,DELIVERED
4633,15,430,2023-06-25,2023-07-06,DELAYED
4634,14,6,2023-09-10,2023-10-14,DELIVERED
4635,2,11,2025-01-15,2025-01-26,DELIVERED
4636,11,397,2024-11-15,2024-12-22,DELIVERED
4637,11,14,2025-10-14,2025-11-09,DELIVERED
4638,14,369,2025-03-23,2025-04-14,DELIVERED
4639,10,168,2025-10-19,2025-11-21,DELAYED
4640,11,391,2024-04-08,2024-05-16,DELIVERED
4641,14,52,2024-06-08,2024-06-25,DELIVERED
4642,10,83,2023-11-22,2023-12-19,DELIVERED
4643,5,58,2026-06-30,2026-07-13,DELAYED
4644,11,154,2026-01-06,2026-01-22,DELIVERED
4645,18,367,2024-05-17,2024-05-31,DELIVERED
4646,11,90,2025-08-30,2025-09-11,IN_TRANSIT
4647,12,90,2023-12-11,2023-12-30,DELIVERED
4648,2,5,2024-11-01,2024-11-27,DELIVERED
4649,8,343,2025-04-05,2025-05-03,IN_TRANSIT
4650,1,480,2025-07-19,2025-08-12,DELIVERED
4651,18,443,2024-10-10,2024-10-16,DELIVERED
4652,19,472,2026-01-29,2026-02-07,DELIVERED
4653,3,296,2025-07-23,2025-08-01,DELIVERED
4654,20,442,2023-11-11,2023-12-15,DELIVERED
4655,13,97,2024-03-03,2024-04-11,DELIVERED
4656,3,48,2023-07-21,2023-07-30,IN_TRANSIT
4657,10,339,2025-04-01,2025-04-10,IN_TRANSIT
4658,10,311,2023-05-15,2023-06-20,DELIVERED
4659,8,443,2023-04-21,2023-04-30,DELIVERED
4660,7,474,2024-01-25,2024-02-07,DELIVERED
4661,16,2,2023-12-15,2023-12-23,DELAYED
4662,20,288,2024-03-22,2024-04-06,DELIVERED
4663,11,288,2023-02-13,2023-03-24,DELAYED
4664,16,407,2025-11-14,2025-11-28,DELIVERED
4665,2,323,2025-07-05,2025-07-11,DELIVERED
4666,19,204,2026-01-31,2026-02-23,DELIVERED
4667,17,222,2024-03-29,2024-04-28,DELIVERED
4668,5,74,2023-03-09,2023-03-23,IN_TRANSIT
4669,17,173,2025-06-20,2025-07-09,DELIVERED
4670,20,50,2025-02-02,2025-03-04,DELIVERED
4671,18,298,2024-09-07,2024-10-01,DELIVERED
4672,7,363,2023-09-20,2023-10-28,DELIVERED
4673,7,433,2025-07-24,2025-08-02,DELIVERED
4674,11,430,2025-07-27,2025-09-01,DELAYED
4675,18,412,2024-07-07,2024-07-28,DELIVERED
4676,11,378,2024-11-19,2024-12-22,DELIVERED
4677,12,148,2024-12-22,2025-01-16,DELIVERED
4678,11,342,2026-09-19,2026-10-12,DELIVERED
4679,10,172,2026-06-11,2026-07-17,DELIVERED
4680,10,314,2023-10-12,2023-11-01,DELIVERED
4681,8,344,2024-12-18,2025-01-14,DELIVERED
4682,8,24,2024-02-14,2024-03-16,DELIVERED
4683,18,100,2023-03-28,2023-04-13,DELIVERED
4684,2,446,2026-02-26,2026-03-20,DELIVERED
4685,13,207,2023-11-09,2023-12-18,DELIVERED
4686,1,396,2024-09-02,2024-09-27,DELIVERED
4687,7,6,2023-09-25,2023-10-28,DELIVERED
4688,15,377,2023-09-07,2023-09-18,DELIVERED
4689,15,215,2025-12-02,2026-01-10,DELIVERED
4690,20,322,2026-08-02,2026-08-18,DELAYED
4691,19,142,2024-10-09,2024-10-18,IN_TRANSIT
4692,16,103,2024-10-08,2024-10-26,DELIVERED
4693,11,35,2025-10-21,2025-11-24,DELIVERED
4694,3,436,2024-06-19,2024-07-20,DELIVERED
4695,18,4,2024-03-22,2024-04-18,DELIVERED
4696,17,204,2025-03-05,2025-03-20,DELIVERED
4697,20,377,2026-09-20,2026-10-09,DELIVERED
4698,10,45,2024-12-31,2025-01-12,DELIVERED
4699,17,51,2023-11-14,2023-11-28,DELIVERED
4700,4,495,2025-10-20,2025-11-17,DELIVERED
4701,18,129,2025-10-22,2025-11-12,DELAYED
4702,17,336,2023-10-18,2023-11-06,DELIVERED
4703,18,127,2024-12-20,2024-12-27,DELIVERED
4704,5,193,2024-11-07,2024-12-10,DELIVERED
4705,14,57,2026-06-27,2026-07-11,DELIVERED
4706,8,119,2025-11-15,2025-12-18,DELIVERED
4707,4,47,2023-11-06,2023-12-11,IN_TRANSIT
4708,6,103,2023-04-26,2023-05-31,DELIVERED
4709,16,140,2025-07-15,2025-08-20,DELIVERED
4710,14,138,2025-12-17,2026-01-22,DELIVERED
4711,6,469,2023-09-29,2023-10-12,DELIVERED
4712,18,332,2026-05-11,2026-05-19,IN_TRANSIT
4713,7,18,2024-08-23,2024-09-17,DELIVERED
4714,3,289,2023-12-09,2023-12-14,IN_TRANSIT
4715,10,460,2024-01-03,2024-01-19,DELIVERED
4716,7,148,2025-04-17,2025-04-30,DELIVERED
4717,5,128,2024-07-31,2024-08-05,IN_TRANSIT
4718,11,270,2026-09-18,2026-10-17,DELIVERED
4719,10,48,2025-03-01,2025-03-27,DELIVERED
4720,12,208,2026-06-02,2026-06-24,DELIVERED
4721,17,81,2025-11-18,2025-12-01,IN_TRANSIT
4722,19,400,2026-09-14,2026-09-23,DELIVERED
4723,6,442,2024-05-17,2024-06-03,DELIVERED
4724,5,266,2025-09-23,2025-10-27,DELIVERED
4725,3,399,2024-10-14,2024-11-19,IN_TRANSIT
4726,10,65,2026-07-22,2026-08-10,DELIVERED
4727,6,10,2024-03-21,2024-04-06,IN_TRANSIT
4728,10,101,2023-12-16,2024-01-02,DELIVERED
4729,2,378,2024-02-20,2024-03-13,DELIVERED
4730,15,14,2023-01-10,2023-01-17,DELIVERED
4731,17,271,2024-07-23,2024-08-08,DELIVERED
4732,14,41,2025-12-10,2025-12-16,DELIVERED
4733,15,184,2025-07-04,2025-08-09,DELIVERED
4734,11,105,2023-03-17,2023-03-27,DELIVERED
4735,14,363,2024-05-08,2024-06-16,DELIVERED
4736,13,76,2026-06-14,2026-06-24,DELIVERED
4737,17,291,2024-02-01,2024-02-14,DELIVERED
4738,20,235,2024-02-03,2024-03-08,DELAYED
4739,16,343,2024-12-21,2025-01-16,IN_TRANSIT
4740,15,128,2025-05-17,2025-06-19,IN_TRANSIT
4741,12,235,2024-04-05,2024-05-07,DELIVERED
4742,6,399,2024-06-27,2024-07-22,DELIVERED
4743,17,440,2026-01-12,2026-02-03,DELIVERED
4744,14,34,2025-12-12,2026-01-05,DELIVERED
4745,2,11,2025-01-06,2025-02-06,IN_TRANSIT
4746,9,191,2026-07-14,2026-08-01,DELAYED
4747,17,427,2024-06-25,2024-07-06,DELIVERED
4748,10,340,2024-03-21,2024-04-02,DELIVERED
4749,10,300,2023-10-29,2023-11-17,DELIVERED
4750,13,77,2024-10-05,2024-11-11,DELIVERED
4751,1,26,2026-07-11,2026-07-18,DELIVERED
4752,6,211,2026-06-04,2026-07-10,DELIVERED
4753,13,125,2023-05-15,2023-06-19,DELIVERED
4754,6,299,2023-07-27,2023-09-04,DELIVERED
4755,15,148,2023-09-18,2023-10-07,DELIVERED
4756,3,223,2025-01-07,2025-01-23,DELAYED
4757,8,180,2024-02-19,2024-03-07,DELAYED
4758,11,419,2024-06-12,2024-07-12,DELIVERED
4759,6,45,2023-04-22,2023-05-03,DELAYED
4760,18,106,2025-02-01,2025-03-02,DELIVERED
4761,1,388,2025-11-16,2025-11-30,DELIVERED
4762,15,454,2024-11-10,2024-12-06,DELIVERED
4763,9,277,2025-02-25,2025-03-16,DELIVERED
4764,10,338,2026-03-04,2026-03-18,DELAYED
4765,2,336,2026-04-27,2026-05-12,DELIVERED
4766,18,486,2025-05-12,2025-06-10,DELIVERED
4767,4,283,2023-06-09,2023-07-07,DELIVERED
4768,12,350,2023-01-06,2023-01-24,DELIVERED
4769,8,128,2025-01-03,2025-01-24,DELIVERED
4770,13,408,2025-06-13,2025-07-02,IN_TRANSIT
4771,5,227,2025-08-11,2025-08-19,IN_TRANSIT
4772,6,15,2023-12-17,2024-01-24,IN_TRANSIT
4773,9,326,2023-02-11,2023-02-24,DELIVERED
4774,5,411,2025-01-14,2025-01-23,DELIVERED
4775,14,372,2025-01-02,2025-01-30,DELIVERED
4776,18,261,2024-04-19,2024-05-24,DELIVERED
4777,2,181,2023-12-05,2023-12-28,DELIVERED
4778,7,438,2024-05-07,2024-06-03,DELIVERED
4779,3,295,2025-10-14,2025-11-16,DELAYED
4780,16,419,2025-12-02,2025-12-21,DELIVERED
4781,16,171,2024-08-17,2024-09-25,DELIVERED
4782,8,230,2023-02-21,2023-03-30,DELAYED
4783,11,330,2025-04-01,2025-04-25,DELIVERED
4784,10,345,2024-01-13,2024-02-13,DELIVERED
4785,4,339,2023-06-17,2023-07-22,DELIVERED
4786,5,350,2023-04-23,2023-06-01,DELIVERED
4787,8,477,2026-03-09,2026-04-04,DELIVERED
4788,10,174,2024-10-09,2024-10-24,DELIVERED
4789,13,204,2026-03-24,2026-04-19,DELIVERED
4790,2,10,2025-03-23,2025-04-08,DELIVERED
4791,9,51,2024-08-06,2024-08-20,IN_TRANSIT
4792,19,1,2024-10-02,2024-11-06,DELAYED
4793,9,170,2023-08-17,2023-09-10,DELIVERED
4794,10,187,2026-09-15,2026-09-23,DELIVERED
4795,9,146,2025-10-01,2025-10-30,DELIVERED
4796,15,77,2026-05-16,2026-06-22,DELIVERED
4797,20,96,2024-10-04,2024-10-12,DELIVERED
4798,17,198,2025-08-26,2025-09-11,DELIVERED
4799,16,200,2023-07-10,2023-08-01,DELIVERED
4800,18,96,2023-04-16,2023-05-16,DELIVERED
4801,11,352,2025-05-13,2025-06-04,DELIVERED
4802,7,151,2025-03-31,2025-04-12,DELIVERED
4803,2,442,2024-09-12,2024-10-07,DELIVERED
4804,18,69,2025-11-07,2025-12-08,DELIVERED
4805,7,285,2024-08-23,2024-09-04,DELIVERED
4806,3,176,2024-04-14,2024-05-23,DELAYED
4807,3,484,2026-08-26,2026-09-11,DELIVERED
4808,3,61,2026-02-25,2026-03-13,DELAYED
4809,8,373,2026-08-13,2026-09-11,IN_TRANSIT
4810,5,49,2023-01-15,2023-01-27,DELIVERED
4811,7,236,2025-09-17,2025-10-12,DELIVERED
4812,8,422,2024-07-03,2024-08-11,IN_TRANSIT
4813,19,1,2024-09-12,2024-09-25,DELIVERED
4814,14,55,2025-05-09,2025-06-13,DELIVERED
4815,13,440,2023-06-08,2023-07-01,DELIVERED
4816,3,339,2026-09-02,2026-09-22,DELIVERED
4817,9,120,2023-04-23,2023-05-20,IN_TRANSIT
4818,7,424,2025-08-22,2025-09-30,DELIVERED
4819,7,42,2025-07-28,2025-08-04,DELIVERED
4820,1,409,2025-11-12,2025-12-16,DELIVERED
4821,18,471,2026-07-26,2026-08-08,DELIVERED
4822,1,194,2023-05-08,2023-05-15,DELIVERED
4823,12,327,2024-10-28,2024-12-02,DELIVERED
4824,16,213,2023-04-20,2023-05-02,DELIVERED
4825,14,427,2024-09-25,2024-10-20,IN_TRANSIT
4826,13,30,2025-01-20,2025-02-25,DELIVERED
4827,18,272,2023-09-12,2023-10-05,DELIVERED
4828,3,112,2024-05-08,2024-05-27,IN_TRANSIT
4829,18,43,2023-02-08,2023-03-04,DELIVERED
4830,16,426,2026-07-08,2026-08-10,DELAYED
4831,19,152,2026-09-30,2026-10-30,DELIVERED
4832,2,118,2023-04-26,2023-06-03,DELIVERED
4833,5,440,2026-06-07,2026-06-18,DELIVERED
4834,6,429,2023-04-18,2023-05-06,DELIVERED
4835,11,233,2025-08-07,2025-08-22,DELIVERED
4836,13,277,2023-06-14,2023-07-04,DELAYED
4837,5,40,2023-12-09,2023-12-20,DELIVERED
4838,17,40,2023-08-06,2023-08-25,DELAYED
4839,17,271,2026-05-02,2026-06-02,DELAYED
4840,11,340,2024-04-19,2024-05-22,DELIVERED
4841,19,466,2026-05-29,2026-06-18,DELIVERED
4842,6,302,2023-09-09,2023-09-15,DELIVERED
4843,14,424,2026-08-21,2026-08-29,DELIVERED
4844,7,378,2026-02-27,2026-03-19,DELIVERED
4845,19,170,2024-12-12,2025-01-20,DELIVERED
4846,7,332,2024-12-19,2025-01-23,IN_TRANSIT
4847,7,21,2023-11-20,2023-12-19,DELIVERED
4848,8,222,2023-01-13,2023-02-10,DELAYED
4849,7,65,2023-09-24,2023-09-29,DELIVERED
4850,3,231,2024-08-14,2024-09-19,DELIVERED
4851,5,337,2024-05-05,2024-06-07,DELAYED
4852,6,48,2024-03-25,2024-04-15,DELIVERED
4853,11,430,2023-12-25,2024-01-18,DELIVERED
4854,2,70,2026-06-13,2026-07-06,DELIVERED
4855,6,329,2023-09-07,2023-09-30,DELIVERED
4856,3,338,2023-06-29,2023-07-29,IN_TRANSIT
4857,1,10,2025-09-07,2025-10-09,DELIVERED
4858,9,340,2026-09-16,2026-10-02,DELIVERED
4859,11,264,2026-09-03,2026-09-26,DELIVERED
4860,5,348,2024-10-26,2024-11-11,IN_TRANSIT
4861,6,275,2023-02-25,2023-03-09,DELAYED
4862,14,198,2023-09-19,2023-10-25,DELIVERED
4863,16,237,2025-05-08,2025-06-04,DELIVERED
4864,7,395,2025-12-12,2025-12-20,DELIVERED
4865,18,295,2025-04-18,2025-04-23,DELIVERED
4866,10,23,2023-11-26,2023-12-23,IN_TRANSIT
4867,18,443,2024-10-07,2024-10-20,DELIVERED
4868,10,144,2026-04-19,2026-05-22,DELIVERED
4869,14,378,2023-08-23,2023-09-28,DELIVERED
4870,7,173,2024-12-13,2024-12-22,DELIVERED
4871,5,326,2025-09-14,2025-10-12,DELIVERED
4872,3,271,2024-07-16,2024-08-03,DELIVERED
4873,18,313,2026-02-23,2026-03-24,IN_TRANSIT
4874,13,352,2024-03-18,2024-03-26,DELIVERED
4875,11,304,2023-06-14,2023-07-16,IN_TRANSIT
4876,13,477,2026-07-13,2026-08-08,DELIVERED
4877,8,331,2023-10-15,2023-11-15,DELIVERED
4878,14,219,2024-07-27,2024-08-26,DELIVERED
4879,7,343,2024-04-10,2024-05-12,DELAYED
4880,2,414,2026-06-07,2026-07-07,DELIVERED
4881,7,25,2024-05-28,2024-06-23,DELIVERED
4882,8,303,2026-01-09,2026-01-27,DELIVERED
4883,16,485,2023-12-21,2024-01-13,DELIVERED
4884,10,158,2025-06-18,2025-06-26,DELIVERED
4885,3,472,2025-02-07,2025-02-21,DELIVERED
4886,19,251,2026-03-10,2026-04-09,DELIVERED
4887,4,496,2025-04-16,2025-05-17,DELIVERED
4888,5,436,2026-04-05,2026-04-10,DELIVERED
4889,9,21,2024-07-02,2024-07-20,DELIVERED
4890,13,364,2023-08-24,2023-09-29,DELIVERED
4891,15,107,2024-09-06,2024-09-17,DELIVERED
4892,13,477,2026-07-30,2026-08-31,DELIVERED
4893,8,482,2026-07-30,2026-08-18,DELIVERED
4894,10,478,2025-09-20,2025-10-06,DELIVERED
4895,7,410,2023-04-22,2023-05-01,DELIVERED
4896,9,472,2025-05-08,2025-05-24,DELIVERED
4897,18,24,2025-01-02,2025-02-04,DELIVERED
4898,4,86,2023-02-22,2023-03-19,DELIVERED
4899,13,422,2026-04-03,2026-05-07,IN_TRANSIT
4900,14,451,2024-07-03,2024-07-29,DELIVERED
4901,16,354,2024-08-06,2024-08-18,DELIVERED
4902,11,85,2025-07-15,2025-07-23,IN_TRANSIT
4903,2,500,2026-05-17,2026-05-29,DELIVERED
4904,17,161,2024-01-02,2024-01-24,DELIVERED
4905,3,493,2023-12-20,2024-01-08,DELIVERED
4906,11,304,2023-12-19,2024-01-01,IN_TRANSIT
4907,15,443,2024-04-15,2024-05-21,DELIVERED
4908,16,158,2023-02-26,2023-03-08,DELIVERED
4909,14,349,2023-07-10,2023-07-29,DELIVERED
4910,11,82,2023-09-15,2023-09-20,DELIVERED
4911,15,257,2025-12-07,2025-12-28,DELAYED
4912,11,125,2023-01-31,2023-02-08,DELIVERED
4913,4,267,2023-10-08,2023-10-17,DELIVERED
4914,16,192,2023-03-04,2023-03-21,DELIVERED
4915,18,457,2026-08-06,2026-08-12,DELIVERED
4916,12,2,2026-08-07,2026-08-28,DELIVERED
4917,1,102,2024-01-19,2024-02-15,DELIVERED
4918,19,426,2024-02-19,2024-03-28,IN_TRANSIT
4919,7,396,2023-03-31,2023-05-01,DELIVERED
4920,9,257,2026-07-25,2026-08-31,DELIVERED
4921,1,393,2025-01-24,2025-03-01,DELIVERED
4922,19,62,2025-08-13,2025-09-12,DELIVERED
4923,7,478,2023-06-25,2023-07-30,IN_TRANSIT
4924,18,56,2025-03-08,2025-03-24,DELIVERED
4925,13,312,2023-02-23,2023-03-01,DELIVERED
4926,14,134,2024-09-19,2024-10-14,DELIVERED
4927,11,482,2025-07-14,2025-07-23,DELIVERED
4928,5,59,2023-05-03,2023-06-01,DELIVERED
4929,9,404,2026-08-06,2026-08-14,DELIVERED
4930,11,234,2024-01-13,2024-01-18,DELIVERED
4931,16,357,2023-04-11,2023-04-26,DELIVERED
4932,6,128,2025-03-24,2025-04-05,DELIVERED
4933,12,444,2025-07-19,2025-08-20,DELIVERED
4934,4,312,2023-10-08,2023-11-09,DELIVERED
4935,2,305,2025-02-08,2025-02-21,IN_TRANSIT
4936,12,437,2023-07-10,2023-08-13,DELIVERED
4937,8,397,2025-08-03,2025-09-09,DELIVERED
4938,17,166,2025-11-15,2025-11-21,DELIVERED
4939,15,292,2023-04-05,2023-04-23,DELAYED
4940,13,282,2023-10-15,2023-10-20,DELAYED
4941,11,143,2023-02-28,2023-04-02,DELIVERED
4942,19,268,2024-04-17,2024-05-11,IN_TRANSIT
4943,10,440,2024-12-09,2024-12-30,DELIVERED
4944,3,488,2024-03-08,2024-03-29,DELIVERED
4945,14,14,2025-11-09,2025-11-27,DELAYED
4946,15,452,2026-08-02,2026-09-08,DELIVERED
4947,4,362,2025-12-09,2026-01-06,DELIVERED
4948,8,402,2024-04-05,2024-04-28,DELIVERED
4949,1,486,2026-09-10,2026-10-06,DELIVERED
4950,18,64,2023-12-18,2024-01-05,DELIVERED
4951,1,417,2024-06-14,2024-06-22,DELIVERED
4952,11,194,2026-09-03,2026-10-03,DELAYED
4953,5,335,2024-07-07,2024-07-16,DELIVERED
4954,7,411,2025-09-28,2025-11-01,DELIVERED
4955,19,96,2026-07-08,2026-07-14,DELIVERED
4956,3,162,2025-09-18,2025-10-25,DELIVERED
4957,10,108,2023-01-04,2023-02-07,DELIVERED
4958,18,320,2024-02-11,2024-03-21,DELIVERED
4959,5,440,2023-08-08,2023-09-13,DELIVERED
4960,2,33,2026-06-22,2026-07-15,DELIVERED
4961,6,157,2025-09-23,2025-10-27,DELIVERED
4962,4,78,2023-05-14,2023-06-20,DELIVERED
4963,3,208,2024-12-23,2025-01-22,DELIVERED
4964,1,18,2024-04-07,2024-05-07,DELAYED
4965,1,496,2026-01-14,2026-01-22,DELIVERED
4966,2,140,2023-09-15,2023-10-07,DELIVERED
4967,7,152,2024-02-15,2024-03-14,DELAYED
4968,4,384,2024-08-17,2024-09-03,DELIVERED
4969,13,242,2024-08-15,2024-08-29,DELIVERED
4970,17,251,2024-05-08,2024-05-23,DELIVERED
4971,20,80,2025-12-31,2026-01-24,IN_TRANSIT
4972,16,69,2024-06-10,2024-07-13,DELIVERED
4973,11,230,2025-08-25,2025-09-08,DELIVERED
4974,16,197,2023-05-01,2023-05-19,DELIVERED
4975,3,164,2024-03-29,2024-04-30,DELAYED
4976,3,210,2024-01-23,2024-02-02,DELIVERED
4977,14,67,2026-09-05,2026-10-13,DELIVERED
4978,8,129,2024-06-26,2024-07-01,IN_TRANSIT
4979,9,463,2023-12-05,2023-12-30,DELIVERED
4980,2,491,2023-02-04,2023-03-10,IN_TRANSIT
4981,11,87,2023-12-14,2023-12-29,DELIVERED
4982,10,139,2025-08-21,2025-09-13,DELIVERED
4983,12,105,2024-01-11,2024-01-22,IN_TRANSIT
4984,5,130,2023-02-27,2023-03-15,DELIVERED
4985,1,94,2023-04-04,2023-04-29,DELIVERED
4986,13,92,2023-10-19,2023-11-15,DELIVERED
4987,5,13,2024-10-04,2024-11-05,DELAYED
4988,18,229,2024-03-09,2024-03-23,DELIVERED
4989,9,123,2025-03-08,2025-04-04,IN_TRANSIT
4990,16,158,2024-10-12,2024-10-26,DELIVERED
4991,1,237,2024-04-27,2024-05-13,DELIVERED
4992,14,321,2023-05-06,2023-06-03,DELIVERED
4993,12,333,2023-02-15,2023-03-13,DELIVERED
4994,10,381,2023-06-20,2023-07-16,DELIVERED
4995,15,60,2026-01-04,2026-01-19,DELIVERED
4996,2,285,2023-10-13,2023-11-06,DELIVERED
4997,10,35,2025-11-03,2025-12-01,DELIVERED
4998,16,481,2023-04-24,2023-05-30,DELIVERED
4999,16,35,2024-04-06,2024-04-14,DELIVERED
5000,9,204,2024-01-15,2024-02-10,DELIVERED
5001,14,39,2026-08-07,2026-09-12,DELIVERED
5002,9,170,2025-07-24,2025-08-04,IN_TRANSIT
5003,8,56,2025-02-08,2025-03-05,IN_TRANSIT
5004,8,404,2024-02-14,2024-03-23,IN_TRANSIT
5005,11,316,2024-12-14,2025-01-07,DELIVERED
5006,10,249,2023-05-16,2023-06-21,DELIVERED
5007,8,281,2023-08-18,2023-08-24,DELAYED
5008,15,213,2023-02-26,2023-03-06,DELIVERED
5009,7,450,2024-06-08,2024-06-16,IN_TRANSIT
5010,5,361,2023-10-14,2023-10-28,DELIVERED
5011,11,242,2025-08-18,2025-09-03,DELIVERED
5012,17,201,2025-12-21,2026-01-17,DELIVERED
5013,7,163,2024-05-14,2024-06-13,DELIVERED
5014,13,130,2023-07-24,2023-08-28,DELIVERED
5015,15,287,2026-01-19,2026-02-23,DELIVERED
5016,1,93,2026-09-07,2026-10-09,DELIVERED
5017,11,44,2024-08-19,2024-09-02,DELIVERED
5018,2,357,2024-03-25,2024-05-03,IN_TRANSIT
5019,6,176,2025-04-14,2025-04-20,DELIVERED
5020,3,279,2024-02-03,2024-02-10,DELIVERED
5021,13,80,2026-02-18,2026-02-23,DELIVERED
5022,7,240,2025-01-20,2025-02-01,DELIVERED
5023,18,104,2025-01-04,2025-01-27,DELAYED
5024,4,131,2026-04-27,2026-05-19,DELIVERED
5025,20,146,2025-11-28,2025-12-22,DELIVERED
5026,18,198,2025-04-21,2025-04-29,DELIVERED
5027,18,278,2026-03-15,2026-03-31,DELIVERED
5028,13,403,2025-05-23,2025-06-02,DELIVERED
5029,14,491,2026-07-03,2026-08-11,DELIVERED
5030,6,159,2023-09-06,2023-10-08,DELIVERED
5031,3,245,2025-11-23,2025-12-06,DELIVERED
5032,16,475,2024-01-24,2024-02-03,DELIVERED
5033,11,80,2024-12-04,2025-01-02,DELIVERED
5034,4,350,2023-10-28,2023-12-03,DELIVERED
5035,11,119,2023-11-05,2023-11-28,DELIVERED
5036,3,38,2023-09-28,2023-11-02,DELIVERED
5037,17,147,2024-08-13,2024-08-29,DELIVERED
5038,12,235,2026-02-26,2026-03-31,IN_TRANSIT
5039,14,491,2025-01-17,2025-02-19,DELIVERED
5040,12,367,2025-04-17,2025-04-25,DELIVERED
5041,15,92,2023-08-24,2023-09-19,DELIVERED
5042,1,205,2025-07-19,2025-08-03,DELIVERED
5043,1,423,2024-07-18,2024-08-09,IN_TRANSIT
5044,2,218,2025-12-01,2026-01-04,DELIVERED
5045,8,474,2023-07-15,2023-07-27,DELIVERED
5046,12,8,2023-03-19,2023-04-24,DELIVERED
5047,5,10,2023-04-16,2023-04-22,DELAYED
5048,5,479,2024-01-28,2024-02-03,DELIVERED
5049,3,317,2024-04-21,2024-05-25,DELIVERED
5050,18,364,2024-10-27,2024-11-10,DELIVERED
5051,3,38,2024-10-07,2024-10-24,DELIVERED
5052,8,345,2023-04-01,2023-04-23,DELIVERED
5053,7,474,2024-01-28,2024-03-04,DELIVERED
5054,13,445,2023-03-14,2023-03-29,DELIVERED
5055,16,288,2025-04-30,2025-06-08,DELIVERED
5056,8,141,2025-05-23,2025-06-21,DELIVERED
5057,11,18,2023-03-20,2023-04-20,DELAYED
5058,17,353,2025-05-23,2025-06-13,DELIVERED
5059,11,322,2023-03-27,2023-04-28,DELIVERED
5060,10,159,2026-07-14,2026-08-22,DELIVERED
5061,5,42,2023-09-22,2023-10-24,DELAYED
5062,12,112,2024-07-22,2024-07-30,DELIVERED
5063,8,101,2023-12-24,2024-01-22,DELIVERED
5064,18,262,2024-01-23,2024-02-19,DELIVERED
5065,3,134,2023-10-06,2023-11-04,DELIVERED
5066,11,223,2026-05-20,2026-06-17,DELIVERED
5067,1,322,2024-07-16,2024-08-20,DELIVERED
5068,15,485,2023-05-16,2023-05-28,DELIVERED
5069,12,228,2024-08-19,2024-09-25,IN_TRANSIT
5070,4,483,2026-08-10,2026-08-15,DELIVERED
5071,6,446,2024-09-15,2024-10-11,IN_TRANSIT
5072,6,352,2026-09-10,2026-10-16,DELIVERED
5073,8,466,2025-03-01,2025-03-16,DELIVERED
5074,10,427,2024-04-05,2024-04-24,DELIVERED
5075,12,272,2023-01-31,2023-03-10,DELIVERED
5076,9,456,2023-04-14,2023-05-01,DELIVERED
5077,16,25,2026-03-19,2026-04-23,DELIVERED
5078,5,120,2023-09-18,2023-09-28,DELIVERED
5079,6,440,2026-02-13,2026-03-03,DELIVERED
5080,7,230,2025-05-16,2025-06-23,DELIVERED
5081,9,241,2024-02-28,2024-03-17,DELAYED
5082,9,69,2023-01-10,2023-02-09,DELIVERED
5083,19,167,2025-04-26,2025-05-22,DELIVERED
5084,12,13,2023-09-12,2023-09-24,DELAYED
5085,10,162,2026-07-23,2026-08-14,DELIVERED
5086,10,189,2025-05-07,2025-05-31,DELIVERED
5087,7,284,2023-04-04,2023-04-24,DELIVERED
5088,18,466,2023-04-21,2023-05-05,DELIVERED
5089,5,18,2023-06-22,2023-07-05,DELIVERED
5090,12,496,2026-03-09,2026-04-13,DELIVERED
5091,5,184,2023-02-04,2023-02-26,DELIVERED
5092,3,490,2024-09-27,2024-10-03,DELIVERED
5093,12,395,2023-08-08,2023-08-24,DELIVERED
5094,7,203,2023-11-10,2023-11-21,DELIVERED
5095,16,224,2026-06-19,2026-07-02,DELIVERED
5096,2,347,2026-08-04,2026-08-15,DELIVERED
5097,7,475,2024-04-13,2024-05-01,IN_TRANSIT
5098,13,106,2026-02-19,2026-03-17,DELIVERED
5099,19,382,2025-02-08,2025-02-13,DELAYED
5100,3,363,2024-09-18,2024-10-18,DELIVERED
5101,13,357,2024-10-08,2024-10-19,DELIVERED
5102,13,434,2023-03-10,2023-04-03,DELIVERED
5103,19,445,2026-09-15,2026-09-28,DELIVERED
5104,6,145,2025-07-09,2025-08-03,DELIVERED
5105,14,400,2025-11-21,2025-12-05,DELIVERED
5106,17,405,2026-01-24,2026-02-20,DELIVERED
5107,5,288,2025-11-17,2025-12-03,IN_TRANSIT
5108,13,191,2025-10-27,2025-12-03,DELIVERED
5109,4,424,2025-09-14,2025-09-23,IN_TRANSIT
5110,3,424,2025-06-11,2025-07-13,DELIVERED
5111,8,441,2023-09-26,2023-10-15,DELIVERED
5112,16,323,2023-07-26,2023-08-24,DELIVERED
5113,18,158,2024-09-26,2024-10-22,DELAYED
5114,14,379,2023-12-02,2024-01-08,DELIVERED
5115,6,65,2023-03-31,2023-04-12,DELIVERED
5116,2,356,2023-11-22,2023-12-15,DELIVERED
5117,1,450,2025-03-18,2025-04-06,DELIVERED
5118,20,451,2024-07-09,2024-07-29,DELIVERED
5119,17,230,2023-04-25,2023-05-23,DELIVERED
5120,3,337,2025-04-27,2025-05-25,DELIVERED
5121,3,328,2024-07-19,2024-08-06,DELIVERED
5122,11,265,2026-05-12,2026-06-07,DELIVERED
5123,15,190,2023-05-05,2023-05-24,DELIVERED
5124,12,334,2025-04-28,2025-06-03,DELIVERED
5125,7,304,2023-03-31,2023-04-06,DELAYED
5126,1,488,2025-09-19,2025-09-26,DELIVERED
5127,7,419,2025-03-08,2025-03-20,DELIVERED
5128,5,172,2025-05-22,2025-06-11,DELIVERED
5129,11,309,2026-09-26,2026-10-04,DELIVERED
5130,4,365,2024-12-22,2025-01-26,DELIVERED
5131,8,378,2023-12-31,2024-01-05,DELIVERED
5132,1,405,2025-11-24,2025-12-18,DELIVERED
5133,14,491,2025-09-12,2025-10-07,DELIVERED
5134,15,89,2023-03-06,2023-04-09,DELAYED
5135,14,27,2026-03-03,2026-03-19,DELAYED
5136,17,327,2024-06-23,2024-07-31,DELIVERED
5137,1,432,2025-05-24,2025-06-04,DELIVERED
5138,3,51,2023-03-16,2023-03-22,DELIVERED
5139,16,223,2024-04-13,2024-05-02,DELIVERED
5140,7,476,2025-06-09,2025-06-24,IN_TRANSIT
5141,14,434,2024-09-29,2024-10-23,DELIVERED
5142,5,202,2023-06-05,2023-06-16,DELIVERED
5143,1,497,2024-06-11,2024-07-16,IN_TRANSIT
5144,14,475,2023-05-26,2023-07-01,DELIVERED
5145,9,264,2026-01-18,2026-02-22,DELIVERED
5146,5,10,2023-03-30,2023-04-20,DELIVERED
5147,10,312,2024-07-12,2024-08-07,DELIVERED
5148,18,411,2024-12-15,2025-01-18,DELIVERED
5149,1,353,2026-05-13,2026-06-15,DELIVERED
5150,2,30,2024-04-15,2024-05-03,DELIVERED
5151,19,306,2024-03-25,2024-04-14,DELAYED
5152,8,137,2023-04-03,2023-05-01,DELIVERED
5153,15,273,2023-06-18,2023-07-24,DELAYED
5154,9,380,2025-06-08,2025-06-30,IN_TRANSIT
5155,19,420,2026-09-28,2026-11-04,IN_TRANSIT
5156,17,78,2024-02-06,2024-03-16,DELIVERED
5157,14,325,2026-05-06,2026-05-28,DELIVERED
5158,19,28,2023-11-02,2023-11-14,DELIVERED
5159,13,389,2025-01-06,2025-02-14,DELIVERED
5160,1,403,2024-12-16,2025-01-15,DELIVERED
5161,15,383,2024-11-29,2024-12-11,IN_TRANSIT
5162,9,444,2024-06-18,2024-06-25,DELIVERED
5163,5,68,2026-06-22,2026-07-25,DELIVERED
5164,5,300,2026-09-19,2026-10-26,DELIVERED
5165,9,343,2025-12-24,2026-01-10,DELIVERED
5166,3,299,2026-08-06,2026-08-22,DELIVERED
5167,10,473,2025-12-10,2026-01-05,DELIVERED
5168,11,222,2026-06-15,2026-07-18,DELIVERED
5169,16,453,2023-12-26,2024-01-02,IN_TRANSIT
5170,3,41,2024-12-01,2024-12-12,DELIVERED
5171,15,409,2025-03-01,2025-03-17,DELIVERED
5172,10,420,2023-10-09,2023-11-03,DELAYED
5173,15,115,2024-08-05,2024-09-06,DELIVERED
5174,13,67,2026-07-18,2026-08-26,IN_TRANSIT
5175,14,369,2025-01-02,2025-01-28,DELIVERED
5176,14,264,2025-04-27,2025-05-06,DELIVERED
5177,12,288,2024-07-21,2024-08-16,DELIVERED
5178,7,322,2025-09-12,2025-10-05,DELAYED
5179,4,153,2023-04-09,2023-05-09,DELIVERED
5180,6,202,2023-06-01,2023-06-10,DELIVERED
5181,6,203,2025-03-27,2025-04-19,IN_TRANSIT
5182,15,196,2024-06-04,2024-06-24,DELIVERED
5183,6,438,2023-02-09,2023-02-25,DELIVERED
5184,12,386,2025-12-04,2025-12-15,DELAYED
5185,8,268,2023-10-03,2023-11-02,DELIVERED
5186,3,360,2025-09-02,2025-10-11,DELIVERED
5187,7,145,2025-08-07,2025-09-06,DELAYED
5188,18,336,2024-02-11,2024-03-11,DELIVERED
5189,1,487,2026-09-26,2026-10-14,DELAYED
5190,13,456,2024-01-24,2024-02-06,DELIVERED
5191,9,103,2024-05-17,2024-06-25,DELIVERED
5192,5,392,2026-03-11,2026-04-15,DELIVERED
5193,7,151,2024-12-22,2025-01-10,IN_TRANSIT
5194,5,282,2024-09-10,2024-09-27,DELIVERED
5195,14,104,2024-10-10,2024-11-18,DELIVERED
5196,17,486,2023-10-02,2023-10-14,DELIVERED
5197,15,8,2023-10-20,2023-10-27,DELIVERED
5198,1,484,2025-06-29,2025-08-07,DELIVERED
5199,10,436,2026-05-11,2026-06-11,DELIVERED
5200,12,280,2024-03-05,2024-03-17,IN_TRANSIT
5201,16,9,2024-03-04,2024-03-12,DELAYED
5202,15,449,2024-07-13,2024-08-21,DELAYED
5203,13,183,2025-09-01,2025-09-13,DELIVERED
5204,11,163,2026-04-16,2026-05-17,DELIVERED
5205,5,310,2023-11-11,2023-11-16,DELAYED
5206,13,182,2024-01-04,2024-01-28,DELIVERED
5207,4,104,2024-03-20,2024-04-23,DELIVERED
5208,11,176,2024-03-24,2024-04-12,DELIVERED
5209,19,136,2023-11-01,2023-12-05,DELIVERED
5210,6,31,2023-11-06,2023-11-11,DELIVERED
5211,7,24,2023-07-15,2023-08-03,DELAYED
5212,15,468,2026-02-11,2026-03-13,IN_TRANSIT
5213,18,247,2023-01-14,2023-02-20,DELIVERED
5214,11,393,2023-04-15,2023-05-07,DELAYED
5215,15,329,2023-08-26,2023-09-22,DELAYED
5216,19,279,2023-07-23,2023-08-16,DELIVERED
5217,1,423,2023-01-08,2023-02-10,IN_TRANSIT
5218,18,399,2023-10-14,2023-11-22,DELIVERED
5219,8,233,2024-12-13,2024-12-19,DELAYED
5220,17,220,2023-07-12,2023-08-01,IN_TRANSIT
5221,4,180,2026-02-08,2026-02-22,DELIVERED
5222,16,283,2023-08-11,2023-09-12,DELIVERED
5223,19,271,2023-02-27,2023-04-03,DELIVERED
5224,9,38,2023-02-19,2023-03-15,DELIVERED
5225,9,147,2025-07-20,2025-08-27,DELIVERED
5226,3,303,2023-04-27,2023-05-08,DELIVERED
5227,14,376,2024-05-01,2024-05-24,DELAYED
5228,3,52,2024-09-04,2024-09-14,DELIVERED
5229,14,124,2023-04-17,2023-05-26,DELIVERED
5230,17,105,2024-06-23,2024-07-03,DELIVERED
5231,1,143,2023-02-07,2023-03-02,DELAYED
5232,7,200,2023-03-22,2023-04-28,DELIVERED
5233,18,37,2025-05-07,2025-05-26,DELIVERED
5234,3,65,2025-02-04,2025-03-11,DELIVERED
5235,19,454,2026-05-30,2026-06-22,DELIVERED
5236,19,27,2025-12-27,2026-01-16,DELIVERED
5237,16,340,2024-04-28,2024-05-18,DELIVERED
5238,2,21,2025-05-29,2025-06-18,DELIVERED
5239,17,244,2025-12-16,2026-01-11,IN_TRANSIT
5240,4,123,2023-06-24,2023-06-30,DELIVERED
5241,6,135,2024-08-13,2024-09-16,DELIVERED
5242,11,361,2025-05-13,2025-06-19,DELIVERED
5243,15,60,2024-09-13,2024-09-28,DELIVERED
5244,15,448,2025-06-29,2025-07-19,DELIVERED
5245,2,238,2024-02-20,2024-03-08,DELIVERED
5246,4,361,2023-07-03,2023-07-09,DELIVERED
5247,9,113,2023-02-07,2023-03-04,DELIVERED
5248,20,138,2024-06-06,2024-06-24,DELIVERED
5249,16,136,2023-02-16,2023-02-26,DELAYED
5250,19,432,2024-09-29,2024-11-03,DELIVERED
5251,15,237,2024-09-27,2024-10-04,DELIVERED
5252,8,412,2024-09-19,2024-10-28,DELIVERED
5253,12,304,2024-08-10,2024-09-03,DELIVERED
5254,18,313,2024-03-24,2024-04-29,DELIVERED
5255,16,242,2024-06-05,2024-06-22,DELIVERED
5256,17,218,2024-02-12,2024-03-06,DELIVERED
5257,3,43,2024-07-13,2024-08-10,DELIVERED
5258,6,53,2023-11-09,2023-12-12,IN_TRANSIT
5259,2,345,2026-05-04,2026-05-15,IN_TRANSIT
5260,18,16,2024-01-23,2024-02-13,DELIVERED
5261,12,128,2026-02-06,2026-03-05,DELIVERED
5262,7,201,2025-02-06,2025-02-18,DELIVERED
5263,2,345,2024-10-03,2024-11-01,DELIVERED
5264,5,232,2026-03-26,2026-04-28,IN_TRANSIT
5265,20,4,2023-11-05,2023-12-09,DELIVERED
5266,4,56,2024-03-22,2024-03-27,DELIVERED
5267,4,395,2025-10-19,2025-11-07,DELAYED
5268,12,45,2026-09-01,2026-09-15,DELIVERED
5269,7,72,2026-09-19,2026-10-06,DELIVERED
5270,17,147,2024-09-22,2024-10-16,DELIVERED
5271,13,425,2025-03-18,2025-04-05,DELIVERED
5272,2,360,2023-10-24,2023-11-29,DELAYED
5273,3,375,2023-11-25,2023-12-03,DELIVERED
5274,17,470,2025-04-17,2025-05-11,DELIVERED
5275,19,301,2026-09-18,2026-09-28,DELIVERED
5276,16,34,2024-11-22,2024-12-07,DELIVERED
5277,2,421,2023-01-13,2023-02-03,DELIVERED
5278,9,64,2023-08-30,2023-09-15,DELIVERED
5279,7,456,2025-02-26,2025-03-22,DELIVERED
5280,8,478,2026-06-02,2026-07-01,IN_TRANSIT
5281,18,203,2023-05-19,2023-06-01,DELIVERED
5282,18,478,2023-04-21,2023-05-11,DELIVERED
5283,15,472,2023-04-14,2023-05-13,DELAYED
5284,15,54,2023-09-15,2023-10-18,DELIVERED
5285,12,471,2024-11-21,2024-12-21,DELIVERED
5286,15,17,2023-09-11,2023-10-14,DELAYED
5287,4,223,2025-07-23,2025-08-16,DELIVERED
5288,16,280,2025-07-13,2025-08-19,DELIVERED
5289,1,337,2023-02-09,2023-03-03,DELIVERED
5290,2,161,2023-09-16,2023-10-10,DELIVERED
5291,15,344,2024-05-10,2024-06-04,DELIVERED
5292,9,92,2023-01-12,2023-02-18,DELIVERED
5293,5,498,2025-10-14,2025-10-19,DELIVERED
5294,13,264,2024-03-22,2024-04-30,DELIVERED
5295,6,194,2024-09-02,2024-09-13,DELIVERED
5296,4,227,2025-05-03,2025-05-08,DELAYED
5297,1,146,2025-11-19,2025-12-18,IN_TRANSIT
5298,19,199,2026-10-01,2026-10-06,DELIVERED
5299,17,209,2023-09-23,2023-10-08,DELIVERED
5300,5,283,2025-08-23,2025-09-23,DELIVERED
5301,17,276,2026-09-13,2026-09-19,DELIVERED
5302,17,222,2023-04-06,2023-04-15,DELIVERED
5303,15,9,2023-05-09,2023-06-14,DELIVERED
5304,12,417,2025-03-04,2025-03-20,DELIVERED
5305,15,373,2026-07-17,2026-08-06,DELIVERED
5306,3,138,2023-11-20,2023-12-05,DELIVERED
5307,20,289,2023-11-07,2023-11-15,DELIVERED
5308,13,418,2023-05-03,2023-06-08,DELAYED
5309,17,354,2026-03-04,2026-04-11,DELIVERED
5310,4,418,2023-04-16,2023-04-21,DELIVERED
5311,12,76,2024-07-17,2024-07-22,DELIVERED
5312,17,1,2023-10-07,2023-11-14,DELIVERED
5313,19,494,2025-09-29,2025-10-12,DELIVERED
5314,13,29,2026-02-23,2026-03-29,DELIVERED
5315,9,419,2024-10-04,2024-10-19,DELIVERED
5316,6,380,2026-01-03,2026-02-11,DELIVERED
5317,5,458,2025-01-19,2025-02-18,DELIVERED
5318,15,204,2026-01-18,2026-02-01,DELIVERED
5319,7,460,2023-11-13,2023-12-13,DELIVERED
5320,10,295,2024-07-12,2024-08-04,DELIVERED
5321,19,97,2024-05-14,2024-06-15,DELAYED
5322,4,111,2024-10-24,2024-11-17,DELIVERED
5323,6,379,2024-08-13,2024-09-18,DELIVERED
5324,7,420,2024-02-05,2024-03-07,DELIVERED
5325,18,31,2023-07-28,2023-08-10,DELIVERED
5326,14,255,2026-01-20,2026-02-20,DELIVERED
5327,20,301,2025-05-02,2025-05-17,IN_TRANSIT
5328,18,46,2024-12-23,2024-12-29,DELIVERED
5329,10,340,2024-09-24,2024-09-29,DELAYED
5330,19,177,2024-05-01,2024-05-30,DELIVERED
5331,8,63,2024-11-27,2024-12-27,DELIVERED
5332,13,346,2025-06-19,2025-07-04,DELAYED
5333,17,190,2024-09-07,2024-09-12,DELIVERED
5334,15,365,2023-02-16,2023-02-24,DELIVERED
5335,9,156,2026-04-02,2026-05-02,DELIVERED
5336,15,419,2023-07-01,2023-07-14,DELAYED
5337,7,124,2024-01-18,2024-02-17,DELIVERED
5338,17,233,2025-03-17,2025-04-19,DELIVERED
5339,7,141,2025-02-07,2025-03-15,DELIVERED
5340,15,212,2023-11-21,2023-12-09,DELIVERED
5341,5,449,2025-10-18,2025-11-25,DELAYED
5342,1,283,2024-11-17,2024-12-08,DELAYED
5343,7,131,2024-09-06,2024-10-02,DELIVERED
5344,7,307,2024-07-07,2024-07-24,DELIVERED
5345,12,64,2024-07-26,2024-08-10,DELIVERED
5346,10,140,2025-02-26,2025-03-11,DELIVERED
5347,9,394,2025-01-10,2025-02-15,DELIVERED
5348,3,440,2024-09-29,2024-10-09,DELAYED
5349,11,415,2024-07-14,2024-08-22,DELIVERED
5350,11,324,2025-09-29,2025-10-04,DELIVERED
5351,10,63,2026-05-13,2026-06-17,DELAYED
5352,7,153,2024-08-01,2024-08-14,DELIVERED
5353,18,362,2025-02-20,2025-03-20,DELIVERED
5354,9,446,2024-04-16,2024-04-26,DELIVERED
5355,12,144,2025-12-22,2025-12-31,IN_TRANSIT
5356,13,160,2024-08-26,2024-09-26,DELIVERED
5357,9,205,2023-07-18,2023-08-12,DELIVERED
5358,12,194,2025-10-09,2025-11-01,DELIVERED
5359,5,348,2023-03-01,2023-03-07,DELIVERED
5360,13,173,2026-03-16,2026-03-31,IN_TRANSIT
5361,10,451,2024-02-28,2024-03-16,DELAYED
5362,5,338,2025-02-28,2025-03-19,DELIVERED
5363,12,49,2024-09-14,2024-09-26,DELIVERED
5364,4,245,2023-06-06,2023-06-19,DELIVERED
5365,8,235,2023-05-28,2023-06-21,DELIVERED
5366,2,307,2023-02-07,2023-02-14,DELIVERED
5367,6,332,2025-12-22,2026-01-30,DELIVERED
5368,4,254,2023-10-20,2023-11-20,DELIVERED
5369,18,435,2026-01-07,2026-01-31,DELIVERED
5370,6,319,2025-01-08,2025-02-16,DELIVERED
5371,4,158,2023-01-03,2023-02-11,DELIVERED
5372,14,238,2025-11-18,2025-11-24,DELIVERED
5373,18,394,2024-08-08,2024-08-22,DELIVERED
5374,1,155,2023-12-12,2024-01-11,DELIVERED
5375,19,26,2023-04-03,2023-04-11,DELIVERED
5376,5,283,2025-07-08,2025-07-20,DELIVERED
5377,2,332,2025-07-14,2025-08-09,DELAYED
5378,8,26,2026-09-16,2026-10-15,DELIVERED
5379,3,395,2024-09-08,2024-10-12,DELIVERED
5380,4,308,2024-06-11,2024-07-14,DELAYED
5381,15,481,2023-07-27,2023-08-26,DELIVERED
5382,5,280,2026-02-14,2026-03-12,DELIVERED
5383,19,404,2026-09-21,2026-10-10,DELIVERED
5384,5,374,2023-04-07,2023-05-01,DELAYED
5385,3,111,2026-07-02,2026-07-12,DELIVERED
5386,15,62,2023-12-05,2024-01-07,DELIVERED
5387,20,136,2024-04-24,2024-05-24,DELIVERED
5388,17,67,2023-01-13,2023-02-07,IN_TRANSIT
5389,11,456,2024-02-17,2024-02-28,DELIVERED
5390,11,337,2025-02-09,2025-02-22,DELIVERED
5391,12,455,2023-02-03,2023-02-23,DELIVERED
5392,17,185,2026-08-17,2026-08-28,DELIVERED
5393,14,38,2024-01-23,2024-02-28,DELIVERED
5394,20,285,2024-04-24,2024-05-18,DELIVERED
5395,9,249,2023-04-01,2023-05-08,DELIVERED
5396,12,66,2026-07-09,2026-08-01,DELIVERED
5397,11,475,2025-09-29,2025-11-01,DELIVERED
5398,13,420,2025-03-30,2025-04-05,DELIVERED
5399,12,363,2024-06-20,2024-07-09,DELIVERED
5400,3,321,2023-11-15,2023-12-16,DELIVERED
5401,7,221,2026-08-21,2026-09-18,DELIVERED
5402,17,102,2026-01-10,2026-02-11,DELIVERED
5403,7,286,2026-04-06,2026-04-30,DELIVERED
5404,4,248,2026-03-25,2026-04-14,DELIVERED
5405,9,4,2023-06-16,2023-07-23,DELIVERED
5406,10,87,2023-09-25,2023-09-30,DELIVERED
5407,13,7,2025-03-23,2025-03-28,DELIVERED
5408,7,493,2024-11-27,2024-12-23,DELIVERED
5409,9,4,2023-08-22,2023-08-28,DELIVERED
5410,14,142,2023-12-06,2023-12-19,DELIVERED
5411,11,243,2026-09-03,2026-10-02,DELIVERED
5412,15,368,2024-12-08,2025-01-13,DELIVERED
5413,11,296,2023-04-19,2023-04-30,DELIVERED
5414,4,466,2023-11-15,2023-12-02,DELIVERED
5415,9,139,2023-04-10,2023-04-18,DELIVERED
5416,5,182,2023-08-08,2023-08-25,IN_TRANSIT
5417,3,305,2025-05-23,2025-06-22,IN_TRANSIT
5418,19,403,2025-01-17,2025-02-16,DELIVERED
5419,20,192,2024-04-04,2024-04-09,DELIVERED
5420,14,273,2024-06-24,2024-07-19,DELIVERED
5421,18,70,2025-01-12,2025-02-01,IN_TRANSIT
5422,1,231,2024-04-06,2024-05-09,DELIVERED
5423,18,73,2025-08-26,2025-09-19,DELIVERED
5424,5,368,2023-02-06,2023-02-15,DELIVERED
5425,6,490,2024-05-12,2024-05-26,DELAYED
5426,5,448,2024-11-16,2024-12-22,DELIVERED
5427,9,454,2026-03-04,2026-03-16,DELIVERED
5428,18,229,2024-11-14,2024-11-19,DELIVERED
5429,11,410,2025-12-17,2025-12-22,DELIVERED
5430,2,470,2024-03-09,2024-04-17,DELIVERED
5431,6,427,2024-06-15,2024-07-06,DELIVERED
5432,4,343,2023-12-22,2023-12-30,IN_TRANSIT
5433,13,58,2023-11-18,2023-12-16,DELIVERED
5434,11,307,2024-07-16,2024-08-04,DELIVERED
5435,17,228,2024-02-01,2024-03-10,DELIVERED
5436,6,301,2025-04-30,2025-05-28,DELIVERED
5437,4,428,2023-03-11,2023-03-24,DELAYED
5438,19,439,2023-03-29,2023-04-11,DELIVERED
5439,9,152,2023-05-18,2023-06-03,DELIVERED
5440,11,32,2023-12-06,2023-12-23,IN_TRANSIT
5441,12,18,2023-10-18,2023-10-23,DELIVERED
5442,3,437,2023-06-18,2023-07-02,DELIVERED
5443,5,183,2025-08-28,2025-09-10,DELIVERED
5444,18,126,2024-05-06,2024-06-11,IN_TRANSIT
5445,1,63,2023-06-09,2023-07-12,DELIVERED
5446,17,435,2026-05-19,2026-06-02,DELIVERED
5447,3,137,2025-11-14,2025-11-21,DELIVERED
5448,1,377,2024-03-10,2024-03-23,DELIVERED
5449,17,180,2024-03-05,2024-03-27,DELIVERED
5450,10,414,2025-07-18,2025-08-14,DELIVERED
5451,9,11,2026-07-03,2026-08-02,IN_TRANSIT
5452,11,318,2023-08-13,2023-08-22,DELIVERED
5453,19,384,2025-12-31,2026-01-05,DELIVERED
5454,1,181,2026-04-17,2026-05-05,DELIVERED
5455,14,5,2024-04-12,2024-05-21,IN_TRANSIT
5456,2,461,2025-07-14,2025-08-16,IN_TRANSIT
5457,20,354,2024-12-30,2025-01-26,DELIVERED
5458,19,284,2026-07-15,2026-07-25,DELIVERED
5459,11,372,2025-03-12,2025-04-10,DELIVERED
5460,19,395,2023-02-02,2023-02-25,DELIVERED
5461,19,394,2025-02-26,2025-03-29,DELIVERED
5462,11,212,2023-07-21,2023-08-22,IN_TRANSIT
5463,18,214,2025-06-16,2025-07-05,DELIVERED
5464,19,5,2023-10-29,2023-11-10,DELIVERED
5465,7,365,2024-05-26,2024-06-09,DELIVERED
5466,6,190,2025-01-30,2025-03-07,DELIVERED
5467,5,436,2023-06-21,2023-07-29,DELIVERED
5468,19,219,2023-10-11,2023-10-16,DELIVERED
5469,12,443,2025-01-29,2025-02-26,DELIVERED
5470,1,67,2026-03-11,2026-03-27,DELIVERED
5471,20,229,2026-06-12,2026-07-08,IN_TRANSIT
5472,20,14,2024-06-22,2024-07-14,DELIVERED
5473,1,132,2026-03-04,2026-03-20,DELIVERED
5474,2,413,2024-09-29,2024-10-07,DELIVERED
5475,3,267,2024-10-01,2024-10-12,DELIVERED
5476,5,492,2023-07-21,2023-07-26,DELIVERED
5477,9,198,2024-01-02,2024-01-10,DELIVERED
5478,5,117,2024-09-24,2024-10-06,DELIVERED
5479,9,354,2026-01-17,2026-02-22,DELIVERED
5480,5,260,2023-01-23,2023-02-25,DELIVERED
5481,12,274,2024-07-30,2024-08-26,DELIVERED
5482,17,323,2025-10-22,2025-11-29,DELIVERED
5483,19,182,2024-04-29,2024-05-11,IN_TRANSIT
5484,10,177,2024-08-03,2024-09-04,DELAYED
5485,2,496,2025-12-02,2025-12-14,DELIVERED
5486,14,454,2025-07-13,2025-08-20,DELIVERED
5487,10,242,2023-02-24,2023-03-24,DELIVERED
5488,13,252,2026-01-23,2026-02-14,DELIVERED
5489,18,272,2024-05-02,2024-05-22,DELAYED
5490,11,64,2025-07-30,2025-09-06,DELIVERED
5491,13,299,2024-05-23,2024-06-11,IN_TRANSIT
5492,18,36,2023-12-25,2024-01-27,DELIVERED
5493,4,407,2025-04-27,2025-05-19,DELIVERED
5494,1,254,2023-05-05,2023-05-23,IN_TRANSIT
5495,2,274,2025-11-03,2025-11-13,IN_TRANSIT
5496,6,335,2023-01-01,2023-01-10,DELIVERED
5497,17,292,2025-06-15,2025-07-10,DELIVERED
5498,19,58,2026-05-19,2026-05-31,DELIVERED
5499,7,430,2026-03-14,2026-04-06,DELIVERED
5500,3,490,2023-01-24,2023-02-03,DELIVERED
5501,16,337,2025-10-10,2025-11-14,DELIVERED
5502,16,471,2025-02-09,2025-02-25,DELIVERED
5503,3,349,2026-05-17,2026-06-13,DELIVERED
5504,5,497,2026-07-25,2026-08-09,DELIVERED
5505,10,476,2025-12-08,2025-12-14,DELIVERED
5506,7,302,2026-05-20,2026-06-21,DELIVERED
5507,10,463,2024-11-23,2024-12-17,DELAYED
5508,10,43,2024-05-16,2024-06-05,DELIVERED
5509,15,480,2023-09-15,2023-10-20,DELIVERED
5510,11,479,2023-08-23,2023-09-04,DELIVERED
5511,3,192,2025-12-22,2026-01-03,DELIVERED
5512,2,75,2026-09-14,2026-10-07,DELIVERED
5513,5,270,2025-04-26,2025-05-21,DELIVERED
5514,2,287,2024-11-12,2024-12-14,DELIVERED
5515,10,59,2025-04-06,2025-05-15,DELIVERED
5516,2,238,2023-01-07,2023-02-07,DELIVERED
5517,16,279,2024-09-16,2024-10-24,DELIVERED
5518,20,382,2023-04-13,2023-05-04,DELIVERED
5519,9,266,2025-10-14,2025-10-24,DELIVERED
5520,3,225,2025-04-13,2025-04-25,DELIVERED
5521,15,461,2025-02-04,2025-02-18,DELIVERED
5522,2,364,2024-12-02,2024-12-31,DELIVERED
5523,12,189,2025-09-22,2025-10-10,DELAYED
5524,16,104,2023-04-30,2023-05-05,DELIVERED
5525,6,105,2025-07-20,2025-07-29,DELIVERED
5526,15,373,2025-05-21,2025-06-08,DELIVERED
5527,12,485,2023-06-18,2023-06-28,DELIVERED
5528,15,500,2026-06-19,2026-07-02,DELIVERED
5529,14,135,2024-01-11,2024-02-05,DELIVERED
5530,6,396,2025-05-29,2025-06-15,DELIVERED
5531,15,142,2023-09-03,2023-09-29,DELIVERED
5532,10,468,2023-08-09,2023-08-24,DELIVERED
5533,3,402,2024-01-29,2024-03-01,DELIVERED
5534,15,341,2024-04-11,2024-04-28,DELIVERED
5535,19,424,2024-08-04,2024-08-13,DELIVERED
5536,13,355,2023-04-30,2023-06-06,DELIVERED
5537,8,293,2025-08-20,2025-09-26,DELIVERED
5538,7,127,2025-07-11,2025-07-26,DELIVERED
5539,5,198,2023-11-26,2023-12-23,DELIVERED
5540,9,122,2023-08-29,2023-09-06,IN_TRANSIT
5541,3,370,2026-05-15,2026-06-15,DELIVERED
5542,10,459,2026-01-20,2026-02-03,DELIVERED
5543,13,259,2026-09-25,2026-10-27,DELIVERED
5544,10,264,2024-05-13,2024-05-29,DELAYED
5545,17,14,2025-06-19,2025-07-24,DELAYED
5546,16,252,2025-02-20,2025-03-27,IN_TRANSIT
5547,17,209,2023-06-11,2023-07-15,DELAYED
5548,18,38,2023-09-02,2023-09-21,DELAYED
5549,15,159,2024-09-30,2024-10-19,IN_TRANSIT
5550,8,59,2026-01-24,2026-02-13,DELIVERED
5551,17,423,2024-06-18,2024-07-23,DELIVERED
5552,4,456,2026-05-03,2026-05-11,IN_TRANSIT
5553,16,352,2025-04-09,2025-04-20,DELIVERED
5554,6,58,2024-10-01,2024-10-09,DELAYED
5555,2,45,2023-08-24,2023-09-09,DELIVERED
5556,12,462,2025-08-25,2025-09-28,DELIVERED
5557,18,304,2023-02-20,2023-03-08,DELIVERED
5558,17,494,2024-07-14,2024-07-23,DELIVERED
5559,16,51,2024-10-13,2024-11-10,DELAYED
5560,5,313,2026-08-12,2026-08-24,DELIVERED
5561,9,65,2025-06-14,2025-07-11,DELIVERED
5562,8,246,2023-10-27,2023-11-26,DELIVERED
5563,2,29,2025-12-12,2025-12-19,DELIVERED
5564,9,334,2023-08-01,2023-08-12,DELIVERED
5565,16,239,2024-11-23,2024-12-20,DELIVERED
5566,18,30,2023-11-17,2023-12-02,DELIVERED
5567,11,53,2024-11-10,2024-11-29,DELAYED
5568,17,413,2024-12-15,2024-12-23,DELIVERED
5569,17,68,2026-02-08,2026-03-10,DELIVERED
5570,5,306,2024-06-15,2024-06-27,IN_TRANSIT
5571,3,327,2023-12-25,2024-01-19,DELIVERED
5572,15,183,2025-03-13,2025-04-05,DELIVERED
5573,7,299,2026-03-13,2026-03-29,DELAYED
5574,8,43,2025-02-02,2025-03-01,DELIVERED
5575,9,216,2026-07-30,2026-08-21,DELAYED
5576,13,82,2024-05-08,2024-05-27,DELIVERED
5577,19,178,2026-05-12,2026-06-10,DELIVERED
5578,2,432,2024-02-11,2024-02-27,DELIVERED
5579,4,109,2023-09-29,2023-10-30,DELIVERED
5580,12,121,2026-01-16,2026-02-14,DELIVERED
5581,12,312,2026-05-14,2026-05-20,DELIVERED
5582,1,479,2025-09-11,2025-09-19,DELIVERED
5583,2,196,2024-12-07,2025-01-05,DELAYED
5584,14,103,2024-08-28,2024-10-02,DELIVERED
5585,16,323,2026-08-31,2026-10-04,DELIVERED
5586,11,289,2025-08-09,2025-08-27,DELIVERED
5587,20,214,2023-03-07,2023-04-03,DELIVERED
5588,2,388,2023-11-12,2023-12-08,DELIVERED
5589,20,158,2026-01-07,2026-01-17,DELIVERED
5590,4,372,2025-10-25,2025-11-02,DELIVERED
5591,7,63,2024-12-24,2025-01-23,DELIVERED
5592,9,386,2023-02-09,2023-03-19,DELAYED
5593,11,392,2025-11-14,2025-12-12,DELAYED
5594,15,25,2023-08-11,2023-08-25,DELIVERED
5595,16,101,2024-03-06,2024-03-29,DELAYED
5596,19,77,2024-04-04,2024-04-25,DELIVERED
5597,18,171,2024-08-03,2024-08-13,DELIVERED
5598,17,288,2024-10-03,2024-11-06,DELIVERED
5599,7,153,2024-06-19,2024-07-08,DELIVERED
5600,12,370,2024-10-16,2024-11-09,DELIVERED
5601,11,459,2023-06-02,2023-07-02,DELIVERED
5602,6,101,2023-09-04,2023-09-29,DELIVERED
5603,17,457,2025-12-30,2026-02-04,DELIVERED
5604,19,327,2026-04-30,2026-05-13,DELIVERED
5605,10,124,2025-02-15,2025-03-24,DELAYED
5606,2,22,2025-11-11,2025-12-04,DELIVERED
5607,5,314,2026-03-30,2026-04-11,DELIVERED
5608,6,51,2023-02-12,2023-03-23,DELIVERED
5609,4,427,2025-10-04,2025-11-05,DELIVERED
5610,3,183,2026-07-08,2026-08-16,DELIVERED
5611,10,198,2023-01-31,2023-02-09,DELIVERED
5612,12,448,2024-05-03,2024-05-18,DELIVERED
5613,12,39,2025-06-20,2025-07-01,DELIVERED
5614,18,99,2025-09-21,2025-10-12,DELIVERED
5615,16,370,2026-01-11,2026-02-09,DELAYED
5616,7,105,2026-07-21,2026-08-09,DELIVERED
5617,14,325,2026-05-09,2026-06-07,IN_TRANSIT
5618,15,177,2026-03-04,2026-03-17,DELIVERED
5619,2,151,2026-06-04,2026-07-02,IN_TRANSIT
5620,18,322,2024-10-15,2024-11-09,DELIVERED
5621,3,301,2023-01-28,2023-03-06,DELIVERED
5622,16,231,2026-02-16,2026-03-24,IN_TRANSIT
5623,9,20,2025-02-11,2025-02-17,DELAYED
5624,18,102,2026-05-28,2026-06-21,DELIVERED
5625,3,84,2024-05-24,2024-06-18,DELIVERED
5626,14,159,2025-11-07,2025-11-28,DELIVERED
5627,1,487,2026-07-01,2026-07-09,DELIVERED
5628,10,451,2023-10-23,2023-11-06,DELIVERED
5629,4,300,2023-01-11,2023-02-07,DELIVERED
5630,9,110,2025-07-24,2025-08-19,DELIVERED
5631,8,6,2023-03-23,2023-04-21,DELIVERED
5632,14,303,2025-09-27,2025-10-30,DELIVERED
5633,4,198,2025-06-18,2025-07-03,DELIVERED
5634,7,149,2026-06-18,2026-07-25,DELAYED
5635,4,202,2024-02-01,2024-02-28,IN_TRANSIT
5636,7,322,2023-06-01,2023-06-08,DELIVERED
5637,4,186,2026-07-30,2026-08-07,DELIVERED
5638,14,51,2023-01-14,2023-01-22,IN_TRANSIT
5639,10,497,2026-01-25,2026-02-02,DELIVERED
5640,13,64,2025-12-05,2025-12-28,DELIVERED
5641,18,299,2025-12-10,2025-12-15,DELIVERED
5642,1,227,2026-05-13,2026-06-11,DELIVERED
5643,4,89,2024-04-04,2024-04-12,DELIVERED
5644,12,121,2023-04-05,2023-04-11,DELIVERED
5645,6,146,2024-02-24,2024-02-29,IN_TRANSIT
5646,3,182,2024-07-20,2024-08-19,DELIVERED
5647,9,272,2025-05-25,2025-06-18,DELIVERED
5648,6,271,2025-11-06,2025-12-14,DELIVERED
5649,11,421,2024-10-24,2024-11-28,DELIVERED
5650,8,146,2024-03-22,2024-04-18,DELIVERED
5651,17,341,2024-02-18,2024-02-25,DELIVERED
5652,6,370,2023-11-26,2023-12-29,DELIVERED
5653,17,15,2026-02-28,2026-03-16,IN_TRANSIT
5654,8,313,2025-04-27,2025-05-03,DELIVERED
5655,20,459,2025-08-23,2025-09-24,DELAYED
5656,4,198,2024-12-03,2024-12-17,DELIVERED
5657,9,486,2025-03-19,2025-04-24,DELAYED
5658,16,498,2024-10-03,2024-11-09,DELIVERED
5659,18,430,2024-01-10,2024-02-15,DELIVERED
5660,19,53,2023-12-06,2023-12-28,DELIVERED
5661,17,483,2026-09-26,2026-10-18,DELAYED
5662,16,52,2025-07-17,2025-08-01,DELIVERED
5663,19,406,2026-04-13,2026-05-06,DELIVERED
5664,10,104,2024-11-02,2024-12-10,DELIVERED
5665,17,378,2023-11-12,2023-12-17,DELAYED
5666,18,309,2026-01-31,2026-02-11,DELIVERED
5667,4,11,2023-10-16,2023-10-30,IN_TRANSIT
5668,17,56,2024-04-03,2024-04-21,DELIVERED
5669,12,93,2023-10-07,2023-11-11,DELIVERED
5670,3,104,2024-05-03,2024-06-08,IN_TRANSIT
5671,19,429,2025-01-31,2025-02-22,DELIVERED
5672,12,290,2026-01-10,2026-02-14,DELIVERED
5673,18,350,2023-10-01,2023-10-29,DELIVERED
5674,15,390,2023-10-11,2023-10-19,DELIVERED
5675,19,313,2025-04-21,2025-05-24,DELIVERED
5676,6,307,2023-04-25,2023-05-17,DELIVERED
5677,8,85,2024-12-11,2024-12-29,DELAYED
5678,19,149,2025-11-11,2025-11-17,DELIVERED
5679,11,411,2023-08-08,2023-09-02,DELIVERED
5680,6,115,2023-10-21,2023-11-01,IN_TRANSIT
5681,2,270,2025-04-21,2025-04-27,DELIVERED
5682,8,141,2024-08-18,2024-09-03,DELIVERED
5683,5,200,2025-01-27,2025-02-13,IN_TRANSIT
5684,14,404,2024-01-29,2024-02-19,DELIVERED
5685,13,403,2026-08-28,2026-09-09,DELIVERED
5686,9,157,2024-03-02,2024-03-18,DELIVERED
5687,9,402,2023-01-20,2023-02-17,DELIVERED
5688,11,399,2024-07-04,2024-07-12,DELIVERED
5689,9,332,2026-04-13,2026-05-21,DELIVERED
5690,16,30,2026-03-16,2026-04-02,DELIVERED
5691,1,20,2025-04-18,2025-05-16,DELAYED
5692,5,367,2025-06-27,2025-07-19,IN_TRANSIT
5693,17,33,2024-03-25,2024-04-20,DELIVERED
5694,18,309,2025-05-07,2025-05-14,DELIVERED
5695,13,298,2025-08-04,2025-08-16,DELIVERED
5696,19,319,2023-10-17,2023-11-15,DELIVERED
5697,1,244,2023-11-01,2023-11-25,DELAYED
5698,6,354,2024-02-04,2024-03-01,DELIVERED
5699,20,90,2023-05-26,2023-06-20,DELIVERED
5700,7,288,2023-09-11,2023-10-09,DELIVERED
5701,15,406,2024-05-16,2024-05-24,DELIVERED
5702,9,84,2025-08-17,2025-09-08,DELIVERED
5703,7,434,2023-08-25,2023-10-01,DELIVERED
5704,15,379,2025-03-15,2025-03-29,DELIVERED
5705,7,163,2024-09-17,2024-10-18,DELAYED
5706,14,220,2026-08-15,2026-09-01,DELIVERED
5707,8,438,2025-05-26,2025-06-21,DELIVERED
5708,17,129,2025-01-23,2025-02-12,DELIVERED
5709,17,106,2026-01-21,2026-02-10,DELAYED
5710,7,104,2024-02-11,2024-02-16,DELIVERED
5711,2,433,2025-07-17,2025-08-10,DELIVERED
5712,13,297,2023-04-06,2023-04-28,DELIVERED
5713,17,50,2023-10-20,2023-11-26,DELAYED
5714,3,9,2024-05-09,2024-05-14,DELAYED
5715,4,6,2023-03-23,2023-05-01,DELIVERED
5716,18,4,2024-09-01,2024-09-10,DELIVERED
5717,20,495,2023-09-02,2023-09-08,DELIVERED
5718,3,382,2023-10-22,2023-11-12,DELIVERED
5719,15,397,2024-05-30,2024-06-13,DELIVERED
5720,18,454,2024-12-22,2025-01-21,DELIVERED
5721,7,232,2024-01-17,2024-01-28,DELIVERED
5722,1,53,2025-07-16,2025-08-16,DELIVERED
5723,2,166,2023-11-30,2024-01-05,DELIVERED
5724,9,176,2025-05-26,2025-06-03,DELIVERED
5725,7,95,2023-09-11,2023-10-04,DELIVERED
5726,7,33,2026-08-18,2026-09-12,DELIVERED
5727,13,211,2024-03-31,2024-04-24,DELIVERED
5728,12,182,2023-11-14,2023-12-20,DELIVERED
5729,6,239,2025-01-23,2025-02-08,DELIVERED
5730,13,237,2024-06-24,2024-07-17,DELIVERED
5731,19,274,2023-01-15,2023-01-25,DELIVERED
5732,18,166,2025-04-30,2025-05-30,IN_TRANSIT
5733,12,272,2024-10-16,2024-11-16,DELIVERED
5734,16,153,2025-05-21,2025-06-16,DELIVERED
5735,19,201,2025-12-07,2026-01-04,IN_TRANSIT
5736,16,241,2024-05-29,2024-06-04,DELIVERED
5737,15,345,2026-01-05,2026-01-20,DELAYED
5738,15,1,2024-12-09,2025-01-11,DELIVERED
5739,15,377,2023-05-26,2023-06-15,DELIVERED
5740,13,4,2025-03-25,2025-04-29,DELIVERED
5741,14,170,2024-05-22,2024-06-02,DELIVERED
5742,16,307,2024-04-06,2024-04-17,DELIVERED
5743,20,73,2023-04-16,2023-05-14,DELIVERED
5744,3,16,2023-03-31,2023-04-05,DELIVERED
5745,12,237,2025-03-30,2025-04-08,DELIVERED
5746,19,167,2024-09-01,2024-09-13,DELIVERED
5747,6,201,2026-03-20,2026-04-14,DELIVERED
5748,7,43,2024-12-25,2025-01-08,DELIVERED
5749,6,326,2023-10-25,2023-11-07,DELIVERED
5750,16,337,2026-04-01,2026-05-08,DELIVERED
5751,9,158,2024-05-15,2024-05-25,DELIVERED
5752,20,118,2023-05-26,2023-06-03,DELIVERED
5753,8,400,2026-03-28,2026-04-04,DELIVERED
5754,18,5,2025-12-10,2026-01-13,DELIVERED
5755,20,296,2026-03-12,2026-04-17,DELIVERED
5756,9,400,2026-09-26,2026-10-05,DELIVERED
5757,7,118,2023-01-31,2023-03-01,IN_TRANSIT
5758,3,336,2025-07-01,2025-07-30,IN_TRANSIT
5759,9,339,2025-03-05,2025-03-24,DELIVERED
5760,1,482,2024-12-22,2024-12-31,DELIVERED
5761,12,423,2025-03-15,2025-04-14,DELIVERED
5762,10,57,2025-02-25,2025-03-12,DELIVERED
5763,4,367,2024-09-06,2024-10-15,DELAYED
5764,16,431,2024-05-26,2024-06-06,DELIVERED
5765,11,56,2024-03-22,2024-04-07,DELIVERED
5766,2,379,2026-08-01,2026-09-08,DELIVERED
5767,17,448,2023-07-31,2023-08-10,DELIVERED
5768,18,36,2023-06-06,2023-06-23,DELIVERED
5769,13,169,2025-02-01,2025-03-12,DELIVERED
5770,1,325,2025-05-10,2025-05-17,DELIVERED
5771,2,447,2025-09-26,2025-10-17,DELIVERED
5772,1,227,2024-10-15,2024-10-30,DELIVERED
5773,1,493,2023-05-19,2023-06-25,DELIVERED
5774,8,402,2023-09-09,2023-09-21,DELIVERED
5775,15,182,2025-02-07,2025-03-09,DELIVERED
5776,16,176,2024-05-10,2024-06-15,DELIVERED
5777,6,157,2024-07-30,2024-09-05,DELAYED
5778,19,284,2026-06-11,2026-07-09,DELIVERED
5779,9,128,2025-10-09,2025-11-10,DELIVERED
5780,11,256,2023-07-23,2023-07-31,DELIVERED
5781,20,14,2025-07-20,2025-07-26,DELAYED
5782,19,412,2025-11-12,2025-12-02,DELIVERED
5783,7,220,2023-03-25,2023-04-06,DELAYED
5784,1,112,2023-04-02,2023-05-08,DELIVERED
5785,9,310,2025-08-07,2025-08-13,DELIVERED
5786,7,382,2024-10-15,2024-10-26,DELIVERED
5787,2,283,2025-11-22,2025-12-01,DELIVERED
5788,5,412,2026-04-23,2026-04-30,IN_TRANSIT
5789,17,464,2025-03-14,2025-04-20,DELIVERED
5790,3,60,2023-03-30,2023-04-16,IN_TRANSIT
5791,2,278,2024-09-19,2024-10-24,DELIVERED
5792,1,361,2025-01-01,2025-01-17,DELIVERED
5793,15,50,2024-03-18,2024-04-08,DELIVERED
5794,13,395,2023-01-02,2023-02-08,DELIVERED
5795,4,453,2025-06-25,2025-07-16,DELAYED
5796,8,407,2024-10-23,2024-11-21,DELIVERED
5797,11,69,2024-05-27,2024-07-02,DELIVERED
5798,11,288,2025-11-11,2025-12-04,DELIVERED
5799,12,342,2025-11-17,2025-11-29,DELIVERED
5800,15,421,2023-08-16,2023-09-07,DELIVERED
5801,9,245,2024-04-25,2024-05-08,DELIVERED
5802,8,202,2024-02-26,2024-03-06,DELIVERED
5803,2,500,2023-11-10,2023-12-18,DELIVERED
5804,10,210,2024-05-19,2024-05-26,DELIVERED
5805,16,74,2025-10-26,2025-11-21,DELIVERED
5806,7,205,2025-02-10,2025-03-02,DELIVERED
5807,9,3,2024-01-30,2024-03-08,DELIVERED
5808,2,80,2026-02-21,2026-03-17,DELIVERED
5809,10,102,2024-09-22,2024-10-27,DELIVERED
5810,15,298,2026-03-14,2026-04-21,DELIVERED
5811,7,53,2024-04-20,2024-05-01,IN_TRANSIT
5812,5,357,2026-04-24,2026-05-01,DELAYED
5813,12,273,2024-08-12,2024-09-20,DELIVERED
5814,5,99,2025-02-06,2025-02-15,DELIVERED
5815,6,227,2025-07-09,2025-07-28,DELIVERED
5816,4,243,2025-10-09,2025-10-14,DELIVERED
5817,10,104,2023-08-12,2023-08-23,DELIVERED
5818,12,334,2024-10-31,2024-11-12,IN_TRANSIT
5819,14,13,2025-11-14,2025-11-20,DELIVERED
5820,15,125,2024-02-10,2024-03-07,DELIVERED
5821,15,380,2026-02-12,2026-02-17,DELIVERED
5822,20,174,2023-11-26,2023-12-22,DELIVERED
5823,15,169,2026-09-02,2026-09-10,DELIVERED
5824,11,435,2026-06-25,2026-07-30,DELIVERED
5825,6,249,2023-09-22,2023-10-24,DELIVERED
5826,7,494,2024-01-20,2024-02-18,DELIVERED
5827,20,73,2026-06-17,2026-07-01,DELIVERED
5828,19,354,2024-07-19,2024-08-12,IN_TRANSIT
5829,18,143,2023-10-23,2023-11-21,DELIVERED
5830,2,381,2023-09-28,2023-10-05,DELIVERED
5831,13,358,2025-02-19,2025-03-01,DELIVERED
5832,12,145,2024-08-30,2024-09-27,DELIVERED
5833,16,101,2024-09-05,2024-09-18,DELIVERED
5834,4,291,2025-12-31,2026-01-07,DELIVERED
5835,19,288,2026-05-25,2026-06-10,DELIVERED
5836,18,107,2024-11-03,2024-11-29,DELIVERED
5837,2,63,2025-01-19,2025-02-12,DELIVERED
5838,15,465,2023-10-15,2023-11-05,DELIVERED
5839,12,293,2024-07-04,2024-07-10,DELIVERED
5840,18,234,2024-12-17,2024-12-31,DELIVERED
5841,8,494,2025-01-30,2025-02-12,DELIVERED
5842,5,95,2025-06-29,2025-07-07,DELAYED
5843,13,413,2025-12-04,2025-12-20,DELIVERED
5844,16,46,2024-12-26,2025-02-01,DELIVERED
5845,6,354,2026-05-31,2026-07-04,DELIVERED
5846,18,486,2025-07-27,2025-08-27,DELIVERED
5847,2,318,2023-02-12,2023-02-25,DELIVERED
5848,9,326,2023-01-11,2023-01-18,DELIVERED
5849,1,286,2023-03-13,2023-04-02,DELIVERED
5850,16,353,2024-01-07,2024-02-15,DELIVERED
5851,3,121,2023-10-09,2023-10-27,DELAYED
5852,19,449,2025-03-16,2025-04-07,DELIVERED
5853,9,99,2025-09-22,2025-10-18,DELIVERED
5854,7,443,2023-12-27,2024-01-15,DELIVERED
5855,11,177,2023-02-25,2023-03-06,DELIVERED
5856,6,357,2024-04-23,2024-05-08,DELIVERED
5857,11,70,2024-08-25,2024-09-02,DELIVERED
5858,5,15,2024-07-14,2024-08-07,DELIVERED
5859,2,154,2025-03-23,2025-04-04,DELIVERED
5860,9,403,2025-03-21,2025-03-27,DELIVERED
5861,15,231,2023-12-31,2024-02-07,DELIVERED
5862,1,387,2023-12-16,2023-12-29,DELIVERED
5863,3,372,2024-09-16,2024-10-24,DELIVERED
5864,8,75,2026-06-28,2026-07-08,DELIVERED
5865,15,285,2026-02-27,2026-04-05,IN_TRANSIT
5866,17,128,2024-05-02,2024-06-02,DELAYED
5867,16,18,2023-02-06,2023-02-18,IN_TRANSIT
5868,1,208,2025-11-20,2025-12-07,DELAYED
5869,17,161,2025-10-15,2025-11-17,DELAYED
5870,5,382,2025-03-11,2025-04-09,DELIVERED
5871,5,282,2023-01-30,2023-02-04,DELIVERED
5872,10,213,2025-07-25,2025-08-24,DELIVERED
5873,9,48,2023-05-12,2023-05-31,DELIVERED
5874,10,128,2025-07-26,2025-08-10,DELIVERED
5875,14,453,2026-07-27,2026-09-02,DELIVERED
5876,20,500,2023-12-23,2024-01-29,DELIVERED
5877,17,356,2024-12-14,2025-01-14,DELIVERED
5878,8,233,2025-09-29,2025-10-05,DELIVERED
5879,19,406,2024-09-24,2024-10-03,DELIVERED
5880,12,395,2023-06-17,2023-06-30,IN_TRANSIT
5881,3,435,2023-04-05,2023-05-04,DELIVERED
5882,18,15,2023-12-13,2024-01-21,DELIVERED
5883,13,51,2025-01-22,2025-02-16,DELIVERED
5884,10,367,2026-05-11,2026-06-12,DELIVERED
5885,9,500,2025-01-15,2025-02-18,IN_TRANSIT
5886,9,350,2023-12-23,2024-01-18,DELIVERED
5887,14,349,2024-05-19,2024-05-25,DELIVERED
5888,16,108,2025-07-25,2025-08-31,DELIVERED
5889,11,271,2023-04-12,2023-05-02,DELIVERED
5890,2,455,2026-05-05,2026-06-04,DELIVERED
5891,14,268,2024-10-27,2024-11-10,DELIVERED
5892,1,334,2025-02-03,2025-03-03,DELIVERED
5893,10,258,2024-05-02,2024-05-10,DELIVERED
5894,15,277,2023-12-27,2024-01-19,IN_TRANSIT
5895,10,24,2023-03-23,2023-04-05,DELIVERED
5896,14,190,2026-03-25,2026-04-08,DELIVERED
5897,6,405,2025-07-16,2025-08-05,DELIVERED
5898,12,117,2024-06-07,2024-07-09,DELIVERED
5899,5,186,2023-09-23,2023-10-14,DELIVERED
5900,7,315,2026-06-08,2026-07-08,DELIVERED
5901,20,33,2025-12-28,2026-01-16,DELAYED
5902,2,468,2026-05-30,2026-06-16,IN_TRANSIT
5903,18,278,2023-02-11,2023-03-14,DELAYED
5904,2,483,2024-12-30,2025-01-29,DELIVERED
5905,20,457,2023-11-22,2023-12-23,DELIVERED
5906,5,82,2025-05-02,2025-05-17,DELAYED
5907,7,62,2025-01-06,2025-02-11,DELIVERED
5908,10,214,2026-10-01,2026-11-03,IN_TRANSIT
5909,15,454,2026-06-05,2026-06-29,DELIVERED
5910,3,367,2025-10-31,2025-11-15,DELIVERED
5911,9,425,2023-07-08,2023-08-01,DELIVERED
5912,2,77,2026-07-27,2026-08-14,DELIVERED
5913,8,32,2025-10-29,2025-12-05,DELIVERED
5914,17,247,2026-08-07,2026-08-24,DELIVERED
5915,10,365,2023-01-10,2023-01-28,DELIVERED
5916,11,290,2024-01-21,2024-02-28,DELIVERED
5917,14,114,2023-01-07,2023-01-19,IN_TRANSIT
5918,13,368,2023-03-13,2023-04-14,DELIVERED
5919,13,123,2025-05-16,2025-06-13,DELIVERED
5920,20,179,2025-05-02,2025-05-08,DELIVERED
5921,7,296,2023-10-17,2023-11-06,DELIVERED
5922,18,125,2025-01-27,2025-02-28,DELIVERED
5923,1,79,2023-07-10,2023-08-11,DELIVERED
5924,20,246,2023-04-21,2023-05-10,DELIVERED
5925,11,496,2023-02-07,2023-02-16,DELIVERED
5926,6,201,2026-05-27,2026-06-17,DELIVERED
5927,15,327,2023-04-03,2023-04-11,DELIVERED
5928,15,232,2024-07-05,2024-07-29,IN_TRANSIT
5929,18,123,2024-10-02,2024-10-20,DELIVERED
5930,7,184,2026-03-02,2026-03-16,DELIVERED
5931,4,90,2024-08-10,2024-09-14,DELIVERED
5932,6,478,2025-09-19,2025-10-28,DELIVERED
5933,14,389,2024-06-16,2024-06-30,DELIVERED
5934,2,228,2023-09-16,2023-10-03,IN_TRANSIT
5935,4,141,2024-04-28,2024-06-04,DELIVERED
5936,17,319,2023-06-10,2023-06-17,DELIVERED
5937,9,177,2024-05-21,2024-06-22,DELIVERED
5938,16,455,2023-09-03,2023-10-12,DELIVERED
5939,18,105,2023-12-19,2024-01-02,DELIVERED
5940,7,205,2023-08-26,2023-09-15,DELIVERED
5941,19,77,2024-01-15,2024-02-02,DELIVERED
5942,7,371,2023-05-03,2023-05-10,IN_TRANSIT
5943,7,147,2023-06-12,2023-06-18,DELIVERED
5944,1,63,2024-03-22,2024-03-27,DELIVERED
5945,13,229,2025-08-04,2025-09-12,IN_TRANSIT
5946,5,47,2026-09-11,2026-10-05,DELIVERED
5947,12,440,2023-02-20,2023-03-06,IN_TRANSIT
5948,17,173,2026-07-02,2026-08-09,DELIVERED
5949,1,404,2025-10-14,2025-11-11,DELIVERED
5950,11,218,2026-04-20,2026-04-25,DELIVERED
5951,13,257,2023-08-04,2023-08-11,IN_TRANSIT
5952,19,3,2025-02-08,2025-03-11,DELIVERED
5953,9,174,2024-09-24,2024-10-21,IN_TRANSIT
5954,4,407,2025-05-01,2025-05-08,DELIVERED
5955,4,117,2025-05-10,2025-06-02,DELIVERED
5956,17,371,2023-07-22,2023-08-20,DELIVERED
5957,1,359,2023-12-18,2024-01-09,DELIVERED
5958,18,317,2023-05-31,2023-06-25,DELIVERED
5959,11,339,2025-10-03,2025-11-11,DELIVERED
5960,5,119,2023-06-12,2023-06-18,DELIVERED
5961,9,158,2026-04-16,2026-04-29,DELIVERED
5962,3,204,2026-05-30,2026-06-14,DELIVERED
5963,6,358,2024-07-12,2024-08-10,DELIVERED
5964,2,52,2026-09-21,2026-09-27,DELIVERED
5965,7,92,2023-01-16,2023-01-30,DELIVERED
5966,4,261,2023-06-06,2023-07-15,DELIVERED
5967,8,282,2025-07-08,2025-08-13,IN_TRANSIT
5968,12,2,2025-11-28,2025-12-06,DELIVERED
5969,3,276,2025-12-17,2026-01-25,IN_TRANSIT
5970,11,336,2025-03-09,2025-04-15,DELIVERED
5971,1,492,2023-10-28,2023-11-09,DELIVERED
5972,14,455,2025-07-05,2025-07-12,DELIVERED
5973,9,474,2026-01-08,2026-02-02,DELIVERED
5974,5,158,2023-12-30,2024-02-05,DELAYED
5975,18,164,2026-05-31,2026-06-18,DELIVERED
5976,18,183,2024-08-15,2024-08-22,DELIVERED
5977,9,14,2024-04-11,2024-05-09,DELIVERED
5978,7,214,2025-10-08,2025-11-07,DELIVERED
5979,14,133,2026-05-24,2026-06-07,DELIVERED
5980,19,218,2023-10-29,2023-11-10,IN_TRANSIT
5981,9,158,2023-06-29,2023-08-02,DELIVERED
5982,6,388,2025-04-04,2025-04-12,DELIVERED
5983,3,161,2025-11-03,2025-11-12,DELIVERED
5984,20,285,2026-04-02,2026-05-08,IN_TRANSIT
5985,9,234,2023-03-11,2023-03-19,IN_TRANSIT
5986,9,320,2026-08-04,2026-08-10,DELIVERED
5987,17,68,2023-11-30,2024-01-01,DELIVERED
5988,19,217,2024-11-23,2024-12-06,DELIVERED
5989,19,488,2024-12-21,2025-01-27,DELIVERED
5990,20,282,2024-05-10,2024-05-25,DELIVERED
5991,2,30,2026-02-13,2026-03-03,DELIVERED
5992,6,158,2024-02-21,2024-03-29,DELIVERED
5993,8,334,2026-05-25,2026-06-09,DELIVERED
5994,10,8,2023-01-23,2023-02-23,DELIVERED
5995,11,4,2024-07-01,2024-07-11,DELAYED
5996,6,258,2024-10-15,2024-11-02,DELIVERED
5997,18,35,2025-05-26,2025-06-07,DELIVERED
5998,15,399,2023-03-14,2023-04-19,DELIVERED
5999,6,403,2024-12-23,2025-01-01,IN_TRANSIT
6000,5,86,2026-08-16,2026-09-13,DELIVERED
6001,17,358,2025-09-17,2025-10-14,DELIVERED
6002,1,106,2026-03-12,2026-03-25,DELAYED
6003,9,74,2024-09-07,2024-09-21,DELIVERED
6004,6,116,2024-01-31,2024-02-05,IN_TRANSIT
6005,4,427,2024-01-13,2024-01-20,DELIVERED
6006,16,135,2023-04-06,2023-04-12,DELIVERED
6007,7,390,2025-06-20,2025-06-25,DELIVERED
6008,20,129,2026-09-23,2026-10-03,DELIVERED
6009,19,218,2024-07-04,2024-07-13,DELIVERED
6010,17,117,2025-07-27,2025-08-28,DELAYED
6011,2,195,2024-08-22,2024-09-30,DELIVERED
6012,12,476,2025-07-01,2025-08-01,DELIVERED
6013,5,264,2026-06-29,2026-07-17,DELIVERED
6014,18,319,2024-06-23,2024-07-17,DELIVERED
6015,15,198,2023-02-10,2023-02-19,DELIVERED
6016,3,475,2023-12-23,2024-01-14,DELIVERED
6017,19,183,2024-01-07,2024-02-01,DELIVERED
6018,14,388,2023-02-11,2023-02-24,DELIVERED
6019,11,273,2025-07-23,2025-08-22,IN_TRANSIT
6020,7,42,2025-06-26,2025-07-05,DELIVERED
6021,6,44,2025-04-09,2025-05-14,DELIVERED
6022,7,160,2025-09-18,2025-10-08,DELIVERED
6023,1,50,2025-09-12,2025-10-18,DELIVERED
6024,19,101,2023-03-28,2023-04-06,DELIVERED
6025,19,389,2024-03-22,2024-04-24,DELAYED
6026,6,414,2023-10-11,2023-11-15,DELIVERED
6027,7,403,2026-01-22,2026-02-16,IN_TRANSIT
6028,15,170,2024-09-08,2024-10-03,DELIVERED
6029,4,208,2024-02-17,2024-03-01,DELIVERED
6030,12,15,2024-05-04,2024-06-09,DELIVERED
6031,18,250,2023-01-20,2023-02-21,DELAYED
6032,2,212,2024-01-29,2024-02-27,DELAYED
6033,20,273,2023-12-28,2024-01-17,DELIVERED
6034,5,202,2024-11-29,2024-12-17,DELIVERED
6035,15,82,2026-09-28,2026-11-05,DELIVERED
6036,14,226,2025-01-11,2025-02-15,DELIVERED
6037,5,416,2023-01-15,2023-01-24,DELIVERED
6038,20,331,2024-08-22,2024-09-01,DELIVERED
6039,10,134,2023-04-30,2023-05-19,DELIVERED
6040,13,388,2026-04-27,2026-05-08,DELIVERED
6041,4,371,2023-07-10,2023-07-29,DELIVERED
6042,6,450,2023-01-02,2023-02-08,DELAYED
6043,10,483,2023-01-20,2023-02-04,DELIVERED
6044,16,201,2026-01-28,2026-02-17,DELIVERED
6045,4,24,2025-03-28,2025-04-16,DELIVERED
6046,6,428,2025-12-23,2026-01-26,DELIVERED
6047,6,356,2026-08-22,2026-09-10,DELAYED
6048,19,449,2026-07-17,2026-08-10,DELIVERED
6049,6,130,2025-08-21,2025-09-13,DELIVERED
6050,7,87,2023-04-07,2023-04-14,DELAYED
6051,14,5,2026-09-14,2026-10-02,DELIVERED
6052,20,161,2024-01-26,2024-02-23,DELIVERED
6053,16,448,2024-10-28,2024-11-20,DELAYED
6054,9,287,2025-09-28,2025-10-22,DELIVERED
6055,8,367,2025-04-13,2025-04-29,DELIVERED
6056,14,39,2026-08-22,2026-09-22,DELIVERED
6057,19,359,2025-05-03,2025-06-04,DELIVERED
6058,5,325,2024-11-01,2024-11-13,DELAYED
6059,16,432,2025-11-13,2025-12-19,DELIVERED
6060,18,455,2023-08-31,2023-10-05,DELIVERED
6061,3,177,2026-03-04,2026-03-22,DELIVERED
6062,15,75,2026-04-02,2026-04-13,DELIVERED
6063,14,361,2026-05-19,2026-05-24,DELIVERED
6064,6,458,2023-08-16,2023-09-23,DELIVERED
6065,20,356,2025-04-01,2025-05-08,DELIVERED
6066,5,36,2025-03-11,2025-03-20,DELIVERED
6067,4,435,2024-12-24,2025-01-25,DELIVERED
6068,9,182,2023-11-24,2023-12-20,IN_TRANSIT
6069,17,57,2023-11-09,2023-12-06,DELIVERED
6070,19,428,2025-08-16,2025-09-14,DELIVERED
6071,6,176,2024-04-16,2024-04-29,DELIVERED
6072,11,52,2024-05-15,2024-06-18,DELIVERED
6073,3,246,2025-11-05,2025-12-12,DELIVERED
6074,20,217,2026-04-26,2026-05-15,DELIVERED
6075,15,320,2023-01-25,2023-02-28,DELIVERED
6076,11,343,2024-09-06,2024-09-12,DELIVERED
6077,5,148,2024-11-28,2024-12-23,DELAYED
6078,13,391,2023-03-09,2023-04-05,DELIVERED
6079,3,237,2024-04-22,2024-05-21,DELIVERED
6080,19,442,2026-03-21,2026-04-03,DELAYED
6081,15,161,2025-04-10,2025-04-23,DELIVERED
6082,11,455,2025-08-09,2025-09-04,DELIVERED
6083,1,213,2024-01-11,2024-02-16,DELIVERED
6084,8,299,2024-01-30,2024-02-17,DELIVERED
6085,20,186,2025-08-03,2025-08-30,IN_TRANSIT
6086,18,332,2026-01-02,2026-02-06,DELIVERED
6087,6,254,2026-01-17,2026-02-13,DELIVERED
6088,18,140,2023-08-22,2023-09-09,DELIVERED
6089,6,158,2024-06-14,2024-07-15,DELIVERED
6090,14,231,2025-04-04,2025-05-12,DELIVERED
6091,15,83,2025-09-03,2025-09-24,DELIVERED
6092,11,196,2026-01-16,2026-02-06,DELAYED
6093,8,200,2023-08-28,2023-09-03,DELIVERED
6094,20,113,2023-07-02,2023-07-08,DELIVERED
6095,12,305,2026-09-05,2026-09-18,DELIVERED
6096,12,426,2023-01-02,2023-02-06,DELIVERED
6097,8,490,2026-04-11,2026-05-08,DELIVERED
6098,10,53,2026-02-21,2026-02-26,DELIVERED
6099,19,239,2024-05-20,2024-06-08,DELIVERED
6100,4,5,2024-05-04,2024-06-05,DELIVERED
6101,12,314,2025-10-21,2025-10-27,DELIVERED
6102,17,198,2023-07-17,2023-08-05,DELIVERED
6103,1,303,2025-07-09,2025-08-01,DELIVERED
6104,5,295,2026-01-31,2026-03-01,DELIVERED
6105,14,466,2025-09-23,2025-10-22,DELAYED
6106,17,447,2024-04-24,2024-05-09,DELAYED
6107,2,114,2025-11-01,2025-11-12,DELIVERED
6108,3,44,2023-02-12,2023-03-07,DELIVERED
6109,5,106,2025-07-14,2025-08-17,DELIVERED
6110,8,183,2026-02-02,2026-02-16,IN_TRANSIT
6111,9,319,2025-11-02,2025-11-22,DELIVERED
6112,4,218,2023-11-21,2023-12-07,DELIVERED
6113,10,83,2026-01-17,2026-02-16,DELIVERED
6114,4,274,2026-06-08,2026-06-25,IN_TRANSIT
6115,2,329,2023-04-19,2023-05-28,DELIVERED
6116,2,191,2024-03-24,2024-05-02,DELIVERED
6117,20,169,2023-09-05,2023-09-18,DELAYED
6118,5,11,2026-08-25,2026-09-28,IN_TRANSIT
6119,18,175,2024-03-27,2024-04-08,DELIVERED
6120,3,456,2024-03-30,2024-04-22,DELIVERED
6121,10,84,2025-05-06,2025-05-19,DELIVERED
6122,10,395,2025-05-23,2025-06-28,DELIVERED
6123,16,151,2023-04-06,2023-04-23,DELIVERED
6124,15,402,2023-07-03,2023-07-31,DELIVERED
6125,17,433,2025-02-27,2025-03-18,DELIVERED
6126,12,118,2026-02-23,2026-03-14,DELIVERED
6127,2,488,2024-12-29,2025-02-01,DELAYED
6128,18,314,2023-08-15,2023-09-18,DELIVERED
6129,18,126,2023-02-28,2023-03-24,DELIVERED
6130,1,225,2023-10-27,2023-11-09,DELIVERED
6131,6,349,2024-02-12,2024-03-03,DELIVERED
6132,16,58,2024-06-23,2024-07-28,DELIVERED
6133,11,473,2025-08-25,2025-09-02,DELIVERED
6134,13,248,2025-02-03,2025-03-02,DELIVERED
6135,14,406,2025-09-07,2025-10-06,DELIVERED
6136,2,401,2025-08-06,2025-08-28,DELIVERED
6137,11,134,2024-11-18,2024-12-06,DELIVERED
6138,18,13,2023-07-25,2023-08-25,DELAYED
6139,5,59,2026-07-20,2026-07-27,DELIVERED
6140,5,415,2023-04-29,2023-06-07,DELIVERED
6141,3,368,2026-07-17,2026-08-15,DELIVERED
6142,1,186,2023-03-12,2023-04-10,DELIVERED
6143,19,133,2023-02-04,2023-02-12,DELIVERED
6144,7,442,2023-12-20,2024-01-13,DELIVERED
6145,10,79,2025-02-14,2025-03-25,DELIVERED
6146,1,461,2026-04-16,2026-05-19,DELIVERED
6147,4,325,2024-10-26,2024-11-20,DELIVERED
6148,12,171,2024-10-25,2024-11-03,DELIVERED
6149,4,223,2025-05-09,2025-05-22,DELIVERED
6150,10,266,2026-09-22,2026-10-24,DELIVERED
6151,3,386,2023-01-23,2023-02-16,DELIVERED
6152,18,384,2025-02-04,2025-03-01,DELAYED
6153,15,89,2025-03-14,2025-04-17,DELIVERED
6154,11,14,2023-03-05,2023-04-03,DELIVERED
6155,5,41,2026-05-15,2026-05-20,DELIVERED
6156,4,386,2023-05-16,2023-06-01,DELIVERED
6157,14,89,2025-05-20,2025-06-04,DELIVERED
6158,18,324,2024-05-31,2024-06-11,DELIVERED
6159,18,203,2023-12-12,2023-12-29,DELIVERED
6160,19,481,2026-04-30,2026-05-29,DELIVERED
6161,7,483,2023-09-19,2023-09-24,DELIVERED
6162,6,472,2023-11-06,2023-12-14,DELIVERED
6163,16,101,2024-01-27,2024-02-23,DELIVERED
6164,1,326,2026-03-10,2026-03-17,DELIVERED
6165,5,247,2026-09-08,2026-10-10,DELIVERED
6166,3,133,2025-12-13,2025-12-27,DELIVERED
6167,16,35,2026-02-23,2026-03-29,IN_TRANSIT
6168,6,49,2025-06-12,2025-07-18,DELAYED
6169,12,254,2023-12-21,2023-12-27,DELIVERED
6170,10,153,2024-09-21,2024-10-11,DELIVERED
6171,10,276,2025-01-23,2025-02-02,DELIVERED
6172,20,419,2025-12-20,2026-01-01,DELIVERED
6173,10,455,2023-09-13,2023-10-17,DELIVERED
6174,12,292,2023-03-06,2023-03-14,DELIVERED
6175,14,261,2026-01-08,2026-01-15,DELIVERED
6176,19,465,2024-08-28,2024-10-03,DELAYED
6177,11,199,2024-09-22,2024-10-06,DELIVERED
6178,8,173,2026-04-04,2026-04-19,DELIVERED
6179,14,299,2026-07-29,2026-08-13,DELIVERED
6180,3,15,2024-09-23,2024-10-15,IN_TRANSIT
6181,14,141,2026-06-08,2026-06-18,DELAYED
6182,3,82,2024-03-02,2024-03-20,DELIVERED
6183,1,441,2025-03-06,2025-03-27,DELIVERED
6184,13,62,2024-06-10,2024-06-27,DELAYED
6185,11,253,2024-04-22,2024-05-30,DELIVERED
6186,3,295,2025-07-28,2025-08-18,DELIVERED
6187,2,7,2025-01-20,2025-02-20,DELIVERED
6188,4,134,2024-05-29,2024-06-28,DELIVERED
6189,7,159,2024-10-28,2024-11-19,IN_TRANSIT
6190,3,219,2023-08-15,2023-08-30,DELIVERED
6191,15,90,2026-09-15,2026-10-09,DELIVERED
6192,3,444,2024-07-20,2024-08-19,DELIVERED
6193,6,361,2026-07-27,2026-08-14,DELIVERED
6194,13,54,2026-05-16,2026-05-31,DELIVERED
6195,7,135,2023-08-24,2023-09-21,DELAYED
6196,15,236,2026-08-26,2026-09-05,IN_TRANSIT
6197,2,298,2026-04-22,2026-05-02,DELIVERED
6198,8,148,2025-01-08,2025-01-22,IN_TRANSIT
6199,2,451,2026-02-09,2026-02-22,DELIVERED
6200,16,151,2025-05-17,2025-06-15,DELIVERED
6201,12,422,2025-08-08,2025-08-21,DELIVERED
6202,19,60,2023-07-29,2023-08-14,DELIVERED
6203,8,46,2024-02-05,2024-02-25,DELIVERED
6204,13,244,2024-10-28,2024-11-27,DELIVERED
6205,19,142,2025-02-16,2025-03-16,DELIVERED
6206,7,248,2025-08-30,2025-09-18,DELAYED
6207,7,324,2025-07-11,2025-08-01,DELIVERED
6208,13,239,2026-09-05,2026-09-11,DELIVERED
6209,5,411,2025-08-19,2025-09-09,DELIVERED
6210,13,374,2023-08-05,2023-08-20,DELAYED
6211,16,435,2026-02-06,2026-02-27,DELIVERED
6212,11,314,2026-04-12,2026-04-30,DELIVERED
6213,8,87,2023-09-22,2023-09-30,DELIVERED
6214,12,365,2026-03-22,2026-04-26,DELIVERED
6215,7,174,2025-12-29,2026-01-11,DELIVERED
6216,10,207,2023-12-27,2024-01-13,DELIVERED
6217,4,220,2023-03-14,2023-04-09,DELIVERED
6218,1,471,2025-05-04,2025-05-23,DELIVERED
6219,20,499,2023-10-20,2023-11-28,DELAYED
6220,20,84,2024-03-04,2024-03-17,DELIVERED
6221,17,74,2023-11-22,2023-12-14,DELIVERED
6222,13,144,2024-08-05,2024-09-05,DELIVERED
6223,14,114,2024-04-23,2024-05-10,DELIVERED
6224,11,94,2025-10-17,2025-11-14,IN_TRANSIT
6225,12,116,2025-08-23,2025-08-31,DELIVERED
6226,3,380,2024-08-08,2024-08-29,DELIVERED
6227,19,171,2026-07-14,2026-08-18,DELIVERED
6228,4,377,2026-05-30,2026-06-26,DELIVERED
6229,15,116,2026-08-03,2026-08-13,DELIVERED
6230,16,366,2024-11-21,2024-12-06,IN_TRANSIT
6231,5,206,2025-07-11,2025-07-19,DELIVERED
6232,1,399,2023-06-19,2023-07-12,DELIVERED
6233,4,413,2023-11-11,2023-12-14,DELIVERED
6234,3,490,2025-02-15,2025-03-22,DELIVERED
6235,3,280,2025-08-09,2025-08-30,DELIVERED
6236,6,226,2025-10-06,2025-11-02,DELIVERED
6237,6,90,2023-06-04,2023-07-07,DELIVERED
6238,13,264,2024-11-25,2024-12-16,DELIVERED
6239,20,324,2026-07-16,2026-07-22,DELIVERED
6240,4,271,2025-05-01,2025-05-24,DELIVERED
6241,20,239,2025-12-23,2026-01-01,DELIVERED
6242,14,152,2024-09-28,2024-10-08,DELIVERED
6243,15,134,2023-01-25,2023-02-13,DELIVERED
6244,6,238,2023-02-08,2023-03-01,DELIVERED
6245,5,491,2026-04-25,2026-05-31,DELIVERED
6246,10,70,2023-06-24,2023-07-11,DELIVERED
6247,16,125,2025-06-10,2025-07-07,DELIVERED
6248,2,13,2023-02-12,2023-03-19,DELIVERED
6249,4,267,2026-06-01,2026-06-23,DELAYED
6250,4,431,2024-09-16,2024-10-05,DELIVERED
6251,14,357,2025-06-04,2025-06-19,DELIVERED
6252,13,157,2025-07-08,2025-07-20,IN_TRANSIT
6253,2,251,2023-09-13,2023-09-22,DELIVERED
6254,5,305,2024-09-19,2024-10-03,DELAYED
6255,5,397,2023-07-20,2023-08-14,DELAYED
6256,13,241,2024-08-06,2024-09-04,DELAYED
6257,3,319,2024-08-15,2024-08-29,IN_TRANSIT
6258,11,23,2025-11-16,2025-12-04,DELIVERED
6259,10,382,2023-09-30,2023-10-15,IN_TRANSIT
6260,12,157,2023-05-13,2023-06-15,DELIVERED
6261,20,171,2025-10-28,2025-11-28,DELIVERED
6262,1,184,2024-09-26,2024-10-25,DELIVERED
6263,18,147,2024-08-01,2024-08-10,DELAYED
6264,13,363,2024-08-29,2024-09-23,DELIVERED
6265,2,265,2026-04-28,2026-06-06,DELIVERED
6266,14,499,2023-03-22,2023-04-27,DELIVERED
6267,19,482,2025-06-07,2025-06-28,DELIVERED
6268,15,108,2024-11-30,2025-01-01,DELIVERED
6269,15,405,2023-02-16,2023-03-01,DELIVERED
6270,6,345,2026-07-18,2026-08-16,DELAYED
6271,2,12,2024-03-01,2024-03-28,DELIVERED
6272,1,375,2026-04-18,2026-04-30,DELIVERED
6273,13,330,2023-03-06,2023-03-24,DELIVERED
6274,9,25,2025-08-01,2025-08-22,DELIVERED
6275,19,90,2023-12-05,2023-12-14,DELAYED
6276,12,448,2023-12-30,2024-01-24,DELAYED
6277,13,77,2026-09-24,2026-10-28,DELIVERED
6278,7,410,2023-09-14,2023-10-09,DELIVERED
6279,9,65,2024-08-12,2024-08-30,DELIVERED
6280,15,1,2025-07-15,2025-08-23,DELAYED
6281,10,414,2024-06-26,2024-07-17,DELIVERED
6282,13,275,2025-05-15,2025-06-14,DELIVERED
6283,14,45,2023-09-17,2023-10-01,DELIVERED
6284,18,280,2024-04-18,2024-05-03,IN_TRANSIT
6285,18,153,2025-08-17,2025-09-05,DELIVERED
6286,18,97,2025-01-08,2025-01-14,DELIVERED
6287,16,203,2026-09-20,2026-10-07,DELIVERED
6288,6,263,2024-10-31,2024-11-30,DELIVERED
6289,13,451,2023-10-16,2023-11-16,DELIVERED
6290,1,390,2026-03-19,2026-03-31,DELIVERED
6291,3,405,2025-04-21,2025-05-05,DELIVERED
6292,8,386,2024-04-04,2024-05-03,DELIVERED
6293,8,339,2023-03-21,2023-04-01,DELIVERED
6294,6,136,2023-03-16,2023-04-20,DELIVERED
6295,7,253,2023-11-01,2023-12-10,DELIVERED
6296,18,475,2024-03-29,2024-04-03,DELAYED
6297,6,144,2024-07-06,2024-07-18,DELIVERED
6298,11,48,2025-11-04,2025-11-29,DELAYED
6299,11,383,2023-04-02,2023-05-06,DELIVERED
6300,18,340,2024-09-06,2024-09-20,DELIVERED
6301,11,425,2025-09-27,2025-10-19,DELIVERED
6302,17,49,2023-01-29,2023-02-13,DELIVERED
6303,20,292,2025-03-11,2025-03-16,DELIVERED
6304,13,196,2025-03-17,2025-03-25,DELIVERED
6305,3,31,2025-12-08,2025-12-19,DELIVERED
6306,4,169,2025-11-19,2025-12-18,IN_TRANSIT
6307,11,73,2023-10-01,2023-10-22,DELAYED
6308,11,216,2025-07-08,2025-07-13,IN_TRANSIT
6309,2,119,2026-07-23,2026-08-05,DELIVERED
6310,20,412,2026-04-28,2026-05-28,DELIVERED
6311,4,176,2025-01-13,2025-01-18,DELIVERED
6312,15,473,2023-06-13,2023-07-02,DELIVERED
6313,5,231,2024-07-22,2024-08-12,DELIVERED
6314,13,468,2023-08-26,2023-09-02,DELIVERED
6315,2,376,2024-09-13,2024-09-23,IN_TRANSIT
6316,4,140,2024-11-27,2024-12-30,DELIVERED
6317,7,450,2024-05-08,2024-06-04,DELIVERED
6318,12,438,2025-08-21,2025-09-11,DELIVERED
6319,16,375,2025-12-12,2025-12-25,DELIVERED
6320,18,455,2024-01-14,2024-02-09,DELIVERED
6321,11,361,2024-05-11,2024-06-18,DELIVERED
6322,18,478,2025-09-26,2025-10-21,DELIVERED
6323,20,299,2025-04-02,2025-04-24,IN_TRANSIT
6324,6,293,2024-02-02,2024-02-23,DELAYED
6325,1,312,2023-01-21,2023-02-20,DELIVERED
6326,6,36,2024-08-31,2024-09-11,DELIVERED
6327,11,349,2024-11-25,2024-12-02,DELAYED
6328,11,107,2025-12-03,2026-01-03,DELIVERED
6329,10,333,2025-01-21,2025-02-04,DELIVERED
6330,1,381,2026-03-17,2026-03-26,DELIVERED
6331,7,135,2025-04-11,2025-05-18,DELIVERED
6332,2,95,2025-02-07,2025-02-25,DELIVERED
6333,6,159,2026-03-01,2026-03-09,DELIVERED
6334,3,125,2023-08-24,2023-09-10,DELIVERED
6335,16,339,2023-07-14,2023-07-21,DELIVERED
6336,20,233,2024-03-20,2024-04-05,DELIVERED
6337,4,329,2023-07-31,2023-08-16,DELIVERED
6338,4,206,2023-11-26,2023-12-01,DELIVERED
6339,6,443,2025-04-10,2025-04-15,DELAYED
6340,9,48,2025-06-10,2025-06-26,DELIVERED
6341,15,355,2024-12-12,2025-01-20,DELIVERED
6342,16,341,2023-08-21,2023-09-26,IN_TRANSIT
6343,17,169,2024-07-16,2024-08-11,DELAYED
6344,19,217,2025-11-22,2025-12-21,DELIVERED
6345,1,384,2024-10-20,2024-10-29,IN_TRANSIT
6346,9,157,2023-06-17,2023-07-06,DELIVERED
6347,4,439,2025-12-26,2026-01-02,DELIVERED
6348,16,83,2026-01-13,2026-02-16,IN_TRANSIT
6349,20,215,2026-06-26,2026-07-09,DELIVERED
6350,12,454,2026-01-09,2026-02-16,IN_TRANSIT
6351,1,282,2025-11-18,2025-12-26,IN_TRANSIT
6352,13,442,2023-11-01,2023-11-12,DELIVERED
6353,9,433,2025-12-24,2026-01-03,DELIVERED
6354,6,31,2023-10-21,2023-11-29,DELIVERED
6355,20,132,2023-03-10,2023-04-06,DELIVERED
6356,6,31,2025-02-22,2025-02-28,DELIVERED
6357,2,199,2023-08-08,2023-09-04,DELIVERED
6358,17,90,2025-01-09,2025-02-14,DELIVERED
6359,2,291,2025-07-31,2025-08-09,DELIVERED
6360,11,182,2025-09-17,2025-10-09,DELIVERED
6361,4,250,2024-04-19,2024-05-22,IN_TRANSIT
6362,12,428,2024-11-05,2024-12-13,IN_TRANSIT
6363,1,284,2025-03-25,2025-04-13,DELIVERED
6364,15,380,2025-09-22,2025-10-24,DELIVERED
6365,20,138,2023-07-11,2023-08-19,DELIVERED
6366,8,124,2024-06-01,2024-06-09,DELIVERED
6367,10,185,2023-11-18,2023-11-29,DELIVERED
6368,7,301,2025-07-02,2025-08-03,DELIVERED
6369,13,485,2024-03-29,2024-04-11,DELIVERED
6370,9,268,2026-02-26,2026-03-14,IN_TRANSIT
6371,2,227,2023-11-08,2023-12-14,DELIVERED
6372,13,392,2025-04-14,2025-05-17,DELIVERED
6373,2,151,2025-12-22,2026-01-11,IN_TRANSIT
6374,11,385,2025-11-14,2025-12-21,DELIVERED
6375,18,33,2023-04-16,2023-05-05,DELIVERED
6376,3,427,2023-01-14,2023-02-09,DELIVERED
6377,3,123,2024-03-04,2024-04-04,DELIVERED
6378,11,349,2025-02-23,2025-03-02,DELIVERED
6379,5,498,2025-04-01,2025-04-20,DELIVERED
6380,19,228,2026-03-27,2026-04-26,DELIVERED
6381,19,344,2026-08-16,2026-08-21,DELIVERED
6382,16,382,2024-07-27,2024-08-29,DELIVERED
6383,4,273,2023-01-13,2023-02-17,DELIVERED
6384,13,387,2025-10-29,2025-11-10,DELIVERED
6385,18,51,2025-06-29,2025-07-07,DELIVERED
6386,4,218,2024-04-27,2024-05-17,DELIVERED
6387,12,458,2023-07-25,2023-08-06,DELAYED
6388,1,56,2026-05-16,2026-06-20,DELIVERED
6389,17,489,2025-03-13,2025-04-01,DELIVERED
6390,7,339,2024-05-06,2024-05-16,DELAYED
6391,13,375,2023-12-19,2024-01-25,DELIVERED
6392,6,401,2026-04-25,2026-05-16,DELIVERED
6393,3,265,2023-01-20,2023-02-02,DELIVERED
6394,10,445,2023-03-15,2023-04-06,DELIVERED
6395,8,365,2026-02-04,2026-03-14,DELIVERED
6396,14,336,2025-01-18,2025-02-13,DELIVERED
6397,4,6,2024-09-22,2024-10-19,DELIVERED
6398,1,328,2026-01-03,2026-01-15,DELIVERED
6399,13,235,2026-06-14,2026-06-26,DELAYED
6400,2,327,2026-08-08,2026-09-03,DELIVERED
6401,1,440,2024-03-31,2024-05-03,IN_TRANSIT
6402,11,100,2023-06-17,2023-06-28,DELIVERED
6403,13,22,2024-02-14,2024-03-11,DELIVERED
6404,20,110,2025-11-26,2026-01-04,DELIVERED
6405,11,110,2025-09-13,2025-10-02,DELIVERED
6406,17,285,2024-11-21,2024-12-19,DELIVERED
6407,2,427,2025-12-20,2026-01-10,DELIVERED
6408,14,445,2025-03-19,2025-04-02,DELIVERED
6409,20,284,2025-01-07,2025-02-07,DELIVERED
6410,20,251,2026-04-13,2026-04-18,DELIVERED
6411,8,330,2025-06-08,2025-06-16,DELIVERED
6412,11,236,2026-09-04,2026-10-12,DELIVERED
6413,18,330,2025-07-12,2025-08-11,DELIVERED
6414,4,385,2025-03-31,2025-05-09,DELIVERED
6415,13,421,2024-10-01,2024-10-29,DELIVERED
6416,20,399,2026-09-28,2026-10-14,DELIVERED
6417,11,158,2023-12-20,2024-01-04,DELIVERED
6418,15,487,2026-03-07,2026-03-22,DELIVERED
6419,13,365,2024-10-14,2024-10-22,DELIVERED
6420,19,319,2026-02-07,2026-03-13,DELIVERED
6421,12,196,2023-06-16,2023-07-14,IN_TRANSIT
6422,16,303,2025-11-19,2025-11-28,DELIVERED
6423,10,168,2025-09-03,2025-09-12,DELAYED
6424,4,270,2026-04-26,2026-05-13,DELIVERED
6425,7,380,2025-08-30,2025-10-06,DELIVERED
6426,11,43,2026-06-15,2026-06-29,DELAYED
6427,8,49,2024-01-31,2024-03-09,DELIVERED
6428,14,90,2025-01-11,2025-01-16,DELIVERED
6429,14,376,2024-07-02,2024-07-13,DELIVERED
6430,12,212,2024-06-26,2024-07-05,DELIVERED
6431,4,239,2025-05-10,2025-06-14,DELIVERED
6432,18,107,2026-08-15,2026-08-29,IN_TRANSIT
6433,3,94,2026-07-07,2026-07-28,DELIVERED
6434,11,188,2024-09-22,2024-10-09,DELIVERED
6435,12,80,2026-05-08,2026-06-03,DELIVERED
6436,4,208,2023-07-10,2023-07-25,IN_TRANSIT
6437,8,98,2026-07-14,2026-08-18,DELIVERED
6438,17,30,2024-11-30,2024-12-19,DELIVERED
6439,6,148,2023-12-30,2024-01-21,DELIVERED
6440,12,171,2026-04-21,2026-05-03,DELIVERED
6441,1,248,2025-08-24,2025-10-02,DELAYED
6442,15,83,2025-01-02,2025-01-18,DELAYED
6443,9,27,2025-06-10,2025-06-22,IN_TRANSIT
6444,17,138,2025-04-04,2025-04-19,DELIVERED
6445,12,327,2026-05-03,2026-06-03,DELIVERED
6446,18,44,2024-11-30,2025-01-02,DELIVERED
6447,17,226,2025-03-13,2025-03-24,IN_TRANSIT
6448,13,154,2023-03-01,2023-03-11,IN_TRANSIT
6449,17,96,2025-03-11,2025-04-05,DELIVERED
6450,2,120,2025-10-29,2025-11-30,DELIVERED
6451,20,184,2023-02-20,2023-02-26,DELIVERED
6452,16,301,2024-05-19,2024-06-23,DELIVERED
6453,2,350,2024-05-05,2024-05-13,DELIVERED
6454,1,458,2026-06-11,2026-06-24,DELIVERED
6455,19,259,2024-09-25,2024-10-05,DELIVERED
6456,11,202,2026-03-11,2026-03-28,DELIVERED
6457,12,190,2025-11-24,2025-11-29,DELIVERED
6458,12,35,2025-04-21,2025-05-11,DELIVERED
6459,19,344,2024-09-25,2024-10-28,DELIVERED
6460,16,166,2023-10-10,2023-11-17,DELIVERED
6461,7,93,2025-01-02,2025-01-16,DELAYED
6462,16,85,2023-01-24,2023-02-04,DELIVERED
6463,11,180,2023-10-18,2023-11-22,IN_TRANSIT
6464,13,214,2023-03-13,2023-04-09,DELIVERED
6465,17,489,2024-05-12,2024-06-02,DELAYED
6466,1,313,2025-06-09,2025-07-03,DELIVERED
6467,5,38,2025-10-29,2025-11-22,DELIVERED
6468,1,57,2024-02-29,2024-03-19,DELIVERED
6469,20,397,2026-07-22,2026-08-03,DELIVERED
6470,6,440,2024-12-27,2025-01-26,DELIVERED
6471,1,142,2025-06-06,2025-06-12,DELAYED
6472,18,100,2024-03-16,2024-03-25,DELAYED
6473,9,111,2026-08-06,2026-08-11,DELIVERED
6474,12,70,2024-06-16,2024-06-22,DELIVERED
6475,12,132,2023-03-18,2023-04-13,DELIVERED
6476,4,36,2026-02-13,2026-03-01,DELIVERED
6477,10,197,2023-03-29,2023-04-10,DELIVERED
6478,2,340,2025-06-29,2025-07-11,DELIVERED
6479,2,103,2025-07-10,2025-08-06,DELAYED
6480,17,358,2025-02-21,2025-03-22,DELIVERED
6481,15,227,2025-11-13,2025-12-22,DELAYED
6482,6,379,2023-03-10,2023-03-25,DELIVERED
6483,11,365,2025-11-17,2025-12-11,DELAYED
6484,9,247,2026-07-22,2026-08-03,DELAYED
6485,16,314,2025-03-29,2025-04-28,DELIVERED
6486,3,408,2023-07-10,2023-07-29,DELIVERED
6487,19,446,2023-09-17,2023-10-16,DELIVERED
6488,18,248,2023-09-22,2023-10-26,DELIVERED
6489,16,435,2026-07-21,2026-08-20,DELAYED
6490,5,32,2026-09-20,2026-10-06,IN_TRANSIT
6491,17,242,2024-04-05,2024-05-05,DELIVERED
6492,1,493,2025-03-28,2025-04-29,IN_TRANSIT
6493,19,237,2024-09-22,2024-10-14,DELIVERED
6494,16,240,2025-06-29,2025-07-28,DELIVERED
6495,16,40,2025-08-25,2025-09-26,DELIVERED
6496,7,224,2023-10-02,2023-11-03,DELAYED
6497,18,264,2026-01-21,2026-01-30,DELAYED
6498,16,184,2024-09-20,2024-09-25,DELIVERED
6499,17,477,2024-12-28,2025-01-08,DELIVERED
6500,4,484,2024-10-04,2024-10-24,DELIVERED
6501,5,78,2025-05-28,2025-06-20,IN_TRANSIT
6502,8,48,2026-08-22,2026-09-22,DELIVERED
6503,19,112,2026-03-26,2026-04-12,DELIVERED
6504,17,452,2023-12-05,2023-12-27,DELIVERED
6505,4,304,2025-12-05,2026-01-12,IN_TRANSIT
6506,20,395,2023-05-27,2023-06-28,DELAYED
6507,16,18,2024-08-08,2024-08-26,DELIVERED
6508,14,169,2023-06-15,2023-06-20,DELIVERED
6509,16,206,2025-08-22,2025-09-22,DELIVERED
6510,4,157,2026-03-29,2026-04-20,DELIVERED
6511,4,155,2025-08-20,2025-09-23,DELIVERED
6512,8,316,2025-09-16,2025-09-22,DELIVERED
6513,19,207,2026-04-17,2026-05-10,DELIVERED
6514,18,285,2023-04-19,2023-04-24,DELIVERED
6515,7,100,2024-03-25,2024-04-07,DELIVERED
6516,12,205,2023-02-15,2023-02-20,DELIVERED
6517,13,156,2024-11-26,2024-12-04,IN_TRANSIT
6518,11,72,2024-01-26,2024-02-27,DELIVERED
6519,14,174,2023-07-02,2023-07-13,DELIVERED
6520,9,78,2023-03-01,2023-03-28,DELIVERED
6521,19,500,2023-01-12,2023-02-10,DELIVERED
6522,1,411,2025-12-22,2025-12-29,DELIVERED
6523,8,416,2026-04-07,2026-04-16,DELIVERED
6524,17,313,2024-11-28,2024-12-08,DELIVERED
6525,11,213,2024-02-12,2024-03-06,DELIVERED
6526,13,492,2025-07-16,2025-08-21,DELIVERED
6527,14,383,2026-01-24,2026-02-08,DELAYED
6528,11,262,2024-04-28,2024-05-31,DELIVERED
6529,6,51,2024-01-02,2024-01-26,IN_TRANSIT
6530,17,110,2024-11-16,2024-12-03,DELIVERED
6531,19,113,2025-06-01,2025-06-06,DELAYED
6532,4,84,2025-05-25,2025-06-06,DELIVERED
6533,1,72,2026-02-26,2026-03-15,DELIVERED
6534,7,373,2025-10-12,2025-10-22,DELIVERED
6535,13,282,2024-06-12,2024-07-10,DELAYED
6536,5,45,2023-06-11,2023-07-02,DELAYED
6537,7,328,2025-06-05,2025-06-17,DELIVERED
6538,16,463,2025-10-31,2025-11-14,DELIVERED
6539,14,137,2023-08-04,2023-08-10,DELIVERED
6540,16,386,2023-10-15,2023-10-21,DELIVERED
6541,11,250,2023-01-11,2023-02-03,DELIVERED
6542,11,42,2026-06-15,2026-07-17,IN_TRANSIT
6543,12,21,2024-05-30,2024-06-07,IN_TRANSIT
6544,11,5,2025-11-13,2025-11-18,IN_TRANSIT
6545,17,355,2026-01-04,2026-01-25,DELIVERED
6546,5,351,2025-05-27,2025-06-16,DELIVERED
6547,19,348,2024-06-25,2024-07-02,DELIVERED
6548,20,284,2023-10-28,2023-11-10,DELIVERED
6549,3,205,2026-07-15,2026-07-22,DELIVERED
6550,14,18,2025-03-13,2025-04-10,DELIVERED
6551,4,92,2024-07-21,2024-08-09,IN_TRANSIT
6552,10,277,2026-05-12,2026-06-14,DELIVERED
6553,6,251,2023-03-20,2023-04-06,DELIVERED
6554,13,427,2023-03-28,2023-04-17,IN_TRANSIT
6555,19,394,2024-06-26,2024-07-21,DELIVERED
6556,9,456,2024-03-27,2024-04-15,DELIVERED
6557,11,291,2025-04-18,2025-05-20,IN_TRANSIT
6558,15,182,2024-07-04,2024-08-03,DELIVERED
6559,18,397,2023-05-10,2023-06-18,DELIVERED
6560,3,300,2026-08-25,2026-09-29,DELIVERED
6561,7,445,2023-08-11,2023-08-23,DELIVERED
6562,5,87,2025-06-30,2025-07-27,DELIVERED
6563,20,414,2025-11-28,2026-01-04,IN_TRANSIT
6564,4,477,2023-10-24,2023-11-22,DELIVERED
6565,17,201,2023-06-17,2023-06-23,DELIVERED
6566,2,325,2026-09-29,2026-10-30,IN_TRANSIT
6567,15,82,2024-11-20,2024-12-22,DELIVERED
6568,7,413,2023-08-24,2023-08-29,DELIVERED
6569,14,114,2024-05-11,2024-05-22,DELIVERED
6570,3,387,2023-12-24,2024-01-20,IN_TRANSIT
6571,19,163,2024-12-12,2024-12-20,DELAYED
6572,15,3,2024-02-01,2024-02-14,DELIVERED
6573,14,114,2024-01-24,2024-02-11,DELIVERED
6574,5,235,2025-01-18,2025-02-12,DELIVERED
6575,4,179,2026-01-19,2026-02-23,DELIVERED
6576,5,128,2025-11-23,2025-12-27,DELAYED
6577,7,313,2026-07-07,2026-07-24,IN_TRANSIT
6578,10,94,2023-02-09,2023-03-19,DELIVERED
6579,9,22,2024-10-25,2024-10-31,DELIVERED
6580,2,234,2024-02-26,2024-03-14,DELAYED
6581,10,276,2024-10-20,2024-11-08,IN_TRANSIT
6582,17,325,2023-04-05,2023-04-11,IN_TRANSIT
6583,16,68,2025-05-13,2025-06-21,DELIVERED
6584,17,20,2026-04-14,2026-05-12,DELIVERED
6585,3,29,2026-05-11,2026-05-28,DELIVERED
6586,1,276,2025-03-24,2025-04-01,DELIVERED
6587,2,244,2023-08-20,2023-08-25,DELIVERED
6588,13,367,2025-09-26,2025-10-29,DELIVERED
6589,8,167,2025-05-05,2025-05-16,DELAYED
6590,12,69,2023-01-15,2023-02-20,DELIVERED
6591,16,70,2026-09-11,2026-10-16,IN_TRANSIT
6592,4,242,2026-06-08,2026-07-01,IN_TRANSIT
6593,16,305,2026-08-02,2026-08-20,DELIVERED
6594,10,255,2024-07-12,2024-08-04,DELIVERED
6595,10,66,2023-10-08,2023-10-15,DELIVERED
6596,20,98,2025-12-15,2026-01-04,DELIVERED
6597,18,93,2023-06-02,2023-06-23,DELIVERED
6598,1,432,2024-03-19,2024-04-10,DELIVERED
6599,4,266,2024-02-16,2024-03-01,DELIVERED
6600,17,67,2024-09-02,2024-09-26,DELIVERED
6601,20,468,2025-09-04,2025-09-28,DELIVERED
6602,12,73,2023-08-03,2023-09-03,DELIVERED
6603,7,272,2026-01-06,2026-01-29,DELIVERED
6604,5,48,2026-06-08,2026-07-17,DELIVERED
6605,12,243,2024-09-21,2024-09-28,IN_TRANSIT
6606,18,311,2025-11-17,2025-12-11,DELIVERED
6607,15,70,2025-07-08,2025-07-13,DELIVERED
6608,13,106,2023-06-26,2023-07-10,IN_TRANSIT
6609,6,124,2025-11-28,2025-12-31,DELAYED
6610,14,59,2025-05-07,2025-05-24,DELIVERED
6611,9,54,2023-11-16,2023-12-16,DELIVERED
6612,14,379,2024-04-11,2024-04-17,DELIVERED
6613,14,269,2025-08-23,2025-09-14,DELAYED
6614,18,351,2025-12-26,2026-01-27,DELAYED
6615,13,339,2025-01-10,2025-02-12,DELIVERED
6616,1,22,2023-02-21,2023-03-10,DELIVERED
6617,19,208,2023-07-19,2023-08-02,DELIVERED
6618,3,153,2025-12-05,2026-01-09,DELIVERED
6619,3,389,2023-05-14,2023-06-14,IN_TRANSIT
6620,3,219,2025-05-16,2025-06-13,DELIVERED
6621,11,328,2026-06-11,2026-07-02,DELIVERED
6622,10,156,2024-12-04,2025-01-09,DELIVERED
6623,18,250,2024-03-25,2024-04-13,DELIVERED
6624,8,409,2025-07-24,2025-08-20,DELIVERED
6625,14,153,2026-05-16,2026-06-02,DELIVERED
6626,14,160,2026-04-25,2026-06-02,DELIVERED
6627,9,228,2024-09-20,2024-10-24,DELIVERED
6628,19,296,2024-12-02,2024-12-10,IN_TRANSIT
6629,1,152,2025-01-14,2025-01-25,DELIVERED
6630,17,321,2026-02-18,2026-03-08,DELIVERED
6631,10,363,2025-12-27,2026-01-08,DELIVERED
6632,7,267,2025-01-09,2025-01-19,DELIVERED
6633,4,170,2024-02-04,2024-03-14,DELIVERED
6634,1,93,2023-02-09,2023-03-13,DELIVERED
6635,2,24,2025-02-01,2025-02-14,IN_TRANSIT
6636,1,230,2024-05-30,2024-06-23,DELIVERED
6637,6,77,2025-01-27,2025-02-24,IN_TRANSIT
6638,9,149,2024-10-11,2024-11-14,DELIVERED
6639,4,313,2023-02-07,2023-02-25,DELIVERED
6640,19,394,2023-06-03,2023-06-10,DELIVERED
6641,15,314,2023-04-05,2023-04-14,DELIVERED
6642,20,325,2023-06-10,2023-07-09,DELAYED
6643,1,350,2024-07-16,2024-07-25,DELIVERED
6644,15,189,2025-10-11,2025-11-11,DELIVERED
6645,20,243,2025-02-08,2025-03-14,IN_TRANSIT
6646,5,155,2025-07-24,2025-08-19,DELIVERED
6647,12,227,2025-11-13,2025-12-16,DELIVERED
6648,9,230,2024-01-22,2024-02-24,DELIVERED
6649,20,80,2025-05-08,2025-06-07,DELIVERED
6650,7,79,2023-02-08,2023-02-17,DELIVERED
6651,20,260,2023-12-25,2024-01-24,DELIVERED
6652,15,181,2024-09-01,2024-09-16,DELIVERED
6653,14,146,2026-04-24,2026-05-31,DELAYED
6654,2,65,2024-08-03,2024-08-10,DELAYED
6655,10,164,2024-03-01,2024-03-24,DELIVERED
6656,4,346,2025-09-05,2025-09-24,IN_TRANSIT
6657,4,393,2026-04-15,2026-04-23,DELIVERED
6658,4,218,2023-04-18,2023-05-04,DELIVERED
6659,8,164,2023-11-26,2023-12-20,DELIVERED
6660,3,413,2024-11-15,2024-12-17,DELAYED
6661,2,310,2023-12-15,2023-12-26,DELAYED
6662,19,441,2024-05-19,2024-06-20,DELIVERED
6663,17,278,2024-05-08,2024-06-05,IN_TRANSIT
6664,2,424,2023-11-17,2023-11-28,DELIVERED
6665,12,24,2025-01-22,2025-02-24,DELIVERED
6666,19,259,2023-12-23,2024-01-31,DELIVERED
6667,7,447,2024-12-20,2025-01-28,DELAYED
6668,18,465,2026-09-24,2026-10-21,IN_TRANSIT
6669,17,386,2024-05-10,2024-06-02,IN_TRANSIT
6670,4,375,2024-01-01,2024-02-02,DELIVERED
6671,6,492,2024-03-15,2024-04-22,IN_TRANSIT
6672,10,347,2026-07-12,2026-07-24,DELIVERED
6673,3,100,2026-03-29,2026-04-20,DELIVERED
6674,6,452,2023-11-19,2023-12-24,DELIVERED
6675,14,338,2023-09-26,2023-10-03,DELAYED
6676,14,349,2025-06-24,2025-07-27,DELIVERED
6677,14,399,2024-12-24,2025-01-07,DELAYED
6678,6,282,2026-08-18,2026-09-19,DELIVERED
6679,14,342,2024-05-23,2024-06-03,DELAYED
6680,7,320,2024-05-10,2024-06-01,DELIVERED
6681,18,90,2024-09-10,2024-10-01,DELIVERED
6682,6,183,2026-05-23,2026-06-13,DELIVERED
6683,5,97,2025-06-22,2025-07-25,DELIVERED
6684,9,393,2026-07-30,2026-08-31,DELIVERED
6685,5,130,2024-05-24,2024-05-31,IN_TRANSIT
6686,4,232,2026-08-20,2026-09-19,IN_TRANSIT
6687,9,175,2023-02-17,2023-03-03,DELAYED
6688,2,104,2025-04-09,2025-05-16,DELIVERED
6689,9,454,2024-03-20,2024-03-30,IN_TRANSIT
6690,13,430,2023-05-07,2023-05-17,DELIVERED
6691,1,426,2026-06-17,2026-07-06,DELAYED
6692,17,259,2024-02-15,2024-02-25,DELIVERED
6693,17,79,2023-04-13,2023-05-21,DELIVERED
6694,11,31,2026-04-27,2026-05-24,DELIVERED
6695,18,349,2026-09-03,2026-10-10,DELIVERED
6696,15,310,2025-08-20,2025-09-25,DELAYED
6697,9,33,2023-09-14,2023-10-14,DELIVERED
6698,2,177,2023-09-17,2023-10-07,DELIVERED
6699,8,292,2023-06-12,2023-06-26,DELAYED
6700,15,9,2026-05-09,2026-05-15,DELIVERED
6701,11,333,2026-05-12,2026-06-13,DELIVERED
6702,17,190,2025-05-07,2025-05-23,DELIVERED
6703,4,467,2024-05-29,2024-06-12,DELIVERED
6704,8,494,2025-07-11,2025-08-10,DELIVERED
6705,20,243,2024-05-31,2024-07-08,DELIVERED
6706,3,220,2026-05-21,2026-05-31,DELIVERED
6707,17,459,2024-11-28,2025-01-05,DELIVERED
6708,15,141,2025-12-13,2026-01-06,DELAYED
6709,3,472,2024-03-03,2024-03-31,DELIVERED
6710,5,175,2024-12-16,2025-01-13,DELIVERED
6711,5,85,2023-04-30,2023-05-21,IN_TRANSIT
6712,15,246,2023-02-25,2023-03-10,DELIVERED
6713,4,30,2024-11-06,2024-12-07,DELIVERED
6714,11,83,2024-02-07,2024-02-28,DELIVERED
6715,19,31,2025-07-17,2025-08-15,DELAYED
6716,9,168,2024-04-10,2024-04-20,DELIVERED
6717,16,45,2023-10-21,2023-11-16,DELAYED
6718,2,351,2025-01-23,2025-03-03,DELIVERED
6719,9,200,2025-08-20,2025-09-24,DELIVERED
6720,3,321,2023-10-03,2023-10-15,DELIVERED
6721,19,66,2025-02-09,2025-03-08,DELIVERED
6722,17,435,2023-10-30,2023-11-08,DELIVERED
6723,20,403,2025-11-19,2025-12-26,DELIVERED
6724,16,319,2024-12-16,2025-01-10,DELAYED
6725,4,382,2023-02-05,2023-03-11,DELIVERED
6726,10,430,2026-04-03,2026-04-16,DELIVERED
6727,20,123,2024-06-07,2024-06-17,DELIVERED
6728,6,382,2025-08-11,2025-09-02,DELIVERED
6729,13,370,2025-05-30,2025-07-03,DELIVERED
6730,19,213,2023-08-10,2023-08-30,DELAYED
6731,11,95,2023-11-10,2023-11-25,DELIVERED
6732,12,434,2025-03-04,2025-03-21,DELAYED
6733,20,349,2023-09-02,2023-10-06,DELAYED
6734,5,322,2026-01-27,2026-02-26,DELAYED
6735,1,6,2023-07-29,2023-08-22,DELIVERED
6736,13,327,2026-09-23,2026-10-01,IN_TRANSIT
6737,2,86,2025-07-17,2025-07-28,DELIVERED
6738,10,97,2025-03-11,2025-04-19,DELIVERED
6739,12,495,2026-01-07,2026-02-12,DELIVERED
6740,6,313,2024-02-19,2024-02-28,DELIVERED
6741,12,313,2024-09-05,2024-09-18,DELIVERED
6742,14,364,2024-07-19,2024-08-24,DELIVERED
6743,18,153,2023-07-09,2023-08-13,DELIVERED
6744,8,466,2024-12-09,2024-12-24,DELIVERED
6745,18,46,2025-03-12,2025-04-02,IN_TRANSIT
6746,3,287,2023-06-16,2023-07-12,DELAYED
6747,1,350,2026-09-23,2026-10-06,DELIVERED
6748,18,352,2023-05-12,2023-05-30,IN_TRANSIT
6749,3,491,2024-04-30,2024-05-27,DELIVERED
6750,8,89,2026-08-16,2026-08-30,DELIVERED
6751,5,59,2026-03-08,2026-04-07,DELIVERED
6752,10,265,2026-01-10,2026-01-24,DELIVERED
6753,4,249,2023-12-23,2023-12-31,DELIVERED
6754,17,286,2024-09-25,2024-10-10,DELIVERED
6755,5,352,2023-06-15,2023-06-28,DELIVERED
6756,9,172,2023-01-19,2023-02-16,DELIVERED
6757,14,56,2025-07-28,2025-08-21,IN_TRANSIT
6758,12,233,2024-11-30,2024-12-11,DELIVERED
6759,3,349,2025-10-05,2025-11-04,DELIVERED
6760,12,153,2024-06-14,2024-06-28,DELIVERED
6761,5,117,2025-02-03,2025-03-13,DELIVERED
6762,6,465,2023-07-20,2023-07-25,DELIVERED
6763,8,274,2025-08-06,2025-08-17,IN_TRANSIT
6764,8,18,2025-05-29,2025-06-20,DELIVERED
6765,3,265,2026-08-06,2026-08-31,DELIVERED
6766,7,89,2023-06-07,2023-07-06,DELIVERED
6767,10,270,2024-07-04,2024-08-10,DELIVERED
6768,18,166,2026-05-22,2026-06-08,DELIVERED
6769,6,71,2023-09-08,2023-10-11,DELIVERED
6770,10,304,2024-05-27,2024-06-04,DELIVERED
6771,15,141,2023-06-04,2023-06-13,DELIVERED
6772,13,228,2024-10-09,2024-10-28,DELIVERED
6773,14,457,2024-07-29,2024-08-04,DELIVERED
6774,19,322,2026-04-10,2026-04-20,DELIVERED
6775,18,191,2025-10-15,2025-10-27,DELIVERED
6776,17,260,2024-01-30,2024-02-19,DELIVERED
6777,18,288,2025-10-10,2025-11-06,DELIVERED
6778,10,472,2025-08-30,2025-10-02,DELIVERED
6779,12,408,2023-09-28,2023-10-16,DELIVERED
6780,17,92,2024-02-24,2024-03-17,DELIVERED
6781,8,134,2025-11-09,2025-12-11,DELIVERED
6782,2,352,2024-01-06,2024-02-08,IN_TRANSIT
6783,1,488,2023-10-01,2023-10-26,DELIVERED
6784,10,72,2024-04-25,2024-05-30,DELIVERED
6785,20,176,2025-06-20,2025-07-22,IN_TRANSIT
6786,18,469,2023-09-19,2023-10-18,DELIVERED
6787,15,6,2024-03-08,2024-03-17,DELIVERED
6788,8,460,2023-01-19,2023-02-24,DELIVERED
6789,18,410,2024-09-17,2024-09-27,DELIVERED
6790,9,213,2024-06-11,2024-07-08,DELIVERED
6791,15,143,2026-09-18,2026-10-27,DELIVERED
6792,14,313,2025-03-28,2025-05-01,DELAYED
6793,11,300,2025-07-27,2025-08-28,DELIVERED
6794,3,338,2024-03-04,2024-04-07,DELIVERED
6795,13,214,2023-06-13,2023-07-03,DELIVERED
6796,1,58,2024-07-10,2024-07-16,DELIVERED
6797,17,377,2024-01-21,2024-02-16,DELIVERED
6798,17,446,2026-01-18,2026-02-10,DELIVERED
6799,16,295,2025-11-04,2025-11-18,DELIVERED
6800,2,358,2023-02-17,2023-03-13,DELIVERED
6801,1,279,2025-08-15,2025-08-20,IN_TRANSIT
6802,14,255,2025-02-21,2025-03-28,DELIVERED
6803,3,315,2024-10-22,2024-11-09,DELIVERED
6804,4,315,2023-09-14,2023-10-12,DELIVERED
6805,18,234,2026-07-17,2026-08-03,DELIVERED
6806,17,312,2025-05-20,2025-06-02,DELIVERED
6807,10,199,2025-01-02,2025-01-07,DELIVERED
6808,5,197,2024-05-29,2024-06-23,DELIVERED
6809,10,419,2024-06-18,2024-07-10,DELIVERED
6810,18,205,2024-04-06,2024-04-11,DELIVERED
6811,11,274,2024-06-14,2024-07-22,DELIVERED
6812,3,7,2023-03-26,2023-04-17,DELIVERED
6813,19,409,2025-02-07,2025-02-20,DELAYED
6814,16,236,2026-03-05,2026-03-15,DELIVERED
6815,14,211,2024-07-01,2024-07-31,DELIVERED
6816,9,35,2026-08-03,2026-08-15,DELIVERED
6817,9,305,2026-02-14,2026-03-22,DELIVERED
6818,19,25,2024-07-06,2024-07-14,DELIVERED
6819,20,34,2023-06-28,2023-07-07,DELIVERED
6820,11,458,2025-08-05,2025-08-30,DELIVERED
6821,3,414,2025-10-11,2025-10-16,DELAYED
6822,10,410,2025-02-08,2025-03-07,DELIVERED
6823,3,112,2024-03-16,2024-04-23,DELIVERED
6824,16,126,2026-09-03,2026-09-11,IN_TRANSIT
6825,17,156,2026-08-15,2026-08-30,IN_TRANSIT
6826,15,217,2023-03-22,2023-03-28,IN_TRANSIT
6827,16,395,2025-04-20,2025-04-29,DELIVERED
6828,13,102,2023-06-02,2023-06-08,DELIVERED
6829,15,244,2024-11-21,2024-12-18,DELIVERED
6830,20,471,2025-03-27,2025-05-05,IN_TRANSIT
6831,17,464,2026-09-24,2026-10-21,DELIVERED
6832,4,292,2023-01-15,2023-02-08,DELIVERED
6833,7,176,2024-08-28,2024-09-29,DELIVERED
6834,3,61,2023-03-25,2023-04-18,DELIVERED
6835,11,312,2026-01-06,2026-01-28,IN_TRANSIT
6836,8,477,2025-03-29,2025-04-09,DELIVERED
6837,13,45,2023-10-19,2023-11-16,DELAYED
6838,6,72,2026-04-12,2026-05-20,IN_TRANSIT
6839,9,188,2026-02-24,2026-03-19,DELIVERED
6840,11,258,2024-11-08,2024-11-13,DELIVERED
6841,17,121,2025-11-22,2025-12-09,DELIVERED
6842,19,200,2024-05-20,2024-06-03,DELAYED
6843,20,139,2024-10-07,2024-10-20,DELIVERED
6844,11,229,2024-08-30,2024-09-07,DELIVERED
6845,14,305,2023-05-03,2023-06-11,IN_TRANSIT
6846,12,6,2024-06-01,2024-06-10,DELIVERED
6847,12,469,2023-12-31,2024-01-21,DELIVERED
6848,18,387,2025-11-26,2025-12-11,DELIVERED
6849,7,49,2025-05-15,2025-05-20,DELIVERED
6850,14,223,2024-08-13,2024-09-19,DELIVERED
6851,18,156,2026-05-22,2026-05-31,DELIVERED
6852,9,106,2026-07-21,2026-08-23,DELIVERED
6853,13,330,2024-09-04,2024-09-13,DELIVERED
6854,16,297,2025-12-02,2025-12-07,DELIVERED
6855,3,108,2026-05-22,2026-06-25,DELIVERED
6856,2,500,2025-05-11,2025-06-15,IN_TRANSIT
6857,12,45,2025-11-24,2025-12-05,DELIVERED
6858,15,36,2025-04-07,2025-05-02,IN_TRANSIT
6859,4,449,2026-02-04,2026-03-01,IN_TRANSIT
6860,8,206,2023-08-04,2023-08-20,DELAYED
6861,16,120,2023-07-28,2023-08-15,DELIVERED
6862,8,268,2024-09-06,2024-09-14,DELIVERED
6863,3,479,2025-09-08,2025-10-04,DELIVERED
6864,19,186,2023-07-29,2023-08-20,DELAYED
6865,13,497,2025-05-03,2025-06-05,DELIVERED
6866,3,4,2023-05-16,2023-05-30,DELIVERED
6867,7,298,2026-08-06,2026-08-13,DELAYED
6868,3,197,2025-05-18,2025-06-18,DELIVERED
6869,13,1,2026-07-28,2026-08-11,DELIVERED
6870,9,469,2023-05-13,2023-05-22,DELAYED
6871,13,302,2025-10-24,2025-12-01,DELIVERED
6872,17,70,2025-02-26,2025-03-03,IN_TRANSIT
6873,17,267,2025-01-04,2025-02-01,DELIVERED
6874,17,411,2024-04-20,2024-04-29,DELIVERED
6875,16,140,2026-01-26,2026-03-05,DELIVERED
6876,14,51,2026-04-21,2026-04-29,DELIVERED
6877,1,163,2025-08-06,2025-09-04,DELAYED
6878,13,54,2026-09-15,2026-10-09,DELIVERED
6879,17,306,2026-06-12,2026-07-10,DELAYED
6880,3,84,2025-09-11,2025-09-28,DELIVERED
6881,19,220,2026-05-11,2026-05-23,DELIVERED
6882,14,14,2025-09-28,2025-10-11,DELAYED
6883,1,48,2024-11-18,2024-12-14,DELIVERED
6884,15,392,2026-02-27,2026-03-04,DELIVERED
6885,14,450,2024-04-21,2024-05-25,DELIVERED
6886,13,457,2023-10-04,2023-10-14,DELIVERED
6887,9,392,2024-04-18,2024-05-11,DELIVERED
6888,18,345,2025-07-01,2025-07-23,DELAYED
6889,4,298,2024-01-11,2024-01-31,DELIVERED
6890,2,274,2026-03-22,2026-04-29,DELIVERED
6891,4,492,2026-07-10,2026-08-10,DELIVERED
6892,17,309,2024-07-08,2024-08-15,DELIVERED
6893,5,69,2024-04-16,2024-05-22,DELIVERED
6894,15,75,2023-04-04,2023-04-28,DELIVERED
6895,14,125,2025-08-14,2025-09-19,DELIVERED
6896,5,109,2026-05-03,2026-05-09,DELIVERED
6897,16,40,2024-01-02,2024-01-16,IN_TRANSIT
6898,3,170,2024-06-12,2024-06-22,DELIVERED
6899,20,408,2026-08-10,2026-08-16,DELIVERED
6900,16,210,2023-05-31,2023-07-06,DELIVERED
6901,9,489,2023-05-19,2023-06-16,IN_TRANSIT
6902,20,30,2024-08-03,2024-09-04,DELIVERED
6903,13,486,2023-04-16,2023-04-25,DELIVERED
6904,15,436,2025-10-01,2025-10-25,DELIVERED
6905,16,240,2026-05-14,2026-05-30,DELIVERED
6906,5,289,2023-05-10,2023-05-21,DELIVERED
6907,13,331,2024-10-12,2024-11-19,DELIVERED
6908,7,71,2023-10-02,2023-10-13,DELIVERED
6909,2,222,2025-03-18,2025-04-11,DELAYED
6910,18,3,2024-10-05,2024-10-20,DELIVERED
6911,17,448,2026-08-08,2026-08-22,DELIVERED
6912,20,307,2023-05-21,2023-06-13,IN_TRANSIT
6913,13,339,2024-11-05,2024-11-14,IN_TRANSIT
6914,15,217,2025-07-26,2025-08-09,DELIVERED
6915,18,423,2025-03-02,2025-03-15,DELIVERED
6916,15,439,2024-06-03,2024-07-09,DELIVERED
6917,7,450,2025-02-21,2025-04-01,DELIVERED
6918,16,101,2024-12-25,2025-02-02,DELIVERED
6919,3,251,2025-02-04,2025-02-17,IN_TRANSIT
6920,4,266,2024-08-01,2024-08-13,DELIVERED
6921,10,221,2023-05-30,2023-07-06,DELIVERED
6922,12,435,2024-12-01,2024-12-28,DELIVERED
6923,9,118,2024-09-20,2024-10-21,DELAYED
6924,20,237,2025-03-14,2025-04-16,DELIVERED
6925,12,173,2024-02-23,2024-03-20,DELIVERED
6926,4,156,2025-11-04,2025-11-15,DELIVERED
6927,1,368,2026-09-23,2026-10-11,DELIVERED
6928,10,311,2024-06-24,2024-07-06,DELAYED
6929,7,199,2023-01-20,2023-01-25,IN_TRANSIT
6930,15,466,2024-04-27,2024-05-05,DELIVERED
6931,6,16,2023-02-04,2023-03-06,DELIVERED
6932,19,290,2025-05-06,2025-06-06,DELIVERED
6933,4,196,2025-08-15,2025-09-11,DELIVERED
6934,4,448,2025-05-27,2025-06-03,DELIVERED
6935,14,10,2025-09-17,2025-10-01,IN_TRANSIT
6936,1,182,2026-03-10,2026-03-23,DELAYED
6937,2,306,2026-05-11,2026-06-17,DELIVERED
6938,13,386,2023-12-12,2023-12-27,DELAYED
6939,1,231,2024-11-15,2024-11-27,DELIVERED
6940,6,469,2024-07-15,2024-07-20,DELIVERED
6941,2,429,2025-11-24,2025-12-01,IN_TRANSIT
6942,17,59,2024-04-26,2024-05-31,DELAYED
6943,9,366,2023-11-21,2023-12-03,DELIVERED
6944,14,214,2024-04-02,2024-04-22,DELIVERED
6945,17,147,2023-10-30,2023-11-17,DELAYED
6946,15,302,2023-04-07,2023-05-08,DELAYED
6947,20,453,2025-02-02,2025-02-09,DELIVERED
6948,19,21,2026-04-21,2026-05-10,DELAYED
6949,19,94,2023-06-11,2023-06-23,DELIVERED
6950,2,20,2025-01-16,2025-02-11,DELIVERED
6951,7,114,2023-06-04,2023-06-15,DELIVERED
6952,2,113,2025-02-28,2025-03-20,DELAYED
6953,18,132,2026-08-17,2026-08-26,DELIVERED
6954,1,17,2026-09-29,2026-10-23,DELAYED
6955,15,344,2025-02-24,2025-03-01,IN_TRANSIT
6956,15,109,2024-04-01,2024-05-03,DELIVERED
6957,11,406,2023-12-14,2024-01-02,DELAYED
6958,8,232,2024-07-27,2024-08-03,IN_TRANSIT
6959,3,288,2023-04-10,2023-04-25,DELIVERED
6960,19,68,2026-03-04,2026-04-05,DELIVERED
6961,13,447,2026-09-02,2026-09-23,IN_TRANSIT
6962,4,66,2025-01-16,2025-01-27,DELIVERED
6963,7,453,2026-03-23,2026-04-07,DELIVERED
6964,17,415,2023-09-08,2023-09-28,DELIVERED
6965,10,311,2025-04-14,2025-05-19,DELIVERED
6966,6,424,2023-12-18,2024-01-23,DELIVERED
6967,11,79,2023-01-12,2023-02-01,DELIVERED
6968,19,232,2023-06-20,2023-06-27,DELIVERED
6969,5,482,2026-09-18,2026-09-23,DELIVERED
6970,12,69,2025-05-11,2025-06-12,DELIVERED
6971,7,259,2024-08-28,2024-09-13,DELIVERED
6972,4,5,2023-10-09,2023-10-20,DELIVERED
6973,10,326,2026-05-10,2026-06-13,DELIVERED
6974,11,67,2023-02-13,2023-03-10,DELIVERED
6975,4,179,2024-02-19,2024-03-22,DELIVERED
6976,18,189,2024-08-03,2024-08-09,DELIVERED
6977,15,124,2026-04-05,2026-04-15,DELAYED
6978,12,289,2026-03-09,2026-03-31,DELIVERED
6979,7,327,2023-07-23,2023-08-07,DELIVERED
6980,13,101,2026-06-21,2026-07-21,DELIVERED
6981,18,368,2026-04-02,2026-04-13,DELIVERED
6982,1,102,2023-04-06,2023-04-15,DELIVERED
6983,18,50,2025-06-13,2025-07-09,IN_TRANSIT
6984,17,195,2024-07-14,2024-07-30,DELAYED
6985,1,77,2023-11-24,2023-12-07,DELAYED
6986,11,50,2023-05-06,2023-05-18,DELAYED
6987,13,85,2023-04-28,2023-05-03,DELIVERED
6988,14,461,2024-03-25,2024-04-25,IN_TRANSIT
6989,1,188,2026-08-23,2026-08-29,DELIVERED
6990,1,425,2024-08-25,2024-08-31,IN_TRANSIT
6991,13,227,2025-10-09,2025-10-18,DELIVERED
6992,10,12,2023-03-17,2023-03-25,IN_TRANSIT
6993,18,245,2023-06-12,2023-06-19,DELIVERED
6994,4,416,2025-02-27,2025-04-06,DELIVERED
6995,4,299,2023-08-14,2023-09-17,DELIVERED
6996,18,244,2023-12-19,2024-01-16,DELIVERED
6997,3,361,2023-07-18,2023-08-10,DELIVERED
6998,17,457,2026-08-02,2026-08-12,IN_TRANSIT
6999,17,152,2025-02-20,2025-03-26,DELIVERED
7000,13,35,2025-03-09,2025-03-21,DELIVERED
7001,1,453,2023-06-23,2023-07-13,DELIVERED
7002,3,63,2026-03-08,2026-03-24,DELIVERED
7003,8,146,2025-12-16,2026-01-19,IN_TRANSIT
7004,20,347,2025-06-17,2025-07-05,DELIVERED
7005,5,408,2024-03-13,2024-03-20,DELIVERED
7006,7,211,2024-12-10,2024-12-18,DELIVERED
7007,10,165,2024-10-11,2024-11-15,DELIVERED
7008,10,73,2023-11-24,2023-12-31,DELIVERED
7009,12,167,2023-08-15,2023-08-29,DELIVERED
7010,13,160,2024-03-21,2024-04-28,DELIVERED
7011,11,298,2026-03-12,2026-04-01,DELIVERED
7012,19,436,2026-08-29,2026-09-08,DELIVERED
7013,17,40,2025-02-18,2025-03-12,DELIVERED
7014,8,459,2023-09-10,2023-09-15,DELIVERED
7015,16,320,2025-09-08,2025-10-01,DELIVERED
7016,18,17,2026-05-27,2026-06-19,DELAYED
7017,11,359,2024-07-09,2024-08-07,IN_TRANSIT
7018,11,401,2023-09-25,2023-10-31,DELIVERED
7019,1,493,2024-03-07,2024-03-27,DELIVERED
7020,12,181,2025-02-23,2025-03-12,DELIVERED
7021,16,202,2026-06-13,2026-07-03,DELIVERED
7022,5,110,2026-07-18,2026-08-20,DELAYED
7023,18,246,2024-11-28,2024-12-25,DELIVERED
7024,11,401,2025-05-24,2025-06-25,DELIVERED
7025,20,320,2023-04-21,2023-05-25,DELIVERED
7026,5,428,2024-05-17,2024-06-13,DELIVERED
7027,1,178,2025-02-04,2025-03-08,DELAYED
7028,10,56,2025-05-21,2025-06-02,DELIVERED
7029,4,298,2025-08-16,2025-09-01,IN_TRANSIT
7030,8,162,2023-02-20,2023-03-22,DELIVERED
7031,20,488,2024-08-03,2024-09-10,DELIVERED
7032,8,141,2023-11-25,2023-12-21,DELIVERED
7033,19,141,2023-05-06,2023-05-15,DELIVERED
7034,15,129,2024-07-26,2024-08-19,DELAYED
7035,12,252,2024-06-04,2024-06-19,DELIVERED
7036,5,179,2025-09-30,2025-10-25,DELAYED
7037,7,444,2023-11-25,2023-12-05,DELIVERED
7038,9,160,2023-07-24,2023-08-18,DELIVERED
7039,18,36,2024-03-17,2024-04-18,DELIVERED
7040,7,175,2026-04-11,2026-05-10,IN_TRANSIT
7041,20,82,2026-04-07,2026-04-20,DELIVERED
7042,18,20,2026-01-24,2026-02-11,DELIVERED
7043,16,396,2026-01-22,2026-02-20,DELIVERED
7044,16,146,2024-08-26,2024-09-26,DELIVERED
7045,6,373,2025-07-26,2025-08-19,DELIVERED
7046,10,416,2024-06-23,2024-07-19,DELIVERED
7047,6,407,2024-06-21,2024-07-10,DELIVERED
7048,20,260,2025-11-09,2025-11-18,DELIVERED
7049,3,421,2024-10-09,2024-11-06,DELIVERED
7050,6,164,2024-05-19,2024-06-25,DELAYED
7051,5,54,2025-12-31,2026-01-27,DELIVERED
7052,8,436,2025-03-21,2025-04-04,IN_TRANSIT
7053,3,51,2024-06-29,2024-07-09,DELIVERED
7054,1,3,2024-12-11,2024-12-20,DELIVERED
7055,6,49,2023-01-28,2023-02-09,IN_TRANSIT
7056,9,27,2025-06-19,2025-06-30,DELIVERED
7057,19,102,2024-10-24,2024-11-05,DELIVERED
7058,20,137,2024-11-13,2024-12-21,DELIVERED
7059,8,215,2024-11-05,2024-11-10,DELIVERED
7060,18,365,2023-05-16,2023-06-13,DELIVERED
7061,2,480,2025-11-27,2025-12-27,DELAYED
7062,5,494,2023-08-23,2023-08-30,DELIVERED
7063,2,400,2023-01-13,2023-01-24,DELIVERED
7064,1,248,2024-05-04,2024-05-16,DELIVERED
7065,13,178,2026-08-13,2026-09-01,IN_TRANSIT
7066,17,431,2024-01-24,2024-02-22,DELIVERED
7067,1,169,2026-09-11,2026-10-02,DELIVERED
7068,2,128,2026-03-09,2026-03-20,IN_TRANSIT
7069,15,197,2024-09-03,2024-09-26,DELIVERED
7070,18,156,2023-03-25,2023-04-12,DELIVERED
7071,13,241,2025-03-11,2025-04-18,DELIVERED
7072,16,63,2026-07-05,2026-07-30,DELIVERED
7073,5,216,2023-04-25,2023-06-03,DELIVERED
7074,1,491,2026-06-14,2026-07-06,DELIVERED
7075,12,474,2026-06-15,2026-07-18,DELIVERED
7076,18,375,2025-09-24,2025-10-30,DELIVERED
7077,3,192,2024-04-12,2024-04-19,DELIVERED
7078,4,86,2024-10-15,2024-10-28,DELIVERED
7079,10,208,2024-10-19,2024-11-13,DELAYED
7080,8,126,2025-07-04,2025-07-12,IN_TRANSIT
7081,11,350,2024-09-22,2024-10-16,DELIVERED
7082,15,54,2025-07-16,2025-07-29,DELIVERED
7083,3,71,2024-02-26,2024-04-01,DELIVERED
7084,11,471,2026-08-14,2026-09-15,DELIVERED
7085,6,127,2023-06-08,2023-06-26,DELIVERED
7086,14,145,2024-06-02,2024-06-30,DELIVERED
7087,13,87,2024-11-30,2024-12-05,DELIVERED
7088,4,362,2024-10-04,2024-11-09,DELIVERED
7089,20,221,2024-01-21,2024-02-13,DELIVERED
7090,13,42,2026-08-28,2026-09-07,DELAYED
7091,4,414,2025-03-29,2025-04-10,DELIVERED
7092,13,310,2026-01-18,2026-02-01,DELIVERED
7093,19,182,2025-12-17,2025-12-26,DELIVERED
7094,19,250,2026-07-11,2026-07-18,IN_TRANSIT
7095,18,315,2026-02-17,2026-03-21,DELIVERED
7096,1,52,2025-03-02,2025-04-06,DELIVERED
7097,15,186,2023-09-30,2023-11-08,DELIVERED
7098,1,83,2025-05-24,2025-06-27,DELIVERED
7099,8,436,2023-12-18,2024-01-03,DELAYED
7100,7,139,2023-06-25,2023-07-24,DELIVERED
7101,12,34,2023-01-26,2023-02-21,DELIVERED
7102,5,149,2023-04-22,2023-04-27,DELIVERED
7103,6,406,2023-02-23,2023-03-01,DELIVERED
7104,4,251,2025-05-05,2025-05-30,DELIVERED
7105,8,337,2025-01-17,2025-01-22,DELIVERED
7106,5,102,2026-04-07,2026-04-20,DELIVERED
7107,9,348,2026-01-06,2026-01-26,DELIVERED
7108,4,220,2023-05-12,2023-06-12,DELIVERED
7109,9,113,2024-12-06,2025-01-07,DELIVERED
7110,2,400,2023-05-18,2023-06-22,IN_TRANSIT
7111,13,289,2025-03-06,2025-04-01,IN_TRANSIT
7112,4,316,2026-03-08,2026-03-24,DELIVERED
7113,9,273,2024-07-28,2024-08-28,DELIVERED
7114,12,496,2023-08-27,2023-09-25,DELIVERED
7115,17,47,2023-11-19,2023-11-26,DELIVERED
7116,14,496,2023-09-05,2023-10-10,DELIVERED
7117,8,106,2023-10-05,2023-10-31,DELIVERED
7118,2,92,2025-09-13,2025-10-07,DELIVERED
7119,19,154,2026-02-01,2026-03-01,IN_TRANSIT
7120,9,144,2024-11-14,2024-11-23,DELIVERED
7121,8,437,2023-09-03,2023-10-06,DELIVERED
7122,14,454,2026-07-17,2026-07-26,DELIVERED
7123,6,410,2023-12-25,2024-02-02,DELIVERED
7124,6,129,2026-09-11,2026-10-16,DELIVERED
7125,15,133,2024-11-01,2024-11-16,DELIVERED
7126,13,193,2023-02-24,2023-03-24,IN_TRANSIT
7127,3,128,2024-10-14,2024-11-02,DELIVERED
7128,9,124,2023-02-03,2023-02-24,DELIVERED
7129,16,262,2023-12-22,2024-01-05,DELIVERED
7130,20,8,2024-11-03,2024-11-18,DELIVERED
7131,12,1,2024-04-02,2024-04-18,DELAYED
7132,2,381,2026-05-10,2026-06-09,DELIVERED
7133,20,25,2024-10-27,2024-11-16,DELIVERED
7134,17,37,2025-09-22,2025-10-23,DELIVERED
7135,1,83,2025-10-15,2025-10-23,DELIVERED
7136,13,82,2023-10-30,2023-11-17,DELIVERED
7137,10,484,2024-04-16,2024-05-13,DELIVERED
7138,4,322,2026-09-30,2026-10-29,DELIVERED
7139,2,494,2025-12-02,2025-12-14,DELIVERED
7140,13,102,2025-11-15,2025-12-23,DELIVERED
7141,11,330,2025-05-11,2025-06-08,DELIVERED
7142,8,305,2024-08-16,2024-09-15,DELIVERED
7143,16,350,2024-07-11,2024-08-12,DELIVERED
7144,16,268,2024-09-26,2024-10-06,DELAYED
7145,4,478,2024-06-13,2024-07-21,DELIVERED
7146,10,155,2026-03-23,2026-03-31,DELIVERED
7147,7,463,2024-03-09,2024-03-25,DELIVERED
7148,1,90,2025-03-01,2025-03-28,DELIVERED
7149,3,423,2025-06-22,2025-07-21,DELIVERED
7150,2,227,2024-12-02,2024-12-07,DELIVERED
7151,10,234,2024-10-20,2024-11-10,DELIVERED
7152,20,412,2024-07-02,2024-07-08,DELIVERED
7153,6,41,2025-03-28,2025-04-06,DELIVERED
7154,3,159,2026-01-07,2026-01-17,DELIVERED
7155,20,243,2024-12-15,2024-12-30,DELIVERED
7156,12,226,2023-05-06,2023-05-26,DELIVERED
7157,1,306,2024-03-10,2024-04-08,DELIVERED
7158,3,435,2023-04-16,2023-05-06,DELIVERED
7159,12,204,2025-06-16,2025-07-05,DELAYED
7160,18,387,2026-02-02,2026-02-17,DELIVERED
7161,4,202,2026-05-16,2026-06-03,DELIVERED
7162,2,64,2024-06-28,2024-07-29,DELIVERED
7163,17,30,2025-04-12,2025-05-20,IN_TRANSIT
7164,16,431,2024-02-01,2024-02-29,DELIVERED
7165,4,94,2024-04-03,2024-05-05,DELIVERED
7166,2,452,2025-01-02,2025-02-02,DELIVERED
7167,15,289,2023-07-23,2023-08-24,DELIVERED
7168,9,446,2026-08-08,2026-09-16,IN_TRANSIT
7169,7,266,2026-02-27,2026-03-17,DELIVERED
7170,7,451,2026-05-11,2026-06-02,DELIVERED
7171,20,82,2026-02-27,2026-03-12,DELIVERED
7172,9,372,2024-06-06,2024-07-15,DELIVERED
7173,1,15,2024-05-08,2024-06-08,DELIVERED
7174,15,197,2025-07-18,2025-08-25,DELIVERED
7175,5,78,2025-02-13,2025-02-27,DELIVERED
7176,7,123,2025-01-17,2025-02-09,IN_TRANSIT
7177,14,466,2024-12-12,2024-12-18,DELIVERED
7178,18,54,2024-04-13,2024-05-18,DELIVERED
7179,5,30,2023-09-18,2023-09-23,DELIVERED
7180,9,54,2023-11-17,2023-12-20,DELIVERED
7181,15,485,2023-01-30,2023-02-15,DELIVERED
7182,12,187,2025-04-11,2025-04-28,DELIVERED
7183,16,490,2026-02-17,2026-03-25,DELIVERED
7184,17,444,2026-06-27,2026-07-25,IN_TRANSIT
7185,10,363,2024-02-18,2024-03-06,DELIVERED
7186,9,315,2023-01-17,2023-01-23,DELIVERED
7187,19,335,2024-05-04,2024-06-05,DELIVERED
7188,3,218,2025-06-01,2025-07-09,DELAYED
7189,14,353,2023-10-30,2023-11-09,DELIVERED
7190,6,354,2026-06-23,2026-08-01,DELIVERED
7191,16,244,2025-03-10,2025-04-11,DELIVERED
7192,13,70,2023-03-14,2023-04-01,DELIVERED
7193,11,395,2026-08-30,2026-09-23,DELIVERED
7194,13,218,2023-01-31,2023-02-15,DELAYED
7195,1,112,2025-11-15,2025-12-22,DELIVERED
7196,10,345,2024-01-06,2024-01-29,DELIVERED
7197,17,187,2024-05-15,2024-05-31,IN_TRANSIT
7198,16,154,2024-09-12,2024-10-20,DELIVERED
7199,7,45,2025-01-24,2025-02-18,DELIVERED
7200,18,152,2024-11-28,2024-12-24,DELIVERED
7201,11,294,2023-08-18,2023-08-26,DELIVERED
7202,14,2,2024-02-17,2024-02-28,DELIVERED
7203,20,294,2026-06-27,2026-07-29,DELIVERED
7204,4,66,2023-06-02,2023-06-13,IN_TRANSIT
7205,13,276,2025-07-27,2025-08-14,DELIVERED
7206,8,398,2023-12-05,2024-01-07,DELIVERED
7207,18,245,2024-02-28,2024-03-12,DELIVERED
7208,17,352,2023-12-06,2023-12-26,IN_TRANSIT
7209,11,12,2024-09-03,2024-09-16,DELIVERED
7210,10,116,2025-10-03,2025-10-29,DELIVERED
7211,3,499,2023-10-31,2023-11-07,DELIVERED
7212,14,258,2023-01-19,2023-02-11,IN_TRANSIT
7213,5,40,2024-11-22,2024-12-07,DELIVERED
7214,14,419,2024-10-14,2024-11-06,DELAYED
7215,13,192,2025-05-03,2025-05-28,DELAYED
7216,18,441,2025-01-22,2025-02-27,DELIVERED
7217,20,407,2025-11-10,2025-12-10,DELIVERED
7218,9,185,2023-05-28,2023-06-21,DELIVERED
7219,3,43,2025-10-19,2025-10-24,DELIVERED
7220,16,390,2024-01-31,2024-02-05,DELIVERED
7221,15,247,2024-10-21,2024-11-21,DELIVERED
7222,6,488,2025-06-25,2025-07-23,DELIVERED
7223,4,140,2024-10-15,2024-10-28,DELIVERED
7224,12,178,2024-09-08,2024-09-22,DELIVERED
7225,11,275,2024-12-23,2025-01-22,DELIVERED
7226,7,185,2024-02-26,2024-03-21,DELIVERED
7227,8,345,2025-07-07,2025-07-13,DELIVERED
7228,6,174,2025-06-04,2025-06-17,IN_TRANSIT
7229,20,8,2023-08-04,2023-09-03,DELIVERED
7230,19,284,2025-09-16,2025-10-11,DELIVERED
7231,1,152,2024-05-11,2024-05-25,DELAYED
7232,2,445,2024-03-26,2024-04-17,DELIVERED
7233,5,464,2024-06-24,2024-07-22,DELIVERED
7234,7,500,2023-01-23,2023-02-07,DELIVERED
7235,10,92,2024-03-13,2024-04-15,DELIVERED
7236,12,492,2024-04-24,2024-05-20,DELIVERED
7237,8,380,2026-01-05,2026-01-28,DELIVERED
7238,16,39,2023-01-19,2023-02-27,DELIVERED
7239,14,250,2024-03-19,2024-03-30,DELIVERED
7240,20,403,2025-10-25,2025-11-05,DELIVERED
7241,19,211,2023-10-03,2023-11-02,DELAYED
7242,1,33,2023-07-24,2023-08-18,DELIVERED
7243,6,133,2024-07-09,2024-07-31,DELIVERED
7244,10,479,2024-04-26,2024-05-15,DELIVERED
7245,10,195,2023-04-14,2023-05-18,DELAYED
7246,15,344,2026-09-30,2026-11-06,IN_TRANSIT
7247,19,282,2025-02-10,2025-02-19,IN_TRANSIT
7248,8,477,2026-07-03,2026-07-09,DELIVERED
7249,2,77,2023-10-01,2023-11-05,DELIVERED
7250,15,353,2024-02-01,2024-02-22,DELIVERED
7251,8,129,2023-06-11,2023-06-22,DELIVERED
7252,10,21,2024-03-15,2024-04-20,DELIVERED
7253,17,240,2025-02-24,2025-03-10,IN_TRANSIT
7254,15,235,2025-03-08,2025-03-29,DELIVERED
7255,13,488,2023-04-26,2023-05-03,DELIVERED
7256,13,489,2023-03-08,2023-04-02,DELIVERED
7257,6,209,2023-10-14,2023-11-06,DELIVERED
7258,17,365,2024-06-21,2024-07-10,DELIVERED
7259,15,41,2026-03-09,2026-03-27,DELIVERED
7260,2,357,2026-05-31,2026-06-10,DELIVERED
7261,13,361,2023-01-30,2023-02-04,DELIVERED
7262,14,495,2025-06-04,2025-06-24,IN_TRANSIT
7263,20,76,2026-01-18,2026-02-17,DELIVERED
7264,13,376,2023-02-16,2023-03-16,DELIVERED
7265,18,85,2025-07-02,2025-07-13,DELIVERED
7266,4,352,2025-05-20,2025-06-17,DELIVERED
7267,9,289,2023-03-18,2023-04-24,DELIVERED
7268,9,473,2025-11-04,2025-11-25,DELIVERED
7269,9,312,2024-12-01,2024-12-16,DELIVERED
7270,15,282,2025-01-14,2025-01-22,DELIVERED
7271,20,441,2026-02-01,2026-02-06,DELIVERED
7272,12,25,2023-01-24,2023-02-23,DELIVERED
7273,16,126,2025-10-24,2025-11-05,DELIVERED
7274,17,396,2026-01-15,2026-01-28,DELIVERED
7275,14,420,2024-12-01,2025-01-03,DELIVERED
7276,4,168,2025-05-20,2025-06-01,DELIVERED
7277,4,33,2026-09-21,2026-09-28,DELIVERED
7278,5,209,2024-11-22,2024-12-08,DELIVERED
7279,6,423,2024-04-16,2024-05-21,DELIVERED
7280,6,152,2026-07-24,2026-08-02,DELIVERED
7281,3,45,2026-08-31,2026-09-14,DELIVERED
7282,2,185,2026-08-02,2026-08-24,DELIVERED
7283,5,409,2023-12-21,2024-01-28,DELIVERED
7284,13,378,2025-12-17,2026-01-21,DELIVERED
7285,15,421,2023-11-25,2023-12-14,DELIVERED
7286,7,183,2026-05-05,2026-06-05,DELIVERED
7287,4,434,2026-01-05,2026-01-26,DELIVERED
7288,12,424,2023-06-07,2023-06-28,DELIVERED
7289,2,199,2023-04-14,2023-04-24,DELIVERED
7290,16,409,2026-01-07,2026-02-12,DELIVERED
7291,17,67,2025-07-25,2025-08-20,DELIVERED
7292,16,29,2024-10-25,2024-11-09,DELIVERED
7293,15,216,2024-05-18,2024-06-25,DELIVERED
7294,8,257,2026-05-21,2026-06-08,DELIVERED
7295,7,114,2025-08-30,2025-09-15,DELIVERED
7296,7,112,2025-11-13,2025-12-19,DELIVERED
7297,8,433,2025-08-01,2025-09-03,DELIVERED
7298,1,442,2025-06-16,2025-07-22,DELIVERED
7299,2,327,2023-10-17,2023-11-11,DELIVERED
7300,19,16,2023-12-15,2024-01-17,DELAYED
7301,9,291,2024-04-26,2024-05-23,DELIVERED
7302,2,283,2023-03-11,2023-04-11,DELIVERED
7303,2,384,2023-09-05,2023-10-08,DELIVERED
7304,2,69,2025-06-13,2025-06-22,DELIVERED
7305,4,361,2024-08-24,2024-09-22,DELIVERED
7306,7,205,2023-11-29,2023-12-13,DELIVERED
7307,16,257,2024-05-22,2024-06-09,DELIVERED
7308,18,497,2025-02-26,2025-03-17,DELIVERED
7309,6,193,2023-06-27,2023-08-05,DELAYED
7310,13,169,2024-05-28,2024-06-02,DELIVERED
7311,9,9,2025-08-07,2025-09-08,DELIVERED
7312,3,159,2026-05-06,2026-05-13,IN_TRANSIT
7313,13,273,2025-04-02,2025-04-14,DELIVERED
7314,19,443,2025-06-19,2025-07-09,DELIVERED
7315,5,317,2023-03-01,2023-03-07,DELIVERED
7316,15,334,2025-12-27,2026-01-01,DELIVERED
7317,15,201,2023-05-16,2023-06-13,DELAYED
7318,15,274,2023-08-07,2023-08-21,DELIVERED
7319,13,204,2024-12-05,2025-01-04,DELIVERED
7320,1,249,2023-08-01,2023-09-05,IN_TRANSIT
7321,13,230,2026-03-30,2026-05-07,DELIVERED
7322,4,404,2025-04-14,2025-05-22,DELIVERED
7323,3,406,2023-09-22,2023-10-23,DELIVERED
7324,16,92,2026-01-04,2026-01-11,DELAYED
7325,2,367,2024-11-05,2024-11-29,DELIVERED
7326,19,7,2025-05-04,2025-05-20,DELIVERED
7327,8,19,2023-05-21,2023-06-09,DELIVERED
7328,11,300,2025-11-12,2025-12-20,DELAYED
7329,4,378,2025-08-10,2025-09-13,DELIVERED
7330,4,468,2023-05-10,2023-05-17,DELAYED
7331,6,401,2023-04-23,2023-05-31,DELIVERED
7332,14,308,2025-08-25,2025-09-28,DELIVERED
7333,7,292,2025-01-22,2025-02-26,DELIVERED
7334,5,355,2025-04-20,2025-05-24,DELIVERED
7335,8,282,2026-07-08,2026-08-13,DELIVERED
7336,7,259,2024-09-09,2024-10-07,DELIVERED
7337,10,125,2025-08-22,2025-09-13,DELIVERED
7338,13,21,2024-08-02,2024-08-30,DELIVERED
7339,17,211,2023-03-02,2023-03-20,DELIVERED
7340,8,307,2025-08-27,2025-09-30,DELIVERED
7341,4,66,2025-08-30,2025-09-12,DELIVERED
7342,4,471,2023-07-19,2023-08-10,DELIVERED
7343,9,348,2026-03-03,2026-03-31,DELIVERED
7344,14,311,2023-04-27,2023-06-03,DELAYED
7345,9,323,2026-03-27,2026-04-15,DELIVERED
7346,11,11,2023-02-25,2023-03-27,IN_TRANSIT
7347,17,460,2026-04-30,2026-05-19,DELIVERED
7348,8,448,2024-01-03,2024-02-11,DELIVERED
7349,9,101,2023-06-01,2023-07-10,IN_TRANSIT
7350,6,143,2024-09-13,2024-10-15,DELIVERED
7351,18,259,2026-08-13,2026-09-20,IN_TRANSIT
7352,3,467,2025-05-31,2025-06-23,IN_TRANSIT
7353,13,244,2024-03-05,2024-03-27,DELIVERED
7354,2,405,2026-05-09,2026-06-13,DELIVERED
7355,14,432,2024-12-11,2024-12-27,DELIVERED
7356,5,420,2023-05-08,2023-05-24,DELIVERED
7357,14,189,2025-03-16,2025-03-28,DELIVERED
7358,10,420,2024-03-31,2024-04-27,DELIVERED
7359,5,449,2025-11-12,2025-11-20,DELIVERED
7360,4,329,2025-09-02,2025-09-08,DELIVERED
7361,8,177,2025-01-21,2025-02-07,DELAYED
7362,4,324,2025-03-03,2025-04-07,DELIVERED
7363,12,373,2023-01-29,2023-03-07,DELIVERED
7364,2,33,2024-10-14,2024-10-23,DELIVERED
7365,12,87,2024-10-20,2024-10-26,IN_TRANSIT
7366,8,344,2025-06-14,2025-06-22,DELIVERED
7367,20,33,2025-10-15,2025-11-09,DELIVERED
7368,3,237,2025-06-15,2025-06-25,DELIVERED
7369,9,181,2025-12-13,2026-01-15,DELIVERED
7370,4,287,2025-09-01,2025-09-06,DELIVERED
7371,15,209,2026-07-16,2026-07-27,DELIVERED
7372,9,209,2026-04-26,2026-05-03,DELIVERED
7373,8,124,2024-01-24,2024-02-24,DELIVERED
7374,6,369,2023-07-22,2023-08-18,IN_TRANSIT
7375,5,187,2025-07-11,2025-08-16,DELIVERED
7376,16,287,2026-09-29,2026-11-06,IN_TRANSIT
7377,2,207,2024-11-08,2024-11-24,IN_TRANSIT
7378,14,185,2025-06-17,2025-06-29,DELIVERED
7379,14,385,2023-01-25,2023-02-15,DELIVERED
7380,14,126,2026-06-13,2026-06-18,DELIVERED
7381,17,318,2023-09-08,2023-09-23,DELAYED
7382,13,156,2025-03-17,2025-04-12,DELIVERED
7383,9,167,2023-08-29,2023-09-29,DELIVERED
7384,14,5,2024-05-02,2024-05-21,DELIVERED
7385,8,346,2026-01-21,2026-02-19,DELIVERED
7386,1,91,2026-09-27,2026-10-11,DELIVERED
7387,15,362,2026-09-06,2026-10-05,DELIVERED
7388,20,25,2025-12-20,2026-01-10,DELIVERED
7389,8,214,2026-01-19,2026-01-30,DELIVERED
7390,8,463,2024-07-02,2024-08-01,DELIVERED
7391,18,388,2023-08-28,2023-09-19,DELIVERED
7392,12,486,2025-03-21,2025-04-03,DELIVERED
7393,8,187,2023-11-30,2023-12-24,DELIVERED
7394,6,369,2025-01-13,2025-01-27,DELIVERED
7395,12,37,2025-07-13,2025-08-15,DELIVERED
7396,16,482,2025-09-28,2025-11-04,DELIVERED
7397,3,380,2023-08-09,2023-09-07,DELIVERED
7398,1,289,2024-01-17,2024-01-31,IN_TRANSIT
7399,10,269,2024-08-07,2024-08-23,DELIVERED
7400,19,360,2025-06-18,2025-07-03,DELIVERED
7401,2,66,2024-05-22,2024-06-21,DELIVERED
7402,1,494,2024-05-05,2024-05-15,DELIVERED
7403,19,116,2025-01-31,2025-03-03,DELIVERED
7404,15,84,2025-01-31,2025-03-06,DELIVERED
7405,4,380,2024-12-30,2025-01-21,DELIVERED
7406,19,240,2024-03-20,2024-04-17,DELAYED
7407,2,376,2026-01-27,2026-02-24,DELIVERED
7408,6,187,2026-05-26,2026-06-13,IN_TRANSIT
7409,5,194,2026-09-04,2026-09-20,DELIVERED
7410,11,153,2025-02-16,2025-03-23,DELIVERED
7411,10,195,2026-04-14,2026-04-21,DELIVERED
7412,16,115,2024-11-24,2024-12-19,DELIVERED
7413,11,476,2024-09-10,2024-09-26,DELIVERED
7414,17,314,2024-06-25,2024-07-19,DELIVERED
7415,20,176,2024-10-07,2024-11-04,DELIVERED
7416,5,266,2024-01-13,2024-02-16,DELIVERED
7417,19,108,2025-07-09,2025-08-14,DELIVERED
7418,18,431,2024-10-12,2024-10-22,DELIVERED
7419,18,290,2026-01-25,2026-02-13,DELIVERED
7420,20,455,2023-01-17,2023-02-02,DELIVERED
7421,6,186,2025-04-11,2025-04-30,DELIVERED
7422,9,380,2023-06-20,2023-07-13,DELIVERED
7423,9,116,2025-02-21,2025-03-13,DELIVERED
7424,17,115,2023-10-21,2023-11-12,DELIVERED
7425,6,240,2024-06-07,2024-06-19,DELIVERED
7426,17,81,2025-12-03,2026-01-08,DELIVERED
7427,15,482,2023-08-26,2023-09-05,DELIVERED
7428,18,60,2023-12-20,2024-01-13,DELIVERED
7429,13,135,2024-01-30,2024-03-05,DELIVERED
7430,5,387,2024-07-15,2024-07-30,DELIVERED
7431,12,167,2025-10-07,2025-10-28,IN_TRANSIT
7432,18,29,2023-10-13,2023-10-30,DELIVERED
7433,12,432,2024-04-15,2024-05-20,DELIVERED
7434,18,377,2026-07-21,2026-08-12,DELIVERED
7435,17,427,2025-05-18,2025-06-24,DELIVERED
7436,20,31,2024-01-14,2024-02-16,DELIVERED
7437,4,480,2024-03-27,2024-04-01,DELIVERED
7438,12,124,2024-11-06,2024-11-13,DELAYED
7439,6,313,2024-01-03,2024-01-15,DELIVERED
7440,1,51,2024-12-18,2025-01-14,DELIVERED
7441,10,187,2023-02-20,2023-03-17,DELIVERED
7442,5,250,2024-06-20,2024-07-25,IN_TRANSIT
7443,3,212,2024-01-20,2024-02-23,DELIVERED
7444,18,93,2024-05-21,2024-06-19,DELIVERED
7445,20,141,2025-08-08,2025-09-16,DELIVERED
7446,3,315,2024-03-26,2024-04-18,DELIVERED
7447,11,14,2023-09-24,2023-10-01,IN_TRANSIT
7448,19,102,2025-11-27,2025-12-08,DELIVERED
7449,13,378,2025-07-27,2025-09-01,DELIVERED
7450,11,223,2026-01-27,2026-02-20,DELIVERED
7451,2,83,2025-02-12,2025-03-02,DELAYED
7452,13,16,2024-11-01,2024-11-13,IN_TRANSIT
7453,1,461,2023-01-18,2023-02-19,DELIVERED
7454,1,279,2023-12-28,2024-01-27,DELIVERED
7455,14,426,2025-03-09,2025-03-27,DELIVERED
7456,2,134,2024-03-30,2024-04-07,DELIVERED
7457,14,180,2023-10-08,2023-11-15,DELIVERED
7458,12,254,2024-06-07,2024-07-06,DELIVERED
7459,8,362,2026-01-14,2026-02-05,DELIVERED
7460,6,308,2025-01-07,2025-02-10,DELIVERED
7461,20,76,2026-07-05,2026-07-15,DELIVERED
7462,17,122,2026-03-19,2026-03-25,DELIVERED
7463,5,139,2024-04-20,2024-05-08,DELAYED
7464,14,111,2023-09-24,2023-10-04,DELIVERED
7465,11,164,2025-10-08,2025-11-07,DELIVERED
7466,12,389,2026-06-21,2026-06-26,DELIVERED
7467,6,264,2023-09-09,2023-10-08,DELIVERED
7468,3,103,2025-02-16,2025-02-24,DELIVERED
7469,13,36,2023-01-20,2023-02-17,DELIVERED
7470,9,306,2025-06-13,2025-07-02,DELIVERED
7471,16,250,2024-02-19,2024-03-03,DELIVERED
7472,3,206,2023-04-09,2023-05-18,DELIVERED
7473,3,50,2026-04-28,2026-05-20,DELAYED
7474,17,428,2026-09-15,2026-10-08,DELIVERED
7475,10,263,2026-03-28,2026-04-05,DELIVERED
7476,13,449,2025-01-13,2025-02-06,DELIVERED
7477,15,434,2023-01-02,2023-01-28,DELIVERED
7478,17,278,2026-08-22,2026-09-06,DELIVERED
7479,8,364,2023-02-11,2023-03-14,DELIVERED
7480,6,283,2024-08-23,2024-09-07,IN_TRANSIT
7481,4,276,2024-07-27,2024-08-26,DELIVERED
7482,4,105,2023-06-21,2023-07-08,IN_TRANSIT
7483,16,245,2026-02-17,2026-03-27,DELIVERED
7484,9,441,2025-08-13,2025-08-25,DELAYED
7485,6,363,2025-04-28,2025-06-03,DELIVERED
7486,2,424,2023-09-22,2023-10-01,DELIVERED
7487,2,68,2024-03-21,2024-04-29,DELIVERED
7488,14,217,2026-04-09,2026-05-07,DELIVERED
7489,1,87,2026-10-01,2026-10-27,IN_TRANSIT
7490,16,484,2025-03-17,2025-04-12,DELIVERED
7491,8,108,2026-02-23,2026-03-07,DELIVERED
7492,15,39,2024-03-07,2024-03-20,DELIVERED
7493,8,19,2024-10-02,2024-10-18,DELIVERED
7494,13,461,2026-09-29,2026-10-23,DELIVERED
7495,10,332,2026-04-15,2026-04-24,DELAYED
7496,11,394,2023-12-08,2023-12-22,DELIVERED
7497,14,168,2023-08-04,2023-09-09,DELIVERED
7498,3,284,2025-06-17,2025-06-25,DELAYED
7499,15,475,2024-09-02,2024-09-15,DELIVERED
7500,3,221,2024-09-02,2024-09-29,DELIVERED
7501,20,370,2023-06-10,2023-07-04,DELIVERED
7502,7,485,2024-03-02,2024-04-08,DELIVERED
7503,19,487,2023-02-19,2023-03-04,DELIVERED
7504,18,357,2026-09-17,2026-10-16,DELIVERED
7505,19,437,2023-08-02,2023-08-24,DELIVERED
7506,5,367,2025-06-11,2025-07-17,DELIVERED
7507,12,64,2023-11-07,2023-11-25,DELAYED
7508,15,274,2026-03-20,2026-04-05,DELIVERED
7509,10,460,2026-08-28,2026-09-30,IN_TRANSIT
7510,11,381,2023-02-15,2023-02-25,DELIVERED
7511,18,139,2026-08-20,2026-09-07,DELIVERED
7512,3,79,2023-12-20,2024-01-09,DELIVERED
7513,14,456,2026-04-30,2026-05-20,DELAYED
7514,12,490,2025-09-30,2025-11-05,DELIVERED
7515,3,479,2023-11-04,2023-11-14,DELAYED
7516,15,107,2024-09-17,2024-10-03,DELIVERED
7517,2,452,2026-06-28,2026-07-28,DELIVERED
7518,1,476,2024-05-19,2024-05-30,DELIVERED
7519,20,406,2023-08-22,2023-08-29,DELIVERED
7520,8,249,2023-04-24,2023-06-02,DELIVERED
7521,17,396,2025-10-28,2025-11-12,DELIVERED
7522,8,490,2024-04-01,2024-04-06,DELIVERED
7523,7,320,2026-03-12,2026-04-03,IN_TRANSIT
7524,19,123,2024-10-18,2024-11-05,DELIVERED
7525,1,410,2023-08-30,2023-09-23,DELIVERED
7526,17,362,2024-03-02,2024-04-03,DELIVERED
7527,19,287,2024-01-21,2024-02-03,DELIVERED
7528,18,400,2024-04-05,2024-05-13,DELIVERED
7529,7,329,2024-08-11,2024-09-02,DELIVERED
7530,11,151,2024-04-08,2024-04-13,DELAYED
7531,16,420,2023-11-21,2023-11-28,DELIVERED
7532,4,195,2025-06-12,2025-07-14,DELIVERED
7533,3,220,2024-01-02,2024-01-07,DELIVERED
7534,13,95,2023-04-14,2023-05-16,DELIVERED
7535,3,389,2024-02-05,2024-02-26,DELIVERED
7536,20,127,2024-07-17,2024-07-27,DELIVERED
7537,1,264,2023-10-03,2023-11-08,DELIVERED
7538,20,438,2026-03-09,2026-04-02,DELIVERED
7539,1,167,2026-02-01,2026-02-24,DELIVERED
7540,14,193,2025-07-09,2025-08-06,DELIVERED
7541,10,148,2024-04-11,2024-04-21,DELIVERED
7542,16,312,2025-06-24,2025-07-22,DELIVERED
7543,6,91,2026-08-28,2026-09-13,IN_TRANSIT
7544,3,445,2024-07-21,2024-08-18,DELIVERED
7545,4,46,2023-12-24,2024-01-29,DELIVERED
7546,4,152,2025-01-29,2025-02-18,DELIVERED
7547,5,236,2024-12-17,2024-12-23,DELIVERED
7548,16,382,2023-05-15,2023-06-08,DELIVERED
7549,6,446,2023-04-19,2023-05-04,DELIVERED
7550,12,465,2026-07-30,2026-09-06,DELIVERED
7551,4,321,2023-09-25,2023-10-30,DELIVERED
7552,15,30,2026-08-08,2026-09-12,DELIVERED
7553,4,275,2026-04-14,2026-05-15,DELIVERED
7554,7,319,2024-12-21,2025-01-05,DELIVERED
7555,17,318,2024-05-01,2024-06-05,DELIVERED
7556,7,217,2023-04-08,2023-05-03,DELIVERED
7557,11,386,2023-12-26,2024-01-15,DELIVERED
7558,2,302,2025-06-29,2025-07-21,DELIVERED
7559,17,445,2026-06-15,2026-07-16,DELIVERED
7560,6,356,2024-04-23,2024-05-18,DELIVERED
7561,19,276,2025-09-14,2025-10-15,DELIVERED
7562,10,309,2023-12-28,2024-02-04,DELIVERED
7563,14,385,2023-09-13,2023-10-04,DELIVERED
7564,6,500,2024-05-27,2024-06-05,DELIVERED
7565,8,109,2026-09-07,2026-09-25,DELIVERED
7566,17,321,2023-05-25,2023-06-28,DELIVERED
7567,7,276,2024-07-10,2024-08-16,DELIVERED
7568,7,264,2023-04-09,2023-05-07,DELIVERED
7569,5,348,2026-07-17,2026-08-08,DELIVERED
7570,9,75,2024-06-14,2024-06-20,IN_TRANSIT
7571,18,119,2025-04-18,2025-05-02,DELIVERED
7572,4,110,2024-02-06,2024-03-13,DELIVERED
7573,6,482,2023-01-23,2023-02-15,DELIVERED
7574,2,123,2024-02-17,2024-03-02,DELIVERED
7575,17,60,2024-02-25,2024-03-04,DELIVERED
7576,15,405,2025-12-06,2025-12-16,DELIVERED
7577,19,368,2024-08-13,2024-08-27,DELIVERED
7578,20,263,2026-05-21,2026-06-06,DELIVERED
7579,14,100,2026-08-10,2026-08-29,DELAYED
7580,9,111,2024-11-03,2024-11-11,DELIVERED
7581,20,147,2023-01-30,2023-02-24,DELIVERED
7582,18,181,2024-09-29,2024-10-31,DELIVERED
7583,5,76,2024-10-31,2024-12-04,DELIVERED
7584,12,110,2024-03-14,2024-04-02,DELIVERED
7585,13,186,2026-02-16,2026-03-16,IN_TRANSIT
7586,2,319,2023-06-05,2023-06-12,DELIVERED
7587,20,296,2025-08-05,2025-08-14,DELIVERED
7588,5,182,2023-05-04,2023-05-13,DELAYED
7589,18,432,2024-07-26,2024-08-22,DELIVERED
7590,5,214,2023-05-12,2023-06-15,DELIVERED
7591,20,268,2023-09-11,2023-09-27,DELIVERED
7592,6,268,2023-02-18,2023-02-24,DELIVERED
7593,8,348,2026-04-04,2026-04-12,DELAYED
7594,16,108,2026-04-12,2026-05-21,DELIVERED
7595,3,204,2024-06-12,2024-06-17,DELIVERED
7596,8,347,2025-04-22,2025-05-17,DELIVERED
7597,13,101,2025-12-10,2025-12-27,DELIVERED
7598,15,236,2025-08-31,2025-09-16,DELIVERED
7599,10,179,2024-12-24,2025-01-22,DELAYED
7600,8,439,2023-10-22,2023-11-26,DELIVERED
7601,13,453,2023-07-13,2023-08-04,DELIVERED
7602,4,230,2023-08-02,2023-08-11,DELIVERED
7603,5,257,2023-11-14,2023-12-23,DELIVERED
7604,20,240,2026-02-18,2026-03-08,DELIVERED
7605,18,489,2024-06-30,2024-07-18,DELIVERED
7606,8,184,2024-01-16,2024-02-14,DELIVERED
7607,10,126,2025-03-05,2025-03-21,DELAYED
7608,13,396,2023-08-26,2023-09-27,DELIVERED
7609,19,384,2024-03-11,2024-04-16,DELIVERED
7610,14,155,2026-04-23,2026-05-21,DELIVERED
7611,11,41,2024-11-20,2024-12-19,DELIVERED
7612,3,197,2026-01-14,2026-02-17,DELIVERED
7613,4,462,2024-04-20,2024-05-28,DELIVERED
7614,7,447,2023-06-02,2023-07-07,DELIVERED
7615,13,475,2023-05-01,2023-05-06,DELIVERED
7616,1,467,2023-12-10,2023-12-15,DELIVERED
7617,1,232,2024-07-31,2024-08-14,DELIVERED
7618,15,19,2024-02-13,2024-03-08,DELIVERED
7619,13,361,2024-11-09,2024-11-23,DELIVERED
7620,4,333,2023-09-11,2023-10-13,DELIVERED
7621,14,183,2024-09-01,2024-10-05,DELAYED
7622,6,471,2026-02-22,2026-02-28,DELAYED
7623,5,379,2026-03-18,2026-04-14,DELIVERED
7624,11,196,2023-05-10,2023-06-18,DELIVERED
7625,17,42,2024-06-04,2024-06-17,DELIVERED
7626,19,116,2023-02-05,2023-02-28,DELIVERED
7627,3,127,2025-12-19,2025-12-29,DELIVERED
7628,2,136,2025-08-06,2025-09-09,IN_TRANSIT
7629,5,310,2026-07-03,2026-07-29,DELIVERED
7630,15,282,2025-07-19,2025-08-14,DELIVERED
7631,2,369,2024-01-15,2024-01-26,DELIVERED
7632,2,47,2024-08-31,2024-09-29,DELIVERED
7633,2,208,2024-12-22,2024-12-30,DELAYED
7634,4,219,2024-01-11,2024-01-31,DELIVERED
7635,18,421,2025-02-28,2025-03-14,DELIVERED
7636,1,269,2023-05-17,2023-06-13,DELIVERED
7637,10,361,2024-10-17,2024-11-09,DELIVERED
7638,1,484,2024-07-04,2024-07-25,DELIVERED
7639,15,232,2023-01-06,2023-01-19,DELIVERED
7640,13,447,2024-02-02,2024-03-10,DELIVERED
7641,16,264,2025-08-02,2025-08-08,DELIVERED
7642,4,398,2025-04-01,2025-05-09,DELAYED
7643,2,234,2023-05-28,2023-07-06,IN_TRANSIT
7644,2,471,2026-06-10,2026-07-01,DELIVERED
7645,12,250,2026-05-01,2026-05-31,IN_TRANSIT
7646,18,256,2024-12-28,2025-02-01,DELIVERED
7647,2,283,2023-05-18,2023-05-31,DELIVERED
7648,10,351,2024-06-24,2024-07-03,DELIVERED
7649,11,260,2024-02-17,2024-03-16,DELIVERED
7650,10,429,2024-08-11,2024-08-18,IN_TRANSIT
7651,1,396,2025-07-12,2025-08-18,DELIVERED
7652,14,219,2025-03-11,2025-03-19,DELIVERED
7653,9,90,2026-05-07,2026-06-13,DELIVERED
7654,4,99,2023-04-23,2023-05-01,DELIVERED
7655,8,306,2023-06-28,2023-08-01,DELIVERED
7656,5,166,2025-07-30,2025-09-07,DELIVERED
7657,11,360,2023-11-04,2023-12-12,DELIVERED
7658,20,342,2025-08-25,2025-10-02,DELIVERED
7659,2,448,2026-02-13,2026-02-21,DELIVERED
7660,8,432,2023-09-23,2023-10-26,DELIVERED
7661,9,114,2024-06-01,2024-06-21,DELIVERED
7662,17,496,2026-08-12,2026-09-03,DELIVERED
7663,17,451,2024-05-26,2024-06-01,DELIVERED
7664,11,381,2025-02-01,2025-02-27,DELIVERED
7665,9,416,2026-01-17,2026-02-03,DELIVERED
7666,2,388,2025-12-07,2025-12-21,DELIVERED
7667,18,183,2023-05-20,2023-06-25,DELIVERED
7668,5,94,2023-05-24,2023-06-28,DELIVERED
7669,4,247,2024-03-04,2024-03-11,DELIVERED
7670,7,240,2025-02-19,2025-03-09,DELIVERED
7671,20,473,2026-08-14,2026-08-26,DELIVERED
7672,13,95,2024-05-16,2024-05-24,DELIVERED
7673,3,450,2025-01-11,2025-02-11,DELIVERED
7674,10,499,2024-03-24,2024-04-07,DELIVERED
7675,8,290,2023-10-27,2023-11-01,DELIVERED
7676,10,472,2025-08-14,2025-09-14,DELIVERED
7677,5,11,2025-01-29,2025-03-06,DELIVERED
7678,15,99,2026-01-04,2026-01-31,DELIVERED
7679,20,298,2025-06-14,2025-06-19,DELAYED
7680,7,465,2023-09-17,2023-10-20,DELIVERED
7681,15,282,2023-04-28,2023-05-08,DELIVERED
7682,13,225,2023-01-06,2023-01-22,DELAYED
7683,16,164,2026-02-07,2026-02-13,DELIVERED
7684,16,159,2026-06-15,2026-07-12,DELIVERED
7685,15,286,2024-07-21,2024-08-05,DELIVERED
7686,6,123,2023-03-14,2023-04-15,DELIVERED
7687,13,368,2023-03-08,2023-03-22,IN_TRANSIT
7688,16,318,2024-08-21,2024-09-03,DELIVERED
7689,5,487,2023-03-04,2023-04-10,DELIVERED
7690,3,438,2026-04-06,2026-05-12,DELIVERED
7691,10,311,2026-06-23,2026-07-09,DELIVERED
7692,6,451,2024-09-04,2024-10-06,DELIVERED
7693,9,311,2025-08-18,2025-08-27,DELIVERED
7694,9,486,2024-05-06,2024-06-11,DELIVERED
7695,20,173,2026-03-06,2026-04-08,DELIVERED
7696,20,159,2025-06-17,2025-06-25,IN_TRANSIT
7697,18,454,2026-06-29,2026-07-09,DELIVERED
7698,3,173,2025-11-03,2025-11-13,DELIVERED
7699,7,249,2026-07-09,2026-08-10,DELIVERED
7700,9,112,2026-03-22,2026-04-23,IN_TRANSIT
7701,3,128,2023-03-05,2023-03-26,DELIVERED
7702,6,416,2025-07-30,2025-08-07,DELIVERED
7703,12,227,2024-10-08,2024-10-13,DELIVERED
7704,8,281,2023-04-20,2023-05-08,DELAYED
7705,14,188,2024-06-09,2024-06-25,IN_TRANSIT
7706,5,473,2025-07-26,2025-08-01,DELIVERED
7707,17,105,2026-08-23,2026-09-05,DELIVERED
7708,4,217,2026-04-25,2026-05-13,DELIVERED
7709,9,468,2026-08-16,2026-09-07,DELIVERED
7710,15,246,2026-09-02,2026-09-14,DELIVERED
7711,15,363,2025-02-05,2025-03-07,DELIVERED
7712,6,123,2024-06-03,2024-06-09,DELIVERED
7713,20,42,2025-12-11,2026-01-18,DELIVERED
7714,20,496,2025-08-04,2025-08-20,DELIVERED
7715,8,494,2025-03-18,2025-04-26,DELIVERED
7716,5,25,2024-04-17,2024-05-09,DELIVERED
7717,16,101,2026-05-05,2026-06-07,DELIVERED
7718,14,441,2026-09-19,2026-10-15,DELIVERED
7719,20,182,2026-01-04,2026-02-02,DELIVERED
7720,17,139,2025-12-18,2026-01-20,DELIVERED
7721,10,276,2024-12-19,2025-01-01,DELIVERED
7722,13,471,2024-10-26,2024-11-04,DELAYED
7723,10,14,2023-08-23,2023-09-20,DELAYED
7724,1,463,2024-08-04,2024-09-06,DELIVERED
7725,6,185,2025-03-27,2025-04-01,DELIVERED
7726,9,129,2026-01-29,2026-02-24,DELIVERED
7727,15,289,2024-02-17,2024-03-25,IN_TRANSIT
7728,19,22,2026-06-16,2026-07-14,DELIVERED
7729,9,490,2025-11-03,2025-12-12,DELIVERED
7730,4,396,2025-07-08,2025-07-22,DELIVERED
7731,8,415,2025-10-03,2025-11-06,DELIVERED
7732,10,93,2025-09-07,2025-10-12,DELIVERED
7733,16,50,2025-04-06,2025-05-13,DELIVERED
7734,10,286,2023-04-20,2023-05-09,DELAYED
7735,16,500,2026-01-31,2026-02-22,DELIVERED
7736,15,312,2026-05-02,2026-05-26,DELIVERED
7737,11,102,2023-06-13,2023-06-25,DELIVERED
7738,20,106,2026-09-21,2026-10-22,DELIVERED
7739,10,317,2024-03-26,2024-04-14,DELIVERED
7740,11,346,2024-06-04,2024-06-15,DELIVERED
7741,15,320,2026-03-04,2026-04-11,DELIVERED
7742,20,111,2024-04-18,2024-05-12,DELIVERED
7743,11,281,2024-03-28,2024-04-07,DELIVERED
7744,5,241,2024-01-03,2024-02-08,DELIVERED
7745,3,387,2026-02-01,2026-02-25,DELIVERED
7746,10,412,2024-05-04,2024-06-02,DELIVERED
7747,15,26,2023-12-14,2023-12-29,DELIVERED
7748,13,201,2026-06-18,2026-07-13,DELIVERED
7749,9,474,2023-05-18,2023-06-08,DELIVERED
7750,10,342,2025-09-12,2025-09-23,IN_TRANSIT
7751,3,423,2025-12-11,2025-12-17,IN_TRANSIT
7752,11,23,2024-05-28,2024-06-03,IN_TRANSIT
7753,7,135,2023-10-25,2023-11-07,DELIVERED
7754,5,243,2023-08-30,2023-09-18,DELIVERED
7755,7,202,2024-01-24,2024-02-12,IN_TRANSIT
7756,5,73,2026-07-30,2026-09-04,DELIVERED
7757,16,287,2023-08-25,2023-09-05,DELIVERED
7758,17,324,2023-05-30,2023-06-26,IN_TRANSIT
7759,1,440,2025-06-08,2025-06-25,DELAYED
7760,6,234,2025-09-27,2025-10-12,DELIVERED
7761,19,146,2023-04-08,2023-04-18,DELIVERED
7762,15,484,2025-08-18,2025-09-11,DELIVERED
7763,1,353,2025-05-15,2025-05-29,DELIVERED
7764,2,302,2024-12-10,2025-01-09,DELIVERED
7765,9,377,2024-06-28,2024-07-14,DELIVERED
7766,10,387,2025-02-20,2025-03-13,DELIVERED
7767,8,227,2025-01-21,2025-01-27,IN_TRANSIT
7768,18,409,2023-09-24,2023-10-07,DELIVERED
7769,6,221,2025-03-17,2025-04-08,IN_TRANSIT
7770,13,332,2025-06-09,2025-07-16,DELIVERED
7771,5,468,2023-07-18,2023-08-19,DELAYED
7772,13,399,2025-06-22,2025-07-29,DELAYED
7773,17,152,2024-07-22,2024-08-30,IN_TRANSIT
7774,6,99,2025-11-07,2025-12-05,DELIVERED
7775,2,129,2023-07-19,2023-08-02,DELIVERED
7776,2,194,2025-08-31,2025-09-11,DELIVERED
7777,1,151,2025-03-29,2025-04-29,DELIVERED
7778,12,212,2023-03-12,2023-04-15,DELIVERED
7779,19,466,2025-07-25,2025-08-06,DELIVERED
7780,11,483,2025-04-24,2025-05-15,DELIVERED
7781,1,357,2024-01-11,2024-02-17,DELIVERED
7782,11,258,2023-10-05,2023-11-11,DELIVERED
7783,18,364,2024-09-18,2024-10-14,DELAYED
7784,3,308,2023-09-01,2023-10-06,DELIVERED
7785,1,272,2024-11-11,2024-11-27,DELIVERED
7786,4,36,2025-04-03,2025-04-29,DELIVERED
7787,2,374,2023-07-09,2023-07-18,DELIVERED
7788,10,127,2023-04-29,2023-05-11,DELIVERED
7789,2,231,2025-09-18,2025-10-22,DELIVERED
7790,8,234,2026-08-17,2026-08-25,IN_TRANSIT
7791,13,45,2025-09-17,2025-10-13,DELIVERED
7792,18,437,2025-10-26,2025-11-09,DELIVERED
7793,6,72,2025-09-24,2025-10-18,DELIVERED
7794,7,165,2024-05-24,2024-06-06,DELAYED
7795,14,154,2024-11-07,2024-12-07,DELAYED
7796,17,310,2025-10-02,2025-10-15,DELIVERED
7797,11,361,2025-03-13,2025-04-13,DELIVERED
7798,1,202,2026-01-04,2026-02-06,DELIVERED
7799,16,374,2024-01-24,2024-02-01,DELIVERED
7800,19,322,2024-09-10,2024-10-05,DELIVERED
7801,20,347,2025-09-19,2025-10-16,DELIVERED
7802,19,11,2024-10-15,2024-10-20,IN_TRANSIT
7803,11,303,2023-07-04,2023-08-05,DELIVERED
7804,10,349,2023-01-01,2023-02-04,IN_TRANSIT
7805,4,95,2023-05-07,2023-06-04,DELIVERED
7806,15,389,2023-09-29,2023-11-06,DELIVERED
7807,6,257,2025-06-06,2025-06-20,DELIVERED
7808,12,317,2023-08-08,2023-09-04,IN_TRANSIT
7809,3,406,2023-12-21,2024-01-09,DELIVERED
7810,11,142,2023-09-22,2023-10-08,IN_TRANSIT
7811,4,428,2025-12-28,2026-01-04,DELIVERED
7812,7,373,2024-11-08,2024-12-09,DELIVERED
7813,10,491,2023-01-09,2023-01-15,DELIVERED
7814,2,207,2024-06-09,2024-07-06,DELIVERED
7815,20,280,2025-08-29,2025-09-04,DELIVERED
7816,2,200,2024-03-15,2024-04-01,DELIVERED
7817,3,444,2026-08-12,2026-08-22,DELIVERED
7818,3,423,2023-04-11,2023-05-13,IN_TRANSIT
7819,3,107,2024-01-01,2024-01-12,DELIVERED
7820,8,472,2024-07-05,2024-07-22,DELIVERED
7821,11,108,2024-07-25,2024-08-18,DELIVERED
7822,1,328,2025-09-23,2025-10-31,DELIVERED
7823,19,281,2025-07-31,2025-09-04,DELIVERED
7824,6,457,2025-01-04,2025-01-14,IN_TRANSIT
7825,20,258,2024-04-17,2024-05-22,DELIVERED
7826,16,253,2025-07-09,2025-07-25,DELIVERED
7827,8,287,2023-06-25,2023-07-26,DELIVERED
7828,7,338,2026-09-13,2026-10-19,DELIVERED
7829,12,424,2023-08-11,2023-09-17,DELIVERED
7830,2,212,2023-03-07,2023-04-01,DELAYED
7831,8,318,2025-10-02,2025-10-19,DELIVERED
7832,1,310,2024-01-30,2024-02-19,DELIVERED
7833,6,310,2024-09-04,2024-10-05,DELIVERED
7834,8,149,2026-08-15,2026-08-25,DELIVERED
7835,16,23,2023-03-11,2023-03-19,DELIVERED
7836,12,204,2026-04-08,2026-04-21,DELIVERED
7837,4,247,2023-06-24,2023-07-07,DELAYED
7838,9,280,2024-07-07,2024-07-14,DELIVERED
7839,16,24,2026-04-28,2026-05-31,DELAYED
7840,5,197,2026-03-07,2026-04-06,DELIVERED
7841,17,451,2023-10-24,2023-11-10,DELIVERED
7842,13,372,2023-08-01,2023-08-20,DELIVERED
7843,2,10,2026-08-04,2026-09-01,DELIVERED
7844,8,404,2024-09-02,2024-09-30,DELIVERED
7845,19,291,2025-05-26,2025-06-21,DELIVERED
7846,3,333,2026-05-28,2026-06-12,DELAYED
7847,9,477,2026-01-24,2026-02-13,DELIVERED
7848,14,486,2023-03-20,2023-04-14,DELIVERED
7849,2,53,2024-08-14,2024-09-22,DELIVERED
7850,2,31,2025-10-19,2025-11-20,DELIVERED
7851,2,192,2024-04-29,2024-05-17,DELIVERED
7852,10,224,2025-01-24,2025-02-06,DELIVERED
7853,17,464,2025-08-07,2025-08-19,DELIVERED
7854,8,410,2025-08-10,2025-09-08,DELIVERED
7855,7,226,2025-11-01,2025-11-30,DELIVERED
7856,18,241,2023-07-05,2023-07-23,DELIVERED
7857,15,115,2023-08-25,2023-09-11,DELIVERED
7858,15,457,2026-05-14,2026-05-21,DELIVERED
7859,9,306,2026-01-09,2026-01-27,IN_TRANSIT
7860,6,386,2025-01-12,2025-01-21,DELAYED
7861,17,426,2024-07-22,2024-08-06,DELIVERED
7862,19,282,2024-10-24,2024-11-24,DELIVERED
7863,4,61,2023-05-05,2023-05-22,DELAYED
7864,18,294,2024-08-22,2024-09-13,DELIVERED
7865,15,341,2024-01-12,2024-02-15,IN_TRANSIT
7866,9,128,2023-07-18,2023-08-18,DELIVERED
7867,4,459,2025-12-05,2025-12-19,DELIVERED
7868,1,8,2023-03-07,2023-04-08,DELIVERED
7869,5,181,2024-08-25,2024-09-20,DELIVERED
7870,9,96,2026-07-15,2026-08-13,DELIVERED
7871,16,211,2023-09-06,2023-10-14,DELIVERED
7872,13,198,2024-04-10,2024-04-29,DELAYED
7873,18,106,2025-05-13,2025-05-29,DELIVERED
7874,16,471,2025-07-04,2025-07-25,DELIVERED
7875,12,222,2024-06-27,2024-07-14,DELAYED
7876,20,128,2026-06-10,2026-06-21,DELIVERED
7877,3,163,2025-12-19,2026-01-06,DELIVERED
7878,13,283,2026-04-05,2026-05-03,DELIVERED
7879,18,306,2023-05-22,2023-06-21,DELIVERED
7880,20,267,2026-09-11,2026-09-26,DELAYED
7881,3,330,2023-06-20,2023-07-23,DELIVERED
7882,12,302,2024-01-26,2024-02-11,DELIVERED
7883,13,388,2026-08-10,2026-09-03,DELIVERED
7884,17,256,2026-08-03,2026-08-14,DELIVERED
7885,6,10,2025-09-18,2025-10-13,DELIVERED
7886,15,243,2025-04-23,2025-05-27,DELIVERED
7887,14,58,2025-01-30,2025-02-22,DELIVERED
7888,5,229,2023-02-10,2023-02-19,DELIVERED
7889,7,457,2024-02-09,2024-02-19,DELIVERED
7890,3,297,2025-12-17,2026-01-17,DELIVERED
7891,11,291,2026-03-16,2026-04-23,DELIVERED
7892,2,293,2025-09-16,2025-09-25,DELAYED
7893,8,14,2024-08-09,2024-09-06,DELAYED
7894,20,334,2026-08-17,2026-09-13,DELIVERED
7895,13,241,2025-04-17,2025-05-15,DELIVERED
7896,8,222,2024-10-05,2024-10-19,DELIVERED
7897,17,386,2025-09-17,2025-10-10,DELIVERED
7898,14,44,2026-05-29,2026-06-07,DELIVERED
7899,9,330,2023-12-22,2024-01-05,DELIVERED
7900,16,332,2023-08-08,2023-08-22,DELIVERED
7901,6,128,2026-04-02,2026-05-08,DELIVERED
7902,2,417,2024-07-19,2024-07-27,DELIVERED
7903,7,379,2025-12-20,2026-01-22,DELIVERED
7904,19,165,2025-11-26,2025-12-16,DELIVERED
7905,13,190,2023-12-17,2024-01-25,DELIVERED
7906,20,205,2025-02-17,2025-03-17,DELIVERED
7907,4,443,2025-10-25,2025-11-08,DELIVERED
7908,15,280,2025-01-20,2025-02-15,DELIVERED
7909,7,479,2023-09-15,2023-10-03,DELIVERED
7910,9,126,2023-08-18,2023-09-24,DELIVERED
7911,15,436,2023-05-09,2023-05-21,DELIVERED
7912,7,282,2024-08-19,2024-09-02,DELAYED
7913,20,376,2024-12-04,2024-12-31,DELIVERED
7914,12,297,2024-09-27,2024-10-15,DELIVERED
7915,1,409,2026-01-14,2026-02-01,DELIVERED
7916,11,391,2026-03-03,2026-03-27,DELIVERED
7917,12,260,2024-02-26,2024-03-22,DELAYED
7918,19,355,2026-02-17,2026-03-13,DELIVERED
7919,18,124,2026-04-13,2026-05-22,DELIVERED
7920,4,204,2025-11-24,2025-12-03,DELIVERED
7921,18,248,2024-08-13,2024-08-28,DELAYED
7922,3,138,2025-06-22,2025-06-27,DELIVERED
7923,5,363,2025-06-27,2025-07-08,DELAYED
7924,3,282,2024-03-27,2024-05-05,DELAYED
7925,1,239,2024-07-11,2024-08-13,DELIVERED
7926,15,222,2025-03-23,2025-04-28,DELIVERED
7927,15,170,2026-04-12,2026-05-11,IN_TRANSIT
7928,2,195,2023-08-03,2023-08-17,DELIVERED
7929,19,91,2026-07-17,2026-08-04,DELIVERED
7930,13,397,2023-10-01,2023-10-16,DELIVERED
7931,14,463,2025-12-02,2025-12-09,DELIVERED
7932,16,12,2024-05-24,2024-06-23,DELIVERED
7933,11,220,2023-01-21,2023-01-26,DELIVERED
7934,8,14,2024-01-23,2024-02-17,DELIVERED
7935,15,487,2024-07-03,2024-08-08,DELIVERED
7936,6,236,2025-08-13,2025-09-11,DELIVERED
7937,20,193,2025-10-10,2025-10-25,DELIVERED
7938,17,92,2025-09-17,2025-10-06,DELAYED
7939,20,278,2025-11-11,2025-12-07,DELIVERED
7940,9,484,2023-02-04,2023-02-26,DELIVERED
7941,6,240,2024-11-26,2024-12-11,IN_TRANSIT
7942,4,204,2026-03-23,2026-04-22,DELIVERED
7943,2,62,2025-03-30,2025-04-04,DELIVERED
7944,17,241,2023-11-25,2023-12-07,DELIVERED
7945,12,262,2023-08-20,2023-09-20,DELIVERED
7946,17,399,2024-09-10,2024-09-21,DELIVERED
7947,9,186,2023-01-20,2023-02-01,DELIVERED
7948,19,280,2023-08-08,2023-08-15,IN_TRANSIT
7949,4,391,2024-01-26,2024-02-13,IN_TRANSIT
7950,20,144,2024-07-02,2024-08-05,DELIVERED
7951,7,190,2024-11-23,2024-12-13,DELAYED
7952,11,130,2026-07-20,2026-08-08,DELAYED
7953,17,265,2025-02-17,2025-03-21,DELIVERED
7954,7,462,2025-01-15,2025-02-11,IN_TRANSIT
7955,2,375,2025-04-20,2025-04-26,DELIVERED
7956,5,335,2025-12-25,2026-02-02,DELIVERED
7957,2,227,2026-06-25,2026-07-27,DELIVERED
7958,12,108,2025-05-12,2025-05-27,DELIVERED
7959,5,305,2026-09-19,2026-10-23,DELAYED
7960,8,199,2026-05-10,2026-06-17,DELIVERED
7961,16,468,2025-04-20,2025-05-26,DELIVERED
7962,6,94,2024-09-24,2024-10-15,DELIVERED
7963,16,498,2023-08-15,2023-09-07,DELIVERED
7964,10,392,2023-04-06,2023-05-05,IN_TRANSIT
7965,13,347,2024-05-25,2024-05-31,DELIVERED
7966,14,26,2025-12-16,2026-01-24,DELAYED
7967,16,440,2024-09-10,2024-10-18,DELIVERED
7968,17,469,2026-09-13,2026-10-11,DELIVERED
7969,20,143,2025-10-28,2025-11-21,DELIVERED
7970,6,175,2025-10-04,2025-10-24,DELIVERED
7971,19,290,2025-11-11,2025-11-18,DELIVERED
7972,1,393,2024-05-01,2024-05-31,DELIVERED
7973,10,491,2023-09-27,2023-11-03,DELAYED
7974,17,389,2026-08-14,2026-09-17,DELIVERED
7975,6,113,2025-05-14,2025-06-11,DELIVERED
7976,9,302,2025-09-23,2025-10-23,DELIVERED
7977,12,208,2023-10-20,2023-10-28,DELIVERED
7978,2,353,2026-07-18,2026-08-14,DELIVERED
7979,11,307,2026-04-08,2026-04-16,DELIVERED
7980,19,97,2023-10-13,2023-10-25,DELIVERED
7981,17,181,2024-01-03,2024-01-24,DELIVERED
7982,8,336,2025-03-28,2025-04-21,IN_TRANSIT
7983,6,323,2023-05-01,2023-05-20,IN_TRANSIT
7984,18,4,2025-10-24,2025-11-16,DELIVERED
7985,20,332,2023-03-30,2023-04-12,DELIVERED
7986,15,49,2023-09-07,2023-09-17,IN_TRANSIT
7987,19,222,2025-04-02,2025-05-04,IN_TRANSIT
7988,8,88,2023-12-20,2024-01-17,DELIVERED
7989,4,304,2025-08-23,2025-09-27,DELIVERED
7990,3,144,2024-03-07,2024-03-27,DELIVERED
7991,2,115,2024-08-13,2024-08-23,DELIVERED
7992,8,393,2024-06-24,2024-07-28,DELIVERED
7993,18,374,2024-07-25,2024-08-08,DELIVERED
7994,8,421,2024-01-24,2024-02-13,DELIVERED
7995,17,292,2024-11-01,2024-12-07,IN_TRANSIT
7996,1,360,2026-06-11,2026-07-02,DELIVERED
7997,1,299,2025-01-31,2025-02-16,DELIVERED
7998,15,64,2025-05-24,2025-06-04,DELIVERED
7999,14,223,2024-01-22,2024-02-21,DELIVERED
8000,17,59,2026-05-21,2026-06-11,DELIVERED
8001,8,475,2026-08-27,2026-09-12,DELIVERED
8002,15,461,2025-01-31,2025-02-16,DELIVERED
8003,20,306,2023-09-10,2023-09-21,DELIVERED
8004,3,41,2024-04-13,2024-04-27,IN_TRANSIT
8005,4,341,2026-04-25,2026-06-03,DELIVERED
8006,3,292,2024-03-29,2024-04-21,DELIVERED
8007,11,402,2025-07-28,2025-08-21,DELIVERED
8008,14,266,2025-01-17,2025-02-23,DELIVERED
8009,14,259,2026-05-13,2026-06-17,DELIVERED
8010,13,473,2024-03-29,2024-04-03,DELIVERED
8011,1,480,2026-08-13,2026-09-21,IN_TRANSIT
8012,16,376,2026-07-09,2026-07-21,DELIVERED
8013,15,312,2025-09-26,2025-10-26,DELIVERED
8014,2,380,2026-06-24,2026-07-18,DELIVERED
8015,17,18,2026-07-17,2026-08-17,IN_TRANSIT
8016,2,60,2023-03-23,2023-04-17,DELIVERED
8017,11,143,2023-10-22,2023-11-10,DELIVERED
8018,1,352,2025-11-08,2025-12-02,DELIVERED
8019,7,329,2024-07-25,2024-08-25,DELIVERED
8020,18,117,2023-07-18,2023-08-15,DELIVERED
8021,2,30,2023-03-01,2023-04-04,DELAYED
8022,1,376,2026-07-02,2026-08-06,DELIVERED
8023,8,210,2025-08-02,2025-09-02,DELIVERED
8024,1,392,2023-06-18,2023-07-03,DELIVERED
8025,5,188,2025-04-01,2025-04-20,DELIVERED
8026,2,428,2023-02-10,2023-02-24,DELIVERED
8027,12,387,2025-05-20,2025-06-16,DELIVERED
8028,13,61,2025-11-07,2025-11-27,DELIVERED
8029,6,62,2026-08-30,2026-10-07,DELIVERED
8030,5,147,2026-02-04,2026-02-14,DELIVERED
8031,8,217,2023-04-15,2023-05-11,DELIVERED
8032,4,356,2023-07-28,2023-08-22,DELIVERED
8033,9,272,2023-03-31,2023-05-03,DELIVERED
8034,17,372,2023-08-20,2023-08-29,DELIVERED
8035,17,2,2023-06-10,2023-07-01,DELIVERED
8036,20,357,2023-07-11,2023-08-08,DELIVERED
8037,6,168,2024-11-25,2024-12-31,DELIVERED
8038,12,293,2023-12-30,2024-01-30,DELIVERED
8039,14,38,2024-06-17,2024-07-21,DELAYED
8040,6,24,2025-10-08,2025-10-28,DELIVERED
8041,20,111,2023-08-29,2023-10-04,IN_TRANSIT
8042,6,71,2023-12-07,2023-12-28,DELIVERED
8043,16,477,2026-05-01,2026-05-10,DELIVERED
8044,5,19,2025-06-08,2025-07-04,DELIVERED
8045,6,415,2024-06-17,2024-07-12,DELIVERED
8046,17,295,2024-09-13,2024-09-21,DELIVERED
8047,7,394,2024-08-21,2024-09-25,DELAYED
8048,3,142,2026-07-26,2026-08-13,DELIVERED
8049,20,322,2026-09-26,2026-10-22,DELIVERED
8050,3,211,2024-04-25,2024-05-31,DELIVERED
8051,14,318,2023-09-07,2023-10-12,DELIVERED
8052,4,330,2025-11-06,2025-11-19,DELIVERED
8053,2,467,2025-08-23,2025-09-28,DELIVERED
8054,19,485,2023-05-18,2023-06-04,DELIVERED
8055,14,22,2023-04-08,2023-05-14,DELIVERED
8056,16,189,2025-03-16,2025-04-21,DELIVERED
8057,11,16,2026-02-19,2026-03-07,DELIVERED
8058,13,152,2024-06-17,2024-07-08,DELIVERED
8059,13,157,2024-03-22,2024-04-20,DELAYED
8060,7,76,2024-06-18,2024-07-18,DELIVERED
8061,1,307,2024-01-19,2024-01-30,IN_TRANSIT
8062,7,227,2023-08-28,2023-09-26,DELIVERED
8063,4,322,2023-06-21,2023-06-28,DELIVERED
8064,4,210,2026-09-18,2026-10-19,DELIVERED
8065,1,45,2023-01-26,2023-01-31,DELIVERED
8066,18,411,2023-07-07,2023-08-06,DELIVERED
8067,13,197,2023-11-03,2023-11-22,DELIVERED
8068,2,454,2024-08-28,2024-09-26,DELIVERED
8069,1,258,2023-04-28,2023-05-22,DELIVERED
8070,1,324,2023-01-09,2023-01-29,DELIVERED
8071,17,143,2025-06-20,2025-07-10,DELIVERED
8072,2,76,2025-07-25,2025-08-25,DELAYED
8073,6,326,2026-05-15,2026-06-19,DELIVERED
8074,18,367,2026-09-30,2026-10-11,DELIVERED
8075,2,281,2026-02-26,2026-03-31,DELIVERED
8076,20,384,2025-05-06,2025-05-14,DELIVERED
8077,20,226,2023-01-22,2023-02-12,IN_TRANSIT
8078,9,355,2025-11-21,2025-12-07,IN_TRANSIT
8079,14,423,2025-09-05,2025-09-14,DELIVERED
8080,9,69,2023-06-17,2023-07-07,DELIVERED
8081,16,249,2025-07-12,2025-07-30,DELIVERED
8082,1,231,2023-08-28,2023-09-27,DELIVERED
8083,10,106,2024-10-02,2024-10-30,DELIVERED
8084,8,133,2026-01-22,2026-02-18,DELIVERED
8085,18,211,2024-07-22,2024-08-05,DELIVERED
8086,7,366,2025-11-15,2025-12-19,DELIVERED
8087,10,121,2026-06-03,2026-07-07,DELIVERED
8088,15,445,2025-11-30,2025-12-10,DELIVERED
8089,1,199,2023-03-04,2023-03-28,DELIVERED
8090,2,276,2023-01-21,2023-02-15,DELIVERED
8091,17,63,2024-06-11,2024-07-04,DELIVERED
8092,8,317,2025-12-22,2026-01-18,DELIVERED
8093,10,261,2023-10-09,2023-11-15,DELIVERED
8094,20,330,2025-10-13,2025-10-27,DELIVERED
8095,6,246,2024-09-13,2024-10-16,DELIVERED
8096,16,310,2023-10-17,2023-11-24,DELIVERED
8097,18,466,2023-12-20,2024-01-25,DELIVERED
8098,12,184,2023-05-20,2023-06-23,DELIVERED
8099,17,211,2025-08-27,2025-09-05,DELIVERED
8100,11,128,2026-02-25,2026-03-06,DELIVERED
8101,9,379,2026-05-06,2026-05-14,DELIVERED
8102,5,269,2025-09-07,2025-09-22,DELIVERED
8103,16,331,2023-04-28,2023-05-26,DELIVERED
8104,10,306,2024-05-07,2024-05-30,DELIVERED
8105,16,15,2024-11-28,2024-12-23,DELIVERED
8106,6,336,2025-01-29,2025-02-06,DELIVERED
8107,17,251,2025-02-24,2025-03-05,DELIVERED
8108,19,183,2025-06-26,2025-07-24,DELIVERED
8109,4,38,2025-12-20,2026-01-14,DELIVERED
8110,12,15,2024-04-16,2024-05-17,DELIVERED
8111,4,386,2024-03-01,2024-03-22,DELIVERED
8112,15,267,2025-01-13,2025-01-23,DELIVERED
8113,12,475,2024-11-08,2024-12-02,DELIVERED
8114,7,10,2024-07-17,2024-08-20,DELIVERED
8115,16,61,2026-08-23,2026-09-12,DELIVERED
8116,14,393,2024-03-31,2024-04-09,DELIVERED
8117,17,106,2023-12-24,2024-01-15,DELIVERED
8118,4,329,2025-06-13,2025-07-02,DELIVERED
8119,18,329,2026-07-21,2026-08-13,DELIVERED
8120,15,437,2023-05-03,2023-06-05,DELIVERED
8121,4,436,2025-11-30,2025-12-07,DELIVERED
8122,13,126,2025-10-13,2025-11-07,DELIVERED
8123,19,331,2025-12-26,2026-01-02,DELIVERED
8124,4,278,2026-07-31,2026-08-16,DELIVERED
8125,2,68,2026-09-26,2026-10-09,DELAYED
8126,19,434,2024-06-06,2024-06-27,DELIVERED
8127,9,306,2023-10-16,2023-11-03,IN_TRANSIT
8128,6,297,2023-03-03,2023-04-08,DELIVERED
8129,6,478,2026-01-23,2026-03-01,DELIVERED
8130,2,6,2023-09-29,2023-10-11,DELIVERED
8131,4,17,2024-10-13,2024-10-29,DELIVERED
8132,11,189,2024-08-05,2024-08-24,DELIVERED
8133,17,164,2026-06-25,2026-08-02,DELIVERED
8134,13,359,2023-08-25,2023-08-30,DELIVERED
8135,17,66,2023-06-03,2023-06-26,DELIVERED
8136,12,104,2023-01-25,2023-02-26,DELIVERED
8137,14,223,2025-01-16,2025-02-09,DELIVERED
8138,20,487,2023-09-10,2023-10-02,DELIVERED
8139,18,455,2026-03-31,2026-04-21,DELIVERED
8140,15,214,2024-05-20,2024-06-23,DELIVERED
8141,7,157,2025-05-02,2025-05-27,DELIVERED
8142,4,341,2024-06-12,2024-06-29,DELIVERED
8143,4,67,2026-06-13,2026-07-08,DELIVERED
8144,1,289,2025-02-28,2025-03-26,DELAYED
8145,11,408,2024-10-20,2024-11-22,DELIVERED
8146,13,261,2026-04-18,2026-05-14,DELIVERED
8147,18,352,2025-09-23,2025-10-06,DELIVERED
8148,18,66,2025-10-19,2025-11-13,DELIVERED
8149,15,110,2023-02-02,2023-02-17,DELIVERED
8150,7,339,2026-01-17,2026-02-19,IN_TRANSIT
8151,17,413,2024-10-29,2024-11-23,DELIVERED
8152,11,225,2024-08-09,2024-08-28,DELIVERED
8153,19,454,2025-07-30,2025-08-18,DELIVERED
8154,19,342,2024-05-03,2024-05-18,DELIVERED
8155,2,380,2024-03-20,2024-04-15,DELIVERED
8156,7,6,2026-07-30,2026-08-12,DELIVERED
8157,13,440,2024-08-18,2024-09-21,DELIVERED
8158,9,360,2023-03-19,2023-04-26,DELIVERED
8159,4,493,2026-05-28,2026-07-02,DELIVERED
8160,8,373,2024-07-08,2024-07-17,DELIVERED
8161,17,342,2024-10-26,2024-11-29,DELIVERED
8162,16,121,2025-07-19,2025-08-26,DELIVERED
8163,9,135,2023-08-24,2023-09-24,DELIVERED
8164,13,335,2023-11-06,2023-11-17,IN_TRANSIT
8165,14,210,2023-07-26,2023-07-31,DELIVERED
8166,7,305,2023-04-08,2023-04-26,DELIVERED
8167,15,102,2025-10-07,2025-11-13,DELIVERED
8168,13,408,2024-07-23,2024-08-25,DELIVERED
8169,19,465,2026-08-07,2026-08-13,IN_TRANSIT
8170,4,446,2025-07-20,2025-08-05,IN_TRANSIT
8171,6,54,2024-09-18,2024-10-14,DELIVERED
8172,2,413,2026-06-26,2026-07-15,DELIVERED
8173,13,20,2026-05-01,2026-06-07,DELIVERED
8174,18,38,2024-12-20,2025-01-22,DELIVERED
8175,10,423,2026-08-18,2026-09-13,DELIVERED
8176,17,438,2025-05-02,2025-05-30,DELIVERED
8177,1,456,2025-12-07,2025-12-29,DELIVERED
8178,18,179,2026-07-08,2026-08-12,DELIVERED
8179,20,218,2024-03-01,2024-03-16,DELIVERED
8180,12,68,2023-05-18,2023-06-04,DELIVERED
8181,5,212,2023-03-27,2023-04-25,DELAYED
8182,14,113,2025-09-19,2025-09-25,IN_TRANSIT
8183,6,231,2023-11-09,2023-11-24,DELIVERED
8184,8,50,2025-05-25,2025-06-04,DELAYED
8185,9,200,2023-01-28,2023-02-20,DELIVERED
8186,20,313,2025-05-19,2025-06-08,IN_TRANSIT
8187,2,59,2024-07-17,2024-08-05,DELIVERED
8188,14,348,2024-10-05,2024-10-25,DELIVERED
8189,15,388,2026-01-06,2026-02-06,DELIVERED
8190,15,493,2024-07-18,2024-08-04,DELIVERED
8191,9,15,2023-08-29,2023-09-11,DELIVERED
8192,19,317,2023-08-13,2023-09-01,DELIVERED
8193,9,212,2023-08-13,2023-09-14,DELIVERED
8194,4,350,2024-03-10,2024-03-25,DELIVERED
8195,15,440,2024-02-18,2024-03-13,DELIVERED
8196,12,117,2024-03-21,2024-04-22,DELIVERED
8197,9,402,2023-12-12,2024-01-08,DELIVERED
8198,2,313,2024-07-01,2024-07-25,DELIVERED
8199,9,273,2025-01-21,2025-02-22,DELIVERED
8200,3,416,2025-10-19,2025-11-04,DELIVERED
8201,6,10,2024-06-05,2024-06-12,DELAYED
8202,13,154,2026-06-22,2026-07-25,IN_TRANSIT
8203,17,164,2023-08-19,2023-09-13,IN_TRANSIT
8204,14,257,2024-01-14,2024-02-02,DELIVERED
8205,13,342,2025-06-03,2025-06-26,IN_TRANSIT
8206,7,347,2026-05-10,2026-05-24,DELIVERED
8207,17,168,2024-11-20,2024-12-15,DELIVERED
8208,12,197,2025-09-22,2025-10-13,DELIVERED
8209,10,11,2024-03-08,2024-04-01,DELIVERED
8210,12,437,2025-03-21,2025-04-27,DELIVERED
8211,3,396,2025-03-14,2025-04-11,DELIVERED
8212,13,469,2026-08-08,2026-09-02,DELAYED
8213,7,440,2023-05-13,2023-06-15,DELIVERED
8214,14,42,2023-11-15,2023-12-11,DELIVERED
8215,20,345,2023-01-16,2023-02-06,DELIVERED
8216,14,309,2024-01-04,2024-02-04,IN_TRANSIT
8217,15,226,2024-05-14,2024-05-22,DELIVERED
8218,16,301,2025-11-15,2025-11-26,DELIVERED
8219,12,66,2025-07-01,2025-07-06,DELIVERED
8220,16,380,2025-02-17,2025-03-19,DELIVERED
8221,14,397,2023-03-04,2023-04-05,DELIVERED
8222,18,321,2024-03-16,2024-03-29,DELIVERED
8223,12,243,2025-04-19,2025-04-25,DELAYED
8224,18,443,2024-04-09,2024-05-09,DELAYED
8225,12,228,2025-08-12,2025-08-18,DELIVERED
8226,3,320,2026-01-27,2026-02-10,DELAYED
8227,20,113,2025-09-28,2025-10-12,DELAYED
8228,5,17,2023-11-29,2023-12-15,DELIVERED
8229,1,489,2025-05-07,2025-05-17,IN_TRANSIT
8230,3,267,2026-06-13,2026-06-26,DELAYED
8231,18,147,2023-07-24,2023-08-04,DELIVERED
8232,2,97,2025-12-31,2026-01-17,DELIVERED
8233,18,387,2026-09-05,2026-09-21,DELIVERED
8234,6,479,2026-02-23,2026-03-06,DELIVERED
8235,14,202,2023-06-28,2023-07-15,DELIVERED
8236,13,418,2024-03-03,2024-03-22,IN_TRANSIT
8237,1,493,2023-02-06,2023-02-19,DELIVERED
8238,20,144,2025-05-18,2025-06-15,DELIVERED
8239,20,364,2024-05-18,2024-06-07,DELIVERED
8240,17,377,2024-01-19,2024-01-31,DELIVERED
8241,2,118,2026-07-28,2026-08-10,DELIVERED
8242,7,217,2025-05-28,2025-06-28,DELIVERED
8243,13,218,2024-07-25,2024-08-25,DELIVERED
8244,13,317,2023-02-04,2023-03-01,DELIVERED
8245,14,467,2024-12-31,2025-01-11,DELIVERED
8246,3,227,2024-03-28,2024-05-03,IN_TRANSIT
8247,20,326,2023-07-16,2023-07-25,DELIVERED
8248,1,84,2023-10-05,2023-11-13,DELIVERED
8249,9,232,2026-06-08,2026-06-19,DELIVERED
8250,12,262,2023-10-19,2023-11-12,DELIVERED
8251,11,268,2026-09-06,2026-09-11,DELIVERED
8252,5,410,2023-07-01,2023-07-30,DELAYED
8253,9,29,2024-04-04,2024-04-16,DELIVERED
8254,9,84,2024-01-16,2024-02-08,DELIVERED
8255,7,433,2025-07-26,2025-08-01,DELIVERED
8256,12,54,2023-05-31,2023-07-09,DELIVERED
8257,19,380,2024-05-03,2024-05-11,IN_TRANSIT
8258,16,413,2025-06-19,2025-06-26,DELIVERED
8259,11,52,2026-06-21,2026-06-29,DELIVERED
8260,10,269,2025-08-15,2025-09-19,DELIVERED
8261,17,341,2023-10-13,2023-11-02,DELIVERED
8262,18,249,2025-09-14,2025-09-29,DELIVERED
8263,1,16,2025-06-18,2025-07-02,DELIVERED
8264,7,63,2026-01-10,2026-02-07,DELIVERED
8265,14,481,2026-09-10,2026-10-08,DELIVERED
8266,18,26,2026-06-06,2026-06-19,DELIVERED
8267,18,184,2023-11-23,2023-12-27,DELIVERED
8268,17,470,2025-08-20,2025-09-03,DELIVERED
8269,8,476,2023-09-25,2023-10-29,DELIVERED
8270,2,318,2023-11-08,2023-12-08,DELIVERED
8271,10,411,2026-07-26,2026-09-02,DELIVERED
8272,16,320,2023-07-26,2023-08-28,DELIVERED
8273,2,74,2023-06-12,2023-07-01,DELIVERED
8274,18,281,2025-12-29,2026-01-22,DELIVERED
8275,1,268,2025-01-16,2025-01-26,IN_TRANSIT
8276,2,337,2024-08-30,2024-09-18,DELIVERED
8277,13,420,2024-07-09,2024-08-01,DELIVERED
8278,7,81,2023-08-01,2023-08-25,DELIVERED
8279,3,391,2024-02-02,2024-03-12,DELIVERED
8280,20,421,2024-03-28,2024-05-05,DELIVERED
8281,3,500,2025-04-13,2025-05-03,DELIVERED
8282,5,21,2024-01-28,2024-02-14,DELIVERED
8283,4,268,2023-12-12,2024-01-11,DELIVERED
8284,7,279,2024-01-01,2024-01-30,DELAYED
8285,15,94,2024-03-04,2024-03-27,DELIVERED
8286,7,229,2024-11-28,2024-12-09,DELIVERED
8287,4,468,2024-07-23,2024-08-04,DELAYED
8288,16,176,2025-12-11,2026-01-14,DELIVERED
8289,7,102,2025-02-24,2025-03-27,DELIVERED
8290,4,329,2024-09-26,2024-10-25,DELIVERED
8291,6,48,2023-10-30,2023-11-08,DELAYED
8292,11,326,2023-10-16,2023-11-11,DELIVERED
8293,17,217,2024-02-06,2024-03-11,IN_TRANSIT
8294,5,19,2026-02-02,2026-02-16,DELIVERED
8295,14,377,2025-01-25,2025-02-21,DELIVERED
8296,16,393,2023-06-20,2023-07-12,DELIVERED
8297,16,218,2026-01-17,2026-02-18,DELIVERED
8298,2,35,2026-07-16,2026-08-20,DELIVERED
8299,18,439,2026-09-25,2026-10-10,DELIVERED
8300,7,146,2024-11-13,2024-12-12,IN_TRANSIT
8301,10,453,2023-09-18,2023-09-26,DELIVERED
8302,10,123,2025-02-02,2025-02-14,DELIVERED
8303,1,36,2024-05-27,2024-06-17,DELIVERED
8304,13,322,2025-05-17,2025-05-31,DELIVERED
8305,6,52,2024-05-08,2024-06-16,IN_TRANSIT
8306,14,90,2023-11-30,2023-12-18,DELIVERED
8307,18,399,2023-01-15,2023-02-20,DELIVERED
8308,1,166,2024-01-18,2024-02-25,DELAYED
8309,19,102,2024-01-11,2024-01-21,DELIVERED
8310,17,406,2023-08-01,2023-09-01,DELIVERED
8311,15,279,2026-02-15,2026-03-10,DELIVERED
8312,14,230,2026-03-07,2026-04-06,IN_TRANSIT
8313,10,411,2024-10-29,2024-11-17,IN_TRANSIT
8314,11,351,2026-05-28,2026-06-08,IN_TRANSIT
8315,6,420,2025-09-20,2025-10-04,DELIVERED
8316,15,125,2026-05-08,2026-05-13,DELIVERED
8317,5,77,2025-02-23,2025-03-31,DELIVERED
8318,9,436,2026-04-07,2026-05-07,IN_TRANSIT
8319,20,354,2024-05-05,2024-05-27,DELAYED
8320,3,314,2025-03-28,2025-04-08,DELIVERED
8321,14,312,2023-01-12,2023-02-17,DELIVERED
8322,20,386,2023-08-14,2023-09-04,DELIVERED
8323,15,490,2026-01-13,2026-01-27,DELIVERED
8324,16,399,2024-11-05,2024-12-08,DELIVERED
8325,19,174,2023-03-21,2023-04-10,DELIVERED
8326,1,15,2025-06-29,2025-08-01,DELIVERED
8327,3,282,2025-03-11,2025-04-01,DELIVERED
8328,16,343,2024-04-03,2024-04-09,DELIVERED
8329,2,26,2025-11-16,2025-12-15,DELIVERED
8330,5,8,2024-01-29,2024-02-22,IN_TRANSIT
8331,12,44,2024-11-16,2024-11-22,DELIVERED
8332,3,172,2026-05-09,2026-05-19,DELIVERED
8333,4,224,2026-07-10,2026-07-26,DELAYED
8334,19,455,2023-12-28,2024-01-25,DELIVERED
8335,16,394,2026-07-07,2026-07-22,DELIVERED
8336,2,19,2024-01-02,2024-02-07,DELIVERED
8337,16,248,2025-07-29,2025-08-28,DELAYED
8338,7,297,2026-01-06,2026-02-03,IN_TRANSIT
8339,13,298,2025-06-22,2025-07-28,DELIVERED
8340,18,339,2024-04-23,2024-05-18,DELIVERED
8341,2,436,2025-01-31,2025-03-01,DELIVERED
8342,11,401,2026-09-30,2026-10-23,DELIVERED
8343,6,433,2024-05-14,2024-06-04,DELIVERED
8344,9,433,2026-04-21,2026-05-24,DELIVERED
8345,8,429,2026-05-04,2026-05-25,DELIVERED
8346,2,346,2023-04-23,2023-05-19,DELIVERED
8347,2,301,2023-10-13,2023-11-06,DELIVERED
8348,11,415,2026-01-29,2026-02-09,DELIVERED
8349,3,396,2024-10-04,2024-10-25,DELIVERED
8350,1,104,2025-04-17,2025-05-03,DELIVERED
8351,3,50,2025-09-25,2025-10-11,DELIVERED
8352,20,489,2024-07-22,2024-08-13,DELIVERED
8353,20,493,2024-10-02,2024-10-16,DELIVERED
8354,17,269,2024-02-15,2024-03-06,DELIVERED
8355,10,65,2025-10-28,2025-11-28,DELIVERED
8356,15,356,2025-02-03,2025-02-24,DELIVERED
8357,4,390,2023-08-02,2023-08-10,DELIVERED
8358,20,197,2025-01-13,2025-02-09,DELIVERED
8359,1,426,2023-05-03,2023-05-22,DELIVERED
8360,17,155,2023-12-05,2023-12-24,IN_TRANSIT
8361,16,360,2025-07-25,2025-08-13,DELIVERED
8362,10,91,2023-07-20,2023-07-27,DELIVERED
8363,1,398,2023-01-09,2023-01-29,DELIVERED
8364,4,165,2025-01-04,2025-02-07,DELIVERED
8365,19,408,2023-04-15,2023-05-13,IN_TRANSIT
8366,5,338,2025-06-26,2025-07-07,DELIVERED
8367,20,141,2024-12-09,2024-12-22,IN_TRANSIT
8368,13,101,2023-01-11,2023-02-05,DELIVERED
8369,13,130,2024-09-27,2024-10-11,DELAYED
8370,18,183,2025-06-14,2025-06-26,DELIVERED
8371,7,2,2023-12-14,2024-01-22,DELIVERED
8372,2,91,2025-12-07,2025-12-16,DELIVERED
8373,14,467,2023-06-30,2023-07-11,DELIVERED
8374,8,2,2024-07-25,2024-08-29,DELIVERED
8375,4,333,2025-08-01,2025-09-04,DELAYED
8376,14,34,2023-04-30,2023-05-26,DELIVERED
8377,2,54,2025-12-06,2025-12-18,IN_TRANSIT
8378,17,210,2023-04-04,2023-04-10,DELIVERED
8379,14,144,2024-07-24,2024-08-11,DELIVERED
8380,5,128,2023-02-21,2023-03-23,DELIVERED
8381,3,92,2024-03-24,2024-04-14,DELIVERED
8382,16,338,2025-03-22,2025-04-14,DELIVERED
8383,4,497,2026-01-07,2026-02-11,DELIVERED
8384,18,145,2023-08-07,2023-08-25,DELIVERED
8385,12,237,2025-12-06,2025-12-12,IN_TRANSIT
8386,11,151,2024-02-16,2024-03-05,DELIVERED
8387,11,359,2024-02-11,2024-03-14,DELIVERED
8388,5,311,2026-07-21,2026-08-20,DELIVERED
8389,2,423,2024-03-14,2024-04-13,DELIVERED
8390,12,332,2024-05-04,2024-05-10,DELIVERED
8391,20,369,2023-08-19,2023-08-29,DELAYED
8392,2,111,2026-07-14,2026-08-08,DELIVERED
8393,12,115,2023-03-31,2023-04-09,DELAYED
8394,7,136,2025-01-27,2025-03-01,DELAYED
8395,11,367,2025-11-10,2025-12-08,DELIVERED
8396,14,450,2025-03-08,2025-04-05,DELIVERED
8397,9,267,2024-03-18,2024-04-21,DELIVERED
8398,7,437,2023-05-09,2023-06-15,DELIVERED
8399,20,143,2025-05-29,2025-06-07,DELIVERED
8400,2,59,2025-10-11,2025-11-06,DELIVERED
8401,4,445,2023-10-17,2023-11-08,DELAYED
8402,12,25,2024-08-07,2024-08-31,DELIVERED
8403,2,68,2023-03-09,2023-03-14,DELIVERED
8404,18,9,2026-01-12,2026-01-24,DELIVERED
8405,2,98,2023-05-13,2023-05-25,DELIVERED
8406,15,325,2024-05-27,2024-07-03,DELIVERED
8407,11,178,2023-09-23,2023-10-20,DELIVERED
8408,2,46,2026-09-05,2026-09-18,DELIVERED
8409,15,310,2026-02-04,2026-02-20,DELIVERED
8410,12,27,2026-04-13,2026-05-08,DELIVERED
8411,13,304,2024-05-31,2024-06-29,DELIVERED
8412,16,498,2025-03-09,2025-04-02,DELIVERED
8413,17,88,2026-08-05,2026-08-20,DELIVERED
8414,12,227,2025-11-10,2025-12-09,DELAYED
8415,4,359,2025-05-09,2025-05-19,DELIVERED
8416,18,43,2025-06-14,2025-07-11,DELIVERED
8417,19,369,2025-11-13,2025-12-21,IN_TRANSIT
8418,6,326,2026-07-17,2026-08-03,DELIVERED
8419,18,463,2023-11-23,2023-12-07,DELIVERED
8420,6,196,2026-02-13,2026-03-06,DELIVERED
8421,9,393,2023-03-31,2023-04-16,DELIVERED
8422,13,452,2025-08-31,2025-09-23,DELIVERED
8423,16,384,2026-09-17,2026-10-18,DELAYED
8424,6,385,2025-11-04,2025-11-30,DELAYED
8425,17,231,2023-08-02,2023-09-09,DELIVERED
8426,10,206,2023-11-09,2023-12-06,DELIVERED
8427,12,76,2023-02-12,2023-03-17,DELAYED
8428,13,451,2024-07-15,2024-08-19,DELIVERED
8429,5,186,2023-10-15,2023-10-25,DELIVERED
8430,17,15,2025-01-29,2025-02-06,DELIVERED
8431,20,255,2026-08-29,2026-09-24,DELIVERED
8432,16,183,2025-10-05,2025-11-08,IN_TRANSIT
8433,2,191,2024-02-10,2024-03-19,DELIVERED
8434,1,308,2025-06-11,2025-06-16,DELIVERED
8435,2,136,2025-06-26,2025-07-19,DELIVERED
8436,16,232,2023-08-01,2023-08-15,DELAYED
8437,19,414,2024-07-14,2024-08-17,DELIVERED
8438,18,241,2023-02-04,2023-03-06,DELIVERED
8439,10,25,2024-05-01,2024-05-23,DELIVERED
8440,8,215,2025-08-26,2025-09-10,DELIVERED
8441,14,162,2023-07-28,2023-08-22,DELIVERED
8442,15,411,2025-05-24,2025-06-08,DELIVERED
8443,10,399,2023-09-21,2023-10-25,IN_TRANSIT
8444,8,452,2024-03-03,2024-04-01,DELIVERED
8445,9,117,2023-11-01,2023-12-01,DELIVERED
8446,19,456,2025-04-02,2025-05-01,DELIVERED
8447,5,317,2024-06-07,2024-06-13,DELAYED
8448,7,135,2025-09-11,2025-09-30,DELIVERED
8449,1,462,2023-11-27,2023-12-09,DELIVERED
8450,3,386,2023-03-28,2023-04-18,DELIVERED
8451,18,211,2026-01-25,2026-02-18,DELIVERED
8452,6,374,2023-08-26,2023-09-15,DELIVERED
8453,7,491,2023-10-11,2023-10-29,DELIVERED
8454,5,188,2024-08-24,2024-09-07,DELIVERED
8455,14,161,2023-04-08,2023-04-14,DELIVERED
8456,3,412,2025-04-03,2025-05-03,DELIVERED
8457,16,415,2026-07-30,2026-08-29,DELIVERED
8458,10,490,2026-03-26,2026-04-02,DELIVERED
8459,5,117,2023-09-02,2023-10-01,DELIVERED
8460,14,416,2023-06-26,2023-07-15,DELIVERED
8461,2,378,2026-04-19,2026-05-12,IN_TRANSIT
8462,9,219,2024-06-26,2024-08-03,DELIVERED
8463,19,376,2023-09-06,2023-10-14,DELIVERED
8464,19,170,2023-04-21,2023-04-27,DELIVERED
8465,5,17,2025-09-27,2025-10-18,DELIVERED
8466,11,129,2024-05-23,2024-06-21,DELIVERED
8467,13,125,2023-04-25,2023-05-16,DELIVERED
8468,20,459,2025-08-13,2025-09-16,DELIVERED
8469,15,315,2024-04-17,2024-05-13,DELIVERED
8470,6,432,2024-05-15,2024-05-27,DELIVERED
8471,19,295,2026-07-15,2026-07-22,DELIVERED
8472,5,426,2024-03-23,2024-04-26,DELIVERED
8473,1,159,2026-06-16,2026-07-07,DELIVERED
8474,13,287,2025-03-18,2025-03-24,IN_TRANSIT
8475,7,208,2023-09-15,2023-10-03,DELIVERED
8476,8,426,2025-02-25,2025-03-22,DELIVERED
8477,2,365,2023-11-23,2023-12-24,DELIVERED
8478,16,213,2026-01-12,2026-02-10,IN_TRANSIT
8479,18,471,2025-07-31,2025-08-12,DELIVERED
8480,5,179,2023-02-03,2023-03-01,DELIVERED
8481,5,386,2025-01-16,2025-02-17,DELIVERED
8482,18,191,2023-09-13,2023-09-21,DELIVERED
8483,10,210,2024-09-19,2024-10-10,IN_TRANSIT
8484,15,100,2026-09-06,2026-09-14,DELIVERED
8485,3,351,2023-12-09,2023-12-26,DELIVERED
8486,10,450,2024-10-05,2024-10-12,DELIVERED
8487,7,204,2025-04-26,2025-05-04,DELAYED
8488,20,20,2026-02-14,2026-03-25,DELIVERED
8489,10,242,2025-02-15,2025-03-24,DELIVERED
8490,16,303,2023-01-01,2023-01-31,DELIVERED
8491,1,82,2025-01-23,2025-02-06,IN_TRANSIT
8492,3,105,2025-05-10,2025-06-03,IN_TRANSIT
8493,20,402,2023-11-02,2023-12-11,DELAYED
8494,2,83,2025-08-02,2025-08-15,DELIVERED
8495,10,109,2026-05-01,2026-05-25,DELIVERED
8496,1,33,2024-12-19,2024-12-28,IN_TRANSIT
8497,3,483,2026-06-14,2026-07-14,DELIVERED
8498,1,456,2024-04-13,2024-05-04,DELIVERED
8499,14,282,2024-01-18,2024-02-03,DELIVERED
8500,13,299,2025-06-27,2025-07-18,DELIVERED
8501,8,194,2024-01-17,2024-01-25,DELIVERED
8502,2,495,2026-01-11,2026-01-18,DELIVERED
8503,12,113,2024-11-30,2024-12-28,IN_TRANSIT
8504,20,475,2025-08-21,2025-09-04,IN_TRANSIT
8505,8,331,2023-03-29,2023-04-13,IN_TRANSIT
8506,3,223,2024-01-19,2024-01-24,DELIVERED
8507,6,320,2025-07-06,2025-07-21,IN_TRANSIT
8508,7,77,2024-05-07,2024-05-16,DELIVERED
8509,9,93,2025-01-15,2025-02-05,DELAYED
8510,3,423,2024-07-28,2024-08-03,DELIVERED
8511,8,186,2026-01-14,2026-01-27,DELIVERED
8512,11,55,2024-02-22,2024-03-13,DELIVERED
8513,2,386,2025-09-24,2025-10-30,DELIVERED
8514,20,336,2024-01-02,2024-01-20,DELIVERED
8515,20,74,2023-04-05,2023-04-11,DELIVERED
8516,13,281,2024-04-28,2024-05-22,DELIVERED
8517,9,367,2023-04-03,2023-04-29,DELIVERED
8518,9,408,2025-04-04,2025-04-10,DELIVERED
8519,9,70,2026-05-01,2026-06-05,IN_TRANSIT
8520,15,414,2023-06-03,2023-07-12,DELIVERED
8521,5,86,2025-08-09,2025-08-31,DELIVERED
8522,13,153,2025-01-23,2025-02-27,DELAYED
8523,10,166,2025-08-01,2025-08-28,DELAYED
8524,12,326,2026-04-29,2026-05-19,DELIVERED
8525,4,225,2026-03-26,2026-04-24,DELAYED
8526,8,479,2025-06-16,2025-07-15,DELIVERED
8527,9,187,2025-04-01,2025-04-15,DELIVERED
8528,16,122,2026-06-05,2026-06-19,DELIVERED
8529,3,137,2026-02-13,2026-02-26,DELIVERED
8530,16,475,2023-09-15,2023-09-25,DELIVERED
8531,7,54,2023-04-06,2023-04-23,DELAYED
8532,6,394,2024-09-17,2024-10-20,DELIVERED
8533,3,60,2025-09-20,2025-10-21,DELIVERED
8534,3,225,2025-10-17,2025-11-17,DELIVERED
8535,5,462,2025-03-06,2025-03-29,DELIVERED
8536,2,238,2025-12-21,2026-01-27,DELIVERED
8537,12,123,2025-06-24,2025-06-29,DELIVERED
8538,18,69,2023-06-17,2023-07-09,DELIVERED
8539,2,438,2023-12-16,2024-01-15,DELAYED
8540,17,367,2025-10-15,2025-10-27,DELIVERED
8541,19,9,2023-01-08,2023-02-07,DELAYED
8542,9,486,2024-10-13,2024-10-22,DELIVERED
8543,20,404,2023-12-14,2024-01-19,DELIVERED
8544,12,468,2025-04-23,2025-05-22,DELIVERED
8545,8,94,2025-04-20,2025-04-28,DELIVERED
8546,17,109,2026-06-21,2026-06-30,DELIVERED
8547,7,411,2024-04-07,2024-05-08,DELIVERED
8548,9,57,2025-02-19,2025-03-21,DELIVERED
8549,2,367,2024-12-18,2025-01-01,DELIVERED
8550,18,305,2025-08-05,2025-08-26,DELIVERED
8551,11,424,2025-02-04,2025-02-15,DELIVERED
8552,8,466,2025-06-21,2025-07-10,DELIVERED
8553,18,43,2023-02-14,2023-02-19,DELIVERED
8554,9,479,2025-08-23,2025-09-18,DELAYED
8555,1,255,2026-05-07,2026-05-27,DELIVERED
8556,16,444,2025-04-26,2025-05-01,DELIVERED
8557,12,102,2023-11-15,2023-12-08,DELAYED
8558,19,217,2023-12-31,2024-01-13,DELIVERED
8559,15,185,2025-05-23,2025-06-18,DELIVERED
8560,10,68,2023-06-01,2023-07-03,DELIVERED
8561,11,379,2023-06-01,2023-06-19,DELIVERED
8562,4,16,2024-09-21,2024-10-27,DELIVERED
8563,15,429,2026-07-24,2026-08-14,DELIVERED
8564,2,265,2024-08-01,2024-08-26,DELIVERED
8565,19,58,2023-10-12,2023-10-20,DELIVERED
8566,7,463,2026-08-11,2026-09-12,DELIVERED
8567,20,488,2023-12-25,2023-12-30,DELAYED
8568,3,86,2025-08-29,2025-10-02,DELIVERED
8569,14,141,2026-08-07,2026-09-02,DELIVERED
8570,8,438,2023-04-11,2023-05-06,DELIVERED
8571,9,254,2023-08-17,2023-08-23,DELIVERED
8572,9,226,2023-05-13,2023-05-26,DELIVERED
8573,19,264,2024-12-10,2024-12-17,DELIVERED
8574,11,85,2023-01-26,2023-02-16,DELIVERED
8575,9,177,2023-08-27,2023-09-03,DELAYED
8576,1,234,2023-08-25,2023-09-03,DELIVERED
8577,16,395,2023-05-10,2023-05-30,DELIVERED
8578,19,433,2026-05-29,2026-07-07,DELIVERED
8579,19,40,2025-05-26,2025-06-23,IN_TRANSIT
8580,18,369,2024-01-24,2024-02-10,DELIVERED
8581,2,168,2023-02-19,2023-03-03,DELIVERED
8582,5,80,2026-01-17,2026-02-13,DELIVERED
8583,12,83,2023-10-19,2023-11-23,IN_TRANSIT
8584,20,67,2026-09-22,2026-10-15,DELIVERED
8585,8,224,2025-12-22,2026-01-05,DELAYED
8586,10,213,2026-01-06,2026-01-16,DELAYED
8587,12,277,2023-07-12,2023-08-05,DELIVERED
8588,17,122,2025-11-17,2025-12-16,DELIVERED
8589,5,404,2026-02-12,2026-03-11,DELIVERED
8590,7,99,2023-04-15,2023-05-20,DELIVERED
8591,4,27,2026-07-20,2026-07-27,DELIVERED
8592,1,108,2024-01-31,2024-02-12,DELIVERED
8593,20,453,2023-10-24,2023-11-15,DELIVERED
8594,17,417,2024-01-27,2024-02-01,IN_TRANSIT
8595,4,260,2024-11-18,2024-11-25,DELIVERED
8596,11,36,2023-02-15,2023-03-19,DELIVERED
8597,8,21,2023-01-13,2023-02-18,IN_TRANSIT
8598,16,195,2025-01-26,2025-02-22,DELIVERED
8599,16,173,2024-04-04,2024-04-09,IN_TRANSIT
8600,11,8,2023-05-27,2023-06-23,DELIVERED
8601,19,405,2025-05-09,2025-05-19,DELAYED
8602,9,32,2024-02-26,2024-03-03,DELIVERED
8603,2,354,2025-04-20,2025-05-20,DELIVERED
8604,12,361,2026-01-18,2026-01-27,DELIVERED
8605,13,66,2023-03-19,2023-03-29,DELAYED
8606,17,169,2023-08-04,2023-08-23,DELIVERED
8607,1,419,2025-07-13,2025-07-29,DELIVERED
8608,11,214,2024-04-13,2024-04-20,IN_TRANSIT
8609,2,178,2023-08-25,2023-09-29,DELAYED
8610,14,111,2026-02-27,2026-04-06,DELIVERED
8611,4,240,2024-09-25,2024-10-16,DELIVERED
8612,18,404,2023-08-07,2023-09-05,DELIVERED
8613,1,54,2025-07-15,2025-08-10,DELIVERED
8614,9,168,2025-05-27,2025-06-22,DELIVERED
8615,13,211,2024-08-25,2024-09-24,DELIVERED
8616,7,16,2025-05-17,2025-06-22,DELIVERED
8617,11,388,2026-01-22,2026-01-28,DELIVERED
8618,18,124,2025-06-26,2025-07-28,DELAYED
8619,7,117,2025-11-21,2025-12-20,DELIVERED
8620,2,291,2026-04-08,2026-04-20,DELIVERED
8621,5,142,2025-06-20,2025-07-01,DELIVERED
8622,1,319,2026-07-17,2026-08-21,DELIVERED
8623,12,323,2023-09-29,2023-10-11,IN_TRANSIT
8624,11,301,2025-02-17,2025-03-23,DELIVERED
8625,14,19,2024-05-15,2024-06-20,DELIVERED
8626,10,303,2026-01-04,2026-02-06,DELIVERED
8627,2,58,2023-04-23,2023-06-01,DELIVERED
8628,16,298,2024-04-26,2024-05-04,DELIVERED
8629,18,261,2025-07-05,2025-07-17,DELIVERED
8630,3,158,2026-09-03,2026-09-19,IN_TRANSIT
8631,10,114,2023-11-20,2023-12-26,DELIVERED
8632,11,86,2025-10-18,2025-11-04,DELIVERED
8633,17,79,2024-06-01,2024-06-28,DELIVERED
8634,18,465,2023-08-27,2023-09-26,DELAYED
8635,19,443,2023-11-09,2023-11-16,DELIVERED
8636,2,127,2024-10-07,2024-10-14,DELAYED
8637,4,484,2024-06-01,2024-07-05,DELIVERED
8638,20,373,2023-04-12,2023-04-22,DELIVERED
8639,14,317,2024-10-25,2024-11-10,DELIVERED
8640,20,124,2026-04-09,2026-05-03,DELIVERED
8641,14,46,2024-05-28,2024-06-02,DELIVERED
8642,13,299,2023-12-02,2023-12-15,DELIVERED
8643,9,401,2024-04-15,2024-05-08,DELIVERED
8644,15,259,2026-08-30,2026-10-05,DELIVERED
8645,6,368,2024-12-11,2025-01-16,DELIVERED
8646,14,8,2026-09-25,2026-10-02,IN_TRANSIT
8647,5,239,2025-01-11,2025-01-27,DELIVERED
8648,17,458,2025-09-19,2025-10-12,DELIVERED
8649,16,474,2024-09-13,2024-10-22,DELAYED
8650,8,449,2024-03-10,2024-04-16,DELIVERED
8651,15,48,2026-01-14,2026-02-15,DELIVERED
8652,11,125,2025-06-24,2025-07-28,DELIVERED
8653,15,463,2023-07-09,2023-07-29,IN_TRANSIT
8654,20,7,2025-11-23,2025-12-21,DELIVERED
8655,9,25,2024-08-09,2024-08-21,DELIVERED
8656,15,244,2024-06-16,2024-07-16,DELIVERED
8657,5,319,2024-12-23,2025-01-12,DELAYED
8658,15,101,2026-02-07,2026-02-13,DELIVERED
8659,2,473,2023-10-01,2023-11-04,DELIVERED
8660,15,63,2023-10-21,2023-10-27,IN_TRANSIT
8661,14,488,2026-05-07,2026-05-12,DELIVERED
8662,9,241,2025-11-09,2025-11-21,DELIVERED
8663,20,37,2026-05-12,2026-06-19,DELIVERED
8664,15,180,2025-07-07,2025-08-04,DELIVERED
8665,9,75,2024-08-22,2024-09-17,IN_TRANSIT
8666,3,339,2025-10-14,2025-11-20,IN_TRANSIT
8667,14,78,2023-10-04,2023-10-30,DELIVERED
8668,15,463,2023-07-21,2023-08-24,DELIVERED
8669,4,379,2025-12-27,2026-01-17,DELIVERED
8670,14,286,2024-05-24,2024-06-04,IN_TRANSIT
8671,6,303,2024-07-13,2024-08-21,DELIVERED
8672,6,299,2025-01-27,2025-02-26,DELIVERED
8673,15,468,2024-04-09,2024-05-15,IN_TRANSIT
8674,3,276,2025-02-15,2025-02-22,IN_TRANSIT
8675,9,10,2024-10-11,2024-11-14,IN_TRANSIT
8676,4,284,2023-05-19,2023-06-01,DELIVERED
8677,10,342,2025-12-19,2026-01-04,DELAYED
8678,15,405,2024-02-23,2024-03-04,DELIVERED
8679,5,323,2023-11-01,2023-11-16,DELIVERED
8680,11,232,2024-10-03,2024-10-10,DELIVERED
8681,2,130,2023-06-28,2023-07-23,DELIVERED
8682,12,226,2024-12-19,2024-12-30,DELIVERED
8683,16,470,2024-11-22,2024-12-05,DELIVERED
8684,15,480,2026-06-13,2026-07-11,DELIVERED
8685,7,379,2026-07-26,2026-08-08,DELIVERED
8686,6,320,2023-07-31,2023-08-07,DELIVERED
8687,1,210,2024-04-28,2024-05-21,DELIVERED
8688,3,495,2023-11-06,2023-12-10,DELIVERED
8689,20,1,2024-04-23,2024-05-06,DELIVERED
8690,6,73,2025-06-26,2025-07-02,DELIVERED
8691,17,155,2023-06-03,2023-07-08,IN_TRANSIT
8692,12,487,2024-09-06,2024-09-18,DELIVERED
8693,2,108,2023-12-15,2024-01-20,DELIVERED
8694,18,347,2025-04-18,2025-05-13,DELIVERED
8695,8,324,2026-05-27,2026-06-21,DELIVERED
8696,3,168,2024-07-05,2024-08-04,DELAYED
8697,6,304,2023-07-23,2023-08-12,DELIVERED
8698,19,108,2024-12-16,2024-12-23,DELIVERED
8699,12,268,2025-02-22,2025-03-06,DELIVERED
8700,19,342,2023-10-20,2023-11-20,DELIVERED
8701,15,308,2023-05-31,2023-07-05,DELAYED
8702,6,33,2023-09-22,2023-10-07,DELIVERED
8703,19,223,2023-10-25,2023-11-01,DELIVERED
8704,14,114,2023-11-04,2023-11-18,DELIVERED
8705,20,474,2025-02-01,2025-02-12,DELIVERED
8706,12,305,2024-02-21,2024-02-26,IN_TRANSIT
8707,8,269,2023-02-14,2023-03-12,DELIVERED
8708,16,241,2026-07-27,2026-08-12,DELIVERED
8709,2,241,2024-12-26,2025-01-19,IN_TRANSIT
8710,7,142,2026-03-22,2026-04-23,DELIVERED
8711,9,369,2023-02-16,2023-03-08,DELIVERED
8712,14,293,2023-06-05,2023-06-21,DELIVERED
8713,6,185,2023-09-15,2023-10-14,DELIVERED
8714,7,120,2024-06-02,2024-06-22,DELIVERED
8715,17,31,2026-01-27,2026-02-13,DELIVERED
8716,20,474,2025-11-11,2025-11-21,DELIVERED
8717,18,70,2024-01-22,2024-02-01,DELIVERED
8718,8,368,2023-12-07,2024-01-12,DELIVERED
8719,20,254,2025-05-28,2025-07-05,DELIVERED
8720,9,188,2023-01-06,2023-02-07,IN_TRANSIT
8721,9,217,2026-08-07,2026-09-12,DELAYED
8722,10,399,2026-01-18,2026-02-01,DELAYED
8723,15,421,2023-01-20,2023-01-28,DELIVERED
8724,20,50,2023-04-19,2023-04-27,DELIVERED
8725,9,205,2026-04-28,2026-06-05,DELIVERED
8726,17,342,2025-09-15,2025-10-18,IN_TRANSIT
8727,13,360,2025-06-01,2025-06-30,DELAYED
8728,3,151,2025-02-09,2025-03-10,DELIVERED
8729,12,239,2026-06-17,2026-07-09,DELIVERED
8730,6,497,2026-04-17,2026-05-06,DELIVERED
8731,7,162,2023-03-20,2023-04-16,DELIVERED
8732,3,150,2023-10-01,2023-10-06,DELAYED
8733,17,423,2023-05-25,2023-06-04,DELIVERED
8734,16,475,2023-10-24,2023-11-20,DELAYED
8735,16,187,2024-02-18,2024-03-20,DELIVERED
8736,10,219,2025-07-14,2025-08-01,DELIVERED
8737,2,253,2024-06-10,2024-07-08,DELIVERED
8738,8,13,2024-12-19,2025-01-16,IN_TRANSIT
8739,12,275,2023-05-17,2023-05-22,DELIVERED
8740,20,460,2024-11-26,2024-12-06,DELIVERED
8741,9,205,2026-06-25,2026-08-01,DELIVERED
8742,16,82,2025-06-14,2025-06-23,DELIVERED
8743,6,473,2025-12-16,2026-01-04,DELIVERED
8744,9,480,2024-06-12,2024-07-18,DELIVERED
8745,18,160,2024-04-28,2024-05-12,DELIVERED
8746,11,35,2026-09-23,2026-10-26,IN_TRANSIT
8747,13,79,2023-09-27,2023-11-05,DELIVERED
8748,10,482,2024-02-26,2024-03-07,DELIVERED
8749,14,421,2024-02-17,2024-03-03,DELIVERED
8750,3,4,2023-01-13,2023-02-16,IN_TRANSIT
8751,10,425,2023-04-03,2023-05-06,DELIVERED
8752,12,458,2025-08-12,2025-09-18,DELIVERED
8753,7,191,2024-01-07,2024-01-18,DELIVERED
8754,16,367,2025-12-23,2026-01-08,DELIVERED
8755,9,46,2026-07-21,2026-08-10,DELIVERED
8756,16,481,2026-03-29,2026-04-17,DELIVERED
8757,14,358,2025-03-26,2025-04-11,DELIVERED
8758,10,432,2025-09-10,2025-09-22,DELIVERED
8759,19,126,2026-01-08,2026-02-14,DELIVERED
8760,19,461,2024-07-21,2024-08-01,DELIVERED
8761,17,459,2026-08-08,2026-08-21,DELIVERED
8762,14,200,2024-12-07,2025-01-04,DELAYED
8763,9,22,2025-08-04,2025-08-11,IN_TRANSIT
8764,2,64,2023-10-24,2023-11-03,IN_TRANSIT
8765,3,440,2025-03-14,2025-04-21,DELIVERED
8766,17,1,2023-01-12,2023-01-22,DELIVERED
8767,18,386,2024-06-02,2024-06-16,DELIVERED
8768,7,96,2025-07-03,2025-07-08,DELIVERED
8769,20,363,2025-10-12,2025-10-20,DELIVERED
8770,20,56,2024-05-27,2024-06-07,DELIVERED
8771,2,498,2026-09-06,2026-10-09,DELIVERED
8772,13,22,2023-01-28,2023-03-04,DELAYED
8773,3,191,2023-08-06,2023-08-29,DELIVERED
8774,16,349,2023-09-09,2023-09-19,DELIVERED
8775,3,72,2025-02-04,2025-03-06,IN_TRANSIT
8776,16,177,2023-03-18,2023-03-31,DELIVERED
8777,9,441,2025-09-22,2025-10-09,DELIVERED
8778,15,467,2023-10-13,2023-10-31,DELIVERED
8779,2,322,2025-04-22,2025-05-08,IN_TRANSIT
8780,3,412,2023-12-05,2023-12-15,DELAYED
8781,18,1,2023-02-20,2023-03-16,DELIVERED
8782,10,103,2024-07-27,2024-09-04,DELIVERED
8783,1,150,2024-07-10,2024-08-08,DELIVERED
8784,16,13,2024-01-04,2024-01-11,DELIVERED
8785,2,258,2026-03-12,2026-04-04,IN_TRANSIT
8786,16,310,2024-02-13,2024-03-07,DELIVERED
8787,11,153,2026-05-02,2026-05-13,IN_TRANSIT
8788,8,332,2025-07-09,2025-08-03,DELIVERED
8789,18,85,2023-09-01,2023-10-02,DELIVERED
8790,19,125,2024-08-16,2024-09-05,DELIVERED
8791,9,288,2026-07-06,2026-07-13,DELAYED
8792,2,52,2023-09-26,2023-10-16,DELIVERED
8793,2,108,2026-08-12,2026-08-20,DELIVERED
8794,4,373,2025-08-01,2025-08-16,DELIVERED
8795,4,239,2024-05-15,2024-06-05,DELIVERED
8796,17,273,2024-09-29,2024-10-11,IN_TRANSIT
8797,16,49,2026-07-04,2026-08-06,DELIVERED
8798,13,213,2025-03-21,2025-04-07,DELIVERED
8799,15,215,2024-12-24,2025-01-15,DELIVERED
8800,6,355,2024-09-14,2024-09-23,DELIVERED
8801,10,275,2025-10-20,2025-11-22,IN_TRANSIT
8802,15,325,2025-10-11,2025-11-18,DELIVERED
8803,19,120,2026-02-11,2026-03-03,DELIVERED
8804,10,68,2023-07-07,2023-07-17,DELIVERED
8805,15,468,2023-06-07,2023-06-27,DELIVERED
8806,10,307,2026-01-25,2026-02-01,IN_TRANSIT
8807,6,201,2024-11-16,2024-11-30,DELIVERED
8808,8,21,2023-02-02,2023-02-08,DELIVERED
8809,8,380,2025-04-28,2025-05-05,DELIVERED
8810,8,421,2024-04-20,2024-04-25,DELIVERED
8811,11,302,2023-06-16,2023-07-19,DELIVERED
8812,2,14,2023-05-10,2023-06-16,DELAYED
8813,6,474,2023-01-26,2023-03-06,DELIVERED
8814,10,227,2024-07-21,2024-08-18,DELIVERED
8815,4,94,2025-06-06,2025-07-04,DELIVERED
8816,13,350,2024-01-12,2024-02-12,DELIVERED
8817,11,224,2025-06-15,2025-07-19,DELIVERED
8818,5,365,2026-01-16,2026-01-22,IN_TRANSIT
8819,15,388,2023-06-27,2023-07-30,DELIVERED
8820,19,232,2024-08-21,2024-09-29,DELIVERED
8821,14,404,2026-04-27,2026-05-13,IN_TRANSIT
8822,7,165,2025-10-04,2025-10-22,DELIVERED
8823,5,278,2023-11-11,2023-11-27,DELAYED
8824,13,189,2024-03-01,2024-03-24,DELIVERED
8825,17,317,2024-03-13,2024-03-21,DELIVERED
8826,7,347,2025-11-18,2025-11-28,IN_TRANSIT
8827,17,485,2024-01-06,2024-02-08,DELIVERED
8828,11,391,2026-08-20,2026-08-26,DELAYED
8829,5,293,2025-02-12,2025-02-17,DELIVERED
8830,8,305,2026-04-11,2026-04-16,DELIVERED
8831,11,229,2024-03-06,2024-03-23,DELIVERED
8832,20,106,2025-11-18,2025-12-22,DELIVERED
8833,16,268,2023-05-04,2023-05-15,IN_TRANSIT
8834,13,333,2026-03-10,2026-03-26,DELIVERED
8835,17,132,2024-07-04,2024-07-26,DELIVERED
8836,2,42,2024-10-23,2024-11-17,DELIVERED
8837,7,142,2024-09-23,2024-10-22,DELIVERED
8838,11,202,2023-08-25,2023-10-02,DELIVERED
8839,1,298,2026-07-02,2026-07-24,DELIVERED
8840,14,158,2025-02-24,2025-03-19,DELIVERED
8841,5,45,2026-06-02,2026-06-30,DELIVERED
8842,15,221,2024-06-10,2024-06-17,DELIVERED
8843,7,328,2024-05-03,2024-05-27,IN_TRANSIT
8844,1,12,2024-08-28,2024-09-17,DELIVERED
8845,9,198,2026-06-06,2026-07-08,DELIVERED
8846,11,351,2024-02-24,2024-03-02,DELIVERED
8847,13,409,2024-01-03,2024-01-10,DELIVERED
8848,11,456,2024-02-12,2024-03-06,DELIVERED
8849,6,469,2024-06-02,2024-06-16,DELIVERED
8850,4,66,2023-11-28,2023-12-17,DELIVERED
8851,15,115,2023-11-26,2023-12-09,DELAYED
8852,8,243,2026-04-05,2026-04-21,DELIVERED
8853,18,283,2025-09-12,2025-10-16,DELIVERED
8854,6,194,2024-04-02,2024-04-11,IN_TRANSIT
8855,5,73,2023-07-30,2023-09-06,DELIVERED
8856,14,43,2025-09-02,2025-09-09,DELIVERED
8857,5,111,2026-06-07,2026-07-08,DELIVERED
8858,2,384,2024-05-20,2024-06-03,DELAYED
8859,1,94,2025-09-07,2025-10-15,DELIVERED
8860,5,332,2025-12-30,2026-01-13,DELIVERED
8861,8,285,2025-06-16,2025-07-15,DELIVERED
8862,15,65,2026-05-17,2026-06-01,DELIVERED
8863,10,32,2023-06-30,2023-08-07,DELIVERED
8864,12,301,2026-07-18,2026-07-23,DELIVERED
8865,4,164,2026-07-14,2026-08-17,DELIVERED
8866,9,421,2024-08-04,2024-08-21,DELAYED
8867,12,124,2023-01-22,2023-02-15,DELIVERED
8868,2,285,2024-01-07,2024-01-15,DELIVERED
8869,6,129,2024-03-05,2024-03-27,DELIVERED
8870,20,391,2024-02-08,2024-02-26,DELAYED
8871,15,428,2024-05-09,2024-05-21,DELIVERED
8872,14,461,2026-04-30,2026-05-22,DELIVERED
8873,19,369,2026-07-09,2026-07-31,DELIVERED
8874,9,300,2025-08-29,2025-10-03,DELIVERED
8875,11,79,2023-02-19,2023-03-23,IN_TRANSIT
8876,10,25,2023-12-01,2023-12-17,DELIVERED
8877,5,280,2024-07-17,2024-08-25,DELIVERED
8878,2,274,2025-10-24,2025-10-30,DELIVERED
8879,10,10,2024-04-19,2024-05-06,IN_TRANSIT
8880,1,296,2024-09-28,2024-10-15,DELIVERED
8881,12,145,2026-05-05,2026-06-08,DELIVERED
8882,13,160,2024-03-17,2024-03-24,DELIVERED
8883,18,233,2026-02-09,2026-02-28,DELIVERED
8884,14,159,2023-03-25,2023-04-18,DELIVERED
8885,6,66,2023-11-03,2023-11-13,DELIVERED
8886,12,134,2024-04-12,2024-04-17,DELIVERED
8887,4,277,2024-03-03,2024-04-05,DELAYED
8888,5,428,2023-07-19,2023-08-07,DELIVERED
8889,6,291,2023-08-13,2023-09-13,DELIVERED
8890,8,130,2025-09-26,2025-11-02,IN_TRANSIT
8891,2,107,2024-12-14,2024-12-25,DELAYED
8892,15,27,2025-12-13,2026-01-05,DELIVERED
8893,4,485,2024-08-16,2024-09-06,DELIVERED
8894,4,457,2024-12-31,2025-01-30,DELIVERED
8895,13,130,2024-02-29,2024-03-30,DELIVERED
8896,5,6,2024-01-18,2024-01-29,DELIVERED
8897,11,151,2025-06-17,2025-06-25,DELIVERED
8898,2,122,2026-09-04,2026-09-28,IN_TRANSIT
8899,9,375,2025-03-13,2025-03-31,DELIVERED
8900,2,307,2026-06-14,2026-07-15,DELIVERED
8901,9,142,2026-01-27,2026-02-04,DELIVERED
8902,17,158,2026-04-03,2026-05-03,IN_TRANSIT
8903,13,96,2026-01-16,2026-02-03,DELIVERED
8904,17,447,2026-07-03,2026-07-09,DELIVERED
8905,11,19,2023-06-10,2023-07-13,DELIVERED
8906,11,232,2025-10-29,2025-11-08,DELIVERED
8907,19,322,2023-03-21,2023-04-20,DELIVERED
8908,2,441,2026-07-28,2026-08-29,DELIVERED
8909,19,225,2023-08-02,2023-08-13,DELIVERED
8910,4,353,2024-06-23,2024-07-13,DELIVERED
8911,3,197,2026-03-15,2026-04-19,DELIVERED
8912,8,347,2024-03-26,2024-05-01,DELIVERED
8913,4,318,2024-04-04,2024-05-07,DELIVERED
8914,12,190,2024-05-19,2024-05-29,DELIVERED
8915,19,255,2023-05-30,2023-06-23,DELIVERED
8916,9,327,2026-01-03,2026-01-15,DELIVERED
8917,10,375,2025-07-07,2025-07-21,DELIVERED
8918,6,80,2023-10-28,2023-11-24,DELIVERED
8919,7,331,2025-08-16,2025-09-01,DELIVERED
8920,15,119,2024-06-03,2024-06-27,DELIVERED
8921,11,192,2023-06-07,2023-07-11,DELIVERED
8922,10,294,2023-05-26,2023-06-20,DELIVERED
8923,17,231,2024-03-28,2024-04-20,DELIVERED
8924,1,107,2024-08-06,2024-09-10,IN_TRANSIT
8925,14,17,2024-07-29,2024-08-26,DELIVERED
8926,15,348,2026-01-26,2026-02-25,DELAYED
8927,12,214,2026-01-27,2026-02-03,IN_TRANSIT
8928,11,353,2024-06-19,2024-07-01,DELIVERED
8929,12,33,2024-03-29,2024-04-08,IN_TRANSIT
8930,19,110,2026-03-25,2026-04-28,DELAYED
8931,19,196,2024-08-01,2024-08-21,DELIVERED
8932,11,34,2026-04-21,2026-05-27,DELIVERED
8933,11,196,2025-08-18,2025-08-24,IN_TRANSIT
8934,15,159,2024-12-10,2025-01-15,DELIVERED
8935,10,29,2025-09-24,2025-10-17,DELIVERED
8936,16,112,2026-08-23,2026-08-28,DELIVERED
8937,16,302,2024-08-10,2024-08-27,DELIVERED
8938,20,104,2026-08-10,2026-08-21,DELIVERED
8939,2,430,2023-03-30,2023-05-03,DELIVERED
8940,9,290,2026-03-03,2026-03-18,DELIVERED
8941,13,340,2023-12-13,2023-12-25,DELIVERED
8942,3,138,2026-06-08,2026-06-17,DELIVERED
8943,7,206,2025-01-31,2025-02-26,DELIVERED
8944,20,201,2025-01-28,2025-03-05,DELIVERED
8945,18,324,2026-05-08,2026-05-26,DELIVERED
8946,3,56,2023-08-01,2023-09-04,DELIVERED
8947,15,286,2024-06-05,2024-07-13,DELIVERED
8948,17,208,2026-09-28,2026-11-01,DELAYED
8949,15,100,2024-11-27,2024-12-08,DELIVERED
8950,11,451,2025-10-13,2025-11-04,DELIVERED
8951,14,456,2023-05-16,2023-06-08,IN_TRANSIT
8952,6,347,2024-03-16,2024-03-30,DELIVERED
8953,10,263,2024-02-06,2024-02-22,DELIVERED
8954,3,334,2024-12-07,2024-12-27,DELIVERED
8955,11,62,2026-05-05,2026-06-04,DELIVERED
8956,7,424,2026-06-06,2026-06-30,DELIVERED
8957,18,464,2024-08-09,2024-09-12,IN_TRANSIT
8958,1,317,2024-11-27,2024-12-18,DELIVERED
8959,8,432,2024-12-02,2024-12-09,DELIVERED
8960,14,161,2023-11-13,2023-12-03,DELAYED
8961,17,195,2023-04-17,2023-04-23,DELIVERED
8962,4,388,2023-08-12,2023-08-23,DELIVERED
8963,5,187,2025-03-20,2025-04-20,DELIVERED
8964,1,391,2024-08-09,2024-09-16,DELIVERED
8965,10,45,2023-06-09,2023-06-29,DELIVERED
8966,20,16,2026-03-19,2026-04-15,DELIVERED
8967,8,303,2024-08-19,2024-08-26,DELIVERED
8968,15,231,2024-12-21,2025-01-18,DELIVERED
8969,19,132,2023-05-10,2023-06-09,DELIVERED
8970,2,160,2023-07-22,2023-08-03,DELIVERED
8971,3,490,2025-08-26,2025-09-02,DELIVERED
8972,13,387,2025-01-09,2025-01-30,DELIVERED
8973,16,203,2023-04-17,2023-05-26,DELIVERED
8974,16,453,2025-01-17,2025-01-28,DELIVERED
8975,4,343,2026-03-20,2026-03-31,DELIVERED
8976,16,75,2025-06-23,2025-07-14,DELIVERED
8977,19,56,2025-05-21,2025-05-31,DELIVERED
8978,6,12,2023-05-24,2023-05-30,DELIVERED
8979,9,400,2026-04-15,2026-04-21,IN_TRANSIT
8980,12,287,2026-01-12,2026-02-06,DELIVERED
8981,9,31,2023-02-09,2023-02-20,DELIVERED
8982,18,28,2025-04-11,2025-04-19,DELIVERED
8983,6,43,2026-08-23,2026-09-12,DELIVERED
8984,12,113,2025-11-02,2025-11-19,DELIVERED
8985,15,77,2023-07-31,2023-08-14,IN_TRANSIT
8986,7,211,2023-03-12,2023-03-19,DELIVERED
8987,7,353,2025-11-07,2025-12-07,DELIVERED
8988,17,421,2025-04-08,2025-04-27,IN_TRANSIT
8989,11,145,2025-06-06,2025-06-22,DELIVERED
8990,3,410,2024-02-01,2024-02-12,DELIVERED
8991,10,127,2024-02-15,2024-03-10,DELIVERED
8992,19,7,2024-04-18,2024-05-18,DELIVERED
8993,13,298,2024-08-09,2024-08-29,DELIVERED
8994,20,360,2025-06-16,2025-07-12,DELIVERED
8995,17,393,2026-01-05,2026-02-03,DELIVERED
8996,6,177,2026-06-15,2026-07-08,DELIVERED
8997,9,359,2024-04-02,2024-04-16,DELIVERED
8998,6,220,2026-09-13,2026-09-25,DELIVERED
8999,19,55,2025-03-12,2025-04-09,DELIVERED
9000,3,235,2023-01-03,2023-01-10,DELIVERED
9001,5,269,2023-07-03,2023-07-09,DELIVERED
9002,4,414,2023-08-28,2023-10-02,DELIVERED
9003,20,329,2023-09-15,2023-09-23,DELIVERED
9004,12,18,2023-03-22,2023-04-14,IN_TRANSIT
9005,20,253,2023-09-17,2023-09-22,DELIVERED
9006,16,428,2026-03-16,2026-03-24,DELAYED
9007,20,145,2024-12-04,2024-12-12,DELIVERED
9008,14,238,2026-07-17,2026-08-04,DELIVERED
9009,16,175,2024-06-26,2024-07-27,DELAYED
9010,9,398,2023-08-14,2023-09-17,DELIVERED
9011,1,9,2024-06-25,2024-07-25,DELIVERED
9012,4,97,2023-05-13,2023-05-23,IN_TRANSIT
9013,6,448,2024-12-19,2025-01-15,DELIVERED
9014,12,34,2025-05-06,2025-05-21,DELIVERED
9015,4,10,2023-04-07,2023-05-05,DELIVERED
9016,14,464,2025-01-06,2025-01-11,DELIVERED
9017,11,301,2026-01-11,2026-01-22,DELIVERED
9018,17,255,2024-07-16,2024-07-29,DELIVERED
9019,16,103,2023-12-29,2024-01-11,DELIVERED
9020,19,214,2026-07-12,2026-08-06,DELIVERED
9021,6,155,2025-02-14,2025-03-02,DELIVERED
9022,10,96,2025-02-22,2025-03-06,DELIVERED
9023,6,305,2025-04-04,2025-04-16,DELIVERED
9024,8,2,2026-05-24,2026-06-26,DELIVERED
9025,5,2,2023-08-31,2023-09-24,DELIVERED
9026,8,136,2026-07-14,2026-08-15,DELIVERED
9027,3,461,2024-12-01,2024-12-22,DELIVERED
9028,9,64,2026-01-05,2026-01-22,DELIVERED
9029,2,420,2023-04-21,2023-05-29,DELIVERED
9030,19,98,2024-02-16,2024-03-08,DELIVERED
9031,17,122,2023-11-11,2023-11-21,DELIVERED
9032,13,364,2025-01-04,2025-01-09,DELIVERED
9033,1,310,2023-11-29,2023-12-07,DELIVERED
9034,13,491,2024-12-14,2025-01-22,DELIVERED
9035,14,448,2026-08-04,2026-09-11,DELIVERED
9036,14,215,2023-04-19,2023-05-09,DELIVERED
9037,9,292,2025-05-02,2025-06-05,DELIVERED
9038,16,105,2024-03-03,2024-03-27,DELIVERED
9039,9,478,2025-07-13,2025-08-14,DELIVERED
9040,15,351,2025-10-31,2025-12-03,IN_TRANSIT
9041,16,374,2023-11-16,2023-12-13,IN_TRANSIT
9042,1,114,2026-08-06,2026-08-24,IN_TRANSIT
9043,14,248,2023-08-20,2023-08-29,DELIVERED
9044,9,448,2023-11-18,2023-11-25,DELIVERED
9045,5,184,2025-04-26,2025-05-13,DELIVERED
9046,11,377,2025-10-15,2025-11-23,DELIVERED
9047,13,270,2023-10-10,2023-11-14,DELIVERED
9048,6,284,2025-12-31,2026-01-25,DELIVERED
9049,14,71,2023-05-05,2023-05-29,DELIVERED
9050,17,265,2026-08-27,2026-09-14,DELIVERED
9051,8,54,2024-11-17,2024-12-15,DELIVERED
9052,11,458,2023-05-30,2023-06-10,DELAYED
9053,20,134,2025-07-21,2025-08-04,DELIVERED
9054,10,227,2023-02-24,2023-03-16,IN_TRANSIT
9055,15,54,2025-01-05,2025-01-29,DELIVERED
9056,1,367,2024-07-10,2024-08-14,DELIVERED
9057,11,434,2026-02-01,2026-03-04,DELIVERED
9058,19,325,2023-04-21,2023-05-24,DELIVERED
9059,12,422,2024-02-18,2024-03-07,DELIVERED
9060,10,492,2023-06-01,2023-06-15,DELIVERED
9061,17,321,2023-08-31,2023-09-25,IN_TRANSIT
9062,1,111,2023-10-25,2023-11-15,DELIVERED
9063,9,340,2026-04-26,2026-05-23,DELIVERED
9064,16,198,2025-07-25,2025-08-06,IN_TRANSIT
9065,8,444,2026-02-08,2026-03-06,IN_TRANSIT
9066,15,129,2024-09-29,2024-10-06,DELIVERED
9067,3,324,2023-11-19,2023-11-25,DELAYED
9068,15,321,2026-07-05,2026-08-04,DELIVERED
9069,14,422,2024-12-12,2025-01-01,DELIVERED
9070,8,298,2025-07-24,2025-08-07,DELIVERED
9071,3,10,2025-08-23,2025-09-12,DELIVERED
9072,11,296,2023-04-24,2023-05-04,DELIVERED
9073,5,123,2025-03-23,2025-04-26,DELIVERED
9074,15,100,2024-11-08,2024-12-16,IN_TRANSIT
9075,16,274,2024-02-26,2024-04-03,DELIVERED
9076,15,310,2025-04-15,2025-05-11,DELIVERED
9077,13,11,2025-02-03,2025-02-23,DELIVERED
9078,3,200,2026-08-31,2026-09-08,IN_TRANSIT
9079,18,270,2025-02-10,2025-03-20,DELIVERED
9080,4,362,2023-05-18,2023-06-26,DELAYED
9081,1,436,2024-03-18,2024-03-23,DELIVERED
9082,9,228,2025-12-18,2026-01-18,DELIVERED
9083,10,314,2025-03-11,2025-03-20,DELIVERED
9084,19,102,2025-05-19,2025-06-17,DELAYED
9085,3,323,2025-09-19,2025-09-28,DELIVERED
9086,20,276,2026-05-17,2026-06-15,DELIVERED
9087,19,212,2026-09-24,2026-10-08,DELIVERED
9088,4,442,2026-04-11,2026-05-07,DELIVERED
9089,18,29,2025-09-25,2025-10-01,IN_TRANSIT
9090,16,58,2024-06-11,2024-06-22,DELIVERED
9091,11,127,2023-02-26,2023-03-30,DELIVERED
9092,17,176,2026-01-15,2026-01-28,DELIVERED
9093,16,363,2025-01-30,2025-02-13,DELIVERED
9094,8,49,2023-02-12,2023-03-02,DELIVERED
9095,16,5,2025-02-16,2025-03-22,DELIVERED
9096,12,408,2024-05-18,2024-05-31,DELIVERED
9097,3,229,2025-08-07,2025-08-30,DELIVERED
9098,15,146,2023-09-29,2023-10-04,DELIVERED
9099,18,487,2023-03-30,2023-04-04,DELIVERED
9100,8,463,2023-12-03,2023-12-24,DELIVERED
9101,18,264,2024-08-14,2024-09-20,IN_TRANSIT
9102,7,322,2023-10-18,2023-10-27,IN_TRANSIT
9103,17,35,2026-07-27,2026-08-06,DELAYED
9104,2,222,2025-04-09,2025-05-05,IN_TRANSIT
9105,14,98,2025-01-17,2025-01-23,DELIVERED
9106,16,106,2025-10-14,2025-11-09,DELIVERED
9107,17,8,2024-11-12,2024-12-16,DELIVERED
9108,11,18,2023-01-28,2023-02-23,DELIVERED
9109,4,420,2026-03-01,2026-03-22,DELIVERED
9110,4,187,2024-06-11,2024-06-23,DELAYED
9111,3,270,2024-10-02,2024-10-15,IN_TRANSIT
9112,16,157,2025-09-06,2025-10-03,DELIVERED
9113,6,357,2023-12-13,2024-01-15,IN_TRANSIT
9114,13,411,2023-04-19,2023-04-25,DELIVERED
9115,15,193,2026-08-14,2026-09-04,DELIVERED
9116,15,3,2026-08-26,2026-09-08,DELIVERED
9117,9,459,2024-07-20,2024-07-29,DELIVERED
9118,2,39,2025-03-13,2025-04-05,DELIVERED
9119,14,131,2026-06-21,2026-07-28,DELAYED
9120,18,411,2024-10-27,2024-11-09,DELIVERED
9121,18,324,2023-10-19,2023-11-23,IN_TRANSIT
9122,19,82,2025-05-23,2025-06-25,DELAYED
9123,20,3,2025-11-24,2025-12-25,IN_TRANSIT
9124,19,185,2024-12-29,2025-01-15,DELIVERED
9125,19,1,2024-03-27,2024-04-16,DELIVERED
9126,7,122,2026-03-06,2026-04-13,IN_TRANSIT
9127,20,218,2026-04-16,2026-05-03,IN_TRANSIT
9128,17,126,2024-01-25,2024-02-29,DELIVERED
9129,5,5,2024-10-10,2024-11-06,DELIVERED
9130,10,198,2025-12-04,2026-01-07,DELIVERED
9131,10,361,2023-12-19,2023-12-30,DELIVERED
9132,17,347,2023-08-17,2023-09-16,DELAYED
9133,14,483,2025-06-18,2025-06-23,DELIVERED
9134,5,442,2023-04-16,2023-05-22,DELIVERED
9135,6,443,2023-08-10,2023-09-04,DELIVERED
9136,11,496,2024-05-23,2024-06-18,DELIVERED
9137,17,411,2026-09-23,2026-10-10,DELIVERED
9138,9,496,2026-07-25,2026-08-02,DELIVERED
9139,10,53,2024-01-05,2024-01-12,DELIVERED
9140,6,119,2023-09-30,2023-10-11,DELIVERED
9141,10,92,2025-12-07,2026-01-15,DELIVERED
9142,2,73,2023-10-13,2023-11-08,DELIVERED
9143,2,371,2024-03-09,2024-03-21,DELAYED
9144,15,455,2023-11-23,2023-11-29,IN_TRANSIT
9145,7,457,2023-08-18,2023-09-12,DELAYED
9146,15,3,2025-08-23,2025-09-22,DELIVERED
9147,19,345,2026-05-16,2026-05-28,DELIVERED
9148,10,221,2024-06-26,2024-07-13,DELIVERED
9149,7,65,2023-02-26,2023-03-28,DELIVERED
9150,4,410,2026-07-22,2026-07-29,DELIVERED
9151,19,340,2025-08-28,2025-09-25,DELIVERED
9152,5,79,2026-06-04,2026-06-16,DELIVERED
9153,15,47,2023-04-04,2023-05-08,DELIVERED
9154,6,206,2025-02-18,2025-02-25,IN_TRANSIT
9155,11,208,2023-03-01,2023-04-06,DELIVERED
9156,7,498,2024-10-12,2024-11-10,IN_TRANSIT
9157,4,349,2025-05-16,2025-06-13,IN_TRANSIT
9158,8,132,2024-11-03,2024-12-02,DELIVERED
9159,3,440,2025-05-10,2025-06-18,DELIVERED
9160,1,366,2023-01-28,2023-02-15,DELIVERED
9161,3,186,2026-05-07,2026-05-25,DELIVERED
9162,16,438,2024-09-28,2024-10-08,DELIVERED
9163,20,100,2026-03-03,2026-04-05,DELIVERED
9164,13,371,2025-08-18,2025-09-08,DELIVERED
9165,15,495,2024-05-28,2024-06-17,DELIVERED
9166,5,139,2024-11-06,2024-11-29,IN_TRANSIT
9167,3,67,2025-10-16,2025-10-30,DELIVERED
9168,9,119,2023-12-08,2024-01-13,DELIVERED
9169,9,47,2025-05-25,2025-06-29,DELIVERED
9170,18,409,2026-06-09,2026-07-02,DELAYED
9171,16,372,2025-12-19,2026-01-19,IN_TRANSIT
9172,20,324,2024-07-26,2024-08-12,DELIVERED
9173,11,438,2026-03-14,2026-03-25,DELIVERED
9174,16,291,2025-11-16,2025-12-04,DELIVERED
9175,12,329,2025-07-20,2025-08-26,DELAYED
9176,2,390,2025-01-05,2025-02-11,DELIVERED
9177,14,326,2025-05-28,2025-06-12,DELIVERED
9178,6,162,2023-01-26,2023-02-01,DELIVERED
9179,6,156,2024-07-11,2024-07-21,DELIVERED
9180,13,200,2024-09-24,2024-10-01,DELIVERED
9181,7,299,2023-05-09,2023-05-16,DELIVERED
9182,2,361,2023-03-31,2023-04-29,DELAYED
9183,18,407,2024-12-14,2025-01-04,DELIVERED
9184,9,332,2026-04-08,2026-05-09,DELIVERED
9185,11,419,2026-02-12,2026-03-10,DELIVERED
9186,12,99,2023-06-22,2023-07-06,DELIVERED
9187,10,438,2024-02-15,2024-03-09,DELIVERED
9188,11,370,2024-09-07,2024-10-16,DELIVERED
9189,11,407,2025-01-26,2025-02-16,DELIVERED
9190,19,98,2023-12-17,2024-01-17,DELIVERED
9191,5,116,2023-01-28,2023-02-12,DELIVERED
9192,8,378,2026-01-29,2026-02-04,DELIVERED
9193,18,362,2026-05-07,2026-06-01,DELIVERED
9194,7,190,2025-08-30,2025-10-08,DELIVERED
9195,12,16,2023-02-01,2023-02-08,DELIVERED
9196,18,373,2023-08-26,2023-09-19,IN_TRANSIT
9197,2,298,2023-06-14,2023-07-16,DELIVERED
9198,20,303,2026-07-16,2026-08-14,DELIVERED
9199,9,368,2024-04-11,2024-04-29,DELAYED
9200,10,294,2023-04-21,2023-04-27,DELAYED
9201,17,287,2024-04-02,2024-04-23,DELIVERED
9202,9,209,2024-01-13,2024-01-31,DELIVERED
9203,14,136,2025-03-21,2025-03-26,DELAYED
9204,9,477,2025-11-06,2025-12-10,DELIVERED
9205,10,390,2025-11-01,2025-12-04,DELIVERED
9206,18,81,2024-04-21,2024-05-01,DELIVERED
9207,11,20,2023-11-17,2023-12-22,DELIVERED
9208,11,229,2023-03-22,2023-03-31,DELIVERED
9209,9,101,2024-01-16,2024-02-19,DELIVERED
9210,13,111,2025-11-27,2025-12-10,DELIVERED
9211,20,448,2026-03-24,2026-04-04,DELIVERED
9212,17,173,2023-01-21,2023-01-31,DELIVERED
9213,15,322,2023-06-04,2023-06-11,DELIVERED
9214,7,435,2026-07-04,2026-08-07,DELAYED
9215,19,429,2026-06-30,2026-07-30,IN_TRANSIT
9216,14,199,2023-11-20,2023-12-12,IN_TRANSIT
9217,2,85,2023-07-26,2023-08-21,DELIVERED
9218,2,397,2025-08-15,2025-08-25,IN_TRANSIT
9219,19,441,2024-10-20,2024-11-13,DELAYED
9220,10,155,2026-07-13,2026-08-15,DELIVERED
9221,10,446,2026-02-16,2026-03-07,DELIVERED
9222,3,130,2024-06-05,2024-06-26,DELIVERED
9223,12,365,2025-02-11,2025-03-04,DELAYED
9224,9,435,2025-08-09,2025-08-20,DELIVERED
9225,14,446,2023-09-19,2023-10-20,DELIVERED
9226,14,114,2024-09-09,2024-09-21,DELIVERED
9227,9,476,2024-07-23,2024-08-08,DELIVERED
9228,11,383,2026-02-22,2026-03-29,DELIVERED
9229,11,258,2025-02-21,2025-03-15,DELAYED
9230,12,253,2023-02-27,2023-03-30,DELIVERED
9231,16,283,2025-02-16,2025-03-15,DELIVERED
9232,4,431,2026-04-09,2026-04-17,DELIVERED
9233,14,180,2023-01-04,2023-01-10,DELIVERED
9234,16,37,2025-04-27,2025-05-20,DELIVERED
9235,7,122,2024-03-17,2024-03-25,DELIVERED
9236,5,287,2023-10-05,2023-10-15,DELIVERED
9237,7,454,2023-06-11,2023-07-18,DELIVERED
9238,11,426,2024-05-30,2024-06-11,DELIVERED
9239,4,459,2025-05-15,2025-06-04,DELIVERED
9240,14,224,2026-05-20,2026-06-18,DELIVERED
9241,19,290,2024-12-30,2025-02-03,DELIVERED
9242,8,480,2026-01-26,2026-02-13,DELIVERED
9243,16,53,2026-08-01,2026-08-23,DELIVERED
9244,2,396,2026-08-10,2026-09-01,IN_TRANSIT
9245,15,498,2024-01-20,2024-01-28,DELIVERED
9246,5,101,2025-12-17,2026-01-02,DELIVERED
9247,11,406,2026-03-15,2026-04-19,DELIVERED
9248,1,383,2023-03-12,2023-03-31,DELIVERED
9249,18,391,2025-10-02,2025-10-11,DELIVERED
9250,12,221,2024-02-16,2024-03-06,DELIVERED
9251,1,69,2023-09-13,2023-09-18,DELIVERED
9252,5,298,2026-03-17,2026-04-09,IN_TRANSIT
9253,14,34,2024-12-15,2024-12-29,IN_TRANSIT
9254,15,460,2024-09-09,2024-10-18,DELIVERED
9255,17,258,2026-01-16,2026-02-12,DELAYED
9256,5,294,2026-07-16,2026-08-12,DELAYED
9257,14,167,2026-04-26,2026-05-02,DELIVERED
9258,9,74,2023-09-23,2023-10-02,DELIVERED
9259,7,344,2024-01-24,2024-02-16,DELIVERED
9260,12,316,2025-03-17,2025-04-14,IN_TRANSIT
9261,14,384,2025-06-07,2025-06-15,DELIVERED
9262,17,264,2024-11-12,2024-12-06,DELIVERED
9263,1,280,2026-02-04,2026-02-25,DELIVERED
9264,12,309,2024-09-30,2024-10-08,DELIVERED
9265,7,194,2024-11-19,2024-12-14,DELIVERED
9266,17,478,2023-04-24,2023-05-27,DELIVERED
9267,15,119,2023-08-20,2023-09-10,DELIVERED
9268,10,307,2024-09-21,2024-10-26,DELIVERED
9269,20,425,2024-03-12,2024-03-21,DELAYED
9270,5,234,2023-07-21,2023-08-24,DELAYED
9271,15,34,2023-01-23,2023-02-20,DELIVERED
9272,15,255,2024-06-05,2024-06-28,DELIVERED
9273,1,446,2024-04-13,2024-04-20,DELIVERED
9274,3,163,2023-05-25,2023-06-22,DELIVERED
9275,5,245,2023-08-12,2023-08-28,DELIVERED
9276,8,162,2025-04-30,2025-05-29,DELAYED
9277,10,173,2024-10-13,2024-11-12,DELIVERED
9278,6,259,2026-02-16,2026-03-23,IN_TRANSIT
9279,6,169,2023-04-05,2023-04-18,DELIVERED
9280,3,472,2023-05-30,2023-07-07,DELIVERED
9281,10,29,2024-04-05,2024-05-04,DELIVERED
9282,12,378,2023-09-04,2023-10-06,DELIVERED
9283,14,275,2024-12-27,2025-01-01,DELIVERED
9284,16,200,2025-09-14,2025-10-15,DELAYED
9285,16,259,2026-09-30,2026-10-16,DELIVERED
9286,11,374,2024-12-06,2025-01-05,DELIVERED
9287,14,411,2026-03-24,2026-04-03,DELIVERED
9288,2,375,2023-08-03,2023-08-26,DELIVERED
9289,15,110,2023-05-03,2023-05-27,DELIVERED
9290,15,254,2023-05-27,2023-06-06,DELIVERED
9291,20,230,2024-11-08,2024-12-04,DELIVERED
9292,3,105,2024-11-30,2025-01-05,DELIVERED
9293,1,160,2026-05-08,2026-05-25,DELIVERED
9294,20,50,2023-08-16,2023-08-24,DELIVERED
9295,7,53,2026-06-19,2026-07-01,IN_TRANSIT
9296,15,385,2025-12-09,2026-01-03,IN_TRANSIT
9297,17,415,2024-03-19,2024-04-14,DELIVERED
9298,1,181,2023-05-24,2023-06-11,DELIVERED
9299,2,452,2025-01-15,2025-02-21,DELIVERED
9300,15,263,2025-10-07,2025-11-07,DELIVERED
9301,17,450,2025-08-25,2025-08-31,DELIVERED
9302,15,396,2023-04-22,2023-05-31,DELIVERED
9303,6,445,2023-04-27,2023-05-26,DELIVERED
9304,12,438,2023-01-31,2023-03-08,DELIVERED
9305,7,89,2024-04-12,2024-05-18,DELIVERED
9306,8,88,2025-02-11,2025-02-18,DELIVERED
9307,5,277,2025-10-12,2025-11-12,DELAYED
9308,9,237,2024-09-04,2024-10-06,DELIVERED
9309,4,294,2024-08-15,2024-09-15,DELIVERED
9310,11,22,2026-07-16,2026-08-16,DELIVERED
9311,10,72,2025-09-10,2025-09-17,DELAYED
9312,11,57,2025-12-07,2025-12-16,DELIVERED
9313,17,174,2023-10-03,2023-10-26,DELIVERED
9314,10,40,2025-12-13,2026-01-20,DELIVERED
9315,11,427,2025-01-01,2025-01-24,DELIVERED
9316,3,254,2026-04-26,2026-05-16,DELIVERED
9317,10,447,2025-06-18,2025-07-12,DELIVERED
9318,10,408,2024-05-10,2024-06-04,IN_TRANSIT
9319,3,172,2025-09-09,2025-10-10,DELIVERED
9320,4,484,2024-08-19,2024-09-20,DELAYED
9321,19,168,2024-08-11,2024-08-18,DELAYED
9322,4,196,2024-10-01,2024-11-08,DELIVERED
9323,9,484,2025-12-01,2025-12-16,DELIVERED
9324,18,295,2024-03-04,2024-03-27,DELIVERED
9325,19,427,2024-12-08,2025-01-02,DELIVERED
9326,8,157,2025-03-14,2025-03-24,DELAYED
9327,12,176,2025-03-19,2025-03-29,DELIVERED
9328,12,456,2023-10-08,2023-10-25,DELIVERED
9329,16,336,2023-05-19,2023-06-12,DELAYED
9330,14,221,2024-03-09,2024-03-15,DELIVERED
9331,2,98,2024-06-25,2024-07-16,DELIVERED
9332,12,321,2025-05-14,2025-05-22,IN_TRANSIT
9333,19,430,2026-09-15,2026-09-30,DELIVERED
9334,16,430,2025-11-17,2025-12-16,DELIVERED
9335,3,347,2024-12-25,2025-01-09,DELIVERED
9336,7,36,2026-09-21,2026-10-18,DELAYED
9337,7,140,2025-12-20,2026-01-22,IN_TRANSIT
9338,17,417,2024-11-11,2024-12-20,DELIVERED
9339,1,336,2023-04-28,2023-05-18,DELIVERED
9340,14,217,2023-11-08,2023-11-30,IN_TRANSIT
9341,4,40,2025-08-09,2025-08-30,DELIVERED
9342,16,485,2026-06-02,2026-06-16,DELIVERED
9343,20,150,2026-07-15,2026-08-16,DELIVERED
9344,14,92,2023-12-08,2024-01-13,DELAYED
9345,5,306,2024-05-02,2024-05-14,DELIVERED
9346,19,250,2024-06-27,2024-07-24,DELIVERED
9347,19,143,2023-08-11,2023-09-06,DELIVERED
9348,16,336,2024-12-23,2025-01-26,DELIVERED
9349,16,291,2023-04-06,2023-05-13,DELIVERED
9350,17,318,2025-04-24,2025-05-26,DELAYED
9351,5,368,2024-10-09,2024-10-26,DELIVERED
9352,20,98,2026-01-03,2026-01-22,DELAYED
9353,7,207,2026-05-17,2026-06-24,DELIVERED
9354,10,366,2023-10-06,2023-11-02,DELIVERED
9355,7,253,2026-03-20,2026-03-31,DELIVERED
9356,2,22,2024-07-26,2024-07-31,DELAYED
9357,4,85,2025-02-21,2025-03-17,IN_TRANSIT
9358,10,50,2023-04-23,2023-05-29,DELIVERED
9359,6,431,2026-08-01,2026-08-26,DELIVERED
9360,3,120,2024-04-27,2024-05-05,DELIVERED
9361,8,217,2026-03-19,2026-04-19,DELIVERED
9362,5,352,2024-06-26,2024-07-22,DELIVERED
9363,9,448,2024-11-03,2024-11-14,DELIVERED
9364,12,154,2023-03-16,2023-04-08,DELIVERED
9365,17,98,2026-07-29,2026-08-13,DELIVERED
9366,2,424,2023-10-16,2023-11-08,IN_TRANSIT
9367,18,52,2026-05-22,2026-06-15,DELIVERED
9368,4,121,2023-12-13,2024-01-09,DELIVERED
9369,17,72,2023-12-06,2023-12-19,DELIVERED
9370,16,326,2025-03-25,2025-04-24,DELIVERED
9371,4,232,2024-08-28,2024-09-09,DELIVERED
9372,17,383,2025-12-20,2026-01-02,DELIVERED
9373,2,321,2026-02-24,2026-03-11,DELIVERED
9374,15,331,2024-06-01,2024-07-03,DELIVERED
9375,10,145,2024-04-08,2024-05-17,DELIVERED
9376,3,72,2026-08-17,2026-09-09,DELIVERED
9377,2,178,2026-02-20,2026-03-03,DELIVERED
9378,17,416,2023-08-31,2023-09-11,DELIVERED
9379,14,359,2026-02-26,2026-03-05,DELIVERED
9380,14,470,2024-03-07,2024-04-09,DELAYED
9381,10,493,2024-11-13,2024-12-21,DELAYED
9382,9,406,2024-09-23,2024-09-30,IN_TRANSIT
9383,14,335,2026-03-17,2026-04-19,DELAYED
9384,3,279,2026-06-14,2026-07-17,DELIVERED
9385,9,101,2026-04-14,2026-05-15,DELIVERED
9386,6,260,2023-10-23,2023-11-15,DELIVERED
9387,3,365,2026-06-16,2026-06-24,DELIVERED
9388,20,185,2023-01-24,2023-02-18,DELAYED
9389,14,260,2024-10-18,2024-11-26,IN_TRANSIT
9390,16,380,2023-12-04,2024-01-07,DELAYED
9391,10,168,2024-03-20,2024-04-23,DELIVERED
9392,16,476,2024-04-25,2024-05-16,IN_TRANSIT
9393,1,368,2026-03-14,2026-03-25,DELIVERED
9394,8,340,2024-09-11,2024-10-11,DELIVERED
9395,13,340,2024-05-05,2024-06-11,DELIVERED
9396,14,474,2024-03-27,2024-04-02,IN_TRANSIT
9397,3,417,2024-12-02,2024-12-17,DELIVERED
9398,15,161,2024-11-20,2024-11-28,DELIVERED
9399,2,232,2023-08-20,2023-09-07,DELAYED
9400,20,288,2024-08-13,2024-09-12,DELIVERED
9401,2,453,2026-01-29,2026-02-23,DELIVERED
9402,15,324,2026-09-05,2026-10-02,DELIVERED
9403,8,246,2026-06-20,2026-07-03,DELIVERED
9404,20,13,2024-03-25,2024-04-30,IN_TRANSIT
9405,18,172,2025-12-31,2026-01-15,IN_TRANSIT
9406,2,445,2023-11-03,2023-11-19,DELIVERED
9407,10,215,2024-06-29,2024-07-15,DELIVERED
9408,12,102,2025-05-26,2025-06-15,DELIVERED
9409,20,84,2024-12-05,2024-12-12,IN_TRANSIT
9410,11,452,2026-07-20,2026-08-13,DELIVERED
9411,14,64,2025-06-21,2025-07-28,DELIVERED
9412,9,445,2025-09-09,2025-10-06,DELIVERED
9413,4,490,2023-07-19,2023-08-02,IN_TRANSIT
9414,6,120,2026-03-25,2026-05-02,IN_TRANSIT
9415,18,498,2025-05-21,2025-05-31,DELIVERED
9416,12,251,2026-05-18,2026-06-06,DELIVERED
9417,18,455,2024-12-14,2025-01-02,DELIVERED
9418,8,209,2024-02-27,2024-04-03,DELIVERED
9419,17,446,2026-02-08,2026-02-22,DELAYED
9420,9,431,2023-11-19,2023-12-08,DELAYED
9421,7,100,2023-04-02,2023-04-23,DELIVERED
9422,9,291,2025-05-05,2025-05-30,DELIVERED
9423,14,194,2023-03-10,2023-03-17,DELIVERED
9424,16,416,2023-05-19,2023-06-22,DELIVERED
9425,8,285,2025-10-10,2025-10-24,DELIVERED
9426,19,87,2023-09-27,2023-10-28,DELIVERED
9427,4,180,2026-01-13,2026-01-18,DELIVERED
9428,6,346,2025-10-20,2025-11-28,DELIVERED
9429,19,327,2026-07-18,2026-08-12,DELIVERED
9430,4,123,2025-10-13,2025-11-02,DELIVERED
9431,7,194,2025-12-29,2026-01-03,DELIVERED
9432,12,417,2024-02-22,2024-03-06,DELIVERED
9433,11,159,2026-03-30,2026-04-28,DELIVERED
9434,3,411,2026-04-08,2026-05-11,DELAYED
9435,15,40,2026-03-11,2026-03-26,DELIVERED
9436,11,339,2023-08-28,2023-09-12,DELIVERED
9437,10,497,2024-06-13,2024-07-14,DELIVERED
9438,9,73,2025-10-18,2025-11-11,DELIVERED
9439,13,268,2025-11-04,2025-11-28,DELIVERED
9440,2,108,2026-03-27,2026-04-08,DELIVERED
9441,9,409,2026-08-19,2026-08-28,DELIVERED
9442,15,293,2023-09-24,2023-10-29,DELIVERED
9443,15,356,2025-08-23,2025-09-05,DELIVERED
9444,2,443,2023-04-11,2023-04-20,DELIVERED
9445,10,427,2024-11-18,2024-12-22,DELIVERED
9446,10,245,2024-05-20,2024-06-16,IN_TRANSIT
9447,8,490,2023-03-26,2023-04-05,DELIVERED
9448,10,159,2024-05-06,2024-05-24,DELIVERED
9449,4,304,2026-04-09,2026-05-18,DELIVERED
9450,15,50,2024-10-24,2024-11-05,DELIVERED
9451,15,481,2026-09-03,2026-09-29,DELAYED
9452,7,45,2023-11-19,2023-12-18,DELAYED
9453,17,401,2024-08-14,2024-08-20,DELIVERED
9454,10,141,2025-03-12,2025-04-01,DELIVERED
9455,6,460,2024-08-10,2024-09-15,DELIVERED
9456,18,24,2026-04-30,2026-05-19,DELIVERED
9457,19,229,2024-06-02,2024-06-24,IN_TRANSIT
9458,10,227,2026-03-22,2026-04-15,DELIVERED
9459,12,18,2025-03-31,2025-05-07,DELAYED
9460,9,299,2024-01-21,2024-01-27,DELIVERED
9461,6,491,2024-02-19,2024-03-15,DELIVERED
9462,19,17,2024-06-05,2024-06-14,DELIVERED
9463,19,250,2024-02-13,2024-03-14,DELIVERED
9464,4,335,2023-10-07,2023-10-22,DELIVERED
9465,19,320,2026-02-20,2026-02-27,DELIVERED
9466,18,438,2023-09-01,2023-09-14,DELIVERED
9467,15,441,2024-05-26,2024-06-16,DELIVERED
9468,3,90,2026-05-24,2026-06-09,DELIVERED
9469,19,95,2023-08-26,2023-09-29,DELIVERED
9470,20,103,2023-04-26,2023-06-03,DELIVERED
9471,10,485,2026-03-19,2026-04-26,DELIVERED
9472,18,351,2023-07-02,2023-07-12,DELIVERED
9473,4,408,2026-06-27,2026-08-05,DELIVERED
9474,9,57,2025-02-09,2025-03-02,DELIVERED
9475,17,65,2024-02-01,2024-02-20,DELIVERED
9476,9,31,2024-01-08,2024-01-14,DELIVERED
9477,10,472,2023-07-09,2023-07-23,DELIVERED
9478,19,263,2024-07-25,2024-08-20,DELIVERED
9479,3,395,2023-07-12,2023-07-24,DELAYED
9480,8,379,2026-03-24,2026-04-11,IN_TRANSIT
9481,19,487,2025-05-19,2025-06-24,DELIVERED
9482,1,46,2026-07-10,2026-08-18,DELIVERED
9483,16,23,2025-07-12,2025-07-27,DELIVERED
9484,10,302,2023-07-29,2023-08-28,DELIVERED
9485,9,123,2024-11-23,2024-12-12,DELAYED
9486,5,117,2025-08-23,2025-09-19,DELIVERED
9487,1,276,2025-11-30,2025-12-16,DELIVERED
9488,18,270,2023-04-01,2023-04-23,DELIVERED
9489,14,100,2025-07-29,2025-08-23,IN_TRANSIT
9490,6,278,2024-10-11,2024-11-08,DELIVERED
9491,18,363,2025-04-05,2025-04-15,DELAYED
9492,14,232,2023-01-08,2023-02-11,DELIVERED
9493,14,315,2025-07-23,2025-08-28,DELIVERED
9494,5,351,2023-11-16,2023-12-05,DELIVERED
9495,1,198,2025-10-05,2025-11-09,DELIVERED
9496,14,168,2025-12-28,2026-01-05,DELIVERED
9497,12,388,2023-08-01,2023-08-19,DELAYED
9498,8,260,2024-08-31,2024-09-10,DELIVERED
9499,7,80,2023-07-16,2023-08-01,DELIVERED
9500,10,211,2023-05-05,2023-06-08,DELIVERED
9501,11,385,2024-01-22,2024-02-18,DELIVERED
9502,4,350,2023-08-03,2023-08-20,DELIVERED
9503,10,15,2023-07-08,2023-07-23,DELIVERED
9504,4,384,2024-01-12,2024-01-21,IN_TRANSIT
9505,6,244,2025-11-06,2025-11-30,DELAYED
9506,16,479,2025-03-02,2025-04-04,DELIVERED
9507,4,194,2026-03-23,2026-03-31,IN_TRANSIT
9508,2,72,2023-10-09,2023-10-29,DELIVERED
9509,20,173,2023-07-15,2023-07-21,DELIVERED
9510,7,491,2024-11-07,2024-11-12,DELIVERED
9511,11,281,2024-11-23,2024-12-18,DELIVERED
9512,14,148,2024-06-16,2024-07-05,DELAYED
9513,10,3,2026-04-19,2026-05-18,DELIVERED
9514,19,288,2023-07-27,2023-08-08,DELIVERED
9515,16,361,2026-07-31,2026-08-15,DELIVERED
9516,4,341,2023-12-28,2024-01-12,DELIVERED
9517,5,122,2026-01-28,2026-02-03,DELIVERED
9518,16,484,2024-04-02,2024-04-26,DELIVERED
9519,14,356,2026-07-02,2026-08-08,IN_TRANSIT
9520,3,186,2025-10-13,2025-11-15,DELIVERED
9521,13,177,2024-09-25,2024-10-14,DELIVERED
9522,5,257,2023-04-23,2023-06-01,DELIVERED
9523,5,368,2025-02-18,2025-03-19,DELIVERED
9524,4,191,2025-09-24,2025-10-23,DELIVERED
9525,12,409,2024-09-30,2024-10-06,DELIVERED
9526,6,493,2024-10-03,2024-11-02,DELIVERED
9527,20,226,2023-02-16,2023-03-10,DELIVERED
9528,1,455,2024-11-25,2024-12-03,DELIVERED
9529,14,60,2025-07-29,2025-08-17,DELIVERED
9530,18,249,2025-01-10,2025-01-24,DELIVERED
9531,5,125,2025-07-12,2025-07-17,DELAYED
9532,4,344,2024-09-15,2024-10-24,DELIVERED
9533,2,480,2025-12-15,2025-12-21,DELIVERED
9534,14,438,2023-09-24,2023-10-14,DELIVERED
9535,10,186,2025-09-02,2025-09-13,IN_TRANSIT
9536,2,306,2025-03-18,2025-04-22,DELIVERED
9537,1,301,2025-01-22,2025-01-28,DELIVERED
9538,8,474,2026-05-03,2026-05-29,DELIVERED
9539,20,50,2024-02-16,2024-03-25,DELAYED
9540,2,63,2026-09-24,2026-10-04,DELIVERED
9541,17,272,2023-11-15,2023-11-28,IN_TRANSIT
9542,3,262,2024-03-12,2024-03-28,DELIVERED
9543,13,404,2026-06-18,2026-07-06,DELIVERED
9544,14,403,2025-07-10,2025-07-16,DELIVERED
9545,6,468,2024-09-16,2024-09-30,DELIVERED
9546,7,237,2023-11-24,2023-12-21,DELAYED
9547,15,227,2023-03-24,2023-04-16,DELIVERED
9548,13,62,2024-12-16,2024-12-29,DELIVERED
9549,15,225,2025-03-15,2025-04-04,DELIVERED
9550,17,427,2025-06-10,2025-07-13,IN_TRANSIT
9551,5,209,2023-07-25,2023-08-09,DELIVERED
9552,12,418,2023-01-06,2023-02-05,DELIVERED
9553,5,3,2024-05-30,2024-06-07,DELIVERED
9554,18,40,2024-06-08,2024-07-04,IN_TRANSIT
9555,2,490,2024-09-09,2024-10-07,DELIVERED
9556,10,58,2023-01-11,2023-02-01,DELIVERED
9557,16,464,2025-08-17,2025-09-12,DELIVERED
9558,20,355,2024-03-06,2024-03-26,IN_TRANSIT
9559,13,2,2025-11-24,2025-12-01,DELIVERED
9560,5,265,2023-11-21,2023-12-05,DELIVERED
9561,8,93,2023-04-14,2023-05-10,DELAYED
9562,11,317,2023-10-28,2023-11-27,DELIVERED
9563,7,313,2023-09-15,2023-10-02,IN_TRANSIT
9564,4,98,2024-01-23,2024-02-25,DELIVERED
9565,11,438,2023-07-13,2023-08-04,DELIVERED
9566,17,95,2024-06-30,2024-08-03,DELIVERED
9567,20,232,2025-10-03,2025-10-25,IN_TRANSIT
9568,6,208,2026-04-25,2026-04-30,DELIVERED
9569,20,250,2023-11-13,2023-12-04,DELAYED
9570,15,330,2026-01-17,2026-02-02,DELIVERED
9571,6,466,2026-09-17,2026-10-10,DELIVERED
9572,2,353,2026-08-20,2026-09-01,DELIVERED
9573,1,176,2026-07-06,2026-07-20,DELIVERED
9574,5,107,2025-07-25,2025-08-11,DELIVERED
9575,17,275,2024-05-11,2024-06-08,DELIVERED
9576,12,171,2025-03-08,2025-03-31,DELAYED
9577,10,253,2024-03-26,2024-04-19,DELIVERED
9578,18,214,2025-11-13,2025-12-12,DELIVERED
9579,13,65,2025-11-30,2025-12-06,DELIVERED
9580,16,280,2024-08-01,2024-08-09,DELIVERED
9581,5,200,2024-10-20,2024-11-28,DELIVERED
9582,14,190,2024-07-18,2024-08-24,DELIVERED
9583,8,133,2024-07-28,2024-08-28,DELIVERED
9584,14,219,2026-05-11,2026-05-24,DELIVERED
9585,6,54,2023-01-03,2023-01-23,DELIVERED
9586,13,248,2024-10-11,2024-11-17,DELIVERED
9587,18,15,2025-02-19,2025-03-02,DELIVERED
9588,14,63,2024-08-11,2024-08-26,DELIVERED
9589,16,443,2026-04-13,2026-05-06,IN_TRANSIT
9590,12,80,2025-06-13,2025-06-21,DELIVERED
9591,6,136,2023-08-04,2023-08-19,IN_TRANSIT
9592,12,146,2025-01-24,2025-02-21,DELIVERED
9593,3,267,2024-01-23,2024-02-05,DELIVERED
9594,18,395,2024-03-14,2024-03-27,DELIVERED
9595,5,458,2024-05-03,2024-05-16,DELIVERED
9596,1,291,2026-07-19,2026-07-27,DELIVERED
9597,2,370,2025-01-17,2025-01-22,DELIVERED
9598,6,326,2026-08-16,2026-08-28,DELIVERED
9599,17,203,2025-08-09,2025-09-09,DELIVERED
9600,17,336,2026-04-25,2026-05-04,DELIVERED
9601,19,270,2025-05-06,2025-05-31,DELIVERED
9602,17,128,2023-02-11,2023-03-12,IN_TRANSIT
9603,9,124,2025-01-20,2025-02-19,DELIVERED
9604,3,488,2024-02-10,2024-02-25,DELIVERED
9605,19,461,2023-12-28,2024-01-14,DELIVERED
9606,9,434,2026-09-11,2026-10-06,DELIVERED
9607,20,35,2024-04-29,2024-05-20,DELIVERED
9608,5,273,2024-01-17,2024-02-14,DELIVERED
9609,16,21,2025-12-10,2026-01-06,DELIVERED
9610,20,26,2025-04-14,2025-04-27,DELIVERED
9611,3,491,2026-05-11,2026-05-26,IN_TRANSIT
9612,17,297,2023-12-28,2024-01-26,DELIVERED
9613,10,286,2023-03-03,2023-03-10,DELIVERED
9614,10,398,2023-08-17,2023-09-23,DELIVERED
9615,12,426,2026-07-11,2026-07-29,DELIVERED
9616,11,75,2025-03-19,2025-03-26,DELIVERED
9617,10,275,2025-11-07,2025-11-20,DELIVERED
9618,7,281,2023-03-18,2023-04-11,IN_TRANSIT
9619,4,73,2026-03-11,2026-03-19,DELAYED
9620,20,199,2023-07-23,2023-08-03,DELIVERED
9621,7,134,2025-01-24,2025-02-10,DELIVERED
9622,16,279,2025-05-28,2025-06-02,DELIVERED
9623,6,354,2026-01-25,2026-02-14,DELIVERED
9624,3,417,2024-10-29,2024-11-24,DELAYED
9625,5,4,2025-09-30,2025-10-19,IN_TRANSIT
9626,2,486,2023-02-01,2023-02-06,DELIVERED
9627,12,289,2024-12-09,2025-01-16,DELIVERED
9628,12,487,2026-02-17,2026-03-09,DELIVERED
9629,19,190,2023-06-15,2023-07-01,DELIVERED
9630,13,21,2023-07-23,2023-08-31,DELIVERED
9631,7,184,2025-04-18,2025-05-25,DELIVERED
9632,18,194,2024-05-11,2024-06-14,DELIVERED
9633,3,119,2023-07-30,2023-08-21,DELIVERED
9634,18,450,2025-08-27,2025-09-05,DELAYED
9635,1,157,2024-02-24,2024-03-06,DELIVERED
9636,1,150,2025-03-07,2025-03-30,DELIVERED
9637,17,49,2026-02-10,2026-03-21,DELIVERED
9638,8,260,2023-03-03,2023-03-26,IN_TRANSIT
9639,15,27,2025-12-28,2026-02-01,DELIVERED
9640,18,405,2023-10-20,2023-11-18,DELIVERED
9641,2,315,2025-08-13,2025-08-20,DELIVERED
9642,3,280,2023-05-03,2023-05-19,DELIVERED
9643,20,492,2023-12-17,2024-01-13,DELIVERED
9644,2,139,2023-05-03,2023-06-06,DELIVERED
9645,16,126,2024-12-24,2024-12-29,DELIVERED
9646,19,177,2025-07-08,2025-08-02,DELIVERED
9647,1,169,2024-04-09,2024-04-20,DELAYED
9648,3,213,2026-07-13,2026-08-04,DELIVERED
9649,5,127,2024-07-06,2024-07-29,DELAYED
9650,3,245,2025-05-22,2025-06-19,IN_TRANSIT
9651,10,350,2025-11-20,2025-12-11,DELAYED
9652,9,288,2026-04-07,2026-05-11,DELIVERED
9653,9,180,2025-07-05,2025-07-25,DELIVERED
9654,4,206,2025-11-06,2025-12-05,DELIVERED
9655,1,160,2026-05-06,2026-06-04,DELIVERED
9656,20,143,2026-03-28,2026-04-23,DELIVERED
9657,10,149,2023-02-10,2023-03-16,IN_TRANSIT
9658,16,180,2024-11-30,2024-12-30,DELIVERED
9659,18,392,2023-09-02,2023-10-08,DELIVERED
9660,3,175,2023-09-04,2023-09-16,DELIVERED
9661,3,366,2023-10-10,2023-11-14,DELIVERED
9662,3,328,2025-09-03,2025-09-26,DELIVERED
9663,11,54,2025-10-09,2025-11-14,DELAYED
9664,16,182,2026-01-02,2026-01-08,DELIVERED
9665,3,271,2026-08-10,2026-08-22,DELIVERED
9666,5,88,2026-02-21,2026-03-23,DELIVERED
9667,9,73,2025-01-30,2025-02-27,DELIVERED
9668,12,169,2026-05-22,2026-06-13,DELIVERED
9669,19,187,2026-04-14,2026-05-17,DELAYED
9670,16,369,2023-02-03,2023-02-28,DELIVERED
9671,20,37,2023-12-17,2023-12-29,DELIVERED
9672,13,394,2026-01-12,2026-02-06,DELIVERED
9673,18,113,2023-03-25,2023-05-01,DELIVERED
9674,4,194,2023-09-18,2023-10-07,DELIVERED
9675,16,138,2025-02-13,2025-03-17,DELIVERED
9676,4,182,2025-08-09,2025-09-10,DELIVERED
9677,16,192,2025-07-28,2025-09-01,DELIVERED
9678,11,241,2026-02-11,2026-03-07,DELIVERED
9679,13,78,2025-08-28,2025-09-20,IN_TRANSIT
9680,16,194,2023-06-25,2023-07-02,DELIVERED
9681,5,259,2025-06-28,2025-07-28,DELIVERED
9682,15,21,2025-10-05,2025-11-01,DELIVERED
9683,15,482,2023-03-24,2023-03-30,DELIVERED
9684,18,452,2024-12-03,2024-12-11,DELIVERED
9685,14,145,2024-01-02,2024-01-17,DELIVERED
9686,3,64,2024-11-27,2024-12-23,DELIVERED
9687,2,299,2025-01-05,2025-01-24,DELIVERED
9688,11,171,2026-04-07,2026-05-08,DELIVERED
9689,3,134,2026-07-19,2026-07-24,DELIVERED
9690,11,20,2023-10-04,2023-10-19,DELIVERED
9691,5,497,2023-12-26,2024-01-19,DELIVERED
9692,18,468,2024-03-03,2024-03-28,DELIVERED
9693,18,235,2023-10-23,2023-11-08,DELIVERED
9694,16,468,2025-05-08,2025-05-29,DELAYED
9695,2,444,2026-04-08,2026-04-15,DELIVERED
9696,7,63,2023-09-05,2023-10-11,DELIVERED
9697,1,208,2026-05-25,2026-06-02,DELIVERED
9698,2,485,2025-11-01,2025-12-09,DELIVERED
9699,18,441,2025-12-04,2025-12-22,DELIVERED
9700,4,188,2026-01-31,2026-02-06,DELIVERED
9701,19,315,2023-07-09,2023-08-09,DELIVERED
9702,16,287,2026-04-09,2026-05-09,DELIVERED
9703,2,62,2024-06-05,2024-07-10,DELIVERED
9704,17,239,2026-04-02,2026-04-22,DELIVERED
9705,17,480,2023-10-29,2023-11-30,DELIVERED
9706,1,207,2023-11-24,2023-12-29,DELAYED
9707,16,329,2026-09-06,2026-09-13,IN_TRANSIT
9708,17,418,2024-06-04,2024-07-08,DELIVERED
9709,12,188,2026-03-31,2026-04-28,DELIVERED
9710,16,80,2025-04-30,2025-05-06,DELIVERED
9711,2,114,2026-01-08,2026-01-23,IN_TRANSIT
9712,17,99,2023-08-16,2023-09-04,DELIVERED
9713,18,359,2023-02-22,2023-02-27,DELIVERED
9714,20,381,2023-04-23,2023-05-08,DELIVERED
9715,20,221,2024-03-06,2024-04-12,DELIVERED
9716,7,363,2023-04-02,2023-04-22,DELIVERED
9717,13,4,2025-06-20,2025-07-24,DELIVERED
9718,12,406,2023-03-17,2023-03-23,DELIVERED
9719,15,416,2025-10-09,2025-10-31,DELAYED
9720,18,277,2026-01-01,2026-01-30,DELIVERED
9721,16,464,2024-10-25,2024-11-30,DELAYED
9722,15,41,2023-08-01,2023-08-08,DELIVERED
9723,1,226,2023-03-27,2023-04-08,DELIVERED
9724,8,102,2025-03-14,2025-04-18,DELIVERED
9725,19,454,2024-04-24,2024-05-04,DELIVERED
9726,13,129,2025-11-15,2025-11-29,DELAYED
9727,8,371,2025-05-04,2025-05-09,DELAYED
9728,13,447,2025-06-06,2025-06-21,DELIVERED
9729,2,112,2023-08-24,2023-09-15,DELIVERED
9730,13,417,2024-09-12,2024-10-15,DELIVERED
9731,9,46,2026-07-01,2026-07-24,DELIVERED
9732,1,394,2023-03-24,2023-03-31,DELIVERED
9733,1,114,2024-07-24,2024-08-27,IN_TRANSIT
9734,3,313,2023-08-21,2023-09-04,DELIVERED
9735,14,118,2025-03-06,2025-04-06,IN_TRANSIT
9736,3,497,2025-10-20,2025-11-17,DELIVERED
9737,4,172,2024-12-09,2025-01-08,DELIVERED
9738,16,483,2024-07-24,2024-08-22,DELIVERED
9739,4,302,2026-03-28,2026-04-11,DELAYED
9740,8,344,2023-06-03,2023-06-26,DELIVERED
9741,14,73,2025-07-09,2025-07-29,DELIVERED
9742,15,105,2025-10-31,2025-11-13,DELIVERED
9743,6,418,2023-08-05,2023-08-20,DELIVERED
9744,3,499,2025-04-09,2025-04-23,DELIVERED
9745,17,314,2023-03-26,2023-04-26,DELIVERED
9746,18,65,2025-09-27,2025-10-29,DELAYED
9747,14,129,2023-07-17,2023-08-25,DELIVERED
9748,4,33,2024-10-26,2024-11-23,DELIVERED
9749,14,29,2024-05-11,2024-06-07,DELIVERED
9750,2,463,2024-04-04,2024-05-13,DELAYED
9751,20,337,2025-12-12,2025-12-18,DELAYED
9752,20,57,2025-12-06,2025-12-15,DELIVERED
9753,3,322,2024-10-04,2024-11-07,DELIVERED
9754,1,135,2026-03-13,2026-03-19,DELIVERED
9755,1,140,2023-12-18,2024-01-10,DELIVERED
9756,6,179,2024-03-23,2024-04-07,DELIVERED
9757,9,296,2024-06-23,2024-07-19,DELIVERED
9758,1,217,2025-06-10,2025-07-12,IN_TRANSIT
9759,7,457,2025-12-20,2026-01-23,DELAYED
9760,12,380,2024-07-23,2024-08-17,IN_TRANSIT
9761,13,66,2023-01-01,2023-01-16,DELIVERED
9762,16,426,2026-09-22,2026-10-08,DELIVERED
9763,17,193,2026-08-09,2026-08-31,DELIVERED
9764,9,473,2024-03-14,2024-04-19,DELIVERED
9765,4,266,2026-01-26,2026-02-13,DELAYED
9766,13,171,2023-09-28,2023-10-07,DELIVERED
9767,11,494,2024-02-03,2024-02-10,DELIVERED
9768,11,205,2024-08-31,2024-09-28,DELIVERED
9769,17,175,2024-01-13,2024-01-26,DELAYED
9770,5,324,2026-05-08,2026-05-26,DELIVERED
9771,19,82,2025-12-02,2025-12-15,DELAYED
9772,2,229,2026-06-25,2026-07-25,DELIVERED
9773,5,463,2025-11-29,2026-01-07,DELIVERED
9774,11,401,2023-09-15,2023-10-21,DELIVERED
9775,20,437,2025-10-01,2025-10-23,DELIVERED
9776,20,134,2025-01-01,2025-02-09,DELIVERED
9777,7,143,2024-09-03,2024-09-27,DELIVERED
9778,2,204,2025-05-14,2025-06-16,DELIVERED
9779,19,66,2026-02-25,2026-04-02,IN_TRANSIT
9780,11,367,2024-10-05,2024-10-10,DELIVERED
9781,19,495,2024-10-25,2024-11-25,IN_TRANSIT
9782,12,446,2025-07-21,2025-07-29,DELIVERED
9783,11,315,2026-07-09,2026-08-14,DELIVERED
9784,16,498,2025-03-19,2025-03-31,DELIVERED
9785,14,451,2023-04-06,2023-04-28,DELIVERED
9786,15,217,2023-06-26,2023-07-26,DELIVERED
9787,2,154,2025-11-25,2025-12-25,DELIVERED
9788,10,375,2024-06-14,2024-07-18,DELIVERED
9789,5,314,2025-06-24,2025-07-28,DELIVERED
9790,7,497,2026-03-13,2026-03-30,DELIVERED
9791,20,365,2025-04-18,2025-04-23,DELIVERED
9792,15,81,2023-08-21,2023-09-01,DELAYED
9793,19,440,2024-10-22,2024-11-05,DELIVERED
9794,6,353,2026-04-21,2026-05-18,DELIVERED
9795,8,338,2023-12-05,2024-01-10,DELIVERED
9796,6,315,2025-10-06,2025-11-10,DELIVERED
9797,6,230,2026-08-02,2026-08-22,DELIVERED
9798,7,203,2025-09-28,2025-10-12,DELIVERED
9799,11,424,2025-03-08,2025-03-16,DELIVERED
9800,5,485,2026-04-18,2026-05-14,DELAYED
9801,20,421,2026-01-24,2026-02-10,IN_TRANSIT
9802,20,107,2024-02-08,2024-02-17,DELIVERED
9803,6,32,2025-09-23,2025-10-19,DELIVERED
9804,20,418,2025-02-27,2025-03-09,DELIVERED
9805,7,385,2024-05-30,2024-07-04,DELIVERED
9806,2,351,2026-03-05,2026-03-12,DELIVERED
9807,10,160,2026-08-28,2026-09-11,DELAYED
9808,5,405,2024-08-10,2024-08-23,DELIVERED
9809,19,112,2023-04-18,2023-05-06,DELIVERED
9810,2,51,2025-08-12,2025-09-20,DELAYED
9811,20,404,2025-04-21,2025-05-18,IN_TRANSIT
9812,11,279,2024-05-27,2024-07-05,DELIVERED
9813,16,70,2024-05-24,2024-06-03,IN_TRANSIT
9814,8,217,2023-02-21,2023-02-26,DELIVERED
9815,16,345,2026-01-11,2026-02-11,DELIVERED
9816,19,244,2023-05-04,2023-05-20,DELIVERED
9817,3,40,2026-04-19,2026-04-29,DELAYED
9818,11,137,2023-05-16,2023-05-29,DELIVERED
9819,9,66,2023-10-30,2023-11-06,DELIVERED
9820,10,450,2024-04-02,2024-04-13,DELIVERED
9821,17,432,2023-01-13,2023-02-10,DELIVERED
9822,14,145,2026-04-07,2026-05-08,DELIVERED
9823,2,87,2024-09-17,2024-10-13,IN_TRANSIT
9824,20,268,2024-03-06,2024-03-26,DELIVERED
9825,9,297,2023-02-08,2023-03-13,DELIVERED
9826,6,261,2023-11-26,2023-12-11,DELIVERED
9827,11,487,2025-04-26,2025-05-07,DELIVERED
9828,12,241,2025-06-21,2025-07-03,DELIVERED
9829,1,143,2025-03-19,2025-04-06,DELIVERED
9830,11,402,2023-08-24,2023-09-25,DELIVERED
9831,12,389,2023-01-06,2023-02-14,DELIVERED
9832,6,369,2025-06-03,2025-07-05,DELIVERED
9833,3,244,2023-10-23,2023-11-04,DELIVERED
9834,3,9,2026-02-25,2026-03-10,DELIVERED
9835,8,382,2025-09-10,2025-10-03,DELIVERED
9836,3,59,2023-02-19,2023-03-14,DELIVERED
9837,12,293,2025-09-09,2025-10-12,DELAYED
9838,6,396,2025-05-18,2025-06-02,DELIVERED
9839,12,469,2024-09-01,2024-10-06,DELIVERED
9840,19,136,2025-11-28,2025-12-31,DELAYED
9841,3,333,2025-01-29,2025-03-08,DELIVERED
9842,5,21,2025-06-18,2025-07-09,DELIVERED
9843,16,118,2023-01-08,2023-02-05,DELIVERED
9844,19,74,2026-09-18,2026-10-11,DELIVERED
9845,14,322,2023-10-11,2023-10-30,DELIVERED
9846,4,293,2023-11-22,2023-12-27,DELIVERED
9847,1,488,2024-07-01,2024-08-03,DELIVERED
9848,12,246,2024-03-01,2024-03-31,DELIVERED
9849,2,359,2025-09-22,2025-10-20,DELIVERED
9850,5,307,2023-08-19,2023-08-27,DELIVERED
9851,9,96,2026-01-22,2026-02-22,DELIVERED
9852,16,62,2025-08-10,2025-08-19,DELIVERED
9853,16,218,2023-10-29,2023-11-18,DELAYED
9854,19,362,2023-06-15,2023-07-12,DELIVERED
9855,12,280,2026-03-27,2026-04-21,DELIVERED
9856,3,112,2023-08-15,2023-09-06,DELIVERED
9857,13,297,2023-03-10,2023-03-19,DELIVERED
9858,17,500,2024-07-06,2024-07-19,DELIVERED
9859,2,319,2024-06-04,2024-06-26,DELIVERED
9860,9,103,2025-05-25,2025-06-18,IN_TRANSIT
9861,11,26,2024-09-21,2024-10-09,DELAYED
9862,2,310,2026-01-15,2026-02-08,DELIVERED
9863,14,399,2024-02-29,2024-03-23,DELIVERED
9864,7,371,2023-01-06,2023-01-29,DELIVERED
9865,16,296,2024-04-26,2024-05-27,DELIVERED
9866,18,160,2024-05-18,2024-06-22,IN_TRANSIT
9867,14,81,2024-07-12,2024-08-04,DELIVERED
9868,13,296,2024-05-25,2024-07-02,DELAYED
9869,18,227,2025-12-11,2025-12-29,DELIVERED
9870,7,54,2023-05-29,2023-06-08,DELIVERED
9871,15,472,2025-05-20,2025-06-21,DELAYED
9872,17,3,2026-01-05,2026-02-12,DELIVERED
9873,15,24,2025-11-24,2025-12-01,DELAYED
9874,1,233,2023-06-18,2023-07-11,DELIVERED
9875,10,344,2025-09-21,2025-10-14,DELIVERED
9876,5,179,2026-02-04,2026-03-08,DELIVERED
9877,16,407,2025-04-01,2025-05-09,DELIVERED
9878,1,456,2025-07-31,2025-08-26,DELIVERED
9879,8,417,2023-03-06,2023-03-25,DELAYED
9880,10,454,2023-10-07,2023-11-09,DELIVERED
9881,11,159,2024-04-02,2024-05-09,DELIVERED
9882,8,304,2025-12-19,2026-01-11,DELIVERED
9883,18,273,2024-04-22,2024-05-18,DELIVERED
9884,6,358,2024-12-24,2025-01-23,IN_TRANSIT
9885,19,57,2025-02-10,2025-03-08,DELIVERED
9886,7,449,2026-05-03,2026-05-27,DELIVERED
9887,15,290,2023-10-01,2023-10-29,DELIVERED
9888,12,222,2023-10-05,2023-10-13,DELAYED
9889,4,95,2023-11-06,2023-11-22,DELIVERED
9890,3,415,2023-10-11,2023-11-05,DELIVERED
9891,7,219,2025-02-24,2025-03-14,DELIVERED
9892,5,326,2024-12-28,2025-01-04,DELIVERED
9893,4,318,2024-08-22,2024-09-26,DELIVERED
9894,5,62,2023-05-09,2023-06-01,IN_TRANSIT
9895,2,429,2025-01-11,2025-01-24,DELIVERED
9896,19,107,2025-03-28,2025-04-30,IN_TRANSIT
9897,6,71,2023-03-22,2023-04-24,DELIVERED
9898,2,129,2023-06-09,2023-06-19,DELIVERED
9899,4,403,2025-05-03,2025-06-06,DELIVERED
9900,3,351,2023-03-19,2023-04-25,IN_TRANSIT
9901,6,445,2023-11-06,2023-12-09,DELAYED
9902,18,263,2025-07-20,2025-08-23,DELIVERED
9903,5,32,2023-11-21,2023-12-08,DELIVERED
9904,10,48,2024-12-19,2025-01-09,DELIVERED
9905,14,34,2024-07-28,2024-08-17,DELIVERED
9906,19,238,2023-10-15,2023-10-31,DELIVERED
9907,4,326,2025-06-19,2025-07-03,DELIVERED
9908,20,228,2026-03-10,2026-03-23,DELIVERED
9909,14,51,2023-12-24,2024-01-06,IN_TRANSIT
9910,5,445,2024-08-23,2024-09-26,DELIVERED
9911,1,146,2025-07-16,2025-08-04,IN_TRANSIT
9912,19,387,2026-07-02,2026-07-28,IN_TRANSIT
9913,2,281,2025-09-22,2025-10-06,DELAYED
9914,14,298,2025-07-01,2025-08-02,IN_TRANSIT
9915,8,221,2023-11-27,2023-12-29,DELIVERED
9916,7,329,2023-09-02,2023-09-14,DELIVERED
9917,13,434,2023-02-15,2023-02-22,DELIVERED
9918,5,400,2025-04-10,2025-04-22,DELIVERED
9919,13,57,2025-06-15,2025-06-22,DELAYED
9920,3,22,2026-04-12,2026-05-13,DELIVERED
9921,3,425,2025-10-01,2025-10-27,DELIVERED
9922,17,48,2023-03-05,2023-04-10,DELIVERED
9923,15,312,2025-05-22,2025-06-02,IN_TRANSIT
9924,20,388,2025-05-20,2025-06-10,DELIVERED
9925,4,146,2026-08-25,2026-09-15,DELIVERED
9926,12,214,2024-10-02,2024-11-07,DELIVERED
9927,16,383,2026-06-05,2026-06-26,DELIVERED
9928,2,421,2024-06-27,2024-07-17,IN_TRANSIT
9929,20,237,2024-03-28,2024-05-06,DELAYED
9930,11,356,2024-03-30,2024-05-01,DELIVERED
9931,2,18,2023-10-05,2023-11-05,DELIVERED
9932,19,320,2024-06-13,2024-06-23,IN_TRANSIT
9933,15,128,2024-12-27,2025-01-29,DELIVERED
9934,8,349,2024-02-17,2024-03-14,DELIVERED
9935,11,193,2025-01-12,2025-02-15,DELIVERED
9936,9,167,2023-06-24,2023-07-09,DELIVERED
9937,10,355,2023-09-26,2023-10-12,DELIVERED
9938,7,268,2024-03-17,2024-04-19,DELIVERED
9939,4,114,2026-05-20,2026-06-28,DELIVERED
9940,5,252,2026-05-11,2026-06-02,DELIVERED
9941,18,104,2025-09-04,2025-09-30,DELIVERED
9942,14,453,2026-05-18,2026-06-26,DELIVERED
9943,5,97,2024-04-09,2024-05-05,IN_TRANSIT
9944,3,315,2025-06-23,2025-07-07,DELAYED
9945,14,414,2025-04-06,2025-04-12,IN_TRANSIT
9946,10,347,2024-10-04,2024-11-10,IN_TRANSIT
9947,9,309,2024-10-17,2024-10-25,DELIVERED
9948,9,100,2025-05-23,2025-06-17,DELIVERED
9949,9,130,2026-05-26,2026-06-10,DELIVERED
9950,3,326,2023-12-13,2024-01-15,DELIVERED
9951,7,242,2023-09-29,2023-11-03,DELAYED
9952,2,328,2023-08-30,2023-09-20,DELIVERED
9953,11,428,2024-10-27,2024-11-29,DELIVERED
9954,7,107,2026-02-02,2026-02-28,IN_TRANSIT
9955,4,106,2023-05-11,2023-05-26,DELIVERED
9956,19,171,2024-07-16,2024-08-02,IN_TRANSIT
9957,13,500,2025-01-18,2025-02-22,DELIVERED
9958,3,30,2025-12-04,2025-12-28,DELIVERED
9959,4,122,2026-04-29,2026-05-29,DELIVERED
9960,20,185,2024-04-20,2024-05-21,IN_TRANSIT
9961,5,331,2023-10-17,2023-11-15,DELIVERED
9962,15,242,2026-09-28,2026-10-21,DELIVERED
9963,14,129,2023-09-23,2023-10-24,IN_TRANSIT
9964,18,187,2024-07-20,2024-08-16,DELIVERED
9965,2,138,2023-07-14,2023-07-31,DELIVERED
9966,20,494,2024-02-17,2024-03-01,DELIVERED
9967,2,138,2023-06-24,2023-07-20,DELIVERED
9968,14,109,2026-02-21,2026-03-13,DELIVERED
9969,15,445,2025-06-09,2025-07-04,DELIVERED
9970,11,442,2026-07-10,2026-07-30,DELIVERED
9971,13,243,2026-07-22,2026-08-19,DELAYED
9972,6,371,2024-11-04,2024-11-12,DELIVERED
9973,2,357,2023-11-30,2023-12-15,DELIVERED
9974,15,297,2023-06-10,2023-06-20,DELIVERED
9975,9,429,2024-09-26,2024-11-02,DELIVERED
9976,10,253,2026-06-29,2026-08-05,DELIVERED
9977,3,12,2025-07-21,2025-08-11,DELIVERED
9978,5,85,2024-06-12,2024-07-13,DELIVERED
9979,15,121,2023-01-02,2023-01-23,DELIVERED
9980,14,389,2026-05-24,2026-06-13,DELIVERED
9981,10,391,2023-10-30,2023-11-07,DELIVERED
9982,10,212,2025-03-27,2025-05-05,DELIVERED
9983,9,255,2023-01-26,2023-02-06,DELIVERED
9984,8,204,2023-05-29,2023-06-09,DELIVERED
9985,7,3,2025-03-18,2025-04-17,IN_TRANSIT
9986,19,42,2023-06-06,2023-07-01,IN_TRANSIT
9987,8,33,2023-05-07,2023-06-15,DELIVERED
9988,16,13,2025-10-13,2025-10-26,DELIVERED
9989,8,369,2023-01-05,2023-01-15,DELIVERED
9990,2,58,2026-06-30,2026-07-10,DELIVERED
9991,1,359,2025-04-24,2025-05-31,DELIVERED
9992,8,356,2023-03-29,2023-04-28,DELIVERED
9993,16,123,2026-02-16,2026-03-14,DELIVERED
9994,16,404,2023-05-13,2023-05-29,DELIVERED
9995,15,218,2024-03-08,2024-04-01,DELAYED
9996,1,412,2025-08-22,2025-08-30,IN_TRANSIT
9997,12,268,2026-04-22,2026-05-05,DELIVERED
9998,19,401,2024-03-03,2024-03-29,DELIVERED
9999,19,491,2026-07-25,2026-08-25,DELIVERED
10000,19,405,2026-02-02,2026-02-19,DELIVERED
10001,7,230,2025-11-22,2025-12-06,DELIVERED
10002,19,85,2023-08-21,2023-09-26,DELIVERED
10003,9,104,2023-02-16,2023-03-26,DELIVERED
10004,9,477,2024-01-10,2024-02-04,DELIVERED
10005,3,189,2023-09-20,2023-09-29,DELIVERED
10006,6,490,2026-02-01,2026-03-06,DELIVERED
10007,1,186,2024-06-19,2024-07-28,DELIVERED
10008,5,286,2025-12-03,2025-12-30,DELIVERED
10009,5,84,2023-01-30,2023-02-10,DELIVERED
10010,3,338,2025-10-06,2025-10-23,DELIVERED
10011,4,361,2024-01-11,2024-02-06,DELIVERED
10012,2,49,2026-05-27,2026-07-05,DELIVERED
10013,18,464,2023-12-19,2024-01-21,DELIVERED
10014,4,347,2023-07-16,2023-08-13,DELIVERED
10015,12,283,2026-08-05,2026-08-20,DELIVERED
10016,17,16,2025-01-16,2025-02-11,DELIVERED
10017,16,195,2025-08-12,2025-08-24,DELIVERED
10018,6,468,2025-03-06,2025-03-28,DELIVERED
10019,2,268,2026-03-27,2026-04-05,DELIVERED
10020,16,90,2026-08-11,2026-08-20,DELAYED
10021,4,311,2025-02-16,2025-03-10,DELIVERED
10022,3,279,2025-07-07,2025-08-02,IN_TRANSIT
10023,5,386,2026-04-20,2026-05-16,IN_TRANSIT
10024,20,48,2025-08-16,2025-08-30,DELIVERED
10025,15,139,2025-09-06,2025-09-19,DELIVERED
10026,12,259,2023-10-10,2023-11-05,DELIVERED
10027,13,59,2023-10-25,2023-11-02,DELIVERED
10028,20,52,2026-04-02,2026-04-13,DELIVERED
10029,9,343,2025-11-28,2025-12-03,DELIVERED
10030,14,96,2023-05-11,2023-05-18,DELIVERED
10031,14,462,2023-02-16,2023-03-18,DELIVERED
10032,13,68,2023-05-11,2023-06-17,IN_TRANSIT
10033,3,472,2025-09-28,2025-10-03,DELIVERED
10034,14,325,2026-02-25,2026-03-04,DELAYED
10035,15,222,2024-05-24,2024-06-07,DELIVERED
10036,12,93,2024-05-09,2024-05-27,DELAYED
10037,12,29,2023-10-31,2023-11-28,DELIVERED
10038,8,105,2025-09-04,2025-10-01,DELAYED
10039,6,327,2023-10-23,2023-11-05,DELIVERED
10040,9,30,2024-05-27,2024-06-05,DELIVERED
10041,2,195,2023-08-10,2023-08-23,DELIVERED
10042,1,129,2024-08-02,2024-08-10,DELAYED
10043,17,291,2025-10-27,2025-11-01,DELIVERED
10044,11,117,2025-06-24,2025-07-06,DELAYED
10045,15,477,2024-11-26,2025-01-04,DELIVERED
10046,11,74,2023-06-07,2023-07-03,DELIVERED
10047,20,252,2024-11-03,2024-11-10,DELIVERED
10048,6,183,2025-04-26,2025-05-12,IN_TRANSIT
10049,10,157,2023-09-30,2023-10-05,DELIVERED
10050,20,262,2024-02-14,2024-03-06,DELIVERED
10051,10,304,2023-07-01,2023-07-28,DELIVERED
10052,13,448,2023-02-20,2023-03-27,DELIVERED
10053,9,37,2025-05-31,2025-06-14,DELIVERED
10054,19,264,2023-06-23,2023-07-23,DELIVERED
10055,11,296,2026-07-05,2026-08-06,DELIVERED
10056,3,166,2024-08-31,2024-09-14,DELIVERED
10057,10,420,2024-09-17,2024-10-17,DELIVERED
10058,11,216,2024-03-22,2024-04-27,DELAYED
10059,4,129,2023-05-10,2023-06-15,DELIVERED
10060,4,478,2024-11-11,2024-11-21,DELIVERED
10061,4,251,2026-07-10,2026-07-15,DELAYED
10062,3,174,2026-08-25,2026-10-01,DELIVERED
10063,2,345,2026-03-16,2026-04-15,DELIVERED
10064,6,142,2026-02-02,2026-02-27,DELAYED
10065,8,34,2023-03-21,2023-04-19,DELIVERED
10066,17,392,2025-12-08,2026-01-01,DELIVERED
10067,4,205,2026-08-30,2026-09-14,DELIVERED
10068,16,430,2024-07-07,2024-08-03,DELIVERED
10069,12,191,2026-04-02,2026-05-10,DELIVERED
10070,9,363,2023-05-24,2023-06-02,DELIVERED
10071,5,229,2026-01-17,2026-02-05,DELIVERED
10072,16,342,2024-01-18,2024-02-23,DELIVERED
10073,10,151,2025-02-16,2025-03-09,DELIVERED
10074,17,200,2023-10-19,2023-11-21,DELIVERED
10075,8,27,2025-05-04,2025-05-10,DELIVERED
10076,1,360,2023-03-14,2023-04-04,DELIVERED
10077,5,167,2023-01-03,2023-01-11,DELIVERED
10078,5,434,2025-01-16,2025-02-21,DELIVERED
10079,12,65,2025-04-15,2025-05-17,DELIVERED
10080,5,90,2023-10-09,2023-11-11,DELIVERED
10081,1,240,2026-05-14,2026-06-08,DELIVERED
10082,17,217,2023-06-15,2023-07-04,DELIVERED
10083,11,475,2025-05-15,2025-06-22,DELAYED
10084,18,334,2023-05-15,2023-06-05,DELIVERED
10085,11,243,2025-08-09,2025-09-03,DELIVERED
10086,7,134,2024-05-28,2024-06-09,DELIVERED
10087,19,280,2025-09-08,2025-10-05,DELIVERED
10088,5,85,2023-09-18,2023-10-13,DELAYED
10089,13,472,2026-09-15,2026-10-11,DELIVERED
10090,11,184,2025-10-04,2025-11-03,DELIVERED
10091,10,186,2024-04-22,2024-05-31,IN_TRANSIT
10092,13,229,2026-08-09,2026-09-05,DELIVERED
10093,2,481,2025-01-10,2025-02-18,DELAYED
10094,7,64,2023-07-04,2023-08-07,DELIVERED
10095,6,311,2024-05-06,2024-05-19,DELIVERED
10096,18,489,2024-04-29,2024-05-04,DELIVERED
10097,13,415,2025-11-13,2025-12-03,DELIVERED
10098,7,308,2026-04-07,2026-04-30,DELIVERED
10099,4,301,2025-05-11,2025-05-22,DELAYED
10100,18,418,2024-09-23,2024-10-16,DELIVERED
10101,3,58,2024-10-04,2024-10-16,DELIVERED
10102,7,81,2026-01-19,2026-02-14,DELIVERED
10103,10,147,2023-05-05,2023-05-22,DELAYED
10104,14,346,2025-06-13,2025-06-23,DELIVERED
10105,20,176,2023-01-06,2023-01-16,IN_TRANSIT
10106,16,281,2025-03-14,2025-04-16,DELIVERED
10107,7,345,2025-12-21,2026-01-21,DELIVERED
10108,12,394,2024-10-01,2024-10-31,DELIVERED
10109,14,265,2023-03-17,2023-04-10,IN_TRANSIT
10110,19,340,2023-10-11,2023-10-30,DELIVERED
10111,19,392,2025-03-12,2025-03-25,DELIVERED
10112,9,497,2024-02-17,2024-03-20,DELIVERED
10113,17,57,2026-03-03,2026-03-25,DELIVERED
10114,14,137,2025-11-03,2025-11-25,DELIVERED
10115,12,425,2023-11-16,2023-12-18,DELIVERED
10116,19,401,2024-01-17,2024-01-27,DELIVERED
10117,9,403,2024-07-16,2024-08-01,DELAYED
10118,13,2,2023-03-13,2023-04-12,IN_TRANSIT
10119,12,295,2026-07-21,2026-08-14,DELIVERED
10120,3,93,2026-03-06,2026-03-15,DELIVERED
10121,19,252,2024-04-15,2024-05-19,DELIVERED
10122,9,252,2024-06-04,2024-06-15,DELIVERED
10123,17,269,2024-08-04,2024-08-23,DELIVERED
10124,5,369,2023-10-18,2023-11-01,DELIVERED
10125,7,59,2023-09-19,2023-10-23,DELIVERED
10126,10,483,2024-11-08,2024-12-06,DELIVERED
10127,10,138,2023-04-08,2023-05-15,DELIVERED
10128,3,5,2025-12-12,2025-12-17,DELIVERED
10129,18,180,2023-03-25,2023-04-19,DELIVERED
10130,6,175,2025-02-20,2025-03-02,IN_TRANSIT
10131,2,7,2023-05-10,2023-06-04,DELIVERED
10132,11,301,2025-05-17,2025-05-24,DELIVERED
10133,15,264,2026-07-11,2026-08-05,DELAYED
10134,12,350,2023-03-02,2023-03-12,DELIVERED
10135,4,313,2024-03-02,2024-04-10,IN_TRANSIT
10136,14,23,2025-04-19,2025-04-24,DELAYED
10137,16,287,2024-12-06,2024-12-26,DELIVERED
10138,4,138,2026-09-26,2026-10-25,DELIVERED
10139,17,443,2024-09-13,2024-09-29,IN_TRANSIT
10140,19,180,2024-06-21,2024-07-12,DELIVERED
10141,17,379,2025-03-14,2025-03-25,DELIVERED
10142,20,379,2024-10-12,2024-11-20,DELIVERED
10143,7,489,2024-02-08,2024-02-28,DELIVERED
10144,19,419,2025-07-16,2025-08-02,DELIVERED
10145,4,270,2026-08-03,2026-08-26,DELIVERED
10146,1,493,2024-05-26,2024-06-14,DELIVERED
10147,12,346,2024-02-27,2024-03-14,DELIVERED
10148,7,473,2023-09-18,2023-09-28,DELIVERED
10149,5,260,2026-09-23,2026-10-08,DELIVERED
10150,13,450,2023-02-21,2023-03-21,DELIVERED
10151,10,432,2023-05-02,2023-05-18,DELIVERED
10152,14,358,2026-01-07,2026-01-31,DELIVERED
10153,8,258,2026-07-01,2026-07-15,DELIVERED
10154,11,104,2024-07-18,2024-08-08,DELIVERED
10155,7,426,2025-11-12,2025-11-21,DELAYED
10156,7,243,2025-04-25,2025-05-02,DELIVERED
10157,20,274,2025-11-12,2025-12-19,DELIVERED
10158,2,227,2024-06-26,2024-07-12,DELIVERED
10159,4,11,2025-07-20,2025-07-28,DELIVERED
10160,2,11,2023-07-29,2023-09-02,DELIVERED
10161,3,444,2024-10-04,2024-10-25,DELAYED
10162,4,189,2026-01-19,2026-02-20,DELIVERED
10163,15,12,2025-02-08,2025-02-17,DELIVERED
10164,6,366,2023-04-22,2023-05-27,DELIVERED
10165,10,276,2025-02-07,2025-03-11,DELIVERED
10166,6,353,2025-03-05,2025-03-20,DELAYED
10167,7,168,2023-12-20,2024-01-18,DELIVERED
10168,4,443,2025-04-20,2025-05-29,DELIVERED
10169,8,151,2023-12-18,2024-01-21,DELIVERED
10170,4,82,2025-12-06,2025-12-27,DELAYED
10171,10,281,2024-05-18,2024-05-31,DELIVERED
10172,6,443,2026-06-26,2026-08-04,DELIVERED
10173,13,114,2023-04-01,2023-05-08,DELIVERED
10174,3,202,2025-04-15,2025-05-22,DELIVERED
10175,5,222,2025-09-24,2025-10-24,DELIVERED
10176,1,173,2026-09-30,2026-10-05,DELIVERED
10177,4,457,2026-01-17,2026-02-11,DELIVERED
10178,3,457,2025-05-16,2025-06-24,DELIVERED
10179,8,497,2024-04-06,2024-04-14,DELIVERED
10180,12,68,2024-07-20,2024-08-16,DELIVERED
10181,7,78,2026-08-04,2026-08-29,DELIVERED
10182,14,397,2025-08-10,2025-08-23,IN_TRANSIT
10183,6,400,2024-06-02,2024-06-28,IN_TRANSIT
10184,11,499,2026-07-18,2026-08-25,DELIVERED
10185,14,239,2024-08-07,2024-08-23,DELIVERED
10186,1,499,2024-06-04,2024-06-21,DELIVERED
10187,7,226,2026-04-21,2026-05-17,DELAYED
10188,11,459,2025-07-19,2025-08-20,IN_TRANSIT
10189,11,383,2025-03-31,2025-05-05,DELIVERED
10190,13,365,2025-08-14,2025-09-14,DELIVERED
10191,17,268,2025-06-13,2025-07-05,DELIVERED
10192,16,168,2024-04-22,2024-05-06,DELIVERED
10193,8,444,2025-11-22,2025-11-30,IN_TRANSIT
10194,16,96,2024-03-30,2024-05-05,DELIVERED
10195,4,7,2025-06-21,2025-07-10,DELIVERED
10196,12,200,2023-06-28,2023-07-19,DELIVERED
10197,3,460,2023-06-18,2023-07-23,DELIVERED
10198,17,81,2023-10-31,2023-11-14,DELIVERED
10199,6,282,2026-09-02,2026-09-10,DELAYED
10200,18,441,2024-12-29,2025-02-05,DELIVERED
10201,12,475,2025-08-19,2025-09-19,DELIVERED
10202,20,1,2024-05-19,2024-05-25,DELIVERED
10203,6,4,2023-01-14,2023-02-03,DELIVERED
10204,19,473,2026-07-11,2026-07-17,DELIVERED
10205,19,370,2024-01-08,2024-01-19,DELIVERED
10206,3,298,2024-03-26,2024-04-19,DELIVERED
10207,3,142,2026-05-01,2026-05-14,IN_TRANSIT
10208,6,475,2023-01-06,2023-01-24,DELIVERED
10209,4,432,2024-05-14,2024-06-06,DELIVERED
10210,16,379,2026-03-28,2026-05-01,DELIVERED
10211,12,491,2024-02-19,2024-03-19,DELIVERED
10212,7,316,2026-01-02,2026-02-04,DELIVERED
10213,3,269,2024-11-07,2024-12-04,IN_TRANSIT
10214,6,125,2026-02-17,2026-03-16,DELIVERED
10215,11,500,2025-10-30,2025-12-07,DELIVERED
10216,13,168,2025-08-10,2025-09-11,IN_TRANSIT
10217,19,231,2026-09-14,2026-10-14,DELIVERED
10218,8,327,2024-04-17,2024-05-25,IN_TRANSIT
10219,10,370,2025-06-25,2025-07-21,DELIVERED
10220,8,124,2024-12-12,2025-01-18,DELIVERED
10221,4,440,2026-09-07,2026-10-12,DELAYED
10222,19,143,2026-08-04,2026-08-31,DELIVERED
10223,19,434,2023-06-13,2023-07-05,DELIVERED
10224,13,448,2026-09-27,2026-10-03,DELIVERED
10225,13,25,2026-02-23,2026-03-01,IN_TRANSIT
10226,19,282,2024-08-14,2024-09-21,DELIVERED
10227,15,373,2023-04-30,2023-06-04,DELIVERED
10228,7,312,2023-11-23,2023-12-08,DELIVERED
10229,15,211,2025-03-18,2025-04-02,DELIVERED
10230,17,71,2023-02-13,2023-02-20,IN_TRANSIT
10231,11,396,2024-02-09,2024-03-10,DELIVERED
10232,5,189,2025-04-23,2025-05-07,DELIVERED
10233,19,466,2024-08-14,2024-09-17,DELIVERED
10234,19,359,2023-09-22,2023-10-16,DELIVERED
10235,13,275,2023-06-11,2023-07-06,DELIVERED
10236,16,419,2026-01-21,2026-01-30,DELIVERED
10237,19,458,2025-04-19,2025-05-09,DELIVERED
10238,2,91,2023-07-19,2023-08-27,DELIVERED
10239,3,376,2026-04-27,2026-05-27,DELIVERED
10240,19,174,2025-04-21,2025-05-14,DELIVERED
10241,2,330,2023-06-27,2023-07-18,DELIVERED
10242,16,418,2024-10-05,2024-11-06,IN_TRANSIT
10243,13,422,2025-11-13,2025-12-20,DELAYED
10244,19,183,2025-04-27,2025-05-17,DELIVERED
10245,11,393,2024-12-22,2024-12-30,DELIVERED
10246,7,248,2024-01-07,2024-02-09,DELIVERED
10247,10,181,2024-11-25,2024-12-31,DELIVERED
10248,14,257,2024-10-21,2024-11-04,DELIVERED
10249,20,240,2024-04-29,2024-05-27,DELIVERED
10250,3,241,2024-08-25,2024-09-28,DELIVERED
10251,5,418,2025-08-18,2025-09-02,DELIVERED
10252,6,389,2025-11-11,2025-12-04,DELIVERED
10253,20,461,2026-03-20,2026-04-22,DELIVERED
10254,2,65,2024-01-26,2024-02-26,DELIVERED
10255,1,265,2025-11-09,2025-12-09,DELAYED
10256,16,205,2024-04-20,2024-05-14,DELIVERED
10257,1,71,2023-01-03,2023-01-31,DELIVERED
10258,8,389,2026-01-23,2026-03-03,DELIVERED
10259,6,493,2023-10-10,2023-10-30,DELIVERED
10260,13,140,2025-11-25,2025-12-18,DELIVERED
10261,16,234,2023-10-14,2023-11-20,IN_TRANSIT
10262,7,468,2026-07-16,2026-08-21,DELIVERED
10263,8,156,2025-01-09,2025-02-07,DELIVERED
10264,9,492,2024-02-23,2024-03-27,DELIVERED
10265,1,268,2023-07-09,2023-07-26,DELIVERED
10266,4,133,2025-04-10,2025-05-08,DELIVERED
10267,18,6,2026-02-21,2026-03-02,DELIVERED
10268,9,285,2026-09-13,2026-09-29,DELIVERED
10269,17,124,2026-06-09,2026-07-11,DELIVERED
10270,16,158,2025-08-04,2025-08-21,DELIVERED
10271,10,142,2026-08-05,2026-09-05,DELIVERED
10272,9,278,2025-07-14,2025-08-06,DELIVERED
10273,17,96,2025-08-16,2025-08-21,DELIVERED
10274,11,432,2026-05-29,2026-07-04,IN_TRANSIT
10275,16,170,2025-02-22,2025-03-10,DELIVERED
10276,19,297,2023-11-25,2023-12-13,IN_TRANSIT
10277,7,396,2023-08-18,2023-09-12,DELIVERED
10278,15,312,2025-11-04,2025-11-17,DELIVERED
10279,13,58,2025-03-30,2025-04-12,DELIVERED
10280,1,439,2024-12-01,2024-12-18,DELAYED
10281,14,44,2023-02-15,2023-02-23,DELIVERED
10282,1,286,2025-06-27,2025-07-12,DELIVERED
10283,18,124,2023-11-24,2023-12-14,DELIVERED
10284,8,38,2024-10-25,2024-12-02,IN_TRANSIT
10285,19,200,2024-11-14,2024-12-13,IN_TRANSIT
10286,7,165,2024-08-15,2024-08-26,DELIVERED
10287,12,496,2023-12-13,2023-12-27,DELIVERED
10288,9,291,2025-01-19,2025-02-18,DELIVERED
10289,17,2,2025-08-25,2025-09-07,DELIVERED
10290,16,102,2024-11-30,2024-12-16,DELIVERED
10291,2,342,2024-10-26,2024-11-22,DELIVERED
10292,12,62,2024-11-03,2024-12-08,DELIVERED
10293,13,53,2023-03-28,2023-04-18,DELIVERED
10294,17,360,2023-11-02,2023-11-15,IN_TRANSIT
10295,7,223,2023-08-15,2023-09-04,DELIVERED
10296,13,80,2026-08-02,2026-08-27,DELIVERED
10297,15,400,2025-07-12,2025-07-18,DELIVERED
10298,6,369,2026-08-02,2026-09-04,DELIVERED
10299,11,60,2024-10-13,2024-10-23,DELIVERED
10300,13,50,2023-12-17,2023-12-30,IN_TRANSIT
10301,3,217,2023-01-11,2023-01-27,DELIVERED
10302,13,262,2024-05-04,2024-05-10,DELIVERED
10303,15,110,2023-05-24,2023-06-07,DELIVERED
10304,8,247,2024-12-30,2025-01-23,DELAYED
10305,4,3,2023-09-19,2023-10-24,DELIVERED
10306,16,43,2023-12-07,2024-01-01,DELIVERED
10307,10,140,2025-12-08,2026-01-07,DELIVERED
10308,1,253,2023-08-30,2023-09-19,DELIVERED
10309,11,450,2026-06-28,2026-07-13,DELIVERED
10310,13,298,2026-02-04,2026-02-13,DELIVERED
10311,13,71,2025-08-07,2025-09-12,DELIVERED
10312,13,229,2025-11-08,2025-11-26,DELIVERED
10313,20,330,2026-06-08,2026-06-29,DELIVERED
10314,14,158,2023-10-01,2023-10-17,IN_TRANSIT
10315,1,128,2025-02-26,2025-03-19,DELIVERED
10316,6,184,2023-12-21,2023-12-30,DELIVERED
10317,9,404,2023-05-09,2023-06-08,DELIVERED
10318,11,65,2026-09-19,2026-10-06,DELIVERED
10319,5,154,2024-09-07,2024-09-12,IN_TRANSIT
10320,19,368,2024-01-18,2024-02-03,DELIVERED
10321,12,414,2026-07-27,2026-08-11,DELIVERED
10322,1,263,2024-08-25,2024-09-13,DELIVERED
10323,16,61,2023-10-01,2023-10-10,IN_TRANSIT
10324,14,341,2023-01-27,2023-02-13,DELIVERED
10325,2,321,2024-07-18,2024-08-15,DELIVERED
10326,2,297,2024-10-05,2024-11-08,DELIVERED
10327,11,163,2026-03-12,2026-04-03,DELIVERED
10328,8,237,2023-07-07,2023-07-16,DELIVERED
10329,15,433,2024-09-18,2024-10-13,IN_TRANSIT
10330,16,229,2023-12-03,2023-12-30,DELIVERED
10331,7,252,2023-05-18,2023-06-24,IN_TRANSIT
10332,5,67,2026-02-22,2026-03-22,DELIVERED
10333,15,49,2025-02-02,2025-02-18,IN_TRANSIT
10334,18,275,2023-09-16,2023-10-19,DELIVERED
10335,8,390,2025-10-20,2025-10-26,DELIVERED
10336,10,257,2023-12-13,2024-01-08,DELIVERED
10337,14,17,2026-04-10,2026-05-17,DELIVERED
10338,13,494,2026-05-06,2026-05-13,DELIVERED
10339,20,105,2025-06-11,2025-07-07,DELIVERED
10340,15,272,2023-02-11,2023-03-07,DELIVERED
10341,5,304,2024-01-12,2024-02-03,DELIVERED
10342,19,76,2024-11-27,2024-12-11,DELIVERED
10343,20,115,2025-07-21,2025-08-27,DELIVERED
10344,2,243,2025-12-31,2026-01-26,DELIVERED
10345,3,436,2023-01-04,2023-02-09,DELIVERED
10346,6,320,2024-01-19,2024-01-28,DELAYED
10347,12,346,2026-06-16,2026-06-28,DELIVERED
10348,20,299,2025-03-31,2025-04-21,DELAYED
10349,20,3,2024-08-27,2024-09-06,DELIVERED
10350,3,307,2023-01-22,2023-02-26,DELIVERED
10351,9,428,2024-07-13,2024-08-16,DELIVERED
10352,8,294,2023-02-14,2023-02-26,DELIVERED
10353,15,447,2023-04-01,2023-04-30,DELAYED
10354,8,224,2023-05-21,2023-06-10,DELIVERED
10355,2,31,2024-01-13,2024-01-30,DELIVERED
10356,8,98,2026-02-23,2026-04-02,DELIVERED
10357,14,59,2023-12-18,2024-01-23,DELIVERED
10358,10,144,2024-09-03,2024-09-28,DELIVERED
10359,5,34,2023-08-27,2023-09-04,DELIVERED
10360,7,92,2025-07-26,2025-08-03,DELIVERED
10361,2,161,2026-03-11,2026-04-17,IN_TRANSIT
10362,16,177,2026-07-05,2026-07-27,DELIVERED
10363,12,325,2025-03-17,2025-04-20,DELIVERED
10364,13,261,2026-08-22,2026-09-25,DELIVERED
10365,7,90,2024-09-22,2024-10-20,DELIVERED
10366,7,344,2024-03-20,2024-04-28,DELIVERED
10367,15,55,2026-07-11,2026-08-16,DELIVERED
10368,3,63,2023-04-09,2023-04-28,DELIVERED
10369,8,122,2024-03-08,2024-04-06,DELIVERED
10370,4,401,2023-07-08,2023-07-27,DELIVERED
10371,6,298,2026-09-03,2026-09-08,DELIVERED
10372,20,387,2024-02-05,2024-03-08,DELIVERED
10373,7,260,2023-08-30,2023-10-05,DELIVERED
10374,15,387,2024-12-22,2024-12-31,DELIVERED
10375,15,263,2024-11-22,2024-12-01,DELIVERED
10376,8,274,2024-08-11,2024-09-19,DELIVERED
10377,17,426,2024-04-20,2024-05-25,DELIVERED
10378,14,405,2024-07-30,2024-08-29,DELIVERED
10379,16,309,2024-05-24,2024-06-26,DELIVERED
10380,9,223,2026-03-18,2026-04-15,DELIVERED
10381,17,341,2025-08-28,2025-09-19,DELIVERED
10382,6,385,2025-09-12,2025-10-11,IN_TRANSIT
10383,6,40,2024-10-26,2024-11-15,DELIVERED
10384,19,473,2024-06-04,2024-07-01,DELIVERED
10385,17,148,2025-02-11,2025-03-13,DELIVERED
10386,15,181,2024-06-15,2024-07-12,DELIVERED
10387,6,404,2023-08-29,2023-09-16,DELIVERED
10388,19,355,2023-05-20,2023-06-19,DELIVERED
10389,16,288,2025-11-21,2025-12-16,DELIVERED
10390,16,444,2023-08-05,2023-08-23,DELIVERED
10391,17,395,2025-11-06,2025-11-29,DELIVERED
10392,11,462,2023-02-15,2023-02-23,DELIVERED
10393,19,71,2025-11-15,2025-11-21,DELIVERED
10394,17,38,2025-10-15,2025-11-08,DELIVERED
10395,11,252,2024-06-19,2024-07-26,IN_TRANSIT
10396,5,247,2023-04-30,2023-05-20,DELIVERED
10397,17,481,2025-12-22,2026-01-05,DELIVERED
10398,18,427,2025-04-17,2025-04-28,DELIVERED
10399,3,450,2025-09-28,2025-11-02,DELIVERED
10400,6,46,2024-10-27,2024-11-21,IN_TRANSIT
10401,3,380,2023-06-04,2023-06-19,DELIVERED
10402,14,195,2025-01-19,2025-02-07,IN_TRANSIT
10403,3,439,2023-04-20,2023-05-16,DELAYED
10404,8,33,2023-12-07,2023-12-12,DELIVERED
10405,19,7,2024-03-28,2024-04-15,DELIVERED
10406,12,306,2025-03-04,2025-04-05,DELIVERED
10407,5,243,2023-05-27,2023-07-05,DELIVERED
10408,10,210,2024-07-15,2024-07-26,DELIVERED
10409,15,240,2025-12-10,2026-01-02,DELIVERED
10410,6,300,2024-01-13,2024-01-31,DELIVERED
10411,14,363,2023-11-19,2023-12-13,DELIVERED
10412,14,109,2024-07-23,2024-08-15,DELIVERED
10413,6,450,2025-02-17,2025-03-01,DELIVERED
10414,7,321,2025-12-05,2025-12-12,DELIVERED
10415,8,330,2023-07-20,2023-08-11,DELIVERED
10416,20,90,2024-03-18,2024-04-19,DELIVERED
10417,14,65,2025-09-12,2025-10-14,DELIVERED
10418,12,341,2026-03-11,2026-04-06,DELIVERED
10419,16,229,2025-12-11,2026-01-07,IN_TRANSIT
10420,12,318,2024-04-04,2024-04-30,DELIVERED
10421,3,122,2023-10-29,2023-11-06,DELIVERED
10422,9,323,2024-12-16,2024-12-23,DELIVERED
10423,20,213,2025-09-19,2025-10-10,IN_TRANSIT
10424,2,44,2023-04-30,2023-06-04,DELIVERED
10425,19,435,2023-09-29,2023-10-20,DELAYED
10426,8,302,2026-08-01,2026-08-15,DELIVERED
10427,9,145,2026-02-02,2026-03-02,DELIVERED
10428,20,265,2023-05-14,2023-06-05,DELAYED
10429,18,58,2024-04-07,2024-04-22,DELIVERED
10430,5,191,2025-06-13,2025-06-24,DELIVERED
10431,18,236,2023-09-01,2023-09-30,DELIVERED
10432,17,347,2023-04-16,2023-05-02,DELIVERED
10433,20,278,2024-06-07,2024-06-14,DELIVERED
10434,11,461,2023-02-11,2023-02-25,DELIVERED
10435,19,483,2026-07-06,2026-08-14,DELIVERED
10436,7,468,2024-05-14,2024-06-15,DELIVERED
10437,19,223,2026-03-18,2026-04-07,DELIVERED
10438,2,311,2025-12-30,2026-01-27,DELIVERED
10439,2,360,2024-09-02,2024-09-19,DELIVERED
10440,13,118,2025-06-06,2025-07-02,DELIVERED
10441,13,446,2026-09-02,2026-09-13,DELIVERED
10442,16,325,2023-04-16,2023-04-28,DELAYED
10443,14,293,2023-09-24,2023-10-30,DELIVERED
10444,3,369,2025-10-20,2025-11-01,DELIVERED
10445,2,215,2024-04-19,2024-05-18,DELAYED
10446,16,197,2024-04-24,2024-04-30,DELIVERED
10447,9,481,2024-08-07,2024-08-26,DELIVERED
10448,14,216,2024-11-02,2024-11-27,DELIVERED
10449,4,184,2025-06-25,2025-07-27,DELIVERED
10450,16,393,2023-12-22,2024-01-30,DELIVERED
10451,16,188,2026-01-19,2026-02-15,DELIVERED
10452,6,484,2023-06-13,2023-07-14,DELIVERED
10453,10,452,2024-01-25,2024-03-02,DELIVERED
10454,10,10,2025-02-05,2025-03-13,DELIVERED
10455,15,16,2023-12-24,2024-01-29,IN_TRANSIT
10456,9,272,2024-07-06,2024-07-27,DELIVERED
10457,17,394,2025-07-23,2025-08-01,DELIVERED
10458,17,339,2023-11-20,2023-12-12,DELIVERED
10459,17,248,2024-07-06,2024-08-01,DELIVERED
10460,11,314,2026-07-04,2026-08-07,DELIVERED
10461,7,423,2025-06-11,2025-06-26,IN_TRANSIT
10462,19,323,2024-06-14,2024-07-11,IN_TRANSIT
10463,6,248,2023-03-09,2023-04-10,DELAYED
10464,15,439,2023-05-25,2023-07-03,DELIVERED
10465,13,275,2024-08-16,2024-09-20,DELAYED
10466,2,97,2026-07-05,2026-08-12,DELIVERED
10467,17,396,2026-03-15,2026-03-29,DELIVERED
10468,15,387,2026-02-20,2026-03-26,DELIVERED
10469,9,25,2024-04-21,2024-04-30,DELIVERED
10470,13,279,2025-12-04,2025-12-20,DELIVERED
10471,13,461,2024-07-12,2024-07-28,DELIVERED
10472,20,351,2023-10-14,2023-11-21,DELIVERED
10473,18,132,2023-04-10,2023-04-24,DELIVERED
10474,4,303,2025-05-19,2025-06-13,DELIVERED
10475,15,149,2023-11-23,2023-12-25,DELIVERED
10476,8,167,2024-03-17,2024-04-02,DELIVERED
10477,17,380,2026-07-08,2026-07-25,DELIVERED
10478,19,431,2024-08-11,2024-08-21,DELIVERED
10479,5,186,2024-08-24,2024-09-14,DELIVERED
10480,15,147,2026-01-25,2026-02-03,DELIVERED
10481,16,85,2024-03-08,2024-03-19,DELIVERED
10482,4,222,2026-06-07,2026-07-02,DELIVERED
10483,12,260,2025-01-19,2025-01-26,DELIVERED
10484,14,128,2023-04-06,2023-04-15,DELIVERED
10485,14,124,2025-10-29,2025-11-08,DELIVERED
10486,1,458,2024-09-14,2024-10-13,DELIVERED
10487,16,51,2024-06-24,2024-07-16,DELIVERED
10488,15,80,2024-04-13,2024-05-05,DELIVERED
10489,13,364,2025-08-13,2025-08-24,DELIVERED
10490,14,144,2026-06-14,2026-06-24,DELIVERED
10491,19,162,2026-08-12,2026-09-10,DELAYED
10492,18,98,2025-11-27,2025-12-13,DELIVERED
10493,14,378,2024-02-06,2024-02-26,DELAYED
10494,10,450,2023-09-26,2023-10-01,DELIVERED
10495,17,389,2023-11-01,2023-11-25,DELIVERED
10496,18,68,2024-12-03,2024-12-22,DELIVERED
10497,19,265,2026-02-12,2026-03-05,DELIVERED
10498,16,352,2024-03-10,2024-04-07,DELIVERED
10499,18,226,2024-11-10,2024-11-18,DELIVERED
10500,20,428,2025-08-09,2025-08-23,DELIVERED
10501,8,19,2024-10-22,2024-11-25,IN_TRANSIT
10502,10,229,2023-03-12,2023-04-17,DELIVERED
10503,1,327,2024-10-15,2024-11-02,DELIVERED
10504,7,301,2026-03-05,2026-04-01,IN_TRANSIT
10505,3,424,2026-01-23,2026-02-08,DELIVERED
10506,12,324,2024-07-24,2024-08-29,DELIVERED
10507,1,10,2025-08-22,2025-09-03,DELIVERED
10508,13,228,2023-06-26,2023-07-22,DELIVERED
10509,17,142,2024-01-31,2024-03-02,DELIVERED
10510,11,394,2025-12-14,2026-01-09,DELAYED
10511,2,144,2026-08-15,2026-08-28,DELIVERED
10512,3,288,2025-02-17,2025-03-16,DELIVERED
10513,14,243,2024-08-06,2024-08-15,IN_TRANSIT
10514,19,275,2025-07-01,2025-08-07,IN_TRANSIT
10515,9,298,2024-07-12,2024-07-26,DELIVERED
10516,15,401,2023-03-29,2023-04-20,DELIVERED
10517,18,451,2025-11-26,2025-12-23,DELIVERED
10518,6,3,2026-04-03,2026-05-03,DELIVERED
10519,10,64,2025-08-08,2025-09-15,DELIVERED
10520,15,499,2023-05-21,2023-06-28,DELIVERED
10521,18,422,2025-01-12,2025-02-10,DELIVERED
10522,20,281,2026-06-28,2026-07-15,DELIVERED
10523,7,490,2025-02-11,2025-03-01,DELIVERED
10524,16,86,2025-11-28,2025-12-05,DELIVERED
10525,12,312,2024-12-02,2024-12-21,DELIVERED
10526,14,329,2026-04-02,2026-04-30,DELIVERED
10527,5,211,2024-02-03,2024-03-06,DELIVERED
10528,18,184,2025-04-25,2025-05-28,DELIVERED
10529,12,214,2026-04-26,2026-05-05,DELIVERED
10530,3,338,2025-03-21,2025-04-29,DELIVERED
10531,12,90,2023-02-19,2023-03-11,IN_TRANSIT
10532,4,7,2025-01-28,2025-03-06,DELAYED
10533,3,410,2024-01-13,2024-02-07,DELIVERED
10534,6,466,2026-03-10,2026-03-20,IN_TRANSIT
10535,11,132,2023-03-25,2023-04-04,DELIVERED
10536,11,311,2025-07-16,2025-08-09,DELAYED
10537,6,331,2024-05-13,2024-06-10,IN_TRANSIT
10538,3,82,2023-11-11,2023-11-19,DELIVERED
10539,13,466,2026-06-19,2026-07-26,DELIVERED
10540,16,273,2025-04-14,2025-05-06,DELIVERED
10541,8,187,2026-09-24,2026-10-21,DELIVERED
10542,14,117,2024-03-17,2024-03-28,DELAYED
10543,12,228,2026-02-24,2026-03-02,DELIVERED
10544,13,488,2023-07-19,2023-08-05,DELAYED
10545,9,398,2025-11-06,2025-12-15,DELIVERED
10546,11,14,2025-10-28,2025-11-08,DELIVERED
10547,11,143,2023-05-19,2023-06-21,IN_TRANSIT
10548,18,183,2024-02-21,2024-03-01,DELIVERED
10549,1,270,2024-05-10,2024-05-19,DELIVERED
10550,16,214,2023-03-14,2023-03-27,DELIVERED
10551,18,430,2023-01-10,2023-02-16,DELIVERED
10552,11,196,2025-12-06,2026-01-03,DELIVERED
10553,5,418,2024-04-01,2024-04-24,DELIVERED
10554,14,41,2025-03-22,2025-03-30,DELIVERED
10555,20,69,2023-01-12,2023-01-24,DELIVERED
10556,10,67,2026-01-08,2026-01-18,DELIVERED
10557,17,116,2025-06-19,2025-07-16,DELIVERED
10558,7,156,2025-08-05,2025-08-15,DELIVERED
10559,16,392,2023-12-03,2023-12-25,DELIVERED
10560,17,349,2024-06-26,2024-07-20,DELIVERED
10561,3,171,2024-03-03,2024-03-24,DELIVERED
10562,6,106,2024-12-31,2025-01-10,DELIVERED
10563,1,10,2026-04-27,2026-05-11,DELIVERED
10564,5,43,2023-12-23,2024-01-18,DELIVERED
10565,2,317,2025-05-31,2025-07-03,DELIVERED
10566,2,429,2025-03-24,2025-05-01,DELIVERED
10567,10,60,2023-11-05,2023-12-01,DELIVERED
10568,3,437,2023-02-20,2023-03-12,IN_TRANSIT
10569,11,240,2025-02-03,2025-03-07,DELAYED
10570,5,98,2025-05-11,2025-06-14,DELIVERED
10571,12,286,2026-05-18,2026-06-13,DELIVERED
10572,7,289,2023-03-05,2023-03-23,DELIVERED
10573,14,42,2024-10-17,2024-11-21,DELAYED
10574,18,74,2025-02-01,2025-02-08,DELIVERED
10575,10,123,2024-05-26,2024-06-12,DELIVERED
10576,12,211,2023-09-14,2023-09-28,DELIVERED
10577,11,462,2024-09-01,2024-09-20,DELIVERED
10578,8,271,2024-02-03,2024-02-29,DELIVERED
10579,11,485,2026-06-06,2026-07-08,IN_TRANSIT
10580,7,136,2026-02-11,2026-03-07,DELIVERED
10581,15,89,2023-10-28,2023-11-13,DELIVERED
10582,4,151,2026-08-14,2026-09-16,DELIVERED
10583,17,223,2025-04-19,2025-05-08,DELIVERED
10584,5,6,2024-04-05,2024-04-30,DELIVERED
10585,14,442,2024-04-25,2024-04-30,DELIVERED
10586,1,13,2024-03-08,2024-04-07,DELIVERED
10587,5,213,2024-08-24,2024-09-13,IN_TRANSIT
10588,14,146,2026-03-02,2026-03-14,DELIVERED
10589,3,275,2023-06-25,2023-07-03,DELIVERED
10590,18,151,2025-08-14,2025-09-11,DELIVERED
10591,10,345,2024-06-26,2024-07-06,DELIVERED
10592,13,385,2025-12-21,2026-01-06,DELAYED
10593,8,122,2026-06-23,2026-07-07,DELIVERED
10594,20,254,2025-10-15,2025-10-29,IN_TRANSIT
10595,14,250,2026-08-03,2026-09-05,DELIVERED
10596,8,359,2025-05-02,2025-06-02,DELIVERED
10597,2,279,2024-05-06,2024-06-11,DELAYED
10598,6,417,2023-03-21,2023-04-04,DELIVERED
10599,6,386,2025-10-28,2025-11-19,DELIVERED
10600,10,158,2023-12-30,2024-01-18,DELIVERED
10601,18,196,2024-04-24,2024-05-29,DELIVERED
10602,6,6,2026-04-19,2026-05-02,DELIVERED
10603,19,217,2024-04-29,2024-05-31,DELIVERED
10604,5,247,2025-12-14,2025-12-28,DELIVERED
10605,1,83,2025-12-15,2025-12-23,DELIVERED
10606,7,209,2024-04-05,2024-04-30,IN_TRANSIT
10607,1,456,2025-07-11,2025-07-16,DELIVERED
10608,8,99,2026-01-08,2026-02-16,DELIVERED
10609,18,78,2023-09-01,2023-09-29,DELIVERED
10610,7,38,2026-07-19,2026-07-25,DELIVERED
10611,1,198,2026-06-14,2026-07-02,DELIVERED
10612,17,283,2024-01-10,2024-01-30,DELIVERED
10613,8,367,2025-04-02,2025-04-14,DELIVERED
10614,18,324,2025-01-20,2025-02-04,DELAYED
10615,20,95,2024-07-28,2024-09-04,DELIVERED
10616,4,203,2024-05-23,2024-06-21,DELIVERED
10617,20,310,2023-02-26,2023-03-27,DELIVERED
10618,18,410,2025-12-25,2025-12-30,DELAYED
10619,3,149,2024-08-10,2024-09-13,IN_TRANSIT
10620,11,60,2024-11-21,2024-12-21,DELIVERED
10621,8,139,2024-08-19,2024-08-29,IN_TRANSIT
10622,20,303,2026-08-24,2026-09-24,DELIVERED
10623,4,112,2023-04-30,2023-05-16,DELIVERED
10624,4,366,2023-12-30,2024-01-17,DELIVERED
10625,3,39,2023-12-02,2024-01-04,DELIVERED
10626,12,464,2026-04-29,2026-05-10,IN_TRANSIT
10627,2,391,2023-05-03,2023-05-11,DELIVERED
10628,6,285,2025-11-05,2025-11-12,DELIVERED
10629,3,284,2026-05-28,2026-06-15,IN_TRANSIT
10630,6,442,2026-08-16,2026-08-23,IN_TRANSIT
10631,2,345,2026-04-09,2026-05-11,DELIVERED
10632,1,336,2025-10-21,2025-11-26,DELIVERED
10633,18,343,2023-05-14,2023-06-01,DELIVERED
10634,1,383,2023-06-25,2023-07-10,DELIVERED
10635,18,97,2025-04-30,2025-05-07,DELIVERED
10636,9,93,2023-03-01,2023-03-11,DELIVERED
10637,11,367,2023-01-14,2023-01-29,DELIVERED
10638,7,81,2024-05-31,2024-06-22,DELIVERED
10639,3,79,2026-06-14,2026-07-14,DELIVERED
10640,20,242,2026-09-17,2026-09-27,DELIVERED
10641,16,400,2024-03-30,2024-04-04,DELIVERED
10642,5,132,2023-04-09,2023-04-26,DELIVERED
10643,18,224,2026-04-11,2026-05-08,DELIVERED
10644,5,349,2023-05-22,2023-06-08,DELIVERED
10645,1,221,2023-10-12,2023-11-08,DELIVERED
10646,11,254,2025-07-02,2025-07-31,DELIVERED
10647,15,34,2025-09-03,2025-10-11,IN_TRANSIT
10648,8,62,2024-12-01,2024-12-11,DELAYED
10649,2,403,2024-10-21,2024-11-03,DELAYED
10650,1,40,2023-04-22,2023-05-15,DELIVERED
10651,10,383,2024-08-03,2024-08-16,DELIVERED
10652,14,470,2025-08-31,2025-10-03,DELIVERED
10653,1,70,2026-03-21,2026-04-28,DELIVERED
10654,18,7,2023-05-20,2023-06-06,DELIVERED
10655,9,54,2025-04-25,2025-05-21,DELIVERED
10656,1,97,2023-06-02,2023-06-18,DELIVERED
10657,12,273,2026-03-23,2026-03-31,DELIVERED
10658,16,17,2023-07-13,2023-07-24,DELIVERED
10659,11,424,2023-07-05,2023-07-10,DELIVERED
10660,7,27,2026-03-03,2026-03-27,DELIVERED
10661,9,392,2023-07-14,2023-08-10,IN_TRANSIT
10662,12,201,2023-10-12,2023-11-16,DELIVERED
10663,15,242,2024-02-19,2024-03-09,DELIVERED
10664,14,410,2026-06-15,2026-06-30,DELIVERED
10665,3,186,2025-01-11,2025-02-01,DELIVERED
10666,12,424,2025-10-04,2025-10-26,DELIVERED
10667,5,352,2025-02-01,2025-02-11,DELIVERED
10668,20,254,2025-01-08,2025-01-29,DELAYED
10669,13,394,2026-07-09,2026-07-21,DELIVERED
10670,12,50,2025-08-28,2025-09-04,DELAYED
10671,11,396,2024-03-09,2024-04-02,DELIVERED
10672,9,307,2025-08-04,2025-08-18,DELIVERED
10673,13,236,2024-10-06,2024-10-30,DELIVERED
10674,19,50,2026-02-25,2026-03-17,DELIVERED
10675,9,436,2023-04-20,2023-05-01,DELIVERED
10676,20,348,2025-08-17,2025-09-03,DELIVERED
10677,9,239,2024-11-14,2024-11-21,DELIVERED
10678,15,468,2026-07-06,2026-07-14,DELIVERED
10679,1,285,2023-11-20,2023-12-11,DELAYED
10680,7,365,2024-12-22,2024-12-29,DELIVERED
10681,10,230,2023-03-17,2023-04-15,DELIVERED
10682,1,306,2026-05-15,2026-06-13,DELIVERED
10683,7,268,2025-01-11,2025-01-19,IN_TRANSIT
10684,7,86,2026-08-18,2026-09-05,DELIVERED
10685,11,130,2024-08-15,2024-08-22,DELIVERED
10686,14,319,2023-03-01,2023-03-13,DELIVERED
10687,9,216,2024-06-18,2024-07-17,DELIVERED
10688,4,363,2023-12-16,2024-01-12,DELIVERED
10689,4,328,2024-12-19,2025-01-06,DELIVERED
10690,9,22,2025-02-03,2025-02-26,DELIVERED
10691,14,136,2026-06-19,2026-06-28,DELIVERED
10692,20,319,2026-08-27,2026-09-13,DELIVERED
10693,8,482,2026-07-17,2026-08-20,DELIVERED
10694,14,174,2026-03-17,2026-03-27,DELIVERED
10695,17,192,2024-09-17,2024-09-26,DELAYED
10696,20,380,2025-12-22,2025-12-31,DELAYED
10697,20,207,2023-11-10,2023-11-16,DELIVERED
10698,2,18,2023-06-29,2023-07-14,IN_TRANSIT
10699,7,329,2024-12-24,2024-12-30,DELIVERED
10700,11,152,2023-12-08,2023-12-14,DELIVERED
10701,5,248,2024-07-22,2024-07-31,DELIVERED
10702,5,412,2026-02-24,2026-03-02,DELIVERED
10703,20,160,2026-04-30,2026-05-29,DELIVERED
10704,6,27,2026-02-27,2026-03-05,DELIVERED
10705,10,47,2023-03-11,2023-03-24,DELIVERED
10706,9,39,2026-07-20,2026-08-05,DELIVERED
10707,14,65,2023-04-16,2023-04-25,DELIVERED
10708,11,241,2023-04-12,2023-05-16,DELIVERED
10709,10,320,2023-11-30,2024-01-08,DELIVERED
10710,1,368,2025-10-27,2025-11-05,DELIVERED
10711,12,438,2025-02-20,2025-03-02,IN_TRANSIT
10712,14,362,2024-01-22,2024-02-09,DELIVERED
10713,2,201,2024-09-05,2024-09-10,DELIVERED
10714,12,384,2025-08-04,2025-08-27,DELIVERED
10715,8,121,2025-12-11,2026-01-14,DELIVERED
10716,13,46,2023-11-24,2023-12-17,DELIVERED
10717,11,146,2025-02-19,2025-03-15,DELAYED
10718,17,32,2024-06-30,2024-07-10,DELIVERED
10719,13,139,2024-01-25,2024-02-17,DELAYED
10720,1,84,2023-11-17,2023-12-06,DELIVERED
10721,10,22,2025-10-21,2025-11-11,DELIVERED
10722,17,216,2025-01-31,2025-02-06,DELAYED
10723,2,390,2025-07-04,2025-07-09,DELIVERED
10724,3,479,2023-07-25,2023-08-16,DELIVERED
10725,19,283,2024-10-16,2024-11-05,DELIVERED
10726,3,360,2026-06-18,2026-06-23,DELIVERED
10727,11,101,2023-10-06,2023-10-13,DELIVERED
10728,20,264,2025-03-24,2025-04-15,DELIVERED
10729,18,231,2025-11-18,2025-12-19,DELIVERED
10730,18,25,2025-03-26,2025-04-27,DELIVERED
10731,17,336,2025-05-06,2025-05-19,IN_TRANSIT
10732,16,258,2025-10-28,2025-11-21,DELIVERED
10733,19,101,2025-04-27,2025-05-08,DELIVERED
10734,15,281,2024-12-18,2025-01-13,DELIVERED
10735,11,428,2023-09-14,2023-09-30,DELIVERED
10736,9,2,2024-11-12,2024-12-12,DELIVERED
10737,5,449,2024-01-12,2024-02-14,DELIVERED
10738,2,34,2026-02-12,2026-03-14,DELIVERED
10739,8,120,2026-02-20,2026-03-25,DELIVERED
10740,9,432,2025-05-09,2025-06-09,DELIVERED
10741,11,426,2024-02-08,2024-02-19,DELIVERED
10742,10,146,2025-10-02,2025-10-12,DELIVERED
10743,10,302,2026-02-12,2026-02-18,DELIVERED
10744,1,90,2023-10-10,2023-11-13,DELIVERED
10745,9,198,2023-03-29,2023-04-05,DELIVERED
10746,16,100,2024-09-29,2024-10-23,DELIVERED
10747,11,102,2023-06-19,2023-07-13,DELIVERED
10748,2,463,2025-01-28,2025-03-05,DELAYED
10749,12,194,2024-05-25,2024-06-09,DELIVERED
10750,16,200,2026-05-24,2026-06-24,DELIVERED
10751,2,262,2026-04-07,2026-04-17,IN_TRANSIT
10752,9,250,2024-10-17,2024-11-19,DELIVERED
10753,13,471,2023-03-01,2023-03-22,DELIVERED
10754,5,88,2023-02-06,2023-03-14,DELIVERED
10755,19,39,2024-08-17,2024-09-17,DELIVERED
10756,12,60,2025-04-16,2025-05-17,IN_TRANSIT
10757,16,199,2025-09-27,2025-10-05,DELIVERED
10758,2,378,2023-07-15,2023-08-14,DELIVERED
10759,6,43,2024-01-29,2024-02-24,IN_TRANSIT
10760,9,180,2023-10-14,2023-11-14,DELIVERED
10761,16,362,2025-07-18,2025-08-10,DELIVERED
10762,10,61,2023-05-15,2023-06-08,DELIVERED
10763,2,116,2026-05-05,2026-05-21,DELIVERED
10764,1,61,2024-05-13,2024-05-19,DELIVERED
10765,16,476,2024-11-08,2024-12-17,DELIVERED
10766,9,322,2024-05-08,2024-06-07,DELIVERED
10767,2,194,2023-02-27,2023-04-01,DELIVERED
10768,6,74,2023-10-01,2023-10-24,DELIVERED
10769,17,181,2024-05-18,2024-06-13,DELIVERED
10770,14,500,2024-10-14,2024-10-25,DELIVERED
10771,18,399,2023-05-30,2023-06-26,DELIVERED
10772,3,18,2025-05-22,2025-06-15,DELIVERED
10773,12,344,2026-05-12,2026-05-26,DELIVERED
10774,15,217,2025-11-14,2025-11-20,DELIVERED
10775,1,318,2024-03-07,2024-04-01,IN_TRANSIT
10776,12,397,2025-09-13,2025-09-18,DELIVERED
10777,11,102,2024-06-10,2024-07-10,DELIVERED
10778,17,190,2024-05-15,2024-05-28,DELIVERED
10779,8,146,2026-02-23,2026-03-31,DELAYED
10780,12,20,2025-04-08,2025-04-30,DELIVERED
10781,8,277,2025-01-08,2025-02-08,DELAYED
10782,9,207,2026-01-03,2026-02-03,DELIVERED
10783,7,286,2025-10-29,2025-11-30,DELIVERED
10784,7,494,2025-01-21,2025-02-15,DELIVERED
10785,20,85,2023-09-19,2023-10-03,DELIVERED
10786,16,444,2026-02-08,2026-03-01,DELIVERED
10787,7,423,2024-11-29,2024-12-14,DELIVERED
10788,5,100,2023-01-10,2023-01-30,IN_TRANSIT
10789,18,306,2023-03-11,2023-03-25,DELIVERED
10790,9,1,2024-01-18,2024-02-21,DELIVERED
10791,3,311,2026-05-19,2026-06-26,DELIVERED
10792,10,315,2026-02-14,2026-02-21,DELIVERED
10793,6,492,2026-02-12,2026-03-07,DELIVERED
10794,7,287,2023-01-14,2023-01-25,DELIVERED
10795,9,171,2023-02-21,2023-03-05,DELIVERED
10796,10,374,2025-10-23,2025-10-31,DELAYED
10797,1,390,2024-02-10,2024-02-19,DELIVERED
10798,4,151,2025-12-14,2025-12-20,DELIVERED
10799,9,251,2023-07-07,2023-07-26,DELIVERED
10800,16,188,2024-02-22,2024-02-29,IN_TRANSIT
10801,11,433,2025-03-13,2025-04-13,DELIVERED
10802,18,429,2024-11-25,2024-12-01,DELIVERED
10803,11,376,2024-06-30,2024-08-06,DELIVERED
10804,15,221,2026-06-01,2026-06-23,DELIVERED
10805,6,106,2023-09-15,2023-10-19,DELIVERED
10806,4,487,2026-08-13,2026-08-22,DELIVERED
10807,17,230,2023-07-08,2023-07-13,DELAYED
10808,1,405,2025-12-21,2026-01-29,DELIVERED
10809,8,91,2025-12-11,2025-12-26,DELAYED
10810,18,219,2024-02-07,2024-03-08,IN_TRANSIT
10811,9,14,2023-08-29,2023-09-29,DELIVERED
10812,17,311,2023-11-17,2023-12-19,DELIVERED
10813,7,94,2023-06-24,2023-07-23,DELIVERED
10814,7,477,2024-03-21,2024-04-20,DELIVERED
10815,16,462,2023-03-10,2023-04-01,DELIVERED
10816,15,294,2025-10-31,2025-11-25,DELIVERED
10817,17,270,2023-12-18,2023-12-26,DELIVERED
10818,5,149,2026-08-07,2026-08-22,DELAYED
10819,1,270,2026-06-08,2026-06-17,DELIVERED
10820,5,28,2023-09-09,2023-10-04,DELIVERED
10821,11,71,2026-09-17,2026-09-23,DELIVERED
10822,14,425,2026-01-24,2026-02-12,DELIVERED
10823,3,478,2025-05-27,2025-07-03,DELAYED
10824,13,466,2023-04-08,2023-05-04,DELIVERED
10825,17,5,2025-04-14,2025-05-02,DELIVERED
10826,13,209,2025-04-18,2025-05-12,DELIVERED
10827,15,212,2025-09-21,2025-09-30,DELIVERED
10828,12,301,2024-08-06,2024-08-26,DELIVERED
10829,17,162,2026-02-26,2026-03-12,DELIVERED
10830,20,370,2024-09-05,2024-10-08,DELIVERED
10831,11,458,2024-11-17,2024-12-05,DELIVERED
10832,2,389,2023-09-05,2023-09-21,DELIVERED
10833,18,247,2026-02-16,2026-03-24,DELIVERED
10834,8,482,2025-10-18,2025-11-10,DELIVERED
10835,16,410,2025-09-10,2025-09-30,DELIVERED
10836,4,294,2023-12-05,2024-01-13,DELIVERED
10837,4,258,2024-11-20,2024-12-29,IN_TRANSIT
10838,19,350,2023-05-28,2023-06-06,DELIVERED
10839,16,122,2025-07-23,2025-08-06,DELIVERED
10840,2,67,2024-09-04,2024-10-05,DELIVERED
10841,11,196,2023-04-18,2023-05-13,DELIVERED
10842,5,256,2024-02-19,2024-03-18,DELIVERED
10843,4,287,2025-05-24,2025-05-30,DELIVERED
10844,6,214,2023-01-28,2023-02-21,DELIVERED
10845,18,331,2025-04-13,2025-04-21,DELIVERED
10846,2,156,2024-07-11,2024-07-25,DELIVERED
10847,8,141,2023-06-22,2023-07-31,DELIVERED
10848,2,47,2024-01-17,2024-02-16,DELIVERED
10849,2,499,2023-03-07,2023-03-17,DELIVERED
10850,17,129,2025-01-22,2025-03-01,DELIVERED
10851,10,355,2025-02-01,2025-02-16,DELIVERED
10852,15,370,2025-04-02,2025-04-10,DELAYED
10853,8,305,2023-08-17,2023-09-15,DELIVERED
10854,18,486,2023-10-24,2023-11-17,DELAYED
10855,13,166,2026-06-23,2026-07-01,DELIVERED
10856,16,309,2023-11-06,2023-12-05,DELAYED
10857,3,428,2025-07-29,2025-08-13,DELIVERED
10858,8,383,2023-01-01,2023-01-13,DELIVERED
10859,8,461,2024-11-17,2024-12-08,DELAYED
10860,2,324,2024-03-28,2024-04-13,DELIVERED
10861,10,133,2023-07-07,2023-07-19,DELIVERED
10862,10,235,2025-09-02,2025-09-27,DELAYED
10863,19,485,2026-01-19,2026-02-19,DELIVERED
10864,13,11,2025-04-25,2025-05-18,IN_TRANSIT
10865,3,253,2026-02-13,2026-03-03,IN_TRANSIT
10866,15,243,2023-04-29,2023-05-26,DELIVERED
10867,12,3,2025-09-20,2025-09-29,DELIVERED
10868,19,228,2024-01-06,2024-01-29,DELIVERED
10869,2,126,2026-06-25,2026-07-06,DELIVERED
10870,18,223,2024-01-19,2024-01-26,DELAYED
10871,16,303,2025-10-10,2025-10-24,IN_TRANSIT
10872,14,387,2025-01-27,2025-02-24,DELIVERED
10873,18,421,2024-10-14,2024-11-18,DELIVERED
10874,20,285,2025-08-25,2025-09-20,DELIVERED
10875,13,421,2026-08-21,2026-09-16,DELIVERED
10876,12,394,2024-11-27,2024-12-20,DELIVERED
10877,6,45,2024-02-06,2024-03-02,DELIVERED
10878,3,477,2024-06-07,2024-06-13,IN_TRANSIT
10879,3,39,2023-12-10,2023-12-22,DELIVERED
10880,17,202,2024-12-10,2025-01-14,DELIVERED
10881,19,447,2026-08-29,2026-09-05,IN_TRANSIT
10882,2,18,2023-12-30,2024-01-21,DELIVERED
10883,18,280,2023-11-09,2023-11-28,DELIVERED
10884,7,337,2025-03-13,2025-03-28,DELIVERED
10885,6,479,2023-10-12,2023-10-19,DELIVERED
10886,12,394,2025-07-11,2025-08-03,IN_TRANSIT
10887,5,138,2023-01-29,2023-02-17,DELIVERED
10888,20,223,2025-08-10,2025-08-15,DELIVERED
10889,13,490,2025-01-10,2025-02-10,DELIVERED
10890,19,216,2025-09-26,2025-10-13,DELIVERED
10891,20,247,2025-11-15,2025-12-24,DELIVERED
10892,11,409,2025-10-02,2025-10-31,DELIVERED
10893,9,372,2024-01-30,2024-03-07,DELIVERED
10894,17,25,2025-11-29,2025-12-28,DELIVERED
10895,5,456,2026-07-31,2026-08-25,DELIVERED
10896,7,238,2026-05-01,2026-06-05,DELAYED
10897,16,423,2024-01-09,2024-02-01,IN_TRANSIT
10898,4,60,2023-05-12,2023-06-10,DELIVERED
10899,11,438,2025-03-04,2025-03-25,IN_TRANSIT
10900,1,339,2025-03-31,2025-04-13,DELIVERED
10901,4,44,2024-11-17,2024-12-01,DELIVERED
10902,2,443,2025-09-04,2025-09-29,IN_TRANSIT
10903,5,209,2025-02-26,2025-03-18,DELIVERED
10904,7,462,2024-12-31,2025-01-11,DELIVERED
10905,12,106,2024-03-23,2024-04-16,DELIVERED
10906,10,56,2025-12-20,2025-12-26,DELIVERED
10907,13,490,2023-07-10,2023-07-23,DELIVERED
10908,7,317,2023-08-22,2023-08-30,DELIVERED
10909,15,264,2024-12-16,2024-12-24,DELAYED
10910,3,1,2026-03-29,2026-04-23,DELIVERED
10911,16,106,2025-12-28,2026-01-25,DELIVERED
10912,2,375,2026-01-12,2026-01-20,DELIVERED
10913,5,302,2026-03-24,2026-04-30,DELIVERED
10914,5,182,2024-06-28,2024-08-04,DELIVERED
10915,6,265,2023-02-16,2023-03-02,DELIVERED
10916,1,242,2024-07-24,2024-08-18,DELIVERED
10917,19,57,2023-11-04,2023-11-09,IN_TRANSIT
10918,12,352,2024-05-05,2024-05-10,IN_TRANSIT
10919,20,431,2026-07-04,2026-07-22,DELIVERED
10920,14,173,2023-04-23,2023-05-17,DELIVERED
10921,9,246,2025-10-01,2025-10-24,DELIVERED
10922,6,424,2023-11-26,2023-12-20,DELIVERED
10923,10,338,2024-11-27,2024-12-09,DELIVERED
10924,14,464,2023-07-13,2023-07-20,DELIVERED
10925,10,216,2023-02-18,2023-03-19,DELAYED
10926,11,467,2025-08-25,2025-08-31,DELIVERED
10927,8,173,2023-12-16,2024-01-21,DELIVERED
10928,3,83,2024-03-30,2024-04-29,DELIVERED
10929,9,237,2026-07-24,2026-08-30,DELIVERED
10930,3,114,2023-01-20,2023-02-11,DELAYED
10931,11,74,2025-08-28,2025-09-05,DELIVERED
10932,20,206,2024-07-28,2024-08-07,DELIVERED
10933,14,82,2025-03-12,2025-03-18,DELIVERED
10934,8,11,2026-08-23,2026-09-29,DELIVERED
10935,11,66,2026-04-07,2026-04-24,DELAYED
10936,10,3,2023-12-09,2023-12-17,DELIVERED
10937,8,180,2025-05-13,2025-05-28,DELIVERED
10938,4,113,2023-07-10,2023-08-15,DELIVERED
10939,4,387,2023-07-08,2023-07-16,DELIVERED
10940,1,373,2024-01-18,2024-02-03,DELIVERED
10941,11,490,2023-04-01,2023-05-09,DELIVERED
10942,7,278,2024-07-26,2024-08-12,DELIVERED
10943,16,253,2024-03-01,2024-04-02,DELAYED
10944,12,388,2025-04-18,2025-04-23,DELIVERED
10945,3,96,2024-12-16,2025-01-11,DELIVERED
10946,4,103,2023-04-29,2023-05-30,DELIVERED
10947,6,327,2023-01-14,2023-02-14,DELIVERED
10948,20,163,2025-09-29,2025-11-07,DELIVERED
10949,4,365,2023-08-10,2023-09-10,IN_TRANSIT
10950,10,246,2024-06-08,2024-07-07,DELIVERED
10951,15,229,2023-08-30,2023-09-10,DELIVERED
10952,1,37,2024-02-19,2024-03-06,DELIVERED
10953,13,307,2025-06-27,2025-07-09,DELIVERED
10954,12,415,2025-08-31,2025-09-09,IN_TRANSIT
10955,8,44,2025-09-16,2025-09-27,DELIVERED
10956,6,240,2023-03-02,2023-03-12,DELIVERED
10957,2,355,2026-08-06,2026-08-15,DELIVERED
10958,16,12,2026-08-28,2026-09-10,DELIVERED
10959,16,210,2024-03-23,2024-04-03,DELAYED
10960,19,396,2025-05-23,2025-06-17,DELIVERED
10961,14,443,2024-01-08,2024-01-28,DELAYED
10962,14,294,2024-03-14,2024-03-29,DELIVERED
10963,6,266,2024-08-19,2024-08-29,DELAYED
10964,3,280,2025-10-17,2025-10-26,DELIVERED
10965,20,280,2024-12-24,2025-01-26,DELAYED
10966,20,220,2025-08-09,2025-08-31,DELIVERED
10967,20,195,2025-07-02,2025-08-06,DELIVERED
10968,3,66,2023-03-26,2023-05-04,IN_TRANSIT
10969,3,381,2024-11-22,2024-12-04,DELIVERED
10970,12,377,2023-06-13,2023-07-07,DELAYED
10971,17,234,2023-05-07,2023-06-01,IN_TRANSIT
10972,17,157,2023-02-01,2023-02-19,DELIVERED
10973,1,418,2023-07-31,2023-08-16,DELIVERED
10974,17,211,2023-08-24,2023-09-25,DELIVERED
10975,8,312,2025-03-24,2025-03-31,DELIVERED
10976,11,120,2026-03-15,2026-04-10,DELIVERED
10977,7,440,2024-04-18,2024-05-13,DELIVERED
10978,6,6,2026-08-29,2026-09-11,DELIVERED
10979,13,45,2024-09-21,2024-10-23,DELIVERED
10980,6,107,2024-09-25,2024-10-31,DELIVERED
10981,6,345,2024-06-20,2024-07-15,DELIVERED
10982,11,500,2025-05-03,2025-05-10,DELAYED
10983,3,485,2024-11-22,2024-11-30,IN_TRANSIT
10984,8,83,2024-01-25,2024-02-29,DELIVERED
10985,16,305,2023-08-19,2023-09-20,IN_TRANSIT
10986,4,375,2024-03-28,2024-04-15,DELAYED
10987,16,498,2025-07-30,2025-08-18,DELIVERED
10988,16,337,2026-09-22,2026-10-03,DELAYED
10989,1,273,2023-02-14,2023-03-20,DELAYED
10990,18,314,2024-08-21,2024-08-28,DELIVERED
10991,9,458,2023-06-16,2023-07-02,DELIVERED
10992,8,76,2025-06-01,2025-07-09,DELAYED
10993,15,155,2025-04-30,2025-05-26,DELAYED
10994,6,277,2023-08-03,2023-08-21,IN_TRANSIT
10995,6,307,2023-03-22,2023-03-31,DELAYED
10996,5,80,2024-11-09,2024-11-28,IN_TRANSIT
10997,10,91,2023-08-16,2023-09-19,DELAYED
10998,4,195,2023-04-03,2023-04-16,DELIVERED
10999,12,223,2025-05-25,2025-06-09,IN_TRANSIT
11000,19,232,2025-09-14,2025-10-14,DELIVERED
11001,13,449,2026-09-19,2026-10-08,DELIVERED
11002,20,218,2024-04-27,2024-05-20,DELIVERED
11003,9,466,2024-01-05,2024-01-17,DELIVERED
11004,9,272,2026-02-17,2026-03-15,DELIVERED
11005,15,38,2025-09-05,2025-09-22,DELIVERED
11006,4,289,2026-08-26,2026-09-09,DELIVERED
11007,19,69,2024-11-06,2024-11-16,DELIVERED
11008,2,37,2024-09-22,2024-10-13,DELIVERED
11009,13,261,2025-12-06,2025-12-22,IN_TRANSIT
11010,12,138,2025-03-29,2025-04-12,DELIVERED
11011,18,305,2025-04-19,2025-05-17,DELIVERED
11012,16,159,2026-08-27,2026-09-16,DELIVERED
11013,11,346,2025-06-15,2025-07-04,DELIVERED
11014,5,444,2025-08-06,2025-09-05,DELIVERED
11015,8,247,2026-07-25,2026-08-25,DELIVERED
11016,15,490,2025-04-19,2025-05-03,DELIVERED
11017,20,222,2026-01-11,2026-02-19,DELIVERED
11018,20,224,2023-03-01,2023-03-24,DELIVERED
11019,16,188,2023-04-21,2023-04-27,DELAYED
11020,12,13,2026-01-08,2026-02-13,DELIVERED
11021,10,251,2023-01-18,2023-02-21,DELIVERED
11022,15,367,2024-02-04,2024-03-09,IN_TRANSIT
11023,11,458,2024-05-11,2024-06-11,DELAYED
11024,6,172,2024-11-15,2024-11-23,IN_TRANSIT
11025,14,18,2025-02-12,2025-02-20,DELIVERED
11026,7,247,2025-02-19,2025-03-28,IN_TRANSIT
11027,16,285,2024-05-21,2024-06-08,DELIVERED
11028,12,41,2023-03-31,2023-04-11,DELIVERED
11029,9,145,2023-05-12,2023-06-19,DELIVERED
11030,12,106,2026-01-17,2026-02-03,DELIVERED
11031,6,456,2024-11-07,2024-12-12,DELIVERED
11032,6,490,2024-03-19,2024-03-24,DELAYED
11033,12,337,2026-02-02,2026-02-20,DELIVERED
11034,20,79,2025-01-16,2025-01-31,DELIVERED
11035,7,417,2023-08-11,2023-08-25,DELIVERED
11036,8,251,2025-10-18,2025-11-20,DELIVERED
11037,12,495,2025-08-11,2025-09-04,DELIVERED
11038,15,228,2024-03-24,2024-04-01,DELIVERED
11039,3,320,2024-02-16,2024-03-15,DELIVERED
11040,9,11,2024-04-23,2024-05-03,DELIVERED
11041,16,160,2024-11-29,2025-01-07,DELIVERED
11042,2,22,2025-02-04,2025-03-11,DELIVERED
11043,15,342,2025-04-24,2025-05-22,DELIVERED
11044,12,450,2026-08-19,2026-08-29,DELAYED
11045,7,145,2023-03-06,2023-04-07,IN_TRANSIT
11046,5,95,2025-09-20,2025-10-13,DELIVERED
11047,13,30,2026-08-09,2026-09-07,DELIVERED
11048,7,407,2026-05-30,2026-06-14,DELIVERED
11049,3,186,2026-06-12,2026-06-29,IN_TRANSIT
11050,2,413,2026-03-18,2026-04-01,DELIVERED
11051,18,252,2023-06-22,2023-06-27,DELIVERED
11052,1,485,2023-12-30,2024-02-06,DELIVERED
11053,14,235,2023-03-30,2023-04-14,IN_TRANSIT
11054,15,500,2026-04-02,2026-04-09,DELIVERED
11055,7,187,2025-11-16,2025-12-13,DELIVERED
11056,3,120,2025-01-16,2025-02-07,DELIVERED
11057,16,260,2024-10-09,2024-10-24,DELIVERED
11058,15,320,2023-10-17,2023-11-01,DELIVERED
11059,7,21,2025-07-14,2025-08-03,DELIVERED
11060,16,107,2026-06-14,2026-07-19,DELIVERED
11061,20,388,2023-05-01,2023-05-27,DELIVERED
11062,18,293,2024-07-02,2024-08-04,DELIVERED
11063,20,434,2023-12-17,2024-01-09,DELIVERED
11064,2,134,2025-02-04,2025-02-15,DELIVERED
11065,15,26,2025-12-21,2026-01-14,DELIVERED
11066,8,184,2025-10-23,2025-11-18,DELIVERED
11067,4,378,2023-10-17,2023-10-22,DELIVERED
11068,2,343,2025-08-10,2025-08-23,DELIVERED
11069,7,254,2025-07-28,2025-08-15,DELIVERED
11070,15,173,2025-01-31,2025-03-06,DELIVERED
11071,13,313,2023-08-08,2023-08-30,DELIVERED
11072,15,344,2026-08-18,2026-09-23,DELIVERED
11073,19,299,2025-04-02,2025-04-11,DELIVERED
11074,10,400,2026-09-05,2026-10-13,DELIVERED
11075,17,220,2026-04-14,2026-05-23,DELIVERED
11076,14,234,2024-08-15,2024-09-19,DELIVERED
11077,3,475,2025-02-03,2025-02-25,DELAYED
11078,2,187,2024-07-03,2024-08-04,DELIVERED
11079,18,277,2025-08-15,2025-08-26,DELIVERED
11080,9,48,2024-10-17,2024-11-09,DELIVERED
11081,16,425,2025-02-17,2025-02-27,DELAYED
11082,9,98,2024-07-19,2024-08-22,DELIVERED
11083,4,45,2023-01-30,2023-02-20,IN_TRANSIT
11084,18,280,2026-04-09,2026-05-05,DELIVERED
11085,17,359,2026-09-02,2026-09-30,DELAYED
11086,19,86,2026-04-15,2026-05-17,DELAYED
11087,3,465,2025-04-02,2025-04-21,DELIVERED
11088,2,82,2026-02-10,2026-02-22,DELIVERED
11089,18,100,2024-01-20,2024-02-23,DELIVERED
11090,19,426,2025-12-10,2026-01-18,DELIVERED
11091,15,158,2025-10-07,2025-10-13,DELIVERED
11092,2,109,2026-06-28,2026-07-22,IN_TRANSIT
11093,12,67,2024-05-10,2024-06-08,DELIVERED
11094,15,10,2023-03-04,2023-03-23,DELAYED
11095,17,300,2026-03-24,2026-04-17,DELIVERED
11096,11,226,2025-05-24,2025-06-04,DELIVERED
11097,14,86,2025-11-20,2025-12-21,DELIVERED
11098,17,19,2025-10-28,2025-12-01,DELIVERED
11099,14,183,2023-03-31,2023-04-16,DELIVERED
11100,19,439,2024-09-27,2024-10-14,DELIVERED
11101,19,466,2023-04-15,2023-04-25,DELIVERED
11102,14,380,2025-08-13,2025-08-25,DELIVERED
11103,18,214,2024-10-14,2024-10-20,DELIVERED
11104,9,188,2023-02-13,2023-03-22,DELAYED
11105,17,391,2025-07-24,2025-07-31,DELIVERED
11106,12,397,2024-02-19,2024-03-06,DELIVERED
11107,20,411,2025-11-17,2025-12-23,DELIVERED
11108,18,445,2025-05-19,2025-06-19,DELIVERED
11109,11,41,2025-06-06,2025-06-12,DELIVERED
11110,16,393,2025-03-07,2025-04-05,DELIVERED
11111,19,462,2025-03-11,2025-04-07,DELIVERED
11112,18,10,2025-08-28,2025-09-12,DELIVERED
11113,2,465,2025-06-29,2025-07-19,DELIVERED
11114,12,302,2025-11-04,2025-12-12,DELAYED
11115,4,247,2023-12-01,2023-12-24,DELIVERED
11116,11,1,2024-07-21,2024-07-26,DELIVERED
11117,11,18,2023-03-26,2023-05-04,DELIVERED
11118,13,72,2025-11-08,2025-12-16,DELIVERED
11119,3,300,2025-02-09,2025-03-18,DELAYED
11120,7,174,2025-06-17,2025-06-25,DELIVERED
11121,11,413,2023-01-03,2023-01-23,DELIVERED
11122,12,156,2024-03-13,2024-04-16,DELIVERED
11123,17,465,2026-08-21,2026-09-09,DELIVERED
11124,10,473,2023-08-17,2023-08-25,DELIVERED
11125,13,421,2023-10-20,2023-10-26,DELIVERED
11126,10,158,2023-06-10,2023-06-20,DELIVERED
11127,1,229,2025-01-18,2025-01-28,DELIVERED
11128,18,183,2024-04-17,2024-05-24,DELIVERED
11129,19,185,2025-04-05,2025-04-14,DELAYED
11130,18,34,2025-03-28,2025-05-02,DELAYED
11131,13,417,2024-07-26,2024-08-25,DELIVERED
11132,10,57,2023-11-24,2023-12-06,IN_TRANSIT
11133,14,376,2023-10-04,2023-10-25,DELIVERED
11134,18,369,2024-03-23,2024-04-29,IN_TRANSIT
11135,1,269,2025-09-07,2025-10-11,DELIVERED
11136,7,252,2026-09-14,2026-10-07,IN_TRANSIT
11137,6,140,2024-07-20,2024-08-22,DELIVERED
11138,6,314,2025-01-15,2025-02-20,DELIVERED
11139,8,1,2024-11-24,2024-12-29,DELIVERED
11140,11,124,2026-07-18,2026-08-04,DELIVERED
11141,18,221,2023-04-19,2023-04-26,IN_TRANSIT
11142,9,31,2025-11-30,2025-12-14,DELIVERED
11143,8,126,2025-08-20,2025-09-03,DELIVERED
11144,5,134,2026-09-22,2026-10-12,DELIVERED
11145,16,81,2026-05-25,2026-06-14,DELIVERED
11146,2,335,2023-09-05,2023-09-14,DELAYED
11147,15,389,2023-11-10,2023-12-06,DELAYED
11148,18,432,2025-03-01,2025-04-05,IN_TRANSIT
11149,18,40,2026-03-12,2026-04-20,IN_TRANSIT
11150,15,49,2025-10-08,2025-10-21,DELIVERED
11151,16,177,2025-04-02,2025-05-01,DELIVERED
11152,12,360,2024-06-15,2024-06-22,DELIVERED
11153,18,375,2023-03-25,2023-04-03,DELAYED
11154,7,28,2025-10-29,2025-11-17,DELIVERED
11155,10,105,2023-07-01,2023-07-24,DELAYED
11156,5,236,2024-02-02,2024-02-22,DELIVERED
11157,6,370,2025-09-02,2025-09-10,DELAYED
11158,20,220,2024-06-17,2024-07-14,DELIVERED
11159,9,93,2023-03-01,2023-03-19,DELIVERED
11160,5,428,2024-06-09,2024-07-12,DELIVERED
11161,18,28,2025-02-09,2025-02-27,DELIVERED
11162,5,188,2025-08-01,2025-08-26,DELIVERED
11163,19,241,2026-04-30,2026-05-31,DELIVERED
11164,17,150,2026-06-15,2026-07-15,DELAYED
11165,13,436,2025-05-19,2025-05-26,DELIVERED
11166,19,320,2024-10-28,2024-12-01,DELIVERED
11167,6,324,2024-07-15,2024-08-04,DELAYED
11168,16,7,2024-08-10,2024-08-21,DELIVERED
11169,13,422,2023-03-17,2023-04-15,DELIVERED
11170,1,390,2026-06-04,2026-06-16,DELIVERED
11171,7,352,2026-03-05,2026-03-23,DELIVERED
11172,14,102,2023-09-28,2023-10-29,DELIVERED
11173,4,76,2023-11-20,2023-12-07,DELIVERED
11174,10,303,2026-03-02,2026-04-10,DELAYED
11175,3,228,2024-11-08,2024-12-13,DELIVERED
11176,19,454,2023-11-19,2023-12-16,DELIVERED
11177,4,184,2026-03-07,2026-03-21,IN_TRANSIT
11178,10,208,2026-05-05,2026-05-27,DELIVERED
11179,14,308,2024-11-02,2024-12-05,DELIVERED
11180,19,279,2024-01-07,2024-02-09,DELIVERED
11181,13,80,2024-01-01,2024-02-01,DELIVERED
11182,20,262,2025-07-13,2025-08-12,DELIVERED
11183,16,97,2025-12-30,2026-01-24,DELIVERED
11184,13,244,2024-06-13,2024-07-21,DELIVERED
11185,10,148,2023-06-28,2023-07-18,DELIVERED
11186,13,390,2025-11-20,2025-12-01,DELIVERED
11187,5,214,2024-11-12,2024-11-24,DELIVERED
11188,7,127,2024-11-16,2024-12-17,IN_TRANSIT
11189,7,14,2023-10-29,2023-11-13,DELIVERED
11190,17,159,2023-05-20,2023-06-09,DELIVERED
11191,7,379,2023-08-06,2023-09-01,IN_TRANSIT
11192,16,161,2025-12-26,2026-01-16,DELIVERED
11193,1,200,2026-04-26,2026-05-13,DELIVERED
11194,10,278,2024-04-19,2024-05-03,DELIVERED
11195,6,119,2025-12-16,2025-12-23,DELIVERED
11196,13,368,2023-09-19,2023-10-04,DELIVERED
11197,6,285,2026-04-16,2026-05-11,DELIVERED
11198,1,255,2026-09-21,2026-10-09,DELIVERED
11199,6,235,2023-08-09,2023-08-29,DELIVERED
11200,19,313,2025-08-07,2025-08-26,DELIVERED
11201,16,284,2025-02-16,2025-03-27,DELIVERED
11202,1,465,2026-07-09,2026-07-22,DELIVERED
11203,5,206,2025-12-01,2026-01-06,DELAYED
11204,16,446,2023-06-23,2023-07-19,DELIVERED
11205,17,105,2025-02-01,2025-02-20,DELIVERED
11206,9,204,2024-05-18,2024-06-26,DELIVERED
11207,3,406,2024-03-30,2024-04-28,DELIVERED
11208,9,187,2025-07-17,2025-08-21,IN_TRANSIT
11209,13,126,2026-04-19,2026-05-23,DELIVERED
11210,20,41,2024-11-09,2024-12-12,DELIVERED
11211,9,185,2023-08-27,2023-10-04,DELIVERED
11212,12,203,2026-07-11,2026-07-18,DELAYED
11213,11,52,2026-06-29,2026-07-10,DELIVERED
11214,17,103,2023-08-26,2023-09-23,DELIVERED
11215,14,96,2026-01-30,2026-02-08,DELIVERED
11216,17,408,2023-02-08,2023-02-16,DELAYED
11217,5,346,2023-02-08,2023-02-27,DELIVERED
11218,15,294,2023-12-30,2024-01-09,DELIVERED
11219,8,21,2026-08-24,2026-09-30,DELIVERED
11220,4,67,2026-02-04,2026-03-01,DELIVERED
11221,10,458,2023-05-01,2023-05-28,DELIVERED
11222,20,324,2023-03-29,2023-04-27,DELIVERED
11223,14,77,2024-07-06,2024-07-21,DELAYED
11224,16,233,2025-01-22,2025-02-11,DELIVERED
11225,11,184,2024-06-16,2024-07-05,DELIVERED
11226,4,161,2026-08-09,2026-08-22,IN_TRANSIT
11227,16,130,2023-05-24,2023-05-30,IN_TRANSIT
11228,2,188,2023-07-24,2023-08-03,DELIVERED
11229,10,177,2023-07-02,2023-08-08,IN_TRANSIT
11230,3,324,2024-12-20,2025-01-28,DELIVERED
11231,5,272,2024-05-25,2024-06-07,DELIVERED
11232,13,127,2023-05-28,2023-06-13,DELIVERED
11233,18,21,2023-11-23,2023-12-09,DELIVERED
11234,15,272,2026-03-15,2026-04-05,DELIVERED
11235,3,351,2025-05-30,2025-06-30,DELAYED
11236,20,64,2023-03-24,2023-04-04,IN_TRANSIT
11237,13,329,2024-08-27,2024-09-26,IN_TRANSIT
11238,6,51,2024-02-24,2024-04-03,DELIVERED
11239,9,1,2026-06-01,2026-06-29,DELIVERED
11240,17,318,2026-07-29,2026-09-02,IN_TRANSIT
11241,12,191,2024-10-11,2024-10-17,DELIVERED
11242,16,281,2024-08-07,2024-09-02,DELIVERED
11243,11,22,2025-08-23,2025-10-01,DELIVERED
11244,5,475,2026-07-23,2026-08-26,DELIVERED
11245,19,291,2023-06-02,2023-07-02,DELIVERED
11246,16,223,2025-01-26,2025-02-09,DELIVERED
11247,14,306,2023-08-25,2023-09-02,DELIVERED
11248,19,355,2023-12-06,2023-12-18,DELAYED
11249,13,26,2024-09-13,2024-09-30,IN_TRANSIT
11250,20,49,2024-03-15,2024-04-05,DELIVERED
11251,12,162,2025-06-14,2025-07-16,DELIVERED
11252,14,269,2026-09-09,2026-10-13,DELIVERED
11253,8,47,2023-03-11,2023-04-16,DELIVERED
11254,9,356,2025-06-28,2025-08-02,DELIVERED
11255,14,264,2023-12-20,2024-01-14,DELIVERED
11256,4,144,2024-09-29,2024-10-27,DELIVERED
11257,15,414,2025-01-26,2025-02-23,DELIVERED
11258,20,278,2023-09-16,2023-10-08,DELIVERED
11259,20,293,2025-01-31,2025-03-03,DELIVERED
11260,14,115,2024-02-14,2024-03-16,DELIVERED
11261,9,40,2025-06-19,2025-06-28,DELIVERED
11262,19,439,2025-08-06,2025-08-15,DELIVERED
11263,9,290,2024-04-26,2024-05-30,DELIVERED
11264,12,185,2026-07-26,2026-08-11,IN_TRANSIT
11265,14,136,2025-12-24,2026-01-10,DELAYED
11266,9,319,2023-11-29,2024-01-03,DELIVERED
11267,10,24,2025-06-25,2025-07-25,DELIVERED
11268,3,316,2023-09-25,2023-10-12,DELIVERED
11269,7,115,2025-10-12,2025-10-25,DELIVERED
11270,19,232,2026-03-22,2026-04-18,DELIVERED
11271,4,481,2026-09-06,2026-09-30,DELIVERED
11272,8,201,2026-09-15,2026-10-01,DELIVERED
11273,9,447,2026-01-23,2026-02-01,IN_TRANSIT
11274,10,39,2024-10-02,2024-10-15,DELIVERED
11275,8,483,2025-03-17,2025-04-25,DELIVERED
11276,7,398,2023-11-19,2023-12-24,DELIVERED
11277,3,272,2024-12-15,2025-01-14,DELIVERED
11278,15,327,2024-11-08,2024-11-28,DELIVERED
11279,20,384,2023-12-04,2024-01-07,DELIVERED
11280,1,360,2025-05-20,2025-06-15,DELIVERED
11281,20,477,2024-10-29,2024-11-12,DELIVERED
11282,11,358,2025-02-14,2025-03-04,IN_TRANSIT
11283,17,342,2026-02-20,2026-03-15,DELIVERED
11284,2,454,2026-08-13,2026-09-21,DELAYED
11285,19,278,2025-07-01,2025-07-06,IN_TRANSIT
11286,3,66,2025-10-15,2025-11-07,DELAYED
11287,8,44,2025-06-25,2025-07-18,IN_TRANSIT
11288,5,419,2025-04-23,2025-05-04,DELAYED
11289,7,449,2024-05-10,2024-06-15,DELIVERED
11290,13,30,2024-11-22,2024-12-16,DELIVERED
11291,15,27,2024-12-19,2024-12-27,DELIVERED
11292,16,16,2024-02-07,2024-03-02,DELAYED
11293,10,174,2023-12-26,2024-01-27,DELIVERED
11294,3,305,2025-08-01,2025-09-05,IN_TRANSIT
11295,9,466,2026-04-20,2026-05-22,DELIVERED
11296,5,456,2023-11-11,2023-11-26,DELIVERED
11297,9,117,2024-12-21,2024-12-28,IN_TRANSIT
11298,16,217,2024-05-10,2024-06-12,DELAYED
11299,6,173,2026-06-22,2026-07-09,DELIVERED
11300,11,494,2023-01-09,2023-01-16,DELIVERED
11301,7,17,2025-04-21,2025-05-09,DELIVERED
11302,15,242,2024-08-13,2024-09-21,DELIVERED
11303,7,90,2024-03-17,2024-04-21,DELIVERED
11304,15,104,2024-08-08,2024-08-25,DELIVERED
11305,10,92,2024-08-11,2024-08-29,DELIVERED
11306,15,472,2026-09-22,2026-10-11,DELIVERED
11307,19,413,2025-12-25,2025-12-30,DELIVERED
11308,12,473,2026-09-03,2026-10-05,DELIVERED
11309,19,415,2024-05-31,2024-06-23,DELIVERED
11310,18,364,2025-11-29,2025-12-24,DELIVERED
11311,5,319,2024-01-17,2024-02-25,DELIVERED
11312,3,125,2026-05-04,2026-05-17,DELIVERED
11313,18,375,2024-12-22,2025-01-18,DELIVERED
11314,8,13,2025-10-24,2025-11-20,DELIVERED
11315,8,417,2023-02-15,2023-02-28,DELIVERED
11316,15,417,2023-11-14,2023-12-06,DELIVERED
11317,11,60,2023-02-13,2023-03-02,DELIVERED
11318,11,220,2025-05-05,2025-05-13,DELIVERED
11319,6,77,2024-05-22,2024-06-10,DELAYED
11320,20,397,2024-10-18,2024-11-04,DELAYED
11321,11,52,2025-12-09,2026-01-08,DELIVERED
11322,7,37,2026-08-11,2026-09-16,DELIVERED
11323,6,195,2026-01-28,2026-02-05,DELIVERED
11324,17,148,2024-11-27,2024-12-27,IN_TRANSIT
11325,12,93,2024-05-07,2024-06-08,DELIVERED
11326,13,14,2025-06-28,2025-08-06,DELIVERED
11327,10,265,2023-06-13,2023-07-17,DELIVERED
11328,18,397,2023-08-13,2023-09-05,DELIVERED
11329,8,278,2023-03-05,2023-04-05,DELIVERED
11330,16,117,2026-03-20,2026-04-04,DELIVERED
11331,16,255,2024-06-24,2024-07-09,DELIVERED
11332,6,342,2026-03-16,2026-04-20,DELIVERED
11333,20,16,2024-11-01,2024-11-22,DELIVERED
11334,18,264,2026-02-17,2026-03-21,DELIVERED
11335,19,220,2023-02-24,2023-03-16,DELIVERED
11336,18,252,2023-06-05,2023-06-12,DELIVERED
11337,1,200,2025-12-03,2026-01-06,DELIVERED
11338,17,261,2023-12-12,2024-01-11,DELIVERED
11339,12,19,2024-03-11,2024-04-07,DELIVERED
11340,7,203,2025-06-26,2025-07-17,DELIVERED
11341,10,269,2026-08-07,2026-09-15,DELIVERED
11342,8,409,2023-11-18,2023-12-04,DELIVERED
11343,15,225,2026-07-24,2026-08-05,DELIVERED
11344,14,142,2024-06-06,2024-06-14,DELAYED
11345,9,322,2024-01-05,2024-01-25,DELIVERED
11346,18,345,2024-09-07,2024-09-28,DELIVERED
11347,11,32,2024-01-08,2024-01-21,DELIVERED
11348,19,233,2023-07-10,2023-08-13,DELIVERED
11349,5,242,2023-04-11,2023-04-23,DELIVERED
11350,8,283,2024-10-28,2024-11-25,DELIVERED
11351,13,10,2025-11-03,2025-11-12,DELIVERED
11352,10,81,2025-03-21,2025-04-24,DELIVERED
11353,20,375,2025-01-01,2025-01-24,DELIVERED
11354,5,358,2025-11-20,2025-11-30,DELIVERED
11355,8,361,2023-12-31,2024-01-16,DELIVERED
11356,2,310,2026-05-06,2026-06-07,DELIVERED
11357,2,367,2024-06-12,2024-07-04,DELIVERED
11358,4,201,2026-09-15,2026-10-11,DELIVERED
11359,4,20,2024-02-09,2024-03-10,DELIVERED
11360,7,349,2023-03-05,2023-04-02,DELAYED
11361,9,281,2025-11-14,2025-12-12,DELIVERED
11362,11,269,2025-03-29,2025-04-08,DELIVERED
11363,8,439,2024-07-29,2024-08-14,DELIVERED
11364,2,23,2023-01-20,2023-01-31,DELIVERED
11365,3,51,2025-06-24,2025-07-29,DELIVERED
11366,5,155,2024-03-04,2024-03-18,DELIVERED
11367,19,316,2025-06-19,2025-07-07,DELIVERED
11368,7,237,2026-08-01,2026-08-13,DELIVERED
11369,2,104,2023-12-24,2024-01-12,DELIVERED
11370,13,84,2024-03-27,2024-04-04,IN_TRANSIT
11371,8,141,2025-12-11,2025-12-22,DELIVERED
11372,3,391,2023-04-02,2023-04-17,DELIVERED
11373,1,146,2026-01-20,2026-01-30,DELIVERED
11374,15,48,2026-08-15,2026-08-25,DELIVERED
11375,8,305,2023-03-07,2023-04-14,IN_TRANSIT
11376,4,151,2026-02-05,2026-02-18,DELIVERED
11377,14,134,2026-09-03,2026-09-14,DELIVERED
11378,7,427,2026-09-12,2026-09-27,DELIVERED
11379,15,425,2025-08-02,2025-08-09,DELIVERED
11380,10,317,2026-08-18,2026-09-23,DELIVERED
11381,8,43,2023-07-25,2023-07-31,DELIVERED
11382,1,230,2024-07-12,2024-07-21,DELIVERED
11383,19,343,2026-06-08,2026-07-01,DELIVERED
11384,5,33,2026-02-18,2026-03-04,DELIVERED
11385,1,25,2026-08-24,2026-09-24,DELIVERED
11386,2,254,2026-03-27,2026-04-07,DELIVERED
11387,16,397,2024-06-23,2024-07-23,DELAYED
11388,14,338,2024-12-15,2025-01-06,IN_TRANSIT
11389,17,308,2025-04-13,2025-05-22,DELIVERED
11390,20,107,2023-10-20,2023-10-26,DELIVERED
11391,4,466,2025-11-11,2025-12-13,DELIVERED
11392,12,413,2025-02-09,2025-03-20,DELIVERED
11393,2,163,2026-01-24,2026-02-11,DELIVERED
11394,7,464,2024-01-31,2024-02-06,DELIVERED
11395,8,303,2025-07-29,2025-08-30,DELAYED
11396,3,119,2025-12-05,2025-12-11,DELAYED
11397,9,343,2026-06-23,2026-07-11,DELIVERED
11398,11,52,2025-10-22,2025-11-20,DELIVERED
11399,18,172,2024-08-28,2024-09-19,DELAYED
11400,11,251,2024-05-29,2024-06-10,DELIVERED
11401,15,396,2023-11-16,2023-12-02,DELIVERED
11402,16,21,2024-01-12,2024-01-22,DELIVERED
11403,19,346,2026-03-27,2026-04-23,DELIVERED
11404,5,151,2023-01-28,2023-02-11,DELAYED
11405,16,194,2025-09-29,2025-10-31,IN_TRANSIT
11406,18,76,2025-03-04,2025-03-18,DELIVERED
11407,18,208,2025-03-15,2025-03-23,DELIVERED
11408,17,254,2024-02-11,2024-03-03,DELIVERED
11409,13,464,2023-02-25,2023-03-16,DELIVERED
11410,3,62,2025-05-27,2025-06-26,DELIVERED
11411,9,58,2025-02-27,2025-03-23,DELIVERED
11412,10,403,2026-05-12,2026-06-17,DELIVERED
11413,17,85,2023-11-05,2023-11-27,DELIVERED
11414,19,146,2025-04-05,2025-04-23,DELIVERED
11415,20,479,2023-04-21,2023-05-05,IN_TRANSIT
11416,11,326,2024-12-16,2025-01-01,DELIVERED
11417,13,9,2026-08-16,2026-08-28,DELIVERED
11418,15,123,2026-04-29,2026-06-03,DELIVERED
11419,9,468,2024-05-14,2024-05-30,IN_TRANSIT
11420,16,432,2024-03-13,2024-03-28,DELIVERED
11421,19,435,2023-12-19,2024-01-18,DELIVERED
11422,9,377,2023-07-04,2023-07-16,DELIVERED
11423,20,76,2025-01-07,2025-01-23,IN_TRANSIT
11424,10,217,2023-10-12,2023-11-05,IN_TRANSIT
11425,20,312,2025-05-19,2025-06-14,DELIVERED
11426,18,175,2025-10-18,2025-11-19,DELIVERED
11427,18,351,2024-11-10,2024-11-28,DELIVERED
11428,10,98,2026-01-04,2026-01-24,DELIVERED
11429,3,130,2024-04-27,2024-05-30,DELIVERED
11430,10,221,2023-12-31,2024-01-15,DELIVERED
11431,10,13,2024-05-26,2024-06-07,DELIVERED
11432,18,357,2023-11-20,2023-12-09,DELIVERED
11433,3,99,2026-09-13,2026-10-01,DELIVERED
11434,15,79,2024-02-15,2024-02-28,IN_TRANSIT
11435,6,407,2024-06-02,2024-06-15,DELIVERED
11436,10,225,2023-12-19,2024-01-01,IN_TRANSIT
11437,19,405,2023-12-08,2023-12-21,IN_TRANSIT
11438,1,39,2025-10-22,2025-11-29,DELAYED
11439,2,273,2026-07-30,2026-08-30,IN_TRANSIT
11440,14,139,2025-11-28,2026-01-06,DELIVERED
11441,17,9,2025-09-10,2025-10-08,DELIVERED
11442,7,348,2025-11-28,2025-12-09,IN_TRANSIT
11443,19,190,2024-10-21,2024-11-28,DELIVERED
11444,10,74,2025-09-15,2025-09-30,DELAYED
11445,18,42,2024-11-05,2024-12-05,DELAYED
11446,6,252,2024-02-06,2024-03-13,DELIVERED
11447,11,320,2024-04-25,2024-05-23,DELIVERED
11448,8,496,2024-08-28,2024-09-26,DELIVERED
11449,5,225,2024-09-28,2024-10-25,DELAYED
11450,16,49,2025-08-14,2025-09-15,DELIVERED
11451,16,69,2023-08-17,2023-09-23,DELIVERED
11452,14,165,2025-08-07,2025-09-06,DELIVERED
11453,20,33,2024-03-14,2024-04-16,DELAYED
11454,4,406,2026-05-12,2026-05-27,DELIVERED
11455,11,125,2025-01-30,2025-02-18,DELIVERED
11456,12,233,2025-10-06,2025-11-02,DELIVERED
11457,11,115,2023-01-12,2023-02-05,DELIVERED
11458,20,484,2026-03-17,2026-04-07,DELIVERED
11459,17,79,2026-07-16,2026-08-23,DELIVERED
11460,10,107,2023-06-11,2023-07-06,DELIVERED
11461,10,327,2026-08-26,2026-09-24,IN_TRANSIT
11462,1,467,2025-01-08,2025-02-15,DELIVERED
11463,5,209,2024-01-03,2024-02-01,DELAYED
11464,1,365,2026-09-15,2026-10-16,DELIVERED
11465,2,440,2024-02-18,2024-03-03,DELIVERED
11466,4,73,2024-06-14,2024-06-25,DELIVERED
11467,15,19,2025-09-12,2025-09-27,DELAYED
11468,6,300,2025-07-18,2025-08-26,DELIVERED
11469,17,193,2026-03-05,2026-03-13,DELAYED
11470,20,285,2024-07-28,2024-08-11,IN_TRANSIT
11471,12,481,2026-05-02,2026-06-04,IN_TRANSIT
11472,5,358,2024-05-27,2024-07-04,DELIVERED
11473,16,33,2024-09-17,2024-10-06,DELIVERED
11474,1,40,2023-12-18,2024-01-11,DELIVERED
11475,10,283,2023-09-04,2023-09-22,DELIVERED
11476,3,435,2026-04-22,2026-05-02,IN_TRANSIT
11477,11,157,2025-09-17,2025-10-05,DELIVERED
11478,9,360,2023-05-30,2023-06-27,DELIVERED
11479,4,262,2025-07-15,2025-08-08,DELIVERED
11480,6,369,2024-01-14,2024-01-29,DELIVERED
11481,1,242,2025-12-29,2026-01-31,DELIVERED
11482,3,254,2025-09-25,2025-10-05,DELIVERED
11483,15,461,2026-01-12,2026-02-07,DELIVERED
11484,9,351,2023-07-08,2023-08-09,DELIVERED
11485,7,213,2026-02-27,2026-03-26,DELIVERED
11486,3,170,2026-05-08,2026-06-04,DELIVERED
11487,18,204,2023-10-24,2023-11-11,IN_TRANSIT
11488,16,298,2024-09-25,2024-10-20,DELIVERED
11489,7,45,2026-08-17,2026-09-23,DELIVERED
11490,1,216,2023-07-08,2023-07-30,DELIVERED
11491,18,299,2023-10-16,2023-11-23,DELIVERED
11492,4,25,2026-07-31,2026-08-28,DELIVERED
11493,4,436,2025-02-06,2025-02-17,DELIVERED
11494,18,116,2024-04-22,2024-05-28,DELIVERED
11495,19,353,2026-01-16,2026-02-18,DELIVERED
11496,10,403,2024-06-13,2024-06-26,DELIVERED
11497,12,320,2025-01-22,2025-02-19,DELIVERED
11498,16,390,2025-12-28,2026-01-14,DELIVERED
11499,13,146,2023-01-26,2023-02-16,DELIVERED
11500,6,247,2025-08-30,2025-10-06,DELIVERED
11501,8,40,2024-04-27,2024-05-18,DELIVERED
11502,16,233,2024-03-29,2024-04-26,DELIVERED
11503,13,458,2023-12-05,2023-12-18,DELIVERED
11504,17,436,2023-07-16,2023-08-07,DELIVERED
11505,6,179,2024-06-11,2024-07-11,DELIVERED
11506,1,450,2025-07-25,2025-08-02,DELIVERED
11507,17,63,2025-09-12,2025-10-07,IN_TRANSIT
11508,7,402,2026-09-30,2026-10-23,DELIVERED
11509,20,471,2026-05-07,2026-06-10,DELAYED
11510,8,96,2026-05-05,2026-06-08,DELIVERED
11511,12,377,2023-02-22,2023-03-20,DELIVERED
11512,7,298,2023-11-20,2023-12-08,DELIVERED
11513,4,29,2024-11-30,2024-12-16,DELIVERED
11514,7,220,2023-06-09,2023-07-03,DELIVERED
11515,3,123,2023-02-22,2023-03-27,DELIVERED
11516,9,129,2024-11-04,2024-11-27,DELAYED
11517,13,266,2026-06-01,2026-06-12,DELIVERED
11518,2,375,2026-03-31,2026-05-09,DELIVERED
11519,8,332,2025-12-04,2026-01-08,IN_TRANSIT
11520,1,432,2025-09-19,2025-10-19,DELIVERED
11521,15,498,2023-02-10,2023-02-26,DELIVERED
11522,19,383,2026-04-30,2026-05-29,DELIVERED
11523,5,255,2026-09-01,2026-09-11,DELAYED
11524,18,168,2025-12-06,2025-12-14,IN_TRANSIT
11525,18,256,2025-12-27,2026-01-15,DELIVERED
11526,18,214,2026-02-04,2026-02-20,DELIVERED
11527,2,209,2024-01-17,2024-02-19,DELAYED
11528,6,259,2025-06-07,2025-07-04,DELIVERED
11529,14,18,2023-01-20,2023-02-14,DELIVERED
11530,3,406,2024-03-06,2024-03-12,DELIVERED
11531,18,289,2023-09-16,2023-10-20,DELIVERED
11532,13,45,2025-05-21,2025-06-22,DELIVERED
11533,8,125,2025-02-10,2025-02-15,DELIVERED
11534,10,462,2024-11-01,2024-11-24,DELAYED
11535,19,495,2026-09-12,2026-10-21,DELIVERED
11536,14,34,2023-10-22,2023-11-07,DELAYED
11537,16,251,2023-02-04,2023-02-14,DELIVERED
11538,9,232,2023-11-05,2023-11-25,DELIVERED
11539,12,118,2025-06-13,2025-06-23,DELIVERED
11540,12,127,2024-05-15,2024-06-09,DELIVERED
11541,19,467,2024-01-29,2024-03-08,DELIVERED
11542,1,465,2023-07-07,2023-07-30,DELIVERED
11543,1,123,2023-05-14,2023-05-22,DELIVERED
11544,8,297,2025-07-10,2025-07-18,DELIVERED
11545,11,405,2025-04-01,2025-04-22,DELIVERED
11546,16,437,2026-04-22,2026-05-26,DELIVERED
11547,5,477,2026-02-17,2026-03-02,DELIVERED
11548,20,339,2025-11-09,2025-12-18,DELIVERED
11549,4,24,2023-12-22,2024-01-30,DELIVERED
11550,14,28,2026-08-17,2026-09-05,IN_TRANSIT
11551,18,117,2026-03-14,2026-04-10,DELIVERED
11552,14,249,2024-08-25,2024-09-01,DELIVERED
11553,10,250,2023-05-29,2023-06-21,DELIVERED
11554,18,77,2024-11-21,2024-12-24,DELIVERED
11555,1,5,2023-02-09,2023-03-03,DELIVERED
11556,11,396,2023-02-11,2023-02-28,DELIVERED
11557,20,35,2026-02-17,2026-02-22,DELIVERED
11558,13,1,2024-06-25,2024-07-14,DELIVERED
11559,17,81,2023-03-05,2023-04-12,DELAYED
11560,14,372,2025-07-03,2025-07-31,DELIVERED
11561,8,436,2023-01-15,2023-02-19,DELIVERED
11562,11,243,2026-08-12,2026-09-09,IN_TRANSIT
11563,4,228,2023-09-22,2023-10-13,DELIVERED
11564,10,314,2023-12-23,2023-12-30,DELIVERED
11565,1,217,2025-12-04,2025-12-29,DELIVERED
11566,15,314,2023-01-01,2023-01-30,DELIVERED
11567,10,226,2025-11-12,2025-12-21,DELIVERED
11568,17,487,2023-02-25,2023-03-11,DELIVERED
11569,10,348,2024-06-07,2024-06-28,DELIVERED
11570,9,132,2026-05-26,2026-06-05,DELAYED
11571,11,70,2025-01-20,2025-02-22,DELIVERED
11572,5,440,2024-05-26,2024-06-24,DELIVERED
11573,4,149,2025-01-12,2025-02-03,DELIVERED
11574,12,299,2023-05-27,2023-06-17,DELIVERED
11575,13,28,2026-01-04,2026-01-29,IN_TRANSIT
11576,8,259,2023-10-05,2023-10-26,DELIVERED
11577,19,303,2024-06-15,2024-07-17,DELIVERED
11578,7,324,2026-04-09,2026-04-15,DELAYED
11579,5,283,2025-06-02,2025-06-12,DELIVERED
11580,17,29,2023-06-21,2023-07-15,DELIVERED
11581,8,160,2023-01-24,2023-02-12,DELIVERED
11582,20,275,2026-07-10,2026-07-18,DELIVERED
11583,20,187,2025-07-24,2025-08-06,DELIVERED
11584,4,215,2026-08-25,2026-09-06,DELIVERED
11585,20,199,2025-11-08,2025-11-21,IN_TRANSIT
11586,1,213,2024-02-02,2024-02-29,DELAYED
11587,10,273,2024-01-11,2024-01-23,DELIVERED
11588,18,48,2026-06-01,2026-07-10,DELIVERED
11589,18,317,2025-12-09,2025-12-25,DELIVERED
11590,3,164,2023-02-04,2023-02-11,IN_TRANSIT
11591,15,344,2023-12-17,2023-12-24,DELAYED
11592,14,143,2024-07-02,2024-07-17,DELIVERED
11593,8,117,2025-03-02,2025-03-19,DELIVERED
11594,20,212,2026-06-23,2026-07-23,DELIVERED
11595,15,278,2023-07-27,2023-08-15,DELIVERED
11596,1,266,2026-02-20,2026-03-17,DELIVERED
11597,16,394,2025-06-01,2025-06-17,DELIVERED
11598,12,246,2026-05-16,2026-06-04,DELIVERED
11599,18,236,2026-06-26,2026-07-17,DELIVERED
11600,13,401,2023-10-16,2023-10-30,DELIVERED
11601,11,186,2026-09-09,2026-10-16,DELIVERED
11602,5,355,2025-11-08,2025-12-08,DELIVERED
11603,4,333,2026-08-21,2026-09-07,DELIVERED
11604,2,40,2026-04-03,2026-04-26,IN_TRANSIT
11605,5,483,2024-07-30,2024-09-05,DELAYED
11606,15,170,2024-03-01,2024-03-26,DELIVERED
11607,16,406,2025-09-22,2025-10-30,DELIVERED
11608,19,220,2026-07-30,2026-08-27,DELIVERED
11609,8,45,2025-09-13,2025-09-25,DELIVERED
11610,5,124,2025-07-06,2025-07-11,DELIVERED
11611,3,425,2026-02-28,2026-04-01,DELIVERED
11612,18,353,2024-02-05,2024-03-09,DELIVERED
11613,17,261,2025-11-16,2025-12-25,DELAYED
11614,15,344,2024-02-19,2024-03-04,DELIVERED
11615,10,217,2026-05-05,2026-05-13,DELIVERED
11616,4,422,2023-06-18,2023-07-21,DELIVERED
11617,18,475,2025-08-01,2025-08-16,IN_TRANSIT
11618,14,140,2024-08-15,2024-08-21,IN_TRANSIT
11619,12,161,2023-02-09,2023-02-23,IN_TRANSIT
11620,2,436,2023-08-23,2023-09-05,DELIVERED
11621,9,31,2024-01-02,2024-02-04,DELIVERED
11622,10,110,2025-05-08,2025-06-03,DELIVERED
11623,14,27,2025-10-01,2025-10-13,DELIVERED
11624,10,236,2024-12-06,2025-01-05,DELAYED
11625,19,102,2024-11-14,2024-12-20,DELIVERED
11626,3,229,2024-04-25,2024-05-19,DELIVERED
11627,19,12,2024-01-19,2024-02-06,DELIVERED
11628,17,455,2026-03-24,2026-04-19,IN_TRANSIT
11629,13,95,2026-09-13,2026-09-27,DELIVERED
11630,9,397,2024-02-07,2024-02-29,DELIVERED
11631,20,82,2026-09-09,2026-10-07,DELIVERED
11632,13,137,2024-05-04,2024-05-22,DELIVERED
11633,4,91,2026-08-31,2026-10-09,DELAYED
11634,4,329,2024-07-15,2024-07-22,DELIVERED
11635,8,399,2024-12-25,2025-01-02,DELIVERED
11636,6,147,2026-07-16,2026-08-12,DELIVERED
11637,3,124,2025-05-18,2025-06-17,IN_TRANSIT
11638,14,283,2026-05-12,2026-05-21,DELIVERED
11639,1,396,2024-03-14,2024-03-31,DELIVERED
11640,10,181,2024-05-03,2024-06-09,DELIVERED
11641,4,112,2026-04-17,2026-05-19,DELIVERED
11642,20,369,2025-07-13,2025-07-25,DELAYED
11643,14,62,2024-08-17,2024-08-24,DELIVERED
11644,1,206,2025-07-05,2025-07-30,DELIVERED
11645,6,37,2025-06-22,2025-07-02,DELAYED
11646,18,67,2026-05-13,2026-06-06,DELIVERED
11647,6,481,2025-03-31,2025-04-08,IN_TRANSIT
11648,8,415,2026-08-25,2026-09-07,DELAYED
11649,1,19,2024-12-15,2025-01-12,DELIVERED
11650,14,146,2024-02-19,2024-03-03,IN_TRANSIT
11651,6,26,2025-05-17,2025-05-27,DELIVERED
11652,11,489,2024-12-08,2024-12-15,DELIVERED
11653,10,84,2024-02-26,2024-03-05,DELAYED
11654,17,446,2024-03-02,2024-03-30,DELIVERED
11655,12,61,2023-08-04,2023-09-09,DELIVERED
11656,3,259,2026-02-22,2026-03-29,IN_TRANSIT
11657,5,194,2023-06-19,2023-07-07,DELIVERED
11658,15,56,2023-01-08,2023-02-09,DELIVERED
11659,4,171,2024-05-15,2024-06-07,DELAYED
11660,2,29,2025-01-25,2025-02-19,DELIVERED
11661,15,258,2024-03-07,2024-03-27,DELIVERED
11662,5,267,2024-01-18,2024-02-06,DELIVERED
11663,14,97,2023-08-04,2023-09-12,DELIVERED
11664,7,139,2026-06-01,2026-06-25,DELIVERED
11665,8,289,2026-07-10,2026-07-20,DELIVERED
11666,20,221,2024-09-22,2024-10-11,DELIVERED
11667,7,423,2023-02-07,2023-02-13,DELIVERED
11668,10,190,2025-03-01,2025-03-26,DELIVERED
11669,7,225,2024-08-03,2024-09-05,DELIVERED
11670,16,475,2024-01-13,2024-01-28,DELIVERED
11671,5,460,2023-09-06,2023-10-08,DELIVERED
11672,17,129,2024-04-21,2024-04-29,DELIVERED
11673,2,303,2025-06-07,2025-07-08,DELIVERED
11674,4,400,2023-08-31,2023-10-02,IN_TRANSIT
11675,19,157,2026-09-02,2026-10-02,DELIVERED
11676,12,399,2026-05-30,2026-06-13,DELAYED
11677,2,363,2025-09-01,2025-09-13,DELIVERED
11678,1,260,2026-03-23,2026-05-01,DELIVERED
11679,7,210,2026-05-13,2026-06-21,DELIVERED
11680,17,243,2023-07-12,2023-07-30,DELIVERED
11681,4,26,2025-04-04,2025-04-20,DELIVERED
11682,17,74,2024-04-22,2024-05-17,DELIVERED
11683,5,200,2023-11-17,2023-11-25,IN_TRANSIT
11684,18,53,2026-06-25,2026-07-13,DELIVERED
11685,15,132,2025-03-12,2025-04-01,DELIVERED
11686,15,234,2024-11-07,2024-11-15,DELIVERED
11687,7,196,2023-10-14,2023-10-21,DELIVERED
11688,5,246,2025-07-02,2025-07-17,DELIVERED
11689,19,388,2025-04-01,2025-05-02,DELIVERED
11690,11,373,2023-04-05,2023-05-14,DELIVERED
11691,17,54,2025-09-27,2025-10-15,DELIVERED
11692,6,68,2025-09-03,2025-09-23,IN_TRANSIT
11693,18,372,2026-02-11,2026-03-14,DELIVERED
11694,15,95,2023-12-19,2023-12-29,DELIVERED
11695,10,216,2024-06-05,2024-07-03,DELIVERED
11696,7,218,2026-06-07,2026-07-08,DELIVERED
11697,16,449,2026-04-08,2026-04-24,DELIVERED
11698,14,246,2026-01-28,2026-02-19,DELIVERED
11699,11,196,2024-10-29,2024-11-04,DELIVERED
11700,11,466,2024-09-26,2024-10-07,DELAYED
11701,19,400,2024-09-15,2024-10-20,IN_TRANSIT
11702,11,423,2025-02-16,2025-03-11,DELIVERED
11703,5,132,2024-01-02,2024-01-31,IN_TRANSIT
11704,19,138,2023-07-12,2023-08-19,DELIVERED
11705,6,468,2026-03-14,2026-04-17,DELIVERED
11706,6,150,2025-10-22,2025-11-11,DELAYED
11707,5,142,2023-06-30,2023-08-05,DELIVERED
11708,19,425,2024-05-17,2024-06-16,DELIVERED
11709,2,437,2023-06-10,2023-06-29,DELIVERED
11710,9,340,2024-01-25,2024-02-22,DELAYED
11711,7,142,2023-09-19,2023-10-03,IN_TRANSIT
11712,17,182,2025-10-03,2025-10-09,DELIVERED
11713,19,209,2023-11-12,2023-12-06,DELIVERED
11714,19,36,2023-08-20,2023-08-26,IN_TRANSIT
11715,6,338,2025-07-25,2025-08-18,DELIVERED
11716,19,67,2026-02-06,2026-03-04,IN_TRANSIT
11717,14,81,2026-08-20,2026-09-01,IN_TRANSIT
11718,7,254,2025-03-03,2025-03-13,DELIVERED
11719,13,43,2024-05-30,2024-06-16,DELIVERED
11720,14,355,2026-02-24,2026-03-28,DELIVERED
11721,18,24,2023-03-30,2023-05-01,IN_TRANSIT
11722,1,375,2026-06-11,2026-07-17,DELAYED
11723,14,325,2023-12-26,2024-01-06,DELIVERED
11724,16,127,2025-09-25,2025-10-06,DELIVERED
11725,8,179,2025-10-07,2025-10-24,DELAYED
11726,10,425,2024-10-21,2024-11-15,DELIVERED
11727,15,359,2024-09-22,2024-10-17,IN_TRANSIT
11728,18,93,2026-01-04,2026-01-21,IN_TRANSIT
11729,20,399,2026-06-25,2026-07-06,DELIVERED
11730,6,157,2024-05-15,2024-06-14,DELIVERED
11731,20,89,2024-08-04,2024-09-07,DELIVERED
11732,19,44,2025-06-25,2025-07-17,DELIVERED
11733,11,279,2026-04-23,2026-05-02,DELIVERED
11734,10,187,2026-09-13,2026-09-27,IN_TRANSIT
11735,11,314,2023-06-26,2023-07-14,IN_TRANSIT
11736,13,32,2023-12-13,2024-01-18,DELIVERED
11737,16,318,2023-07-27,2023-08-22,DELIVERED
11738,18,271,2024-08-04,2024-09-04,DELIVERED
11739,7,458,2025-11-04,2025-11-16,DELIVERED
11740,17,472,2023-06-01,2023-06-21,DELIVERED
11741,1,313,2023-12-21,2023-12-27,DELIVERED
11742,11,376,2025-03-11,2025-04-12,DELIVERED
11743,10,458,2025-06-16,2025-07-21,DELAYED
11744,13,228,2025-01-16,2025-02-22,DELIVERED
11745,7,222,2025-08-12,2025-09-12,DELIVERED
11746,10,490,2024-02-06,2024-02-27,IN_TRANSIT
11747,6,472,2023-03-18,2023-04-06,DELIVERED
11748,5,322,2026-08-13,2026-09-17,DELIVERED
11749,6,429,2024-07-07,2024-07-26,DELIVERED
11750,13,337,2023-12-01,2023-12-19,DELIVERED
11751,17,83,2025-06-26,2025-07-11,DELIVERED
11752,18,363,2026-09-28,2026-10-11,DELIVERED
11753,4,457,2024-08-15,2024-09-05,DELAYED
11754,3,354,2023-04-24,2023-04-29,DELIVERED
11755,3,89,2024-11-12,2024-11-24,IN_TRANSIT
11756,11,29,2024-02-17,2024-03-20,DELIVERED
11757,17,113,2023-08-15,2023-09-23,DELIVERED
11758,13,28,2026-06-23,2026-07-22,DELIVERED
11759,4,284,2023-12-07,2023-12-27,DELIVERED
11760,1,34,2025-05-30,2025-06-27,IN_TRANSIT
11761,15,490,2025-08-22,2025-08-31,DELIVERED
11762,18,481,2023-01-08,2023-01-21,DELIVERED
11763,15,177,2023-03-20,2023-04-06,DELIVERED
11764,7,427,2023-08-17,2023-08-31,DELIVERED
11765,1,246,2024-07-02,2024-07-16,DELIVERED
11766,14,184,2023-11-14,2023-11-28,DELIVERED
11767,2,473,2023-04-07,2023-04-30,DELIVERED
11768,12,146,2023-10-01,2023-10-26,DELIVERED
11769,4,198,2024-06-16,2024-06-27,IN_TRANSIT
11770,4,464,2025-05-31,2025-06-17,DELIVERED
11771,12,38,2024-03-22,2024-03-29,DELAYED
11772,4,35,2023-10-18,2023-11-13,DELIVERED
11773,17,448,2024-11-21,2024-12-18,DELIVERED
11774,9,433,2024-10-28,2024-11-15,DELIVERED
11775,1,214,2026-01-01,2026-02-09,DELIVERED
11776,13,166,2024-08-01,2024-08-18,DELAYED
11777,1,29,2023-02-09,2023-02-15,IN_TRANSIT
11778,7,337,2025-05-16,2025-05-31,DELIVERED
11779,10,44,2024-02-18,2024-03-14,DELIVERED
11780,9,459,2023-03-21,2023-04-27,IN_TRANSIT
11781,8,83,2024-09-30,2024-11-08,DELIVERED
11782,8,236,2024-07-22,2024-08-25,DELIVERED
11783,4,355,2026-09-13,2026-10-03,DELIVERED
11784,17,295,2026-08-20,2026-09-12,DELIVERED
11785,9,163,2023-08-09,2023-08-24,DELIVERED
11786,18,204,2026-06-17,2026-07-22,DELIVERED
11787,6,287,2023-08-30,2023-09-06,DELIVERED
11788,10,438,2025-11-01,2025-11-06,DELIVERED
11789,16,3,2025-08-15,2025-08-23,DELAYED
11790,9,87,2026-01-04,2026-01-30,DELIVERED
11791,4,495,2023-07-22,2023-08-21,DELIVERED
11792,5,97,2025-04-30,2025-05-19,DELIVERED
11793,2,33,2026-08-21,2026-09-03,DELIVERED
11794,3,237,2023-12-12,2023-12-31,DELAYED
11795,17,185,2026-06-09,2026-07-07,DELIVERED
11796,9,150,2024-01-11,2024-02-09,IN_TRANSIT
11797,7,18,2024-02-10,2024-03-08,DELIVERED
11798,13,299,2024-06-22,2024-07-16,DELAYED
11799,12,94,2026-08-07,2026-08-19,DELIVERED
11800,12,203,2026-08-23,2026-09-21,DELIVERED
11801,15,436,2025-08-20,2025-09-11,DELIVERED
11802,15,164,2023-04-08,2023-05-05,DELIVERED
11803,13,301,2024-04-13,2024-05-18,DELIVERED
11804,11,293,2024-07-05,2024-08-05,DELIVERED
11805,3,323,2025-04-17,2025-05-01,DELIVERED
11806,4,59,2025-02-15,2025-03-21,DELIVERED
11807,20,428,2024-07-21,2024-08-11,DELIVERED
11808,1,188,2025-06-15,2025-07-15,DELIVERED
11809,2,389,2026-06-25,2026-07-19,DELIVERED
11810,3,27,2026-09-12,2026-10-03,IN_TRANSIT
11811,9,350,2025-07-29,2025-08-06,DELIVERED
11812,17,186,2024-03-15,2024-04-20,DELIVERED
11813,16,215,2025-02-20,2025-03-09,DELAYED
11814,3,136,2025-03-17,2025-04-08,DELIVERED
11815,12,476,2025-09-25,2025-10-22,DELIVERED
11816,5,305,2025-09-14,2025-10-11,IN_TRANSIT
11817,9,232,2024-04-14,2024-05-18,DELIVERED
11818,2,84,2024-08-11,2024-08-21,DELIVERED
11819,20,53,2026-01-20,2026-01-26,DELAYED
11820,12,155,2025-06-10,2025-06-15,DELIVERED
11821,17,184,2025-06-09,2025-07-01,DELIVERED
11822,18,119,2024-04-08,2024-05-17,DELIVERED
11823,4,171,2025-07-22,2025-07-30,DELIVERED
11824,15,454,2026-03-20,2026-04-14,DELIVERED
11825,18,173,2023-11-28,2023-12-27,DELIVERED
11826,2,5,2024-09-20,2024-10-16,DELIVERED
11827,20,434,2025-12-24,2026-01-15,DELIVERED
11828,13,20,2024-08-14,2024-09-22,IN_TRANSIT
11829,3,457,2024-01-04,2024-01-16,IN_TRANSIT
11830,9,50,2026-08-04,2026-08-23,DELAYED
11831,11,362,2024-12-05,2024-12-10,DELIVERED
11832,16,394,2026-06-05,2026-06-25,DELIVERED
11833,9,100,2026-03-27,2026-04-10,DELIVERED
11834,19,128,2024-04-15,2024-05-14,DELIVERED
11835,2,478,2025-06-29,2025-07-21,DELIVERED
11836,13,155,2023-01-05,2023-01-28,DELIVERED
11837,9,374,2026-09-12,2026-10-18,DELIVERED
11838,1,150,2023-10-22,2023-11-03,DELIVERED
11839,5,473,2025-07-10,2025-08-06,DELIVERED
11840,9,55,2025-07-18,2025-07-24,DELIVERED
11841,7,317,2025-10-12,2025-11-02,DELIVERED
11842,14,168,2026-02-08,2026-03-09,DELIVERED
11843,3,50,2025-10-08,2025-10-28,DELIVERED
11844,17,233,2025-01-16,2025-01-25,DELIVERED
11845,12,9,2024-01-30,2024-02-15,DELIVERED
11846,14,333,2025-04-26,2025-05-21,DELIVERED
11847,2,279,2026-04-02,2026-04-25,DELIVERED
11848,6,483,2025-02-10,2025-02-17,DELIVERED
11849,20,329,2023-03-23,2023-04-08,DELIVERED
11850,6,395,2026-06-28,2026-07-13,DELIVERED
11851,20,183,2026-01-26,2026-02-14,IN_TRANSIT
11852,11,171,2025-02-25,2025-03-13,DELIVERED
11853,2,187,2024-05-25,2024-06-22,DELIVERED
11854,6,145,2025-06-06,2025-06-26,DELIVERED
11855,8,283,2026-05-03,2026-06-02,DELIVERED
11856,15,41,2024-07-19,2024-07-25,DELIVERED
11857,16,35,2023-04-01,2023-05-08,DELIVERED
11858,17,380,2024-07-06,2024-07-15,DELAYED
11859,10,121,2024-06-23,2024-07-12,DELIVERED
11860,12,99,2026-05-09,2026-06-13,DELIVERED
11861,8,380,2024-08-02,2024-08-19,DELIVERED
11862,11,76,2024-07-29,2024-08-07,DELIVERED
11863,8,369,2026-05-29,2026-06-25,DELIVERED
11864,19,135,2026-03-08,2026-03-28,DELIVERED
11865,9,288,2025-06-11,2025-06-28,DELIVERED
11866,12,254,2025-04-28,2025-05-04,DELIVERED
11867,2,400,2025-10-21,2025-11-22,DELIVERED
11868,17,427,2024-05-09,2024-05-17,IN_TRANSIT
11869,8,312,2026-05-06,2026-06-06,DELIVERED
11870,10,454,2026-04-18,2026-05-19,DELIVERED
11871,17,306,2026-07-22,2026-08-08,DELIVERED
11872,4,477,2024-02-01,2024-02-10,DELIVERED
11873,7,212,2026-03-14,2026-04-08,IN_TRANSIT
11874,7,299,2023-01-16,2023-02-03,DELIVERED
11875,18,444,2023-11-30,2023-12-07,DELIVERED
11876,10,259,2026-02-25,2026-03-11,DELIVERED
11877,16,157,2023-04-21,2023-05-16,DELIVERED
11878,4,144,2024-08-21,2024-08-27,DELIVERED
11879,5,284,2026-01-24,2026-02-09,DELIVERED
11880,18,123,2024-03-26,2024-05-04,DELIVERED
11881,17,213,2025-04-09,2025-05-06,IN_TRANSIT
11882,18,3,2023-04-17,2023-05-02,DELIVERED
11883,15,270,2026-06-30,2026-08-01,DELIVERED
11884,3,131,2023-04-16,2023-05-05,DELIVERED
11885,14,144,2024-01-27,2024-02-27,DELIVERED
11886,7,255,2023-10-05,2023-11-12,IN_TRANSIT
11887,1,376,2024-07-05,2024-07-12,DELIVERED
11888,2,228,2025-12-16,2026-01-05,DELIVERED
11889,6,36,2023-03-04,2023-03-10,DELIVERED
11890,19,157,2025-09-13,2025-10-09,DELIVERED
11891,11,140,2025-04-18,2025-04-30,DELIVERED
11892,3,185,2024-07-03,2024-08-09,DELIVERED
11893,18,485,2024-03-26,2024-04-16,IN_TRANSIT
11894,10,36,2025-06-16,2025-07-11,DELIVERED
11895,3,259,2023-06-05,2023-07-12,DELIVERED
11896,16,474,2023-11-21,2023-11-26,DELIVERED
11897,12,359,2024-07-09,2024-08-17,DELIVERED
11898,3,471,2023-07-18,2023-07-23,DELIVERED
11899,3,123,2026-06-26,2026-07-31,DELIVERED
11900,20,233,2026-07-12,2026-08-19,DELIVERED
11901,7,145,2024-02-29,2024-03-28,DELIVERED
11902,20,319,2024-06-19,2024-07-07,DELIVERED
11903,6,133,2026-05-12,2026-06-02,DELIVERED
11904,15,171,2024-08-19,2024-09-05,DELIVERED
11905,9,350,2023-02-22,2023-03-17,DELIVERED
11906,18,151,2025-06-05,2025-06-23,DELIVERED
11907,9,342,2026-07-28,2026-08-11,DELIVERED
11908,7,409,2023-04-13,2023-04-22,DELIVERED
11909,20,486,2023-04-15,2023-05-10,DELIVERED
11910,10,406,2024-06-09,2024-07-11,DELIVERED
11911,4,444,2026-02-28,2026-03-25,DELIVERED
11912,18,330,2024-09-26,2024-10-18,DELIVERED
11913,3,286,2026-05-04,2026-05-31,DELIVERED
11914,18,271,2024-06-03,2024-06-20,DELIVERED
11915,6,402,2023-09-21,2023-10-12,DELIVERED
11916,6,386,2026-05-31,2026-07-01,DELIVERED
11917,13,370,2026-04-12,2026-05-19,DELIVERED
11918,6,354,2025-12-14,2026-01-15,DELIVERED
11919,2,224,2025-08-04,2025-09-11,DELIVERED
11920,2,48,2026-03-29,2026-04-28,DELIVERED
11921,12,412,2025-03-24,2025-04-26,IN_TRANSIT
11922,19,35,2024-06-03,2024-06-26,DELIVERED
11923,19,117,2025-11-02,2025-12-07,DELIVERED
11924,7,39,2023-07-25,2023-08-12,DELIVERED
11925,13,448,2023-08-07,2023-09-04,IN_TRANSIT
11926,15,408,2025-06-05,2025-07-03,DELIVERED
11927,17,68,2026-09-07,2026-09-25,DELAYED
11928,10,423,2024-04-10,2024-04-18,DELAYED
11929,18,498,2026-01-17,2026-02-18,DELIVERED
11930,9,441,2025-07-09,2025-08-09,DELIVERED
11931,4,66,2026-02-11,2026-03-09,DELIVERED
11932,13,417,2024-04-02,2024-04-23,DELIVERED
11933,14,248,2023-11-10,2023-12-08,DELIVERED
11934,11,299,2025-11-18,2025-11-28,DELIVERED
11935,9,63,2024-11-16,2024-12-12,DELIVERED
11936,11,182,2023-10-18,2023-11-09,DELIVERED
11937,10,127,2024-07-18,2024-07-29,DELIVERED
11938,14,153,2023-03-15,2023-04-18,DELIVERED
11939,15,411,2025-02-18,2025-03-02,DELIVERED
11940,8,356,2024-08-18,2024-09-04,DELIVERED
11941,5,76,2025-06-25,2025-07-04,DELIVERED
11942,1,414,2024-06-03,2024-06-09,DELIVERED
11943,20,465,2025-10-16,2025-11-17,DELIVERED
11944,4,348,2023-03-14,2023-03-23,DELIVERED
11945,3,278,2024-03-14,2024-04-08,DELIVERED
11946,15,103,2025-07-09,2025-07-31,DELIVERED
11947,19,210,2023-05-16,2023-05-23,DELIVERED
11948,9,87,2024-01-16,2024-02-07,DELIVERED
11949,8,19,2023-10-30,2023-11-30,DELIVERED
11950,17,155,2025-10-25,2025-11-16,DELIVERED
11951,7,174,2023-01-16,2023-02-17,DELIVERED
11952,20,496,2024-02-09,2024-02-16,DELIVERED
11953,17,466,2026-01-31,2026-02-23,DELIVERED
11954,1,426,2025-09-09,2025-09-18,DELIVERED
11955,5,271,2025-12-13,2025-12-23,DELIVERED
11956,1,347,2026-01-07,2026-01-27,DELIVERED
11957,17,37,2025-06-07,2025-06-23,DELIVERED
11958,18,290,2026-06-01,2026-07-09,DELIVERED
11959,18,273,2026-06-16,2026-07-03,DELAYED
11960,18,228,2023-08-26,2023-09-10,DELIVERED
11961,12,398,2025-12-10,2026-01-14,DELAYED
11962,18,299,2024-12-19,2024-12-28,DELIVERED
11963,5,59,2024-07-08,2024-08-05,DELIVERED
11964,11,222,2025-03-08,2025-03-28,DELIVERED
11965,16,111,2025-09-16,2025-09-30,DELIVERED
11966,1,490,2025-12-23,2026-01-12,DELAYED
11967,17,146,2026-06-02,2026-06-15,IN_TRANSIT
11968,3,143,2024-06-24,2024-07-16,DELIVERED
11969,8,135,2024-08-04,2024-08-12,DELIVERED
11970,1,307,2025-08-10,2025-08-18,DELIVERED
11971,16,9,2024-02-12,2024-02-26,DELIVERED
11972,17,295,2025-07-07,2025-07-16,IN_TRANSIT
11973,18,374,2025-09-06,2025-09-15,DELIVERED
11974,9,24,2025-05-11,2025-06-11,DELIVERED
11975,11,64,2024-09-15,2024-10-11,IN_TRANSIT
11976,19,164,2025-07-20,2025-08-07,DELIVERED
11977,17,387,2024-02-03,2024-03-13,DELAYED
11978,20,437,2026-09-11,2026-10-06,DELIVERED
11979,4,117,2024-10-23,2024-10-29,DELIVERED
11980,3,395,2026-09-02,2026-09-20,DELAYED
11981,4,157,2023-04-22,2023-05-13,DELIVERED
11982,6,89,2023-06-02,2023-07-07,DELIVERED
11983,10,141,2023-04-20,2023-05-01,DELIVERED
11984,20,260,2023-05-24,2023-06-14,DELIVERED
11985,9,275,2023-10-23,2023-11-23,DELIVERED
11986,13,253,2024-03-10,2024-04-06,DELIVERED
11987,8,267,2023-09-25,2023-10-26,DELIVERED
11988,20,121,2024-04-04,2024-05-11,DELIVERED
11989,17,471,2026-09-04,2026-10-13,DELIVERED
11990,17,233,2025-08-01,2025-09-03,DELIVERED
11991,7,161,2023-08-21,2023-09-06,DELIVERED
11992,8,468,2024-07-08,2024-07-18,DELIVERED
11993,1,56,2025-08-13,2025-08-26,DELIVERED
11994,11,428,2026-08-30,2026-09-12,IN_TRANSIT
11995,16,186,2024-10-12,2024-10-30,IN_TRANSIT
11996,13,316,2024-10-08,2024-10-21,DELIVERED
11997,7,196,2024-10-01,2024-11-09,DELIVERED
11998,11,219,2026-02-07,2026-02-14,DELIVERED
11999,17,477,2024-02-08,2024-03-10,DELIVERED
12000,5,4,2023-02-14,2023-03-17,DELIVERED
12001,8,213,2026-06-16,2026-07-04,DELIVERED
12002,9,58,2026-05-21,2026-06-25,DELIVERED
12003,19,320,2026-02-26,2026-03-10,DELIVERED
12004,11,11,2023-05-17,2023-06-25,DELIVERED
12005,18,176,2024-07-04,2024-08-05,DELIVERED
12006,12,283,2024-12-27,2025-01-11,DELIVERED
12007,19,69,2024-01-06,2024-01-31,DELIVERED
12008,7,275,2023-06-05,2023-06-29,DELIVERED
12009,17,130,2025-06-16,2025-07-08,DELIVERED
12010,14,297,2024-04-19,2024-05-03,DELIVERED
12011,16,191,2025-08-22,2025-09-13,DELIVERED
12012,14,23,2025-02-01,2025-03-10,DELAYED
12013,9,146,2025-08-05,2025-09-06,DELIVERED
12014,14,199,2026-01-03,2026-02-05,DELAYED
12015,16,139,2025-11-21,2025-12-01,DELIVERED
12016,1,450,2026-09-21,2026-10-05,DELIVERED
12017,9,322,2024-08-03,2024-08-24,DELIVERED
12018,15,447,2023-04-14,2023-04-24,DELIVERED
12019,4,72,2024-12-22,2025-01-03,DELIVERED
12020,10,9,2023-04-14,2023-05-21,DELAYED
12021,10,238,2026-04-04,2026-04-22,DELIVERED
12022,7,268,2024-07-03,2024-08-09,DELIVERED
12023,13,452,2025-04-17,2025-05-15,DELIVERED
12024,18,101,2025-07-08,2025-07-18,DELIVERED
12025,1,61,2026-08-11,2026-08-20,DELIVERED
12026,14,289,2023-09-07,2023-09-30,DELIVERED
12027,3,37,2023-01-01,2023-01-26,DELIVERED
12028,12,353,2024-05-11,2024-06-10,DELIVERED
12029,16,412,2024-09-07,2024-09-19,IN_TRANSIT
12030,14,495,2024-10-19,2024-11-02,DELAYED
12031,18,309,2023-03-02,2023-04-08,DELIVERED
12032,10,185,2025-10-19,2025-10-25,DELIVERED
12033,13,222,2024-04-17,2024-05-07,DELIVERED
12034,19,493,2026-01-12,2026-02-20,DELIVERED
12035,11,385,2023-02-10,2023-02-21,DELIVERED
12036,8,251,2025-09-17,2025-10-24,DELIVERED
12037,9,6,2025-02-04,2025-02-09,DELAYED
12038,10,227,2025-02-14,2025-03-24,DELIVERED
12039,4,385,2024-08-06,2024-08-15,DELIVERED
12040,12,379,2023-10-06,2023-11-11,DELIVERED
12041,16,30,2024-04-28,2024-05-11,DELIVERED
12042,20,311,2024-09-10,2024-10-07,DELIVERED
12043,5,424,2023-08-09,2023-09-05,DELIVERED
12044,14,411,2024-11-15,2024-11-24,DELIVERED
12045,7,324,2026-02-13,2026-02-25,DELIVERED
12046,9,180,2023-01-18,2023-02-01,DELIVERED
12047,19,430,2023-03-19,2023-03-28,DELIVERED
12048,15,384,2024-11-25,2024-12-27,DELIVERED
12049,6,362,2026-05-23,2026-06-17,DELIVERED
12050,12,3,2026-03-20,2026-04-14,DELIVERED
12051,15,142,2023-01-21,2023-02-02,DELIVERED
12052,3,350,2023-09-20,2023-10-15,DELIVERED
12053,3,34,2025-04-16,2025-05-02,DELIVERED
12054,19,420,2026-05-10,2026-05-16,DELAYED
12055,15,349,2023-07-29,2023-09-04,DELIVERED
12056,18,113,2024-02-15,2024-02-29,DELIVERED
12057,2,138,2025-11-10,2025-12-12,DELIVERED
12058,10,414,2025-04-16,2025-05-13,DELIVERED
12059,18,280,2025-08-30,2025-10-01,DELIVERED
12060,12,396,2025-03-05,2025-03-11,DELIVERED
12061,6,164,2026-06-20,2026-07-24,DELIVERED
12062,4,321,2025-08-30,2025-10-02,DELIVERED
12063,17,408,2023-09-02,2023-09-25,DELIVERED
12064,20,185,2023-02-25,2023-03-21,DELIVERED
12065,9,481,2023-01-21,2023-02-11,DELIVERED
12066,14,217,2023-09-23,2023-10-11,DELIVERED
12067,5,261,2023-02-27,2023-04-03,DELAYED
12068,9,17,2025-12-30,2026-01-07,IN_TRANSIT
12069,2,493,2024-06-18,2024-07-07,DELAYED
12070,19,102,2024-10-09,2024-11-11,DELIVERED
12071,10,23,2025-10-25,2025-11-29,DELIVERED
12072,7,4,2025-10-01,2025-10-17,DELIVERED
12073,6,243,2023-06-25,2023-07-03,DELIVERED
12074,11,261,2025-05-14,2025-06-02,DELIVERED
12075,8,296,2024-12-11,2025-01-04,IN_TRANSIT
12076,5,11,2025-03-05,2025-03-10,DELIVERED
12077,5,51,2026-03-07,2026-03-26,DELIVERED
12078,17,118,2026-06-04,2026-06-11,DELAYED
12079,1,401,2025-02-26,2025-03-10,DELIVERED
12080,1,138,2023-08-16,2023-08-21,DELIVERED
12081,12,153,2023-06-03,2023-06-25,DELAYED
12082,13,220,2025-12-03,2025-12-13,DELAYED
12083,20,103,2024-07-15,2024-07-20,DELIVERED
12084,5,181,2026-05-20,2026-06-28,DELIVERED
12085,3,208,2024-12-02,2024-12-13,DELAYED
12086,19,228,2025-10-08,2025-11-14,DELIVERED
12087,10,366,2023-06-29,2023-08-07,DELIVERED
12088,14,472,2025-06-27,2025-07-12,DELAYED
12089,17,268,2025-12-12,2026-01-20,DELIVERED
12090,5,227,2023-06-13,2023-06-27,DELIVERED
12091,3,286,2023-05-08,2023-06-11,DELIVERED
12092,7,325,2025-04-14,2025-05-19,DELIVERED
12093,15,154,2025-12-15,2026-01-03,DELIVERED
12094,11,208,2024-10-07,2024-11-05,DELIVERED
12095,2,88,2024-10-17,2024-10-29,DELIVERED
12096,1,463,2026-06-26,2026-07-20,DELIVERED
12097,4,202,2026-06-12,2026-06-29,DELAYED
12098,3,143,2023-04-13,2023-04-20,DELAYED
12099,7,470,2024-06-29,2024-07-11,DELAYED
12100,17,279,2023-04-02,2023-04-14,DELIVERED
12101,8,191,2025-04-08,2025-04-15,DELIVERED
12102,5,438,2024-04-12,2024-05-06,DELIVERED
12103,20,245,2025-01-10,2025-02-09,DELIVERED
12104,8,410,2026-07-01,2026-07-15,DELIVERED
12105,8,353,2025-10-11,2025-11-15,DELAYED
12106,17,445,2023-08-28,2023-09-24,DELAYED
12107,13,75,2024-11-17,2024-12-15,DELIVERED
12108,8,122,2024-04-12,2024-04-21,DELIVERED
12109,5,23,2025-08-13,2025-08-31,DELIVERED
12110,5,84,2025-03-05,2025-04-01,IN_TRANSIT
12111,9,259,2024-12-29,2025-01-12,DELIVERED
12112,18,240,2024-05-28,2024-06-14,DELIVERED
12113,14,43,2023-05-01,2023-05-20,DELIVERED
12114,1,486,2025-09-06,2025-09-19,DELIVERED
12115,14,270,2025-06-05,2025-06-12,DELAYED
12116,11,302,2023-03-11,2023-03-24,IN_TRANSIT
12117,5,136,2026-03-29,2026-04-11,DELIVERED
12118,14,19,2023-11-28,2023-12-15,DELIVERED
12119,18,204,2024-05-17,2024-06-15,DELIVERED
12120,19,113,2024-11-07,2024-11-20,DELIVERED
12121,19,484,2025-07-20,2025-08-02,DELIVERED
12122,20,65,2025-05-09,2025-05-17,DELIVERED
12123,10,175,2024-05-08,2024-06-10,DELIVERED
12124,8,456,2024-08-15,2024-09-21,DELIVERED
12125,2,332,2024-03-09,2024-04-14,DELIVERED
12126,5,300,2023-06-18,2023-07-18,DELIVERED
12127,11,17,2026-07-20,2026-08-07,DELIVERED
12128,1,135,2023-11-11,2023-11-23,DELIVERED
12129,20,498,2023-12-11,2024-01-13,DELIVERED
12130,1,339,2025-11-20,2025-12-10,DELIVERED
12131,17,248,2025-07-04,2025-08-01,DELIVERED
12132,7,38,2026-01-03,2026-02-05,DELIVERED
12133,18,207,2023-04-07,2023-05-14,DELIVERED
12134,13,353,2026-04-07,2026-05-02,DELIVERED
12135,4,273,2025-09-30,2025-10-24,DELIVERED
12136,2,292,2023-10-06,2023-10-29,DELIVERED
12137,10,152,2025-01-09,2025-01-24,DELIVERED
12138,7,244,2024-09-19,2024-10-02,DELIVERED
12139,2,481,2025-05-25,2025-06-19,DELIVERED
12140,14,443,2025-01-20,2025-02-07,DELIVERED
12141,5,289,2023-04-13,2023-04-28,DELAYED
12142,9,273,2023-06-22,2023-07-06,DELIVERED
12143,2,293,2023-10-15,2023-10-25,DELIVERED
12144,20,48,2024-06-29,2024-07-26,DELIVERED
12145,12,81,2023-07-16,2023-07-21,DELIVERED
12146,9,250,2023-05-04,2023-06-05,DELIVERED
12147,15,158,2024-02-09,2024-02-19,DELIVERED
12148,3,336,2024-09-06,2024-10-08,DELIVERED
12149,9,389,2025-04-04,2025-04-27,DELIVERED
12150,11,274,2023-03-02,2023-03-15,DELIVERED
12151,20,28,2026-02-11,2026-02-25,DELIVERED
12152,9,140,2025-08-15,2025-09-21,DELIVERED
12153,18,141,2023-04-07,2023-05-02,DELAYED
12154,17,456,2026-07-11,2026-08-11,DELAYED
12155,4,486,2025-11-29,2025-12-06,IN_TRANSIT
12156,6,330,2023-02-10,2023-02-18,DELIVERED
12157,20,490,2026-08-27,2026-09-18,DELIVERED
12158,4,132,2024-09-05,2024-09-25,DELAYED
12159,8,3,2023-03-05,2023-03-29,DELIVERED
12160,5,59,2024-08-05,2024-08-17,DELIVERED
12161,13,209,2025-12-23,2026-01-02,DELIVERED
12162,18,220,2023-04-17,2023-05-14,DELIVERED
12163,18,281,2025-05-05,2025-06-03,DELIVERED
12164,5,46,2025-03-23,2025-04-21,DELIVERED
12165,20,229,2025-11-01,2025-11-08,DELAYED
12166,12,227,2023-12-08,2023-12-15,DELIVERED
12167,3,23,2025-06-25,2025-07-15,DELIVERED
12168,11,460,2025-08-15,2025-09-20,DELIVERED
12169,10,276,2024-08-07,2024-08-19,DELIVERED
12170,17,131,2023-07-11,2023-08-16,IN_TRANSIT
12171,20,380,2025-04-28,2025-05-22,DELIVERED
12172,17,169,2023-06-26,2023-08-02,DELIVERED
12173,8,178,2025-05-11,2025-05-16,DELIVERED
12174,15,219,2025-10-16,2025-10-28,DELIVERED
12175,17,234,2025-12-05,2025-12-23,DELIVERED
12176,13,440,2024-08-02,2024-08-14,DELAYED
12177,13,95,2023-05-09,2023-06-12,IN_TRANSIT
12178,10,115,2023-04-26,2023-05-08,IN_TRANSIT
12179,13,72,2024-03-25,2024-04-11,IN_TRANSIT
12180,7,280,2023-01-10,2023-01-22,DELIVERED
12181,4,353,2024-07-21,2024-08-29,DELIVERED
12182,11,164,2024-10-04,2024-10-28,DELIVERED
12183,15,60,2025-04-27,2025-05-20,DELIVERED
12184,10,349,2024-09-16,2024-10-16,DELIVERED
12185,9,277,2024-01-30,2024-02-16,DELIVERED
12186,5,99,2023-02-08,2023-02-21,IN_TRANSIT
12187,17,88,2024-04-06,2024-05-15,DELIVERED
12188,10,10,2023-04-29,2023-05-25,DELIVERED
12189,9,336,2024-08-26,2024-09-12,IN_TRANSIT
12190,7,77,2025-12-20,2026-01-03,DELIVERED
12191,20,375,2024-11-29,2025-01-03,DELAYED
12192,11,266,2025-09-15,2025-10-15,DELIVERED
12193,17,96,2023-11-24,2023-12-30,DELIVERED
12194,6,144,2025-10-02,2025-10-30,DELIVERED
12195,20,410,2024-12-15,2025-01-18,DELIVERED
12196,14,197,2024-01-18,2024-02-04,DELIVERED
12197,17,354,2025-04-29,2025-05-11,DELIVERED
12198,6,289,2023-07-04,2023-07-28,DELIVERED
12199,20,40,2024-06-08,2024-06-26,IN_TRANSIT
12200,8,212,2025-04-15,2025-05-13,IN_TRANSIT
12201,15,74,2025-11-11,2025-12-10,DELIVERED
12202,11,13,2024-09-11,2024-09-26,DELIVERED
12203,16,190,2023-04-27,2023-05-23,DELIVERED
12204,15,288,2024-09-26,2024-11-02,DELIVERED
12205,7,59,2026-02-21,2026-03-13,DELAYED
12206,13,200,2023-04-25,2023-05-22,DELIVERED
12207,10,9,2024-01-13,2024-01-20,DELIVERED
12208,10,323,2023-12-15,2024-01-22,DELIVERED
12209,12,344,2023-08-25,2023-09-10,DELIVERED
12210,18,373,2023-12-29,2024-01-11,DELIVERED
12211,4,312,2024-03-06,2024-04-02,DELIVERED
12212,9,82,2025-12-28,2026-01-06,DELIVERED
12213,3,493,2023-03-08,2023-03-17,IN_TRANSIT
12214,14,29,2023-06-28,2023-07-24,DELIVERED
12215,11,303,2024-04-22,2024-05-05,DELAYED
12216,4,58,2025-07-26,2025-08-06,DELIVERED
12217,19,49,2024-03-24,2024-04-14,DELAYED
12218,2,211,2024-11-08,2024-11-18,DELIVERED
12219,14,422,2026-02-20,2026-03-17,DELAYED
12220,15,162,2026-07-21,2026-08-18,DELIVERED
12221,1,53,2026-02-23,2026-03-10,DELIVERED
12222,18,298,2024-05-16,2024-06-11,DELIVERED
12223,14,7,2025-05-18,2025-05-30,DELIVERED
12224,1,248,2025-03-20,2025-03-29,DELIVERED
12225,9,74,2026-05-25,2026-05-31,DELIVERED
12226,7,248,2025-02-18,2025-02-28,IN_TRANSIT
12227,15,132,2023-01-11,2023-01-26,DELIVERED
12228,12,188,2023-09-20,2023-10-13,DELIVERED
12229,2,116,2024-04-23,2024-05-29,DELIVERED
12230,20,312,2025-06-25,2025-07-21,DELIVERED
12231,1,436,2026-04-20,2026-05-02,DELIVERED
12232,19,336,2024-01-05,2024-02-04,DELIVERED
12233,17,77,2023-05-22,2023-06-04,DELAYED
12234,14,72,2025-07-21,2025-07-31,DELIVERED
12235,12,108,2023-02-13,2023-03-13,DELAYED
12236,3,257,2023-03-27,2023-05-04,DELAYED
12237,8,163,2026-04-19,2026-05-17,IN_TRANSIT
12238,19,494,2023-12-04,2023-12-30,DELIVERED
12239,13,458,2026-02-01,2026-03-05,DELIVERED
12240,19,340,2026-05-02,2026-05-22,DELIVERED
12241,10,183,2025-11-25,2025-12-21,DELIVERED
12242,15,191,2025-02-07,2025-03-04,DELIVERED
12243,2,308,2026-09-15,2026-09-23,DELAYED
12244,6,459,2024-06-27,2024-07-13,DELIVERED
12245,19,241,2026-05-10,2026-05-26,IN_TRANSIT
12246,12,243,2024-02-18,2024-03-19,DELIVERED
12247,5,321,2024-09-17,2024-10-17,DELIVERED
12248,10,289,2025-09-09,2025-09-19,DELIVERED
12249,18,463,2025-01-16,2025-02-08,DELAYED
12250,7,442,2025-03-29,2025-04-13,DELAYED
12251,16,168,2026-03-08,2026-04-01,DELIVERED
12252,10,109,2026-09-27,2026-11-01,DELIVERED
12253,1,271,2023-10-18,2023-11-26,DELIVERED
12254,8,171,2026-01-15,2026-02-06,IN_TRANSIT
12255,4,459,2024-10-10,2024-10-27,DELIVERED
12256,10,180,2023-11-30,2023-12-08,DELIVERED
12257,10,252,2023-01-07,2023-01-19,DELIVERED
12258,11,12,2023-03-22,2023-04-28,IN_TRANSIT
12259,15,96,2024-06-29,2024-07-16,IN_TRANSIT
12260,4,340,2023-12-20,2024-01-16,DELIVERED
12261,6,116,2026-08-28,2026-09-20,DELIVERED
12262,20,207,2026-05-28,2026-06-22,DELIVERED
12263,9,101,2023-09-29,2023-11-06,DELIVERED
12264,8,52,2024-05-01,2024-05-08,DELAYED
12265,12,497,2026-01-07,2026-01-30,DELIVERED
12266,7,93,2024-02-06,2024-02-12,DELIVERED
12267,12,299,2024-01-04,2024-01-30,DELIVERED
12268,7,8,2026-05-12,2026-06-01,IN_TRANSIT
12269,13,35,2023-04-05,2023-04-24,DELIVERED
12270,7,430,2025-05-05,2025-06-13,IN_TRANSIT
12271,5,11,2025-01-08,2025-02-11,DELIVERED
12272,10,35,2025-03-25,2025-04-07,DELIVERED
12273,8,317,2025-07-27,2025-08-02,DELIVERED
12274,17,426,2026-08-24,2026-09-20,DELIVERED
12275,3,224,2026-08-15,2026-09-14,DELIVERED
12276,20,314,2024-07-29,2024-09-02,DELIVERED
12277,1,105,2024-12-09,2025-01-11,DELIVERED
12278,18,216,2025-02-07,2025-03-13,DELIVERED
12279,12,444,2026-02-03,2026-03-07,DELIVERED
12280,20,333,2024-10-25,2024-11-24,DELIVERED
12281,3,417,2023-03-07,2023-04-10,DELIVERED
12282,5,72,2025-03-14,2025-04-22,DELIVERED
12283,2,171,2025-04-11,2025-05-09,DELIVERED
12284,17,15,2026-08-15,2026-09-06,DELIVERED
12285,17,250,2024-03-07,2024-03-14,DELAYED
12286,7,84,2024-09-17,2024-09-29,DELIVERED
12287,10,326,2024-08-09,2024-09-03,DELIVERED
12288,12,195,2023-04-02,2023-04-07,DELIVERED
12289,20,156,2024-01-21,2024-02-16,DELIVERED
12290,16,444,2024-11-01,2024-11-06,DELIVERED
12291,3,381,2025-05-05,2025-06-08,DELIVERED
12292,4,143,2023-02-25,2023-03-18,DELIVERED
12293,1,96,2023-02-01,2023-02-22,DELIVERED
12294,19,358,2025-12-09,2026-01-14,DELIVERED
12295,13,268,2023-10-24,2023-11-25,DELIVERED
12296,9,214,2025-02-21,2025-03-16,DELIVERED
12297,12,270,2024-03-20,2024-04-06,DELIVERED
12298,7,371,2024-09-05,2024-10-06,DELAYED
12299,20,138,2023-06-30,2023-08-03,DELIVERED
12300,17,92,2024-02-15,2024-02-23,DELAYED
12301,17,226,2025-11-08,2025-11-14,DELIVERED
12302,10,472,2023-04-05,2023-04-12,DELIVERED
12303,18,156,2025-09-25,2025-09-30,DELAYED
12304,14,330,2026-01-03,2026-01-24,DELIVERED
12305,7,394,2026-01-04,2026-02-09,IN_TRANSIT
12306,18,494,2024-08-24,2024-08-30,DELIVERED
12307,5,280,2026-03-14,2026-03-29,IN_TRANSIT
12308,10,131,2026-09-22,2026-10-18,DELIVERED
12309,13,115,2025-07-04,2025-07-09,DELIVERED
12310,5,467,2026-05-20,2026-05-29,DELIVERED
12311,16,141,2023-12-31,2024-01-30,DELIVERED
12312,13,170,2026-08-27,2026-10-02,DELIVERED
12313,9,108,2025-11-08,2025-12-14,DELAYED
12314,1,255,2025-05-21,2025-06-28,DELIVERED
12315,19,364,2025-09-10,2025-09-28,IN_TRANSIT
12316,7,458,2025-02-14,2025-03-06,DELIVERED
12317,14,438,2025-02-19,2025-03-03,DELIVERED
12318,1,477,2026-04-23,2026-05-01,DELIVERED
12319,13,450,2025-02-03,2025-02-18,IN_TRANSIT
12320,5,67,2024-12-28,2025-01-13,DELAYED
12321,15,153,2025-07-13,2025-07-27,DELIVERED
12322,11,282,2024-04-20,2024-05-03,DELIVERED
12323,10,408,2024-01-15,2024-01-25,DELIVERED
12324,1,19,2023-08-08,2023-09-06,DELIVERED
12325,14,237,2026-05-15,2026-06-20,DELIVERED
12326,16,496,2023-04-03,2023-04-09,DELAYED
12327,3,474,2025-05-09,2025-05-19,DELIVERED
12328,8,260,2024-03-31,2024-04-28,DELIVERED
12329,2,206,2026-06-15,2026-07-05,DELIVERED
12330,14,162,2026-02-24,2026-03-24,DELIVERED
12331,20,360,2023-04-28,2023-05-28,DELIVERED
12332,16,425,2025-06-06,2025-06-17,DELIVERED
12333,7,279,2024-10-16,2024-11-16,DELIVERED
12334,3,231,2023-04-14,2023-04-29,DELIVERED
12335,13,356,2024-09-05,2024-09-20,DELIVERED
12336,13,395,2023-04-19,2023-05-11,DELIVERED
12337,10,317,2024-07-13,2024-07-18,DELAYED
12338,16,299,2024-03-02,2024-03-24,DELIVERED
12339,2,249,2026-02-20,2026-03-07,DELIVERED
12340,2,125,2023-06-15,2023-07-06,DELIVERED
12341,1,82,2023-05-09,2023-05-25,DELIVERED
12342,4,150,2026-04-06,2026-05-14,DELIVERED
12343,2,354,2024-08-05,2024-09-07,DELIVERED
12344,7,336,2026-05-03,2026-05-12,IN_TRANSIT
12345,14,266,2025-01-28,2025-03-02,DELIVERED
12346,8,114,2026-04-24,2026-04-29,IN_TRANSIT
12347,20,40,2026-02-16,2026-03-26,DELIVERED
12348,16,48,2025-07-06,2025-07-20,DELIVERED
12349,15,12,2025-04-05,2025-04-20,DELIVERED
12350,5,68,2025-01-09,2025-02-13,DELIVERED
12351,6,220,2026-04-23,2026-06-01,DELIVERED
12352,7,262,2026-03-13,2026-04-16,DELAYED
12353,18,137,2024-06-07,2024-06-15,DELIVERED
12354,11,169,2025-08-23,2025-09-05,DELIVERED
12355,11,302,2024-01-24,2024-02-29,DELIVERED
12356,1,36,2023-07-18,2023-08-08,IN_TRANSIT
12357,17,269,2023-11-25,2024-01-03,DELIVERED
12358,11,117,2024-01-16,2024-02-22,IN_TRANSIT
12359,13,464,2024-03-28,2024-04-16,DELIVERED
12360,10,384,2023-08-06,2023-08-31,DELIVERED
12361,13,440,2025-09-29,2025-10-26,DELIVERED
12362,8,379,2025-07-14,2025-08-12,DELIVERED
12363,6,452,2025-09-27,2025-10-28,DELIVERED
12364,1,457,2024-06-16,2024-07-07,DELIVERED
12365,17,153,2026-05-20,2026-06-05,DELIVERED
12366,3,422,2025-11-28,2025-12-21,DELIVERED
12367,4,122,2024-08-25,2024-09-27,DELIVERED
12368,2,213,2026-07-10,2026-08-07,DELIVERED
12369,20,274,2024-05-15,2024-05-27,DELIVERED
12370,8,120,2023-03-18,2023-03-23,DELIVERED
12371,18,25,2024-12-23,2024-12-30,DELAYED
12372,18,342,2026-06-29,2026-07-12,DELIVERED
12373,1,260,2026-03-28,2026-05-06,IN_TRANSIT
12374,17,107,2026-09-15,2026-10-06,DELIVERED
12375,2,78,2024-03-15,2024-03-28,DELIVERED
12376,1,46,2024-10-26,2024-10-31,DELIVERED
12377,7,388,2023-02-07,2023-02-14,DELIVERED
12378,9,88,2023-11-26,2023-12-31,IN_TRANSIT
12379,17,135,2024-07-14,2024-07-26,DELIVERED
12380,4,468,2024-01-07,2024-02-01,DELIVERED
12381,4,179,2025-06-12,2025-06-17,DELIVERED
12382,5,274,2024-12-23,2025-01-24,DELIVERED
12383,7,110,2025-07-11,2025-07-19,DELIVERED
12384,15,99,2023-07-05,2023-08-13,DELAYED
12385,7,355,2025-07-04,2025-07-10,DELIVERED
12386,16,457,2024-07-19,2024-08-19,DELAYED
12387,2,11,2026-02-12,2026-02-19,DELIVERED
12388,1,349,2024-09-01,2024-09-16,DELAYED
12389,9,160,2025-02-02,2025-02-21,DELIVERED
12390,10,50,2026-04-17,2026-04-29,DELIVERED
12391,5,174,2023-09-14,2023-10-08,IN_TRANSIT
12392,15,159,2023-09-25,2023-10-20,DELIVERED
12393,19,472,2026-03-23,2026-04-13,DELIVERED
12394,14,77,2023-10-25,2023-11-23,DELIVERED
12395,9,260,2023-01-01,2023-01-28,DELIVERED
12396,11,66,2023-01-30,2023-02-18,DELIVERED
12397,19,281,2023-03-30,2023-04-09,DELAYED
12398,17,230,2025-12-10,2026-01-01,DELIVERED
12399,4,309,2024-10-12,2024-10-26,DELAYED
12400,2,34,2024-11-29,2025-01-07,DELIVERED
12401,10,301,2025-03-15,2025-04-06,DELIVERED
12402,4,318,2025-06-29,2025-07-23,DELIVERED
12403,9,36,2026-09-08,2026-09-27,IN_TRANSIT
12404,2,164,2025-09-01,2025-09-30,DELIVERED
12405,14,229,2025-08-15,2025-08-26,DELAYED
12406,9,177,2025-04-01,2025-05-05,DELIVERED
12407,18,47,2025-10-03,2025-10-20,DELIVERED
12408,9,479,2023-10-10,2023-10-27,DELIVERED
12409,5,472,2026-03-26,2026-04-20,DELIVERED
12410,4,405,2023-11-16,2023-12-22,DELIVERED
12411,15,15,2026-09-16,2026-09-27,DELIVERED
12412,13,186,2024-10-12,2024-11-01,IN_TRANSIT
12413,13,59,2024-11-08,2024-11-27,IN_TRANSIT
12414,16,276,2026-02-27,2026-03-07,DELIVERED
12415,12,437,2024-12-01,2025-01-05,DELIVERED
12416,17,395,2023-09-16,2023-10-22,DELIVERED
12417,15,474,2023-09-12,2023-09-17,DELIVERED
12418,13,433,2025-03-22,2025-04-09,DELIVERED
12419,8,300,2026-03-11,2026-03-16,DELIVERED
12420,10,184,2025-11-27,2025-12-24,DELIVERED
12421,2,12,2024-10-08,2024-11-01,IN_TRANSIT
12422,11,179,2025-03-21,2025-04-16,DELAYED
12423,12,308,2026-05-29,2026-06-07,IN_TRANSIT
12424,16,163,2023-07-05,2023-07-13,DELAYED
12425,6,489,2026-05-06,2026-06-05,DELIVERED
12426,6,176,2025-03-16,2025-04-08,DELIVERED
12427,18,296,2024-08-13,2024-08-26,DELIVERED
12428,12,113,2025-07-25,2025-08-14,DELAYED
12429,7,410,2026-03-07,2026-04-08,DELIVERED
12430,19,237,2024-05-27,2024-06-13,DELIVERED
12431,3,331,2025-08-17,2025-08-26,DELIVERED
12432,10,82,2023-02-02,2023-03-05,DELIVERED
12433,6,341,2024-04-07,2024-05-16,DELIVERED
12434,19,56,2024-09-08,2024-10-15,DELAYED
12435,14,203,2023-08-25,2023-09-03,DELIVERED
12436,19,22,2025-09-12,2025-09-24,DELIVERED
12437,1,313,2023-10-28,2023-11-23,DELIVERED
12438,19,274,2025-11-02,2025-11-17,DELIVERED
12439,16,222,2024-06-29,2024-07-25,DELIVERED
12440,10,354,2025-02-12,2025-03-06,DELIVERED
12441,5,310,2024-08-07,2024-09-14,DELIVERED
12442,14,420,2023-02-19,2023-03-15,IN_TRANSIT
12443,19,464,2025-08-17,2025-09-19,DELIVERED
12444,20,204,2026-04-03,2026-04-12,DELIVERED
12445,15,373,2023-05-15,2023-06-11,DELIVERED
12446,5,374,2023-01-14,2023-02-17,IN_TRANSIT
12447,7,268,2024-05-25,2024-05-30,DELIVERED
12448,2,136,2025-07-04,2025-07-27,DELIVERED
12449,3,200,2024-01-14,2024-02-11,DELIVERED
12450,15,442,2025-04-29,2025-06-02,DELIVERED
12451,9,452,2023-10-25,2023-11-18,DELIVERED
12452,5,359,2025-06-24,2025-07-24,DELIVERED
12453,7,197,2026-07-29,2026-08-10,DELIVERED
12454,14,416,2024-01-04,2024-02-11,DELIVERED
12455,13,156,2024-05-31,2024-07-09,DELIVERED
12456,17,347,2024-12-13,2025-01-12,DELIVERED
12457,14,338,2024-01-22,2024-02-17,DELIVERED
12458,12,217,2026-04-02,2026-05-09,DELIVERED
12459,9,457,2024-12-03,2025-01-06,DELIVERED
12460,14,78,2025-10-27,2025-12-01,DELIVERED
12461,6,113,2026-04-17,2026-04-27,IN_TRANSIT
12462,1,177,2025-10-28,2025-11-11,DELIVERED
12463,13,42,2025-03-31,2025-05-08,DELIVERED
12464,18,294,2023-09-19,2023-10-09,DELIVERED
12465,11,198,2024-08-21,2024-09-09,IN_TRANSIT
12466,1,411,2023-07-18,2023-08-19,DELIVERED
12467,9,130,2024-08-25,2024-09-06,DELIVERED
12468,7,265,2025-01-03,2025-02-10,IN_TRANSIT
12469,16,223,2023-07-03,2023-08-09,DELIVERED
12470,7,348,2024-09-14,2024-10-07,IN_TRANSIT
12471,9,150,2026-09-29,2026-10-05,DELIVERED
12472,13,102,2026-07-02,2026-07-31,DELIVERED
12473,6,425,2024-12-23,2025-01-30,DELIVERED
12474,18,408,2025-03-29,2025-04-24,DELIVERED
12475,11,384,2025-06-29,2025-07-30,DELIVERED
12476,15,311,2023-05-10,2023-05-30,DELIVERED
12477,6,389,2025-01-07,2025-01-30,DELIVERED
12478,13,222,2023-06-12,2023-07-01,DELIVERED
12479,5,129,2024-05-23,2024-06-02,DELIVERED
12480,17,496,2024-02-01,2024-03-01,DELIVERED
12481,17,114,2023-06-15,2023-06-23,DELIVERED
12482,17,194,2024-08-10,2024-08-20,DELIVERED
12483,12,268,2026-08-19,2026-09-05,DELIVERED
12484,10,5,2023-12-20,2024-01-27,DELIVERED
12485,8,272,2024-10-28,2024-11-28,DELIVERED
12486,5,42,2026-08-10,2026-09-14,DELIVERED
12487,9,211,2025-08-30,2025-10-03,DELAYED
12488,20,232,2024-11-23,2024-12-05,IN_TRANSIT
12489,11,58,2026-03-23,2026-04-13,DELIVERED
12490,17,44,2023-02-15,2023-03-08,DELIVERED
12491,20,2,2023-12-15,2024-01-03,DELIVERED
12492,3,291,2025-01-17,2025-01-27,DELIVERED
12493,14,50,2024-08-23,2024-09-14,DELIVERED
12494,3,299,2025-06-27,2025-07-17,IN_TRANSIT
12495,3,79,2026-05-15,2026-06-15,DELIVERED
12496,16,326,2025-10-03,2025-10-24,DELIVERED
12497,12,231,2026-06-29,2026-07-23,DELIVERED
12498,19,251,2024-09-02,2024-09-07,DELAYED
12499,12,482,2023-11-24,2023-12-31,DELIVERED
12500,3,1,2026-02-26,2026-03-12,DELIVERED
12501,20,194,2026-06-28,2026-07-21,DELIVERED
12502,4,58,2026-07-09,2026-08-15,DELIVERED
12503,18,100,2024-12-04,2024-12-18,DELIVERED
12504,10,361,2025-06-27,2025-07-28,DELIVERED
12505,11,102,2023-08-28,2023-09-25,IN_TRANSIT
12506,2,130,2024-01-12,2024-02-08,DELIVERED
12507,5,429,2023-09-17,2023-10-25,DELIVERED
12508,11,158,2023-05-27,2023-06-04,DELIVERED
12509,3,49,2024-03-31,2024-04-29,DELIVERED
12510,16,121,2025-08-03,2025-08-24,DELIVERED
12511,12,144,2026-05-12,2026-05-18,DELIVERED
12512,14,202,2026-09-16,2026-10-12,DELIVERED
12513,14,133,2024-05-01,2024-05-28,IN_TRANSIT
12514,17,202,2024-08-14,2024-09-18,DELIVERED
12515,4,407,2025-12-03,2025-12-25,DELIVERED
12516,18,298,2026-09-22,2026-10-26,DELIVERED
12517,18,192,2023-10-23,2023-11-05,DELIVERED
12518,16,166,2025-08-18,2025-09-17,DELAYED
12519,17,95,2024-07-19,2024-08-26,DELIVERED
12520,2,19,2023-12-02,2023-12-24,DELIVERED
12521,17,339,2026-08-15,2026-08-25,DELIVERED
12522,17,144,2023-07-02,2023-08-04,DELIVERED
12523,13,353,2024-04-20,2024-05-22,IN_TRANSIT
12524,8,259,2023-07-20,2023-08-08,DELAYED
12525,3,45,2023-05-15,2023-06-04,DELIVERED
12526,5,287,2023-09-07,2023-09-30,IN_TRANSIT
12527,15,182,2023-12-05,2023-12-10,DELIVERED
12528,16,154,2024-05-11,2024-06-07,DELIVERED
12529,18,5,2024-01-16,2024-02-15,DELIVERED
12530,11,140,2023-03-29,2023-04-08,DELIVERED
12531,15,44,2025-11-12,2025-12-19,DELAYED
12532,10,360,2025-02-17,2025-03-12,DELIVERED
12533,3,60,2024-02-07,2024-03-11,IN_TRANSIT
12534,18,155,2023-03-10,2023-04-16,DELAYED
12535,11,104,2023-03-11,2023-03-19,IN_TRANSIT
12536,13,342,2023-03-30,2023-05-01,DELAYED
12537,8,399,2026-09-05,2026-09-26,IN_TRANSIT
12538,12,62,2025-01-28,2025-02-26,DELIVERED
12539,16,5,2025-05-18,2025-06-12,IN_TRANSIT
12540,15,167,2023-07-08,2023-07-29,DELIVERED
12541,1,340,2025-05-26,2025-06-24,DELAYED
12542,17,379,2023-02-22,2023-03-12,DELAYED
12543,9,87,2026-02-01,2026-02-21,DELIVERED
12544,20,336,2026-08-14,2026-09-02,DELIVERED
12545,3,208,2026-07-03,2026-07-20,DELIVERED
12546,15,450,2023-07-29,2023-08-16,IN_TRANSIT
12547,14,179,2023-09-28,2023-10-07,DELIVERED
12548,7,203,2026-03-11,2026-03-22,DELIVERED
12549,18,41,2023-01-27,2023-02-28,DELIVERED
12550,9,456,2023-02-11,2023-03-22,DELIVERED
12551,2,436,2023-08-13,2023-09-20,DELIVERED
12552,7,402,2024-10-10,2024-10-21,DELIVERED
12553,13,226,2024-11-07,2024-12-05,DELIVERED
12554,17,397,2023-06-11,2023-07-01,DELIVERED
12555,11,428,2023-03-05,2023-03-31,DELIVERED
12556,19,11,2023-07-29,2023-09-01,DELIVERED
12557,1,475,2024-10-15,2024-10-29,DELIVERED
12558,9,400,2026-09-29,2026-10-13,IN_TRANSIT
12559,5,341,2025-12-26,2026-01-15,DELAYED
12560,11,407,2024-06-16,2024-07-16,IN_TRANSIT
12561,20,255,2026-09-21,2026-10-01,DELIVERED
12562,4,138,2025-06-09,2025-07-04,DELIVERED
12563,14,144,2025-11-21,2025-12-18,DELIVERED
12564,2,318,2024-12-11,2025-01-05,DELIVERED
12565,2,238,2025-10-26,2025-11-29,DELIVERED
12566,1,11,2025-10-25,2025-11-13,DELIVERED
12567,6,113,2025-07-27,2025-08-14,DELIVERED
12568,16,201,2024-03-22,2024-04-07,DELIVERED
12569,2,176,2024-03-06,2024-04-04,DELIVERED
12570,17,429,2026-01-06,2026-02-12,DELIVERED
12571,4,342,2023-08-07,2023-09-15,DELIVERED
12572,20,397,2023-07-06,2023-08-12,DELIVERED
12573,13,137,2026-09-13,2026-09-19,DELIVERED
12574,4,409,2024-05-08,2024-05-26,DELIVERED
12575,5,35,2024-08-07,2024-09-08,DELIVERED
12576,6,281,2023-06-12,2023-07-11,DELIVERED
12577,11,212,2023-12-21,2023-12-26,DELIVERED
12578,8,24,2025-07-24,2025-08-09,DELIVERED
12579,9,16,2026-07-15,2026-08-18,DELAYED
12580,1,170,2023-07-10,2023-08-05,DELIVERED
12581,8,334,2023-07-18,2023-07-26,DELAYED
12582,20,138,2024-05-15,2024-06-17,DELIVERED
12583,2,100,2025-06-21,2025-07-08,DELIVERED
12584,10,15,2024-03-08,2024-04-02,DELIVERED
12585,9,421,2024-11-20,2024-12-20,DELIVERED
12586,3,53,2025-01-23,2025-02-09,DELIVERED
12587,6,418,2025-11-01,2025-11-13,DELIVERED
12588,12,132,2023-01-19,2023-02-23,IN_TRANSIT
12589,5,282,2025-02-13,2025-03-01,DELIVERED
12590,1,385,2023-02-28,2023-03-15,DELIVERED
12591,11,43,2026-08-17,2026-08-26,DELIVERED
12592,12,365,2025-02-21,2025-02-26,DELIVERED
12593,11,351,2026-08-28,2026-09-06,DELIVERED
12594,7,7,2026-03-25,2026-05-03,DELIVERED
12595,16,131,2024-06-08,2024-07-01,DELIVERED
12596,10,389,2023-03-18,2023-04-18,DELIVERED
12597,6,383,2023-02-04,2023-02-24,DELIVERED
12598,11,295,2024-11-07,2024-11-24,DELIVERED
12599,13,184,2026-01-26,2026-02-03,IN_TRANSIT
12600,8,462,2025-10-26,2025-11-26,IN_TRANSIT
12601,1,277,2024-10-18,2024-11-05,DELIVERED
12602,4,479,2023-07-05,2023-07-30,DELIVERED
12603,18,24,2023-10-13,2023-11-12,DELIVERED
12604,18,351,2025-07-14,2025-08-10,DELIVERED
12605,5,122,2024-04-08,2024-05-06,IN_TRANSIT
12606,13,115,2023-05-03,2023-05-14,DELIVERED
12607,18,311,2025-03-19,2025-04-12,DELIVERED
12608,12,251,2023-10-10,2023-11-02,IN_TRANSIT
12609,1,66,2025-08-05,2025-08-28,DELIVERED
12610,12,181,2023-04-13,2023-05-15,IN_TRANSIT
12611,2,261,2023-10-04,2023-11-07,DELIVERED
12612,7,367,2026-09-27,2026-10-10,DELAYED
12613,7,369,2025-12-14,2025-12-22,DELIVERED
12614,5,430,2023-07-21,2023-08-24,DELIVERED
12615,7,420,2023-09-25,2023-10-12,IN_TRANSIT
12616,13,179,2023-03-25,2023-04-28,DELAYED
12617,18,177,2024-09-11,2024-10-06,DELIVERED
12618,14,287,2025-10-08,2025-11-03,DELIVERED
12619,16,109,2025-09-11,2025-09-20,IN_TRANSIT
12620,11,300,2024-09-17,2024-09-23,DELIVERED
12621,19,326,2023-02-21,2023-03-25,DELIVERED
12622,4,403,2023-03-05,2023-03-10,DELAYED
12623,3,24,2026-08-24,2026-09-02,DELIVERED
12624,19,86,2024-06-11,2024-06-17,IN_TRANSIT
12625,18,302,2024-04-22,2024-05-30,DELIVERED
12626,7,346,2024-12-14,2025-01-07,DELIVERED
12627,4,189,2023-12-11,2023-12-31,DELIVERED
12628,15,186,2025-06-17,2025-07-18,DELIVERED
12629,5,318,2024-03-03,2024-03-14,DELIVERED
12630,17,250,2023-04-04,2023-04-28,DELIVERED
12631,14,454,2023-03-08,2023-03-14,DELIVERED
12632,2,186,2024-07-31,2024-08-26,DELIVERED
12633,4,287,2023-05-23,2023-06-13,DELIVERED
12634,2,92,2023-05-09,2023-05-27,DELIVERED
12635,17,37,2025-06-03,2025-06-18,DELIVERED
12636,9,221,2023-06-16,2023-07-10,DELIVERED
12637,16,94,2023-10-22,2023-11-07,DELIVERED
12638,12,336,2026-01-31,2026-03-10,DELIVERED
12639,3,432,2026-05-23,2026-06-02,DELIVERED
12640,6,484,2023-05-19,2023-06-26,DELIVERED
12641,2,395,2026-09-12,2026-10-19,DELIVERED
12642,20,143,2023-11-11,2023-12-05,DELIVERED
12643,5,358,2026-03-12,2026-04-09,DELIVERED
12644,13,335,2023-04-07,2023-04-22,DELIVERED
12645,8,128,2026-03-09,2026-03-31,DELAYED
12646,12,201,2024-01-01,2024-01-08,DELIVERED
12647,14,480,2023-07-11,2023-07-26,IN_TRANSIT
12648,1,331,2025-04-23,2025-06-01,IN_TRANSIT
12649,9,110,2023-10-21,2023-10-28,DELIVERED
12650,11,444,2023-07-12,2023-07-24,DELIVERED
12651,12,372,2025-08-23,2025-09-15,DELIVERED
12652,7,395,2024-03-28,2024-04-25,DELIVERED
12653,4,4,2025-05-31,2025-06-23,DELAYED
12654,10,62,2025-04-04,2025-04-24,DELIVERED
12655,3,277,2024-08-19,2024-08-29,DELIVERED
12656,12,437,2023-12-07,2024-01-08,IN_TRANSIT
12657,12,463,2024-09-30,2024-11-08,DELIVERED
12658,9,241,2025-04-06,2025-04-30,DELIVERED
12659,9,476,2023-07-26,2023-08-13,DELIVERED
12660,19,334,2024-11-07,2024-11-27,DELIVERED
12661,7,21,2026-07-19,2026-08-05,DELIVERED
12662,19,265,2025-01-06,2025-01-16,DELAYED
12663,1,53,2024-11-29,2024-12-10,IN_TRANSIT
12664,17,275,2024-08-04,2024-09-10,DELIVERED
12665,1,428,2024-05-11,2024-06-01,IN_TRANSIT
12666,14,365,2023-05-06,2023-06-12,DELIVERED
12667,19,169,2025-03-18,2025-04-18,DELIVERED
12668,17,2,2023-09-18,2023-10-04,DELIVERED
12669,17,142,2023-07-02,2023-07-26,DELIVERED
12670,13,491,2025-12-09,2025-12-27,DELIVERED
12671,14,367,2024-03-22,2024-04-23,DELIVERED
12672,3,80,2025-07-13,2025-08-10,DELIVERED
12673,12,291,2024-01-20,2024-01-28,DELIVERED
12674,9,342,2023-09-18,2023-10-22,DELIVERED
12675,19,366,2025-02-09,2025-02-17,DELAYED
12676,7,409,2023-12-10,2024-01-08,DELAYED
12677,10,240,2024-10-07,2024-10-19,DELIVERED
12678,6,65,2024-09-29,2024-10-28,DELIVERED
12679,17,202,2026-03-05,2026-03-14,DELIVERED
12680,9,96,2024-08-31,2024-09-23,DELIVERED
12681,13,461,2025-04-29,2025-05-06,DELIVERED
12682,13,156,2024-02-07,2024-03-09,DELIVERED
12683,8,213,2023-02-11,2023-03-17,IN_TRANSIT
12684,13,276,2025-10-24,2025-11-13,DELIVERED
12685,4,359,2025-12-25,2026-01-04,DELIVERED
12686,8,4,2026-05-10,2026-05-25,IN_TRANSIT
12687,2,317,2024-04-09,2024-05-13,DELIVERED
12688,10,351,2023-12-12,2023-12-25,DELAYED
12689,2,50,2023-12-10,2024-01-15,DELIVERED
12690,18,390,2024-10-13,2024-10-27,DELIVERED
12691,1,109,2025-11-01,2025-11-11,DELAYED
12692,2,361,2023-03-17,2023-04-06,DELIVERED
12693,10,309,2024-04-04,2024-04-24,DELIVERED
12694,5,99,2025-01-24,2025-02-07,DELIVERED
12695,12,224,2023-08-20,2023-09-17,DELIVERED
12696,20,330,2026-05-30,2026-06-23,DELIVERED
12697,6,438,2025-06-25,2025-07-22,DELIVERED
12698,1,456,2024-09-05,2024-09-18,DELIVERED
12699,4,138,2026-08-24,2026-09-14,DELAYED
12700,4,482,2025-12-18,2025-12-31,DELIVERED
12701,13,300,2025-02-17,2025-03-28,DELAYED
12702,20,491,2024-02-12,2024-03-18,IN_TRANSIT
12703,8,86,2026-09-03,2026-09-16,DELIVERED
12704,20,391,2024-09-28,2024-11-06,DELIVERED
12705,10,395,2025-10-31,2025-12-01,DELIVERED
12706,4,204,2026-05-31,2026-06-12,IN_TRANSIT
12707,16,296,2023-05-17,2023-05-29,DELIVERED
12708,6,390,2023-06-24,2023-07-03,DELIVERED
12709,17,44,2023-08-04,2023-09-09,DELIVERED
12710,3,228,2024-08-21,2024-08-31,DELIVERED
12711,12,272,2026-05-29,2026-06-12,DELIVERED
12712,18,201,2024-09-08,2024-09-20,IN_TRANSIT
12713,11,233,2023-01-21,2023-02-09,IN_TRANSIT
12714,2,175,2025-02-03,2025-02-26,DELIVERED
12715,7,28,2023-12-25,2024-01-28,DELIVERED
12716,5,490,2023-04-28,2023-05-03,DELIVERED
12717,13,81,2026-03-01,2026-03-29,DELIVERED
12718,10,277,2024-06-04,2024-06-15,DELIVERED
12719,15,179,2025-04-20,2025-05-06,DELIVERED
12720,19,114,2023-09-04,2023-10-05,IN_TRANSIT
12721,4,460,2024-10-07,2024-10-23,DELIVERED
12722,17,286,2024-09-10,2024-10-16,DELAYED
12723,10,56,2023-07-25,2023-08-11,DELIVERED
12724,18,24,2023-10-28,2023-11-18,DELIVERED
12725,8,463,2025-01-09,2025-01-24,DELIVERED
12726,4,194,2025-02-16,2025-03-16,DELIVERED
12727,13,38,2024-11-02,2024-11-13,DELIVERED
12728,15,26,2023-08-17,2023-09-25,DELIVERED
12729,18,336,2025-07-04,2025-07-19,IN_TRANSIT
12730,4,102,2023-02-26,2023-03-12,IN_TRANSIT
12731,1,255,2025-05-13,2025-05-24,IN_TRANSIT
12732,10,147,2023-03-09,2023-04-05,DELIVERED
12733,14,309,2023-12-02,2023-12-15,DELIVERED
12734,18,60,2023-07-29,2023-08-21,DELIVERED
12735,16,370,2026-06-08,2026-07-03,DELIVERED
12736,13,255,2023-06-17,2023-07-24,DELIVERED
12737,1,416,2023-03-31,2023-04-07,DELIVERED
12738,20,424,2026-09-22,2026-10-08,DELIVERED
12739,3,62,2023-01-31,2023-02-26,DELIVERED
12740,5,42,2024-09-04,2024-09-28,DELIVERED
12741,20,474,2023-07-16,2023-07-24,DELIVERED
12742,15,39,2024-07-21,2024-08-26,DELAYED
12743,8,73,2025-04-17,2025-05-02,DELAYED
12744,3,464,2023-03-23,2023-04-04,DELIVERED
12745,5,236,2026-04-20,2026-05-18,DELAYED
12746,7,245,2025-11-29,2025-12-12,IN_TRANSIT
12747,20,469,2025-12-30,2026-01-05,DELIVERED
12748,9,452,2025-02-01,2025-02-19,IN_TRANSIT
12749,11,481,2024-11-25,2024-12-01,DELIVERED
12750,12,427,2026-03-05,2026-03-26,DELIVERED
12751,19,488,2025-11-23,2025-12-10,DELIVERED
12752,10,480,2026-04-25,2026-05-10,DELIVERED
12753,18,412,2023-06-23,2023-06-28,DELIVERED
12754,3,284,2023-08-25,2023-08-30,IN_TRANSIT
12755,16,472,2025-10-28,2025-11-08,DELIVERED
12756,11,148,2025-12-25,2025-12-30,DELIVERED
12757,1,194,2023-08-14,2023-09-04,DELIVERED
12758,4,333,2025-12-04,2025-12-27,DELAYED
12759,12,281,2023-05-01,2023-05-16,DELIVERED
12760,8,446,2023-09-24,2023-11-01,DELIVERED
12761,4,39,2026-03-11,2026-04-05,DELIVERED
12762,19,173,2023-03-31,2023-05-08,DELIVERED
12763,14,420,2024-10-10,2024-11-01,DELIVERED
12764,15,172,2025-07-14,2025-07-24,DELIVERED
12765,8,315,2026-01-22,2026-02-15,DELIVERED
12766,3,225,2025-10-29,2025-11-05,DELIVERED
12767,18,441,2023-10-30,2023-11-16,DELIVERED
12768,11,358,2024-03-03,2024-04-10,DELIVERED
12769,14,450,2024-10-31,2024-11-28,DELIVERED
12770,2,220,2024-08-14,2024-09-08,DELIVERED
12771,3,472,2024-08-11,2024-09-11,DELIVERED
12772,7,286,2023-08-18,2023-09-19,DELIVERED
12773,15,438,2026-03-21,2026-03-31,DELIVERED
12774,1,294,2024-08-29,2024-09-21,DELIVERED
12775,2,367,2024-04-22,2024-05-10,DELIVERED
12776,4,230,2023-08-13,2023-09-06,DELIVERED
12777,3,32,2025-04-08,2025-05-17,DELIVERED
12778,19,430,2024-07-28,2024-08-08,DELIVERED
12779,13,153,2025-01-03,2025-02-05,IN_TRANSIT
12780,6,417,2026-07-20,2026-08-04,DELIVERED
12781,7,171,2023-03-10,2023-04-08,DELIVERED
12782,18,234,2026-07-31,2026-08-08,IN_TRANSIT
12783,3,330,2026-01-27,2026-02-13,DELIVERED
12784,20,445,2024-12-03,2025-01-02,DELIVERED
12785,12,463,2026-08-06,2026-08-24,IN_TRANSIT
12786,19,379,2023-05-03,2023-06-01,DELIVERED
12787,14,447,2023-10-16,2023-10-22,DELIVERED
12788,18,388,2023-02-23,2023-03-08,DELIVERED
12789,9,480,2026-07-20,2026-08-22,DELIVERED
12790,6,83,2025-03-29,2025-04-13,DELIVERED
12791,8,111,2024-12-16,2024-12-23,DELIVERED
12792,4,327,2023-09-28,2023-10-03,IN_TRANSIT
12793,20,270,2023-09-22,2023-10-14,DELIVERED
12794,16,180,2026-06-03,2026-07-03,DELAYED
12795,4,103,2025-08-30,2025-09-07,DELIVERED
12796,11,405,2024-08-14,2024-09-02,DELIVERED
12797,15,240,2023-02-11,2023-03-14,DELIVERED
12798,7,392,2025-08-30,2025-09-10,DELIVERED
12799,15,44,2026-10-01,2026-10-27,DELIVERED
12800,7,486,2023-06-18,2023-07-11,DELAYED
12801,19,195,2024-09-19,2024-10-04,DELIVERED
12802,13,276,2023-05-03,2023-05-12,DELAYED
12803,20,63,2026-04-02,2026-04-09,DELIVERED
12804,3,250,2026-08-30,2026-09-17,DELIVERED
12805,16,29,2023-03-30,2023-04-18,DELIVERED
12806,6,354,2023-06-21,2023-07-26,DELIVERED
12807,13,116,2023-06-11,2023-06-30,DELIVERED
12808,3,470,2025-12-21,2025-12-29,DELAYED
12809,4,381,2024-04-28,2024-05-08,DELIVERED
12810,6,177,2023-09-24,2023-10-25,DELIVERED
12811,2,16,2024-09-17,2024-09-28,IN_TRANSIT
12812,15,268,2023-03-08,2023-04-07,DELIVERED
12813,12,292,2024-07-19,2024-08-23,IN_TRANSIT
12814,17,433,2025-09-28,2025-10-07,DELIVERED
12815,5,370,2023-03-30,2023-04-21,DELAYED
12816,15,460,2023-08-14,2023-09-05,DELIVERED
12817,8,14,2024-12-21,2025-01-25,DELIVERED
12818,15,173,2024-10-28,2024-11-30,DELIVERED
12819,7,38,2024-11-28,2024-12-17,DELIVERED
12820,3,48,2025-07-28,2025-08-25,DELIVERED
12821,1,11,2023-06-09,2023-07-10,DELIVERED
12822,20,457,2023-02-13,2023-03-15,DELIVERED
12823,5,403,2026-04-10,2026-05-01,DELIVERED
12824,8,194,2024-02-24,2024-03-02,DELIVERED
12825,3,381,2025-11-01,2025-12-05,DELIVERED
12826,15,64,2023-02-17,2023-03-16,DELIVERED
12827,7,375,2023-10-09,2023-11-01,DELIVERED
12828,2,382,2025-08-04,2025-09-10,DELIVERED
12829,5,196,2024-09-14,2024-10-06,DELIVERED
12830,17,324,2025-04-05,2025-04-25,DELIVERED
12831,12,323,2024-11-29,2024-12-26,DELIVERED
12832,2,466,2026-06-15,2026-06-20,DELIVERED
12833,13,100,2026-02-07,2026-03-02,DELIVERED
12834,3,45,2024-02-24,2024-02-29,DELIVERED
12835,5,255,2023-12-13,2024-01-13,DELIVERED
12836,1,45,2023-04-28,2023-05-14,DELIVERED
12837,15,137,2023-03-22,2023-04-13,DELIVERED
12838,10,430,2024-10-09,2024-11-12,DELAYED
12839,11,102,2023-01-21,2023-02-22,DELIVERED
12840,1,482,2024-02-08,2024-02-16,DELIVERED
12841,20,322,2026-07-17,2026-08-17,DELAYED
12842,14,289,2026-08-24,2026-09-23,DELIVERED
12843,2,250,2025-01-27,2025-02-14,DELIVERED
12844,17,393,2026-01-04,2026-01-09,DELIVERED
12845,10,260,2025-09-16,2025-10-20,DELIVERED
12846,4,13,2024-05-04,2024-05-11,DELIVERED
12847,18,206,2025-02-07,2025-03-12,DELIVERED
12848,20,425,2024-09-05,2024-09-16,DELIVERED
12849,14,36,2026-06-17,2026-07-25,DELAYED
12850,10,389,2024-11-14,2024-11-19,DELIVERED
12851,15,69,2025-04-19,2025-05-04,DELIVERED
12852,1,287,2026-06-27,2026-07-27,DELIVERED
12853,2,436,2025-07-24,2025-08-21,DELIVERED
12854,5,172,2025-03-01,2025-04-05,DELIVERED
12855,18,164,2024-06-01,2024-06-07,DELIVERED
12856,13,434,2025-01-05,2025-02-05,DELIVERED
12857,10,206,2025-07-26,2025-08-04,DELIVERED
12858,20,400,2024-02-18,2024-03-23,DELIVERED
12859,18,425,2025-11-29,2025-12-13,DELIVERED
12860,7,311,2025-11-24,2025-12-16,DELIVERED
12861,5,391,2024-02-27,2024-04-01,DELAYED
12862,6,439,2025-08-30,2025-09-06,DELIVERED
12863,8,193,2025-08-10,2025-08-29,DELIVERED
12864,11,237,2026-06-11,2026-07-10,DELIVERED
12865,14,434,2023-10-22,2023-10-29,DELIVERED
12866,12,478,2024-02-27,2024-04-05,DELIVERED
12867,14,36,2025-07-17,2025-07-24,DELIVERED
12868,9,412,2024-11-01,2024-12-04,DELIVERED
12869,6,91,2023-12-12,2024-01-05,DELIVERED
12870,10,90,2024-09-25,2024-10-07,DELIVERED
12871,14,14,2025-11-16,2025-12-09,IN_TRANSIT
12872,7,244,2024-11-25,2024-12-28,DELIVERED
12873,9,322,2024-03-03,2024-03-20,IN_TRANSIT
12874,15,138,2024-02-21,2024-03-08,DELIVERED
12875,2,72,2025-12-31,2026-02-04,DELIVERED
12876,12,410,2023-10-09,2023-11-07,DELIVERED
12877,17,224,2024-11-04,2024-12-01,IN_TRANSIT
12878,2,252,2025-02-20,2025-03-01,DELIVERED
12879,11,250,2026-01-03,2026-01-20,DELIVERED
12880,12,440,2025-02-14,2025-03-07,DELIVERED
12881,17,276,2025-03-16,2025-03-21,IN_TRANSIT
12882,19,84,2026-05-23,2026-06-01,DELIVERED
12883,15,281,2026-07-26,2026-08-31,DELIVERED
12884,12,180,2026-07-19,2026-08-20,IN_TRANSIT
12885,16,283,2026-03-09,2026-04-07,DELIVERED
12886,1,109,2023-12-31,2024-01-21,DELIVERED
12887,2,133,2023-04-15,2023-05-18,DELIVERED
12888,15,316,2023-10-16,2023-10-26,DELIVERED
12889,15,35,2025-07-10,2025-07-25,IN_TRANSIT
12890,6,298,2024-04-23,2024-05-25,DELIVERED
12891,8,278,2026-06-20,2026-06-29,DELIVERED
12892,3,8,2024-07-07,2024-07-13,DELIVERED
12893,3,483,2024-09-27,2024-10-05,DELIVERED
12894,19,235,2024-08-26,2024-09-09,DELAYED
12895,17,480,2023-08-02,2023-09-10,DELIVERED
12896,12,311,2023-04-05,2023-05-12,DELIVERED
12897,11,367,2025-12-26,2026-01-28,DELIVERED
12898,16,84,2023-06-10,2023-06-29,DELIVERED
12899,7,233,2025-10-20,2025-11-15,IN_TRANSIT
12900,14,426,2025-09-01,2025-09-14,DELIVERED
12901,2,238,2024-12-10,2024-12-23,DELIVERED
12902,15,404,2026-02-17,2026-03-10,DELIVERED
12903,18,479,2025-11-06,2025-12-03,IN_TRANSIT
12904,2,126,2025-02-05,2025-03-15,DELIVERED
12905,13,336,2024-09-20,2024-10-09,DELIVERED
12906,2,128,2023-11-10,2023-11-26,DELIVERED
12907,11,273,2024-08-15,2024-08-31,DELAYED
12908,9,243,2026-09-04,2026-09-23,DELIVERED
12909,7,474,2026-06-14,2026-06-21,DELIVERED
12910,20,379,2025-09-20,2025-10-03,DELAYED
12911,2,358,2026-09-27,2026-10-04,DELIVERED
12912,16,101,2026-02-20,2026-03-30,DELIVERED
12913,20,139,2026-02-25,2026-03-10,DELIVERED
12914,11,190,2023-01-30,2023-02-19,DELIVERED
12915,11,7,2026-02-20,2026-03-25,DELIVERED
12916,4,148,2026-03-05,2026-04-06,IN_TRANSIT
12917,6,409,2025-01-13,2025-01-20,DELIVERED
12918,16,384,2023-02-03,2023-02-27,DELIVERED
12919,1,258,2025-02-07,2025-02-19,DELAYED
12920,3,92,2024-08-01,2024-08-29,DELAYED
12921,1,134,2025-02-08,2025-02-28,DELIVERED
12922,16,218,2026-01-03,2026-02-06,DELAYED
12923,8,263,2024-03-21,2024-04-10,DELIVERED
12924,15,114,2024-11-21,2024-12-21,DELAYED
12925,8,450,2026-08-13,2026-09-21,DELIVERED
12926,7,156,2023-11-13,2023-11-23,DELIVERED
12927,15,357,2023-04-25,2023-05-08,DELIVERED
12928,4,298,2025-08-12,2025-09-03,DELIVERED
12929,6,47,2023-10-31,2023-11-13,DELIVERED
12930,6,477,2025-03-01,2025-03-25,DELIVERED
12931,1,206,2024-12-15,2024-12-28,DELIVERED
12932,17,445,2026-08-03,2026-09-06,DELIVERED
12933,7,448,2023-11-19,2023-12-16,DELIVERED
12934,9,84,2025-04-02,2025-04-13,DELIVERED
12935,5,38,2025-05-23,2025-06-13,DELIVERED
12936,13,496,2024-07-03,2024-08-10,DELIVERED
12937,10,434,2026-03-14,2026-03-20,DELAYED
12938,19,87,2024-11-11,2024-11-24,DELIVERED
12939,14,131,2025-06-05,2025-07-01,IN_TRANSIT
12940,4,325,2024-11-02,2024-12-04,DELIVERED
12941,9,424,2026-06-13,2026-06-29,DELIVERED
12942,10,228,2025-05-20,2025-06-16,DELIVERED
12943,4,430,2024-03-03,2024-03-14,DELIVERED
12944,10,302,2025-08-07,2025-08-22,DELIVERED
12945,8,115,2023-05-23,2023-06-09,DELIVERED
12946,4,257,2023-01-18,2023-02-07,DELIVERED
12947,18,264,2023-08-09,2023-09-11,DELIVERED
12948,6,267,2024-04-20,2024-05-12,DELIVERED
12949,14,233,2025-03-24,2025-04-24,DELIVERED
12950,4,120,2024-02-16,2024-03-10,DELIVERED
12951,12,106,2025-12-04,2026-01-03,DELIVERED
12952,16,212,2023-09-15,2023-10-15,DELIVERED
12953,7,250,2026-09-10,2026-10-16,DELIVERED
12954,4,184,2024-02-13,2024-03-21,DELAYED
12955,6,422,2023-12-09,2023-12-16,IN_TRANSIT
12956,9,437,2025-02-20,2025-03-23,IN_TRANSIT
12957,10,325,2026-01-21,2026-02-11,DELIVERED
12958,1,96,2026-06-13,2026-07-22,IN_TRANSIT
12959,20,115,2024-12-05,2024-12-22,DELAYED
12960,9,75,2023-06-07,2023-07-01,DELAYED
12961,17,296,2024-06-08,2024-06-29,DELIVERED
12962,10,309,2026-05-04,2026-05-10,DELIVERED
12963,15,449,2023-12-29,2024-01-11,DELAYED
12964,12,133,2025-12-22,2026-01-29,DELAYED
12965,17,460,2025-08-21,2025-09-19,DELAYED
12966,7,225,2024-11-27,2024-12-05,DELIVERED
12967,13,323,2025-11-24,2025-12-19,DELIVERED
12968,8,258,2024-08-11,2024-08-21,IN_TRANSIT
12969,8,282,2026-01-09,2026-02-11,DELIVERED
12970,13,51,2023-01-21,2023-02-01,DELIVERED
12971,2,1,2025-02-16,2025-03-13,DELIVERED
12972,9,402,2024-09-05,2024-10-05,IN_TRANSIT
12973,8,483,2024-08-24,2024-09-03,DELIVERED
12974,18,190,2025-05-15,2025-06-05,DELIVERED
12975,3,176,2023-03-08,2023-03-27,DELIVERED
12976,15,419,2026-04-21,2026-05-03,DELIVERED
12977,6,107,2025-09-29,2025-10-07,IN_TRANSIT
12978,14,391,2026-05-07,2026-05-13,DELIVERED
12979,7,305,2025-08-08,2025-09-06,DELIVERED
12980,7,276,2026-09-22,2026-09-28,DELIVERED
12981,1,227,2023-10-20,2023-11-04,DELIVERED
12982,13,266,2024-11-19,2024-11-24,DELIVERED
12983,16,309,2026-09-13,2026-09-30,DELIVERED
12984,9,254,2024-11-25,2024-12-20,DELIVERED
12985,3,49,2023-10-25,2023-11-14,DELIVERED
12986,6,123,2026-04-02,2026-04-28,DELIVERED
12987,19,498,2024-04-09,2024-04-21,DELIVERED
12988,13,234,2026-05-18,2026-06-26,DELAYED
12989,18,100,2025-12-10,2026-01-15,IN_TRANSIT
12990,4,465,2024-07-21,2024-08-19,DELIVERED
12991,5,431,2023-01-03,2023-01-22,DELIVERED
12992,20,462,2024-05-20,2024-05-26,DELIVERED
12993,7,257,2025-08-19,2025-08-28,DELIVERED
12994,1,500,2025-08-09,2025-09-03,DELIVERED
12995,15,124,2023-01-31,2023-03-01,DELIVERED
12996,16,88,2026-06-04,2026-06-16,DELIVERED
12997,18,148,2025-08-24,2025-09-17,DELIVERED
12998,7,319,2024-02-10,2024-02-29,DELIVERED
12999,17,210,2023-01-22,2023-02-06,DELIVERED
13000,17,381,2026-07-20,2026-08-12,DELIVERED
13001,18,236,2024-06-27,2024-08-05,DELIVERED
13002,15,497,2023-07-04,2023-07-11,DELAYED
13003,2,488,2023-03-14,2023-04-13,DELIVERED
13004,14,3,2026-03-29,2026-05-04,IN_TRANSIT
13005,18,99,2024-05-11,2024-06-03,DELIVERED
13006,6,170,2025-05-17,2025-06-03,DELAYED
13007,1,122,2024-05-24,2024-06-29,DELIVERED
13008,1,132,2023-09-30,2023-10-09,DELIVERED
13009,19,436,2025-06-19,2025-07-08,DELIVERED
13010,5,50,2023-04-10,2023-04-16,DELIVERED
13011,14,301,2026-05-28,2026-06-26,DELIVERED
13012,7,361,2023-07-28,2023-08-16,DELIVERED
13013,5,163,2024-02-25,2024-03-05,DELIVERED
13014,15,30,2024-02-23,2024-03-19,DELIVERED
13015,17,462,2025-07-21,2025-08-28,DELIVERED
13016,13,225,2026-05-30,2026-06-21,DELIVERED
13017,2,19,2025-04-20,2025-05-17,DELIVERED
13018,15,99,2024-11-13,2024-11-25,DELAYED
13019,5,305,2024-01-14,2024-01-19,DELIVERED
13020,4,92,2024-11-05,2024-11-14,DELIVERED
13021,14,325,2023-03-15,2023-04-19,DELIVERED
13022,16,6,2025-01-11,2025-02-07,DELIVERED
13023,11,335,2023-12-14,2024-01-04,DELAYED
13024,2,300,2024-12-15,2024-12-31,IN_TRANSIT
13025,4,373,2024-07-13,2024-07-19,IN_TRANSIT
13026,13,306,2023-03-10,2023-04-12,DELIVERED
13027,5,383,2024-10-08,2024-10-17,IN_TRANSIT
13028,13,312,2023-10-25,2023-11-25,DELIVERED
13029,4,239,2025-08-04,2025-08-24,DELIVERED
13030,16,347,2023-10-04,2023-10-31,DELIVERED
13031,7,351,2025-12-22,2026-01-03,DELIVERED
13032,10,437,2024-10-05,2024-10-17,DELIVERED
13033,9,168,2026-01-23,2026-02-13,DELIVERED
13034,14,301,2026-07-07,2026-07-29,DELIVERED
13035,12,40,2023-02-08,2023-03-17,DELIVERED
13036,2,26,2025-10-03,2025-10-15,DELIVERED
13037,18,159,2025-09-08,2025-10-08,DELIVERED
13038,7,426,2026-08-19,2026-08-31,DELIVERED
13039,8,439,2025-07-03,2025-07-08,DELIVERED
13040,1,201,2025-01-30,2025-02-23,DELIVERED
13041,16,315,2023-06-19,2023-07-19,DELIVERED
13042,2,87,2025-04-24,2025-05-29,DELIVERED
13043,11,72,2023-10-20,2023-10-31,DELIVERED
13044,16,377,2025-09-03,2025-09-08,DELIVERED
13045,18,11,2025-11-04,2025-11-09,DELIVERED
13046,20,264,2025-02-06,2025-02-28,IN_TRANSIT
13047,2,91,2024-09-25,2024-11-01,DELIVERED
13048,6,217,2024-08-23,2024-09-13,DELIVERED
13049,10,382,2025-06-20,2025-07-23,DELAYED
13050,8,307,2023-05-14,2023-06-18,DELIVERED
13051,18,443,2024-07-13,2024-08-06,DELIVERED
13052,11,32,2025-01-21,2025-02-16,DELIVERED
13053,18,409,2024-01-06,2024-01-11,DELAYED
13054,11,467,2026-05-25,2026-06-08,DELIVERED
13055,20,256,2025-06-10,2025-06-28,DELIVERED
13056,3,20,2024-11-04,2024-11-10,DELIVERED
13057,3,123,2024-11-22,2024-12-08,DELAYED
13058,15,289,2023-06-28,2023-08-01,DELIVERED
13059,11,1,2023-10-23,2023-11-02,DELIVERED
13060,15,91,2024-07-17,2024-08-06,DELAYED
13061,17,46,2023-07-13,2023-08-14,DELIVERED
13062,3,153,2024-11-10,2024-12-04,DELAYED
13063,16,3,2026-06-27,2026-07-11,DELIVERED
13064,16,369,2024-11-22,2024-12-19,DELIVERED
13065,15,283,2024-08-31,2024-09-18,DELIVERED
13066,20,123,2023-03-08,2023-03-22,DELIVERED
13067,6,468,2025-06-23,2025-07-29,DELIVERED
13068,13,379,2025-12-09,2026-01-13,DELAYED
13069,16,19,2025-01-03,2025-02-05,DELIVERED
13070,15,278,2025-02-11,2025-02-25,DELIVERED
13071,4,116,2025-10-15,2025-11-23,IN_TRANSIT
13072,16,271,2026-08-09,2026-08-29,DELIVERED
13073,6,442,2023-04-25,2023-05-28,DELIVERED
13074,13,58,2024-08-01,2024-08-16,DELIVERED
13075,10,445,2023-10-18,2023-11-21,DELIVERED
13076,13,91,2026-04-30,2026-05-07,IN_TRANSIT
13077,13,213,2024-07-14,2024-08-09,DELIVERED
13078,1,308,2023-09-01,2023-09-11,DELIVERED
13079,17,246,2024-01-04,2024-01-09,DELIVERED
13080,17,76,2024-01-17,2024-01-25,DELIVERED
13081,9,5,2024-07-26,2024-08-12,DELIVERED
13082,14,15,2025-08-01,2025-08-20,DELIVERED
13083,4,25,2025-07-17,2025-08-17,DELIVERED
13084,18,335,2025-12-28,2026-01-22,DELIVERED
13085,16,366,2026-05-07,2026-05-28,DELIVERED
13086,7,105,2025-04-20,2025-05-12,DELAYED
13087,1,391,2025-03-09,2025-03-26,DELIVERED
13088,3,436,2024-04-14,2024-04-25,DELIVERED
13089,7,409,2024-04-11,2024-04-23,DELIVERED
13090,6,89,2023-03-30,2023-04-22,DELIVERED
13091,19,158,2026-02-06,2026-02-22,DELIVERED
13092,10,358,2024-04-16,2024-05-04,DELIVERED
13093,5,311,2026-05-13,2026-05-28,DELIVERED
13094,17,206,2025-08-20,2025-09-23,IN_TRANSIT
13095,14,421,2026-04-16,2026-04-29,DELIVERED
13096,4,241,2024-09-19,2024-09-28,DELIVERED
13097,13,329,2023-05-10,2023-06-10,DELIVERED
13098,19,173,2026-08-12,2026-09-01,DELIVERED
13099,1,310,2025-05-13,2025-06-17,DELIVERED
13100,7,102,2025-12-12,2026-01-14,DELAYED
13101,14,408,2025-08-27,2025-09-20,DELIVERED
13102,11,233,2024-09-16,2024-10-23,DELIVERED
13103,1,97,2023-08-24,2023-09-10,DELIVERED
13104,10,493,2025-11-08,2025-12-08,DELIVERED
13105,7,453,2023-03-13,2023-03-19,DELAYED
13106,13,387,2024-10-03,2024-10-22,DELAYED
13107,17,253,2023-03-20,2023-04-25,DELIVERED
13108,15,49,2024-07-25,2024-08-16,DELIVERED
13109,13,443,2024-11-30,2024-12-06,DELIVERED
13110,10,401,2025-07-20,2025-07-25,DELIVERED
13111,18,149,2023-07-24,2023-08-26,DELIVERED
13112,3,30,2023-11-04,2023-11-23,DELAYED
13113,15,288,2024-03-06,2024-03-29,DELIVERED
13114,17,28,2026-09-01,2026-09-07,DELIVERED
13115,7,405,2023-07-31,2023-09-03,DELIVERED
13116,6,410,2023-11-24,2023-12-21,DELIVERED
13117,1,52,2023-01-25,2023-02-27,DELIVERED
13118,15,56,2025-08-01,2025-09-01,DELIVERED
13119,18,109,2023-10-02,2023-11-09,DELIVERED
13120,11,11,2025-09-21,2025-10-12,DELIVERED
13121,16,128,2025-12-14,2026-01-09,DELIVERED
13122,2,274,2025-06-04,2025-06-11,IN_TRANSIT
13123,2,73,2025-10-12,2025-11-05,DELIVERED
13124,19,208,2023-06-18,2023-06-26,DELIVERED
13125,12,455,2025-08-11,2025-09-17,DELIVERED
13126,4,391,2025-05-22,2025-06-12,DELIVERED
13127,14,204,2024-03-25,2024-04-26,IN_TRANSIT
13128,8,324,2023-02-15,2023-03-24,DELIVERED
13129,3,102,2025-03-21,2025-03-29,DELIVERED
13130,10,118,2025-05-05,2025-05-10,DELIVERED
13131,1,3,2024-10-10,2024-11-18,DELIVERED
13132,2,27,2024-08-15,2024-09-07,DELIVERED
13133,16,458,2025-02-13,2025-03-14,DELIVERED
13134,3,245,2026-07-01,2026-07-16,DELIVERED
13135,18,30,2024-01-21,2024-01-27,DELIVERED
13136,11,228,2024-11-15,2024-12-18,DELIVERED
13137,16,363,2023-05-27,2023-06-18,DELIVERED
13138,5,258,2026-06-16,2026-06-25,DELIVERED
13139,4,196,2026-06-24,2026-07-25,DELIVERED
13140,17,169,2023-06-01,2023-06-10,DELIVERED
13141,3,54,2023-02-14,2023-02-26,DELIVERED
13142,12,19,2024-06-12,2024-07-10,DELIVERED
13143,16,388,2026-07-17,2026-08-09,DELIVERED
13144,6,244,2025-10-07,2025-11-07,DELIVERED
13145,20,254,2025-08-02,2025-08-21,DELIVERED
13146,18,215,2023-03-09,2023-04-11,DELIVERED
13147,13,493,2026-04-11,2026-04-17,IN_TRANSIT
13148,10,95,2025-10-22,2025-11-19,DELIVERED
13149,11,401,2024-07-09,2024-07-25,DELIVERED
13150,17,58,2026-03-04,2026-04-09,DELIVERED
13151,15,291,2026-06-30,2026-08-08,DELIVERED
13152,20,486,2023-04-28,2023-05-16,DELAYED
13153,7,490,2025-09-10,2025-10-04,DELIVERED
13154,2,44,2025-11-15,2025-12-07,DELIVERED
13155,9,429,2024-09-02,2024-10-09,DELAYED
13156,2,150,2026-06-10,2026-06-24,DELAYED
13157,3,55,2023-02-06,2023-02-11,IN_TRANSIT
13158,14,307,2025-06-07,2025-07-07,DELIVERED
13159,10,259,2026-09-27,2026-10-15,DELIVERED
13160,17,382,2026-06-07,2026-07-11,DELIVERED
13161,5,103,2024-09-13,2024-10-17,DELIVERED
13162,15,30,2025-05-26,2025-06-10,DELIVERED
13163,12,296,2025-02-02,2025-02-28,DELAYED
13164,6,83,2026-02-01,2026-02-19,DELIVERED
13165,8,59,2026-04-12,2026-05-09,DELAYED
13166,11,129,2025-08-03,2025-08-27,DELIVERED
13167,3,41,2023-03-12,2023-04-01,DELIVERED
13168,4,26,2024-02-25,2024-03-28,DELIVERED
13169,1,169,2023-12-24,2024-01-17,IN_TRANSIT
13170,15,251,2026-09-22,2026-10-24,DELIVERED
13171,19,496,2025-05-19,2025-06-19,DELIVERED
13172,8,233,2023-04-28,2023-06-05,DELIVERED
13173,3,218,2025-06-19,2025-06-25,DELIVERED
13174,16,112,2023-06-12,2023-07-15,DELIVERED
13175,18,11,2023-06-08,2023-07-12,DELIVERED
13176,14,400,2025-06-30,2025-08-02,DELIVERED
13177,15,320,2026-06-04,2026-06-29,IN_TRANSIT
13178,8,190,2024-12-21,2024-12-30,DELAYED
13179,6,357,2023-10-10,2023-11-17,DELIVERED
13180,10,19,2023-03-04,2023-03-29,DELIVERED
13181,15,225,2023-01-11,2023-01-25,IN_TRANSIT
13182,12,102,2026-09-16,2026-09-26,DELIVERED
13183,8,258,2024-11-23,2024-12-21,DELIVERED
13184,19,50,2025-03-11,2025-04-06,DELIVERED
13185,6,453,2025-08-25,2025-09-19,DELAYED
13186,10,440,2024-04-30,2024-05-17,DELIVERED
13187,19,467,2026-06-05,2026-06-25,DELIVERED
13188,18,365,2025-04-29,2025-05-29,DELIVERED
13189,4,73,2023-06-23,2023-07-29,DELIVERED
13190,16,452,2025-07-19,2025-08-19,DELIVERED
13191,7,332,2024-05-26,2024-06-30,DELIVERED
13192,19,10,2024-11-06,2024-11-23,DELAYED
13193,19,306,2023-11-06,2023-11-16,DELIVERED
13194,20,35,2023-12-08,2023-12-27,DELIVERED
13195,13,420,2024-03-06,2024-03-31,DELIVERED
13196,14,299,2024-02-15,2024-02-24,DELIVERED
13197,3,61,2024-09-23,2024-10-19,DELIVERED
13198,4,477,2025-06-27,2025-08-04,DELIVERED
13199,3,393,2025-08-05,2025-08-29,DELIVERED
13200,11,409,2024-01-07,2024-01-15,DELIVERED
13201,19,273,2026-08-19,2026-09-04,DELIVERED
13202,20,359,2024-05-23,2024-06-26,DELIVERED
13203,11,471,2023-08-26,2023-09-22,DELIVERED
13204,3,34,2025-09-06,2025-09-26,IN_TRANSIT
13205,18,394,2024-12-03,2024-12-24,DELIVERED
13206,5,33,2024-01-22,2024-02-09,DELIVERED
13207,9,116,2026-01-17,2026-01-29,DELIVERED
13208,8,352,2026-02-06,2026-03-06,DELIVERED
13209,4,188,2023-05-27,2023-06-20,DELIVERED
13210,16,386,2023-08-11,2023-09-13,DELIVERED
13211,12,428,2026-07-16,2026-07-27,DELAYED
13212,19,9,2024-03-14,2024-04-17,DELIVERED
13213,14,41,2025-02-17,2025-03-25,DELAYED
13214,3,473,2026-05-09,2026-06-11,DELIVERED
13215,15,197,2024-04-22,2024-04-27,DELIVERED
13216,3,206,2024-02-26,2024-03-06,DELIVERED
13217,18,288,2025-09-12,2025-10-13,DELIVERED
13218,17,490,2024-02-24,2024-03-15,IN_TRANSIT
13219,12,52,2026-09-09,2026-09-26,DELIVERED
13220,6,114,2026-03-02,2026-03-11,DELIVERED
13221,16,189,2024-04-07,2024-04-18,DELIVERED
13222,20,288,2026-03-16,2026-04-10,DELIVERED
13223,8,413,2024-08-21,2024-09-10,IN_TRANSIT
13224,12,252,2023-02-10,2023-03-17,DELIVERED
13225,7,183,2025-01-30,2025-02-21,DELIVERED
13226,6,204,2023-08-25,2023-09-09,DELIVERED
13227,6,434,2025-09-23,2025-10-31,IN_TRANSIT
13228,7,120,2025-06-01,2025-07-07,DELIVERED
13229,8,463,2026-01-27,2026-03-02,DELIVERED
13230,5,279,2025-02-19,2025-03-25,DELIVERED
13231,4,184,2024-10-25,2024-11-05,DELIVERED
13232,6,273,2024-03-30,2024-04-20,DELIVERED
13233,16,160,2025-05-26,2025-06-20,DELIVERED
13234,6,427,2026-05-24,2026-06-17,DELIVERED
13235,1,439,2026-03-23,2026-04-30,DELIVERED
13236,10,7,2026-02-11,2026-03-14,DELIVERED
13237,13,212,2025-07-02,2025-07-17,DELIVERED
13238,5,374,2024-06-07,2024-06-15,DELIVERED
13239,12,476,2026-01-22,2026-02-27,DELIVERED
13240,13,225,2023-12-19,2024-01-14,DELIVERED
13241,14,336,2023-06-12,2023-07-20,DELIVERED
13242,5,2,2026-06-04,2026-06-19,DELIVERED
13243,9,318,2024-05-31,2024-06-05,DELIVERED
13244,15,17,2025-12-21,2026-01-03,DELIVERED
13245,6,268,2024-11-02,2024-11-17,DELAYED
13246,13,421,2024-05-07,2024-05-23,IN_TRANSIT
13247,20,477,2024-04-18,2024-05-22,DELAYED
13248,8,78,2023-07-17,2023-08-07,IN_TRANSIT
13249,17,469,2023-06-13,2023-07-20,DELIVERED
13250,3,306,2026-05-07,2026-05-21,DELIVERED
13251,4,95,2025-07-29,2025-08-10,DELIVERED
13252,14,82,2025-02-06,2025-02-20,IN_TRANSIT
13253,8,407,2025-01-05,2025-01-25,DELIVERED
13254,3,333,2024-08-27,2024-09-23,DELIVERED
13255,9,320,2026-04-15,2026-05-23,DELIVERED
13256,2,259,2026-06-28,2026-08-06,DELIVERED
13257,14,8,2024-05-18,2024-05-29,IN_TRANSIT
13258,1,103,2025-01-28,2025-02-11,DELIVERED
13259,12,1,2024-07-25,2024-08-07,DELAYED
13260,2,6,2024-04-26,2024-05-31,DELIVERED
13261,14,378,2023-06-17,2023-06-24,IN_TRANSIT
13262,3,100,2025-03-13,2025-04-01,DELIVERED
13263,15,415,2025-02-09,2025-03-07,DELIVERED
13264,18,353,2024-01-02,2024-01-29,IN_TRANSIT
13265,11,325,2025-02-16,2025-03-05,DELIVERED
13266,20,384,2024-07-20,2024-08-18,DELIVERED
13267,17,351,2025-03-20,2025-03-25,DELAYED
13268,2,36,2023-04-30,2023-05-05,DELIVERED
13269,10,188,2026-06-22,2026-06-27,DELIVERED
13270,1,423,2025-11-30,2026-01-03,DELIVERED
13271,1,345,2026-01-14,2026-01-26,DELIVERED
13272,4,485,2023-11-06,2023-12-04,DELIVERED
13273,9,354,2025-08-07,2025-09-02,DELIVERED
13274,6,234,2024-11-22,2024-12-02,DELIVERED
13275,1,421,2025-09-06,2025-09-21,DELIVERED
13276,6,128,2024-12-29,2025-02-02,DELIVERED
13277,15,215,2026-04-11,2026-05-14,DELIVERED
13278,18,44,2023-08-21,2023-09-02,IN_TRANSIT
13279,8,81,2026-01-25,2026-03-01,DELIVERED
13280,1,191,2023-04-02,2023-05-08,DELIVERED
13281,9,20,2025-11-10,2025-11-23,DELIVERED
13282,6,413,2025-01-06,2025-01-30,DELIVERED
13283,19,483,2023-11-22,2023-12-28,DELIVERED
13284,17,7,2023-11-25,2023-12-07,DELAYED
13285,11,493,2023-10-16,2023-11-08,DELIVERED
13286,12,357,2023-03-03,2023-03-20,DELIVERED
13287,2,339,2025-01-19,2025-02-23,IN_TRANSIT
13288,6,356,2024-05-23,2024-06-10,DELIVERED
13289,4,240,2025-01-14,2025-01-26,DELIVERED
13290,1,156,2025-04-05,2025-04-15,DELAYED
13291,12,119,2024-11-20,2024-11-27,DELIVERED
13292,14,479,2025-11-25,2025-12-04,DELIVERED
13293,20,238,2026-01-05,2026-02-08,DELIVERED
13294,16,315,2024-11-06,2024-12-03,DELIVERED
13295,15,368,2023-05-21,2023-06-17,DELIVERED
13296,10,96,2024-07-31,2024-08-22,DELIVERED
13297,12,129,2025-05-24,2025-06-13,DELIVERED
13298,10,415,2025-11-15,2025-12-14,DELAYED
13299,20,12,2025-02-14,2025-03-04,IN_TRANSIT
13300,2,475,2023-07-13,2023-08-03,DELIVERED
13301,6,485,2025-03-21,2025-03-26,DELIVERED
13302,14,309,2023-05-02,2023-05-18,DELIVERED
13303,7,252,2023-10-17,2023-11-10,DELIVERED
13304,13,423,2025-03-06,2025-03-19,DELIVERED
13305,2,229,2023-01-27,2023-03-07,DELIVERED
13306,4,439,2024-01-27,2024-02-16,DELIVERED
13307,7,77,2023-04-18,2023-04-23,DELIVERED
13308,14,313,2023-09-17,2023-10-05,DELIVERED
13309,13,494,2023-06-01,2023-06-14,IN_TRANSIT
13310,5,181,2026-02-22,2026-03-31,IN_TRANSIT
13311,14,126,2026-08-09,2026-09-15,DELIVERED
13312,13,237,2024-09-11,2024-10-20,DELIVERED
13313,10,441,2024-06-24,2024-07-12,DELIVERED
13314,12,362,2023-04-19,2023-04-30,IN_TRANSIT
13315,8,340,2025-03-15,2025-04-16,DELIVERED
13316,2,491,2026-05-17,2026-06-08,DELIVERED
13317,16,17,2025-09-01,2025-09-26,DELIVERED
13318,5,364,2025-09-17,2025-10-11,DELIVERED
13319,14,280,2024-06-14,2024-07-09,DELIVERED
13320,20,189,2023-07-12,2023-07-28,DELIVERED
13321,6,167,2026-02-14,2026-03-10,DELIVERED
13322,6,176,2023-10-26,2023-11-28,DELIVERED
13323,13,449,2024-02-18,2024-02-24,DELIVERED
13324,8,309,2025-11-27,2025-12-15,DELAYED
13325,7,196,2025-05-15,2025-05-21,DELAYED
13326,17,56,2025-01-07,2025-02-04,DELAYED
13327,16,283,2023-01-20,2023-01-26,DELIVERED
13328,13,143,2024-09-11,2024-09-27,DELIVERED
13329,4,464,2026-03-31,2026-05-06,DELIVERED
13330,18,494,2023-03-22,2023-04-06,DELIVERED
13331,18,466,2023-05-13,2023-06-09,DELIVERED
13332,4,273,2024-12-22,2025-01-15,IN_TRANSIT
13333,20,294,2024-02-08,2024-03-06,DELIVERED
13334,18,499,2025-07-24,2025-08-14,DELIVERED
13335,16,98,2024-01-18,2024-01-30,DELIVERED
13336,6,252,2025-02-27,2025-03-19,DELIVERED
13337,13,202,2024-04-16,2024-05-10,DELIVERED
13338,5,372,2023-07-31,2023-09-04,DELIVERED
13339,14,158,2026-06-14,2026-07-20,DELIVERED
13340,8,118,2024-07-27,2024-08-30,DELIVERED
13341,13,160,2026-07-28,2026-08-12,DELAYED
13342,17,268,2024-01-16,2024-02-01,DELIVERED
13343,1,198,2023-07-10,2023-08-11,DELIVERED
13344,16,264,2025-09-16,2025-10-25,IN_TRANSIT
13345,20,23,2026-09-10,2026-09-15,IN_TRANSIT
13346,18,382,2026-07-17,2026-08-15,IN_TRANSIT
13347,8,349,2025-01-26,2025-02-06,DELIVERED
13348,10,366,2026-05-22,2026-05-29,DELAYED
13349,5,424,2023-03-20,2023-04-04,DELAYED
13350,9,420,2023-03-07,2023-03-20,DELIVERED
13351,9,308,2025-06-02,2025-07-08,DELIVERED
13352,13,273,2023-02-18,2023-03-20,DELIVERED
13353,1,155,2026-06-13,2026-07-04,DELAYED
13354,15,208,2025-10-19,2025-10-30,DELIVERED
13355,19,147,2024-10-30,2024-11-07,DELIVERED
13356,6,67,2024-05-18,2024-06-18,DELIVERED
13357,4,221,2023-07-05,2023-07-30,IN_TRANSIT
13358,15,193,2023-04-11,2023-04-17,DELIVERED
13359,16,85,2025-06-02,2025-06-21,DELIVERED
13360,2,318,2024-12-04,2024-12-19,DELIVERED
13361,17,86,2025-10-31,2025-11-12,DELIVERED
13362,18,24,2026-04-01,2026-04-06,DELIVERED
13363,11,301,2023-04-01,2023-04-16,DELAYED
13364,19,321,2023-10-04,2023-10-30,DELAYED
13365,18,230,2025-11-11,2025-11-21,DELIVERED
13366,15,428,2025-01-16,2025-02-01,DELIVERED
13367,3,498,2023-08-02,2023-08-10,IN_TRANSIT
13368,1,218,2024-05-22,2024-06-18,DELAYED
13369,3,395,2023-09-26,2023-10-07,DELIVERED
13370,16,108,2024-07-21,2024-08-24,IN_TRANSIT
13371,18,358,2023-12-11,2023-12-29,DELIVERED
13372,12,215,2025-04-24,2025-05-27,DELIVERED
13373,13,77,2026-08-03,2026-08-21,DELIVERED
13374,6,466,2025-07-02,2025-07-09,DELIVERED
13375,4,103,2023-02-20,2023-03-30,DELAYED
13376,11,497,2026-02-14,2026-03-17,DELIVERED
13377,20,4,2026-06-01,2026-06-13,DELIVERED
13378,6,230,2025-10-02,2025-10-26,IN_TRANSIT
13379,5,29,2025-09-24,2025-10-13,DELIVERED
13380,13,430,2025-09-20,2025-10-20,DELIVERED
13381,1,379,2026-07-29,2026-09-01,DELIVERED
13382,12,122,2024-09-11,2024-09-24,DELIVERED
13383,14,368,2024-08-06,2024-08-24,DELIVERED
13384,8,305,2023-12-07,2024-01-04,DELIVERED
13385,19,438,2023-05-21,2023-06-24,DELAYED
13386,12,69,2023-02-28,2023-03-17,IN_TRANSIT
13387,20,277,2026-07-05,2026-08-12,DELAYED
13388,3,2,2025-09-26,2025-10-11,DELIVERED
13389,1,5,2023-04-08,2023-04-20,DELIVERED
13390,17,496,2024-04-08,2024-05-12,DELIVERED
13391,6,398,2024-01-26,2024-02-15,IN_TRANSIT
13392,12,40,2024-10-24,2024-11-09,DELIVERED
13393,14,152,2024-06-13,2024-07-19,DELIVERED
13394,4,79,2026-08-25,2026-10-02,DELIVERED
13395,9,297,2025-01-01,2025-01-08,DELIVERED
13396,3,411,2025-03-11,2025-04-13,DELIVERED
13397,10,382,2026-03-18,2026-03-25,DELIVERED
13398,3,87,2025-08-25,2025-09-26,DELIVERED
13399,6,171,2024-05-24,2024-06-02,DELIVERED
13400,20,367,2024-12-04,2024-12-21,IN_TRANSIT
13401,10,207,2026-07-11,2026-08-13,DELAYED
13402,19,176,2023-04-07,2023-05-12,DELIVERED
13403,12,488,2026-09-09,2026-10-02,DELAYED
13404,12,77,2023-08-03,2023-09-06,DELIVERED
13405,1,84,2026-08-17,2026-08-25,DELIVERED
13406,19,53,2026-06-08,2026-06-15,DELIVERED
13407,11,24,2023-11-10,2023-11-29,IN_TRANSIT
13408,14,351,2023-08-03,2023-08-29,DELIVERED
13409,17,7,2023-11-10,2023-12-16,IN_TRANSIT
13410,1,287,2025-09-07,2025-10-15,DELIVERED
13411,14,24,2023-11-10,2023-12-19,DELIVERED
13412,15,300,2024-08-24,2024-09-15,DELIVERED
13413,20,268,2025-08-09,2025-08-14,IN_TRANSIT
13414,19,4,2023-01-21,2023-02-12,DELIVERED
13415,7,304,2026-06-29,2026-07-30,DELIVERED
13416,17,465,2023-07-27,2023-08-20,DELIVERED
13417,12,454,2025-08-17,2025-09-22,DELAYED
13418,12,17,2024-11-01,2024-11-11,DELIVERED
13419,10,92,2023-05-30,2023-06-13,DELAYED
13420,5,260,2024-11-29,2025-01-05,DELIVERED
13421,3,426,2024-02-14,2024-03-06,DELIVERED
13422,3,217,2023-10-07,2023-10-13,DELIVERED
13423,1,67,2025-08-22,2025-09-26,DELIVERED
13424,8,334,2026-07-15,2026-08-18,DELAYED
13425,4,370,2023-11-11,2023-11-20,DELIVERED
13426,6,390,2025-10-23,2025-11-27,DELIVERED
13427,18,87,2025-01-12,2025-01-25,IN_TRANSIT
13428,8,144,2023-12-31,2024-01-12,DELIVERED
13429,14,280,2024-03-21,2024-04-08,DELIVERED
13430,10,142,2024-03-30,2024-05-03,DELIVERED
13431,10,187,2023-07-28,2023-08-25,IN_TRANSIT
13432,16,430,2026-07-03,2026-07-16,DELIVERED
13433,1,28,2024-11-27,2024-12-06,DELIVERED
13434,18,385,2024-12-01,2024-12-21,DELIVERED
13435,14,424,2025-08-24,2025-09-25,DELIVERED
13436,19,407,2024-02-17,2024-03-23,DELIVERED
13437,4,442,2024-07-06,2024-07-24,IN_TRANSIT
13438,10,410,2024-11-15,2024-12-10,DELIVERED
13439,6,92,2024-12-19,2025-01-20,DELIVERED
13440,17,438,2025-06-05,2025-07-10,DELIVERED
13441,15,404,2023-09-12,2023-09-27,DELIVERED
13442,5,407,2024-02-06,2024-03-01,IN_TRANSIT
13443,1,112,2024-03-09,2024-04-03,DELIVERED
13444,9,345,2024-06-01,2024-07-10,DELAYED
13445,13,397,2023-11-02,2023-11-23,DELIVERED
13446,18,171,2026-06-29,2026-08-06,DELIVERED
13447,16,40,2026-01-22,2026-03-01,DELIVERED
13448,18,153,2023-04-11,2023-05-19,DELIVERED
13449,6,391,2024-07-09,2024-07-28,DELIVERED
13450,9,259,2023-08-04,2023-08-27,DELIVERED
13451,8,240,2025-08-24,2025-09-27,DELIVERED
13452,14,82,2025-12-09,2025-12-19,DELIVERED
13453,5,197,2023-11-10,2023-11-19,DELIVERED
13454,17,342,2026-01-28,2026-03-06,DELIVERED
13455,20,159,2024-11-02,2024-11-19,DELIVERED
13456,11,212,2024-12-05,2024-12-14,DELIVERED
13457,15,162,2025-03-08,2025-04-09,DELIVERED
13458,5,222,2024-02-24,2024-03-29,DELIVERED
13459,10,68,2026-08-11,2026-09-14,DELIVERED
13460,8,311,2025-01-16,2025-02-21,DELIVERED
13461,13,155,2024-05-26,2024-05-31,DELIVERED
13462,3,235,2024-08-18,2024-09-12,DELIVERED
13463,16,362,2023-02-04,2023-02-21,DELIVERED
13464,6,379,2025-10-04,2025-10-12,DELIVERED
13465,19,9,2025-09-27,2025-10-28,DELIVERED
13466,10,154,2023-10-31,2023-12-03,DELAYED
13467,14,236,2023-06-11,2023-07-15,DELAYED
13468,15,260,2023-02-12,2023-02-26,IN_TRANSIT
13469,15,138,2023-12-03,2024-01-09,DELIVERED
13470,18,416,2023-04-09,2023-04-15,DELIVERED
13471,7,180,2024-06-29,2024-08-03,DELIVERED
13472,2,297,2023-05-23,2023-06-11,DELIVERED
13473,7,115,2024-02-01,2024-02-17,DELIVERED
13474,11,49,2025-09-04,2025-09-14,DELIVERED
13475,6,462,2024-09-30,2024-10-13,DELIVERED
13476,3,473,2023-07-31,2023-08-30,DELIVERED
13477,13,411,2024-05-08,2024-05-13,DELIVERED
13478,1,53,2025-02-04,2025-03-08,DELIVERED
13479,9,158,2026-02-20,2026-03-02,DELIVERED
13480,16,142,2026-02-27,2026-03-10,IN_TRANSIT
13481,20,213,2026-07-06,2026-08-12,DELIVERED
13482,11,148,2026-04-30,2026-05-15,DELIVERED
13483,1,373,2023-04-01,2023-04-18,DELIVERED
13484,12,427,2024-09-23,2024-10-27,DELIVERED
13485,19,305,2025-06-12,2025-06-26,DELIVERED
13486,6,253,2025-08-01,2025-08-29,DELIVERED
13487,2,78,2024-01-20,2024-01-27,DELIVERED
13488,12,202,2023-10-26,2023-11-29,DELIVERED
13489,19,54,2023-05-04,2023-05-21,DELIVERED
13490,14,460,2024-12-19,2025-01-01,DELIVERED
13491,8,241,2025-05-07,2025-05-12,DELIVERED
13492,14,139,2025-04-07,2025-04-25,DELIVERED
13493,14,84,2024-02-17,2024-02-29,DELIVERED
13494,11,43,2024-12-28,2025-01-20,DELIVERED
13495,15,283,2026-03-25,2026-04-22,DELIVERED
13496,12,286,2026-06-18,2026-07-16,DELIVERED
13497,9,189,2023-02-14,2023-03-10,DELIVERED
13498,12,13,2026-03-05,2026-03-11,DELAYED
13499,15,208,2026-06-03,2026-07-05,DELIVERED
13500,17,130,2026-04-28,2026-05-16,DELIVERED
13501,6,411,2025-03-13,2025-03-19,DELIVERED
13502,3,204,2026-08-12,2026-09-20,DELIVERED
13503,13,212,2024-04-19,2024-05-07,DELIVERED
13504,13,93,2026-03-04,2026-04-11,DELIVERED
13505,12,383,2023-12-29,2024-01-30,DELIVERED
13506,7,212,2025-06-27,2025-07-02,IN_TRANSIT
13507,11,45,2025-04-14,2025-05-04,DELIVERED
13508,10,65,2025-11-18,2025-12-15,DELIVERED
13509,2,355,2025-12-29,2026-01-29,DELIVERED
13510,9,182,2023-04-27,2023-05-21,DELAYED
13511,9,204,2026-06-22,2026-07-10,IN_TRANSIT
13512,16,437,2023-11-16,2023-11-25,DELAYED
13513,16,249,2026-07-29,2026-08-23,DELAYED
13514,14,179,2023-07-15,2023-08-02,DELIVERED
13515,4,85,2026-04-02,2026-04-10,DELIVERED
13516,3,132,2023-01-20,2023-01-26,DELIVERED
13517,7,370,2024-09-02,2024-10-03,DELIVERED
13518,6,149,2025-02-10,2025-03-04,DELIVERED
13519,10,103,2023-04-23,2023-05-17,DELAYED
13520,10,265,2023-02-22,2023-03-19,DELIVERED
13521,12,114,2024-06-15,2024-06-30,DELIVERED
13522,17,403,2023-10-07,2023-10-14,DELIVERED
13523,18,27,2026-08-28,2026-09-10,DELAYED
13524,7,203,2024-01-07,2024-01-27,DELIVERED
13525,15,459,2024-08-23,2024-10-01,DELIVERED
13526,3,202,2023-11-08,2023-11-25,DELIVERED
13527,6,339,2025-02-18,2025-03-21,DELIVERED
13528,10,283,2023-09-24,2023-10-11,DELIVERED
13529,1,217,2024-03-28,2024-04-29,IN_TRANSIT
13530,4,245,2023-12-09,2024-01-10,DELIVERED
13531,15,220,2024-05-08,2024-05-21,DELIVERED
13532,8,448,2025-06-18,2025-06-30,IN_TRANSIT
13533,3,101,2024-08-10,2024-09-18,DELIVERED
13534,8,72,2024-02-21,2024-03-12,DELIVERED
13535,19,66,2024-09-16,2024-10-19,IN_TRANSIT
13536,10,130,2025-06-02,2025-07-07,DELIVERED
13537,12,34,2024-03-20,2024-04-21,DELIVERED
13538,3,450,2025-08-19,2025-09-06,DELIVERED
13539,9,143,2025-03-25,2025-05-02,DELIVERED
13540,14,403,2025-12-09,2026-01-04,DELIVERED
13541,12,196,2024-05-25,2024-07-01,DELIVERED
13542,4,192,2024-02-26,2024-03-07,DELIVERED
13543,9,189,2026-02-06,2026-03-04,DELIVERED
13544,4,95,2025-05-26,2025-06-02,DELIVERED
13545,3,209,2023-05-24,2023-06-15,DELIVERED
13546,5,449,2025-01-27,2025-02-09,DELIVERED
13547,16,190,2024-08-20,2024-09-20,DELIVERED
13548,6,408,2024-10-07,2024-11-15,DELIVERED
13549,7,37,2023-06-23,2023-07-01,DELIVERED
13550,4,257,2023-02-14,2023-03-13,DELIVERED
13551,9,489,2023-04-30,2023-05-18,DELIVERED
13552,9,330,2026-03-26,2026-04-05,DELIVERED
13553,8,341,2024-03-11,2024-03-17,DELIVERED
13554,12,413,2025-09-01,2025-10-02,DELAYED
13555,6,65,2024-09-19,2024-10-07,DELAYED
13556,5,381,2023-11-17,2023-12-23,DELAYED
13557,2,329,2025-11-01,2025-11-11,DELAYED
13558,2,157,2024-09-17,2024-10-18,DELAYED
13559,16,429,2025-06-20,2025-07-02,DELIVERED
13560,12,292,2023-07-19,2023-08-26,DELAYED
13561,19,333,2026-07-18,2026-07-30,DELIVERED
13562,20,433,2026-06-21,2026-07-02,DELAYED
13563,16,39,2024-10-23,2024-12-01,DELIVERED
13564,14,172,2023-04-20,2023-05-21,DELIVERED
13565,17,131,2025-05-03,2025-05-24,DELIVERED
13566,8,412,2024-10-01,2024-10-19,IN_TRANSIT
13567,2,228,2025-10-14,2025-11-02,DELIVERED
13568,5,471,2025-01-01,2025-01-15,IN_TRANSIT
13569,8,247,2023-04-18,2023-05-09,DELIVERED
13570,12,218,2023-12-18,2024-01-09,IN_TRANSIT
13571,15,417,2026-01-17,2026-02-17,DELIVERED
13572,12,473,2025-01-03,2025-01-19,DELIVERED
13573,5,425,2023-03-16,2023-04-13,DELIVERED
13574,16,406,2025-11-29,2025-12-24,DELIVERED
13575,10,52,2023-07-11,2023-07-25,DELIVERED
13576,3,80,2025-10-11,2025-11-16,DELIVERED
13577,9,376,2025-03-09,2025-03-30,DELIVERED
13578,17,463,2024-02-19,2024-03-22,DELIVERED
13579,5,370,2024-11-17,2024-11-27,DELIVERED
13580,9,399,2023-11-28,2023-12-14,IN_TRANSIT
13581,11,389,2025-08-28,2025-09-21,DELAYED
13582,16,75,2023-06-14,2023-07-02,DELIVERED
13583,12,315,2026-09-27,2026-10-31,DELIVERED
13584,9,335,2024-12-16,2025-01-16,DELIVERED
13585,2,195,2024-03-10,2024-03-24,DELIVERED
13586,15,13,2023-12-21,2024-01-15,DELAYED
13587,18,98,2023-11-17,2023-12-18,DELIVERED
13588,20,87,2023-06-29,2023-07-05,DELIVERED
13589,17,94,2024-04-15,2024-05-13,DELIVERED
13590,19,196,2023-08-13,2023-09-18,DELIVERED
13591,1,360,2023-07-20,2023-08-07,DELIVERED
13592,1,211,2025-06-13,2025-06-19,DELIVERED
13593,2,176,2024-12-19,2025-01-22,DELIVERED
13594,5,453,2026-08-19,2026-09-01,DELIVERED
13595,18,181,2024-03-16,2024-04-04,DELIVERED
13596,12,429,2025-05-12,2025-06-04,DELIVERED
13597,5,255,2026-09-05,2026-09-23,DELAYED
13598,5,341,2026-09-08,2026-09-15,DELAYED
13599,11,247,2023-08-13,2023-09-21,IN_TRANSIT
13600,17,146,2023-02-11,2023-02-18,DELIVERED
13601,2,186,2023-10-13,2023-10-24,DELAYED
13602,15,156,2024-03-04,2024-04-10,IN_TRANSIT
13603,4,204,2024-06-04,2024-06-14,DELIVERED
13604,4,5,2025-08-20,2025-08-31,DELIVERED
13605,17,264,2023-08-04,2023-09-05,DELIVERED
13606,14,288,2026-03-26,2026-04-22,DELAYED
13607,14,100,2023-12-02,2023-12-16,DELIVERED
13608,20,86,2025-09-18,2025-10-17,DELIVERED
13609,8,165,2023-06-21,2023-07-11,DELIVERED
13610,9,84,2023-02-04,2023-02-27,DELIVERED
13611,13,219,2024-01-31,2024-02-05,DELIVERED
13612,13,6,2024-09-28,2024-10-13,DELIVERED
13613,1,234,2024-01-08,2024-02-14,DELIVERED
13614,1,458,2025-10-23,2025-11-22,DELIVERED
13615,7,242,2026-01-09,2026-02-06,DELIVERED
13616,8,257,2024-07-12,2024-08-07,DELIVERED
13617,7,269,2023-07-09,2023-07-30,DELIVERED
13618,19,423,2025-04-21,2025-05-26,DELIVERED
13619,9,34,2026-05-26,2026-06-15,DELAYED
13620,12,198,2025-03-31,2025-05-04,DELIVERED
13621,18,96,2023-02-21,2023-03-16,DELIVERED
13622,20,347,2023-10-10,2023-10-20,DELIVERED
13623,12,484,2023-05-18,2023-06-12,DELIVERED
13624,3,343,2023-08-20,2023-08-28,DELIVERED
13625,12,275,2023-05-12,2023-05-27,DELIVERED
13626,1,144,2023-11-30,2024-01-07,DELIVERED
13627,14,161,2024-06-02,2024-07-06,DELIVERED
13628,1,399,2024-07-27,2024-08-21,DELIVERED
13629,13,384,2025-06-23,2025-07-19,DELIVERED
13630,7,61,2025-09-21,2025-10-23,DELIVERED
13631,18,418,2026-01-23,2026-02-06,DELAYED
13632,20,463,2023-11-09,2023-11-17,DELIVERED
13633,3,478,2025-03-19,2025-04-18,DELIVERED
13634,19,234,2023-03-01,2023-03-30,DELIVERED
13635,2,307,2025-01-03,2025-01-10,DELIVERED
13636,18,246,2025-02-07,2025-02-23,DELIVERED
13637,6,192,2026-04-22,2026-05-14,DELIVERED
13638,9,172,2026-08-27,2026-09-09,DELIVERED
13639,1,136,2024-10-14,2024-11-05,DELIVERED
13640,15,282,2024-03-25,2024-04-19,DELAYED
13641,4,143,2025-08-02,2025-08-23,DELIVERED
13642,2,3,2024-07-14,2024-08-20,DELIVERED
13643,7,392,2026-06-11,2026-07-20,DELIVERED
13644,15,377,2026-05-16,2026-06-10,DELIVERED
13645,14,121,2024-05-29,2024-06-30,DELIVERED
13646,10,323,2024-08-18,2024-09-08,DELIVERED
13647,14,494,2023-08-01,2023-08-11,DELIVERED
13648,12,64,2025-10-08,2025-10-14,DELIVERED
13649,10,399,2026-01-15,2026-02-21,DELAYED
13650,9,461,2026-05-20,2026-06-13,DELIVERED
13651,19,50,2025-04-05,2025-04-29,DELIVERED
13652,3,394,2023-12-05,2023-12-12,DELAYED
13653,15,121,2024-12-05,2025-01-01,DELIVERED
13654,8,478,2025-09-24,2025-10-18,DELIVERED
13655,15,416,2024-02-29,2024-03-23,IN_TRANSIT
13656,8,83,2025-06-12,2025-06-20,DELIVERED
13657,6,133,2025-02-17,2025-03-08,DELIVERED
13658,13,131,2023-04-13,2023-04-25,DELAYED
13659,13,143,2023-02-07,2023-02-24,DELIVERED
13660,6,110,2025-04-07,2025-04-26,DELIVERED
13661,16,456,2023-05-18,2023-06-12,DELIVERED
13662,7,466,2026-05-27,2026-06-08,DELAYED
13663,15,82,2024-09-21,2024-10-26,DELIVERED
13664,2,444,2026-07-10,2026-08-15,DELIVERED
13665,7,20,2025-02-25,2025-03-25,DELIVERED
13666,11,123,2023-06-20,2023-07-07,DELIVERED
13667,7,162,2023-09-27,2023-11-04,DELIVERED
13668,9,158,2023-07-17,2023-07-22,DELIVERED
13669,5,499,2024-05-01,2024-06-05,DELIVERED
13670,12,115,2024-11-09,2024-11-17,DELIVERED
13671,13,196,2026-07-04,2026-07-13,DELIVERED
13672,18,78,2026-09-21,2026-10-30,DELIVERED
13673,19,275,2026-04-26,2026-05-11,DELIVERED
13674,15,116,2024-02-15,2024-03-14,DELIVERED
13675,16,61,2026-06-08,2026-07-07,DELIVERED
13676,19,352,2026-08-27,2026-09-19,DELIVERED
13677,3,110,2025-08-18,2025-09-14,DELIVERED
13678,6,107,2025-08-09,2025-08-19,DELIVERED
13679,14,316,2024-08-10,2024-09-06,DELIVERED
13680,14,408,2026-08-09,2026-09-12,DELIVERED
13681,16,60,2023-01-03,2023-01-25,DELIVERED
13682,10,110,2023-06-12,2023-06-17,DELIVERED
13683,19,258,2024-05-22,2024-06-17,DELIVERED
13684,18,423,2025-08-23,2025-10-01,DELIVERED
13685,12,21,2023-04-09,2023-04-24,DELIVERED
13686,3,494,2025-08-13,2025-09-21,DELIVERED
13687,19,363,2023-03-25,2023-04-18,DELIVERED
13688,7,430,2024-11-05,2024-11-20,DELAYED
13689,18,94,2023-08-05,2023-08-27,DELIVERED
13690,15,85,2024-10-03,2024-10-22,DELIVERED
13691,10,66,2026-02-13,2026-03-05,IN_TRANSIT
13692,5,466,2024-03-18,2024-04-09,DELIVERED
13693,13,167,2026-06-04,2026-07-12,DELIVERED
13694,4,304,2024-11-08,2024-12-09,DELIVERED
13695,14,93,2025-06-01,2025-06-09,DELIVERED
13696,2,16,2023-05-12,2023-06-12,IN_TRANSIT
13697,12,488,2024-03-17,2024-04-18,DELIVERED
13698,5,274,2024-03-27,2024-04-19,DELIVERED
13699,11,377,2026-09-13,2026-09-26,DELAYED
13700,6,23,2025-07-17,2025-08-11,DELIVERED
13701,17,346,2024-07-09,2024-07-15,DELIVERED
13702,18,288,2024-02-29,2024-03-19,DELIVERED
13703,18,73,2023-06-23,2023-07-27,DELIVERED
13704,5,38,2025-10-19,2025-11-19,DELIVERED
13705,12,237,2023-01-23,2023-02-06,DELIVERED
13706,13,265,2026-01-03,2026-01-27,DELIVERED
13707,9,450,2024-06-16,2024-07-11,DELAYED
13708,18,391,2025-04-08,2025-04-30,DELIVERED
13709,18,54,2024-11-30,2024-12-18,DELIVERED
13710,19,101,2023-06-29,2023-07-12,DELIVERED
13711,18,257,2023-09-03,2023-09-30,DELIVERED
13712,20,204,2024-06-18,2024-07-26,DELIVERED
13713,17,38,2026-07-17,2026-07-22,DELIVERED
13714,11,375,2023-07-29,2023-08-30,DELAYED
13715,6,202,2025-05-17,2025-06-07,DELIVERED
13716,13,186,2024-10-01,2024-10-27,IN_TRANSIT
13717,8,117,2024-07-17,2024-07-25,IN_TRANSIT
13718,11,169,2026-06-12,2026-06-29,DELIVERED
13719,14,105,2025-06-16,2025-06-29,DELIVERED
13720,13,342,2024-06-28,2024-07-22,DELIVERED
13721,12,264,2026-02-14,2026-03-01,DELAYED
13722,4,462,2026-02-01,2026-02-18,DELIVERED
13723,15,329,2026-04-16,2026-05-04,DELAYED
13724,16,312,2026-09-18,2026-10-12,DELIVERED
13725,9,338,2025-09-28,2025-10-31,DELIVERED
13726,18,340,2023-12-11,2024-01-01,IN_TRANSIT
13727,7,22,2026-08-16,2026-09-19,DELIVERED
13728,1,443,2023-05-04,2023-06-12,DELIVERED
13729,15,348,2024-05-26,2024-06-21,DELIVERED
13730,6,315,2023-04-15,2023-04-28,DELIVERED
13731,4,451,2026-02-17,2026-03-11,DELIVERED
13732,4,418,2023-10-22,2023-11-17,IN_TRANSIT
13733,11,454,2026-05-11,2026-06-04,DELIVERED
13734,18,12,2023-10-14,2023-10-25,DELAYED
13735,5,423,2023-01-17,2023-02-06,DELIVERED
13736,2,133,2025-08-13,2025-09-15,DELIVERED
13737,10,180,2026-02-09,2026-02-17,DELIVERED
13738,13,420,2024-11-17,2024-11-22,DELIVERED
13739,12,464,2024-10-01,2024-10-23,DELIVERED
13740,12,219,2025-07-01,2025-08-04,DELIVERED
13741,15,112,2026-03-01,2026-03-29,DELIVERED
13742,8,205,2026-03-04,2026-03-28,DELAYED
13743,13,461,2024-12-14,2025-01-14,DELIVERED
13744,20,258,2026-04-15,2026-04-28,DELAYED
13745,12,224,2024-07-07,2024-08-03,DELIVERED
13746,15,110,2026-07-05,2026-08-05,DELIVERED
13747,7,25,2025-07-03,2025-08-08,IN_TRANSIT
13748,7,470,2023-02-21,2023-04-01,DELAYED
13749,10,32,2025-11-02,2025-11-22,DELIVERED
13750,18,465,2023-02-08,2023-02-14,DELIVERED
13751,6,378,2026-03-23,2026-04-23,DELIVERED
13752,12,133,2024-02-09,2024-02-14,DELIVERED
13753,14,199,2026-07-28,2026-08-30,DELIVERED
13754,16,158,2024-06-03,2024-07-08,DELIVERED
13755,12,305,2025-02-23,2025-03-23,DELIVERED
13756,17,190,2024-09-02,2024-10-04,DELIVERED
13757,15,165,2025-03-23,2025-04-20,DELIVERED
13758,4,152,2025-02-18,2025-03-27,DELIVERED
13759,6,373,2023-11-23,2023-12-08,DELIVERED
13760,18,391,2024-09-01,2024-09-29,DELAYED
13761,14,209,2023-02-23,2023-03-31,DELIVERED
13762,10,33,2023-03-22,2023-04-24,DELAYED
13763,13,329,2023-09-03,2023-09-18,DELIVERED
13764,17,477,2025-08-07,2025-09-10,DELIVERED
13765,5,281,2025-02-23,2025-03-18,DELIVERED
13766,10,28,2025-10-04,2025-10-10,DELIVERED
13767,3,440,2026-02-12,2026-03-21,DELIVERED
13768,11,353,2025-11-27,2025-12-25,DELIVERED
13769,14,201,2026-04-14,2026-05-07,IN_TRANSIT
13770,2,253,2023-01-07,2023-02-05,DELIVERED
13771,20,476,2024-05-11,2024-06-11,DELIVERED
13772,7,60,2026-06-06,2026-06-15,DELAYED
13773,2,230,2025-02-26,2025-03-24,DELIVERED
13774,13,51,2025-02-17,2025-02-27,DELAYED
13775,16,153,2026-01-09,2026-01-18,DELIVERED
13776,14,48,2023-01-22,2023-01-27,DELIVERED
13777,17,10,2024-04-13,2024-04-24,DELIVERED
13778,14,310,2023-06-22,2023-07-01,DELIVERED
13779,19,194,2025-12-02,2026-01-08,DELIVERED
13780,7,264,2025-01-19,2025-01-27,DELAYED
13781,2,343,2025-06-14,2025-07-02,DELAYED
13782,4,14,2025-11-10,2025-11-20,DELIVERED
13783,4,428,2023-10-21,2023-11-27,DELIVERED
13784,8,80,2026-08-14,2026-09-21,DELIVERED
13785,6,49,2026-03-24,2026-04-06,DELIVERED
13786,7,422,2025-01-13,2025-02-15,IN_TRANSIT
13787,20,220,2026-09-21,2026-10-02,DELIVERED
13788,4,308,2025-09-09,2025-10-09,DELAYED
13789,4,357,2025-02-14,2025-03-15,DELIVERED
13790,9,11,2025-01-12,2025-02-12,DELIVERED
13791,17,421,2023-09-09,2023-10-15,DELIVERED
13792,2,171,2025-09-26,2025-10-03,DELIVERED
13793,14,31,2024-04-17,2024-05-22,DELIVERED
13794,5,427,2023-09-12,2023-09-21,DELIVERED
13795,9,225,2023-01-29,2023-02-03,DELIVERED
13796,13,321,2025-01-23,2025-02-17,DELIVERED
13797,1,482,2023-06-17,2023-07-02,DELIVERED
13798,10,126,2024-01-26,2024-02-20,DELIVERED
13799,3,262,2026-03-27,2026-04-17,DELIVERED
13800,6,41,2023-12-22,2024-01-13,DELIVERED
13801,9,61,2025-06-21,2025-07-15,DELIVERED
13802,7,413,2026-04-17,2026-05-17,DELIVERED
13803,20,339,2026-09-16,2026-10-06,DELIVERED
13804,2,371,2023-12-01,2024-01-05,DELIVERED
13805,1,462,2024-10-05,2024-11-05,DELIVERED
13806,6,108,2025-03-03,2025-03-25,DELIVERED
13807,16,184,2024-03-02,2024-04-10,DELIVERED
13808,14,89,2023-03-30,2023-05-05,DELIVERED
13809,10,6,2025-05-03,2025-06-02,DELIVERED
13810,14,238,2024-01-15,2024-01-31,DELAYED
13811,14,310,2024-02-16,2024-02-27,DELAYED
13812,16,258,2026-06-12,2026-07-12,DELIVERED
13813,20,397,2026-09-06,2026-09-28,DELIVERED
13814,10,419,2025-05-14,2025-05-30,DELIVERED
13815,15,456,2026-06-10,2026-06-16,DELIVERED
13816,12,7,2025-12-24,2026-01-09,DELIVERED
13817,12,463,2026-03-03,2026-04-02,DELAYED
13818,14,270,2026-06-10,2026-06-23,DELIVERED
13819,6,326,2026-09-21,2026-09-26,DELIVERED
13820,2,399,2023-11-12,2023-11-17,DELIVERED
13821,3,339,2025-05-23,2025-06-02,DELIVERED
13822,5,199,2023-11-21,2023-12-06,DELIVERED
13823,14,435,2025-12-26,2026-01-15,IN_TRANSIT
13824,3,3,2025-12-02,2025-12-18,DELIVERED
13825,2,219,2025-02-10,2025-02-24,DELIVERED
13826,12,110,2026-06-14,2026-06-26,DELIVERED
13827,20,444,2025-07-19,2025-07-27,DELIVERED
13828,6,306,2023-03-27,2023-04-25,DELIVERED
13829,12,378,2024-11-30,2024-12-07,DELIVERED
13830,17,123,2024-08-11,2024-08-27,IN_TRANSIT
13831,19,106,2025-08-20,2025-09-07,DELAYED
13832,15,309,2024-06-05,2024-06-10,IN_TRANSIT
13833,7,498,2024-07-11,2024-07-19,DELIVERED
13834,19,135,2024-05-01,2024-05-19,DELAYED
13835,15,6,2023-09-03,2023-09-14,DELIVERED
13836,4,461,2025-11-29,2025-12-20,IN_TRANSIT
13837,16,100,2024-08-19,2024-09-01,DELIVERED
13838,5,311,2026-06-05,2026-06-19,DELIVERED
13839,14,403,2023-07-22,2023-08-26,DELIVERED
13840,15,214,2023-04-11,2023-04-30,DELIVERED
13841,1,369,2024-04-27,2024-05-24,DELIVERED
13842,5,149,2025-07-03,2025-07-20,DELAYED
13843,16,407,2025-12-25,2026-01-22,DELIVERED
13844,7,177,2024-12-26,2025-01-16,DELIVERED
13845,14,458,2024-03-06,2024-04-04,DELAYED
13846,19,36,2023-11-30,2023-12-11,IN_TRANSIT
13847,7,441,2023-08-08,2023-09-15,DELIVERED
13848,8,199,2024-06-23,2024-07-22,IN_TRANSIT
13849,2,36,2025-02-12,2025-03-03,DELAYED
13850,4,484,2025-04-11,2025-05-12,IN_TRANSIT
13851,19,468,2023-08-15,2023-08-27,DELIVERED
13852,10,319,2023-07-02,2023-07-22,DELIVERED
13853,8,31,2024-10-30,2024-11-09,DELIVERED
13854,17,268,2025-06-27,2025-07-27,DELIVERED
13855,15,44,2025-04-12,2025-04-30,DELAYED
13856,11,357,2023-06-06,2023-06-20,DELIVERED
13857,3,142,2023-11-24,2023-12-24,DELIVERED
13858,13,483,2026-07-16,2026-07-27,DELAYED
13859,3,187,2024-06-13,2024-07-01,DELIVERED
13860,15,221,2026-05-28,2026-06-09,DELIVERED
13861,5,165,2023-01-29,2023-03-04,DELIVERED
13862,5,13,2024-03-15,2024-04-23,DELIVERED
13863,6,90,2023-01-23,2023-01-29,DELIVERED
13864,1,419,2024-03-22,2024-04-23,DELIVERED
13865,7,25,2026-04-04,2026-04-24,DELIVERED
13866,2,74,2026-09-30,2026-10-08,DELAYED
13867,11,367,2026-02-06,2026-03-01,DELIVERED
13868,16,293,2026-06-06,2026-06-27,DELIVERED
13869,1,4,2026-06-11,2026-06-24,IN_TRANSIT
13870,4,44,2026-01-03,2026-02-03,DELIVERED
13871,15,282,2024-05-13,2024-06-07,DELIVERED
13872,11,410,2024-06-23,2024-07-05,DELIVERED
13873,8,259,2026-02-02,2026-03-06,DELIVERED
13874,15,330,2025-07-02,2025-07-14,DELIVERED
13875,11,332,2023-07-31,2023-08-29,DELIVERED
13876,19,262,2026-06-22,2026-07-03,DELIVERED
13877,15,479,2023-11-02,2023-11-16,DELIVERED
13878,17,450,2026-04-19,2026-05-25,DELIVERED
13879,16,132,2023-06-23,2023-07-28,DELIVERED
13880,10,390,2024-02-16,2024-03-19,DELIVERED
13881,10,452,2023-11-04,2023-12-05,DELIVERED
13882,2,156,2024-07-05,2024-08-02,DELIVERED
13883,3,280,2023-04-24,2023-05-08,DELIVERED
13884,2,496,2024-12-02,2024-12-09,DELIVERED
13885,11,497,2025-07-17,2025-07-22,DELIVERED
13886,3,162,2023-12-30,2024-01-22,DELIVERED
13887,15,495,2024-07-29,2024-08-05,DELAYED
13888,16,86,2025-10-19,2025-10-31,DELAYED
13889,13,470,2026-04-08,2026-05-13,DELIVERED
13890,5,341,2025-05-20,2025-06-07,IN_TRANSIT
13891,12,203,2026-03-19,2026-03-31,DELIVERED
13892,6,183,2024-03-05,2024-03-25,DELIVERED
13893,7,244,2025-01-24,2025-02-09,DELIVERED
13894,3,172,2023-03-21,2023-03-30,DELIVERED
13895,4,326,2026-08-26,2026-09-15,DELAYED
13896,10,259,2024-11-29,2024-12-20,DELIVERED
13897,13,100,2024-03-05,2024-04-13,DELIVERED
13898,2,162,2024-04-02,2024-04-21,IN_TRANSIT
13899,18,476,2025-10-11,2025-11-11,DELIVERED
13900,6,117,2025-11-03,2025-12-03,DELIVERED
13901,20,3,2026-05-01,2026-05-11,DELIVERED
13902,1,382,2026-07-28,2026-09-04,DELIVERED
13903,5,114,2024-05-24,2024-05-31,DELIVERED
13904,2,259,2023-12-04,2024-01-05,DELIVERED
13905,4,262,2026-06-22,2026-07-29,DELIVERED
13906,11,413,2023-03-03,2023-03-26,DELIVERED
13907,1,184,2025-02-07,2025-03-15,DELIVERED
13908,13,147,2024-01-11,2024-02-05,DELIVERED
13909,7,500,2025-02-08,2025-02-13,DELIVERED
13910,4,466,2025-04-18,2025-04-28,DELIVERED
13911,8,153,2024-10-20,2024-11-09,DELIVERED
13912,5,40,2026-07-27,2026-08-09,DELIVERED
13913,16,30,2025-09-26,2025-10-17,DELIVERED
13914,18,57,2026-06-26,2026-07-02,IN_TRANSIT
13915,9,234,2025-06-07,2025-06-27,DELIVERED
13916,10,330,2026-07-05,2026-08-11,DELIVERED
13917,12,243,2023-07-12,2023-07-18,DELIVERED
13918,15,60,2024-11-14,2024-12-15,DELIVERED
13919,19,474,2023-07-17,2023-08-10,IN_TRANSIT
13920,12,271,2024-04-04,2024-05-11,DELIVERED
13921,5,19,2025-03-03,2025-04-05,IN_TRANSIT
13922,3,78,2025-12-03,2025-12-31,DELIVERED
13923,8,23,2026-06-10,2026-06-29,DELIVERED
13924,3,428,2025-03-14,2025-03-25,DELIVERED
13925,4,65,2025-01-14,2025-02-12,IN_TRANSIT
13926,6,137,2026-04-09,2026-05-03,DELIVERED
13927,16,143,2025-06-24,2025-07-22,DELIVERED
13928,3,130,2023-09-05,2023-09-20,DELIVERED
13929,14,241,2023-11-19,2023-12-05,DELAYED
13930,7,371,2026-03-18,2026-03-23,DELIVERED
13931,3,357,2023-12-02,2023-12-12,DELIVERED
13932,12,98,2025-04-06,2025-05-03,DELIVERED
13933,4,307,2023-09-25,2023-10-17,DELIVERED
13934,13,74,2024-03-27,2024-04-23,DELIVERED
13935,7,225,2025-05-23,2025-06-12,DELIVERED
13936,10,450,2025-11-06,2025-11-20,DELIVERED
13937,8,11,2025-12-25,2025-12-30,DELIVERED
13938,6,356,2023-05-06,2023-06-01,DELAYED
13939,10,334,2023-11-08,2023-12-16,DELIVERED
13940,5,441,2025-11-25,2025-12-12,DELIVERED
13941,2,73,2026-04-25,2026-05-06,DELIVERED
13942,8,139,2026-09-26,2026-10-21,DELIVERED
13943,5,239,2023-05-07,2023-06-08,DELIVERED
13944,13,1,2023-05-07,2023-06-08,IN_TRANSIT
13945,19,66,2023-05-03,2023-05-30,DELIVERED
13946,11,245,2024-05-30,2024-06-11,DELIVERED
13947,15,486,2025-01-24,2025-02-21,DELAYED
13948,1,47,2023-05-24,2023-07-01,DELIVERED
13949,1,424,2025-09-16,2025-10-05,DELIVERED
13950,19,324,2023-03-29,2023-04-24,DELIVERED
13951,20,37,2025-08-24,2025-09-23,DELIVERED
13952,5,283,2023-01-06,2023-02-04,DELIVERED
13953,1,213,2026-04-29,2026-05-29,DELAYED
13954,10,89,2023-11-21,2023-12-03,DELIVERED
13955,19,409,2026-09-29,2026-10-22,DELIVERED
13956,11,135,2025-07-05,2025-07-26,DELIVERED
13957,5,370,2023-11-24,2023-12-12,DELIVERED
13958,9,471,2026-04-24,2026-05-15,DELIVERED
13959,10,445,2024-10-15,2024-11-01,DELIVERED
13960,13,41,2024-01-27,2024-02-03,DELIVERED
13961,20,348,2025-03-17,2025-04-20,DELIVERED
13962,19,402,2024-08-17,2024-08-25,DELIVERED
13963,19,476,2023-07-02,2023-07-20,DELIVERED
13964,16,185,2025-11-01,2025-11-07,DELIVERED
13965,9,173,2023-09-26,2023-10-27,DELIVERED
13966,6,56,2023-06-23,2023-07-05,DELIVERED
13967,15,262,2025-07-25,2025-08-31,DELIVERED
13968,9,243,2024-11-13,2024-12-02,IN_TRANSIT
13969,11,378,2025-11-28,2025-12-29,DELIVERED
13970,7,242,2026-01-04,2026-01-15,DELIVERED
13971,10,46,2025-04-24,2025-05-19,DELIVERED
13972,9,472,2026-04-14,2026-04-30,DELIVERED
13973,10,180,2024-07-10,2024-07-18,DELIVERED
13974,17,201,2024-12-17,2024-12-31,DELIVERED
13975,6,366,2024-02-16,2024-03-13,DELIVERED
13976,17,263,2024-07-14,2024-08-21,DELIVERED
13977,11,403,2026-02-07,2026-03-15,DELIVERED
13978,5,66,2023-10-12,2023-11-16,DELAYED
13979,10,219,2024-01-09,2024-02-12,DELAYED
13980,2,69,2025-09-22,2025-10-22,DELIVERED
13981,11,183,2025-06-04,2025-06-18,DELAYED
13982,7,204,2025-06-23,2025-07-12,DELIVERED
13983,19,453,2026-06-02,2026-07-07,DELIVERED
13984,9,230,2025-11-22,2025-12-15,DELIVERED
13985,7,296,2024-08-02,2024-08-19,DELIVERED
13986,10,182,2025-11-13,2025-11-22,IN_TRANSIT
13987,7,382,2026-04-09,2026-04-14,DELIVERED
13988,1,206,2026-03-29,2026-04-30,IN_TRANSIT
13989,14,155,2023-02-08,2023-02-25,DELIVERED
13990,12,22,2026-06-17,2026-06-25,DELIVERED
13991,9,213,2025-03-02,2025-03-11,DELIVERED
13992,8,416,2023-11-16,2023-12-13,DELIVERED
13993,19,412,2024-04-22,2024-05-19,DELIVERED
13994,10,63,2024-11-17,2024-11-30,DELIVERED
13995,5,312,2025-01-04,2025-01-29,IN_TRANSIT
13996,6,286,2025-11-10,2025-12-06,DELIVERED
13997,10,312,2023-10-05,2023-10-14,DELIVERED
13998,11,169,2023-01-15,2023-02-15,DELAYED
13999,14,29,2024-05-17,2024-06-08,IN_TRANSIT
14000,4,26,2024-10-11,2024-11-04,DELIVERED
14001,7,114,2026-02-26,2026-03-16,DELIVERED
14002,8,242,2023-11-18,2023-12-09,DELIVERED
14003,9,298,2025-05-05,2025-05-10,DELIVERED
14004,18,378,2026-06-05,2026-06-14,DELIVERED
14005,16,172,2023-06-20,2023-07-10,DELAYED
14006,10,264,2023-12-05,2023-12-11,DELIVERED
14007,6,146,2025-01-06,2025-01-26,IN_TRANSIT
14008,9,351,2023-12-08,2024-01-05,DELIVERED
14009,3,147,2025-12-31,2026-01-11,DELIVERED
14010,20,490,2023-08-05,2023-08-15,DELAYED
14011,17,369,2024-11-09,2024-11-23,DELIVERED
14012,11,197,2025-08-29,2025-09-25,DELIVERED
14013,17,307,2025-01-05,2025-01-30,DELIVERED
14014,19,285,2025-04-21,2025-05-22,DELIVERED
14015,10,140,2024-11-15,2024-12-19,DELIVERED
14016,1,239,2024-12-09,2024-12-16,DELIVERED
14017,5,389,2023-10-23,2023-11-18,DELIVERED
14018,9,373,2023-04-02,2023-04-16,IN_TRANSIT
14019,3,199,2023-04-15,2023-04-27,IN_TRANSIT
14020,10,93,2024-02-01,2024-02-08,IN_TRANSIT
14021,6,211,2025-11-13,2025-12-22,DELIVERED
14022,19,340,2024-05-25,2024-06-22,DELIVERED
14023,12,33,2023-04-02,2023-04-10,DELIVERED
14024,16,464,2023-07-27,2023-09-02,DELIVERED
14025,18,320,2026-04-27,2026-05-09,DELIVERED
14026,11,88,2025-12-08,2026-01-04,DELIVERED
14027,9,491,2024-08-28,2024-09-29,DELIVERED
14028,7,348,2023-08-20,2023-09-04,DELIVERED
14029,3,494,2024-08-12,2024-08-23,DELIVERED
14030,5,207,2024-09-19,2024-09-24,DELIVERED
14031,15,125,2023-09-03,2023-10-08,DELIVERED
14032,5,494,2025-09-18,2025-10-24,DELIVERED
14033,15,148,2024-04-17,2024-04-27,DELIVERED
14034,4,135,2024-04-09,2024-05-09,DELIVERED
14035,19,19,2026-07-28,2026-09-04,IN_TRANSIT
14036,10,300,2023-10-26,2023-11-24,DELIVERED
14037,3,235,2023-08-02,2023-08-21,DELIVERED
14038,2,267,2024-11-22,2024-12-13,DELIVERED
14039,19,418,2023-10-15,2023-10-30,DELAYED
14040,14,98,2024-06-22,2024-07-30,DELIVERED
14041,17,172,2026-01-24,2026-02-21,DELIVERED
14042,9,104,2024-05-29,2024-07-05,DELIVERED
14043,1,77,2025-01-24,2025-03-03,IN_TRANSIT
14044,18,372,2023-06-05,2023-06-16,DELIVERED
14045,12,439,2026-04-26,2026-05-05,DELIVERED
14046,2,5,2024-11-19,2024-12-28,DELIVERED
14047,5,396,2026-08-06,2026-09-05,IN_TRANSIT
14048,17,353,2024-05-02,2024-05-23,DELIVERED
14049,17,251,2023-07-16,2023-07-24,DELAYED
14050,3,481,2026-08-27,2026-09-18,DELAYED
14051,3,183,2023-02-17,2023-03-05,DELIVERED
14052,4,294,2024-08-29,2024-10-07,DELIVERED
14053,17,270,2025-05-12,2025-06-16,IN_TRANSIT
14054,7,168,2023-01-05,2023-01-13,DELIVERED
14055,16,432,2024-09-17,2024-10-03,DELIVERED
14056,11,56,2026-07-11,2026-08-16,DELAYED
14057,16,396,2025-01-07,2025-02-15,IN_TRANSIT
14058,6,480,2024-07-30,2024-08-20,DELIVERED
14059,1,210,2026-09-11,2026-09-21,DELIVERED
14060,4,344,2024-11-11,2024-11-20,DELIVERED
14061,12,52,2026-03-08,2026-03-21,DELIVERED
14062,3,211,2025-12-24,2026-01-18,DELIVERED
14063,15,310,2023-01-19,2023-01-27,DELIVERED
14064,17,123,2023-01-28,2023-02-07,DELIVERED
14065,9,383,2023-03-07,2023-03-29,DELAYED
14066,2,158,2024-01-09,2024-01-18,DELIVERED
14067,18,117,2024-11-05,2024-12-12,DELAYED
14068,4,286,2024-09-05,2024-09-30,DELIVERED
14069,18,278,2025-08-28,2025-09-11,DELIVERED
14070,9,190,2025-02-23,2025-03-09,DELIVERED
14071,19,248,2026-09-10,2026-10-08,DELIVERED
14072,6,415,2023-03-26,2023-03-31,DELAYED
14073,11,207,2024-07-26,2024-07-31,DELIVERED
14074,3,173,2025-04-24,2025-05-25,DELIVERED
14075,5,304,2024-09-14,2024-09-19,DELIVERED
14076,7,302,2025-12-13,2025-12-23,DELIVERED
14077,17,492,2026-03-13,2026-04-01,DELIVERED
14078,20,259,2023-08-31,2023-09-05,DELIVERED
14079,3,115,2025-10-25,2025-11-08,IN_TRANSIT
14080,13,368,2024-01-22,2024-02-20,DELIVERED
14081,7,171,2024-12-14,2024-12-24,DELAYED
14082,17,157,2024-06-01,2024-06-24,DELIVERED
14083,9,147,2026-05-22,2026-06-12,DELIVERED
14084,6,435,2024-06-07,2024-06-22,DELAYED
14085,13,321,2023-08-20,2023-09-28,DELIVERED
14086,3,151,2023-02-11,2023-03-22,DELAYED
14087,12,468,2024-11-22,2024-12-27,DELIVERED
14088,7,417,2023-03-29,2023-04-14,DELIVERED
14089,4,97,2024-02-23,2024-03-10,DELIVERED
14090,4,208,2024-10-09,2024-10-21,DELIVERED
14091,12,422,2025-10-07,2025-11-04,DELAYED
14092,5,140,2026-06-12,2026-06-17,DELIVERED
14093,2,272,2024-10-22,2024-11-09,DELIVERED
14094,12,177,2023-08-23,2023-09-07,DELIVERED
14095,11,217,2025-05-17,2025-05-30,DELIVERED
14096,12,386,2026-04-08,2026-04-26,DELIVERED
14097,15,200,2025-09-04,2025-10-01,DELIVERED
14098,11,476,2025-11-28,2025-12-07,DELIVERED
14099,14,322,2025-02-21,2025-03-10,IN_TRANSIT
14100,3,110,2024-09-24,2024-11-01,DELIVERED
14101,11,59,2026-04-06,2026-05-13,DELIVERED
14102,20,339,2025-05-27,2025-06-18,DELIVERED
14103,2,313,2026-04-09,2026-05-15,DELIVERED
14104,8,296,2025-07-06,2025-08-10,DELIVERED
14105,17,195,2024-10-14,2024-11-09,DELIVERED
14106,3,177,2023-06-04,2023-07-13,DELIVERED
14107,1,84,2025-07-15,2025-08-14,DELIVERED
14108,6,369,2024-10-18,2024-11-09,DELIVERED
14109,15,405,2026-06-24,2026-07-24,DELAYED
14110,16,49,2026-05-19,2026-06-17,DELIVERED
14111,19,216,2025-10-01,2025-10-13,DELIVERED
14112,4,465,2026-08-21,2026-08-29,DELIVERED
14113,19,302,2024-08-26,2024-09-26,DELIVERED
14114,11,397,2023-02-08,2023-02-21,DELIVERED
14115,13,253,2024-04-12,2024-05-15,DELIVERED
14116,9,255,2024-04-04,2024-05-05,DELIVERED
14117,19,269,2024-05-14,2024-05-26,DELIVERED
14118,17,453,2024-12-28,2025-01-04,DELIVERED
14119,18,165,2024-02-21,2024-03-08,DELIVERED
14120,15,497,2023-10-31,2023-11-06,DELIVERED
14121,9,254,2026-06-09,2026-07-07,DELIVERED
14122,17,383,2026-08-12,2026-09-13,DELIVERED
14123,5,16,2023-01-07,2023-01-18,IN_TRANSIT
14124,3,359,2025-10-11,2025-10-24,DELAYED
14125,10,242,2024-11-12,2024-12-06,DELIVERED
14126,14,191,2025-09-27,2025-10-23,DELIVERED
14127,16,52,2023-12-30,2024-01-19,DELIVERED
14128,6,312,2026-06-18,2026-07-04,DELAYED
14129,18,367,2025-04-23,2025-05-05,DELIVERED
14130,2,162,2026-07-14,2026-08-07,DELIVERED
14131,4,118,2023-07-31,2023-08-24,IN_TRANSIT
14132,9,336,2026-06-15,2026-07-16,DELIVERED
14133,15,24,2023-12-25,2024-01-17,DELIVERED
14134,6,227,2025-10-08,2025-10-15,IN_TRANSIT
14135,16,229,2026-03-26,2026-04-22,DELIVERED
14136,5,102,2024-06-13,2024-07-06,IN_TRANSIT
14137,19,208,2024-08-10,2024-09-14,DELAYED
14138,3,1,2025-06-27,2025-07-15,DELIVERED
14139,13,9,2026-01-13,2026-02-02,DELIVERED
14140,18,421,2025-02-06,2025-03-16,DELIVERED
14141,11,427,2023-08-13,2023-09-10,DELIVERED
14142,4,215,2023-03-11,2023-03-28,DELIVERED
14143,20,450,2023-07-20,2023-08-16,DELIVERED
14144,17,500,2023-12-27,2024-01-25,DELIVERED
14145,4,109,2026-06-01,2026-06-07,IN_TRANSIT
14146,15,472,2026-05-27,2026-06-06,DELIVERED
14147,2,1,2023-06-21,2023-07-09,DELAYED
14148,19,294,2024-10-22,2024-11-21,DELIVERED
14149,17,153,2024-01-21,2024-02-24,DELIVERED
14150,15,51,2025-08-31,2025-09-09,IN_TRANSIT
14151,4,298,2023-01-06,2023-01-25,DELIVERED
14152,4,188,2025-01-08,2025-01-15,DELIVERED
14153,3,357,2025-12-14,2026-01-21,DELIVERED
14154,10,44,2026-04-06,2026-04-24,DELIVERED
14155,14,139,2024-10-30,2024-11-17,DELAYED
14156,20,61,2023-08-17,2023-08-27,DELIVERED
14157,9,112,2026-07-17,2026-08-08,DELIVERED
14158,7,271,2026-05-18,2026-05-25,DELIVERED
14159,3,275,2024-01-12,2024-01-28,DELIVERED
14160,14,404,2023-05-09,2023-06-05,DELIVERED
14161,4,17,2025-11-27,2025-12-22,DELIVERED
14162,6,318,2025-06-10,2025-06-30,DELIVERED
14163,19,274,2023-03-21,2023-04-10,DELIVERED
14164,3,235,2023-12-24,2024-01-28,DELIVERED
14165,12,451,2023-02-26,2023-03-08,DELIVERED
14166,8,243,2025-06-30,2025-07-13,DELIVERED
14167,15,236,2025-06-11,2025-07-08,IN_TRANSIT
14168,10,223,2023-07-05,2023-07-26,DELIVERED
14169,16,397,2025-09-08,2025-09-25,DELIVERED
14170,6,491,2025-02-07,2025-02-16,DELIVERED
14171,17,216,2026-09-15,2026-09-30,DELIVERED
14172,6,179,2026-03-29,2026-04-24,DELIVERED
14173,4,380,2024-04-08,2024-05-09,DELIVERED
14174,11,27,2024-09-14,2024-10-15,DELIVERED
14175,15,181,2024-08-02,2024-08-18,DELIVERED
14176,11,244,2025-02-23,2025-03-24,DELIVERED
14177,16,234,2025-09-18,2025-10-18,DELIVERED
14178,14,249,2024-02-20,2024-03-24,DELIVERED
14179,9,317,2023-04-02,2023-04-27,DELIVERED
14180,2,1,2023-12-22,2024-01-18,DELIVERED
14181,19,205,2025-06-21,2025-06-29,IN_TRANSIT
14182,3,414,2026-04-24,2026-05-25,DELIVERED
14183,9,336,2024-07-03,2024-07-24,DELIVERED
14184,20,262,2025-11-09,2025-11-18,DELAYED
14185,15,15,2024-04-17,2024-05-14,IN_TRANSIT
14186,8,499,2026-03-11,2026-03-20,DELIVERED
14187,6,427,2024-08-03,2024-08-20,DELIVERED
14188,15,3,2023-03-08,2023-03-23,DELIVERED
14189,12,190,2024-11-30,2024-12-14,DELIVERED
14190,12,321,2026-08-07,2026-08-22,DELIVERED
14191,6,261,2025-11-21,2025-12-30,DELIVERED
14192,12,59,2025-07-28,2025-08-21,DELIVERED
14193,3,162,2024-03-30,2024-05-02,DELIVERED
14194,16,426,2026-07-18,2026-08-03,DELIVERED
14195,13,431,2025-12-22,2026-01-19,DELIVERED
14196,10,1,2025-10-22,2025-11-30,IN_TRANSIT
14197,10,50,2025-11-12,2025-12-08,DELIVERED
14198,13,126,2025-12-20,2026-01-25,DELIVERED
14199,15,354,2026-09-02,2026-09-14,DELAYED
14200,2,104,2024-11-11,2024-12-01,DELIVERED
14201,2,430,2026-08-11,2026-09-06,DELIVERED
14202,8,431,2025-08-07,2025-09-03,DELAYED
14203,8,104,2026-06-27,2026-07-03,DELIVERED
14204,6,256,2026-07-03,2026-07-13,DELIVERED
14205,12,348,2026-07-02,2026-07-16,DELIVERED
14206,12,351,2025-10-04,2025-11-04,DELIVERED
14207,5,86,2026-01-26,2026-02-22,DELIVERED
14208,10,191,2024-02-03,2024-02-24,DELIVERED
14209,2,312,2023-04-07,2023-05-06,DELIVERED
14210,14,425,2023-06-17,2023-06-26,DELIVERED
14211,15,423,2025-03-17,2025-04-12,DELIVERED
14212,2,465,2024-08-04,2024-08-27,DELIVERED
14213,4,424,2023-03-23,2023-04-20,DELAYED
14214,7,368,2024-05-15,2024-06-14,DELIVERED
14215,11,242,2024-01-20,2024-02-19,DELIVERED
14216,10,419,2026-09-21,2026-10-20,DELIVERED
14217,15,32,2024-10-26,2024-11-27,IN_TRANSIT
14218,10,303,2024-01-24,2024-02-29,DELIVERED
14219,7,163,2024-03-29,2024-04-19,DELIVERED
14220,18,373,2024-01-01,2024-01-31,IN_TRANSIT
14221,12,18,2023-04-25,2023-06-02,IN_TRANSIT
14222,11,40,2024-01-15,2024-02-03,DELIVERED
14223,6,166,2023-05-12,2023-05-30,DELIVERED
14224,7,19,2023-03-05,2023-03-14,DELIVERED
14225,2,271,2024-12-29,2025-02-03,DELIVERED
14226,10,375,2023-03-17,2023-04-02,DELIVERED
14227,3,213,2024-03-31,2024-04-05,DELIVERED
14228,12,36,2025-04-21,2025-05-17,DELIVERED
14229,16,354,2025-07-15,2025-08-22,DELIVERED
14230,8,3,2023-03-16,2023-04-18,DELIVERED
14231,4,386,2023-10-09,2023-11-11,DELIVERED
14232,20,338,2025-02-16,2025-03-09,IN_TRANSIT
14233,10,76,2024-06-16,2024-07-21,DELAYED
14234,17,251,2023-11-28,2023-12-21,DELIVERED
14235,1,376,2023-02-21,2023-03-23,DELAYED
14236,2,66,2024-10-23,2024-11-26,DELIVERED
14237,4,271,2023-06-22,2023-07-21,DELIVERED
14238,4,484,2026-01-05,2026-01-23,DELIVERED
14239,17,254,2026-06-24,2026-08-02,DELIVERED
14240,6,413,2025-06-14,2025-07-06,DELIVERED
14241,7,401,2025-01-21,2025-02-24,DELIVERED
14242,13,206,2023-08-26,2023-09-14,DELIVERED
14243,6,434,2025-11-28,2025-12-04,DELIVERED
14244,11,197,2023-04-01,2023-05-06,DELAYED
14245,11,382,2023-02-12,2023-03-04,DELIVERED
14246,1,323,2025-02-17,2025-03-06,DELAYED
14247,11,228,2025-12-24,2026-01-20,DELIVERED
14248,9,416,2025-10-20,2025-11-21,DELIVERED
14249,10,17,2023-11-08,2023-12-11,DELIVERED
14250,3,285,2023-01-09,2023-02-03,DELIVERED
14251,12,18,2024-11-17,2024-12-20,DELAYED
14252,15,415,2025-05-01,2025-05-19,DELIVERED
14253,3,327,2025-07-22,2025-07-27,DELIVERED
14254,18,484,2024-07-19,2024-07-30,DELIVERED
14255,16,15,2026-08-03,2026-09-11,DELIVERED
14256,3,390,2025-06-28,2025-07-17,DELIVERED
14257,11,27,2023-01-31,2023-02-15,DELIVERED
14258,10,172,2025-11-05,2025-12-10,DELIVERED
14259,7,63,2023-10-07,2023-11-11,DELIVERED
14260,18,130,2024-12-16,2025-01-23,DELIVERED
14261,12,77,2026-08-14,2026-09-09,DELIVERED
14262,3,326,2026-01-06,2026-02-07,IN_TRANSIT
14263,11,51,2024-05-20,2024-05-31,DELIVERED
14264,17,12,2024-01-31,2024-03-05,DELIVERED
14265,14,28,2023-06-15,2023-07-11,IN_TRANSIT
14266,12,39,2025-01-07,2025-01-29,DELIVERED
14267,14,363,2024-01-16,2024-01-21,IN_TRANSIT
14268,7,264,2025-07-11,2025-07-26,DELIVERED
14269,19,210,2025-10-29,2025-11-13,DELIVERED
14270,16,349,2026-04-02,2026-05-05,DELAYED
14271,3,231,2026-03-07,2026-03-15,DELIVERED
14272,16,425,2026-07-16,2026-08-14,DELIVERED
14273,20,29,2026-01-19,2026-02-20,DELIVERED
14274,5,58,2025-12-27,2026-01-26,IN_TRANSIT
14275,18,491,2025-07-27,2025-08-29,DELIVERED
14276,13,193,2026-04-24,2026-05-08,DELIVERED
14277,3,77,2026-06-23,2026-07-15,DELIVERED
14278,16,424,2025-03-23,2025-04-02,DELIVERED
14279,4,267,2026-08-08,2026-09-05,DELIVERED
14280,10,485,2024-05-19,2024-06-09,DELAYED
14281,13,126,2025-05-21,2025-06-19,DELIVERED
14282,5,63,2023-01-31,2023-03-09,DELIVERED
14283,13,392,2026-09-21,2026-10-27,DELIVERED
14284,16,171,2026-03-13,2026-03-25,DELAYED
14285,14,361,2024-04-10,2024-05-03,DELIVERED
14286,10,305,2025-02-07,2025-03-02,DELIVERED
14287,4,414,2025-04-18,2025-04-26,IN_TRANSIT
14288,9,128,2024-11-26,2024-12-17,DELIVERED
14289,8,391,2023-12-02,2023-12-17,DELIVERED
14290,18,306,2023-07-22,2023-08-06,DELIVERED
14291,5,89,2025-01-09,2025-02-12,DELIVERED
14292,15,343,2024-01-04,2024-02-11,DELIVERED
14293,12,24,2025-12-27,2026-01-19,DELIVERED
14294,6,380,2025-03-10,2025-04-17,DELIVERED
14295,7,182,2026-06-18,2026-07-20,DELIVERED
14296,18,471,2023-03-30,2023-04-13,DELIVERED
14297,18,498,2023-06-18,2023-07-15,DELAYED
14298,18,406,2025-06-13,2025-07-18,DELIVERED
14299,3,28,2023-11-24,2023-12-25,DELAYED
14300,8,200,2024-09-01,2024-10-05,DELIVERED
14301,5,4,2026-03-18,2026-04-26,DELIVERED
14302,3,256,2023-05-31,2023-06-27,DELIVERED
14303,17,25,2023-08-23,2023-09-11,DELAYED
14304,8,200,2023-05-13,2023-06-05,DELIVERED
14305,14,302,2024-07-26,2024-08-02,DELIVERED
14306,3,391,2026-09-01,2026-09-11,DELIVERED
14307,16,342,2024-05-18,2024-06-26,DELIVERED
14308,19,195,2023-01-05,2023-01-15,DELIVERED
14309,8,113,2026-05-27,2026-06-07,DELIVERED
14310,8,16,2025-02-10,2025-02-19,DELIVERED
14311,10,24,2025-12-18,2026-01-20,DELIVERED
14312,3,307,2023-06-17,2023-06-24,DELIVERED
14313,12,291,2023-10-07,2023-10-29,IN_TRANSIT
14314,1,37,2026-07-19,2026-08-18,DELIVERED
14315,3,482,2023-05-22,2023-06-08,DELIVERED
14316,8,279,2023-08-23,2023-08-29,DELAYED
14317,18,313,2025-05-28,2025-06-20,DELIVERED
14318,9,262,2024-11-27,2024-12-25,DELIVERED
14319,20,288,2024-11-27,2024-12-15,DELIVERED
14320,13,25,2025-02-13,2025-03-14,DELIVERED
14321,12,278,2024-03-20,2024-04-17,DELIVERED
14322,20,279,2024-08-26,2024-09-10,DELIVERED
14323,16,287,2025-03-08,2025-03-25,DELIVERED
14324,10,260,2024-04-03,2024-05-07,DELIVERED
14325,7,297,2024-05-13,2024-06-06,DELIVERED
14326,3,164,2025-06-17,2025-06-27,IN_TRANSIT
14327,18,150,2026-05-03,2026-05-30,DELIVERED
14328,14,477,2023-08-07,2023-08-30,IN_TRANSIT
14329,19,30,2023-11-16,2023-12-14,DELIVERED
14330,5,41,2025-01-06,2025-01-27,DELIVERED
14331,9,260,2023-08-03,2023-09-05,DELIVERED
14332,10,264,2023-09-10,2023-10-11,DELIVERED
14333,14,411,2024-07-28,2024-08-16,IN_TRANSIT
14334,18,223,2024-03-09,2024-03-20,DELIVERED
14335,7,82,2025-01-26,2025-02-21,DELIVERED
14336,12,147,2024-08-28,2024-09-26,DELIVERED
14337,9,213,2024-02-07,2024-02-24,IN_TRANSIT
14338,11,233,2026-01-14,2026-02-17,DELIVERED
14339,14,400,2025-08-10,2025-08-31,DELIVERED
14340,10,150,2024-12-25,2025-01-05,DELIVERED
14341,3,443,2024-01-02,2024-01-16,DELIVERED
14342,4,449,2023-05-27,2023-06-13,DELIVERED
14343,19,407,2023-02-06,2023-02-14,DELIVERED
14344,8,160,2025-12-03,2025-12-13,DELIVERED
14345,14,471,2023-04-26,2023-05-20,DELIVERED
14346,15,313,2026-02-23,2026-03-03,DELIVERED
14347,18,109,2026-05-01,2026-05-30,DELIVERED
14348,4,260,2023-07-16,2023-08-06,DELIVERED
14349,18,54,2026-01-31,2026-02-25,IN_TRANSIT
14350,2,415,2024-08-10,2024-09-04,DELAYED
14351,17,62,2023-05-19,2023-06-07,DELIVERED
14352,5,203,2023-06-08,2023-06-28,DELIVERED
14353,5,451,2023-11-30,2024-01-07,DELIVERED
14354,18,51,2024-08-22,2024-09-27,DELIVERED
14355,8,496,2024-04-11,2024-05-02,DELIVERED
14356,11,45,2023-01-23,2023-02-05,DELIVERED
14357,18,330,2023-09-27,2023-10-22,DELIVERED
14358,14,379,2026-04-11,2026-04-27,IN_TRANSIT
14359,8,351,2024-12-19,2025-01-16,DELIVERED
14360,10,87,2025-05-01,2025-06-02,DELIVERED
14361,14,500,2026-07-15,2026-08-22,DELAYED
14362,7,233,2026-03-11,2026-03-26,DELIVERED
14363,4,452,2024-07-08,2024-08-04,DELIVERED
14364,17,110,2025-08-04,2025-08-23,DELAYED
14365,12,418,2023-03-24,2023-04-06,DELIVERED
14366,9,294,2024-12-15,2024-12-20,DELIVERED
14367,5,145,2025-01-02,2025-01-21,DELIVERED
14368,3,162,2026-05-10,2026-05-16,DELIVERED
14369,9,128,2024-09-08,2024-10-03,DELAYED
14370,13,141,2024-10-06,2024-10-13,DELIVERED
14371,14,283,2026-02-09,2026-03-12,DELIVERED
14372,10,480,2026-09-23,2026-10-08,DELIVERED
14373,1,165,2024-03-04,2024-03-10,DELIVERED
14374,6,342,2023-01-25,2023-01-31,DELIVERED
14375,10,133,2023-05-16,2023-06-01,DELIVERED
14376,14,172,2026-05-10,2026-05-23,DELAYED
14377,4,186,2025-06-17,2025-07-08,IN_TRANSIT
14378,17,97,2023-04-17,2023-05-13,IN_TRANSIT
14379,9,346,2024-10-20,2024-11-19,IN_TRANSIT
14380,8,406,2023-04-12,2023-04-26,DELIVERED
14381,15,234,2025-05-12,2025-05-24,DELIVERED
14382,6,460,2025-08-22,2025-09-05,DELIVERED
14383,5,103,2023-06-28,2023-07-05,DELIVERED
14384,15,277,2025-02-01,2025-02-12,IN_TRANSIT
14385,12,262,2024-09-14,2024-10-05,DELAYED
14386,5,23,2023-09-16,2023-10-20,DELIVERED
14387,11,407,2023-11-22,2023-12-02,DELIVERED
14388,16,358,2025-04-25,2025-05-14,DELIVERED
14389,13,55,2025-02-05,2025-02-25,DELIVERED
14390,5,133,2024-05-14,2024-06-04,DELIVERED
14391,19,453,2024-07-04,2024-07-11,DELAYED
14392,13,32,2023-04-10,2023-05-19,DELIVERED
14393,7,313,2024-02-21,2024-03-16,DELIVERED
14394,20,287,2025-10-08,2025-10-16,DELIVERED
14395,18,372,2024-09-18,2024-10-05,DELAYED
14396,7,48,2023-10-07,2023-10-14,DELIVERED
14397,19,331,2023-03-05,2023-03-24,DELIVERED
14398,1,452,2026-06-26,2026-07-18,DELIVERED
14399,5,16,2023-04-20,2023-05-10,DELIVERED
14400,11,377,2025-01-08,2025-01-19,DELIVERED
14401,7,256,2023-08-16,2023-09-15,DELIVERED
14402,15,442,2025-06-05,2025-07-08,DELAYED
14403,19,357,2023-07-04,2023-07-24,IN_TRANSIT
14404,13,38,2026-02-03,2026-03-14,DELIVERED
14405,10,49,2024-03-14,2024-03-29,DELIVERED
14406,7,15,2023-06-01,2023-06-23,DELIVERED
14407,2,421,2025-12-18,2026-01-21,DELIVERED
14408,14,499,2024-08-29,2024-09-21,DELAYED
14409,3,482,2024-04-20,2024-05-20,DELIVERED
14410,2,344,2023-06-27,2023-07-27,DELIVERED
14411,16,104,2026-05-26,2026-06-16,DELAYED
14412,2,4,2023-01-02,2023-01-20,DELIVERED
14413,3,425,2026-04-11,2026-04-26,DELIVERED
14414,11,290,2024-07-19,2024-08-16,DELIVERED
14415,14,465,2023-03-14,2023-03-31,DELIVERED
14416,20,68,2024-03-15,2024-04-07,DELIVERED
14417,6,406,2025-09-04,2025-09-10,DELAYED
14418,11,102,2025-11-07,2025-11-19,DELIVERED
14419,16,491,2025-08-27,2025-09-14,IN_TRANSIT
14420,6,44,2024-03-29,2024-04-07,DELIVERED
14421,9,133,2024-02-19,2024-03-01,IN_TRANSIT
14422,9,375,2024-01-20,2024-02-24,DELIVERED
14423,15,47,2026-04-10,2026-04-17,DELIVERED
14424,12,337,2024-12-18,2025-01-21,DELIVERED
14425,20,101,2026-08-08,2026-09-16,DELIVERED
14426,9,165,2024-08-15,2024-08-22,IN_TRANSIT
14427,7,192,2024-08-15,2024-08-27,DELIVERED
14428,17,52,2024-10-18,2024-10-31,DELIVERED
14429,16,485,2024-02-20,2024-02-25,DELIVERED
14430,7,63,2026-05-09,2026-06-11,DELIVERED
14431,16,209,2023-01-08,2023-01-24,DELIVERED
14432,3,147,2025-11-27,2026-01-02,DELIVERED
14433,5,346,2025-02-05,2025-03-15,DELIVERED
14434,13,50,2025-02-06,2025-02-16,DELIVERED
14435,5,341,2024-02-25,2024-03-08,DELIVERED
14436,14,162,2025-08-19,2025-09-21,DELIVERED
14437,1,395,2026-07-13,2026-08-09,DELIVERED
14438,3,423,2025-07-16,2025-08-12,DELAYED
14439,18,452,2025-03-18,2025-04-07,DELIVERED
14440,11,99,2023-06-20,2023-06-25,DELIVERED
14441,10,157,2024-09-30,2024-10-27,DELIVERED
14442,9,365,2024-10-11,2024-10-30,DELIVERED
14443,16,183,2026-04-27,2026-05-29,DELIVERED
14444,10,298,2026-07-07,2026-08-04,DELAYED
14445,4,331,2023-04-08,2023-05-06,DELIVERED
14446,7,164,2023-06-21,2023-07-30,DELIVERED
14447,15,476,2023-03-17,2023-04-24,DELIVERED
14448,4,432,2024-01-06,2024-01-16,DELIVERED
14449,20,412,2023-08-14,2023-08-19,DELIVERED
14450,4,319,2024-07-19,2024-08-06,DELIVERED
14451,5,287,2023-12-13,2024-01-19,DELIVERED
14452,2,454,2025-02-13,2025-02-26,IN_TRANSIT
14453,14,351,2023-06-26,2023-07-10,DELIVERED
14454,20,177,2025-07-28,2025-08-19,DELIVERED
14455,9,150,2024-04-22,2024-05-09,DELIVERED
14456,4,402,2024-03-15,2024-04-18,DELIVERED
14457,18,209,2026-08-15,2026-09-05,DELAYED
14458,15,500,2023-02-05,2023-03-03,DELIVERED
14459,10,205,2025-02-11,2025-03-22,DELIVERED
14460,8,319,2025-12-12,2026-01-12,DELIVERED
14461,7,303,2023-10-01,2023-10-23,DELIVERED
14462,20,320,2024-12-22,2025-01-17,DELIVERED
14463,15,320,2023-08-29,2023-10-04,DELIVERED
14464,14,291,2023-12-27,2024-02-02,DELIVERED
14465,7,181,2025-11-11,2025-12-19,DELIVERED
14466,4,153,2026-09-20,2026-10-12,DELIVERED
14467,8,76,2025-03-16,2025-04-03,DELIVERED
14468,1,159,2025-07-30,2025-09-02,DELIVERED
14469,1,454,2025-06-01,2025-07-01,IN_TRANSIT
14470,12,233,2026-02-27,2026-03-05,DELIVERED
14471,3,235,2023-09-08,2023-10-11,DELAYED
14472,2,419,2023-02-18,2023-03-25,DELIVERED
14473,15,158,2023-01-24,2023-01-31,DELIVERED
14474,8,283,2025-10-28,2025-11-04,DELIVERED
14475,16,92,2025-04-19,2025-04-29,DELIVERED
14476,4,415,2024-04-18,2024-05-15,DELIVERED
14477,20,464,2025-02-10,2025-02-18,IN_TRANSIT
14478,18,173,2024-04-12,2024-05-16,DELIVERED
14479,15,24,2025-03-15,2025-04-02,DELIVERED
14480,16,319,2023-07-01,2023-07-15,DELIVERED
14481,16,402,2023-10-11,2023-10-17,DELIVERED
14482,19,176,2024-11-30,2024-12-24,DELIVERED
14483,1,163,2024-06-20,2024-07-20,DELIVERED
14484,10,7,2023-10-13,2023-11-08,DELAYED
14485,5,333,2023-10-06,2023-10-12,DELAYED
14486,12,489,2024-02-26,2024-03-10,DELIVERED
14487,11,190,2025-11-28,2025-12-21,DELIVERED
14488,18,70,2026-04-23,2026-05-21,DELIVERED
14489,17,61,2023-04-03,2023-04-09,DELIVERED
14490,5,157,2024-12-12,2024-12-22,DELIVERED
14491,17,223,2024-07-20,2024-08-08,DELIVERED
14492,16,390,2026-02-05,2026-02-24,DELIVERED
14493,6,400,2024-02-12,2024-03-11,IN_TRANSIT
14494,13,402,2026-02-15,2026-03-19,DELIVERED
14495,12,483,2023-08-21,2023-09-27,IN_TRANSIT
14496,17,487,2025-05-08,2025-05-21,DELIVERED
14497,7,122,2023-02-17,2023-03-13,DELIVERED
14498,1,229,2025-09-28,2025-11-05,DELAYED
14499,4,417,2026-08-22,2026-09-17,DELIVERED
14500,18,82,2026-05-20,2026-05-25,DELIVERED
14501,16,8,2024-09-27,2024-10-07,DELIVERED
14502,20,483,2024-09-23,2024-10-16,DELIVERED
14503,2,269,2023-08-14,2023-09-10,DELIVERED
14504,5,193,2026-07-25,2026-08-11,DELIVERED
14505,15,99,2024-10-05,2024-10-30,DELIVERED
14506,18,486,2023-04-08,2023-04-28,DELIVERED
14507,4,385,2023-01-06,2023-02-14,DELIVERED
14508,16,407,2023-09-19,2023-10-12,DELIVERED
14509,8,366,2024-01-04,2024-01-11,DELIVERED
14510,9,91,2026-02-26,2026-03-11,DELIVERED
14511,19,56,2025-07-19,2025-08-10,DELIVERED
14512,17,339,2026-07-15,2026-08-02,DELIVERED
14513,14,356,2024-06-20,2024-07-22,IN_TRANSIT
14514,11,266,2024-10-16,2024-11-05,DELAYED
14515,12,165,2026-07-04,2026-07-14,IN_TRANSIT
14516,20,239,2023-06-16,2023-07-10,DELIVERED
14517,17,197,2025-03-03,2025-03-25,DELIVERED
14518,13,409,2023-05-02,2023-05-20,DELIVERED
14519,10,422,2026-03-28,2026-05-01,DELIVERED
14520,7,489,2026-06-07,2026-07-02,DELIVERED
14521,13,292,2025-08-24,2025-09-25,DELIVERED
14522,17,64,2024-04-08,2024-04-25,DELIVERED
14523,19,400,2024-04-25,2024-05-13,DELIVERED
14524,18,47,2026-09-21,2026-10-07,DELIVERED
14525,18,475,2024-08-20,2024-09-04,DELAYED
14526,3,473,2023-12-24,2024-02-01,DELAYED
14527,17,265,2026-01-23,2026-02-14,DELIVERED
14528,9,212,2023-05-17,2023-06-18,DELIVERED
14529,4,239,2023-12-18,2024-01-15,DELIVERED
14530,10,35,2024-09-11,2024-09-21,DELIVERED
14531,4,215,2024-03-28,2024-04-17,DELIVERED
14532,2,222,2026-05-28,2026-06-26,DELAYED
14533,6,348,2025-10-02,2025-11-08,DELIVERED
14534,7,435,2024-02-03,2024-02-11,DELIVERED
14535,12,10,2025-04-13,2025-05-01,IN_TRANSIT
14536,17,291,2026-05-01,2026-05-18,DELAYED
14537,1,155,2024-02-04,2024-03-06,DELIVERED
14538,1,249,2025-05-18,2025-06-07,DELIVERED
14539,2,92,2026-01-06,2026-02-01,DELIVERED
14540,8,148,2026-03-16,2026-04-17,DELIVERED
14541,15,310,2023-10-23,2023-11-23,DELAYED
14542,17,384,2024-01-04,2024-02-02,DELIVERED
14543,10,490,2024-12-19,2025-01-10,DELIVERED
14544,19,20,2024-07-30,2024-08-20,DELIVERED
14545,11,378,2023-02-28,2023-03-18,DELIVERED
14546,7,289,2025-05-03,2025-06-05,DELIVERED
14547,20,459,2023-12-16,2023-12-23,DELIVERED
14548,6,5,2023-03-18,2023-04-11,DELIVERED
14549,8,101,2025-02-04,2025-02-20,DELIVERED
14550,19,130,2026-07-09,2026-07-31,DELIVERED
14551,14,455,2024-12-17,2024-12-26,DELIVERED
14552,1,489,2026-05-21,2026-06-16,DELIVERED
14553,12,1,2024-07-06,2024-07-23,DELIVERED
14554,3,241,2023-01-24,2023-02-11,DELIVERED
14555,5,314,2026-01-31,2026-02-09,DELAYED
14556,14,251,2025-01-12,2025-02-02,DELIVERED
14557,4,242,2026-06-29,2026-07-08,DELIVERED
14558,16,65,2025-03-22,2025-04-14,DELIVERED
14559,18,122,2025-10-28,2025-11-19,DELIVERED
14560,17,402,2024-09-01,2024-09-13,DELAYED
14561,17,420,2024-06-12,2024-06-22,IN_TRANSIT
14562,16,260,2024-08-29,2024-09-12,DELIVERED
14563,19,137,2024-08-30,2024-09-12,DELIVERED
14564,6,322,2026-01-09,2026-01-14,DELIVERED
14565,20,49,2024-04-03,2024-05-04,DELIVERED
14566,10,488,2026-01-21,2026-02-04,DELIVERED
14567,2,223,2024-09-25,2024-10-09,DELIVERED
14568,10,343,2023-11-17,2023-12-11,IN_TRANSIT
14569,1,61,2024-03-21,2024-04-27,DELAYED
14570,3,17,2024-07-22,2024-08-29,DELIVERED
14571,6,272,2023-07-23,2023-08-02,DELIVERED
14572,10,266,2024-03-29,2024-04-08,DELIVERED
14573,3,273,2024-06-20,2024-07-21,DELIVERED
14574,14,205,2026-04-15,2026-05-17,DELIVERED
14575,18,335,2023-03-12,2023-03-27,DELIVERED
14576,5,458,2023-07-30,2023-08-08,DELIVERED
14577,5,443,2026-03-07,2026-04-14,DELIVERED
14578,3,306,2023-02-16,2023-03-26,DELIVERED
14579,9,67,2024-12-23,2025-01-22,DELIVERED
14580,13,22,2026-02-12,2026-02-26,DELIVERED
14581,1,310,2024-11-10,2024-11-22,DELIVERED
14582,19,348,2023-09-22,2023-10-10,IN_TRANSIT
14583,6,313,2026-07-07,2026-07-30,DELIVERED
14584,1,454,2023-08-31,2023-09-23,DELIVERED
14585,8,181,2026-02-28,2026-04-07,DELIVERED
14586,1,249,2024-04-25,2024-05-21,DELIVERED
14587,8,449,2024-05-13,2024-06-10,DELIVERED
14588,4,355,2025-02-13,2025-03-09,DELIVERED
14589,13,471,2023-03-25,2023-04-11,DELIVERED
14590,2,412,2024-02-14,2024-03-16,DELIVERED
14591,4,446,2023-10-28,2023-11-29,IN_TRANSIT
14592,3,410,2024-07-04,2024-07-10,DELIVERED
14593,8,212,2023-06-29,2023-07-31,DELIVERED
14594,5,471,2025-01-23,2025-01-29,DELIVERED
14595,7,282,2023-07-07,2023-08-14,IN_TRANSIT
14596,16,34,2023-08-05,2023-09-09,DELIVERED
14597,13,322,2025-03-15,2025-04-20,DELIVERED
14598,6,181,2025-12-14,2026-01-10,DELAYED
14599,18,177,2024-06-18,2024-07-16,IN_TRANSIT
14600,12,161,2026-05-04,2026-05-20,DELIVERED
14601,20,22,2026-06-30,2026-08-04,DELIVERED
14602,2,25,2023-06-06,2023-07-13,DELIVERED
14603,15,83,2026-05-19,2026-06-17,DELIVERED
14604,2,178,2026-07-04,2026-07-21,DELIVERED
14605,15,264,2025-04-18,2025-04-27,DELIVERED
14606,7,361,2023-10-25,2023-11-14,DELIVERED
14607,4,439,2023-08-21,2023-09-13,DELIVERED
14608,9,38,2026-04-27,2026-05-02,DELIVERED
14609,11,486,2023-09-11,2023-10-14,DELAYED
14610,1,490,2023-10-04,2023-10-27,DELIVERED
14611,18,208,2024-09-10,2024-09-16,IN_TRANSIT
14612,4,14,2024-08-15,2024-08-30,DELAYED
14613,18,436,2024-01-28,2024-03-01,IN_TRANSIT
14614,8,423,2025-03-22,2025-04-06,DELIVERED
14615,2,385,2026-07-15,2026-07-31,DELIVERED
14616,8,228,2023-10-18,2023-11-04,DELIVERED
14617,9,2,2025-07-09,2025-07-17,DELAYED
14618,13,19,2025-05-22,2025-06-26,DELIVERED
14619,15,297,2023-11-18,2023-11-27,DELIVERED
14620,4,466,2024-05-01,2024-05-20,DELIVERED
14621,17,380,2023-08-24,2023-09-15,DELIVERED
14622,18,497,2025-03-24,2025-05-01,DELIVERED
14623,10,36,2023-11-09,2023-12-02,IN_TRANSIT
14624,2,37,2026-07-20,2026-08-09,DELIVERED
14625,8,463,2025-01-14,2025-02-04,IN_TRANSIT
14626,15,80,2023-10-29,2023-11-30,DELIVERED
14627,7,194,2023-08-07,2023-09-14,DELIVERED
14628,6,125,2025-03-30,2025-04-24,DELIVERED
14629,7,323,2023-11-17,2023-12-23,DELIVERED
14630,3,275,2025-04-13,2025-04-30,DELIVERED
14631,15,483,2026-04-08,2026-05-16,IN_TRANSIT
14632,18,402,2025-10-22,2025-11-07,DELIVERED
14633,7,436,2025-02-12,2025-02-18,DELIVERED
14634,18,415,2024-09-22,2024-10-27,IN_TRANSIT
14635,10,445,2025-05-25,2025-06-19,DELIVERED
14636,15,414,2023-11-25,2023-12-09,DELIVERED
14637,2,248,2026-08-29,2026-09-06,DELIVERED
14638,11,436,2025-05-13,2025-06-16,DELIVERED
14639,3,24,2024-01-13,2024-02-21,DELIVERED
14640,2,37,2023-10-25,2023-11-14,DELIVERED
14641,15,19,2024-06-06,2024-06-27,DELIVERED
14642,4,218,2026-06-13,2026-06-23,DELIVERED
14643,8,241,2026-04-12,2026-05-09,DELIVERED
14644,4,492,2023-12-26,2024-01-17,DELIVERED
14645,7,369,2023-02-10,2023-02-23,DELAYED
14646,5,240,2025-01-21,2025-02-14,DELIVERED
14647,18,38,2024-10-04,2024-11-12,DELIVERED
14648,8,229,2024-08-01,2024-08-11,DELIVERED
14649,16,363,2023-05-07,2023-05-29,DELAYED
14650,9,156,2024-12-09,2024-12-21,DELIVERED
14651,3,353,2026-01-12,2026-02-14,DELIVERED
14652,13,290,2025-06-22,2025-07-31,DELIVERED
14653,18,329,2025-03-06,2025-03-26,IN_TRANSIT
14654,15,446,2023-02-17,2023-03-14,DELIVERED
14655,17,319,2025-10-21,2025-11-15,DELIVERED
14656,3,92,2025-10-19,2025-11-23,DELIVERED
14657,18,443,2023-09-01,2023-09-08,IN_TRANSIT
14658,7,440,2026-02-28,2026-04-01,DELAYED
14659,9,70,2026-09-11,2026-09-25,DELIVERED
14660,2,337,2024-02-14,2024-03-02,DELIVERED
14661,5,202,2024-09-20,2024-10-06,DELIVERED
14662,1,338,2024-09-17,2024-10-11,DELIVERED
14663,17,3,2025-09-01,2025-10-05,DELIVERED
14664,3,279,2023-10-13,2023-11-15,DELIVERED
14665,13,136,2026-08-19,2026-09-17,DELIVERED
14666,9,240,2025-11-05,2025-12-10,DELIVERED
14667,4,265,2026-07-28,2026-08-05,DELIVERED
14668,1,86,2023-02-25,2023-04-05,DELIVERED
14669,16,409,2023-05-26,2023-06-27,DELIVERED
14670,15,402,2023-08-24,2023-09-02,DELIVERED
14671,14,280,2023-12-22,2024-01-14,DELIVERED
14672,15,12,2024-08-26,2024-09-12,IN_TRANSIT
14673,14,243,2023-05-14,2023-05-30,DELIVERED
14674,20,10,2023-11-10,2023-11-16,DELIVERED
14675,18,336,2023-10-15,2023-11-05,DELIVERED
14676,4,110,2024-01-30,2024-02-12,DELIVERED
14677,7,156,2025-01-29,2025-02-05,DELIVERED
14678,19,477,2023-07-26,2023-07-31,DELIVERED
14679,15,173,2024-04-08,2024-04-20,DELIVERED
14680,6,406,2024-07-24,2024-08-15,DELIVERED
14681,12,202,2024-12-28,2025-01-10,IN_TRANSIT
14682,17,100,2025-11-28,2025-12-10,DELIVERED
14683,15,347,2024-06-22,2024-06-29,DELIVERED
14684,2,328,2025-02-04,2025-02-11,DELIVERED
14685,9,413,2025-04-27,2025-05-14,IN_TRANSIT
14686,20,182,2026-08-04,2026-08-14,DELIVERED
14687,11,305,2023-03-02,2023-03-13,DELIVERED
14688,9,267,2023-02-24,2023-03-20,DELIVERED
14689,20,75,2023-06-01,2023-07-04,IN_TRANSIT
14690,18,378,2023-12-01,2023-12-17,DELIVERED
14691,11,396,2025-03-12,2025-03-28,DELIVERED
14692,6,358,2026-01-22,2026-02-24,DELIVERED
14693,1,161,2024-10-29,2024-11-13,DELAYED
14694,15,392,2024-06-09,2024-07-01,DELIVERED
14695,2,164,2025-04-16,2025-05-20,DELAYED
14696,1,281,2025-12-07,2026-01-02,DELIVERED
14697,3,337,2024-05-31,2024-06-21,IN_TRANSIT
14698,6,183,2023-02-09,2023-03-14,DELIVERED
14699,14,471,2025-01-05,2025-01-15,DELIVERED
14700,1,251,2026-06-25,2026-07-24,DELIVERED
14701,7,59,2026-09-16,2026-09-23,DELIVERED
14702,6,230,2025-11-02,2025-12-09,DELIVERED
14703,9,5,2025-02-24,2025-03-17,DELIVERED
14704,2,406,2024-12-07,2024-12-22,IN_TRANSIT
14705,8,106,2024-04-05,2024-05-07,DELIVERED
14706,12,66,2024-08-08,2024-08-17,DELIVERED
14707,18,472,2024-06-11,2024-06-22,DELIVERED
14708,13,357,2025-02-14,2025-03-08,DELIVERED
14709,20,284,2025-01-16,2025-02-11,DELIVERED
14710,7,257,2023-04-14,2023-05-04,DELIVERED
14711,12,337,2024-01-18,2024-02-21,DELIVERED
14712,11,367,2024-03-18,2024-04-03,DELIVERED
14713,4,293,2025-08-23,2025-09-14,DELIVERED
14714,6,328,2023-05-28,2023-07-02,DELIVERED
14715,13,105,2024-06-22,2024-06-30,DELIVERED
14716,2,284,2025-11-18,2025-12-18,DELIVERED
14717,3,31,2024-07-03,2024-08-01,DELIVERED
14718,6,245,2024-06-06,2024-07-04,DELIVERED
14719,11,467,2024-12-17,2025-01-04,DELIVERED
14720,20,244,2026-06-21,2026-07-29,DELIVERED
14721,12,472,2026-02-17,2026-02-25,DELIVERED
14722,1,425,2023-03-23,2023-04-23,DELIVERED
14723,17,432,2023-07-01,2023-08-06,IN_TRANSIT
14724,20,224,2025-12-29,2026-02-05,DELIVERED
14725,4,364,2025-08-13,2025-09-02,DELIVERED
14726,16,29,2023-07-07,2023-07-20,DELIVERED
14727,5,448,2026-08-15,2026-09-18,DELIVERED
14728,5,192,2026-04-05,2026-05-10,DELIVERED
14729,18,432,2023-03-04,2023-03-30,DELIVERED
14730,9,246,2024-10-31,2024-11-06,DELIVERED
14731,13,263,2025-05-29,2025-06-21,DELIVERED
14732,17,470,2025-11-20,2025-12-01,DELIVERED
14733,4,485,2024-09-06,2024-09-20,DELIVERED
14734,10,388,2024-04-09,2024-05-13,DELIVERED
14735,10,381,2025-09-24,2025-10-19,DELIVERED
14736,15,101,2026-08-03,2026-09-05,DELIVERED
14737,12,392,2026-09-30,2026-11-06,DELIVERED
14738,8,279,2025-08-21,2025-09-29,DELIVERED
14739,8,79,2024-03-04,2024-03-20,IN_TRANSIT
14740,14,170,2023-08-08,2023-08-22,IN_TRANSIT
14741,1,266,2026-02-16,2026-02-23,DELIVERED
14742,5,143,2026-09-11,2026-10-13,DELIVERED
14743,8,432,2025-03-29,2025-04-10,DELIVERED
14744,7,27,2026-02-04,2026-03-10,DELIVERED
14745,4,450,2023-08-12,2023-09-16,DELIVERED
14746,4,245,2025-10-02,2025-11-07,DELIVERED
14747,14,122,2023-06-02,2023-06-29,DELIVERED
14748,12,204,2026-06-02,2026-07-10,DELIVERED
14749,2,64,2023-07-31,2023-08-12,DELIVERED
14750,17,147,2024-10-04,2024-10-27,DELIVERED
14751,1,403,2025-03-21,2025-04-09,DELAYED
14752,12,411,2023-03-23,2023-04-05,DELIVERED
14753,20,443,2024-09-12,2024-10-13,DELIVERED
14754,7,427,2024-09-27,2024-10-07,DELIVERED
14755,13,277,2024-03-19,2024-04-14,DELIVERED
14756,15,261,2023-12-23,2024-01-22,DELIVERED
14757,12,140,2023-07-24,2023-08-22,DELIVERED
14758,19,470,2023-01-08,2023-02-15,DELIVERED
14759,20,160,2023-11-04,2023-11-28,DELIVERED
14760,18,85,2025-05-21,2025-06-26,DELIVERED
14761,19,494,2025-09-28,2025-10-08,DELIVERED
14762,14,209,2024-02-14,2024-03-06,DELIVERED
14763,14,440,2023-11-07,2023-12-07,IN_TRANSIT
14764,9,280,2026-04-15,2026-05-18,DELIVERED
14765,9,281,2025-08-13,2025-09-08,DELIVERED
14766,1,460,2026-09-20,2026-10-10,IN_TRANSIT
14767,19,190,2026-08-19,2026-09-18,DELIVERED
14768,3,9,2023-01-06,2023-02-08,DELIVERED
14769,5,9,2023-02-01,2023-02-09,IN_TRANSIT
14770,8,402,2026-09-05,2026-10-04,DELIVERED
14771,1,188,2025-01-06,2025-02-01,DELIVERED
14772,7,60,2025-07-26,2025-08-21,DELIVERED
14773,4,488,2023-12-29,2024-01-21,IN_TRANSIT
14774,3,158,2025-12-20,2026-01-16,DELIVERED
14775,8,180,2024-06-02,2024-06-24,DELAYED
14776,13,241,2023-06-07,2023-07-01,IN_TRANSIT
14777,14,111,2025-05-02,2025-05-23,DELIVERED
14778,10,297,2025-01-27,2025-03-07,DELIVERED
14779,4,213,2023-03-18,2023-03-24,DELAYED
14780,2,321,2026-04-15,2026-05-22,DELIVERED
14781,16,202,2023-11-09,2023-11-17,DELIVERED
14782,14,366,2023-04-23,2023-05-06,DELIVERED
14783,6,13,2025-12-25,2026-01-02,DELIVERED
14784,14,180,2024-03-30,2024-04-07,DELIVERED
14785,13,279,2024-10-10,2024-10-28,DELIVERED
14786,8,24,2025-09-16,2025-10-25,DELIVERED
14787,2,235,2023-02-04,2023-02-23,DELIVERED
14788,2,94,2026-09-30,2026-11-04,IN_TRANSIT
14789,11,96,2024-08-08,2024-08-28,DELIVERED
14790,15,438,2023-08-29,2023-09-22,DELIVERED
14791,15,113,2024-11-02,2024-11-15,DELIVERED
14792,17,322,2023-01-10,2023-02-03,DELAYED
14793,14,422,2026-05-18,2026-05-25,DELIVERED
14794,7,55,2024-02-16,2024-02-27,DELIVERED
14795,12,119,2025-02-11,2025-02-24,DELIVERED
14796,17,496,2023-08-09,2023-09-14,DELIVERED
14797,14,301,2026-03-13,2026-04-05,DELIVERED
14798,12,14,2023-03-23,2023-03-28,DELAYED
14799,13,270,2026-01-19,2026-02-09,DELIVERED
14800,20,411,2025-01-30,2025-02-09,DELIVERED
14801,12,317,2025-07-18,2025-08-22,DELIVERED
14802,10,39,2024-08-21,2024-09-14,DELIVERED
14803,17,413,2026-09-10,2026-09-30,DELIVERED
14804,2,447,2024-04-29,2024-06-01,IN_TRANSIT
14805,3,26,2026-03-14,2026-04-21,DELIVERED
14806,18,64,2024-03-14,2024-03-25,IN_TRANSIT
14807,8,455,2023-06-30,2023-07-06,DELIVERED
14808,4,143,2026-04-24,2026-05-09,DELIVERED
14809,5,416,2026-06-28,2026-07-27,DELIVERED
14810,17,261,2023-01-27,2023-02-25,DELIVERED
14811,19,1,2024-06-23,2024-07-25,DELIVERED
14812,2,307,2023-12-26,2024-01-09,DELIVERED
14813,14,277,2026-05-22,2026-06-16,DELIVERED
14814,2,98,2023-12-18,2024-01-26,DELIVERED
14815,5,6,2023-05-31,2023-07-03,DELIVERED
14816,7,26,2024-06-23,2024-07-09,DELIVERED
14817,19,373,2025-05-18,2025-06-19,DELIVERED
14818,17,325,2026-06-08,2026-06-20,DELAYED
14819,12,85,2025-05-18,2025-06-03,DELIVERED
14820,12,162,2025-07-11,2025-08-05,DELIVERED
14821,17,204,2024-10-15,2024-10-31,DELIVERED
14822,16,227,2023-12-03,2023-12-22,DELIVERED
14823,9,338,2024-10-11,2024-10-21,DELIVERED
14824,6,397,2024-01-14,2024-02-02,DELIVERED
14825,20,238,2023-05-12,2023-06-09,DELIVERED
14826,3,174,2025-03-16,2025-04-05,DELIVERED
14827,18,319,2026-03-01,2026-03-28,DELIVERED
14828,20,252,2026-05-15,2026-06-09,DELIVERED
14829,11,253,2023-02-13,2023-02-25,DELIVERED
14830,9,474,2025-12-15,2026-01-06,DELIVERED
14831,2,430,2024-03-12,2024-03-27,IN_TRANSIT
14832,5,208,2023-08-01,2023-09-02,DELIVERED
14833,6,176,2023-07-17,2023-08-06,IN_TRANSIT
14834,2,449,2024-03-01,2024-04-05,DELIVERED
14835,14,123,2024-06-28,2024-07-20,DELIVERED
14836,5,448,2023-01-13,2023-02-09,IN_TRANSIT
14837,5,333,2026-03-23,2026-04-01,IN_TRANSIT
14838,4,490,2024-10-15,2024-11-15,DELIVERED
14839,8,110,2025-11-08,2025-11-20,IN_TRANSIT
14840,5,50,2024-05-31,2024-06-23,DELIVERED
14841,13,300,2023-03-07,2023-03-21,DELIVERED
14842,20,297,2024-05-27,2024-06-03,DELIVERED
14843,8,136,2025-03-02,2025-03-23,DELIVERED
14844,13,384,2023-05-31,2023-06-20,DELIVERED
14845,18,389,2024-05-18,2024-06-18,DELIVERED
14846,8,476,2025-02-26,2025-03-27,DELIVERED
14847,15,460,2026-08-28,2026-09-15,IN_TRANSIT
14848,6,62,2024-08-17,2024-09-22,DELIVERED
14849,8,124,2024-09-14,2024-09-28,DELIVERED
14850,9,442,2024-05-19,2024-06-07,DELIVERED
14851,8,339,2026-05-08,2026-06-08,DELIVERED
14852,5,483,2024-09-17,2024-10-05,DELIVERED
14853,1,46,2024-05-08,2024-06-12,DELIVERED
14854,9,288,2023-11-18,2023-12-01,DELIVERED
14855,4,294,2026-07-26,2026-08-02,DELIVERED
14856,3,283,2023-09-23,2023-10-23,IN_TRANSIT
14857,3,256,2024-08-31,2024-09-30,DELIVERED
14858,17,7,2025-12-05,2025-12-31,DELIVERED
14859,17,29,2023-03-11,2023-03-30,IN_TRANSIT
14860,5,363,2026-02-17,2026-03-23,DELIVERED
14861,20,114,2024-09-02,2024-10-07,DELIVERED
14862,5,301,2024-03-23,2024-04-01,DELIVERED
14863,19,265,2023-11-28,2023-12-11,DELIVERED
14864,19,110,2025-04-19,2025-05-10,IN_TRANSIT
14865,19,449,2025-03-11,2025-04-03,DELIVERED
14866,1,203,2024-11-13,2024-12-08,DELIVERED
14867,8,356,2024-03-03,2024-03-21,DELIVERED
14868,8,352,2025-10-01,2025-10-24,DELIVERED
14869,13,209,2023-03-04,2023-03-27,DELIVERED
14870,8,453,2025-06-01,2025-07-03,IN_TRANSIT
14871,3,155,2023-01-28,2023-02-11,DELIVERED
14872,14,26,2026-08-17,2026-09-11,IN_TRANSIT
14873,13,455,2023-06-07,2023-07-11,DELIVERED
14874,17,74,2025-03-31,2025-05-02,DELIVERED
14875,16,88,2026-09-28,2026-10-26,IN_TRANSIT
14876,4,338,2026-01-20,2026-02-15,DELIVERED
14877,10,46,2025-04-26,2025-05-08,DELIVERED
14878,16,287,2026-05-10,2026-06-07,DELIVERED
14879,9,12,2023-01-24,2023-03-04,DELIVERED
14880,6,345,2026-09-06,2026-09-26,DELIVERED
14881,5,101,2026-02-12,2026-03-16,DELAYED
14882,4,261,2025-06-06,2025-06-21,DELIVERED
14883,14,124,2025-08-19,2025-09-19,DELIVERED
14884,16,74,2024-11-21,2024-12-17,DELIVERED
14885,2,266,2023-09-10,2023-10-18,DELIVERED
14886,13,194,2024-03-04,2024-03-13,DELIVERED
14887,5,418,2023-02-21,2023-03-28,DELIVERED
14888,4,114,2026-06-02,2026-06-10,DELIVERED
14889,5,308,2026-08-25,2026-09-11,DELIVERED
14890,13,186,2025-08-28,2025-09-19,DELIVERED
14891,11,343,2026-02-07,2026-03-07,DELIVERED
14892,17,190,2026-01-15,2026-01-26,DELIVERED
14893,7,493,2024-10-18,2024-10-30,DELIVERED
14894,20,7,2024-10-03,2024-10-27,DELIVERED
14895,2,47,2024-03-01,2024-03-27,DELIVERED
14896,16,268,2023-07-11,2023-07-16,DELIVERED
14897,20,310,2024-12-15,2025-01-15,DELIVERED
14898,6,261,2024-08-12,2024-08-23,DELIVERED
14899,10,58,2026-07-03,2026-07-13,IN_TRANSIT
14900,19,61,2026-03-21,2026-04-14,DELIVERED
14901,12,328,2026-09-22,2026-10-26,DELIVERED
14902,8,93,2025-01-16,2025-01-28,DELIVERED
14903,5,3,2023-05-18,2023-06-19,DELIVERED
14904,8,211,2024-10-31,2024-12-07,DELIVERED
14905,8,296,2024-02-18,2024-02-27,DELIVERED
14906,13,309,2024-05-15,2024-06-02,DELIVERED
14907,7,121,2024-07-07,2024-07-29,DELIVERED
14908,12,446,2023-06-21,2023-07-04,DELIVERED
14909,13,260,2025-03-09,2025-04-04,DELIVERED
14910,3,479,2023-02-11,2023-03-22,DELIVERED
14911,4,300,2026-09-11,2026-10-16,DELIVERED
14912,20,345,2025-01-04,2025-02-05,DELIVERED
14913,13,232,2025-06-20,2025-07-19,DELIVERED
14914,1,1,2024-09-01,2024-09-28,DELIVERED
14915,12,1,2023-06-08,2023-07-05,DELAYED
14916,6,159,2025-10-21,2025-11-08,DELIVERED
14917,15,211,2026-08-11,2026-09-03,DELIVERED
14918,11,99,2026-06-21,2026-07-25,DELIVERED
14919,2,350,2026-03-09,2026-04-07,DELIVERED
14920,11,32,2023-11-17,2023-12-08,DELIVERED
14921,5,364,2024-08-04,2024-08-15,DELIVERED
14922,11,442,2026-08-29,2026-09-25,DELIVERED
14923,3,380,2025-03-14,2025-03-20,DELIVERED
14924,7,133,2024-08-10,2024-08-17,DELIVERED
14925,17,384,2023-11-02,2023-11-23,IN_TRANSIT
14926,7,53,2025-12-28,2026-01-30,DELIVERED
14927,14,328,2025-04-29,2025-05-16,DELIVERED
14928,17,245,2025-04-15,2025-05-04,DELIVERED
14929,3,7,2023-07-20,2023-08-05,DELIVERED
14930,18,1,2026-04-14,2026-05-01,DELIVERED
14931,10,20,2024-10-29,2024-11-20,DELIVERED
14932,13,255,2023-07-24,2023-08-22,DELIVERED
14933,1,283,2024-01-02,2024-02-08,DELIVERED
14934,5,158,2023-07-23,2023-08-14,IN_TRANSIT
14935,20,398,2023-09-17,2023-10-16,DELIVERED
14936,14,280,2026-07-30,2026-08-16,IN_TRANSIT
14937,5,156,2023-03-01,2023-03-13,DELIVERED
14938,7,156,2025-02-24,2025-03-23,DELIVERED
14939,14,371,2026-02-01,2026-02-20,DELIVERED
14940,12,461,2026-05-06,2026-06-14,DELIVERED
14941,10,194,2023-10-02,2023-10-23,IN_TRANSIT
14942,14,61,2025-06-27,2025-07-28,DELIVERED
14943,12,30,2023-05-13,2023-06-13,IN_TRANSIT
14944,8,282,2023-04-23,2023-06-01,DELIVERED
14945,13,476,2026-08-12,2026-08-19,DELIVERED
14946,1,331,2024-10-11,2024-11-18,IN_TRANSIT
14947,17,221,2024-03-28,2024-04-20,DELIVERED
14948,2,106,2026-08-13,2026-09-05,DELIVERED
14949,13,384,2023-11-15,2023-12-22,DELIVERED
14950,11,130,2024-03-19,2024-04-21,DELIVERED
14951,9,10,2025-07-17,2025-08-05,DELIVERED
14952,3,10,2024-12-18,2025-01-19,DELIVERED
14953,16,135,2023-02-12,2023-03-01,DELAYED
14954,9,177,2025-05-08,2025-06-11,DELIVERED
14955,13,165,2026-08-06,2026-09-11,DELAYED
14956,9,112,2026-06-20,2026-07-14,DELIVERED
14957,1,141,2026-08-20,2026-09-02,DELIVERED
14958,1,123,2023-03-22,2023-04-26,IN_TRANSIT
14959,7,35,2026-04-24,2026-05-18,DELIVERED
14960,14,217,2026-03-28,2026-05-04,DELIVERED
14961,2,59,2025-11-11,2025-11-27,DELIVERED
14962,10,187,2026-07-09,2026-07-24,DELIVERED
14963,18,365,2024-06-16,2024-07-19,DELIVERED
14964,15,402,2023-05-17,2023-05-31,DELIVERED
14965,2,14,2023-10-13,2023-11-06,DELIVERED
14966,4,456,2023-09-07,2023-10-12,IN_TRANSIT
14967,13,372,2023-12-01,2024-01-03,DELIVERED
14968,10,269,2026-04-16,2026-05-11,DELIVERED
14969,15,215,2024-05-18,2024-05-31,DELIVERED
14970,6,240,2026-08-26,2026-09-05,DELIVERED
14971,10,73,2024-05-29,2024-06-10,DELIVERED
14972,4,36,2026-04-23,2026-05-10,DELIVERED
14973,8,381,2023-06-17,2023-07-03,DELIVERED
14974,6,425,2024-10-30,2024-11-27,IN_TRANSIT
14975,6,291,2024-10-12,2024-10-20,DELIVERED
14976,8,196,2024-02-01,2024-02-16,DELIVERED
14977,17,441,2025-12-16,2026-01-05,DELIVERED
14978,16,156,2023-03-25,2023-04-13,DELIVERED
14979,2,203,2023-09-14,2023-09-20,DELIVERED
14980,4,436,2024-08-19,2024-08-24,DELIVERED
14981,17,159,2024-11-08,2024-11-17,DELIVERED
14982,14,92,2026-06-08,2026-06-14,DELIVERED
14983,2,267,2026-06-12,2026-06-19,IN_TRANSIT
14984,7,265,2024-10-21,2024-11-26,DELIVERED
14985,19,375,2025-06-05,2025-06-19,DELIVERED
14986,13,172,2023-09-07,2023-10-16,DELIVERED
14987,13,420,2024-03-16,2024-04-03,DELIVERED
14988,7,170,2023-06-01,2023-06-30,DELIVERED
14989,4,199,2025-11-24,2025-12-27,DELIVERED
14990,2,340,2026-05-06,2026-06-13,DELIVERED
14991,17,218,2024-03-09,2024-03-14,DELIVERED
14992,12,424,2024-08-29,2024-09-05,DELIVERED
14993,19,91,2025-06-24,2025-07-05,DELIVERED
14994,3,451,2024-01-05,2024-02-06,DELIVERED
14995,14,140,2024-11-25,2024-12-14,DELIVERED
14996,18,338,2026-02-14,2026-02-19,DELIVERED
14997,15,133,2026-06-18,2026-06-23,DELIVERED
14998,6,24,2025-09-21,2025-10-30,DELIVERED
14999,12,42,2024-09-01,2024-09-10,DELIVERED
15000,11,107,2024-07-22,2024-08-02,DELIVERED
15001,6,248,2025-05-21,2025-06-14,IN_TRANSIT
15002,12,120,2026-06-20,2026-07-02,DELIVERED
15003,10,168,2025-02-24,2025-04-01,DELAYED
15004,17,298,2023-03-21,2023-04-24,DELIVERED
15005,10,175,2024-07-13,2024-07-28,DELIVERED
15006,9,492,2024-08-17,2024-08-27,DELIVERED
15007,9,477,2026-01-12,2026-02-03,DELIVERED
15008,18,259,2023-12-22,2024-01-28,DELIVERED
15009,5,480,2025-08-10,2025-08-31,DELIVERED
15010,9,27,2023-05-08,2023-05-31,DELIVERED
15011,16,396,2026-07-16,2026-08-10,DELIVERED
15012,17,444,2023-11-17,2023-12-20,DELIVERED
15013,15,349,2026-02-10,2026-03-05,DELIVERED
15014,3,354,2025-04-12,2025-05-09,DELIVERED
15015,16,165,2024-09-18,2024-10-26,DELIVERED
15016,8,181,2025-08-11,2025-09-06,DELAYED
15017,10,417,2023-09-15,2023-10-11,DELIVERED
15018,9,118,2024-10-06,2024-10-22,DELIVERED
15019,8,215,2024-03-17,2024-04-07,DELIVERED
15020,6,112,2024-03-29,2024-04-05,DELIVERED
15021,12,320,2023-02-01,2023-03-12,DELIVERED
15022,3,330,2024-10-09,2024-10-24,DELIVERED
15023,7,213,2024-01-06,2024-02-03,DELIVERED
15024,6,433,2025-08-28,2025-09-11,DELIVERED
15025,15,438,2024-09-03,2024-09-27,DELIVERED
15026,1,92,2026-01-22,2026-02-08,DELIVERED
15027,3,388,2023-10-05,2023-11-01,DELIVERED
15028,10,30,2024-01-11,2024-01-21,DELIVERED
15029,8,132,2024-08-07,2024-08-12,DELIVERED
15030,5,274,2023-06-19,2023-07-16,DELIVERED
15031,15,19,2025-08-09,2025-08-15,DELIVERED
15032,9,58,2024-01-11,2024-01-26,DELIVERED
15033,4,369,2026-09-21,2026-10-05,DELAYED
15034,11,419,2026-01-07,2026-02-13,DELAYED
15035,3,66,2025-01-04,2025-01-27,DELIVERED
15036,1,159,2023-12-14,2023-12-25,DELIVERED
15037,20,56,2023-05-08,2023-06-10,DELIVERED
15038,15,324,2023-10-27,2023-11-03,IN_TRANSIT
15039,11,163,2024-08-28,2024-09-12,DELIVERED
15040,9,414,2023-12-31,2024-01-30,DELIVERED
15041,14,220,2025-09-27,2025-10-16,DELIVERED
15042,5,98,2024-07-24,2024-08-25,DELIVERED
15043,9,224,2025-05-20,2025-06-14,DELIVERED
15044,16,404,2024-07-22,2024-08-12,DELIVERED
15045,7,85,2023-08-26,2023-09-30,DELIVERED
15046,7,50,2023-03-10,2023-04-05,DELIVERED
15047,16,428,2025-06-14,2025-07-06,DELIVERED
15048,10,499,2026-06-30,2026-07-15,DELIVERED
15049,18,333,2026-06-07,2026-06-16,DELIVERED
15050,2,196,2025-12-30,2026-02-02,IN_TRANSIT
15051,1,90,2024-10-27,2024-11-18,DELIVERED
15052,10,116,2025-08-13,2025-09-13,IN_TRANSIT
15053,15,282,2024-04-29,2024-05-06,DELIVERED
15054,20,96,2023-04-26,2023-05-04,DELIVERED
15055,16,185,2024-11-03,2024-11-14,DELIVERED
15056,19,291,2025-07-13,2025-07-19,DELIVERED
15057,12,403,2026-06-22,2026-07-27,DELIVERED
15058,8,162,2023-02-22,2023-03-20,DELIVERED
15059,10,37,2025-08-02,2025-08-10,IN_TRANSIT
15060,19,368,2025-02-22,2025-03-02,DELIVERED
15061,20,258,2023-03-14,2023-04-21,DELIVERED
15062,17,433,2025-01-24,2025-02-23,DELIVERED
15063,7,159,2025-04-14,2025-05-18,DELIVERED
15064,12,353,2023-02-11,2023-02-27,DELIVERED
15065,14,309,2024-08-22,2024-08-30,DELIVERED
15066,17,266,2024-10-06,2024-10-30,DELIVERED
15067,1,247,2023-01-20,2023-02-20,DELIVERED
15068,2,427,2024-11-10,2024-11-29,DELAYED
15069,5,117,2024-04-23,2024-05-25,DELIVERED
15070,13,148,2025-12-04,2026-01-07,DELIVERED
15071,10,264,2024-06-17,2024-07-15,DELIVERED
15072,2,151,2026-02-17,2026-03-28,DELIVERED
15073,19,499,2023-01-09,2023-01-14,IN_TRANSIT
15074,11,7,2026-01-05,2026-02-03,DELIVERED
15075,16,473,2023-03-24,2023-04-13,DELIVERED
15076,5,148,2024-10-18,2024-11-09,IN_TRANSIT
15077,3,12,2025-04-24,2025-05-15,IN_TRANSIT
15078,10,317,2025-03-01,2025-03-15,DELIVERED
15079,14,324,2025-08-10,2025-08-26,DELAYED
15080,19,15,2025-03-01,2025-03-17,IN_TRANSIT
15081,20,399,2025-03-11,2025-04-16,DELIVERED
15082,11,485,2025-08-21,2025-09-03,DELAYED
15083,20,177,2026-02-07,2026-02-24,DELIVERED
15084,5,178,2025-11-18,2025-12-20,DELIVERED
15085,18,37,2024-11-23,2024-12-12,DELIVERED
15086,17,197,2025-01-16,2025-01-28,IN_TRANSIT
15087,7,172,2023-03-19,2023-03-28,DELIVERED
15088,10,253,2024-06-17,2024-06-25,DELIVERED
15089,15,71,2023-06-10,2023-06-18,DELIVERED
15090,19,215,2023-10-04,2023-11-12,DELIVERED
15091,18,88,2025-08-21,2025-09-03,DELIVERED
15092,17,45,2025-03-10,2025-04-17,DELIVERED
15093,11,415,2023-09-30,2023-10-27,DELIVERED
15094,20,27,2024-07-10,2024-07-16,IN_TRANSIT
15095,12,157,2026-05-24,2026-06-28,DELIVERED
15096,20,433,2024-03-24,2024-04-19,DELIVERED
15097,18,70,2026-02-23,2026-03-11,DELIVERED
15098,14,12,2026-01-20,2026-02-18,IN_TRANSIT
15099,11,332,2023-04-24,2023-05-24,DELIVERED
15100,15,257,2025-06-20,2025-07-12,IN_TRANSIT
15101,10,68,2026-07-10,2026-07-17,DELIVERED
15102,7,281,2023-09-13,2023-09-23,DELIVERED
15103,15,291,2025-10-20,2025-11-02,DELAYED
15104,20,58,2023-06-05,2023-07-03,DELIVERED
15105,5,344,2025-08-15,2025-08-31,DELIVERED
15106,10,166,2025-11-15,2025-12-02,DELIVERED
15107,13,168,2023-02-10,2023-03-10,DELAYED
15108,5,291,2024-07-23,2024-08-24,DELIVERED
15109,19,84,2024-05-12,2024-06-09,DELIVERED
15110,5,451,2024-02-23,2024-03-20,DELIVERED
15111,9,10,2026-08-02,2026-08-07,DELIVERED
15112,5,360,2023-10-29,2023-11-04,DELIVERED
15113,7,298,2024-12-15,2024-12-28,DELAYED
15114,20,324,2025-03-15,2025-03-26,DELIVERED
15115,5,311,2023-05-20,2023-06-20,DELIVERED
15116,19,181,2023-05-28,2023-07-02,DELIVERED
15117,12,299,2025-05-08,2025-05-30,DELIVERED
15118,15,417,2026-06-30,2026-07-25,DELIVERED
15119,7,486,2025-10-15,2025-11-03,DELIVERED
15120,17,123,2024-06-09,2024-07-11,DELAYED
15121,13,486,2023-12-23,2024-01-04,DELAYED
15122,5,192,2025-04-28,2025-06-01,DELAYED
15123,19,257,2025-09-20,2025-10-01,DELIVERED
15124,10,253,2026-08-20,2026-09-13,DELIVERED
15125,13,205,2024-10-16,2024-11-03,DELIVERED
15126,7,139,2024-06-14,2024-06-19,IN_TRANSIT
15127,11,439,2026-05-29,2026-06-17,IN_TRANSIT
15128,3,187,2024-01-12,2024-02-03,DELIVERED
15129,8,423,2024-04-24,2024-05-01,DELIVERED
15130,1,459,2024-08-22,2024-09-13,DELIVERED
15131,12,431,2026-09-01,2026-09-25,DELIVERED
15132,2,210,2025-11-15,2025-11-22,DELIVERED
15133,16,362,2025-11-14,2025-12-14,DELIVERED
15134,19,12,2025-04-09,2025-05-12,DELIVERED
15135,16,452,2024-04-24,2024-05-27,DELIVERED
15136,4,348,2024-02-06,2024-02-28,DELAYED
15137,1,44,2024-12-14,2024-12-24,DELIVERED
15138,5,154,2024-08-30,2024-09-29,DELIVERED
15139,2,310,2026-09-15,2026-10-23,DELIVERED
15140,5,427,2023-01-08,2023-02-09,DELIVERED
15141,9,9,2025-09-05,2025-10-06,DELIVERED
15142,20,387,2024-04-22,2024-04-27,DELIVERED
15143,1,455,2024-12-13,2024-12-24,DELIVERED
15144,17,287,2023-05-17,2023-05-25,DELIVERED
15145,3,358,2024-06-22,2024-07-16,DELAYED
15146,19,89,2023-04-19,2023-04-24,IN_TRANSIT
15147,11,393,2024-11-19,2024-12-27,DELIVERED
15148,2,451,2026-05-13,2026-05-29,DELIVERED
15149,19,496,2025-07-30,2025-08-28,DELIVERED
15150,18,109,2025-05-13,2025-05-30,DELAYED
15151,20,330,2024-07-25,2024-08-10,DELIVERED
15152,18,244,2025-12-21,2026-01-15,DELIVERED
15153,20,36,2023-10-24,2023-11-30,DELIVERED
15154,16,273,2025-06-28,2025-07-15,DELIVERED
15155,19,150,2024-09-01,2024-09-16,DELIVERED
15156,19,275,2023-05-23,2023-06-26,DELIVERED
15157,12,392,2026-06-24,2026-07-30,IN_TRANSIT
15158,2,10,2023-06-22,2023-06-28,DELIVERED
15159,12,446,2024-10-29,2024-11-13,DELAYED
15160,13,272,2023-02-03,2023-03-03,DELIVERED
15161,19,258,2024-04-08,2024-05-08,DELIVERED
15162,2,133,2023-04-12,2023-05-05,DELIVERED
15163,18,219,2026-08-11,2026-09-11,DELIVERED
15164,14,80,2024-03-01,2024-03-14,DELIVERED
15165,9,39,2025-01-11,2025-01-25,DELIVERED
15166,1,115,2025-02-12,2025-03-02,DELIVERED
15167,7,315,2025-12-13,2026-01-15,IN_TRANSIT
15168,2,391,2023-07-19,2023-07-25,DELIVERED
15169,9,377,2023-11-26,2023-12-15,DELIVERED
15170,11,222,2023-04-10,2023-05-10,DELIVERED
15171,6,431,2023-03-15,2023-03-28,DELIVERED
15172,1,45,2023-05-26,2023-07-01,DELIVERED
15173,11,80,2024-02-22,2024-03-13,DELIVERED
15174,20,68,2023-12-25,2024-01-09,DELIVERED
15175,15,435,2023-10-13,2023-11-15,DELIVERED
15176,8,430,2024-10-14,2024-11-10,DELIVERED
15177,9,263,2024-05-22,2024-06-27,DELIVERED
15178,3,130,2025-05-04,2025-05-13,DELIVERED
15179,8,159,2025-03-19,2025-03-25,DELIVERED
15180,19,29,2023-11-02,2023-12-07,DELIVERED
15181,16,153,2025-05-20,2025-06-02,DELIVERED
15182,12,132,2024-04-26,2024-05-21,DELIVERED
15183,1,106,2024-07-16,2024-07-21,DELIVERED
15184,17,134,2024-10-09,2024-11-02,DELIVERED
15185,20,292,2024-01-09,2024-02-12,DELIVERED
15186,6,250,2023-05-15,2023-06-09,DELIVERED
15187,19,450,2023-11-25,2023-12-05,DELAYED
15188,14,431,2026-04-06,2026-05-14,DELIVERED
15189,3,258,2024-03-08,2024-03-28,DELIVERED
15190,15,255,2026-05-19,2026-05-26,DELIVERED
15191,20,315,2024-05-05,2024-06-05,DELIVERED
15192,2,474,2023-11-22,2023-12-22,DELIVERED
15193,15,376,2025-04-05,2025-04-22,DELIVERED
15194,7,153,2023-08-03,2023-09-02,DELIVERED
15195,16,121,2023-12-02,2023-12-27,DELIVERED
15196,19,69,2026-08-19,2026-09-19,DELIVERED
15197,3,225,2025-05-01,2025-05-08,DELIVERED
15198,2,437,2026-06-15,2026-06-20,DELIVERED
15199,5,305,2025-12-25,2025-12-31,DELIVERED
15200,11,191,2026-06-02,2026-06-12,DELIVERED
15201,11,181,2025-10-18,2025-11-11,DELIVERED
15202,6,93,2026-08-23,2026-10-01,DELIVERED
15203,10,211,2026-09-02,2026-09-23,DELIVERED
15204,8,263,2025-09-23,2025-10-23,DELIVERED
15205,9,286,2026-02-22,2026-03-08,DELIVERED
15206,16,287,2024-09-14,2024-10-04,DELIVERED
15207,14,418,2025-08-15,2025-09-02,DELIVERED
15208,3,417,2023-03-26,2023-05-03,DELIVERED
15209,20,338,2024-12-10,2025-01-12,DELIVERED
15210,16,326,2025-01-25,2025-02-26,DELIVERED
15211,8,190,2025-11-02,2025-11-08,DELIVERED
15212,12,307,2025-02-10,2025-03-03,DELIVERED
15213,12,137,2023-12-28,2024-01-11,DELIVERED
15214,4,357,2025-10-27,2025-11-01,DELAYED
15215,5,210,2024-06-28,2024-07-10,IN_TRANSIT
15216,3,361,2024-10-19,2024-11-15,DELIVERED
15217,16,22,2024-05-26,2024-07-02,IN_TRANSIT
15218,20,259,2023-12-01,2023-12-21,DELAYED
15219,15,424,2023-01-03,2023-01-28,DELIVERED
15220,16,13,2025-01-10,2025-01-19,DELIVERED
15221,3,201,2026-08-25,2026-09-08,DELIVERED
15222,5,267,2025-07-16,2025-08-14,DELIVERED
15223,13,364,2024-01-13,2024-02-06,DELIVERED
15224,10,87,2024-07-25,2024-07-31,DELIVERED
15225,16,471,2025-12-25,2026-01-27,DELIVERED
15226,17,135,2025-08-07,2025-08-23,DELIVERED
15227,16,350,2023-06-21,2023-07-12,DELIVERED
15228,19,55,2024-08-28,2024-10-01,DELIVERED
15229,11,95,2026-05-14,2026-05-21,DELIVERED
15230,3,372,2025-09-20,2025-10-08,DELIVERED
15231,7,249,2023-02-17,2023-02-24,IN_TRANSIT
15232,13,334,2023-07-03,2023-07-29,IN_TRANSIT
15233,17,233,2025-10-02,2025-10-21,DELIVERED
15234,13,78,2025-07-31,2025-08-15,DELAYED
15235,13,209,2026-07-23,2026-08-10,DELIVERED
15236,6,19,2023-05-27,2023-06-05,DELIVERED
15237,1,455,2024-01-24,2024-02-20,DELIVERED
15238,2,161,2024-02-12,2024-03-19,DELIVERED
15239,10,29,2025-04-07,2025-05-02,DELIVERED
15240,10,12,2025-01-01,2025-01-11,DELIVERED
15241,2,386,2024-07-28,2024-08-24,DELAYED
15242,2,369,2024-10-05,2024-10-16,DELIVERED
15243,7,95,2024-09-09,2024-10-06,DELIVERED
15244,13,186,2023-01-17,2023-01-31,DELIVERED
15245,3,93,2024-08-26,2024-09-13,DELIVERED
15246,8,412,2025-02-27,2025-03-16,DELIVERED
15247,15,109,2026-01-06,2026-01-30,DELIVERED
15248,2,493,2026-04-21,2026-05-08,DELIVERED
15249,5,127,2026-03-30,2026-04-16,DELIVERED
15250,11,111,2026-04-11,2026-04-21,DELIVERED
15251,4,383,2025-07-09,2025-07-21,DELIVERED
15252,12,361,2026-03-02,2026-04-08,DELIVERED
15253,1,124,2025-05-26,2025-06-17,DELIVERED
15254,19,60,2024-06-03,2024-06-13,DELIVERED
15255,16,226,2023-01-06,2023-02-08,DELIVERED
15256,1,407,2024-01-22,2024-02-22,IN_TRANSIT
15257,16,464,2024-09-29,2024-10-21,DELIVERED
15258,8,372,2024-09-15,2024-09-28,DELIVERED
15259,14,36,2023-07-01,2023-08-04,DELAYED
15260,7,138,2025-11-25,2025-12-20,DELIVERED
15261,10,276,2024-06-07,2024-06-16,DELIVERED
15262,11,328,2024-07-10,2024-07-22,DELIVERED
15263,3,5,2023-05-19,2023-06-08,IN_TRANSIT
15264,5,417,2024-10-04,2024-10-09,DELIVERED
15265,5,290,2025-08-23,2025-09-28,DELAYED
15266,14,190,2024-12-31,2025-01-07,DELIVERED
15267,20,321,2023-09-25,2023-10-18,IN_TRANSIT
15268,19,80,2023-06-18,2023-07-15,DELIVERED
15269,7,357,2025-11-20,2025-12-06,DELIVERED
15270,4,118,2024-10-29,2024-12-07,DELIVERED
15271,14,341,2025-03-23,2025-04-12,DELIVERED
15272,13,153,2024-02-29,2024-04-06,DELAYED
15273,11,191,2023-09-28,2023-10-17,DELIVERED
15274,18,133,2026-03-25,2026-04-06,DELIVERED
15275,16,341,2025-08-12,2025-08-18,DELIVERED
15276,20,419,2023-05-17,2023-06-02,DELIVERED
15277,16,192,2026-02-08,2026-02-19,DELAYED
15278,10,156,2024-11-24,2024-12-20,DELIVERED
15279,14,499,2025-06-08,2025-07-06,IN_TRANSIT
15280,9,404,2024-06-03,2024-06-17,DELIVERED
15281,16,207,2025-09-16,2025-10-16,DELAYED
15282,1,69,2023-11-15,2023-12-24,DELIVERED
15283,4,9,2025-08-11,2025-08-25,DELIVERED
15284,12,63,2026-01-19,2026-02-14,DELIVERED
15285,9,221,2024-01-18,2024-02-02,DELIVERED
15286,2,304,2026-02-14,2026-03-17,DELIVERED
15287,19,251,2024-04-28,2024-05-05,DELIVERED
15288,15,411,2025-04-08,2025-04-22,DELIVERED
15289,15,232,2023-09-24,2023-10-31,DELIVERED
15290,18,204,2023-06-01,2023-07-09,IN_TRANSIT
15291,2,198,2024-10-06,2024-10-28,DELIVERED
15292,17,198,2024-07-20,2024-08-24,DELAYED
15293,19,188,2023-04-18,2023-05-27,DELIVERED
15294,10,325,2025-03-17,2025-04-22,IN_TRANSIT
15295,11,143,2025-01-28,2025-02-11,DELAYED
15296,12,190,2024-07-13,2024-07-24,DELIVERED
15297,6,476,2025-01-10,2025-01-29,DELIVERED
15298,3,200,2023-04-20,2023-05-06,DELIVERED
15299,9,93,2023-12-04,2023-12-31,DELIVERED
15300,14,221,2023-09-08,2023-10-07,DELAYED
15301,18,51,2026-01-23,2026-02-09,DELIVERED
15302,19,56,2026-09-21,2026-10-25,DELIVERED
15303,8,115,2026-04-23,2026-05-26,DELAYED
15304,19,216,2024-03-03,2024-03-10,DELIVERED
15305,12,116,2024-04-26,2024-05-21,DELAYED
15306,6,429,2024-01-30,2024-02-27,DELIVERED
15307,8,5,2023-06-21,2023-06-28,DELIVERED
15308,8,119,2026-09-13,2026-10-06,DELIVERED
15309,11,419,2025-02-25,2025-04-02,DELIVERED
15310,3,425,2025-05-24,2025-06-20,DELIVERED
15311,19,317,2026-04-01,2026-04-07,DELIVERED
15312,5,80,2024-10-29,2024-11-06,DELIVERED
15313,4,387,2026-07-31,2026-08-24,DELIVERED
15314,13,35,2023-01-16,2023-02-02,DELIVERED
15315,15,334,2023-11-03,2023-12-09,DELIVERED
15316,12,7,2025-03-14,2025-03-24,DELIVERED
15317,14,341,2026-03-21,2026-04-06,DELIVERED
15318,7,309,2023-09-01,2023-09-06,DELIVERED
15319,13,343,2024-05-09,2024-06-13,DELIVERED
15320,13,26,2023-04-04,2023-04-14,IN_TRANSIT
15321,6,102,2026-02-22,2026-03-10,DELIVERED
15322,17,319,2025-01-18,2025-02-10,IN_TRANSIT
15323,5,461,2025-11-04,2025-12-06,DELIVERED
15324,9,221,2023-11-14,2023-11-20,DELIVERED
15325,10,91,2025-02-16,2025-03-02,DELIVERED
15326,11,396,2023-04-26,2023-06-02,DELIVERED
15327,18,492,2024-05-07,2024-06-09,DELIVERED
15328,8,441,2026-03-11,2026-03-29,DELIVERED
15329,11,201,2024-02-03,2024-02-09,IN_TRANSIT
15330,11,262,2023-01-23,2023-02-28,DELIVERED
15331,19,137,2025-06-03,2025-06-12,DELIVERED
15332,7,65,2023-01-08,2023-02-11,IN_TRANSIT
15333,3,13,2023-01-13,2023-02-20,DELIVERED
15334,7,3,2023-07-24,2023-08-19,DELIVERED
15335,18,164,2023-12-23,2024-01-13,DELIVERED
15336,16,224,2023-02-12,2023-02-27,DELIVERED
15337,20,458,2023-11-05,2023-12-04,DELIVERED
15338,20,140,2024-04-07,2024-05-11,DELAYED
15339,13,460,2024-01-03,2024-01-21,DELIVERED
15340,10,176,2023-09-18,2023-10-25,DELIVERED
15341,4,252,2025-02-20,2025-03-23,DELIVERED
15342,3,437,2025-05-16,2025-06-01,DELIVERED
15343,8,60,2023-04-03,2023-04-26,DELIVERED
15344,20,27,2024-02-08,2024-03-01,DELIVERED
15345,3,143,2023-06-08,2023-06-23,DELIVERED
15346,5,144,2025-12-29,2026-01-09,DELIVERED
15347,19,309,2025-06-01,2025-06-30,IN_TRANSIT
15348,2,363,2023-01-07,2023-01-19,DELIVERED
15349,12,487,2024-10-19,2024-11-04,DELIVERED
15350,6,33,2023-04-04,2023-05-05,DELIVERED
15351,20,368,2024-02-23,2024-03-26,DELIVERED
15352,16,458,2024-01-21,2024-02-27,IN_TRANSIT
15353,7,9,2025-08-07,2025-09-01,DELIVERED
15354,13,378,2023-01-09,2023-02-12,DELIVERED
15355,12,210,2024-08-30,2024-09-25,DELIVERED
15356,3,153,2025-08-31,2025-09-10,DELIVERED
15357,13,311,2024-02-09,2024-02-27,DELIVERED
15358,14,148,2026-08-06,2026-09-07,IN_TRANSIT
15359,19,157,2023-06-12,2023-07-16,DELIVERED
15360,2,371,2026-08-25,2026-09-07,DELAYED
15361,6,93,2025-09-25,2025-11-01,IN_TRANSIT
15362,12,239,2025-03-28,2025-04-30,DELIVERED
15363,2,56,2024-06-09,2024-06-19,DELIVERED
15364,1,31,2023-02-14,2023-03-19,DELIVERED
15365,10,244,2024-08-11,2024-08-31,DELIVERED
15366,4,226,2024-03-21,2024-03-28,DELIVERED
15367,1,62,2023-01-26,2023-03-03,DELIVERED
15368,6,86,2025-04-15,2025-05-05,DELIVERED
15369,20,399,2025-05-25,2025-06-25,DELIVERED
15370,13,255,2024-05-19,2024-06-09,IN_TRANSIT
15371,3,300,2023-08-29,2023-09-20,DELIVERED
15372,7,27,2026-05-23,2026-06-30,DELIVERED
15373,16,460,2025-01-15,2025-01-23,DELIVERED
15374,15,258,2023-05-25,2023-06-09,DELIVERED
15375,4,33,2024-09-30,2024-10-26,DELIVERED
15376,8,204,2025-08-09,2025-08-25,DELIVERED
15377,8,234,2023-10-26,2023-11-21,DELAYED
15378,20,374,2025-05-20,2025-06-21,DELIVERED
15379,1,200,2023-10-06,2023-11-07,DELIVERED
15380,15,225,2023-08-27,2023-09-01,DELAYED
15381,1,187,2024-04-28,2024-05-24,DELIVERED
15382,1,382,2026-03-30,2026-04-20,DELIVERED
15383,15,303,2024-10-17,2024-10-22,DELIVERED
15384,13,464,2023-12-22,2024-01-18,DELIVERED
15385,13,232,2025-10-10,2025-11-01,DELIVERED
15386,17,316,2026-04-18,2026-04-30,DELIVERED
15387,1,283,2025-03-17,2025-04-08,IN_TRANSIT
15388,10,115,2023-11-03,2023-11-13,DELAYED
15389,9,21,2024-07-22,2024-08-06,DELIVERED
15390,13,484,2024-06-15,2024-07-03,DELAYED
15391,10,168,2025-11-29,2026-01-05,DELIVERED
15392,19,450,2023-01-19,2023-02-16,DELIVERED
15393,7,483,2023-10-06,2023-11-13,DELIVERED
15394,14,99,2023-05-18,2023-06-16,DELIVERED
15395,16,170,2024-05-17,2024-06-13,DELIVERED
15396,1,499,2025-05-09,2025-06-03,DELIVERED
15397,12,166,2024-01-23,2024-01-28,DELIVERED
15398,1,142,2026-06-18,2026-07-22,DELIVERED
15399,16,147,2023-06-17,2023-06-24,DELIVERED
15400,9,326,2025-02-28,2025-03-13,IN_TRANSIT
15401,6,235,2025-07-24,2025-08-09,DELIVERED
15402,10,312,2026-06-24,2026-07-09,DELIVERED
15403,6,163,2023-08-30,2023-09-21,DELIVERED
15404,4,114,2023-01-06,2023-01-28,DELIVERED
15405,15,148,2025-01-27,2025-02-12,DELIVERED
15406,17,269,2026-04-14,2026-04-23,DELIVERED
15407,16,180,2023-06-18,2023-07-01,DELIVERED
15408,15,110,2026-01-12,2026-02-04,DELAYED
15409,8,355,2024-03-10,2024-04-07,DELIVERED
15410,19,259,2024-12-09,2024-12-19,DELIVERED
15411,12,135,2023-01-26,2023-03-01,DELIVERED
15412,16,23,2023-05-20,2023-06-09,DELAYED
15413,5,400,2023-09-07,2023-10-04,DELIVERED
15414,16,273,2025-11-16,2025-12-14,DELAYED
15415,17,50,2024-12-14,2025-01-13,DELIVERED
15416,8,425,2024-09-25,2024-10-04,DELIVERED
15417,1,85,2026-01-05,2026-01-27,DELIVERED
15418,12,37,2023-05-14,2023-05-20,DELAYED
15419,4,350,2026-08-17,2026-08-29,DELIVERED
15420,16,151,2026-09-06,2026-09-13,DELIVERED
15421,10,363,2024-03-14,2024-03-23,DELAYED
15422,12,315,2023-10-07,2023-10-17,DELAYED
15423,10,312,2023-01-18,2023-02-03,DELIVERED
15424,10,261,2023-12-24,2024-01-27,DELIVERED
15425,5,136,2023-08-11,2023-08-25,DELIVERED
15426,2,360,2023-01-18,2023-02-03,DELIVERED
15427,2,193,2023-03-11,2023-03-28,DELIVERED
15428,5,148,2026-03-31,2026-05-07,DELIVERED
15429,11,453,2026-09-21,2026-10-04,DELIVERED
15430,1,90,2025-08-09,2025-08-21,IN_TRANSIT
15431,1,36,2024-10-24,2024-11-06,DELIVERED
15432,3,273,2024-01-14,2024-01-23,IN_TRANSIT
15433,13,320,2026-03-03,2026-03-23,IN_TRANSIT
15434,7,338,2026-03-20,2026-04-21,DELIVERED
15435,17,479,2024-10-11,2024-11-04,DELIVERED
15436,14,455,2024-07-24,2024-07-31,DELIVERED
15437,14,162,2025-03-08,2025-03-31,DELIVERED
15438,15,131,2023-10-01,2023-10-09,DELAYED
15439,9,301,2023-05-04,2023-06-02,DELIVERED
15440,7,60,2025-06-12,2025-06-17,DELIVERED
15441,12,395,2026-08-03,2026-08-19,DELIVERED
15442,17,346,2024-08-05,2024-08-19,DELIVERED
15443,10,26,2025-07-25,2025-08-15,IN_TRANSIT
15444,10,478,2025-05-15,2025-06-17,DELAYED
15445,20,430,2025-08-19,2025-09-20,DELIVERED
15446,4,77,2025-03-29,2025-04-29,DELIVERED
15447,17,142,2023-01-12,2023-02-06,DELIVERED
15448,20,243,2024-08-30,2024-09-04,DELIVERED
15449,8,250,2025-02-09,2025-03-11,DELIVERED
15450,2,248,2024-11-15,2024-12-16,DELIVERED
15451,14,360,2025-02-27,2025-03-21,DELIVERED
15452,18,180,2025-05-11,2025-06-02,DELIVERED
15453,20,363,2026-02-06,2026-03-09,DELIVERED
15454,19,251,2026-08-29,2026-09-19,DELIVERED
15455,6,418,2023-11-10,2023-11-24,DELIVERED
15456,5,196,2023-06-12,2023-06-26,DELIVERED
15457,13,182,2026-03-17,2026-04-22,DELIVERED
15458,10,355,2023-03-16,2023-04-12,DELIVERED
15459,15,167,2025-02-15,2025-03-09,DELIVERED
15460,10,151,2025-01-02,2025-01-24,DELIVERED
15461,4,140,2023-02-28,2023-03-13,IN_TRANSIT
15462,7,254,2024-10-05,2024-11-10,DELIVERED
15463,1,32,2023-10-24,2023-11-15,DELIVERED
15464,11,265,2023-08-21,2023-09-04,DELIVERED
15465,7,68,2024-08-12,2024-09-20,IN_TRANSIT
15466,16,397,2026-07-14,2026-07-30,DELAYED
15467,1,200,2023-06-22,2023-06-29,DELIVERED
15468,12,430,2025-03-08,2025-04-12,DELIVERED
15469,12,493,2026-03-24,2026-04-27,DELIVERED
15470,6,123,2023-08-28,2023-09-28,DELIVERED
15471,7,457,2025-02-25,2025-03-19,DELIVERED
15472,6,195,2023-11-04,2023-11-12,DELIVERED
15473,1,137,2025-12-20,2025-12-31,DELIVERED
15474,4,425,2025-02-28,2025-03-05,DELIVERED
15475,2,444,2025-04-06,2025-04-20,DELIVERED
15476,7,277,2026-04-03,2026-05-06,IN_TRANSIT
15477,3,183,2024-07-17,2024-08-18,DELIVERED
15478,2,322,2023-07-28,2023-08-06,DELIVERED
15479,12,109,2025-05-16,2025-06-13,DELIVERED
15480,4,452,2024-03-12,2024-04-08,IN_TRANSIT
15481,15,16,2025-05-11,2025-05-27,DELIVERED
15482,10,493,2023-10-24,2023-11-29,DELIVERED
15483,13,290,2026-07-08,2026-08-15,DELIVERED
15484,1,380,2024-01-09,2024-01-27,DELIVERED
15485,5,14,2025-09-09,2025-09-23,DELIVERED
15486,11,251,2025-05-15,2025-06-18,DELIVERED
15487,1,458,2023-10-22,2023-11-17,DELAYED
15488,19,87,2023-09-12,2023-10-16,DELIVERED
15489,12,31,2023-06-22,2023-07-08,DELAYED
15490,16,323,2025-04-05,2025-04-26,DELIVERED
15491,8,193,2024-07-09,2024-07-14,IN_TRANSIT
15492,9,467,2024-09-19,2024-10-28,DELIVERED
15493,20,83,2025-04-18,2025-05-03,DELAYED
15494,15,393,2026-08-18,2026-09-05,DELIVERED
15495,3,298,2023-02-18,2023-03-20,DELIVERED
15496,10,46,2025-06-29,2025-07-05,DELIVERED
15497,17,215,2024-10-05,2024-11-09,DELIVERED
15498,11,44,2024-01-09,2024-01-30,DELIVERED
15499,12,227,2024-01-09,2024-02-04,DELIVERED
15500,11,420,2025-03-04,2025-04-09,DELIVERED
15501,16,92,2023-07-10,2023-07-31,IN_TRANSIT
15502,12,369,2024-01-15,2024-02-09,DELIVERED
15503,6,108,2024-07-10,2024-08-11,DELIVERED
15504,11,33,2023-07-02,2023-07-12,DELIVERED
15505,3,201,2024-12-10,2024-12-15,DELIVERED
15506,6,490,2024-02-03,2024-03-02,DELAYED
15507,19,163,2023-12-01,2024-01-01,DELIVERED
15508,2,420,2025-02-11,2025-02-26,DELIVERED
15509,16,275,2024-06-10,2024-06-26,DELIVERED
15510,17,209,2025-06-28,2025-07-20,DELAYED
15511,2,371,2024-08-25,2024-09-01,DELIVERED
15512,3,474,2023-07-04,2023-07-24,DELIVERED
15513,5,82,2026-01-05,2026-01-11,DELIVERED
15514,2,497,2024-02-18,2024-02-24,DELIVERED
15515,20,474,2025-11-30,2025-12-11,DELIVERED
15516,9,22,2024-10-28,2024-11-09,DELIVERED
15517,19,140,2023-06-29,2023-07-25,DELIVERED
15518,17,35,2024-12-04,2025-01-12,DELAYED
15519,4,69,2023-03-03,2023-04-11,IN_TRANSIT
15520,20,227,2023-03-13,2023-04-10,DELIVERED
15521,20,66,2024-05-18,2024-06-03,DELIVERED
15522,20,263,2026-05-14,2026-05-30,DELIVERED
15523,7,390,2025-01-08,2025-01-25,DELIVERED
15524,16,233,2025-12-15,2026-01-17,DELIVERED
15525,17,67,2023-08-20,2023-09-13,DELIVERED
15526,7,476,2023-12-12,2024-01-14,DELAYED
15527,10,80,2026-06-26,2026-07-21,DELAYED
15528,18,318,2024-11-24,2024-12-24,DELAYED
15529,4,272,2025-04-20,2025-05-10,DELIVERED
15530,5,460,2025-08-13,2025-09-11,IN_TRANSIT
15531,18,307,2023-07-27,2023-09-03,DELIVERED
15532,6,346,2023-04-06,2023-04-18,DELIVERED
15533,8,306,2026-09-13,2026-10-16,DELAYED
15534,3,12,2025-11-18,2025-12-10,DELIVERED
15535,12,407,2026-03-18,2026-04-13,DELIVERED
15536,8,382,2025-03-27,2025-04-06,DELIVERED
15537,19,247,2025-02-07,2025-02-20,DELIVERED
15538,6,494,2024-05-18,2024-06-09,DELIVERED
15539,16,286,2024-09-22,2024-10-04,DELIVERED
15540,2,321,2023-03-23,2023-04-03,DELIVERED
15541,20,326,2026-02-01,2026-02-14,IN_TRANSIT
15542,11,209,2025-10-22,2025-11-26,DELIVERED
15543,18,363,2026-07-04,2026-08-02,DELIVERED
15544,14,452,2023-07-26,2023-08-02,DELIVERED
15545,13,305,2024-03-14,2024-03-24,DELIVERED
15546,7,178,2024-02-19,2024-03-18,DELIVERED
15547,2,141,2024-08-19,2024-09-17,DELIVERED
15548,20,14,2026-04-22,2026-05-23,DELIVERED
15549,9,322,2026-08-01,2026-08-14,DELIVERED
15550,19,59,2024-10-23,2024-11-02,DELIVERED
15551,4,359,2024-11-18,2024-12-18,DELIVERED
15552,9,387,2026-09-08,2026-09-25,DELIVERED
15553,8,481,2023-05-09,2023-05-17,IN_TRANSIT
15554,17,371,2024-01-19,2024-02-23,DELIVERED
15555,2,166,2023-11-08,2023-11-14,IN_TRANSIT
15556,19,103,2023-06-21,2023-07-03,IN_TRANSIT
15557,11,404,2024-06-09,2024-07-04,DELIVERED
15558,11,69,2025-09-14,2025-10-01,DELIVERED
15559,10,343,2026-04-19,2026-04-27,DELIVERED
15560,8,299,2023-09-15,2023-10-02,IN_TRANSIT
15561,19,78,2025-07-05,2025-07-31,IN_TRANSIT
15562,20,329,2025-05-30,2025-06-23,DELIVERED
15563,2,418,2023-03-15,2023-04-16,DELIVERED
15564,18,261,2024-05-14,2024-05-25,IN_TRANSIT
15565,14,24,2024-03-15,2024-03-28,DELIVERED
15566,9,211,2024-09-11,2024-10-12,DELIVERED
15567,10,67,2025-10-23,2025-11-09,DELIVERED
15568,5,358,2025-11-29,2025-12-15,DELIVERED
15569,11,355,2023-03-26,2023-05-03,DELAYED
15570,13,468,2024-11-04,2024-11-19,IN_TRANSIT
15571,13,437,2026-08-08,2026-08-14,DELIVERED
15572,17,129,2024-10-06,2024-11-13,DELIVERED
15573,10,457,2024-01-08,2024-02-12,DELIVERED
15574,11,245,2025-10-27,2025-11-05,DELIVERED
15575,2,385,2025-03-03,2025-03-25,DELIVERED
15576,19,471,2025-04-17,2025-04-26,DELIVERED
15577,18,31,2024-02-06,2024-03-11,DELIVERED
15578,13,281,2025-02-18,2025-03-19,DELIVERED
15579,4,483,2023-05-11,2023-06-11,DELIVERED
15580,17,393,2025-10-25,2025-11-10,DELIVERED
15581,7,282,2024-04-02,2024-04-23,DELIVERED
15582,5,72,2026-03-20,2026-04-01,DELIVERED
15583,7,367,2024-08-03,2024-09-07,IN_TRANSIT
15584,10,381,2023-01-16,2023-02-16,DELAYED
15585,1,38,2024-02-23,2024-03-11,DELIVERED
15586,17,109,2026-01-01,2026-01-07,DELIVERED
15587,12,84,2026-07-04,2026-07-14,DELIVERED
15588,8,453,2024-09-06,2024-09-20,DELIVERED
15589,11,386,2024-01-13,2024-01-24,IN_TRANSIT
15590,17,450,2026-04-30,2026-05-12,DELIVERED
15591,15,232,2026-09-13,2026-10-03,DELIVERED
15592,16,147,2025-10-29,2025-11-20,IN_TRANSIT
15593,3,257,2026-05-27,2026-07-04,DELIVERED
15594,16,148,2023-10-16,2023-10-22,DELIVERED
15595,11,244,2024-01-20,2024-02-20,DELIVERED
15596,11,382,2025-11-10,2025-11-17,DELIVERED
15597,3,244,2024-12-26,2025-01-26,DELIVERED
15598,10,25,2023-04-17,2023-05-17,DELIVERED
15599,11,156,2026-02-14,2026-03-08,DELIVERED
15600,3,80,2023-10-11,2023-10-20,IN_TRANSIT
15601,11,49,2025-02-15,2025-03-02,DELIVERED
15602,15,97,2024-06-15,2024-06-27,DELIVERED
15603,6,289,2026-01-28,2026-02-23,DELIVERED
15604,8,113,2026-09-02,2026-09-28,DELIVERED
15605,3,186,2025-10-31,2025-11-10,DELAYED
15606,16,491,2026-02-25,2026-03-12,DELIVERED
15607,10,290,2023-12-22,2023-12-28,DELIVERED
15608,1,28,2023-08-22,2023-09-07,DELIVERED
15609,2,450,2026-07-13,2026-08-09,DELIVERED
15610,16,12,2025-06-09,2025-07-01,DELIVERED
15611,14,116,2024-10-03,2024-11-08,DELIVERED
15612,16,326,2026-06-09,2026-06-21,DELIVERED
15613,11,389,2025-01-07,2025-02-11,DELIVERED
15614,16,461,2023-05-02,2023-05-21,IN_TRANSIT
15615,5,56,2025-06-10,2025-06-19,DELIVERED
15616,16,123,2026-04-30,2026-05-15,DELIVERED
15617,1,155,2026-09-26,2026-10-13,DELIVERED
15618,20,466,2025-06-18,2025-07-21,IN_TRANSIT
15619,20,480,2025-10-21,2025-10-26,DELIVERED
15620,15,136,2023-02-06,2023-02-15,DELIVERED
15621,17,215,2024-06-27,2024-07-21,DELAYED
15622,16,12,2026-03-31,2026-05-06,DELIVERED
15623,10,489,2023-02-10,2023-02-23,DELAYED
15624,13,219,2024-03-26,2024-04-21,IN_TRANSIT
15625,8,384,2023-02-01,2023-02-11,DELIVERED
15626,9,30,2024-07-06,2024-08-11,DELIVERED
15627,18,153,2025-01-28,2025-02-20,DELIVERED
15628,6,273,2024-05-12,2024-05-26,DELIVERED
15629,14,103,2025-11-26,2025-12-26,DELIVERED
15630,2,278,2024-12-30,2025-01-26,DELIVERED
15631,4,432,2023-11-06,2023-11-14,DELIVERED
15632,5,421,2023-05-13,2023-06-15,DELAYED
15633,12,107,2026-09-17,2026-10-18,DELIVERED
15634,7,232,2025-09-21,2025-10-28,DELIVERED
15635,5,113,2024-04-21,2024-04-26,DELIVERED
15636,8,471,2023-10-03,2023-10-31,DELIVERED
15637,10,64,2024-09-09,2024-10-05,DELIVERED
15638,1,1,2025-07-13,2025-07-28,IN_TRANSIT
15639,11,462,2023-02-16,2023-03-22,IN_TRANSIT
15640,16,227,2023-11-12,2023-11-26,DELIVERED
15641,9,404,2024-04-29,2024-06-07,IN_TRANSIT
15642,12,72,2024-02-17,2024-02-29,DELIVERED
15643,7,409,2023-07-01,2023-07-06,DELIVERED
15644,9,396,2023-01-04,2023-01-17,DELIVERED
15645,10,397,2023-08-21,2023-09-16,DELIVERED
15646,2,473,2024-01-10,2024-01-16,DELIVERED
15647,9,61,2024-04-11,2024-05-10,DELIVERED
15648,16,449,2024-06-22,2024-07-26,DELIVERED
15649,11,47,2023-06-24,2023-07-11,DELIVERED
15650,5,384,2025-10-10,2025-10-21,DELAYED
15651,17,420,2024-11-30,2025-01-05,DELIVERED
15652,13,112,2026-05-07,2026-06-02,DELIVERED
15653,10,30,2024-03-27,2024-04-22,DELIVERED
15654,16,428,2026-03-08,2026-04-03,DELIVERED
15655,6,394,2025-05-18,2025-06-22,DELIVERED
15656,13,340,2024-05-18,2024-05-25,IN_TRANSIT
15657,20,76,2026-04-10,2026-05-14,DELIVERED
15658,3,35,2025-09-04,2025-09-22,DELAYED
15659,8,300,2023-06-17,2023-06-22,DELAYED
15660,12,500,2023-05-12,2023-05-27,DELIVERED
15661,8,283,2026-07-26,2026-08-11,DELIVERED
15662,16,222,2023-07-14,2023-08-13,DELIVERED
15663,6,438,2024-01-13,2024-02-17,DELIVERED
15664,7,310,2023-10-29,2023-12-05,DELIVERED
15665,11,51,2023-08-25,2023-09-28,DELIVERED
15666,10,422,2024-05-07,2024-05-24,DELIVERED
15667,1,437,2024-07-05,2024-07-29,DELAYED
15668,19,243,2024-08-15,2024-09-23,DELIVERED
15669,19,192,2026-05-08,2026-06-04,DELIVERED
15670,19,486,2024-01-14,2024-02-02,DELAYED
15671,7,162,2024-05-15,2024-06-14,DELIVERED
15672,5,39,2023-07-16,2023-08-02,DELIVERED
15673,8,204,2025-03-30,2025-05-08,DELIVERED
15674,16,464,2023-02-06,2023-03-13,DELIVERED
15675,8,394,2026-06-11,2026-07-15,DELIVERED
15676,16,360,2023-03-24,2023-04-09,DELIVERED
15677,2,366,2026-04-19,2026-05-24,DELIVERED
15678,2,424,2026-01-31,2026-03-04,DELIVERED
15679,12,6,2024-05-27,2024-06-18,DELIVERED
15680,10,27,2026-04-19,2026-05-11,DELIVERED
15681,20,451,2026-01-26,2026-02-28,DELIVERED
15682,10,304,2024-02-02,2024-03-10,IN_TRANSIT
15683,7,40,2023-09-29,2023-10-22,DELIVERED
15684,10,76,2023-09-23,2023-10-10,DELIVERED
15685,6,201,2026-08-15,2026-09-11,DELIVERED
15686,14,210,2024-07-15,2024-07-23,DELIVERED
15687,16,93,2025-01-16,2025-02-19,DELAYED
15688,1,352,2024-08-09,2024-09-06,DELIVERED
15689,4,14,2026-06-24,2026-07-27,IN_TRANSIT
15690,5,78,2026-01-04,2026-02-04,DELIVERED
15691,19,114,2025-09-08,2025-10-10,IN_TRANSIT
15692,4,120,2026-01-26,2026-02-28,DELIVERED
15693,9,500,2026-08-17,2026-09-18,DELIVERED
15694,19,494,2023-12-16,2024-01-01,DELIVERED
15695,10,69,2023-12-06,2023-12-23,DELIVERED
15696,19,104,2025-02-07,2025-02-12,DELIVERED
15697,11,100,2025-04-07,2025-04-17,DELIVERED
15698,19,331,2025-12-30,2026-01-09,DELIVERED
15699,16,51,2024-07-11,2024-08-01,IN_TRANSIT
15700,7,251,2024-06-11,2024-06-20,IN_TRANSIT
15701,16,313,2024-06-22,2024-07-25,DELIVERED
15702,3,479,2023-04-09,2023-05-09,DELIVERED
15703,1,90,2025-04-15,2025-05-05,DELIVERED
15704,8,204,2023-11-16,2023-11-30,DELIVERED
15705,8,160,2023-08-30,2023-09-13,IN_TRANSIT
15706,11,404,2024-03-20,2024-04-05,DELIVERED
15707,14,320,2026-02-22,2026-03-14,DELIVERED
15708,7,224,2024-07-08,2024-08-14,DELAYED
15709,9,192,2026-02-24,2026-03-04,DELIVERED
15710,2,15,2023-05-28,2023-07-02,DELIVERED
15711,9,374,2025-04-04,2025-04-21,DELIVERED
15712,7,214,2025-05-24,2025-06-26,DELIVERED
15713,7,409,2024-09-04,2024-09-09,DELIVERED
15714,16,379,2026-01-25,2026-02-09,DELIVERED
15715,9,196,2024-12-18,2025-01-14,DELIVERED
15716,9,72,2025-08-04,2025-09-06,DELIVERED
15717,3,193,2026-02-03,2026-02-13,DELIVERED
15718,6,246,2024-03-20,2024-04-22,DELIVERED
15719,18,274,2025-11-07,2025-12-08,DELAYED
15720,10,473,2023-01-13,2023-01-27,DELIVERED
15721,9,438,2023-12-29,2024-01-03,DELIVERED
15722,2,365,2026-01-19,2026-01-27,DELIVERED
15723,17,261,2025-07-31,2025-08-13,DELIVERED
15724,1,296,2023-09-23,2023-10-26,IN_TRANSIT
15725,18,74,2026-01-06,2026-02-05,DELIVERED
15726,9,197,2023-04-09,2023-05-04,DELIVERED
15727,2,120,2024-12-18,2025-01-23,DELIVERED
15728,12,402,2024-12-19,2024-12-30,DELIVERED
15729,16,140,2025-03-08,2025-04-01,DELIVERED
15730,14,432,2025-01-14,2025-01-20,DELIVERED
15731,6,21,2024-02-12,2024-02-24,DELAYED
15732,9,285,2026-09-14,2026-09-22,DELIVERED
15733,17,69,2023-06-24,2023-08-02,DELAYED
15734,5,391,2025-11-20,2025-12-04,DELIVERED
15735,13,184,2024-06-06,2024-06-30,DELIVERED
15736,12,94,2024-01-27,2024-02-17,DELIVERED
15737,16,48,2025-10-19,2025-10-29,DELAYED
15738,7,292,2023-05-23,2023-06-11,DELAYED
15739,5,370,2025-02-18,2025-03-22,IN_TRANSIT
15740,14,18,2024-01-08,2024-02-02,DELIVERED
15741,18,160,2024-09-28,2024-10-28,DELIVERED
15742,4,95,2025-08-07,2025-08-27,DELIVERED
15743,4,54,2025-07-24,2025-08-19,DELIVERED
15744,10,206,2024-01-10,2024-02-12,DELIVERED
15745,12,338,2025-12-28,2026-01-27,DELIVERED
15746,6,100,2023-11-15,2023-12-24,DELIVERED
15747,16,135,2026-08-23,2026-09-04,DELIVERED
15748,17,308,2023-02-25,2023-03-30,DELIVERED
15749,17,164,2026-05-23,2026-06-13,DELIVERED
15750,5,202,2026-07-04,2026-08-04,DELIVERED
15751,18,442,2026-02-03,2026-02-17,IN_TRANSIT
15752,6,71,2023-04-05,2023-05-05,DELIVERED
15753,6,7,2023-09-07,2023-09-17,DELIVERED
15754,14,109,2024-03-31,2024-05-09,DELIVERED
15755,20,282,2025-02-28,2025-03-05,DELIVERED
15756,1,89,2023-03-29,2023-04-13,DELIVERED
15757,8,250,2024-08-14,2024-09-14,DELIVERED
15758,10,42,2023-08-13,2023-09-20,DELIVERED
15759,7,387,2026-04-11,2026-05-03,DELIVERED
15760,14,418,2026-07-07,2026-07-12,DELIVERED
15761,1,67,2024-01-25,2024-02-21,DELAYED
15762,3,73,2026-09-16,2026-10-03,DELIVERED
15763,18,463,2025-10-24,2025-11-12,DELIVERED
15764,10,261,2025-06-08,2025-06-24,DELIVERED
15765,15,39,2024-02-03,2024-02-10,DELAYED
15766,2,79,2025-12-31,2026-01-10,DELIVERED
15767,11,124,2026-01-23,2026-02-17,DELIVERED
15768,15,364,2026-04-14,2026-05-18,DELAYED
15769,7,313,2024-07-08,2024-07-20,DELIVERED
15770,8,31,2026-04-24,2026-05-16,IN_TRANSIT
15771,19,103,2025-10-12,2025-10-17,DELIVERED
15772,4,229,2024-12-31,2025-01-24,DELIVERED
15773,7,406,2025-05-27,2025-07-01,DELIVERED
15774,5,461,2025-05-14,2025-06-12,DELIVERED
15775,6,171,2026-07-07,2026-07-20,IN_TRANSIT
15776,17,211,2025-08-14,2025-08-23,DELAYED
15777,7,49,2024-01-20,2024-01-27,DELAYED
15778,13,28,2024-07-21,2024-07-26,IN_TRANSIT
15779,8,429,2024-07-04,2024-07-23,DELIVERED
15780,4,153,2023-05-03,2023-05-10,DELAYED
15781,7,362,2026-03-28,2026-05-04,DELIVERED
15782,3,266,2023-05-17,2023-06-11,DELIVERED
15783,15,221,2023-05-20,2023-06-20,IN_TRANSIT
15784,14,448,2024-09-20,2024-10-07,DELIVERED
15785,18,142,2023-04-20,2023-04-28,DELIVERED
15786,15,444,2024-02-06,2024-02-16,DELIVERED
15787,19,33,2026-06-04,2026-06-13,DELIVERED
15788,2,231,2023-05-30,2023-06-27,DELIVERED
15789,4,258,2025-03-07,2025-03-21,DELIVERED
15790,11,169,2024-06-03,2024-06-23,DELIVERED
15791,11,80,2023-09-05,2023-10-10,DELIVERED
15792,20,488,2025-09-12,2025-10-07,DELIVERED
15793,16,449,2025-02-21,2025-02-26,DELIVERED
15794,4,97,2024-08-12,2024-08-30,DELIVERED
15795,1,327,2026-05-26,2026-06-15,DELIVERED
15796,18,206,2025-12-05,2026-01-10,DELIVERED
15797,10,432,2026-08-20,2026-09-27,IN_TRANSIT
15798,10,48,2025-11-15,2025-11-30,DELIVERED
15799,19,202,2026-03-02,2026-04-01,DELAYED
15800,17,407,2024-08-18,2024-08-29,DELIVERED
15801,2,194,2024-08-15,2024-09-03,DELIVERED
15802,16,244,2023-07-24,2023-08-31,DELIVERED
15803,10,298,2023-08-31,2023-10-05,IN_TRANSIT
15804,7,282,2025-05-07,2025-05-25,IN_TRANSIT
15805,9,402,2023-05-01,2023-05-21,DELIVERED
15806,13,379,2024-07-30,2024-08-15,DELIVERED
15807,14,143,2024-09-18,2024-10-11,DELIVERED
15808,1,225,2024-04-27,2024-06-05,DELAYED
15809,2,309,2024-07-05,2024-08-09,DELIVERED
15810,10,15,2024-11-01,2024-11-25,DELIVERED
15811,14,127,2026-06-16,2026-07-09,DELAYED
15812,8,233,2023-07-04,2023-07-10,DELIVERED
15813,7,440,2025-03-04,2025-03-24,DELAYED
15814,3,325,2025-12-01,2025-12-31,DELIVERED
15815,20,452,2025-10-20,2025-11-02,DELAYED
15816,8,495,2023-05-02,2023-05-10,IN_TRANSIT
15817,16,493,2023-04-16,2023-05-17,DELIVERED
15818,4,106,2025-05-20,2025-05-30,DELIVERED
15819,11,395,2023-03-08,2023-04-04,DELIVERED
15820,7,287,2023-08-14,2023-09-19,DELAYED
15821,5,99,2025-06-21,2025-07-03,DELIVERED
15822,4,422,2026-02-19,2026-02-27,DELIVERED
15823,14,356,2024-10-15,2024-10-29,DELAYED
15824,1,199,2026-04-28,2026-05-06,DELIVERED
15825,9,84,2026-04-01,2026-04-25,DELIVERED
15826,3,272,2026-02-20,2026-03-13,DELAYED
15827,16,137,2025-09-18,2025-09-26,DELIVERED
15828,20,127,2023-06-01,2023-06-29,DELIVERED
15829,7,171,2024-08-25,2024-09-13,DELIVERED
15830,2,378,2025-06-17,2025-07-15,DELIVERED
15831,17,325,2026-01-06,2026-01-13,DELIVERED
15832,15,492,2025-11-21,2025-12-26,DELIVERED
15833,14,14,2026-06-16,2026-06-21,DELIVERED
15834,1,422,2025-08-28,2025-09-11,DELIVERED
15835,2,266,2024-12-30,2025-01-13,DELIVERED
15836,10,32,2024-02-19,2024-02-29,DELIVERED
15837,4,390,2024-12-16,2025-01-16,DELIVERED
15838,1,267,2025-11-09,2025-12-07,DELIVERED
15839,14,231,2023-01-20,2023-02-08,DELIVERED
15840,16,60,2025-07-26,2025-08-23,DELAYED
15841,16,13,2023-10-05,2023-10-20,DELAYED
15842,7,108,2023-07-30,2023-08-25,IN_TRANSIT
15843,12,346,2024-01-18,2024-02-13,DELIVERED
15844,14,57,2025-11-23,2025-12-19,DELIVERED
15845,14,438,2026-07-13,2026-07-31,DELIVERED
15846,19,217,2024-04-30,2024-05-27,DELAYED
15847,2,414,2025-08-09,2025-09-13,IN_TRANSIT
15848,5,47,2024-12-17,2025-01-08,DELAYED
15849,2,489,2026-07-27,2026-08-01,DELAYED
15850,3,409,2024-12-25,2025-01-24,DELIVERED
15851,20,448,2023-04-04,2023-05-09,DELIVERED
15852,12,417,2026-07-31,2026-08-24,IN_TRANSIT
15853,4,360,2024-12-05,2024-12-13,IN_TRANSIT
15854,18,77,2026-06-12,2026-06-23,DELIVERED
15855,8,313,2023-05-23,2023-06-29,DELIVERED
15856,1,12,2023-12-24,2024-01-17,IN_TRANSIT
15857,7,390,2025-03-07,2025-03-13,DELIVERED
15858,3,160,2023-07-27,2023-08-07,DELIVERED
15859,8,2,2024-07-27,2024-08-29,DELAYED
15860,8,467,2025-02-28,2025-04-02,DELIVERED
15861,9,333,2024-11-23,2024-12-22,DELIVERED
15862,8,484,2025-08-19,2025-09-08,DELIVERED
15863,9,152,2026-06-24,2026-07-12,DELIVERED
15864,5,211,2024-05-28,2024-06-27,IN_TRANSIT
15865,3,333,2023-12-22,2024-01-27,IN_TRANSIT
15866,19,198,2025-06-19,2025-07-06,DELIVERED
15867,5,349,2026-05-16,2026-06-19,DELIVERED
15868,15,332,2024-09-09,2024-10-07,DELIVERED
15869,13,91,2026-08-26,2026-09-15,IN_TRANSIT
15870,12,482,2026-06-30,2026-08-04,DELAYED
15871,4,142,2023-12-27,2024-02-04,DELIVERED
15872,11,294,2025-12-09,2025-12-26,DELIVERED
15873,18,108,2025-05-20,2025-06-17,DELIVERED
15874,17,444,2026-01-20,2026-02-02,DELAYED
15875,16,70,2025-08-31,2025-10-09,DELIVERED
15876,7,231,2023-05-26,2023-07-03,DELIVERED
15877,8,480,2025-05-31,2025-07-02,DELIVERED
15878,3,249,2023-09-26,2023-10-25,DELIVERED
15879,1,89,2023-10-11,2023-11-19,DELIVERED
15880,8,287,2023-10-29,2023-11-23,DELIVERED
15881,10,368,2023-03-15,2023-04-14,DELIVERED
15882,16,225,2024-05-30,2024-06-08,IN_TRANSIT
15883,19,487,2023-06-24,2023-07-31,DELIVERED
15884,10,357,2026-06-28,2026-07-24,DELIVERED
15885,4,80,2025-04-18,2025-05-12,DELIVERED
15886,6,74,2023-06-28,2023-07-10,DELIVERED
15887,20,101,2024-11-13,2024-11-18,DELIVERED
15888,16,48,2026-02-27,2026-03-06,DELIVERED
15889,4,343,2025-03-11,2025-04-12,DELIVERED
15890,16,353,2025-06-30,2025-07-11,DELIVERED
15891,16,298,2023-02-26,2023-04-05,DELIVERED
15892,19,377,2026-09-17,2026-10-11,DELIVERED
15893,1,480,2024-10-04,2024-10-18,DELIVERED
15894,20,258,2023-07-25,2023-08-30,DELIVERED
15895,1,446,2023-11-12,2023-12-09,DELIVERED
15896,4,294,2025-02-27,2025-03-18,IN_TRANSIT
15897,2,323,2025-01-01,2025-01-13,DELIVERED
15898,16,338,2023-02-02,2023-03-12,DELIVERED
15899,20,154,2024-07-19,2024-08-23,DELAYED
15900,1,433,2023-05-23,2023-06-16,DELIVERED
15901,10,213,2023-08-08,2023-08-20,DELIVERED
15902,14,425,2024-11-06,2024-11-18,DELIVERED
15903,1,244,2025-10-10,2025-10-23,DELIVERED
15904,11,264,2026-07-09,2026-08-13,DELIVERED
15905,18,36,2024-03-24,2024-04-11,DELIVERED
15906,10,496,2024-08-15,2024-08-25,DELIVERED
15907,5,231,2025-09-12,2025-10-07,DELIVERED
15908,15,418,2024-12-04,2024-12-22,DELAYED
15909,18,319,2024-08-15,2024-08-22,DELIVERED
15910,15,259,2023-03-05,2023-04-05,DELAYED
15911,5,432,2025-11-23,2025-12-25,DELIVERED
15912,11,406,2025-05-24,2025-05-31,DELAYED
15913,1,231,2025-03-28,2025-04-02,DELIVERED
15914,2,370,2023-09-16,2023-10-05,DELIVERED
15915,17,136,2023-04-11,2023-05-14,IN_TRANSIT
15916,19,149,2023-06-28,2023-07-12,DELIVERED
15917,5,13,2025-08-21,2025-09-21,DELAYED
15918,17,61,2026-02-16,2026-02-28,DELIVERED
15919,20,225,2025-06-17,2025-07-20,IN_TRANSIT
15920,2,463,2023-02-06,2023-03-14,DELIVERED
15921,2,317,2023-07-08,2023-07-20,DELIVERED
15922,17,440,2024-10-01,2024-10-09,DELIVERED
15923,6,335,2025-08-24,2025-09-10,DELIVERED
15924,20,100,2023-03-14,2023-03-25,DELIVERED
15925,1,443,2026-02-26,2026-03-30,IN_TRANSIT
15926,12,490,2025-05-19,2025-06-02,DELIVERED
15927,18,239,2026-05-22,2026-06-14,IN_TRANSIT
15928,19,295,2023-08-01,2023-08-15,DELIVERED
15929,5,8,2024-07-09,2024-08-16,DELIVERED
15930,16,137,2025-12-14,2026-01-17,DELIVERED
15931,3,353,2025-01-03,2025-02-04,DELIVERED
15932,6,432,2023-03-25,2023-05-02,DELIVERED
15933,11,308,2023-04-08,2023-05-09,IN_TRANSIT
15934,16,41,2024-10-29,2024-11-09,DELIVERED
15935,17,250,2024-05-12,2024-06-10,DELIVERED
15936,4,415,2025-11-06,2025-11-11,DELIVERED
15937,19,124,2026-03-23,2026-03-29,DELIVERED
15938,8,99,2023-06-02,2023-07-06,DELIVERED
15939,2,495,2024-06-23,2024-07-21,DELAYED
15940,8,37,2026-06-03,2026-07-02,DELIVERED
15941,18,311,2024-08-08,2024-09-10,DELIVERED
15942,19,337,2023-12-18,2024-01-23,DELIVERED
15943,5,129,2025-06-22,2025-07-14,DELIVERED
15944,11,224,2026-06-25,2026-07-23,DELIVERED
15945,11,461,2025-01-08,2025-02-13,DELIVERED
15946,13,4,2024-10-08,2024-11-08,DELIVERED
15947,11,207,2024-08-20,2024-09-06,DELIVERED
15948,17,305,2025-07-18,2025-08-03,DELIVERED
15949,20,172,2026-03-19,2026-04-13,DELAYED
15950,12,281,2024-03-19,2024-04-13,IN_TRANSIT
15951,11,348,2026-08-29,2026-10-05,IN_TRANSIT
15952,3,144,2025-08-23,2025-08-30,DELIVERED
15953,5,381,2023-11-18,2023-11-26,DELIVERED
15954,19,75,2025-10-14,2025-11-14,DELAYED
15955,11,167,2026-07-29,2026-08-10,DELIVERED
15956,13,482,2026-09-17,2026-10-10,DELIVERED
15957,1,72,2023-11-11,2023-12-07,DELAYED
15958,19,194,2024-03-04,2024-03-17,DELIVERED
15959,6,191,2024-11-15,2024-11-26,DELAYED
15960,6,487,2023-01-24,2023-02-27,IN_TRANSIT
15961,2,35,2024-05-24,2024-06-20,DELIVERED
15962,13,186,2026-07-24,2026-08-05,DELIVERED
15963,7,96,2025-04-07,2025-05-06,DELIVERED
15964,12,190,2025-03-11,2025-04-19,DELIVERED
15965,6,142,2026-06-30,2026-07-13,DELIVERED
15966,13,437,2026-02-28,2026-03-17,IN_TRANSIT
15967,4,279,2025-03-04,2025-04-12,DELIVERED
15968,10,468,2026-02-08,2026-02-23,DELIVERED
15969,3,141,2025-11-16,2025-12-22,IN_TRANSIT
15970,7,250,2026-05-08,2026-06-07,IN_TRANSIT
15971,4,167,2025-02-27,2025-03-21,DELIVERED
15972,8,473,2026-09-21,2026-10-09,DELIVERED
15973,4,35,2025-12-25,2026-01-13,DELIVERED
15974,11,157,2025-09-12,2025-09-25,DELIVERED
15975,3,436,2023-05-09,2023-05-25,DELAYED
15976,4,289,2026-01-22,2026-02-08,DELIVERED
15977,9,418,2023-11-02,2023-11-11,IN_TRANSIT
15978,19,236,2025-03-13,2025-03-23,DELAYED
15979,11,332,2023-07-12,2023-07-20,DELAYED
15980,5,87,2025-07-09,2025-08-13,DELIVERED
15981,1,47,2023-04-05,2023-04-15,DELAYED
15982,11,19,2026-05-19,2026-06-09,IN_TRANSIT
15983,16,67,2024-11-05,2024-11-14,DELIVERED
15984,15,339,2023-05-06,2023-06-11,DELIVERED
15985,16,88,2023-03-01,2023-03-17,DELIVERED
15986,13,346,2023-06-29,2023-07-22,DELIVERED
15987,9,305,2026-02-07,2026-02-23,DELIVERED
15988,15,416,2023-12-27,2024-01-20,DELAYED
15989,20,474,2024-11-18,2024-12-15,DELIVERED
15990,2,391,2026-07-19,2026-07-30,DELIVERED
15991,13,396,2024-05-29,2024-06-27,DELAYED
15992,18,326,2024-04-01,2024-04-07,DELIVERED
15993,16,81,2023-01-11,2023-02-12,DELIVERED
15994,7,122,2024-05-12,2024-05-30,DELIVERED
15995,16,465,2026-08-30,2026-09-04,DELIVERED
15996,20,250,2024-05-04,2024-05-14,DELIVERED
15997,7,329,2026-01-11,2026-02-14,DELAYED
15998,12,302,2024-05-30,2024-06-22,DELIVERED
15999,4,85,2025-10-22,2025-11-24,DELIVERED
16000,8,411,2025-04-30,2025-05-30,DELIVERED
16001,8,308,2023-12-09,2023-12-31,DELIVERED
16002,13,394,2026-06-07,2026-07-04,DELIVERED
16003,5,218,2023-02-13,2023-03-16,DELIVERED
16004,9,186,2024-04-30,2024-05-24,DELIVERED
16005,6,267,2026-01-22,2026-02-12,DELIVERED
16006,4,51,2024-06-14,2024-06-20,DELIVERED
16007,1,383,2025-12-27,2026-01-09,IN_TRANSIT
16008,7,445,2023-03-27,2023-04-02,DELIVERED
16009,20,407,2023-11-05,2023-12-12,DELIVERED
16010,9,433,2026-07-30,2026-08-12,DELIVERED
16011,3,434,2025-07-29,2025-08-23,DELIVERED
16012,17,189,2025-05-02,2025-05-22,DELIVERED
16013,4,29,2025-08-30,2025-09-07,DELIVERED
16014,12,419,2026-08-21,2026-09-08,DELIVERED
16015,1,96,2026-08-27,2026-09-26,DELIVERED
16016,19,77,2025-12-01,2025-12-10,DELIVERED
16017,1,193,2024-01-31,2024-02-29,DELIVERED
16018,12,412,2023-02-09,2023-02-19,DELIVERED
16019,14,56,2023-11-11,2023-11-20,DELIVERED
16020,3,411,2024-11-22,2024-12-08,DELIVERED
16021,7,101,2023-05-29,2023-06-20,DELIVERED
16022,3,370,2023-06-04,2023-06-20,DELIVERED
16023,11,52,2025-05-21,2025-06-01,DELIVERED
16024,2,141,2024-07-10,2024-08-11,DELIVERED
16025,7,445,2024-04-24,2024-05-29,DELIVERED
16026,2,274,2026-06-27,2026-07-21,DELIVERED
16027,16,133,2025-06-30,2025-08-04,DELIVERED
16028,8,468,2025-10-08,2025-11-15,DELIVERED
16029,18,140,2024-06-10,2024-07-12,DELAYED
16030,15,467,2025-02-18,2025-03-09,DELIVERED
16031,17,89,2025-09-06,2025-09-19,DELIVERED
16032,7,201,2025-09-01,2025-09-20,DELIVERED
16033,18,7,2026-06-03,2026-07-03,DELAYED
16034,18,408,2025-05-18,2025-05-25,DELIVERED
16035,17,336,2023-05-29,2023-06-09,DELIVERED
16036,12,136,2025-06-06,2025-07-05,IN_TRANSIT
16037,11,259,2023-12-16,2024-01-06,DELIVERED
16038,7,135,2023-06-17,2023-07-10,DELIVERED
16039,15,153,2026-06-05,2026-06-11,DELIVERED
16040,7,117,2025-09-20,2025-10-29,DELIVERED
16041,3,182,2025-12-26,2026-01-26,DELIVERED
16042,5,278,2023-02-22,2023-03-04,DELIVERED
16043,3,246,2023-04-26,2023-05-28,DELIVERED
16044,4,411,2023-05-30,2023-06-06,IN_TRANSIT
16045,6,373,2024-02-23,2024-03-31,DELIVERED
16046,18,433,2026-01-06,2026-01-17,DELIVERED
16047,12,126,2024-05-04,2024-06-09,DELIVERED
16048,9,336,2024-03-11,2024-03-18,DELAYED
16049,3,466,2025-04-19,2025-05-20,DELIVERED
16050,4,32,2024-09-04,2024-09-23,DELIVERED
16051,18,236,2025-02-22,2025-03-26,DELIVERED
16052,19,54,2023-10-31,2023-11-14,DELIVERED
16053,9,87,2026-02-02,2026-03-08,DELIVERED
16054,5,476,2024-11-06,2024-11-20,DELIVERED
16055,4,134,2024-06-15,2024-06-23,DELAYED
16056,2,401,2026-03-29,2026-04-24,DELIVERED
16057,9,279,2024-04-15,2024-04-28,DELIVERED
16058,5,352,2025-11-03,2025-12-09,DELIVERED
16059,18,464,2024-02-04,2024-03-05,DELIVERED
16060,5,241,2025-04-21,2025-05-07,DELIVERED
16061,10,281,2026-02-13,2026-03-06,DELIVERED
16062,12,46,2025-10-09,2025-11-12,DELAYED
16063,15,32,2025-09-27,2025-10-17,DELIVERED
16064,8,283,2025-08-30,2025-09-11,DELAYED
16065,14,489,2026-03-21,2026-04-10,IN_TRANSIT
16066,16,442,2026-08-02,2026-08-29,DELIVERED
16067,2,221,2025-06-08,2025-07-03,DELIVERED
16068,18,380,2025-11-19,2025-12-04,DELAYED
16069,14,82,2025-05-03,2025-05-28,DELIVERED
16070,20,133,2023-01-12,2023-02-13,DELIVERED
16071,1,73,2024-12-09,2025-01-03,DELIVERED
16072,8,412,2025-03-09,2025-04-09,DELIVERED
16073,13,387,2024-03-08,2024-04-08,DELIVERED
16074,13,197,2023-10-01,2023-11-09,DELIVERED
16075,13,246,2024-12-01,2025-01-08,DELIVERED
16076,2,484,2023-08-11,2023-08-27,IN_TRANSIT
16077,1,72,2023-11-19,2023-12-21,DELIVERED
16078,11,471,2023-10-13,2023-11-13,IN_TRANSIT
16079,15,441,2023-09-14,2023-10-04,DELIVERED
16080,9,447,2023-06-04,2023-07-07,DELIVERED
16081,4,429,2025-01-09,2025-02-12,DELIVERED
16082,9,83,2023-12-26,2024-01-01,DELIVERED
16083,5,473,2026-09-11,2026-09-29,DELIVERED
16084,7,124,2025-08-26,2025-09-18,DELIVERED
16085,20,57,2024-10-28,2024-11-30,DELIVERED
16086,13,195,2025-11-08,2025-12-01,IN_TRANSIT
16087,7,351,2023-06-13,2023-07-16,DELIVERED
16088,16,306,2026-03-14,2026-03-29,DELIVERED
16089,4,67,2026-09-12,2026-09-21,DELIVERED
16090,5,23,2025-07-05,2025-08-11,DELIVERED
16091,11,310,2023-04-23,2023-05-17,DELIVERED
16092,19,203,2024-09-03,2024-09-16,DELIVERED
16093,19,326,2024-08-03,2024-08-27,DELIVERED
16094,20,351,2023-04-18,2023-04-23,DELAYED
16095,6,463,2024-08-29,2024-09-10,DELAYED
16096,17,322,2024-06-28,2024-07-05,DELIVERED
16097,18,458,2024-04-29,2024-05-18,DELAYED
16098,2,72,2025-11-01,2025-11-12,DELIVERED
16099,4,362,2025-07-21,2025-08-04,DELIVERED
16100,1,356,2026-10-01,2026-10-09,DELIVERED
16101,17,134,2024-04-11,2024-04-29,DELAYED
16102,2,192,2026-03-29,2026-04-23,IN_TRANSIT
16103,11,464,2023-02-16,2023-03-24,DELIVERED
16104,17,290,2023-04-30,2023-05-16,DELIVERED
16105,11,271,2025-08-09,2025-09-07,DELIVERED
16106,13,426,2025-07-26,2025-08-02,DELIVERED
16107,18,30,2025-03-11,2025-04-05,DELIVERED
16108,11,300,2026-07-20,2026-08-08,DELIVERED
16109,20,187,2026-01-15,2026-01-21,DELIVERED
16110,10,9,2026-08-14,2026-09-11,DELIVERED
16111,14,186,2024-10-06,2024-10-28,DELIVERED
16112,11,204,2024-05-12,2024-06-11,DELIVERED
16113,8,205,2023-11-05,2023-11-15,DELIVERED
16114,14,417,2023-04-12,2023-04-18,DELIVERED
16115,10,362,2024-01-02,2024-01-29,DELIVERED
16116,16,290,2024-04-07,2024-04-18,DELIVERED
16117,20,454,2024-06-26,2024-08-03,DELIVERED
16118,9,213,2026-06-30,2026-07-09,DELIVERED
16119,7,491,2023-12-12,2023-12-21,DELIVERED
16120,10,137,2024-05-17,2024-06-12,DELIVERED
16121,14,372,2026-04-13,2026-05-14,DELIVERED
16122,1,456,2025-09-12,2025-10-16,DELIVERED
16123,16,331,2024-01-25,2024-02-10,DELIVERED
16124,20,443,2025-05-31,2025-06-22,DELIVERED
16125,1,343,2023-03-25,2023-04-12,IN_TRANSIT
16126,5,115,2024-04-07,2024-05-06,DELIVERED
16127,1,445,2023-06-29,2023-07-28,DELIVERED
16128,7,53,2025-10-24,2025-11-02,DELIVERED
16129,11,313,2026-06-29,2026-07-05,DELIVERED
16130,17,221,2026-03-19,2026-03-29,IN_TRANSIT
16131,7,464,2024-10-29,2024-11-11,DELIVERED
16132,3,500,2023-09-20,2023-10-14,DELIVERED
16133,4,12,2026-09-27,2026-10-13,DELIVERED
16134,17,254,2026-05-03,2026-05-29,DELIVERED
16135,19,445,2024-10-06,2024-10-13,DELIVERED
16136,6,340,2025-08-11,2025-08-27,DELIVERED
16137,14,107,2025-03-27,2025-04-23,DELIVERED
16138,3,243,2025-02-20,2025-03-11,IN_TRANSIT
16139,2,14,2025-05-27,2025-06-17,DELIVERED
16140,12,11,2025-07-28,2025-08-28,DELIVERED
16141,18,185,2023-07-10,2023-07-29,DELIVERED
16142,11,75,2023-01-05,2023-01-29,DELIVERED
16143,18,93,2025-03-28,2025-04-20,DELIVERED
16144,17,235,2023-10-11,2023-11-04,DELIVERED
16145,13,359,2024-09-20,2024-10-14,DELAYED
16146,20,209,2025-10-29,2025-11-28,DELIVERED
16147,12,236,2026-02-05,2026-03-11,DELAYED
16148,20,129,2023-07-01,2023-07-13,DELIVERED
16149,8,117,2024-05-09,2024-05-24,DELIVERED
16150,15,268,2026-05-28,2026-06-07,DELIVERED
16151,11,378,2024-08-25,2024-09-16,DELIVERED
16152,15,135,2026-09-24,2026-10-04,DELIVERED
16153,7,279,2026-05-03,2026-06-06,DELIVERED
16154,7,236,2025-04-28,2025-05-13,DELIVERED
16155,12,203,2026-04-30,2026-05-09,DELAYED
16156,17,31,2023-10-16,2023-11-05,DELIVERED
16157,6,48,2026-05-25,2026-06-15,IN_TRANSIT
16158,4,249,2026-04-30,2026-05-09,DELIVERED
16159,2,389,2024-02-22,2024-03-10,DELIVERED
16160,1,29,2026-01-05,2026-02-12,DELIVERED
16161,8,106,2023-03-19,2023-04-19,DELIVERED
16162,2,303,2023-09-11,2023-09-30,IN_TRANSIT
16163,11,58,2023-08-03,2023-08-10,DELIVERED
16164,6,401,2026-09-16,2026-10-07,DELIVERED
16165,4,480,2024-07-02,2024-08-10,DELIVERED
16166,11,322,2025-07-23,2025-08-12,DELIVERED
16167,11,53,2025-12-16,2026-01-23,DELIVERED
16168,7,163,2025-07-06,2025-07-16,DELIVERED
16169,2,41,2026-08-07,2026-08-20,DELIVERED
16170,6,45,2026-09-16,2026-10-20,DELIVERED
16171,13,256,2023-06-03,2023-07-08,DELIVERED
16172,6,22,2025-09-23,2025-10-23,DELIVERED
16173,8,107,2025-05-29,2025-06-19,DELIVERED
16174,8,125,2026-01-10,2026-01-27,DELIVERED
16175,11,94,2025-12-22,2026-01-22,DELIVERED
16176,13,288,2024-09-03,2024-09-25,DELAYED
16177,13,347,2026-02-02,2026-02-16,DELIVERED
16178,10,99,2024-03-24,2024-04-06,IN_TRANSIT
16179,14,453,2025-10-26,2025-11-14,DELAYED
16180,10,27,2026-09-23,2026-10-10,DELIVERED
16181,13,283,2025-07-26,2025-08-24,DELIVERED
16182,3,428,2024-02-18,2024-03-17,DELAYED
16183,9,433,2026-08-03,2026-08-13,DELIVERED
16184,6,491,2024-07-06,2024-08-06,DELIVERED
16185,15,417,2023-07-13,2023-07-22,DELIVERED
16186,7,88,2023-03-18,2023-04-12,DELAYED
16187,10,475,2026-07-15,2026-08-18,DELAYED
16188,3,365,2025-07-10,2025-08-12,DELIVERED
16189,13,148,2023-12-18,2024-01-03,DELAYED
16190,9,105,2026-07-01,2026-07-31,DELIVERED
16191,8,154,2026-06-25,2026-07-19,DELIVERED
16192,2,335,2025-03-26,2025-04-01,DELAYED
16193,11,64,2024-06-04,2024-07-09,DELIVERED
16194,17,264,2024-02-11,2024-02-26,DELIVERED
16195,13,14,2025-07-08,2025-08-05,DELIVERED
16196,20,66,2025-07-14,2025-08-13,DELIVERED
16197,10,134,2023-10-12,2023-10-22,DELIVERED
16198,12,415,2024-02-03,2024-02-17,DELIVERED
16199,14,335,2025-11-07,2025-11-28,DELIVERED
16200,17,420,2026-02-28,2026-03-08,DELIVERED
16201,5,232,2026-05-07,2026-05-26,DELIVERED
16202,3,154,2026-02-26,2026-03-23,DELIVERED
16203,2,190,2025-09-20,2025-09-30,DELIVERED
16204,19,11,2026-01-28,2026-02-02,IN_TRANSIT
16205,15,45,2023-09-24,2023-10-18,DELIVERED
16206,8,67,2024-01-08,2024-01-13,DELIVERED
16207,2,41,2025-11-02,2025-11-14,DELIVERED
16208,6,185,2025-12-22,2026-01-08,DELIVERED
16209,18,139,2025-01-28,2025-02-24,DELIVERED
16210,10,86,2023-10-12,2023-10-17,DELIVERED
16211,2,411,2025-12-22,2026-01-18,DELIVERED
16212,18,224,2026-04-01,2026-05-03,DELAYED
16213,10,233,2023-03-18,2023-03-24,IN_TRANSIT
16214,16,280,2025-03-24,2025-04-10,DELIVERED
16215,11,234,2026-06-17,2026-07-09,DELIVERED
16216,9,215,2023-06-17,2023-07-16,DELIVERED
16217,1,398,2026-09-21,2026-09-29,DELIVERED
16218,12,498,2025-10-22,2025-11-29,DELIVERED
16219,11,94,2026-04-10,2026-04-28,DELIVERED
16220,18,404,2023-04-14,2023-04-19,DELIVERED
16221,9,470,2023-05-14,2023-06-20,DELAYED
16222,7,289,2023-01-18,2023-02-22,DELIVERED
16223,12,20,2024-06-20,2024-07-23,DELIVERED
16224,9,128,2025-08-06,2025-09-08,DELIVERED
16225,19,291,2023-03-31,2023-04-25,DELIVERED
16226,15,307,2024-10-29,2024-11-22,DELAYED
16227,12,237,2023-06-29,2023-07-27,DELAYED
16228,15,391,2023-05-26,2023-06-26,IN_TRANSIT
16229,15,305,2023-06-06,2023-07-01,DELAYED
16230,19,169,2026-02-05,2026-02-10,DELIVERED
16231,6,205,2026-09-20,2026-10-04,DELIVERED
16232,10,330,2024-03-12,2024-04-07,DELAYED
16233,4,284,2024-11-15,2024-12-20,DELIVERED
16234,17,216,2025-10-23,2025-11-30,DELAYED
16235,18,280,2024-06-16,2024-07-05,DELIVERED
16236,8,217,2026-07-05,2026-08-13,DELIVERED
16237,10,383,2026-05-18,2026-05-29,DELIVERED
16238,6,389,2025-11-22,2025-12-23,DELIVERED
16239,9,334,2023-11-22,2023-12-19,DELIVERED
16240,1,354,2025-11-05,2025-11-12,DELIVERED
16241,13,159,2023-01-28,2023-03-03,DELIVERED
16242,19,378,2024-12-03,2024-12-26,DELIVERED
16243,18,420,2026-05-25,2026-06-11,DELIVERED
16244,8,387,2025-03-23,2025-04-04,DELIVERED
16245,8,329,2024-02-03,2024-03-01,DELAYED
16246,17,401,2023-04-05,2023-05-11,DELIVERED
16247,12,371,2025-08-06,2025-08-11,DELIVERED
16248,11,112,2025-04-29,2025-05-08,DELIVERED
16249,15,480,2023-03-04,2023-03-17,DELAYED
16250,1,248,2024-04-15,2024-05-11,DELIVERED
16251,16,457,2023-10-24,2023-11-22,DELIVERED
16252,1,453,2024-06-02,2024-06-27,DELIVERED
16253,1,102,2024-04-15,2024-05-15,DELIVERED
16254,1,465,2023-01-02,2023-01-25,DELIVERED
16255,15,336,2024-02-25,2024-03-26,DELIVERED
16256,19,384,2026-02-15,2026-02-24,DELIVERED
16257,20,7,2023-10-27,2023-11-01,DELIVERED
16258,10,179,2026-05-05,2026-06-10,DELIVERED
16259,14,371,2023-08-07,2023-08-14,DELIVERED
16260,9,114,2026-09-10,2026-10-02,DELIVERED
16261,15,432,2023-02-05,2023-03-09,DELIVERED
16262,4,299,2025-12-29,2026-01-20,DELIVERED
16263,6,154,2023-03-31,2023-04-17,DELIVERED
16264,15,345,2025-04-20,2025-05-23,DELAYED
16265,12,235,2024-08-31,2024-10-01,DELIVERED
16266,17,391,2023-08-29,2023-09-11,DELIVERED
16267,13,481,2025-08-03,2025-09-04,DELIVERED
16268,15,488,2026-01-11,2026-01-23,DELIVERED
16269,6,273,2025-02-25,2025-03-19,DELIVERED
16270,5,422,2024-11-17,2024-12-13,DELIVERED
16271,1,293,2025-07-06,2025-08-02,DELIVERED
16272,17,41,2023-04-11,2023-05-12,DELIVERED
16273,18,320,2026-06-18,2026-07-05,DELIVERED
16274,6,427,2024-03-05,2024-03-12,DELIVERED
16275,7,378,2024-01-02,2024-01-28,DELIVERED
16276,6,2,2025-12-01,2025-12-11,DELIVERED
16277,1,49,2026-08-27,2026-09-03,DELIVERED
16278,12,482,2023-07-01,2023-07-23,DELIVERED
16279,12,334,2026-08-19,2026-09-20,DELIVERED
16280,13,282,2025-11-16,2025-12-23,DELIVERED
16281,7,222,2023-01-09,2023-02-05,DELIVERED
16282,14,153,2026-06-02,2026-07-02,DELIVERED
16283,1,122,2024-03-16,2024-04-19,DELIVERED
16284,14,275,2025-08-23,2025-09-06,DELAYED
16285,2,243,2025-11-23,2025-12-28,DELIVERED
16286,20,116,2023-12-03,2024-01-03,DELIVERED
16287,2,316,2024-02-08,2024-03-10,DELIVERED
16288,8,305,2023-02-23,2023-03-23,DELIVERED
16289,11,463,2025-09-17,2025-10-08,DELIVERED
16290,8,28,2024-05-29,2024-06-08,DELIVERED
16291,18,67,2024-04-11,2024-04-28,IN_TRANSIT
16292,20,361,2024-06-18,2024-07-24,DELIVERED
16293,4,445,2025-02-13,2025-03-08,DELIVERED
16294,1,334,2025-08-19,2025-09-11,DELIVERED
16295,14,53,2026-05-03,2026-05-12,DELIVERED
16296,6,258,2025-02-18,2025-02-27,DELAYED
16297,20,160,2026-04-04,2026-05-13,DELIVERED
16298,12,298,2025-09-20,2025-10-02,DELAYED
16299,12,456,2026-01-17,2026-02-18,DELIVERED
16300,3,309,2023-09-07,2023-09-15,IN_TRANSIT
16301,6,177,2026-05-19,2026-06-03,DELIVERED
16302,18,465,2023-05-20,2023-06-12,DELIVERED
16303,6,117,2023-09-05,2023-09-20,DELIVERED
16304,7,144,2026-05-16,2026-06-04,DELIVERED
16305,17,325,2023-05-01,2023-05-27,IN_TRANSIT
16306,9,449,2023-09-05,2023-09-20,DELIVERED
16307,19,161,2024-07-28,2024-09-02,DELIVERED
16308,10,97,2023-02-23,2023-03-11,DELIVERED
16309,18,289,2024-01-16,2024-01-21,DELIVERED
16310,17,169,2023-06-28,2023-08-05,DELIVERED
16311,12,378,2023-04-19,2023-05-19,DELIVERED
16312,13,253,2025-01-31,2025-02-16,DELIVERED
16313,8,433,2023-04-07,2023-04-23,DELIVERED
16314,2,286,2025-07-27,2025-08-09,DELAYED
16315,17,360,2023-10-29,2023-11-07,DELIVERED
16316,20,221,2025-10-23,2025-11-11,DELIVERED
16317,19,439,2024-12-05,2024-12-15,DELIVERED
16318,9,253,2025-12-27,2026-01-31,IN_TRANSIT
16319,6,141,2023-01-29,2023-02-24,DELIVERED
16320,4,36,2024-05-12,2024-06-02,DELIVERED
16321,20,365,2025-07-17,2025-08-20,DELAYED
16322,4,323,2023-05-03,2023-05-26,DELIVERED
16323,2,136,2025-10-08,2025-10-24,DELIVERED
16324,7,331,2024-07-02,2024-07-24,IN_TRANSIT
16325,5,36,2023-12-29,2024-01-03,IN_TRANSIT
16326,6,84,2023-12-17,2024-01-18,DELIVERED
16327,14,453,2025-09-09,2025-10-16,DELIVERED
16328,20,352,2025-03-24,2025-04-28,DELAYED
16329,16,237,2026-04-17,2026-05-03,DELIVERED
16330,10,165,2024-03-13,2024-04-19,DELIVERED
16331,9,356,2024-01-21,2024-01-27,DELIVERED
16332,10,368,2025-09-28,2025-10-13,DELAYED
16333,14,224,2026-01-21,2026-02-27,IN_TRANSIT
16334,17,252,2024-06-25,2024-07-04,DELIVERED
16335,12,144,2025-12-10,2026-01-15,DELIVERED
16336,11,446,2025-06-11,2025-06-20,DELIVERED
16337,4,495,2024-08-12,2024-09-09,DELIVERED
16338,14,270,2023-06-30,2023-08-04,DELIVERED
16339,19,201,2024-11-27,2025-01-01,DELIVERED
16340,12,445,2024-09-05,2024-09-18,DELIVERED
16341,20,60,2024-07-26,2024-08-12,DELIVERED
16342,16,446,2023-06-24,2023-08-01,DELIVERED
16343,20,495,2026-01-22,2026-02-11,DELIVERED
16344,20,498,2023-12-11,2023-12-18,DELIVERED
16345,16,205,2025-10-10,2025-10-17,DELAYED
16346,14,196,2023-07-25,2023-08-29,DELIVERED
16347,14,101,2025-02-27,2025-03-29,DELIVERED
16348,10,220,2025-03-09,2025-04-06,DELIVERED
16349,12,289,2026-09-02,2026-09-20,DELIVERED
16350,14,408,2023-07-21,2023-08-04,DELIVERED
16351,7,308,2026-07-26,2026-08-29,DELIVERED
16352,2,379,2026-03-02,2026-04-02,DELIVERED
16353,3,20,2023-04-17,2023-05-20,DELIVERED
16354,13,44,2025-03-19,2025-03-31,DELIVERED
16355,19,190,2024-10-18,2024-11-07,DELIVERED
16356,20,280,2023-03-20,2023-04-22,DELAYED
16357,20,11,2023-09-19,2023-09-27,DELIVERED
16358,4,54,2025-06-16,2025-07-19,DELIVERED
16359,10,462,2026-08-12,2026-09-07,DELIVERED
16360,4,419,2024-07-26,2024-08-25,DELIVERED
16361,16,175,2024-02-16,2024-02-22,DELAYED
16362,3,420,2023-02-08,2023-02-18,DELIVERED
16363,20,275,2023-01-23,2023-02-10,DELIVERED
16364,12,208,2026-08-30,2026-09-15,DELAYED
16365,10,350,2024-05-15,2024-06-15,DELIVERED
16366,13,408,2026-08-15,2026-09-22,DELIVERED
16367,10,331,2025-03-11,2025-04-15,DELAYED
16368,14,2,2026-07-12,2026-08-19,DELIVERED
16369,2,466,2023-12-12,2024-01-20,DELIVERED
16370,10,445,2024-06-21,2024-07-02,DELIVERED
16371,7,151,2025-11-23,2025-12-18,DELAYED
16372,8,80,2025-05-23,2025-05-29,DELIVERED
16373,9,426,2023-10-15,2023-10-21,DELIVERED
16374,10,94,2023-11-08,2023-11-24,DELIVERED
16375,5,10,2025-05-18,2025-06-11,DELIVERED
16376,9,212,2023-04-21,2023-05-03,DELIVERED
16377,15,89,2026-04-15,2026-04-22,DELIVERED
16378,15,329,2024-01-02,2024-01-13,IN_TRANSIT
16379,2,493,2023-01-17,2023-01-24,DELIVERED
16380,5,280,2023-03-30,2023-05-04,DELIVERED
16381,5,133,2024-02-18,2024-03-13,DELIVERED
16382,4,162,2026-07-05,2026-07-30,DELIVERED
16383,4,140,2025-11-08,2025-12-05,DELIVERED
16384,12,428,2025-03-12,2025-03-21,DELIVERED
16385,10,437,2025-02-10,2025-02-21,DELIVERED
16386,5,247,2025-03-18,2025-04-07,DELIVERED
16387,11,315,2025-04-01,2025-04-22,DELIVERED
16388,19,300,2024-04-25,2024-05-23,DELIVERED
16389,18,19,2023-02-05,2023-03-10,IN_TRANSIT
16390,6,11,2023-06-05,2023-06-16,DELIVERED
16391,14,107,2023-06-08,2023-07-05,DELIVERED
16392,17,132,2026-02-20,2026-03-16,DELAYED
16393,16,36,2024-09-14,2024-10-14,DELIVERED
16394,9,220,2023-04-29,2023-06-07,DELIVERED
16395,1,307,2026-03-16,2026-04-02,DELIVERED
16396,9,143,2026-06-02,2026-07-04,DELIVERED
16397,12,350,2023-12-13,2023-12-27,DELIVERED
16398,16,24,2023-05-17,2023-06-23,DELIVERED
16399,3,498,2026-03-27,2026-04-06,IN_TRANSIT
16400,2,54,2024-11-30,2024-12-28,DELIVERED
16401,8,32,2026-01-20,2026-02-16,DELIVERED
16402,19,97,2023-11-21,2023-12-17,DELIVERED
16403,17,194,2026-05-21,2026-06-15,DELIVERED
16404,19,177,2024-10-25,2024-11-06,DELIVERED
16405,18,194,2023-11-10,2023-11-26,DELIVERED
16406,13,54,2024-01-15,2024-02-10,DELIVERED
16407,13,40,2026-01-12,2026-02-19,DELIVERED
16408,10,1,2025-05-04,2025-05-22,DELIVERED
16409,15,100,2023-08-07,2023-08-22,DELIVERED
16410,6,82,2024-09-27,2024-11-05,IN_TRANSIT
16411,10,22,2024-12-04,2025-01-11,DELAYED
16412,4,272,2025-07-27,2025-08-25,DELIVERED
16413,8,154,2023-02-21,2023-03-20,DELIVERED
16414,19,130,2023-06-05,2023-07-14,DELIVERED
16415,4,95,2025-05-03,2025-05-18,DELAYED
16416,10,138,2024-05-23,2024-06-06,DELIVERED
16417,6,84,2025-06-28,2025-07-13,DELAYED
16418,6,460,2025-12-04,2025-12-11,DELIVERED
16419,18,145,2024-07-26,2024-08-31,DELAYED
16420,1,289,2025-04-01,2025-05-05,DELIVERED
16421,20,298,2025-05-01,2025-05-30,DELAYED
16422,11,309,2023-03-28,2023-05-02,DELAYED
16423,9,174,2025-06-03,2025-07-06,DELIVERED
16424,20,331,2024-09-26,2024-10-31,DELIVERED
16425,9,6,2024-03-19,2024-04-24,DELIVERED
16426,12,168,2026-08-24,2026-09-06,DELIVERED
16427,8,295,2025-05-06,2025-05-24,DELIVERED
16428,4,215,2025-07-09,2025-08-11,DELIVERED
16429,1,386,2023-05-06,2023-05-13,DELIVERED
16430,13,340,2025-05-27,2025-06-02,IN_TRANSIT
16431,6,311,2025-07-16,2025-07-21,DELIVERED
16432,9,324,2026-05-28,2026-06-27,IN_TRANSIT
16433,3,377,2026-07-17,2026-07-31,DELIVERED
16434,4,451,2025-01-04,2025-01-24,DELIVERED
16435,14,62,2023-01-08,2023-01-23,DELIVERED
16436,12,292,2023-02-15,2023-03-06,IN_TRANSIT
16437,4,88,2025-12-31,2026-01-12,IN_TRANSIT
16438,1,337,2025-09-15,2025-10-14,IN_TRANSIT
16439,14,170,2025-12-10,2026-01-15,DELIVERED
16440,18,319,2024-12-27,2025-01-30,DELIVERED
16441,13,217,2025-12-19,2026-01-25,IN_TRANSIT
16442,16,326,2024-07-20,2024-08-14,DELIVERED
16443,18,259,2024-12-06,2025-01-07,DELIVERED
16444,12,177,2024-04-28,2024-05-23,DELIVERED
16445,7,433,2023-08-19,2023-09-10,IN_TRANSIT
16446,3,126,2025-06-17,2025-06-28,DELIVERED
16447,10,279,2024-10-01,2024-10-24,DELIVERED
16448,5,10,2025-04-03,2025-05-08,DELIVERED
16449,2,330,2025-02-20,2025-03-10,DELIVERED
16450,15,482,2025-08-21,2025-09-26,DELIVERED
16451,18,214,2023-06-06,2023-07-14,IN_TRANSIT
16452,14,219,2025-05-23,2025-06-02,DELIVERED
16453,19,67,2024-06-30,2024-07-07,DELIVERED
16454,8,1,2025-10-11,2025-11-16,IN_TRANSIT
16455,8,321,2024-08-28,2024-10-02,DELIVERED
16456,14,110,2023-03-27,2023-04-08,DELIVERED
16457,10,405,2023-10-26,2023-11-29,DELIVERED
16458,1,437,2024-04-20,2024-05-27,DELIVERED
16459,9,159,2026-04-03,2026-04-11,DELIVERED
16460,16,362,2024-08-18,2024-08-24,DELIVERED
16461,15,289,2023-08-15,2023-09-09,DELIVERED
16462,4,365,2023-06-15,2023-07-06,DELIVERED
16463,18,43,2024-04-25,2024-05-21,DELIVERED
16464,15,383,2025-07-08,2025-07-23,IN_TRANSIT
16465,12,48,2023-08-24,2023-09-13,IN_TRANSIT
16466,9,34,2026-05-12,2026-06-15,IN_TRANSIT
16467,14,403,2023-12-19,2024-01-06,DELIVERED
16468,3,465,2025-01-18,2025-02-13,DELAYED
16469,16,248,2024-02-12,2024-02-17,DELIVERED
16470,16,467,2026-03-20,2026-03-28,DELIVERED
16471,2,161,2025-04-22,2025-05-29,DELIVERED
16472,14,254,2023-10-29,2023-11-09,DELIVERED
16473,1,327,2023-12-23,2024-01-09,DELIVERED
16474,5,19,2026-07-08,2026-08-12,DELIVERED
16475,11,284,2026-01-04,2026-01-17,DELIVERED
16476,1,99,2026-02-10,2026-03-06,DELIVERED
16477,19,445,2024-04-28,2024-05-20,DELAYED
16478,15,274,2024-07-19,2024-08-01,DELIVERED
16479,18,328,2023-09-15,2023-10-07,DELIVERED
16480,12,187,2025-01-29,2025-03-07,DELAYED
16481,11,288,2024-06-09,2024-06-23,DELIVERED
16482,1,236,2024-08-06,2024-09-14,DELIVERED
16483,19,168,2026-06-19,2026-07-14,DELAYED
16484,11,227,2025-04-02,2025-04-16,DELIVERED
16485,13,62,2023-05-31,2023-07-07,DELIVERED
16486,18,497,2024-05-19,2024-06-12,DELIVERED
16487,14,275,2026-01-06,2026-01-13,DELIVERED
16488,19,58,2026-08-13,2026-08-20,DELIVERED
16489,13,246,2023-06-10,2023-07-07,DELIVERED
16490,10,125,2025-05-15,2025-06-03,IN_TRANSIT
16491,12,156,2025-03-13,2025-04-20,DELIVERED
16492,10,430,2024-05-24,2024-06-23,DELIVERED
16493,2,346,2026-02-11,2026-02-22,DELIVERED
16494,9,400,2025-03-01,2025-03-12,DELIVERED
16495,2,200,2023-03-30,2023-05-06,DELIVERED
16496,15,257,2023-05-13,2023-06-03,DELIVERED
16497,19,64,2024-08-02,2024-08-29,DELIVERED
16498,3,487,2026-04-17,2026-04-23,DELIVERED
16499,4,411,2025-12-09,2026-01-02,DELIVERED
16500,5,316,2023-12-09,2024-01-07,IN_TRANSIT
16501,3,162,2024-05-18,2024-06-24,DELIVERED
16502,6,486,2023-05-30,2023-06-04,DELIVERED
16503,12,209,2025-07-24,2025-08-25,DELIVERED
16504,13,211,2024-05-28,2024-06-11,DELIVERED
16505,1,218,2023-01-03,2023-02-09,DELIVERED
16506,12,256,2026-03-14,2026-04-17,DELIVERED
16507,12,222,2023-03-20,2023-03-26,DELIVERED
16508,12,365,2026-07-14,2026-08-22,IN_TRANSIT
16509,11,5,2024-08-09,2024-08-31,DELIVERED
16510,8,270,2026-01-12,2026-02-14,DELIVERED
16511,11,216,2026-02-27,2026-03-04,DELIVERED
16512,3,165,2023-02-06,2023-02-24,DELIVERED
16513,7,242,2023-09-19,2023-09-27,DELIVERED
16514,11,204,2024-04-05,2024-04-16,DELIVERED
16515,10,184,2024-01-20,2024-02-01,DELIVERED
16516,6,31,2025-03-02,2025-03-07,DELIVERED
16517,3,413,2023-09-15,2023-10-22,DELIVERED
16518,7,287,2025-08-01,2025-08-09,IN_TRANSIT
16519,7,485,2025-10-27,2025-11-26,DELAYED
16520,11,89,2025-07-17,2025-08-23,DELIVERED
16521,6,499,2026-04-10,2026-05-03,DELIVERED
16522,15,8,2024-12-07,2025-01-15,DELIVERED
16523,11,233,2024-01-08,2024-01-13,DELIVERED
16524,2,73,2024-05-09,2024-06-05,DELIVERED
16525,9,436,2026-06-24,2026-07-13,DELIVERED
16526,8,1,2025-01-13,2025-02-15,IN_TRANSIT
16527,20,187,2026-08-28,2026-10-01,DELIVERED
16528,11,124,2025-02-04,2025-02-15,IN_TRANSIT
16529,10,187,2024-11-18,2024-12-13,DELIVERED
16530,19,299,2025-04-25,2025-05-31,DELIVERED
16531,2,76,2023-12-10,2024-01-05,DELIVERED
16532,6,404,2026-04-13,2026-04-26,DELIVERED
16533,10,268,2026-03-15,2026-04-07,DELAYED
16534,4,258,2025-12-06,2026-01-06,DELIVERED
16535,2,138,2026-02-19,2026-03-03,DELIVERED
16536,7,220,2026-01-19,2026-02-01,DELIVERED
16537,18,292,2024-01-23,2024-02-20,DELIVERED
16538,15,363,2023-06-23,2023-07-05,DELIVERED
16539,4,60,2026-09-04,2026-10-10,IN_TRANSIT
16540,10,416,2024-01-07,2024-02-07,DELIVERED
16541,17,81,2025-01-23,2025-02-05,DELIVERED
16542,10,441,2026-08-04,2026-08-31,DELIVERED
16543,20,492,2026-09-27,2026-10-29,DELIVERED
16544,9,192,2025-11-05,2025-11-28,DELIVERED
16545,17,373,2024-11-27,2025-01-02,DELIVERED
16546,4,308,2024-05-09,2024-06-11,DELIVERED
16547,14,338,2024-06-10,2024-07-11,DELIVERED
16548,20,73,2025-07-15,2025-07-28,IN_TRANSIT
16549,12,340,2025-02-09,2025-02-27,DELAYED
16550,9,456,2026-06-29,2026-07-11,DELIVERED
16551,20,165,2024-04-22,2024-05-30,DELIVERED
16552,18,17,2026-01-07,2026-01-28,DELIVERED
16553,2,152,2025-07-09,2025-08-05,DELIVERED
16554,1,332,2023-08-29,2023-09-10,DELIVERED
16555,18,123,2025-03-09,2025-03-14,DELIVERED
16556,2,488,2023-03-31,2023-04-18,DELIVERED
16557,20,398,2026-05-26,2026-06-23,DELAYED
16558,14,158,2023-04-01,2023-04-20,IN_TRANSIT
16559,14,466,2025-10-16,2025-11-08,DELIVERED
16560,10,326,2025-06-06,2025-06-24,DELIVERED
16561,12,188,2024-05-07,2024-05-15,DELIVERED
16562,4,54,2023-11-30,2024-01-08,IN_TRANSIT
16563,6,263,2026-01-25,2026-03-01,DELIVERED
16564,19,95,2026-01-22,2026-02-04,DELIVERED
16565,9,173,2026-03-21,2026-04-10,DELIVERED
16566,18,485,2023-06-30,2023-07-18,DELIVERED
16567,3,479,2023-09-03,2023-10-02,DELIVERED
16568,16,51,2026-01-14,2026-02-07,DELIVERED
16569,1,272,2023-03-12,2023-04-05,DELIVERED
16570,8,361,2025-01-23,2025-01-31,IN_TRANSIT
16571,20,80,2025-04-20,2025-04-25,DELIVERED
16572,15,209,2025-07-29,2025-08-23,DELIVERED
16573,6,483,2024-06-05,2024-07-09,DELIVERED
16574,9,269,2025-09-11,2025-10-13,DELIVERED
16575,5,467,2026-01-14,2026-01-20,DELIVERED
16576,4,353,2024-01-08,2024-02-14,IN_TRANSIT
16577,3,404,2023-05-31,2023-06-21,DELAYED
16578,2,331,2024-03-18,2024-04-17,DELIVERED
16579,8,24,2024-01-29,2024-02-20,IN_TRANSIT
16580,15,358,2026-07-26,2026-08-20,DELIVERED
16581,8,202,2025-01-25,2025-02-05,DELAYED
16582,10,149,2025-01-17,2025-02-15,DELIVERED
16583,8,455,2025-02-09,2025-02-23,DELIVERED
16584,17,105,2024-04-23,2024-05-10,DELIVERED
16585,19,420,2023-10-22,2023-10-27,DELIVERED
16586,17,139,2023-03-17,2023-04-10,DELIVERED
16587,17,223,2023-07-30,2023-09-03,DELIVERED
16588,8,367,2025-05-18,2025-06-06,DELAYED
16589,19,68,2023-08-19,2023-08-29,DELAYED
16590,18,264,2025-06-23,2025-07-15,DELAYED
16591,3,171,2025-09-16,2025-10-08,DELAYED
16592,2,12,2024-08-14,2024-09-19,DELIVERED
16593,13,486,2023-03-24,2023-03-31,DELIVERED
16594,16,330,2023-05-18,2023-06-03,DELIVERED
16595,9,251,2023-10-19,2023-11-15,DELIVERED
16596,12,75,2024-03-24,2024-04-24,DELIVERED
16597,7,162,2024-01-17,2024-02-05,DELIVERED
16598,14,324,2026-04-25,2026-05-28,DELIVERED
16599,1,326,2025-01-21,2025-01-28,DELIVERED
16600,11,233,2024-03-01,2024-04-02,DELAYED
16601,9,105,2025-12-10,2025-12-16,DELIVERED
16602,17,179,2025-05-13,2025-06-08,DELIVERED
16603,17,284,2023-04-24,2023-05-11,DELIVERED
16604,4,161,2025-12-29,2026-01-09,DELIVERED
16605,17,82,2025-08-30,2025-09-23,IN_TRANSIT
16606,15,196,2024-07-27,2024-08-17,IN_TRANSIT
16607,14,207,2025-08-12,2025-09-02,DELIVERED
16608,2,460,2024-11-13,2024-11-26,DELIVERED
16609,12,340,2025-01-15,2025-01-30,DELIVERED
16610,19,36,2025-07-27,2025-08-05,DELIVERED
16611,2,58,2023-12-16,2024-01-12,IN_TRANSIT
16612,19,297,2025-03-24,2025-03-29,DELIVERED
16613,13,36,2024-08-23,2024-09-24,DELIVERED
16614,12,152,2024-05-07,2024-06-13,DELIVERED
16615,3,408,2023-01-23,2023-02-17,DELIVERED
16616,16,109,2024-10-09,2024-11-10,DELIVERED
16617,2,30,2024-01-21,2024-02-08,DELIVERED
16618,10,157,2023-03-08,2023-03-26,DELIVERED
16619,3,219,2023-08-10,2023-08-27,DELIVERED
16620,8,417,2023-07-29,2023-08-11,DELIVERED
16621,7,291,2026-07-17,2026-08-07,DELIVERED
16622,14,387,2026-06-27,2026-07-18,DELIVERED
16623,6,24,2023-02-19,2023-03-25,DELIVERED
16624,20,311,2024-12-19,2024-12-24,DELIVERED
16625,18,137,2025-05-03,2025-06-05,DELIVERED
16626,14,471,2025-08-26,2025-09-20,DELIVERED
16627,6,361,2024-06-01,2024-06-10,IN_TRANSIT
16628,9,227,2025-11-17,2025-11-24,DELIVERED
16629,16,438,2024-06-23,2024-07-06,DELIVERED
16630,11,117,2025-03-03,2025-03-29,DELIVERED
16631,5,15,2023-08-14,2023-09-04,DELIVERED
16632,12,33,2025-03-04,2025-04-01,DELAYED
16633,13,188,2023-10-06,2023-10-25,DELIVERED
16634,4,20,2026-04-10,2026-05-08,DELIVERED
16635,5,289,2025-10-19,2025-10-27,DELIVERED
16636,5,475,2023-04-24,2023-05-29,DELAYED
16637,1,449,2023-10-12,2023-10-29,DELIVERED
16638,17,97,2025-07-04,2025-07-17,DELIVERED
16639,10,315,2023-06-21,2023-07-04,DELIVERED
16640,5,405,2025-09-09,2025-09-14,DELIVERED
16641,19,79,2023-01-13,2023-02-10,DELIVERED
16642,17,461,2024-05-19,2024-05-24,IN_TRANSIT
16643,2,296,2025-08-17,2025-09-13,DELIVERED
16644,13,186,2024-02-24,2024-03-19,DELIVERED
16645,2,357,2024-01-02,2024-01-21,IN_TRANSIT
16646,17,289,2024-12-21,2025-01-05,DELIVERED
16647,14,132,2024-08-16,2024-09-06,DELIVERED
16648,18,435,2025-11-13,2025-12-05,DELIVERED
16649,2,91,2024-10-04,2024-10-16,DELIVERED
16650,12,209,2023-04-29,2023-05-08,IN_TRANSIT
16651,1,484,2024-03-07,2024-03-16,DELIVERED
16652,15,121,2023-07-25,2023-08-18,DELIVERED
16653,3,331,2025-04-14,2025-05-02,DELIVERED
16654,18,5,2026-01-15,2026-01-23,DELAYED
16655,20,5,2024-11-06,2024-11-12,DELIVERED
16656,2,448,2024-03-30,2024-04-04,DELIVERED
16657,10,375,2025-05-28,2025-06-26,DELAYED
16658,6,11,2023-05-03,2023-05-08,DELIVERED
16659,13,4,2024-08-21,2024-08-29,DELIVERED
16660,18,40,2023-04-28,2023-05-06,IN_TRANSIT
16661,6,223,2025-03-19,2025-04-07,DELIVERED
16662,16,87,2024-05-21,2024-06-15,DELIVERED
16663,11,475,2025-02-12,2025-03-15,DELAYED
16664,3,427,2023-11-26,2023-12-26,DELIVERED
16665,4,253,2026-06-20,2026-07-20,DELAYED
16666,1,25,2026-04-17,2026-04-30,DELIVERED
16667,14,101,2023-10-06,2023-11-08,DELIVERED
16668,14,407,2024-02-05,2024-02-18,DELIVERED
16669,14,175,2024-03-15,2024-04-03,DELIVERED
16670,11,214,2023-04-24,2023-05-27,DELIVERED
16671,4,399,2026-03-28,2026-05-03,IN_TRANSIT
16672,14,67,2026-09-03,2026-10-11,DELAYED
16673,5,150,2026-03-26,2026-04-20,DELIVERED
16674,3,458,2026-04-27,2026-05-03,DELIVERED
16675,15,158,2025-09-01,2025-09-07,DELIVERED
16676,9,142,2025-11-03,2025-11-26,IN_TRANSIT
16677,17,399,2025-09-17,2025-10-07,IN_TRANSIT
16678,14,418,2023-01-01,2023-01-27,DELIVERED
16679,8,193,2026-08-23,2026-09-15,DELIVERED
16680,13,458,2026-09-22,2026-09-28,DELIVERED
16681,12,473,2025-07-11,2025-08-09,DELIVERED
16682,13,223,2025-12-15,2026-01-09,DELIVERED
16683,17,208,2025-05-01,2025-05-15,DELIVERED
16684,3,244,2023-10-28,2023-11-29,DELIVERED
16685,11,98,2024-10-28,2024-11-02,DELIVERED
16686,10,402,2025-07-17,2025-08-03,DELAYED
16687,5,50,2025-07-01,2025-08-02,DELIVERED
16688,6,192,2026-05-31,2026-06-12,DELIVERED
16689,3,497,2024-04-10,2024-05-13,IN_TRANSIT
16690,8,490,2023-05-31,2023-07-02,DELIVERED
16691,15,135,2026-04-24,2026-05-29,DELIVERED
16692,11,2,2025-08-05,2025-08-10,DELIVERED
16693,17,194,2024-07-09,2024-07-23,DELIVERED
16694,3,476,2023-06-25,2023-08-03,IN_TRANSIT
16695,14,86,2023-08-19,2023-09-05,DELIVERED
16696,6,438,2025-08-11,2025-08-17,DELIVERED
16697,5,342,2023-07-12,2023-08-01,DELIVERED
16698,8,328,2026-09-16,2026-10-07,DELAYED
16699,15,424,2026-07-06,2026-07-18,DELIVERED
16700,9,51,2023-12-27,2024-01-09,DELIVERED
16701,18,335,2024-04-29,2024-05-14,DELIVERED
16702,1,470,2024-12-11,2024-12-28,DELIVERED
16703,2,254,2025-10-05,2025-10-10,DELIVERED
16704,1,478,2024-01-29,2024-02-29,DELIVERED
16705,20,37,2026-08-03,2026-08-09,DELAYED
16706,13,22,2023-01-21,2023-02-02,IN_TRANSIT
16707,20,488,2026-08-24,2026-09-21,DELIVERED
16708,2,387,2024-03-16,2024-04-18,DELIVERED
16709,2,315,2026-02-14,2026-03-23,IN_TRANSIT
16710,14,10,2025-11-23,2025-12-15,DELIVERED
16711,7,169,2023-07-10,2023-08-07,DELIVERED
16712,10,399,2025-12-27,2026-01-14,DELIVERED
16713,2,287,2024-05-27,2024-07-03,DELIVERED
16714,13,158,2025-09-08,2025-10-09,DELIVERED
16715,17,76,2023-01-04,2023-01-23,DELIVERED
16716,10,169,2024-09-11,2024-09-22,DELIVERED
16717,4,469,2023-06-11,2023-07-06,DELIVERED
16718,3,64,2025-01-16,2025-01-30,IN_TRANSIT
16719,12,325,2026-05-07,2026-06-10,DELIVERED
16720,13,299,2023-12-12,2024-01-12,DELIVERED
16721,5,235,2024-02-25,2024-03-07,DELIVERED
16722,13,83,2023-12-17,2024-01-01,DELIVERED
16723,8,268,2025-08-23,2025-08-30,DELIVERED
16724,16,240,2026-01-03,2026-01-09,DELIVERED
16725,18,75,2024-08-19,2024-09-08,DELIVERED
16726,17,480,2024-02-04,2024-03-03,DELIVERED
16727,8,360,2023-02-01,2023-02-25,DELIVERED
16728,9,88,2024-11-22,2024-12-27,DELIVERED
16729,17,317,2023-01-23,2023-03-01,IN_TRANSIT
16730,1,270,2023-08-27,2023-09-29,IN_TRANSIT
16731,20,370,2024-02-25,2024-03-10,DELIVERED
16732,5,336,2023-09-29,2023-10-09,DELIVERED
16733,7,158,2023-03-18,2023-03-31,DELIVERED
16734,7,455,2023-12-28,2024-02-03,DELIVERED
16735,13,124,2024-11-12,2024-11-22,DELIVERED
16736,16,371,2023-08-04,2023-09-01,IN_TRANSIT
16737,12,4,2025-08-15,2025-08-30,DELIVERED
16738,15,474,2024-11-20,2024-11-25,DELIVERED
16739,11,481,2023-10-19,2023-11-22,DELIVERED
16740,9,215,2023-07-06,2023-07-22,DELIVERED
16741,15,35,2023-07-31,2023-08-18,DELIVERED
16742,4,52,2026-05-01,2026-05-10,DELIVERED
16743,20,158,2026-02-21,2026-02-27,DELIVERED
16744,18,372,2024-06-16,2024-06-24,DELIVERED
16745,15,435,2025-02-08,2025-03-11,IN_TRANSIT
16746,12,20,2026-05-30,2026-06-10,DELIVERED
16747,2,484,2024-04-26,2024-05-28,DELIVERED
16748,12,362,2024-06-20,2024-07-24,DELAYED
16749,5,246,2026-04-02,2026-05-02,DELIVERED
16750,14,219,2025-02-01,2025-02-14,IN_TRANSIT
16751,5,117,2023-04-01,2023-04-27,DELAYED
16752,5,312,2024-02-05,2024-03-07,DELIVERED
16753,2,423,2026-05-19,2026-05-30,DELIVERED
16754,4,12,2024-04-08,2024-05-02,DELIVERED
16755,3,397,2026-08-27,2026-09-15,DELIVERED
16756,12,166,2025-09-23,2025-10-28,DELIVERED
16757,10,55,2023-11-22,2023-12-13,DELIVERED
16758,7,148,2024-01-11,2024-01-30,DELIVERED
16759,3,183,2023-10-09,2023-11-14,DELIVERED
16760,14,183,2025-12-19,2026-01-01,DELIVERED
16761,4,184,2025-01-29,2025-03-09,DELIVERED
16762,12,126,2023-03-09,2023-04-13,DELIVERED
16763,4,108,2024-07-31,2024-08-14,DELIVERED
16764,3,10,2025-05-12,2025-05-23,DELIVERED
16765,17,98,2026-01-06,2026-01-20,DELIVERED
16766,4,353,2023-06-21,2023-07-04,DELIVERED
16767,13,77,2024-01-04,2024-01-18,DELIVERED
16768,3,350,2025-04-26,2025-05-02,DELIVERED
16769,12,157,2023-09-20,2023-09-30,DELIVERED
16770,14,191,2024-03-27,2024-04-22,DELIVERED
16771,20,70,2024-04-27,2024-05-03,IN_TRANSIT
16772,5,463,2024-07-08,2024-07-30,DELIVERED
16773,2,28,2025-12-30,2026-01-21,DELIVERED
16774,18,62,2024-06-24,2024-07-08,DELIVERED
16775,16,94,2025-09-01,2025-09-18,DELIVERED
16776,19,7,2023-10-26,2023-11-18,DELIVERED
16777,12,429,2025-05-07,2025-05-15,DELIVERED
16778,6,380,2024-09-23,2024-10-08,DELIVERED
16779,4,494,2024-01-30,2024-02-26,DELIVERED
16780,5,276,2025-01-23,2025-02-14,IN_TRANSIT
16781,3,112,2023-05-19,2023-06-05,DELAYED
16782,4,142,2024-05-21,2024-06-11,DELIVERED
16783,19,317,2023-12-20,2023-12-26,DELIVERED
16784,13,30,2026-03-26,2026-04-15,DELIVERED
16785,19,490,2023-04-27,2023-05-19,DELIVERED
16786,9,170,2026-03-28,2026-04-22,DELIVERED
16787,14,16,2024-12-09,2025-01-17,DELAYED
16788,12,111,2023-11-02,2023-11-07,DELIVERED
16789,20,453,2024-01-08,2024-02-04,DELIVERED
16790,19,468,2024-10-18,2024-11-25,DELIVERED
16791,16,196,2024-01-24,2024-02-28,DELIVERED
16792,10,347,2024-03-23,2024-04-19,DELIVERED
16793,1,26,2023-10-04,2023-10-21,IN_TRANSIT
16794,15,182,2024-11-12,2024-11-27,DELIVERED
16795,1,72,2026-07-27,2026-08-26,DELIVERED
16796,15,24,2025-05-09,2025-06-11,DELIVERED
16797,16,213,2023-10-17,2023-10-23,DELIVERED
16798,16,6,2024-01-10,2024-01-27,DELIVERED
16799,4,376,2024-01-08,2024-02-03,DELIVERED
16800,8,108,2024-09-18,2024-09-29,DELIVERED
16801,14,384,2023-02-27,2023-03-26,DELIVERED
16802,11,374,2024-04-07,2024-05-15,DELIVERED
16803,1,429,2025-08-30,2025-10-02,DELIVERED
16804,9,190,2025-09-08,2025-10-01,DELIVERED
16805,16,73,2024-01-04,2024-01-22,DELIVERED
16806,11,177,2023-07-09,2023-08-04,DELIVERED
16807,1,385,2026-02-02,2026-02-25,IN_TRANSIT
16808,11,274,2026-01-02,2026-02-10,IN_TRANSIT
16809,16,34,2024-01-14,2024-01-28,IN_TRANSIT
16810,1,481,2026-01-20,2026-02-07,DELIVERED
16811,10,234,2024-11-02,2024-11-07,DELIVERED
16812,16,325,2024-09-11,2024-09-19,DELIVERED
16813,3,84,2026-07-03,2026-07-26,DELIVERED
16814,11,283,2026-03-01,2026-03-31,DELIVERED
16815,17,168,2023-02-07,2023-03-02,DELIVERED
16816,3,265,2024-10-31,2024-11-07,DELIVERED
16817,5,398,2024-12-19,2024-12-25,DELIVERED
16818,12,106,2023-05-28,2023-06-12,DELIVERED
16819,8,498,2023-09-10,2023-09-21,IN_TRANSIT
16820,16,17,2023-05-09,2023-05-21,DELIVERED
16821,7,334,2025-08-07,2025-08-23,DELIVERED
16822,7,165,2023-04-05,2023-05-04,DELIVERED
16823,7,316,2025-12-25,2026-01-07,IN_TRANSIT
16824,3,330,2024-02-12,2024-03-18,DELIVERED
16825,20,325,2024-05-28,2024-06-21,DELIVERED
16826,2,164,2025-01-28,2025-02-28,DELIVERED
16827,5,327,2025-04-08,2025-04-16,DELIVERED
16828,1,499,2024-03-14,2024-03-24,DELIVERED
16829,8,248,2024-11-13,2024-12-17,IN_TRANSIT
16830,16,226,2024-06-15,2024-07-01,DELAYED
16831,3,405,2024-09-09,2024-09-24,DELIVERED
16832,20,358,2023-08-15,2023-08-28,DELIVERED
16833,3,230,2023-10-12,2023-11-11,DELIVERED
16834,10,137,2023-10-16,2023-11-24,IN_TRANSIT
16835,4,397,2025-05-07,2025-06-13,DELIVERED
16836,4,57,2024-04-28,2024-06-04,DELIVERED
16837,11,348,2024-08-29,2024-10-02,DELIVERED
16838,2,24,2024-11-02,2024-11-15,DELIVERED
16839,4,358,2023-06-15,2023-07-04,DELIVERED
16840,7,143,2026-07-12,2026-08-06,DELIVERED
16841,18,219,2024-05-07,2024-06-10,DELIVERED
16842,20,339,2025-01-08,2025-01-30,DELAYED
16843,10,116,2025-05-25,2025-06-14,DELIVERED
16844,7,315,2024-08-06,2024-09-07,DELAYED
16845,16,370,2023-06-19,2023-07-27,DELIVERED
16846,1,209,2023-12-08,2024-01-01,DELIVERED
16847,3,351,2024-04-28,2024-05-28,DELIVERED
16848,10,219,2023-10-13,2023-11-10,IN_TRANSIT
16849,10,153,2025-10-12,2025-10-28,DELIVERED
16850,13,176,2026-09-28,2026-10-14,IN_TRANSIT
16851,5,252,2025-09-17,2025-10-07,DELIVERED
16852,9,185,2025-12-12,2025-12-31,DELIVERED
16853,5,7,2025-05-24,2025-06-12,DELIVERED
16854,2,142,2024-12-05,2025-01-07,DELIVERED
16855,1,6,2026-04-04,2026-04-20,DELIVERED
16856,10,242,2026-07-03,2026-07-19,DELIVERED
16857,1,403,2023-04-21,2023-05-09,IN_TRANSIT
16858,3,143,2025-01-08,2025-02-11,DELIVERED
16859,16,81,2026-07-27,2026-08-15,DELIVERED
16860,19,115,2025-09-21,2025-09-26,DELIVERED
16861,18,148,2025-04-05,2025-05-04,DELIVERED
16862,19,72,2026-03-07,2026-04-03,DELIVERED
16863,18,34,2024-07-10,2024-07-21,DELIVERED
16864,4,381,2026-07-17,2026-08-03,DELAYED
16865,16,266,2023-07-24,2023-08-23,DELIVERED
16866,14,144,2026-06-25,2026-07-29,DELAYED
16867,12,360,2024-11-13,2024-12-06,DELIVERED
16868,16,142,2024-07-26,2024-09-03,IN_TRANSIT
16869,6,236,2024-07-11,2024-07-31,DELIVERED
16870,19,366,2026-02-18,2026-03-22,DELIVERED
16871,9,485,2025-11-13,2025-12-16,DELIVERED
16872,20,443,2024-05-22,2024-05-28,IN_TRANSIT
16873,12,41,2023-03-22,2023-04-09,DELIVERED
16874,6,338,2025-06-20,2025-07-12,DELIVERED
16875,13,192,2025-04-04,2025-05-03,DELAYED
16876,18,366,2024-09-03,2024-10-10,DELIVERED
16877,1,230,2024-11-08,2024-12-03,DELIVERED
16878,4,214,2025-08-11,2025-08-19,DELAYED
16879,5,436,2023-05-04,2023-06-05,DELIVERED
16880,19,490,2023-09-29,2023-10-08,IN_TRANSIT
16881,16,432,2026-01-08,2026-02-01,IN_TRANSIT
16882,9,117,2023-01-23,2023-03-03,DELIVERED
16883,7,3,2026-08-29,2026-09-16,DELIVERED
16884,5,295,2026-05-15,2026-06-03,DELAYED
16885,1,305,2025-12-20,2026-01-19,DELIVERED
16886,11,353,2023-05-27,2023-06-19,DELIVERED
16887,17,53,2023-07-04,2023-08-08,DELIVERED
16888,20,456,2026-02-26,2026-03-20,DELIVERED
16889,16,464,2023-12-15,2023-12-28,DELIVERED
16890,20,176,2024-06-27,2024-08-04,DELIVERED
16891,5,322,2024-02-04,2024-02-15,DELIVERED
16892,15,467,2023-02-13,2023-03-21,DELIVERED
16893,14,323,2025-09-22,2025-10-01,DELIVERED
16894,17,17,2025-09-23,2025-10-19,DELIVERED
16895,5,191,2024-03-22,2024-04-21,DELIVERED
16896,6,480,2025-02-21,2025-03-23,DELIVERED
16897,17,418,2023-12-14,2024-01-03,DELIVERED
16898,10,296,2024-02-19,2024-03-07,DELIVERED
16899,1,331,2025-06-24,2025-07-06,DELIVERED
16900,13,6,2023-01-14,2023-01-30,IN_TRANSIT
16901,16,260,2023-06-05,2023-07-02,DELIVERED
16902,6,410,2025-07-03,2025-08-05,DELIVERED
16903,20,390,2023-12-17,2024-01-04,DELIVERED
16904,12,46,2026-03-23,2026-04-03,DELIVERED
16905,7,497,2025-11-15,2025-12-12,DELIVERED
16906,17,100,2023-03-25,2023-04-09,DELAYED
16907,5,365,2023-09-23,2023-10-17,DELAYED
16908,20,271,2024-11-27,2025-01-03,DELIVERED
16909,16,407,2026-06-18,2026-07-04,DELIVERED
16910,16,129,2025-04-27,2025-05-16,DELIVERED
16911,5,278,2025-09-26,2025-11-02,DELIVERED
16912,12,452,2024-04-30,2024-06-08,DELIVERED
16913,3,443,2026-04-01,2026-04-25,DELIVERED
16914,14,485,2026-07-21,2026-08-22,DELIVERED
16915,7,6,2024-03-09,2024-04-17,DELIVERED
16916,4,226,2023-04-02,2023-04-27,DELIVERED
16917,4,111,2026-07-28,2026-08-22,DELIVERED
16918,3,262,2025-04-08,2025-05-11,DELIVERED
16919,8,103,2026-08-30,2026-09-17,DELIVERED
16920,13,133,2026-08-01,2026-08-22,IN_TRANSIT
16921,2,418,2025-05-05,2025-05-23,DELIVERED
16922,2,107,2023-08-01,2023-08-15,DELIVERED
16923,1,256,2025-10-26,2025-11-08,DELIVERED
16924,7,363,2024-08-07,2024-09-10,DELIVERED
16925,11,176,2026-08-31,2026-09-09,DELIVERED
16926,18,279,2026-03-27,2026-04-28,DELIVERED
16927,14,477,2023-11-17,2023-11-25,DELIVERED
16928,2,247,2023-12-25,2024-01-27,DELIVERED
16929,2,99,2026-01-16,2026-02-09,DELIVERED
16930,20,254,2025-12-26,2026-02-01,DELIVERED
16931,3,236,2024-03-07,2024-04-11,IN_TRANSIT
16932,20,373,2024-08-29,2024-09-15,DELIVERED
16933,8,148,2024-09-03,2024-09-28,DELIVERED
16934,5,483,2023-05-16,2023-06-20,DELIVERED
16935,12,104,2023-05-20,2023-06-16,IN_TRANSIT
16936,12,130,2024-08-12,2024-09-18,IN_TRANSIT
16937,12,166,2025-06-01,2025-06-28,DELIVERED
16938,16,313,2023-07-30,2023-08-14,DELIVERED
16939,4,302,2025-08-29,2025-09-25,DELIVERED
16940,1,404,2025-08-25,2025-09-08,DELIVERED
16941,16,360,2024-12-07,2024-12-23,DELIVERED
16942,13,74,2024-04-19,2024-04-27,DELIVERED
16943,14,33,2025-06-09,2025-07-13,DELIVERED
16944,6,283,2024-07-19,2024-07-25,DELAYED
16945,15,124,2023-04-13,2023-05-16,DELIVERED
16946,8,64,2026-02-06,2026-03-16,DELIVERED
16947,13,467,2024-07-05,2024-08-04,DELIVERED
16948,1,458,2026-03-16,2026-03-31,DELIVERED
16949,13,424,2024-05-21,2024-06-21,DELIVERED
16950,7,17,2025-10-13,2025-10-25,DELAYED
16951,9,90,2024-01-02,2024-01-16,DELAYED
16952,19,1,2023-10-27,2023-11-24,DELIVERED
16953,5,22,2024-04-01,2024-04-10,DELIVERED
16954,7,48,2024-05-16,2024-05-29,DELIVERED
16955,16,330,2025-05-23,2025-06-04,DELIVERED
16956,17,318,2023-10-10,2023-10-31,DELIVERED
16957,14,67,2024-08-01,2024-09-05,DELIVERED
16958,17,153,2026-02-16,2026-03-02,DELIVERED
16959,7,282,2024-01-13,2024-02-10,DELIVERED
16960,12,397,2024-03-11,2024-04-02,DELIVERED
16961,10,386,2025-02-01,2025-03-04,DELIVERED
16962,7,307,2024-12-03,2025-01-05,DELIVERED
16963,9,355,2025-06-06,2025-07-01,DELIVERED
16964,4,191,2025-01-29,2025-03-09,DELIVERED
16965,2,342,2025-02-05,2025-02-22,DELIVERED
16966,1,181,2025-10-17,2025-10-28,DELAYED
16967,3,95,2024-10-19,2024-10-29,DELIVERED
16968,7,441,2024-02-20,2024-03-22,IN_TRANSIT
16969,18,254,2024-02-27,2024-03-29,DELIVERED
16970,20,441,2024-09-11,2024-09-23,DELIVERED
16971,7,391,2026-08-03,2026-09-04,DELIVERED
16972,17,93,2025-12-24,2026-01-22,DELIVERED
16973,10,50,2024-12-11,2024-12-26,DELIVERED
16974,10,62,2023-04-27,2023-05-11,DELIVERED
16975,14,53,2024-08-10,2024-08-27,DELIVERED
16976,2,431,2025-04-21,2025-05-30,DELIVERED
16977,20,107,2024-08-31,2024-10-06,DELAYED
16978,8,309,2024-04-15,2024-04-30,DELIVERED
16979,4,270,2023-09-27,2023-10-14,DELIVERED
16980,3,48,2023-09-05,2023-10-07,DELIVERED
16981,15,96,2025-07-19,2025-07-31,DELIVERED
16982,3,167,2026-09-07,2026-09-13,DELIVERED
16983,12,206,2026-09-17,2026-10-12,DELIVERED
16984,1,381,2023-06-21,2023-07-06,DELIVERED
16985,1,145,2024-08-26,2024-09-28,DELIVERED
16986,7,397,2024-04-13,2024-05-07,DELIVERED
16987,16,223,2026-06-10,2026-06-29,DELIVERED
16988,1,418,2024-11-21,2024-12-23,DELIVERED
16989,14,334,2023-11-08,2023-12-09,DELAYED
16990,12,145,2025-06-15,2025-07-06,DELIVERED
16991,18,499,2026-05-31,2026-06-29,DELIVERED
16992,20,104,2024-04-24,2024-05-30,DELIVERED
16993,13,239,2025-04-29,2025-05-16,DELIVERED
16994,5,123,2026-04-27,2026-05-24,DELIVERED
16995,12,255,2024-05-31,2024-06-27,DELIVERED
16996,3,219,2025-04-17,2025-04-24,DELIVERED
16997,18,136,2023-11-12,2023-12-09,DELIVERED
16998,17,131,2024-06-10,2024-07-04,IN_TRANSIT
16999,19,186,2023-10-15,2023-11-22,DELIVERED
17000,11,128,2023-10-25,2023-12-01,IN_TRANSIT
17001,16,63,2023-09-01,2023-09-27,DELIVERED
17002,6,204,2023-08-21,2023-09-17,DELAYED
17003,12,114,2026-09-27,2026-10-16,DELIVERED
17004,2,379,2023-11-05,2023-11-10,DELIVERED
17005,3,309,2026-07-09,2026-07-29,DELIVERED
17006,16,49,2023-07-12,2023-08-10,DELIVERED
17007,16,495,2026-04-24,2026-05-06,DELIVERED
17008,4,442,2026-07-11,2026-08-13,DELIVERED
17009,3,377,2023-03-25,2023-04-13,DELIVERED
17010,13,114,2026-04-22,2026-05-08,IN_TRANSIT
17011,2,12,2023-12-06,2023-12-24,DELIVERED
17012,12,50,2025-07-01,2025-07-29,DELIVERED
17013,1,98,2026-07-21,2026-08-08,DELIVERED
17014,6,25,2023-07-16,2023-08-04,DELIVERED
17015,20,63,2025-08-04,2025-08-18,IN_TRANSIT
17016,18,163,2023-11-27,2023-12-31,DELIVERED
17017,15,159,2025-11-21,2025-12-19,DELIVERED
17018,2,169,2026-03-04,2026-03-27,DELIVERED
17019,10,96,2025-05-25,2025-06-18,DELIVERED
17020,16,318,2024-06-19,2024-07-03,DELIVERED
17021,18,450,2025-03-15,2025-03-23,DELIVERED
17022,4,287,2023-10-01,2023-10-19,DELIVERED
17023,5,144,2026-01-28,2026-03-02,DELIVERED
17024,4,187,2026-05-15,2026-06-11,IN_TRANSIT
17025,3,56,2024-03-29,2024-04-25,DELIVERED
17026,1,65,2023-07-29,2023-08-30,DELIVERED
17027,2,31,2023-11-09,2023-11-30,DELIVERED
17028,16,87,2024-02-11,2024-02-24,DELIVERED
17029,11,417,2026-01-27,2026-02-28,IN_TRANSIT
17030,9,269,2026-03-03,2026-03-15,DELAYED
17031,11,285,2025-04-17,2025-05-23,DELIVERED
17032,10,159,2025-05-03,2025-05-22,DELIVERED
17033,8,416,2023-04-15,2023-05-06,DELIVERED
17034,17,32,2024-05-13,2024-05-22,DELIVERED
17035,19,488,2026-08-07,2026-09-12,DELIVERED
17036,8,149,2025-09-21,2025-10-22,DELIVERED
17037,20,151,2025-05-15,2025-05-21,DELIVERED
17038,20,311,2025-08-01,2025-08-23,DELIVERED
17039,16,415,2024-07-19,2024-08-09,DELIVERED
17040,5,286,2024-08-30,2024-10-08,DELIVERED
17041,18,191,2025-05-13,2025-06-05,DELIVERED
17042,1,368,2024-08-15,2024-09-15,DELIVERED
17043,6,466,2024-12-10,2025-01-04,DELIVERED
17044,1,449,2026-07-13,2026-07-28,DELIVERED
17045,11,162,2023-10-26,2023-11-23,DELIVERED
17046,9,210,2024-12-21,2025-01-09,DELIVERED
17047,19,67,2026-03-13,2026-04-15,DELAYED
17048,1,23,2024-08-08,2024-09-12,DELIVERED
17049,12,247,2024-10-13,2024-11-15,IN_TRANSIT
17050,8,246,2024-02-29,2024-03-06,DELIVERED
17051,4,114,2023-07-28,2023-08-05,DELIVERED
17052,17,339,2024-07-15,2024-07-25,DELIVERED
17053,18,28,2024-01-05,2024-01-26,DELIVERED
17054,4,332,2025-01-12,2025-01-23,DELIVERED
17055,8,485,2023-04-08,2023-05-02,DELIVERED
17056,3,236,2023-01-09,2023-01-29,DELAYED
17057,1,468,2023-05-24,2023-06-13,DELIVERED
17058,19,175,2026-08-06,2026-09-07,DELIVERED
17059,17,353,2023-02-21,2023-04-01,DELAYED
17060,11,328,2023-06-10,2023-06-17,DELIVERED
17061,2,177,2026-02-13,2026-03-10,DELAYED
17062,4,49,2023-04-09,2023-05-03,DELIVERED
17063,5,269,2024-03-17,2024-04-12,DELIVERED
17064,11,264,2024-12-06,2024-12-19,DELIVERED
17065,7,415,2023-08-04,2023-08-11,DELAYED
17066,9,89,2026-02-20,2026-03-04,DELIVERED
17067,3,83,2026-10-01,2026-10-20,DELAYED
17068,20,80,2026-01-09,2026-01-18,DELIVERED
17069,19,139,2024-11-19,2024-12-19,DELAYED
17070,6,164,2024-02-14,2024-03-09,IN_TRANSIT
17071,2,275,2024-06-06,2024-07-10,DELIVERED
17072,18,455,2024-01-16,2024-01-23,DELIVERED
17073,17,214,2026-01-04,2026-01-31,IN_TRANSIT
17074,10,230,2023-05-19,2023-06-12,DELIVERED
17075,16,386,2024-12-16,2025-01-19,DELIVERED
17076,6,108,2025-08-20,2025-09-13,DELIVERED
17077,5,450,2026-04-24,2026-05-16,DELIVERED
17078,4,20,2023-10-08,2023-10-19,DELIVERED
17079,6,353,2023-12-25,2024-01-22,DELAYED
17080,8,393,2026-06-04,2026-06-12,DELIVERED
17081,19,427,2024-10-16,2024-11-13,DELIVERED
17082,1,75,2024-07-02,2024-08-05,IN_TRANSIT
17083,18,185,2026-01-23,2026-02-23,DELIVERED
17084,11,158,2024-01-03,2024-02-07,DELIVERED
17085,9,238,2023-03-26,2023-04-01,DELIVERED
17086,5,345,2024-09-10,2024-09-18,DELIVERED
17087,8,22,2025-04-01,2025-05-04,DELIVERED
17088,7,408,2023-03-25,2023-04-12,DELIVERED
17089,6,106,2024-10-25,2024-11-22,DELIVERED
17090,4,472,2025-06-18,2025-07-01,DELIVERED
17091,17,336,2026-01-30,2026-02-08,DELAYED
17092,7,476,2025-02-20,2025-02-28,DELIVERED
17093,15,442,2026-07-10,2026-08-16,DELAYED
17094,6,10,2026-02-22,2026-03-01,DELIVERED
17095,1,454,2025-04-26,2025-05-16,DELIVERED
17096,5,144,2025-06-05,2025-06-11,IN_TRANSIT
17097,15,421,2024-06-08,2024-06-23,DELIVERED
17098,19,218,2024-02-01,2024-02-08,DELIVERED
17099,14,112,2025-03-18,2025-04-26,DELIVERED
17100,17,336,2025-07-28,2025-08-05,DELIVERED
17101,16,164,2023-01-14,2023-02-06,DELAYED
17102,20,206,2023-10-07,2023-10-30,DELIVERED
17103,18,406,2025-06-30,2025-07-29,DELIVERED
17104,10,408,2026-04-30,2026-06-04,DELAYED
17105,11,64,2023-04-26,2023-06-03,DELIVERED
17106,14,273,2025-11-06,2025-11-11,IN_TRANSIT
17107,13,311,2025-03-28,2025-04-12,DELIVERED
17108,15,282,2025-10-10,2025-10-15,DELIVERED
17109,12,82,2025-09-30,2025-10-11,DELIVERED
17110,19,493,2026-01-10,2026-02-18,DELIVERED
17111,17,436,2024-11-16,2024-12-04,DELAYED
17112,11,198,2023-10-19,2023-11-19,DELIVERED
17113,20,309,2025-07-12,2025-08-14,DELAYED
17114,1,38,2026-08-30,2026-10-01,DELIVERED
17115,10,337,2026-07-23,2026-08-12,DELIVERED
17116,2,423,2026-01-25,2026-02-20,DELIVERED
17117,15,432,2026-01-12,2026-02-01,DELIVERED
17118,14,82,2023-11-10,2023-12-03,DELAYED
17119,8,123,2026-09-29,2026-10-22,DELIVERED
17120,18,218,2024-11-05,2024-11-27,DELIVERED
17121,2,283,2023-07-11,2023-08-07,DELIVERED
17122,7,322,2023-09-10,2023-09-26,DELIVERED
17123,20,146,2023-08-08,2023-08-25,DELIVERED
17124,4,135,2026-06-16,2026-07-11,DELAYED
17125,18,113,2026-03-10,2026-03-19,IN_TRANSIT
17126,13,28,2025-05-15,2025-06-08,DELIVERED
17127,19,338,2025-04-02,2025-05-11,DELIVERED
17128,17,404,2024-07-01,2024-07-13,DELIVERED
17129,1,166,2025-11-03,2025-11-30,DELIVERED
17130,9,291,2023-05-26,2023-06-16,DELIVERED
17131,14,78,2024-01-16,2024-02-03,IN_TRANSIT
17132,19,393,2025-04-29,2025-05-19,DELIVERED
17133,1,175,2023-09-22,2023-10-19,DELIVERED
17134,19,290,2023-05-13,2023-06-20,DELIVERED
17135,11,81,2024-07-24,2024-08-14,DELIVERED
17136,13,258,2024-06-03,2024-07-09,DELIVERED
17137,9,41,2026-08-11,2026-08-27,IN_TRANSIT
17138,17,127,2023-05-21,2023-06-14,DELIVERED
17139,4,384,2024-08-29,2024-09-21,DELIVERED
17140,12,412,2026-01-29,2026-03-03,DELIVERED
17141,9,39,2026-03-07,2026-04-12,DELIVERED
17142,2,233,2026-07-08,2026-07-26,DELIVERED
17143,15,480,2023-12-21,2024-01-05,DELIVERED
17144,9,389,2023-06-17,2023-07-13,DELIVERED
17145,11,189,2026-02-01,2026-02-18,DELIVERED
17146,15,32,2026-09-27,2026-10-16,DELIVERED
17147,4,7,2025-01-01,2025-01-07,DELIVERED
17148,5,189,2024-03-15,2024-04-18,DELIVERED
17149,8,362,2026-07-26,2026-08-02,DELIVERED
17150,14,105,2024-02-20,2024-03-12,DELIVERED
17151,13,348,2024-03-10,2024-03-16,DELIVERED
17152,20,92,2023-03-12,2023-03-23,DELIVERED
17153,7,391,2024-02-10,2024-02-15,DELIVERED
17154,5,85,2026-06-03,2026-06-29,DELIVERED
17155,4,279,2024-03-02,2024-03-13,DELIVERED
17156,15,196,2023-08-19,2023-08-28,DELIVERED
17157,14,387,2025-04-13,2025-05-19,DELIVERED
17158,6,237,2023-03-12,2023-04-14,DELIVERED
17159,12,67,2025-10-13,2025-11-03,DELIVERED
17160,18,370,2024-07-11,2024-08-11,DELIVERED
17161,16,483,2025-10-21,2025-10-28,DELIVERED
17162,10,56,2024-04-02,2024-05-08,DELIVERED
17163,18,428,2025-12-21,2026-01-05,DELIVERED
17164,1,463,2025-11-10,2025-12-02,DELIVERED
17165,11,216,2024-02-17,2024-03-02,DELIVERED
17166,4,143,2025-10-16,2025-11-19,DELIVERED
17167,7,354,2023-10-04,2023-10-20,DELIVERED
17168,11,222,2026-04-16,2026-05-03,DELIVERED
17169,11,158,2025-12-14,2025-12-27,DELIVERED
17170,20,375,2024-08-30,2024-09-22,DELIVERED
17171,19,144,2025-02-16,2025-03-02,DELIVERED
17172,9,192,2023-06-22,2023-07-19,DELIVERED
17173,7,359,2024-01-27,2024-02-28,DELIVERED
17174,13,319,2025-02-26,2025-03-18,DELIVERED
17175,20,197,2026-01-26,2026-03-06,DELAYED
17176,19,68,2023-10-02,2023-10-25,DELIVERED
17177,10,343,2024-11-11,2024-11-17,DELIVERED
17178,16,318,2024-06-13,2024-07-22,DELIVERED
17179,10,330,2023-11-29,2024-01-03,DELIVERED
17180,8,340,2025-10-22,2025-11-24,DELIVERED
17181,9,392,2024-02-27,2024-03-30,DELIVERED
17182,14,422,2026-09-04,2026-09-15,DELIVERED
17183,6,239,2025-06-19,2025-07-02,DELIVERED
17184,7,299,2026-02-28,2026-04-01,DELIVERED
17185,13,392,2024-09-02,2024-09-27,DELIVERED
17186,11,414,2026-05-28,2026-06-12,IN_TRANSIT
17187,1,342,2024-04-08,2024-05-02,DELIVERED
17188,20,471,2025-01-03,2025-02-01,IN_TRANSIT
17189,11,239,2024-01-20,2024-02-02,DELIVERED
17190,20,286,2026-07-11,2026-08-19,DELIVERED
17191,1,98,2025-12-06,2025-12-29,DELIVERED
17192,13,215,2023-05-28,2023-06-03,DELIVERED
17193,7,265,2026-05-14,2026-06-05,IN_TRANSIT
17194,1,112,2023-03-30,2023-04-13,DELIVERED
17195,1,434,2024-02-24,2024-03-28,DELIVERED
17196,8,372,2025-08-27,2025-09-12,DELIVERED
17197,12,413,2025-04-30,2025-06-04,DELIVERED
17198,14,270,2025-11-18,2025-12-24,DELAYED
17199,3,459,2025-11-21,2025-12-20,IN_TRANSIT
17200,6,384,2024-09-23,2024-10-30,DELIVERED
17201,11,473,2025-01-14,2025-01-31,IN_TRANSIT
17202,6,46,2026-04-27,2026-05-13,DELIVERED
17203,9,54,2025-03-05,2025-03-22,DELIVERED
17204,11,189,2025-09-03,2025-09-08,DELIVERED
17205,14,99,2025-12-20,2026-01-05,DELIVERED
17206,1,430,2025-04-24,2025-05-11,DELIVERED
17207,14,479,2025-02-06,2025-03-04,DELIVERED
17208,7,389,2025-04-04,2025-04-25,DELIVERED
17209,2,178,2025-02-21,2025-03-12,DELAYED
17210,9,381,2026-09-13,2026-10-06,DELIVERED
17211,20,43,2024-03-07,2024-04-04,DELIVERED
17212,3,335,2023-02-25,2023-03-10,DELIVERED
17213,12,338,2025-04-10,2025-04-21,DELIVERED
17214,8,423,2025-08-21,2025-08-31,IN_TRANSIT
17215,18,477,2026-07-14,2026-07-21,DELAYED
17216,16,53,2025-07-08,2025-08-01,DELIVERED
17217,19,256,2025-08-06,2025-08-27,DELIVERED
17218,10,403,2025-07-18,2025-08-05,DELIVERED
17219,8,79,2024-12-18,2025-01-25,DELIVERED
17220,19,134,2024-07-26,2024-08-29,DELIVERED
17221,11,197,2023-02-15,2023-02-20,DELIVERED
17222,17,272,2023-12-03,2024-01-02,IN_TRANSIT
17223,17,204,2024-06-05,2024-06-23,DELIVERED
17224,13,223,2026-04-11,2026-04-30,DELIVERED
17225,18,68,2024-02-05,2024-03-02,DELIVERED
17226,8,204,2024-08-17,2024-09-11,DELIVERED
17227,16,159,2023-02-09,2023-02-17,DELIVERED
17228,18,102,2026-01-22,2026-02-02,DELIVERED
17229,10,482,2026-07-17,2026-08-21,DELIVERED
17230,20,203,2023-02-14,2023-03-01,DELIVERED
17231,19,267,2025-06-02,2025-06-19,DELAYED
17232,7,86,2025-02-12,2025-02-17,DELIVERED
17233,3,276,2025-11-13,2025-11-28,DELIVERED
17234,14,80,2026-05-16,2026-05-28,DELIVERED
17235,3,358,2025-02-04,2025-02-26,DELAYED
17236,8,249,2024-04-29,2024-06-02,DELIVERED
17237,7,405,2023-05-24,2023-06-10,IN_TRANSIT
17238,11,446,2025-03-15,2025-03-23,DELAYED
17239,4,319,2025-10-23,2025-11-10,DELIVERED
17240,13,319,2023-07-10,2023-07-31,DELIVERED
17241,16,342,2025-12-18,2026-01-19,DELIVERED
17242,13,206,2026-09-07,2026-09-29,DELIVERED
17243,9,14,2024-07-29,2024-08-12,IN_TRANSIT
17244,17,188,2023-06-24,2023-07-15,DELIVERED
17245,17,288,2024-06-10,2024-06-28,DELIVERED
17246,3,9,2023-01-09,2023-02-10,DELIVERED
17247,1,125,2024-09-26,2024-10-29,DELIVERED
17248,1,303,2025-10-27,2025-11-29,DELIVERED
17249,4,284,2025-03-13,2025-03-21,DELIVERED
17250,20,89,2024-03-26,2024-04-26,DELIVERED
17251,15,140,2023-04-22,2023-04-30,IN_TRANSIT
17252,7,341,2023-09-04,2023-09-19,DELIVERED
17253,14,460,2025-08-20,2025-09-23,DELIVERED
17254,5,247,2026-01-08,2026-02-15,DELIVERED
17255,2,67,2025-03-14,2025-04-07,DELIVERED
17256,3,467,2026-03-02,2026-03-27,DELIVERED
17257,3,154,2024-09-24,2024-09-30,DELIVERED
17258,11,168,2025-12-20,2026-01-17,DELIVERED
17259,14,417,2023-12-11,2023-12-24,DELAYED
17260,7,122,2025-02-19,2025-03-17,DELIVERED
17261,19,487,2024-08-16,2024-08-26,DELIVERED
17262,18,290,2026-08-31,2026-09-24,DELIVERED
17263,20,177,2023-04-19,2023-05-14,DELIVERED
17264,16,177,2026-06-01,2026-06-23,DELAYED
17265,11,393,2025-08-15,2025-08-26,DELIVERED
17266,10,438,2026-06-14,2026-07-14,DELIVERED
17267,20,326,2025-06-14,2025-07-12,DELIVERED
17268,2,241,2023-02-15,2023-03-22,DELIVERED
17269,9,285,2026-02-11,2026-03-18,DELIVERED
17270,12,174,2023-04-20,2023-05-23,DELIVERED
17271,20,363,2023-10-22,2023-11-02,DELIVERED
17272,5,427,2026-03-03,2026-04-01,DELIVERED
17273,15,492,2025-07-21,2025-08-12,DELIVERED
17274,13,476,2026-06-28,2026-07-07,DELIVERED
17275,18,457,2026-02-22,2026-04-02,DELIVERED
17276,7,255,2025-05-03,2025-05-24,DELIVERED
17277,15,197,2025-06-04,2025-06-15,DELIVERED
17278,18,485,2025-10-19,2025-11-04,DELIVERED
17279,14,421,2026-06-02,2026-06-25,DELIVERED
17280,14,261,2026-08-20,2026-09-01,IN_TRANSIT
17281,7,128,2025-09-23,2025-10-01,DELIVERED
17282,19,50,2025-05-03,2025-06-09,DELIVERED
17283,4,391,2025-06-13,2025-07-09,DELIVERED
17284,8,500,2025-07-04,2025-07-29,DELIVERED
17285,9,381,2025-03-06,2025-04-02,DELIVERED
17286,3,492,2024-06-06,2024-07-09,DELIVERED
17287,14,137,2023-07-10,2023-08-18,DELAYED
17288,17,5,2025-12-20,2026-01-25,DELIVERED
17289,8,458,2025-07-29,2025-08-20,DELIVERED
17290,15,269,2023-01-18,2023-02-16,IN_TRANSIT
17291,4,63,2024-03-06,2024-03-28,DELIVERED
17292,11,469,2024-09-09,2024-09-26,DELIVERED
17293,15,266,2025-07-19,2025-08-18,DELAYED
17294,10,444,2025-12-17,2026-01-03,DELIVERED
17295,8,153,2023-07-12,2023-08-01,DELAYED
17296,2,417,2023-03-10,2023-04-17,DELIVERED
17297,7,253,2026-01-13,2026-01-18,DELIVERED
17298,7,228,2024-09-26,2024-10-19,DELIVERED
17299,17,296,2026-08-09,2026-09-09,DELIVERED
17300,5,461,2026-04-10,2026-04-18,DELIVERED
17301,11,156,2024-08-29,2024-09-27,DELIVERED
17302,16,33,2023-03-22,2023-04-18,DELIVERED
17303,18,16,2026-05-05,2026-05-24,DELIVERED
17304,2,175,2025-02-12,2025-03-16,DELIVERED
17305,15,449,2023-05-14,2023-06-08,DELIVERED
17306,1,239,2025-08-01,2025-08-23,DELIVERED
17307,13,293,2024-10-04,2024-10-09,DELIVERED
17308,6,432,2025-07-15,2025-08-09,DELIVERED
17309,15,483,2024-01-28,2024-02-18,DELIVERED
17310,10,457,2023-07-05,2023-07-18,DELIVERED
17311,8,272,2024-12-16,2024-12-29,DELIVERED
17312,6,13,2025-10-18,2025-10-24,DELIVERED
17313,2,83,2024-02-27,2024-03-21,DELIVERED
17314,2,375,2023-08-10,2023-09-18,DELIVERED
17315,14,398,2025-03-01,2025-03-29,DELIVERED
17316,6,94,2023-05-10,2023-05-19,IN_TRANSIT
17317,7,113,2024-10-30,2024-11-09,DELIVERED
17318,16,434,2024-12-30,2025-01-29,DELIVERED
17319,2,81,2025-12-18,2026-01-16,IN_TRANSIT
17320,20,391,2025-06-05,2025-07-11,DELIVERED
17321,18,167,2023-05-28,2023-06-07,IN_TRANSIT
17322,4,461,2024-07-01,2024-08-09,DELIVERED
17323,5,434,2025-12-28,2026-01-26,DELAYED
17324,4,371,2025-05-22,2025-06-27,DELIVERED
17325,8,62,2023-09-09,2023-10-10,DELAYED
17326,17,227,2024-05-31,2024-06-15,DELIVERED
17327,6,255,2026-08-31,2026-09-10,DELIVERED
17328,12,442,2024-09-14,2024-10-17,IN_TRANSIT
17329,20,488,2026-02-27,2026-04-03,DELAYED
17330,16,396,2025-01-03,2025-02-03,DELIVERED
17331,2,153,2024-10-20,2024-11-22,DELIVERED
17332,5,427,2023-03-04,2023-04-03,DELIVERED
17333,6,63,2023-08-07,2023-09-10,DELIVERED
17334,5,123,2024-02-23,2024-04-02,DELIVERED
17335,19,180,2025-03-02,2025-03-16,DELIVERED
17336,14,305,2026-04-01,2026-04-09,IN_TRANSIT
17337,10,179,2023-09-24,2023-10-13,DELIVERED
17338,10,100,2025-04-11,2025-04-23,IN_TRANSIT
17339,20,250,2023-03-05,2023-03-29,DELIVERED
17340,17,20,2023-05-24,2023-05-31,DELIVERED
17341,9,478,2023-01-13,2023-02-10,DELIVERED
17342,12,373,2023-09-08,2023-09-29,DELIVERED
17343,12,30,2025-08-18,2025-09-20,DELIVERED
17344,20,237,2024-04-11,2024-05-18,DELIVERED
17345,17,371,2025-10-29,2025-11-07,DELIVERED
17346,7,105,2025-07-25,2025-08-26,DELIVERED
17347,8,350,2026-03-17,2026-04-16,DELIVERED
17348,13,368,2023-01-02,2023-01-31,DELIVERED
17349,12,297,2026-08-15,2026-09-17,DELIVERED
17350,3,46,2026-06-06,2026-07-13,DELIVERED
17351,1,371,2024-09-22,2024-10-25,DELIVERED
17352,7,137,2025-07-18,2025-08-22,DELIVERED
17353,14,378,2024-08-31,2024-09-05,DELIVERED
17354,18,131,2023-08-24,2023-09-13,DELIVERED
17355,6,373,2025-02-19,2025-03-08,DELIVERED
17356,9,75,2023-07-23,2023-08-26,DELIVERED
17357,8,212,2024-03-05,2024-03-15,IN_TRANSIT
17358,6,445,2025-01-08,2025-01-22,DELIVERED
17359,8,37,2026-05-29,2026-06-04,DELIVERED
17360,1,470,2024-12-28,2025-02-04,DELIVERED
17361,1,42,2025-08-09,2025-08-30,DELIVERED
17362,3,133,2024-04-07,2024-05-06,DELIVERED
17363,3,342,2024-07-21,2024-08-14,DELIVERED
17364,6,235,2025-12-08,2026-01-04,DELIVERED
17365,20,198,2023-02-13,2023-03-21,DELIVERED
17366,17,83,2025-09-14,2025-10-10,DELIVERED
17367,18,326,2024-07-21,2024-08-04,DELIVERED
17368,4,363,2024-08-12,2024-08-23,DELIVERED
17369,13,138,2024-10-12,2024-10-30,DELAYED
17370,10,26,2023-03-23,2023-04-09,DELIVERED
17371,9,369,2023-04-01,2023-05-03,DELIVERED
17372,20,326,2026-07-10,2026-07-28,DELIVERED
17373,4,187,2025-06-25,2025-07-26,DELIVERED
17374,8,1,2024-11-20,2024-12-12,DELAYED
17375,9,317,2026-01-19,2026-02-27,DELIVERED
17376,18,500,2026-09-22,2026-10-13,DELIVERED
17377,1,316,2026-03-07,2026-03-30,DELIVERED
17378,10,181,2025-11-24,2025-12-31,DELIVERED
17379,11,128,2025-12-11,2026-01-01,DELIVERED
17380,12,437,2023-10-16,2023-11-22,DELIVERED
17381,1,307,2025-12-29,2026-01-06,DELIVERED
17382,12,431,2026-09-29,2026-10-26,IN_TRANSIT
17383,6,460,2023-01-31,2023-02-25,IN_TRANSIT
17384,13,139,2023-01-17,2023-02-17,DELIVERED
17385,17,140,2026-01-02,2026-01-12,DELIVERED
17386,7,480,2025-03-04,2025-03-15,DELIVERED
17387,17,44,2023-04-04,2023-04-26,DELIVERED
17388,13,447,2023-11-09,2023-12-06,IN_TRANSIT
17389,11,111,2026-07-21,2026-08-06,DELAYED
17390,13,166,2025-09-21,2025-09-30,DELIVERED
17391,11,121,2024-05-28,2024-07-01,DELIVERED
17392,17,476,2024-10-01,2024-10-14,DELIVERED
17393,1,452,2025-08-02,2025-09-02,DELIVERED
17394,2,138,2024-05-17,2024-06-23,DELIVERED
17395,10,117,2023-01-24,2023-02-23,DELIVERED
17396,19,291,2025-06-08,2025-06-16,DELIVERED
17397,13,46,2023-05-21,2023-06-21,DELIVERED
17398,14,1,2026-05-23,2026-06-04,DELIVERED
17399,14,31,2024-07-05,2024-08-06,DELIVERED
17400,2,499,2025-07-03,2025-08-02,DELIVERED
17401,19,257,2023-06-21,2023-07-01,DELIVERED
17402,15,109,2025-02-08,2025-02-26,DELIVERED
17403,9,318,2024-09-21,2024-10-20,DELIVERED
17404,10,73,2023-09-06,2023-09-20,DELIVERED
17405,7,331,2024-05-04,2024-05-21,DELIVERED
17406,10,291,2023-05-19,2023-06-10,IN_TRANSIT
17407,6,3,2025-05-09,2025-06-09,DELIVERED
17408,1,97,2026-02-12,2026-03-14,DELIVERED
17409,19,484,2024-12-18,2025-01-20,DELIVERED
17410,9,369,2026-06-15,2026-06-26,DELIVERED
17411,1,246,2024-12-29,2025-01-22,DELIVERED
17412,3,148,2023-01-01,2023-01-09,IN_TRANSIT
17413,12,371,2025-05-19,2025-06-16,DELIVERED
17414,12,433,2025-12-22,2026-01-13,DELIVERED
17415,7,219,2026-01-20,2026-02-16,IN_TRANSIT
17416,6,158,2025-09-08,2025-09-24,DELIVERED
17417,8,479,2023-10-04,2023-10-29,DELIVERED
17418,14,267,2024-04-20,2024-05-11,DELIVERED
17419,2,13,2026-01-05,2026-01-23,IN_TRANSIT
17420,18,311,2025-10-30,2025-11-21,DELIVERED
17421,8,244,2026-04-22,2026-05-21,DELIVERED
17422,4,201,2025-01-31,2025-02-06,DELIVERED
17423,10,377,2023-08-20,2023-09-04,IN_TRANSIT
17424,4,138,2023-12-01,2023-12-29,DELAYED
17425,6,400,2026-06-06,2026-07-08,DELIVERED
17426,8,314,2026-01-12,2026-02-07,DELIVERED
17427,14,139,2025-05-23,2025-06-10,DELIVERED
17428,3,160,2024-07-04,2024-08-06,DELIVERED
17429,19,451,2023-10-19,2023-11-17,DELIVERED
17430,5,392,2023-05-06,2023-05-21,DELIVERED
17431,20,285,2025-07-29,2025-08-26,DELIVERED
17432,7,377,2025-05-17,2025-06-03,DELIVERED
17433,16,169,2025-03-11,2025-04-15,DELIVERED
17434,5,405,2023-05-15,2023-06-12,DELIVERED
17435,14,127,2025-01-15,2025-01-27,DELIVERED
17436,11,431,2024-11-02,2024-11-23,DELAYED
17437,3,145,2023-01-25,2023-01-31,DELIVERED
17438,12,421,2025-08-02,2025-09-09,DELIVERED
17439,13,496,2024-11-13,2024-12-14,IN_TRANSIT
17440,19,241,2024-04-20,2024-05-24,DELIVERED
17441,9,139,2025-01-26,2025-03-06,DELIVERED
17442,14,211,2025-11-29,2026-01-05,IN_TRANSIT
17443,1,35,2023-11-12,2023-11-19,DELIVERED
17444,19,412,2025-08-02,2025-08-17,DELIVERED
17445,9,157,2026-02-27,2026-03-22,DELIVERED
17446,16,135,2024-08-28,2024-09-03,DELIVERED
17447,20,218,2025-01-04,2025-01-16,DELIVERED
17448,7,313,2024-07-04,2024-08-07,DELIVERED
17449,15,131,2023-04-20,2023-05-09,DELIVERED
17450,15,24,2025-03-27,2025-04-18,IN_TRANSIT
17451,15,142,2024-10-30,2024-12-07,DELIVERED
17452,16,254,2023-12-19,2024-01-22,DELIVERED
17453,12,238,2024-12-08,2025-01-16,DELAYED
17454,10,145,2024-09-19,2024-09-25,DELIVERED
17455,19,321,2025-09-29,2025-11-04,DELIVERED
17456,3,139,2025-06-28,2025-07-25,DELIVERED
17457,16,93,2025-02-19,2025-03-23,IN_TRANSIT
17458,15,83,2025-11-03,2025-11-20,DELIVERED
17459,14,93,2024-10-03,2024-10-31,DELAYED
17460,17,338,2023-09-08,2023-10-09,DELIVERED
17461,8,242,2023-09-15,2023-10-12,DELIVERED
17462,13,46,2025-05-31,2025-06-11,DELIVERED
17463,14,479,2025-09-26,2025-10-01,DELIVERED
17464,1,422,2024-06-27,2024-07-19,IN_TRANSIT
17465,14,487,2024-07-15,2024-08-02,DELIVERED
17466,9,270,2023-11-01,2023-12-02,DELIVERED
17467,14,167,2024-07-05,2024-08-10,DELAYED
17468,4,154,2026-03-25,2026-04-04,DELIVERED
17469,1,449,2024-08-06,2024-09-04,DELIVERED
17470,13,378,2024-07-15,2024-08-19,DELIVERED
17471,2,208,2024-12-01,2024-12-19,DELIVERED
17472,11,356,2024-11-08,2024-12-11,DELIVERED
17473,3,237,2026-04-03,2026-04-10,DELIVERED
17474,17,451,2025-06-20,2025-07-27,DELIVERED
17475,5,249,2026-05-22,2026-05-29,DELIVERED
17476,6,250,2024-12-04,2025-01-10,DELIVERED
17477,12,229,2023-01-27,2023-02-06,DELAYED
17478,17,475,2024-01-10,2024-02-06,DELAYED
17479,8,217,2024-05-18,2024-06-03,IN_TRANSIT
17480,20,73,2026-05-07,2026-06-05,DELIVERED
17481,14,374,2026-05-01,2026-05-10,DELIVERED
17482,3,103,2024-10-22,2024-11-25,IN_TRANSIT
17483,15,372,2023-05-16,2023-06-09,DELIVERED
17484,3,457,2024-07-27,2024-09-03,DELIVERED
17485,11,492,2024-02-09,2024-02-19,IN_TRANSIT
17486,12,417,2025-06-05,2025-07-11,DELIVERED
17487,9,488,2025-12-10,2025-12-20,DELIVERED
17488,1,250,2024-11-12,2024-12-03,DELIVERED
17489,5,15,2025-05-01,2025-06-08,DELAYED
17490,8,452,2026-02-13,2026-03-24,DELIVERED
17491,5,282,2023-11-01,2023-11-12,DELIVERED
17492,16,27,2025-06-18,2025-06-30,DELIVERED
17493,17,21,2023-11-07,2023-12-10,DELIVERED
17494,3,198,2024-03-06,2024-04-10,DELIVERED
17495,18,285,2026-09-25,2026-10-26,DELIVERED
17496,3,477,2025-05-14,2025-05-28,DELIVERED
17497,11,313,2025-12-24,2026-01-31,DELIVERED
17498,1,241,2023-01-08,2023-02-09,DELIVERED
17499,16,79,2025-12-25,2026-01-26,DELIVERED
17500,18,467,2024-06-26,2024-07-12,DELIVERED
17501,15,301,2023-08-29,2023-10-07,DELIVERED
17502,4,393,2024-08-08,2024-08-22,DELIVERED
17503,6,4,2023-03-24,2023-04-10,DELIVERED
17504,5,157,2025-08-17,2025-09-02,DELIVERED
17505,3,6,2026-07-27,2026-08-22,DELIVERED
17506,14,468,2025-08-17,2025-09-05,DELIVERED
17507,14,482,2023-05-09,2023-05-14,DELIVERED
17508,11,472,2025-09-29,2025-10-14,DELIVERED
17509,9,378,2024-10-25,2024-11-07,DELAYED
17510,13,294,2025-11-02,2025-11-23,DELIVERED
17511,5,241,2026-09-16,2026-09-26,IN_TRANSIT
17512,20,213,2023-11-11,2023-12-07,DELIVERED
17513,12,354,2025-01-31,2025-02-09,DELAYED
17514,19,476,2023-11-13,2023-12-10,DELIVERED
17515,9,132,2025-04-21,2025-05-12,DELIVERED
17516,5,198,2023-03-26,2023-04-18,DELIVERED
17517,19,198,2025-11-03,2025-11-30,DELIVERED
17518,13,424,2026-03-23,2026-04-05,DELAYED
17519,18,405,2024-02-16,2024-03-17,DELIVERED
17520,10,361,2024-01-07,2024-02-07,DELIVERED
17521,2,384,2023-05-09,2023-05-26,DELIVERED
17522,9,247,2026-04-08,2026-04-25,DELIVERED
17523,20,5,2025-01-23,2025-02-10,DELIVERED
17524,18,225,2025-11-25,2025-12-22,DELIVERED
17525,11,484,2023-12-16,2023-12-30,DELIVERED
17526,17,14,2023-12-12,2023-12-21,DELIVERED
17527,20,349,2026-05-17,2026-05-22,DELAYED
17528,4,347,2024-10-23,2024-11-18,DELIVERED
17529,1,468,2024-01-14,2024-01-23,DELIVERED
17530,19,461,2025-08-21,2025-09-04,DELIVERED
17531,15,348,2023-12-07,2023-12-14,DELIVERED
17532,4,45,2024-12-26,2025-01-24,DELIVERED
17533,19,189,2025-07-13,2025-08-19,DELIVERED
17534,18,286,2025-10-26,2025-11-19,DELAYED
17535,11,245,2024-05-26,2024-06-27,DELIVERED
17536,8,215,2024-09-18,2024-10-05,DELIVERED
17537,14,406,2026-03-01,2026-03-26,DELIVERED
17538,10,23,2023-07-31,2023-08-27,DELIVERED
17539,20,237,2026-09-22,2026-10-28,DELIVERED
17540,12,45,2023-09-01,2023-09-09,DELIVERED
17541,5,431,2023-03-17,2023-04-01,DELIVERED
17542,18,310,2024-06-30,2024-07-05,DELIVERED
17543,19,483,2024-11-10,2024-12-14,DELIVERED
17544,8,285,2023-07-03,2023-07-22,DELIVERED
17545,3,184,2023-07-26,2023-08-31,DELIVERED
17546,20,41,2023-04-11,2023-04-26,DELIVERED
17547,8,91,2026-01-02,2026-02-03,DELIVERED
17548,20,273,2023-03-03,2023-03-16,DELIVERED
17549,13,173,2026-08-12,2026-08-17,DELIVERED
17550,7,86,2024-11-28,2025-01-05,DELIVERED
17551,15,16,2024-12-16,2025-01-01,DELIVERED
17552,20,467,2023-08-25,2023-10-03,DELIVERED
17553,20,360,2026-06-08,2026-06-14,DELIVERED
17554,7,346,2023-04-04,2023-04-21,DELAYED
17555,10,180,2023-12-20,2024-01-07,DELIVERED
17556,7,269,2026-08-23,2026-09-30,DELIVERED
17557,14,206,2025-10-18,2025-11-26,DELIVERED
17558,3,491,2023-03-20,2023-04-12,DELIVERED
17559,3,61,2023-05-01,2023-05-28,DELIVERED
17560,6,73,2023-02-14,2023-02-19,DELIVERED
17561,18,260,2023-08-14,2023-09-19,DELIVERED
17562,7,86,2024-07-19,2024-08-21,DELIVERED
17563,6,88,2025-06-02,2025-07-11,DELIVERED
17564,14,30,2025-02-13,2025-03-02,DELAYED
17565,9,163,2024-05-30,2024-07-02,IN_TRANSIT
17566,5,455,2024-08-08,2024-08-16,IN_TRANSIT
17567,18,415,2026-02-13,2026-03-22,DELIVERED
17568,7,33,2025-10-21,2025-11-27,DELIVERED
17569,7,78,2024-05-01,2024-06-06,DELIVERED
17570,11,386,2026-02-22,2026-03-10,DELAYED
17571,15,279,2025-05-31,2025-06-08,DELIVERED
17572,6,84,2026-01-06,2026-01-22,IN_TRANSIT
17573,15,29,2024-11-28,2024-12-03,DELIVERED
17574,3,134,2023-07-08,2023-08-11,DELIVERED
17575,14,147,2024-09-30,2024-11-06,DELIVERED
17576,9,480,2023-08-11,2023-09-03,DELAYED
17577,1,332,2024-07-02,2024-08-08,DELIVERED
17578,20,356,2026-07-19,2026-08-22,DELIVERED
17579,14,373,2023-05-14,2023-06-21,DELIVERED
17580,14,170,2026-03-10,2026-04-16,DELIVERED
17581,18,402,2025-10-19,2025-11-16,DELIVERED
17582,11,211,2026-08-06,2026-08-27,DELIVERED
17583,20,355,2023-01-20,2023-02-15,IN_TRANSIT
17584,12,27,2024-08-09,2024-09-02,DELIVERED
17585,12,319,2025-04-10,2025-04-19,DELIVERED
17586,17,177,2026-06-30,2026-07-07,DELIVERED
17587,7,106,2024-05-23,2024-07-01,DELIVERED
17588,17,397,2025-09-22,2025-10-20,DELIVERED
17589,19,256,2025-01-18,2025-02-18,DELIVERED
17590,18,465,2023-08-09,2023-09-09,DELIVERED
17591,7,80,2023-08-12,2023-08-26,DELIVERED
17592,5,59,2026-07-05,2026-08-01,DELIVERED
17593,8,158,2025-04-13,2025-05-09,DELIVERED
17594,1,197,2024-06-01,2024-06-18,DELIVERED
17595,8,58,2024-04-18,2024-05-10,DELAYED
17596,13,391,2026-08-16,2026-08-23,DELIVERED
17597,7,417,2026-03-18,2026-04-03,DELIVERED
17598,5,302,2025-02-12,2025-03-20,DELAYED
17599,10,312,2025-03-10,2025-03-30,DELIVERED
17600,11,237,2023-03-01,2023-03-06,DELIVERED
17601,20,180,2025-08-08,2025-09-14,DELIVERED
17602,17,72,2023-12-23,2024-01-08,DELAYED
17603,19,294,2023-03-31,2023-04-25,DELAYED
17604,17,365,2025-10-28,2025-11-17,DELIVERED
17605,8,47,2025-06-11,2025-06-25,IN_TRANSIT
17606,16,266,2023-08-11,2023-08-25,DELIVERED
17607,1,16,2024-06-12,2024-06-23,DELIVERED
17608,18,392,2023-05-27,2023-06-25,DELIVERED
17609,2,150,2024-08-15,2024-09-05,DELIVERED
17610,2,193,2024-10-23,2024-10-28,DELIVERED
17611,20,308,2023-04-21,2023-05-21,DELIVERED
17612,6,43,2023-03-10,2023-04-12,DELIVERED
17613,18,104,2024-02-07,2024-02-27,DELIVERED
17614,12,218,2023-07-12,2023-08-11,DELIVERED
17615,19,250,2025-06-04,2025-06-25,DELIVERED
17616,14,29,2023-08-17,2023-09-06,DELIVERED
17617,10,141,2025-12-02,2026-01-07,DELIVERED
17618,17,292,2023-04-29,2023-05-27,IN_TRANSIT
17619,20,272,2023-02-17,2023-03-11,DELIVERED
17620,1,167,2024-03-11,2024-04-12,DELIVERED
17621,15,258,2024-04-28,2024-05-16,DELIVERED
17622,18,218,2023-03-23,2023-04-23,DELIVERED
17623,15,62,2023-08-06,2023-08-25,DELIVERED
17624,10,215,2023-06-18,2023-07-09,DELIVERED
17625,10,50,2024-06-08,2024-07-16,DELIVERED
17626,2,131,2023-01-22,2023-02-20,DELIVERED
17627,2,494,2023-12-08,2023-12-26,DELIVERED
17628,4,341,2024-08-18,2024-09-13,DELIVERED
17629,13,498,2026-03-03,2026-04-09,DELAYED
17630,1,430,2025-03-13,2025-04-05,DELIVERED
17631,15,172,2025-08-29,2025-09-28,DELIVERED
17632,2,443,2026-05-23,2026-06-23,IN_TRANSIT
17633,1,449,2024-10-07,2024-10-23,DELAYED
17634,17,328,2023-06-03,2023-06-17,DELIVERED
17635,18,298,2025-07-08,2025-08-13,DELIVERED
17636,18,194,2023-07-14,2023-07-28,DELIVERED
17637,2,347,2023-07-16,2023-07-29,DELIVERED
17638,1,183,2025-08-26,2025-09-07,DELIVERED
17639,5,134,2026-05-14,2026-06-07,DELAYED
17640,4,372,2025-11-03,2025-11-25,DELIVERED
17641,7,380,2023-12-08,2023-12-29,DELIVERED
17642,5,338,2025-04-01,2025-05-01,IN_TRANSIT
17643,15,250,2024-07-14,2024-08-11,DELAYED
17644,4,447,2024-06-27,2024-07-22,DELIVERED
17645,10,379,2023-01-05,2023-01-18,DELIVERED
17646,1,408,2026-08-24,2026-08-30,DELIVERED
17647,8,376,2024-08-13,2024-09-20,IN_TRANSIT
17648,16,148,2023-12-25,2024-01-22,DELIVERED
17649,20,8,2025-01-23,2025-02-06,DELIVERED
17650,12,204,2025-04-01,2025-04-20,DELIVERED
17651,9,187,2025-07-18,2025-08-21,DELAYED
17652,18,114,2025-09-21,2025-10-06,DELIVERED
17653,6,143,2023-11-20,2023-12-23,DELIVERED
17654,10,158,2026-08-28,2026-09-29,DELIVERED
17655,16,437,2024-07-29,2024-08-20,DELIVERED
17656,5,53,2025-08-22,2025-08-30,DELIVERED
17657,3,223,2024-08-13,2024-08-29,DELIVERED
17658,17,75,2026-08-07,2026-09-08,DELIVERED
17659,11,449,2024-09-11,2024-10-19,DELIVERED
17660,18,154,2025-08-04,2025-08-23,DELIVERED
17661,13,276,2025-03-21,2025-04-06,DELIVERED
17662,8,345,2023-01-15,2023-01-27,DELIVERED
17663,7,428,2024-04-09,2024-05-06,DELIVERED
17664,2,7,2026-04-18,2026-05-13,DELIVERED
17665,16,75,2025-04-26,2025-05-20,DELIVERED
17666,15,337,2023-10-12,2023-11-04,DELIVERED
17667,4,49,2024-04-13,2024-05-13,DELIVERED
17668,5,193,2023-06-02,2023-07-08,DELIVERED
17669,8,367,2026-04-20,2026-05-05,DELIVERED
17670,9,90,2025-03-10,2025-03-21,DELAYED
17671,20,366,2025-08-04,2025-09-10,DELAYED
17672,2,431,2023-10-25,2023-11-17,DELIVERED
17673,2,413,2025-03-24,2025-03-31,IN_TRANSIT
17674,9,135,2025-05-01,2025-05-06,DELIVERED
17675,15,253,2025-03-27,2025-05-01,DELIVERED
17676,9,449,2024-12-31,2025-01-13,DELIVERED
17677,3,434,2024-03-21,2024-04-29,DELIVERED
17678,16,289,2025-08-19,2025-08-24,DELIVERED
17679,2,387,2023-01-18,2023-02-08,DELIVERED
17680,1,128,2025-01-16,2025-01-21,DELIVERED
17681,9,461,2024-05-10,2024-06-12,DELIVERED
17682,11,13,2023-09-14,2023-10-14,DELIVERED
17683,19,390,2023-05-31,2023-07-07,DELIVERED
17684,15,303,2025-03-09,2025-03-21,DELIVERED
17685,12,408,2025-12-23,2026-01-23,DELIVERED
17686,20,311,2026-03-18,2026-04-23,DELIVERED
17687,16,188,2025-09-11,2025-09-20,DELAYED
17688,1,7,2023-11-14,2023-12-01,DELIVERED
17689,5,201,2026-02-21,2026-03-02,DELIVERED
17690,17,493,2025-06-24,2025-07-31,DELAYED
17691,16,202,2023-08-05,2023-08-19,DELIVERED
17692,14,45,2025-01-26,2025-02-18,DELIVERED
17693,14,314,2026-07-06,2026-07-12,DELIVERED
17694,6,55,2025-04-10,2025-05-07,DELIVERED
17695,14,1,2026-06-01,2026-07-06,DELIVERED
17696,8,161,2023-04-13,2023-05-14,IN_TRANSIT
17697,16,269,2024-12-25,2025-01-24,DELIVERED
17698,13,353,2025-11-26,2026-01-03,DELAYED
17699,5,326,2026-06-06,2026-06-22,DELIVERED
17700,3,283,2024-01-31,2024-02-14,DELAYED
17701,19,333,2025-10-22,2025-11-20,DELIVERED
17702,11,430,2023-01-15,2023-02-04,DELIVERED
17703,11,49,2025-01-07,2025-01-27,IN_TRANSIT
17704,15,440,2025-06-19,2025-06-28,DELIVERED
17705,1,153,2024-10-11,2024-11-01,DELAYED
17706,5,259,2024-04-24,2024-05-30,DELAYED
17707,12,253,2023-03-20,2023-04-14,IN_TRANSIT
17708,17,308,2026-02-21,2026-03-05,DELIVERED
17709,7,9,2025-08-15,2025-08-30,DELIVERED
17710,6,51,2024-12-24,2025-02-01,DELIVERED
17711,1,345,2025-10-29,2025-11-20,IN_TRANSIT
17712,15,352,2026-05-26,2026-06-14,DELAYED
17713,12,132,2023-02-21,2023-03-14,DELIVERED
17714,2,492,2023-06-05,2023-06-14,DELIVERED
17715,7,376,2026-09-26,2026-10-30,DELAYED
17716,9,208,2024-11-18,2024-11-28,DELIVERED
17717,16,314,2025-08-18,2025-09-01,DELIVERED
17718,6,179,2025-11-21,2025-12-01,DELIVERED
17719,20,382,2023-11-30,2023-12-28,DELIVERED
17720,11,197,2024-03-02,2024-03-09,DELIVERED
17721,10,207,2025-03-21,2025-04-20,DELIVERED
17722,16,487,2023-11-05,2023-11-30,DELAYED
17723,18,55,2025-07-13,2025-07-26,DELIVERED
17724,3,315,2023-06-10,2023-07-02,DELAYED
17725,17,486,2025-06-06,2025-06-20,DELIVERED
17726,15,211,2026-02-21,2026-03-15,DELIVERED
17727,2,79,2025-07-08,2025-07-19,DELAYED
17728,19,63,2025-12-30,2026-01-14,DELIVERED
17729,6,74,2025-02-20,2025-03-04,DELIVERED
17730,17,339,2026-07-07,2026-08-14,IN_TRANSIT
17731,10,396,2025-05-10,2025-06-04,DELIVERED
17732,17,173,2025-09-14,2025-09-21,DELIVERED
17733,10,248,2025-02-08,2025-03-05,DELIVERED
17734,13,207,2023-02-09,2023-02-26,DELIVERED
17735,8,455,2026-08-21,2026-09-11,IN_TRANSIT
17736,18,84,2024-10-01,2024-10-20,DELIVERED
17737,9,147,2023-01-03,2023-02-10,DELIVERED
17738,6,9,2024-12-06,2024-12-31,DELAYED
17739,4,64,2026-09-27,2026-10-28,IN_TRANSIT
17740,17,85,2026-01-29,2026-02-27,DELIVERED
17741,11,137,2025-10-19,2025-10-29,DELIVERED
17742,4,40,2026-01-02,2026-01-15,DELIVERED
17743,15,92,2026-07-08,2026-07-30,DELIVERED
17744,9,498,2024-05-16,2024-06-14,DELIVERED
17745,2,38,2024-03-20,2024-03-25,DELIVERED
17746,6,289,2026-06-27,2026-07-29,DELAYED
17747,15,251,2024-03-13,2024-04-17,DELIVERED
17748,13,475,2026-03-17,2026-03-24,DELIVERED
17749,20,443,2024-08-02,2024-08-28,DELIVERED
17750,8,129,2025-12-13,2025-12-31,DELIVERED
17751,3,90,2025-07-06,2025-08-14,DELAYED
17752,14,174,2026-01-21,2026-02-22,DELIVERED
17753,18,224,2023-07-02,2023-07-30,IN_TRANSIT
17754,12,450,2024-07-24,2024-08-03,DELIVERED
17755,14,208,2025-12-02,2025-12-13,DELIVERED
17756,17,84,2026-01-27,2026-03-01,DELAYED
17757,5,150,2024-09-05,2024-10-04,DELIVERED
17758,17,495,2023-01-28,2023-02-24,DELIVERED
17759,16,263,2024-04-01,2024-04-14,DELIVERED
17760,3,472,2024-06-30,2024-07-11,DELIVERED
17761,3,199,2024-09-21,2024-10-26,DELIVERED
17762,3,267,2024-03-26,2024-04-14,DELIVERED
17763,7,336,2024-03-16,2024-03-23,DELIVERED
17764,5,436,2023-03-13,2023-03-24,DELIVERED
17765,1,212,2025-07-17,2025-08-05,DELIVERED
17766,14,14,2023-09-06,2023-09-19,DELAYED
17767,1,26,2024-12-09,2024-12-22,DELIVERED
17768,14,325,2025-05-12,2025-05-31,DELAYED
17769,2,141,2024-03-02,2024-03-31,IN_TRANSIT
17770,14,174,2024-06-20,2024-07-23,DELIVERED
17771,11,309,2023-06-15,2023-07-04,IN_TRANSIT
17772,10,263,2024-12-16,2025-01-19,DELAYED
17773,1,323,2024-10-16,2024-11-04,DELIVERED
17774,15,92,2023-03-19,2023-04-19,DELAYED
17775,9,159,2026-03-04,2026-03-27,IN_TRANSIT
17776,9,225,2023-08-05,2023-08-17,DELIVERED
17777,4,196,2023-02-22,2023-03-19,DELIVERED
17778,2,404,2025-12-31,2026-02-08,IN_TRANSIT
17779,18,138,2024-02-04,2024-02-27,DELAYED
17780,16,69,2023-10-24,2023-10-29,DELIVERED
17781,18,491,2024-12-31,2025-01-21,DELIVERED
17782,10,381,2023-10-16,2023-10-26,DELIVERED
17783,19,30,2023-11-09,2023-11-20,DELIVERED
17784,6,384,2023-07-05,2023-08-10,DELIVERED
17785,1,34,2025-11-09,2025-12-17,DELAYED
17786,15,280,2023-12-28,2024-01-23,DELIVERED
17787,18,50,2024-10-21,2024-11-29,DELIVERED
17788,10,434,2026-07-12,2026-08-02,DELIVERED
17789,6,106,2025-06-18,2025-06-26,DELIVERED
17790,19,245,2023-03-31,2023-05-05,DELIVERED
17791,8,350,2025-08-15,2025-09-11,IN_TRANSIT
17792,11,465,2024-07-15,2024-08-18,DELIVERED
17793,18,250,2026-01-11,2026-01-23,DELIVERED
17794,16,86,2024-09-15,2024-10-09,DELIVERED
17795,2,180,2023-05-25,2023-06-10,DELIVERED
17796,18,364,2026-09-22,2026-10-02,DELIVERED
17797,5,431,2025-03-21,2025-04-24,IN_TRANSIT
17798,10,82,2025-04-19,2025-04-30,DELIVERED
17799,5,273,2023-03-29,2023-04-17,DELIVERED
17800,7,50,2023-07-13,2023-07-23,DELIVERED
17801,6,74,2025-03-14,2025-04-11,IN_TRANSIT
17802,18,432,2026-03-31,2026-04-26,DELIVERED
17803,11,130,2023-09-11,2023-10-01,IN_TRANSIT
17804,15,113,2023-03-03,2023-03-29,DELAYED
17805,17,372,2026-04-11,2026-05-03,DELIVERED
17806,14,433,2026-02-18,2026-03-21,DELIVERED
17807,9,449,2024-12-24,2025-01-20,DELAYED
17808,11,368,2023-03-22,2023-03-30,DELAYED
17809,7,402,2025-06-30,2025-07-15,DELIVERED
17810,5,192,2026-09-07,2026-09-29,IN_TRANSIT
17811,4,425,2024-10-20,2024-11-11,DELIVERED
17812,17,29,2023-03-30,2023-04-14,DELIVERED
17813,4,454,2023-08-20,2023-08-27,DELIVERED
17814,6,147,2024-05-21,2024-05-26,DELIVERED
17815,7,59,2025-02-16,2025-03-07,DELIVERED
17816,12,376,2023-06-26,2023-07-09,IN_TRANSIT
17817,15,270,2024-03-14,2024-03-22,DELIVERED
17818,16,64,2023-03-23,2023-04-15,DELIVERED
17819,17,29,2023-11-25,2023-12-03,DELIVERED
17820,9,468,2024-10-22,2024-11-24,IN_TRANSIT
17821,14,403,2025-12-12,2026-01-08,DELIVERED
17822,4,19,2023-04-03,2023-05-07,DELIVERED
17823,15,55,2024-11-05,2024-11-28,DELIVERED
17824,20,104,2024-04-26,2024-05-10,DELIVERED
17825,6,174,2025-07-12,2025-08-19,IN_TRANSIT
17826,18,117,2025-11-08,2025-11-25,DELIVERED
17827,4,365,2024-09-15,2024-10-07,DELIVERED
17828,4,144,2024-06-13,2024-07-13,DELIVERED
17829,20,160,2024-06-16,2024-07-01,DELIVERED
17830,20,242,2024-02-27,2024-03-31,DELIVERED
17831,16,383,2026-01-08,2026-01-20,DELIVERED
17832,18,88,2026-04-26,2026-05-17,IN_TRANSIT
17833,1,346,2026-07-11,2026-08-14,DELIVERED
17834,10,170,2023-03-07,2023-04-07,DELIVERED
17835,15,5,2023-04-23,2023-05-04,DELIVERED
17836,3,227,2024-08-26,2024-09-20,DELIVERED
17837,15,295,2026-01-22,2026-01-29,DELIVERED
17838,10,66,2023-07-28,2023-08-06,IN_TRANSIT
17839,12,459,2024-02-02,2024-02-18,DELIVERED
17840,14,418,2025-11-13,2025-12-11,DELIVERED
17841,9,290,2026-03-09,2026-04-10,DELIVERED
17842,12,490,2024-12-20,2025-01-11,DELIVERED
17843,17,446,2024-10-18,2024-11-17,DELIVERED
17844,20,451,2026-01-30,2026-02-17,DELIVERED
17845,3,417,2023-05-06,2023-06-01,DELIVERED
17846,18,146,2025-11-16,2025-11-28,DELIVERED
17847,15,232,2023-10-11,2023-11-04,DELIVERED
17848,9,237,2024-10-02,2024-11-03,DELIVERED
17849,13,101,2024-08-25,2024-09-07,DELIVERED
17850,18,267,2024-04-04,2024-04-20,DELIVERED
17851,4,22,2023-12-29,2024-01-20,DELIVERED
17852,5,294,2025-09-27,2025-11-01,DELAYED
17853,10,97,2025-01-08,2025-02-05,DELIVERED
17854,12,14,2024-08-28,2024-09-26,DELIVERED
17855,1,467,2023-04-29,2023-05-14,DELIVERED
17856,7,40,2025-01-04,2025-01-28,DELIVERED
17857,1,152,2023-05-13,2023-06-04,DELIVERED
17858,3,81,2024-02-28,2024-03-17,DELIVERED
17859,4,372,2026-05-26,2026-06-09,DELIVERED
17860,1,351,2025-03-20,2025-03-28,DELIVERED
17861,4,213,2026-01-15,2026-01-28,DELIVERED
17862,5,298,2026-09-16,2026-10-09,DELIVERED
17863,16,380,2024-06-05,2024-06-29,DELAYED
17864,19,134,2025-02-18,2025-03-19,DELAYED
17865,8,209,2025-03-08,2025-04-05,DELIVERED
17866,6,164,2025-05-04,2025-05-11,DELIVERED
17867,20,242,2025-04-02,2025-04-12,DELIVERED
17868,12,4,2023-10-14,2023-11-21,DELIVERED
17869,7,161,2026-05-31,2026-07-09,DELIVERED
17870,19,405,2025-12-23,2026-01-29,DELIVERED
17871,11,373,2026-08-10,2026-08-22,DELIVERED
17872,3,136,2025-06-15,2025-07-14,DELIVERED
17873,8,160,2023-12-14,2023-12-22,DELIVERED
17874,4,90,2025-05-13,2025-05-23,IN_TRANSIT
17875,12,24,2026-07-07,2026-08-13,DELIVERED
17876,20,315,2026-03-28,2026-04-20,DELIVERED
17877,20,432,2025-07-18,2025-08-13,DELIVERED
17878,10,147,2025-07-04,2025-08-01,DELIVERED
17879,1,424,2025-06-21,2025-06-26,DELIVERED
17880,5,23,2024-09-10,2024-09-30,DELIVERED
17881,10,44,2025-10-31,2025-11-06,DELIVERED
17882,15,492,2025-02-03,2025-02-16,DELIVERED
17883,15,219,2025-05-19,2025-06-22,DELIVERED
17884,8,60,2024-07-12,2024-08-17,DELIVERED
17885,18,277,2024-06-05,2024-06-25,DELIVERED
17886,17,125,2024-01-03,2024-02-11,DELAYED
17887,3,113,2026-03-29,2026-05-06,DELIVERED
17888,3,248,2023-07-03,2023-07-26,DELIVERED
17889,13,293,2026-04-23,2026-05-30,DELIVERED
17890,14,266,2024-07-02,2024-07-30,DELIVERED
17891,3,426,2024-11-23,2024-12-13,DELIVERED
17892,5,258,2023-08-24,2023-09-04,DELIVERED
17893,1,113,2024-06-16,2024-07-23,DELIVERED
17894,17,352,2025-05-17,2025-06-19,DELIVERED
17895,14,146,2023-07-10,2023-07-24,DELIVERED
17896,3,260,2023-08-27,2023-09-09,DELIVERED
17897,12,35,2025-04-29,2025-05-13,DELAYED
17898,9,187,2023-05-21,2023-06-15,DELIVERED
17899,18,190,2025-04-25,2025-05-14,DELAYED
17900,2,22,2025-12-12,2025-12-22,DELAYED
17901,8,264,2023-11-07,2023-11-25,DELIVERED
17902,12,177,2026-04-12,2026-04-17,DELIVERED
17903,3,135,2023-05-01,2023-06-04,DELIVERED
17904,15,170,2026-01-17,2026-01-28,DELAYED
17905,15,370,2023-06-24,2023-07-18,DELIVERED
17906,7,308,2025-02-11,2025-03-10,IN_TRANSIT
17907,19,434,2024-03-19,2024-04-20,DELIVERED
17908,16,376,2026-04-19,2026-05-22,DELIVERED
17909,2,266,2023-11-10,2023-12-05,DELIVERED
17910,7,99,2024-03-02,2024-04-10,DELIVERED
17911,14,294,2024-12-27,2025-01-05,DELIVERED
17912,12,242,2025-05-16,2025-06-21,DELIVERED
17913,1,307,2023-04-12,2023-04-23,DELIVERED
17914,1,370,2025-11-21,2025-12-14,DELIVERED
17915,13,454,2024-07-22,2024-08-27,DELIVERED
17916,17,445,2025-08-29,2025-09-21,DELIVERED
17917,18,53,2025-07-18,2025-07-30,DELIVERED
17918,18,155,2025-05-02,2025-05-22,DELIVERED
17919,20,394,2026-07-14,2026-07-20,DELAYED
17920,14,299,2024-07-07,2024-07-14,DELAYED
17921,8,422,2025-10-28,2025-11-22,DELIVERED
17922,18,274,2025-04-15,2025-05-10,DELIVERED
17923,16,445,2025-09-26,2025-10-12,DELIVERED
17924,6,292,2023-01-01,2023-02-06,DELAYED
17925,7,157,2026-03-01,2026-04-09,IN_TRANSIT
17926,8,447,2023-01-23,2023-02-17,DELIVERED
17927,6,449,2023-03-29,2023-04-14,DELIVERED
17928,3,408,2023-03-03,2023-03-31,DELIVERED
17929,2,453,2026-07-15,2026-08-23,DELIVERED
17930,19,292,2024-10-10,2024-11-11,DELIVERED
17931,6,309,2025-12-28,2026-01-11,IN_TRANSIT
17932,15,338,2025-09-23,2025-10-07,DELIVERED
17933,5,312,2024-11-14,2024-12-19,DELIVERED
17934,1,301,2026-05-03,2026-05-16,DELIVERED
17935,4,371,2023-04-03,2023-04-20,DELIVERED
17936,2,16,2023-09-12,2023-10-21,DELIVERED
17937,19,218,2023-11-19,2023-11-28,DELIVERED
17938,7,14,2024-03-18,2024-04-16,DELIVERED
17939,11,87,2026-01-22,2026-03-02,DELIVERED
17940,20,32,2025-04-03,2025-04-09,DELIVERED
17941,16,477,2025-11-17,2025-12-10,DELIVERED
17942,4,301,2024-12-11,2024-12-27,DELIVERED
17943,6,184,2024-06-19,2024-07-27,DELIVERED
17944,14,274,2024-09-05,2024-09-27,DELIVERED
17945,4,151,2023-12-12,2023-12-22,DELIVERED
17946,16,443,2025-06-07,2025-07-03,DELIVERED
17947,10,484,2023-11-06,2023-11-15,IN_TRANSIT
17948,7,498,2024-09-16,2024-09-25,DELIVERED
17949,5,63,2023-11-06,2023-11-21,DELAYED
17950,14,149,2023-11-05,2023-11-23,DELIVERED
17951,7,68,2025-09-02,2025-09-25,IN_TRANSIT
17952,1,285,2024-02-26,2024-03-05,DELIVERED
17953,2,414,2023-09-01,2023-09-08,DELIVERED
17954,17,171,2026-04-24,2026-05-17,DELIVERED
17955,7,285,2023-01-12,2023-02-18,DELIVERED
17956,16,392,2024-03-17,2024-04-06,DELIVERED
17957,6,187,2024-03-19,2024-04-03,DELIVERED
17958,9,256,2023-11-05,2023-11-29,DELAYED
17959,14,142,2026-01-24,2026-02-26,DELIVERED
17960,7,334,2023-08-26,2023-09-14,IN_TRANSIT
17961,3,56,2026-01-26,2026-02-17,DELIVERED
17962,18,58,2025-03-27,2025-04-28,DELIVERED
17963,14,278,2025-06-18,2025-07-07,DELIVERED
17964,15,81,2026-01-10,2026-01-31,DELIVERED
17965,11,411,2024-11-24,2024-12-12,DELIVERED
17966,3,43,2023-09-15,2023-10-14,DELIVERED
17967,6,79,2023-10-01,2023-10-29,DELIVERED
17968,16,140,2024-10-25,2024-11-22,DELAYED
17969,7,107,2026-08-28,2026-09-18,DELIVERED
17970,18,426,2023-05-04,2023-05-16,DELIVERED
17971,11,337,2025-01-22,2025-02-02,DELAYED
17972,6,463,2026-03-20,2026-04-12,IN_TRANSIT
17973,9,207,2023-05-02,2023-05-13,DELIVERED
17974,4,429,2024-07-05,2024-07-27,IN_TRANSIT
17975,15,184,2024-04-01,2024-05-08,DELIVERED
17976,15,214,2023-02-27,2023-03-06,DELIVERED
17977,19,449,2024-01-27,2024-02-11,DELIVERED
17978,13,375,2026-08-04,2026-09-01,DELIVERED
17979,17,492,2023-03-21,2023-04-05,DELAYED
17980,6,257,2025-10-03,2025-10-29,DELIVERED
17981,15,500,2025-05-27,2025-06-05,IN_TRANSIT
17982,2,277,2024-11-16,2024-11-29,DELIVERED
17983,12,263,2024-12-26,2025-01-19,DELIVERED
17984,5,362,2026-06-23,2026-07-31,DELAYED
17985,9,97,2024-07-01,2024-07-11,DELIVERED
17986,7,15,2024-01-12,2024-02-08,IN_TRANSIT
17987,18,372,2026-06-05,2026-07-06,DELIVERED
17988,3,461,2024-11-07,2024-11-17,DELAYED
17989,2,100,2024-04-05,2024-04-19,IN_TRANSIT
17990,2,384,2023-07-12,2023-07-27,IN_TRANSIT
17991,4,385,2024-09-20,2024-10-11,IN_TRANSIT
17992,1,457,2024-02-28,2024-04-05,DELIVERED
17993,19,435,2025-08-03,2025-09-08,DELAYED
17994,18,62,2024-08-27,2024-09-15,DELIVERED
17995,8,157,2025-06-05,2025-06-10,DELIVERED
17996,3,335,2024-08-26,2024-09-15,DELIVERED
17997,3,62,2025-10-04,2025-10-19,DELIVERED
17998,16,461,2026-04-24,2026-05-15,DELIVERED
17999,9,10,2025-10-26,2025-11-25,DELIVERED
18000,20,216,2024-11-15,2024-11-25,DELIVERED
