WORK_ORDER_ID,PRODUCT_ID,PLANT_ID,START_DATE,END_DATE,QUANTITY,STATUS
1,495,2,2025-01-19,2025-01-30,218.00,IN_PROGRESS
2,443,2,2023-05-19,2023-06-01,499.00,IN_PROGRESS
3,485,1,2024-06-28,2024-07-02,464.00,COMPLETED
4,59,8,2025-06-13,2025-06-20,972.00,ON_HOLD
5,140,5,2026-08-22,2026-08-27,53.00,COMPLETED
6,15,9,2023-06-04,2023-06-16,202.00,COMPLETED
7,108,7,2024-06-26,2024-07-11,693.00,COMPLETED
8,390,11,2024-03-14,2024-03-17,423.00,COMPLETED
9,235,9,2025-04-01,2025-04-10,396.00,IN_PROGRESS
10,353,5,2025-07-18,2025-07-22,555.00,ON_HOLD
11,394,8,2024-04-04,2024-04-15,922.00,COMPLETED
12,199,11,2026-02-07,2026-02-18,436.00,COMPLETED
13,24,12,2024-05-11,2024-05-15,294.00,COMPLETED
14,61,8,2023-04-14,2023-04-24,909.00,COMPLETED
15,161,5,2023-07-17,2023-07-22,784.00,IN_PROGRESS
16,441,7,2024-11-29,2024-12-07,467.00,COMPLETED
17,146,3,2024-02-07,2024-02-22,227.00,COMPLETED
18,454,9,2024-05-02,2024-05-16,623.00,IN_PROGRESS
19,271,2,2025-08-26,2025-09-07,512.00,COMPLETED
20,471,1,2026-01-03,2026-01-06,327.00,ON_HOLD
21,414,10,2025-11-12,2025-11-20,858.00,COMPLETED
22,228,7,2024-02-25,2024-03-04,606.00,ON_HOLD
23,366,12,2025-09-16,2025-09-23,752.00,ON_HOLD
24,484,6,2026-07-09,2026-07-24,958.00,COMPLETED
25,363,1,2023-10-10,2023-10-19,861.00,ON_HOLD
26,392,4,2025-12-16,2025-12-23,93.00,IN_PROGRESS
27,440,11,2025-08-26,2025-09-10,745.00,ON_HOLD
28,344,1,2023-12-17,2023-12-27,527.00,COMPLETED
29,10,3,2025-11-24,2025-12-09,794.00,COMPLETED
30,403,1,2024-12-24,2024-12-31,489.00,ON_HOLD
31,17,8,2023-07-21,2023-07-31,587.00,IN_PROGRESS
32,260,6,2025-01-03,2025-01-10,952.00,IN_PROGRESS
33,16,9,2024-09-30,2024-10-03,329.00,IN_PROGRESS
34,258,2,2023-08-12,2023-08-19,69.00,IN_PROGRESS
35,103,9,2024-03-21,2024-03-27,125.00,COMPLETED
36,472,9,2024-03-22,2024-04-05,522.00,COMPLETED
37,265,5,2023-01-02,2023-01-08,663.00,COMPLETED
38,460,3,2026-04-20,2026-05-02,291.00,COMPLETED
39,420,1,2026-08-17,2026-08-20,187.00,COMPLETED
40,35,1,2023-12-31,2024-01-13,526.00,COMPLETED
41,6,8,2026-04-09,2026-04-21,640.00,IN_PROGRESS
42,217,5,2025-10-30,2025-11-12,551.00,IN_PROGRESS
43,327,1,2023-09-08,2023-09-14,721.00,IN_PROGRESS
44,178,4,2026-06-10,2026-06-17,628.00,IN_PROGRESS
45,297,4,2023-03-17,2023-03-30,388.00,ON_HOLD
46,471,10,2024-02-13,2024-02-19,686.00,COMPLETED
47,118,8,2023-06-05,2023-06-21,186.00,ON_HOLD
48,335,7,2026-04-02,2026-04-05,837.00,COMPLETED
49,345,6,2025-04-02,2025-04-09,390.00,COMPLETED
50,58,8,2024-12-06,2024-12-16,250.00,COMPLETED
51,427,8,2025-05-14,2025-05-20,568.00,COMPLETED
52,210,11,2024-10-20,2024-10-29,573.00,ON_HOLD
53,401,6,2023-08-21,2023-09-06,477.00,COMPLETED
54,19,2,2024-12-20,2024-12-31,855.00,COMPLETED
55,207,3,2024-06-18,2024-06-22,686.00,COMPLETED
56,307,4,2023-02-07,2023-02-12,489.00,IN_PROGRESS
57,481,9,2025-10-11,2025-10-16,809.00,COMPLETED
58,108,9,2024-10-30,2024-11-08,221.00,COMPLETED
59,40,6,2026-04-10,2026-04-21,929.00,IN_PROGRESS
60,290,12,2026-09-28,2026-10-10,374.00,IN_PROGRESS
61,137,10,2024-08-14,2024-08-18,248.00,COMPLETED
62,275,6,2023-09-14,2023-09-26,324.00,IN_PROGRESS
63,131,2,2024-05-05,2024-05-16,492.00,IN_PROGRESS
64,163,2,2024-01-27,2024-02-02,537.00,COMPLETED
65,219,10,2025-11-14,2025-11-21,262.00,ON_HOLD
66,134,12,2024-10-26,2024-11-02,247.00,COMPLETED
67,144,8,2024-09-11,2024-09-14,350.00,IN_PROGRESS
68,321,3,2024-04-22,2024-04-30,445.00,COMPLETED
69,83,3,2025-04-23,2025-04-27,485.00,COMPLETED
70,349,5,2024-07-30,2024-08-14,311.00,IN_PROGRESS
71,64,2,2023-03-17,2023-04-02,679.00,IN_PROGRESS
72,251,1,2023-04-19,2023-05-05,791.00,COMPLETED
73,140,10,2025-07-03,2025-07-06,726.00,IN_PROGRESS
74,485,1,2025-08-26,2025-09-06,358.00,COMPLETED
75,67,11,2023-10-16,2023-10-30,584.00,IN_PROGRESS
76,206,6,2026-01-19,2026-02-03,139.00,COMPLETED
77,155,11,2026-03-24,2026-04-02,932.00,IN_PROGRESS
78,117,11,2023-07-30,2023-08-05,72.00,COMPLETED
79,384,6,2026-07-09,2026-07-18,741.00,COMPLETED
80,224,6,2023-04-20,2023-04-23,487.00,IN_PROGRESS
81,117,3,2023-07-24,2023-08-07,72.00,IN_PROGRESS
82,317,9,2023-11-27,2023-12-10,666.00,COMPLETED
83,323,4,2025-02-04,2025-02-14,823.00,IN_PROGRESS
84,349,9,2024-12-01,2024-12-10,680.00,COMPLETED
85,111,11,2026-04-25,2026-05-04,911.00,IN_PROGRESS
86,233,12,2023-03-01,2023-03-07,944.00,COMPLETED
87,115,2,2023-09-10,2023-09-19,406.00,IN_PROGRESS
88,470,11,2023-07-24,2023-07-30,237.00,IN_PROGRESS
89,88,12,2026-03-19,2026-03-23,353.00,COMPLETED
90,417,6,2024-05-21,2024-06-04,892.00,COMPLETED
91,463,3,2025-04-11,2025-04-14,700.00,COMPLETED
92,498,12,2025-10-21,2025-11-05,636.00,COMPLETED
93,486,12,2023-09-28,2023-10-14,820.00,ON_HOLD
94,317,10,2025-06-09,2025-06-17,288.00,IN_PROGRESS
95,431,5,2025-01-06,2025-01-19,310.00,COMPLETED
96,136,11,2024-08-17,2024-08-26,614.00,COMPLETED
97,24,4,2026-07-21,2026-07-25,449.00,COMPLETED
98,163,8,2023-12-05,2023-12-11,149.00,COMPLETED
99,459,11,2023-04-19,2023-05-05,338.00,COMPLETED
100,210,9,2025-11-29,2025-12-15,907.00,IN_PROGRESS
101,485,4,2025-09-07,2025-09-16,187.00,COMPLETED
102,343,1,2023-02-17,2023-03-04,833.00,IN_PROGRESS
103,127,5,2023-02-04,2023-02-13,100.00,COMPLETED
104,307,10,2025-07-09,2025-07-20,209.00,COMPLETED
105,302,10,2025-04-08,2025-04-14,566.00,COMPLETED
106,207,4,2023-08-17,2023-08-25,576.00,COMPLETED
107,148,3,2023-03-02,2023-03-11,949.00,ON_HOLD
108,461,12,2023-09-08,2023-09-20,464.00,ON_HOLD
109,490,5,2023-10-11,2023-10-23,722.00,ON_HOLD
110,423,12,2025-02-27,2025-03-08,130.00,COMPLETED
111,197,2,2023-11-23,2023-12-04,176.00,COMPLETED
112,412,5,2026-07-28,2026-08-02,554.00,ON_HOLD
113,381,1,2026-01-20,2026-01-30,229.00,COMPLETED
114,26,1,2024-04-03,2024-04-06,159.00,COMPLETED
115,240,7,2026-05-25,2026-05-28,81.00,COMPLETED
116,400,10,2024-09-26,2024-10-11,383.00,IN_PROGRESS
117,169,2,2025-03-14,2025-03-30,72.00,ON_HOLD
118,14,4,2025-02-05,2025-02-16,904.00,ON_HOLD
119,322,11,2024-11-19,2024-11-22,527.00,COMPLETED
120,159,2,2024-09-07,2024-09-12,486.00,ON_HOLD
121,116,9,2024-12-15,2024-12-24,668.00,COMPLETED
122,56,1,2025-03-30,2025-04-02,701.00,COMPLETED
123,274,9,2025-12-22,2026-01-06,171.00,ON_HOLD
124,299,4,2023-07-31,2023-08-11,909.00,COMPLETED
125,48,4,2025-11-29,2025-12-11,501.00,COMPLETED
126,283,10,2025-06-04,2025-06-12,54.00,COMPLETED
127,274,3,2024-12-25,2025-01-10,591.00,ON_HOLD
128,294,12,2024-04-06,2024-04-22,337.00,IN_PROGRESS
129,151,6,2023-06-11,2023-06-27,579.00,COMPLETED
130,180,4,2026-08-23,2026-09-04,447.00,COMPLETED
131,480,7,2024-03-02,2024-03-05,769.00,COMPLETED
132,373,10,2024-12-21,2024-12-27,756.00,COMPLETED
133,238,5,2023-10-16,2023-10-25,762.00,IN_PROGRESS
134,396,11,2024-07-23,2024-07-30,431.00,IN_PROGRESS
135,76,6,2024-03-28,2024-04-09,435.00,IN_PROGRESS
136,385,10,2024-02-02,2024-02-14,628.00,COMPLETED
137,27,8,2026-02-24,2026-03-11,149.00,COMPLETED
138,93,8,2023-11-16,2023-11-27,259.00,COMPLETED
139,112,1,2023-05-24,2023-05-31,943.00,ON_HOLD
140,259,6,2025-06-18,2025-07-02,617.00,COMPLETED
141,26,1,2024-09-14,2024-09-21,384.00,COMPLETED
142,362,11,2024-10-18,2024-10-28,66.00,COMPLETED
143,96,6,2026-01-20,2026-02-01,899.00,IN_PROGRESS
144,438,9,2025-04-22,2025-04-30,483.00,COMPLETED
145,238,6,2023-12-11,2023-12-24,814.00,COMPLETED
146,423,9,2025-07-06,2025-07-19,627.00,COMPLETED
147,207,12,2023-01-19,2023-02-01,945.00,COMPLETED
148,247,7,2024-07-24,2024-08-03,967.00,IN_PROGRESS
149,167,5,2024-04-19,2024-05-04,87.00,COMPLETED
150,283,5,2026-08-01,2026-08-15,253.00,COMPLETED
151,54,10,2024-03-06,2024-03-10,526.00,COMPLETED
152,45,10,2025-06-19,2025-06-24,623.00,ON_HOLD
153,268,9,2024-07-07,2024-07-13,164.00,IN_PROGRESS
154,243,3,2023-07-25,2023-07-31,848.00,COMPLETED
155,496,2,2024-01-29,2024-02-07,90.00,COMPLETED
156,315,9,2025-01-07,2025-01-23,376.00,COMPLETED
157,136,8,2023-10-06,2023-10-14,437.00,ON_HOLD
158,211,2,2024-01-25,2024-01-29,910.00,COMPLETED
159,439,9,2023-08-31,2023-09-13,650.00,COMPLETED
160,273,1,2024-12-27,2024-12-30,78.00,ON_HOLD
161,325,6,2025-11-12,2025-11-15,686.00,ON_HOLD
162,121,6,2024-02-12,2024-02-28,790.00,COMPLETED
163,490,4,2023-01-04,2023-01-18,538.00,COMPLETED
164,183,5,2023-11-05,2023-11-14,124.00,IN_PROGRESS
165,162,7,2023-03-30,2023-04-12,283.00,IN_PROGRESS
166,305,1,2024-05-15,2024-05-19,350.00,COMPLETED
167,201,3,2025-03-05,2025-03-12,425.00,COMPLETED
168,180,2,2024-08-12,2024-08-20,496.00,COMPLETED
169,458,12,2026-06-18,2026-07-03,338.00,COMPLETED
170,232,2,2023-03-08,2023-03-23,959.00,COMPLETED
171,363,4,2023-07-26,2023-08-05,757.00,COMPLETED
172,99,7,2025-10-16,2025-10-24,694.00,ON_HOLD
173,25,3,2025-04-09,2025-04-18,351.00,COMPLETED
174,354,7,2026-09-26,2026-09-30,679.00,IN_PROGRESS
175,6,1,2025-04-28,2025-05-11,215.00,IN_PROGRESS
176,465,2,2023-04-16,2023-05-01,649.00,IN_PROGRESS
177,432,9,2025-07-31,2025-08-11,156.00,COMPLETED
178,45,5,2025-11-05,2025-11-12,746.00,COMPLETED
179,360,12,2024-07-22,2024-07-31,476.00,COMPLETED
180,392,8,2024-11-17,2024-12-01,476.00,ON_HOLD
181,446,10,2026-08-02,2026-08-11,578.00,ON_HOLD
182,475,2,2025-12-16,2025-12-20,830.00,COMPLETED
183,160,5,2026-04-24,2026-04-27,680.00,IN_PROGRESS
184,92,4,2024-04-29,2024-05-04,630.00,IN_PROGRESS
185,390,1,2025-06-18,2025-07-03,835.00,COMPLETED
186,450,10,2023-01-21,2023-01-30,833.00,COMPLETED
187,46,7,2024-06-04,2024-06-20,914.00,COMPLETED
188,392,5,2026-07-06,2026-07-16,505.00,ON_HOLD
189,24,4,2026-07-25,2026-08-09,882.00,ON_HOLD
190,445,4,2023-01-14,2023-01-18,890.00,COMPLETED
191,439,1,2025-01-02,2025-01-12,891.00,COMPLETED
192,359,12,2024-10-16,2024-10-21,705.00,ON_HOLD
193,311,4,2025-07-22,2025-07-28,720.00,COMPLETED
194,201,4,2026-02-16,2026-02-23,187.00,COMPLETED
195,433,9,2023-08-07,2023-08-22,913.00,ON_HOLD
196,279,2,2026-03-18,2026-04-02,973.00,IN_PROGRESS
197,299,3,2023-10-03,2023-10-12,909.00,COMPLETED
198,38,9,2026-09-03,2026-09-10,751.00,IN_PROGRESS
199,290,10,2023-08-26,2023-09-10,963.00,ON_HOLD
200,102,6,2025-09-30,2025-10-13,197.00,COMPLETED
201,70,1,2023-05-17,2023-05-28,757.00,COMPLETED
202,222,9,2024-09-21,2024-10-01,698.00,COMPLETED
203,441,5,2023-06-11,2023-06-15,448.00,COMPLETED
204,37,9,2025-07-27,2025-08-10,834.00,COMPLETED
205,160,7,2024-02-09,2024-02-17,892.00,COMPLETED
206,372,10,2023-05-16,2023-05-24,766.00,ON_HOLD
207,318,12,2023-08-19,2023-08-29,863.00,COMPLETED
208,319,10,2026-03-02,2026-03-10,278.00,COMPLETED
209,359,11,2025-07-09,2025-07-12,605.00,COMPLETED
210,336,12,2024-03-17,2024-03-29,494.00,COMPLETED
211,171,11,2025-02-19,2025-02-23,522.00,COMPLETED
212,378,4,2024-08-18,2024-08-21,206.00,COMPLETED
213,408,5,2023-09-07,2023-09-17,379.00,COMPLETED
214,447,7,2024-03-29,2024-04-14,226.00,COMPLETED
215,94,11,2023-07-23,2023-07-29,834.00,ON_HOLD
216,13,9,2026-07-23,2026-08-06,812.00,ON_HOLD
217,399,8,2025-04-27,2025-05-01,894.00,COMPLETED
218,435,1,2024-11-11,2024-11-22,633.00,COMPLETED
219,339,10,2025-02-07,2025-02-23,96.00,COMPLETED
220,228,10,2023-05-12,2023-05-22,536.00,COMPLETED
221,136,11,2024-03-04,2024-03-17,106.00,ON_HOLD
222,281,6,2024-06-01,2024-06-06,734.00,COMPLETED
223,436,2,2026-04-07,2026-04-18,770.00,IN_PROGRESS
224,352,5,2025-09-24,2025-10-06,97.00,COMPLETED
225,154,7,2023-12-02,2023-12-05,952.00,COMPLETED
226,477,4,2024-10-14,2024-10-23,205.00,COMPLETED
227,120,5,2026-08-06,2026-08-14,197.00,IN_PROGRESS
228,129,5,2025-12-27,2025-12-30,370.00,COMPLETED
229,52,5,2023-06-24,2023-07-02,783.00,COMPLETED
230,198,2,2025-08-18,2025-08-25,236.00,COMPLETED
231,429,6,2023-10-11,2023-10-21,411.00,COMPLETED
232,120,5,2026-03-20,2026-04-04,630.00,IN_PROGRESS
233,248,10,2026-07-21,2026-07-25,667.00,COMPLETED
234,130,8,2025-05-05,2025-05-19,265.00,ON_HOLD
235,467,9,2025-05-24,2025-06-08,493.00,IN_PROGRESS
236,410,8,2025-02-26,2025-03-14,791.00,IN_PROGRESS
237,67,3,2024-11-08,2024-11-20,969.00,ON_HOLD
238,166,11,2025-08-01,2025-08-11,868.00,COMPLETED
239,478,8,2025-08-19,2025-08-27,470.00,IN_PROGRESS
240,409,6,2023-05-01,2023-05-09,450.00,COMPLETED
241,216,12,2025-01-31,2025-02-04,908.00,COMPLETED
242,201,8,2025-09-30,2025-10-05,681.00,COMPLETED
243,385,7,2023-06-25,2023-07-09,230.00,COMPLETED
244,266,2,2025-11-17,2025-11-30,724.00,ON_HOLD
245,359,2,2024-09-01,2024-09-08,367.00,COMPLETED
246,476,2,2023-08-07,2023-08-20,505.00,ON_HOLD
247,310,1,2025-10-10,2025-10-22,748.00,COMPLETED
248,214,7,2026-05-27,2026-06-08,630.00,ON_HOLD
249,279,5,2023-09-03,2023-09-16,658.00,COMPLETED
250,260,2,2025-04-09,2025-04-17,274.00,COMPLETED
251,28,1,2024-09-17,2024-09-26,535.00,ON_HOLD
252,400,12,2023-10-13,2023-10-28,383.00,COMPLETED
253,267,5,2024-09-07,2024-09-12,938.00,IN_PROGRESS
254,95,7,2024-01-04,2024-01-12,530.00,COMPLETED
255,101,3,2025-09-27,2025-10-06,225.00,COMPLETED
256,67,10,2026-03-08,2026-03-15,511.00,COMPLETED
257,444,8,2023-05-13,2023-05-18,773.00,ON_HOLD
258,267,10,2024-10-09,2024-10-15,90.00,COMPLETED
259,396,4,2024-12-15,2024-12-24,839.00,COMPLETED
260,215,5,2026-03-30,2026-04-08,398.00,COMPLETED
261,132,11,2026-07-14,2026-07-18,105.00,ON_HOLD
262,171,12,2023-01-28,2023-02-05,329.00,ON_HOLD
263,426,6,2026-01-02,2026-01-16,147.00,IN_PROGRESS
264,254,5,2023-03-08,2023-03-13,675.00,ON_HOLD
265,274,11,2024-10-29,2024-11-01,87.00,COMPLETED
266,174,4,2023-04-22,2023-05-06,608.00,ON_HOLD
267,179,8,2023-10-07,2023-10-20,162.00,COMPLETED
268,227,4,2025-02-05,2025-02-10,867.00,COMPLETED
269,448,5,2024-01-30,2024-02-04,378.00,COMPLETED
270,323,12,2023-11-10,2023-11-23,669.00,IN_PROGRESS
271,379,9,2026-06-02,2026-06-18,607.00,COMPLETED
272,53,7,2025-04-22,2025-04-28,687.00,COMPLETED
273,309,11,2025-09-18,2025-09-29,461.00,ON_HOLD
274,316,12,2024-07-31,2024-08-16,130.00,IN_PROGRESS
275,361,6,2023-04-13,2023-04-24,334.00,COMPLETED
276,51,5,2025-09-24,2025-10-06,610.00,ON_HOLD
277,59,5,2025-01-29,2025-02-10,489.00,COMPLETED
278,440,8,2023-08-14,2023-08-26,271.00,COMPLETED
279,56,12,2024-03-27,2024-03-31,235.00,ON_HOLD
280,60,5,2025-02-13,2025-02-21,689.00,COMPLETED
281,418,7,2025-10-04,2025-10-16,613.00,COMPLETED
282,296,3,2023-04-24,2023-05-05,349.00,COMPLETED
283,39,11,2023-02-06,2023-02-20,255.00,IN_PROGRESS
284,356,10,2023-02-13,2023-03-01,439.00,ON_HOLD
285,466,9,2023-07-09,2023-07-20,869.00,ON_HOLD
286,62,8,2025-06-23,2025-06-28,758.00,IN_PROGRESS
287,255,3,2026-09-07,2026-09-20,53.00,COMPLETED
288,80,11,2025-04-10,2025-04-15,841.00,COMPLETED
289,407,9,2026-09-25,2026-10-02,994.00,COMPLETED
290,472,3,2025-06-19,2025-06-26,958.00,IN_PROGRESS
291,362,8,2025-11-09,2025-11-13,311.00,COMPLETED
292,81,10,2023-09-04,2023-09-13,599.00,COMPLETED
293,412,1,2026-09-04,2026-09-10,847.00,COMPLETED
294,306,7,2023-12-29,2024-01-07,511.00,COMPLETED
295,60,10,2023-01-06,2023-01-17,754.00,COMPLETED
296,266,4,2026-09-16,2026-09-21,225.00,ON_HOLD
297,133,12,2023-06-05,2023-06-17,260.00,COMPLETED
298,243,8,2023-07-16,2023-07-30,450.00,COMPLETED
299,335,7,2024-04-01,2024-04-04,558.00,COMPLETED
300,118,1,2023-11-12,2023-11-25,690.00,COMPLETED
301,483,1,2023-05-07,2023-05-18,938.00,COMPLETED
302,247,2,2026-03-20,2026-04-01,487.00,COMPLETED
303,56,12,2023-05-16,2023-06-01,889.00,COMPLETED
304,484,6,2026-08-18,2026-08-24,393.00,ON_HOLD
305,303,12,2023-04-04,2023-04-19,956.00,COMPLETED
306,338,1,2023-10-10,2023-10-26,778.00,IN_PROGRESS
307,448,1,2023-02-06,2023-02-17,509.00,COMPLETED
308,154,8,2025-01-14,2025-01-19,457.00,ON_HOLD
309,179,3,2023-10-22,2023-10-31,700.00,COMPLETED
310,494,6,2024-02-16,2024-02-22,976.00,ON_HOLD
311,480,10,2026-06-29,2026-07-03,547.00,COMPLETED
312,357,2,2023-09-09,2023-09-23,318.00,COMPLETED
313,366,2,2023-12-29,2024-01-13,884.00,COMPLETED
314,198,5,2025-01-01,2025-01-14,622.00,IN_PROGRESS
315,495,7,2025-05-25,2025-06-02,806.00,IN_PROGRESS
316,483,5,2026-09-27,2026-10-05,736.00,COMPLETED
317,292,7,2026-09-25,2026-10-01,721.00,ON_HOLD
318,291,8,2026-01-20,2026-01-30,304.00,COMPLETED
319,134,5,2023-02-15,2023-02-27,664.00,ON_HOLD
320,282,6,2025-09-22,2025-09-29,767.00,COMPLETED
321,8,10,2024-05-12,2024-05-21,811.00,IN_PROGRESS
322,159,4,2025-10-26,2025-11-08,243.00,COMPLETED
323,171,3,2025-12-21,2025-12-25,753.00,IN_PROGRESS
324,108,11,2024-04-27,2024-05-01,847.00,ON_HOLD
325,127,9,2023-06-18,2023-07-04,386.00,IN_PROGRESS
326,225,8,2025-11-16,2025-11-20,246.00,ON_HOLD
327,393,8,2024-06-28,2024-07-12,918.00,COMPLETED
328,309,9,2025-10-24,2025-11-01,564.00,IN_PROGRESS
329,338,11,2024-08-24,2024-09-08,495.00,ON_HOLD
330,302,6,2024-09-25,2024-10-09,907.00,ON_HOLD
331,388,1,2025-12-22,2025-12-28,730.00,COMPLETED
332,86,4,2024-02-25,2024-03-11,828.00,COMPLETED
333,404,8,2026-06-19,2026-07-02,738.00,ON_HOLD
334,452,9,2025-06-25,2025-07-02,621.00,COMPLETED
335,26,1,2023-01-31,2023-02-08,344.00,IN_PROGRESS
336,59,11,2025-07-12,2025-07-27,381.00,COMPLETED
337,472,9,2025-04-12,2025-04-21,585.00,COMPLETED
338,487,1,2024-10-31,2024-11-14,108.00,IN_PROGRESS
339,100,10,2025-04-29,2025-05-05,807.00,COMPLETED
340,470,5,2023-03-04,2023-03-14,791.00,COMPLETED
341,126,8,2025-08-05,2025-08-11,317.00,ON_HOLD
342,165,9,2024-09-28,2024-10-03,92.00,IN_PROGRESS
343,125,5,2023-05-05,2023-05-17,437.00,IN_PROGRESS
344,180,4,2024-03-20,2024-03-23,723.00,ON_HOLD
345,4,5,2026-05-05,2026-05-12,550.00,ON_HOLD
346,28,11,2023-09-23,2023-10-06,908.00,COMPLETED
347,117,11,2026-05-05,2026-05-21,470.00,ON_HOLD
348,131,5,2026-05-27,2026-06-02,701.00,IN_PROGRESS
349,338,3,2024-08-25,2024-08-31,607.00,ON_HOLD
350,126,9,2023-08-03,2023-08-13,649.00,IN_PROGRESS
351,424,5,2023-07-01,2023-07-05,147.00,COMPLETED
352,73,5,2025-03-15,2025-03-21,112.00,COMPLETED
353,186,2,2023-03-20,2023-03-30,499.00,IN_PROGRESS
354,412,2,2026-09-17,2026-09-25,475.00,COMPLETED
355,78,5,2024-01-08,2024-01-19,488.00,COMPLETED
356,118,7,2024-01-19,2024-01-28,460.00,COMPLETED
357,232,2,2025-02-10,2025-02-21,526.00,COMPLETED
358,17,6,2024-05-30,2024-06-02,792.00,COMPLETED
359,443,6,2025-01-10,2025-01-21,681.00,COMPLETED
360,395,12,2023-11-11,2023-11-23,222.00,IN_PROGRESS
361,228,8,2024-07-20,2024-08-04,401.00,IN_PROGRESS
362,136,5,2024-09-26,2024-10-11,927.00,IN_PROGRESS
363,24,11,2026-01-27,2026-02-11,923.00,ON_HOLD
364,242,6,2025-05-22,2025-06-07,956.00,ON_HOLD
365,211,3,2025-05-29,2025-06-03,941.00,COMPLETED
366,255,9,2023-08-05,2023-08-13,364.00,COMPLETED
367,372,12,2023-09-05,2023-09-09,998.00,COMPLETED
368,27,11,2025-12-29,2026-01-06,751.00,COMPLETED
369,208,2,2025-02-01,2025-02-04,799.00,ON_HOLD
370,454,2,2023-09-23,2023-10-02,122.00,ON_HOLD
371,283,8,2025-08-21,2025-08-28,834.00,COMPLETED
372,332,3,2025-07-30,2025-08-08,685.00,ON_HOLD
373,188,2,2023-05-27,2023-06-09,797.00,COMPLETED
374,364,12,2023-06-23,2023-07-01,831.00,COMPLETED
375,394,3,2025-03-31,2025-04-16,460.00,COMPLETED
376,175,5,2026-01-10,2026-01-18,226.00,COMPLETED
377,406,1,2023-01-27,2023-01-31,143.00,IN_PROGRESS
378,208,2,2025-02-03,2025-02-07,670.00,COMPLETED
379,177,3,2023-01-26,2023-02-03,255.00,ON_HOLD
380,89,10,2023-04-10,2023-04-22,376.00,COMPLETED
381,145,12,2024-11-16,2024-11-30,514.00,ON_HOLD
382,21,9,2024-01-01,2024-01-07,826.00,COMPLETED
383,463,2,2025-03-07,2025-03-23,510.00,COMPLETED
384,95,7,2024-10-01,2024-10-09,587.00,COMPLETED
385,36,1,2023-12-27,2024-01-04,673.00,IN_PROGRESS
386,24,8,2025-06-21,2025-06-27,866.00,COMPLETED
387,121,8,2023-07-11,2023-07-15,92.00,COMPLETED
388,178,11,2023-12-02,2023-12-11,591.00,COMPLETED
389,379,6,2024-01-26,2024-01-30,173.00,COMPLETED
390,460,7,2026-07-06,2026-07-20,476.00,COMPLETED
391,495,9,2025-02-05,2025-02-13,579.00,IN_PROGRESS
392,404,2,2025-07-21,2025-07-31,449.00,COMPLETED
393,206,6,2025-02-06,2025-02-11,948.00,IN_PROGRESS
394,284,1,2025-09-08,2025-09-14,690.00,COMPLETED
395,10,11,2025-10-12,2025-10-26,905.00,COMPLETED
396,471,10,2023-01-28,2023-02-08,271.00,ON_HOLD
397,18,1,2023-03-28,2023-04-01,390.00,IN_PROGRESS
398,156,5,2023-05-14,2023-05-22,102.00,IN_PROGRESS
399,233,6,2023-05-31,2023-06-16,674.00,COMPLETED
400,144,9,2023-02-10,2023-02-14,719.00,IN_PROGRESS
401,247,4,2023-10-30,2023-11-08,142.00,IN_PROGRESS
402,257,9,2024-04-13,2024-04-23,673.00,IN_PROGRESS
403,42,9,2023-12-01,2023-12-16,370.00,COMPLETED
404,450,6,2023-11-20,2023-12-02,354.00,COMPLETED
405,435,11,2023-01-26,2023-01-31,872.00,IN_PROGRESS
406,51,2,2023-07-19,2023-07-23,664.00,COMPLETED
407,270,7,2025-07-16,2025-07-31,283.00,ON_HOLD
408,477,6,2024-01-02,2024-01-12,594.00,ON_HOLD
409,37,11,2025-04-20,2025-04-24,288.00,ON_HOLD
410,487,9,2024-01-12,2024-01-17,572.00,IN_PROGRESS
411,170,1,2024-02-20,2024-03-07,367.00,ON_HOLD
412,253,4,2024-01-22,2024-01-28,451.00,COMPLETED
413,486,1,2026-02-08,2026-02-11,372.00,COMPLETED
414,125,11,2026-05-06,2026-05-11,278.00,IN_PROGRESS
415,262,11,2025-02-12,2025-02-25,822.00,COMPLETED
416,64,5,2023-10-30,2023-11-13,731.00,IN_PROGRESS
417,308,4,2025-12-11,2025-12-18,762.00,IN_PROGRESS
418,446,10,2023-08-06,2023-08-13,588.00,COMPLETED
419,408,11,2023-11-23,2023-12-04,301.00,ON_HOLD
420,282,2,2026-06-03,2026-06-12,861.00,IN_PROGRESS
421,46,4,2024-12-19,2024-12-30,594.00,COMPLETED
422,100,6,2026-07-02,2026-07-07,841.00,COMPLETED
423,153,5,2024-12-29,2025-01-14,215.00,COMPLETED
424,76,2,2026-05-22,2026-05-31,537.00,ON_HOLD
425,234,1,2025-04-11,2025-04-23,322.00,COMPLETED
426,187,3,2025-11-25,2025-12-02,76.00,ON_HOLD
427,376,10,2026-01-19,2026-01-26,149.00,COMPLETED
428,474,8,2025-10-28,2025-11-08,393.00,COMPLETED
429,6,12,2025-09-06,2025-09-13,966.00,IN_PROGRESS
430,310,8,2024-11-08,2024-11-14,713.00,COMPLETED
431,109,4,2023-01-29,2023-02-07,729.00,COMPLETED
432,105,2,2023-08-10,2023-08-21,346.00,IN_PROGRESS
433,448,2,2025-08-07,2025-08-15,173.00,COMPLETED
434,359,4,2025-08-13,2025-08-17,671.00,COMPLETED
435,42,6,2025-10-27,2025-11-10,300.00,COMPLETED
436,143,4,2024-07-18,2024-07-25,210.00,COMPLETED
437,404,8,2026-07-18,2026-07-24,306.00,COMPLETED
438,459,3,2023-01-03,2023-01-07,522.00,COMPLETED
439,244,6,2026-03-04,2026-03-09,756.00,COMPLETED
440,90,4,2024-02-18,2024-03-04,925.00,ON_HOLD
441,52,10,2023-07-01,2023-07-07,245.00,COMPLETED
442,329,4,2024-04-04,2024-04-12,148.00,COMPLETED
443,149,11,2025-12-25,2026-01-08,631.00,COMPLETED
444,185,7,2025-11-16,2025-11-19,668.00,IN_PROGRESS
445,202,5,2026-08-30,2026-09-13,658.00,COMPLETED
446,496,4,2024-03-05,2024-03-12,710.00,IN_PROGRESS
447,283,2,2025-01-18,2025-01-22,591.00,ON_HOLD
448,226,11,2024-12-31,2025-01-15,823.00,COMPLETED
449,74,10,2025-11-09,2025-11-22,268.00,ON_HOLD
450,253,10,2025-03-30,2025-04-14,582.00,COMPLETED
451,435,10,2025-05-27,2025-05-31,331.00,COMPLETED
452,265,3,2026-05-15,2026-05-26,267.00,ON_HOLD
453,203,2,2025-12-28,2026-01-09,373.00,IN_PROGRESS
454,267,3,2024-04-01,2024-04-04,935.00,COMPLETED
455,98,5,2023-10-14,2023-10-26,666.00,ON_HOLD
456,461,6,2025-04-05,2025-04-14,883.00,COMPLETED
457,361,2,2025-03-20,2025-04-03,915.00,COMPLETED
458,59,2,2023-10-01,2023-10-06,440.00,ON_HOLD
459,159,1,2024-12-04,2024-12-08,688.00,COMPLETED
460,115,9,2025-04-15,2025-04-25,696.00,IN_PROGRESS
461,272,7,2024-06-11,2024-06-15,181.00,COMPLETED
462,237,7,2025-06-09,2025-06-21,602.00,COMPLETED
463,241,7,2023-05-29,2023-06-08,395.00,COMPLETED
464,408,2,2025-11-07,2025-11-23,352.00,IN_PROGRESS
465,54,1,2024-08-30,2024-09-15,601.00,COMPLETED
466,212,7,2024-08-14,2024-08-24,719.00,IN_PROGRESS
467,291,9,2026-06-09,2026-06-16,996.00,COMPLETED
468,298,4,2024-08-01,2024-08-17,751.00,IN_PROGRESS
469,493,6,2024-12-17,2024-12-22,581.00,COMPLETED
470,134,10,2026-04-12,2026-04-17,685.00,ON_HOLD
471,11,3,2025-03-14,2025-03-30,953.00,COMPLETED
472,469,1,2025-07-05,2025-07-11,223.00,COMPLETED
473,375,1,2024-03-16,2024-04-01,840.00,COMPLETED
474,335,6,2026-09-17,2026-09-24,797.00,ON_HOLD
475,378,10,2024-08-22,2024-09-01,538.00,IN_PROGRESS
476,291,7,2024-04-13,2024-04-26,498.00,ON_HOLD
477,200,7,2026-01-09,2026-01-14,775.00,IN_PROGRESS
478,494,7,2024-04-15,2024-04-27,858.00,IN_PROGRESS
479,34,5,2023-07-24,2023-08-05,138.00,COMPLETED
480,7,5,2025-11-30,2025-12-07,260.00,COMPLETED
481,89,8,2024-05-01,2024-05-05,509.00,COMPLETED
482,37,8,2026-01-01,2026-01-05,341.00,ON_HOLD
483,431,8,2026-06-16,2026-06-20,956.00,ON_HOLD
484,144,12,2025-02-11,2025-02-27,879.00,ON_HOLD
485,61,5,2025-07-21,2025-08-01,205.00,ON_HOLD
486,486,9,2025-03-06,2025-03-13,687.00,COMPLETED
487,169,2,2024-11-23,2024-12-04,711.00,COMPLETED
488,475,9,2025-11-04,2025-11-07,247.00,COMPLETED
489,98,5,2024-08-08,2024-08-24,80.00,COMPLETED
490,433,8,2023-03-29,2023-04-01,592.00,COMPLETED
491,241,8,2023-12-01,2023-12-09,117.00,ON_HOLD
492,382,7,2025-01-09,2025-01-18,320.00,ON_HOLD
493,6,11,2026-04-07,2026-04-22,469.00,IN_PROGRESS
494,290,12,2026-03-16,2026-03-26,280.00,COMPLETED
495,27,7,2023-04-04,2023-04-14,689.00,COMPLETED
496,209,1,2024-07-14,2024-07-24,875.00,COMPLETED
497,207,1,2026-08-09,2026-08-18,838.00,ON_HOLD
498,304,3,2023-08-05,2023-08-09,836.00,ON_HOLD
499,218,12,2026-09-04,2026-09-18,355.00,IN_PROGRESS
500,179,3,2024-04-01,2024-04-06,206.00,IN_PROGRESS
501,455,1,2024-05-13,2024-05-26,896.00,COMPLETED
502,181,2,2025-09-28,2025-10-10,487.00,COMPLETED
503,351,2,2023-02-28,2023-03-15,390.00,COMPLETED
504,151,5,2024-09-30,2024-10-12,137.00,ON_HOLD
505,48,6,2025-04-22,2025-05-06,786.00,COMPLETED
506,15,4,2025-04-04,2025-04-12,90.00,IN_PROGRESS
507,473,10,2023-03-05,2023-03-10,352.00,COMPLETED
508,297,11,2023-11-14,2023-11-24,434.00,ON_HOLD
509,53,11,2023-08-13,2023-08-26,283.00,COMPLETED
510,95,6,2025-10-03,2025-10-06,626.00,COMPLETED
511,460,9,2026-01-11,2026-01-24,958.00,IN_PROGRESS
512,35,4,2023-07-23,2023-08-03,970.00,COMPLETED
513,190,4,2023-06-06,2023-06-19,861.00,COMPLETED
514,372,6,2026-06-01,2026-06-07,761.00,COMPLETED
515,401,4,2026-05-14,2026-05-17,807.00,IN_PROGRESS
516,450,6,2026-09-23,2026-09-30,749.00,IN_PROGRESS
517,94,1,2026-03-18,2026-03-30,392.00,COMPLETED
518,459,4,2023-01-06,2023-01-17,146.00,ON_HOLD
519,339,3,2024-03-31,2024-04-15,656.00,ON_HOLD
520,227,7,2024-11-27,2024-12-11,476.00,IN_PROGRESS
521,300,10,2024-09-07,2024-09-14,893.00,ON_HOLD
522,427,5,2025-07-06,2025-07-10,487.00,COMPLETED
523,127,3,2024-10-02,2024-10-17,502.00,IN_PROGRESS
524,72,1,2024-10-11,2024-10-26,175.00,COMPLETED
525,461,10,2025-10-25,2025-11-06,966.00,COMPLETED
526,360,11,2024-05-17,2024-05-22,870.00,COMPLETED
527,2,3,2023-08-25,2023-08-30,86.00,COMPLETED
528,267,12,2023-10-16,2023-11-01,886.00,COMPLETED
529,187,1,2023-01-11,2023-01-18,945.00,ON_HOLD
530,327,9,2024-09-28,2024-10-02,637.00,COMPLETED
531,462,9,2026-08-22,2026-09-06,314.00,COMPLETED
532,282,5,2024-04-06,2024-04-12,687.00,COMPLETED
533,222,11,2024-01-10,2024-01-25,132.00,COMPLETED
534,25,4,2026-06-23,2026-07-09,284.00,ON_HOLD
535,18,12,2025-10-04,2025-10-08,534.00,COMPLETED
536,179,1,2024-08-22,2024-09-05,488.00,COMPLETED
537,336,12,2026-04-26,2026-05-10,267.00,IN_PROGRESS
538,76,8,2024-07-30,2024-08-07,316.00,COMPLETED
539,471,8,2024-02-02,2024-02-16,814.00,COMPLETED
540,16,1,2024-02-13,2024-02-17,414.00,ON_HOLD
541,53,8,2023-09-17,2023-09-26,129.00,ON_HOLD
542,458,2,2025-10-08,2025-10-22,744.00,IN_PROGRESS
543,74,10,2025-02-12,2025-02-21,626.00,ON_HOLD
544,160,4,2023-03-20,2023-03-23,609.00,ON_HOLD
545,404,8,2023-12-05,2023-12-21,984.00,COMPLETED
546,3,5,2026-03-10,2026-03-19,694.00,ON_HOLD
547,47,6,2025-08-15,2025-08-28,199.00,COMPLETED
548,159,12,2024-04-09,2024-04-18,151.00,COMPLETED
549,395,9,2026-03-29,2026-04-01,125.00,COMPLETED
550,413,2,2026-06-17,2026-06-30,864.00,IN_PROGRESS
551,64,6,2026-06-13,2026-06-19,669.00,COMPLETED
552,180,5,2023-02-08,2023-02-24,600.00,IN_PROGRESS
553,182,10,2024-12-29,2025-01-01,116.00,IN_PROGRESS
554,50,2,2023-09-10,2023-09-16,419.00,IN_PROGRESS
555,64,1,2025-04-27,2025-05-11,692.00,COMPLETED
556,433,7,2026-01-28,2026-02-10,863.00,IN_PROGRESS
557,280,11,2023-03-20,2023-04-02,499.00,COMPLETED
558,212,6,2024-12-12,2024-12-23,841.00,ON_HOLD
559,496,12,2024-03-02,2024-03-11,769.00,COMPLETED
560,387,8,2025-06-27,2025-07-08,605.00,COMPLETED
561,441,9,2025-09-20,2025-10-03,814.00,IN_PROGRESS
562,298,7,2025-01-03,2025-01-19,584.00,COMPLETED
563,15,12,2024-04-04,2024-04-20,126.00,IN_PROGRESS
564,333,2,2026-01-03,2026-01-09,215.00,COMPLETED
565,278,6,2024-04-08,2024-04-19,62.00,COMPLETED
566,169,8,2024-06-16,2024-06-21,362.00,ON_HOLD
567,432,10,2026-09-28,2026-10-06,698.00,ON_HOLD
568,367,2,2024-09-12,2024-09-21,177.00,IN_PROGRESS
569,476,6,2025-10-12,2025-10-15,68.00,IN_PROGRESS
570,75,8,2025-09-03,2025-09-13,393.00,IN_PROGRESS
571,435,3,2024-04-30,2024-05-08,999.00,COMPLETED
572,273,1,2024-08-16,2024-08-21,688.00,COMPLETED
573,265,12,2024-10-27,2024-11-04,887.00,COMPLETED
574,299,12,2025-01-05,2025-01-20,187.00,ON_HOLD
575,401,9,2026-08-12,2026-08-20,231.00,COMPLETED
576,255,5,2025-09-13,2025-09-26,656.00,COMPLETED
577,345,5,2025-03-02,2025-03-07,209.00,IN_PROGRESS
578,74,1,2024-09-27,2024-10-02,984.00,IN_PROGRESS
579,197,12,2023-01-31,2023-02-12,166.00,ON_HOLD
580,242,8,2023-09-11,2023-09-18,582.00,COMPLETED
581,309,11,2026-01-10,2026-01-13,131.00,ON_HOLD
582,179,7,2025-07-09,2025-07-18,575.00,ON_HOLD
583,180,9,2026-08-06,2026-08-16,329.00,COMPLETED
584,154,5,2025-10-10,2025-10-17,864.00,COMPLETED
585,173,6,2026-07-24,2026-07-27,385.00,COMPLETED
586,213,5,2024-08-10,2024-08-15,265.00,COMPLETED
587,165,2,2024-02-27,2024-03-10,785.00,COMPLETED
588,242,4,2024-04-16,2024-04-27,766.00,IN_PROGRESS
589,264,7,2026-01-14,2026-01-24,704.00,IN_PROGRESS
590,277,2,2025-07-26,2025-07-30,771.00,COMPLETED
591,32,12,2023-11-22,2023-12-06,938.00,COMPLETED
592,421,1,2026-05-13,2026-05-27,975.00,ON_HOLD
593,301,12,2024-02-12,2024-02-23,930.00,IN_PROGRESS
594,123,4,2024-09-10,2024-09-17,524.00,COMPLETED
595,200,11,2024-01-04,2024-01-15,381.00,COMPLETED
596,441,11,2024-02-20,2024-03-01,643.00,IN_PROGRESS
597,129,5,2025-11-04,2025-11-13,451.00,ON_HOLD
598,240,12,2024-09-30,2024-10-03,408.00,COMPLETED
599,65,6,2023-07-20,2023-07-25,768.00,IN_PROGRESS
600,79,6,2026-05-16,2026-05-19,860.00,COMPLETED
601,99,2,2026-09-23,2026-10-06,267.00,COMPLETED
602,45,7,2024-09-06,2024-09-18,781.00,IN_PROGRESS
603,23,11,2025-07-21,2025-07-30,637.00,COMPLETED
604,390,2,2026-03-31,2026-04-10,877.00,IN_PROGRESS
605,431,12,2024-03-27,2024-04-01,261.00,COMPLETED
606,464,10,2023-09-06,2023-09-10,369.00,COMPLETED
607,49,6,2025-01-16,2025-01-28,747.00,COMPLETED
608,275,1,2026-01-11,2026-01-27,728.00,IN_PROGRESS
609,446,2,2023-09-03,2023-09-16,134.00,IN_PROGRESS
610,490,8,2023-01-09,2023-01-15,860.00,IN_PROGRESS
611,192,1,2025-01-31,2025-02-13,476.00,COMPLETED
612,498,1,2026-02-28,2026-03-12,588.00,IN_PROGRESS
613,487,2,2026-04-29,2026-05-02,901.00,ON_HOLD
614,42,9,2026-01-09,2026-01-13,979.00,COMPLETED
615,328,5,2024-04-29,2024-05-10,984.00,COMPLETED
616,336,1,2025-05-05,2025-05-12,170.00,COMPLETED
617,120,11,2024-08-08,2024-08-16,638.00,COMPLETED
618,230,6,2025-05-21,2025-06-04,749.00,COMPLETED
619,121,1,2024-06-06,2024-06-21,991.00,ON_HOLD
620,30,4,2024-01-30,2024-02-13,746.00,ON_HOLD
621,455,3,2025-07-11,2025-07-19,696.00,COMPLETED
622,151,11,2023-09-15,2023-09-28,202.00,COMPLETED
623,29,5,2026-03-04,2026-03-14,140.00,COMPLETED
624,28,3,2025-02-12,2025-02-20,708.00,IN_PROGRESS
625,122,3,2025-08-21,2025-08-29,560.00,COMPLETED
626,40,12,2023-02-13,2023-02-24,284.00,COMPLETED
627,196,10,2024-06-30,2024-07-07,64.00,ON_HOLD
628,69,6,2026-03-07,2026-03-11,700.00,COMPLETED
629,236,1,2024-04-18,2024-04-21,758.00,COMPLETED
630,399,4,2025-01-30,2025-02-10,845.00,COMPLETED
631,99,7,2025-10-31,2025-11-12,583.00,IN_PROGRESS
632,313,5,2024-02-07,2024-02-17,254.00,IN_PROGRESS
633,345,5,2024-09-05,2024-09-13,803.00,COMPLETED
634,154,5,2026-04-01,2026-04-16,945.00,COMPLETED
635,95,5,2024-06-17,2024-06-21,558.00,IN_PROGRESS
636,281,4,2025-06-03,2025-06-12,219.00,COMPLETED
637,296,1,2023-08-23,2023-09-05,515.00,IN_PROGRESS
638,408,8,2024-03-19,2024-03-25,464.00,COMPLETED
639,240,12,2023-10-05,2023-10-10,914.00,COMPLETED
640,80,10,2025-12-10,2025-12-20,701.00,IN_PROGRESS
641,277,9,2023-11-18,2023-12-02,676.00,COMPLETED
642,380,9,2023-02-24,2023-03-12,200.00,COMPLETED
643,419,2,2023-12-19,2024-01-01,845.00,ON_HOLD
644,298,6,2026-08-24,2026-09-07,350.00,COMPLETED
645,102,4,2025-07-31,2025-08-04,838.00,COMPLETED
646,455,5,2025-12-02,2025-12-14,860.00,ON_HOLD
647,498,1,2026-05-18,2026-06-01,738.00,ON_HOLD
648,368,3,2026-02-18,2026-03-04,642.00,IN_PROGRESS
649,372,11,2026-09-04,2026-09-10,481.00,IN_PROGRESS
650,167,9,2023-09-21,2023-09-25,562.00,IN_PROGRESS
651,259,6,2025-08-01,2025-08-11,652.00,COMPLETED
652,417,6,2024-02-01,2024-02-14,307.00,COMPLETED
653,61,10,2026-04-02,2026-04-06,857.00,ON_HOLD
654,41,1,2023-06-23,2023-06-28,575.00,ON_HOLD
655,341,8,2026-05-13,2026-05-17,535.00,COMPLETED
656,239,8,2023-11-16,2023-11-28,520.00,IN_PROGRESS
657,423,7,2023-06-12,2023-06-27,966.00,COMPLETED
658,54,4,2024-12-25,2024-12-31,242.00,IN_PROGRESS
659,496,3,2023-04-03,2023-04-10,576.00,ON_HOLD
660,133,12,2025-11-14,2025-11-25,940.00,COMPLETED
661,82,12,2024-04-30,2024-05-10,266.00,ON_HOLD
662,94,6,2025-04-20,2025-04-30,928.00,COMPLETED
663,149,3,2025-05-26,2025-05-31,323.00,ON_HOLD
664,325,1,2024-11-21,2024-12-04,653.00,COMPLETED
665,297,10,2023-04-08,2023-04-18,607.00,IN_PROGRESS
666,170,12,2024-05-16,2024-05-23,253.00,COMPLETED
667,13,7,2023-01-30,2023-02-11,316.00,IN_PROGRESS
668,470,3,2026-05-15,2026-05-31,445.00,COMPLETED
669,482,3,2023-01-13,2023-01-16,381.00,COMPLETED
670,142,4,2025-02-28,2025-03-03,64.00,COMPLETED
671,433,10,2023-09-10,2023-09-24,138.00,COMPLETED
672,286,5,2024-08-25,2024-08-31,582.00,COMPLETED
673,73,8,2025-02-03,2025-02-11,513.00,COMPLETED
674,31,12,2026-02-01,2026-02-10,355.00,ON_HOLD
675,200,7,2023-04-27,2023-05-07,948.00,ON_HOLD
676,235,5,2023-12-01,2023-12-17,751.00,COMPLETED
677,374,10,2023-09-21,2023-09-26,127.00,COMPLETED
678,323,6,2025-07-17,2025-08-01,529.00,ON_HOLD
679,326,6,2023-12-12,2023-12-26,333.00,COMPLETED
680,199,11,2024-04-27,2024-05-08,992.00,COMPLETED
681,186,6,2024-09-09,2024-09-25,822.00,ON_HOLD
682,68,1,2025-12-08,2025-12-22,727.00,COMPLETED
683,439,12,2023-07-15,2023-07-19,614.00,ON_HOLD
684,65,11,2023-09-02,2023-09-06,795.00,COMPLETED
685,205,7,2024-01-06,2024-01-10,867.00,IN_PROGRESS
686,18,10,2026-09-10,2026-09-20,384.00,IN_PROGRESS
687,412,7,2026-05-18,2026-05-27,557.00,COMPLETED
688,429,10,2023-02-26,2023-03-10,313.00,IN_PROGRESS
689,321,5,2026-08-30,2026-09-02,544.00,COMPLETED
690,341,10,2024-10-05,2024-10-10,389.00,COMPLETED
691,307,8,2026-08-09,2026-08-19,592.00,IN_PROGRESS
692,460,2,2024-09-23,2024-10-04,303.00,IN_PROGRESS
693,86,7,2023-12-17,2023-12-28,973.00,COMPLETED
694,32,12,2025-07-22,2025-08-04,861.00,ON_HOLD
695,39,12,2026-03-25,2026-04-02,445.00,ON_HOLD
696,94,9,2025-12-28,2026-01-04,140.00,COMPLETED
697,104,6,2025-01-18,2025-02-03,112.00,ON_HOLD
698,498,11,2023-07-22,2023-08-02,165.00,IN_PROGRESS
699,121,12,2025-11-26,2025-12-07,99.00,COMPLETED
700,73,3,2023-07-27,2023-07-30,530.00,IN_PROGRESS
701,107,2,2026-05-13,2026-05-16,459.00,COMPLETED
702,242,3,2023-02-03,2023-02-13,259.00,IN_PROGRESS
703,9,1,2025-07-10,2025-07-23,981.00,ON_HOLD
704,242,12,2023-01-07,2023-01-20,352.00,COMPLETED
705,18,7,2025-06-14,2025-06-25,808.00,COMPLETED
706,33,3,2024-10-24,2024-10-27,731.00,COMPLETED
707,314,2,2026-01-15,2026-01-22,823.00,COMPLETED
708,443,9,2024-03-09,2024-03-16,647.00,COMPLETED
709,481,6,2023-11-25,2023-12-02,925.00,IN_PROGRESS
710,443,6,2023-01-01,2023-01-15,201.00,COMPLETED
711,341,6,2023-03-19,2023-03-27,748.00,IN_PROGRESS
712,291,4,2023-08-25,2023-09-09,877.00,COMPLETED
713,287,11,2025-02-08,2025-02-17,940.00,ON_HOLD
714,199,10,2023-08-22,2023-09-06,525.00,COMPLETED
715,469,7,2025-12-02,2025-12-07,61.00,COMPLETED
716,62,10,2025-03-23,2025-04-04,763.00,ON_HOLD
717,193,2,2026-01-17,2026-01-21,203.00,COMPLETED
718,396,2,2025-08-11,2025-08-24,566.00,COMPLETED
719,98,6,2024-01-25,2024-01-30,858.00,COMPLETED
720,472,10,2024-03-07,2024-03-15,573.00,IN_PROGRESS
721,281,1,2023-02-20,2023-02-28,792.00,COMPLETED
722,224,3,2026-08-28,2026-09-13,610.00,ON_HOLD
723,252,3,2025-08-31,2025-09-08,580.00,COMPLETED
724,461,1,2023-05-26,2023-05-31,287.00,COMPLETED
725,102,9,2024-01-20,2024-01-23,451.00,COMPLETED
726,99,3,2023-12-03,2023-12-16,948.00,COMPLETED
727,401,11,2023-06-22,2023-06-29,705.00,ON_HOLD
728,359,2,2025-10-19,2025-10-22,71.00,COMPLETED
729,224,12,2024-04-22,2024-05-07,99.00,IN_PROGRESS
730,420,10,2025-08-30,2025-09-15,627.00,COMPLETED
731,166,1,2024-07-19,2024-07-26,837.00,ON_HOLD
732,370,10,2024-04-15,2024-04-28,172.00,COMPLETED
733,66,11,2025-04-07,2025-04-16,444.00,COMPLETED
734,98,10,2025-08-25,2025-09-07,742.00,COMPLETED
735,245,3,2025-06-10,2025-06-14,572.00,COMPLETED
736,60,2,2024-07-11,2024-07-16,661.00,COMPLETED
737,423,11,2026-09-18,2026-09-27,890.00,ON_HOLD
738,325,1,2025-10-02,2025-10-14,794.00,ON_HOLD
739,420,9,2023-01-27,2023-02-05,705.00,IN_PROGRESS
740,281,6,2025-04-19,2025-04-23,445.00,COMPLETED
741,243,6,2025-03-25,2025-03-30,867.00,COMPLETED
742,61,9,2023-07-28,2023-08-08,711.00,COMPLETED
743,396,2,2026-04-15,2026-04-30,868.00,IN_PROGRESS
744,239,2,2025-06-26,2025-07-03,484.00,COMPLETED
745,306,1,2025-06-03,2025-06-12,741.00,IN_PROGRESS
746,280,4,2023-07-29,2023-08-08,515.00,ON_HOLD
747,488,6,2026-06-22,2026-06-29,550.00,IN_PROGRESS
748,107,9,2025-10-15,2025-10-18,469.00,IN_PROGRESS
749,181,10,2025-12-21,2026-01-05,206.00,ON_HOLD
750,109,5,2026-02-20,2026-03-08,247.00,IN_PROGRESS
751,368,12,2024-02-08,2024-02-18,257.00,COMPLETED
752,364,2,2024-02-18,2024-02-28,337.00,COMPLETED
753,464,4,2024-11-09,2024-11-12,456.00,COMPLETED
754,113,8,2026-01-13,2026-01-24,443.00,COMPLETED
755,210,8,2025-01-19,2025-01-26,453.00,ON_HOLD
756,272,12,2023-01-24,2023-02-06,182.00,IN_PROGRESS
757,457,2,2026-02-13,2026-02-17,626.00,COMPLETED
758,102,8,2026-05-13,2026-05-23,471.00,COMPLETED
759,89,10,2026-04-06,2026-04-16,265.00,ON_HOLD
760,291,3,2023-02-06,2023-02-10,685.00,IN_PROGRESS
761,389,2,2025-02-18,2025-02-21,379.00,COMPLETED
762,414,3,2023-01-01,2023-01-13,441.00,IN_PROGRESS
763,162,2,2023-01-03,2023-01-17,52.00,COMPLETED
764,487,6,2025-04-15,2025-04-21,89.00,COMPLETED
765,297,1,2026-09-21,2026-10-03,566.00,IN_PROGRESS
766,72,9,2023-07-03,2023-07-18,967.00,COMPLETED
767,336,1,2023-03-27,2023-04-10,879.00,ON_HOLD
768,409,10,2023-11-09,2023-11-18,767.00,COMPLETED
769,362,6,2025-02-15,2025-02-23,384.00,COMPLETED
770,128,8,2024-04-23,2024-05-03,595.00,COMPLETED
771,446,2,2025-08-20,2025-08-26,494.00,COMPLETED
772,355,10,2024-12-31,2025-01-09,527.00,COMPLETED
773,418,5,2024-02-10,2024-02-23,943.00,COMPLETED
774,248,8,2026-07-04,2026-07-20,338.00,ON_HOLD
775,167,1,2023-01-10,2023-01-21,355.00,COMPLETED
776,118,7,2025-05-06,2025-05-12,109.00,IN_PROGRESS
777,204,12,2023-08-13,2023-08-16,482.00,ON_HOLD
778,215,11,2026-04-16,2026-04-30,837.00,COMPLETED
779,467,5,2023-01-27,2023-02-06,57.00,COMPLETED
780,23,9,2026-04-20,2026-04-30,655.00,COMPLETED
781,302,12,2023-06-21,2023-06-25,705.00,IN_PROGRESS
782,307,4,2024-11-19,2024-11-25,217.00,COMPLETED
783,108,11,2025-12-24,2026-01-02,486.00,ON_HOLD
784,127,5,2026-01-25,2026-02-10,761.00,IN_PROGRESS
785,115,1,2024-08-12,2024-08-21,318.00,COMPLETED
786,70,7,2024-03-04,2024-03-12,905.00,COMPLETED
787,12,7,2023-02-13,2023-02-19,507.00,COMPLETED
788,381,7,2026-01-02,2026-01-13,572.00,COMPLETED
789,477,2,2024-08-20,2024-09-01,787.00,IN_PROGRESS
790,162,7,2024-03-10,2024-03-16,695.00,COMPLETED
791,301,3,2023-05-15,2023-05-26,783.00,IN_PROGRESS
792,248,1,2025-02-21,2025-03-05,922.00,COMPLETED
793,25,5,2023-06-29,2023-07-02,799.00,IN_PROGRESS
794,34,3,2025-04-24,2025-05-02,957.00,COMPLETED
795,235,4,2023-02-06,2023-02-16,353.00,COMPLETED
796,334,4,2023-06-25,2023-07-06,570.00,COMPLETED
797,412,12,2026-04-26,2026-05-09,535.00,COMPLETED
798,191,2,2026-04-12,2026-04-24,688.00,COMPLETED
799,221,4,2025-02-24,2025-03-01,391.00,COMPLETED
800,450,12,2025-04-10,2025-04-19,685.00,ON_HOLD
801,406,3,2024-01-24,2024-01-27,439.00,COMPLETED
802,2,6,2026-03-02,2026-03-13,676.00,IN_PROGRESS
803,387,1,2025-11-26,2025-12-08,923.00,COMPLETED
804,425,7,2025-06-05,2025-06-18,326.00,COMPLETED
805,366,1,2023-01-26,2023-02-06,912.00,ON_HOLD
806,136,8,2023-06-07,2023-06-13,700.00,IN_PROGRESS
807,158,2,2024-03-06,2024-03-15,464.00,COMPLETED
808,251,8,2026-01-19,2026-01-23,245.00,COMPLETED
809,140,9,2025-04-13,2025-04-19,978.00,ON_HOLD
810,137,8,2023-03-09,2023-03-23,795.00,COMPLETED
811,279,12,2026-01-06,2026-01-09,110.00,ON_HOLD
812,192,8,2024-08-28,2024-09-13,591.00,COMPLETED
813,360,3,2025-05-16,2025-05-21,826.00,ON_HOLD
814,243,7,2024-05-04,2024-05-15,515.00,ON_HOLD
815,311,9,2025-09-18,2025-09-22,705.00,COMPLETED
816,498,3,2026-02-27,2026-03-03,647.00,ON_HOLD
817,248,12,2024-10-07,2024-10-10,448.00,COMPLETED
818,423,2,2026-08-30,2026-09-07,830.00,ON_HOLD
819,24,7,2023-03-26,2023-04-08,206.00,ON_HOLD
820,413,5,2024-02-12,2024-02-24,668.00,COMPLETED
821,466,9,2023-08-01,2023-08-11,72.00,IN_PROGRESS
822,260,11,2023-01-18,2023-02-02,722.00,COMPLETED
823,329,12,2023-04-04,2023-04-10,241.00,IN_PROGRESS
824,399,10,2026-03-21,2026-03-28,224.00,IN_PROGRESS
825,322,7,2026-09-18,2026-09-21,892.00,COMPLETED
826,389,5,2024-05-24,2024-06-03,365.00,COMPLETED
827,444,11,2025-08-17,2025-09-02,840.00,COMPLETED
828,336,6,2023-06-25,2023-07-04,451.00,IN_PROGRESS
829,471,4,2023-08-31,2023-09-08,845.00,COMPLETED
830,283,12,2026-02-09,2026-02-16,86.00,IN_PROGRESS
831,333,10,2026-04-08,2026-04-23,558.00,COMPLETED
832,359,4,2024-02-21,2024-03-02,415.00,COMPLETED
833,113,11,2024-09-15,2024-09-18,496.00,COMPLETED
834,373,3,2024-09-12,2024-09-23,548.00,ON_HOLD
835,118,4,2025-06-13,2025-06-21,726.00,COMPLETED
836,59,4,2025-03-13,2025-03-17,894.00,COMPLETED
837,70,2,2024-07-04,2024-07-19,522.00,COMPLETED
838,472,6,2023-07-05,2023-07-10,267.00,IN_PROGRESS
839,5,3,2023-07-27,2023-08-01,295.00,COMPLETED
840,139,9,2024-09-12,2024-09-28,767.00,COMPLETED
841,139,10,2023-07-29,2023-08-01,74.00,IN_PROGRESS
842,421,2,2023-11-07,2023-11-21,96.00,COMPLETED
843,446,4,2023-05-06,2023-05-17,844.00,ON_HOLD
844,274,8,2023-07-01,2023-07-07,536.00,IN_PROGRESS
845,409,3,2023-08-18,2023-08-31,71.00,ON_HOLD
846,113,8,2023-04-28,2023-05-10,763.00,COMPLETED
847,372,10,2026-08-14,2026-08-19,158.00,COMPLETED
848,225,11,2023-04-02,2023-04-10,631.00,IN_PROGRESS
849,162,3,2023-05-12,2023-05-15,81.00,COMPLETED
850,97,10,2023-12-04,2023-12-15,620.00,COMPLETED
851,310,11,2026-01-14,2026-01-19,873.00,ON_HOLD
852,1,7,2025-11-12,2025-11-19,620.00,IN_PROGRESS
853,240,5,2024-03-17,2024-03-30,527.00,COMPLETED
854,57,7,2026-01-28,2026-02-06,226.00,ON_HOLD
855,145,10,2024-10-14,2024-10-23,813.00,COMPLETED
856,101,2,2024-09-27,2024-10-09,869.00,COMPLETED
857,457,9,2023-04-24,2023-05-07,654.00,IN_PROGRESS
858,302,4,2026-03-27,2026-04-08,670.00,COMPLETED
859,483,1,2024-10-02,2024-10-05,909.00,COMPLETED
860,274,1,2025-05-15,2025-05-25,349.00,COMPLETED
861,260,5,2025-03-01,2025-03-17,602.00,COMPLETED
862,31,5,2025-07-23,2025-07-30,78.00,ON_HOLD
863,22,3,2025-06-16,2025-06-27,837.00,COMPLETED
864,243,3,2024-09-30,2024-10-06,373.00,COMPLETED
865,441,6,2025-12-20,2026-01-03,983.00,COMPLETED
866,440,5,2024-11-29,2024-12-12,75.00,COMPLETED
867,89,12,2023-04-27,2023-05-13,683.00,ON_HOLD
868,337,12,2023-12-30,2024-01-10,295.00,COMPLETED
869,406,7,2026-06-10,2026-06-26,728.00,COMPLETED
870,411,8,2025-09-04,2025-09-18,149.00,ON_HOLD
871,308,11,2025-11-10,2025-11-21,609.00,COMPLETED
872,120,9,2025-01-24,2025-02-06,226.00,IN_PROGRESS
873,340,8,2023-02-22,2023-02-28,888.00,ON_HOLD
874,457,4,2025-12-01,2025-12-10,181.00,COMPLETED
875,118,8,2024-04-06,2024-04-11,185.00,ON_HOLD
876,293,9,2024-02-12,2024-02-24,730.00,COMPLETED
877,229,4,2024-10-22,2024-11-05,538.00,ON_HOLD
878,29,1,2024-04-22,2024-04-30,504.00,IN_PROGRESS
879,283,3,2025-02-15,2025-02-25,463.00,IN_PROGRESS
880,443,2,2025-04-07,2025-04-21,481.00,COMPLETED
881,477,2,2026-02-14,2026-02-21,384.00,COMPLETED
882,108,4,2026-03-20,2026-03-26,765.00,COMPLETED
883,390,1,2023-03-02,2023-03-17,238.00,COMPLETED
884,237,6,2023-10-28,2023-11-01,74.00,COMPLETED
885,341,2,2024-02-28,2024-03-09,336.00,COMPLETED
886,367,3,2023-05-18,2023-05-26,649.00,COMPLETED
887,44,10,2026-06-28,2026-07-11,887.00,COMPLETED
888,77,2,2023-11-17,2023-11-27,619.00,IN_PROGRESS
889,235,8,2023-06-04,2023-06-18,153.00,COMPLETED
890,325,2,2023-03-01,2023-03-15,407.00,ON_HOLD
891,427,6,2026-09-17,2026-09-28,536.00,COMPLETED
892,169,10,2023-03-01,2023-03-06,278.00,COMPLETED
893,479,6,2025-09-15,2025-09-21,895.00,ON_HOLD
894,404,12,2026-01-08,2026-01-22,144.00,IN_PROGRESS
895,284,1,2024-11-13,2024-11-17,645.00,COMPLETED
896,68,11,2025-11-01,2025-11-13,179.00,COMPLETED
897,64,8,2024-11-05,2024-11-19,916.00,ON_HOLD
898,55,2,2025-05-28,2025-06-02,413.00,COMPLETED
899,164,4,2026-04-06,2026-04-13,818.00,COMPLETED
900,476,9,2023-09-16,2023-09-26,743.00,COMPLETED
901,141,1,2024-08-20,2024-08-25,282.00,IN_PROGRESS
902,301,12,2023-04-09,2023-04-25,563.00,ON_HOLD
903,87,12,2026-04-09,2026-04-14,660.00,COMPLETED
904,19,1,2025-08-03,2025-08-17,407.00,COMPLETED
905,206,1,2023-01-11,2023-01-16,412.00,COMPLETED
906,356,11,2026-01-09,2026-01-25,406.00,COMPLETED
907,356,9,2026-01-11,2026-01-24,140.00,COMPLETED
908,128,5,2026-03-27,2026-03-30,753.00,COMPLETED
909,111,11,2025-04-14,2025-04-30,110.00,IN_PROGRESS
910,103,4,2025-05-21,2025-05-27,535.00,IN_PROGRESS
911,95,11,2024-05-11,2024-05-25,114.00,COMPLETED
912,36,5,2024-04-29,2024-05-04,774.00,COMPLETED
913,436,12,2025-08-20,2025-09-01,151.00,COMPLETED
914,426,5,2023-12-06,2023-12-15,338.00,COMPLETED
915,329,9,2024-08-04,2024-08-19,64.00,IN_PROGRESS
916,460,9,2025-02-06,2025-02-19,909.00,COMPLETED
917,337,12,2023-08-17,2023-08-30,820.00,COMPLETED
918,443,3,2023-09-26,2023-10-11,518.00,ON_HOLD
919,480,12,2024-11-16,2024-11-28,101.00,COMPLETED
920,478,8,2025-01-27,2025-01-30,372.00,COMPLETED
921,286,9,2024-12-15,2024-12-20,320.00,COMPLETED
922,35,9,2023-12-30,2024-01-10,146.00,COMPLETED
923,278,12,2025-01-24,2025-01-30,802.00,COMPLETED
924,88,8,2024-07-18,2024-08-03,143.00,COMPLETED
925,126,10,2026-01-16,2026-01-19,412.00,ON_HOLD
926,245,2,2026-06-21,2026-07-06,409.00,ON_HOLD
927,266,12,2023-01-05,2023-01-16,402.00,IN_PROGRESS
928,453,5,2024-03-19,2024-03-23,493.00,COMPLETED
929,463,11,2023-05-22,2023-05-29,392.00,COMPLETED
930,326,4,2023-09-19,2023-10-03,246.00,ON_HOLD
931,198,5,2025-03-04,2025-03-07,79.00,COMPLETED
932,349,10,2024-10-05,2024-10-20,70.00,COMPLETED
933,329,3,2026-01-18,2026-02-01,478.00,IN_PROGRESS
934,401,4,2025-10-29,2025-11-02,425.00,COMPLETED
935,231,12,2025-12-09,2025-12-25,748.00,IN_PROGRESS
936,452,2,2024-12-27,2025-01-05,565.00,COMPLETED
937,212,12,2023-04-20,2023-05-03,897.00,IN_PROGRESS
938,201,3,2024-02-29,2024-03-06,59.00,COMPLETED
939,305,1,2024-10-10,2024-10-18,794.00,COMPLETED
940,334,6,2026-08-04,2026-08-08,541.00,IN_PROGRESS
941,456,6,2023-05-09,2023-05-19,530.00,ON_HOLD
942,252,11,2025-03-06,2025-03-22,283.00,COMPLETED
943,436,10,2024-05-14,2024-05-18,56.00,IN_PROGRESS
944,75,8,2026-04-13,2026-04-16,476.00,IN_PROGRESS
945,223,7,2025-01-04,2025-01-19,99.00,COMPLETED
946,254,10,2026-01-05,2026-01-09,57.00,IN_PROGRESS
947,418,2,2023-06-15,2023-06-30,135.00,COMPLETED
948,471,2,2024-03-10,2024-03-24,110.00,COMPLETED
949,62,11,2024-03-11,2024-03-20,171.00,COMPLETED
950,411,8,2026-09-04,2026-09-10,881.00,IN_PROGRESS
951,225,10,2023-11-07,2023-11-20,208.00,COMPLETED
952,30,5,2024-03-20,2024-03-29,426.00,COMPLETED
953,320,2,2026-04-14,2026-04-21,370.00,COMPLETED
954,348,1,2024-01-24,2024-01-29,955.00,ON_HOLD
955,122,5,2026-09-28,2026-10-02,736.00,IN_PROGRESS
956,195,10,2025-05-20,2025-05-24,423.00,COMPLETED
957,8,5,2026-09-02,2026-09-15,844.00,COMPLETED
958,361,2,2023-11-09,2023-11-18,850.00,COMPLETED
959,420,2,2023-04-30,2023-05-08,66.00,COMPLETED
960,391,10,2025-12-09,2025-12-20,720.00,COMPLETED
961,124,9,2024-06-20,2024-06-27,64.00,ON_HOLD
962,389,12,2025-03-31,2025-04-04,577.00,COMPLETED
963,84,12,2024-12-07,2024-12-11,677.00,COMPLETED
964,476,5,2026-03-02,2026-03-18,473.00,COMPLETED
965,343,12,2026-06-25,2026-06-30,517.00,COMPLETED
966,77,10,2024-05-01,2024-05-06,366.00,COMPLETED
967,333,3,2026-05-21,2026-05-30,846.00,COMPLETED
968,248,8,2026-05-12,2026-05-24,117.00,COMPLETED
969,66,11,2023-08-24,2023-09-02,482.00,ON_HOLD
970,146,12,2025-07-30,2025-08-14,709.00,COMPLETED
971,445,4,2024-04-05,2024-04-09,584.00,IN_PROGRESS
972,338,9,2026-02-11,2026-02-16,870.00,COMPLETED
973,487,6,2023-07-19,2023-07-24,898.00,COMPLETED
974,461,7,2024-06-21,2024-07-03,101.00,ON_HOLD
975,113,8,2026-04-08,2026-04-21,284.00,COMPLETED
976,259,1,2024-09-27,2024-10-05,526.00,IN_PROGRESS
977,344,11,2024-12-02,2024-12-16,382.00,ON_HOLD
978,399,9,2025-08-18,2025-08-29,68.00,COMPLETED
979,203,6,2026-07-03,2026-07-09,217.00,IN_PROGRESS
980,44,12,2026-06-15,2026-07-01,663.00,COMPLETED
981,80,7,2023-01-02,2023-01-06,588.00,IN_PROGRESS
982,305,10,2023-06-10,2023-06-14,61.00,COMPLETED
983,281,7,2023-10-30,2023-11-03,507.00,COMPLETED
984,300,4,2024-02-23,2024-03-04,348.00,ON_HOLD
985,211,12,2023-08-25,2023-08-29,219.00,ON_HOLD
986,352,3,2023-05-15,2023-05-29,205.00,COMPLETED
987,11,12,2026-08-26,2026-09-02,877.00,IN_PROGRESS
988,157,9,2024-09-10,2024-09-26,92.00,IN_PROGRESS
989,234,1,2024-03-09,2024-03-25,127.00,COMPLETED
990,342,4,2024-08-09,2024-08-21,250.00,ON_HOLD
991,334,5,2026-09-26,2026-10-10,773.00,COMPLETED
992,279,4,2024-11-12,2024-11-22,682.00,IN_PROGRESS
993,361,7,2023-10-25,2023-11-10,508.00,COMPLETED
994,260,9,2024-03-13,2024-03-16,536.00,IN_PROGRESS
995,2,1,2023-12-26,2023-12-30,425.00,ON_HOLD
996,369,8,2026-05-28,2026-05-31,951.00,ON_HOLD
997,119,1,2025-05-09,2025-05-24,84.00,COMPLETED
998,14,4,2025-07-31,2025-08-08,192.00,COMPLETED
999,398,6,2023-03-08,2023-03-13,104.00,COMPLETED
1000,56,5,2025-10-17,2025-10-29,683.00,IN_PROGRESS
1001,471,1,2024-07-18,2024-07-29,778.00,ON_HOLD
1002,45,2,2025-05-07,2025-05-22,121.00,COMPLETED
1003,194,7,2026-09-10,2026-09-25,568.00,COMPLETED
1004,247,3,2025-01-24,2025-02-08,405.00,COMPLETED
1005,114,8,2025-01-04,2025-01-20,943.00,COMPLETED
1006,79,9,2025-10-04,2025-10-14,423.00,ON_HOLD
1007,487,7,2026-02-16,2026-02-24,90.00,ON_HOLD
1008,247,5,2023-08-16,2023-08-21,243.00,ON_HOLD
1009,282,11,2024-05-06,2024-05-09,131.00,COMPLETED
1010,419,8,2023-12-09,2023-12-12,898.00,COMPLETED
1011,239,4,2024-07-19,2024-08-02,485.00,COMPLETED
1012,411,5,2024-03-11,2024-03-16,456.00,COMPLETED
1013,119,6,2026-06-25,2026-06-30,911.00,COMPLETED
1014,40,8,2025-09-01,2025-09-12,240.00,COMPLETED
1015,216,6,2024-12-03,2024-12-10,80.00,IN_PROGRESS
1016,255,4,2026-09-28,2026-10-12,237.00,ON_HOLD
1017,320,11,2025-09-05,2025-09-20,940.00,IN_PROGRESS
1018,55,5,2026-09-10,2026-09-26,270.00,COMPLETED
1019,24,12,2023-07-01,2023-07-07,253.00,COMPLETED
1020,67,10,2023-09-02,2023-09-06,131.00,COMPLETED
1021,420,9,2025-12-06,2025-12-19,489.00,ON_HOLD
1022,311,8,2024-06-18,2024-06-24,651.00,ON_HOLD
1023,386,9,2026-06-21,2026-06-28,195.00,ON_HOLD
1024,493,6,2024-08-27,2024-09-06,824.00,COMPLETED
1025,390,4,2026-05-09,2026-05-16,843.00,ON_HOLD
1026,307,12,2024-12-17,2024-12-31,618.00,COMPLETED
1027,117,4,2024-08-16,2024-09-01,365.00,COMPLETED
1028,411,8,2025-12-22,2025-12-30,668.00,COMPLETED
1029,486,5,2025-01-26,2025-02-01,136.00,COMPLETED
1030,18,9,2025-07-23,2025-07-29,127.00,COMPLETED
1031,273,6,2024-01-24,2024-01-31,884.00,IN_PROGRESS
1032,150,5,2023-11-15,2023-11-29,167.00,COMPLETED
1033,42,8,2023-12-26,2024-01-05,739.00,IN_PROGRESS
1034,120,10,2024-09-23,2024-10-03,440.00,ON_HOLD
1035,291,8,2023-12-09,2023-12-15,717.00,COMPLETED
1036,98,6,2025-11-04,2025-11-19,150.00,IN_PROGRESS
1037,61,9,2023-03-30,2023-04-15,924.00,COMPLETED
1038,108,3,2026-08-16,2026-08-25,137.00,COMPLETED
1039,83,6,2023-04-19,2023-04-22,74.00,COMPLETED
1040,18,7,2023-07-15,2023-07-30,812.00,COMPLETED
1041,238,9,2025-07-08,2025-07-13,839.00,ON_HOLD
1042,469,7,2023-08-18,2023-09-01,102.00,COMPLETED
1043,134,7,2024-09-29,2024-10-02,446.00,COMPLETED
1044,339,12,2023-05-17,2023-06-02,944.00,COMPLETED
1045,407,6,2023-07-21,2023-08-03,557.00,COMPLETED
1046,143,9,2024-05-29,2024-06-08,420.00,COMPLETED
1047,166,5,2025-12-25,2026-01-07,305.00,IN_PROGRESS
1048,270,3,2023-06-27,2023-07-03,682.00,COMPLETED
1049,195,5,2023-07-16,2023-08-01,491.00,COMPLETED
1050,488,10,2025-02-03,2025-02-16,604.00,ON_HOLD
1051,396,8,2025-10-03,2025-10-09,723.00,COMPLETED
1052,423,10,2025-06-15,2025-06-26,918.00,IN_PROGRESS
1053,468,4,2026-09-21,2026-10-05,274.00,COMPLETED
1054,460,9,2023-06-11,2023-06-25,749.00,COMPLETED
1055,30,4,2025-04-09,2025-04-14,255.00,COMPLETED
1056,334,5,2025-07-30,2025-08-11,802.00,COMPLETED
1057,32,8,2024-04-22,2024-05-06,722.00,IN_PROGRESS
1058,322,8,2023-06-23,2023-07-06,93.00,COMPLETED
1059,385,8,2023-09-24,2023-10-03,269.00,IN_PROGRESS
1060,308,6,2024-06-21,2024-06-24,596.00,COMPLETED
1061,326,2,2023-07-25,2023-08-08,679.00,COMPLETED
1062,444,5,2024-07-16,2024-07-20,586.00,ON_HOLD
1063,306,11,2024-08-11,2024-08-24,508.00,COMPLETED
1064,368,3,2026-09-19,2026-09-26,565.00,ON_HOLD
1065,432,6,2023-07-12,2023-07-26,325.00,COMPLETED
1066,74,6,2024-03-18,2024-03-23,190.00,COMPLETED
1067,390,8,2023-10-21,2023-10-26,963.00,ON_HOLD
1068,38,5,2025-03-09,2025-03-22,466.00,ON_HOLD
1069,352,3,2025-03-09,2025-03-15,271.00,ON_HOLD
1070,155,11,2026-10-01,2026-10-16,900.00,ON_HOLD
1071,405,12,2023-01-21,2023-01-25,194.00,COMPLETED
1072,494,12,2025-11-25,2025-12-06,977.00,IN_PROGRESS
1073,31,7,2026-07-17,2026-08-02,894.00,COMPLETED
1074,361,7,2023-01-21,2023-01-27,681.00,IN_PROGRESS
1075,32,12,2023-02-25,2023-03-07,797.00,COMPLETED
1076,440,10,2026-04-09,2026-04-12,213.00,ON_HOLD
1077,58,4,2024-01-10,2024-01-15,637.00,IN_PROGRESS
1078,496,10,2024-08-06,2024-08-19,750.00,COMPLETED
1079,457,1,2023-06-24,2023-06-28,82.00,ON_HOLD
1080,279,9,2025-10-02,2025-10-10,762.00,IN_PROGRESS
1081,327,4,2026-03-12,2026-03-24,736.00,IN_PROGRESS
1082,358,5,2024-01-24,2024-02-05,726.00,ON_HOLD
1083,492,11,2023-08-15,2023-08-21,613.00,ON_HOLD
1084,475,7,2024-11-18,2024-12-04,163.00,IN_PROGRESS
1085,102,10,2024-02-03,2024-02-08,661.00,COMPLETED
1086,12,5,2024-12-28,2025-01-03,371.00,COMPLETED
1087,357,10,2024-03-18,2024-03-26,712.00,COMPLETED
1088,120,6,2023-07-28,2023-08-03,532.00,COMPLETED
1089,241,5,2026-04-10,2026-04-22,416.00,COMPLETED
1090,24,3,2023-05-07,2023-05-16,480.00,IN_PROGRESS
1091,304,8,2023-03-24,2023-03-27,402.00,COMPLETED
1092,120,1,2023-06-16,2023-06-30,308.00,COMPLETED
1093,263,7,2023-10-27,2023-11-03,449.00,COMPLETED
1094,240,12,2026-07-20,2026-08-04,891.00,COMPLETED
1095,383,4,2023-05-05,2023-05-16,666.00,COMPLETED
1096,285,7,2026-03-30,2026-04-06,529.00,IN_PROGRESS
1097,472,9,2025-02-16,2025-03-03,863.00,COMPLETED
1098,382,9,2026-09-12,2026-09-20,953.00,COMPLETED
1099,163,12,2026-06-10,2026-06-20,468.00,COMPLETED
1100,14,8,2026-01-22,2026-01-25,889.00,ON_HOLD
1101,278,3,2024-09-23,2024-10-09,930.00,ON_HOLD
1102,471,7,2023-10-16,2023-10-20,854.00,COMPLETED
1103,134,9,2025-11-08,2025-11-24,525.00,COMPLETED
1104,193,8,2025-03-05,2025-03-16,744.00,COMPLETED
1105,342,1,2024-06-08,2024-06-19,258.00,ON_HOLD
1106,71,7,2025-01-11,2025-01-26,377.00,ON_HOLD
1107,279,8,2023-05-21,2023-06-06,666.00,COMPLETED
1108,132,1,2026-09-01,2026-09-16,112.00,ON_HOLD
1109,339,2,2025-03-14,2025-03-22,798.00,IN_PROGRESS
1110,313,9,2024-02-14,2024-02-19,138.00,COMPLETED
1111,388,12,2023-12-30,2024-01-10,186.00,IN_PROGRESS
1112,430,12,2025-08-21,2025-08-24,537.00,COMPLETED
1113,14,3,2025-09-13,2025-09-19,101.00,COMPLETED
1114,361,3,2026-03-10,2026-03-13,690.00,COMPLETED
1115,216,4,2025-11-15,2025-11-20,234.00,COMPLETED
1116,57,7,2025-09-05,2025-09-13,585.00,IN_PROGRESS
1117,268,11,2024-02-27,2024-03-10,858.00,COMPLETED
1118,145,6,2026-08-15,2026-08-19,293.00,COMPLETED
1119,235,6,2024-01-16,2024-01-30,288.00,ON_HOLD
1120,485,1,2026-03-12,2026-03-24,685.00,COMPLETED
1121,497,1,2024-10-05,2024-10-18,874.00,COMPLETED
1122,301,2,2024-09-03,2024-09-08,954.00,COMPLETED
1123,73,12,2023-02-08,2023-02-23,70.00,COMPLETED
1124,412,5,2023-10-25,2023-11-07,996.00,COMPLETED
1125,178,8,2023-02-17,2023-02-20,975.00,COMPLETED
1126,121,11,2023-05-31,2023-06-13,989.00,IN_PROGRESS
1127,267,4,2026-03-30,2026-04-08,204.00,COMPLETED
1128,12,11,2025-08-02,2025-08-13,235.00,COMPLETED
1129,218,12,2024-03-19,2024-04-04,316.00,COMPLETED
1130,51,6,2024-03-13,2024-03-22,256.00,COMPLETED
1131,65,5,2026-06-01,2026-06-16,216.00,IN_PROGRESS
1132,68,9,2026-08-05,2026-08-12,183.00,ON_HOLD
1133,237,11,2023-05-18,2023-05-30,888.00,ON_HOLD
1134,171,10,2023-11-02,2023-11-05,243.00,COMPLETED
1135,67,9,2024-07-11,2024-07-18,155.00,ON_HOLD
1136,85,9,2025-02-02,2025-02-05,748.00,IN_PROGRESS
1137,236,4,2024-11-28,2024-12-04,451.00,COMPLETED
1138,458,6,2025-08-30,2025-09-08,891.00,ON_HOLD
1139,298,7,2024-05-18,2024-06-01,939.00,COMPLETED
1140,498,12,2024-04-23,2024-04-27,326.00,COMPLETED
1141,424,11,2023-07-12,2023-07-24,332.00,COMPLETED
1142,465,6,2025-04-25,2025-05-09,450.00,COMPLETED
1143,69,3,2023-03-28,2023-04-08,457.00,ON_HOLD
1144,197,4,2024-04-14,2024-04-17,524.00,COMPLETED
1145,284,8,2026-02-25,2026-03-08,662.00,ON_HOLD
1146,403,2,2026-01-27,2026-02-06,519.00,COMPLETED
1147,211,5,2024-07-04,2024-07-15,815.00,ON_HOLD
1148,161,2,2024-07-23,2024-08-07,299.00,COMPLETED
1149,282,11,2026-09-11,2026-09-21,425.00,ON_HOLD
1150,61,1,2025-09-07,2025-09-16,209.00,ON_HOLD
1151,291,1,2023-08-12,2023-08-24,629.00,COMPLETED
1152,153,5,2025-01-17,2025-02-02,596.00,COMPLETED
1153,444,9,2024-03-30,2024-04-09,448.00,COMPLETED
1154,55,9,2023-08-26,2023-08-29,575.00,COMPLETED
1155,54,3,2024-11-07,2024-11-20,164.00,ON_HOLD
1156,438,12,2024-02-05,2024-02-11,292.00,ON_HOLD
1157,255,8,2024-06-18,2024-06-22,544.00,ON_HOLD
1158,161,11,2024-11-13,2024-11-20,804.00,ON_HOLD
1159,378,10,2023-12-26,2024-01-05,330.00,IN_PROGRESS
1160,428,11,2024-06-11,2024-06-18,783.00,IN_PROGRESS
1161,132,6,2026-04-12,2026-04-18,960.00,COMPLETED
1162,215,2,2023-01-11,2023-01-20,731.00,IN_PROGRESS
1163,316,7,2023-01-04,2023-01-17,574.00,ON_HOLD
1164,177,5,2025-08-17,2025-08-29,973.00,COMPLETED
1165,274,11,2026-02-23,2026-03-10,297.00,ON_HOLD
1166,141,4,2024-01-16,2024-01-29,429.00,COMPLETED
1167,356,12,2024-09-25,2024-10-11,645.00,COMPLETED
1168,412,3,2025-04-29,2025-05-04,850.00,COMPLETED
1169,336,4,2023-06-16,2023-07-02,572.00,COMPLETED
1170,432,3,2025-12-09,2025-12-21,198.00,ON_HOLD
1171,216,6,2026-06-07,2026-06-21,123.00,IN_PROGRESS
1172,206,11,2024-09-16,2024-09-23,169.00,COMPLETED
1173,321,7,2025-06-05,2025-06-12,619.00,COMPLETED
1174,253,4,2024-03-07,2024-03-19,855.00,ON_HOLD
1175,82,12,2023-07-19,2023-07-22,278.00,COMPLETED
1176,354,3,2024-10-27,2024-11-02,712.00,COMPLETED
1177,28,3,2023-04-21,2023-04-29,947.00,COMPLETED
1178,472,12,2024-07-16,2024-07-25,611.00,IN_PROGRESS
1179,228,4,2023-10-26,2023-11-09,152.00,ON_HOLD
1180,254,1,2025-09-21,2025-10-01,364.00,COMPLETED
1181,436,9,2025-09-08,2025-09-11,889.00,COMPLETED
1182,170,2,2026-03-27,2026-04-07,789.00,IN_PROGRESS
1183,234,1,2025-07-27,2025-08-01,386.00,ON_HOLD
1184,67,8,2024-04-24,2024-04-29,764.00,IN_PROGRESS
1185,102,5,2025-04-12,2025-04-28,140.00,COMPLETED
1186,191,11,2023-04-21,2023-05-01,444.00,COMPLETED
1187,82,7,2023-09-17,2023-09-21,208.00,IN_PROGRESS
1188,183,10,2023-06-15,2023-06-23,524.00,COMPLETED
1189,427,11,2023-07-17,2023-08-02,819.00,COMPLETED
1190,150,11,2024-02-07,2024-02-20,950.00,IN_PROGRESS
1191,42,1,2026-03-10,2026-03-20,262.00,COMPLETED
1192,83,4,2024-11-06,2024-11-16,244.00,ON_HOLD
1193,145,12,2023-07-14,2023-07-18,256.00,COMPLETED
1194,219,6,2024-02-22,2024-02-29,432.00,COMPLETED
1195,322,8,2025-10-18,2025-11-02,264.00,COMPLETED
1196,49,8,2023-11-25,2023-11-30,268.00,COMPLETED
1197,378,9,2025-02-16,2025-03-01,470.00,IN_PROGRESS
1198,52,7,2023-02-22,2023-02-26,309.00,COMPLETED
1199,380,1,2025-03-15,2025-03-29,477.00,COMPLETED
1200,348,9,2025-09-16,2025-09-21,691.00,COMPLETED
1201,290,7,2024-07-17,2024-07-31,841.00,IN_PROGRESS
1202,428,3,2023-04-19,2023-04-27,789.00,COMPLETED
1203,330,6,2024-01-12,2024-01-28,173.00,IN_PROGRESS
1204,36,3,2024-08-24,2024-09-01,737.00,COMPLETED
1205,266,5,2026-09-17,2026-09-27,809.00,COMPLETED
1206,206,10,2023-08-30,2023-09-08,136.00,COMPLETED
1207,425,4,2024-07-25,2024-08-01,107.00,IN_PROGRESS
1208,341,5,2026-09-18,2026-09-29,663.00,IN_PROGRESS
1209,182,11,2023-05-17,2023-05-30,719.00,IN_PROGRESS
1210,79,4,2024-04-16,2024-04-22,265.00,COMPLETED
1211,412,2,2023-04-09,2023-04-17,717.00,COMPLETED
1212,3,10,2024-11-25,2024-12-07,670.00,COMPLETED
1213,202,12,2023-09-19,2023-09-24,485.00,COMPLETED
1214,295,3,2023-06-14,2023-06-19,809.00,ON_HOLD
1215,342,3,2023-06-18,2023-07-02,649.00,COMPLETED
1216,443,11,2023-08-02,2023-08-11,231.00,COMPLETED
1217,36,6,2023-09-18,2023-09-22,364.00,COMPLETED
1218,38,8,2026-01-30,2026-02-15,957.00,ON_HOLD
1219,132,9,2024-09-25,2024-10-09,556.00,COMPLETED
1220,406,12,2023-12-06,2023-12-14,477.00,IN_PROGRESS
1221,323,3,2026-05-03,2026-05-06,862.00,COMPLETED
1222,134,9,2024-04-02,2024-04-05,239.00,IN_PROGRESS
1223,312,8,2024-03-26,2024-04-01,617.00,COMPLETED
1224,494,6,2024-07-25,2024-07-31,177.00,COMPLETED
1225,403,9,2025-05-28,2025-06-12,501.00,COMPLETED
1226,119,2,2026-06-03,2026-06-18,412.00,COMPLETED
1227,55,12,2023-04-23,2023-05-07,952.00,ON_HOLD
1228,54,7,2024-06-18,2024-06-23,942.00,COMPLETED
1229,467,4,2025-09-28,2025-10-12,594.00,COMPLETED
1230,121,12,2026-06-19,2026-07-03,641.00,COMPLETED
1231,383,6,2026-06-05,2026-06-12,991.00,IN_PROGRESS
1232,454,5,2023-02-13,2023-02-26,674.00,IN_PROGRESS
1233,210,5,2025-07-11,2025-07-21,556.00,COMPLETED
1234,467,7,2023-05-10,2023-05-13,798.00,IN_PROGRESS
1235,391,10,2023-08-19,2023-08-27,919.00,COMPLETED
1236,91,12,2025-05-15,2025-05-25,993.00,ON_HOLD
1237,202,12,2024-12-06,2024-12-14,293.00,COMPLETED
1238,324,6,2026-08-01,2026-08-17,862.00,COMPLETED
1239,5,1,2023-04-29,2023-05-04,592.00,COMPLETED
1240,291,4,2023-10-03,2023-10-13,351.00,COMPLETED
1241,7,10,2026-03-28,2026-04-02,266.00,ON_HOLD
1242,57,6,2023-01-07,2023-01-22,903.00,COMPLETED
1243,303,10,2026-03-30,2026-04-12,794.00,IN_PROGRESS
1244,476,10,2024-09-11,2024-09-20,983.00,ON_HOLD
1245,205,10,2023-06-18,2023-06-22,632.00,COMPLETED
1246,424,5,2025-10-25,2025-11-05,874.00,ON_HOLD
1247,86,12,2026-08-08,2026-08-17,155.00,ON_HOLD
1248,351,7,2026-03-08,2026-03-18,706.00,COMPLETED
1249,74,12,2025-07-14,2025-07-21,580.00,COMPLETED
1250,111,11,2025-05-14,2025-05-29,747.00,ON_HOLD
1251,480,9,2026-06-23,2026-06-26,520.00,COMPLETED
1252,488,3,2025-10-30,2025-11-05,610.00,IN_PROGRESS
1253,60,12,2026-02-01,2026-02-14,364.00,IN_PROGRESS
1254,229,3,2023-06-13,2023-06-25,688.00,COMPLETED
1255,208,4,2025-07-12,2025-07-17,617.00,COMPLETED
1256,46,12,2023-06-24,2023-07-06,173.00,COMPLETED
1257,152,6,2024-06-29,2024-07-04,939.00,COMPLETED
1258,450,4,2023-01-23,2023-02-05,597.00,COMPLETED
1259,111,9,2024-05-01,2024-05-17,696.00,COMPLETED
1260,422,11,2024-03-27,2024-04-04,441.00,IN_PROGRESS
1261,79,6,2025-04-29,2025-05-15,165.00,COMPLETED
1262,430,11,2023-03-18,2023-04-02,848.00,ON_HOLD
1263,267,6,2026-04-13,2026-04-26,57.00,COMPLETED
1264,237,2,2023-06-26,2023-07-08,669.00,COMPLETED
1265,360,10,2024-12-15,2024-12-29,387.00,COMPLETED
1266,204,2,2023-06-23,2023-07-04,499.00,IN_PROGRESS
1267,329,3,2026-08-22,2026-09-01,257.00,COMPLETED
1268,301,6,2023-12-26,2024-01-10,900.00,ON_HOLD
1269,481,8,2023-09-08,2023-09-19,723.00,IN_PROGRESS
1270,421,7,2024-06-03,2024-06-12,974.00,COMPLETED
1271,16,12,2026-07-31,2026-08-10,601.00,IN_PROGRESS
1272,174,6,2024-06-17,2024-06-22,844.00,IN_PROGRESS
1273,419,11,2023-02-17,2023-02-21,356.00,COMPLETED
1274,463,12,2023-02-07,2023-02-11,218.00,ON_HOLD
1275,234,1,2026-07-26,2026-08-02,589.00,COMPLETED
1276,272,9,2026-04-29,2026-05-03,573.00,COMPLETED
1277,321,2,2026-09-09,2026-09-25,247.00,COMPLETED
1278,315,8,2023-09-14,2023-09-22,506.00,COMPLETED
1279,166,4,2024-10-01,2024-10-11,488.00,ON_HOLD
1280,441,3,2023-03-22,2023-04-04,187.00,ON_HOLD
1281,320,12,2026-02-13,2026-02-26,216.00,IN_PROGRESS
1282,5,10,2023-07-23,2023-07-28,441.00,COMPLETED
1283,417,5,2026-06-11,2026-06-20,297.00,COMPLETED
1284,469,5,2025-08-30,2025-09-12,352.00,IN_PROGRESS
1285,200,7,2025-05-14,2025-05-30,847.00,IN_PROGRESS
1286,220,6,2025-07-31,2025-08-09,463.00,COMPLETED
1287,184,3,2024-11-10,2024-11-18,339.00,IN_PROGRESS
1288,113,10,2024-10-25,2024-11-05,540.00,COMPLETED
1289,290,5,2023-03-14,2023-03-23,558.00,COMPLETED
1290,331,12,2024-04-15,2024-04-22,639.00,ON_HOLD
1291,47,5,2023-08-20,2023-09-01,655.00,ON_HOLD
1292,108,7,2024-05-28,2024-06-12,927.00,COMPLETED
1293,72,1,2026-03-05,2026-03-21,866.00,COMPLETED
1294,326,8,2024-07-19,2024-07-25,427.00,IN_PROGRESS
1295,234,6,2025-03-07,2025-03-21,772.00,COMPLETED
1296,385,1,2024-02-12,2024-02-19,276.00,COMPLETED
1297,298,2,2024-04-14,2024-04-28,737.00,COMPLETED
1298,161,3,2024-05-03,2024-05-18,70.00,COMPLETED
1299,286,11,2025-07-17,2025-07-29,259.00,COMPLETED
1300,29,3,2025-10-16,2025-10-23,623.00,IN_PROGRESS
1301,47,2,2024-06-26,2024-07-09,723.00,COMPLETED
1302,379,7,2025-07-29,2025-08-03,951.00,ON_HOLD
1303,467,11,2026-02-25,2026-03-11,187.00,COMPLETED
1304,271,6,2023-12-01,2023-12-17,341.00,COMPLETED
1305,343,5,2023-06-05,2023-06-18,961.00,IN_PROGRESS
1306,253,4,2026-09-24,2026-10-03,544.00,IN_PROGRESS
1307,347,10,2024-05-24,2024-05-31,792.00,COMPLETED
1308,457,11,2026-06-06,2026-06-09,259.00,COMPLETED
1309,481,3,2024-04-27,2024-05-03,809.00,IN_PROGRESS
1310,325,5,2024-07-14,2024-07-27,392.00,COMPLETED
1311,472,8,2023-11-04,2023-11-14,271.00,COMPLETED
1312,195,1,2023-06-15,2023-06-29,342.00,IN_PROGRESS
1313,193,6,2026-04-28,2026-05-04,933.00,COMPLETED
1314,99,1,2023-04-07,2023-04-18,542.00,COMPLETED
1315,376,9,2026-02-27,2026-03-15,99.00,COMPLETED
1316,56,3,2026-09-20,2026-10-06,777.00,COMPLETED
1317,462,7,2024-12-17,2024-12-31,395.00,COMPLETED
1318,198,4,2024-12-03,2024-12-13,838.00,COMPLETED
1319,497,6,2023-01-26,2023-02-05,391.00,COMPLETED
1320,417,2,2023-03-14,2023-03-17,830.00,ON_HOLD
1321,126,5,2025-09-16,2025-09-24,752.00,IN_PROGRESS
1322,72,5,2025-10-25,2025-11-03,859.00,COMPLETED
1323,441,11,2023-07-12,2023-07-23,869.00,ON_HOLD
1324,138,7,2023-10-27,2023-10-31,683.00,COMPLETED
1325,31,12,2025-11-23,2025-11-27,475.00,COMPLETED
1326,47,2,2023-10-26,2023-11-10,672.00,COMPLETED
1327,381,12,2025-01-04,2025-01-15,835.00,COMPLETED
1328,185,6,2026-01-16,2026-01-19,183.00,COMPLETED
1329,189,5,2024-01-25,2024-02-02,385.00,ON_HOLD
1330,29,1,2024-08-21,2024-08-28,233.00,ON_HOLD
1331,22,12,2026-01-03,2026-01-19,986.00,IN_PROGRESS
1332,195,12,2025-11-06,2025-11-12,413.00,IN_PROGRESS
1333,57,8,2024-02-14,2024-02-24,946.00,COMPLETED
1334,234,8,2026-06-13,2026-06-17,755.00,COMPLETED
1335,265,12,2024-11-20,2024-12-04,751.00,IN_PROGRESS
1336,362,5,2023-07-28,2023-08-11,531.00,IN_PROGRESS
1337,83,8,2026-01-06,2026-01-11,365.00,COMPLETED
1338,331,8,2024-06-15,2024-06-27,134.00,COMPLETED
1339,416,7,2026-04-09,2026-04-22,146.00,IN_PROGRESS
1340,363,6,2025-05-13,2025-05-22,548.00,COMPLETED
1341,418,7,2026-06-14,2026-06-27,317.00,COMPLETED
1342,347,2,2026-05-16,2026-05-30,982.00,IN_PROGRESS
1343,247,7,2024-11-07,2024-11-22,634.00,COMPLETED
1344,392,10,2026-01-28,2026-02-11,706.00,ON_HOLD
1345,251,4,2025-01-24,2025-01-27,379.00,COMPLETED
1346,175,6,2026-06-09,2026-06-15,668.00,IN_PROGRESS
1347,405,8,2025-06-24,2025-07-09,303.00,IN_PROGRESS
1348,435,10,2026-06-23,2026-07-08,863.00,COMPLETED
1349,117,12,2025-02-16,2025-02-22,396.00,IN_PROGRESS
1350,318,4,2025-02-14,2025-02-28,830.00,COMPLETED
1351,375,10,2025-12-28,2026-01-07,394.00,COMPLETED
1352,154,8,2024-06-26,2024-07-11,744.00,ON_HOLD
1353,24,8,2026-02-01,2026-02-06,590.00,COMPLETED
1354,355,3,2023-09-05,2023-09-17,623.00,COMPLETED
1355,400,11,2025-11-28,2025-12-01,680.00,ON_HOLD
1356,372,11,2026-01-31,2026-02-04,324.00,COMPLETED
1357,19,11,2025-06-20,2025-06-28,354.00,IN_PROGRESS
1358,332,7,2024-03-31,2024-04-12,972.00,IN_PROGRESS
1359,334,5,2025-08-10,2025-08-13,254.00,COMPLETED
1360,443,2,2026-03-12,2026-03-18,643.00,COMPLETED
1361,344,11,2023-07-25,2023-08-07,53.00,IN_PROGRESS
1362,65,1,2025-01-03,2025-01-19,472.00,IN_PROGRESS
1363,413,9,2025-02-22,2025-02-26,425.00,COMPLETED
1364,207,3,2025-01-16,2025-01-21,650.00,COMPLETED
1365,462,3,2024-02-22,2024-02-27,729.00,COMPLETED
1366,89,3,2026-05-04,2026-05-12,795.00,COMPLETED
1367,469,7,2025-11-03,2025-11-12,708.00,COMPLETED
1368,498,10,2024-05-12,2024-05-17,620.00,ON_HOLD
1369,33,6,2024-04-11,2024-04-27,412.00,IN_PROGRESS
1370,43,3,2023-06-03,2023-06-06,601.00,COMPLETED
1371,455,8,2025-12-19,2026-01-03,910.00,ON_HOLD
1372,325,3,2025-02-21,2025-02-24,359.00,IN_PROGRESS
1373,470,3,2024-06-23,2024-06-27,442.00,ON_HOLD
1374,317,5,2026-08-12,2026-08-17,968.00,ON_HOLD
1375,106,5,2024-05-03,2024-05-16,642.00,ON_HOLD
1376,199,9,2023-08-29,2023-09-13,64.00,COMPLETED
1377,327,8,2025-04-09,2025-04-19,242.00,IN_PROGRESS
1378,159,2,2025-12-21,2025-12-24,829.00,COMPLETED
1379,349,2,2023-06-10,2023-06-20,724.00,COMPLETED
1380,75,6,2025-10-22,2025-11-06,702.00,ON_HOLD
1381,239,2,2023-05-19,2023-06-04,269.00,ON_HOLD
1382,222,2,2024-08-18,2024-08-28,792.00,COMPLETED
1383,299,6,2024-07-08,2024-07-19,976.00,IN_PROGRESS
1384,458,12,2023-09-23,2023-10-06,573.00,COMPLETED
1385,347,5,2024-01-13,2024-01-17,755.00,COMPLETED
1386,421,6,2023-07-09,2023-07-17,170.00,COMPLETED
1387,421,11,2024-12-01,2024-12-16,885.00,COMPLETED
1388,443,7,2024-02-19,2024-03-03,248.00,COMPLETED
1389,161,7,2026-06-03,2026-06-15,860.00,COMPLETED
1390,16,4,2026-04-10,2026-04-16,612.00,COMPLETED
1391,475,7,2024-07-25,2024-08-10,617.00,COMPLETED
1392,97,10,2023-03-11,2023-03-22,160.00,COMPLETED
1393,400,5,2024-10-16,2024-10-26,835.00,IN_PROGRESS
1394,438,11,2023-01-26,2023-02-06,430.00,ON_HOLD
1395,8,12,2025-01-03,2025-01-09,687.00,COMPLETED
1396,187,8,2024-08-14,2024-08-30,676.00,ON_HOLD
1397,16,1,2024-07-14,2024-07-17,306.00,COMPLETED
1398,139,2,2023-01-04,2023-01-14,473.00,ON_HOLD
1399,267,2,2026-01-18,2026-01-22,248.00,COMPLETED
1400,99,5,2025-12-22,2025-12-26,73.00,IN_PROGRESS
1401,43,4,2025-02-11,2025-02-25,330.00,COMPLETED
1402,259,10,2024-11-01,2024-11-13,852.00,ON_HOLD
1403,460,4,2023-02-15,2023-02-20,326.00,COMPLETED
1404,62,2,2026-03-15,2026-03-31,285.00,IN_PROGRESS
1405,428,10,2023-12-25,2024-01-10,854.00,COMPLETED
1406,149,12,2023-07-08,2023-07-16,987.00,COMPLETED
1407,249,11,2025-11-01,2025-11-14,386.00,IN_PROGRESS
1408,170,10,2023-08-17,2023-08-21,579.00,COMPLETED
1409,15,7,2025-07-24,2025-07-29,701.00,COMPLETED
1410,160,12,2023-10-12,2023-10-18,587.00,COMPLETED
1411,348,10,2024-03-05,2024-03-21,844.00,ON_HOLD
1412,211,10,2026-05-01,2026-05-08,682.00,COMPLETED
1413,24,10,2026-08-07,2026-08-19,146.00,COMPLETED
1414,62,9,2024-06-10,2024-06-22,717.00,IN_PROGRESS
1415,187,9,2024-10-12,2024-10-25,843.00,COMPLETED
1416,346,10,2023-04-02,2023-04-15,894.00,IN_PROGRESS
1417,349,3,2024-05-31,2024-06-14,601.00,COMPLETED
1418,155,4,2024-07-03,2024-07-06,222.00,COMPLETED
1419,198,12,2025-05-15,2025-05-23,105.00,COMPLETED
1420,323,2,2023-10-30,2023-11-04,532.00,ON_HOLD
1421,307,10,2024-08-06,2024-08-19,672.00,COMPLETED
1422,277,7,2023-07-17,2023-08-02,562.00,IN_PROGRESS
1423,159,3,2024-01-08,2024-01-23,104.00,COMPLETED
1424,204,6,2024-06-16,2024-06-24,971.00,COMPLETED
1425,451,1,2025-01-12,2025-01-22,303.00,IN_PROGRESS
1426,455,10,2024-10-11,2024-10-22,85.00,COMPLETED
1427,201,1,2025-01-23,2025-01-31,537.00,COMPLETED
1428,432,7,2026-03-13,2026-03-20,961.00,COMPLETED
1429,457,5,2025-07-07,2025-07-15,132.00,IN_PROGRESS
1430,31,11,2024-01-18,2024-01-27,389.00,COMPLETED
1431,444,2,2024-10-25,2024-11-05,649.00,ON_HOLD
1432,466,8,2026-08-17,2026-08-25,932.00,COMPLETED
1433,203,3,2025-03-18,2025-03-29,784.00,COMPLETED
1434,153,3,2025-08-21,2025-08-28,722.00,COMPLETED
1435,274,12,2025-10-23,2025-10-28,561.00,ON_HOLD
1436,473,5,2025-07-11,2025-07-18,570.00,COMPLETED
1437,194,8,2023-01-15,2023-01-28,794.00,COMPLETED
1438,458,10,2025-07-18,2025-07-26,955.00,COMPLETED
1439,129,8,2023-05-08,2023-05-19,640.00,COMPLETED
1440,443,4,2026-08-15,2026-08-22,190.00,COMPLETED
1441,408,3,2026-08-21,2026-09-01,408.00,COMPLETED
1442,134,7,2026-08-16,2026-08-23,614.00,COMPLETED
1443,199,12,2023-05-07,2023-05-15,321.00,COMPLETED
1444,221,7,2024-04-02,2024-04-18,166.00,COMPLETED
1445,363,4,2024-01-24,2024-01-30,791.00,IN_PROGRESS
1446,329,6,2025-09-19,2025-10-03,515.00,COMPLETED
1447,439,10,2025-07-30,2025-08-14,758.00,IN_PROGRESS
1448,358,9,2023-08-08,2023-08-12,567.00,COMPLETED
1449,383,10,2024-10-25,2024-10-30,812.00,COMPLETED
1450,336,2,2024-02-25,2024-03-07,942.00,IN_PROGRESS
1451,333,2,2026-06-06,2026-06-09,99.00,ON_HOLD
1452,179,3,2025-05-29,2025-06-02,954.00,COMPLETED
1453,327,6,2024-07-23,2024-07-30,754.00,ON_HOLD
1454,212,4,2024-11-10,2024-11-14,374.00,COMPLETED
1455,146,5,2025-03-07,2025-03-15,897.00,COMPLETED
1456,210,12,2023-05-16,2023-05-30,358.00,IN_PROGRESS
1457,235,5,2025-11-12,2025-11-24,446.00,COMPLETED
1458,28,7,2025-04-23,2025-04-29,178.00,COMPLETED
1459,382,4,2025-02-01,2025-02-05,170.00,COMPLETED
1460,124,4,2026-06-27,2026-07-11,292.00,COMPLETED
1461,465,11,2026-06-16,2026-06-23,891.00,COMPLETED
1462,417,5,2024-01-03,2024-01-15,847.00,COMPLETED
1463,9,7,2025-05-16,2025-05-25,161.00,IN_PROGRESS
1464,147,9,2023-05-12,2023-05-16,526.00,COMPLETED
1465,248,10,2025-04-23,2025-05-03,920.00,COMPLETED
1466,149,9,2025-01-01,2025-01-11,636.00,COMPLETED
1467,277,4,2023-10-06,2023-10-16,259.00,COMPLETED
1468,464,10,2024-08-23,2024-09-03,583.00,COMPLETED
1469,92,5,2023-12-12,2023-12-26,402.00,ON_HOLD
1470,33,4,2026-01-20,2026-01-30,722.00,COMPLETED
1471,94,12,2026-05-07,2026-05-23,453.00,IN_PROGRESS
1472,354,5,2025-02-19,2025-03-07,239.00,COMPLETED
1473,300,5,2023-08-04,2023-08-10,74.00,IN_PROGRESS
1474,109,12,2024-07-01,2024-07-06,251.00,COMPLETED
1475,365,10,2026-01-27,2026-02-04,592.00,COMPLETED
1476,139,11,2026-05-15,2026-05-24,860.00,COMPLETED
1477,190,9,2026-06-16,2026-06-29,870.00,ON_HOLD
1478,240,3,2023-12-16,2023-12-21,508.00,IN_PROGRESS
1479,232,5,2023-06-04,2023-06-14,556.00,IN_PROGRESS
1480,299,11,2026-03-19,2026-03-29,464.00,IN_PROGRESS
1481,343,3,2026-04-03,2026-04-14,664.00,COMPLETED
1482,407,7,2025-07-01,2025-07-07,449.00,COMPLETED
1483,383,8,2023-08-09,2023-08-18,273.00,COMPLETED
1484,152,6,2026-07-28,2026-08-11,476.00,COMPLETED
1485,25,5,2025-04-21,2025-05-05,769.00,COMPLETED
1486,173,7,2023-12-24,2024-01-07,750.00,COMPLETED
1487,288,1,2024-08-25,2024-09-03,603.00,IN_PROGRESS
1488,326,1,2025-11-02,2025-11-15,603.00,IN_PROGRESS
1489,146,4,2025-06-08,2025-06-18,284.00,IN_PROGRESS
1490,275,2,2026-01-02,2026-01-11,787.00,COMPLETED
1491,446,9,2023-01-31,2023-02-04,67.00,COMPLETED
1492,270,10,2024-02-24,2024-03-04,601.00,COMPLETED
1493,300,10,2023-08-29,2023-09-14,588.00,COMPLETED
1494,154,6,2024-04-21,2024-04-28,598.00,COMPLETED
1495,443,12,2024-03-17,2024-04-01,239.00,COMPLETED
1496,35,6,2025-06-17,2025-06-20,102.00,COMPLETED
1497,136,8,2026-08-11,2026-08-19,220.00,ON_HOLD
1498,463,1,2024-06-27,2024-07-04,679.00,COMPLETED
1499,246,2,2025-01-07,2025-01-16,662.00,IN_PROGRESS
1500,216,10,2023-07-07,2023-07-13,568.00,IN_PROGRESS
1501,398,6,2024-06-16,2024-07-02,342.00,COMPLETED
1502,452,4,2025-05-04,2025-05-15,216.00,COMPLETED
1503,246,5,2023-10-23,2023-10-31,569.00,COMPLETED
1504,487,2,2023-11-30,2023-12-07,389.00,COMPLETED
1505,178,9,2024-06-04,2024-06-14,890.00,ON_HOLD
1506,467,2,2024-08-03,2024-08-10,975.00,IN_PROGRESS
1507,124,6,2023-10-14,2023-10-25,604.00,COMPLETED
1508,419,10,2026-03-22,2026-03-28,437.00,IN_PROGRESS
1509,47,10,2024-08-29,2024-09-03,909.00,COMPLETED
1510,260,9,2026-07-11,2026-07-23,527.00,COMPLETED
1511,500,10,2023-04-12,2023-04-22,203.00,IN_PROGRESS
1512,133,12,2023-12-07,2023-12-13,593.00,COMPLETED
1513,426,12,2024-09-06,2024-09-19,623.00,ON_HOLD
1514,493,1,2026-01-12,2026-01-22,374.00,COMPLETED
1515,34,8,2025-10-17,2025-10-25,274.00,IN_PROGRESS
1516,259,8,2023-10-14,2023-10-25,846.00,ON_HOLD
1517,170,9,2023-01-22,2023-01-27,871.00,COMPLETED
1518,393,3,2024-11-07,2024-11-18,351.00,IN_PROGRESS
1519,357,12,2023-07-17,2023-07-31,58.00,COMPLETED
1520,408,10,2024-09-17,2024-10-02,310.00,COMPLETED
1521,253,4,2025-10-09,2025-10-22,351.00,IN_PROGRESS
1522,354,1,2023-02-24,2023-03-12,923.00,COMPLETED
1523,466,6,2026-01-04,2026-01-13,630.00,COMPLETED
1524,269,9,2025-10-02,2025-10-13,239.00,COMPLETED
1525,90,6,2024-10-29,2024-11-04,295.00,COMPLETED
1526,301,11,2023-09-13,2023-09-28,906.00,COMPLETED
1527,40,1,2026-03-17,2026-03-21,409.00,COMPLETED
1528,408,3,2025-03-25,2025-03-29,122.00,ON_HOLD
1529,304,9,2025-05-25,2025-06-02,554.00,COMPLETED
1530,255,6,2025-07-19,2025-07-22,212.00,IN_PROGRESS
1531,126,10,2023-12-19,2024-01-04,871.00,COMPLETED
1532,372,5,2023-01-14,2023-01-18,224.00,COMPLETED
1533,325,11,2026-07-31,2026-08-10,169.00,ON_HOLD
1534,57,10,2025-10-19,2025-11-03,414.00,ON_HOLD
1535,286,7,2025-07-18,2025-07-26,843.00,IN_PROGRESS
1536,470,3,2024-05-03,2024-05-13,382.00,IN_PROGRESS
1537,332,3,2024-11-01,2024-11-11,613.00,IN_PROGRESS
1538,420,3,2024-05-11,2024-05-23,250.00,COMPLETED
1539,356,3,2026-01-02,2026-01-18,735.00,IN_PROGRESS
1540,54,6,2024-07-15,2024-07-29,176.00,COMPLETED
1541,279,7,2024-10-09,2024-10-12,286.00,IN_PROGRESS
1542,163,8,2023-02-01,2023-02-17,794.00,ON_HOLD
1543,476,8,2026-06-23,2026-07-02,190.00,IN_PROGRESS
1544,211,6,2023-01-21,2023-01-29,796.00,COMPLETED
1545,47,1,2023-07-20,2023-08-04,793.00,COMPLETED
1546,9,11,2025-05-24,2025-06-01,829.00,COMPLETED
1547,90,12,2024-10-16,2024-10-22,76.00,COMPLETED
1548,162,12,2025-09-29,2025-10-02,770.00,IN_PROGRESS
1549,305,2,2023-01-12,2023-01-16,465.00,IN_PROGRESS
1550,211,12,2024-06-07,2024-06-22,441.00,IN_PROGRESS
1551,213,9,2024-11-25,2024-12-04,331.00,IN_PROGRESS
1552,302,4,2024-09-22,2024-10-04,338.00,ON_HOLD
1553,117,7,2024-08-02,2024-08-10,949.00,IN_PROGRESS
1554,433,5,2024-06-30,2024-07-07,165.00,COMPLETED
1555,404,5,2023-06-04,2023-06-18,733.00,COMPLETED
1556,25,6,2025-12-22,2025-12-28,559.00,COMPLETED
1557,11,4,2026-07-12,2026-07-15,913.00,IN_PROGRESS
1558,156,10,2023-01-23,2023-01-30,392.00,COMPLETED
1559,109,1,2026-04-04,2026-04-08,366.00,IN_PROGRESS
1560,482,5,2026-04-29,2026-05-06,590.00,COMPLETED
1561,450,5,2023-03-15,2023-03-22,590.00,COMPLETED
1562,364,1,2024-07-17,2024-07-21,657.00,COMPLETED
1563,25,6,2026-01-15,2026-01-19,714.00,COMPLETED
1564,209,5,2024-05-16,2024-05-23,88.00,IN_PROGRESS
1565,285,3,2026-08-20,2026-08-26,80.00,COMPLETED
1566,211,4,2025-10-16,2025-10-24,308.00,ON_HOLD
1567,207,4,2024-07-06,2024-07-10,524.00,COMPLETED
1568,382,11,2023-07-02,2023-07-18,471.00,COMPLETED
1569,76,10,2025-05-18,2025-06-02,962.00,COMPLETED
1570,215,12,2023-05-05,2023-05-10,594.00,COMPLETED
1571,208,7,2026-07-07,2026-07-16,98.00,COMPLETED
1572,169,2,2025-02-05,2025-02-20,792.00,COMPLETED
1573,339,1,2025-07-08,2025-07-17,364.00,ON_HOLD
1574,293,3,2023-03-09,2023-03-15,576.00,IN_PROGRESS
1575,271,1,2025-07-03,2025-07-11,718.00,IN_PROGRESS
1576,102,6,2024-10-15,2024-10-27,768.00,ON_HOLD
1577,219,5,2025-01-08,2025-01-20,955.00,IN_PROGRESS
1578,418,8,2023-05-03,2023-05-06,549.00,COMPLETED
1579,413,1,2023-02-12,2023-02-16,336.00,COMPLETED
1580,404,4,2025-09-09,2025-09-16,838.00,COMPLETED
1581,311,6,2023-03-11,2023-03-18,894.00,COMPLETED
1582,92,11,2025-09-09,2025-09-14,451.00,COMPLETED
1583,157,5,2026-07-24,2026-07-31,553.00,COMPLETED
1584,251,9,2024-12-11,2024-12-26,423.00,ON_HOLD
1585,87,4,2024-03-25,2024-03-31,423.00,COMPLETED
1586,178,5,2026-09-20,2026-10-06,147.00,COMPLETED
1587,390,4,2023-11-05,2023-11-10,379.00,IN_PROGRESS
1588,25,11,2024-05-02,2024-05-12,721.00,COMPLETED
1589,230,1,2025-08-19,2025-08-31,558.00,ON_HOLD
1590,314,11,2026-05-22,2026-05-28,965.00,IN_PROGRESS
1591,409,5,2026-01-21,2026-02-05,839.00,COMPLETED
1592,339,5,2026-02-21,2026-02-25,54.00,COMPLETED
1593,134,10,2025-11-11,2025-11-15,939.00,COMPLETED
1594,466,12,2026-09-03,2026-09-16,286.00,COMPLETED
1595,34,9,2023-08-13,2023-08-20,297.00,COMPLETED
1596,31,3,2024-12-25,2025-01-07,167.00,ON_HOLD
1597,224,10,2025-06-29,2025-07-04,747.00,COMPLETED
1598,415,12,2025-03-14,2025-03-26,277.00,COMPLETED
1599,119,11,2025-07-10,2025-07-20,823.00,COMPLETED
1600,183,4,2024-04-22,2024-05-06,411.00,COMPLETED
1601,91,7,2025-12-15,2025-12-21,862.00,IN_PROGRESS
1602,472,8,2026-09-08,2026-09-13,84.00,IN_PROGRESS
1603,322,7,2025-09-27,2025-10-09,961.00,COMPLETED
1604,128,7,2024-07-29,2024-08-08,760.00,COMPLETED
1605,243,3,2026-09-22,2026-09-26,804.00,ON_HOLD
1606,172,10,2025-02-27,2025-03-11,850.00,COMPLETED
1607,304,9,2025-12-30,2026-01-03,166.00,COMPLETED
1608,294,8,2023-04-07,2023-04-21,490.00,COMPLETED
1609,4,9,2023-10-15,2023-10-24,306.00,COMPLETED
1610,184,2,2026-07-28,2026-08-05,749.00,COMPLETED
1611,357,10,2025-07-12,2025-07-16,349.00,COMPLETED
1612,389,12,2023-10-31,2023-11-05,273.00,COMPLETED
1613,85,11,2024-10-30,2024-11-04,772.00,COMPLETED
1614,353,8,2023-07-27,2023-08-06,462.00,COMPLETED
1615,318,3,2023-11-04,2023-11-08,246.00,COMPLETED
1616,111,10,2025-08-20,2025-08-29,338.00,ON_HOLD
1617,255,7,2025-08-09,2025-08-25,153.00,COMPLETED
1618,446,4,2026-05-25,2026-06-04,793.00,ON_HOLD
1619,14,1,2026-09-02,2026-09-14,524.00,COMPLETED
1620,1,10,2024-09-17,2024-09-24,858.00,ON_HOLD
1621,298,5,2025-10-05,2025-10-20,751.00,IN_PROGRESS
1622,60,6,2023-08-31,2023-09-04,617.00,ON_HOLD
1623,304,4,2023-10-10,2023-10-14,811.00,COMPLETED
1624,11,9,2026-04-17,2026-05-01,475.00,COMPLETED
1625,139,2,2023-10-03,2023-10-19,641.00,COMPLETED
1626,457,6,2023-01-26,2023-01-31,352.00,IN_PROGRESS
1627,55,9,2023-05-25,2023-06-10,122.00,COMPLETED
1628,92,10,2024-02-23,2024-03-06,785.00,COMPLETED
1629,114,3,2023-06-04,2023-06-15,472.00,COMPLETED
1630,92,9,2025-10-12,2025-10-15,119.00,COMPLETED
1631,155,10,2024-12-07,2024-12-21,400.00,IN_PROGRESS
1632,374,3,2025-01-27,2025-02-11,426.00,IN_PROGRESS
1633,478,5,2026-02-05,2026-02-15,957.00,ON_HOLD
1634,497,6,2025-02-05,2025-02-08,696.00,IN_PROGRESS
1635,48,1,2024-04-08,2024-04-22,516.00,COMPLETED
1636,371,4,2026-10-01,2026-10-06,825.00,COMPLETED
1637,176,11,2024-07-10,2024-07-19,508.00,IN_PROGRESS
1638,430,10,2023-03-25,2023-04-09,105.00,COMPLETED
1639,261,6,2025-01-22,2025-02-03,96.00,COMPLETED
1640,287,4,2025-07-19,2025-07-29,435.00,IN_PROGRESS
1641,210,5,2024-06-16,2024-06-30,476.00,COMPLETED
1642,352,9,2026-05-30,2026-06-07,248.00,COMPLETED
1643,197,4,2023-08-11,2023-08-25,418.00,ON_HOLD
1644,61,3,2026-02-10,2026-02-26,119.00,COMPLETED
1645,118,8,2024-10-03,2024-10-11,518.00,IN_PROGRESS
1646,72,12,2026-06-15,2026-06-23,596.00,COMPLETED
1647,155,12,2025-06-03,2025-06-07,237.00,ON_HOLD
1648,144,7,2024-12-24,2025-01-05,444.00,ON_HOLD
1649,475,3,2024-11-30,2024-12-08,946.00,COMPLETED
1650,168,11,2024-07-04,2024-07-09,909.00,COMPLETED
1651,53,4,2024-12-29,2025-01-01,468.00,IN_PROGRESS
1652,383,10,2024-11-13,2024-11-26,920.00,COMPLETED
1653,34,6,2023-04-12,2023-04-19,475.00,COMPLETED
1654,389,6,2024-09-05,2024-09-14,584.00,COMPLETED
1655,354,12,2026-08-22,2026-09-06,101.00,COMPLETED
1656,102,11,2024-02-15,2024-02-25,838.00,COMPLETED
1657,397,8,2026-03-28,2026-04-06,409.00,IN_PROGRESS
1658,268,4,2023-04-10,2023-04-19,258.00,IN_PROGRESS
1659,27,4,2026-09-29,2026-10-15,694.00,IN_PROGRESS
1660,107,9,2025-05-07,2025-05-14,614.00,ON_HOLD
1661,386,6,2025-05-12,2025-05-15,775.00,COMPLETED
1662,444,8,2023-07-24,2023-08-07,493.00,ON_HOLD
1663,163,9,2024-02-09,2024-02-22,864.00,ON_HOLD
1664,262,4,2023-10-18,2023-10-31,229.00,ON_HOLD
1665,499,12,2023-06-28,2023-07-13,238.00,IN_PROGRESS
1666,249,8,2025-11-07,2025-11-13,439.00,ON_HOLD
1667,254,9,2023-12-31,2024-01-08,668.00,COMPLETED
1668,96,11,2023-11-18,2023-11-29,369.00,COMPLETED
1669,202,2,2023-12-04,2023-12-15,919.00,ON_HOLD
1670,426,1,2024-08-20,2024-08-26,621.00,COMPLETED
1671,97,7,2026-02-12,2026-02-23,99.00,COMPLETED
1672,29,6,2025-04-23,2025-04-27,331.00,COMPLETED
1673,221,5,2026-01-11,2026-01-21,568.00,COMPLETED
1674,223,12,2023-06-21,2023-06-30,772.00,COMPLETED
1675,37,7,2023-02-16,2023-03-02,379.00,COMPLETED
1676,300,3,2023-05-24,2023-05-27,542.00,COMPLETED
1677,283,9,2024-02-07,2024-02-17,422.00,COMPLETED
1678,285,11,2023-03-03,2023-03-09,924.00,COMPLETED
1679,403,12,2025-07-06,2025-07-20,550.00,COMPLETED
1680,273,8,2024-12-03,2024-12-18,450.00,ON_HOLD
1681,25,3,2023-12-22,2023-12-31,753.00,ON_HOLD
1682,364,8,2023-07-17,2023-07-23,614.00,COMPLETED
1683,493,8,2025-04-28,2025-05-02,400.00,COMPLETED
1684,185,11,2026-04-26,2026-05-08,453.00,COMPLETED
1685,80,9,2023-03-21,2023-04-03,791.00,IN_PROGRESS
1686,137,12,2025-01-13,2025-01-24,715.00,COMPLETED
1687,401,10,2024-11-30,2024-12-03,544.00,ON_HOLD
1688,122,7,2024-09-20,2024-09-30,769.00,IN_PROGRESS
1689,326,9,2023-01-20,2023-01-25,304.00,ON_HOLD
1690,270,7,2024-06-29,2024-07-08,377.00,COMPLETED
1691,282,4,2025-08-05,2025-08-18,340.00,IN_PROGRESS
1692,275,12,2025-03-01,2025-03-09,670.00,COMPLETED
1693,187,12,2023-12-23,2024-01-03,515.00,IN_PROGRESS
1694,429,12,2023-03-26,2023-04-04,509.00,COMPLETED
1695,498,2,2024-11-05,2024-11-17,247.00,COMPLETED
1696,271,4,2025-11-16,2025-11-29,972.00,ON_HOLD
1697,290,6,2023-08-03,2023-08-18,962.00,COMPLETED
1698,474,6,2024-09-24,2024-09-30,50.00,COMPLETED
1699,374,11,2024-06-11,2024-06-27,992.00,COMPLETED
1700,237,6,2024-04-25,2024-05-05,927.00,ON_HOLD
1701,284,12,2024-02-07,2024-02-16,301.00,COMPLETED
1702,1,6,2023-08-18,2023-09-01,791.00,COMPLETED
1703,200,12,2025-10-17,2025-10-30,281.00,COMPLETED
1704,73,5,2024-07-09,2024-07-21,881.00,ON_HOLD
1705,283,11,2024-11-25,2024-12-09,107.00,ON_HOLD
1706,451,6,2023-08-04,2023-08-14,777.00,IN_PROGRESS
1707,112,4,2024-02-09,2024-02-22,957.00,COMPLETED
1708,388,11,2026-07-06,2026-07-09,109.00,COMPLETED
1709,431,7,2023-09-25,2023-10-08,280.00,COMPLETED
1710,207,4,2024-11-25,2024-11-28,602.00,COMPLETED
1711,184,9,2025-09-12,2025-09-28,141.00,COMPLETED
1712,489,12,2024-11-08,2024-11-12,551.00,COMPLETED
1713,149,3,2023-05-09,2023-05-18,733.00,COMPLETED
1714,474,4,2025-10-05,2025-10-16,391.00,COMPLETED
1715,164,11,2023-12-14,2023-12-27,93.00,COMPLETED
1716,293,5,2025-04-05,2025-04-19,639.00,IN_PROGRESS
1717,126,3,2024-07-02,2024-07-18,569.00,COMPLETED
1718,322,12,2025-01-07,2025-01-12,656.00,IN_PROGRESS
1719,339,10,2024-04-22,2024-05-04,715.00,IN_PROGRESS
1720,112,12,2023-05-04,2023-05-10,798.00,COMPLETED
1721,280,5,2023-12-10,2023-12-17,500.00,ON_HOLD
1722,67,6,2025-09-03,2025-09-09,816.00,COMPLETED
1723,88,8,2025-08-10,2025-08-26,872.00,COMPLETED
1724,434,2,2023-09-05,2023-09-13,800.00,COMPLETED
1725,349,10,2024-11-27,2024-12-01,770.00,IN_PROGRESS
1726,183,7,2026-07-13,2026-07-20,78.00,IN_PROGRESS
1727,31,8,2024-06-03,2024-06-11,941.00,COMPLETED
1728,452,2,2025-11-28,2025-12-05,275.00,COMPLETED
1729,179,12,2023-10-23,2023-10-27,474.00,ON_HOLD
1730,229,4,2024-11-25,2024-12-11,909.00,COMPLETED
1731,304,2,2024-07-04,2024-07-16,967.00,ON_HOLD
1732,170,2,2026-09-26,2026-09-29,472.00,IN_PROGRESS
1733,267,10,2023-01-07,2023-01-21,483.00,COMPLETED
1734,491,6,2023-11-19,2023-11-28,915.00,COMPLETED
1735,196,12,2024-03-17,2024-04-01,129.00,ON_HOLD
1736,89,7,2023-10-26,2023-11-08,751.00,ON_HOLD
1737,306,6,2023-10-25,2023-11-01,467.00,ON_HOLD
1738,223,6,2025-11-11,2025-11-15,361.00,IN_PROGRESS
1739,67,5,2025-08-05,2025-08-21,910.00,COMPLETED
1740,41,12,2025-03-05,2025-03-09,751.00,COMPLETED
1741,492,7,2024-05-15,2024-05-21,770.00,COMPLETED
1742,474,8,2024-04-17,2024-04-23,266.00,COMPLETED
1743,419,1,2025-08-15,2025-08-22,137.00,COMPLETED
1744,184,1,2025-04-17,2025-04-30,868.00,COMPLETED
1745,485,9,2024-03-05,2024-03-18,876.00,COMPLETED
1746,289,12,2025-01-24,2025-02-03,993.00,COMPLETED
1747,196,5,2025-02-06,2025-02-20,54.00,COMPLETED
1748,71,6,2024-10-01,2024-10-08,609.00,ON_HOLD
1749,345,4,2023-02-05,2023-02-21,270.00,ON_HOLD
1750,258,4,2023-12-29,2024-01-06,754.00,COMPLETED
1751,215,2,2026-03-26,2026-04-04,862.00,COMPLETED
1752,417,7,2026-07-28,2026-08-01,745.00,COMPLETED
1753,287,6,2023-05-16,2023-05-30,332.00,IN_PROGRESS
1754,183,6,2024-09-01,2024-09-12,869.00,COMPLETED
1755,441,7,2026-04-16,2026-04-19,220.00,ON_HOLD
1756,198,8,2023-03-02,2023-03-11,819.00,IN_PROGRESS
1757,217,9,2023-12-20,2023-12-30,292.00,COMPLETED
1758,352,11,2026-09-11,2026-09-18,162.00,COMPLETED
1759,44,4,2024-11-20,2024-11-29,944.00,COMPLETED
1760,141,1,2026-04-04,2026-04-16,196.00,COMPLETED
1761,189,7,2025-04-30,2025-05-14,69.00,COMPLETED
1762,440,9,2024-11-02,2024-11-10,843.00,COMPLETED
1763,40,6,2026-03-11,2026-03-24,171.00,COMPLETED
1764,451,6,2024-07-28,2024-08-11,433.00,IN_PROGRESS
1765,203,12,2025-02-14,2025-02-23,465.00,ON_HOLD
1766,398,2,2024-06-14,2024-06-26,791.00,ON_HOLD
1767,434,4,2026-07-02,2026-07-17,260.00,ON_HOLD
1768,213,1,2023-04-10,2023-04-21,867.00,IN_PROGRESS
1769,114,2,2023-09-29,2023-10-03,753.00,IN_PROGRESS
1770,131,6,2025-07-03,2025-07-14,322.00,COMPLETED
1771,341,8,2026-08-21,2026-08-26,560.00,ON_HOLD
1772,249,3,2023-12-15,2023-12-26,654.00,COMPLETED
1773,86,1,2024-05-19,2024-05-30,879.00,COMPLETED
1774,444,8,2025-06-02,2025-06-16,337.00,IN_PROGRESS
1775,179,6,2023-09-19,2023-09-26,963.00,COMPLETED
1776,27,11,2026-08-21,2026-09-02,227.00,COMPLETED
1777,354,6,2023-04-18,2023-04-23,591.00,IN_PROGRESS
1778,194,5,2024-05-30,2024-06-11,939.00,COMPLETED
1779,34,7,2023-09-17,2023-09-23,605.00,COMPLETED
1780,230,11,2026-02-22,2026-02-27,332.00,COMPLETED
1781,208,1,2023-08-23,2023-09-01,429.00,IN_PROGRESS
1782,358,7,2024-08-23,2024-09-05,582.00,COMPLETED
1783,9,10,2024-11-06,2024-11-17,142.00,COMPLETED
1784,95,1,2023-06-18,2023-06-30,217.00,COMPLETED
1785,249,8,2024-09-26,2024-10-10,741.00,ON_HOLD
1786,335,11,2024-11-29,2024-12-13,194.00,IN_PROGRESS
1787,363,12,2026-07-07,2026-07-15,82.00,IN_PROGRESS
1788,334,11,2023-03-16,2023-03-21,515.00,COMPLETED
1789,422,11,2023-11-02,2023-11-14,456.00,ON_HOLD
1790,353,10,2025-01-28,2025-02-08,881.00,ON_HOLD
1791,115,10,2023-01-01,2023-01-16,498.00,IN_PROGRESS
1792,137,10,2025-07-17,2025-07-21,435.00,COMPLETED
1793,136,2,2026-03-05,2026-03-18,255.00,COMPLETED
1794,455,10,2025-07-24,2025-07-28,434.00,COMPLETED
1795,77,6,2023-05-13,2023-05-19,393.00,COMPLETED
1796,378,11,2025-11-30,2025-12-16,606.00,ON_HOLD
1797,60,7,2023-05-26,2023-06-11,470.00,IN_PROGRESS
1798,3,11,2023-08-30,2023-09-14,859.00,COMPLETED
1799,109,11,2025-08-03,2025-08-06,530.00,ON_HOLD
1800,325,6,2024-08-08,2024-08-13,150.00,COMPLETED
1801,459,7,2024-09-18,2024-09-30,883.00,COMPLETED
1802,279,11,2024-03-28,2024-04-10,728.00,COMPLETED
1803,208,4,2024-11-12,2024-11-21,70.00,COMPLETED
1804,241,2,2024-10-25,2024-11-10,939.00,ON_HOLD
1805,25,11,2025-11-02,2025-11-12,464.00,IN_PROGRESS
1806,180,2,2025-09-09,2025-09-24,898.00,IN_PROGRESS
1807,333,9,2024-08-27,2024-09-04,868.00,COMPLETED
1808,381,4,2025-07-08,2025-07-17,992.00,COMPLETED
1809,99,5,2024-03-21,2024-04-01,254.00,COMPLETED
1810,8,2,2024-06-19,2024-06-30,89.00,ON_HOLD
1811,41,1,2025-11-16,2025-11-19,350.00,COMPLETED
1812,226,3,2026-01-24,2026-02-02,353.00,COMPLETED
1813,63,8,2023-11-13,2023-11-21,538.00,COMPLETED
1814,412,9,2024-09-05,2024-09-14,262.00,COMPLETED
1815,210,9,2026-05-01,2026-05-12,746.00,COMPLETED
1816,482,8,2026-07-10,2026-07-14,352.00,ON_HOLD
1817,65,10,2023-12-11,2023-12-25,725.00,COMPLETED
1818,496,2,2025-10-30,2025-11-02,205.00,IN_PROGRESS
1819,81,1,2024-08-03,2024-08-13,171.00,ON_HOLD
1820,339,10,2024-03-11,2024-03-16,646.00,ON_HOLD
1821,497,12,2024-12-22,2024-12-28,596.00,COMPLETED
1822,234,2,2024-10-26,2024-10-30,498.00,COMPLETED
1823,6,4,2024-03-28,2024-04-08,645.00,ON_HOLD
1824,269,1,2026-09-14,2026-09-21,934.00,COMPLETED
1825,44,12,2023-04-12,2023-04-25,283.00,COMPLETED
1826,33,5,2025-03-30,2025-04-13,827.00,IN_PROGRESS
1827,10,12,2025-10-20,2025-11-01,208.00,COMPLETED
1828,232,4,2026-09-30,2026-10-04,637.00,ON_HOLD
1829,284,7,2024-02-19,2024-03-03,90.00,ON_HOLD
1830,65,2,2025-09-23,2025-10-01,827.00,COMPLETED
1831,385,2,2025-07-05,2025-07-19,357.00,COMPLETED
1832,323,10,2025-05-14,2025-05-30,252.00,ON_HOLD
1833,265,6,2026-03-23,2026-04-07,182.00,ON_HOLD
1834,218,11,2025-03-26,2025-04-07,895.00,COMPLETED
1835,301,4,2025-11-10,2025-11-20,139.00,COMPLETED
1836,353,2,2026-08-30,2026-09-12,263.00,COMPLETED
1837,64,5,2024-01-02,2024-01-18,933.00,COMPLETED
1838,134,9,2024-09-13,2024-09-19,893.00,COMPLETED
1839,37,1,2025-04-14,2025-04-21,751.00,ON_HOLD
1840,293,10,2024-09-07,2024-09-12,59.00,COMPLETED
1841,2,5,2024-01-05,2024-01-16,105.00,COMPLETED
1842,408,6,2025-12-10,2025-12-20,221.00,ON_HOLD
1843,82,9,2025-02-09,2025-02-14,142.00,COMPLETED
1844,143,3,2023-04-21,2023-04-24,744.00,IN_PROGRESS
1845,75,3,2025-05-15,2025-05-22,597.00,ON_HOLD
1846,263,11,2026-02-07,2026-02-17,506.00,COMPLETED
1847,315,12,2024-01-04,2024-01-09,310.00,COMPLETED
1848,180,4,2026-08-05,2026-08-14,743.00,IN_PROGRESS
1849,124,8,2024-06-14,2024-06-26,579.00,COMPLETED
1850,322,9,2024-11-26,2024-12-04,266.00,COMPLETED
1851,439,4,2023-06-03,2023-06-08,872.00,IN_PROGRESS
1852,10,8,2026-02-28,2026-03-15,860.00,COMPLETED
1853,80,5,2024-03-23,2024-04-04,773.00,ON_HOLD
1854,445,6,2025-02-05,2025-02-11,145.00,IN_PROGRESS
1855,363,3,2023-08-11,2023-08-21,234.00,COMPLETED
1856,420,5,2026-02-11,2026-02-27,979.00,IN_PROGRESS
1857,281,10,2025-03-18,2025-03-21,241.00,COMPLETED
1858,368,6,2023-10-23,2023-11-05,281.00,COMPLETED
1859,249,12,2025-10-01,2025-10-14,404.00,IN_PROGRESS
1860,307,7,2024-09-04,2024-09-14,240.00,COMPLETED
1861,493,6,2025-08-17,2025-08-29,798.00,ON_HOLD
1862,130,3,2023-06-17,2023-07-02,232.00,IN_PROGRESS
1863,247,2,2024-06-02,2024-06-15,791.00,COMPLETED
1864,26,12,2026-04-18,2026-04-28,341.00,ON_HOLD
1865,358,8,2025-01-13,2025-01-28,801.00,ON_HOLD
1866,242,7,2023-08-08,2023-08-23,165.00,IN_PROGRESS
1867,208,9,2024-03-30,2024-04-06,358.00,COMPLETED
1868,116,5,2026-01-03,2026-01-10,87.00,COMPLETED
1869,361,1,2024-04-30,2024-05-14,95.00,COMPLETED
1870,336,2,2024-11-26,2024-12-01,292.00,IN_PROGRESS
1871,180,1,2026-09-29,2026-10-11,762.00,COMPLETED
1872,242,2,2024-07-09,2024-07-18,989.00,IN_PROGRESS
1873,494,4,2024-02-14,2024-02-22,620.00,IN_PROGRESS
1874,193,4,2023-02-02,2023-02-12,943.00,IN_PROGRESS
1875,68,10,2026-05-13,2026-05-21,555.00,ON_HOLD
1876,332,5,2024-11-01,2024-11-12,892.00,COMPLETED
1877,435,1,2026-03-08,2026-03-19,59.00,COMPLETED
1878,441,1,2026-09-05,2026-09-09,752.00,ON_HOLD
1879,346,4,2026-02-09,2026-02-12,378.00,COMPLETED
1880,426,2,2024-10-10,2024-10-20,442.00,ON_HOLD
1881,205,1,2026-08-25,2026-09-08,976.00,ON_HOLD
1882,144,6,2025-06-27,2025-07-07,919.00,IN_PROGRESS
1883,105,10,2024-08-20,2024-09-05,365.00,COMPLETED
1884,209,5,2025-05-21,2025-06-05,151.00,COMPLETED
1885,32,3,2026-07-25,2026-08-02,823.00,COMPLETED
1886,457,10,2024-08-28,2024-09-09,771.00,COMPLETED
1887,45,4,2024-03-12,2024-03-24,562.00,COMPLETED
1888,474,1,2026-04-02,2026-04-07,253.00,IN_PROGRESS
1889,483,11,2024-11-24,2024-12-05,350.00,IN_PROGRESS
1890,161,6,2024-05-05,2024-05-09,902.00,COMPLETED
1891,327,8,2025-01-03,2025-01-09,624.00,COMPLETED
1892,482,4,2026-08-12,2026-08-15,745.00,IN_PROGRESS
1893,12,5,2026-04-03,2026-04-07,399.00,COMPLETED
1894,278,10,2025-01-29,2025-02-11,533.00,IN_PROGRESS
1895,443,2,2023-06-23,2023-07-04,415.00,ON_HOLD
1896,495,9,2024-06-26,2024-07-01,397.00,COMPLETED
1897,459,2,2025-06-15,2025-06-18,781.00,COMPLETED
1898,248,6,2023-02-26,2023-03-06,253.00,COMPLETED
1899,397,4,2026-08-21,2026-08-30,409.00,COMPLETED
1900,233,3,2025-09-27,2025-10-04,514.00,COMPLETED
1901,193,9,2023-12-18,2024-01-01,878.00,ON_HOLD
1902,473,3,2023-12-04,2023-12-14,213.00,COMPLETED
1903,153,2,2024-02-14,2024-03-01,329.00,COMPLETED
1904,282,5,2026-01-05,2026-01-13,793.00,COMPLETED
1905,247,2,2025-07-25,2025-08-08,158.00,COMPLETED
1906,432,7,2023-05-13,2023-05-23,329.00,COMPLETED
1907,233,5,2026-08-21,2026-08-24,364.00,ON_HOLD
1908,437,2,2026-05-05,2026-05-19,83.00,COMPLETED
1909,479,9,2025-02-27,2025-03-02,796.00,IN_PROGRESS
1910,165,9,2025-10-31,2025-11-05,396.00,COMPLETED
1911,291,12,2023-03-26,2023-04-10,290.00,COMPLETED
1912,128,8,2024-09-08,2024-09-16,298.00,ON_HOLD
1913,23,6,2024-12-11,2024-12-20,890.00,IN_PROGRESS
1914,170,10,2026-07-10,2026-07-13,460.00,ON_HOLD
1915,416,1,2026-07-16,2026-07-26,450.00,IN_PROGRESS
1916,426,8,2024-05-11,2024-05-21,707.00,COMPLETED
1917,225,1,2026-05-23,2026-06-07,918.00,COMPLETED
1918,85,8,2023-02-22,2023-02-25,426.00,COMPLETED
1919,251,2,2026-07-01,2026-07-04,456.00,COMPLETED
1920,13,9,2023-07-09,2023-07-21,937.00,COMPLETED
1921,333,3,2024-06-06,2024-06-18,972.00,COMPLETED
1922,394,3,2025-02-17,2025-02-28,291.00,COMPLETED
1923,333,3,2025-01-14,2025-01-21,857.00,COMPLETED
1924,468,4,2025-07-15,2025-07-26,499.00,ON_HOLD
1925,249,11,2024-02-27,2024-03-12,642.00,IN_PROGRESS
1926,423,1,2025-01-24,2025-02-07,75.00,COMPLETED
1927,298,2,2026-09-08,2026-09-24,987.00,IN_PROGRESS
1928,144,11,2023-08-18,2023-09-03,324.00,COMPLETED
1929,194,3,2025-04-07,2025-04-11,615.00,COMPLETED
1930,280,4,2025-07-20,2025-07-23,539.00,ON_HOLD
1931,378,5,2024-10-16,2024-10-22,542.00,IN_PROGRESS
1932,292,1,2025-03-09,2025-03-17,797.00,ON_HOLD
1933,243,7,2025-05-15,2025-05-24,997.00,IN_PROGRESS
1934,4,12,2023-07-27,2023-08-12,340.00,COMPLETED
1935,153,2,2026-05-09,2026-05-16,514.00,COMPLETED
1936,232,11,2025-03-25,2025-03-29,803.00,IN_PROGRESS
1937,281,9,2023-04-07,2023-04-19,266.00,IN_PROGRESS
1938,136,6,2025-03-19,2025-03-28,304.00,IN_PROGRESS
1939,275,6,2026-06-28,2026-07-13,779.00,COMPLETED
1940,17,3,2026-04-18,2026-04-30,689.00,COMPLETED
1941,262,12,2023-02-22,2023-03-09,784.00,COMPLETED
1942,417,2,2025-08-24,2025-09-07,352.00,COMPLETED
1943,290,12,2023-11-02,2023-11-16,774.00,COMPLETED
1944,285,7,2023-02-06,2023-02-11,516.00,COMPLETED
1945,11,9,2024-02-26,2024-03-08,264.00,COMPLETED
1946,236,3,2025-01-22,2025-01-26,732.00,IN_PROGRESS
1947,63,9,2023-11-08,2023-11-15,786.00,IN_PROGRESS
1948,338,6,2026-07-25,2026-08-04,161.00,COMPLETED
1949,218,8,2025-12-03,2025-12-12,795.00,COMPLETED
1950,98,8,2024-06-25,2024-07-09,701.00,COMPLETED
1951,54,7,2025-06-12,2025-06-19,93.00,ON_HOLD
1952,242,9,2026-01-06,2026-01-15,119.00,COMPLETED
1953,443,5,2025-01-15,2025-01-30,451.00,COMPLETED
1954,18,10,2025-05-16,2025-05-19,924.00,ON_HOLD
1955,168,12,2025-12-15,2025-12-23,743.00,COMPLETED
1956,300,8,2023-01-08,2023-01-11,871.00,IN_PROGRESS
1957,436,9,2024-07-27,2024-08-04,826.00,COMPLETED
1958,60,11,2024-09-26,2024-09-29,754.00,ON_HOLD
1959,446,5,2025-03-23,2025-04-02,422.00,ON_HOLD
1960,220,10,2023-02-27,2023-03-13,567.00,COMPLETED
1961,211,10,2024-03-10,2024-03-17,429.00,COMPLETED
1962,34,6,2025-05-06,2025-05-09,309.00,IN_PROGRESS
1963,238,9,2024-10-02,2024-10-12,470.00,IN_PROGRESS
1964,198,12,2026-09-17,2026-09-25,522.00,IN_PROGRESS
1965,222,1,2024-04-24,2024-05-04,924.00,COMPLETED
1966,315,12,2025-11-10,2025-11-22,129.00,IN_PROGRESS
1967,276,7,2023-07-27,2023-08-04,916.00,IN_PROGRESS
1968,380,11,2023-12-19,2024-01-02,893.00,IN_PROGRESS
1969,435,6,2025-12-17,2025-12-21,753.00,COMPLETED
1970,97,9,2024-12-18,2025-01-03,297.00,COMPLETED
1971,165,1,2025-08-08,2025-08-20,712.00,ON_HOLD
1972,417,5,2025-11-21,2025-12-03,69.00,ON_HOLD
1973,281,2,2026-09-02,2026-09-16,713.00,COMPLETED
1974,459,12,2025-09-01,2025-09-06,208.00,COMPLETED
1975,299,10,2025-05-04,2025-05-13,655.00,ON_HOLD
1976,416,9,2023-03-15,2023-03-28,789.00,ON_HOLD
1977,80,4,2026-03-12,2026-03-24,789.00,ON_HOLD
1978,281,4,2025-01-26,2025-02-01,532.00,COMPLETED
1979,155,8,2023-02-05,2023-02-11,244.00,IN_PROGRESS
1980,262,9,2024-10-20,2024-11-03,686.00,IN_PROGRESS
1981,207,5,2025-01-23,2025-02-06,453.00,COMPLETED
1982,468,11,2023-12-07,2023-12-20,104.00,IN_PROGRESS
1983,226,9,2023-07-28,2023-08-05,510.00,COMPLETED
1984,366,12,2024-12-21,2025-01-05,700.00,IN_PROGRESS
1985,282,1,2026-06-22,2026-07-06,441.00,COMPLETED
1986,247,12,2024-04-07,2024-04-16,955.00,ON_HOLD
1987,455,12,2025-12-17,2025-12-20,434.00,ON_HOLD
1988,234,12,2024-04-04,2024-04-12,913.00,IN_PROGRESS
1989,481,9,2025-04-16,2025-04-26,68.00,ON_HOLD
1990,475,1,2023-01-08,2023-01-20,565.00,COMPLETED
1991,6,2,2023-04-20,2023-04-29,342.00,COMPLETED
1992,134,3,2025-12-23,2025-12-26,545.00,COMPLETED
1993,445,2,2023-04-21,2023-04-26,293.00,COMPLETED
1994,495,2,2025-03-03,2025-03-09,234.00,COMPLETED
1995,432,3,2024-12-26,2025-01-09,450.00,COMPLETED
1996,234,1,2025-04-25,2025-05-06,305.00,ON_HOLD
1997,494,10,2026-03-11,2026-03-16,402.00,COMPLETED
1998,464,7,2024-09-10,2024-09-25,852.00,IN_PROGRESS
1999,144,3,2024-03-02,2024-03-16,867.00,COMPLETED
2000,39,6,2025-11-11,2025-11-17,958.00,ON_HOLD
2001,165,9,2026-07-17,2026-07-20,898.00,COMPLETED
2002,248,7,2025-09-08,2025-09-11,760.00,ON_HOLD
2003,449,6,2023-10-29,2023-11-09,118.00,IN_PROGRESS
2004,62,3,2024-08-21,2024-08-30,264.00,IN_PROGRESS
2005,259,1,2026-08-18,2026-08-23,281.00,IN_PROGRESS
2006,483,7,2026-05-26,2026-06-06,768.00,COMPLETED
2007,446,12,2026-08-07,2026-08-10,529.00,COMPLETED
2008,247,2,2026-02-05,2026-02-16,571.00,COMPLETED
2009,373,4,2024-08-13,2024-08-29,193.00,ON_HOLD
2010,160,11,2023-04-13,2023-04-16,207.00,COMPLETED
2011,474,5,2025-11-07,2025-11-10,787.00,ON_HOLD
2012,399,1,2026-09-06,2026-09-13,688.00,ON_HOLD
2013,74,6,2024-12-30,2025-01-13,264.00,COMPLETED
2014,469,4,2024-09-12,2024-09-17,593.00,ON_HOLD
2015,405,10,2023-10-20,2023-10-30,954.00,IN_PROGRESS
2016,220,10,2024-11-16,2024-11-28,335.00,COMPLETED
2017,423,8,2023-03-03,2023-03-12,847.00,ON_HOLD
2018,52,1,2023-02-12,2023-02-21,568.00,ON_HOLD
2019,423,3,2023-10-29,2023-11-03,83.00,COMPLETED
2020,241,1,2024-08-29,2024-09-02,940.00,ON_HOLD
2021,110,8,2026-02-04,2026-02-19,629.00,COMPLETED
2022,460,6,2025-04-02,2025-04-14,221.00,ON_HOLD
2023,197,7,2023-04-06,2023-04-19,916.00,COMPLETED
2024,131,4,2025-09-03,2025-09-11,643.00,COMPLETED
2025,423,8,2026-01-03,2026-01-14,113.00,IN_PROGRESS
2026,480,8,2026-04-09,2026-04-20,783.00,COMPLETED
2027,185,7,2026-01-19,2026-02-01,237.00,IN_PROGRESS
2028,28,12,2025-07-21,2025-07-24,963.00,IN_PROGRESS
2029,128,1,2025-06-12,2025-06-17,260.00,ON_HOLD
2030,290,6,2023-06-25,2023-07-07,969.00,COMPLETED
2031,229,7,2024-11-19,2024-12-04,302.00,COMPLETED
2032,297,2,2025-07-18,2025-07-24,622.00,COMPLETED
2033,211,2,2025-01-03,2025-01-11,110.00,COMPLETED
2034,264,10,2024-10-15,2024-10-28,157.00,COMPLETED
2035,358,10,2023-09-19,2023-10-02,361.00,IN_PROGRESS
2036,221,10,2023-08-26,2023-09-09,328.00,IN_PROGRESS
2037,415,5,2024-04-26,2024-04-30,403.00,COMPLETED
2038,338,2,2023-12-03,2023-12-10,274.00,ON_HOLD
2039,215,9,2023-05-08,2023-05-24,132.00,IN_PROGRESS
2040,295,11,2026-03-03,2026-03-17,396.00,COMPLETED
2041,353,5,2025-10-29,2025-11-03,186.00,COMPLETED
2042,147,5,2025-06-22,2025-07-03,430.00,COMPLETED
2043,233,4,2025-05-12,2025-05-18,578.00,COMPLETED
2044,226,8,2023-11-05,2023-11-09,453.00,IN_PROGRESS
2045,418,3,2026-06-24,2026-07-07,675.00,ON_HOLD
2046,227,4,2024-09-05,2024-09-13,353.00,ON_HOLD
2047,210,11,2026-06-14,2026-06-29,804.00,IN_PROGRESS
2048,228,12,2025-09-13,2025-09-19,724.00,COMPLETED
2049,198,3,2023-01-16,2023-01-23,86.00,IN_PROGRESS
2050,127,4,2023-03-13,2023-03-24,102.00,IN_PROGRESS
2051,449,8,2024-03-02,2024-03-17,671.00,COMPLETED
2052,291,8,2025-05-17,2025-05-27,480.00,COMPLETED
2053,370,6,2025-08-21,2025-08-24,361.00,IN_PROGRESS
2054,402,4,2025-12-23,2026-01-06,766.00,COMPLETED
2055,116,7,2026-08-17,2026-08-22,698.00,ON_HOLD
2056,158,12,2023-06-21,2023-07-02,962.00,COMPLETED
2057,86,4,2026-02-19,2026-02-26,598.00,COMPLETED
2058,371,3,2026-09-22,2026-09-26,706.00,IN_PROGRESS
2059,96,6,2023-10-24,2023-10-30,172.00,COMPLETED
2060,124,6,2024-12-15,2024-12-22,346.00,COMPLETED
2061,215,5,2026-05-31,2026-06-07,814.00,COMPLETED
2062,62,10,2023-11-12,2023-11-19,105.00,ON_HOLD
2063,348,3,2024-11-22,2024-11-30,724.00,COMPLETED
2064,42,12,2023-02-04,2023-02-12,886.00,COMPLETED
2065,382,9,2025-07-27,2025-08-09,154.00,ON_HOLD
2066,67,12,2025-10-05,2025-10-14,438.00,COMPLETED
2067,76,10,2025-11-27,2025-11-30,457.00,COMPLETED
2068,408,7,2026-01-04,2026-01-08,117.00,COMPLETED
2069,392,9,2025-12-10,2025-12-26,907.00,IN_PROGRESS
2070,226,5,2024-02-14,2024-02-20,486.00,COMPLETED
2071,241,7,2024-04-25,2024-05-05,534.00,COMPLETED
2072,124,2,2024-07-06,2024-07-16,186.00,COMPLETED
2073,168,11,2024-04-26,2024-05-02,743.00,COMPLETED
2074,90,5,2025-10-30,2025-11-09,782.00,COMPLETED
2075,415,1,2024-03-27,2024-04-10,889.00,IN_PROGRESS
2076,237,6,2024-03-18,2024-03-22,523.00,COMPLETED
2077,144,3,2024-02-27,2024-03-03,182.00,ON_HOLD
2078,137,10,2023-04-05,2023-04-09,822.00,IN_PROGRESS
2079,73,10,2024-09-10,2024-09-18,875.00,IN_PROGRESS
2080,323,4,2023-12-17,2023-12-31,569.00,ON_HOLD
2081,400,1,2025-10-02,2025-10-12,81.00,IN_PROGRESS
2082,100,10,2024-07-24,2024-07-29,313.00,IN_PROGRESS
2083,65,8,2026-07-15,2026-07-18,494.00,COMPLETED
2084,470,5,2025-03-30,2025-04-13,544.00,COMPLETED
2085,138,12,2023-09-14,2023-09-21,722.00,COMPLETED
2086,325,12,2025-05-05,2025-05-19,240.00,ON_HOLD
2087,464,11,2026-09-16,2026-09-25,179.00,ON_HOLD
2088,465,12,2023-07-25,2023-08-08,429.00,ON_HOLD
2089,104,7,2023-04-04,2023-04-12,807.00,IN_PROGRESS
2090,452,3,2026-01-14,2026-01-23,637.00,IN_PROGRESS
2091,438,2,2023-06-01,2023-06-13,484.00,IN_PROGRESS
2092,271,10,2023-06-21,2023-07-02,717.00,COMPLETED
2093,395,12,2024-01-17,2024-01-26,469.00,ON_HOLD
2094,462,7,2026-09-10,2026-09-22,516.00,IN_PROGRESS
2095,372,3,2024-09-13,2024-09-22,123.00,IN_PROGRESS
2096,283,2,2025-07-23,2025-08-02,668.00,IN_PROGRESS
2097,67,1,2023-03-30,2023-04-15,104.00,COMPLETED
2098,283,1,2025-05-25,2025-05-29,536.00,COMPLETED
2099,377,5,2025-01-02,2025-01-06,728.00,COMPLETED
2100,454,5,2023-12-23,2023-12-27,661.00,IN_PROGRESS
2101,164,4,2024-12-10,2024-12-22,316.00,COMPLETED
2102,341,9,2025-06-25,2025-07-06,110.00,ON_HOLD
2103,75,7,2023-08-10,2023-08-23,554.00,COMPLETED
2104,475,3,2024-02-22,2024-03-03,121.00,COMPLETED
2105,418,12,2023-02-19,2023-02-24,57.00,ON_HOLD
2106,120,2,2025-10-08,2025-10-23,259.00,COMPLETED
2107,373,3,2023-03-04,2023-03-20,685.00,IN_PROGRESS
2108,471,11,2023-09-25,2023-10-08,421.00,ON_HOLD
2109,311,7,2023-08-03,2023-08-06,546.00,IN_PROGRESS
2110,444,10,2024-07-28,2024-08-01,832.00,IN_PROGRESS
2111,155,1,2023-05-16,2023-05-19,753.00,IN_PROGRESS
2112,197,3,2026-07-27,2026-07-31,813.00,ON_HOLD
2113,18,1,2023-11-04,2023-11-20,262.00,IN_PROGRESS
2114,110,12,2023-05-07,2023-05-20,857.00,ON_HOLD
2115,320,11,2026-03-14,2026-03-24,504.00,COMPLETED
2116,386,3,2026-06-14,2026-06-29,593.00,COMPLETED
2117,233,3,2023-03-07,2023-03-12,877.00,ON_HOLD
2118,492,11,2025-07-11,2025-07-22,628.00,COMPLETED
2119,234,4,2026-04-28,2026-05-02,226.00,COMPLETED
2120,381,7,2024-07-03,2024-07-06,246.00,IN_PROGRESS
2121,267,10,2024-08-29,2024-09-02,722.00,COMPLETED
2122,346,2,2025-02-01,2025-02-13,79.00,IN_PROGRESS
2123,71,12,2024-02-13,2024-02-26,181.00,COMPLETED
2124,326,7,2025-12-10,2025-12-26,623.00,COMPLETED
2125,414,2,2026-08-12,2026-08-26,159.00,COMPLETED
2126,442,1,2024-03-07,2024-03-10,585.00,COMPLETED
2127,491,6,2024-11-12,2024-11-26,438.00,COMPLETED
2128,11,11,2026-08-16,2026-09-01,830.00,IN_PROGRESS
2129,281,3,2026-02-20,2026-02-23,923.00,IN_PROGRESS
2130,18,11,2023-06-26,2023-06-29,471.00,COMPLETED
2131,210,1,2023-09-05,2023-09-13,296.00,COMPLETED
2132,22,12,2024-05-31,2024-06-06,655.00,COMPLETED
2133,191,8,2026-01-22,2026-02-02,701.00,IN_PROGRESS
2134,205,9,2024-06-11,2024-06-22,916.00,COMPLETED
2135,301,7,2024-09-16,2024-10-01,211.00,COMPLETED
2136,156,8,2025-10-28,2025-11-08,767.00,COMPLETED
2137,457,12,2023-06-26,2023-07-01,302.00,COMPLETED
2138,190,6,2023-12-19,2023-12-23,333.00,ON_HOLD
2139,169,8,2025-01-21,2025-02-02,685.00,ON_HOLD
2140,350,6,2024-08-14,2024-08-17,474.00,ON_HOLD
2141,403,1,2023-01-10,2023-01-19,992.00,COMPLETED
2142,204,7,2024-10-02,2024-10-11,674.00,COMPLETED
2143,380,12,2026-08-08,2026-08-24,882.00,COMPLETED
2144,157,5,2024-01-13,2024-01-23,104.00,COMPLETED
2145,166,5,2025-09-10,2025-09-25,68.00,COMPLETED
2146,383,6,2023-12-15,2023-12-27,51.00,ON_HOLD
2147,99,8,2024-12-04,2024-12-07,596.00,COMPLETED
2148,277,3,2024-12-14,2024-12-22,66.00,ON_HOLD
2149,460,3,2025-10-24,2025-10-30,544.00,COMPLETED
2150,51,12,2023-04-13,2023-04-28,325.00,COMPLETED
2151,357,8,2026-09-03,2026-09-07,450.00,COMPLETED
2152,153,10,2025-11-26,2025-12-10,277.00,COMPLETED
2153,191,3,2025-02-28,2025-03-10,694.00,COMPLETED
2154,397,4,2026-04-15,2026-04-19,84.00,COMPLETED
2155,313,4,2024-04-28,2024-05-09,498.00,COMPLETED
2156,9,9,2023-01-11,2023-01-15,634.00,IN_PROGRESS
2157,439,7,2024-07-11,2024-07-21,824.00,COMPLETED
2158,302,11,2025-02-25,2025-02-28,447.00,COMPLETED
2159,109,9,2025-05-20,2025-05-30,225.00,IN_PROGRESS
2160,249,2,2023-08-01,2023-08-14,986.00,COMPLETED
2161,122,4,2025-03-18,2025-04-03,988.00,COMPLETED
2162,142,6,2024-10-15,2024-10-26,366.00,COMPLETED
2163,194,7,2026-05-16,2026-06-01,595.00,IN_PROGRESS
2164,16,9,2026-08-13,2026-08-25,396.00,IN_PROGRESS
2165,425,2,2025-10-06,2025-10-13,95.00,COMPLETED
2166,466,5,2023-07-13,2023-07-16,460.00,COMPLETED
2167,492,3,2026-10-01,2026-10-15,432.00,COMPLETED
2168,420,2,2025-04-23,2025-05-04,866.00,COMPLETED
2169,272,8,2025-05-31,2025-06-06,295.00,COMPLETED
2170,172,2,2023-01-22,2023-02-05,289.00,COMPLETED
2171,147,4,2023-06-06,2023-06-20,222.00,COMPLETED
2172,493,8,2024-04-12,2024-04-24,470.00,COMPLETED
2173,39,4,2026-06-16,2026-06-19,465.00,IN_PROGRESS
2174,30,10,2026-02-18,2026-02-23,582.00,ON_HOLD
2175,235,5,2023-08-18,2023-08-21,285.00,COMPLETED
2176,500,2,2026-09-15,2026-10-01,161.00,COMPLETED
2177,407,8,2025-01-16,2025-02-01,372.00,COMPLETED
2178,300,11,2025-08-24,2025-09-05,739.00,ON_HOLD
2179,394,5,2023-03-05,2023-03-15,358.00,ON_HOLD
2180,115,4,2025-07-04,2025-07-11,482.00,COMPLETED
2181,26,10,2023-05-26,2023-06-11,706.00,IN_PROGRESS
2182,112,4,2025-04-10,2025-04-21,329.00,ON_HOLD
2183,363,12,2023-05-08,2023-05-18,644.00,COMPLETED
2184,4,4,2026-06-23,2026-06-26,357.00,COMPLETED
2185,421,5,2025-03-10,2025-03-24,360.00,COMPLETED
2186,374,3,2024-04-08,2024-04-22,715.00,COMPLETED
2187,117,7,2023-06-29,2023-07-09,181.00,COMPLETED
2188,95,3,2026-01-19,2026-01-27,472.00,COMPLETED
2189,280,4,2026-04-08,2026-04-14,755.00,ON_HOLD
2190,29,8,2023-11-20,2023-11-24,713.00,IN_PROGRESS
2191,110,8,2025-01-10,2025-01-14,148.00,COMPLETED
2192,297,10,2025-02-27,2025-03-06,860.00,COMPLETED
2193,334,5,2025-05-06,2025-05-12,535.00,COMPLETED
2194,82,7,2024-12-15,2024-12-28,121.00,COMPLETED
2195,413,2,2024-09-12,2024-09-17,626.00,IN_PROGRESS
2196,65,3,2025-07-09,2025-07-16,573.00,COMPLETED
2197,18,3,2024-05-24,2024-06-07,442.00,COMPLETED
2198,436,1,2025-11-28,2025-12-09,670.00,COMPLETED
2199,447,3,2025-03-04,2025-03-10,680.00,COMPLETED
2200,304,3,2023-10-31,2023-11-13,395.00,COMPLETED
2201,248,6,2025-12-27,2026-01-10,391.00,ON_HOLD
2202,200,3,2024-11-14,2024-11-17,141.00,COMPLETED
2203,325,9,2024-01-24,2024-01-27,371.00,ON_HOLD
2204,367,3,2023-01-22,2023-02-02,683.00,COMPLETED
2205,33,5,2024-07-27,2024-08-02,85.00,COMPLETED
2206,120,11,2024-09-22,2024-10-08,604.00,ON_HOLD
2207,115,11,2023-01-23,2023-01-26,845.00,COMPLETED
2208,343,8,2024-11-01,2024-11-08,169.00,COMPLETED
2209,96,8,2024-09-17,2024-09-20,756.00,ON_HOLD
2210,144,10,2026-05-23,2026-05-28,362.00,COMPLETED
2211,260,6,2024-07-02,2024-07-05,869.00,COMPLETED
2212,477,12,2025-05-15,2025-05-27,94.00,COMPLETED
2213,175,6,2026-05-16,2026-06-01,780.00,IN_PROGRESS
2214,204,5,2023-11-04,2023-11-17,621.00,ON_HOLD
2215,430,6,2025-10-30,2025-11-10,620.00,COMPLETED
2216,336,12,2026-08-08,2026-08-11,294.00,COMPLETED
2217,101,7,2023-04-25,2023-05-09,781.00,COMPLETED
2218,420,8,2025-03-22,2025-04-07,781.00,ON_HOLD
2219,387,3,2024-01-15,2024-01-20,417.00,COMPLETED
2220,276,4,2023-10-03,2023-10-08,456.00,COMPLETED
2221,359,7,2023-02-18,2023-02-24,276.00,COMPLETED
2222,335,6,2025-07-11,2025-07-21,380.00,IN_PROGRESS
2223,435,8,2025-11-12,2025-11-15,211.00,COMPLETED
2224,153,9,2025-03-13,2025-03-20,435.00,COMPLETED
2225,96,11,2025-02-18,2025-03-05,780.00,COMPLETED
2226,498,9,2024-03-03,2024-03-07,164.00,ON_HOLD
2227,268,3,2024-04-08,2024-04-17,223.00,IN_PROGRESS
2228,143,7,2026-03-28,2026-04-06,769.00,COMPLETED
2229,170,9,2024-09-26,2024-10-10,186.00,IN_PROGRESS
2230,53,12,2025-02-22,2025-03-05,970.00,IN_PROGRESS
2231,254,4,2025-03-31,2025-04-06,597.00,COMPLETED
2232,266,5,2025-07-13,2025-07-17,530.00,COMPLETED
2233,264,11,2026-08-01,2026-08-10,159.00,COMPLETED
2234,148,7,2023-06-17,2023-06-23,957.00,IN_PROGRESS
2235,138,6,2023-07-02,2023-07-09,733.00,ON_HOLD
2236,108,12,2025-05-16,2025-05-23,444.00,COMPLETED
2237,392,10,2026-03-28,2026-04-08,805.00,IN_PROGRESS
2238,206,1,2024-08-06,2024-08-17,898.00,COMPLETED
2239,1,3,2024-08-11,2024-08-22,755.00,COMPLETED
2240,175,6,2026-01-14,2026-01-29,108.00,COMPLETED
2241,253,7,2025-09-15,2025-09-24,928.00,COMPLETED
2242,11,1,2026-04-13,2026-04-29,859.00,COMPLETED
2243,263,3,2025-03-16,2025-03-20,494.00,IN_PROGRESS
2244,277,8,2026-06-12,2026-06-15,243.00,COMPLETED
2245,203,2,2023-04-30,2023-05-12,664.00,IN_PROGRESS
2246,172,6,2024-03-31,2024-04-11,471.00,COMPLETED
2247,450,8,2024-05-03,2024-05-14,76.00,COMPLETED
2248,137,12,2024-09-23,2024-10-03,71.00,ON_HOLD
2249,2,6,2024-02-17,2024-03-02,768.00,ON_HOLD
2250,316,10,2024-09-04,2024-09-19,139.00,ON_HOLD
2251,45,10,2025-04-26,2025-05-01,493.00,ON_HOLD
2252,37,8,2026-04-07,2026-04-10,660.00,ON_HOLD
2253,316,2,2023-09-03,2023-09-14,747.00,COMPLETED
2254,437,1,2024-06-30,2024-07-05,201.00,COMPLETED
2255,96,9,2023-09-20,2023-09-26,663.00,IN_PROGRESS
2256,110,1,2024-08-14,2024-08-18,363.00,COMPLETED
2257,182,1,2023-02-06,2023-02-13,970.00,COMPLETED
2258,351,10,2024-06-07,2024-06-18,974.00,COMPLETED
2259,26,4,2024-11-30,2024-12-14,437.00,ON_HOLD
2260,200,6,2026-08-29,2026-09-12,992.00,IN_PROGRESS
2261,390,5,2026-05-02,2026-05-17,346.00,COMPLETED
2262,178,9,2025-11-02,2025-11-10,820.00,ON_HOLD
2263,412,6,2023-11-02,2023-11-08,217.00,IN_PROGRESS
2264,356,5,2026-06-04,2026-06-12,292.00,COMPLETED
2265,127,9,2026-09-09,2026-09-12,968.00,COMPLETED
2266,186,7,2026-09-15,2026-09-19,190.00,COMPLETED
2267,343,6,2025-10-29,2025-11-12,669.00,COMPLETED
2268,415,2,2026-03-06,2026-03-15,353.00,COMPLETED
2269,83,7,2026-09-20,2026-10-01,247.00,IN_PROGRESS
2270,255,4,2023-07-11,2023-07-24,411.00,ON_HOLD
2271,436,9,2025-12-16,2025-12-28,94.00,COMPLETED
2272,300,2,2024-04-29,2024-05-07,240.00,COMPLETED
2273,237,4,2024-11-29,2024-12-08,781.00,ON_HOLD
2274,339,5,2026-04-28,2026-05-02,322.00,ON_HOLD
2275,341,4,2026-03-31,2026-04-14,991.00,COMPLETED
2276,283,2,2023-08-03,2023-08-15,154.00,COMPLETED
2277,484,3,2025-07-09,2025-07-16,108.00,ON_HOLD
2278,272,7,2024-09-30,2024-10-04,934.00,COMPLETED
2279,95,8,2024-12-29,2025-01-03,536.00,IN_PROGRESS
2280,447,11,2026-07-30,2026-08-05,968.00,ON_HOLD
2281,478,7,2025-03-11,2025-03-18,546.00,COMPLETED
2282,412,2,2025-05-29,2025-06-08,306.00,COMPLETED
2283,118,4,2024-05-31,2024-06-15,616.00,ON_HOLD
2284,190,7,2026-06-11,2026-06-25,658.00,COMPLETED
2285,429,9,2023-05-16,2023-05-28,629.00,COMPLETED
2286,223,2,2024-10-14,2024-10-21,254.00,COMPLETED
2287,336,4,2023-10-03,2023-10-10,920.00,COMPLETED
2288,93,1,2023-12-13,2023-12-25,551.00,COMPLETED
2289,60,11,2026-01-03,2026-01-09,123.00,IN_PROGRESS
2290,398,11,2026-07-20,2026-07-23,286.00,IN_PROGRESS
2291,276,2,2025-03-12,2025-03-16,956.00,COMPLETED
2292,416,3,2026-09-16,2026-09-21,528.00,COMPLETED
2293,371,8,2025-10-16,2025-10-29,394.00,ON_HOLD
2294,472,3,2026-01-16,2026-01-20,249.00,COMPLETED
2295,351,8,2024-04-03,2024-04-11,774.00,COMPLETED
2296,248,6,2025-01-10,2025-01-18,295.00,COMPLETED
2297,438,11,2024-04-14,2024-04-23,932.00,COMPLETED
2298,485,11,2026-08-24,2026-09-06,214.00,COMPLETED
2299,104,5,2025-06-07,2025-06-13,149.00,COMPLETED
2300,357,8,2024-02-20,2024-02-25,84.00,COMPLETED
2301,111,6,2023-03-31,2023-04-11,822.00,COMPLETED
2302,499,9,2025-12-23,2026-01-06,624.00,COMPLETED
2303,306,3,2024-12-17,2024-12-27,602.00,IN_PROGRESS
2304,403,8,2023-11-30,2023-12-15,200.00,IN_PROGRESS
2305,55,7,2023-08-12,2023-08-15,628.00,ON_HOLD
2306,243,4,2025-02-02,2025-02-13,723.00,COMPLETED
2307,405,7,2026-06-12,2026-06-19,506.00,IN_PROGRESS
2308,154,11,2026-09-27,2026-09-30,643.00,COMPLETED
2309,80,10,2023-08-25,2023-09-09,795.00,COMPLETED
2310,331,7,2025-03-30,2025-04-07,993.00,ON_HOLD
2311,313,1,2024-03-15,2024-03-26,227.00,COMPLETED
2312,14,8,2025-07-13,2025-07-17,727.00,IN_PROGRESS
2313,294,8,2024-08-08,2024-08-17,581.00,COMPLETED
2314,157,8,2023-07-16,2023-07-24,738.00,COMPLETED
2315,292,1,2024-07-22,2024-07-30,939.00,COMPLETED
2316,345,11,2025-03-04,2025-03-09,520.00,IN_PROGRESS
2317,292,3,2026-08-14,2026-08-27,798.00,ON_HOLD
2318,421,11,2023-11-03,2023-11-09,374.00,IN_PROGRESS
2319,181,2,2023-05-15,2023-05-22,136.00,COMPLETED
2320,477,7,2025-07-05,2025-07-13,285.00,ON_HOLD
2321,62,2,2023-11-08,2023-11-23,349.00,COMPLETED
2322,241,12,2023-10-06,2023-10-17,762.00,IN_PROGRESS
2323,142,6,2025-11-07,2025-11-18,51.00,COMPLETED
2324,248,11,2023-02-10,2023-02-22,347.00,COMPLETED
2325,101,5,2023-07-09,2023-07-15,538.00,IN_PROGRESS
2326,83,9,2026-06-13,2026-06-21,678.00,COMPLETED
2327,323,4,2024-08-28,2024-09-13,914.00,COMPLETED
2328,104,10,2024-10-12,2024-10-15,968.00,COMPLETED
2329,83,2,2025-09-23,2025-10-06,826.00,ON_HOLD
2330,468,6,2025-06-14,2025-06-20,127.00,IN_PROGRESS
2331,384,12,2025-11-07,2025-11-21,578.00,COMPLETED
2332,155,4,2026-08-27,2026-09-07,110.00,COMPLETED
2333,236,12,2026-04-28,2026-05-07,139.00,COMPLETED
2334,397,12,2024-07-27,2024-08-03,122.00,COMPLETED
2335,76,2,2025-06-10,2025-06-14,865.00,COMPLETED
2336,422,7,2023-12-28,2024-01-06,925.00,ON_HOLD
2337,395,8,2023-04-30,2023-05-16,154.00,COMPLETED
2338,91,11,2023-09-14,2023-09-20,55.00,ON_HOLD
2339,188,2,2024-12-12,2024-12-20,733.00,ON_HOLD
2340,299,5,2024-01-01,2024-01-13,820.00,ON_HOLD
2341,70,6,2024-03-15,2024-03-20,523.00,IN_PROGRESS
2342,214,11,2023-07-20,2023-08-03,910.00,COMPLETED
2343,3,11,2023-02-27,2023-03-08,638.00,COMPLETED
2344,33,11,2024-12-02,2024-12-06,648.00,COMPLETED
2345,269,3,2023-12-12,2023-12-20,88.00,ON_HOLD
2346,430,7,2023-12-06,2023-12-15,745.00,COMPLETED
2347,286,7,2026-06-28,2026-07-04,492.00,IN_PROGRESS
2348,473,5,2023-03-16,2023-03-27,725.00,COMPLETED
2349,387,5,2023-09-13,2023-09-22,409.00,COMPLETED
2350,24,11,2025-09-07,2025-09-20,936.00,IN_PROGRESS
2351,104,7,2025-02-25,2025-03-05,580.00,IN_PROGRESS
2352,124,9,2023-10-25,2023-10-29,622.00,ON_HOLD
2353,433,9,2025-04-11,2025-04-19,846.00,COMPLETED
2354,434,2,2023-11-14,2023-11-22,159.00,IN_PROGRESS
2355,306,1,2026-08-14,2026-08-26,280.00,COMPLETED
2356,149,1,2024-02-26,2024-03-12,63.00,COMPLETED
2357,228,4,2023-02-27,2023-03-02,106.00,COMPLETED
2358,131,6,2026-07-26,2026-08-08,613.00,ON_HOLD
2359,73,7,2025-08-20,2025-09-04,815.00,COMPLETED
2360,310,9,2024-05-14,2024-05-30,640.00,ON_HOLD
2361,271,5,2023-02-07,2023-02-18,187.00,COMPLETED
2362,288,2,2024-06-30,2024-07-06,697.00,COMPLETED
2363,206,5,2026-05-25,2026-06-01,696.00,COMPLETED
2364,498,5,2024-02-13,2024-02-28,358.00,COMPLETED
2365,272,2,2025-03-04,2025-03-14,843.00,IN_PROGRESS
2366,437,9,2026-06-17,2026-06-21,705.00,ON_HOLD
2367,107,1,2023-05-26,2023-06-11,227.00,IN_PROGRESS
2368,346,3,2025-02-16,2025-02-22,771.00,COMPLETED
2369,429,1,2023-01-31,2023-02-06,220.00,COMPLETED
2370,250,11,2023-06-28,2023-07-09,115.00,COMPLETED
2371,397,10,2026-01-17,2026-01-28,709.00,COMPLETED
2372,373,11,2024-12-26,2025-01-02,255.00,COMPLETED
2373,179,9,2025-05-29,2025-06-03,327.00,ON_HOLD
2374,3,9,2023-05-14,2023-05-18,916.00,COMPLETED
2375,497,5,2026-02-03,2026-02-12,66.00,IN_PROGRESS
2376,175,4,2025-06-23,2025-07-05,880.00,COMPLETED
2377,246,1,2025-12-11,2025-12-20,98.00,COMPLETED
2378,276,7,2025-11-19,2025-11-24,188.00,COMPLETED
2379,8,12,2023-06-11,2023-06-26,617.00,ON_HOLD
2380,27,6,2026-03-24,2026-04-06,564.00,COMPLETED
2381,144,9,2023-02-28,2023-03-06,299.00,COMPLETED
2382,308,11,2026-06-05,2026-06-19,283.00,IN_PROGRESS
2383,319,6,2024-12-29,2025-01-12,770.00,ON_HOLD
2384,101,8,2025-11-16,2025-11-22,78.00,COMPLETED
2385,325,12,2024-02-06,2024-02-16,914.00,COMPLETED
2386,209,3,2024-01-04,2024-01-18,162.00,ON_HOLD
2387,84,1,2026-03-01,2026-03-08,967.00,COMPLETED
2388,231,7,2023-06-21,2023-06-27,219.00,COMPLETED
2389,428,8,2024-10-11,2024-10-27,116.00,COMPLETED
2390,112,7,2024-10-14,2024-10-28,424.00,COMPLETED
2391,371,8,2024-12-20,2025-01-01,79.00,ON_HOLD
2392,494,1,2026-01-27,2026-02-04,570.00,IN_PROGRESS
2393,348,9,2026-03-06,2026-03-21,596.00,COMPLETED
2394,42,11,2023-01-13,2023-01-24,122.00,COMPLETED
2395,63,6,2024-08-06,2024-08-19,62.00,COMPLETED
2396,335,9,2025-11-10,2025-11-22,679.00,COMPLETED
2397,223,11,2025-10-21,2025-11-02,384.00,IN_PROGRESS
2398,174,7,2026-05-31,2026-06-08,272.00,COMPLETED
2399,361,7,2024-08-28,2024-09-11,657.00,COMPLETED
2400,470,10,2024-07-18,2024-07-31,560.00,COMPLETED
2401,221,12,2023-09-24,2023-10-02,516.00,IN_PROGRESS
2402,238,2,2024-12-11,2024-12-21,928.00,COMPLETED
2403,112,2,2024-10-15,2024-10-18,837.00,IN_PROGRESS
2404,259,5,2025-10-05,2025-10-20,229.00,COMPLETED
2405,50,1,2023-09-08,2023-09-11,866.00,ON_HOLD
2406,272,9,2023-03-08,2023-03-22,748.00,IN_PROGRESS
2407,257,6,2024-06-07,2024-06-12,552.00,COMPLETED
2408,249,6,2024-08-25,2024-09-10,100.00,COMPLETED
2409,352,5,2023-06-25,2023-07-04,647.00,COMPLETED
2410,99,11,2026-09-24,2026-10-07,619.00,IN_PROGRESS
2411,255,5,2026-06-07,2026-06-21,720.00,ON_HOLD
2412,221,2,2025-02-22,2025-03-10,850.00,COMPLETED
2413,134,11,2026-08-29,2026-09-03,793.00,COMPLETED
2414,432,4,2025-04-02,2025-04-05,736.00,COMPLETED
2415,52,7,2024-05-21,2024-06-01,741.00,COMPLETED
2416,459,3,2024-05-18,2024-05-29,888.00,IN_PROGRESS
2417,341,6,2025-01-08,2025-01-15,862.00,ON_HOLD
2418,160,4,2026-04-12,2026-04-23,805.00,IN_PROGRESS
2419,465,6,2023-03-24,2023-03-31,868.00,COMPLETED
2420,250,2,2023-10-29,2023-11-06,922.00,COMPLETED
2421,46,2,2026-09-06,2026-09-22,363.00,ON_HOLD
2422,441,9,2026-01-08,2026-01-24,684.00,IN_PROGRESS
2423,344,4,2023-05-27,2023-06-08,914.00,COMPLETED
2424,46,7,2025-01-18,2025-01-26,422.00,ON_HOLD
2425,102,10,2024-11-01,2024-11-15,721.00,COMPLETED
2426,376,7,2023-06-26,2023-07-09,569.00,COMPLETED
2427,406,3,2024-01-20,2024-01-25,848.00,COMPLETED
2428,500,3,2025-07-08,2025-07-24,995.00,COMPLETED
2429,282,1,2026-09-20,2026-09-29,787.00,COMPLETED
2430,426,2,2026-05-16,2026-05-31,435.00,COMPLETED
2431,316,1,2025-10-25,2025-10-29,239.00,COMPLETED
2432,492,10,2026-02-02,2026-02-08,234.00,COMPLETED
2433,400,7,2025-10-09,2025-10-20,200.00,IN_PROGRESS
2434,275,1,2025-07-22,2025-08-05,331.00,ON_HOLD
2435,162,7,2026-02-24,2026-03-11,427.00,IN_PROGRESS
2436,185,11,2023-07-16,2023-07-19,794.00,COMPLETED
2437,96,10,2025-04-17,2025-04-25,162.00,IN_PROGRESS
2438,344,9,2024-05-04,2024-05-10,985.00,COMPLETED
2439,143,8,2024-01-07,2024-01-21,102.00,COMPLETED
2440,334,12,2025-12-02,2025-12-13,197.00,COMPLETED
2441,335,6,2023-06-24,2023-06-27,274.00,ON_HOLD
2442,242,1,2023-04-02,2023-04-09,634.00,COMPLETED
2443,317,8,2026-05-19,2026-05-26,682.00,ON_HOLD
2444,355,8,2026-06-12,2026-06-19,377.00,COMPLETED
2445,336,1,2025-11-10,2025-11-18,439.00,ON_HOLD
2446,405,2,2026-04-17,2026-04-26,139.00,ON_HOLD
2447,494,3,2023-01-29,2023-02-06,609.00,COMPLETED
2448,344,6,2025-01-15,2025-01-31,61.00,COMPLETED
2449,48,5,2025-02-13,2025-02-18,214.00,COMPLETED
2450,41,5,2025-01-02,2025-01-12,376.00,COMPLETED
2451,28,5,2026-06-16,2026-06-24,541.00,COMPLETED
2452,280,6,2024-11-14,2024-11-23,444.00,ON_HOLD
2453,50,8,2025-02-20,2025-02-23,707.00,COMPLETED
2454,445,7,2023-05-06,2023-05-13,909.00,ON_HOLD
2455,491,4,2023-07-04,2023-07-09,481.00,ON_HOLD
2456,396,6,2026-06-14,2026-06-29,824.00,ON_HOLD
2457,316,2,2023-03-03,2023-03-15,664.00,COMPLETED
2458,191,10,2023-07-06,2023-07-12,676.00,COMPLETED
2459,393,6,2023-05-16,2023-05-29,822.00,COMPLETED
2460,200,10,2023-02-24,2023-03-06,795.00,IN_PROGRESS
2461,40,12,2024-10-21,2024-10-26,920.00,COMPLETED
2462,428,5,2023-09-23,2023-10-08,407.00,COMPLETED
2463,272,6,2025-03-11,2025-03-14,415.00,COMPLETED
2464,286,5,2024-04-06,2024-04-13,622.00,COMPLETED
2465,302,2,2024-05-14,2024-05-27,776.00,COMPLETED
2466,314,7,2023-07-24,2023-08-01,235.00,IN_PROGRESS
2467,330,3,2024-04-24,2024-05-01,579.00,COMPLETED
2468,45,7,2024-04-21,2024-05-06,93.00,ON_HOLD
2469,160,1,2025-04-25,2025-05-03,354.00,COMPLETED
2470,70,4,2025-01-06,2025-01-21,71.00,ON_HOLD
2471,477,9,2026-01-19,2026-01-31,185.00,COMPLETED
2472,463,6,2024-12-20,2025-01-05,367.00,COMPLETED
2473,83,11,2025-04-10,2025-04-25,84.00,IN_PROGRESS
2474,59,12,2024-07-16,2024-07-28,709.00,COMPLETED
2475,467,11,2024-12-12,2024-12-15,949.00,ON_HOLD
2476,453,7,2025-12-20,2025-12-27,773.00,ON_HOLD
2477,474,12,2026-01-23,2026-01-27,277.00,ON_HOLD
2478,364,4,2023-11-09,2023-11-13,972.00,IN_PROGRESS
2479,470,6,2026-06-03,2026-06-16,394.00,ON_HOLD
2480,206,8,2024-08-02,2024-08-18,278.00,ON_HOLD
2481,303,1,2026-07-09,2026-07-12,560.00,IN_PROGRESS
2482,490,1,2023-10-29,2023-11-08,94.00,COMPLETED
2483,25,5,2023-11-15,2023-11-23,414.00,COMPLETED
2484,119,6,2026-08-13,2026-08-22,531.00,ON_HOLD
2485,494,9,2025-10-29,2025-11-11,880.00,COMPLETED
2486,356,11,2023-01-11,2023-01-24,498.00,ON_HOLD
2487,410,6,2024-04-14,2024-04-20,997.00,IN_PROGRESS
2488,295,7,2025-09-13,2025-09-24,809.00,COMPLETED
2489,378,6,2026-05-27,2026-06-12,898.00,ON_HOLD
2490,309,9,2025-09-30,2025-10-09,644.00,ON_HOLD
2491,352,1,2024-08-26,2024-09-11,945.00,COMPLETED
2492,424,4,2026-09-22,2026-10-07,218.00,COMPLETED
2493,83,10,2024-05-12,2024-05-15,342.00,ON_HOLD
2494,344,4,2024-08-02,2024-08-17,688.00,COMPLETED
2495,162,3,2023-01-19,2023-01-27,221.00,COMPLETED
2496,318,5,2026-07-02,2026-07-05,189.00,COMPLETED
2497,378,11,2026-06-11,2026-06-17,934.00,COMPLETED
2498,161,4,2026-08-26,2026-09-05,475.00,ON_HOLD
2499,2,7,2025-03-03,2025-03-18,285.00,IN_PROGRESS
2500,311,7,2025-10-16,2025-10-26,377.00,IN_PROGRESS
2501,9,1,2025-09-22,2025-10-04,105.00,IN_PROGRESS
2502,374,9,2025-08-31,2025-09-15,432.00,COMPLETED
2503,169,1,2026-03-01,2026-03-13,705.00,COMPLETED
2504,344,10,2023-10-05,2023-10-13,290.00,COMPLETED
2505,196,5,2025-11-16,2025-11-19,848.00,COMPLETED
2506,396,5,2023-07-01,2023-07-17,605.00,ON_HOLD
2507,344,8,2023-02-27,2023-03-03,646.00,COMPLETED
2508,49,12,2024-01-31,2024-02-16,96.00,ON_HOLD
2509,130,12,2023-09-23,2023-09-29,842.00,COMPLETED
2510,34,9,2025-02-23,2025-03-05,842.00,ON_HOLD
2511,126,12,2025-05-30,2025-06-05,337.00,ON_HOLD
2512,118,7,2023-07-08,2023-07-19,574.00,COMPLETED
2513,180,6,2024-04-07,2024-04-18,591.00,ON_HOLD
2514,444,6,2024-04-11,2024-04-24,784.00,COMPLETED
2515,272,12,2024-02-12,2024-02-20,514.00,IN_PROGRESS
2516,108,1,2023-10-24,2023-10-31,149.00,ON_HOLD
2517,481,1,2026-04-28,2026-05-03,964.00,IN_PROGRESS
2518,114,1,2024-03-23,2024-04-04,968.00,COMPLETED
2519,260,9,2025-05-23,2025-06-07,579.00,COMPLETED
2520,229,5,2026-06-18,2026-07-03,827.00,COMPLETED
2521,390,1,2024-07-24,2024-08-05,866.00,COMPLETED
2522,385,12,2024-01-14,2024-01-29,314.00,ON_HOLD
2523,286,9,2026-07-22,2026-08-03,702.00,ON_HOLD
2524,366,1,2023-01-14,2023-01-25,252.00,COMPLETED
2525,200,8,2024-05-12,2024-05-18,705.00,ON_HOLD
2526,336,10,2023-09-03,2023-09-16,102.00,COMPLETED
2527,104,10,2025-05-21,2025-06-06,592.00,COMPLETED
2528,204,12,2024-07-05,2024-07-14,675.00,IN_PROGRESS
2529,296,12,2024-10-10,2024-10-26,779.00,COMPLETED
2530,68,6,2024-12-05,2024-12-14,211.00,COMPLETED
2531,393,6,2026-04-28,2026-05-12,932.00,COMPLETED
2532,181,4,2024-12-30,2025-01-07,349.00,COMPLETED
2533,296,7,2025-03-17,2025-03-21,546.00,COMPLETED
2534,95,4,2023-10-29,2023-11-10,832.00,IN_PROGRESS
2535,448,7,2023-01-19,2023-01-31,52.00,IN_PROGRESS
2536,13,12,2024-02-18,2024-03-05,99.00,COMPLETED
2537,23,2,2026-04-24,2026-05-10,330.00,COMPLETED
2538,263,12,2024-03-27,2024-04-12,351.00,COMPLETED
2539,280,2,2023-10-19,2023-10-31,348.00,COMPLETED
2540,301,5,2026-06-08,2026-06-11,360.00,ON_HOLD
2541,373,3,2023-01-21,2023-02-02,471.00,IN_PROGRESS
2542,451,5,2024-04-29,2024-05-07,405.00,IN_PROGRESS
2543,107,2,2025-06-04,2025-06-08,472.00,COMPLETED
2544,38,2,2023-05-05,2023-05-11,672.00,COMPLETED
2545,356,3,2026-06-25,2026-07-01,725.00,COMPLETED
2546,26,3,2025-08-14,2025-08-19,874.00,IN_PROGRESS
2547,4,10,2024-06-28,2024-07-05,188.00,COMPLETED
2548,367,8,2024-01-10,2024-01-26,945.00,ON_HOLD
2549,291,2,2024-06-25,2024-07-08,681.00,COMPLETED
2550,201,11,2026-06-01,2026-06-06,646.00,COMPLETED
2551,171,6,2024-06-20,2024-07-06,149.00,IN_PROGRESS
2552,78,1,2023-05-07,2023-05-10,584.00,IN_PROGRESS
2553,381,3,2023-10-24,2023-11-09,460.00,COMPLETED
2554,287,1,2025-03-09,2025-03-24,369.00,ON_HOLD
2555,51,10,2025-12-30,2026-01-13,335.00,ON_HOLD
2556,208,8,2023-11-25,2023-11-30,618.00,IN_PROGRESS
2557,461,3,2023-10-15,2023-10-28,675.00,IN_PROGRESS
2558,391,6,2023-05-18,2023-05-28,526.00,IN_PROGRESS
2559,36,6,2026-08-26,2026-09-08,683.00,COMPLETED
2560,460,7,2025-08-31,2025-09-06,873.00,COMPLETED
2561,418,2,2025-06-25,2025-06-30,451.00,ON_HOLD
2562,491,6,2023-12-05,2023-12-16,102.00,IN_PROGRESS
2563,362,4,2026-05-15,2026-05-23,92.00,COMPLETED
2564,319,10,2023-01-06,2023-01-16,174.00,COMPLETED
2565,50,7,2024-06-26,2024-07-05,263.00,COMPLETED
2566,168,4,2023-03-27,2023-04-08,383.00,ON_HOLD
2567,267,9,2026-04-25,2026-05-11,244.00,ON_HOLD
2568,461,7,2024-07-04,2024-07-10,281.00,COMPLETED
2569,460,5,2026-07-16,2026-07-21,751.00,IN_PROGRESS
2570,369,9,2023-10-29,2023-11-01,312.00,IN_PROGRESS
2571,294,9,2024-05-29,2024-06-09,822.00,IN_PROGRESS
2572,303,10,2023-05-12,2023-05-27,577.00,COMPLETED
2573,374,12,2023-10-31,2023-11-05,791.00,IN_PROGRESS
2574,358,4,2023-10-27,2023-11-10,104.00,COMPLETED
2575,106,8,2023-09-17,2023-09-24,770.00,COMPLETED
2576,405,6,2024-05-28,2024-06-07,855.00,COMPLETED
2577,89,2,2024-08-25,2024-08-28,262.00,ON_HOLD
2578,243,9,2024-07-22,2024-07-25,641.00,ON_HOLD
2579,414,6,2024-11-22,2024-11-28,200.00,COMPLETED
2580,401,12,2025-11-27,2025-12-13,879.00,IN_PROGRESS
2581,378,7,2025-10-31,2025-11-13,785.00,COMPLETED
2582,498,6,2023-10-23,2023-11-07,153.00,COMPLETED
2583,220,3,2026-02-24,2026-03-09,56.00,COMPLETED
2584,238,10,2026-04-01,2026-04-06,689.00,IN_PROGRESS
2585,72,2,2023-04-18,2023-04-30,663.00,COMPLETED
2586,452,11,2023-02-17,2023-02-26,443.00,COMPLETED
2587,30,2,2024-11-16,2024-11-26,197.00,COMPLETED
2588,480,12,2026-01-19,2026-02-01,213.00,IN_PROGRESS
2589,263,6,2025-03-09,2025-03-16,362.00,COMPLETED
2590,385,12,2024-06-11,2024-06-27,665.00,IN_PROGRESS
2591,307,12,2025-02-26,2025-03-14,650.00,COMPLETED
2592,89,7,2024-05-12,2024-05-24,745.00,COMPLETED
2593,378,3,2024-10-30,2024-11-08,669.00,COMPLETED
2594,228,2,2024-01-14,2024-01-22,686.00,IN_PROGRESS
2595,114,8,2025-11-22,2025-11-26,844.00,COMPLETED
2596,233,4,2023-10-06,2023-10-17,734.00,IN_PROGRESS
2597,435,8,2023-09-06,2023-09-16,102.00,COMPLETED
2598,243,11,2026-03-22,2026-03-27,616.00,IN_PROGRESS
2599,123,9,2023-06-02,2023-06-16,778.00,COMPLETED
2600,33,1,2024-03-13,2024-03-17,287.00,ON_HOLD
2601,161,11,2023-09-14,2023-09-26,704.00,ON_HOLD
2602,386,10,2026-08-06,2026-08-15,405.00,COMPLETED
2603,131,1,2025-10-17,2025-10-21,373.00,COMPLETED
2604,58,8,2023-09-30,2023-10-10,579.00,COMPLETED
2605,159,12,2023-10-09,2023-10-15,81.00,COMPLETED
2606,56,5,2023-03-16,2023-03-27,339.00,COMPLETED
2607,238,3,2024-02-10,2024-02-13,130.00,COMPLETED
2608,233,7,2024-09-27,2024-10-12,970.00,ON_HOLD
2609,292,3,2024-07-21,2024-08-01,575.00,COMPLETED
2610,15,9,2024-02-13,2024-02-19,910.00,COMPLETED
2611,312,12,2025-05-09,2025-05-20,855.00,IN_PROGRESS
2612,496,1,2024-10-11,2024-10-16,553.00,COMPLETED
2613,49,10,2024-02-17,2024-03-02,629.00,IN_PROGRESS
2614,157,12,2024-12-10,2024-12-16,708.00,COMPLETED
2615,495,9,2026-04-14,2026-04-24,253.00,COMPLETED
2616,336,3,2023-05-24,2023-05-27,916.00,COMPLETED
2617,363,10,2023-09-25,2023-10-03,658.00,COMPLETED
2618,423,6,2023-05-20,2023-05-28,70.00,COMPLETED
2619,458,8,2024-02-04,2024-02-20,421.00,IN_PROGRESS
2620,64,1,2024-07-11,2024-07-20,207.00,COMPLETED
2621,386,3,2024-10-09,2024-10-12,667.00,ON_HOLD
2622,194,3,2023-02-08,2023-02-20,794.00,COMPLETED
2623,151,8,2024-09-04,2024-09-19,891.00,COMPLETED
2624,254,8,2025-08-07,2025-08-20,864.00,COMPLETED
2625,302,11,2024-08-30,2024-09-06,196.00,COMPLETED
2626,331,2,2023-06-07,2023-06-13,244.00,COMPLETED
2627,258,4,2025-05-16,2025-05-21,818.00,COMPLETED
2628,286,1,2023-10-07,2023-10-21,841.00,IN_PROGRESS
2629,116,1,2026-03-15,2026-03-27,754.00,COMPLETED
2630,262,4,2026-01-25,2026-01-29,823.00,IN_PROGRESS
2631,363,5,2023-06-08,2023-06-18,461.00,COMPLETED
2632,324,3,2024-09-04,2024-09-07,158.00,COMPLETED
2633,462,12,2024-12-27,2025-01-04,701.00,COMPLETED
2634,404,4,2026-02-26,2026-03-10,631.00,IN_PROGRESS
2635,449,12,2026-02-22,2026-02-28,578.00,COMPLETED
2636,113,9,2023-03-13,2023-03-23,744.00,IN_PROGRESS
2637,406,8,2024-07-03,2024-07-10,410.00,COMPLETED
2638,328,7,2026-02-11,2026-02-22,983.00,COMPLETED
2639,334,7,2023-02-02,2023-02-07,402.00,COMPLETED
2640,27,11,2023-08-31,2023-09-08,710.00,IN_PROGRESS
2641,138,2,2024-01-21,2024-01-31,825.00,IN_PROGRESS
2642,443,8,2024-12-08,2024-12-14,232.00,COMPLETED
2643,18,2,2024-09-29,2024-10-05,641.00,COMPLETED
2644,330,6,2023-06-28,2023-07-11,409.00,COMPLETED
2645,68,1,2024-06-10,2024-06-24,975.00,ON_HOLD
2646,195,8,2025-05-12,2025-05-20,95.00,IN_PROGRESS
2647,258,6,2025-04-23,2025-04-26,475.00,ON_HOLD
2648,327,5,2023-04-14,2023-04-25,873.00,COMPLETED
2649,423,9,2024-02-16,2024-02-26,761.00,COMPLETED
2650,147,8,2025-02-07,2025-02-17,881.00,COMPLETED
2651,478,2,2023-07-05,2023-07-17,595.00,ON_HOLD
2652,408,7,2024-09-19,2024-09-24,680.00,ON_HOLD
2653,15,3,2026-04-26,2026-05-02,720.00,IN_PROGRESS
2654,274,1,2024-01-01,2024-01-13,530.00,COMPLETED
2655,218,12,2026-04-09,2026-04-16,905.00,IN_PROGRESS
2656,320,10,2023-04-02,2023-04-12,518.00,COMPLETED
2657,300,12,2023-12-19,2023-12-22,771.00,COMPLETED
2658,244,2,2024-06-13,2024-06-20,187.00,COMPLETED
2659,445,3,2024-12-29,2025-01-07,284.00,COMPLETED
2660,407,8,2025-04-05,2025-04-20,640.00,COMPLETED
2661,482,11,2025-02-01,2025-02-08,447.00,COMPLETED
2662,454,7,2024-03-29,2024-04-13,885.00,IN_PROGRESS
2663,83,12,2023-03-16,2023-03-29,268.00,COMPLETED
2664,20,12,2025-09-01,2025-09-09,65.00,ON_HOLD
2665,188,8,2024-07-21,2024-08-01,726.00,COMPLETED
2666,28,8,2025-01-27,2025-02-09,432.00,ON_HOLD
2667,309,9,2026-05-01,2026-05-04,713.00,ON_HOLD
2668,124,8,2026-01-30,2026-02-06,542.00,COMPLETED
2669,487,10,2025-08-25,2025-09-07,82.00,COMPLETED
2670,288,11,2026-02-28,2026-03-04,904.00,COMPLETED
2671,90,4,2026-06-12,2026-06-23,808.00,ON_HOLD
2672,232,12,2023-06-14,2023-06-27,537.00,IN_PROGRESS
2673,188,6,2023-08-13,2023-08-23,941.00,COMPLETED
2674,293,12,2023-05-26,2023-06-09,702.00,COMPLETED
2675,260,9,2026-08-25,2026-09-03,323.00,ON_HOLD
2676,310,10,2024-05-17,2024-05-23,330.00,COMPLETED
2677,9,2,2024-01-19,2024-01-30,216.00,COMPLETED
2678,112,3,2026-03-27,2026-04-11,466.00,COMPLETED
2679,122,4,2023-11-24,2023-12-05,195.00,ON_HOLD
2680,186,6,2023-09-12,2023-09-23,519.00,COMPLETED
2681,356,8,2025-04-19,2025-05-04,636.00,COMPLETED
2682,19,9,2026-01-11,2026-01-16,106.00,IN_PROGRESS
2683,216,10,2025-07-28,2025-08-12,534.00,COMPLETED
2684,219,8,2023-11-13,2023-11-18,758.00,COMPLETED
2685,363,4,2024-08-24,2024-08-31,812.00,ON_HOLD
2686,160,1,2024-12-09,2024-12-25,109.00,COMPLETED
2687,2,11,2023-03-20,2023-03-23,881.00,ON_HOLD
2688,355,10,2025-07-04,2025-07-16,198.00,COMPLETED
2689,87,8,2026-08-06,2026-08-16,372.00,COMPLETED
2690,187,8,2024-11-06,2024-11-17,263.00,IN_PROGRESS
2691,270,2,2023-09-01,2023-09-04,599.00,COMPLETED
2692,7,9,2026-10-01,2026-10-07,770.00,COMPLETED
2693,227,5,2023-03-24,2023-03-30,200.00,IN_PROGRESS
2694,31,6,2024-03-24,2024-04-04,728.00,COMPLETED
2695,93,8,2024-04-23,2024-05-08,65.00,COMPLETED
2696,186,8,2024-06-17,2024-06-25,401.00,ON_HOLD
2697,209,4,2025-12-16,2025-12-28,378.00,IN_PROGRESS
2698,273,4,2026-08-02,2026-08-08,76.00,ON_HOLD
2699,108,2,2026-02-22,2026-02-26,570.00,IN_PROGRESS
2700,404,7,2023-01-22,2023-02-04,422.00,IN_PROGRESS
2701,309,5,2023-12-01,2023-12-13,858.00,COMPLETED
2702,120,2,2025-06-07,2025-06-23,760.00,IN_PROGRESS
2703,350,1,2026-01-04,2026-01-10,394.00,ON_HOLD
2704,228,2,2025-08-13,2025-08-22,105.00,COMPLETED
2705,300,1,2023-03-11,2023-03-21,805.00,ON_HOLD
2706,351,1,2025-07-29,2025-08-03,622.00,COMPLETED
2707,487,12,2024-07-19,2024-07-31,891.00,ON_HOLD
2708,175,6,2024-02-04,2024-02-10,618.00,COMPLETED
2709,103,6,2023-09-02,2023-09-10,689.00,IN_PROGRESS
2710,80,4,2026-03-03,2026-03-16,137.00,COMPLETED
2711,228,11,2026-03-01,2026-03-12,571.00,ON_HOLD
2712,162,11,2024-11-19,2024-12-01,234.00,COMPLETED
2713,236,5,2024-02-13,2024-02-20,467.00,COMPLETED
2714,268,7,2024-09-24,2024-10-02,622.00,IN_PROGRESS
2715,203,1,2023-07-29,2023-08-14,880.00,IN_PROGRESS
2716,322,6,2025-02-18,2025-03-03,924.00,COMPLETED
2717,304,8,2024-01-30,2024-02-14,571.00,COMPLETED
2718,129,2,2026-02-04,2026-02-10,339.00,COMPLETED
2719,498,1,2025-10-15,2025-10-18,249.00,ON_HOLD
2720,435,11,2024-01-25,2024-01-31,398.00,COMPLETED
2721,285,5,2023-06-24,2023-06-30,130.00,COMPLETED
2722,296,4,2025-05-01,2025-05-15,344.00,ON_HOLD
2723,294,9,2023-03-14,2023-03-30,135.00,COMPLETED
2724,187,3,2024-04-18,2024-04-21,706.00,COMPLETED
2725,226,12,2025-03-16,2025-03-19,152.00,COMPLETED
2726,274,10,2026-08-08,2026-08-16,74.00,IN_PROGRESS
2727,370,3,2025-08-31,2025-09-12,300.00,COMPLETED
2728,131,4,2025-07-02,2025-07-18,345.00,COMPLETED
2729,23,12,2023-05-16,2023-05-20,999.00,COMPLETED
2730,261,5,2026-01-28,2026-02-06,118.00,COMPLETED
2731,53,9,2025-09-24,2025-10-05,642.00,COMPLETED
2732,230,12,2023-05-02,2023-05-10,893.00,COMPLETED
2733,337,10,2025-11-05,2025-11-16,752.00,COMPLETED
2734,152,1,2025-10-10,2025-10-26,811.00,IN_PROGRESS
2735,400,5,2025-02-10,2025-02-14,425.00,IN_PROGRESS
2736,137,9,2024-08-30,2024-09-08,681.00,COMPLETED
2737,383,3,2025-05-13,2025-05-16,182.00,COMPLETED
2738,240,7,2023-11-07,2023-11-20,639.00,IN_PROGRESS
2739,206,6,2026-06-15,2026-06-19,855.00,COMPLETED
2740,200,11,2026-06-29,2026-07-06,861.00,ON_HOLD
2741,87,7,2023-05-29,2023-06-06,654.00,COMPLETED
2742,171,10,2024-07-24,2024-08-08,847.00,ON_HOLD
2743,440,4,2025-11-01,2025-11-17,686.00,COMPLETED
2744,166,7,2023-01-20,2023-01-31,333.00,COMPLETED
2745,245,8,2024-12-21,2024-12-25,196.00,COMPLETED
2746,100,5,2024-02-19,2024-02-23,506.00,COMPLETED
2747,473,1,2024-02-18,2024-02-29,193.00,COMPLETED
2748,83,1,2026-07-27,2026-07-31,631.00,COMPLETED
2749,454,9,2024-06-09,2024-06-25,106.00,ON_HOLD
2750,418,7,2024-07-21,2024-07-24,187.00,COMPLETED
2751,261,2,2025-04-25,2025-05-11,830.00,ON_HOLD
2752,204,3,2024-08-14,2024-08-20,853.00,IN_PROGRESS
2753,349,7,2023-03-11,2023-03-25,209.00,COMPLETED
2754,285,2,2026-05-27,2026-06-05,395.00,IN_PROGRESS
2755,492,11,2023-09-29,2023-10-11,735.00,COMPLETED
2756,220,6,2024-12-18,2024-12-24,204.00,COMPLETED
2757,339,5,2024-08-02,2024-08-13,856.00,COMPLETED
2758,454,11,2024-02-23,2024-03-02,226.00,COMPLETED
2759,13,2,2023-11-11,2023-11-25,985.00,ON_HOLD
2760,286,10,2023-04-30,2023-05-15,447.00,COMPLETED
2761,343,11,2024-08-20,2024-09-03,594.00,COMPLETED
2762,407,11,2023-10-27,2023-11-10,506.00,COMPLETED
2763,55,12,2023-05-05,2023-05-16,456.00,ON_HOLD
2764,374,7,2026-01-25,2026-02-07,91.00,COMPLETED
2765,82,12,2023-11-18,2023-12-04,513.00,COMPLETED
2766,301,9,2025-02-14,2025-02-28,330.00,COMPLETED
2767,449,1,2025-10-31,2025-11-11,637.00,COMPLETED
2768,398,5,2024-05-29,2024-06-03,869.00,COMPLETED
2769,408,7,2025-08-21,2025-08-26,153.00,COMPLETED
2770,433,7,2025-10-27,2025-11-11,943.00,IN_PROGRESS
2771,483,1,2024-09-07,2024-09-18,713.00,ON_HOLD
2772,457,4,2024-02-02,2024-02-17,974.00,COMPLETED
2773,68,7,2026-06-04,2026-06-09,264.00,COMPLETED
2774,415,5,2023-08-24,2023-09-09,613.00,COMPLETED
2775,118,11,2025-05-14,2025-05-23,297.00,COMPLETED
2776,150,4,2025-01-17,2025-02-01,822.00,IN_PROGRESS
2777,435,8,2025-04-17,2025-04-25,590.00,COMPLETED
2778,160,2,2024-05-18,2024-05-21,155.00,COMPLETED
2779,270,11,2025-09-29,2025-10-05,747.00,COMPLETED
2780,424,9,2025-05-17,2025-05-21,113.00,IN_PROGRESS
2781,482,5,2024-12-27,2025-01-02,121.00,ON_HOLD
2782,274,5,2023-10-16,2023-10-28,889.00,IN_PROGRESS
2783,88,2,2025-04-28,2025-05-07,513.00,COMPLETED
2784,355,10,2024-04-17,2024-04-25,198.00,COMPLETED
2785,151,4,2023-04-15,2023-04-28,694.00,IN_PROGRESS
2786,491,1,2025-08-12,2025-08-24,217.00,COMPLETED
2787,96,11,2025-09-12,2025-09-22,704.00,COMPLETED
2788,339,1,2023-01-22,2023-01-27,762.00,COMPLETED
2789,472,1,2023-11-18,2023-12-01,834.00,ON_HOLD
2790,351,2,2023-07-22,2023-07-26,312.00,COMPLETED
2791,241,5,2025-01-20,2025-02-02,331.00,ON_HOLD
2792,14,3,2026-05-01,2026-05-14,120.00,IN_PROGRESS
2793,332,8,2023-11-18,2023-12-02,172.00,ON_HOLD
2794,317,2,2023-04-25,2023-05-11,678.00,ON_HOLD
2795,168,10,2026-05-26,2026-05-31,103.00,COMPLETED
2796,350,1,2025-10-29,2025-11-01,893.00,IN_PROGRESS
2797,37,10,2024-09-25,2024-10-07,245.00,IN_PROGRESS
2798,330,5,2023-11-10,2023-11-21,722.00,IN_PROGRESS
2799,110,2,2025-02-06,2025-02-16,212.00,COMPLETED
2800,285,9,2023-11-12,2023-11-28,729.00,COMPLETED
2801,195,5,2026-07-27,2026-08-02,452.00,COMPLETED
2802,92,6,2024-12-02,2024-12-18,726.00,ON_HOLD
2803,352,7,2023-03-15,2023-03-26,500.00,ON_HOLD
2804,107,9,2024-05-19,2024-05-25,320.00,COMPLETED
2805,418,7,2024-02-18,2024-02-24,998.00,COMPLETED
2806,442,6,2023-10-21,2023-10-27,753.00,COMPLETED
2807,335,11,2025-08-02,2025-08-16,674.00,COMPLETED
2808,188,2,2026-09-05,2026-09-09,700.00,COMPLETED
2809,363,1,2023-03-16,2023-03-25,191.00,ON_HOLD
2810,155,2,2024-09-23,2024-10-01,445.00,IN_PROGRESS
2811,231,3,2025-02-07,2025-02-22,259.00,IN_PROGRESS
2812,65,7,2023-05-09,2023-05-22,582.00,ON_HOLD
2813,361,2,2023-02-27,2023-03-05,288.00,COMPLETED
2814,303,5,2025-10-29,2025-11-08,777.00,COMPLETED
2815,490,6,2024-05-11,2024-05-26,98.00,COMPLETED
2816,382,3,2025-08-24,2025-08-28,362.00,COMPLETED
2817,54,2,2023-08-08,2023-08-23,691.00,ON_HOLD
2818,355,8,2025-10-06,2025-10-10,160.00,COMPLETED
2819,495,2,2026-05-30,2026-06-10,198.00,COMPLETED
2820,393,6,2024-03-10,2024-03-15,212.00,ON_HOLD
2821,235,6,2024-09-16,2024-09-19,347.00,COMPLETED
2822,157,9,2026-05-28,2026-06-07,266.00,IN_PROGRESS
2823,429,10,2024-12-01,2024-12-10,643.00,ON_HOLD
2824,317,12,2024-10-10,2024-10-18,474.00,IN_PROGRESS
2825,4,11,2024-04-03,2024-04-12,799.00,COMPLETED
2826,180,1,2026-01-16,2026-01-20,950.00,COMPLETED
2827,25,10,2024-08-21,2024-08-25,191.00,IN_PROGRESS
2828,136,11,2023-01-15,2023-01-26,207.00,IN_PROGRESS
2829,288,12,2024-09-28,2024-10-01,650.00,COMPLETED
2830,324,11,2024-04-09,2024-04-25,187.00,COMPLETED
2831,375,4,2023-07-09,2023-07-13,107.00,IN_PROGRESS
2832,168,7,2023-03-12,2023-03-23,391.00,COMPLETED
2833,279,6,2023-12-13,2023-12-26,369.00,ON_HOLD
2834,394,6,2024-11-28,2024-12-12,808.00,IN_PROGRESS
2835,453,4,2024-02-14,2024-02-21,699.00,COMPLETED
2836,299,8,2026-05-03,2026-05-08,829.00,COMPLETED
2837,261,4,2023-02-06,2023-02-18,356.00,COMPLETED
2838,65,7,2026-05-05,2026-05-11,162.00,COMPLETED
2839,406,2,2025-12-10,2025-12-16,304.00,IN_PROGRESS
2840,361,9,2025-11-04,2025-11-19,433.00,COMPLETED
2841,259,3,2023-11-08,2023-11-20,936.00,COMPLETED
2842,469,7,2023-05-14,2023-05-22,378.00,IN_PROGRESS
2843,352,9,2024-08-28,2024-09-02,457.00,COMPLETED
2844,183,6,2025-06-09,2025-06-21,884.00,COMPLETED
2845,130,1,2023-07-22,2023-08-07,454.00,COMPLETED
2846,454,8,2025-02-27,2025-03-02,470.00,IN_PROGRESS
2847,97,6,2026-04-05,2026-04-09,328.00,ON_HOLD
2848,376,11,2026-06-26,2026-07-02,167.00,COMPLETED
2849,259,10,2024-05-26,2024-05-29,555.00,IN_PROGRESS
2850,376,12,2023-09-07,2023-09-14,193.00,COMPLETED
2851,430,4,2026-05-09,2026-05-25,185.00,COMPLETED
2852,371,12,2025-07-27,2025-08-06,960.00,ON_HOLD
2853,64,7,2025-03-11,2025-03-15,818.00,COMPLETED
2854,236,7,2026-07-02,2026-07-10,711.00,COMPLETED
2855,154,8,2024-08-15,2024-08-20,803.00,IN_PROGRESS
2856,481,4,2025-06-24,2025-07-07,989.00,COMPLETED
2857,482,8,2024-06-29,2024-07-09,236.00,COMPLETED
2858,151,1,2024-01-23,2024-01-26,166.00,COMPLETED
2859,142,4,2026-09-10,2026-09-17,939.00,COMPLETED
2860,243,12,2025-05-05,2025-05-17,620.00,COMPLETED
2861,82,8,2026-01-26,2026-01-30,480.00,COMPLETED
2862,441,5,2023-03-11,2023-03-22,534.00,IN_PROGRESS
2863,492,9,2024-04-10,2024-04-13,551.00,COMPLETED
2864,154,1,2024-05-24,2024-06-03,717.00,COMPLETED
2865,184,11,2025-11-17,2025-11-21,498.00,ON_HOLD
2866,143,12,2026-03-17,2026-03-25,131.00,COMPLETED
2867,441,2,2026-05-22,2026-06-01,959.00,COMPLETED
2868,347,7,2025-10-17,2025-11-02,396.00,ON_HOLD
2869,263,10,2025-09-13,2025-09-18,906.00,IN_PROGRESS
2870,335,5,2026-01-03,2026-01-10,164.00,COMPLETED
2871,231,4,2024-01-01,2024-01-12,215.00,COMPLETED
2872,382,10,2026-03-05,2026-03-15,666.00,COMPLETED
2873,108,1,2024-08-04,2024-08-10,273.00,COMPLETED
2874,57,5,2024-02-19,2024-03-01,810.00,COMPLETED
2875,398,11,2025-11-20,2025-12-06,615.00,ON_HOLD
2876,6,9,2025-03-30,2025-04-13,117.00,IN_PROGRESS
2877,395,3,2024-12-26,2025-01-11,643.00,COMPLETED
2878,490,12,2026-04-17,2026-04-25,270.00,IN_PROGRESS
2879,221,4,2024-06-18,2024-07-04,365.00,ON_HOLD
2880,152,1,2026-06-12,2026-06-28,457.00,COMPLETED
2881,327,3,2026-05-04,2026-05-12,997.00,COMPLETED
2882,420,5,2025-02-10,2025-02-23,333.00,ON_HOLD
2883,258,8,2024-07-20,2024-07-27,763.00,ON_HOLD
2884,278,7,2025-07-02,2025-07-05,373.00,COMPLETED
2885,1,8,2025-04-10,2025-04-24,631.00,ON_HOLD
2886,427,6,2023-08-15,2023-08-27,383.00,ON_HOLD
2887,314,2,2023-10-13,2023-10-23,367.00,COMPLETED
2888,396,8,2024-11-30,2024-12-06,838.00,COMPLETED
2889,412,9,2024-12-25,2025-01-10,879.00,IN_PROGRESS
2890,339,2,2025-07-17,2025-08-02,714.00,COMPLETED
2891,464,2,2023-01-17,2023-01-22,761.00,COMPLETED
2892,310,10,2023-03-18,2023-03-21,371.00,IN_PROGRESS
2893,404,1,2025-12-14,2025-12-30,495.00,COMPLETED
2894,209,7,2023-07-05,2023-07-11,57.00,COMPLETED
2895,12,7,2024-08-30,2024-09-15,474.00,COMPLETED
2896,44,12,2025-03-14,2025-03-20,297.00,COMPLETED
2897,297,10,2025-04-12,2025-04-20,462.00,ON_HOLD
2898,56,5,2025-10-27,2025-11-09,58.00,COMPLETED
2899,52,10,2023-09-06,2023-09-11,916.00,COMPLETED
2900,178,4,2025-04-16,2025-05-02,849.00,COMPLETED
2901,464,3,2024-04-14,2024-04-17,741.00,ON_HOLD
2902,470,8,2023-03-19,2023-03-26,80.00,IN_PROGRESS
2903,455,2,2023-03-11,2023-03-16,243.00,ON_HOLD
2904,327,2,2026-08-23,2026-09-08,65.00,ON_HOLD
2905,303,3,2025-10-06,2025-10-14,657.00,IN_PROGRESS
2906,345,8,2025-11-17,2025-11-30,340.00,COMPLETED
2907,176,8,2024-08-18,2024-08-29,164.00,COMPLETED
2908,163,7,2025-03-14,2025-03-27,915.00,COMPLETED
2909,374,8,2026-03-04,2026-03-10,908.00,ON_HOLD
2910,380,1,2024-10-05,2024-10-08,725.00,COMPLETED
2911,298,4,2025-05-11,2025-05-26,724.00,IN_PROGRESS
2912,458,4,2023-05-13,2023-05-24,851.00,COMPLETED
2913,231,11,2025-11-05,2025-11-18,627.00,IN_PROGRESS
2914,378,7,2023-01-19,2023-01-26,727.00,COMPLETED
2915,31,6,2025-05-14,2025-05-25,945.00,COMPLETED
2916,310,6,2026-08-17,2026-08-26,838.00,COMPLETED
2917,381,7,2025-12-07,2025-12-23,957.00,COMPLETED
2918,148,7,2025-09-30,2025-10-05,869.00,COMPLETED
2919,210,4,2023-09-19,2023-10-03,970.00,IN_PROGRESS
2920,163,8,2026-05-05,2026-05-16,698.00,COMPLETED
2921,493,1,2026-02-10,2026-02-25,302.00,COMPLETED
2922,155,4,2024-01-11,2024-01-14,424.00,COMPLETED
2923,344,8,2024-03-03,2024-03-17,694.00,COMPLETED
2924,282,9,2025-04-28,2025-05-03,188.00,COMPLETED
2925,202,6,2025-10-01,2025-10-04,523.00,COMPLETED
2926,3,12,2024-09-22,2024-10-08,689.00,COMPLETED
2927,136,8,2026-08-01,2026-08-13,272.00,COMPLETED
2928,319,8,2023-04-24,2023-05-03,214.00,COMPLETED
2929,246,2,2026-02-20,2026-03-04,233.00,ON_HOLD
2930,292,6,2025-10-03,2025-10-06,812.00,COMPLETED
2931,259,3,2024-12-09,2024-12-25,673.00,COMPLETED
2932,442,4,2023-12-07,2023-12-15,366.00,COMPLETED
2933,280,8,2025-09-14,2025-09-25,537.00,COMPLETED
2934,164,7,2024-02-06,2024-02-15,684.00,ON_HOLD
2935,12,4,2025-01-15,2025-01-23,469.00,IN_PROGRESS
2936,98,11,2023-11-11,2023-11-23,529.00,ON_HOLD
2937,318,3,2024-09-20,2024-09-26,80.00,IN_PROGRESS
2938,6,2,2023-11-01,2023-11-14,498.00,COMPLETED
2939,240,1,2026-05-04,2026-05-11,191.00,COMPLETED
2940,466,3,2025-07-28,2025-08-03,684.00,COMPLETED
2941,327,6,2024-09-03,2024-09-15,369.00,COMPLETED
2942,478,1,2025-10-22,2025-11-03,122.00,ON_HOLD
2943,498,9,2025-11-03,2025-11-19,819.00,COMPLETED
2944,202,3,2025-08-12,2025-08-26,472.00,COMPLETED
2945,148,6,2023-03-09,2023-03-21,643.00,COMPLETED
2946,498,4,2025-08-24,2025-09-04,484.00,COMPLETED
2947,244,1,2024-02-07,2024-02-10,754.00,IN_PROGRESS
2948,356,2,2025-02-13,2025-02-26,657.00,COMPLETED
2949,394,2,2024-11-29,2024-12-12,262.00,COMPLETED
2950,122,7,2023-05-06,2023-05-10,618.00,COMPLETED
2951,450,4,2023-08-17,2023-08-25,764.00,COMPLETED
2952,135,7,2025-11-30,2025-12-04,183.00,COMPLETED
2953,242,11,2024-01-18,2024-01-29,557.00,ON_HOLD
2954,263,5,2025-09-16,2025-09-24,115.00,COMPLETED
2955,448,12,2023-11-09,2023-11-24,838.00,COMPLETED
2956,201,6,2025-09-20,2025-09-24,862.00,COMPLETED
2957,165,9,2025-11-19,2025-12-02,800.00,ON_HOLD
2958,224,10,2023-02-02,2023-02-10,613.00,COMPLETED
2959,438,11,2023-10-10,2023-10-25,230.00,COMPLETED
2960,200,8,2025-02-27,2025-03-11,957.00,ON_HOLD
2961,303,3,2025-11-17,2025-11-26,691.00,ON_HOLD
2962,19,2,2023-05-24,2023-06-05,194.00,COMPLETED
2963,249,4,2026-05-27,2026-06-10,633.00,IN_PROGRESS
2964,161,5,2023-08-17,2023-09-02,405.00,COMPLETED
2965,67,7,2026-05-10,2026-05-20,86.00,COMPLETED
2966,221,5,2025-09-02,2025-09-11,63.00,COMPLETED
2967,148,8,2025-04-22,2025-05-06,666.00,COMPLETED
2968,262,5,2025-10-22,2025-10-26,563.00,ON_HOLD
2969,138,4,2024-10-02,2024-10-05,256.00,COMPLETED
2970,100,11,2026-04-02,2026-04-15,377.00,COMPLETED
2971,192,6,2023-02-23,2023-03-10,197.00,COMPLETED
2972,497,6,2024-03-15,2024-03-24,701.00,IN_PROGRESS
2973,53,6,2023-01-09,2023-01-17,864.00,ON_HOLD
2974,102,8,2023-04-08,2023-04-12,380.00,COMPLETED
2975,272,7,2023-05-15,2023-05-24,979.00,COMPLETED
2976,224,7,2024-06-30,2024-07-06,512.00,COMPLETED
2977,379,2,2026-09-02,2026-09-09,285.00,ON_HOLD
2978,192,2,2025-05-05,2025-05-21,304.00,IN_PROGRESS
2979,468,9,2024-09-01,2024-09-11,586.00,ON_HOLD
2980,498,10,2023-12-23,2024-01-07,565.00,COMPLETED
2981,289,8,2024-05-05,2024-05-18,727.00,COMPLETED
2982,359,9,2023-07-04,2023-07-08,801.00,ON_HOLD
2983,467,12,2025-01-17,2025-01-22,681.00,ON_HOLD
2984,153,8,2025-09-08,2025-09-15,376.00,COMPLETED
2985,196,12,2026-04-04,2026-04-07,446.00,ON_HOLD
2986,86,7,2025-10-29,2025-11-09,704.00,COMPLETED
2987,343,12,2025-10-11,2025-10-26,315.00,COMPLETED
2988,101,7,2024-12-21,2024-12-29,164.00,ON_HOLD
2989,361,9,2026-02-14,2026-02-25,889.00,ON_HOLD
2990,20,5,2026-08-28,2026-09-01,782.00,COMPLETED
2991,401,8,2024-08-16,2024-08-26,397.00,IN_PROGRESS
2992,26,5,2025-07-31,2025-08-14,132.00,COMPLETED
2993,441,7,2026-08-16,2026-08-25,581.00,IN_PROGRESS
2994,67,1,2024-07-31,2024-08-16,845.00,COMPLETED
2995,36,1,2023-01-04,2023-01-07,873.00,ON_HOLD
2996,10,9,2026-05-19,2026-05-30,792.00,ON_HOLD
2997,169,9,2025-09-17,2025-09-30,821.00,ON_HOLD
2998,192,2,2023-09-06,2023-09-20,194.00,COMPLETED
2999,281,12,2023-04-03,2023-04-14,726.00,IN_PROGRESS
3000,457,1,2026-04-08,2026-04-17,504.00,COMPLETED
3001,118,7,2023-04-15,2023-04-30,637.00,IN_PROGRESS
3002,38,3,2023-06-01,2023-06-09,111.00,COMPLETED
3003,277,8,2025-09-30,2025-10-10,453.00,IN_PROGRESS
3004,29,9,2023-11-10,2023-11-21,175.00,COMPLETED
3005,126,6,2023-02-21,2023-03-05,426.00,COMPLETED
3006,480,6,2024-07-17,2024-07-26,538.00,ON_HOLD
3007,76,7,2023-09-28,2023-10-10,584.00,COMPLETED
3008,341,11,2023-03-18,2023-03-24,920.00,ON_HOLD
3009,3,3,2024-08-28,2024-09-12,105.00,ON_HOLD
3010,12,3,2024-06-10,2024-06-22,659.00,IN_PROGRESS
3011,417,4,2023-07-08,2023-07-12,939.00,COMPLETED
3012,435,12,2026-03-17,2026-03-31,808.00,COMPLETED
3013,232,6,2023-08-27,2023-09-01,477.00,COMPLETED
3014,363,3,2023-12-11,2023-12-23,328.00,ON_HOLD
3015,45,9,2023-06-10,2023-06-20,847.00,ON_HOLD
3016,406,5,2025-10-14,2025-10-25,986.00,COMPLETED
3017,438,10,2024-03-27,2024-04-08,884.00,IN_PROGRESS
3018,487,9,2024-04-23,2024-05-01,367.00,ON_HOLD
3019,321,11,2026-06-13,2026-06-18,815.00,COMPLETED
3020,414,10,2025-02-04,2025-02-08,895.00,ON_HOLD
3021,487,2,2023-10-21,2023-11-05,66.00,COMPLETED
3022,253,12,2026-06-08,2026-06-18,486.00,COMPLETED
3023,32,11,2026-01-29,2026-02-05,765.00,COMPLETED
3024,449,5,2024-01-14,2024-01-26,315.00,COMPLETED
3025,57,9,2023-01-08,2023-01-21,545.00,ON_HOLD
3026,475,5,2026-02-02,2026-02-15,376.00,COMPLETED
3027,124,10,2026-06-02,2026-06-06,885.00,COMPLETED
3028,243,1,2026-02-06,2026-02-15,855.00,COMPLETED
3029,279,1,2025-12-13,2025-12-20,409.00,COMPLETED
3030,215,11,2024-02-25,2024-02-29,284.00,COMPLETED
3031,482,7,2026-09-18,2026-10-03,476.00,IN_PROGRESS
3032,384,9,2024-11-11,2024-11-22,893.00,COMPLETED
3033,430,11,2023-09-19,2023-10-01,969.00,ON_HOLD
3034,113,9,2024-06-09,2024-06-24,512.00,IN_PROGRESS
3035,486,8,2023-01-24,2023-02-02,996.00,COMPLETED
3036,11,11,2024-09-30,2024-10-11,543.00,ON_HOLD
3037,475,6,2024-11-18,2024-12-02,995.00,IN_PROGRESS
3038,196,11,2024-08-08,2024-08-22,850.00,IN_PROGRESS
3039,368,10,2023-08-27,2023-08-30,772.00,COMPLETED
3040,363,2,2025-05-17,2025-05-28,542.00,COMPLETED
3041,302,4,2024-08-09,2024-08-25,848.00,IN_PROGRESS
3042,36,2,2024-02-10,2024-02-13,876.00,IN_PROGRESS
3043,308,10,2025-04-22,2025-05-02,659.00,COMPLETED
3044,246,4,2025-03-04,2025-03-15,468.00,IN_PROGRESS
3045,143,9,2024-03-01,2024-03-14,115.00,IN_PROGRESS
3046,199,9,2024-11-09,2024-11-14,795.00,IN_PROGRESS
3047,153,7,2025-08-31,2025-09-04,910.00,COMPLETED
3048,92,12,2025-09-25,2025-10-03,965.00,COMPLETED
3049,24,9,2023-06-24,2023-07-04,917.00,COMPLETED
3050,415,11,2025-06-08,2025-06-14,841.00,IN_PROGRESS
3051,386,4,2023-08-30,2023-09-05,890.00,COMPLETED
3052,451,7,2023-06-08,2023-06-12,854.00,COMPLETED
3053,193,4,2024-03-19,2024-03-23,242.00,COMPLETED
3054,465,8,2026-04-15,2026-04-28,821.00,COMPLETED
3055,155,5,2023-06-04,2023-06-18,216.00,COMPLETED
3056,424,7,2026-09-20,2026-09-27,190.00,IN_PROGRESS
3057,41,7,2025-05-03,2025-05-14,321.00,COMPLETED
3058,273,7,2024-04-22,2024-05-06,395.00,IN_PROGRESS
3059,240,9,2023-06-30,2023-07-12,840.00,COMPLETED
3060,339,11,2024-11-24,2024-12-03,197.00,COMPLETED
3061,76,6,2025-09-22,2025-10-01,671.00,COMPLETED
3062,402,4,2023-02-27,2023-03-06,991.00,IN_PROGRESS
3063,98,1,2025-03-22,2025-03-26,949.00,COMPLETED
3064,281,10,2025-02-04,2025-02-08,864.00,COMPLETED
3065,161,1,2023-12-03,2023-12-06,939.00,ON_HOLD
3066,475,1,2023-01-21,2023-02-05,742.00,IN_PROGRESS
3067,236,1,2025-12-14,2025-12-22,535.00,IN_PROGRESS
3068,52,1,2026-05-04,2026-05-11,798.00,COMPLETED
3069,380,9,2024-12-23,2024-12-26,917.00,COMPLETED
3070,137,11,2024-08-08,2024-08-17,138.00,COMPLETED
3071,16,11,2023-01-11,2023-01-23,354.00,COMPLETED
3072,76,11,2023-11-01,2023-11-05,269.00,COMPLETED
3073,406,6,2026-01-03,2026-01-17,992.00,COMPLETED
3074,288,9,2025-09-18,2025-10-02,672.00,COMPLETED
3075,243,6,2023-06-21,2023-06-30,650.00,COMPLETED
3076,145,2,2026-01-20,2026-01-31,346.00,ON_HOLD
3077,146,10,2024-03-14,2024-03-26,993.00,COMPLETED
3078,278,9,2023-05-04,2023-05-20,488.00,COMPLETED
3079,282,8,2025-02-20,2025-02-28,473.00,COMPLETED
3080,443,3,2023-05-05,2023-05-17,502.00,COMPLETED
3081,261,8,2026-03-22,2026-03-27,252.00,COMPLETED
3082,356,10,2024-07-28,2024-08-03,296.00,COMPLETED
3083,276,8,2026-07-27,2026-07-30,611.00,COMPLETED
3084,385,7,2024-02-10,2024-02-23,791.00,COMPLETED
3085,318,6,2025-06-29,2025-07-06,370.00,COMPLETED
3086,260,1,2023-08-29,2023-09-02,543.00,COMPLETED
3087,160,6,2026-09-05,2026-09-15,142.00,COMPLETED
3088,234,3,2024-06-05,2024-06-20,127.00,COMPLETED
3089,479,12,2026-05-19,2026-05-27,841.00,ON_HOLD
3090,242,7,2023-09-16,2023-09-21,420.00,COMPLETED
3091,19,5,2026-04-22,2026-05-03,671.00,ON_HOLD
3092,369,12,2025-03-19,2025-03-30,636.00,IN_PROGRESS
3093,222,5,2023-05-21,2023-05-24,388.00,COMPLETED
3094,79,12,2023-09-17,2023-09-21,953.00,ON_HOLD
3095,228,7,2025-04-11,2025-04-15,828.00,COMPLETED
3096,26,10,2025-04-11,2025-04-19,968.00,IN_PROGRESS
3097,345,4,2024-03-05,2024-03-08,124.00,ON_HOLD
3098,93,3,2025-10-23,2025-11-05,566.00,COMPLETED
3099,30,10,2023-05-09,2023-05-14,872.00,ON_HOLD
3100,380,5,2026-07-10,2026-07-17,891.00,COMPLETED
3101,193,9,2023-12-17,2023-12-24,355.00,ON_HOLD
3102,447,12,2025-01-28,2025-02-07,663.00,COMPLETED
3103,355,11,2023-10-05,2023-10-20,383.00,COMPLETED
3104,104,12,2026-09-11,2026-09-17,533.00,COMPLETED
3105,475,3,2024-02-06,2024-02-19,190.00,ON_HOLD
3106,77,11,2026-03-30,2026-04-03,163.00,ON_HOLD
3107,138,4,2026-04-28,2026-05-07,168.00,COMPLETED
3108,346,4,2025-10-01,2025-10-09,923.00,COMPLETED
3109,208,1,2025-12-08,2025-12-21,395.00,IN_PROGRESS
3110,55,8,2024-03-05,2024-03-13,963.00,COMPLETED
3111,137,2,2026-08-10,2026-08-16,634.00,COMPLETED
3112,346,12,2025-05-06,2025-05-21,403.00,COMPLETED
3113,360,9,2024-09-18,2024-10-01,125.00,COMPLETED
3114,228,12,2026-08-19,2026-08-23,971.00,COMPLETED
3115,428,8,2023-07-07,2023-07-16,683.00,COMPLETED
3116,153,7,2023-02-13,2023-02-28,519.00,COMPLETED
3117,98,10,2024-03-11,2024-03-22,388.00,IN_PROGRESS
3118,176,10,2024-10-04,2024-10-08,448.00,COMPLETED
3119,101,8,2025-03-25,2025-04-09,823.00,ON_HOLD
3120,138,3,2025-10-31,2025-11-04,611.00,COMPLETED
3121,448,4,2026-07-11,2026-07-14,349.00,COMPLETED
3122,313,5,2024-07-15,2024-07-19,276.00,COMPLETED
3123,298,11,2023-10-04,2023-10-13,71.00,COMPLETED
3124,488,2,2024-05-19,2024-05-26,715.00,ON_HOLD
3125,171,5,2025-08-08,2025-08-18,581.00,ON_HOLD
3126,325,5,2025-07-31,2025-08-14,709.00,IN_PROGRESS
3127,240,9,2023-02-08,2023-02-20,535.00,IN_PROGRESS
3128,367,8,2025-06-03,2025-06-07,78.00,COMPLETED
3129,404,7,2023-11-05,2023-11-15,127.00,ON_HOLD
3130,358,11,2023-05-14,2023-05-29,857.00,COMPLETED
3131,408,10,2025-02-06,2025-02-17,589.00,IN_PROGRESS
3132,263,9,2024-05-27,2024-06-10,599.00,IN_PROGRESS
3133,179,11,2023-03-05,2023-03-18,822.00,COMPLETED
3134,146,8,2023-01-18,2023-01-23,755.00,COMPLETED
3135,214,9,2023-04-03,2023-04-14,207.00,COMPLETED
3136,268,4,2025-01-27,2025-02-04,161.00,COMPLETED
3137,271,9,2025-02-15,2025-03-02,811.00,COMPLETED
3138,270,8,2024-05-19,2024-05-25,690.00,COMPLETED
3139,250,1,2025-09-15,2025-09-21,338.00,COMPLETED
3140,472,12,2024-07-08,2024-07-24,300.00,COMPLETED
3141,132,8,2024-06-15,2024-06-29,217.00,COMPLETED
3142,31,3,2025-06-30,2025-07-05,477.00,COMPLETED
3143,130,8,2025-08-22,2025-09-01,982.00,ON_HOLD
3144,223,12,2023-04-25,2023-05-09,421.00,COMPLETED
3145,236,1,2023-07-10,2023-07-24,112.00,IN_PROGRESS
3146,341,8,2023-08-26,2023-09-05,560.00,COMPLETED
3147,121,9,2024-05-20,2024-05-24,438.00,IN_PROGRESS
3148,437,5,2026-02-03,2026-02-19,780.00,IN_PROGRESS
3149,246,7,2024-01-06,2024-01-11,936.00,COMPLETED
3150,182,5,2026-03-30,2026-04-12,676.00,COMPLETED
3151,415,7,2026-05-28,2026-06-10,116.00,COMPLETED
3152,301,3,2023-10-27,2023-11-12,759.00,ON_HOLD
3153,169,5,2026-01-12,2026-01-27,509.00,COMPLETED
3154,133,9,2026-09-20,2026-10-02,73.00,IN_PROGRESS
3155,367,11,2026-04-13,2026-04-18,879.00,COMPLETED
3156,281,3,2024-07-26,2024-08-01,941.00,COMPLETED
3157,23,6,2026-09-17,2026-09-25,647.00,IN_PROGRESS
3158,356,8,2023-06-17,2023-06-24,375.00,COMPLETED
3159,384,4,2025-09-02,2025-09-17,149.00,IN_PROGRESS
3160,157,11,2024-01-10,2024-01-17,648.00,ON_HOLD
3161,319,6,2026-01-08,2026-01-20,516.00,COMPLETED
3162,273,1,2023-02-16,2023-02-21,229.00,ON_HOLD
3163,286,2,2024-04-25,2024-05-07,175.00,IN_PROGRESS
3164,414,7,2026-06-30,2026-07-15,511.00,COMPLETED
3165,24,1,2025-01-21,2025-02-06,211.00,COMPLETED
3166,133,9,2023-02-19,2023-02-28,564.00,IN_PROGRESS
3167,403,8,2026-06-10,2026-06-14,357.00,IN_PROGRESS
3168,14,1,2023-11-10,2023-11-15,568.00,IN_PROGRESS
3169,302,7,2026-03-31,2026-04-07,300.00,COMPLETED
3170,11,10,2024-11-27,2024-12-01,834.00,ON_HOLD
3171,246,11,2024-10-29,2024-11-11,639.00,COMPLETED
3172,434,1,2023-12-12,2023-12-23,353.00,COMPLETED
3173,402,4,2023-05-22,2023-05-26,650.00,ON_HOLD
3174,55,11,2024-12-27,2025-01-06,577.00,IN_PROGRESS
3175,477,8,2024-02-13,2024-02-17,230.00,ON_HOLD
3176,252,7,2024-04-04,2024-04-12,241.00,ON_HOLD
3177,110,2,2025-05-26,2025-06-07,470.00,COMPLETED
3178,288,2,2025-04-28,2025-05-07,103.00,COMPLETED
3179,124,11,2026-06-02,2026-06-13,863.00,COMPLETED
3180,465,7,2024-08-08,2024-08-17,268.00,IN_PROGRESS
3181,269,12,2026-03-12,2026-03-27,853.00,COMPLETED
3182,294,8,2024-10-05,2024-10-09,204.00,IN_PROGRESS
3183,160,6,2023-09-01,2023-09-08,273.00,ON_HOLD
3184,121,6,2025-09-25,2025-10-02,827.00,COMPLETED
3185,453,12,2024-10-02,2024-10-09,269.00,COMPLETED
3186,481,9,2023-06-10,2023-06-13,381.00,COMPLETED
3187,430,2,2026-08-05,2026-08-16,978.00,COMPLETED
3188,36,5,2025-03-22,2025-03-31,108.00,ON_HOLD
3189,234,2,2024-02-19,2024-03-02,789.00,ON_HOLD
3190,1,9,2026-01-09,2026-01-25,867.00,COMPLETED
3191,183,1,2024-06-25,2024-07-04,406.00,IN_PROGRESS
3192,368,6,2024-08-27,2024-09-07,934.00,ON_HOLD
3193,3,4,2025-04-02,2025-04-13,748.00,COMPLETED
3194,27,4,2026-08-02,2026-08-15,627.00,COMPLETED
3195,426,4,2023-02-13,2023-02-28,582.00,ON_HOLD
3196,134,8,2026-03-21,2026-03-30,350.00,COMPLETED
3197,183,9,2025-02-03,2025-02-16,492.00,IN_PROGRESS
3198,265,1,2025-03-20,2025-03-24,241.00,COMPLETED
3199,21,3,2023-05-23,2023-06-07,877.00,COMPLETED
3200,411,4,2023-06-21,2023-06-28,791.00,IN_PROGRESS
3201,492,8,2023-01-26,2023-01-30,587.00,IN_PROGRESS
3202,223,6,2025-06-07,2025-06-10,220.00,IN_PROGRESS
3203,187,4,2023-11-30,2023-12-06,508.00,COMPLETED
3204,372,4,2023-02-25,2023-03-09,90.00,COMPLETED
3205,158,6,2024-07-02,2024-07-10,833.00,COMPLETED
3206,106,12,2023-03-02,2023-03-12,274.00,COMPLETED
3207,46,8,2024-01-12,2024-01-24,759.00,ON_HOLD
3208,414,11,2026-07-27,2026-07-30,465.00,ON_HOLD
3209,13,3,2025-03-16,2025-04-01,846.00,COMPLETED
3210,332,8,2023-10-09,2023-10-17,758.00,COMPLETED
3211,154,7,2023-12-03,2023-12-06,219.00,IN_PROGRESS
3212,386,10,2025-12-09,2025-12-21,239.00,IN_PROGRESS
3213,298,3,2023-02-01,2023-02-13,797.00,IN_PROGRESS
3214,146,7,2023-05-30,2023-06-14,187.00,ON_HOLD
3215,223,2,2023-12-18,2023-12-24,574.00,COMPLETED
3216,339,12,2026-02-09,2026-02-15,858.00,ON_HOLD
3217,78,10,2023-06-08,2023-06-15,309.00,IN_PROGRESS
3218,316,7,2025-03-04,2025-03-18,81.00,ON_HOLD
3219,186,5,2024-02-05,2024-02-18,182.00,ON_HOLD
3220,234,11,2025-03-02,2025-03-18,495.00,IN_PROGRESS
3221,120,12,2024-10-06,2024-10-11,474.00,COMPLETED
3222,245,8,2025-02-28,2025-03-15,293.00,IN_PROGRESS
3223,311,5,2026-09-23,2026-10-01,789.00,IN_PROGRESS
3224,323,7,2025-08-12,2025-08-26,86.00,IN_PROGRESS
3225,79,2,2024-05-08,2024-05-13,912.00,IN_PROGRESS
3226,128,12,2024-02-07,2024-02-20,907.00,COMPLETED
3227,126,12,2024-05-18,2024-05-28,391.00,COMPLETED
3228,448,4,2025-12-11,2025-12-15,736.00,COMPLETED
3229,427,12,2025-01-16,2025-01-23,756.00,COMPLETED
3230,36,5,2023-06-08,2023-06-24,163.00,ON_HOLD
3231,449,8,2024-11-12,2024-11-24,683.00,COMPLETED
3232,453,4,2025-07-14,2025-07-18,658.00,COMPLETED
3233,422,3,2023-01-25,2023-02-03,889.00,COMPLETED
3234,89,10,2023-08-04,2023-08-10,683.00,IN_PROGRESS
3235,76,5,2023-02-12,2023-02-24,856.00,IN_PROGRESS
3236,336,9,2024-01-05,2024-01-17,174.00,COMPLETED
3237,372,2,2023-04-17,2023-04-29,127.00,COMPLETED
3238,262,1,2025-03-14,2025-03-19,108.00,ON_HOLD
3239,311,7,2024-01-01,2024-01-06,311.00,COMPLETED
3240,288,10,2023-11-26,2023-12-03,834.00,IN_PROGRESS
3241,395,6,2024-09-08,2024-09-24,809.00,COMPLETED
3242,16,5,2024-06-02,2024-06-06,362.00,COMPLETED
3243,285,11,2025-11-22,2025-12-05,563.00,COMPLETED
3244,291,12,2024-09-06,2024-09-22,120.00,COMPLETED
3245,376,11,2025-07-23,2025-07-27,329.00,IN_PROGRESS
3246,352,7,2024-03-05,2024-03-08,654.00,COMPLETED
3247,331,4,2025-01-06,2025-01-11,313.00,IN_PROGRESS
3248,393,9,2025-08-08,2025-08-15,213.00,COMPLETED
3249,483,9,2024-12-07,2024-12-22,424.00,ON_HOLD
3250,24,5,2024-08-17,2024-08-28,998.00,COMPLETED
3251,478,11,2024-05-16,2024-05-24,132.00,COMPLETED
3252,462,3,2023-05-09,2023-05-25,154.00,ON_HOLD
3253,181,12,2023-12-17,2023-12-28,615.00,ON_HOLD
3254,402,11,2024-01-26,2024-02-03,601.00,IN_PROGRESS
3255,296,4,2024-02-29,2024-03-16,616.00,ON_HOLD
3256,138,11,2025-08-09,2025-08-20,983.00,COMPLETED
3257,461,5,2026-06-12,2026-06-26,108.00,COMPLETED
3258,205,7,2023-07-17,2023-07-23,250.00,IN_PROGRESS
3259,198,6,2023-06-13,2023-06-17,491.00,COMPLETED
3260,95,11,2025-12-10,2025-12-16,72.00,ON_HOLD
3261,409,3,2023-06-11,2023-06-23,136.00,COMPLETED
3262,139,5,2025-05-28,2025-06-07,798.00,COMPLETED
3263,466,6,2026-01-18,2026-01-26,488.00,ON_HOLD
3264,268,12,2026-01-18,2026-01-25,296.00,IN_PROGRESS
3265,412,4,2025-04-22,2025-05-04,327.00,COMPLETED
3266,25,5,2026-04-06,2026-04-14,369.00,COMPLETED
3267,299,10,2025-04-27,2025-05-06,640.00,COMPLETED
3268,200,11,2026-04-04,2026-04-11,61.00,COMPLETED
3269,404,8,2024-07-19,2024-07-26,661.00,COMPLETED
3270,18,2,2024-06-26,2024-07-04,318.00,IN_PROGRESS
3271,212,11,2026-07-14,2026-07-20,581.00,COMPLETED
3272,354,3,2026-01-27,2026-02-04,129.00,COMPLETED
3273,401,1,2025-11-30,2025-12-12,950.00,COMPLETED
3274,25,4,2025-12-05,2025-12-09,989.00,IN_PROGRESS
3275,35,2,2026-04-05,2026-04-15,348.00,COMPLETED
3276,353,5,2023-08-13,2023-08-20,730.00,COMPLETED
3277,210,4,2026-02-17,2026-03-04,66.00,IN_PROGRESS
3278,390,11,2025-09-24,2025-10-01,159.00,COMPLETED
3279,131,2,2025-03-07,2025-03-21,958.00,IN_PROGRESS
3280,204,6,2024-07-09,2024-07-23,820.00,IN_PROGRESS
3281,493,11,2023-02-18,2023-02-21,886.00,COMPLETED
3282,335,5,2026-04-10,2026-04-20,126.00,COMPLETED
3283,310,10,2023-01-21,2023-01-30,931.00,COMPLETED
3284,424,1,2023-02-27,2023-03-03,481.00,IN_PROGRESS
3285,123,9,2025-06-08,2025-06-24,115.00,IN_PROGRESS
3286,276,3,2024-05-20,2024-05-24,518.00,COMPLETED
3287,130,10,2025-08-13,2025-08-24,799.00,COMPLETED
3288,363,8,2025-01-12,2025-01-28,80.00,ON_HOLD
3289,126,10,2025-09-17,2025-10-02,333.00,COMPLETED
3290,13,3,2023-12-24,2024-01-07,473.00,COMPLETED
3291,43,4,2025-12-04,2025-12-10,443.00,COMPLETED
3292,300,3,2024-04-04,2024-04-15,629.00,COMPLETED
3293,175,11,2025-07-30,2025-08-15,87.00,COMPLETED
3294,281,6,2026-02-20,2026-03-04,571.00,COMPLETED
3295,393,7,2026-09-04,2026-09-07,981.00,COMPLETED
3296,234,12,2025-05-24,2025-06-08,839.00,ON_HOLD
3297,194,11,2023-09-06,2023-09-12,813.00,IN_PROGRESS
3298,497,7,2026-02-27,2026-03-05,100.00,ON_HOLD
3299,225,11,2026-08-16,2026-08-26,506.00,COMPLETED
3300,154,7,2025-01-10,2025-01-24,655.00,COMPLETED
3301,88,12,2024-08-10,2024-08-20,130.00,COMPLETED
3302,86,10,2023-10-05,2023-10-21,635.00,IN_PROGRESS
3303,356,7,2025-10-24,2025-11-02,684.00,IN_PROGRESS
3304,213,9,2025-08-07,2025-08-22,828.00,ON_HOLD
3305,108,6,2024-04-03,2024-04-13,70.00,IN_PROGRESS
3306,459,3,2024-11-04,2024-11-18,766.00,IN_PROGRESS
3307,174,1,2023-11-20,2023-11-23,558.00,COMPLETED
3308,205,3,2023-08-15,2023-08-21,967.00,ON_HOLD
3309,281,4,2024-07-23,2024-07-30,693.00,ON_HOLD
3310,435,11,2023-05-17,2023-05-20,766.00,COMPLETED
3311,101,10,2023-03-08,2023-03-21,197.00,COMPLETED
3312,186,5,2024-02-05,2024-02-17,119.00,ON_HOLD
3313,252,7,2024-04-07,2024-04-10,326.00,IN_PROGRESS
3314,253,7,2025-12-27,2026-01-05,306.00,COMPLETED
3315,99,3,2025-03-28,2025-04-02,442.00,COMPLETED
3316,288,10,2024-11-21,2024-12-03,603.00,IN_PROGRESS
3317,359,5,2023-07-21,2023-07-28,466.00,ON_HOLD
3318,367,1,2023-12-05,2023-12-13,832.00,ON_HOLD
3319,156,5,2026-02-25,2026-03-13,915.00,ON_HOLD
3320,361,12,2023-06-14,2023-06-18,501.00,COMPLETED
3321,203,2,2024-01-25,2024-02-03,690.00,COMPLETED
3322,15,4,2023-01-06,2023-01-16,760.00,COMPLETED
3323,256,9,2025-01-31,2025-02-13,311.00,ON_HOLD
3324,196,7,2023-09-06,2023-09-17,182.00,COMPLETED
3325,341,7,2025-03-01,2025-03-06,876.00,ON_HOLD
3326,81,12,2026-01-02,2026-01-14,262.00,IN_PROGRESS
3327,499,3,2023-04-22,2023-05-04,491.00,COMPLETED
3328,414,3,2024-01-05,2024-01-08,789.00,COMPLETED
3329,9,6,2026-04-15,2026-05-01,687.00,COMPLETED
3330,84,1,2025-12-27,2026-01-05,233.00,ON_HOLD
3331,173,3,2026-07-05,2026-07-16,559.00,COMPLETED
3332,215,9,2026-02-28,2026-03-16,971.00,COMPLETED
3333,112,1,2025-02-22,2025-03-03,212.00,COMPLETED
3334,142,9,2024-10-20,2024-11-03,279.00,IN_PROGRESS
3335,429,8,2024-02-03,2024-02-10,752.00,COMPLETED
3336,425,12,2025-01-30,2025-02-08,562.00,COMPLETED
3337,339,11,2026-06-14,2026-06-21,523.00,ON_HOLD
3338,310,7,2025-09-18,2025-10-04,893.00,COMPLETED
3339,81,5,2024-03-20,2024-03-24,699.00,IN_PROGRESS
3340,401,7,2024-04-29,2024-05-10,524.00,ON_HOLD
3341,101,4,2025-01-16,2025-02-01,310.00,ON_HOLD
3342,364,9,2023-03-06,2023-03-20,854.00,COMPLETED
3343,320,9,2024-03-04,2024-03-14,839.00,IN_PROGRESS
3344,6,8,2026-03-13,2026-03-23,454.00,COMPLETED
3345,499,2,2023-05-09,2023-05-12,999.00,ON_HOLD
3346,479,8,2025-12-02,2025-12-15,550.00,IN_PROGRESS
3347,486,1,2025-03-09,2025-03-14,966.00,COMPLETED
3348,406,3,2024-05-31,2024-06-04,458.00,COMPLETED
3349,315,5,2024-06-28,2024-07-11,829.00,COMPLETED
3350,90,8,2024-04-29,2024-05-14,875.00,COMPLETED
3351,196,4,2026-08-31,2026-09-16,618.00,IN_PROGRESS
3352,401,8,2024-09-18,2024-09-25,591.00,COMPLETED
3353,24,6,2023-04-27,2023-05-03,560.00,COMPLETED
3354,217,1,2024-01-12,2024-01-25,430.00,COMPLETED
3355,74,10,2023-11-21,2023-11-28,261.00,ON_HOLD
3356,444,2,2025-06-06,2025-06-12,889.00,IN_PROGRESS
3357,388,10,2024-03-04,2024-03-09,278.00,COMPLETED
3358,231,7,2024-03-24,2024-04-07,329.00,IN_PROGRESS
3359,481,1,2024-08-03,2024-08-08,563.00,COMPLETED
3360,205,10,2023-11-30,2023-12-03,230.00,COMPLETED
3361,447,9,2023-02-13,2023-02-24,816.00,COMPLETED
3362,308,11,2023-11-25,2023-12-05,63.00,COMPLETED
3363,4,9,2023-06-20,2023-07-06,645.00,COMPLETED
3364,374,3,2024-10-29,2024-11-10,72.00,COMPLETED
3365,289,3,2026-09-01,2026-09-14,123.00,COMPLETED
3366,77,1,2025-06-29,2025-07-12,662.00,COMPLETED
3367,260,1,2023-01-25,2023-02-10,494.00,ON_HOLD
3368,364,2,2026-02-26,2026-03-01,795.00,COMPLETED
3369,285,11,2026-08-20,2026-08-31,485.00,IN_PROGRESS
3370,254,5,2023-08-23,2023-09-05,651.00,COMPLETED
3371,122,2,2024-11-08,2024-11-15,77.00,COMPLETED
3372,326,12,2023-03-09,2023-03-17,979.00,COMPLETED
3373,6,5,2024-06-05,2024-06-12,349.00,COMPLETED
3374,355,1,2025-02-08,2025-02-12,358.00,IN_PROGRESS
3375,181,11,2026-08-14,2026-08-23,335.00,IN_PROGRESS
3376,308,4,2025-11-09,2025-11-21,809.00,COMPLETED
3377,121,3,2023-09-03,2023-09-06,491.00,COMPLETED
3378,182,3,2025-02-02,2025-02-07,50.00,ON_HOLD
3379,190,12,2024-11-17,2024-11-29,125.00,IN_PROGRESS
3380,235,7,2026-06-13,2026-06-25,783.00,COMPLETED
3381,134,6,2026-06-10,2026-06-13,490.00,COMPLETED
3382,344,3,2026-07-27,2026-08-12,657.00,IN_PROGRESS
3383,300,11,2026-07-08,2026-07-17,710.00,COMPLETED
3384,445,6,2026-02-07,2026-02-20,663.00,IN_PROGRESS
3385,392,10,2026-06-22,2026-06-28,897.00,ON_HOLD
3386,300,2,2023-11-16,2023-12-02,443.00,COMPLETED
3387,186,3,2023-04-01,2023-04-09,396.00,COMPLETED
3388,9,11,2026-06-16,2026-06-20,382.00,ON_HOLD
3389,130,10,2024-11-05,2024-11-17,216.00,COMPLETED
3390,262,10,2025-04-03,2025-04-08,980.00,ON_HOLD
3391,91,3,2024-08-08,2024-08-21,71.00,COMPLETED
3392,146,1,2023-05-02,2023-05-14,75.00,COMPLETED
3393,137,4,2026-03-10,2026-03-18,280.00,COMPLETED
3394,65,11,2024-01-03,2024-01-13,559.00,ON_HOLD
3395,379,11,2025-01-15,2025-01-23,553.00,COMPLETED
3396,71,4,2025-11-05,2025-11-10,386.00,COMPLETED
3397,95,3,2025-05-26,2025-06-08,347.00,COMPLETED
3398,294,8,2025-10-31,2025-11-15,316.00,COMPLETED
3399,177,2,2023-11-13,2023-11-24,707.00,COMPLETED
3400,461,4,2024-12-01,2024-12-04,475.00,IN_PROGRESS
3401,28,8,2023-10-31,2023-11-07,609.00,ON_HOLD
3402,408,7,2024-06-16,2024-07-02,929.00,COMPLETED
3403,51,4,2025-07-27,2025-08-02,839.00,COMPLETED
3404,175,7,2026-01-04,2026-01-18,560.00,ON_HOLD
3405,139,12,2025-04-22,2025-05-07,497.00,COMPLETED
3406,123,8,2024-01-04,2024-01-09,909.00,COMPLETED
3407,405,8,2023-01-05,2023-01-13,358.00,COMPLETED
3408,460,5,2023-01-08,2023-01-19,237.00,COMPLETED
3409,165,2,2026-06-26,2026-07-06,662.00,IN_PROGRESS
3410,159,1,2026-08-30,2026-09-02,327.00,COMPLETED
3411,90,2,2023-02-19,2023-02-26,925.00,COMPLETED
3412,12,3,2024-01-10,2024-01-14,107.00,COMPLETED
3413,119,7,2025-06-05,2025-06-09,419.00,ON_HOLD
3414,5,2,2026-05-03,2026-05-19,707.00,COMPLETED
3415,371,2,2026-08-07,2026-08-23,265.00,COMPLETED
3416,249,6,2025-01-26,2025-02-06,459.00,COMPLETED
3417,311,11,2024-11-27,2024-12-12,511.00,ON_HOLD
3418,221,1,2023-08-29,2023-09-09,165.00,ON_HOLD
3419,329,2,2023-06-21,2023-06-28,588.00,IN_PROGRESS
3420,161,3,2025-02-10,2025-02-13,802.00,COMPLETED
3421,147,5,2024-07-25,2024-07-31,427.00,IN_PROGRESS
3422,115,6,2024-05-10,2024-05-21,869.00,COMPLETED
3423,178,6,2023-01-19,2023-01-24,203.00,COMPLETED
3424,29,11,2026-01-16,2026-01-19,740.00,COMPLETED
3425,421,7,2026-04-15,2026-04-28,150.00,IN_PROGRESS
3426,66,11,2024-11-05,2024-11-10,802.00,COMPLETED
3427,221,2,2026-04-09,2026-04-23,769.00,ON_HOLD
3428,338,11,2023-12-22,2024-01-01,672.00,ON_HOLD
3429,41,4,2026-04-27,2026-05-05,348.00,ON_HOLD
3430,238,3,2023-10-28,2023-11-01,308.00,COMPLETED
3431,203,12,2024-04-23,2024-05-08,815.00,IN_PROGRESS
3432,477,5,2026-04-12,2026-04-15,700.00,COMPLETED
3433,69,10,2025-11-16,2025-11-24,885.00,COMPLETED
3434,386,8,2025-09-23,2025-10-09,958.00,COMPLETED
3435,69,6,2023-06-19,2023-06-22,858.00,COMPLETED
3436,404,10,2023-08-04,2023-08-12,310.00,COMPLETED
3437,114,11,2025-08-08,2025-08-20,88.00,ON_HOLD
3438,443,7,2023-06-04,2023-06-09,603.00,COMPLETED
3439,27,12,2023-12-06,2023-12-16,360.00,IN_PROGRESS
3440,258,6,2023-01-09,2023-01-15,133.00,COMPLETED
3441,235,12,2026-02-07,2026-02-12,878.00,COMPLETED
3442,490,2,2025-11-15,2025-11-20,62.00,COMPLETED
3443,269,9,2026-06-15,2026-06-24,796.00,COMPLETED
3444,89,10,2023-07-19,2023-08-04,325.00,COMPLETED
3445,498,2,2024-06-14,2024-06-29,207.00,COMPLETED
3446,466,1,2024-12-03,2024-12-07,755.00,COMPLETED
3447,216,8,2023-09-06,2023-09-12,384.00,COMPLETED
3448,177,2,2026-02-18,2026-02-24,967.00,ON_HOLD
3449,69,11,2024-07-17,2024-07-28,699.00,IN_PROGRESS
3450,338,7,2025-05-28,2025-06-12,461.00,COMPLETED
3451,443,8,2023-06-29,2023-07-02,404.00,IN_PROGRESS
3452,89,11,2024-09-16,2024-09-20,226.00,COMPLETED
3453,342,6,2023-08-14,2023-08-18,685.00,IN_PROGRESS
3454,34,2,2025-02-18,2025-02-23,404.00,IN_PROGRESS
3455,342,4,2023-12-06,2023-12-15,344.00,IN_PROGRESS
3456,231,3,2024-01-28,2024-02-10,461.00,IN_PROGRESS
3457,55,11,2023-01-01,2023-01-17,518.00,ON_HOLD
3458,435,8,2023-08-16,2023-08-19,322.00,COMPLETED
3459,405,10,2026-04-11,2026-04-20,754.00,COMPLETED
3460,109,3,2026-09-21,2026-09-30,576.00,COMPLETED
3461,87,9,2024-11-20,2024-12-02,511.00,ON_HOLD
3462,360,4,2024-12-01,2024-12-05,98.00,ON_HOLD
3463,209,4,2025-03-11,2025-03-19,138.00,COMPLETED
3464,431,1,2025-05-21,2025-05-26,523.00,ON_HOLD
3465,337,3,2023-12-20,2023-12-26,962.00,COMPLETED
3466,109,5,2024-01-24,2024-01-27,359.00,ON_HOLD
3467,158,12,2025-04-13,2025-04-24,778.00,IN_PROGRESS
3468,97,3,2026-04-28,2026-05-03,62.00,COMPLETED
3469,157,12,2023-11-10,2023-11-14,461.00,ON_HOLD
3470,177,2,2026-06-10,2026-06-25,830.00,COMPLETED
3471,189,7,2026-06-06,2026-06-10,779.00,COMPLETED
3472,352,9,2026-03-03,2026-03-08,291.00,COMPLETED
3473,238,10,2024-02-06,2024-02-11,788.00,COMPLETED
3474,238,5,2024-02-22,2024-02-25,978.00,COMPLETED
3475,389,11,2025-06-04,2025-06-11,781.00,ON_HOLD
3476,366,7,2025-12-08,2025-12-20,730.00,IN_PROGRESS
3477,185,11,2023-03-25,2023-03-28,466.00,COMPLETED
3478,203,6,2026-07-23,2026-07-31,196.00,COMPLETED
3479,471,9,2026-03-11,2026-03-16,86.00,COMPLETED
3480,136,8,2023-02-25,2023-03-10,482.00,COMPLETED
3481,153,5,2023-02-04,2023-02-14,360.00,IN_PROGRESS
3482,110,9,2023-02-27,2023-03-11,480.00,COMPLETED
3483,61,1,2024-05-19,2024-06-04,769.00,COMPLETED
3484,281,3,2023-06-13,2023-06-16,718.00,COMPLETED
3485,15,3,2024-10-18,2024-10-22,756.00,IN_PROGRESS
3486,39,9,2024-01-17,2024-01-26,724.00,IN_PROGRESS
3487,471,9,2025-11-06,2025-11-21,859.00,IN_PROGRESS
3488,230,1,2025-03-27,2025-04-12,334.00,COMPLETED
3489,476,2,2023-12-22,2023-12-28,703.00,COMPLETED
3490,122,10,2025-04-11,2025-04-16,537.00,ON_HOLD
3491,34,3,2026-06-08,2026-06-15,703.00,COMPLETED
3492,377,9,2023-04-29,2023-05-14,746.00,COMPLETED
3493,253,6,2026-06-11,2026-06-22,817.00,ON_HOLD
3494,189,2,2023-06-29,2023-07-07,853.00,COMPLETED
3495,198,12,2025-08-16,2025-08-21,169.00,ON_HOLD
3496,56,6,2023-11-11,2023-11-26,997.00,ON_HOLD
3497,263,5,2025-09-08,2025-09-17,782.00,ON_HOLD
3498,85,3,2024-05-20,2024-06-03,185.00,ON_HOLD
3499,142,1,2026-01-02,2026-01-16,413.00,COMPLETED
3500,482,2,2024-07-17,2024-08-02,762.00,COMPLETED
3501,444,3,2024-12-18,2024-12-23,197.00,COMPLETED
3502,302,4,2026-07-04,2026-07-15,161.00,ON_HOLD
3503,376,1,2023-04-13,2023-04-23,823.00,COMPLETED
3504,376,6,2026-09-09,2026-09-16,288.00,IN_PROGRESS
3505,201,3,2023-04-20,2023-04-28,688.00,COMPLETED
3506,117,7,2026-07-31,2026-08-03,204.00,COMPLETED
3507,254,3,2024-08-04,2024-08-11,427.00,IN_PROGRESS
3508,17,8,2023-03-31,2023-04-16,491.00,COMPLETED
3509,448,3,2023-02-18,2023-03-02,999.00,COMPLETED
3510,83,3,2024-07-04,2024-07-16,233.00,COMPLETED
3511,492,3,2023-07-10,2023-07-21,800.00,IN_PROGRESS
3512,492,4,2024-02-28,2024-03-13,221.00,ON_HOLD
3513,87,10,2024-05-15,2024-05-28,802.00,COMPLETED
3514,333,12,2023-02-06,2023-02-16,453.00,COMPLETED
3515,291,7,2026-08-04,2026-08-14,223.00,COMPLETED
3516,191,2,2023-03-04,2023-03-12,66.00,COMPLETED
3517,441,12,2026-07-28,2026-08-06,311.00,IN_PROGRESS
3518,287,2,2026-06-08,2026-06-13,378.00,COMPLETED
3519,145,4,2025-06-05,2025-06-11,495.00,IN_PROGRESS
3520,304,9,2025-08-20,2025-08-31,162.00,COMPLETED
3521,133,2,2026-02-07,2026-02-13,134.00,COMPLETED
3522,246,4,2025-06-04,2025-06-20,863.00,IN_PROGRESS
3523,420,10,2026-01-05,2026-01-19,298.00,IN_PROGRESS
3524,225,12,2023-04-04,2023-04-10,296.00,COMPLETED
3525,84,9,2024-01-15,2024-01-25,539.00,IN_PROGRESS
3526,145,3,2026-06-08,2026-06-11,322.00,ON_HOLD
3527,476,6,2024-11-30,2024-12-13,504.00,COMPLETED
3528,139,10,2025-02-13,2025-02-17,627.00,COMPLETED
3529,33,9,2026-05-23,2026-06-03,562.00,IN_PROGRESS
3530,343,1,2026-01-01,2026-01-16,637.00,COMPLETED
3531,423,3,2024-12-04,2024-12-14,819.00,COMPLETED
3532,32,9,2026-03-23,2026-04-02,700.00,COMPLETED
3533,295,6,2023-05-23,2023-06-03,613.00,ON_HOLD
3534,161,11,2025-05-17,2025-05-25,866.00,IN_PROGRESS
3535,490,8,2024-11-24,2024-12-02,273.00,COMPLETED
3536,121,9,2024-01-13,2024-01-16,215.00,COMPLETED
3537,327,9,2026-03-31,2026-04-16,74.00,COMPLETED
3538,74,9,2024-10-22,2024-11-06,285.00,IN_PROGRESS
3539,146,10,2024-11-02,2024-11-15,412.00,COMPLETED
3540,265,10,2025-03-18,2025-03-31,176.00,COMPLETED
3541,204,2,2026-01-26,2026-02-05,791.00,ON_HOLD
3542,175,6,2025-12-01,2025-12-10,254.00,ON_HOLD
3543,77,5,2026-09-23,2026-10-05,63.00,ON_HOLD
3544,462,8,2024-08-12,2024-08-16,360.00,COMPLETED
3545,232,3,2023-09-23,2023-09-28,66.00,COMPLETED
3546,168,8,2023-11-18,2023-11-30,68.00,COMPLETED
3547,18,6,2026-06-19,2026-07-05,977.00,COMPLETED
3548,397,3,2025-10-29,2025-11-12,173.00,COMPLETED
3549,239,5,2024-05-29,2024-06-03,813.00,ON_HOLD
3550,390,12,2026-09-21,2026-09-28,407.00,IN_PROGRESS
3551,109,12,2026-03-13,2026-03-20,820.00,COMPLETED
3552,172,5,2023-05-03,2023-05-11,364.00,COMPLETED
3553,35,8,2024-03-18,2024-03-24,581.00,COMPLETED
3554,76,11,2026-08-04,2026-08-10,162.00,COMPLETED
3555,333,3,2025-02-02,2025-02-18,675.00,COMPLETED
3556,233,10,2025-07-02,2025-07-05,557.00,IN_PROGRESS
3557,108,12,2026-05-18,2026-05-23,866.00,COMPLETED
3558,91,3,2024-04-29,2024-05-11,737.00,COMPLETED
3559,478,10,2023-05-26,2023-06-08,211.00,ON_HOLD
3560,358,8,2023-12-21,2023-12-30,397.00,COMPLETED
3561,431,12,2023-04-12,2023-04-22,148.00,COMPLETED
3562,426,1,2023-08-03,2023-08-06,736.00,COMPLETED
3563,131,11,2024-07-13,2024-07-26,421.00,COMPLETED
3564,271,9,2026-08-09,2026-08-15,485.00,IN_PROGRESS
3565,160,12,2023-08-29,2023-09-05,147.00,COMPLETED
3566,324,8,2023-09-24,2023-10-01,548.00,COMPLETED
3567,249,7,2025-07-31,2025-08-11,622.00,COMPLETED
3568,221,5,2023-07-26,2023-08-04,273.00,ON_HOLD
3569,325,3,2024-05-05,2024-05-11,665.00,COMPLETED
3570,294,9,2024-11-05,2024-11-10,480.00,COMPLETED
3571,431,12,2025-03-01,2025-03-04,812.00,ON_HOLD
3572,12,12,2025-11-30,2025-12-06,199.00,COMPLETED
3573,500,7,2024-12-03,2024-12-08,402.00,ON_HOLD
3574,275,11,2023-11-05,2023-11-08,762.00,ON_HOLD
3575,447,10,2026-02-04,2026-02-14,773.00,IN_PROGRESS
3576,269,10,2025-04-07,2025-04-10,811.00,COMPLETED
3577,342,5,2026-02-23,2026-03-08,279.00,COMPLETED
3578,106,1,2024-11-03,2024-11-08,300.00,COMPLETED
3579,392,1,2025-02-14,2025-02-20,208.00,ON_HOLD
3580,174,1,2026-07-26,2026-07-30,80.00,ON_HOLD
3581,463,2,2024-06-02,2024-06-08,631.00,COMPLETED
3582,435,12,2026-04-05,2026-04-17,147.00,ON_HOLD
3583,149,6,2024-02-01,2024-02-04,529.00,COMPLETED
3584,442,6,2026-03-21,2026-04-02,993.00,COMPLETED
3585,388,7,2026-08-25,2026-09-01,235.00,COMPLETED
3586,16,11,2025-11-09,2025-11-24,709.00,COMPLETED
3587,480,11,2023-04-21,2023-04-26,678.00,COMPLETED
3588,201,10,2023-07-17,2023-07-28,446.00,COMPLETED
3589,498,3,2025-01-28,2025-02-13,578.00,COMPLETED
3590,184,11,2025-03-28,2025-04-12,914.00,COMPLETED
3591,197,8,2024-11-19,2024-11-29,109.00,COMPLETED
3592,188,5,2025-05-04,2025-05-16,880.00,COMPLETED
3593,116,10,2026-03-07,2026-03-17,679.00,ON_HOLD
3594,30,1,2024-05-14,2024-05-25,494.00,COMPLETED
3595,222,2,2024-04-24,2024-05-04,944.00,COMPLETED
3596,445,11,2023-06-07,2023-06-10,679.00,ON_HOLD
3597,28,10,2024-11-09,2024-11-17,125.00,ON_HOLD
3598,298,6,2024-07-02,2024-07-18,961.00,IN_PROGRESS
3599,423,5,2026-08-22,2026-08-30,268.00,IN_PROGRESS
3600,164,10,2026-02-26,2026-03-08,904.00,ON_HOLD
3601,252,2,2025-04-30,2025-05-10,689.00,COMPLETED
3602,452,4,2023-07-14,2023-07-24,201.00,COMPLETED
3603,284,11,2024-01-27,2024-02-09,64.00,IN_PROGRESS
3604,277,10,2023-07-08,2023-07-17,644.00,COMPLETED
3605,17,11,2025-02-09,2025-02-20,675.00,COMPLETED
3606,415,4,2024-10-25,2024-11-04,757.00,COMPLETED
3607,144,8,2023-08-19,2023-09-03,919.00,COMPLETED
3608,249,12,2024-05-04,2024-05-18,831.00,COMPLETED
3609,147,7,2024-04-18,2024-04-24,386.00,COMPLETED
3610,109,9,2024-03-26,2024-04-04,780.00,ON_HOLD
3611,86,12,2023-04-12,2023-04-17,224.00,ON_HOLD
3612,38,10,2025-01-30,2025-02-13,915.00,COMPLETED
3613,374,6,2023-04-26,2023-05-11,353.00,COMPLETED
3614,92,11,2025-10-02,2025-10-12,326.00,COMPLETED
3615,361,12,2025-03-16,2025-03-31,431.00,IN_PROGRESS
3616,77,8,2024-02-18,2024-02-22,117.00,ON_HOLD
3617,446,4,2025-08-20,2025-08-24,776.00,COMPLETED
3618,308,7,2023-12-15,2023-12-30,170.00,ON_HOLD
3619,220,10,2023-07-30,2023-08-08,412.00,ON_HOLD
3620,212,10,2023-04-10,2023-04-18,974.00,COMPLETED
3621,438,12,2024-08-02,2024-08-08,499.00,COMPLETED
3622,396,7,2023-11-30,2023-12-16,815.00,ON_HOLD
3623,13,9,2024-12-21,2025-01-06,370.00,COMPLETED
3624,454,9,2025-10-10,2025-10-18,269.00,COMPLETED
3625,407,2,2024-06-05,2024-06-11,745.00,COMPLETED
3626,249,10,2023-02-06,2023-02-13,463.00,IN_PROGRESS
3627,389,7,2024-03-24,2024-04-02,672.00,COMPLETED
3628,40,4,2024-12-31,2025-01-10,373.00,COMPLETED
3629,7,10,2026-03-19,2026-03-27,149.00,IN_PROGRESS
3630,172,7,2023-04-02,2023-04-09,667.00,ON_HOLD
3631,171,8,2024-02-16,2024-02-26,195.00,COMPLETED
3632,413,3,2023-04-01,2023-04-16,738.00,IN_PROGRESS
3633,244,4,2025-09-20,2025-09-25,543.00,COMPLETED
3634,467,4,2026-06-26,2026-07-01,168.00,ON_HOLD
3635,283,2,2023-07-20,2023-07-23,343.00,COMPLETED
3636,266,9,2024-06-08,2024-06-21,164.00,IN_PROGRESS
3637,437,2,2025-03-10,2025-03-25,608.00,COMPLETED
3638,478,7,2025-08-22,2025-09-07,963.00,ON_HOLD
3639,389,9,2023-08-31,2023-09-03,302.00,COMPLETED
3640,146,2,2023-10-18,2023-11-01,518.00,COMPLETED
3641,88,4,2023-05-13,2023-05-26,690.00,IN_PROGRESS
3642,349,6,2026-03-26,2026-04-10,670.00,COMPLETED
3643,383,4,2025-06-08,2025-06-15,372.00,ON_HOLD
3644,306,6,2023-06-15,2023-06-20,134.00,ON_HOLD
3645,329,3,2023-08-20,2023-09-05,682.00,COMPLETED
3646,256,1,2026-08-09,2026-08-25,713.00,COMPLETED
3647,97,3,2025-01-17,2025-01-21,795.00,IN_PROGRESS
3648,329,7,2024-08-17,2024-09-02,804.00,ON_HOLD
3649,405,2,2025-02-14,2025-02-23,569.00,COMPLETED
3650,310,8,2025-04-01,2025-04-05,64.00,IN_PROGRESS
3651,280,4,2024-01-25,2024-01-31,666.00,COMPLETED
3652,131,2,2023-04-23,2023-05-07,116.00,COMPLETED
3653,226,11,2024-08-23,2024-09-07,828.00,IN_PROGRESS
3654,498,8,2026-05-20,2026-06-02,149.00,COMPLETED
3655,157,11,2024-02-25,2024-03-02,690.00,COMPLETED
3656,190,7,2024-10-13,2024-10-19,312.00,COMPLETED
3657,298,8,2023-12-27,2024-01-02,532.00,ON_HOLD
3658,212,11,2026-08-01,2026-08-17,164.00,IN_PROGRESS
3659,414,11,2023-05-13,2023-05-28,562.00,IN_PROGRESS
3660,321,2,2023-09-08,2023-09-24,183.00,COMPLETED
3661,455,8,2023-02-07,2023-02-11,223.00,COMPLETED
3662,375,8,2023-08-30,2023-09-04,334.00,ON_HOLD
3663,255,9,2023-03-15,2023-03-26,654.00,IN_PROGRESS
3664,103,3,2024-01-01,2024-01-17,629.00,IN_PROGRESS
3665,376,4,2023-12-10,2023-12-23,385.00,COMPLETED
3666,338,11,2023-12-12,2023-12-17,72.00,COMPLETED
3667,441,6,2025-07-16,2025-07-23,765.00,COMPLETED
3668,26,9,2023-07-13,2023-07-29,470.00,ON_HOLD
3669,498,8,2026-05-14,2026-05-25,863.00,COMPLETED
3670,211,2,2023-04-28,2023-05-13,799.00,COMPLETED
3671,336,2,2024-05-12,2024-05-28,424.00,COMPLETED
3672,487,3,2023-03-29,2023-04-04,449.00,IN_PROGRESS
3673,154,11,2026-06-05,2026-06-18,549.00,COMPLETED
3674,274,8,2023-12-17,2023-12-31,209.00,COMPLETED
3675,163,2,2025-11-07,2025-11-23,97.00,IN_PROGRESS
3676,293,1,2026-09-02,2026-09-16,615.00,COMPLETED
3677,345,11,2023-08-05,2023-08-20,362.00,ON_HOLD
3678,391,10,2025-10-24,2025-11-02,624.00,COMPLETED
3679,397,10,2023-12-07,2023-12-13,540.00,COMPLETED
3680,178,11,2024-07-19,2024-08-03,906.00,ON_HOLD
3681,243,11,2025-10-05,2025-10-17,166.00,COMPLETED
3682,359,8,2026-01-31,2026-02-11,947.00,COMPLETED
3683,64,11,2024-12-29,2025-01-07,395.00,COMPLETED
3684,241,12,2025-05-29,2025-06-02,114.00,ON_HOLD
3685,435,2,2023-10-14,2023-10-25,240.00,COMPLETED
3686,34,1,2024-10-28,2024-11-11,468.00,ON_HOLD
3687,223,6,2025-04-25,2025-05-09,440.00,COMPLETED
3688,337,8,2023-07-19,2023-07-24,496.00,ON_HOLD
3689,249,1,2025-02-07,2025-02-18,70.00,IN_PROGRESS
3690,262,11,2024-02-05,2024-02-12,495.00,COMPLETED
3691,391,2,2023-05-05,2023-05-08,551.00,COMPLETED
3692,4,8,2025-01-11,2025-01-15,837.00,COMPLETED
3693,309,2,2025-10-28,2025-11-03,322.00,ON_HOLD
3694,83,10,2024-10-14,2024-10-18,245.00,COMPLETED
3695,124,10,2026-02-01,2026-02-06,828.00,IN_PROGRESS
3696,428,7,2025-08-23,2025-09-02,717.00,COMPLETED
3697,489,11,2024-06-08,2024-06-14,956.00,IN_PROGRESS
3698,147,1,2026-02-13,2026-02-22,741.00,IN_PROGRESS
3699,75,6,2026-08-05,2026-08-20,437.00,COMPLETED
3700,193,11,2024-08-19,2024-08-25,223.00,COMPLETED
3701,343,11,2023-02-14,2023-02-27,456.00,ON_HOLD
3702,5,12,2025-06-13,2025-06-18,208.00,COMPLETED
3703,153,7,2024-03-27,2024-04-05,111.00,COMPLETED
3704,305,10,2023-09-03,2023-09-15,553.00,COMPLETED
3705,212,1,2026-05-10,2026-05-18,506.00,COMPLETED
3706,89,9,2023-11-21,2023-11-27,279.00,IN_PROGRESS
3707,235,12,2026-07-06,2026-07-15,965.00,ON_HOLD
3708,117,1,2024-03-16,2024-03-31,674.00,ON_HOLD
3709,266,8,2025-04-17,2025-05-02,188.00,IN_PROGRESS
3710,458,2,2024-11-17,2024-11-23,55.00,COMPLETED
3711,299,1,2026-09-23,2026-10-01,894.00,COMPLETED
3712,358,7,2025-02-25,2025-03-12,394.00,COMPLETED
3713,22,2,2024-06-12,2024-06-20,474.00,COMPLETED
3714,202,6,2023-03-23,2023-04-02,702.00,COMPLETED
3715,194,1,2023-04-17,2023-04-28,606.00,COMPLETED
3716,403,7,2023-07-31,2023-08-08,888.00,IN_PROGRESS
3717,406,9,2026-09-22,2026-10-08,550.00,COMPLETED
3718,245,12,2024-10-21,2024-10-31,621.00,COMPLETED
3719,265,7,2023-05-24,2023-06-02,236.00,IN_PROGRESS
3720,379,10,2023-11-24,2023-12-03,109.00,ON_HOLD
3721,353,8,2023-03-14,2023-03-19,88.00,ON_HOLD
3722,128,5,2025-12-31,2026-01-10,364.00,COMPLETED
3723,48,6,2026-05-27,2026-06-04,381.00,IN_PROGRESS
3724,436,8,2023-09-19,2023-09-23,900.00,IN_PROGRESS
3725,215,12,2024-12-01,2024-12-11,62.00,COMPLETED
3726,54,11,2023-05-10,2023-05-14,434.00,COMPLETED
3727,410,4,2023-04-29,2023-05-03,149.00,IN_PROGRESS
3728,148,10,2023-09-26,2023-10-09,548.00,COMPLETED
3729,183,3,2024-07-04,2024-07-18,177.00,IN_PROGRESS
3730,393,12,2025-10-09,2025-10-17,670.00,COMPLETED
3731,140,12,2026-05-07,2026-05-10,366.00,COMPLETED
3732,364,5,2026-05-28,2026-06-07,863.00,COMPLETED
3733,144,1,2025-08-17,2025-08-20,867.00,IN_PROGRESS
3734,131,2,2023-07-14,2023-07-22,649.00,ON_HOLD
3735,421,2,2026-08-08,2026-08-23,875.00,ON_HOLD
3736,361,9,2023-06-07,2023-06-11,101.00,IN_PROGRESS
3737,319,12,2024-11-10,2024-11-17,141.00,COMPLETED
3738,499,8,2025-11-19,2025-11-30,458.00,COMPLETED
3739,4,9,2024-11-03,2024-11-07,531.00,COMPLETED
3740,284,4,2026-02-21,2026-03-09,856.00,COMPLETED
3741,166,12,2025-02-24,2025-03-12,596.00,COMPLETED
3742,338,1,2026-03-26,2026-04-02,467.00,COMPLETED
3743,185,8,2023-08-26,2023-09-11,543.00,ON_HOLD
3744,43,2,2024-04-25,2024-05-08,537.00,COMPLETED
3745,356,2,2023-05-05,2023-05-16,949.00,IN_PROGRESS
3746,1,3,2024-09-25,2024-10-05,412.00,IN_PROGRESS
3747,276,10,2025-04-06,2025-04-18,917.00,COMPLETED
3748,349,2,2026-03-27,2026-04-11,822.00,IN_PROGRESS
3749,135,11,2025-02-03,2025-02-15,576.00,COMPLETED
3750,283,7,2024-04-20,2024-05-05,95.00,IN_PROGRESS
3751,275,9,2026-02-22,2026-03-07,695.00,COMPLETED
3752,47,2,2025-07-27,2025-08-08,352.00,COMPLETED
3753,163,2,2023-10-25,2023-11-03,324.00,ON_HOLD
3754,306,8,2024-09-04,2024-09-08,761.00,COMPLETED
3755,220,3,2025-03-20,2025-03-27,682.00,COMPLETED
3756,33,1,2025-07-01,2025-07-16,928.00,IN_PROGRESS
3757,417,1,2025-01-19,2025-01-25,503.00,COMPLETED
3758,457,1,2023-05-23,2023-06-08,363.00,COMPLETED
3759,420,8,2024-02-09,2024-02-12,342.00,COMPLETED
3760,260,9,2026-09-17,2026-09-28,137.00,COMPLETED
3761,102,2,2023-05-08,2023-05-15,492.00,COMPLETED
3762,441,6,2023-11-30,2023-12-10,978.00,IN_PROGRESS
3763,355,9,2024-12-22,2024-12-27,176.00,IN_PROGRESS
3764,38,4,2023-03-10,2023-03-14,617.00,COMPLETED
3765,121,11,2024-02-29,2024-03-10,631.00,COMPLETED
3766,309,5,2025-06-08,2025-06-20,224.00,IN_PROGRESS
3767,201,12,2023-04-09,2023-04-16,795.00,COMPLETED
3768,22,2,2024-09-20,2024-09-24,616.00,COMPLETED
3769,218,11,2023-12-13,2023-12-17,178.00,ON_HOLD
3770,255,2,2023-07-04,2023-07-20,153.00,COMPLETED
3771,37,4,2026-04-18,2026-04-26,668.00,ON_HOLD
3772,120,5,2023-09-13,2023-09-26,973.00,IN_PROGRESS
3773,299,11,2024-08-26,2024-09-11,521.00,COMPLETED
3774,227,10,2023-03-12,2023-03-23,459.00,ON_HOLD
3775,217,4,2024-08-21,2024-08-31,127.00,COMPLETED
3776,170,9,2025-04-22,2025-05-03,751.00,COMPLETED
3777,436,8,2023-11-18,2023-12-02,447.00,COMPLETED
3778,259,10,2025-03-08,2025-03-14,699.00,IN_PROGRESS
3779,205,11,2025-07-21,2025-08-03,483.00,COMPLETED
3780,350,8,2024-11-05,2024-11-13,672.00,IN_PROGRESS
3781,256,5,2023-07-25,2023-08-07,959.00,COMPLETED
3782,412,2,2023-09-22,2023-09-28,392.00,COMPLETED
3783,61,12,2023-08-15,2023-08-22,629.00,IN_PROGRESS
3784,222,8,2025-10-29,2025-11-01,551.00,ON_HOLD
3785,240,1,2024-02-20,2024-02-23,637.00,COMPLETED
3786,79,2,2024-08-08,2024-08-12,409.00,ON_HOLD
3787,213,11,2023-09-08,2023-09-12,643.00,COMPLETED
3788,164,5,2025-03-09,2025-03-12,662.00,ON_HOLD
3789,345,5,2025-05-13,2025-05-28,809.00,COMPLETED
3790,400,6,2023-09-17,2023-09-24,517.00,COMPLETED
3791,365,12,2025-12-28,2026-01-07,581.00,ON_HOLD
3792,209,3,2025-10-04,2025-10-15,643.00,COMPLETED
3793,415,11,2025-12-07,2025-12-10,143.00,COMPLETED
3794,63,7,2025-03-18,2025-03-27,684.00,IN_PROGRESS
3795,31,6,2024-11-25,2024-12-04,69.00,COMPLETED
3796,230,4,2025-03-22,2025-04-07,113.00,ON_HOLD
3797,366,10,2024-06-01,2024-06-12,53.00,ON_HOLD
3798,436,11,2026-09-04,2026-09-09,719.00,ON_HOLD
3799,55,6,2026-02-14,2026-02-27,502.00,COMPLETED
3800,352,1,2023-04-27,2023-05-11,734.00,COMPLETED
3801,378,10,2023-02-26,2023-03-12,255.00,ON_HOLD
3802,135,2,2024-10-14,2024-10-17,707.00,COMPLETED
3803,252,11,2023-03-06,2023-03-18,588.00,COMPLETED
3804,141,12,2026-05-01,2026-05-13,905.00,COMPLETED
3805,178,2,2023-05-20,2023-06-02,92.00,COMPLETED
3806,45,6,2025-05-24,2025-06-06,520.00,ON_HOLD
3807,335,3,2025-07-15,2025-07-26,226.00,IN_PROGRESS
3808,59,7,2024-01-07,2024-01-10,819.00,COMPLETED
3809,166,8,2024-12-06,2024-12-16,275.00,IN_PROGRESS
3810,488,8,2024-12-15,2024-12-23,242.00,ON_HOLD
3811,419,3,2023-05-23,2023-06-01,69.00,COMPLETED
3812,295,7,2025-04-03,2025-04-17,467.00,IN_PROGRESS
3813,449,10,2023-03-09,2023-03-25,534.00,COMPLETED
3814,108,3,2026-06-24,2026-07-04,695.00,COMPLETED
3815,285,4,2024-10-22,2024-11-02,892.00,COMPLETED
3816,160,11,2023-05-01,2023-05-08,113.00,COMPLETED
3817,396,5,2023-09-04,2023-09-15,241.00,ON_HOLD
3818,53,3,2026-03-25,2026-04-06,250.00,ON_HOLD
3819,72,7,2024-04-25,2024-05-03,426.00,COMPLETED
3820,355,5,2023-09-05,2023-09-08,536.00,COMPLETED
3821,413,7,2024-05-09,2024-05-17,140.00,ON_HOLD
3822,463,8,2023-11-24,2023-12-09,973.00,COMPLETED
3823,206,9,2024-06-27,2024-06-30,676.00,COMPLETED
3824,304,1,2024-11-19,2024-12-02,247.00,IN_PROGRESS
3825,342,4,2025-03-23,2025-03-26,466.00,COMPLETED
3826,394,1,2025-02-25,2025-03-06,181.00,COMPLETED
3827,28,8,2025-07-14,2025-07-27,793.00,COMPLETED
3828,457,7,2024-02-04,2024-02-12,255.00,COMPLETED
3829,492,9,2025-08-13,2025-08-19,399.00,COMPLETED
3830,270,3,2024-11-20,2024-11-29,484.00,COMPLETED
3831,80,5,2023-04-26,2023-05-06,108.00,COMPLETED
3832,203,10,2024-03-22,2024-03-26,999.00,ON_HOLD
3833,321,6,2024-06-23,2024-06-27,691.00,COMPLETED
3834,238,5,2024-05-02,2024-05-08,609.00,ON_HOLD
3835,419,9,2026-03-14,2026-03-25,417.00,ON_HOLD
3836,411,7,2023-04-19,2023-04-23,779.00,IN_PROGRESS
3837,360,8,2024-12-22,2025-01-03,164.00,COMPLETED
3838,117,5,2023-04-01,2023-04-17,92.00,COMPLETED
3839,498,1,2025-01-03,2025-01-19,188.00,ON_HOLD
3840,463,2,2026-05-29,2026-06-03,391.00,ON_HOLD
3841,84,5,2025-10-24,2025-10-31,426.00,COMPLETED
3842,428,10,2023-05-09,2023-05-18,818.00,COMPLETED
3843,33,3,2026-02-14,2026-02-25,436.00,COMPLETED
3844,142,3,2026-06-16,2026-06-20,621.00,COMPLETED
3845,74,2,2024-02-04,2024-02-19,451.00,IN_PROGRESS
3846,416,2,2026-07-22,2026-08-03,618.00,COMPLETED
3847,176,5,2024-09-06,2024-09-09,291.00,COMPLETED
3848,206,1,2024-12-21,2025-01-05,455.00,COMPLETED
3849,101,4,2024-09-15,2024-09-29,833.00,IN_PROGRESS
3850,245,7,2026-08-29,2026-09-08,115.00,IN_PROGRESS
3851,413,2,2025-03-01,2025-03-04,973.00,ON_HOLD
3852,102,1,2026-08-17,2026-08-20,757.00,ON_HOLD
3853,476,12,2026-02-12,2026-02-18,814.00,ON_HOLD
3854,454,10,2026-03-16,2026-03-27,97.00,IN_PROGRESS
3855,156,4,2025-05-26,2025-06-07,75.00,COMPLETED
3856,403,9,2023-04-08,2023-04-12,660.00,ON_HOLD
3857,357,7,2025-12-23,2025-12-30,227.00,IN_PROGRESS
3858,417,12,2026-09-02,2026-09-12,417.00,COMPLETED
3859,437,12,2023-03-29,2023-04-08,932.00,COMPLETED
3860,203,2,2023-11-18,2023-11-28,265.00,COMPLETED
3861,35,8,2023-11-15,2023-11-18,762.00,COMPLETED
3862,111,3,2023-11-25,2023-12-04,931.00,ON_HOLD
3863,204,2,2024-11-06,2024-11-14,357.00,ON_HOLD
3864,433,8,2025-12-07,2025-12-19,736.00,COMPLETED
3865,468,11,2023-05-30,2023-06-08,403.00,COMPLETED
3866,496,2,2025-02-14,2025-02-26,778.00,COMPLETED
3867,172,11,2024-02-12,2024-02-27,471.00,COMPLETED
3868,32,2,2023-09-21,2023-09-26,778.00,COMPLETED
3869,346,11,2024-07-02,2024-07-12,201.00,COMPLETED
3870,474,10,2024-08-14,2024-08-24,66.00,COMPLETED
3871,344,4,2024-05-10,2024-05-15,200.00,COMPLETED
3872,466,4,2025-12-03,2025-12-19,99.00,COMPLETED
3873,210,5,2023-06-13,2023-06-18,978.00,COMPLETED
3874,187,6,2023-10-11,2023-10-15,601.00,COMPLETED
3875,11,11,2025-04-21,2025-05-02,181.00,COMPLETED
3876,345,11,2024-10-30,2024-11-13,573.00,ON_HOLD
3877,190,1,2026-05-15,2026-05-23,851.00,ON_HOLD
3878,421,8,2026-08-08,2026-08-24,431.00,COMPLETED
3879,440,12,2024-10-11,2024-10-19,980.00,COMPLETED
3880,89,6,2024-01-22,2024-02-03,532.00,ON_HOLD
3881,482,9,2024-11-04,2024-11-09,997.00,COMPLETED
3882,325,1,2024-11-15,2024-12-01,243.00,COMPLETED
3883,228,8,2024-03-12,2024-03-17,734.00,COMPLETED
3884,179,1,2025-12-27,2026-01-05,523.00,COMPLETED
3885,283,4,2023-08-30,2023-09-11,385.00,COMPLETED
3886,349,9,2024-12-07,2024-12-20,180.00,IN_PROGRESS
3887,181,3,2024-03-31,2024-04-07,933.00,ON_HOLD
3888,153,7,2024-09-05,2024-09-11,190.00,IN_PROGRESS
3889,178,12,2026-09-05,2026-09-19,773.00,COMPLETED
3890,486,4,2023-05-02,2023-05-13,519.00,COMPLETED
3891,271,2,2025-06-15,2025-06-22,783.00,ON_HOLD
3892,142,9,2026-02-28,2026-03-15,456.00,ON_HOLD
3893,436,7,2023-07-12,2023-07-27,980.00,COMPLETED
3894,67,4,2024-03-21,2024-04-05,110.00,IN_PROGRESS
3895,119,6,2025-01-18,2025-01-30,629.00,COMPLETED
3896,65,7,2023-08-12,2023-08-26,823.00,COMPLETED
3897,2,4,2023-12-21,2023-12-28,491.00,IN_PROGRESS
3898,93,11,2024-04-01,2024-04-17,998.00,COMPLETED
3899,333,4,2024-10-12,2024-10-15,578.00,COMPLETED
3900,249,10,2024-11-07,2024-11-11,736.00,COMPLETED
3901,426,8,2023-04-04,2023-04-11,104.00,ON_HOLD
3902,170,7,2024-04-25,2024-05-08,308.00,ON_HOLD
3903,383,4,2026-08-11,2026-08-17,872.00,COMPLETED
3904,287,12,2024-03-24,2024-04-09,457.00,COMPLETED
3905,424,11,2026-04-23,2026-05-02,100.00,COMPLETED
3906,209,2,2026-04-15,2026-04-18,870.00,ON_HOLD
3907,302,4,2023-09-24,2023-10-10,331.00,IN_PROGRESS
3908,43,3,2024-03-28,2024-04-05,889.00,COMPLETED
3909,230,10,2024-01-17,2024-01-24,815.00,COMPLETED
3910,413,6,2025-03-16,2025-03-25,444.00,ON_HOLD
3911,43,5,2025-03-26,2025-04-06,612.00,IN_PROGRESS
3912,282,4,2025-11-03,2025-11-13,170.00,IN_PROGRESS
3913,257,6,2023-10-01,2023-10-16,696.00,IN_PROGRESS
3914,247,8,2025-01-17,2025-01-23,107.00,COMPLETED
3915,307,9,2023-12-03,2023-12-13,287.00,COMPLETED
3916,264,1,2026-10-01,2026-10-16,69.00,COMPLETED
3917,444,12,2024-03-30,2024-04-09,298.00,COMPLETED
3918,179,7,2025-10-22,2025-10-27,880.00,COMPLETED
3919,364,7,2026-08-07,2026-08-22,709.00,COMPLETED
3920,284,2,2023-03-02,2023-03-13,968.00,COMPLETED
3921,115,9,2024-11-05,2024-11-15,679.00,COMPLETED
3922,496,5,2024-11-12,2024-11-28,263.00,COMPLETED
3923,400,12,2023-01-09,2023-01-13,61.00,COMPLETED
3924,129,6,2025-10-09,2025-10-18,819.00,ON_HOLD
3925,268,8,2024-12-03,2024-12-18,128.00,COMPLETED
3926,45,4,2023-06-06,2023-06-17,651.00,ON_HOLD
3927,483,7,2024-01-12,2024-01-25,414.00,ON_HOLD
3928,74,6,2024-02-15,2024-02-21,197.00,ON_HOLD
3929,20,2,2025-11-20,2025-11-29,943.00,COMPLETED
3930,469,6,2026-03-07,2026-03-14,670.00,IN_PROGRESS
3931,11,8,2024-05-28,2024-06-06,65.00,COMPLETED
3932,331,7,2024-01-01,2024-01-04,50.00,ON_HOLD
3933,437,8,2023-12-31,2024-01-11,131.00,COMPLETED
3934,422,12,2024-09-16,2024-09-20,740.00,ON_HOLD
3935,385,11,2023-10-08,2023-10-17,188.00,COMPLETED
3936,201,6,2025-05-14,2025-05-18,602.00,COMPLETED
3937,201,8,2026-05-28,2026-06-13,544.00,COMPLETED
3938,132,12,2024-12-30,2025-01-05,398.00,IN_PROGRESS
3939,92,11,2026-08-19,2026-08-24,181.00,COMPLETED
3940,287,10,2025-12-29,2026-01-05,940.00,IN_PROGRESS
3941,403,8,2025-06-21,2025-07-07,346.00,COMPLETED
3942,65,1,2025-05-02,2025-05-10,402.00,COMPLETED
3943,427,7,2026-02-16,2026-02-25,369.00,COMPLETED
3944,151,9,2023-12-14,2023-12-22,750.00,COMPLETED
3945,252,3,2025-05-29,2025-06-03,239.00,ON_HOLD
3946,86,4,2023-04-19,2023-04-30,605.00,COMPLETED
3947,226,1,2025-12-18,2025-12-26,174.00,COMPLETED
3948,190,3,2025-08-14,2025-08-24,681.00,IN_PROGRESS
3949,451,4,2025-05-24,2025-06-09,466.00,COMPLETED
3950,438,9,2024-06-19,2024-06-24,104.00,IN_PROGRESS
3951,49,8,2024-05-16,2024-05-26,971.00,COMPLETED
3952,450,3,2025-10-20,2025-10-25,70.00,COMPLETED
3953,65,11,2024-08-08,2024-08-12,832.00,COMPLETED
3954,256,1,2025-08-06,2025-08-18,224.00,IN_PROGRESS
3955,413,1,2025-04-30,2025-05-03,621.00,IN_PROGRESS
3956,343,9,2025-07-04,2025-07-19,735.00,IN_PROGRESS
3957,322,8,2025-02-08,2025-02-14,568.00,COMPLETED
3958,426,2,2025-11-02,2025-11-11,418.00,COMPLETED
3959,44,3,2024-02-18,2024-03-04,740.00,COMPLETED
3960,409,5,2026-06-01,2026-06-14,688.00,COMPLETED
3961,447,1,2025-06-15,2025-06-20,414.00,COMPLETED
3962,51,10,2025-01-06,2025-01-22,735.00,COMPLETED
3963,282,2,2023-10-27,2023-11-06,512.00,ON_HOLD
3964,248,6,2023-10-04,2023-10-15,485.00,IN_PROGRESS
3965,51,7,2026-03-01,2026-03-08,132.00,IN_PROGRESS
3966,92,7,2024-07-18,2024-07-21,258.00,COMPLETED
3967,487,6,2024-10-24,2024-10-27,675.00,COMPLETED
3968,129,11,2025-06-30,2025-07-15,493.00,COMPLETED
3969,190,9,2026-02-25,2026-03-09,656.00,ON_HOLD
3970,477,7,2026-07-13,2026-07-20,611.00,COMPLETED
3971,14,12,2025-05-25,2025-06-08,607.00,IN_PROGRESS
3972,236,8,2023-08-29,2023-09-02,280.00,COMPLETED
3973,374,9,2024-10-31,2024-11-06,394.00,IN_PROGRESS
3974,136,8,2024-11-10,2024-11-21,430.00,COMPLETED
3975,468,7,2023-04-25,2023-05-07,592.00,COMPLETED
3976,11,7,2025-12-16,2025-12-23,828.00,COMPLETED
3977,310,10,2025-07-22,2025-07-29,938.00,IN_PROGRESS
3978,260,1,2024-12-13,2024-12-17,828.00,COMPLETED
3979,163,12,2025-09-25,2025-10-05,557.00,ON_HOLD
3980,317,7,2024-05-22,2024-05-27,348.00,ON_HOLD
3981,414,10,2026-07-05,2026-07-15,540.00,COMPLETED
3982,337,7,2026-09-23,2026-10-01,238.00,COMPLETED
3983,206,9,2026-01-01,2026-01-09,804.00,COMPLETED
3984,31,2,2026-01-29,2026-02-06,618.00,IN_PROGRESS
3985,146,2,2026-07-29,2026-08-05,269.00,IN_PROGRESS
3986,354,12,2026-03-31,2026-04-11,677.00,COMPLETED
3987,198,9,2024-06-30,2024-07-05,82.00,COMPLETED
3988,145,11,2024-03-22,2024-04-04,243.00,ON_HOLD
3989,109,8,2025-10-27,2025-11-09,216.00,IN_PROGRESS
3990,141,3,2023-07-01,2023-07-08,153.00,COMPLETED
3991,227,3,2024-04-07,2024-04-22,846.00,COMPLETED
3992,299,12,2023-08-20,2023-08-23,443.00,IN_PROGRESS
3993,439,11,2025-07-15,2025-07-22,544.00,ON_HOLD
3994,450,6,2026-04-05,2026-04-17,319.00,COMPLETED
3995,233,11,2023-05-01,2023-05-06,242.00,ON_HOLD
3996,343,4,2024-10-10,2024-10-17,193.00,COMPLETED
3997,131,10,2025-10-01,2025-10-15,947.00,COMPLETED
3998,27,8,2025-06-30,2025-07-04,440.00,IN_PROGRESS
3999,284,3,2024-04-02,2024-04-06,732.00,COMPLETED
4000,103,7,2024-07-11,2024-07-19,538.00,COMPLETED
4001,391,7,2026-09-08,2026-09-17,935.00,ON_HOLD
4002,30,10,2025-01-31,2025-02-16,219.00,COMPLETED
4003,221,3,2023-05-06,2023-05-17,844.00,ON_HOLD
4004,235,7,2025-08-25,2025-08-29,698.00,COMPLETED
4005,58,7,2024-04-04,2024-04-07,580.00,COMPLETED
4006,94,9,2024-09-22,2024-09-30,938.00,COMPLETED
4007,354,5,2026-04-22,2026-05-05,158.00,ON_HOLD
4008,481,6,2024-05-13,2024-05-29,755.00,COMPLETED
4009,178,8,2026-04-24,2026-05-06,510.00,IN_PROGRESS
4010,319,9,2025-12-10,2025-12-16,772.00,COMPLETED
4011,321,1,2025-07-05,2025-07-09,254.00,IN_PROGRESS
4012,31,11,2024-05-09,2024-05-21,611.00,ON_HOLD
4013,18,9,2025-12-21,2025-12-26,408.00,ON_HOLD
4014,475,5,2023-11-23,2023-12-09,354.00,COMPLETED
4015,246,11,2025-01-14,2025-01-29,505.00,COMPLETED
4016,484,5,2024-07-10,2024-07-16,653.00,COMPLETED
4017,492,1,2025-02-08,2025-02-23,173.00,COMPLETED
4018,427,1,2024-06-06,2024-06-18,287.00,COMPLETED
4019,151,5,2024-02-15,2024-02-25,153.00,COMPLETED
4020,174,9,2023-10-26,2023-11-05,240.00,COMPLETED
4021,182,9,2024-02-18,2024-02-29,463.00,COMPLETED
4022,62,5,2025-09-22,2025-10-08,199.00,COMPLETED
4023,264,11,2026-02-12,2026-02-26,418.00,IN_PROGRESS
4024,454,11,2025-08-23,2025-09-04,407.00,COMPLETED
4025,206,1,2025-01-18,2025-01-29,472.00,COMPLETED
4026,380,12,2024-06-15,2024-06-20,903.00,COMPLETED
4027,482,3,2023-08-06,2023-08-13,697.00,COMPLETED
4028,370,10,2023-01-21,2023-01-27,183.00,COMPLETED
4029,466,5,2024-03-30,2024-04-12,805.00,COMPLETED
4030,378,8,2023-03-27,2023-04-11,628.00,COMPLETED
4031,187,9,2023-01-14,2023-01-21,264.00,ON_HOLD
4032,259,4,2023-07-23,2023-08-01,97.00,COMPLETED
4033,14,9,2025-11-06,2025-11-22,896.00,IN_PROGRESS
4034,272,10,2024-08-01,2024-08-09,547.00,IN_PROGRESS
4035,104,6,2024-11-01,2024-11-13,132.00,IN_PROGRESS
4036,56,9,2026-07-16,2026-08-01,912.00,ON_HOLD
4037,63,10,2024-01-19,2024-01-23,230.00,ON_HOLD
4038,330,7,2026-09-30,2026-10-11,122.00,COMPLETED
4039,269,9,2024-09-07,2024-09-16,560.00,IN_PROGRESS
4040,410,1,2026-03-03,2026-03-11,273.00,COMPLETED
4041,327,3,2026-07-13,2026-07-22,636.00,IN_PROGRESS
4042,124,8,2023-01-12,2023-01-26,97.00,COMPLETED
4043,322,10,2024-10-29,2024-11-01,522.00,ON_HOLD
4044,115,9,2026-08-17,2026-08-20,150.00,IN_PROGRESS
4045,489,10,2025-03-06,2025-03-21,696.00,COMPLETED
4046,421,3,2025-08-08,2025-08-23,189.00,COMPLETED
4047,166,10,2024-06-25,2024-07-01,849.00,ON_HOLD
4048,31,5,2023-07-24,2023-08-09,645.00,COMPLETED
4049,343,11,2025-10-14,2025-10-30,515.00,COMPLETED
4050,18,9,2026-06-22,2026-07-07,689.00,ON_HOLD
4051,139,3,2023-05-17,2023-05-30,806.00,COMPLETED
4052,121,6,2024-03-09,2024-03-24,520.00,IN_PROGRESS
4053,129,12,2023-01-13,2023-01-20,844.00,COMPLETED
4054,158,12,2025-04-05,2025-04-13,363.00,COMPLETED
4055,435,3,2024-05-12,2024-05-16,438.00,ON_HOLD
4056,287,8,2026-06-10,2026-06-26,69.00,COMPLETED
4057,320,5,2025-06-03,2025-06-18,448.00,COMPLETED
4058,335,11,2025-04-10,2025-04-24,136.00,IN_PROGRESS
4059,128,5,2023-01-18,2023-01-23,878.00,IN_PROGRESS
4060,71,12,2026-06-22,2026-07-01,222.00,COMPLETED
4061,235,12,2025-01-04,2025-01-20,154.00,ON_HOLD
4062,102,7,2023-05-20,2023-06-03,665.00,IN_PROGRESS
4063,320,11,2026-07-06,2026-07-18,466.00,ON_HOLD
4064,222,6,2023-06-05,2023-06-14,587.00,COMPLETED
4065,52,12,2023-05-15,2023-05-21,989.00,IN_PROGRESS
4066,70,9,2024-04-06,2024-04-12,446.00,IN_PROGRESS
4067,283,1,2023-05-07,2023-05-18,595.00,ON_HOLD
4068,161,4,2023-12-29,2024-01-05,593.00,IN_PROGRESS
4069,203,3,2025-11-16,2025-11-25,926.00,COMPLETED
4070,446,4,2026-02-20,2026-03-03,387.00,COMPLETED
4071,207,8,2026-03-17,2026-03-25,119.00,COMPLETED
4072,287,10,2023-08-19,2023-08-24,898.00,COMPLETED
4073,369,6,2026-03-26,2026-04-07,854.00,COMPLETED
4074,450,5,2026-04-07,2026-04-23,677.00,ON_HOLD
4075,192,11,2025-07-06,2025-07-19,881.00,IN_PROGRESS
4076,47,1,2024-01-09,2024-01-14,744.00,COMPLETED
4077,393,1,2025-04-09,2025-04-12,316.00,COMPLETED
4078,175,4,2025-09-01,2025-09-14,700.00,COMPLETED
4079,234,9,2023-09-26,2023-10-10,81.00,COMPLETED
4080,97,2,2023-02-26,2023-03-11,868.00,COMPLETED
4081,500,11,2024-03-31,2024-04-15,905.00,ON_HOLD
4082,111,10,2023-01-02,2023-01-08,687.00,COMPLETED
4083,497,8,2024-08-30,2024-09-08,268.00,COMPLETED
4084,457,9,2024-05-01,2024-05-16,863.00,COMPLETED
4085,264,2,2023-05-12,2023-05-25,63.00,COMPLETED
4086,141,2,2024-02-16,2024-02-20,146.00,COMPLETED
4087,297,2,2025-10-25,2025-11-08,303.00,COMPLETED
4088,463,8,2023-08-16,2023-08-28,885.00,IN_PROGRESS
4089,82,4,2024-12-22,2024-12-25,960.00,IN_PROGRESS
4090,214,8,2024-12-16,2024-12-25,808.00,IN_PROGRESS
4091,59,9,2026-01-22,2026-01-25,85.00,COMPLETED
4092,171,6,2026-08-04,2026-08-16,603.00,COMPLETED
4093,169,5,2025-10-05,2025-10-11,541.00,COMPLETED
4094,53,10,2024-05-28,2024-06-09,874.00,IN_PROGRESS
4095,458,2,2023-01-17,2023-01-30,360.00,IN_PROGRESS
4096,397,6,2026-01-05,2026-01-13,496.00,COMPLETED
4097,410,4,2023-12-31,2024-01-10,411.00,COMPLETED
4098,276,12,2025-06-21,2025-06-24,481.00,ON_HOLD
4099,248,7,2023-05-12,2023-05-20,837.00,IN_PROGRESS
4100,284,6,2025-11-07,2025-11-17,451.00,IN_PROGRESS
4101,372,12,2024-12-08,2024-12-24,87.00,COMPLETED
4102,52,8,2026-02-02,2026-02-05,743.00,COMPLETED
4103,221,8,2025-01-20,2025-01-28,976.00,COMPLETED
4104,198,5,2024-11-28,2024-12-05,344.00,COMPLETED
4105,394,1,2024-01-22,2024-02-02,97.00,ON_HOLD
4106,227,1,2024-11-15,2024-12-01,758.00,ON_HOLD
4107,412,12,2024-01-14,2024-01-22,105.00,COMPLETED
4108,174,4,2026-05-25,2026-06-02,721.00,ON_HOLD
4109,401,2,2026-07-11,2026-07-18,174.00,COMPLETED
4110,80,7,2026-06-25,2026-07-05,149.00,COMPLETED
4111,472,1,2024-03-27,2024-04-06,610.00,IN_PROGRESS
4112,35,9,2024-10-18,2024-10-23,572.00,COMPLETED
4113,52,9,2023-11-06,2023-11-11,217.00,ON_HOLD
4114,21,8,2023-01-30,2023-02-09,835.00,IN_PROGRESS
4115,87,6,2024-12-07,2024-12-17,697.00,ON_HOLD
4116,38,7,2026-08-29,2026-09-08,589.00,COMPLETED
4117,67,8,2023-02-28,2023-03-12,113.00,ON_HOLD
4118,23,4,2023-06-03,2023-06-14,509.00,COMPLETED
4119,78,12,2025-07-13,2025-07-20,180.00,ON_HOLD
4120,171,7,2025-08-03,2025-08-14,335.00,COMPLETED
4121,2,1,2024-05-26,2024-06-07,824.00,COMPLETED
4122,465,3,2024-11-14,2024-11-25,837.00,COMPLETED
4123,166,8,2026-06-29,2026-07-12,106.00,COMPLETED
4124,497,8,2024-02-22,2024-03-08,837.00,COMPLETED
4125,387,10,2023-12-24,2023-12-30,164.00,COMPLETED
4126,493,8,2025-04-02,2025-04-09,578.00,COMPLETED
4127,204,5,2024-11-24,2024-11-29,466.00,COMPLETED
4128,114,5,2024-07-01,2024-07-15,763.00,COMPLETED
4129,444,6,2025-06-03,2025-06-07,98.00,IN_PROGRESS
4130,297,10,2026-02-23,2026-03-11,611.00,COMPLETED
4131,4,3,2023-10-26,2023-11-09,571.00,COMPLETED
4132,238,5,2024-07-23,2024-07-31,146.00,COMPLETED
4133,351,11,2024-02-06,2024-02-14,190.00,COMPLETED
4134,60,12,2025-12-24,2026-01-08,268.00,COMPLETED
4135,122,9,2024-01-22,2024-02-04,852.00,COMPLETED
4136,153,3,2023-05-04,2023-05-17,639.00,COMPLETED
4137,280,7,2024-01-04,2024-01-09,142.00,COMPLETED
4138,209,1,2024-12-02,2024-12-09,512.00,COMPLETED
4139,201,11,2025-09-03,2025-09-12,633.00,COMPLETED
4140,396,8,2025-02-19,2025-02-24,156.00,COMPLETED
4141,103,7,2024-08-21,2024-09-04,704.00,ON_HOLD
4142,387,6,2023-02-10,2023-02-20,152.00,COMPLETED
4143,455,1,2025-05-30,2025-06-05,624.00,COMPLETED
4144,14,12,2026-07-06,2026-07-17,263.00,COMPLETED
4145,316,8,2026-05-08,2026-05-23,332.00,ON_HOLD
4146,488,5,2026-02-21,2026-03-08,796.00,COMPLETED
4147,306,5,2023-07-19,2023-07-30,736.00,IN_PROGRESS
4148,377,8,2023-02-13,2023-02-27,776.00,COMPLETED
4149,65,5,2023-08-10,2023-08-25,616.00,COMPLETED
4150,289,7,2024-01-31,2024-02-15,611.00,IN_PROGRESS
4151,384,11,2026-07-26,2026-07-29,161.00,COMPLETED
4152,424,5,2023-03-10,2023-03-14,463.00,COMPLETED
4153,250,7,2025-02-05,2025-02-11,256.00,COMPLETED
4154,348,6,2026-06-23,2026-07-03,472.00,COMPLETED
4155,470,8,2023-01-03,2023-01-09,134.00,COMPLETED
4156,255,9,2023-12-30,2024-01-08,533.00,ON_HOLD
4157,360,1,2023-09-17,2023-10-03,887.00,COMPLETED
4158,153,6,2026-08-15,2026-08-24,397.00,ON_HOLD
4159,388,8,2026-02-22,2026-03-03,319.00,COMPLETED
4160,407,8,2026-09-02,2026-09-06,606.00,COMPLETED
4161,168,4,2025-11-09,2025-11-17,701.00,COMPLETED
4162,79,5,2026-01-06,2026-01-20,204.00,IN_PROGRESS
4163,207,12,2023-02-18,2023-03-01,72.00,COMPLETED
4164,371,6,2026-09-18,2026-09-22,211.00,ON_HOLD
4165,84,10,2023-06-04,2023-06-16,713.00,IN_PROGRESS
4166,84,7,2024-12-28,2025-01-07,77.00,IN_PROGRESS
4167,83,3,2023-03-17,2023-03-28,668.00,COMPLETED
4168,433,3,2023-07-21,2023-07-28,435.00,IN_PROGRESS
4169,208,10,2026-07-05,2026-07-10,306.00,ON_HOLD
4170,147,11,2026-06-06,2026-06-16,497.00,COMPLETED
4171,267,1,2025-02-25,2025-03-12,722.00,IN_PROGRESS
4172,153,5,2023-09-02,2023-09-11,239.00,COMPLETED
4173,239,12,2024-06-06,2024-06-15,910.00,COMPLETED
4174,468,11,2024-02-14,2024-02-28,274.00,ON_HOLD
4175,282,12,2026-02-22,2026-03-10,420.00,COMPLETED
4176,53,1,2025-03-06,2025-03-09,647.00,ON_HOLD
4177,458,11,2024-09-19,2024-10-04,721.00,COMPLETED
4178,172,3,2023-02-27,2023-03-13,326.00,IN_PROGRESS
4179,43,10,2026-03-15,2026-03-28,547.00,COMPLETED
4180,177,10,2026-08-08,2026-08-20,133.00,COMPLETED
4181,357,1,2023-11-10,2023-11-20,853.00,ON_HOLD
4182,279,11,2025-08-20,2025-09-01,815.00,COMPLETED
4183,396,1,2026-02-26,2026-03-10,159.00,COMPLETED
4184,490,4,2024-03-11,2024-03-23,50.00,IN_PROGRESS
4185,159,9,2023-11-07,2023-11-10,961.00,COMPLETED
4186,187,10,2026-09-15,2026-09-23,357.00,COMPLETED
4187,71,4,2026-08-11,2026-08-19,550.00,COMPLETED
4188,55,4,2024-09-08,2024-09-15,957.00,COMPLETED
4189,5,1,2024-11-17,2024-11-30,943.00,COMPLETED
4190,396,7,2025-01-10,2025-01-18,679.00,COMPLETED
4191,449,5,2025-04-15,2025-04-30,249.00,COMPLETED
4192,7,7,2025-04-19,2025-05-01,759.00,IN_PROGRESS
4193,237,1,2024-09-11,2024-09-24,946.00,COMPLETED
4194,475,5,2024-02-18,2024-03-05,664.00,IN_PROGRESS
4195,44,7,2023-10-30,2023-11-12,622.00,COMPLETED
4196,382,9,2024-12-07,2024-12-22,666.00,ON_HOLD
4197,479,8,2024-02-13,2024-02-20,388.00,ON_HOLD
4198,224,12,2023-10-24,2023-11-06,808.00,COMPLETED
4199,479,2,2026-03-28,2026-04-07,589.00,ON_HOLD
4200,278,7,2023-03-15,2023-03-30,477.00,ON_HOLD
4201,32,12,2025-10-10,2025-10-16,455.00,ON_HOLD
4202,94,2,2024-09-23,2024-10-05,264.00,COMPLETED
4203,199,10,2024-03-26,2024-04-08,725.00,COMPLETED
4204,277,7,2025-04-06,2025-04-14,998.00,ON_HOLD
4205,54,3,2026-09-24,2026-10-03,402.00,IN_PROGRESS
4206,486,4,2024-06-10,2024-06-19,733.00,COMPLETED
4207,238,5,2023-12-30,2024-01-15,111.00,IN_PROGRESS
4208,87,9,2025-10-19,2025-11-03,317.00,ON_HOLD
4209,472,6,2025-07-10,2025-07-18,486.00,COMPLETED
4210,490,3,2026-01-13,2026-01-21,915.00,COMPLETED
4211,483,4,2024-08-10,2024-08-13,359.00,COMPLETED
4212,63,9,2025-11-09,2025-11-23,82.00,COMPLETED
4213,96,8,2023-08-20,2023-08-28,186.00,ON_HOLD
4214,123,1,2024-08-10,2024-08-14,318.00,COMPLETED
4215,378,2,2026-06-12,2026-06-27,940.00,COMPLETED
4216,497,2,2026-01-14,2026-01-22,99.00,COMPLETED
4217,111,2,2023-12-07,2023-12-20,81.00,COMPLETED
4218,269,10,2024-10-29,2024-11-10,854.00,COMPLETED
4219,323,7,2025-10-25,2025-11-09,936.00,IN_PROGRESS
4220,353,10,2026-04-23,2026-04-29,267.00,ON_HOLD
4221,50,1,2025-06-19,2025-06-23,745.00,IN_PROGRESS
4222,311,6,2025-12-21,2026-01-06,653.00,COMPLETED
4223,57,7,2026-03-17,2026-03-20,169.00,ON_HOLD
4224,482,1,2024-07-16,2024-07-19,417.00,IN_PROGRESS
4225,44,5,2024-12-08,2024-12-24,908.00,COMPLETED
4226,293,2,2025-12-23,2026-01-02,331.00,COMPLETED
4227,62,3,2023-03-12,2023-03-17,256.00,IN_PROGRESS
4228,176,5,2024-02-11,2024-02-16,652.00,COMPLETED
4229,147,3,2023-10-13,2023-10-19,709.00,COMPLETED
4230,464,12,2024-05-24,2024-06-05,947.00,COMPLETED
4231,34,7,2024-11-19,2024-11-24,829.00,COMPLETED
4232,134,5,2025-11-06,2025-11-09,696.00,IN_PROGRESS
4233,25,10,2023-04-11,2023-04-24,781.00,ON_HOLD
4234,336,8,2026-01-14,2026-01-20,934.00,COMPLETED
4235,491,7,2023-06-21,2023-07-07,197.00,COMPLETED
4236,497,9,2024-10-06,2024-10-17,162.00,ON_HOLD
4237,131,8,2026-07-13,2026-07-24,771.00,COMPLETED
4238,426,2,2026-03-05,2026-03-08,88.00,ON_HOLD
4239,10,2,2025-04-03,2025-04-18,330.00,ON_HOLD
4240,465,6,2023-05-17,2023-05-31,847.00,ON_HOLD
4241,430,10,2023-12-07,2023-12-18,551.00,IN_PROGRESS
4242,215,9,2023-03-22,2023-03-25,187.00,ON_HOLD
4243,191,10,2025-03-06,2025-03-21,871.00,ON_HOLD
4244,359,8,2026-07-08,2026-07-23,129.00,COMPLETED
4245,147,3,2026-07-02,2026-07-15,827.00,ON_HOLD
4246,191,5,2024-06-15,2024-06-25,86.00,IN_PROGRESS
4247,392,8,2023-05-20,2023-05-27,247.00,COMPLETED
4248,42,6,2024-06-28,2024-07-10,839.00,COMPLETED
4249,59,5,2026-07-03,2026-07-06,444.00,COMPLETED
4250,258,7,2025-08-19,2025-08-24,268.00,COMPLETED
4251,353,12,2023-08-24,2023-09-07,639.00,COMPLETED
4252,158,6,2023-10-10,2023-10-23,687.00,COMPLETED
4253,384,4,2026-06-04,2026-06-19,95.00,IN_PROGRESS
4254,96,3,2026-08-31,2026-09-07,476.00,ON_HOLD
4255,172,2,2025-02-10,2025-02-13,532.00,ON_HOLD
4256,310,10,2025-10-02,2025-10-14,522.00,ON_HOLD
4257,422,5,2025-06-04,2025-06-20,331.00,ON_HOLD
4258,361,9,2025-04-16,2025-04-29,573.00,IN_PROGRESS
4259,396,7,2026-05-26,2026-06-10,644.00,ON_HOLD
4260,251,8,2023-02-17,2023-02-21,393.00,IN_PROGRESS
4261,246,7,2026-05-01,2026-05-13,853.00,COMPLETED
4262,423,10,2023-05-08,2023-05-17,871.00,COMPLETED
4263,41,7,2023-09-08,2023-09-18,843.00,COMPLETED
4264,278,3,2025-08-27,2025-09-10,642.00,IN_PROGRESS
4265,7,4,2023-07-26,2023-08-03,187.00,IN_PROGRESS
4266,71,11,2023-04-11,2023-04-20,431.00,COMPLETED
4267,188,11,2023-07-01,2023-07-05,365.00,COMPLETED
4268,144,12,2024-07-15,2024-07-20,632.00,ON_HOLD
4269,282,6,2026-05-08,2026-05-21,712.00,COMPLETED
4270,65,5,2026-01-18,2026-01-23,909.00,ON_HOLD
4271,474,12,2025-03-21,2025-03-26,51.00,COMPLETED
4272,345,10,2025-09-19,2025-09-30,672.00,COMPLETED
4273,378,5,2026-06-16,2026-06-28,561.00,COMPLETED
4274,136,9,2025-08-15,2025-08-25,376.00,COMPLETED
4275,181,10,2023-03-08,2023-03-11,140.00,IN_PROGRESS
4276,267,11,2023-03-15,2023-03-27,692.00,IN_PROGRESS
4277,416,1,2025-09-13,2025-09-16,697.00,COMPLETED
4278,441,9,2024-11-30,2024-12-05,885.00,ON_HOLD
4279,210,4,2026-07-25,2026-08-09,208.00,COMPLETED
4280,456,6,2023-11-26,2023-12-05,380.00,COMPLETED
4281,494,7,2025-11-20,2025-12-02,178.00,ON_HOLD
4282,188,11,2024-08-05,2024-08-21,480.00,ON_HOLD
4283,350,2,2025-04-14,2025-04-22,176.00,IN_PROGRESS
4284,199,7,2024-10-15,2024-10-21,862.00,IN_PROGRESS
4285,365,9,2025-01-10,2025-01-17,955.00,COMPLETED
4286,470,8,2024-11-06,2024-11-10,139.00,COMPLETED
4287,271,12,2023-10-26,2023-11-04,274.00,COMPLETED
4288,112,1,2023-11-12,2023-11-16,79.00,ON_HOLD
4289,168,2,2025-09-09,2025-09-14,979.00,COMPLETED
4290,400,5,2024-11-10,2024-11-21,552.00,COMPLETED
4291,109,3,2025-09-28,2025-10-12,321.00,COMPLETED
4292,248,11,2026-05-04,2026-05-15,312.00,ON_HOLD
4293,295,8,2023-09-14,2023-09-20,542.00,COMPLETED
4294,398,11,2024-06-07,2024-06-20,867.00,IN_PROGRESS
4295,209,6,2024-11-22,2024-12-07,730.00,COMPLETED
4296,274,9,2024-02-19,2024-02-29,389.00,COMPLETED
4297,279,11,2025-09-13,2025-09-16,794.00,IN_PROGRESS
4298,45,5,2026-03-04,2026-03-17,936.00,ON_HOLD
4299,132,7,2024-09-26,2024-10-11,949.00,COMPLETED
4300,476,10,2024-12-31,2025-01-12,183.00,COMPLETED
4301,490,8,2023-08-01,2023-08-08,859.00,IN_PROGRESS
4302,68,5,2025-05-27,2025-06-03,843.00,COMPLETED
4303,23,1,2025-06-16,2025-06-26,423.00,COMPLETED
4304,198,9,2025-03-24,2025-03-27,845.00,COMPLETED
4305,294,9,2026-02-04,2026-02-09,846.00,COMPLETED
4306,38,11,2026-03-27,2026-04-11,786.00,IN_PROGRESS
4307,353,11,2023-03-26,2023-04-03,158.00,COMPLETED
4308,105,9,2025-05-31,2025-06-14,445.00,ON_HOLD
4309,185,8,2026-02-08,2026-02-11,679.00,COMPLETED
4310,419,9,2025-05-08,2025-05-20,647.00,COMPLETED
4311,314,7,2026-07-27,2026-08-01,476.00,IN_PROGRESS
4312,31,9,2024-07-16,2024-07-24,721.00,COMPLETED
4313,186,5,2026-08-24,2026-09-01,682.00,IN_PROGRESS
4314,199,1,2026-06-13,2026-06-20,94.00,COMPLETED
4315,458,3,2023-01-15,2023-01-25,211.00,COMPLETED
4316,330,4,2025-08-05,2025-08-08,372.00,COMPLETED
4317,480,7,2024-05-14,2024-05-23,472.00,COMPLETED
4318,362,7,2024-03-12,2024-03-25,948.00,COMPLETED
4319,355,11,2026-01-30,2026-02-13,76.00,COMPLETED
4320,164,7,2026-08-20,2026-09-04,65.00,COMPLETED
4321,346,2,2024-09-02,2024-09-05,238.00,ON_HOLD
4322,463,12,2025-07-08,2025-07-14,669.00,COMPLETED
4323,20,1,2024-08-10,2024-08-23,918.00,IN_PROGRESS
4324,227,3,2024-10-31,2024-11-12,776.00,COMPLETED
4325,41,10,2025-03-18,2025-04-03,164.00,IN_PROGRESS
4326,278,2,2024-07-18,2024-08-02,272.00,IN_PROGRESS
4327,246,7,2024-09-18,2024-09-29,159.00,IN_PROGRESS
4328,497,1,2026-04-09,2026-04-19,162.00,ON_HOLD
4329,161,11,2023-01-24,2023-02-01,686.00,COMPLETED
4330,425,10,2024-08-12,2024-08-24,500.00,COMPLETED
4331,198,7,2024-10-16,2024-10-30,164.00,COMPLETED
4332,433,8,2026-05-02,2026-05-15,373.00,COMPLETED
4333,434,6,2023-11-06,2023-11-18,432.00,IN_PROGRESS
4334,241,10,2023-02-04,2023-02-19,589.00,ON_HOLD
4335,48,7,2025-02-12,2025-02-17,510.00,COMPLETED
4336,434,2,2024-10-04,2024-10-20,876.00,IN_PROGRESS
4337,92,4,2023-04-22,2023-05-03,403.00,COMPLETED
4338,444,5,2025-04-04,2025-04-14,251.00,IN_PROGRESS
4339,96,3,2025-11-28,2025-12-13,943.00,ON_HOLD
4340,84,9,2025-04-20,2025-04-30,208.00,COMPLETED
4341,176,5,2024-10-11,2024-10-25,674.00,COMPLETED
4342,191,10,2024-11-02,2024-11-06,646.00,COMPLETED
4343,371,10,2025-05-06,2025-05-20,897.00,COMPLETED
4344,48,7,2024-08-01,2024-08-16,979.00,IN_PROGRESS
4345,499,4,2024-04-27,2024-05-11,952.00,COMPLETED
4346,448,7,2026-02-05,2026-02-17,643.00,ON_HOLD
4347,103,10,2024-03-07,2024-03-17,885.00,COMPLETED
4348,487,11,2023-07-08,2023-07-13,710.00,IN_PROGRESS
4349,341,8,2024-04-25,2024-04-29,923.00,COMPLETED
4350,472,4,2025-07-09,2025-07-17,418.00,COMPLETED
4351,370,9,2025-05-01,2025-05-05,732.00,COMPLETED
4352,293,1,2024-02-23,2024-03-06,63.00,IN_PROGRESS
4353,361,5,2025-03-04,2025-03-17,573.00,COMPLETED
4354,323,10,2026-02-03,2026-02-14,286.00,IN_PROGRESS
4355,128,8,2026-09-07,2026-09-21,484.00,COMPLETED
4356,351,5,2024-07-13,2024-07-26,725.00,COMPLETED
4357,238,6,2026-05-15,2026-05-27,891.00,COMPLETED
4358,365,2,2023-03-21,2023-03-28,309.00,COMPLETED
4359,487,12,2025-02-26,2025-03-02,953.00,IN_PROGRESS
4360,449,2,2024-02-28,2024-03-15,813.00,COMPLETED
4361,334,12,2025-01-04,2025-01-19,280.00,ON_HOLD
4362,120,7,2024-04-09,2024-04-19,793.00,IN_PROGRESS
4363,112,4,2024-04-10,2024-04-24,816.00,COMPLETED
4364,470,7,2023-03-16,2023-03-27,103.00,COMPLETED
4365,365,8,2024-10-29,2024-11-07,656.00,ON_HOLD
4366,323,11,2025-01-11,2025-01-24,664.00,IN_PROGRESS
4367,242,7,2026-06-06,2026-06-15,568.00,COMPLETED
4368,406,6,2025-10-02,2025-10-16,431.00,COMPLETED
4369,456,6,2023-01-15,2023-01-22,889.00,IN_PROGRESS
4370,18,5,2023-11-07,2023-11-17,343.00,COMPLETED
4371,101,8,2024-12-15,2024-12-25,409.00,IN_PROGRESS
4372,157,10,2025-05-31,2025-06-05,356.00,COMPLETED
4373,112,12,2025-02-20,2025-03-05,573.00,COMPLETED
4374,95,12,2023-06-10,2023-06-26,907.00,IN_PROGRESS
4375,485,10,2025-08-27,2025-09-06,384.00,COMPLETED
4376,162,5,2024-10-30,2024-11-14,413.00,ON_HOLD
4377,338,11,2026-09-08,2026-09-13,758.00,COMPLETED
4378,71,6,2025-03-12,2025-03-20,563.00,COMPLETED
4379,293,9,2024-12-20,2024-12-27,485.00,COMPLETED
4380,443,1,2025-12-31,2026-01-07,382.00,COMPLETED
4381,417,11,2024-06-05,2024-06-18,400.00,ON_HOLD
4382,320,4,2024-05-24,2024-06-04,573.00,COMPLETED
4383,467,9,2024-01-23,2024-02-01,479.00,COMPLETED
4384,168,11,2023-10-11,2023-10-19,121.00,IN_PROGRESS
4385,421,1,2024-09-21,2024-10-05,126.00,IN_PROGRESS
4386,89,6,2026-05-12,2026-05-19,127.00,ON_HOLD
4387,209,12,2023-12-26,2024-01-08,892.00,COMPLETED
4388,328,3,2023-03-20,2023-03-31,817.00,COMPLETED
4389,484,5,2026-05-14,2026-05-19,114.00,IN_PROGRESS
4390,286,12,2025-09-10,2025-09-17,359.00,COMPLETED
4391,91,10,2024-04-05,2024-04-15,628.00,COMPLETED
4392,13,1,2024-02-13,2024-02-28,928.00,COMPLETED
4393,432,2,2023-03-06,2023-03-09,828.00,COMPLETED
4394,85,3,2025-12-23,2025-12-28,644.00,ON_HOLD
4395,106,6,2026-06-05,2026-06-09,773.00,IN_PROGRESS
4396,33,12,2024-02-26,2024-03-05,140.00,IN_PROGRESS
4397,309,10,2023-02-11,2023-02-22,526.00,IN_PROGRESS
4398,451,5,2025-07-28,2025-08-02,103.00,COMPLETED
4399,218,2,2023-04-01,2023-04-04,846.00,COMPLETED
4400,56,1,2025-05-16,2025-06-01,335.00,COMPLETED
4401,149,6,2025-04-22,2025-05-06,265.00,COMPLETED
4402,339,5,2023-11-14,2023-11-20,926.00,IN_PROGRESS
4403,309,7,2024-07-02,2024-07-17,931.00,ON_HOLD
4404,154,10,2024-05-14,2024-05-21,850.00,IN_PROGRESS
4405,111,2,2023-05-07,2023-05-15,50.00,COMPLETED
4406,167,8,2024-08-30,2024-09-04,537.00,COMPLETED
4407,258,4,2026-02-14,2026-03-01,693.00,COMPLETED
4408,173,8,2023-12-17,2023-12-31,597.00,IN_PROGRESS
4409,75,1,2023-06-06,2023-06-20,138.00,IN_PROGRESS
4410,410,7,2023-10-25,2023-11-04,319.00,COMPLETED
4411,415,11,2025-08-07,2025-08-11,363.00,COMPLETED
4412,197,3,2023-05-15,2023-05-22,800.00,COMPLETED
4413,248,8,2023-08-10,2023-08-15,679.00,COMPLETED
4414,369,5,2025-05-26,2025-06-10,748.00,COMPLETED
4415,35,12,2023-10-18,2023-11-03,319.00,COMPLETED
4416,126,4,2026-03-08,2026-03-14,835.00,ON_HOLD
4417,168,11,2025-11-10,2025-11-16,533.00,ON_HOLD
4418,69,2,2026-08-30,2026-09-15,700.00,IN_PROGRESS
4419,385,5,2023-11-18,2023-11-28,680.00,IN_PROGRESS
4420,58,5,2024-08-13,2024-08-21,491.00,COMPLETED
4421,311,4,2026-01-11,2026-01-27,226.00,COMPLETED
4422,89,11,2025-04-30,2025-05-09,89.00,IN_PROGRESS
4423,416,7,2023-01-22,2023-01-31,730.00,COMPLETED
4424,263,7,2024-01-05,2024-01-13,584.00,COMPLETED
4425,455,12,2025-05-11,2025-05-24,202.00,ON_HOLD
4426,99,4,2026-05-03,2026-05-17,648.00,COMPLETED
4427,444,3,2023-05-08,2023-05-12,93.00,COMPLETED
4428,454,2,2025-02-10,2025-02-17,236.00,IN_PROGRESS
4429,107,2,2024-02-27,2024-03-05,288.00,COMPLETED
4430,141,5,2025-09-05,2025-09-11,470.00,IN_PROGRESS
4431,187,1,2024-07-24,2024-08-07,701.00,ON_HOLD
4432,351,11,2024-06-24,2024-07-01,408.00,ON_HOLD
4433,323,3,2025-02-22,2025-02-25,357.00,COMPLETED
4434,422,6,2025-05-10,2025-05-16,583.00,COMPLETED
4435,339,3,2025-06-03,2025-06-17,396.00,ON_HOLD
4436,401,1,2026-03-07,2026-03-18,384.00,COMPLETED
4437,51,9,2026-09-10,2026-09-17,191.00,COMPLETED
4438,129,8,2024-06-09,2024-06-16,70.00,COMPLETED
4439,445,7,2023-02-15,2023-02-23,867.00,COMPLETED
4440,52,5,2023-06-01,2023-06-04,810.00,COMPLETED
4441,81,12,2023-06-24,2023-07-10,285.00,COMPLETED
4442,232,5,2026-02-28,2026-03-07,308.00,COMPLETED
4443,35,11,2026-06-12,2026-06-23,582.00,COMPLETED
4444,397,4,2025-05-09,2025-05-12,643.00,COMPLETED
4445,136,8,2023-09-19,2023-10-04,297.00,COMPLETED
4446,219,8,2026-09-02,2026-09-18,339.00,COMPLETED
4447,363,3,2024-06-12,2024-06-25,783.00,COMPLETED
4448,369,8,2023-07-01,2023-07-09,446.00,COMPLETED
4449,132,6,2026-05-17,2026-05-31,232.00,COMPLETED
4450,393,2,2026-02-20,2026-03-03,943.00,ON_HOLD
4451,351,3,2023-03-22,2023-04-01,679.00,COMPLETED
4452,419,2,2026-03-02,2026-03-12,566.00,COMPLETED
4453,480,9,2023-02-21,2023-03-01,212.00,IN_PROGRESS
4454,252,1,2024-10-21,2024-10-27,806.00,IN_PROGRESS
4455,155,5,2023-11-07,2023-11-15,164.00,IN_PROGRESS
4456,467,2,2023-06-27,2023-07-11,177.00,COMPLETED
4457,89,4,2023-03-14,2023-03-22,735.00,COMPLETED
4458,105,3,2026-01-16,2026-01-30,561.00,COMPLETED
4459,336,4,2025-05-01,2025-05-16,180.00,IN_PROGRESS
4460,274,11,2024-10-25,2024-11-01,970.00,COMPLETED
4461,327,6,2026-02-13,2026-02-24,634.00,ON_HOLD
4462,53,6,2023-11-17,2023-11-26,956.00,COMPLETED
4463,387,4,2026-09-24,2026-10-07,548.00,IN_PROGRESS
4464,93,7,2026-03-26,2026-04-04,414.00,COMPLETED
4465,124,9,2025-01-09,2025-01-21,128.00,COMPLETED
4466,41,9,2025-04-17,2025-04-30,634.00,ON_HOLD
4467,82,2,2024-08-15,2024-08-24,362.00,IN_PROGRESS
4468,188,5,2026-05-26,2026-06-09,481.00,COMPLETED
4469,54,6,2023-02-01,2023-02-14,650.00,COMPLETED
4470,24,8,2026-03-15,2026-03-23,505.00,IN_PROGRESS
4471,111,4,2026-08-11,2026-08-17,837.00,COMPLETED
4472,298,5,2025-06-26,2025-06-30,783.00,COMPLETED
4473,56,9,2023-12-26,2024-01-06,146.00,COMPLETED
4474,208,5,2026-09-06,2026-09-13,260.00,IN_PROGRESS
4475,248,9,2023-05-19,2023-06-04,379.00,IN_PROGRESS
4476,483,3,2023-05-10,2023-05-24,93.00,IN_PROGRESS
4477,346,6,2024-03-17,2024-03-21,800.00,COMPLETED
4478,170,3,2025-08-01,2025-08-07,110.00,COMPLETED
4479,219,12,2025-04-29,2025-05-08,235.00,COMPLETED
4480,282,11,2026-09-12,2026-09-21,755.00,COMPLETED
4481,11,2,2024-01-29,2024-02-05,555.00,COMPLETED
4482,442,6,2023-08-17,2023-08-28,635.00,IN_PROGRESS
4483,228,11,2024-01-18,2024-01-29,153.00,COMPLETED
4484,367,1,2026-09-27,2026-10-04,104.00,COMPLETED
4485,230,8,2025-06-25,2025-07-04,631.00,ON_HOLD
4486,444,4,2026-04-06,2026-04-22,314.00,ON_HOLD
4487,459,1,2025-08-30,2025-09-04,749.00,ON_HOLD
4488,443,5,2026-06-12,2026-06-21,911.00,COMPLETED
4489,449,11,2026-02-19,2026-03-07,775.00,IN_PROGRESS
4490,135,1,2024-12-05,2024-12-15,745.00,IN_PROGRESS
4491,368,11,2023-07-08,2023-07-14,838.00,COMPLETED
4492,319,7,2023-05-29,2023-06-04,432.00,IN_PROGRESS
4493,279,8,2023-07-21,2023-07-31,523.00,COMPLETED
4494,456,9,2026-08-26,2026-09-01,609.00,COMPLETED
4495,53,8,2023-04-23,2023-04-30,984.00,COMPLETED
4496,453,10,2024-07-08,2024-07-20,804.00,COMPLETED
4497,217,4,2026-06-02,2026-06-07,60.00,COMPLETED
4498,381,6,2026-07-30,2026-08-03,718.00,ON_HOLD
4499,199,6,2026-02-24,2026-03-10,924.00,COMPLETED
4500,115,1,2024-02-19,2024-03-03,659.00,IN_PROGRESS
4501,296,2,2023-06-04,2023-06-18,238.00,ON_HOLD
4502,352,8,2025-04-25,2025-04-30,223.00,COMPLETED
4503,436,7,2024-12-05,2024-12-08,905.00,COMPLETED
4504,244,12,2023-08-16,2023-09-01,495.00,COMPLETED
4505,277,11,2025-02-08,2025-02-18,829.00,COMPLETED
4506,157,4,2023-04-09,2023-04-14,777.00,COMPLETED
4507,98,8,2025-06-26,2025-07-10,240.00,COMPLETED
4508,486,3,2026-06-14,2026-06-19,919.00,COMPLETED
4509,280,10,2025-02-24,2025-03-08,400.00,COMPLETED
4510,144,7,2025-05-23,2025-05-30,417.00,ON_HOLD
4511,284,4,2023-02-08,2023-02-17,342.00,COMPLETED
4512,183,5,2026-04-25,2026-05-07,527.00,IN_PROGRESS
4513,168,11,2025-04-21,2025-05-02,557.00,ON_HOLD
4514,385,4,2023-08-19,2023-09-04,89.00,COMPLETED
4515,78,12,2024-05-14,2024-05-27,819.00,ON_HOLD
4516,478,10,2025-04-04,2025-04-10,843.00,COMPLETED
4517,170,3,2026-02-11,2026-02-20,460.00,COMPLETED
4518,55,12,2026-04-28,2026-05-05,69.00,COMPLETED
4519,293,9,2025-08-22,2025-08-28,521.00,COMPLETED
4520,308,3,2024-11-04,2024-11-13,800.00,IN_PROGRESS
4521,482,10,2023-03-02,2023-03-16,221.00,ON_HOLD
4522,296,9,2025-07-20,2025-07-29,525.00,COMPLETED
4523,160,3,2023-04-05,2023-04-14,315.00,ON_HOLD
4524,464,10,2023-12-01,2023-12-15,936.00,COMPLETED
4525,399,12,2024-09-20,2024-09-30,214.00,IN_PROGRESS
4526,255,3,2023-03-09,2023-03-20,80.00,COMPLETED
4527,460,7,2023-04-24,2023-05-04,527.00,COMPLETED
4528,74,2,2026-06-14,2026-06-19,949.00,COMPLETED
4529,345,5,2025-10-03,2025-10-07,737.00,COMPLETED
4530,309,3,2023-11-10,2023-11-21,822.00,IN_PROGRESS
4531,224,7,2025-07-13,2025-07-21,532.00,COMPLETED
4532,485,8,2025-07-17,2025-07-24,932.00,COMPLETED
4533,381,4,2024-12-09,2024-12-21,679.00,ON_HOLD
4534,464,5,2025-07-16,2025-07-27,945.00,ON_HOLD
4535,35,8,2026-05-05,2026-05-16,679.00,COMPLETED
4536,116,12,2026-01-09,2026-01-14,493.00,COMPLETED
4537,484,5,2023-06-15,2023-06-20,851.00,COMPLETED
4538,478,1,2026-04-20,2026-04-28,239.00,IN_PROGRESS
4539,407,2,2026-09-04,2026-09-07,829.00,COMPLETED
4540,115,7,2023-11-01,2023-11-16,832.00,COMPLETED
4541,370,7,2024-08-27,2024-08-30,962.00,ON_HOLD
4542,195,4,2025-06-04,2025-06-11,777.00,IN_PROGRESS
4543,254,9,2024-04-17,2024-04-28,954.00,IN_PROGRESS
4544,59,10,2024-09-20,2024-10-03,293.00,COMPLETED
4545,125,11,2026-07-09,2026-07-14,983.00,ON_HOLD
4546,72,6,2024-08-28,2024-09-07,935.00,COMPLETED
4547,240,8,2026-01-21,2026-01-31,368.00,IN_PROGRESS
4548,394,8,2024-04-11,2024-04-18,632.00,ON_HOLD
4549,278,2,2026-06-06,2026-06-14,524.00,COMPLETED
4550,500,3,2025-04-17,2025-04-22,202.00,IN_PROGRESS
4551,34,8,2023-08-29,2023-09-11,85.00,COMPLETED
4552,461,1,2026-04-11,2026-04-16,500.00,ON_HOLD
4553,370,8,2026-09-07,2026-09-22,66.00,IN_PROGRESS
4554,190,4,2023-04-11,2023-04-19,115.00,COMPLETED
4555,22,11,2025-09-04,2025-09-14,972.00,ON_HOLD
4556,13,11,2024-01-15,2024-01-26,579.00,IN_PROGRESS
4557,318,2,2024-05-29,2024-06-10,923.00,COMPLETED
4558,92,12,2023-02-15,2023-02-25,191.00,COMPLETED
4559,476,12,2023-04-20,2023-04-27,847.00,ON_HOLD
4560,159,10,2025-04-03,2025-04-12,431.00,IN_PROGRESS
4561,328,2,2024-06-05,2024-06-18,254.00,COMPLETED
4562,68,3,2024-06-02,2024-06-17,846.00,ON_HOLD
4563,478,10,2024-08-05,2024-08-10,447.00,COMPLETED
4564,246,8,2025-01-12,2025-01-24,957.00,IN_PROGRESS
4565,109,1,2024-09-02,2024-09-17,566.00,ON_HOLD
4566,334,6,2024-10-03,2024-10-10,421.00,COMPLETED
4567,227,5,2025-09-15,2025-09-20,117.00,ON_HOLD
4568,204,11,2026-02-14,2026-03-01,478.00,COMPLETED
4569,359,6,2024-02-21,2024-02-26,506.00,COMPLETED
4570,389,8,2024-02-21,2024-02-26,784.00,COMPLETED
4571,199,11,2026-02-08,2026-02-11,254.00,COMPLETED
4572,131,2,2026-04-16,2026-04-23,264.00,COMPLETED
4573,442,12,2023-11-09,2023-11-22,657.00,COMPLETED
4574,333,2,2025-07-26,2025-08-06,243.00,IN_PROGRESS
4575,292,1,2025-10-08,2025-10-24,840.00,IN_PROGRESS
4576,338,12,2024-06-15,2024-06-19,781.00,COMPLETED
4577,279,4,2023-08-04,2023-08-18,951.00,COMPLETED
4578,224,12,2023-01-28,2023-02-10,52.00,COMPLETED
4579,160,8,2026-03-27,2026-03-30,455.00,IN_PROGRESS
4580,187,3,2025-01-09,2025-01-15,54.00,COMPLETED
4581,458,12,2024-04-23,2024-05-01,553.00,ON_HOLD
4582,3,8,2026-01-20,2026-02-03,347.00,IN_PROGRESS
4583,94,10,2025-05-26,2025-06-06,997.00,COMPLETED
4584,450,7,2025-01-25,2025-01-30,219.00,COMPLETED
4585,114,2,2024-04-14,2024-04-19,122.00,COMPLETED
4586,271,9,2026-08-04,2026-08-17,113.00,IN_PROGRESS
4587,20,12,2025-05-28,2025-06-12,996.00,ON_HOLD
4588,477,6,2024-07-18,2024-07-26,632.00,COMPLETED
4589,300,6,2023-01-17,2023-01-26,888.00,COMPLETED
4590,7,11,2026-09-21,2026-09-29,687.00,COMPLETED
4591,105,10,2024-02-26,2024-03-06,398.00,ON_HOLD
4592,38,6,2024-05-14,2024-05-18,402.00,IN_PROGRESS
4593,444,12,2025-01-22,2025-02-03,580.00,ON_HOLD
4594,373,11,2025-10-24,2025-11-05,485.00,COMPLETED
4595,152,9,2026-08-23,2026-08-31,640.00,COMPLETED
4596,34,7,2023-04-12,2023-04-26,971.00,COMPLETED
4597,245,1,2024-12-18,2024-12-30,336.00,COMPLETED
4598,198,5,2023-02-19,2023-03-01,950.00,COMPLETED
4599,487,2,2023-01-24,2023-01-30,178.00,IN_PROGRESS
4600,494,4,2026-05-25,2026-06-05,326.00,COMPLETED
4601,163,7,2024-08-13,2024-08-18,327.00,IN_PROGRESS
4602,480,8,2024-10-23,2024-11-02,494.00,COMPLETED
4603,328,1,2024-09-20,2024-10-03,222.00,ON_HOLD
4604,460,7,2026-05-22,2026-06-07,335.00,COMPLETED
4605,250,8,2024-10-21,2024-11-02,220.00,COMPLETED
4606,2,1,2023-08-01,2023-08-10,95.00,COMPLETED
4607,437,8,2023-04-18,2023-04-23,542.00,COMPLETED
4608,280,6,2026-06-21,2026-07-06,763.00,IN_PROGRESS
4609,368,8,2023-12-07,2023-12-17,679.00,IN_PROGRESS
4610,198,3,2024-03-17,2024-04-02,361.00,COMPLETED
4611,151,6,2026-04-17,2026-04-21,403.00,COMPLETED
4612,75,1,2026-06-27,2026-07-04,387.00,IN_PROGRESS
4613,485,9,2024-10-03,2024-10-12,248.00,COMPLETED
4614,67,1,2025-11-08,2025-11-24,581.00,COMPLETED
4615,424,3,2023-11-08,2023-11-12,753.00,IN_PROGRESS
4616,29,9,2024-03-29,2024-04-04,86.00,COMPLETED
4617,372,5,2024-02-17,2024-03-02,446.00,COMPLETED
4618,393,9,2026-04-04,2026-04-14,675.00,COMPLETED
4619,402,1,2024-02-12,2024-02-21,770.00,COMPLETED
4620,134,5,2026-07-26,2026-08-05,157.00,ON_HOLD
4621,18,10,2023-07-28,2023-08-13,583.00,IN_PROGRESS
4622,286,2,2023-11-25,2023-11-28,658.00,IN_PROGRESS
4623,86,2,2026-03-02,2026-03-12,461.00,ON_HOLD
4624,165,4,2025-01-19,2025-01-26,595.00,COMPLETED
4625,465,12,2026-06-25,2026-07-10,910.00,COMPLETED
4626,90,2,2024-02-27,2024-03-02,821.00,COMPLETED
4627,383,5,2025-12-16,2025-12-21,254.00,ON_HOLD
4628,233,11,2023-06-10,2023-06-26,408.00,ON_HOLD
4629,490,3,2026-09-05,2026-09-10,332.00,ON_HOLD
4630,297,4,2025-02-15,2025-02-22,890.00,COMPLETED
4631,277,11,2025-12-21,2026-01-06,193.00,COMPLETED
4632,94,9,2025-12-24,2025-12-28,379.00,COMPLETED
4633,355,10,2023-06-25,2023-07-04,401.00,IN_PROGRESS
4634,134,6,2023-09-10,2023-09-14,339.00,IN_PROGRESS
4635,282,3,2025-01-15,2025-01-24,663.00,COMPLETED
4636,411,5,2024-11-15,2024-11-29,743.00,IN_PROGRESS
4637,151,6,2025-10-14,2025-10-24,382.00,COMPLETED
4638,394,1,2025-03-23,2025-04-05,769.00,ON_HOLD
4639,350,8,2025-10-19,2025-10-29,81.00,ON_HOLD
4640,11,3,2024-04-08,2024-04-23,223.00,COMPLETED
4641,394,8,2024-06-08,2024-06-16,835.00,COMPLETED
4642,110,3,2023-11-22,2023-12-03,413.00,COMPLETED
4643,165,2,2026-06-30,2026-07-11,51.00,COMPLETED
4644,331,10,2026-01-06,2026-01-20,158.00,COMPLETED
4645,438,3,2024-05-17,2024-05-22,514.00,IN_PROGRESS
4646,111,6,2025-08-30,2025-09-02,620.00,ON_HOLD
4647,312,10,2023-12-11,2023-12-21,466.00,COMPLETED
4648,282,9,2024-11-01,2024-11-11,369.00,IN_PROGRESS
4649,68,11,2025-04-05,2025-04-10,210.00,COMPLETED
4650,381,4,2025-07-19,2025-07-27,657.00,IN_PROGRESS
4651,378,3,2024-10-10,2024-10-14,492.00,COMPLETED
4652,399,12,2026-01-29,2026-02-12,433.00,IN_PROGRESS
4653,343,4,2025-07-23,2025-07-30,839.00,COMPLETED
4654,80,2,2023-11-11,2023-11-22,509.00,IN_PROGRESS
4655,473,5,2024-03-03,2024-03-12,698.00,IN_PROGRESS
4656,303,12,2023-07-21,2023-07-28,80.00,COMPLETED
4657,270,3,2025-04-01,2025-04-08,330.00,COMPLETED
4658,430,3,2023-05-15,2023-05-28,314.00,COMPLETED
4659,8,11,2023-04-21,2023-05-05,564.00,IN_PROGRESS
4660,27,6,2024-01-25,2024-02-05,472.00,IN_PROGRESS
4661,396,10,2023-12-15,2023-12-28,311.00,COMPLETED
4662,20,8,2024-03-22,2024-04-04,552.00,IN_PROGRESS
4663,391,12,2023-02-13,2023-02-22,691.00,ON_HOLD
4664,436,7,2025-11-14,2025-11-19,193.00,COMPLETED
4665,222,7,2025-07-05,2025-07-09,793.00,IN_PROGRESS
4666,119,8,2026-01-31,2026-02-07,324.00,ON_HOLD
4667,237,2,2024-03-29,2024-04-05,543.00,IN_PROGRESS
4668,305,6,2023-03-09,2023-03-21,530.00,IN_PROGRESS
4669,157,5,2025-06-20,2025-06-30,849.00,IN_PROGRESS
4670,240,6,2025-02-02,2025-02-16,467.00,COMPLETED
4671,198,10,2024-09-07,2024-09-22,735.00,COMPLETED
4672,47,11,2023-09-20,2023-09-28,964.00,ON_HOLD
4673,367,1,2025-07-24,2025-07-31,576.00,ON_HOLD
4674,51,10,2025-07-27,2025-08-09,371.00,COMPLETED
4675,98,12,2024-07-07,2024-07-12,343.00,COMPLETED
4676,351,6,2024-11-19,2024-11-22,139.00,COMPLETED
4677,132,12,2024-12-22,2024-12-31,909.00,IN_PROGRESS
4678,71,10,2026-09-19,2026-09-26,53.00,IN_PROGRESS
4679,50,12,2026-06-11,2026-06-17,403.00,COMPLETED
4680,290,10,2023-10-12,2023-10-16,993.00,COMPLETED
4681,188,8,2024-12-18,2024-12-22,568.00,COMPLETED
4682,148,8,2024-02-14,2024-02-22,864.00,COMPLETED
4683,458,8,2023-03-28,2023-04-11,807.00,COMPLETED
4684,82,2,2026-02-26,2026-03-04,528.00,COMPLETED
4685,213,7,2023-11-09,2023-11-25,474.00,COMPLETED
4686,61,12,2024-09-02,2024-09-11,466.00,COMPLETED
4687,127,10,2023-09-25,2023-09-28,619.00,COMPLETED
4688,55,9,2023-09-07,2023-09-23,387.00,ON_HOLD
4689,415,3,2025-12-02,2025-12-11,486.00,COMPLETED
4690,340,6,2026-08-02,2026-08-16,631.00,COMPLETED
4691,279,2,2024-10-09,2024-10-23,950.00,IN_PROGRESS
4692,116,7,2024-10-08,2024-10-24,412.00,COMPLETED
4693,191,3,2025-10-21,2025-11-01,499.00,ON_HOLD
4694,383,8,2024-06-19,2024-07-04,915.00,COMPLETED
4695,338,4,2024-03-22,2024-04-02,438.00,ON_HOLD
4696,197,4,2025-03-05,2025-03-18,682.00,COMPLETED
4697,280,5,2026-09-20,2026-09-23,738.00,COMPLETED
4698,150,1,2024-12-31,2025-01-03,145.00,COMPLETED
4699,257,7,2023-11-14,2023-11-19,147.00,ON_HOLD
4700,64,3,2025-10-20,2025-11-01,784.00,ON_HOLD
4701,158,9,2025-10-22,2025-11-03,131.00,COMPLETED
4702,417,12,2023-10-18,2023-10-21,373.00,ON_HOLD
4703,78,11,2024-12-20,2025-01-01,519.00,IN_PROGRESS
4704,285,9,2024-11-07,2024-11-10,174.00,COMPLETED
4705,214,1,2026-06-27,2026-07-02,107.00,COMPLETED
4706,408,3,2025-11-15,2025-11-25,175.00,COMPLETED
4707,484,11,2023-11-06,2023-11-18,570.00,COMPLETED
4708,386,11,2023-04-26,2023-05-08,292.00,ON_HOLD
4709,376,8,2025-07-15,2025-07-21,995.00,IN_PROGRESS
4710,454,2,2025-12-17,2025-12-30,716.00,COMPLETED
4711,6,5,2023-09-29,2023-10-10,912.00,COMPLETED
4712,418,4,2026-05-11,2026-05-24,880.00,IN_PROGRESS
4713,67,6,2024-08-23,2024-09-01,427.00,COMPLETED
4714,283,5,2023-12-09,2023-12-19,680.00,COMPLETED
4715,270,12,2024-01-03,2024-01-17,845.00,ON_HOLD
4716,7,4,2025-04-17,2025-04-28,933.00,ON_HOLD
4717,465,12,2024-07-31,2024-08-03,870.00,ON_HOLD
4718,311,6,2026-09-18,2026-10-01,982.00,IN_PROGRESS
4719,150,12,2025-03-01,2025-03-04,129.00,COMPLETED
4720,432,12,2026-06-02,2026-06-15,502.00,COMPLETED
4721,277,9,2025-11-18,2025-11-22,330.00,COMPLETED
4722,399,4,2026-09-14,2026-09-28,534.00,COMPLETED
4723,406,10,2024-05-17,2024-06-01,973.00,IN_PROGRESS
4724,205,10,2025-09-23,2025-09-27,844.00,COMPLETED
4725,143,11,2024-10-14,2024-10-27,900.00,COMPLETED
4726,170,9,2026-07-22,2026-08-01,897.00,ON_HOLD
4727,206,10,2024-03-21,2024-03-28,880.00,IN_PROGRESS
4728,450,9,2023-12-16,2023-12-24,112.00,COMPLETED
4729,142,6,2024-02-20,2024-02-26,93.00,IN_PROGRESS
4730,195,6,2023-01-10,2023-01-22,993.00,COMPLETED
4731,97,11,2024-07-23,2024-08-06,553.00,IN_PROGRESS
4732,274,1,2025-12-10,2025-12-14,538.00,IN_PROGRESS
4733,475,12,2025-07-04,2025-07-10,918.00,COMPLETED
4734,271,1,2023-03-17,2023-03-25,522.00,COMPLETED
4735,194,3,2024-05-08,2024-05-17,79.00,IN_PROGRESS
4736,413,8,2026-06-14,2026-06-29,818.00,COMPLETED
4737,97,3,2024-02-01,2024-02-05,604.00,ON_HOLD
4738,100,3,2024-02-03,2024-02-14,441.00,ON_HOLD
4739,276,7,2024-12-21,2024-12-31,450.00,COMPLETED
4740,35,4,2025-05-17,2025-05-27,230.00,IN_PROGRESS
4741,432,7,2024-04-05,2024-04-14,606.00,IN_PROGRESS
4742,86,11,2024-06-27,2024-07-13,927.00,COMPLETED
4743,477,12,2026-01-12,2026-01-18,315.00,COMPLETED
4744,214,6,2025-12-12,2025-12-27,747.00,COMPLETED
4745,2,3,2025-01-06,2025-01-21,980.00,ON_HOLD
4746,129,11,2026-07-14,2026-07-23,781.00,IN_PROGRESS
4747,317,11,2024-06-25,2024-07-11,93.00,COMPLETED
4748,190,4,2024-03-21,2024-03-24,776.00,COMPLETED
4749,350,4,2023-10-29,2023-11-08,658.00,ON_HOLD
4750,113,5,2024-10-05,2024-10-12,863.00,COMPLETED
4751,221,6,2026-07-11,2026-07-23,963.00,ON_HOLD
4752,6,7,2026-06-04,2026-06-10,635.00,IN_PROGRESS
4753,253,1,2023-05-15,2023-05-20,536.00,IN_PROGRESS
4754,286,7,2023-07-27,2023-08-05,968.00,ON_HOLD
4755,95,8,2023-09-18,2023-09-21,302.00,COMPLETED
4756,483,3,2025-01-07,2025-01-21,351.00,COMPLETED
4757,408,12,2024-02-19,2024-02-27,51.00,COMPLETED
4758,291,7,2024-06-12,2024-06-19,154.00,COMPLETED
4759,406,5,2023-04-22,2023-05-08,771.00,ON_HOLD
4760,258,2,2025-02-01,2025-02-14,262.00,COMPLETED
4761,201,8,2025-11-16,2025-11-28,284.00,COMPLETED
4762,95,10,2024-11-10,2024-11-13,444.00,COMPLETED
4763,49,5,2025-02-25,2025-02-28,825.00,COMPLETED
4764,450,6,2026-03-04,2026-03-09,461.00,ON_HOLD
4765,282,4,2026-04-27,2026-05-10,556.00,COMPLETED
4766,118,10,2025-05-12,2025-05-25,416.00,IN_PROGRESS
4767,104,7,2023-06-09,2023-06-21,616.00,COMPLETED
4768,312,2,2023-01-06,2023-01-15,804.00,COMPLETED
4769,288,4,2025-01-03,2025-01-15,594.00,IN_PROGRESS
4770,433,8,2025-06-13,2025-06-16,480.00,COMPLETED
4771,365,3,2025-08-11,2025-08-17,120.00,ON_HOLD
4772,466,3,2023-12-17,2023-12-25,480.00,COMPLETED
4773,129,2,2023-02-11,2023-02-15,696.00,COMPLETED
4774,265,3,2025-01-14,2025-01-28,508.00,COMPLETED
4775,174,8,2025-01-02,2025-01-07,648.00,COMPLETED
4776,418,9,2024-04-19,2024-05-01,856.00,COMPLETED
4777,22,9,2023-12-05,2023-12-19,517.00,COMPLETED
4778,287,2,2024-05-07,2024-05-11,447.00,COMPLETED
4779,263,3,2025-10-14,2025-10-17,881.00,COMPLETED
4780,156,7,2025-12-02,2025-12-05,884.00,IN_PROGRESS
4781,176,11,2024-08-17,2024-09-02,974.00,ON_HOLD
4782,268,6,2023-02-21,2023-03-07,241.00,ON_HOLD
4783,451,10,2025-04-01,2025-04-16,124.00,COMPLETED
4784,90,1,2024-01-13,2024-01-28,282.00,COMPLETED
4785,204,7,2023-06-17,2023-06-29,343.00,COMPLETED
4786,5,10,2023-04-23,2023-05-02,247.00,COMPLETED
4787,468,5,2026-03-09,2026-03-19,405.00,COMPLETED
4788,190,2,2024-10-09,2024-10-22,156.00,COMPLETED
4789,313,12,2026-03-24,2026-03-27,676.00,COMPLETED
4790,362,6,2025-03-23,2025-03-30,498.00,COMPLETED
4791,349,7,2024-08-06,2024-08-11,890.00,ON_HOLD
4792,479,9,2024-10-02,2024-10-07,731.00,COMPLETED
4793,449,10,2023-08-17,2023-09-01,914.00,COMPLETED
4794,450,11,2026-09-15,2026-09-21,364.00,ON_HOLD
4795,9,6,2025-10-01,2025-10-14,783.00,IN_PROGRESS
4796,15,5,2026-05-16,2026-05-23,608.00,IN_PROGRESS
4797,200,4,2024-10-04,2024-10-10,133.00,COMPLETED
4798,57,2,2025-08-26,2025-09-09,954.00,IN_PROGRESS
4799,96,12,2023-07-10,2023-07-23,106.00,IN_PROGRESS
4800,338,8,2023-04-16,2023-04-30,485.00,ON_HOLD
4801,151,8,2025-05-13,2025-05-26,345.00,ON_HOLD
4802,287,7,2025-03-31,2025-04-03,713.00,IN_PROGRESS
4803,302,2,2024-09-12,2024-09-28,766.00,COMPLETED
4804,178,1,2025-11-07,2025-11-22,664.00,COMPLETED
4805,347,1,2024-08-23,2024-09-02,537.00,COMPLETED
4806,343,12,2024-04-14,2024-04-30,661.00,COMPLETED
4807,443,12,2026-08-26,2026-09-02,769.00,COMPLETED
4808,63,5,2026-02-25,2026-03-04,561.00,COMPLETED
4809,228,1,2026-08-13,2026-08-19,940.00,IN_PROGRESS
4810,385,5,2023-01-15,2023-01-18,964.00,COMPLETED
4811,267,12,2025-09-17,2025-10-03,262.00,COMPLETED
4812,188,2,2024-07-03,2024-07-12,330.00,COMPLETED
4813,179,1,2024-09-12,2024-09-23,705.00,IN_PROGRESS
4814,294,7,2025-05-09,2025-05-21,144.00,COMPLETED
4815,413,8,2023-06-08,2023-06-15,125.00,COMPLETED
4816,303,7,2026-09-02,2026-09-13,142.00,COMPLETED
4817,489,8,2023-04-23,2023-04-27,280.00,COMPLETED
4818,147,4,2025-08-22,2025-08-31,753.00,COMPLETED
4819,127,10,2025-07-28,2025-08-09,153.00,ON_HOLD
4820,481,9,2025-11-12,2025-11-16,755.00,IN_PROGRESS
4821,278,11,2026-07-26,2026-07-30,499.00,IN_PROGRESS
4822,161,10,2023-05-08,2023-05-20,545.00,COMPLETED
4823,252,11,2024-10-28,2024-11-02,877.00,COMPLETED
4824,376,5,2023-04-20,2023-04-23,742.00,ON_HOLD
4825,54,11,2024-09-25,2024-10-11,950.00,COMPLETED
4826,93,6,2025-01-20,2025-01-26,87.00,ON_HOLD
4827,318,12,2023-09-12,2023-09-19,125.00,COMPLETED
4828,43,4,2024-05-08,2024-05-18,100.00,COMPLETED
4829,298,11,2023-02-08,2023-02-23,304.00,IN_PROGRESS
4830,236,2,2026-07-08,2026-07-11,801.00,ON_HOLD
4831,19,12,2026-09-30,2026-10-07,863.00,ON_HOLD
4832,302,6,2023-04-26,2023-05-04,89.00,ON_HOLD
4833,245,12,2026-06-07,2026-06-23,918.00,ON_HOLD
4834,66,5,2023-04-18,2023-04-27,388.00,COMPLETED
4835,471,1,2025-08-07,2025-08-20,806.00,COMPLETED
4836,293,1,2023-06-14,2023-06-25,441.00,COMPLETED
4837,225,4,2023-12-09,2023-12-25,647.00,COMPLETED
4838,317,8,2023-08-06,2023-08-16,271.00,COMPLETED
4839,277,7,2026-05-02,2026-05-17,951.00,IN_PROGRESS
4840,291,4,2024-04-19,2024-04-29,649.00,COMPLETED
4841,319,2,2026-05-29,2026-06-09,947.00,IN_PROGRESS
4842,66,2,2023-09-09,2023-09-13,989.00,COMPLETED
4843,354,12,2026-08-21,2026-08-27,768.00,IN_PROGRESS
4844,167,6,2026-02-27,2026-03-03,492.00,ON_HOLD
4845,359,6,2024-12-12,2024-12-21,649.00,COMPLETED
4846,7,12,2024-12-19,2024-12-31,220.00,COMPLETED
4847,27,9,2023-11-20,2023-11-26,379.00,ON_HOLD
4848,368,2,2023-01-13,2023-01-18,751.00,ON_HOLD
4849,387,1,2023-09-24,2023-09-27,135.00,COMPLETED
4850,163,7,2024-08-14,2024-08-20,152.00,COMPLETED
4851,185,5,2024-05-05,2024-05-08,441.00,COMPLETED
4852,46,12,2024-03-25,2024-03-30,415.00,ON_HOLD
4853,271,6,2023-12-25,2024-01-09,914.00,COMPLETED
4854,282,6,2026-06-13,2026-06-20,127.00,COMPLETED
4855,346,9,2023-09-07,2023-09-21,203.00,COMPLETED
4856,203,6,2023-06-29,2023-07-13,510.00,ON_HOLD
4857,481,2,2025-09-07,2025-09-23,717.00,COMPLETED
4858,449,12,2026-09-16,2026-09-23,298.00,COMPLETED
4859,51,12,2026-09-03,2026-09-10,588.00,COMPLETED
4860,305,12,2024-10-26,2024-11-09,550.00,COMPLETED
4861,226,7,2023-02-25,2023-03-07,211.00,COMPLETED
4862,454,10,2023-09-19,2023-09-25,883.00,IN_PROGRESS
4863,116,9,2025-05-08,2025-05-19,635.00,ON_HOLD
4864,267,3,2025-12-12,2025-12-18,287.00,COMPLETED
4865,178,3,2025-04-18,2025-04-21,63.00,COMPLETED
4866,250,3,2023-11-26,2023-11-30,90.00,IN_PROGRESS
4867,418,3,2024-10-07,2024-10-11,168.00,COMPLETED
4868,10,8,2026-04-19,2026-04-29,343.00,COMPLETED
4869,94,6,2023-08-23,2023-09-05,218.00,IN_PROGRESS
4870,7,5,2024-12-13,2024-12-27,598.00,COMPLETED
4871,45,2,2025-09-14,2025-09-19,702.00,ON_HOLD
4872,23,3,2024-07-16,2024-08-01,352.00,COMPLETED
4873,378,5,2026-02-23,2026-03-01,590.00,ON_HOLD
4874,13,8,2024-03-18,2024-03-24,369.00,COMPLETED
4875,391,12,2023-06-14,2023-06-30,110.00,COMPLETED
4876,433,5,2026-07-13,2026-07-16,339.00,COMPLETED
4877,28,7,2023-10-15,2023-10-30,848.00,COMPLETED
4878,174,3,2024-07-27,2024-08-03,539.00,COMPLETED
4879,247,7,2024-04-10,2024-04-26,931.00,ON_HOLD
4880,282,2,2026-06-07,2026-06-14,526.00,IN_PROGRESS
4881,227,5,2024-05-28,2024-05-31,682.00,COMPLETED
4882,428,11,2026-01-09,2026-01-18,395.00,COMPLETED
4883,276,5,2023-12-21,2024-01-04,697.00,ON_HOLD
4884,150,10,2025-06-18,2025-06-24,54.00,COMPLETED
4885,43,4,2025-02-07,2025-02-19,406.00,IN_PROGRESS
4886,239,11,2026-03-10,2026-03-17,304.00,COMPLETED
4887,324,12,2025-04-16,2025-04-24,885.00,ON_HOLD
4888,205,12,2026-04-05,2026-04-15,877.00,COMPLETED
4889,89,1,2024-07-02,2024-07-18,602.00,COMPLETED
4890,373,8,2023-08-24,2023-09-06,296.00,COMPLETED
4891,135,11,2024-09-06,2024-09-22,226.00,IN_PROGRESS
4892,113,5,2026-07-30,2026-08-15,377.00,ON_HOLD
4893,28,6,2026-07-30,2026-08-09,845.00,COMPLETED
4894,350,6,2025-09-20,2025-09-27,356.00,COMPLETED
4895,287,6,2023-04-22,2023-05-06,384.00,ON_HOLD
4896,409,4,2025-05-08,2025-05-15,782.00,COMPLETED
4897,278,4,2025-01-02,2025-01-12,487.00,IN_PROGRESS
4898,424,6,2023-02-22,2023-03-10,626.00,COMPLETED
4899,153,10,2026-04-03,2026-04-07,420.00,COMPLETED
4900,314,7,2024-07-03,2024-07-13,65.00,COMPLETED
4901,176,2,2024-08-06,2024-08-09,935.00,COMPLETED
4902,431,9,2025-07-15,2025-07-21,710.00,IN_PROGRESS
4903,82,8,2026-05-17,2026-05-20,367.00,ON_HOLD
4904,337,1,2024-01-02,2024-01-15,888.00,COMPLETED
4905,183,5,2023-12-20,2023-12-23,237.00,ON_HOLD
4906,311,8,2023-12-19,2023-12-23,300.00,COMPLETED
4907,115,11,2024-04-15,2024-04-28,584.00,IN_PROGRESS
4908,156,2,2023-02-26,2023-03-06,386.00,COMPLETED
4909,54,9,2023-07-10,2023-07-20,824.00,ON_HOLD
4910,231,6,2023-09-15,2023-09-25,804.00,ON_HOLD
4911,75,5,2025-12-07,2025-12-12,861.00,COMPLETED
4912,251,9,2023-01-31,2023-02-06,422.00,IN_PROGRESS
4913,224,7,2023-10-08,2023-10-15,152.00,COMPLETED
4914,336,4,2023-03-04,2023-03-19,947.00,COMPLETED
4915,338,9,2026-08-06,2026-08-17,297.00,IN_PROGRESS
4916,92,2,2026-08-07,2026-08-12,209.00,COMPLETED
4917,181,10,2024-01-19,2024-01-23,707.00,COMPLETED
4918,159,10,2024-02-19,2024-03-05,550.00,IN_PROGRESS
4919,227,8,2023-03-31,2023-04-08,739.00,COMPLETED
4920,249,9,2026-07-25,2026-08-08,773.00,COMPLETED
4921,321,9,2025-01-24,2025-01-30,115.00,IN_PROGRESS
4922,459,2,2025-08-13,2025-08-27,752.00,IN_PROGRESS
4923,107,10,2023-06-25,2023-07-07,280.00,IN_PROGRESS
4924,278,12,2025-03-08,2025-03-22,268.00,COMPLETED
4925,113,8,2023-02-23,2023-02-27,439.00,COMPLETED
4926,214,6,2024-09-19,2024-09-28,324.00,ON_HOLD
4927,411,2,2025-07-14,2025-07-21,86.00,COMPLETED
4928,405,7,2023-05-03,2023-05-16,767.00,COMPLETED
4929,269,4,2026-08-06,2026-08-19,706.00,IN_PROGRESS
4930,91,2,2024-01-13,2024-01-23,166.00,COMPLETED
4931,36,5,2023-04-11,2023-04-17,687.00,COMPLETED
4932,406,12,2025-03-24,2025-04-03,64.00,IN_PROGRESS
4933,472,4,2025-07-19,2025-08-04,513.00,COMPLETED
4934,324,12,2023-10-08,2023-10-17,887.00,COMPLETED
4935,282,5,2025-02-08,2025-02-12,190.00,COMPLETED
4936,52,5,2023-07-10,2023-07-21,67.00,COMPLETED
4937,388,9,2025-08-03,2025-08-10,266.00,COMPLETED
4938,337,2,2025-11-15,2025-11-26,258.00,ON_HOLD
4939,215,4,2023-04-05,2023-04-21,401.00,COMPLETED
4940,393,6,2023-10-15,2023-10-18,581.00,ON_HOLD
4941,371,7,2023-02-28,2023-03-10,742.00,ON_HOLD
4942,199,12,2024-04-17,2024-05-02,490.00,ON_HOLD
4943,230,4,2024-12-09,2024-12-14,369.00,COMPLETED
4944,103,12,2024-03-08,2024-03-20,738.00,COMPLETED
4945,474,6,2025-11-09,2025-11-25,161.00,COMPLETED
4946,395,4,2026-08-02,2026-08-16,342.00,COMPLETED
4947,184,10,2025-12-09,2025-12-21,279.00,COMPLETED
4948,448,10,2024-04-05,2024-04-19,399.00,IN_PROGRESS
4949,261,2,2026-09-10,2026-09-20,302.00,COMPLETED
4950,98,8,2023-12-18,2024-01-03,944.00,ON_HOLD
4951,101,5,2024-06-14,2024-06-27,859.00,IN_PROGRESS
4952,11,10,2026-09-03,2026-09-17,91.00,COMPLETED
4953,225,3,2024-07-07,2024-07-21,646.00,COMPLETED
4954,347,3,2025-09-28,2025-10-09,542.00,COMPLETED
4955,199,12,2026-07-08,2026-07-12,934.00,IN_PROGRESS
4956,423,10,2025-09-18,2025-10-02,564.00,COMPLETED
4957,230,4,2023-01-04,2023-01-15,393.00,COMPLETED
4958,178,8,2024-02-11,2024-02-27,377.00,ON_HOLD
4959,145,12,2023-08-08,2023-08-21,719.00,COMPLETED
4960,2,1,2026-06-22,2026-06-29,112.00,COMPLETED
4961,266,9,2025-09-23,2025-10-04,923.00,COMPLETED
4962,164,2,2023-05-14,2023-05-28,246.00,ON_HOLD
4963,303,8,2024-12-23,2024-12-30,167.00,COMPLETED
4964,41,6,2024-04-07,2024-04-21,871.00,COMPLETED
4965,161,12,2026-01-14,2026-01-20,356.00,COMPLETED
4966,22,8,2023-09-15,2023-09-21,54.00,COMPLETED
4967,427,8,2024-02-15,2024-02-27,401.00,COMPLETED
4968,84,8,2024-08-17,2024-09-01,394.00,COMPLETED
4969,453,2,2024-08-15,2024-08-27,982.00,IN_PROGRESS
4970,337,3,2024-05-08,2024-05-21,958.00,IN_PROGRESS
4971,180,12,2025-12-31,2026-01-08,890.00,ON_HOLD
4972,196,9,2024-06-10,2024-06-13,335.00,ON_HOLD
4973,491,10,2025-08-25,2025-09-06,465.00,COMPLETED
4974,496,9,2023-05-01,2023-05-10,145.00,ON_HOLD
4975,223,12,2024-03-29,2024-04-07,791.00,IN_PROGRESS
4976,163,10,2024-01-23,2024-01-31,803.00,COMPLETED
4977,334,11,2026-09-05,2026-09-20,634.00,IN_PROGRESS
4978,188,9,2024-06-26,2024-06-29,820.00,COMPLETED
4979,249,3,2023-12-05,2023-12-21,973.00,COMPLETED
4980,162,3,2023-02-04,2023-02-08,480.00,COMPLETED
4981,371,3,2023-12-14,2023-12-27,309.00,IN_PROGRESS
4982,370,3,2025-08-21,2025-09-04,642.00,COMPLETED
4983,132,1,2024-01-11,2024-01-27,390.00,COMPLETED
4984,125,6,2023-02-27,2023-03-06,254.00,IN_PROGRESS
4985,141,6,2023-04-04,2023-04-20,669.00,COMPLETED
4986,293,8,2023-10-19,2023-10-23,863.00,COMPLETED
4987,485,5,2024-10-04,2024-10-20,191.00,ON_HOLD
4988,478,5,2024-03-09,2024-03-21,356.00,ON_HOLD
4989,129,3,2025-03-08,2025-03-12,110.00,ON_HOLD
4990,356,6,2024-10-12,2024-10-24,409.00,COMPLETED
4991,161,9,2024-04-27,2024-05-11,549.00,COMPLETED
4992,94,1,2023-05-06,2023-05-11,423.00,IN_PROGRESS
4993,232,1,2023-02-15,2023-02-18,215.00,IN_PROGRESS
4994,350,5,2023-06-20,2023-06-30,103.00,ON_HOLD
4995,315,4,2026-01-04,2026-01-17,254.00,COMPLETED
4996,482,5,2023-10-13,2023-10-21,679.00,COMPLETED
4997,230,3,2025-11-03,2025-11-15,684.00,COMPLETED
4998,156,5,2023-04-24,2023-05-07,518.00,COMPLETED
4999,116,11,2024-04-06,2024-04-19,313.00,COMPLETED
5000,269,12,2024-01-15,2024-01-25,869.00,ON_HOLD
5001,334,11,2026-08-07,2026-08-13,667.00,COMPLETED
5002,489,10,2025-07-24,2025-08-09,150.00,COMPLETED
5003,88,12,2025-02-08,2025-02-24,330.00,COMPLETED
5004,468,12,2024-02-14,2024-02-29,600.00,IN_PROGRESS
5005,291,12,2024-12-14,2024-12-29,85.00,COMPLETED
5006,290,5,2023-05-16,2023-05-22,894.00,COMPLETED
5007,408,1,2023-08-18,2023-08-29,611.00,ON_HOLD
5008,275,5,2023-02-26,2023-03-04,535.00,COMPLETED
5009,267,10,2024-06-08,2024-06-14,870.00,COMPLETED
5010,105,5,2023-10-14,2023-10-19,422.00,COMPLETED
5011,411,10,2025-08-18,2025-09-01,714.00,IN_PROGRESS
5012,277,5,2025-12-21,2025-12-25,272.00,IN_PROGRESS
5013,187,3,2024-05-14,2024-05-21,995.00,ON_HOLD
5014,53,2,2023-07-24,2023-08-05,85.00,COMPLETED
5015,395,3,2026-01-19,2026-01-31,675.00,COMPLETED
5016,1,1,2026-09-07,2026-09-16,724.00,COMPLETED
5017,131,8,2024-08-19,2024-08-24,76.00,COMPLETED
5018,382,9,2024-03-25,2024-04-10,270.00,IN_PROGRESS
5019,166,12,2025-04-14,2025-04-18,694.00,ON_HOLD
5020,323,3,2024-02-03,2024-02-15,618.00,COMPLETED
5021,73,12,2026-02-18,2026-02-28,103.00,ON_HOLD
5022,187,8,2025-01-20,2025-01-30,94.00,IN_PROGRESS
5023,398,12,2025-01-04,2025-01-18,491.00,IN_PROGRESS
5024,84,7,2026-04-27,2026-05-10,162.00,ON_HOLD
5025,460,2,2025-11-28,2025-12-06,888.00,COMPLETED
5026,438,6,2025-04-21,2025-05-04,589.00,COMPLETED
5027,18,2,2026-03-15,2026-03-29,239.00,IN_PROGRESS
5028,153,7,2025-05-23,2025-05-31,824.00,COMPLETED
5029,454,7,2026-07-03,2026-07-19,296.00,ON_HOLD
5030,46,11,2023-09-06,2023-09-15,952.00,COMPLETED
5031,3,5,2025-11-23,2025-11-27,253.00,COMPLETED
5032,316,7,2024-01-24,2024-02-01,553.00,COMPLETED
5033,411,12,2024-12-04,2024-12-10,825.00,ON_HOLD
5034,224,6,2023-10-28,2023-11-03,422.00,COMPLETED
5035,411,7,2023-11-05,2023-11-12,608.00,COMPLETED
5036,223,10,2023-09-28,2023-10-03,556.00,COMPLETED
5037,57,7,2024-08-13,2024-08-27,787.00,COMPLETED
5038,452,3,2026-02-26,2026-03-01,860.00,COMPLETED
5039,254,11,2025-01-17,2025-01-20,184.00,COMPLETED
5040,52,3,2025-04-17,2025-04-23,512.00,IN_PROGRESS
5041,175,8,2023-08-24,2023-09-03,122.00,IN_PROGRESS
5042,361,1,2025-07-19,2025-07-25,83.00,IN_PROGRESS
5043,61,3,2024-07-18,2024-07-31,200.00,IN_PROGRESS
5044,242,6,2025-12-01,2025-12-12,95.00,IN_PROGRESS
5045,108,2,2023-07-15,2023-07-25,67.00,ON_HOLD
5046,232,12,2023-03-19,2023-03-25,724.00,IN_PROGRESS
5047,225,6,2023-04-16,2023-04-20,441.00,COMPLETED
5048,125,7,2024-01-28,2024-02-01,917.00,IN_PROGRESS
5049,163,9,2024-04-21,2024-04-25,869.00,ON_HOLD
5050,398,12,2024-10-27,2024-11-01,467.00,COMPLETED
5051,303,6,2024-10-07,2024-10-22,364.00,COMPLETED
5052,48,5,2023-04-01,2023-04-07,855.00,COMPLETED
5053,247,10,2024-01-28,2024-02-03,474.00,ON_HOLD
5054,433,9,2023-03-14,2023-03-27,416.00,IN_PROGRESS
5055,116,4,2025-04-30,2025-05-09,58.00,COMPLETED
5056,268,5,2025-05-23,2025-06-05,129.00,COMPLETED
5057,371,10,2023-03-20,2023-04-04,71.00,COMPLETED
5058,37,5,2025-05-23,2025-05-28,579.00,COMPLETED
5059,211,2,2023-03-27,2023-04-12,562.00,IN_PROGRESS
5060,190,11,2026-07-14,2026-07-30,604.00,IN_PROGRESS
5061,125,10,2023-09-22,2023-10-08,941.00,COMPLETED
5062,392,8,2024-07-22,2024-08-04,475.00,COMPLETED
5063,448,9,2023-12-24,2024-01-06,105.00,COMPLETED
5064,258,6,2024-01-23,2024-02-03,353.00,IN_PROGRESS
5065,263,10,2023-10-06,2023-10-19,656.00,COMPLETED
5066,351,3,2026-05-20,2026-06-01,643.00,ON_HOLD
5067,121,2,2024-07-16,2024-07-21,864.00,COMPLETED
5068,35,9,2023-05-16,2023-05-19,226.00,COMPLETED
5069,172,8,2024-08-19,2024-08-26,650.00,ON_HOLD
5070,264,7,2026-08-10,2026-08-13,824.00,IN_PROGRESS
5071,366,2,2024-09-15,2024-09-25,500.00,ON_HOLD
5072,26,8,2026-09-10,2026-09-16,224.00,ON_HOLD
5073,208,6,2025-03-01,2025-03-07,515.00,COMPLETED
5074,390,7,2024-04-05,2024-04-08,74.00,COMPLETED
5075,452,12,2023-01-31,2023-02-08,575.00,COMPLETED
5076,209,4,2023-04-14,2023-04-22,322.00,IN_PROGRESS
5077,376,5,2026-03-19,2026-03-31,678.00,COMPLETED
5078,5,4,2023-09-18,2023-09-26,703.00,ON_HOLD
5079,246,4,2026-02-13,2026-03-01,747.00,ON_HOLD
5080,387,10,2025-05-16,2025-05-31,763.00,IN_PROGRESS
5081,469,9,2024-02-28,2024-03-08,871.00,COMPLETED
5082,169,9,2023-01-10,2023-01-24,744.00,COMPLETED
5083,299,11,2025-04-26,2025-04-29,629.00,COMPLETED
5084,72,5,2023-09-12,2023-09-22,211.00,COMPLETED
5085,190,6,2026-07-23,2026-08-05,424.00,COMPLETED
5086,70,5,2025-05-07,2025-05-22,679.00,COMPLETED
5087,147,4,2023-04-04,2023-04-08,905.00,IN_PROGRESS
5088,358,2,2023-04-21,2023-05-03,743.00,COMPLETED
5089,325,2,2023-06-22,2023-07-03,459.00,COMPLETED
5090,92,8,2026-03-09,2026-03-14,475.00,IN_PROGRESS
5091,305,8,2023-02-04,2023-02-17,52.00,COMPLETED
5092,43,2,2024-09-27,2024-10-08,306.00,COMPLETED
5093,192,11,2023-08-08,2023-08-22,656.00,COMPLETED
5094,327,7,2023-11-10,2023-11-19,829.00,IN_PROGRESS
5095,36,12,2026-06-19,2026-06-23,112.00,COMPLETED
5096,142,7,2026-08-04,2026-08-20,312.00,COMPLETED
5097,47,3,2024-04-13,2024-04-22,330.00,COMPLETED
5098,333,10,2026-02-19,2026-03-01,324.00,IN_PROGRESS
5099,339,2,2025-02-08,2025-02-11,411.00,IN_PROGRESS
5100,123,11,2024-09-18,2024-09-25,603.00,COMPLETED
5101,213,5,2024-10-08,2024-10-17,147.00,IN_PROGRESS
5102,293,6,2023-03-10,2023-03-25,616.00,COMPLETED
5103,79,5,2026-09-15,2026-09-19,914.00,COMPLETED
5104,306,1,2025-07-09,2025-07-18,936.00,COMPLETED
5105,394,4,2025-11-21,2025-11-26,952.00,ON_HOLD
5106,377,1,2026-01-24,2026-01-28,562.00,ON_HOLD
5107,445,12,2025-11-17,2025-11-24,840.00,COMPLETED
5108,273,7,2025-10-27,2025-11-03,838.00,IN_PROGRESS
5109,184,8,2025-09-14,2025-09-21,290.00,ON_HOLD
5110,83,4,2025-06-11,2025-06-27,776.00,COMPLETED
5111,408,5,2023-09-26,2023-09-29,82.00,IN_PROGRESS
5112,336,7,2023-07-26,2023-08-01,92.00,COMPLETED
5113,258,6,2024-09-26,2024-09-29,341.00,IN_PROGRESS
5114,34,7,2023-12-02,2023-12-09,293.00,ON_HOLD
5115,186,5,2023-03-31,2023-04-03,218.00,ON_HOLD
5116,462,4,2023-11-22,2023-11-29,118.00,ON_HOLD
5117,481,2,2025-03-18,2025-03-28,655.00,COMPLETED
5118,300,11,2024-07-09,2024-07-20,799.00,COMPLETED
5119,117,2,2023-04-25,2023-04-30,269.00,COMPLETED
5120,223,1,2025-04-27,2025-05-09,335.00,ON_HOLD
5121,303,8,2024-07-19,2024-07-28,182.00,COMPLETED
5122,31,5,2026-05-12,2026-05-15,807.00,IN_PROGRESS
5123,195,6,2023-05-05,2023-05-08,902.00,IN_PROGRESS
5124,332,2,2025-04-28,2025-05-04,722.00,COMPLETED
5125,307,8,2023-03-31,2023-04-04,271.00,COMPLETED
5126,481,12,2025-09-19,2025-09-24,605.00,COMPLETED
5127,267,3,2025-03-08,2025-03-18,189.00,COMPLETED
5128,365,4,2025-05-22,2025-05-26,597.00,COMPLETED
5129,491,1,2026-09-26,2026-10-02,614.00,COMPLETED
5130,364,5,2024-12-22,2024-12-27,399.00,COMPLETED
5131,328,6,2023-12-31,2024-01-10,882.00,COMPLETED
5132,221,9,2025-11-24,2025-12-09,826.00,ON_HOLD
5133,394,3,2025-09-12,2025-09-21,987.00,COMPLETED
5134,15,5,2023-03-06,2023-03-17,401.00,COMPLETED
5135,154,3,2026-03-03,2026-03-17,841.00,COMPLETED
5136,377,3,2024-06-23,2024-07-08,405.00,COMPLETED
5137,21,12,2025-05-24,2025-06-09,243.00,COMPLETED
5138,403,11,2023-03-16,2023-03-20,174.00,ON_HOLD
5139,496,11,2024-04-13,2024-04-23,894.00,ON_HOLD
5140,407,4,2025-06-09,2025-06-15,350.00,COMPLETED
5141,34,6,2024-09-29,2024-10-07,764.00,COMPLETED
5142,25,2,2023-06-05,2023-06-21,565.00,COMPLETED
5143,181,1,2024-06-11,2024-06-16,370.00,COMPLETED
5144,434,7,2023-05-26,2023-06-08,257.00,IN_PROGRESS
5145,329,12,2026-01-18,2026-01-30,835.00,COMPLETED
5146,285,2,2023-03-30,2023-04-04,655.00,COMPLETED
5147,210,4,2024-07-12,2024-07-22,174.00,COMPLETED
5148,338,3,2024-12-15,2024-12-19,58.00,COMPLETED
5149,321,9,2026-05-13,2026-05-16,915.00,COMPLETED
5150,382,10,2024-04-15,2024-04-24,637.00,COMPLETED
5151,59,10,2024-03-25,2024-03-29,821.00,IN_PROGRESS
5152,108,5,2023-04-03,2023-04-08,335.00,COMPLETED
5153,395,5,2023-06-18,2023-06-24,381.00,COMPLETED
5154,149,12,2025-06-08,2025-06-14,610.00,ON_HOLD
5155,59,12,2026-09-28,2026-10-12,920.00,ON_HOLD
5156,157,2,2024-02-06,2024-02-22,412.00,ON_HOLD
5157,274,9,2026-05-06,2026-05-19,985.00,ON_HOLD
5158,459,4,2023-11-02,2023-11-12,787.00,IN_PROGRESS
5159,113,5,2025-01-06,2025-01-22,925.00,COMPLETED
5160,121,11,2024-12-16,2024-12-30,805.00,COMPLETED
5161,435,11,2024-11-29,2024-12-02,690.00,COMPLETED
5162,309,8,2024-06-18,2024-06-30,722.00,COMPLETED
5163,205,4,2026-06-22,2026-07-02,818.00,COMPLETED
5164,465,8,2026-09-19,2026-10-03,714.00,IN_PROGRESS
5165,69,11,2025-12-24,2026-01-08,854.00,COMPLETED
5166,63,11,2026-08-06,2026-08-20,225.00,COMPLETED
5167,130,5,2025-12-10,2025-12-20,513.00,COMPLETED
5168,311,10,2026-06-15,2026-06-18,314.00,ON_HOLD
5169,436,5,2023-12-26,2024-01-07,560.00,COMPLETED
5170,263,1,2024-12-01,2024-12-17,494.00,COMPLETED
5171,195,1,2025-03-01,2025-03-15,357.00,COMPLETED
5172,330,4,2023-10-09,2023-10-18,341.00,COMPLETED
5173,15,3,2024-08-05,2024-08-21,272.00,COMPLETED
5174,273,3,2026-07-18,2026-08-03,340.00,ON_HOLD
5175,194,9,2025-01-02,2025-01-12,199.00,IN_PROGRESS
5176,454,4,2025-04-27,2025-05-04,198.00,IN_PROGRESS
5177,272,4,2024-07-21,2024-07-24,977.00,COMPLETED
5178,67,6,2025-09-12,2025-09-26,251.00,COMPLETED
5179,344,9,2023-04-09,2023-04-23,515.00,IN_PROGRESS
5180,286,10,2023-06-01,2023-06-15,838.00,COMPLETED
5181,366,3,2025-03-27,2025-04-03,130.00,ON_HOLD
5182,75,8,2024-06-04,2024-06-15,459.00,IN_PROGRESS
5183,286,6,2023-02-09,2023-02-23,745.00,COMPLETED
5184,112,10,2025-12-04,2025-12-20,141.00,COMPLETED
5185,28,4,2023-10-03,2023-10-10,798.00,ON_HOLD
5186,43,8,2025-09-02,2025-09-11,492.00,COMPLETED
5187,307,5,2025-08-07,2025-08-14,741.00,COMPLETED
5188,318,12,2024-02-11,2024-02-17,325.00,IN_PROGRESS
5189,381,11,2026-09-26,2026-10-12,761.00,ON_HOLD
5190,73,4,2024-01-24,2024-01-28,344.00,COMPLETED
5191,329,7,2024-05-17,2024-06-02,135.00,COMPLETED
5192,405,4,2026-03-11,2026-03-16,673.00,COMPLETED
5193,147,11,2024-12-22,2024-12-25,560.00,ON_HOLD
5194,245,10,2024-09-10,2024-09-18,926.00,ON_HOLD
5195,414,8,2024-10-10,2024-10-26,968.00,COMPLETED
5196,177,2,2023-10-02,2023-10-12,327.00,COMPLETED
5197,95,4,2023-10-20,2023-10-25,868.00,IN_PROGRESS
5198,301,4,2025-06-29,2025-07-15,834.00,COMPLETED
5199,170,8,2026-05-11,2026-05-19,587.00,COMPLETED
5200,232,4,2024-03-05,2024-03-08,290.00,ON_HOLD
5201,176,5,2024-03-04,2024-03-10,571.00,COMPLETED
5202,115,5,2024-07-13,2024-07-29,231.00,COMPLETED
5203,373,7,2025-09-01,2025-09-04,552.00,ON_HOLD
5204,331,7,2026-04-16,2026-04-24,925.00,COMPLETED
5205,285,2,2023-11-11,2023-11-14,891.00,COMPLETED
5206,393,6,2024-01-04,2024-01-12,514.00,IN_PROGRESS
5207,284,8,2024-03-20,2024-03-24,786.00,IN_PROGRESS
5208,191,4,2024-03-24,2024-04-03,93.00,IN_PROGRESS
5209,339,4,2023-11-01,2023-11-05,636.00,COMPLETED
5210,466,7,2023-11-06,2023-11-16,714.00,IN_PROGRESS
5211,487,8,2023-07-15,2023-07-18,481.00,COMPLETED
5212,155,4,2026-02-11,2026-02-25,560.00,COMPLETED
5213,238,7,2023-01-14,2023-01-28,597.00,IN_PROGRESS
5214,51,9,2023-04-15,2023-04-28,521.00,IN_PROGRESS
5215,375,1,2023-08-26,2023-09-06,271.00,COMPLETED
5216,319,11,2023-07-23,2023-08-07,202.00,ON_HOLD
5217,101,7,2023-01-08,2023-01-11,840.00,COMPLETED
5218,338,7,2023-10-14,2023-10-30,788.00,COMPLETED
5219,248,5,2024-12-13,2024-12-24,641.00,IN_PROGRESS
5220,177,4,2023-07-12,2023-07-16,100.00,COMPLETED
5221,144,4,2026-02-08,2026-02-13,232.00,IN_PROGRESS
5222,116,11,2023-08-11,2023-08-27,693.00,COMPLETED
5223,19,7,2023-02-27,2023-03-04,185.00,IN_PROGRESS
5224,329,2,2023-02-19,2023-02-27,195.00,ON_HOLD
5225,229,7,2025-07-20,2025-07-28,414.00,IN_PROGRESS
5226,243,11,2023-04-27,2023-05-06,684.00,IN_PROGRESS
5227,494,8,2024-05-01,2024-05-15,631.00,IN_PROGRESS
5228,403,4,2024-09-04,2024-09-12,719.00,IN_PROGRESS
5229,434,8,2023-04-17,2023-04-26,222.00,IN_PROGRESS
5230,117,5,2024-06-23,2024-07-01,814.00,COMPLETED
5231,201,7,2023-02-07,2023-02-14,961.00,COMPLETED
5232,227,4,2023-03-22,2023-04-05,663.00,COMPLETED
5233,338,1,2025-05-07,2025-05-10,545.00,COMPLETED
5234,343,1,2025-02-04,2025-02-09,745.00,ON_HOLD
5235,379,10,2026-05-30,2026-06-13,928.00,COMPLETED
5236,139,11,2025-12-27,2025-12-31,267.00,IN_PROGRESS
5237,196,8,2024-04-28,2024-05-02,254.00,IN_PROGRESS
5238,62,1,2025-05-29,2025-06-02,222.00,IN_PROGRESS
5239,257,4,2025-12-16,2025-12-19,590.00,IN_PROGRESS
5240,84,3,2023-06-24,2023-07-05,354.00,COMPLETED
5241,86,7,2024-08-13,2024-08-17,769.00,COMPLETED
5242,71,1,2025-05-13,2025-05-27,776.00,ON_HOLD
5243,115,12,2024-09-13,2024-09-26,63.00,ON_HOLD
5244,355,4,2025-06-29,2025-07-10,426.00,ON_HOLD
5245,322,10,2024-02-20,2024-03-06,427.00,COMPLETED
5246,364,5,2023-07-03,2023-07-07,776.00,ON_HOLD
5247,129,9,2023-02-07,2023-02-23,467.00,COMPLETED
5248,160,6,2024-06-06,2024-06-22,703.00,COMPLETED
5249,176,4,2023-02-16,2023-02-24,361.00,IN_PROGRESS
5250,99,4,2024-09-29,2024-10-11,798.00,ON_HOLD
5251,415,9,2024-09-27,2024-10-02,875.00,ON_HOLD
5252,68,12,2024-09-19,2024-09-28,278.00,ON_HOLD
5253,492,4,2024-08-10,2024-08-18,432.00,COMPLETED
5254,378,1,2024-03-24,2024-03-30,549.00,ON_HOLD
5255,496,6,2024-06-05,2024-06-13,566.00,IN_PROGRESS
5256,37,10,2024-02-12,2024-02-19,827.00,IN_PROGRESS
5257,43,11,2024-07-13,2024-07-25,385.00,COMPLETED
5258,406,5,2023-11-09,2023-11-19,820.00,COMPLETED
5259,102,1,2026-05-04,2026-05-13,830.00,COMPLETED
5260,378,12,2024-01-23,2024-02-04,148.00,COMPLETED
5261,52,8,2026-02-06,2026-02-10,987.00,COMPLETED
5262,87,9,2025-02-06,2025-02-09,688.00,IN_PROGRESS
5263,102,5,2024-10-03,2024-10-16,867.00,ON_HOLD
5264,105,12,2026-03-26,2026-03-29,740.00,COMPLETED
5265,340,12,2023-11-05,2023-11-09,692.00,IN_PROGRESS
5266,4,12,2024-03-22,2024-04-01,828.00,ON_HOLD
5267,264,7,2025-10-19,2025-10-29,561.00,ON_HOLD
5268,392,5,2026-09-01,2026-09-13,414.00,COMPLETED
5269,47,4,2026-09-19,2026-09-27,308.00,ON_HOLD
5270,57,11,2024-09-22,2024-10-07,473.00,ON_HOLD
5271,233,5,2025-03-18,2025-03-27,266.00,COMPLETED
5272,302,4,2023-10-24,2023-10-30,501.00,COMPLETED
5273,383,3,2023-11-25,2023-12-01,363.00,IN_PROGRESS
5274,417,10,2025-04-17,2025-04-25,666.00,COMPLETED
5275,239,9,2026-09-18,2026-10-03,859.00,COMPLETED
5276,436,6,2024-11-22,2024-12-05,357.00,COMPLETED
5277,482,1,2023-01-13,2023-01-25,168.00,COMPLETED
5278,149,8,2023-08-30,2023-09-13,757.00,COMPLETED
5279,347,4,2025-02-26,2025-03-13,462.00,COMPLETED
5280,68,2,2026-06-02,2026-06-08,750.00,COMPLETED
5281,418,7,2023-05-19,2023-05-30,64.00,COMPLETED
5282,258,10,2023-04-21,2023-05-02,513.00,COMPLETED
5283,475,4,2023-04-14,2023-04-27,891.00,COMPLETED
5284,135,6,2023-09-15,2023-09-18,154.00,COMPLETED
5285,372,3,2024-11-21,2024-12-05,806.00,COMPLETED
5286,415,1,2023-09-11,2023-09-21,581.00,ON_HOLD
5287,464,11,2025-07-23,2025-07-31,109.00,COMPLETED
5288,56,8,2025-07-13,2025-07-20,78.00,COMPLETED
5289,461,5,2023-02-09,2023-02-22,558.00,COMPLETED
5290,82,1,2023-09-16,2023-10-01,302.00,COMPLETED
5291,375,4,2024-05-10,2024-05-26,403.00,COMPLETED
5292,9,12,2023-01-12,2023-01-26,917.00,COMPLETED
5293,185,2,2025-10-14,2025-10-17,649.00,ON_HOLD
5294,313,8,2024-03-22,2024-03-31,832.00,COMPLETED
5295,246,2,2024-09-02,2024-09-11,584.00,COMPLETED
5296,184,11,2025-05-03,2025-05-06,511.00,COMPLETED
5297,481,2,2025-11-19,2025-11-25,470.00,COMPLETED
5298,59,11,2026-10-01,2026-10-11,485.00,IN_PROGRESS
5299,377,9,2023-09-23,2023-10-06,554.00,ON_HOLD
5300,365,11,2025-08-23,2025-08-31,502.00,ON_HOLD
5301,77,12,2026-09-13,2026-09-17,889.00,COMPLETED
5302,17,6,2023-04-06,2023-04-20,489.00,COMPLETED
5303,495,9,2023-05-09,2023-05-22,484.00,COMPLETED
5304,132,9,2025-03-04,2025-03-18,538.00,ON_HOLD
5305,255,9,2026-07-17,2026-07-28,539.00,COMPLETED
5306,103,6,2023-11-20,2023-12-03,142.00,ON_HOLD
5307,200,9,2023-11-07,2023-11-20,268.00,COMPLETED
5308,113,2,2023-05-03,2023-05-09,331.00,IN_PROGRESS
5309,17,2,2026-03-04,2026-03-12,366.00,ON_HOLD
5310,304,10,2023-04-16,2023-04-26,569.00,COMPLETED
5311,392,4,2024-07-17,2024-07-20,578.00,COMPLETED
5312,377,5,2023-10-07,2023-10-15,308.00,COMPLETED
5313,39,10,2025-09-29,2025-10-10,917.00,IN_PROGRESS
5314,433,9,2026-02-23,2026-02-27,603.00,COMPLETED
5315,89,11,2024-10-04,2024-10-17,212.00,IN_PROGRESS
5316,326,4,2026-01-03,2026-01-19,689.00,COMPLETED
5317,225,2,2025-01-19,2025-01-26,473.00,COMPLETED
5318,235,4,2026-01-18,2026-01-23,85.00,COMPLETED
5319,127,12,2023-11-13,2023-11-27,725.00,COMPLETED
5320,150,11,2024-07-12,2024-07-26,772.00,COMPLETED
5321,399,5,2024-05-14,2024-05-23,271.00,COMPLETED
5322,184,7,2024-10-24,2024-11-08,149.00,COMPLETED
5323,66,11,2024-08-13,2024-08-19,508.00,COMPLETED
5324,287,8,2024-02-05,2024-02-20,657.00,ON_HOLD
5325,458,3,2023-07-28,2023-08-01,258.00,COMPLETED
5326,394,3,2026-01-20,2026-01-28,673.00,IN_PROGRESS
5327,40,1,2025-05-02,2025-05-15,790.00,COMPLETED
5328,418,10,2024-12-23,2025-01-03,652.00,IN_PROGRESS
5329,450,8,2024-09-24,2024-09-27,251.00,COMPLETED
5330,419,9,2024-05-01,2024-05-14,196.00,COMPLETED
5331,208,11,2024-11-27,2024-12-11,943.00,ON_HOLD
5332,273,2,2025-06-19,2025-06-25,211.00,COMPLETED
5333,197,6,2024-09-07,2024-09-17,147.00,COMPLETED
5334,15,1,2023-02-16,2023-03-01,117.00,COMPLETED
5335,349,12,2026-04-02,2026-04-09,887.00,IN_PROGRESS
5336,295,11,2023-07-01,2023-07-05,831.00,IN_PROGRESS
5337,407,8,2024-01-18,2024-01-25,107.00,COMPLETED
5338,217,9,2025-03-17,2025-03-27,355.00,COMPLETED
5339,107,1,2025-02-07,2025-02-20,955.00,COMPLETED
5340,375,8,2023-11-21,2023-12-07,852.00,COMPLETED
5341,225,9,2025-10-18,2025-10-26,541.00,ON_HOLD
5342,461,7,2024-11-17,2024-11-29,151.00,COMPLETED
5343,207,7,2024-09-06,2024-09-09,964.00,ON_HOLD
5344,207,7,2024-07-07,2024-07-15,652.00,ON_HOLD
5345,152,12,2024-07-26,2024-08-08,644.00,COMPLETED
5346,350,12,2025-02-26,2025-03-02,943.00,IN_PROGRESS
5347,329,10,2025-01-10,2025-01-16,743.00,IN_PROGRESS
5348,303,4,2024-09-29,2024-10-14,481.00,COMPLETED
5349,31,11,2024-07-14,2024-07-23,93.00,COMPLETED
5350,231,4,2025-09-29,2025-10-09,176.00,ON_HOLD
5351,50,7,2026-05-13,2026-05-25,141.00,COMPLETED
5352,267,1,2024-08-01,2024-08-12,495.00,ON_HOLD
5353,378,10,2025-02-20,2025-02-25,494.00,COMPLETED
5354,249,10,2024-04-16,2024-04-24,695.00,COMPLETED
5355,212,12,2025-12-22,2026-01-05,70.00,ON_HOLD
5356,453,8,2024-08-26,2024-09-10,565.00,IN_PROGRESS
5357,249,1,2023-07-18,2023-08-03,379.00,COMPLETED
5358,232,10,2025-10-09,2025-10-23,867.00,COMPLETED
5359,305,4,2023-03-01,2023-03-12,628.00,ON_HOLD
5360,213,5,2026-03-16,2026-03-29,260.00,COMPLETED
5361,210,11,2024-02-28,2024-03-14,941.00,COMPLETED
5362,165,6,2025-02-28,2025-03-03,443.00,COMPLETED
5363,92,1,2024-09-14,2024-09-24,882.00,COMPLETED
5364,124,5,2023-06-06,2023-06-10,419.00,COMPLETED
5365,28,7,2023-05-28,2023-06-12,443.00,ON_HOLD
5366,22,11,2023-02-07,2023-02-19,317.00,COMPLETED
5367,186,8,2025-12-22,2025-12-31,768.00,IN_PROGRESS
5368,304,10,2023-10-20,2023-11-04,456.00,ON_HOLD
5369,118,7,2026-01-07,2026-01-15,585.00,COMPLETED
5370,346,11,2025-01-08,2025-01-17,115.00,COMPLETED
5371,384,10,2023-01-03,2023-01-12,609.00,ON_HOLD
5372,274,10,2025-11-18,2025-11-22,655.00,COMPLETED
5373,418,10,2024-08-08,2024-08-13,759.00,ON_HOLD
5374,1,3,2023-12-12,2023-12-26,185.00,COMPLETED
5375,119,10,2023-04-03,2023-04-09,323.00,IN_PROGRESS
5376,485,3,2025-07-08,2025-07-18,278.00,COMPLETED
5377,22,4,2025-07-14,2025-07-17,981.00,IN_PROGRESS
5378,208,6,2026-09-16,2026-09-22,965.00,ON_HOLD
5379,303,3,2024-09-08,2024-09-19,677.00,COMPLETED
5380,364,12,2024-06-11,2024-06-14,351.00,ON_HOLD
5381,375,5,2023-07-27,2023-08-03,428.00,COMPLETED
5382,485,8,2026-02-14,2026-02-24,408.00,COMPLETED
5383,219,8,2026-09-21,2026-10-01,169.00,COMPLETED
5384,485,2,2023-04-07,2023-04-22,191.00,COMPLETED
5385,83,3,2026-07-02,2026-07-17,844.00,COMPLETED
5386,35,2,2023-12-05,2023-12-08,239.00,COMPLETED
5387,320,8,2024-04-24,2024-05-08,115.00,ON_HOLD
5388,257,7,2023-01-13,2023-01-22,560.00,IN_PROGRESS
5389,171,4,2024-02-17,2024-02-26,557.00,COMPLETED
5390,171,5,2025-02-09,2025-02-13,703.00,COMPLETED
5391,272,7,2023-02-03,2023-02-07,652.00,ON_HOLD
5392,97,1,2026-08-17,2026-09-02,824.00,COMPLETED
5393,234,6,2024-01-23,2024-02-05,176.00,COMPLETED
5394,480,1,2024-04-24,2024-05-09,878.00,ON_HOLD
5395,489,1,2023-04-01,2023-04-08,672.00,COMPLETED
5396,12,6,2026-07-09,2026-07-16,422.00,COMPLETED
5397,491,3,2025-09-29,2025-10-09,706.00,IN_PROGRESS
5398,173,8,2025-03-30,2025-04-03,505.00,COMPLETED
5399,332,11,2024-06-20,2024-06-30,924.00,COMPLETED
5400,63,9,2023-11-15,2023-11-30,119.00,COMPLETED
5401,127,9,2026-08-21,2026-08-26,709.00,COMPLETED
5402,337,2,2026-01-10,2026-01-26,274.00,COMPLETED
5403,87,2,2026-04-06,2026-04-21,372.00,IN_PROGRESS
5404,64,4,2026-03-25,2026-04-05,106.00,COMPLETED
5405,69,8,2023-06-16,2023-06-30,616.00,COMPLETED
5406,470,7,2023-09-25,2023-10-05,914.00,IN_PROGRESS
5407,393,7,2025-03-23,2025-03-26,593.00,COMPLETED
5408,387,1,2024-11-27,2024-11-30,739.00,ON_HOLD
5409,469,4,2023-08-22,2023-08-26,988.00,ON_HOLD
5410,14,10,2023-12-06,2023-12-17,78.00,COMPLETED
5411,451,7,2026-09-03,2026-09-16,309.00,COMPLETED
5412,15,12,2024-12-08,2024-12-21,412.00,IN_PROGRESS
5413,291,12,2023-04-19,2023-05-05,909.00,ON_HOLD
5414,384,2,2023-11-15,2023-11-30,866.00,COMPLETED
5415,189,3,2023-04-10,2023-04-16,158.00,COMPLETED
5416,385,6,2023-08-08,2023-08-23,70.00,COMPLETED
5417,3,5,2025-05-23,2025-05-30,600.00,COMPLETED
5418,359,3,2025-01-17,2025-01-31,245.00,ON_HOLD
5419,140,12,2024-04-04,2024-04-07,222.00,COMPLETED
5420,374,1,2024-06-24,2024-07-03,178.00,ON_HOLD
5421,358,2,2025-01-12,2025-01-16,680.00,ON_HOLD
5422,1,7,2024-04-06,2024-04-16,472.00,COMPLETED
5423,58,9,2025-08-26,2025-09-03,999.00,COMPLETED
5424,165,4,2023-02-06,2023-02-13,159.00,ON_HOLD
5425,366,2,2024-05-12,2024-05-17,691.00,COMPLETED
5426,245,4,2024-11-16,2024-11-22,965.00,IN_PROGRESS
5427,209,2,2026-03-04,2026-03-14,153.00,IN_PROGRESS
5428,78,9,2024-11-14,2024-11-17,884.00,COMPLETED
5429,451,10,2025-12-17,2025-12-27,937.00,COMPLETED
5430,2,2,2024-03-09,2024-03-18,376.00,ON_HOLD
5431,186,7,2024-06-15,2024-06-27,878.00,ON_HOLD
5432,344,3,2023-12-22,2024-01-04,700.00,IN_PROGRESS
5433,113,2,2023-11-18,2023-11-30,618.00,COMPLETED
5434,251,3,2024-07-16,2024-07-26,774.00,ON_HOLD
5435,497,12,2024-02-01,2024-02-09,256.00,ON_HOLD
5436,266,5,2025-04-30,2025-05-12,698.00,ON_HOLD
5437,324,12,2023-03-11,2023-03-22,821.00,COMPLETED
5438,259,7,2023-03-29,2023-04-09,259.00,COMPLETED
5439,29,12,2023-05-18,2023-05-25,904.00,COMPLETED
5440,171,12,2023-12-06,2023-12-14,250.00,COMPLETED
5441,372,2,2023-10-18,2023-10-21,656.00,COMPLETED
5442,263,1,2023-06-18,2023-06-30,783.00,COMPLETED
5443,425,11,2025-08-28,2025-09-01,959.00,COMPLETED
5444,158,10,2024-05-06,2024-05-19,280.00,COMPLETED
5445,121,7,2023-06-09,2023-06-12,343.00,COMPLETED
5446,457,7,2026-05-19,2026-05-31,477.00,COMPLETED
5447,163,5,2025-11-14,2025-11-19,169.00,COMPLETED
5448,181,5,2024-03-10,2024-03-21,187.00,COMPLETED
5449,57,12,2024-03-05,2024-03-18,387.00,ON_HOLD
5450,50,10,2025-07-18,2025-07-29,934.00,COMPLETED
5451,149,11,2026-07-03,2026-07-17,820.00,COMPLETED
5452,151,6,2023-08-13,2023-08-20,324.00,COMPLETED
5453,459,4,2025-12-31,2026-01-03,288.00,COMPLETED
5454,261,5,2026-04-17,2026-05-03,714.00,IN_PROGRESS
5455,34,9,2024-04-12,2024-04-21,850.00,IN_PROGRESS
5456,102,9,2025-07-14,2025-07-17,600.00,COMPLETED
5457,500,10,2024-12-30,2025-01-03,496.00,COMPLETED
5458,199,12,2026-07-15,2026-07-23,459.00,COMPLETED
5459,131,8,2025-03-12,2025-03-18,706.00,COMPLETED
5460,39,11,2023-02-02,2023-02-16,548.00,COMPLETED
5461,319,6,2025-02-26,2025-03-13,293.00,COMPLETED
5462,311,4,2023-07-21,2023-07-30,780.00,IN_PROGRESS
5463,78,2,2025-06-16,2025-06-26,158.00,COMPLETED
5464,19,1,2023-10-29,2023-11-01,357.00,COMPLETED
5465,127,5,2024-05-26,2024-06-07,754.00,COMPLETED
5466,326,2,2025-01-30,2025-02-12,463.00,COMPLETED
5467,405,4,2023-06-21,2023-06-29,247.00,ON_HOLD
5468,299,11,2023-10-11,2023-10-21,938.00,COMPLETED
5469,212,3,2025-01-29,2025-02-10,582.00,COMPLETED
5470,81,3,2026-03-11,2026-03-25,752.00,COMPLETED
5471,40,1,2026-06-12,2026-06-15,190.00,COMPLETED
5472,480,10,2024-06-22,2024-06-28,85.00,IN_PROGRESS
5473,101,12,2026-03-04,2026-03-18,429.00,ON_HOLD
5474,362,5,2024-09-29,2024-10-12,288.00,COMPLETED
5475,123,7,2024-10-01,2024-10-10,639.00,ON_HOLD
5476,285,4,2023-07-21,2023-07-31,89.00,ON_HOLD
5477,29,10,2024-01-02,2024-01-08,329.00,COMPLETED
5478,465,5,2024-09-24,2024-10-04,72.00,ON_HOLD
5479,69,6,2026-01-17,2026-01-23,619.00,ON_HOLD
5480,105,12,2023-01-23,2023-02-02,333.00,IN_PROGRESS
5481,372,2,2024-07-30,2024-08-03,499.00,IN_PROGRESS
5482,357,7,2025-10-22,2025-10-30,917.00,COMPLETED
5483,179,6,2024-04-29,2024-05-09,410.00,COMPLETED
5484,330,5,2024-08-03,2024-08-19,381.00,COMPLETED
5485,202,8,2025-12-02,2025-12-05,424.00,COMPLETED
5486,274,6,2025-07-13,2025-07-21,816.00,COMPLETED
5487,370,6,2023-02-24,2023-03-08,788.00,IN_PROGRESS
5488,273,4,2026-01-23,2026-01-29,907.00,COMPLETED
5489,338,4,2024-05-02,2024-05-06,541.00,COMPLETED
5490,431,12,2025-07-30,2025-08-14,59.00,COMPLETED
5491,433,3,2024-05-23,2024-06-02,280.00,COMPLETED
5492,158,12,2023-12-25,2024-01-04,276.00,ON_HOLD
5493,44,7,2025-04-27,2025-05-10,463.00,IN_PROGRESS
5494,461,6,2023-05-05,2023-05-21,80.00,COMPLETED
5495,342,6,2025-11-03,2025-11-11,970.00,IN_PROGRESS
5496,106,3,2023-01-01,2023-01-15,594.00,ON_HOLD
5497,217,12,2025-06-15,2025-06-24,277.00,COMPLETED
5498,119,10,2026-05-19,2026-05-29,823.00,COMPLETED
5499,467,2,2026-03-14,2026-03-21,875.00,COMPLETED
5500,403,6,2023-01-24,2023-02-01,325.00,IN_PROGRESS
5501,216,5,2025-10-10,2025-10-22,793.00,COMPLETED
5502,116,7,2025-02-09,2025-02-16,415.00,COMPLETED
5503,143,9,2026-05-17,2026-05-28,103.00,COMPLETED
5504,5,1,2026-07-25,2026-07-31,732.00,COMPLETED
5505,430,4,2025-12-08,2025-12-19,478.00,IN_PROGRESS
5506,327,6,2026-05-20,2026-05-29,74.00,COMPLETED
5507,350,3,2024-11-23,2024-12-01,401.00,COMPLETED
5508,430,7,2024-05-16,2024-05-20,52.00,COMPLETED
5509,495,4,2023-09-15,2023-09-20,407.00,COMPLETED
5510,271,7,2023-08-23,2023-09-02,639.00,IN_PROGRESS
5511,243,4,2025-12-22,2026-01-01,435.00,COMPLETED
5512,42,11,2026-09-14,2026-09-28,402.00,COMPLETED
5513,425,2,2025-04-26,2025-05-05,708.00,IN_PROGRESS
5514,2,3,2024-11-12,2024-11-21,796.00,ON_HOLD
5515,490,7,2025-04-06,2025-04-22,817.00,COMPLETED
5516,362,6,2023-01-07,2023-01-22,109.00,COMPLETED
5517,276,3,2024-09-16,2024-09-24,745.00,ON_HOLD
5518,440,10,2023-04-13,2023-04-18,373.00,COMPLETED
5519,29,6,2025-10-14,2025-10-29,792.00,COMPLETED
5520,143,9,2025-04-13,2025-04-23,543.00,COMPLETED
5521,435,1,2025-02-04,2025-02-09,353.00,COMPLETED
5522,462,12,2024-12-02,2024-12-15,697.00,IN_PROGRESS
5523,312,5,2025-09-22,2025-10-08,521.00,COMPLETED
5524,216,8,2023-04-30,2023-05-10,162.00,IN_PROGRESS
5525,366,9,2025-07-20,2025-08-03,477.00,COMPLETED
5526,75,5,2025-05-21,2025-05-30,419.00,ON_HOLD
5527,312,9,2023-06-18,2023-07-03,714.00,ON_HOLD
5528,315,4,2026-06-19,2026-06-23,328.00,IN_PROGRESS
5529,134,7,2024-01-11,2024-01-27,343.00,ON_HOLD
5530,126,12,2025-05-29,2025-06-13,789.00,IN_PROGRESS
5531,335,10,2023-09-03,2023-09-06,924.00,IN_PROGRESS
5532,50,4,2023-08-09,2023-08-15,904.00,IN_PROGRESS
5533,183,6,2024-01-29,2024-02-14,743.00,IN_PROGRESS
5534,215,1,2024-04-11,2024-04-19,549.00,ON_HOLD
5535,39,8,2024-08-04,2024-08-18,473.00,COMPLETED
5536,113,3,2023-04-30,2023-05-07,719.00,COMPLETED
5537,168,1,2025-08-20,2025-09-03,126.00,ON_HOLD
5538,427,7,2025-07-11,2025-07-17,557.00,COMPLETED
5539,185,6,2023-11-26,2023-11-30,77.00,COMPLETED
5540,89,10,2023-08-29,2023-09-11,240.00,COMPLETED
5541,483,2,2026-05-15,2026-05-30,967.00,COMPLETED
5542,210,3,2026-01-20,2026-02-01,774.00,COMPLETED
5543,213,3,2026-09-25,2026-10-11,113.00,COMPLETED
5544,130,12,2024-05-13,2024-05-27,171.00,COMPLETED
5545,117,6,2025-06-19,2025-06-24,541.00,ON_HOLD
5546,376,12,2025-02-20,2025-03-04,260.00,COMPLETED
5547,457,9,2023-06-11,2023-06-15,621.00,COMPLETED
5548,98,2,2023-09-02,2023-09-05,261.00,COMPLETED
5549,115,3,2024-09-30,2024-10-03,780.00,COMPLETED
5550,368,3,2026-01-24,2026-02-04,849.00,COMPLETED
5551,477,3,2024-06-18,2024-06-23,782.00,COMPLETED
5552,124,8,2026-05-03,2026-05-16,200.00,IN_PROGRESS
5553,216,4,2025-04-09,2025-04-25,985.00,COMPLETED
5554,186,6,2024-10-01,2024-10-07,61.00,COMPLETED
5555,142,1,2023-08-24,2023-08-31,942.00,COMPLETED
5556,272,10,2025-08-25,2025-09-05,358.00,IN_PROGRESS
5557,158,4,2023-02-20,2023-02-27,639.00,COMPLETED
5558,197,2,2024-07-14,2024-07-28,222.00,COMPLETED
5559,236,7,2024-10-13,2024-10-25,181.00,IN_PROGRESS
5560,405,5,2026-08-12,2026-08-15,627.00,ON_HOLD
5561,309,5,2025-06-14,2025-06-25,977.00,COMPLETED
5562,368,2,2023-10-27,2023-11-03,893.00,IN_PROGRESS
5563,2,1,2025-12-12,2025-12-24,348.00,ON_HOLD
5564,109,2,2023-08-01,2023-08-10,697.00,COMPLETED
5565,136,3,2024-11-23,2024-12-04,603.00,COMPLETED
5566,498,2,2023-11-17,2023-11-30,778.00,COMPLETED
5567,451,1,2024-11-10,2024-11-13,301.00,COMPLETED
5568,377,9,2024-12-15,2024-12-21,662.00,IN_PROGRESS
5569,377,8,2026-02-08,2026-02-15,616.00,COMPLETED
5570,405,2,2024-06-15,2024-06-18,210.00,ON_HOLD
5571,243,11,2023-12-25,2024-01-03,808.00,ON_HOLD
5572,415,3,2025-03-13,2025-03-27,722.00,COMPLETED
5573,427,3,2026-03-13,2026-03-20,961.00,IN_PROGRESS
5574,28,3,2025-02-02,2025-02-06,663.00,COMPLETED
5575,369,4,2026-07-30,2026-08-12,371.00,COMPLETED
5576,133,10,2024-05-08,2024-05-18,134.00,COMPLETED
5577,119,6,2026-05-12,2026-05-18,785.00,COMPLETED
5578,242,12,2024-02-11,2024-02-25,384.00,COMPLETED
5579,324,9,2023-09-29,2023-10-14,555.00,COMPLETED
5580,472,5,2026-01-16,2026-01-29,973.00,COMPLETED
5581,92,12,2026-05-14,2026-05-18,166.00,ON_HOLD
5582,161,3,2025-09-11,2025-09-24,486.00,COMPLETED
5583,182,8,2024-12-07,2024-12-13,421.00,COMPLETED
5584,214,3,2024-08-28,2024-09-09,988.00,COMPLETED
5585,196,11,2026-08-31,2026-09-11,956.00,IN_PROGRESS
5586,131,5,2025-08-09,2025-08-18,293.00,ON_HOLD
5587,300,6,2023-03-07,2023-03-18,324.00,COMPLETED
5588,62,4,2023-11-12,2023-11-22,644.00,ON_HOLD
5589,140,6,2026-01-07,2026-01-22,649.00,IN_PROGRESS
5590,204,8,2025-10-25,2025-10-31,593.00,COMPLETED
5591,287,3,2024-12-24,2025-01-07,269.00,COMPLETED
5592,349,2,2023-02-09,2023-02-24,391.00,COMPLETED
5593,11,8,2025-11-14,2025-11-26,151.00,COMPLETED
5594,95,5,2023-08-11,2023-08-23,506.00,COMPLETED
5595,76,9,2024-03-06,2024-03-13,931.00,ON_HOLD
5596,419,1,2024-04-04,2024-04-16,94.00,COMPLETED
5597,378,11,2024-08-03,2024-08-18,159.00,IN_PROGRESS
5598,197,12,2024-10-03,2024-10-14,647.00,COMPLETED
5599,287,9,2024-06-19,2024-06-29,938.00,COMPLETED
5600,352,10,2024-10-16,2024-10-24,372.00,COMPLETED
5601,311,11,2023-06-02,2023-06-16,579.00,COMPLETED
5602,166,1,2023-09-04,2023-09-20,759.00,COMPLETED
5603,357,5,2025-12-30,2026-01-12,288.00,COMPLETED
5604,199,7,2026-04-30,2026-05-04,678.00,ON_HOLD
5605,470,4,2025-02-15,2025-02-22,511.00,ON_HOLD
5606,242,10,2025-11-11,2025-11-25,452.00,COMPLETED
5607,185,10,2026-03-30,2026-04-02,303.00,IN_PROGRESS
5608,166,3,2023-02-12,2023-02-28,802.00,COMPLETED
5609,184,7,2025-10-04,2025-10-20,517.00,COMPLETED
5610,143,3,2026-07-08,2026-07-24,95.00,ON_HOLD
5611,290,10,2023-01-31,2023-02-07,206.00,COMPLETED
5612,292,4,2024-05-03,2024-05-16,659.00,COMPLETED
5613,132,3,2025-06-20,2025-07-06,378.00,COMPLETED
5614,178,11,2025-09-21,2025-10-03,299.00,IN_PROGRESS
5615,276,10,2026-01-11,2026-01-17,241.00,COMPLETED
5616,487,5,2026-07-21,2026-07-31,208.00,IN_PROGRESS
5617,94,5,2026-05-09,2026-05-15,160.00,COMPLETED
5618,255,9,2026-03-04,2026-03-15,819.00,COMPLETED
5619,222,11,2026-06-04,2026-06-16,170.00,IN_PROGRESS
5620,458,10,2024-10-15,2024-10-24,507.00,COMPLETED
5621,203,1,2023-01-28,2023-02-11,232.00,COMPLETED
5622,256,11,2026-02-16,2026-03-01,260.00,ON_HOLD
5623,369,12,2025-02-11,2025-02-22,721.00,COMPLETED
5624,318,2,2026-05-28,2026-06-05,733.00,COMPLETED
5625,103,12,2024-05-24,2024-06-02,677.00,COMPLETED
5626,114,11,2025-11-07,2025-11-19,393.00,COMPLETED
5627,1,7,2026-07-01,2026-07-07,479.00,COMPLETED
5628,30,11,2023-10-23,2023-10-28,934.00,IN_PROGRESS
5629,224,12,2023-01-11,2023-01-15,952.00,ON_HOLD
5630,329,2,2025-07-24,2025-08-03,677.00,COMPLETED
5631,128,10,2023-03-23,2023-04-05,239.00,COMPLETED
5632,14,3,2025-09-27,2025-10-07,687.00,COMPLETED
5633,484,10,2025-06-18,2025-06-24,252.00,COMPLETED
5634,387,9,2026-06-18,2026-06-25,621.00,IN_PROGRESS
5635,244,2,2024-02-01,2024-02-12,280.00,COMPLETED
5636,187,6,2023-06-01,2023-06-13,558.00,COMPLETED
5637,144,2,2026-07-30,2026-08-05,255.00,COMPLETED
5638,434,11,2023-01-14,2023-01-20,840.00,ON_HOLD
5639,250,1,2026-01-25,2026-01-31,329.00,ON_HOLD
5640,233,12,2025-12-05,2025-12-19,246.00,COMPLETED
5641,378,7,2025-12-10,2025-12-20,252.00,COMPLETED
5642,261,7,2026-05-13,2026-05-19,275.00,ON_HOLD
5643,444,9,2024-04-04,2024-04-10,269.00,COMPLETED
5644,292,1,2023-04-05,2023-04-16,644.00,COMPLETED
5645,466,2,2024-02-24,2024-02-27,680.00,COMPLETED
5646,363,2,2024-07-20,2024-07-27,158.00,COMPLETED
5647,9,4,2025-05-25,2025-06-02,214.00,COMPLETED
5648,486,3,2025-11-06,2025-11-21,569.00,COMPLETED
5649,231,5,2024-10-24,2024-10-29,367.00,ON_HOLD
5650,48,2,2024-03-22,2024-04-02,392.00,IN_PROGRESS
5651,257,5,2024-02-18,2024-02-23,424.00,COMPLETED
5652,446,6,2023-11-26,2023-12-06,107.00,ON_HOLD
5653,437,11,2026-02-28,2026-03-14,730.00,IN_PROGRESS
5654,88,9,2025-04-27,2025-05-01,64.00,ON_HOLD
5655,340,11,2025-08-23,2025-09-08,521.00,COMPLETED
5656,44,6,2024-12-03,2024-12-08,769.00,COMPLETED
5657,349,2,2025-03-19,2025-04-01,801.00,COMPLETED
5658,36,10,2024-10-03,2024-10-10,849.00,IN_PROGRESS
5659,118,10,2024-01-10,2024-01-23,215.00,COMPLETED
5660,239,1,2023-12-06,2023-12-19,626.00,COMPLETED
5661,257,7,2026-09-26,2026-10-02,311.00,COMPLETED
5662,16,4,2025-07-17,2025-07-23,315.00,COMPLETED
5663,219,6,2026-04-13,2026-04-27,129.00,COMPLETED
5664,290,4,2024-11-02,2024-11-17,95.00,IN_PROGRESS
5665,277,10,2023-11-12,2023-11-24,101.00,COMPLETED
5666,438,1,2026-01-31,2026-02-16,908.00,ON_HOLD
5667,184,11,2023-10-16,2023-10-28,500.00,ON_HOLD
5668,397,8,2024-04-03,2024-04-12,57.00,COMPLETED
5669,312,9,2023-10-07,2023-10-19,863.00,COMPLETED
5670,183,12,2024-05-03,2024-05-09,880.00,COMPLETED
5671,239,9,2025-01-31,2025-02-06,883.00,ON_HOLD
5672,312,10,2026-01-10,2026-01-15,709.00,ON_HOLD
5673,238,10,2023-10-01,2023-10-06,958.00,COMPLETED
5674,55,2,2023-10-11,2023-10-17,159.00,IN_PROGRESS
5675,199,9,2025-04-21,2025-05-01,73.00,IN_PROGRESS
5676,186,11,2023-04-25,2023-05-08,996.00,IN_PROGRESS
5677,248,5,2024-12-11,2024-12-20,61.00,COMPLETED
5678,259,1,2025-11-11,2025-11-22,976.00,IN_PROGRESS
5679,431,11,2023-08-08,2023-08-17,69.00,IN_PROGRESS
5680,306,11,2023-10-21,2023-11-06,480.00,IN_PROGRESS
5681,302,2,2025-04-21,2025-05-02,93.00,COMPLETED
5682,408,1,2024-08-18,2024-09-01,988.00,IN_PROGRESS
5683,185,4,2025-01-27,2025-02-04,860.00,COMPLETED
5684,114,12,2024-01-29,2024-02-03,806.00,COMPLETED
5685,473,11,2026-08-28,2026-09-07,729.00,COMPLETED
5686,269,9,2024-03-02,2024-03-16,994.00,COMPLETED
5687,89,10,2023-01-20,2023-02-01,202.00,COMPLETED
5688,151,3,2024-07-04,2024-07-17,714.00,COMPLETED
5689,289,12,2026-04-13,2026-04-21,736.00,COMPLETED
5690,376,6,2026-03-16,2026-03-24,752.00,COMPLETED
5691,421,4,2025-04-18,2025-04-30,831.00,ON_HOLD
5692,265,7,2025-06-27,2025-07-10,910.00,IN_PROGRESS
5693,237,9,2024-03-25,2024-03-28,109.00,IN_PROGRESS
5694,238,9,2025-05-07,2025-05-12,792.00,COMPLETED
5695,433,10,2025-08-04,2025-08-07,828.00,COMPLETED
5696,259,11,2023-10-17,2023-10-23,95.00,ON_HOLD
5697,361,4,2023-11-01,2023-11-16,751.00,COMPLETED
5698,306,2,2024-02-04,2024-02-07,942.00,IN_PROGRESS
5699,420,6,2023-05-26,2023-06-11,289.00,ON_HOLD
5700,407,4,2023-09-11,2023-09-23,103.00,IN_PROGRESS
5701,115,10,2024-05-16,2024-05-29,632.00,COMPLETED
5702,409,12,2025-08-17,2025-08-23,748.00,ON_HOLD
5703,487,2,2023-08-25,2023-09-01,298.00,COMPLETED
5704,395,11,2025-03-15,2025-03-20,433.00,COMPLETED
5705,287,3,2024-09-17,2024-09-25,51.00,COMPLETED
5706,214,12,2026-08-15,2026-08-23,634.00,IN_PROGRESS
5707,128,6,2025-05-26,2025-06-05,674.00,COMPLETED
5708,77,5,2025-01-23,2025-01-27,692.00,COMPLETED
5709,57,10,2026-01-21,2026-02-01,671.00,COMPLETED
5710,427,8,2024-02-11,2024-02-21,782.00,COMPLETED
5711,422,1,2025-07-17,2025-08-01,922.00,COMPLETED
5712,133,5,2023-04-06,2023-04-19,294.00,COMPLETED
5713,197,10,2023-10-20,2023-10-27,351.00,IN_PROGRESS
5714,83,9,2024-05-09,2024-05-19,801.00,COMPLETED
5715,224,10,2023-03-23,2023-04-01,612.00,COMPLETED
5716,18,12,2024-09-01,2024-09-08,686.00,COMPLETED
5717,340,3,2023-09-02,2023-09-13,393.00,IN_PROGRESS
5718,43,10,2023-10-22,2023-11-03,942.00,COMPLETED
5719,155,9,2024-05-30,2024-06-11,992.00,COMPLETED
5720,298,6,2024-12-22,2024-12-29,245.00,COMPLETED
5721,327,8,2024-01-17,2024-02-02,297.00,ON_HOLD
5722,401,1,2025-07-16,2025-07-24,966.00,ON_HOLD
5723,222,6,2023-11-30,2023-12-13,643.00,COMPLETED
5724,289,4,2025-05-26,2025-06-08,266.00,COMPLETED
5725,147,11,2023-09-11,2023-09-25,874.00,COMPLETED
5726,347,9,2026-08-18,2026-09-03,126.00,IN_PROGRESS
5727,233,7,2024-03-31,2024-04-15,323.00,ON_HOLD
5728,392,6,2023-11-14,2023-11-20,633.00,COMPLETED
5729,26,3,2025-01-23,2025-01-30,129.00,COMPLETED
5730,173,5,2024-06-24,2024-07-01,414.00,COMPLETED
5731,319,10,2023-01-15,2023-01-30,934.00,COMPLETED
5732,418,10,2025-04-30,2025-05-07,890.00,ON_HOLD
5733,292,8,2024-10-16,2024-10-24,947.00,IN_PROGRESS
5734,96,5,2025-05-21,2025-05-24,269.00,COMPLETED
5735,19,5,2025-12-07,2025-12-19,90.00,COMPLETED
5736,96,9,2024-05-29,2024-06-09,778.00,COMPLETED
5737,55,5,2026-01-05,2026-01-11,131.00,IN_PROGRESS
5738,35,5,2024-12-09,2024-12-12,112.00,IN_PROGRESS
5739,115,5,2023-05-26,2023-06-06,346.00,COMPLETED
5740,173,4,2025-03-25,2025-04-06,629.00,IN_PROGRESS
5741,314,2,2024-05-22,2024-06-07,748.00,ON_HOLD
5742,116,11,2024-04-06,2024-04-22,332.00,ON_HOLD
5743,60,1,2023-04-16,2023-04-28,178.00,ON_HOLD
5744,163,4,2023-03-31,2023-04-03,965.00,COMPLETED
5745,332,1,2025-03-30,2025-04-13,407.00,ON_HOLD
5746,59,3,2024-09-01,2024-09-11,309.00,COMPLETED
5747,186,9,2026-03-20,2026-04-05,548.00,COMPLETED
5748,307,11,2024-12-25,2024-12-30,778.00,COMPLETED
5749,186,10,2023-10-25,2023-10-29,818.00,ON_HOLD
5750,76,1,2026-04-01,2026-04-15,754.00,COMPLETED
5751,129,10,2024-05-15,2024-05-30,157.00,ON_HOLD
5752,200,6,2023-05-26,2023-06-01,769.00,COMPLETED
5753,348,4,2026-03-28,2026-04-02,155.00,COMPLETED
5754,238,1,2025-12-10,2025-12-14,365.00,COMPLETED
5755,400,12,2026-03-12,2026-03-18,377.00,IN_PROGRESS
5756,269,8,2026-09-26,2026-10-03,669.00,COMPLETED
5757,267,2,2023-01-31,2023-02-06,580.00,ON_HOLD
5758,23,8,2025-07-01,2025-07-07,890.00,IN_PROGRESS
5759,389,11,2025-03-05,2025-03-15,584.00,ON_HOLD
5760,161,2,2024-12-22,2024-12-29,448.00,COMPLETED
5761,232,3,2025-03-15,2025-03-22,465.00,COMPLETED
5762,390,1,2025-02-25,2025-03-10,538.00,COMPLETED
5763,204,11,2024-09-06,2024-09-15,881.00,ON_HOLD
5764,496,7,2024-05-26,2024-06-04,75.00,IN_PROGRESS
5765,451,12,2024-03-22,2024-04-05,957.00,COMPLETED
5766,2,11,2026-08-01,2026-08-09,655.00,COMPLETED
5767,417,12,2023-07-31,2023-08-15,314.00,ON_HOLD
5768,218,8,2023-06-06,2023-06-14,637.00,COMPLETED
5769,233,1,2025-02-01,2025-02-17,522.00,COMPLETED
5770,301,1,2025-05-10,2025-05-15,798.00,COMPLETED
5771,222,7,2025-09-26,2025-10-01,135.00,COMPLETED
5772,341,3,2024-10-15,2024-10-28,458.00,COMPLETED
5773,61,9,2023-05-19,2023-05-26,233.00,COMPLETED
5774,248,10,2023-09-09,2023-09-12,192.00,COMPLETED
5775,335,6,2025-02-07,2025-02-21,386.00,COMPLETED
5776,16,4,2024-05-10,2024-05-16,467.00,IN_PROGRESS
5777,346,5,2024-07-30,2024-08-13,191.00,COMPLETED
5778,279,4,2026-06-11,2026-06-23,559.00,IN_PROGRESS
5779,449,4,2025-10-09,2025-10-18,603.00,COMPLETED
5780,51,4,2023-07-23,2023-07-29,642.00,COMPLETED
5781,400,10,2025-07-20,2025-07-31,101.00,IN_PROGRESS
5782,239,8,2025-11-12,2025-11-23,972.00,COMPLETED
5783,187,12,2023-03-25,2023-03-28,501.00,COMPLETED
5784,401,8,2023-04-02,2023-04-15,845.00,COMPLETED
5785,149,10,2025-08-07,2025-08-11,409.00,COMPLETED
5786,487,10,2024-10-15,2024-10-24,67.00,COMPLETED
5787,282,3,2025-11-22,2025-12-06,705.00,COMPLETED
5788,405,12,2026-04-23,2026-05-05,410.00,IN_PROGRESS
5789,477,12,2025-03-14,2025-03-28,656.00,COMPLETED
5790,83,4,2023-03-30,2023-04-14,440.00,COMPLETED
5791,102,2,2024-09-19,2024-09-24,908.00,COMPLETED
5792,201,9,2025-01-01,2025-01-08,59.00,ON_HOLD
5793,55,10,2024-03-18,2024-03-30,685.00,IN_PROGRESS
5794,73,7,2023-01-02,2023-01-09,957.00,COMPLETED
5795,104,1,2025-06-25,2025-07-07,841.00,COMPLETED
5796,228,7,2024-10-23,2024-10-29,85.00,COMPLETED
5797,411,1,2024-05-27,2024-06-02,414.00,COMPLETED
5798,31,12,2025-11-11,2025-11-25,432.00,COMPLETED
5799,12,6,2025-11-17,2025-11-20,419.00,COMPLETED
5800,395,9,2023-08-16,2023-08-29,454.00,COMPLETED
5801,9,1,2024-04-25,2024-05-06,445.00,ON_HOLD
5802,368,10,2024-02-26,2024-03-04,674.00,COMPLETED
5803,102,8,2023-11-10,2023-11-25,958.00,ON_HOLD
5804,250,6,2024-05-19,2024-05-31,548.00,COMPLETED
5805,76,2,2025-10-26,2025-11-05,98.00,IN_PROGRESS
5806,487,9,2025-02-10,2025-02-14,756.00,ON_HOLD
5807,329,7,2024-01-30,2024-02-14,476.00,ON_HOLD
5808,262,12,2026-02-21,2026-03-01,462.00,COMPLETED
5809,30,6,2024-09-22,2024-09-27,222.00,IN_PROGRESS
5810,455,10,2026-03-14,2026-03-22,505.00,COMPLETED
5811,87,5,2024-04-20,2024-04-29,610.00,IN_PROGRESS
5812,85,9,2026-04-24,2026-04-29,501.00,COMPLETED
5813,112,1,2024-08-12,2024-08-28,612.00,COMPLETED
5814,425,11,2025-02-06,2025-02-20,808.00,ON_HOLD
5815,426,3,2025-07-09,2025-07-19,846.00,COMPLETED
5816,384,7,2025-10-09,2025-10-19,569.00,COMPLETED
5817,170,12,2023-08-12,2023-08-21,903.00,COMPLETED
5818,12,2,2024-10-31,2024-11-10,150.00,COMPLETED
5819,354,5,2025-11-14,2025-11-18,979.00,ON_HOLD
5820,155,9,2024-02-10,2024-02-20,543.00,COMPLETED
5821,455,8,2026-02-12,2026-02-15,369.00,COMPLETED
5822,360,10,2023-11-26,2023-12-06,592.00,COMPLETED
5823,295,9,2026-09-02,2026-09-15,729.00,IN_PROGRESS
5824,471,11,2026-06-25,2026-06-30,485.00,COMPLETED
5825,306,5,2023-09-22,2023-10-01,185.00,COMPLETED
5826,447,2,2024-01-20,2024-02-02,272.00,IN_PROGRESS
5827,120,9,2026-06-17,2026-06-29,544.00,ON_HOLD
5828,119,10,2024-07-19,2024-08-03,250.00,COMPLETED
5829,398,7,2023-10-23,2023-11-05,625.00,COMPLETED
5830,242,5,2023-09-28,2023-10-03,479.00,COMPLETED
5831,333,10,2025-02-19,2025-02-27,896.00,COMPLETED
5832,352,1,2024-08-30,2024-09-11,958.00,IN_PROGRESS
5833,96,5,2024-09-05,2024-09-09,818.00,COMPLETED
5834,404,7,2025-12-31,2026-01-05,334.00,COMPLETED
5835,439,8,2026-05-25,2026-06-08,946.00,COMPLETED
5836,398,3,2024-11-03,2024-11-06,748.00,COMPLETED
5837,182,7,2025-01-19,2025-01-27,477.00,COMPLETED
5838,455,1,2023-10-15,2023-10-27,68.00,COMPLETED
5839,192,5,2024-07-04,2024-07-15,432.00,IN_PROGRESS
5840,118,6,2024-12-17,2024-12-29,355.00,ON_HOLD
5841,188,6,2025-01-30,2025-02-10,182.00,COMPLETED
5842,245,11,2025-06-29,2025-07-12,191.00,COMPLETED
5843,413,1,2025-12-04,2025-12-11,212.00,COMPLETED
5844,116,10,2024-12-26,2025-01-02,934.00,COMPLETED
5845,466,10,2026-05-31,2026-06-04,599.00,COMPLETED
5846,258,10,2025-07-27,2025-08-04,405.00,COMPLETED
5847,202,2,2023-02-12,2023-02-16,333.00,ON_HOLD
5848,249,10,2023-01-11,2023-01-16,384.00,ON_HOLD
5849,201,6,2023-03-13,2023-03-17,744.00,IN_PROGRESS
5850,316,1,2024-01-07,2024-01-23,366.00,IN_PROGRESS
5851,23,5,2023-10-09,2023-10-25,621.00,COMPLETED
5852,399,9,2025-03-16,2025-03-22,133.00,COMPLETED
5853,489,7,2025-09-22,2025-10-02,987.00,IN_PROGRESS
5854,167,3,2023-12-27,2023-12-30,205.00,ON_HOLD
5855,211,9,2023-02-25,2023-03-11,323.00,COMPLETED
5856,466,5,2024-04-23,2024-05-06,123.00,COMPLETED
5857,371,2,2024-08-25,2024-08-31,728.00,IN_PROGRESS
5858,225,7,2024-07-14,2024-07-22,612.00,ON_HOLD
5859,182,2,2025-03-23,2025-03-26,933.00,IN_PROGRESS
5860,69,7,2025-03-21,2025-04-01,559.00,COMPLETED
5861,455,3,2023-12-31,2024-01-15,792.00,COMPLETED
5862,321,3,2023-12-16,2023-12-20,74.00,COMPLETED
5863,243,12,2024-09-16,2024-09-24,937.00,COMPLETED
5864,288,11,2026-06-28,2026-07-13,793.00,IN_PROGRESS
5865,215,1,2026-02-27,2026-03-13,190.00,COMPLETED
5866,57,4,2024-05-02,2024-05-10,691.00,ON_HOLD
5867,276,6,2023-02-06,2023-02-09,800.00,COMPLETED
5868,241,4,2025-11-20,2025-12-05,431.00,COMPLETED
5869,197,1,2025-10-15,2025-10-18,861.00,COMPLETED
5870,25,2,2025-03-11,2025-03-24,662.00,COMPLETED
5871,245,2,2023-01-30,2023-02-09,155.00,COMPLETED
5872,490,1,2025-07-25,2025-08-08,883.00,IN_PROGRESS
5873,309,8,2023-05-12,2023-05-22,879.00,IN_PROGRESS
5874,130,12,2025-07-26,2025-08-01,333.00,COMPLETED
5875,374,1,2026-07-27,2026-08-03,964.00,COMPLETED
5876,320,8,2023-12-23,2024-01-06,646.00,IN_PROGRESS
5877,277,4,2024-12-14,2024-12-22,472.00,COMPLETED
5878,208,9,2025-09-29,2025-10-03,272.00,COMPLETED
5879,339,2,2024-09-24,2024-10-01,572.00,COMPLETED
5880,32,3,2023-06-17,2023-06-21,550.00,COMPLETED
5881,123,11,2023-04-05,2023-04-18,232.00,COMPLETED
5882,298,3,2023-12-13,2023-12-22,98.00,COMPLETED
5883,193,3,2025-01-22,2025-01-31,112.00,IN_PROGRESS
5884,450,7,2026-05-11,2026-05-27,418.00,IN_PROGRESS
5885,429,8,2025-01-15,2025-01-26,980.00,COMPLETED
5886,489,6,2023-12-23,2024-01-02,735.00,IN_PROGRESS
5887,74,9,2024-05-19,2024-05-23,704.00,COMPLETED
5888,16,12,2025-07-25,2025-08-08,305.00,IN_PROGRESS
5889,51,7,2023-04-12,2023-04-16,509.00,IN_PROGRESS
5890,402,3,2026-05-05,2026-05-12,245.00,COMPLETED
5891,54,4,2024-10-27,2024-11-01,764.00,COMPLETED
5892,121,2,2025-02-03,2025-02-15,377.00,IN_PROGRESS
5893,410,10,2024-05-02,2024-05-08,858.00,ON_HOLD
5894,75,1,2023-12-27,2024-01-10,120.00,ON_HOLD
5895,10,12,2023-03-23,2023-03-27,675.00,COMPLETED
5896,374,10,2026-03-25,2026-03-30,839.00,COMPLETED
5897,6,1,2025-07-16,2025-07-27,826.00,COMPLETED
5898,372,1,2024-06-07,2024-06-23,923.00,ON_HOLD
5899,125,2,2023-09-23,2023-10-05,975.00,IN_PROGRESS
5900,247,3,2026-06-08,2026-06-22,463.00,COMPLETED
5901,80,9,2025-12-28,2026-01-07,141.00,COMPLETED
5902,222,4,2026-05-30,2026-06-14,490.00,COMPLETED
5903,118,2,2023-02-11,2023-02-19,571.00,COMPLETED
5904,422,3,2024-12-30,2025-01-06,703.00,COMPLETED
5905,100,1,2023-11-22,2023-12-07,177.00,COMPLETED
5906,385,10,2025-05-02,2025-05-08,131.00,COMPLETED
5907,167,6,2025-01-06,2025-01-12,156.00,COMPLETED
5908,490,2,2026-10-01,2026-10-04,250.00,COMPLETED
5909,315,10,2026-06-05,2026-06-13,66.00,IN_PROGRESS
5910,23,3,2025-10-31,2025-11-13,876.00,COMPLETED
5911,369,9,2023-07-08,2023-07-16,419.00,ON_HOLD
5912,362,9,2026-07-27,2026-08-12,969.00,COMPLETED
5913,108,8,2025-10-29,2025-11-05,778.00,COMPLETED
5914,257,7,2026-08-07,2026-08-22,158.00,COMPLETED
5915,190,5,2023-01-10,2023-01-19,93.00,COMPLETED
5916,191,10,2024-01-21,2024-02-05,615.00,COMPLETED
5917,414,10,2023-01-07,2023-01-10,300.00,COMPLETED
5918,333,12,2023-03-13,2023-03-29,796.00,ON_HOLD
5919,373,3,2025-05-16,2025-05-28,892.00,COMPLETED
5920,320,3,2025-05-02,2025-05-06,558.00,COMPLETED
5921,27,4,2023-10-17,2023-10-21,736.00,COMPLETED
5922,198,5,2025-01-27,2025-02-05,547.00,IN_PROGRESS
5923,1,3,2023-07-10,2023-07-26,658.00,IN_PROGRESS
5924,20,10,2023-04-21,2023-04-24,844.00,COMPLETED
5925,291,12,2023-02-07,2023-02-14,458.00,COMPLETED
5926,26,9,2026-05-27,2026-06-08,369.00,ON_HOLD
5927,15,3,2023-04-03,2023-04-09,923.00,COMPLETED
5928,55,12,2024-07-05,2024-07-13,240.00,COMPLETED
5929,138,3,2024-10-02,2024-10-11,856.00,IN_PROGRESS
5930,247,4,2026-03-02,2026-03-14,163.00,COMPLETED
5931,444,2,2024-08-10,2024-08-15,677.00,IN_PROGRESS
5932,346,6,2025-09-19,2025-09-28,867.00,COMPLETED
5933,354,9,2024-06-16,2024-06-28,766.00,COMPLETED
5934,122,8,2023-09-16,2023-10-01,220.00,COMPLETED
5935,324,9,2024-04-28,2024-05-05,485.00,COMPLETED
5936,277,11,2023-06-10,2023-06-15,256.00,IN_PROGRESS
5937,9,1,2024-05-21,2024-05-30,703.00,COMPLETED
5938,36,3,2023-09-03,2023-09-12,517.00,COMPLETED
5939,278,1,2023-12-19,2023-12-24,914.00,COMPLETED
5940,327,1,2023-08-26,2023-09-06,522.00,COMPLETED
5941,279,1,2024-01-15,2024-01-31,707.00,COMPLETED
5942,107,11,2023-05-03,2023-05-15,900.00,COMPLETED
5943,487,11,2023-06-12,2023-06-16,197.00,COMPLETED
5944,461,3,2024-03-22,2024-04-01,739.00,COMPLETED
5945,273,9,2025-08-04,2025-08-20,570.00,IN_PROGRESS
5946,465,3,2026-09-11,2026-09-19,414.00,COMPLETED
5947,312,4,2023-02-20,2023-03-04,70.00,COMPLETED
5948,197,9,2026-07-02,2026-07-10,784.00,IN_PROGRESS
5949,101,12,2025-10-14,2025-10-26,585.00,COMPLETED
5950,51,2,2026-04-20,2026-04-30,433.00,IN_PROGRESS
5951,253,5,2023-08-04,2023-08-09,990.00,COMPLETED
5952,439,11,2025-02-08,2025-02-23,906.00,COMPLETED
5953,109,6,2024-09-24,2024-10-05,370.00,COMPLETED
5954,304,3,2025-05-01,2025-05-06,186.00,ON_HOLD
5955,224,5,2025-05-10,2025-05-17,282.00,ON_HOLD
5956,57,3,2023-07-22,2023-08-04,717.00,IN_PROGRESS
5957,181,7,2023-12-18,2023-12-31,438.00,COMPLETED
5958,338,9,2023-05-31,2023-06-16,99.00,COMPLETED
5959,371,7,2025-10-03,2025-10-19,604.00,ON_HOLD
5960,465,3,2023-06-12,2023-06-23,858.00,COMPLETED
5961,189,6,2026-04-16,2026-04-27,495.00,COMPLETED
5962,283,8,2026-05-30,2026-06-05,147.00,IN_PROGRESS
5963,26,2,2024-07-12,2024-07-18,523.00,COMPLETED
5964,262,4,2026-09-21,2026-10-02,689.00,IN_PROGRESS
5965,467,8,2023-01-16,2023-01-21,278.00,IN_PROGRESS
5966,344,9,2023-06-06,2023-06-15,894.00,COMPLETED
5967,108,10,2025-07-08,2025-07-21,700.00,ON_HOLD
5968,192,10,2025-11-28,2025-12-11,708.00,COMPLETED
5969,483,12,2025-12-17,2026-01-02,190.00,COMPLETED
5970,291,12,2025-03-09,2025-03-16,499.00,COMPLETED
5971,381,8,2023-10-28,2023-10-31,972.00,COMPLETED
5972,474,7,2025-07-05,2025-07-17,277.00,COMPLETED
5973,229,6,2026-01-08,2026-01-17,413.00,COMPLETED
5974,205,2,2023-12-30,2024-01-06,691.00,COMPLETED
5975,178,12,2026-05-31,2026-06-09,563.00,ON_HOLD
5976,118,11,2024-08-15,2024-08-20,258.00,COMPLETED
5977,69,6,2024-04-11,2024-04-16,745.00,IN_PROGRESS
5978,287,2,2025-10-08,2025-10-22,839.00,IN_PROGRESS
5979,14,1,2026-05-24,2026-06-05,312.00,ON_HOLD
5980,319,6,2023-10-29,2023-11-08,900.00,COMPLETED
5981,69,2,2023-06-29,2023-07-03,834.00,COMPLETED
5982,86,4,2025-04-04,2025-04-17,375.00,COMPLETED
5983,283,1,2025-11-03,2025-11-17,558.00,COMPLETED
5984,400,1,2026-04-02,2026-04-15,520.00,IN_PROGRESS
5985,189,10,2023-03-11,2023-03-17,530.00,ON_HOLD
5986,269,4,2026-08-04,2026-08-15,964.00,IN_PROGRESS
5987,397,4,2023-11-30,2023-12-09,134.00,COMPLETED
5988,99,9,2024-11-23,2024-12-04,742.00,COMPLETED
5989,19,4,2024-12-21,2024-12-28,67.00,IN_PROGRESS
5990,320,10,2024-05-10,2024-05-16,788.00,ON_HOLD
5991,442,10,2026-02-13,2026-03-01,58.00,IN_PROGRESS
5992,346,6,2024-02-21,2024-02-28,383.00,COMPLETED
5993,268,6,2026-05-25,2026-06-07,154.00,COMPLETED
5994,270,12,2023-01-23,2023-02-07,569.00,COMPLETED
5995,51,12,2024-07-01,2024-07-16,241.00,COMPLETED
5996,466,10,2024-10-15,2024-10-31,348.00,COMPLETED
5997,398,11,2025-05-26,2025-05-29,504.00,COMPLETED
5998,35,3,2023-03-14,2023-03-27,286.00,COMPLETED
5999,6,7,2024-12-23,2024-12-30,650.00,IN_PROGRESS
6000,265,6,2026-08-16,2026-08-21,403.00,COMPLETED
6001,197,10,2025-09-17,2025-09-21,939.00,COMPLETED
6002,261,10,2026-03-12,2026-03-16,891.00,COMPLETED
6003,89,6,2024-09-07,2024-09-19,604.00,COMPLETED
6004,446,8,2024-01-31,2024-02-03,680.00,COMPLETED
6005,384,7,2024-01-13,2024-01-18,207.00,COMPLETED
6006,76,7,2023-04-06,2023-04-10,166.00,IN_PROGRESS
6007,147,6,2025-06-20,2025-06-30,327.00,COMPLETED
6008,120,9,2026-09-23,2026-10-08,319.00,IN_PROGRESS
6009,279,2,2024-07-04,2024-07-11,602.00,COMPLETED
6010,317,9,2025-07-27,2025-08-12,221.00,ON_HOLD
6011,222,3,2024-08-22,2024-09-07,727.00,COMPLETED
6012,192,12,2025-07-01,2025-07-16,54.00,COMPLETED
6013,225,4,2026-06-29,2026-07-08,782.00,COMPLETED
6014,278,7,2024-06-23,2024-07-08,806.00,COMPLETED
6015,155,6,2023-02-10,2023-02-17,205.00,COMPLETED
6016,183,7,2023-12-23,2024-01-05,96.00,ON_HOLD
6017,159,11,2024-01-07,2024-01-23,599.00,ON_HOLD
6018,14,12,2023-02-11,2023-02-15,103.00,COMPLETED
6019,451,1,2025-07-23,2025-08-06,540.00,ON_HOLD
6020,47,2,2025-06-26,2025-07-10,547.00,COMPLETED
6021,206,4,2025-04-09,2025-04-21,767.00,ON_HOLD
6022,387,8,2025-09-18,2025-09-29,398.00,IN_PROGRESS
6023,461,2,2025-09-12,2025-09-25,288.00,COMPLETED
6024,79,5,2023-03-28,2023-04-11,578.00,COMPLETED
6025,379,5,2024-03-22,2024-03-25,561.00,COMPLETED
6026,86,2,2023-10-11,2023-10-23,179.00,COMPLETED
6027,27,3,2026-01-22,2026-02-07,90.00,COMPLETED
6028,415,10,2024-09-08,2024-09-17,134.00,COMPLETED
6029,84,8,2024-02-17,2024-02-21,658.00,COMPLETED
6030,212,7,2024-05-04,2024-05-17,142.00,COMPLETED
6031,198,10,2023-01-20,2023-02-05,331.00,COMPLETED
6032,2,4,2024-01-29,2024-02-11,421.00,COMPLETED
6033,60,5,2023-12-28,2024-01-08,816.00,COMPLETED
6034,45,10,2024-11-29,2024-12-15,328.00,COMPLETED
6035,75,6,2026-09-28,2026-10-06,189.00,ON_HOLD
6036,194,2,2025-01-11,2025-01-16,878.00,IN_PROGRESS
6037,265,12,2023-01-15,2023-01-29,968.00,IN_PROGRESS
6038,460,7,2024-08-22,2024-08-30,713.00,COMPLETED
6039,230,6,2023-04-30,2023-05-03,796.00,IN_PROGRESS
6040,13,12,2026-04-27,2026-05-13,984.00,COMPLETED
6041,284,11,2023-07-10,2023-07-20,855.00,IN_PROGRESS
6042,406,10,2023-01-02,2023-01-09,731.00,COMPLETED
6043,410,11,2023-01-20,2023-01-26,113.00,ON_HOLD
6044,56,9,2026-01-28,2026-02-08,709.00,COMPLETED
6045,124,8,2025-03-28,2025-04-07,767.00,COMPLETED
6046,466,12,2025-12-23,2025-12-27,877.00,COMPLETED
6047,466,12,2026-08-22,2026-09-01,471.00,COMPLETED
6048,99,1,2026-07-17,2026-08-01,109.00,IN_PROGRESS
6049,66,6,2025-08-21,2025-08-28,925.00,ON_HOLD
6050,307,7,2023-04-07,2023-04-19,261.00,ON_HOLD
6051,74,1,2026-09-14,2026-09-30,793.00,ON_HOLD
6052,20,1,2024-01-26,2024-01-31,139.00,ON_HOLD
6053,256,12,2024-10-28,2024-11-11,511.00,COMPLETED
6054,409,3,2025-09-28,2025-10-13,577.00,COMPLETED
6055,468,11,2025-04-13,2025-04-27,536.00,COMPLETED
6056,34,3,2026-08-22,2026-08-30,94.00,COMPLETED
6057,459,11,2025-05-03,2025-05-19,412.00,ON_HOLD
6058,5,9,2024-11-01,2024-11-04,81.00,ON_HOLD
6059,316,12,2025-11-13,2025-11-26,915.00,COMPLETED
6060,38,3,2023-08-31,2023-09-12,162.00,COMPLETED
6061,483,9,2026-03-04,2026-03-20,363.00,COMPLETED
6062,75,7,2026-04-02,2026-04-11,188.00,COMPLETED
6063,374,1,2026-05-19,2026-05-22,679.00,COMPLETED
6064,306,6,2023-08-16,2023-08-24,474.00,COMPLETED
6065,180,8,2025-04-01,2025-04-15,825.00,ON_HOLD
6066,325,4,2025-03-11,2025-03-18,254.00,COMPLETED
6067,284,3,2024-12-24,2025-01-09,842.00,COMPLETED
6068,109,10,2023-11-24,2023-11-27,770.00,COMPLETED
6069,437,1,2023-11-09,2023-11-13,522.00,COMPLETED
6070,479,4,2025-08-16,2025-08-29,418.00,COMPLETED
6071,286,4,2024-04-16,2024-04-27,613.00,IN_PROGRESS
6072,151,12,2024-05-15,2024-05-26,364.00,COMPLETED
6073,3,10,2025-11-05,2025-11-12,519.00,COMPLETED
6074,300,5,2026-04-26,2026-04-29,452.00,COMPLETED
6075,35,12,2023-01-25,2023-01-29,836.00,ON_HOLD
6076,411,7,2024-09-06,2024-09-10,404.00,COMPLETED
6077,245,4,2024-11-28,2024-12-14,801.00,IN_PROGRESS
6078,373,7,2023-03-09,2023-03-20,707.00,ON_HOLD
6079,103,1,2024-04-22,2024-05-05,812.00,COMPLETED
6080,459,6,2026-03-21,2026-03-25,841.00,COMPLETED
6081,55,5,2025-04-10,2025-04-14,833.00,COMPLETED
6082,251,11,2025-08-09,2025-08-19,678.00,COMPLETED
6083,481,5,2024-01-11,2024-01-17,784.00,COMPLETED
6084,88,3,2024-01-30,2024-02-15,283.00,ON_HOLD
6085,140,10,2025-08-03,2025-08-07,480.00,COMPLETED
6086,378,8,2026-01-02,2026-01-14,672.00,ON_HOLD
6087,226,10,2026-01-17,2026-01-21,418.00,COMPLETED
6088,278,8,2023-08-22,2023-09-07,446.00,COMPLETED
6089,126,6,2024-06-14,2024-06-22,533.00,COMPLETED
6090,494,11,2025-04-04,2025-04-12,595.00,IN_PROGRESS
6091,475,3,2025-09-03,2025-09-08,245.00,COMPLETED
6092,31,8,2026-01-16,2026-01-21,841.00,COMPLETED
6093,208,4,2023-08-28,2023-09-01,879.00,COMPLETED
6094,100,5,2023-07-02,2023-07-13,238.00,COMPLETED
6095,472,1,2026-09-05,2026-09-16,924.00,COMPLETED
6096,172,10,2023-01-02,2023-01-07,376.00,COMPLETED
6097,428,6,2026-04-11,2026-04-15,336.00,COMPLETED
6098,430,1,2026-02-21,2026-02-24,502.00,COMPLETED
6099,339,11,2024-05-20,2024-05-30,284.00,COMPLETED
6100,304,1,2024-05-04,2024-05-13,299.00,COMPLETED
6101,412,2,2025-10-21,2025-11-01,243.00,COMPLETED
6102,437,6,2023-07-17,2023-07-27,768.00,IN_PROGRESS
6103,121,11,2025-07-09,2025-07-16,287.00,IN_PROGRESS
6104,345,11,2026-01-31,2026-02-06,379.00,COMPLETED
6105,154,2,2025-09-23,2025-10-06,501.00,COMPLETED
6106,357,11,2024-04-24,2024-04-30,381.00,IN_PROGRESS
6107,2,6,2025-11-01,2025-11-17,575.00,COMPLETED
6108,263,8,2023-02-12,2023-02-19,634.00,ON_HOLD
6109,225,6,2025-07-14,2025-07-18,734.00,IN_PROGRESS
6110,408,11,2026-02-02,2026-02-07,860.00,ON_HOLD
6111,389,11,2025-11-02,2025-11-06,683.00,COMPLETED
6112,24,10,2023-11-21,2023-11-28,297.00,COMPLETED
6113,350,7,2026-01-17,2026-01-24,987.00,ON_HOLD
6114,464,10,2026-06-08,2026-06-16,350.00,ON_HOLD
6115,162,9,2023-04-19,2023-05-05,674.00,ON_HOLD
6116,442,7,2024-03-24,2024-04-09,757.00,COMPLETED
6117,260,9,2023-09-05,2023-09-09,91.00,COMPLETED
6118,385,3,2026-08-25,2026-09-05,90.00,COMPLETED
6119,338,11,2024-03-27,2024-03-30,755.00,IN_PROGRESS
6120,303,12,2024-03-30,2024-04-06,825.00,COMPLETED
6121,130,12,2025-05-06,2025-05-10,354.00,ON_HOLD
6122,30,7,2025-05-23,2025-06-05,576.00,COMPLETED
6123,56,3,2023-04-06,2023-04-21,854.00,ON_HOLD
6124,375,6,2023-07-03,2023-07-08,752.00,IN_PROGRESS
6125,257,9,2025-02-27,2025-03-09,962.00,ON_HOLD
6126,332,10,2026-02-23,2026-02-26,176.00,ON_HOLD
6127,442,12,2024-12-29,2025-01-09,141.00,COMPLETED
6128,198,10,2023-08-15,2023-08-26,458.00,COMPLETED
6129,378,10,2023-02-28,2023-03-15,802.00,COMPLETED
6130,341,9,2023-10-27,2023-11-07,866.00,COMPLETED
6131,206,9,2024-02-12,2024-02-23,316.00,ON_HOLD
6132,456,10,2024-06-23,2024-06-28,153.00,COMPLETED
6133,331,5,2025-08-25,2025-09-07,322.00,ON_HOLD
6134,413,8,2025-02-03,2025-02-14,517.00,COMPLETED
6135,194,6,2025-09-07,2025-09-13,955.00,COMPLETED
6136,202,5,2025-08-06,2025-08-12,796.00,IN_PROGRESS
6137,371,2,2024-11-18,2024-12-04,998.00,COMPLETED
6138,198,9,2023-07-25,2023-08-09,531.00,COMPLETED
6139,125,7,2026-07-20,2026-07-25,444.00,COMPLETED
6140,285,7,2023-04-29,2023-05-15,58.00,COMPLETED
6141,3,8,2026-07-17,2026-07-23,945.00,IN_PROGRESS
6142,61,10,2023-03-12,2023-03-25,276.00,IN_PROGRESS
6143,339,9,2023-02-04,2023-02-17,488.00,COMPLETED
6144,267,6,2023-12-20,2024-01-04,95.00,ON_HOLD
6145,90,3,2025-02-14,2025-03-02,375.00,IN_PROGRESS
6146,221,9,2026-04-16,2026-04-26,743.00,ON_HOLD
6147,224,1,2024-10-26,2024-11-11,294.00,COMPLETED
6148,192,11,2024-10-25,2024-11-01,846.00,ON_HOLD
6149,164,11,2025-05-09,2025-05-13,697.00,IN_PROGRESS
6150,210,6,2026-09-22,2026-10-08,994.00,IN_PROGRESS
6151,343,6,2023-01-23,2023-01-31,605.00,IN_PROGRESS
6152,98,8,2025-02-04,2025-02-20,421.00,ON_HOLD
6153,415,5,2025-03-14,2025-03-25,263.00,COMPLETED
6154,351,2,2023-03-05,2023-03-11,528.00,COMPLETED
6155,185,5,2026-05-15,2026-05-18,524.00,COMPLETED
6156,84,6,2023-05-16,2023-05-30,929.00,COMPLETED
6157,174,5,2025-05-20,2025-05-26,253.00,IN_PROGRESS
6158,78,4,2024-05-31,2024-06-09,389.00,ON_HOLD
6159,118,11,2023-12-12,2023-12-27,582.00,COMPLETED
6160,99,1,2026-04-30,2026-05-13,769.00,COMPLETED
6161,387,7,2023-09-19,2023-09-29,383.00,COMPLETED
6162,466,4,2023-11-06,2023-11-14,723.00,IN_PROGRESS
6163,116,5,2024-01-27,2024-01-31,455.00,COMPLETED
6164,401,6,2026-03-10,2026-03-22,823.00,IN_PROGRESS
6165,105,11,2026-09-08,2026-09-24,432.00,IN_PROGRESS
6166,23,5,2025-12-13,2025-12-18,342.00,IN_PROGRESS
6167,496,11,2026-02-23,2026-02-27,870.00,COMPLETED
6168,466,5,2025-06-12,2025-06-18,981.00,COMPLETED
6169,472,6,2023-12-21,2024-01-01,635.00,COMPLETED
6170,270,1,2024-09-21,2024-10-02,675.00,COMPLETED
6171,350,4,2025-01-23,2025-01-31,795.00,COMPLETED
6172,300,3,2025-12-20,2025-12-23,119.00,COMPLETED
6173,190,11,2023-09-13,2023-09-24,683.00,COMPLETED
6174,452,12,2023-03-06,2023-03-12,318.00,COMPLETED
6175,394,5,2026-01-08,2026-01-13,947.00,IN_PROGRESS
6176,379,1,2024-08-28,2024-09-03,381.00,COMPLETED
6177,131,7,2024-09-22,2024-09-27,616.00,IN_PROGRESS
6178,8,5,2026-04-04,2026-04-17,612.00,COMPLETED
6179,354,7,2026-07-29,2026-08-04,197.00,COMPLETED
6180,63,3,2024-09-23,2024-09-29,950.00,COMPLETED
6181,434,5,2026-06-08,2026-06-23,521.00,ON_HOLD
6182,343,6,2024-03-02,2024-03-11,722.00,IN_PROGRESS
6183,61,1,2025-03-06,2025-03-18,166.00,ON_HOLD
6184,253,10,2024-06-10,2024-06-18,251.00,COMPLETED
6185,51,9,2024-04-22,2024-05-07,213.00,ON_HOLD
6186,3,7,2025-07-28,2025-08-09,514.00,COMPLETED
6187,462,3,2025-01-20,2025-01-28,374.00,COMPLETED
6188,404,2,2024-05-29,2024-06-12,379.00,IN_PROGRESS
6189,107,11,2024-10-28,2024-11-10,370.00,IN_PROGRESS
6190,343,11,2023-08-15,2023-08-28,299.00,COMPLETED
6191,255,10,2026-09-15,2026-09-23,76.00,ON_HOLD
6192,443,4,2024-07-20,2024-08-03,836.00,COMPLETED
6193,406,9,2026-07-27,2026-08-12,533.00,COMPLETED
6194,153,10,2026-05-16,2026-05-29,305.00,ON_HOLD
6195,187,11,2023-08-24,2023-08-29,371.00,COMPLETED
6196,195,12,2026-08-26,2026-09-10,760.00,COMPLETED
6197,162,2,2026-04-22,2026-05-07,244.00,COMPLETED
6198,348,12,2025-01-08,2025-01-13,340.00,ON_HOLD
6199,242,7,2026-02-09,2026-02-20,834.00,COMPLETED
6200,16,7,2025-05-17,2025-05-30,239.00,ON_HOLD
6201,432,6,2025-08-08,2025-08-19,967.00,COMPLETED
6202,179,4,2023-07-29,2023-08-05,804.00,COMPLETED
6203,288,10,2024-02-05,2024-02-09,676.00,COMPLETED
6204,193,8,2024-10-28,2024-11-11,749.00,COMPLETED
6205,179,6,2025-02-16,2025-02-21,735.00,IN_PROGRESS
6206,147,12,2025-08-30,2025-09-02,181.00,IN_PROGRESS
6207,267,12,2025-07-11,2025-07-16,704.00,IN_PROGRESS
6208,333,11,2026-09-05,2026-09-16,105.00,COMPLETED
6209,405,7,2025-08-19,2025-08-31,462.00,COMPLETED
6210,433,10,2023-08-05,2023-08-11,141.00,IN_PROGRESS
6211,276,3,2026-02-06,2026-02-11,418.00,IN_PROGRESS
6212,351,2,2026-04-12,2026-04-28,337.00,COMPLETED
6213,168,3,2023-09-22,2023-09-28,889.00,COMPLETED
6214,292,1,2026-03-22,2026-03-27,247.00,COMPLETED
6215,467,10,2025-12-29,2026-01-02,787.00,ON_HOLD
6216,50,7,2023-12-27,2024-01-04,519.00,COMPLETED
6217,44,4,2023-03-14,2023-03-24,818.00,COMPLETED
6218,381,11,2025-05-04,2025-05-07,63.00,COMPLETED
6219,260,7,2023-10-20,2023-11-05,571.00,COMPLETED
6220,60,12,2024-03-04,2024-03-15,932.00,ON_HOLD
6221,37,10,2023-11-22,2023-12-05,692.00,IN_PROGRESS
6222,193,8,2024-08-05,2024-08-20,149.00,COMPLETED
6223,34,2,2024-04-23,2024-05-01,378.00,IN_PROGRESS
6224,411,2,2025-10-17,2025-10-22,700.00,IN_PROGRESS
6225,192,12,2025-08-23,2025-08-29,248.00,ON_HOLD
6226,463,4,2024-08-08,2024-08-13,433.00,COMPLETED
6227,379,11,2026-07-14,2026-07-19,613.00,ON_HOLD
6228,84,1,2026-05-30,2026-06-03,664.00,COMPLETED
6229,335,12,2026-08-03,2026-08-18,436.00,COMPLETED
6230,436,10,2024-11-21,2024-11-27,420.00,COMPLETED
6231,225,10,2025-07-11,2025-07-24,248.00,COMPLETED
6232,61,7,2023-06-19,2023-07-03,578.00,ON_HOLD
6233,144,1,2023-11-11,2023-11-14,136.00,COMPLETED
6234,83,10,2025-02-15,2025-02-27,725.00,COMPLETED
6235,123,8,2025-08-09,2025-08-21,846.00,ON_HOLD
6236,406,6,2025-10-06,2025-10-10,708.00,IN_PROGRESS
6237,126,2,2023-06-04,2023-06-14,877.00,COMPLETED
6238,273,4,2024-11-25,2024-12-07,719.00,IN_PROGRESS
6239,460,12,2026-07-16,2026-07-27,265.00,COMPLETED
6240,44,11,2025-05-01,2025-05-15,285.00,COMPLETED
6241,120,7,2025-12-23,2025-12-30,296.00,IN_PROGRESS
6242,54,8,2024-09-28,2024-10-06,458.00,IN_PROGRESS
6243,95,6,2023-01-25,2023-01-28,52.00,ON_HOLD
6244,126,2,2023-02-08,2023-02-20,176.00,COMPLETED
6245,185,11,2026-04-25,2026-05-01,616.00,COMPLETED
6246,230,6,2023-06-24,2023-07-09,389.00,ON_HOLD
6247,196,1,2025-06-10,2025-06-21,555.00,COMPLETED
6248,82,5,2023-02-12,2023-02-24,477.00,IN_PROGRESS
6249,124,7,2026-06-01,2026-06-07,731.00,ON_HOLD
6250,144,3,2024-09-16,2024-09-26,324.00,COMPLETED
6251,254,1,2025-06-04,2025-06-17,995.00,ON_HOLD
6252,233,9,2025-07-08,2025-07-18,670.00,IN_PROGRESS
6253,302,3,2023-09-13,2023-09-27,759.00,IN_PROGRESS
6254,305,5,2024-09-19,2024-09-24,901.00,COMPLETED
6255,485,9,2023-07-20,2023-07-29,711.00,COMPLETED
6256,293,5,2024-08-06,2024-08-19,761.00,COMPLETED
6257,263,11,2024-08-15,2024-08-20,930.00,COMPLETED
6258,211,11,2025-11-16,2025-11-25,616.00,ON_HOLD
6259,350,10,2023-09-30,2023-10-06,480.00,COMPLETED
6260,232,5,2023-05-13,2023-05-23,512.00,COMPLETED
6261,120,11,2025-10-28,2025-11-05,808.00,ON_HOLD
6262,21,12,2024-09-26,2024-10-09,897.00,COMPLETED
6263,38,3,2024-08-01,2024-08-08,871.00,COMPLETED
6264,373,7,2024-08-29,2024-09-07,189.00,COMPLETED
6265,302,1,2026-04-28,2026-05-07,483.00,COMPLETED
6266,174,7,2023-03-22,2023-03-28,715.00,ON_HOLD
6267,439,10,2025-06-07,2025-06-19,129.00,COMPLETED
6268,35,4,2024-11-30,2024-12-16,415.00,COMPLETED
6269,95,5,2023-02-16,2023-02-20,326.00,COMPLETED
6270,346,9,2026-07-18,2026-07-24,371.00,COMPLETED
6271,2,12,2024-03-01,2024-03-12,259.00,COMPLETED
6272,61,11,2026-04-18,2026-04-28,478.00,IN_PROGRESS
6273,53,10,2023-03-06,2023-03-15,737.00,COMPLETED
6274,289,1,2025-08-01,2025-08-13,969.00,COMPLETED
6275,139,2,2023-12-05,2023-12-19,161.00,COMPLETED
6276,252,8,2023-12-30,2024-01-15,181.00,COMPLETED
6277,13,1,2026-09-24,2026-10-05,152.00,COMPLETED
6278,347,2,2023-09-14,2023-09-30,794.00,COMPLETED
6279,249,9,2024-08-12,2024-08-28,118.00,COMPLETED
6280,495,1,2025-07-15,2025-07-24,451.00,COMPLETED
6281,390,6,2024-06-26,2024-07-08,969.00,COMPLETED
6282,373,11,2025-05-15,2025-05-22,637.00,COMPLETED
6283,454,5,2023-09-17,2023-09-29,136.00,COMPLETED
6284,498,8,2024-04-18,2024-05-01,580.00,COMPLETED
6285,498,5,2025-08-17,2025-08-20,638.00,ON_HOLD
6286,438,5,2025-01-08,2025-01-19,456.00,IN_PROGRESS
6287,96,11,2026-09-20,2026-10-05,629.00,IN_PROGRESS
6288,406,7,2024-10-31,2024-11-07,558.00,ON_HOLD
6289,213,3,2023-10-16,2023-10-31,195.00,COMPLETED
6290,241,6,2026-03-19,2026-03-29,915.00,IN_PROGRESS
6291,143,1,2025-04-21,2025-04-26,368.00,COMPLETED
6292,8,2,2024-04-04,2024-04-10,957.00,COMPLETED
6293,168,11,2023-03-21,2023-04-06,854.00,COMPLETED
6294,166,4,2023-03-16,2023-03-28,287.00,IN_PROGRESS
6295,87,5,2023-11-01,2023-11-17,627.00,COMPLETED
6296,138,11,2024-03-29,2024-04-08,661.00,IN_PROGRESS
6297,246,4,2024-07-06,2024-07-16,84.00,COMPLETED
6298,71,4,2025-11-04,2025-11-20,931.00,COMPLETED
6299,491,7,2023-04-02,2023-04-13,744.00,COMPLETED
6300,38,12,2024-09-06,2024-09-11,728.00,ON_HOLD
6301,371,5,2025-09-27,2025-10-10,573.00,ON_HOLD
6302,117,1,2023-01-29,2023-02-04,175.00,IN_PROGRESS
6303,180,12,2025-03-11,2025-03-21,994.00,COMPLETED
6304,293,12,2025-03-17,2025-03-23,355.00,COMPLETED
6305,483,11,2025-12-08,2025-12-24,706.00,COMPLETED
6306,284,1,2025-11-19,2025-11-25,150.00,COMPLETED
6307,251,1,2023-10-01,2023-10-06,481.00,ON_HOLD
6308,31,12,2025-07-08,2025-07-18,210.00,COMPLETED
6309,2,7,2026-07-23,2026-07-27,459.00,COMPLETED
6310,380,8,2026-04-28,2026-05-05,68.00,COMPLETED
6311,384,8,2025-01-13,2025-01-23,784.00,IN_PROGRESS
6312,15,5,2023-06-13,2023-06-23,558.00,COMPLETED
6313,105,7,2024-07-22,2024-08-03,289.00,COMPLETED
6314,373,4,2023-08-26,2023-09-07,104.00,ON_HOLD
6315,142,4,2024-09-13,2024-09-21,160.00,IN_PROGRESS
6316,284,4,2024-11-27,2024-12-07,146.00,COMPLETED
6317,147,2,2024-05-08,2024-05-12,544.00,COMPLETED
6318,492,2,2025-08-21,2025-08-26,457.00,COMPLETED
6319,376,7,2025-12-12,2025-12-23,868.00,COMPLETED
6320,18,11,2024-01-14,2024-01-17,248.00,COMPLETED
6321,11,1,2024-05-11,2024-05-19,462.00,COMPLETED
6322,378,10,2025-09-26,2025-10-05,669.00,COMPLETED
6323,320,11,2025-04-02,2025-04-08,180.00,COMPLETED
6324,286,9,2024-02-02,2024-02-14,851.00,COMPLETED
6325,221,8,2023-01-21,2023-01-28,535.00,IN_PROGRESS
6326,6,12,2024-08-31,2024-09-16,948.00,ON_HOLD
6327,51,5,2024-11-25,2024-12-07,711.00,IN_PROGRESS
6328,411,11,2025-12-03,2025-12-18,792.00,ON_HOLD
6329,10,9,2025-01-21,2025-01-26,129.00,COMPLETED
6330,461,1,2026-03-17,2026-03-24,859.00,COMPLETED
6331,87,3,2025-04-11,2025-04-25,494.00,COMPLETED
6332,442,7,2025-02-07,2025-02-23,232.00,ON_HOLD
6333,446,3,2026-03-01,2026-03-07,73.00,IN_PROGRESS
6334,243,5,2023-08-24,2023-09-08,402.00,COMPLETED
6335,456,11,2023-07-14,2023-07-26,487.00,COMPLETED
6336,80,1,2024-03-20,2024-03-27,756.00,COMPLETED
6337,444,9,2023-07-31,2023-08-14,542.00,IN_PROGRESS
6338,224,10,2023-11-26,2023-12-06,252.00,IN_PROGRESS
6339,286,7,2025-04-10,2025-04-20,201.00,ON_HOLD
6340,89,8,2025-06-10,2025-06-17,794.00,COMPLETED
6341,195,11,2024-12-12,2024-12-21,866.00,ON_HOLD
6342,416,1,2023-08-21,2023-08-27,910.00,COMPLETED
6343,77,9,2024-07-16,2024-07-19,201.00,ON_HOLD
6344,479,5,2025-11-22,2025-12-05,814.00,COMPLETED
6345,481,4,2024-10-20,2024-10-27,290.00,COMPLETED
6346,9,9,2023-06-17,2023-06-20,794.00,IN_PROGRESS
6347,404,7,2025-12-26,2025-12-31,152.00,COMPLETED
6348,156,7,2026-01-13,2026-01-24,560.00,COMPLETED
6349,360,7,2026-06-26,2026-07-07,113.00,COMPLETED
6350,132,10,2026-01-09,2026-01-24,840.00,COMPLETED
6351,221,2,2025-11-18,2025-12-03,820.00,COMPLETED
6352,393,6,2023-11-01,2023-11-10,154.00,ON_HOLD
6353,109,5,2025-12-24,2026-01-01,654.00,COMPLETED
6354,386,3,2023-10-21,2023-10-30,915.00,COMPLETED
6355,120,8,2023-03-10,2023-03-21,155.00,ON_HOLD
6356,346,7,2025-02-22,2025-02-26,57.00,COMPLETED
6357,262,7,2023-08-08,2023-08-12,463.00,IN_PROGRESS
6358,97,10,2025-01-09,2025-01-15,209.00,COMPLETED
6359,82,7,2025-07-31,2025-08-07,733.00,COMPLETED
6360,311,10,2025-09-17,2025-09-30,323.00,COMPLETED
6361,424,6,2024-04-19,2024-04-29,770.00,ON_HOLD
6362,392,8,2024-11-05,2024-11-13,920.00,IN_PROGRESS
6363,161,8,2025-03-25,2025-04-04,179.00,COMPLETED
6364,495,4,2025-09-22,2025-10-01,945.00,COMPLETED
6365,40,2,2023-07-11,2023-07-20,707.00,COMPLETED
6366,208,4,2024-06-01,2024-06-14,426.00,COMPLETED
6367,50,5,2023-11-18,2023-12-04,514.00,COMPLETED
6368,367,5,2025-07-02,2025-07-11,693.00,COMPLETED
6369,93,5,2024-03-29,2024-04-02,694.00,ON_HOLD
6370,9,12,2026-02-26,2026-03-05,250.00,COMPLETED
6371,362,7,2023-11-08,2023-11-21,674.00,ON_HOLD
6372,433,12,2025-04-14,2025-04-17,586.00,IN_PROGRESS
6373,482,11,2025-12-22,2026-01-02,850.00,ON_HOLD
6374,51,5,2025-11-14,2025-11-21,428.00,COMPLETED
6375,398,9,2023-04-16,2023-04-26,82.00,IN_PROGRESS
6376,223,11,2023-01-14,2023-01-17,993.00,IN_PROGRESS
6377,243,11,2024-03-04,2024-03-12,429.00,ON_HOLD
6378,411,5,2025-02-23,2025-02-28,989.00,ON_HOLD
6379,245,10,2025-04-01,2025-04-11,284.00,IN_PROGRESS
6380,459,4,2026-03-27,2026-04-10,365.00,COMPLETED
6381,439,4,2026-08-16,2026-08-26,809.00,COMPLETED
6382,96,6,2024-07-27,2024-08-06,416.00,ON_HOLD
6383,404,1,2023-01-13,2023-01-18,543.00,ON_HOLD
6384,413,11,2025-10-29,2025-11-01,554.00,COMPLETED
6385,478,11,2025-06-29,2025-07-12,886.00,ON_HOLD
6386,204,6,2024-04-27,2024-05-08,993.00,COMPLETED
6387,52,6,2023-07-25,2023-08-04,71.00,COMPLETED
6388,101,12,2026-05-16,2026-05-21,749.00,COMPLETED
6389,157,5,2025-03-13,2025-03-23,735.00,COMPLETED
6390,467,7,2024-05-06,2024-05-21,881.00,COMPLETED
6391,293,11,2023-12-19,2024-01-02,614.00,IN_PROGRESS
6392,326,5,2026-04-25,2026-04-30,364.00,ON_HOLD
6393,203,1,2023-01-20,2023-01-31,205.00,IN_PROGRESS
6394,310,1,2023-03-15,2023-03-21,106.00,COMPLETED
6395,48,1,2026-02-04,2026-02-12,944.00,ON_HOLD
6396,494,4,2025-01-18,2025-01-28,544.00,IN_PROGRESS
6397,164,10,2024-09-22,2024-09-26,94.00,COMPLETED
6398,101,8,2026-01-03,2026-01-06,862.00,IN_PROGRESS
6399,13,3,2026-06-14,2026-06-17,311.00,COMPLETED
6400,462,7,2026-08-08,2026-08-11,782.00,IN_PROGRESS
6401,81,8,2024-03-31,2024-04-03,270.00,COMPLETED
6402,71,8,2023-06-17,2023-06-26,344.00,COMPLETED
6403,93,10,2024-02-14,2024-02-17,626.00,COMPLETED
6404,40,2,2025-11-26,2025-12-05,82.00,IN_PROGRESS
6405,231,10,2025-09-13,2025-09-16,909.00,IN_PROGRESS
6406,77,9,2024-11-21,2024-11-26,248.00,COMPLETED
6407,102,3,2025-12-20,2026-01-01,762.00,COMPLETED
6408,234,9,2025-03-19,2025-03-31,343.00,ON_HOLD
6409,120,8,2025-01-07,2025-01-22,505.00,COMPLETED
6410,420,3,2026-04-13,2026-04-16,942.00,ON_HOLD
6411,468,2,2025-06-08,2025-06-21,882.00,IN_PROGRESS
6412,491,12,2026-09-04,2026-09-12,156.00,COMPLETED
6413,138,10,2025-07-12,2025-07-19,385.00,ON_HOLD
6414,124,9,2025-03-31,2025-04-09,518.00,COMPLETED
6415,273,5,2024-10-01,2024-10-13,73.00,IN_PROGRESS
6416,380,7,2026-09-28,2026-10-05,324.00,COMPLETED
6417,351,2,2023-12-20,2023-12-26,625.00,IN_PROGRESS
6418,195,7,2026-03-07,2026-03-20,835.00,COMPLETED
6419,293,9,2024-10-14,2024-10-20,837.00,COMPLETED
6420,39,3,2026-02-07,2026-02-11,677.00,COMPLETED
6421,392,4,2023-06-16,2023-06-21,690.00,COMPLETED
6422,216,3,2025-11-19,2025-11-26,452.00,ON_HOLD
6423,50,12,2025-09-03,2025-09-17,101.00,COMPLETED
6424,464,6,2026-04-26,2026-05-11,852.00,ON_HOLD
6425,127,4,2025-08-30,2025-09-13,216.00,IN_PROGRESS
6426,491,11,2026-06-15,2026-06-27,401.00,COMPLETED
6427,128,5,2024-01-31,2024-02-08,293.00,COMPLETED
6428,294,10,2025-01-11,2025-01-14,622.00,COMPLETED
6429,374,12,2024-07-02,2024-07-18,852.00,COMPLETED
6430,12,12,2024-06-26,2024-07-10,563.00,COMPLETED
6431,484,3,2025-05-10,2025-05-15,994.00,ON_HOLD
6432,98,7,2026-08-15,2026-08-20,910.00,COMPLETED
6433,23,2,2026-07-07,2026-07-19,493.00,COMPLETED
6434,211,8,2024-09-22,2024-10-07,915.00,COMPLETED
6435,72,4,2026-05-08,2026-05-11,589.00,COMPLETED
6436,464,4,2023-07-10,2023-07-23,480.00,ON_HOLD
6437,368,2,2026-07-14,2026-07-19,299.00,COMPLETED
6438,197,2,2024-11-30,2024-12-10,95.00,COMPLETED
6439,106,4,2023-12-30,2024-01-12,167.00,ON_HOLD
6440,372,7,2026-04-21,2026-04-24,227.00,IN_PROGRESS
6441,101,8,2025-08-24,2025-09-09,301.00,COMPLETED
6442,235,7,2025-01-02,2025-01-16,681.00,COMPLETED
6443,469,3,2025-06-10,2025-06-20,270.00,IN_PROGRESS
6444,277,10,2025-04-04,2025-04-10,377.00,ON_HOLD
6445,152,7,2026-05-03,2026-05-11,343.00,COMPLETED
6446,58,8,2024-11-30,2024-12-03,382.00,COMPLETED
6447,17,6,2025-03-13,2025-03-22,520.00,ON_HOLD
6448,353,2,2023-03-01,2023-03-09,330.00,COMPLETED
6449,17,4,2025-03-11,2025-03-27,804.00,IN_PROGRESS
6450,342,12,2025-10-29,2025-11-14,776.00,IN_PROGRESS
6451,460,12,2023-02-20,2023-03-03,354.00,ON_HOLD
6452,396,5,2024-05-19,2024-05-31,72.00,COMPLETED
6453,362,10,2024-05-05,2024-05-18,672.00,IN_PROGRESS
6454,121,10,2026-06-11,2026-06-22,283.00,COMPLETED
6455,199,7,2024-09-25,2024-10-10,994.00,COMPLETED
6456,111,10,2026-03-11,2026-03-19,912.00,COMPLETED
6457,232,10,2025-11-24,2025-12-04,789.00,COMPLETED
6458,332,3,2025-04-21,2025-04-25,763.00,ON_HOLD
6459,119,8,2024-09-25,2024-09-28,659.00,COMPLETED
6460,36,10,2023-10-10,2023-10-18,593.00,IN_PROGRESS
6461,367,9,2025-01-02,2025-01-07,611.00,COMPLETED
6462,236,9,2023-01-24,2023-02-09,438.00,IN_PROGRESS
6463,311,4,2023-10-18,2023-10-30,790.00,ON_HOLD
6464,333,10,2023-03-13,2023-03-17,439.00,ON_HOLD
6465,397,5,2024-05-12,2024-05-24,181.00,COMPLETED
6466,361,9,2025-06-09,2025-06-24,675.00,COMPLETED
6467,5,10,2025-10-29,2025-11-06,919.00,COMPLETED
6468,61,1,2024-02-29,2024-03-10,545.00,COMPLETED
6469,280,5,2026-07-22,2026-07-25,516.00,ON_HOLD
6470,206,8,2024-12-27,2025-01-03,126.00,COMPLETED
6471,221,10,2025-06-06,2025-06-10,421.00,IN_PROGRESS
6472,58,12,2024-03-16,2024-03-30,471.00,IN_PROGRESS
6473,449,7,2026-08-06,2026-08-16,403.00,COMPLETED
6474,72,10,2024-06-16,2024-06-20,797.00,COMPLETED
6475,492,8,2023-03-18,2023-03-21,993.00,COMPLETED
6476,444,12,2026-02-13,2026-02-27,714.00,IN_PROGRESS
6477,290,5,2023-03-29,2023-04-08,905.00,COMPLETED
6478,2,4,2025-06-29,2025-07-09,273.00,COMPLETED
6479,442,3,2025-07-10,2025-07-21,161.00,COMPLETED
6480,317,2,2025-02-21,2025-03-06,653.00,IN_PROGRESS
6481,495,11,2025-11-13,2025-11-22,341.00,COMPLETED
6482,326,7,2023-03-10,2023-03-16,705.00,IN_PROGRESS
6483,211,5,2025-11-17,2025-11-25,481.00,COMPLETED
6484,169,3,2026-07-22,2026-07-25,951.00,ON_HOLD
6485,116,2,2025-03-29,2025-04-05,835.00,COMPLETED
6486,203,4,2023-07-10,2023-07-13,358.00,ON_HOLD
6487,459,2,2023-09-17,2023-09-23,343.00,ON_HOLD
6488,418,8,2023-09-22,2023-09-26,865.00,IN_PROGRESS
6489,36,3,2026-07-21,2026-08-04,901.00,COMPLETED
6490,145,4,2026-09-20,2026-10-04,950.00,ON_HOLD
6491,397,10,2024-04-05,2024-04-12,789.00,COMPLETED
6492,361,1,2025-03-28,2025-04-13,460.00,COMPLETED
6493,19,5,2024-09-22,2024-09-28,835.00,COMPLETED
6494,336,12,2025-06-29,2025-07-05,586.00,IN_PROGRESS
6495,76,8,2025-08-25,2025-09-10,444.00,COMPLETED
6496,87,12,2023-10-02,2023-10-11,521.00,ON_HOLD
6497,158,4,2026-01-21,2026-02-04,611.00,COMPLETED
6498,216,4,2024-09-20,2024-09-23,683.00,COMPLETED
6499,337,5,2024-12-28,2025-01-13,233.00,COMPLETED
6500,104,4,2024-10-04,2024-10-08,704.00,COMPLETED
6501,125,2,2025-05-28,2025-06-04,240.00,COMPLETED
6502,248,8,2026-08-22,2026-09-06,435.00,IN_PROGRESS
6503,499,8,2026-03-26,2026-04-10,713.00,COMPLETED
6504,377,8,2023-12-05,2023-12-18,737.00,COMPLETED
6505,464,12,2025-12-05,2025-12-13,710.00,ON_HOLD
6506,200,11,2023-05-27,2023-06-05,351.00,COMPLETED
6507,356,6,2024-08-08,2024-08-17,597.00,COMPLETED
6508,374,1,2023-06-15,2023-06-18,308.00,COMPLETED
6509,136,6,2025-08-22,2025-09-06,129.00,COMPLETED
6510,264,9,2026-03-29,2026-04-11,868.00,IN_PROGRESS
6511,24,11,2025-08-20,2025-08-31,555.00,IN_PROGRESS
6512,68,8,2025-09-16,2025-09-20,666.00,COMPLETED
6513,59,11,2026-04-17,2026-04-24,698.00,COMPLETED
6514,318,1,2023-04-19,2023-04-29,66.00,COMPLETED
6515,487,8,2024-03-25,2024-04-05,662.00,ON_HOLD
6516,332,1,2023-02-15,2023-02-25,528.00,COMPLETED
6517,413,4,2024-11-26,2024-12-02,380.00,IN_PROGRESS
6518,431,4,2024-01-26,2024-02-04,845.00,COMPLETED
6519,374,2,2023-07-02,2023-07-11,913.00,ON_HOLD
6520,409,10,2023-03-01,2023-03-12,304.00,COMPLETED
6521,59,12,2023-01-12,2023-01-25,739.00,ON_HOLD
6522,481,3,2025-12-22,2025-12-27,367.00,ON_HOLD
6523,108,4,2026-04-07,2026-04-14,254.00,IN_PROGRESS
6524,217,9,2024-11-28,2024-12-13,657.00,COMPLETED
6525,291,9,2024-02-12,2024-02-19,139.00,ON_HOLD
6526,13,8,2025-07-16,2025-07-29,638.00,COMPLETED
6527,454,11,2026-01-24,2026-01-30,491.00,IN_PROGRESS
6528,111,10,2024-04-28,2024-05-08,932.00,ON_HOLD
6529,386,7,2024-01-02,2024-01-17,400.00,COMPLETED
6530,457,2,2024-11-16,2024-12-01,456.00,ON_HOLD
6531,19,1,2025-06-01,2025-06-04,231.00,COMPLETED
6532,84,4,2025-05-25,2025-05-28,263.00,IN_PROGRESS
6533,1,4,2026-02-26,2026-03-13,927.00,COMPLETED
6534,367,5,2025-10-12,2025-10-27,72.00,ON_HOLD
6535,153,10,2024-06-12,2024-06-17,131.00,COMPLETED
6536,285,9,2023-06-11,2023-06-16,871.00,COMPLETED
6537,207,4,2025-06-05,2025-06-08,543.00,COMPLETED
6538,216,11,2025-10-31,2025-11-12,335.00,IN_PROGRESS
6539,234,1,2023-08-04,2023-08-15,603.00,ON_HOLD
6540,76,10,2023-10-15,2023-10-19,936.00,COMPLETED
6541,151,6,2023-01-11,2023-01-25,384.00,COMPLETED
6542,351,6,2026-06-15,2026-06-24,740.00,COMPLETED
6543,312,1,2024-05-30,2024-06-12,440.00,COMPLETED
6544,171,9,2025-11-13,2025-11-23,460.00,IN_PROGRESS
6545,337,11,2026-01-04,2026-01-09,955.00,COMPLETED
6546,105,11,2025-05-27,2025-05-31,127.00,ON_HOLD
6547,199,4,2024-06-25,2024-06-30,829.00,COMPLETED
6548,460,4,2023-10-28,2023-11-01,638.00,ON_HOLD
6549,363,9,2026-07-15,2026-07-27,199.00,COMPLETED
6550,214,10,2025-03-13,2025-03-18,228.00,COMPLETED
6551,264,8,2024-07-21,2024-07-31,590.00,IN_PROGRESS
6552,10,5,2026-05-12,2026-05-22,722.00,COMPLETED
6553,426,7,2023-03-20,2023-04-04,704.00,COMPLETED
6554,33,11,2023-03-28,2023-04-01,150.00,IN_PROGRESS
6555,399,10,2024-06-26,2024-07-05,632.00,IN_PROGRESS
6556,149,4,2024-03-27,2024-03-30,413.00,IN_PROGRESS
6557,151,11,2025-04-18,2025-04-27,930.00,IN_PROGRESS
6558,35,2,2024-07-04,2024-07-18,529.00,ON_HOLD
6559,378,1,2023-05-10,2023-05-19,188.00,COMPLETED
6560,283,4,2026-08-25,2026-08-30,224.00,COMPLETED
6561,367,9,2023-08-11,2023-08-21,804.00,ON_HOLD
6562,165,11,2025-06-30,2025-07-04,328.00,COMPLETED
6563,200,2,2025-11-28,2025-12-05,50.00,COMPLETED
6564,64,5,2023-10-24,2023-11-06,615.00,IN_PROGRESS
6565,237,9,2023-06-17,2023-06-21,963.00,COMPLETED
6566,102,1,2026-09-29,2026-10-14,700.00,ON_HOLD
6567,455,10,2024-11-20,2024-11-29,533.00,COMPLETED
6568,67,1,2023-08-24,2023-09-03,237.00,IN_PROGRESS
6569,94,2,2024-05-11,2024-05-27,455.00,COMPLETED
6570,3,3,2023-12-24,2024-01-04,500.00,ON_HOLD
6571,239,3,2024-12-12,2024-12-18,841.00,COMPLETED
6572,475,3,2024-02-01,2024-02-12,845.00,COMPLETED
6573,434,10,2024-01-24,2024-02-02,605.00,IN_PROGRESS
6574,385,11,2025-01-18,2025-02-03,849.00,COMPLETED
6575,124,3,2026-01-19,2026-01-31,255.00,COMPLETED
6576,65,4,2025-11-23,2025-11-27,61.00,IN_PROGRESS
6577,47,9,2026-07-07,2026-07-15,550.00,COMPLETED
6578,410,6,2023-02-09,2023-02-24,794.00,COMPLETED
6579,89,10,2024-10-25,2024-11-05,297.00,COMPLETED
6580,202,2,2024-02-26,2024-03-05,101.00,COMPLETED
6581,130,8,2024-10-20,2024-10-23,280.00,COMPLETED
6582,257,9,2023-04-05,2023-04-16,630.00,COMPLETED
6583,456,4,2025-05-13,2025-05-22,169.00,ON_HOLD
6584,217,8,2026-04-14,2026-04-19,623.00,COMPLETED
6585,123,9,2026-05-11,2026-05-26,479.00,COMPLETED
6586,241,12,2025-03-24,2025-04-06,254.00,IN_PROGRESS
6587,442,4,2023-08-20,2023-08-23,79.00,COMPLETED
6588,353,3,2025-09-26,2025-09-29,117.00,ON_HOLD
6589,288,7,2025-05-05,2025-05-14,561.00,COMPLETED
6590,312,9,2023-01-15,2023-01-21,95.00,ON_HOLD
6591,176,6,2026-09-11,2026-09-23,750.00,IN_PROGRESS
6592,4,2,2026-06-08,2026-06-15,840.00,IN_PROGRESS
6593,236,1,2026-08-02,2026-08-18,488.00,COMPLETED
6594,50,7,2024-07-12,2024-07-26,67.00,COMPLETED
6595,210,2,2023-10-08,2023-10-13,119.00,ON_HOLD
6596,160,10,2025-12-15,2025-12-26,596.00,COMPLETED
6597,358,9,2023-06-02,2023-06-07,814.00,COMPLETED
6598,321,8,2024-03-19,2024-03-25,752.00,COMPLETED
6599,404,10,2024-02-16,2024-02-28,928.00,ON_HOLD
6600,277,3,2024-09-02,2024-09-10,664.00,IN_PROGRESS
6601,140,8,2025-09-04,2025-09-12,329.00,COMPLETED
6602,472,9,2023-08-03,2023-08-11,56.00,ON_HOLD
6603,147,8,2026-01-06,2026-01-20,354.00,COMPLETED
6604,245,12,2026-06-08,2026-06-24,168.00,ON_HOLD
6605,332,11,2024-09-21,2024-09-26,430.00,COMPLETED
6606,398,7,2025-11-17,2025-11-25,729.00,COMPLETED
6607,95,2,2025-07-08,2025-07-11,436.00,ON_HOLD
6608,13,10,2023-06-26,2023-07-08,660.00,COMPLETED
6609,386,8,2025-11-28,2025-12-08,471.00,IN_PROGRESS
6610,294,7,2025-05-07,2025-05-15,892.00,COMPLETED
6611,209,6,2023-11-16,2023-11-23,297.00,COMPLETED
6612,134,7,2024-04-11,2024-04-15,662.00,COMPLETED
6613,314,1,2025-08-23,2025-09-05,881.00,COMPLETED
6614,298,11,2025-12-26,2026-01-04,161.00,COMPLETED
6615,33,11,2025-01-10,2025-01-13,248.00,COMPLETED
6616,1,2,2023-02-21,2023-03-01,74.00,COMPLETED
6617,139,12,2023-07-19,2023-07-31,909.00,COMPLETED
6618,443,5,2025-12-05,2025-12-17,768.00,COMPLETED
6619,63,1,2023-05-14,2023-05-29,790.00,ON_HOLD
6620,183,11,2025-05-16,2025-05-28,96.00,COMPLETED
6621,251,12,2026-06-11,2026-06-16,205.00,IN_PROGRESS
6622,190,4,2024-12-04,2024-12-17,793.00,COMPLETED
6623,418,2,2024-03-25,2024-04-04,565.00,COMPLETED
6624,348,9,2025-07-24,2025-08-04,445.00,COMPLETED
6625,494,5,2026-05-16,2026-05-31,118.00,ON_HOLD
6626,234,4,2026-04-25,2026-05-10,657.00,COMPLETED
6627,429,12,2024-09-20,2024-09-24,118.00,IN_PROGRESS
6628,319,4,2024-12-02,2024-12-15,310.00,COMPLETED
6629,281,4,2025-01-14,2025-01-23,699.00,ON_HOLD
6630,197,5,2026-02-18,2026-03-06,383.00,IN_PROGRESS
6631,30,7,2025-12-27,2025-12-30,78.00,ON_HOLD
6632,307,7,2025-01-09,2025-01-17,53.00,COMPLETED
6633,404,2,2024-02-04,2024-02-20,603.00,COMPLETED
6634,141,5,2023-02-09,2023-02-25,576.00,ON_HOLD
6635,462,4,2025-02-01,2025-02-12,850.00,COMPLETED
6636,121,6,2024-05-30,2024-06-07,104.00,COMPLETED
6637,366,5,2025-01-27,2025-02-01,810.00,COMPLETED
6638,129,5,2024-10-11,2024-10-15,392.00,COMPLETED
6639,4,9,2023-02-07,2023-02-16,124.00,COMPLETED
6640,379,10,2023-06-03,2023-06-15,222.00,COMPLETED
6641,375,10,2023-04-05,2023-04-12,783.00,COMPLETED
6642,60,5,2023-06-10,2023-06-23,991.00,ON_HOLD
6643,261,6,2024-07-16,2024-07-23,945.00,COMPLETED
6644,35,5,2025-10-11,2025-10-26,662.00,IN_PROGRESS
6645,180,3,2025-02-08,2025-02-19,500.00,COMPLETED
6646,305,11,2025-07-24,2025-08-03,439.00,COMPLETED
6647,312,3,2025-11-13,2025-11-16,939.00,COMPLETED
6648,189,2,2024-01-22,2024-01-25,647.00,IN_PROGRESS
6649,360,12,2025-05-08,2025-05-15,893.00,COMPLETED
6650,27,7,2023-02-08,2023-02-15,458.00,COMPLETED
6651,440,12,2023-12-25,2024-01-01,513.00,COMPLETED
6652,495,5,2024-09-01,2024-09-07,203.00,ON_HOLD
6653,174,2,2026-04-24,2026-05-08,601.00,IN_PROGRESS
6654,202,1,2024-08-03,2024-08-15,531.00,ON_HOLD
6655,290,8,2024-03-01,2024-03-15,647.00,COMPLETED
6656,184,2,2025-09-05,2025-09-15,380.00,COMPLETED
6657,44,9,2026-04-15,2026-04-21,242.00,COMPLETED
6658,484,10,2023-04-18,2023-04-25,884.00,COMPLETED
6659,428,12,2023-11-26,2023-12-11,874.00,COMPLETED
6660,263,5,2024-11-15,2024-11-24,151.00,IN_PROGRESS
6661,422,10,2023-12-15,2023-12-31,131.00,COMPLETED
6662,139,1,2024-05-19,2024-05-28,824.00,ON_HOLD
6663,237,6,2024-05-08,2024-05-13,650.00,COMPLETED
6664,302,4,2023-11-17,2023-12-03,709.00,COMPLETED
6665,152,8,2025-01-22,2025-01-25,174.00,COMPLETED
6666,299,3,2023-12-23,2024-01-01,683.00,COMPLETED
6667,267,7,2024-12-20,2024-12-29,261.00,IN_PROGRESS
6668,458,1,2026-09-24,2026-10-05,520.00,COMPLETED
6669,457,2,2024-05-10,2024-05-24,510.00,IN_PROGRESS
6670,144,11,2024-01-01,2024-01-17,262.00,COMPLETED
6671,246,12,2024-03-15,2024-03-30,910.00,ON_HOLD
6672,430,7,2026-07-12,2026-07-15,463.00,ON_HOLD
6673,63,4,2026-03-29,2026-04-04,497.00,IN_PROGRESS
6674,46,8,2023-11-19,2023-12-01,85.00,COMPLETED
6675,494,6,2023-09-26,2023-10-08,771.00,COMPLETED
6676,394,1,2025-06-24,2025-07-04,529.00,COMPLETED
6677,294,7,2024-12-24,2024-12-29,381.00,COMPLETED
6678,146,6,2026-08-18,2026-09-03,135.00,COMPLETED
6679,54,6,2024-05-23,2024-06-08,141.00,IN_PROGRESS
6680,167,12,2024-05-10,2024-05-23,454.00,COMPLETED
6681,358,6,2024-09-10,2024-09-22,245.00,COMPLETED
6682,226,3,2026-05-23,2026-06-04,274.00,COMPLETED
6683,65,1,2025-06-22,2025-06-25,735.00,ON_HOLD
6684,169,5,2026-07-30,2026-08-15,702.00,COMPLETED
6685,365,2,2024-05-24,2024-05-29,310.00,COMPLETED
6686,4,8,2026-08-20,2026-09-03,630.00,ON_HOLD
6687,369,3,2023-02-17,2023-03-01,921.00,COMPLETED
6688,322,12,2025-04-09,2025-04-23,909.00,COMPLETED
6689,409,6,2024-03-20,2024-04-04,650.00,COMPLETED
6690,273,10,2023-05-07,2023-05-22,657.00,COMPLETED
6691,121,2,2026-06-17,2026-06-20,471.00,COMPLETED
6692,277,11,2024-02-15,2024-02-23,89.00,ON_HOLD
6693,97,3,2023-04-13,2023-04-28,209.00,COMPLETED
6694,391,3,2026-04-27,2026-05-08,883.00,COMPLETED
6695,238,1,2026-09-03,2026-09-10,498.00,COMPLETED
6696,55,10,2025-08-20,2025-08-26,521.00,IN_PROGRESS
6697,309,5,2023-09-14,2023-09-21,124.00,COMPLETED
6698,322,5,2023-09-17,2023-09-21,666.00,ON_HOLD
6699,408,12,2023-06-12,2023-06-24,891.00,ON_HOLD
6700,215,1,2026-05-09,2026-05-13,409.00,COMPLETED
6701,71,9,2026-05-12,2026-05-28,666.00,COMPLETED
6702,157,6,2025-05-07,2025-05-21,585.00,COMPLETED
6703,224,11,2024-05-29,2024-06-03,145.00,COMPLETED
6704,248,2,2025-07-11,2025-07-25,322.00,COMPLETED
6705,120,3,2024-05-31,2024-06-15,277.00,COMPLETED
6706,183,8,2026-05-21,2026-06-05,202.00,COMPLETED
6707,57,11,2024-11-28,2024-12-06,343.00,COMPLETED
6708,455,1,2025-12-13,2025-12-21,811.00,IN_PROGRESS
6709,263,4,2024-03-03,2024-03-15,504.00,COMPLETED
6710,165,7,2024-12-16,2024-12-28,679.00,COMPLETED
6711,465,1,2023-04-30,2023-05-12,630.00,COMPLETED
6712,475,6,2023-02-25,2023-03-08,438.00,ON_HOLD
6713,484,6,2024-11-06,2024-11-21,344.00,COMPLETED
6714,151,11,2024-02-07,2024-02-12,663.00,COMPLETED
6715,359,7,2025-07-17,2025-07-23,531.00,COMPLETED
6716,69,12,2024-04-10,2024-04-25,632.00,IN_PROGRESS
6717,416,9,2023-10-21,2023-10-24,201.00,COMPLETED
6718,282,11,2025-01-23,2025-02-08,976.00,COMPLETED
6719,289,8,2025-08-20,2025-09-01,837.00,COMPLETED
6720,83,1,2023-10-03,2023-10-06,976.00,ON_HOLD
6721,419,2,2025-02-09,2025-02-20,759.00,COMPLETED
6722,477,11,2023-10-30,2023-11-13,497.00,ON_HOLD
6723,140,11,2025-11-19,2025-12-03,56.00,COMPLETED
6724,136,7,2024-12-16,2025-01-01,591.00,COMPLETED
6725,384,2,2023-02-05,2023-02-16,968.00,COMPLETED
6726,410,6,2026-04-03,2026-04-07,938.00,COMPLETED
6727,40,3,2024-06-07,2024-06-22,486.00,COMPLETED
6728,466,6,2025-08-11,2025-08-17,629.00,COMPLETED
6729,53,2,2025-05-30,2025-06-10,97.00,COMPLETED
6730,419,5,2023-08-10,2023-08-14,101.00,COMPLETED
6731,451,7,2023-11-10,2023-11-16,318.00,ON_HOLD
6732,172,6,2025-03-04,2025-03-12,611.00,COMPLETED
6733,80,9,2023-09-02,2023-09-06,801.00,IN_PROGRESS
6734,105,6,2026-01-27,2026-02-03,681.00,COMPLETED
6735,101,10,2023-07-29,2023-08-13,516.00,IN_PROGRESS
6736,53,3,2026-09-23,2026-10-06,490.00,ON_HOLD
6737,262,10,2025-07-17,2025-07-26,247.00,ON_HOLD
6738,190,5,2025-03-11,2025-03-20,566.00,COMPLETED
6739,352,11,2026-01-07,2026-01-20,439.00,COMPLETED
6740,346,1,2024-02-19,2024-02-26,236.00,COMPLETED
6741,52,9,2024-09-05,2024-09-09,948.00,IN_PROGRESS
6742,114,12,2024-07-19,2024-08-01,244.00,COMPLETED
6743,58,9,2023-07-09,2023-07-21,83.00,COMPLETED
6744,448,2,2024-12-09,2024-12-22,856.00,ON_HOLD
6745,78,10,2025-03-12,2025-03-17,250.00,COMPLETED
6746,83,7,2023-06-16,2023-06-26,331.00,COMPLETED
6747,381,6,2026-09-23,2026-09-27,753.00,IN_PROGRESS
6748,98,4,2023-05-12,2023-05-28,270.00,ON_HOLD
6749,183,7,2024-04-30,2024-05-04,669.00,ON_HOLD
6750,468,1,2026-08-16,2026-08-28,557.00,COMPLETED
6751,205,11,2026-03-08,2026-03-15,423.00,COMPLETED
6752,270,1,2026-01-10,2026-01-15,143.00,IN_PROGRESS
6753,124,5,2023-12-23,2024-01-05,379.00,COMPLETED
6754,397,10,2024-09-25,2024-10-08,676.00,COMPLETED
6755,185,4,2023-06-15,2023-06-19,284.00,COMPLETED
6756,489,8,2023-01-19,2023-01-31,107.00,ON_HOLD
6757,294,12,2025-07-28,2025-08-12,510.00,ON_HOLD
6758,412,9,2024-11-30,2024-12-16,803.00,ON_HOLD
6759,123,9,2025-10-05,2025-10-19,534.00,COMPLETED
6760,32,5,2024-06-14,2024-06-19,647.00,COMPLETED
6761,165,5,2025-02-03,2025-02-18,345.00,IN_PROGRESS
6762,206,5,2023-07-20,2023-07-30,882.00,IN_PROGRESS
6763,388,6,2025-08-06,2025-08-15,570.00,COMPLETED
6764,348,2,2025-05-29,2025-06-04,147.00,COMPLETED
6765,163,5,2026-08-06,2026-08-22,392.00,COMPLETED
6766,287,1,2023-06-07,2023-06-13,476.00,ON_HOLD
6767,50,10,2024-07-04,2024-07-11,445.00,COMPLETED
6768,238,10,2026-05-22,2026-05-30,714.00,COMPLETED
6769,86,7,2023-09-08,2023-09-11,805.00,IN_PROGRESS
6770,350,12,2024-05-27,2024-06-09,613.00,COMPLETED
6771,495,9,2023-06-04,2023-06-11,149.00,COMPLETED
6772,273,8,2024-10-09,2024-10-19,823.00,COMPLETED
6773,314,5,2024-07-29,2024-08-09,218.00,ON_HOLD
6774,239,6,2026-04-10,2026-04-18,632.00,COMPLETED
6775,318,3,2025-10-15,2025-10-25,322.00,COMPLETED
6776,457,4,2024-01-30,2024-02-10,485.00,COMPLETED
6777,498,8,2025-10-10,2025-10-21,189.00,COMPLETED
6778,450,8,2025-08-30,2025-09-09,326.00,IN_PROGRESS
6779,412,4,2023-09-28,2023-10-14,965.00,COMPLETED
6780,497,8,2024-02-24,2024-03-01,603.00,IN_PROGRESS
6781,108,6,2025-11-09,2025-11-25,274.00,IN_PROGRESS
6782,102,4,2024-01-06,2024-01-09,140.00,IN_PROGRESS
6783,101,8,2023-10-01,2023-10-10,649.00,ON_HOLD
6784,390,8,2024-04-25,2024-04-30,335.00,COMPLETED
6785,120,8,2025-06-20,2025-06-29,890.00,IN_PROGRESS
6786,358,9,2023-09-19,2023-09-25,938.00,COMPLETED
6787,375,2,2024-03-08,2024-03-22,126.00,COMPLETED
6788,428,8,2023-01-19,2023-01-25,152.00,COMPLETED
6789,218,2,2024-09-17,2024-10-02,397.00,COMPLETED
6790,289,5,2024-06-11,2024-06-22,699.00,COMPLETED
6791,355,11,2026-09-18,2026-09-27,669.00,COMPLETED
6792,334,1,2025-03-28,2025-04-01,891.00,COMPLETED
6793,451,8,2025-07-27,2025-08-12,393.00,ON_HOLD
6794,443,2,2024-03-04,2024-03-15,227.00,ON_HOLD
6795,333,10,2023-06-13,2023-06-17,397.00,IN_PROGRESS
6796,481,2,2024-07-10,2024-07-21,936.00,ON_HOLD
6797,477,1,2024-01-21,2024-01-31,543.00,ON_HOLD
6798,177,10,2026-01-18,2026-01-25,427.00,ON_HOLD
6799,156,3,2025-11-04,2025-11-09,579.00,ON_HOLD
6800,482,6,2023-02-17,2023-02-25,749.00,ON_HOLD
6801,1,3,2025-08-15,2025-08-25,350.00,ON_HOLD
6802,234,7,2025-02-21,2025-02-26,462.00,IN_PROGRESS
6803,263,7,2024-10-22,2024-10-31,913.00,COMPLETED
6804,124,7,2023-09-14,2023-09-26,294.00,COMPLETED
6805,18,2,2026-07-17,2026-08-01,979.00,COMPLETED
6806,337,8,2025-05-20,2025-05-24,174.00,COMPLETED
6807,250,7,2025-01-02,2025-01-05,94.00,ON_HOLD
6808,485,5,2024-05-29,2024-06-07,782.00,COMPLETED
6809,110,11,2024-06-18,2024-07-01,184.00,COMPLETED
6810,358,1,2024-04-06,2024-04-16,446.00,COMPLETED
6811,131,2,2024-06-14,2024-06-22,563.00,COMPLETED
6812,223,7,2023-03-26,2023-04-01,754.00,COMPLETED
6813,79,9,2025-02-07,2025-02-11,561.00,COMPLETED
6814,196,8,2026-03-05,2026-03-20,215.00,COMPLETED
6815,454,3,2024-07-01,2024-07-15,482.00,COMPLETED
6816,89,3,2026-08-03,2026-08-13,886.00,COMPLETED
6817,229,1,2026-02-14,2026-02-20,455.00,IN_PROGRESS
6818,39,1,2024-07-06,2024-07-19,652.00,COMPLETED
6819,500,10,2023-06-28,2023-07-12,828.00,COMPLETED
6820,251,2,2025-08-05,2025-08-21,685.00,IN_PROGRESS
6821,103,6,2025-10-11,2025-10-21,771.00,COMPLETED
6822,290,2,2025-02-08,2025-02-12,367.00,COMPLETED
6823,163,8,2024-03-16,2024-03-24,325.00,COMPLETED
6824,216,6,2026-09-03,2026-09-16,320.00,IN_PROGRESS
6825,297,12,2026-08-15,2026-08-21,280.00,COMPLETED
6826,55,9,2023-03-22,2023-04-02,730.00,COMPLETED
6827,256,11,2025-04-20,2025-05-04,62.00,COMPLETED
6828,193,2,2023-06-02,2023-06-06,548.00,IN_PROGRESS
6829,315,12,2024-11-21,2024-11-25,656.00,COMPLETED
6830,380,3,2025-03-27,2025-04-12,410.00,COMPLETED
6831,257,8,2026-09-24,2026-10-05,889.00,IN_PROGRESS
6832,304,8,2023-01-15,2023-01-23,917.00,COMPLETED
6833,407,12,2024-08-28,2024-09-06,793.00,ON_HOLD
6834,3,9,2023-03-25,2023-04-09,87.00,COMPLETED
6835,351,8,2026-01-06,2026-01-19,530.00,COMPLETED
6836,168,5,2025-03-29,2025-04-07,547.00,COMPLETED
6837,453,1,2023-10-19,2023-10-31,821.00,COMPLETED
6838,106,4,2026-04-12,2026-04-27,150.00,ON_HOLD
6839,149,12,2026-02-24,2026-03-10,594.00,IN_PROGRESS
6840,151,2,2024-11-08,2024-11-18,462.00,COMPLETED
6841,157,5,2025-11-22,2025-12-07,969.00,ON_HOLD
6842,319,12,2024-05-20,2024-06-01,821.00,COMPLETED
6843,140,3,2024-10-07,2024-10-18,583.00,IN_PROGRESS
6844,431,5,2024-08-30,2024-09-12,336.00,COMPLETED
6845,234,5,2023-05-03,2023-05-12,610.00,COMPLETED
6846,352,6,2024-06-01,2024-06-08,776.00,IN_PROGRESS
6847,212,5,2023-12-31,2024-01-05,799.00,ON_HOLD
6848,98,11,2025-11-26,2025-12-02,96.00,ON_HOLD
6849,207,5,2025-05-15,2025-05-25,677.00,IN_PROGRESS
6850,214,11,2024-08-13,2024-08-27,976.00,COMPLETED
6851,218,8,2026-05-22,2026-05-29,522.00,COMPLETED
6852,189,10,2026-07-21,2026-07-31,673.00,COMPLETED
6853,453,10,2024-09-04,2024-09-11,815.00,COMPLETED
6854,216,9,2025-12-02,2025-12-05,663.00,IN_PROGRESS
6855,343,8,2026-05-22,2026-06-02,812.00,ON_HOLD
6856,162,12,2025-05-11,2025-05-23,680.00,ON_HOLD
6857,432,9,2025-11-24,2025-12-03,324.00,ON_HOLD
6858,315,12,2025-04-07,2025-04-16,940.00,COMPLETED
6859,144,9,2026-02-04,2026-02-20,440.00,ON_HOLD
6860,308,2,2023-08-04,2023-08-18,691.00,ON_HOLD
6861,256,12,2023-07-28,2023-08-06,749.00,COMPLETED
6862,348,8,2024-09-06,2024-09-19,388.00,COMPLETED
6863,463,3,2025-09-08,2025-09-18,292.00,COMPLETED
6864,219,6,2023-07-29,2023-08-04,781.00,ON_HOLD
6865,473,5,2025-05-03,2025-05-06,524.00,COMPLETED
6866,303,12,2023-05-16,2023-05-28,958.00,ON_HOLD
6867,127,6,2026-08-06,2026-08-18,441.00,ON_HOLD
6868,23,1,2025-05-18,2025-06-02,609.00,ON_HOLD
6869,353,1,2026-07-28,2026-08-02,419.00,COMPLETED
6870,249,5,2023-05-13,2023-05-20,951.00,COMPLETED
6871,73,6,2025-10-24,2025-11-01,707.00,COMPLETED
6872,137,2,2025-02-26,2025-03-08,290.00,IN_PROGRESS
6873,317,3,2025-01-04,2025-01-09,773.00,COMPLETED
6874,437,3,2024-04-20,2024-05-04,486.00,IN_PROGRESS
6875,216,12,2026-01-26,2026-02-03,998.00,COMPLETED
6876,54,11,2026-04-21,2026-04-27,214.00,COMPLETED
6877,181,7,2025-08-06,2025-08-19,591.00,COMPLETED
6878,113,2,2026-09-15,2026-09-30,629.00,COMPLETED
6879,417,10,2026-06-12,2026-06-24,61.00,IN_PROGRESS
6880,243,4,2025-09-11,2025-09-19,496.00,COMPLETED
6881,239,12,2026-05-11,2026-05-21,934.00,IN_PROGRESS
6882,374,10,2025-09-28,2025-10-02,851.00,COMPLETED
6883,421,12,2024-11-18,2024-11-21,494.00,COMPLETED
6884,295,4,2026-02-27,2026-03-09,986.00,COMPLETED
6885,14,6,2024-04-21,2024-04-25,82.00,ON_HOLD
6886,413,5,2023-10-04,2023-10-12,558.00,COMPLETED
6887,389,12,2024-04-18,2024-05-02,612.00,ON_HOLD
6888,398,5,2025-07-01,2025-07-07,411.00,COMPLETED
6889,284,6,2024-01-11,2024-01-15,88.00,IN_PROGRESS
6890,42,6,2026-03-22,2026-04-06,675.00,ON_HOLD
6891,44,8,2026-07-10,2026-07-18,537.00,ON_HOLD
6892,477,5,2024-07-08,2024-07-16,819.00,COMPLETED
6893,65,1,2024-04-16,2024-04-22,79.00,COMPLETED
6894,355,11,2023-04-04,2023-04-19,424.00,IN_PROGRESS
6895,414,5,2025-08-14,2025-08-20,947.00,COMPLETED
6896,65,1,2026-05-03,2026-05-07,769.00,ON_HOLD
6897,96,8,2024-01-02,2024-01-14,610.00,COMPLETED
6898,183,10,2024-06-12,2024-06-20,789.00,COMPLETED
6899,40,12,2026-08-10,2026-08-14,878.00,COMPLETED
6900,436,10,2023-05-31,2023-06-13,486.00,ON_HOLD
6901,189,9,2023-05-19,2023-05-31,210.00,ON_HOLD
6902,300,10,2024-08-03,2024-08-12,737.00,IN_PROGRESS
6903,53,6,2023-04-16,2023-04-30,577.00,COMPLETED
6904,355,12,2025-10-01,2025-10-09,469.00,COMPLETED
6905,16,12,2026-05-14,2026-05-28,409.00,COMPLETED
6906,85,1,2023-05-10,2023-05-26,862.00,COMPLETED
6907,413,7,2024-10-12,2024-10-27,84.00,COMPLETED
6908,27,11,2023-10-02,2023-10-18,637.00,IN_PROGRESS
6909,422,2,2025-03-18,2025-03-26,331.00,COMPLETED
6910,198,11,2024-10-05,2024-10-18,468.00,COMPLETED
6911,137,8,2026-08-08,2026-08-13,248.00,ON_HOLD
6912,180,7,2023-05-21,2023-06-04,160.00,ON_HOLD
6913,493,11,2024-11-05,2024-11-19,710.00,COMPLETED
6914,35,9,2025-07-26,2025-08-07,919.00,ON_HOLD
6915,378,7,2025-03-02,2025-03-06,574.00,IN_PROGRESS
6916,235,7,2024-06-03,2024-06-09,356.00,COMPLETED
6917,127,10,2025-02-21,2025-03-09,268.00,COMPLETED
6918,476,1,2024-12-25,2025-01-03,582.00,COMPLETED
6919,143,11,2025-02-04,2025-02-08,780.00,IN_PROGRESS
6920,164,2,2024-08-01,2024-08-04,103.00,COMPLETED
6921,230,9,2023-05-30,2023-06-13,669.00,IN_PROGRESS
6922,152,3,2024-12-01,2024-12-05,65.00,COMPLETED
6923,189,2,2024-09-20,2024-10-05,541.00,COMPLETED
6924,400,5,2025-03-14,2025-03-17,626.00,ON_HOLD
6925,232,9,2024-02-23,2024-02-26,324.00,COMPLETED
6926,404,12,2025-11-04,2025-11-13,895.00,IN_PROGRESS
6927,321,4,2026-09-23,2026-10-09,996.00,COMPLETED
6928,10,7,2024-06-24,2024-07-04,381.00,ON_HOLD
6929,87,11,2023-01-20,2023-01-23,440.00,COMPLETED
6930,495,10,2024-04-27,2024-05-03,722.00,COMPLETED
6931,266,12,2023-02-04,2023-02-18,376.00,COMPLETED
6932,119,6,2025-05-06,2025-05-21,163.00,IN_PROGRESS
6933,204,12,2025-08-15,2025-08-19,252.00,COMPLETED
6934,344,12,2025-05-27,2025-06-01,749.00,COMPLETED
6935,274,2,2025-09-17,2025-09-22,500.00,COMPLETED
6936,81,2,2026-03-10,2026-03-21,611.00,COMPLETED
6937,462,6,2026-05-11,2026-05-18,763.00,COMPLETED
6938,313,10,2023-12-12,2023-12-18,941.00,COMPLETED
6939,341,11,2024-11-15,2024-11-18,539.00,IN_PROGRESS
6940,326,1,2024-07-15,2024-07-18,932.00,IN_PROGRESS
6941,282,9,2025-11-24,2025-12-06,420.00,ON_HOLD
6942,477,11,2024-04-26,2024-05-01,791.00,IN_PROGRESS
6943,189,10,2023-11-21,2023-12-01,497.00,COMPLETED
6944,114,10,2024-04-02,2024-04-13,206.00,ON_HOLD
6945,377,11,2023-10-30,2023-11-15,891.00,COMPLETED
6946,295,2,2023-04-07,2023-04-15,101.00,COMPLETED
6947,120,1,2025-02-02,2025-02-07,435.00,IN_PROGRESS
6948,219,5,2026-04-21,2026-05-01,761.00,COMPLETED
6949,179,10,2023-06-11,2023-06-21,74.00,COMPLETED
6950,442,12,2025-01-16,2025-01-19,722.00,ON_HOLD
6951,347,10,2023-06-04,2023-06-13,466.00,ON_HOLD
6952,42,1,2025-02-28,2025-03-11,581.00,COMPLETED
6953,118,8,2026-08-17,2026-08-31,598.00,COMPLETED
6954,121,1,2026-09-29,2026-10-07,451.00,COMPLETED
6955,35,8,2025-02-24,2025-02-27,720.00,IN_PROGRESS
6956,375,9,2024-04-01,2024-04-10,472.00,COMPLETED
6957,391,2,2023-12-14,2023-12-24,881.00,IN_PROGRESS
6958,148,12,2024-07-27,2024-08-08,360.00,COMPLETED
6959,483,12,2023-04-10,2023-04-16,516.00,COMPLETED
6960,119,12,2026-03-04,2026-03-20,676.00,COMPLETED
6961,93,11,2026-09-02,2026-09-07,970.00,IN_PROGRESS
6962,104,10,2025-01-16,2025-02-01,699.00,COMPLETED
6963,367,9,2026-03-23,2026-03-29,682.00,COMPLETED
6964,337,3,2023-09-08,2023-09-19,286.00,COMPLETED
6965,130,11,2025-04-14,2025-04-26,634.00,IN_PROGRESS
6966,286,4,2023-12-18,2023-12-24,256.00,ON_HOLD
6967,151,7,2023-01-12,2023-01-16,604.00,COMPLETED
6968,419,8,2023-06-20,2023-06-25,258.00,ON_HOLD
6969,405,2,2026-09-18,2026-09-21,989.00,IN_PROGRESS
6970,412,5,2025-05-11,2025-05-20,613.00,IN_PROGRESS
6971,427,3,2024-08-28,2024-09-11,976.00,COMPLETED
6972,184,9,2023-10-09,2023-10-25,318.00,IN_PROGRESS
6973,110,2,2026-05-10,2026-05-21,976.00,COMPLETED
6974,231,11,2023-02-13,2023-02-22,182.00,COMPLETED
6975,64,3,2024-02-19,2024-02-28,458.00,IN_PROGRESS
6976,98,9,2024-08-03,2024-08-14,615.00,COMPLETED
6977,395,4,2026-04-05,2026-04-20,581.00,IN_PROGRESS
6978,112,1,2026-03-09,2026-03-15,194.00,IN_PROGRESS
6979,227,3,2023-07-23,2023-07-29,672.00,COMPLETED
6980,473,5,2026-06-21,2026-06-28,338.00,IN_PROGRESS
6981,138,8,2026-04-02,2026-04-11,72.00,COMPLETED
6982,61,6,2023-04-06,2023-04-13,669.00,IN_PROGRESS
6983,158,6,2025-06-13,2025-06-23,880.00,COMPLETED
6984,57,3,2024-07-14,2024-07-28,631.00,IN_PROGRESS
6985,461,9,2023-11-24,2023-12-05,971.00,ON_HOLD
6986,231,2,2023-05-06,2023-05-09,731.00,COMPLETED
6987,113,9,2023-04-28,2023-05-08,969.00,COMPLETED
6988,354,1,2024-03-25,2024-04-02,400.00,IN_PROGRESS
6989,41,4,2026-08-23,2026-08-27,132.00,IN_PROGRESS
6990,201,5,2024-08-25,2024-08-29,850.00,ON_HOLD
6991,473,11,2025-10-09,2025-10-23,427.00,COMPLETED
6992,70,8,2023-03-17,2023-03-30,510.00,ON_HOLD
6993,278,1,2023-06-12,2023-06-17,437.00,COMPLETED
6994,24,12,2025-02-27,2025-03-07,947.00,COMPLETED
6995,144,7,2023-08-14,2023-08-18,469.00,COMPLETED
6996,498,8,2023-12-19,2023-12-31,855.00,COMPLETED
6997,323,5,2023-07-18,2023-08-01,262.00,IN_PROGRESS
6998,237,1,2026-08-02,2026-08-10,740.00,COMPLETED
6999,277,4,2025-02-20,2025-02-24,408.00,COMPLETED
7000,133,7,2025-03-09,2025-03-19,516.00,IN_PROGRESS
7001,381,1,2023-06-23,2023-07-04,588.00,COMPLETED
7002,463,3,2026-03-08,2026-03-15,514.00,IN_PROGRESS
7003,128,2,2025-12-16,2025-12-20,580.00,COMPLETED
7004,480,11,2025-06-17,2025-07-03,376.00,COMPLETED
7005,165,8,2024-03-13,2024-03-18,444.00,COMPLETED
7006,167,11,2024-12-10,2024-12-23,118.00,COMPLETED
7007,170,5,2024-10-11,2024-10-23,962.00,ON_HOLD
7008,410,9,2023-11-24,2023-12-01,253.00,COMPLETED
7009,112,3,2023-08-15,2023-08-20,802.00,COMPLETED
7010,173,8,2024-03-21,2024-03-29,385.00,COMPLETED
7011,31,6,2026-03-12,2026-03-16,612.00,COMPLETED
7012,79,12,2026-08-29,2026-09-13,438.00,COMPLETED
7013,157,12,2025-02-18,2025-03-03,429.00,COMPLETED
7014,268,7,2023-09-10,2023-09-13,464.00,IN_PROGRESS
7015,136,4,2025-09-08,2025-09-15,557.00,COMPLETED
7016,418,1,2026-05-27,2026-06-03,741.00,ON_HOLD
7017,191,7,2024-07-09,2024-07-15,390.00,COMPLETED
7018,371,5,2023-09-25,2023-10-08,427.00,IN_PROGRESS
7019,401,9,2024-03-07,2024-03-11,842.00,IN_PROGRESS
7020,292,5,2025-02-23,2025-03-03,408.00,COMPLETED
7021,496,10,2026-06-13,2026-06-24,545.00,COMPLETED
7022,225,6,2026-07-18,2026-07-28,201.00,COMPLETED
7023,98,2,2024-11-28,2024-12-09,404.00,ON_HOLD
7024,411,9,2025-05-24,2025-06-02,545.00,COMPLETED
7025,120,12,2023-04-21,2023-04-25,588.00,COMPLETED
7026,225,12,2024-05-17,2024-05-28,865.00,IN_PROGRESS
7027,401,10,2025-02-04,2025-02-20,81.00,ON_HOLD
7028,390,8,2025-05-21,2025-05-24,875.00,COMPLETED
7029,364,6,2025-08-16,2025-08-30,300.00,COMPLETED
7030,8,2,2023-02-20,2023-03-06,398.00,COMPLETED
7031,400,8,2024-08-03,2024-08-18,406.00,IN_PROGRESS
7032,468,1,2023-11-25,2023-12-05,997.00,IN_PROGRESS
7033,219,1,2023-05-06,2023-05-13,145.00,ON_HOLD
7034,395,9,2024-07-26,2024-08-10,931.00,COMPLETED
7035,352,8,2024-06-04,2024-06-17,944.00,COMPLETED
7036,185,7,2025-09-30,2025-10-16,171.00,COMPLETED
7037,407,8,2023-11-25,2023-12-10,649.00,ON_HOLD
7038,489,4,2023-07-24,2023-08-02,664.00,COMPLETED
7039,318,8,2024-03-17,2024-04-02,212.00,COMPLETED
7040,467,7,2026-04-11,2026-04-24,670.00,COMPLETED
7041,460,10,2026-04-07,2026-04-18,826.00,COMPLETED
7042,118,8,2026-01-24,2026-02-09,716.00,IN_PROGRESS
7043,56,12,2026-01-22,2026-01-28,267.00,COMPLETED
7044,156,6,2024-08-26,2024-09-03,636.00,COMPLETED
7045,66,1,2025-07-26,2025-08-10,559.00,ON_HOLD
7046,450,8,2024-06-23,2024-06-26,818.00,IN_PROGRESS
7047,266,11,2024-06-21,2024-06-24,936.00,ON_HOLD
7048,200,4,2025-11-09,2025-11-23,96.00,COMPLETED
7049,283,5,2024-10-09,2024-10-14,103.00,COMPLETED
7050,326,4,2024-05-19,2024-06-02,661.00,ON_HOLD
7051,425,2,2025-12-31,2026-01-11,349.00,ON_HOLD
7052,208,4,2025-03-21,2025-04-02,900.00,IN_PROGRESS
7053,83,7,2024-06-29,2024-07-07,873.00,COMPLETED
7054,261,11,2024-12-11,2024-12-18,706.00,COMPLETED
7055,466,9,2023-01-28,2023-01-31,620.00,COMPLETED
7056,249,11,2025-06-19,2025-06-28,819.00,IN_PROGRESS
7057,139,6,2024-10-24,2024-11-03,643.00,IN_PROGRESS
7058,460,9,2024-11-13,2024-11-28,74.00,COMPLETED
7059,248,3,2024-11-05,2024-11-08,655.00,COMPLETED
7060,478,5,2023-05-16,2023-05-21,966.00,ON_HOLD
7061,142,4,2025-11-27,2025-12-11,161.00,COMPLETED
7062,85,6,2023-08-23,2023-09-04,827.00,COMPLETED
7063,442,4,2023-01-13,2023-01-29,88.00,COMPLETED
7064,341,8,2024-05-04,2024-05-14,453.00,COMPLETED
7065,253,10,2026-08-13,2026-08-23,960.00,COMPLETED
7066,417,11,2024-01-24,2024-02-06,316.00,ON_HOLD
7067,21,9,2026-09-11,2026-09-23,306.00,COMPLETED
7068,142,12,2026-03-09,2026-03-25,480.00,COMPLETED
7069,475,5,2024-09-03,2024-09-17,283.00,COMPLETED
7070,138,12,2023-03-25,2023-04-03,125.00,COMPLETED
7071,433,9,2025-03-11,2025-03-19,153.00,ON_HOLD
7072,276,7,2026-07-05,2026-07-21,388.00,IN_PROGRESS
7073,465,8,2023-04-25,2023-05-11,507.00,COMPLETED
7074,81,11,2026-06-14,2026-06-20,255.00,ON_HOLD
7075,72,6,2026-06-15,2026-06-25,542.00,IN_PROGRESS
7076,198,7,2025-09-24,2025-09-30,369.00,COMPLETED
7077,443,4,2024-04-12,2024-04-24,328.00,IN_PROGRESS
7078,164,10,2024-10-15,2024-10-26,145.00,ON_HOLD
7079,390,8,2024-10-19,2024-11-04,821.00,COMPLETED
7080,288,10,2025-07-04,2025-07-17,600.00,COMPLETED
7081,351,2,2024-09-22,2024-09-30,625.00,COMPLETED
7082,295,2,2025-07-16,2025-07-27,595.00,COMPLETED
7083,443,3,2024-02-26,2024-03-02,844.00,COMPLETED
7084,351,7,2026-08-14,2026-08-30,579.00,COMPLETED
7085,286,3,2023-06-08,2023-06-17,405.00,COMPLETED
7086,234,9,2024-06-02,2024-06-14,847.00,COMPLETED
7087,493,7,2024-11-30,2024-12-10,872.00,COMPLETED
7088,104,10,2024-10-04,2024-10-10,236.00,ON_HOLD
7089,460,1,2024-01-21,2024-02-04,629.00,IN_PROGRESS
7090,413,6,2026-08-28,2026-09-05,541.00,ON_HOLD
7091,324,2,2025-03-29,2025-04-08,55.00,IN_PROGRESS
7092,173,10,2026-01-18,2026-01-23,717.00,IN_PROGRESS
7093,79,10,2025-12-17,2025-12-31,417.00,ON_HOLD
7094,99,2,2026-07-11,2026-07-16,550.00,COMPLETED
7095,238,7,2026-02-17,2026-02-26,312.00,ON_HOLD
7096,161,4,2025-03-02,2025-03-14,535.00,IN_PROGRESS
7097,395,2,2023-09-30,2023-10-16,474.00,IN_PROGRESS
7098,241,11,2025-05-24,2025-05-28,858.00,IN_PROGRESS
7099,408,8,2023-12-18,2024-01-01,931.00,COMPLETED
7100,367,7,2023-06-25,2023-07-08,462.00,ON_HOLD
7101,452,6,2023-01-26,2023-01-29,56.00,COMPLETED
7102,205,1,2023-04-22,2023-04-25,974.00,IN_PROGRESS
7103,226,6,2023-02-23,2023-03-06,265.00,COMPLETED
7104,244,3,2025-05-05,2025-05-21,88.00,ON_HOLD
7105,168,5,2025-01-17,2025-01-20,975.00,IN_PROGRESS
7106,65,10,2026-04-07,2026-04-18,209.00,IN_PROGRESS
7107,69,4,2026-01-06,2026-01-10,239.00,COMPLETED
7108,324,4,2023-05-12,2023-05-20,627.00,ON_HOLD
7109,249,1,2024-12-06,2024-12-22,63.00,COMPLETED
7110,302,4,2023-05-18,2023-05-23,730.00,COMPLETED
7111,33,5,2025-03-06,2025-03-09,590.00,COMPLETED
7112,424,4,2026-03-08,2026-03-15,468.00,IN_PROGRESS
7113,169,5,2024-07-28,2024-08-05,618.00,COMPLETED
7114,212,8,2023-08-27,2023-09-02,356.00,COMPLETED
7115,417,3,2023-11-19,2023-11-24,967.00,COMPLETED
7116,434,12,2023-09-05,2023-09-17,184.00,IN_PROGRESS
7117,188,6,2023-10-05,2023-10-08,468.00,COMPLETED
7118,402,4,2025-09-13,2025-09-21,685.00,IN_PROGRESS
7119,119,2,2026-02-01,2026-02-13,170.00,IN_PROGRESS
7120,89,4,2024-11-14,2024-11-21,532.00,IN_PROGRESS
7121,248,1,2023-09-03,2023-09-06,292.00,COMPLETED
7122,354,10,2026-07-17,2026-07-24,768.00,COMPLETED
7123,366,6,2023-12-25,2024-01-10,648.00,COMPLETED
7124,326,5,2026-09-11,2026-09-23,103.00,COMPLETED
7125,435,1,2024-11-01,2024-11-07,976.00,IN_PROGRESS
7126,273,9,2023-02-24,2023-03-01,810.00,COMPLETED
7127,123,12,2024-10-14,2024-10-17,496.00,COMPLETED
7128,149,8,2023-02-03,2023-02-15,194.00,COMPLETED
7129,116,6,2023-12-22,2023-12-27,963.00,ON_HOLD
7130,220,4,2024-11-03,2024-11-09,927.00,COMPLETED
7131,252,5,2024-04-02,2024-04-09,771.00,COMPLETED
7132,22,9,2026-05-10,2026-05-17,69.00,ON_HOLD
7133,220,9,2024-10-27,2024-11-07,285.00,COMPLETED
7134,97,1,2025-09-22,2025-10-07,582.00,COMPLETED
7135,481,11,2025-10-15,2025-10-21,716.00,IN_PROGRESS
7136,353,2,2023-10-30,2023-11-08,725.00,ON_HOLD
7137,30,12,2024-04-16,2024-04-20,908.00,COMPLETED
7138,44,2,2026-09-30,2026-10-13,133.00,COMPLETED
7139,382,6,2025-12-02,2025-12-05,762.00,COMPLETED
7140,413,6,2025-11-15,2025-11-30,278.00,ON_HOLD
7141,471,10,2025-05-11,2025-05-16,536.00,COMPLETED
7142,348,1,2024-08-16,2024-08-30,536.00,IN_PROGRESS
7143,496,6,2024-07-11,2024-07-20,753.00,ON_HOLD
7144,316,4,2024-09-26,2024-10-04,161.00,COMPLETED
7145,324,10,2024-06-13,2024-06-21,839.00,COMPLETED
7146,210,7,2026-03-23,2026-03-29,86.00,IN_PROGRESS
7147,27,3,2024-03-09,2024-03-23,457.00,IN_PROGRESS
7148,341,10,2025-03-01,2025-03-05,825.00,ON_HOLD
7149,363,11,2025-06-22,2025-06-28,489.00,COMPLETED
7150,162,3,2024-12-02,2024-12-12,839.00,IN_PROGRESS
7151,90,6,2024-10-20,2024-10-25,685.00,COMPLETED
7152,240,8,2024-07-02,2024-07-13,673.00,COMPLETED
7153,386,9,2025-03-28,2025-04-11,852.00,COMPLETED
7154,203,7,2026-01-07,2026-01-22,239.00,COMPLETED
7155,40,11,2024-12-15,2024-12-28,585.00,IN_PROGRESS
7156,172,10,2023-05-06,2023-05-17,649.00,IN_PROGRESS
7157,221,6,2024-03-10,2024-03-16,585.00,IN_PROGRESS
7158,203,3,2023-04-16,2023-04-20,247.00,IN_PROGRESS
7159,12,4,2025-06-16,2025-06-26,661.00,COMPLETED
7160,118,7,2026-02-02,2026-02-15,64.00,COMPLETED
7161,464,2,2026-05-16,2026-05-25,464.00,COMPLETED
7162,362,4,2024-06-28,2024-07-06,852.00,COMPLETED
7163,37,6,2025-04-12,2025-04-20,400.00,COMPLETED
7164,216,7,2024-02-01,2024-02-06,749.00,COMPLETED
7165,224,6,2024-04-03,2024-04-19,898.00,IN_PROGRESS
7166,462,12,2025-01-02,2025-01-10,768.00,IN_PROGRESS
7167,435,9,2023-07-23,2023-08-08,195.00,IN_PROGRESS
7168,349,6,2026-08-08,2026-08-17,320.00,IN_PROGRESS
7169,487,10,2026-02-27,2026-03-08,208.00,IN_PROGRESS
7170,487,3,2026-05-11,2026-05-17,353.00,COMPLETED
7171,480,2,2026-02-27,2026-03-03,422.00,IN_PROGRESS
7172,389,4,2024-06-06,2024-06-22,763.00,ON_HOLD
7173,21,7,2024-05-08,2024-05-16,479.00,COMPLETED
7174,275,5,2025-07-18,2025-07-26,853.00,COMPLETED
7175,405,6,2025-02-13,2025-02-18,953.00,COMPLETED
7176,327,11,2025-01-17,2025-01-24,690.00,COMPLETED
7177,474,2,2024-12-12,2024-12-16,658.00,ON_HOLD
7178,218,10,2024-04-13,2024-04-18,834.00,COMPLETED
7179,385,10,2023-09-18,2023-09-28,417.00,ON_HOLD
7180,249,6,2023-11-17,2023-11-27,976.00,ON_HOLD
7181,315,9,2023-01-30,2023-02-13,362.00,IN_PROGRESS
7182,32,11,2025-04-11,2025-04-19,423.00,ON_HOLD
7183,96,2,2026-02-17,2026-03-02,165.00,COMPLETED
7184,97,8,2026-06-27,2026-07-02,700.00,IN_PROGRESS
7185,110,7,2024-02-18,2024-02-26,106.00,COMPLETED
7186,489,11,2023-01-17,2023-01-28,515.00,COMPLETED
7187,59,3,2024-05-04,2024-05-13,207.00,ON_HOLD
7188,63,2,2025-06-01,2025-06-16,461.00,COMPLETED
7189,174,5,2023-10-30,2023-11-07,596.00,COMPLETED
7190,106,2,2026-06-23,2026-07-02,252.00,COMPLETED
7191,496,8,2025-03-10,2025-03-26,669.00,IN_PROGRESS
7192,433,6,2023-03-14,2023-03-23,674.00,COMPLETED
7193,71,7,2026-08-30,2026-09-07,97.00,COMPLETED
7194,73,2,2023-01-31,2023-02-06,261.00,COMPLETED
7195,121,12,2025-11-15,2025-11-29,553.00,COMPLETED
7196,470,9,2024-01-06,2024-01-20,619.00,ON_HOLD
7197,37,11,2024-05-15,2024-05-29,120.00,COMPLETED
7198,456,10,2024-09-12,2024-09-27,915.00,ON_HOLD
7199,307,1,2025-01-24,2025-02-02,613.00,COMPLETED
7200,478,8,2024-11-28,2024-12-08,96.00,IN_PROGRESS
7201,111,10,2023-08-18,2023-08-24,654.00,COMPLETED
7202,474,10,2024-02-17,2024-02-26,546.00,ON_HOLD
7203,240,6,2026-06-27,2026-07-06,813.00,ON_HOLD
7204,384,2,2023-06-02,2023-06-11,590.00,COMPLETED
7205,13,4,2025-07-27,2025-08-12,733.00,COMPLETED
7206,308,2,2023-12-05,2023-12-08,178.00,COMPLETED
7207,298,5,2024-02-28,2024-03-03,494.00,ON_HOLD
7208,457,8,2023-12-06,2023-12-17,600.00,COMPLETED
7209,171,12,2024-09-03,2024-09-14,96.00,COMPLETED
7210,470,12,2025-10-03,2025-10-06,962.00,ON_HOLD
7211,423,3,2023-10-31,2023-11-12,213.00,COMPLETED
7212,134,2,2023-01-19,2023-02-02,700.00,COMPLETED
7213,325,8,2024-11-22,2024-11-28,487.00,COMPLETED
7214,194,11,2024-10-14,2024-10-21,701.00,COMPLETED
7215,453,12,2025-05-03,2025-05-19,451.00,COMPLETED
7216,238,1,2025-01-22,2025-01-28,473.00,COMPLETED
7217,360,7,2025-11-10,2025-11-24,875.00,IN_PROGRESS
7218,29,5,2023-05-28,2023-06-12,777.00,COMPLETED
7219,403,3,2025-10-19,2025-10-29,368.00,COMPLETED
7220,76,2,2024-01-31,2024-02-10,617.00,COMPLETED
7221,235,3,2024-10-21,2024-11-05,86.00,IN_PROGRESS
7222,106,12,2025-06-25,2025-07-07,256.00,COMPLETED
7223,144,4,2024-10-15,2024-10-26,498.00,COMPLETED
7224,12,10,2024-09-08,2024-09-13,775.00,COMPLETED
7225,391,3,2024-12-23,2024-12-30,564.00,COMPLETED
7226,247,1,2024-02-26,2024-03-12,54.00,COMPLETED
7227,148,9,2025-07-07,2025-07-18,679.00,ON_HOLD
7228,66,2,2025-06-04,2025-06-15,920.00,IN_PROGRESS
7229,400,12,2023-08-04,2023-08-18,248.00,IN_PROGRESS
7230,399,8,2025-09-16,2025-09-25,498.00,ON_HOLD
7231,461,12,2024-05-11,2024-05-23,331.00,ON_HOLD
7232,302,5,2024-03-26,2024-04-01,383.00,IN_PROGRESS
7233,105,12,2024-06-24,2024-07-06,684.00,IN_PROGRESS
7234,447,4,2023-01-23,2023-02-05,459.00,ON_HOLD
7235,450,4,2024-03-13,2024-03-23,589.00,COMPLETED
7236,332,8,2024-04-24,2024-05-04,823.00,ON_HOLD
7237,328,12,2026-01-05,2026-01-19,927.00,COMPLETED
7238,476,3,2023-01-19,2023-01-28,113.00,COMPLETED
7239,454,2,2024-03-19,2024-04-04,366.00,COMPLETED
7240,140,7,2025-10-25,2025-11-10,307.00,COMPLETED
7241,339,7,2023-10-03,2023-10-17,451.00,IN_PROGRESS
7242,1,5,2023-07-24,2023-08-09,609.00,COMPLETED
7243,406,9,2024-07-09,2024-07-15,873.00,ON_HOLD
7244,50,11,2024-04-26,2024-05-06,59.00,ON_HOLD
7245,130,11,2023-04-14,2023-04-18,991.00,COMPLETED
7246,495,12,2026-09-30,2026-10-14,930.00,ON_HOLD
7247,259,2,2025-02-10,2025-02-24,810.00,IN_PROGRESS
7248,448,5,2026-07-03,2026-07-14,295.00,IN_PROGRESS
7249,162,1,2023-10-01,2023-10-06,626.00,COMPLETED
7250,95,5,2024-02-01,2024-02-13,473.00,COMPLETED
7251,228,1,2023-06-11,2023-06-27,419.00,IN_PROGRESS
7252,10,1,2024-03-15,2024-03-21,363.00,COMPLETED
7253,477,8,2025-02-24,2025-03-08,720.00,COMPLETED
7254,475,11,2025-03-08,2025-03-13,482.00,ON_HOLD
7255,213,4,2023-04-26,2023-05-08,663.00,COMPLETED
7256,293,9,2023-03-08,2023-03-17,548.00,COMPLETED
7257,446,1,2023-10-14,2023-10-21,917.00,COMPLETED
7258,217,1,2024-06-21,2024-06-24,439.00,COMPLETED
7259,495,9,2026-03-09,2026-03-25,412.00,COMPLETED
7260,282,5,2026-05-31,2026-06-08,502.00,COMPLETED
7261,313,1,2023-01-30,2023-02-09,636.00,COMPLETED
7262,114,3,2025-06-04,2025-06-08,780.00,ON_HOLD
7263,200,8,2026-01-18,2026-02-01,604.00,COMPLETED
7264,453,12,2023-02-16,2023-02-28,375.00,COMPLETED
7265,18,1,2025-07-02,2025-07-11,814.00,ON_HOLD
7266,64,4,2025-05-20,2025-05-25,988.00,COMPLETED
7267,489,9,2023-03-18,2023-04-01,865.00,COMPLETED
7268,309,9,2025-11-04,2025-11-16,852.00,IN_PROGRESS
7269,469,8,2024-12-01,2024-12-14,209.00,COMPLETED
7270,255,10,2025-01-14,2025-01-27,669.00,ON_HOLD
7271,300,1,2026-02-01,2026-02-11,58.00,IN_PROGRESS
7272,332,1,2023-01-24,2023-01-31,843.00,COMPLETED
7273,456,2,2025-10-24,2025-11-03,239.00,IN_PROGRESS
7274,397,4,2026-01-15,2026-01-26,826.00,COMPLETED
7275,94,4,2024-12-01,2024-12-11,543.00,IN_PROGRESS
7276,264,4,2025-05-20,2025-05-30,214.00,IN_PROGRESS
7277,424,1,2026-09-21,2026-09-26,876.00,ON_HOLD
7278,205,5,2024-11-22,2024-12-06,155.00,COMPLETED
7279,146,7,2024-04-16,2024-04-28,712.00,COMPLETED
7280,26,12,2026-07-24,2026-08-07,594.00,COMPLETED
7281,203,9,2026-08-31,2026-09-05,486.00,COMPLETED
7282,382,9,2026-08-02,2026-08-08,606.00,COMPLETED
7283,225,5,2023-12-21,2024-01-05,515.00,COMPLETED
7284,133,10,2025-12-17,2025-12-22,868.00,ON_HOLD
7285,495,9,2023-11-25,2023-11-28,704.00,COMPLETED
7286,7,7,2026-05-05,2026-05-20,373.00,COMPLETED
7287,104,6,2026-01-05,2026-01-17,375.00,IN_PROGRESS
7288,52,8,2023-06-07,2023-06-12,754.00,IN_PROGRESS
7289,82,3,2023-04-14,2023-04-29,593.00,COMPLETED
7290,76,5,2026-01-07,2026-01-13,652.00,ON_HOLD
7291,357,3,2025-07-25,2025-07-28,699.00,IN_PROGRESS
7292,96,1,2024-10-25,2024-10-31,754.00,COMPLETED
7293,55,8,2024-05-18,2024-06-02,297.00,IN_PROGRESS
7294,128,9,2026-05-21,2026-05-30,206.00,COMPLETED
7295,327,10,2025-08-30,2025-09-13,816.00,COMPLETED
7296,407,8,2025-11-13,2025-11-26,155.00,COMPLETED
7297,288,9,2025-08-01,2025-08-04,77.00,COMPLETED
7298,441,2,2025-06-16,2025-06-29,978.00,COMPLETED
7299,422,11,2023-10-17,2023-11-02,819.00,COMPLETED
7300,319,4,2023-12-15,2023-12-25,341.00,IN_PROGRESS
7301,429,3,2024-04-26,2024-05-07,367.00,IN_PROGRESS
7302,42,11,2023-03-11,2023-03-19,113.00,COMPLETED
7303,302,8,2023-09-05,2023-09-08,406.00,IN_PROGRESS
7304,2,9,2025-06-13,2025-06-20,912.00,COMPLETED
7305,184,5,2024-08-24,2024-09-06,374.00,IN_PROGRESS
7306,227,9,2023-11-29,2023-12-11,245.00,COMPLETED
7307,376,5,2024-05-22,2024-06-07,274.00,COMPLETED
7308,338,9,2025-02-26,2025-03-08,963.00,IN_PROGRESS
7309,6,9,2023-06-27,2023-07-13,411.00,COMPLETED
7310,493,5,2024-05-28,2024-05-31,256.00,ON_HOLD
7311,489,9,2025-08-07,2025-08-23,688.00,IN_PROGRESS
7312,103,3,2026-05-06,2026-05-18,650.00,COMPLETED
7313,33,5,2025-04-02,2025-04-05,957.00,COMPLETED
7314,459,3,2025-06-19,2025-06-30,699.00,ON_HOLD
7315,185,1,2023-03-01,2023-03-05,759.00,COMPLETED
7316,415,6,2025-12-27,2026-01-06,818.00,COMPLETED
7317,495,1,2023-05-16,2023-05-28,441.00,COMPLETED
7318,135,2,2023-08-07,2023-08-12,866.00,COMPLETED
7319,173,4,2024-12-05,2024-12-19,259.00,COMPLETED
7320,461,1,2023-08-01,2023-08-06,810.00,COMPLETED
7321,413,6,2026-03-30,2026-04-07,464.00,COMPLETED
7322,24,8,2025-04-14,2025-04-29,204.00,ON_HOLD
7323,43,10,2023-09-22,2023-09-30,862.00,COMPLETED
7324,456,12,2026-01-04,2026-01-09,61.00,COMPLETED
7325,402,7,2024-11-05,2024-11-20,739.00,COMPLETED
7326,79,7,2025-05-04,2025-05-11,414.00,COMPLETED
7327,148,3,2023-05-21,2023-05-24,694.00,ON_HOLD
7328,71,8,2025-11-12,2025-11-27,671.00,COMPLETED
7329,284,10,2025-08-10,2025-08-14,873.00,IN_PROGRESS
7330,304,4,2023-05-10,2023-05-15,131.00,COMPLETED
7331,166,1,2023-04-23,2023-05-08,145.00,IN_PROGRESS
7332,334,8,2025-08-25,2025-09-05,607.00,IN_PROGRESS
7333,187,4,2025-01-22,2025-02-03,833.00,COMPLETED
7334,405,3,2025-04-20,2025-04-24,626.00,COMPLETED
7335,128,6,2026-07-08,2026-07-21,293.00,ON_HOLD
7336,467,11,2024-09-09,2024-09-14,979.00,IN_PROGRESS
7337,170,1,2025-08-22,2025-09-04,642.00,COMPLETED
7338,293,9,2024-08-02,2024-08-07,572.00,IN_PROGRESS
7339,17,7,2023-03-02,2023-03-11,703.00,COMPLETED
7340,128,11,2025-08-27,2025-08-31,616.00,COMPLETED
7341,404,2,2025-08-30,2025-09-10,794.00,IN_PROGRESS
7342,404,7,2023-07-19,2023-07-25,168.00,IN_PROGRESS
7343,129,12,2026-03-03,2026-03-08,704.00,IN_PROGRESS
7344,314,3,2023-04-27,2023-05-04,851.00,COMPLETED
7345,29,3,2026-03-27,2026-04-06,135.00,COMPLETED
7346,191,7,2023-02-25,2023-03-04,510.00,COMPLETED
7347,217,12,2026-04-30,2026-05-10,564.00,IN_PROGRESS
7348,408,12,2024-01-03,2024-01-19,714.00,COMPLETED
7349,309,1,2023-06-01,2023-06-17,70.00,COMPLETED
7350,26,3,2024-09-13,2024-09-22,876.00,COMPLETED
7351,298,3,2026-08-13,2026-08-21,100.00,ON_HOLD
7352,463,3,2025-05-31,2025-06-14,560.00,COMPLETED
7353,73,4,2024-03-05,2024-03-18,264.00,COMPLETED
7354,222,5,2026-05-09,2026-05-14,659.00,COMPLETED
7355,14,4,2024-12-11,2024-12-18,417.00,COMPLETED
7356,285,8,2023-05-08,2023-05-15,275.00,ON_HOLD
7357,154,9,2025-03-16,2025-03-19,504.00,ON_HOLD
7358,450,8,2024-03-31,2024-04-04,936.00,IN_PROGRESS
7359,265,1,2025-11-12,2025-11-25,126.00,ON_HOLD
7360,424,5,2025-09-02,2025-09-13,119.00,IN_PROGRESS
7361,128,9,2025-01-21,2025-02-05,651.00,IN_PROGRESS
7362,184,12,2025-03-03,2025-03-08,108.00,COMPLETED
7363,252,9,2023-01-29,2023-02-12,126.00,COMPLETED
7364,362,1,2024-10-14,2024-10-28,556.00,ON_HOLD
7365,372,7,2024-10-20,2024-10-24,460.00,COMPLETED
7366,368,8,2025-06-14,2025-06-27,506.00,IN_PROGRESS
7367,500,1,2025-10-15,2025-10-24,709.00,COMPLETED
7368,443,5,2025-06-15,2025-06-30,296.00,COMPLETED
7369,309,5,2025-12-13,2025-12-23,573.00,ON_HOLD
7370,244,11,2025-09-01,2025-09-11,748.00,COMPLETED
7371,195,5,2026-07-16,2026-07-25,233.00,IN_PROGRESS
7372,109,1,2026-04-26,2026-05-08,422.00,ON_HOLD
7373,228,4,2024-01-24,2024-02-08,278.00,ON_HOLD
7374,106,5,2023-07-22,2023-07-26,250.00,COMPLETED
7375,145,3,2025-07-11,2025-07-24,426.00,COMPLETED
7376,316,11,2026-09-29,2026-10-14,930.00,COMPLETED
7377,302,7,2024-11-08,2024-11-22,740.00,COMPLETED
7378,354,5,2025-06-17,2025-06-20,123.00,COMPLETED
7379,254,5,2023-01-25,2023-01-30,557.00,ON_HOLD
7380,354,2,2026-06-13,2026-06-16,318.00,ON_HOLD
7381,397,10,2023-09-08,2023-09-14,381.00,COMPLETED
7382,233,4,2025-03-17,2025-03-27,562.00,IN_PROGRESS
7383,9,11,2023-08-29,2023-09-06,542.00,IN_PROGRESS
7384,214,9,2024-05-02,2024-05-05,634.00,COMPLETED
7385,128,2,2026-01-21,2026-01-27,656.00,COMPLETED
7386,341,7,2026-09-27,2026-10-02,233.00,COMPLETED
7387,115,6,2026-09-06,2026-09-19,246.00,ON_HOLD
7388,20,9,2025-12-20,2025-12-25,336.00,COMPLETED
7389,308,10,2026-01-19,2026-01-28,842.00,COMPLETED
7390,228,7,2024-07-02,2024-07-09,579.00,ON_HOLD
7391,258,12,2023-08-28,2023-09-10,416.00,IN_PROGRESS
7392,112,10,2025-03-21,2025-04-01,843.00,COMPLETED
7393,28,3,2023-11-30,2023-12-08,177.00,COMPLETED
7394,66,9,2025-01-13,2025-01-25,457.00,COMPLETED
7395,372,9,2025-07-13,2025-07-23,156.00,COMPLETED
7396,56,10,2025-09-28,2025-10-05,194.00,COMPLETED
7397,163,4,2023-08-09,2023-08-15,792.00,COMPLETED
7398,441,1,2024-01-17,2024-01-29,200.00,COMPLETED
7399,90,5,2024-08-07,2024-08-14,173.00,ON_HOLD
7400,299,12,2025-06-18,2025-06-24,376.00,ON_HOLD
7401,82,10,2024-05-22,2024-06-05,372.00,COMPLETED
7402,401,10,2024-05-05,2024-05-13,183.00,COMPLETED
7403,319,12,2025-01-31,2025-02-15,666.00,ON_HOLD
7404,315,4,2025-01-31,2025-02-11,298.00,COMPLETED
7405,384,4,2024-12-30,2025-01-12,842.00,ON_HOLD
7406,239,12,2024-03-20,2024-04-01,391.00,IN_PROGRESS
7407,82,8,2026-01-27,2026-02-01,669.00,COMPLETED
7408,126,11,2026-05-26,2026-06-04,690.00,COMPLETED
7409,305,2,2026-09-04,2026-09-11,664.00,IN_PROGRESS
7410,491,1,2025-02-16,2025-02-21,669.00,IN_PROGRESS
7411,110,11,2026-04-14,2026-04-19,804.00,ON_HOLD
7412,256,11,2024-11-24,2024-12-10,529.00,ON_HOLD
7413,291,8,2024-09-10,2024-09-17,182.00,COMPLETED
7414,37,2,2024-06-25,2024-07-03,323.00,IN_PROGRESS
7415,40,8,2024-10-07,2024-10-19,552.00,ON_HOLD
7416,25,2,2024-01-13,2024-01-24,58.00,IN_PROGRESS
7417,459,8,2025-07-09,2025-07-22,522.00,COMPLETED
7418,178,11,2024-10-12,2024-10-20,917.00,COMPLETED
7419,418,2,2026-01-25,2026-02-04,796.00,COMPLETED
7420,220,3,2023-01-17,2023-01-24,139.00,ON_HOLD
7421,106,10,2025-04-11,2025-04-14,729.00,COMPLETED
7422,249,4,2023-06-20,2023-06-27,384.00,ON_HOLD
7423,369,4,2025-02-21,2025-03-04,908.00,ON_HOLD
7424,257,7,2023-10-21,2023-11-03,364.00,COMPLETED
7425,206,12,2024-06-07,2024-06-17,188.00,ON_HOLD
7426,277,1,2025-12-03,2025-12-16,607.00,COMPLETED
7427,115,6,2023-08-26,2023-09-03,576.00,COMPLETED
7428,238,8,2023-12-20,2024-01-04,362.00,COMPLETED
7429,353,7,2024-01-30,2024-02-04,448.00,COMPLETED
7430,285,3,2024-07-15,2024-07-28,452.00,COMPLETED
7431,72,11,2025-10-07,2025-10-12,320.00,COMPLETED
7432,118,1,2023-10-13,2023-10-21,849.00,ON_HOLD
7433,372,8,2024-04-15,2024-04-27,985.00,ON_HOLD
7434,238,5,2026-07-21,2026-07-27,654.00,IN_PROGRESS
7435,117,7,2025-05-18,2025-06-01,193.00,COMPLETED
7436,180,7,2024-01-14,2024-01-24,894.00,COMPLETED
7437,324,8,2024-03-27,2024-04-06,896.00,ON_HOLD
7438,212,8,2024-11-06,2024-11-11,391.00,COMPLETED
7439,266,9,2024-01-03,2024-01-13,896.00,IN_PROGRESS
7440,421,7,2024-12-18,2024-12-29,838.00,COMPLETED
7441,290,7,2023-02-20,2023-03-01,209.00,IN_PROGRESS
7442,305,2,2024-06-20,2024-06-25,630.00,ON_HOLD
7443,103,12,2024-01-20,2024-01-24,568.00,ON_HOLD
7444,398,5,2024-05-21,2024-05-27,225.00,IN_PROGRESS
7445,120,9,2025-08-08,2025-08-17,673.00,COMPLETED
7446,103,11,2024-03-26,2024-04-09,246.00,ON_HOLD
7447,11,2,2023-09-24,2023-10-06,130.00,ON_HOLD
7448,279,2,2025-11-27,2025-12-06,434.00,COMPLETED
7449,113,10,2025-07-27,2025-08-02,928.00,COMPLETED
7450,291,11,2026-01-27,2026-02-04,572.00,COMPLETED
7451,222,7,2025-02-12,2025-02-28,401.00,ON_HOLD
7452,253,8,2024-11-01,2024-11-04,460.00,COMPLETED
7453,261,9,2023-01-18,2023-01-27,966.00,IN_PROGRESS
7454,281,3,2023-12-28,2024-01-11,603.00,COMPLETED
7455,234,10,2025-03-09,2025-03-25,157.00,COMPLETED
7456,2,2,2024-03-30,2024-04-12,613.00,COMPLETED
7457,194,8,2023-10-08,2023-10-23,637.00,IN_PROGRESS
7458,132,10,2024-06-07,2024-06-13,366.00,COMPLETED
7459,448,10,2026-01-14,2026-01-20,625.00,ON_HOLD
7460,46,12,2025-01-07,2025-01-11,614.00,COMPLETED
7461,60,8,2026-07-05,2026-07-13,556.00,IN_PROGRESS
7462,17,2,2026-03-19,2026-03-30,959.00,COMPLETED
7463,465,11,2024-04-20,2024-05-06,121.00,IN_PROGRESS
7464,154,11,2023-09-24,2023-10-09,372.00,ON_HOLD
7465,111,12,2025-10-08,2025-10-22,827.00,COMPLETED
7466,212,9,2026-06-21,2026-07-01,235.00,COMPLETED
7467,66,12,2023-09-09,2023-09-22,295.00,COMPLETED
7468,423,11,2025-02-16,2025-03-01,779.00,COMPLETED
7469,73,8,2023-01-20,2023-01-25,405.00,ON_HOLD
7470,169,2,2025-06-13,2025-06-23,842.00,COMPLETED
7471,396,2,2024-02-19,2024-02-23,256.00,COMPLETED
7472,383,10,2023-04-09,2023-04-18,546.00,COMPLETED
7473,43,10,2026-04-28,2026-05-04,721.00,COMPLETED
7474,397,8,2026-09-15,2026-09-29,893.00,IN_PROGRESS
7475,110,7,2026-03-28,2026-04-03,289.00,COMPLETED
7476,333,9,2025-01-13,2025-01-28,957.00,COMPLETED
7477,495,6,2023-01-02,2023-01-05,568.00,COMPLETED
7478,417,2,2026-08-22,2026-09-04,186.00,COMPLETED
7479,108,8,2023-02-11,2023-02-26,586.00,COMPLETED
7480,266,3,2024-08-23,2024-08-29,440.00,COMPLETED
7481,224,12,2024-07-27,2024-08-10,844.00,IN_PROGRESS
7482,244,5,2023-06-21,2023-06-29,180.00,COMPLETED
7483,496,1,2026-02-17,2026-03-04,784.00,COMPLETED
7484,329,5,2025-08-13,2025-08-16,381.00,IN_PROGRESS
7485,266,3,2025-04-28,2025-05-11,693.00,COMPLETED
7486,422,8,2023-09-22,2023-09-29,354.00,COMPLETED
7487,282,12,2024-03-21,2024-04-06,583.00,IN_PROGRESS
7488,334,1,2026-04-09,2026-04-21,328.00,COMPLETED
7489,341,7,2026-10-01,2026-10-04,130.00,COMPLETED
7490,56,12,2025-03-17,2025-03-27,906.00,COMPLETED
7491,408,4,2026-02-23,2026-02-26,256.00,IN_PROGRESS
7492,255,7,2024-03-07,2024-03-11,793.00,COMPLETED
7493,328,7,2024-10-02,2024-10-09,538.00,COMPLETED
7494,473,9,2026-09-29,2026-10-14,436.00,ON_HOLD
7495,30,8,2026-04-15,2026-04-29,611.00,COMPLETED
7496,451,2,2023-12-08,2023-12-13,145.00,COMPLETED
7497,394,4,2023-08-04,2023-08-10,875.00,ON_HOLD
7498,483,12,2025-06-17,2025-06-23,461.00,COMPLETED
7499,135,11,2024-09-02,2024-09-06,867.00,COMPLETED
7500,223,5,2024-09-02,2024-09-06,418.00,COMPLETED
7501,180,10,2023-06-10,2023-06-25,846.00,IN_PROGRESS
7502,67,1,2024-03-02,2024-03-09,947.00,IN_PROGRESS
7503,459,11,2023-02-19,2023-03-02,282.00,COMPLETED
7504,118,1,2026-09-17,2026-09-23,556.00,COMPLETED
7505,179,1,2023-08-02,2023-08-08,272.00,COMPLETED
7506,365,11,2025-06-11,2025-06-24,607.00,IN_PROGRESS
7507,172,12,2023-11-07,2023-11-23,301.00,COMPLETED
7508,115,10,2026-03-20,2026-03-27,67.00,COMPLETED
7509,90,4,2026-08-28,2026-09-07,320.00,COMPLETED
7510,271,9,2023-02-15,2023-02-23,955.00,COMPLETED
7511,278,11,2026-08-20,2026-08-29,594.00,IN_PROGRESS
7512,103,3,2023-12-20,2023-12-31,627.00,IN_PROGRESS
7513,174,8,2026-04-30,2026-05-11,971.00,COMPLETED
7514,392,10,2025-09-30,2025-10-13,389.00,COMPLETED
7515,23,7,2023-11-04,2023-11-12,961.00,IN_PROGRESS
7516,15,11,2024-09-17,2024-09-24,396.00,IN_PROGRESS
7517,122,4,2026-06-28,2026-07-12,283.00,IN_PROGRESS
7518,381,12,2024-05-19,2024-05-28,372.00,ON_HOLD
7519,80,6,2023-08-22,2023-08-27,688.00,COMPLETED
7520,28,5,2023-04-24,2023-05-03,789.00,COMPLETED
7521,137,12,2025-10-28,2025-11-03,514.00,COMPLETED
7522,348,2,2024-04-01,2024-04-04,519.00,ON_HOLD
7523,247,12,2026-03-12,2026-03-25,830.00,IN_PROGRESS
7524,279,3,2024-10-18,2024-10-27,422.00,COMPLETED
7525,401,2,2023-08-30,2023-09-07,238.00,ON_HOLD
7526,317,2,2024-03-02,2024-03-18,152.00,COMPLETED
7527,379,3,2024-01-21,2024-02-01,919.00,COMPLETED
7528,78,4,2024-04-05,2024-04-20,546.00,COMPLETED
7529,127,9,2024-08-11,2024-08-24,472.00,ON_HOLD
7530,91,11,2024-04-08,2024-04-18,801.00,COMPLETED
7531,196,8,2023-11-21,2023-12-03,602.00,IN_PROGRESS
7532,464,11,2025-06-12,2025-06-28,106.00,ON_HOLD
7533,283,8,2024-01-02,2024-01-05,568.00,COMPLETED
7534,473,11,2023-04-14,2023-04-23,198.00,IN_PROGRESS
7535,123,1,2024-02-05,2024-02-17,342.00,IN_PROGRESS
7536,260,7,2024-07-17,2024-07-25,239.00,COMPLETED
7537,81,8,2023-10-03,2023-10-16,133.00,IN_PROGRESS
7538,460,2,2026-03-09,2026-03-17,959.00,IN_PROGRESS
7539,461,11,2026-02-01,2026-02-15,783.00,COMPLETED
7540,174,5,2025-07-09,2025-07-14,752.00,IN_PROGRESS
7541,430,8,2024-04-11,2024-04-26,86.00,COMPLETED
7542,416,4,2025-06-24,2025-06-29,298.00,COMPLETED
7543,6,3,2026-08-28,2026-09-11,250.00,IN_PROGRESS
7544,43,1,2024-07-21,2024-08-02,852.00,COMPLETED
7545,264,10,2023-12-24,2024-01-06,602.00,COMPLETED
7546,344,4,2025-01-29,2025-02-09,659.00,COMPLETED
7547,165,4,2024-12-17,2024-12-21,353.00,ON_HOLD
7548,416,10,2023-05-15,2023-05-23,219.00,COMPLETED
7549,66,6,2023-04-19,2023-05-02,638.00,ON_HOLD
7550,72,1,2026-07-30,2026-08-14,959.00,COMPLETED
7551,164,9,2023-09-25,2023-10-07,735.00,COMPLETED
7552,455,10,2026-08-08,2026-08-13,139.00,COMPLETED
7553,344,7,2026-04-14,2026-04-22,189.00,ON_HOLD
7554,287,7,2024-12-21,2025-01-03,909.00,IN_PROGRESS
7555,297,10,2024-05-01,2024-05-06,662.00,COMPLETED
7556,7,9,2023-04-08,2023-04-17,839.00,COMPLETED
7557,331,2,2023-12-26,2024-01-06,963.00,COMPLETED
7558,82,10,2025-06-29,2025-07-12,548.00,IN_PROGRESS
7559,337,5,2026-06-15,2026-06-30,153.00,IN_PROGRESS
7560,466,12,2024-04-23,2024-05-09,255.00,COMPLETED
7561,479,8,2025-09-14,2025-09-22,459.00,COMPLETED
7562,270,9,2023-12-28,2024-01-12,408.00,IN_PROGRESS
7563,354,5,2023-09-13,2023-09-25,246.00,IN_PROGRESS
7564,26,4,2024-05-27,2024-06-10,454.00,COMPLETED
7565,68,9,2026-09-07,2026-09-16,755.00,IN_PROGRESS
7566,357,1,2023-05-25,2023-05-29,368.00,COMPLETED
7567,287,12,2024-07-10,2024-07-24,907.00,COMPLETED
7568,47,4,2023-04-09,2023-04-14,894.00,ON_HOLD
7569,325,4,2026-07-17,2026-07-23,607.00,COMPLETED
7570,109,7,2024-06-14,2024-06-18,520.00,COMPLETED
7571,418,7,2025-04-18,2025-04-23,302.00,IN_PROGRESS
7572,304,2,2024-02-06,2024-02-19,157.00,COMPLETED
7573,266,10,2023-01-23,2023-01-30,623.00,COMPLETED
7574,402,11,2024-02-17,2024-02-29,876.00,COMPLETED
7575,457,8,2024-02-25,2024-03-09,242.00,ON_HOLD
7576,295,5,2025-12-06,2025-12-21,273.00,COMPLETED
7577,419,8,2024-08-13,2024-08-25,87.00,ON_HOLD
7578,480,3,2026-05-21,2026-05-28,225.00,COMPLETED
7579,214,12,2026-08-10,2026-08-20,691.00,ON_HOLD
7580,369,3,2024-11-03,2024-11-16,622.00,IN_PROGRESS
7581,240,11,2023-01-30,2023-02-15,972.00,ON_HOLD
7582,178,9,2024-09-29,2024-10-08,707.00,COMPLETED
7583,305,8,2024-10-31,2024-11-04,139.00,COMPLETED
7584,272,2,2024-03-14,2024-03-17,959.00,ON_HOLD
7585,273,6,2026-02-16,2026-02-28,820.00,COMPLETED
7586,62,3,2023-06-05,2023-06-17,915.00,IN_PROGRESS
7587,420,12,2025-08-05,2025-08-12,236.00,IN_PROGRESS
7588,365,6,2023-05-04,2023-05-18,561.00,COMPLETED
7589,398,12,2024-07-26,2024-08-06,633.00,COMPLETED
7590,465,6,2023-05-12,2023-05-16,328.00,COMPLETED
7591,400,8,2023-09-11,2023-09-25,998.00,COMPLETED
7592,186,4,2023-02-18,2023-02-22,103.00,ON_HOLD
7593,168,4,2026-04-04,2026-04-10,301.00,ON_HOLD
7594,356,4,2026-04-12,2026-04-21,814.00,COMPLETED
7595,123,8,2024-06-12,2024-06-15,892.00,COMPLETED
7596,328,7,2025-04-22,2025-05-01,966.00,COMPLETED
7597,153,9,2025-12-10,2025-12-25,934.00,ON_HOLD
7598,115,8,2025-08-31,2025-09-14,347.00,COMPLETED
7599,290,3,2024-12-24,2025-01-06,71.00,ON_HOLD
7600,328,3,2023-10-22,2023-11-03,487.00,COMPLETED
7601,353,1,2023-07-13,2023-07-19,979.00,ON_HOLD
7602,384,6,2023-08-02,2023-08-16,156.00,ON_HOLD
7603,105,5,2023-11-14,2023-11-30,704.00,ON_HOLD
7604,420,4,2026-02-18,2026-03-06,844.00,ON_HOLD
7605,438,9,2024-06-30,2024-07-16,248.00,COMPLETED
7606,308,12,2024-01-16,2024-01-22,838.00,COMPLETED
7607,390,2,2025-03-05,2025-03-19,451.00,COMPLETED
7608,273,8,2023-08-26,2023-09-04,215.00,COMPLETED
7609,139,4,2024-03-11,2024-03-24,359.00,IN_PROGRESS
7610,414,7,2026-04-23,2026-05-05,544.00,COMPLETED
7611,331,9,2024-11-20,2024-12-03,175.00,COMPLETED
7612,323,1,2026-01-14,2026-01-18,823.00,ON_HOLD
7613,304,10,2024-04-20,2024-04-28,719.00,COMPLETED
7614,447,7,2023-06-02,2023-06-14,339.00,COMPLETED
7615,113,7,2023-05-01,2023-05-04,345.00,COMPLETED
7616,21,7,2023-12-10,2023-12-20,256.00,COMPLETED
7617,41,12,2024-07-31,2024-08-05,772.00,COMPLETED
7618,15,7,2024-02-13,2024-02-21,192.00,COMPLETED
7619,393,5,2024-11-09,2024-11-14,714.00,ON_HOLD
7620,404,1,2023-09-11,2023-09-27,252.00,COMPLETED
7621,274,11,2024-09-01,2024-09-05,461.00,COMPLETED
7622,106,7,2026-02-22,2026-03-05,981.00,COMPLETED
7623,65,3,2026-03-18,2026-03-22,76.00,COMPLETED
7624,171,12,2023-05-10,2023-05-19,62.00,COMPLETED
7625,217,2,2024-06-04,2024-06-15,643.00,COMPLETED
7626,99,12,2023-02-05,2023-02-19,504.00,IN_PROGRESS
7627,483,7,2025-12-19,2025-12-27,633.00,ON_HOLD
7628,402,8,2025-08-06,2025-08-10,150.00,ON_HOLD
7629,405,6,2026-07-03,2026-07-13,414.00,COMPLETED
7630,115,10,2025-07-19,2025-07-22,182.00,COMPLETED
7631,282,9,2024-01-15,2024-01-24,778.00,IN_PROGRESS
7632,342,7,2024-08-31,2024-09-06,773.00,COMPLETED
7633,102,4,2024-12-22,2025-01-04,361.00,IN_PROGRESS
7634,304,11,2024-01-11,2024-01-15,178.00,COMPLETED
7635,498,9,2025-02-28,2025-03-05,806.00,ON_HOLD
7636,361,1,2023-05-17,2023-05-21,429.00,COMPLETED
7637,370,5,2024-10-17,2024-10-31,655.00,COMPLETED
7638,21,12,2024-07-04,2024-07-09,379.00,IN_PROGRESS
7639,335,4,2023-01-06,2023-01-10,676.00,ON_HOLD
7640,193,7,2024-02-02,2024-02-09,935.00,ON_HOLD
7641,496,8,2025-08-02,2025-08-13,708.00,IN_PROGRESS
7642,324,6,2025-04-01,2025-04-16,911.00,IN_PROGRESS
7643,342,2,2023-05-28,2023-06-06,960.00,COMPLETED
7644,242,3,2026-06-10,2026-06-22,115.00,COMPLETED
7645,92,6,2026-05-01,2026-05-15,350.00,COMPLETED
7646,378,12,2024-12-28,2025-01-09,103.00,COMPLETED
7647,202,3,2023-05-18,2023-05-29,112.00,COMPLETED
7648,350,7,2024-06-24,2024-07-01,725.00,IN_PROGRESS
7649,451,12,2024-02-17,2024-02-29,73.00,COMPLETED
7650,470,9,2024-08-11,2024-08-16,590.00,COMPLETED
7651,361,8,2025-07-12,2025-07-26,624.00,ON_HOLD
7652,134,11,2025-03-11,2025-03-24,444.00,IN_PROGRESS
7653,389,6,2026-05-07,2026-05-21,673.00,COMPLETED
7654,4,11,2023-04-23,2023-05-06,687.00,COMPLETED
7655,388,10,2023-06-28,2023-07-02,962.00,IN_PROGRESS
7656,5,6,2025-07-30,2025-08-08,613.00,IN_PROGRESS
7657,451,12,2023-11-04,2023-11-19,793.00,ON_HOLD
7658,380,10,2025-08-25,2025-09-09,554.00,IN_PROGRESS
7659,302,12,2026-02-13,2026-02-19,514.00,COMPLETED
7660,348,4,2023-09-23,2023-09-26,103.00,IN_PROGRESS
7661,29,2,2024-06-01,2024-06-05,345.00,ON_HOLD
7662,397,12,2026-08-12,2026-08-18,465.00,COMPLETED
7663,117,7,2024-05-26,2024-06-06,689.00,COMPLETED
7664,351,5,2025-02-01,2025-02-04,866.00,COMPLETED
7665,69,12,2026-01-17,2026-01-25,223.00,COMPLETED
7666,62,8,2025-12-07,2025-12-19,706.00,COMPLETED
7667,258,7,2023-05-20,2023-06-02,399.00,ON_HOLD
7668,45,2,2023-05-24,2023-06-05,462.00,COMPLETED
7669,44,7,2024-03-04,2024-03-09,927.00,COMPLETED
7670,167,8,2025-02-19,2025-03-07,69.00,ON_HOLD
7671,80,9,2026-08-14,2026-08-24,872.00,ON_HOLD
7672,193,3,2024-05-16,2024-05-29,89.00,COMPLETED
7673,363,2,2025-01-11,2025-01-19,766.00,IN_PROGRESS
7674,110,3,2024-03-24,2024-04-05,953.00,ON_HOLD
7675,408,6,2023-10-27,2023-11-06,582.00,IN_PROGRESS
7676,110,8,2025-08-14,2025-08-29,674.00,IN_PROGRESS
7677,445,3,2025-01-29,2025-02-11,643.00,IN_PROGRESS
7678,275,7,2026-01-04,2026-01-08,354.00,COMPLETED
7679,40,2,2025-06-14,2025-06-24,161.00,COMPLETED
7680,407,1,2023-09-17,2023-09-27,893.00,COMPLETED
7681,435,10,2023-04-28,2023-05-13,584.00,COMPLETED
7682,93,9,2023-01-06,2023-01-20,221.00,COMPLETED
7683,296,4,2026-02-07,2026-02-18,852.00,ON_HOLD
7684,376,3,2026-06-15,2026-06-26,222.00,COMPLETED
7685,135,2,2024-07-21,2024-08-03,763.00,ON_HOLD
7686,486,11,2023-03-14,2023-03-30,98.00,COMPLETED
7687,153,4,2023-03-08,2023-03-13,220.00,COMPLETED
7688,116,2,2024-08-21,2024-08-25,814.00,COMPLETED
7689,365,11,2023-03-04,2023-03-11,778.00,IN_PROGRESS
7690,383,10,2026-04-06,2026-04-12,107.00,ON_HOLD
7691,450,11,2026-06-23,2026-07-07,973.00,ON_HOLD
7692,86,7,2024-09-04,2024-09-13,952.00,COMPLETED
7693,209,7,2025-08-18,2025-09-01,838.00,IN_PROGRESS
7694,129,2,2024-05-06,2024-05-12,663.00,ON_HOLD
7695,380,5,2026-03-06,2026-03-16,775.00,IN_PROGRESS
7696,60,3,2025-06-17,2025-06-30,430.00,COMPLETED
7697,178,6,2026-06-29,2026-07-07,995.00,COMPLETED
7698,443,9,2025-11-03,2025-11-11,152.00,ON_HOLD
7699,367,1,2026-07-09,2026-07-18,946.00,COMPLETED
7700,169,8,2026-03-22,2026-04-07,910.00,IN_PROGRESS
7701,243,8,2023-03-05,2023-03-10,925.00,COMPLETED
7702,126,4,2025-07-30,2025-08-05,397.00,COMPLETED
7703,232,7,2024-10-08,2024-10-11,985.00,ON_HOLD
7704,108,1,2023-04-20,2023-05-06,631.00,COMPLETED
7705,354,8,2024-06-09,2024-06-23,680.00,IN_PROGRESS
7706,425,5,2025-07-26,2025-08-06,97.00,COMPLETED
7707,157,5,2026-08-23,2026-09-03,434.00,ON_HOLD
7708,464,5,2026-04-25,2026-05-04,194.00,COMPLETED
7709,409,8,2026-08-16,2026-08-29,788.00,ON_HOLD
7710,415,6,2026-09-02,2026-09-05,426.00,COMPLETED
7711,55,11,2025-02-05,2025-02-19,244.00,COMPLETED
7712,46,11,2024-06-03,2024-06-07,944.00,COMPLETED
7713,120,6,2025-12-11,2025-12-19,187.00,ON_HOLD
7714,260,8,2025-08-04,2025-08-18,876.00,ON_HOLD
7715,488,6,2025-03-18,2025-03-27,424.00,COMPLETED
7716,385,5,2024-04-17,2024-04-23,179.00,ON_HOLD
7717,76,1,2026-05-05,2026-05-15,277.00,COMPLETED
7718,374,5,2026-09-19,2026-09-22,668.00,IN_PROGRESS
7719,380,6,2026-01-04,2026-01-10,112.00,IN_PROGRESS
7720,97,11,2025-12-18,2025-12-28,668.00,COMPLETED
7721,230,8,2024-12-19,2024-12-30,599.00,ON_HOLD
7722,253,3,2024-10-26,2024-11-09,891.00,IN_PROGRESS
7723,10,6,2023-08-23,2023-08-28,511.00,ON_HOLD
7724,341,11,2024-08-04,2024-08-14,847.00,COMPLETED
7725,386,1,2025-03-27,2025-04-06,584.00,ON_HOLD
7726,369,5,2026-01-29,2026-02-01,893.00,COMPLETED
7727,115,1,2024-02-17,2024-02-24,150.00,ON_HOLD
7728,439,10,2026-06-16,2026-06-28,653.00,ON_HOLD
7729,389,10,2025-11-03,2025-11-19,578.00,COMPLETED
7730,404,8,2025-07-08,2025-07-20,706.00,ON_HOLD
7731,268,7,2025-10-03,2025-10-07,414.00,ON_HOLD
7732,290,1,2025-09-07,2025-09-12,963.00,COMPLETED
7733,156,6,2025-04-06,2025-04-13,984.00,ON_HOLD
7734,250,10,2023-04-20,2023-04-23,651.00,COMPLETED
7735,456,8,2026-01-31,2026-02-13,715.00,COMPLETED
7736,135,4,2026-05-02,2026-05-10,693.00,ON_HOLD
7737,411,6,2023-06-13,2023-06-23,514.00,COMPLETED
7738,400,2,2026-09-21,2026-09-29,545.00,ON_HOLD
7739,270,5,2024-03-26,2024-03-29,865.00,COMPLETED
7740,391,2,2024-06-04,2024-06-13,265.00,COMPLETED
7741,75,4,2026-03-04,2026-03-12,697.00,COMPLETED
7742,300,3,2024-04-18,2024-05-03,489.00,IN_PROGRESS
7743,251,1,2024-03-28,2024-04-05,875.00,COMPLETED
7744,105,5,2024-01-03,2024-01-16,793.00,COMPLETED
7745,183,11,2026-02-01,2026-02-16,612.00,ON_HOLD
7746,110,12,2024-05-04,2024-05-10,183.00,COMPLETED
7747,475,10,2023-12-14,2023-12-27,949.00,COMPLETED
7748,93,9,2026-06-18,2026-06-27,279.00,COMPLETED
7749,109,2,2023-05-18,2023-05-30,278.00,ON_HOLD
7750,110,10,2025-09-12,2025-09-28,60.00,COMPLETED
7751,3,3,2025-12-11,2025-12-22,980.00,ON_HOLD
7752,131,3,2024-05-28,2024-06-01,570.00,COMPLETED
7753,187,7,2023-10-25,2023-11-05,603.00,ON_HOLD
7754,305,7,2023-08-30,2023-09-02,124.00,COMPLETED
7755,367,10,2024-01-24,2024-01-27,90.00,ON_HOLD
7756,365,9,2026-07-30,2026-08-12,353.00,COMPLETED
7757,416,7,2023-08-25,2023-09-03,685.00,ON_HOLD
7758,157,8,2023-05-30,2023-06-10,940.00,COMPLETED
7759,281,4,2025-06-08,2025-06-16,841.00,IN_PROGRESS
7760,326,6,2025-09-27,2025-10-03,763.00,COMPLETED
7761,239,10,2023-04-08,2023-04-23,255.00,COMPLETED
7762,155,12,2025-08-18,2025-08-26,632.00,COMPLETED
7763,101,1,2025-05-15,2025-05-27,346.00,ON_HOLD
7764,242,6,2024-12-10,2024-12-17,123.00,COMPLETED
7765,469,1,2024-06-28,2024-07-05,892.00,COMPLETED
7766,310,11,2025-02-20,2025-03-04,327.00,ON_HOLD
7767,308,11,2025-01-21,2025-01-25,170.00,COMPLETED
7768,278,5,2023-09-24,2023-10-05,426.00,COMPLETED
7769,386,5,2025-03-17,2025-03-30,540.00,IN_PROGRESS
7770,33,8,2025-06-09,2025-06-23,784.00,IN_PROGRESS
7771,245,4,2023-07-18,2023-07-27,51.00,ON_HOLD
7772,453,11,2025-06-22,2025-07-06,211.00,COMPLETED
7773,97,4,2024-07-22,2024-08-07,70.00,COMPLETED
7774,386,7,2025-11-07,2025-11-12,198.00,ON_HOLD
7775,362,5,2023-07-19,2023-07-24,253.00,COMPLETED
7776,422,2,2025-08-31,2025-09-09,562.00,ON_HOLD
7777,361,3,2025-03-29,2025-04-06,88.00,COMPLETED
7778,412,8,2023-03-12,2023-03-16,758.00,COMPLETED
7779,439,10,2025-07-25,2025-08-04,293.00,IN_PROGRESS
7780,31,11,2025-04-24,2025-04-29,514.00,IN_PROGRESS
7781,61,5,2024-01-11,2024-01-25,348.00,ON_HOLD
7782,431,2,2023-10-05,2023-10-19,538.00,COMPLETED
7783,178,4,2024-09-18,2024-09-21,151.00,COMPLETED
7784,263,8,2023-09-01,2023-09-06,205.00,IN_PROGRESS
7785,141,4,2024-11-11,2024-11-25,432.00,COMPLETED
7786,344,4,2025-04-03,2025-04-06,737.00,ON_HOLD
7787,302,2,2023-07-09,2023-07-23,628.00,ON_HOLD
7788,310,11,2023-04-29,2023-05-09,888.00,COMPLETED
7789,202,7,2025-09-18,2025-09-29,69.00,COMPLETED
7790,488,10,2026-08-17,2026-08-23,830.00,COMPLETED
7791,353,9,2025-09-17,2025-09-20,718.00,IN_PROGRESS
7792,178,9,2025-10-26,2025-10-31,474.00,COMPLETED
7793,86,4,2025-09-24,2025-10-02,164.00,IN_PROGRESS
7794,87,5,2024-05-24,2024-05-28,571.00,COMPLETED
7795,54,6,2024-11-07,2024-11-14,591.00,ON_HOLD
7796,117,10,2025-10-02,2025-10-06,264.00,ON_HOLD
7797,51,1,2025-03-13,2025-03-28,667.00,COMPLETED
7798,421,6,2026-01-04,2026-01-14,283.00,COMPLETED
7799,416,6,2024-01-24,2024-02-06,764.00,COMPLETED
7800,299,2,2024-09-10,2024-09-26,399.00,IN_PROGRESS
7801,60,3,2025-09-19,2025-09-23,827.00,ON_HOLD
7802,419,7,2024-10-15,2024-10-25,200.00,IN_PROGRESS
7803,391,11,2023-07-04,2023-07-13,412.00,COMPLETED
7804,190,1,2023-01-01,2023-01-05,180.00,COMPLETED
7805,264,3,2023-05-07,2023-05-19,919.00,COMPLETED
7806,315,9,2023-09-29,2023-10-14,819.00,ON_HOLD
7807,146,1,2025-06-06,2025-06-18,188.00,COMPLETED
7808,472,1,2023-08-08,2023-08-19,250.00,COMPLETED
7809,123,6,2023-12-21,2023-12-31,348.00,ON_HOLD
7810,71,6,2023-09-22,2023-09-29,550.00,COMPLETED
7811,244,12,2025-12-28,2026-01-02,117.00,COMPLETED
7812,187,5,2024-11-08,2024-11-23,964.00,COMPLETED
7813,70,11,2023-01-09,2023-01-13,122.00,COMPLETED
7814,42,3,2024-06-09,2024-06-13,193.00,IN_PROGRESS
7815,480,8,2025-08-29,2025-09-09,172.00,IN_PROGRESS
7816,162,12,2024-03-15,2024-03-30,909.00,IN_PROGRESS
7817,443,12,2026-08-12,2026-08-27,785.00,COMPLETED
7818,383,3,2023-04-11,2023-04-20,100.00,COMPLETED
7819,383,3,2024-01-01,2024-01-10,492.00,COMPLETED
7820,68,8,2024-07-05,2024-07-13,732.00,ON_HOLD
7821,451,4,2024-07-25,2024-08-09,313.00,COMPLETED
7822,421,12,2025-09-23,2025-10-08,102.00,COMPLETED
7823,299,5,2025-07-31,2025-08-05,174.00,COMPLETED
7824,46,9,2025-01-04,2025-01-19,510.00,COMPLETED
7825,200,2,2024-04-17,2024-04-29,312.00,COMPLETED
7826,356,5,2025-07-09,2025-07-16,864.00,ON_HOLD
7827,8,7,2023-06-25,2023-07-10,688.00,IN_PROGRESS
7828,47,6,2026-09-13,2026-09-26,592.00,COMPLETED
7829,332,4,2023-08-11,2023-08-18,959.00,ON_HOLD
7830,2,12,2023-03-07,2023-03-23,891.00,COMPLETED
7831,308,10,2025-10-02,2025-10-17,904.00,ON_HOLD
7832,201,10,2024-01-30,2024-02-03,207.00,COMPLETED
7833,226,10,2024-09-04,2024-09-12,599.00,IN_PROGRESS
7834,8,9,2026-08-15,2026-08-30,376.00,COMPLETED
7835,436,3,2023-03-11,2023-03-24,839.00,COMPLETED
7836,332,4,2026-04-08,2026-04-12,62.00,COMPLETED
7837,104,11,2023-06-24,2023-06-28,621.00,COMPLETED
7838,469,12,2024-07-07,2024-07-12,953.00,COMPLETED
7839,336,12,2026-04-28,2026-05-08,641.00,COMPLETED
7840,185,9,2026-03-07,2026-03-21,982.00,COMPLETED
7841,297,7,2023-10-24,2023-11-08,539.00,COMPLETED
7842,153,12,2023-08-01,2023-08-04,555.00,COMPLETED
7843,222,10,2026-08-04,2026-08-09,452.00,COMPLETED
7844,488,12,2024-09-02,2024-09-07,865.00,IN_PROGRESS
7845,459,3,2025-05-26,2025-06-05,235.00,COMPLETED
7846,383,1,2026-05-28,2026-06-10,331.00,IN_PROGRESS
7847,189,9,2026-01-24,2026-01-28,479.00,COMPLETED
7848,434,6,2023-03-20,2023-04-05,625.00,COMPLETED
7849,322,1,2024-08-14,2024-08-23,173.00,COMPLETED
7850,142,3,2025-10-19,2025-11-04,357.00,ON_HOLD
7851,342,4,2024-04-29,2024-05-08,977.00,COMPLETED
7852,390,12,2025-01-24,2025-02-04,332.00,COMPLETED
7853,397,4,2025-08-07,2025-08-10,176.00,COMPLETED
7854,468,6,2025-08-10,2025-08-16,963.00,ON_HOLD
7855,167,2,2025-11-01,2025-11-07,486.00,COMPLETED
7856,138,1,2023-07-05,2023-07-21,943.00,COMPLETED
7857,275,7,2023-08-25,2023-09-09,959.00,IN_PROGRESS
7858,195,9,2026-05-14,2026-05-26,98.00,COMPLETED
7859,69,6,2026-01-09,2026-01-25,300.00,IN_PROGRESS
7860,6,10,2025-01-12,2025-01-19,571.00,COMPLETED
7861,377,10,2024-07-22,2024-08-04,108.00,ON_HOLD
7862,379,6,2024-10-24,2024-11-08,794.00,IN_PROGRESS
7863,244,1,2023-05-05,2023-05-20,841.00,COMPLETED
7864,338,10,2024-08-22,2024-09-04,715.00,ON_HOLD
7865,415,9,2024-01-12,2024-01-23,540.00,ON_HOLD
7866,329,4,2023-07-18,2023-07-26,874.00,ON_HOLD
7867,284,3,2025-12-05,2025-12-17,933.00,COMPLETED
7868,381,8,2023-03-07,2023-03-16,63.00,COMPLETED
7869,165,1,2024-08-25,2024-09-04,482.00,COMPLETED
7870,289,8,2026-07-15,2026-07-21,278.00,ON_HOLD
7871,316,3,2023-09-06,2023-09-21,952.00,COMPLETED
7872,193,2,2024-04-10,2024-04-13,891.00,COMPLETED
7873,58,10,2025-05-13,2025-05-27,283.00,IN_PROGRESS
7874,176,11,2025-07-04,2025-07-09,409.00,COMPLETED
7875,52,6,2024-06-27,2024-07-05,321.00,COMPLETED
7876,200,8,2026-06-10,2026-06-19,828.00,COMPLETED
7877,23,11,2025-12-19,2025-12-28,353.00,COMPLETED
7878,253,7,2026-04-05,2026-04-10,508.00,IN_PROGRESS
7879,138,6,2023-05-22,2023-06-05,975.00,COMPLETED
7880,240,3,2026-09-11,2026-09-17,251.00,ON_HOLD
7881,143,6,2023-06-20,2023-06-23,288.00,IN_PROGRESS
7882,272,10,2024-01-26,2024-02-02,485.00,ON_HOLD
7883,253,12,2026-08-10,2026-08-25,812.00,COMPLETED
7884,117,8,2026-08-03,2026-08-12,172.00,ON_HOLD
7885,86,2,2025-09-18,2025-09-27,273.00,ON_HOLD
7886,155,3,2025-04-23,2025-05-04,638.00,COMPLETED
7887,394,6,2025-01-30,2025-02-06,926.00,COMPLETED
7888,485,9,2023-02-10,2023-02-24,893.00,COMPLETED
7889,67,1,2024-02-09,2024-02-24,484.00,ON_HOLD
7890,483,1,2025-12-17,2026-01-01,252.00,ON_HOLD
7891,391,3,2026-03-16,2026-03-24,282.00,COMPLETED
7892,422,9,2025-09-16,2025-09-23,881.00,COMPLETED
7893,88,10,2024-08-09,2024-08-21,581.00,COMPLETED
7894,420,6,2026-08-17,2026-08-28,487.00,COMPLETED
7895,353,9,2025-04-17,2025-04-22,139.00,COMPLETED
7896,48,2,2024-10-05,2024-10-17,766.00,COMPLETED
7897,277,6,2025-09-17,2025-10-01,129.00,ON_HOLD
7898,54,8,2026-05-29,2026-06-05,903.00,COMPLETED
7899,69,10,2023-12-22,2024-01-03,122.00,COMPLETED
7900,296,8,2023-08-08,2023-08-20,104.00,COMPLETED
7901,66,12,2026-04-02,2026-04-15,417.00,ON_HOLD
7902,382,5,2024-07-19,2024-07-25,278.00,COMPLETED
7903,67,11,2025-12-20,2025-12-30,814.00,COMPLETED
7904,279,9,2025-11-26,2025-12-07,566.00,COMPLETED
7905,433,10,2023-12-17,2023-12-26,83.00,COMPLETED
7906,220,5,2025-02-17,2025-03-01,779.00,IN_PROGRESS
7907,124,3,2025-10-25,2025-11-06,265.00,COMPLETED
7908,315,4,2025-01-20,2025-01-23,885.00,COMPLETED
7909,487,7,2023-09-15,2023-10-01,454.00,COMPLETED
7910,49,2,2023-08-18,2023-09-01,332.00,COMPLETED
7911,155,12,2023-05-09,2023-05-12,777.00,ON_HOLD
7912,107,10,2024-08-19,2024-08-31,821.00,IN_PROGRESS
7913,60,12,2024-12-04,2024-12-08,309.00,IN_PROGRESS
7914,352,1,2024-09-27,2024-10-06,128.00,COMPLETED
7915,81,9,2026-01-14,2026-01-30,234.00,COMPLETED
7916,411,7,2026-03-03,2026-03-18,805.00,COMPLETED
7917,372,4,2024-02-26,2024-03-06,121.00,COMPLETED
7918,299,3,2026-02-17,2026-03-04,897.00,COMPLETED
7919,298,4,2026-04-13,2026-04-29,947.00,IN_PROGRESS
7920,484,8,2025-11-24,2025-12-01,319.00,ON_HOLD
7921,398,12,2024-08-13,2024-08-19,561.00,COMPLETED
7922,383,6,2025-06-22,2025-07-02,463.00,COMPLETED
7923,365,11,2025-06-27,2025-07-06,71.00,IN_PROGRESS
7924,223,2,2024-03-27,2024-04-12,341.00,COMPLETED
7925,161,7,2024-07-11,2024-07-21,849.00,COMPLETED
7926,235,10,2025-03-23,2025-03-29,72.00,COMPLETED
7927,355,2,2026-04-12,2026-04-18,950.00,COMPLETED
7928,482,3,2023-08-03,2023-08-08,579.00,COMPLETED
7929,179,11,2026-07-17,2026-08-02,889.00,COMPLETED
7930,53,1,2023-10-01,2023-10-07,376.00,ON_HOLD
7931,354,7,2025-12-02,2025-12-07,274.00,ON_HOLD
7932,496,4,2024-05-24,2024-05-31,97.00,COMPLETED
7933,451,4,2023-01-21,2023-01-31,66.00,ON_HOLD
7934,148,2,2024-01-23,2024-02-08,533.00,ON_HOLD
7935,495,7,2024-07-03,2024-07-16,273.00,ON_HOLD
7936,126,8,2025-08-13,2025-08-26,287.00,COMPLETED
7937,280,9,2025-10-10,2025-10-23,957.00,COMPLETED
7938,197,8,2025-09-17,2025-09-27,901.00,IN_PROGRESS
7939,160,2,2025-11-11,2025-11-14,262.00,COMPLETED
7940,189,8,2023-02-04,2023-02-10,896.00,COMPLETED
7941,466,4,2024-11-26,2024-12-02,680.00,IN_PROGRESS
7942,364,8,2026-03-23,2026-03-30,382.00,COMPLETED
7943,2,2,2025-03-30,2025-04-09,853.00,COMPLETED
7944,337,9,2023-11-25,2023-11-28,298.00,COMPLETED
7945,412,6,2023-08-20,2023-08-28,98.00,COMPLETED
7946,17,7,2024-09-10,2024-09-26,924.00,COMPLETED
7947,49,2,2023-01-20,2023-01-30,606.00,COMPLETED
7948,259,12,2023-08-08,2023-08-13,980.00,COMPLETED
7949,324,7,2024-01-26,2024-02-04,980.00,COMPLETED
7950,180,12,2024-07-02,2024-07-13,985.00,COMPLETED
7951,207,2,2024-11-23,2024-12-04,111.00,ON_HOLD
7952,131,10,2026-07-20,2026-07-23,821.00,COMPLETED
7953,157,5,2025-02-17,2025-03-05,487.00,COMPLETED
7954,67,6,2025-01-15,2025-01-19,730.00,IN_PROGRESS
7955,62,11,2025-04-20,2025-05-01,967.00,COMPLETED
7956,285,3,2025-12-25,2026-01-10,362.00,ON_HOLD
7957,62,3,2026-06-25,2026-07-04,493.00,COMPLETED
7958,292,12,2025-05-12,2025-05-25,113.00,COMPLETED
7959,165,9,2026-09-19,2026-09-23,551.00,ON_HOLD
7960,428,7,2026-05-10,2026-05-25,838.00,COMPLETED
7961,156,4,2025-04-20,2025-05-03,306.00,COMPLETED
7962,186,10,2024-09-24,2024-09-29,702.00,COMPLETED
7963,176,10,2023-08-15,2023-08-22,414.00,COMPLETED
7964,150,8,2023-04-06,2023-04-19,520.00,COMPLETED
7965,373,11,2024-05-25,2024-06-05,189.00,COMPLETED
7966,374,2,2025-12-16,2026-01-01,491.00,COMPLETED
7967,456,8,2024-09-10,2024-09-18,402.00,COMPLETED
7968,477,5,2026-09-13,2026-09-18,535.00,COMPLETED
7969,500,11,2025-10-28,2025-11-05,582.00,IN_PROGRESS
7970,6,7,2025-10-04,2025-10-15,284.00,COMPLETED
7971,339,2,2025-11-11,2025-11-23,206.00,COMPLETED
7972,261,1,2024-05-01,2024-05-08,604.00,COMPLETED
7973,210,11,2023-09-27,2023-10-11,631.00,COMPLETED
7974,117,1,2026-08-14,2026-08-18,207.00,IN_PROGRESS
7975,346,9,2025-05-14,2025-05-26,363.00,COMPLETED
7976,29,2,2025-09-23,2025-09-30,518.00,IN_PROGRESS
7977,232,4,2023-10-20,2023-11-02,876.00,IN_PROGRESS
7978,222,9,2026-07-18,2026-07-29,896.00,COMPLETED
7979,231,11,2026-04-08,2026-04-21,266.00,IN_PROGRESS
7980,359,5,2023-10-13,2023-10-16,715.00,COMPLETED
7981,57,9,2024-01-03,2024-01-08,264.00,COMPLETED
7982,448,12,2025-03-28,2025-04-05,990.00,COMPLETED
7983,286,3,2023-05-01,2023-05-04,370.00,COMPLETED
7984,278,4,2025-10-24,2025-10-31,674.00,COMPLETED
7985,80,8,2023-03-30,2023-04-10,229.00,IN_PROGRESS
7986,455,5,2023-09-07,2023-09-22,390.00,IN_PROGRESS
7987,499,2,2025-04-02,2025-04-11,340.00,COMPLETED
7988,388,4,2023-12-20,2024-01-01,645.00,COMPLETED
7989,4,8,2025-08-23,2025-09-04,103.00,IN_PROGRESS
7990,483,4,2024-03-07,2024-03-18,359.00,COMPLETED
7991,382,3,2024-08-13,2024-08-21,586.00,COMPLETED
7992,268,5,2024-06-24,2024-06-28,789.00,IN_PROGRESS
7993,98,2,2024-07-25,2024-08-06,965.00,COMPLETED
7994,308,1,2024-01-24,2024-01-28,702.00,ON_HOLD
7995,477,8,2024-11-01,2024-11-07,690.00,IN_PROGRESS
7996,481,8,2026-06-11,2026-06-16,835.00,COMPLETED
7997,241,3,2025-01-31,2025-02-07,543.00,COMPLETED
7998,255,4,2025-05-24,2025-06-02,985.00,COMPLETED
7999,334,7,2024-01-22,2024-02-05,127.00,COMPLETED
8000,477,7,2026-05-21,2026-06-02,766.00,COMPLETED
8001,48,3,2026-08-27,2026-09-10,506.00,IN_PROGRESS
8002,235,1,2025-01-31,2025-02-07,942.00,IN_PROGRESS
8003,380,2,2023-09-10,2023-09-26,154.00,COMPLETED
8004,123,9,2024-04-13,2024-04-18,200.00,COMPLETED
8005,244,9,2026-04-25,2026-05-11,449.00,COMPLETED
8006,243,4,2024-03-29,2024-04-05,478.00,ON_HOLD
8007,491,2,2025-07-28,2025-08-12,362.00,COMPLETED
8008,194,6,2025-01-17,2025-01-24,233.00,ON_HOLD
8009,374,3,2026-05-13,2026-05-25,98.00,IN_PROGRESS
8010,193,9,2024-03-29,2024-04-08,786.00,ON_HOLD
8011,301,12,2026-08-13,2026-08-22,690.00,ON_HOLD
8012,236,4,2026-07-09,2026-07-12,387.00,IN_PROGRESS
8013,15,12,2025-09-26,2025-10-03,162.00,COMPLETED
8014,2,4,2026-06-24,2026-07-09,152.00,COMPLETED
8015,137,2,2026-07-17,2026-07-25,490.00,COMPLETED
8016,202,4,2023-03-23,2023-04-08,978.00,COMPLETED
8017,471,7,2023-10-22,2023-10-25,677.00,IN_PROGRESS
8018,121,12,2025-11-08,2025-11-23,878.00,IN_PROGRESS
8019,7,5,2024-07-25,2024-08-02,266.00,ON_HOLD
8020,78,5,2023-07-18,2023-07-30,769.00,COMPLETED
8021,202,6,2023-03-01,2023-03-05,651.00,ON_HOLD
8022,481,8,2026-07-02,2026-07-14,884.00,ON_HOLD
8023,328,2,2025-08-02,2025-08-10,685.00,COMPLETED
8024,481,12,2023-06-18,2023-07-01,626.00,COMPLETED
8025,105,4,2025-04-01,2025-04-11,643.00,COMPLETED
8026,462,8,2023-02-10,2023-02-15,73.00,COMPLETED
8027,52,7,2025-05-20,2025-05-31,527.00,COMPLETED
8028,133,9,2025-11-07,2025-11-11,682.00,COMPLETED
8029,26,10,2026-08-30,2026-09-14,705.00,ON_HOLD
8030,345,3,2026-02-04,2026-02-19,303.00,COMPLETED
8031,388,5,2023-04-15,2023-04-25,265.00,COMPLETED
8032,444,12,2023-07-28,2023-08-13,195.00,COMPLETED
8033,229,12,2023-03-31,2023-04-10,189.00,IN_PROGRESS
8034,397,12,2023-08-20,2023-09-03,127.00,COMPLETED
8035,257,2,2023-06-10,2023-06-15,376.00,COMPLETED
8036,40,1,2023-07-11,2023-07-16,827.00,COMPLETED
8037,446,4,2024-11-25,2024-12-08,428.00,IN_PROGRESS
8038,172,5,2023-12-30,2024-01-07,898.00,ON_HOLD
8039,274,10,2024-06-17,2024-06-28,821.00,COMPLETED
8040,406,4,2025-10-08,2025-10-19,992.00,ON_HOLD
8041,380,3,2023-08-29,2023-09-04,240.00,COMPLETED
8042,466,7,2023-12-07,2023-12-19,726.00,IN_PROGRESS
8043,376,5,2026-05-01,2026-05-15,435.00,COMPLETED
8044,385,11,2025-06-08,2025-06-18,862.00,COMPLETED
8045,266,7,2024-06-17,2024-07-03,559.00,COMPLETED
8046,377,7,2024-09-13,2024-09-19,139.00,ON_HOLD
8047,267,6,2024-08-21,2024-08-26,181.00,COMPLETED
8048,243,2,2026-07-26,2026-08-04,856.00,ON_HOLD
8049,340,6,2026-09-26,2026-09-29,516.00,ON_HOLD
8050,263,11,2024-04-25,2024-05-08,596.00,COMPLETED
8051,154,6,2023-09-07,2023-09-19,398.00,ON_HOLD
8052,384,10,2025-11-06,2025-11-10,508.00,ON_HOLD
8053,22,11,2025-08-23,2025-09-05,278.00,COMPLETED
8054,59,9,2023-05-18,2023-05-26,284.00,ON_HOLD
8055,114,2,2023-04-08,2023-04-21,927.00,ON_HOLD
8056,376,9,2025-03-16,2025-03-22,176.00,COMPLETED
8057,371,12,2026-02-19,2026-02-26,232.00,COMPLETED
8058,33,4,2024-06-17,2024-06-22,794.00,COMPLETED
8059,393,9,2024-03-22,2024-03-28,201.00,COMPLETED
8060,287,8,2024-06-18,2024-07-02,389.00,COMPLETED
8061,421,7,2024-01-19,2024-02-04,150.00,COMPLETED
8062,147,7,2023-08-28,2023-09-03,264.00,COMPLETED
8063,204,6,2023-06-21,2023-07-03,502.00,ON_HOLD
8064,264,6,2026-09-18,2026-09-26,316.00,IN_PROGRESS
8065,381,1,2023-01-26,2023-01-29,643.00,COMPLETED
8066,38,7,2023-07-07,2023-07-21,705.00,IN_PROGRESS
8067,33,5,2023-11-03,2023-11-06,727.00,ON_HOLD
8068,122,2,2024-08-28,2024-09-03,169.00,COMPLETED
8069,361,10,2023-04-28,2023-05-13,236.00,COMPLETED
8070,141,12,2023-01-09,2023-01-20,416.00,COMPLETED
8071,477,11,2025-06-20,2025-07-01,256.00,COMPLETED
8072,382,4,2025-07-25,2025-08-02,901.00,COMPLETED
8073,146,10,2026-05-15,2026-05-20,812.00,IN_PROGRESS
8074,358,3,2026-09-30,2026-10-09,887.00,COMPLETED
8075,242,9,2026-02-26,2026-03-08,929.00,COMPLETED
8076,60,4,2025-05-06,2025-05-12,439.00,ON_HOLD
8077,60,6,2023-01-22,2023-02-03,750.00,IN_PROGRESS
8078,69,11,2025-11-21,2025-11-28,280.00,IN_PROGRESS
8079,54,11,2025-09-05,2025-09-12,774.00,ON_HOLD
8080,349,5,2023-06-17,2023-06-21,404.00,COMPLETED
8081,356,5,2025-07-12,2025-07-28,586.00,COMPLETED
8082,481,7,2023-08-28,2023-09-11,798.00,COMPLETED
8083,450,10,2024-10-02,2024-10-14,437.00,COMPLETED
8084,208,5,2026-01-22,2026-01-26,269.00,IN_PROGRESS
8085,398,7,2024-07-22,2024-07-27,816.00,COMPLETED
8086,87,10,2025-11-15,2025-11-26,368.00,COMPLETED
8087,330,9,2026-06-03,2026-06-14,367.00,ON_HOLD
8088,475,1,2025-11-30,2025-12-15,899.00,IN_PROGRESS
8089,101,3,2023-03-04,2023-03-19,898.00,COMPLETED
8090,42,4,2023-01-21,2023-01-30,257.00,COMPLETED
8091,37,7,2024-06-11,2024-06-25,186.00,ON_HOLD
8092,468,5,2025-12-22,2025-12-26,622.00,COMPLETED
8093,90,9,2023-10-09,2023-10-23,74.00,IN_PROGRESS
8094,340,10,2025-10-13,2025-10-18,289.00,COMPLETED
8095,226,10,2024-09-13,2024-09-23,198.00,COMPLETED
8096,156,10,2023-10-17,2023-11-01,139.00,ON_HOLD
8097,438,10,2023-12-20,2024-01-02,872.00,ON_HOLD
8098,32,4,2023-05-20,2023-05-31,686.00,COMPLETED
8099,397,11,2025-08-27,2025-09-10,293.00,COMPLETED
8100,171,12,2026-02-25,2026-03-11,407.00,IN_PROGRESS
8101,9,7,2026-05-06,2026-05-12,336.00,ON_HOLD
8102,245,5,2025-09-07,2025-09-20,732.00,IN_PROGRESS
8103,476,11,2023-04-28,2023-05-03,239.00,ON_HOLD
8104,490,6,2024-05-07,2024-05-14,505.00,ON_HOLD
8105,16,3,2024-11-28,2024-12-14,859.00,COMPLETED
8106,86,8,2025-01-29,2025-02-04,72.00,COMPLETED
8107,257,3,2025-02-24,2025-03-10,603.00,COMPLETED
8108,59,7,2025-06-26,2025-07-08,105.00,COMPLETED
8109,84,6,2025-12-20,2025-12-29,812.00,COMPLETED
8110,152,3,2024-04-16,2024-05-01,489.00,ON_HOLD
8111,224,10,2024-03-01,2024-03-06,137.00,COMPLETED
8112,475,11,2025-01-13,2025-01-28,66.00,COMPLETED
8113,72,11,2024-11-08,2024-11-16,174.00,COMPLETED
8114,47,10,2024-07-17,2024-07-21,848.00,IN_PROGRESS
8115,96,9,2026-08-23,2026-09-03,472.00,COMPLETED
8116,134,1,2024-03-31,2024-04-14,168.00,COMPLETED
8117,217,2,2023-12-24,2024-01-06,715.00,COMPLETED
8118,264,5,2025-06-13,2025-06-16,94.00,COMPLETED
8119,258,9,2026-07-21,2026-08-04,172.00,COMPLETED
8120,255,1,2023-05-03,2023-05-13,323.00,ON_HOLD
8121,344,8,2025-11-30,2025-12-12,318.00,COMPLETED
8122,433,2,2025-10-13,2025-10-22,794.00,COMPLETED
8123,479,11,2025-12-26,2026-01-07,76.00,COMPLETED
8124,344,10,2026-07-31,2026-08-07,588.00,COMPLETED
8125,362,8,2026-09-26,2026-10-07,951.00,IN_PROGRESS
8126,359,6,2024-06-06,2024-06-11,438.00,COMPLETED
8127,389,6,2023-10-16,2023-11-01,210.00,COMPLETED
8128,186,9,2023-03-03,2023-03-16,904.00,ON_HOLD
8129,406,6,2026-01-23,2026-01-30,769.00,COMPLETED
8130,462,10,2023-09-29,2023-10-09,469.00,COMPLETED
8131,484,9,2024-10-13,2024-10-20,803.00,ON_HOLD
8132,31,5,2024-08-05,2024-08-15,709.00,ON_HOLD
8133,497,4,2026-06-25,2026-07-10,179.00,COMPLETED
8134,93,3,2023-08-25,2023-09-04,72.00,COMPLETED
8135,197,6,2023-06-03,2023-06-10,859.00,COMPLETED
8136,172,4,2023-01-25,2023-02-03,745.00,ON_HOLD
8137,34,11,2025-01-16,2025-01-31,163.00,IN_PROGRESS
8138,20,7,2023-09-10,2023-09-16,975.00,IN_PROGRESS
8139,418,11,2026-03-31,2026-04-05,102.00,COMPLETED
8140,455,10,2024-05-20,2024-05-24,83.00,IN_PROGRESS
8141,167,9,2025-05-02,2025-05-11,408.00,IN_PROGRESS
8142,204,5,2024-06-12,2024-06-27,615.00,COMPLETED
8143,464,7,2026-06-13,2026-06-22,657.00,ON_HOLD
8144,101,1,2025-02-28,2025-03-10,701.00,ON_HOLD
8145,111,8,2024-10-20,2024-10-30,294.00,COMPLETED
8146,253,9,2026-04-18,2026-04-21,672.00,IN_PROGRESS
8147,238,12,2025-09-23,2025-10-04,147.00,COMPLETED
8148,358,10,2025-10-19,2025-11-04,565.00,COMPLETED
8149,175,2,2023-02-02,2023-02-15,68.00,COMPLETED
8150,7,11,2026-01-17,2026-01-20,990.00,COMPLETED
8151,377,1,2024-10-29,2024-11-14,165.00,COMPLETED
8152,291,1,2024-08-09,2024-08-12,615.00,ON_HOLD
8153,59,6,2025-07-30,2025-08-02,668.00,ON_HOLD
8154,319,10,2024-05-03,2024-05-16,86.00,COMPLETED
8155,482,12,2024-03-20,2024-03-30,174.00,COMPLETED
8156,307,6,2026-07-30,2026-08-10,875.00,COMPLETED
8157,373,4,2024-08-18,2024-08-29,259.00,COMPLETED
8158,249,12,2023-03-19,2023-03-27,103.00,COMPLETED
8159,144,1,2026-05-28,2026-06-02,362.00,COMPLETED
8160,428,1,2024-07-08,2024-07-22,667.00,COMPLETED
8161,157,2,2024-10-26,2024-10-30,365.00,IN_PROGRESS
8162,436,1,2025-07-19,2025-07-27,909.00,ON_HOLD
8163,349,11,2023-08-24,2023-09-01,794.00,IN_PROGRESS
8164,233,11,2023-11-06,2023-11-22,170.00,ON_HOLD
8165,114,6,2023-07-26,2023-07-29,563.00,COMPLETED
8166,147,5,2023-04-08,2023-04-24,638.00,COMPLETED
8167,375,2,2025-10-07,2025-10-14,879.00,COMPLETED
8168,73,12,2024-07-23,2024-07-26,135.00,IN_PROGRESS
8169,259,1,2026-08-07,2026-08-11,170.00,COMPLETED
8170,464,6,2025-07-20,2025-08-03,780.00,IN_PROGRESS
8171,246,10,2024-09-18,2024-09-28,966.00,IN_PROGRESS
8172,302,9,2026-06-26,2026-06-29,617.00,COMPLETED
8173,413,4,2026-05-01,2026-05-15,457.00,COMPLETED
8174,138,2,2024-12-20,2024-12-30,932.00,IN_PROGRESS
8175,390,3,2026-08-18,2026-08-28,935.00,IN_PROGRESS
8176,237,10,2025-05-02,2025-05-14,287.00,COMPLETED
8177,241,4,2025-12-07,2025-12-13,713.00,COMPLETED
8178,378,7,2026-07-08,2026-07-13,787.00,COMPLETED
8179,300,2,2024-03-01,2024-03-14,795.00,ON_HOLD
8180,412,4,2023-05-18,2023-06-02,112.00,ON_HOLD
8181,285,8,2023-03-27,2023-04-02,911.00,COMPLETED
8182,194,9,2025-09-19,2025-09-23,260.00,IN_PROGRESS
8183,386,3,2023-11-09,2023-11-15,995.00,COMPLETED
8184,128,2,2025-05-25,2025-06-02,631.00,COMPLETED
8185,269,4,2023-01-28,2023-02-11,538.00,COMPLETED
8186,460,9,2025-05-19,2025-05-30,920.00,ON_HOLD
8187,302,3,2024-07-17,2024-07-27,144.00,COMPLETED
8188,134,8,2024-10-05,2024-10-09,532.00,ON_HOLD
8189,195,8,2026-01-06,2026-01-14,463.00,IN_PROGRESS
8190,215,5,2024-07-18,2024-08-02,957.00,COMPLETED
8191,369,7,2023-08-29,2023-09-02,384.00,COMPLETED
8192,479,5,2023-08-13,2023-08-23,856.00,COMPLETED
8193,29,4,2023-08-13,2023-08-29,844.00,COMPLETED
8194,104,2,2024-03-10,2024-03-16,696.00,IN_PROGRESS
8195,355,8,2024-02-18,2024-02-26,563.00,ON_HOLD
8196,32,5,2024-03-21,2024-04-06,567.00,COMPLETED
8197,209,10,2023-12-12,2023-12-23,255.00,COMPLETED
8198,442,1,2024-07-01,2024-07-16,149.00,COMPLETED
8199,449,5,2025-01-21,2025-02-06,718.00,ON_HOLD
8200,83,8,2025-10-19,2025-10-26,355.00,IN_PROGRESS
8201,246,2,2024-06-05,2024-06-10,961.00,COMPLETED
8202,353,2,2026-06-22,2026-07-02,100.00,COMPLETED
8203,437,8,2023-08-19,2023-08-28,260.00,COMPLETED
8204,34,5,2024-01-14,2024-01-24,843.00,COMPLETED
8205,53,6,2025-06-03,2025-06-17,880.00,ON_HOLD
8206,427,7,2026-05-10,2026-05-22,435.00,COMPLETED
8207,97,8,2024-11-20,2024-11-29,548.00,IN_PROGRESS
8208,72,9,2025-09-22,2025-09-27,403.00,COMPLETED
8209,190,11,2024-03-08,2024-03-16,803.00,COMPLETED
8210,272,1,2025-03-21,2025-04-04,225.00,COMPLETED
8211,123,4,2025-03-14,2025-03-19,843.00,COMPLETED
8212,93,5,2026-08-08,2026-08-24,831.00,ON_HOLD
8213,427,12,2023-05-13,2023-05-23,374.00,COMPLETED
8214,434,6,2023-11-15,2023-11-25,905.00,COMPLETED
8215,80,5,2023-01-16,2023-01-21,95.00,COMPLETED
8216,114,1,2024-01-04,2024-01-12,840.00,ON_HOLD
8217,355,2,2024-05-14,2024-05-27,234.00,IN_PROGRESS
8218,156,1,2025-11-15,2025-12-01,403.00,IN_PROGRESS
8219,192,2,2025-07-01,2025-07-11,748.00,COMPLETED
8220,176,8,2025-02-17,2025-03-03,363.00,COMPLETED
8221,174,5,2023-03-04,2023-03-13,195.00,COMPLETED
8222,238,1,2024-03-16,2024-03-20,886.00,COMPLETED
8223,92,3,2025-04-19,2025-04-23,491.00,COMPLETED
8224,398,7,2024-04-09,2024-04-23,101.00,IN_PROGRESS
8225,212,4,2025-08-12,2025-08-16,783.00,COMPLETED
8226,183,8,2026-01-27,2026-02-01,851.00,COMPLETED
8227,240,1,2025-09-28,2025-10-03,911.00,COMPLETED
8228,145,9,2023-11-29,2023-12-13,399.00,COMPLETED
8229,121,1,2025-05-07,2025-05-22,720.00,COMPLETED
8230,223,3,2026-06-13,2026-06-24,801.00,COMPLETED
8231,238,3,2023-07-24,2023-08-09,292.00,ON_HOLD
8232,362,9,2025-12-31,2026-01-15,689.00,COMPLETED
8233,458,11,2026-09-05,2026-09-19,836.00,COMPLETED
8234,226,7,2026-02-23,2026-03-04,552.00,IN_PROGRESS
8235,474,6,2023-06-28,2023-07-13,518.00,ON_HOLD
8236,73,6,2024-03-03,2024-03-06,340.00,COMPLETED
8237,101,5,2023-02-06,2023-02-17,516.00,IN_PROGRESS
8238,220,12,2025-05-18,2025-05-23,892.00,COMPLETED
8239,500,12,2024-05-18,2024-05-22,525.00,ON_HOLD
8240,477,1,2024-01-19,2024-01-22,682.00,COMPLETED
8241,162,6,2026-07-28,2026-08-08,142.00,IN_PROGRESS
8242,227,1,2025-05-28,2025-06-05,762.00,IN_PROGRESS
8243,433,10,2024-07-25,2024-08-02,83.00,IN_PROGRESS
8244,393,9,2023-02-04,2023-02-20,815.00,COMPLETED
8245,494,11,2024-12-31,2025-01-16,522.00,ON_HOLD
8246,423,7,2024-03-28,2024-04-10,350.00,COMPLETED
8247,80,6,2023-07-16,2023-07-30,122.00,COMPLETED
8248,401,4,2023-10-05,2023-10-14,997.00,IN_PROGRESS
8249,9,8,2026-06-08,2026-06-17,696.00,COMPLETED
8250,172,10,2023-10-19,2023-10-27,459.00,COMPLETED
8251,431,8,2026-09-06,2026-09-16,55.00,COMPLETED
8252,125,6,2023-07-01,2023-07-14,861.00,COMPLETED
8253,449,9,2024-04-04,2024-04-07,735.00,COMPLETED
8254,249,4,2024-01-16,2024-01-23,572.00,COMPLETED
8255,207,9,2025-07-26,2025-07-30,608.00,COMPLETED
8256,212,6,2023-05-31,2023-06-16,184.00,COMPLETED
8257,339,8,2024-05-03,2024-05-09,490.00,COMPLETED
8258,456,5,2025-06-19,2025-07-01,378.00,ON_HOLD
8259,231,12,2026-06-21,2026-07-04,236.00,IN_PROGRESS
8260,490,9,2025-08-15,2025-08-20,133.00,COMPLETED
8261,197,9,2023-10-13,2023-10-24,136.00,COMPLETED
8262,58,5,2025-09-14,2025-09-20,884.00,IN_PROGRESS
8263,321,12,2025-06-18,2025-06-23,435.00,ON_HOLD
8264,227,11,2026-01-10,2026-01-15,868.00,IN_PROGRESS
8265,14,1,2026-09-10,2026-09-15,594.00,ON_HOLD
8266,278,10,2026-06-06,2026-06-17,196.00,ON_HOLD
8267,218,12,2023-11-23,2023-12-04,474.00,COMPLETED
8268,377,10,2025-08-20,2025-09-01,439.00,COMPLETED
8269,48,4,2023-09-25,2023-09-29,413.00,COMPLETED
8270,482,10,2023-11-08,2023-11-22,314.00,COMPLETED
8271,270,7,2026-07-26,2026-08-03,872.00,IN_PROGRESS
8272,356,4,2023-07-26,2023-08-05,646.00,ON_HOLD
8273,382,10,2023-06-12,2023-06-22,786.00,ON_HOLD
8274,498,1,2025-12-29,2026-01-13,577.00,ON_HOLD
8275,441,12,2025-01-16,2025-01-31,810.00,COMPLETED
8276,182,1,2024-08-30,2024-09-09,804.00,COMPLETED
8277,213,4,2024-07-09,2024-07-23,943.00,ON_HOLD
8278,487,9,2023-08-01,2023-08-09,832.00,COMPLETED
8279,3,7,2024-02-02,2024-02-11,369.00,COMPLETED
8280,300,5,2024-03-28,2024-04-05,275.00,COMPLETED
8281,123,8,2025-04-13,2025-04-24,248.00,ON_HOLD
8282,85,5,2024-01-28,2024-02-12,506.00,COMPLETED
8283,184,4,2023-12-12,2023-12-19,694.00,IN_PROGRESS
8284,387,11,2024-01-01,2024-01-14,731.00,COMPLETED
8285,475,2,2024-03-04,2024-03-11,155.00,ON_HOLD
8286,247,9,2024-11-28,2024-12-14,528.00,COMPLETED
8287,384,4,2024-07-23,2024-08-02,921.00,IN_PROGRESS
8288,456,4,2025-12-11,2025-12-15,847.00,COMPLETED
8289,407,10,2025-02-24,2025-03-11,745.00,COMPLETED
8290,424,9,2024-09-26,2024-10-09,205.00,ON_HOLD
8291,366,12,2023-10-30,2023-11-13,571.00,COMPLETED
8292,171,10,2023-10-16,2023-10-19,362.00,COMPLETED
8293,377,5,2024-02-06,2024-02-10,260.00,COMPLETED
8294,85,11,2026-02-02,2026-02-14,497.00,COMPLETED
8295,434,5,2025-01-25,2025-02-05,329.00,ON_HOLD
8296,56,9,2023-06-20,2023-06-26,634.00,COMPLETED
8297,136,6,2026-01-17,2026-02-02,497.00,COMPLETED
8298,442,3,2026-07-16,2026-07-28,162.00,COMPLETED
8299,378,3,2026-09-25,2026-10-01,156.00,COMPLETED
8300,187,2,2024-11-13,2024-11-19,570.00,IN_PROGRESS
8301,330,1,2023-09-18,2023-10-01,365.00,COMPLETED
8302,150,7,2025-02-02,2025-02-12,198.00,COMPLETED
8303,81,8,2024-05-27,2024-06-08,94.00,COMPLETED
8304,493,10,2025-05-17,2025-05-22,392.00,COMPLETED
8305,66,8,2024-05-08,2024-05-24,630.00,IN_PROGRESS
8306,114,10,2023-11-30,2023-12-16,378.00,IN_PROGRESS
8307,458,7,2023-01-15,2023-01-21,725.00,COMPLETED
8308,81,10,2024-01-18,2024-02-02,131.00,ON_HOLD
8309,139,10,2024-01-11,2024-01-19,669.00,COMPLETED
8310,397,10,2023-08-01,2023-08-16,833.00,COMPLETED
8311,35,11,2026-02-15,2026-03-01,808.00,ON_HOLD
8312,434,2,2026-03-07,2026-03-14,850.00,COMPLETED
8313,250,3,2024-10-29,2024-11-08,410.00,ON_HOLD
8314,31,7,2026-05-28,2026-06-06,510.00,COMPLETED
8315,446,4,2025-09-20,2025-10-02,802.00,ON_HOLD
8316,115,5,2026-05-08,2026-05-11,476.00,ON_HOLD
8317,485,9,2025-02-23,2025-03-08,736.00,IN_PROGRESS
8318,429,8,2026-04-07,2026-04-14,100.00,COMPLETED
8319,280,6,2024-05-05,2024-05-11,801.00,COMPLETED
8320,243,2,2025-03-28,2025-04-06,803.00,COMPLETED
8321,114,12,2023-01-12,2023-01-18,606.00,COMPLETED
8322,260,10,2023-08-14,2023-08-26,645.00,ON_HOLD
8323,15,2,2026-01-13,2026-01-25,233.00,COMPLETED
8324,356,11,2024-11-05,2024-11-15,417.00,COMPLETED
8325,319,2,2023-03-21,2023-04-01,145.00,ON_HOLD
8326,101,3,2025-06-29,2025-07-02,548.00,ON_HOLD
8327,183,6,2025-03-11,2025-03-23,846.00,IN_PROGRESS
8328,176,7,2024-04-03,2024-04-14,813.00,COMPLETED
8329,282,10,2025-11-16,2025-11-22,375.00,ON_HOLD
8330,105,8,2024-01-29,2024-02-06,390.00,IN_PROGRESS
8331,452,8,2024-11-16,2024-11-20,655.00,COMPLETED
8332,243,4,2026-05-09,2026-05-24,859.00,IN_PROGRESS
8333,324,12,2026-07-10,2026-07-17,821.00,COMPLETED
8334,279,3,2023-12-28,2024-01-09,732.00,ON_HOLD
8335,196,10,2026-07-07,2026-07-20,698.00,IN_PROGRESS
8336,442,3,2024-01-02,2024-01-08,354.00,ON_HOLD
8337,176,4,2025-07-29,2025-08-05,661.00,ON_HOLD
8338,387,9,2026-01-06,2026-01-18,140.00,ON_HOLD
8339,73,10,2025-06-22,2025-06-28,332.00,COMPLETED
8340,438,7,2024-04-23,2024-05-02,267.00,COMPLETED
8341,402,12,2025-01-31,2025-02-06,585.00,COMPLETED
8342,331,5,2026-09-30,2026-10-14,756.00,COMPLETED
8343,146,9,2024-05-14,2024-05-19,892.00,ON_HOLD
8344,189,1,2026-04-21,2026-04-24,194.00,COMPLETED
8345,308,5,2026-05-04,2026-05-09,198.00,COMPLETED
8346,242,2,2023-04-23,2023-04-26,292.00,COMPLETED
8347,42,1,2023-10-13,2023-10-28,593.00,COMPLETED
8348,471,11,2026-01-29,2026-02-07,819.00,COMPLETED
8349,63,4,2024-10-04,2024-10-09,306.00,COMPLETED
8350,21,12,2025-04-17,2025-05-01,812.00,COMPLETED
8351,463,10,2025-09-25,2025-10-09,587.00,IN_PROGRESS
8352,260,1,2024-07-22,2024-08-04,114.00,COMPLETED
8353,260,9,2024-10-02,2024-10-14,574.00,COMPLETED
8354,257,5,2024-02-15,2024-02-26,282.00,COMPLETED
8355,430,9,2025-10-28,2025-11-05,452.00,ON_HOLD
8356,375,4,2025-02-03,2025-02-15,802.00,IN_PROGRESS
8357,364,6,2023-08-02,2023-08-15,537.00,IN_PROGRESS
8358,480,9,2025-01-13,2025-01-17,642.00,ON_HOLD
8359,321,6,2023-05-03,2023-05-06,987.00,IN_PROGRESS
8360,257,7,2023-12-05,2023-12-15,80.00,ON_HOLD
8361,296,12,2025-07-25,2025-08-04,156.00,COMPLETED
8362,390,11,2023-07-20,2023-08-01,489.00,COMPLETED
8363,41,6,2023-01-09,2023-01-13,836.00,IN_PROGRESS
8364,84,9,2025-01-04,2025-01-08,776.00,COMPLETED
8365,199,12,2023-04-15,2023-04-20,850.00,IN_PROGRESS
8366,105,10,2025-06-26,2025-07-12,784.00,IN_PROGRESS
8367,140,9,2024-12-09,2024-12-20,420.00,ON_HOLD
8368,373,5,2023-01-11,2023-01-20,616.00,COMPLETED
8369,173,10,2024-09-27,2024-10-09,741.00,COMPLETED
8370,78,11,2025-06-14,2025-06-24,232.00,ON_HOLD
8371,447,2,2023-12-14,2023-12-23,669.00,ON_HOLD
8372,262,3,2025-12-07,2025-12-14,666.00,ON_HOLD
8373,54,11,2023-06-30,2023-07-16,259.00,COMPLETED
8374,108,6,2024-07-25,2024-07-30,695.00,COMPLETED
8375,24,9,2025-08-01,2025-08-05,591.00,ON_HOLD
8376,154,6,2023-04-30,2023-05-03,242.00,ON_HOLD
8377,262,10,2025-12-06,2025-12-16,770.00,IN_PROGRESS
8378,297,6,2023-04-04,2023-04-15,736.00,ON_HOLD
8379,374,4,2024-07-24,2024-08-02,837.00,IN_PROGRESS
8380,325,8,2023-02-21,2023-03-07,493.00,IN_PROGRESS
8381,323,12,2024-03-24,2024-03-29,249.00,COMPLETED
8382,136,2,2025-03-22,2025-04-05,85.00,COMPLETED
8383,484,9,2026-01-07,2026-01-19,693.00,COMPLETED
8384,418,9,2023-08-07,2023-08-16,163.00,COMPLETED
8385,452,1,2025-12-06,2025-12-17,300.00,ON_HOLD
8386,191,11,2024-02-16,2024-03-03,449.00,IN_PROGRESS
8387,491,3,2024-02-11,2024-02-27,63.00,COMPLETED
8388,245,3,2026-07-21,2026-07-28,939.00,COMPLETED
8389,222,11,2024-03-14,2024-03-28,985.00,COMPLETED
8390,172,12,2024-05-04,2024-05-08,658.00,COMPLETED
8391,500,9,2023-08-19,2023-09-03,591.00,IN_PROGRESS
8392,2,3,2026-07-14,2026-07-30,106.00,COMPLETED
8393,12,7,2023-03-31,2023-04-07,791.00,COMPLETED
8394,487,4,2025-01-27,2025-02-06,111.00,COMPLETED
8395,471,7,2025-11-10,2025-11-22,568.00,COMPLETED
8396,134,10,2025-03-08,2025-03-20,384.00,COMPLETED
8397,189,7,2024-03-18,2024-03-22,819.00,COMPLETED
8398,47,9,2023-05-09,2023-05-23,385.00,COMPLETED
8399,140,11,2025-05-29,2025-06-12,249.00,COMPLETED
8400,262,7,2025-10-11,2025-10-14,502.00,COMPLETED
8401,44,5,2023-10-17,2023-10-23,731.00,ON_HOLD
8402,412,1,2024-08-07,2024-08-22,205.00,COMPLETED
8403,262,8,2023-03-09,2023-03-12,57.00,COMPLETED
8404,358,5,2026-01-12,2026-01-15,909.00,IN_PROGRESS
8405,322,10,2023-05-13,2023-05-16,503.00,COMPLETED
8406,175,5,2024-05-27,2024-06-03,487.00,COMPLETED
8407,131,2,2023-09-23,2023-09-27,499.00,COMPLETED
8408,2,2,2026-09-05,2026-09-09,532.00,ON_HOLD
8409,375,10,2026-02-04,2026-02-18,515.00,COMPLETED
8410,212,3,2026-04-13,2026-04-22,798.00,COMPLETED
8411,53,8,2024-05-31,2024-06-06,123.00,COMPLETED
8412,376,10,2025-03-09,2025-03-17,652.00,IN_PROGRESS
8413,257,8,2026-08-05,2026-08-18,942.00,IN_PROGRESS
8414,232,7,2025-11-10,2025-11-23,71.00,COMPLETED
8415,284,7,2025-05-09,2025-05-24,376.00,COMPLETED
8416,258,11,2025-06-14,2025-06-25,477.00,IN_PROGRESS
8417,159,1,2025-11-13,2025-11-21,110.00,COMPLETED
8418,246,10,2026-07-17,2026-07-25,242.00,COMPLETED
8419,398,11,2023-11-23,2023-12-05,155.00,ON_HOLD
8420,6,8,2026-02-13,2026-02-25,566.00,COMPLETED
8421,469,5,2023-03-31,2023-04-07,544.00,ON_HOLD
8422,493,4,2025-08-31,2025-09-14,225.00,COMPLETED
8423,96,4,2026-09-17,2026-09-25,781.00,COMPLETED
8424,266,5,2025-11-04,2025-11-07,321.00,IN_PROGRESS
8425,137,11,2023-08-02,2023-08-10,336.00,COMPLETED
8426,210,2,2023-11-09,2023-11-13,518.00,COMPLETED
8427,92,12,2023-02-12,2023-02-22,891.00,ON_HOLD
8428,133,3,2024-07-15,2024-07-27,389.00,ON_HOLD
8429,305,2,2023-10-15,2023-10-30,294.00,COMPLETED
8430,477,11,2025-01-29,2025-02-04,75.00,IN_PROGRESS
8431,120,11,2026-08-29,2026-09-01,889.00,COMPLETED
8432,456,3,2025-10-05,2025-10-09,140.00,IN_PROGRESS
8433,42,7,2024-02-10,2024-02-18,812.00,COMPLETED
8434,1,8,2025-06-11,2025-06-14,872.00,COMPLETED
8435,42,8,2025-06-26,2025-07-10,732.00,COMPLETED
8436,236,4,2023-08-01,2023-08-13,721.00,COMPLETED
8437,19,6,2024-07-14,2024-07-18,393.00,COMPLETED
8438,118,1,2023-02-04,2023-02-18,319.00,COMPLETED
8439,150,5,2024-05-01,2024-05-14,297.00,IN_PROGRESS
8440,48,11,2025-08-26,2025-09-01,827.00,COMPLETED
8441,374,6,2023-07-28,2023-08-06,298.00,ON_HOLD
8442,95,11,2025-05-24,2025-06-06,304.00,COMPLETED
8443,230,11,2023-09-21,2023-10-02,220.00,COMPLETED
8444,188,4,2024-03-03,2024-03-16,269.00,COMPLETED
8445,249,1,2023-11-01,2023-11-15,146.00,COMPLETED
8446,319,4,2025-04-02,2025-04-15,82.00,COMPLETED
8447,165,5,2024-06-07,2024-06-18,681.00,IN_PROGRESS
8448,427,7,2025-09-11,2025-09-21,698.00,COMPLETED
8449,61,10,2023-11-27,2023-11-30,177.00,IN_PROGRESS
8450,383,2,2023-03-28,2023-04-09,963.00,ON_HOLD
8451,478,3,2026-01-25,2026-02-09,232.00,COMPLETED
8452,446,6,2023-08-26,2023-09-06,693.00,COMPLETED
8453,287,3,2023-10-11,2023-10-27,267.00,ON_HOLD
8454,465,4,2024-08-24,2024-09-05,462.00,COMPLETED
8455,134,5,2023-04-08,2023-04-19,152.00,IN_PROGRESS
8456,83,4,2025-04-03,2025-04-10,495.00,IN_PROGRESS
8457,436,11,2026-07-30,2026-08-13,689.00,ON_HOLD
8458,450,6,2026-03-26,2026-03-31,926.00,COMPLETED
8459,285,1,2023-09-02,2023-09-15,524.00,COMPLETED
8460,14,8,2023-06-26,2023-06-29,78.00,COMPLETED
8461,42,6,2026-04-19,2026-05-03,990.00,IN_PROGRESS
8462,469,3,2024-06-26,2024-07-11,928.00,IN_PROGRESS
8463,199,12,2023-09-06,2023-09-14,798.00,COMPLETED
8464,259,6,2023-04-21,2023-05-02,395.00,ON_HOLD
8465,105,1,2025-09-27,2025-10-02,817.00,COMPLETED
8466,191,1,2024-05-23,2024-06-05,324.00,COMPLETED
8467,253,1,2023-04-25,2023-05-07,782.00,COMPLETED
8468,340,3,2025-08-13,2025-08-24,304.00,IN_PROGRESS
8469,275,3,2024-04-17,2024-04-20,348.00,COMPLETED
8470,166,4,2024-05-15,2024-05-25,284.00,ON_HOLD
8471,279,11,2026-07-15,2026-07-20,703.00,COMPLETED
8472,265,10,2024-03-23,2024-03-27,344.00,COMPLETED
8473,461,11,2026-06-16,2026-06-28,557.00,ON_HOLD
8474,313,3,2025-03-18,2025-03-29,50.00,COMPLETED
8475,367,8,2023-09-15,2023-10-01,498.00,ON_HOLD
8476,48,2,2025-02-25,2025-03-06,818.00,COMPLETED
8477,422,1,2023-11-23,2023-12-01,205.00,COMPLETED
8478,216,1,2026-01-12,2026-01-25,980.00,COMPLETED
8479,218,11,2025-07-31,2025-08-10,237.00,COMPLETED
8480,285,7,2023-02-03,2023-02-13,424.00,COMPLETED
8481,165,6,2025-01-16,2025-02-01,529.00,ON_HOLD
8482,78,7,2023-09-13,2023-09-19,346.00,COMPLETED
8483,110,2,2024-09-19,2024-09-24,720.00,COMPLETED
8484,315,12,2026-09-06,2026-09-12,845.00,ON_HOLD
8485,423,7,2023-12-09,2023-12-24,746.00,IN_PROGRESS
8486,190,2,2024-10-05,2024-10-17,974.00,ON_HOLD
8487,207,4,2025-04-26,2025-05-09,241.00,ON_HOLD
8488,160,8,2026-02-14,2026-02-23,196.00,COMPLETED
8489,210,10,2025-02-15,2025-02-22,296.00,COMPLETED
8490,276,7,2023-01-01,2023-01-15,78.00,ON_HOLD
8491,341,2,2025-01-23,2025-01-28,730.00,COMPLETED
8492,263,9,2025-05-10,2025-05-25,710.00,COMPLETED
8493,100,6,2023-11-02,2023-11-18,221.00,COMPLETED
8494,262,11,2025-08-02,2025-08-13,769.00,IN_PROGRESS
8495,350,5,2026-05-01,2026-05-16,528.00,COMPLETED
8496,1,1,2024-12-19,2025-01-02,60.00,ON_HOLD
8497,443,11,2026-06-14,2026-06-21,608.00,COMPLETED
8498,301,8,2024-04-13,2024-04-25,113.00,COMPLETED
8499,134,10,2024-01-18,2024-02-01,212.00,COMPLETED
8500,113,3,2025-06-27,2025-07-02,137.00,ON_HOLD
8501,368,10,2024-01-17,2024-01-30,974.00,COMPLETED
8502,322,7,2026-01-11,2026-01-16,612.00,ON_HOLD
8503,312,5,2024-11-30,2024-12-12,970.00,COMPLETED
8504,360,11,2025-08-21,2025-09-02,80.00,COMPLETED
8505,288,3,2023-03-29,2023-04-11,190.00,COMPLETED
8506,23,3,2024-01-19,2024-01-22,124.00,COMPLETED
8507,446,4,2025-07-06,2025-07-12,700.00,COMPLETED
8508,307,1,2024-05-07,2024-05-21,834.00,COMPLETED
8509,29,5,2025-01-15,2025-01-27,471.00,IN_PROGRESS
8510,3,11,2024-07-28,2024-08-01,284.00,COMPLETED
8511,208,2,2026-01-14,2026-01-25,134.00,COMPLETED
8512,271,3,2024-02-22,2024-02-26,285.00,ON_HOLD
8513,62,2,2025-09-24,2025-09-30,627.00,COMPLETED
8514,460,4,2024-01-02,2024-01-11,523.00,COMPLETED
8515,160,6,2023-04-05,2023-04-16,449.00,ON_HOLD
8516,13,1,2024-04-28,2024-05-13,183.00,COMPLETED
8517,389,7,2023-04-03,2023-04-06,84.00,COMPLETED
8518,409,4,2025-04-04,2025-04-15,118.00,IN_PROGRESS
8519,9,2,2026-05-01,2026-05-13,540.00,COMPLETED
8520,455,6,2023-06-03,2023-06-19,544.00,COMPLETED
8521,285,10,2025-08-09,2025-08-15,972.00,COMPLETED
8522,233,5,2025-01-23,2025-02-04,451.00,COMPLETED
8523,330,10,2025-08-01,2025-08-05,581.00,ON_HOLD
8524,272,6,2026-04-29,2026-05-03,418.00,IN_PROGRESS
8525,104,5,2026-03-26,2026-04-08,211.00,ON_HOLD
8526,268,3,2025-06-16,2025-06-22,229.00,COMPLETED
8527,189,3,2025-04-01,2025-04-13,637.00,COMPLETED
8528,496,2,2026-06-05,2026-06-10,603.00,COMPLETED
8529,3,9,2026-02-13,2026-02-17,967.00,COMPLETED
8530,296,11,2023-09-15,2023-09-23,255.00,ON_HOLD
8531,387,2,2023-04-06,2023-04-21,831.00,IN_PROGRESS
8532,226,2,2024-09-17,2024-09-20,189.00,ON_HOLD
8533,323,12,2025-09-20,2025-10-05,107.00,IN_PROGRESS
8534,3,9,2025-10-17,2025-10-25,735.00,COMPLETED
8535,465,2,2025-03-06,2025-03-13,358.00,ON_HOLD
8536,122,2,2025-12-21,2026-01-04,458.00,COMPLETED
8537,252,11,2025-06-24,2025-07-04,274.00,COMPLETED
8538,318,1,2023-06-17,2023-06-23,846.00,IN_PROGRESS
8539,62,6,2023-12-16,2023-12-23,601.00,COMPLETED
8540,277,7,2025-10-15,2025-10-25,354.00,COMPLETED
8541,359,9,2023-01-08,2023-01-15,371.00,COMPLETED
8542,29,10,2024-10-13,2024-10-27,822.00,COMPLETED
8543,400,8,2023-12-14,2023-12-27,539.00,IN_PROGRESS
8544,492,8,2025-04-23,2025-05-06,973.00,IN_PROGRESS
8545,88,10,2025-04-20,2025-04-26,202.00,ON_HOLD
8546,457,1,2026-06-21,2026-07-05,814.00,COMPLETED
8547,487,7,2024-04-07,2024-04-22,903.00,IN_PROGRESS
8548,369,1,2025-02-19,2025-03-05,115.00,IN_PROGRESS
8549,322,11,2024-12-18,2024-12-23,705.00,COMPLETED
8550,98,1,2025-08-05,2025-08-17,223.00,IN_PROGRESS
8551,271,12,2025-02-04,2025-02-13,824.00,ON_HOLD
8552,208,10,2025-06-21,2025-07-01,538.00,COMPLETED
8553,58,11,2023-02-14,2023-02-24,75.00,COMPLETED
8554,69,7,2025-08-23,2025-08-26,651.00,COMPLETED
8555,1,3,2026-05-07,2026-05-18,858.00,COMPLETED
8556,496,8,2025-04-26,2025-04-29,452.00,ON_HOLD
8557,492,2,2023-11-15,2023-11-29,391.00,IN_PROGRESS
8558,299,9,2023-12-31,2024-01-04,362.00,COMPLETED
8559,75,5,2025-05-23,2025-06-02,225.00,COMPLETED
8560,230,12,2023-06-01,2023-06-17,818.00,COMPLETED
8561,451,11,2023-06-01,2023-06-10,193.00,COMPLETED
8562,4,8,2024-09-21,2024-09-27,757.00,ON_HOLD
8563,95,5,2026-07-24,2026-07-29,745.00,COMPLETED
8564,82,9,2024-08-01,2024-08-10,198.00,COMPLETED
8565,99,10,2023-10-12,2023-10-25,114.00,ON_HOLD
8566,127,3,2026-08-11,2026-08-27,317.00,COMPLETED
8567,440,8,2023-12-25,2023-12-28,871.00,COMPLETED
8568,423,10,2025-08-29,2025-09-02,673.00,IN_PROGRESS
8569,214,5,2026-08-07,2026-08-17,929.00,COMPLETED
8570,468,10,2023-04-11,2023-04-27,895.00,COMPLETED
8571,369,2,2023-08-17,2023-08-21,948.00,COMPLETED
8572,329,2,2023-05-13,2023-05-17,302.00,COMPLETED
8573,339,12,2024-12-10,2024-12-15,577.00,COMPLETED
8574,411,9,2023-01-26,2023-02-07,604.00,COMPLETED
8575,449,5,2023-08-27,2023-09-08,911.00,COMPLETED
8576,21,6,2023-08-25,2023-09-08,433.00,COMPLETED
8577,356,11,2023-05-10,2023-05-21,836.00,COMPLETED
8578,199,9,2026-05-29,2026-06-14,466.00,COMPLETED
8579,179,8,2025-05-26,2025-06-07,920.00,IN_PROGRESS
8580,358,9,2024-01-24,2024-02-01,404.00,ON_HOLD
8581,322,4,2023-02-19,2023-02-22,792.00,COMPLETED
8582,25,8,2026-01-17,2026-01-28,766.00,COMPLETED
8583,52,7,2023-10-19,2023-10-31,660.00,ON_HOLD
8584,260,11,2026-09-22,2026-10-06,199.00,IN_PROGRESS
8585,308,4,2025-12-22,2026-01-03,191.00,IN_PROGRESS
8586,250,5,2026-01-06,2026-01-21,981.00,COMPLETED
8587,212,1,2023-07-12,2023-07-20,138.00,COMPLETED
8588,477,10,2025-11-17,2025-11-23,576.00,COMPLETED
8589,405,8,2026-02-12,2026-02-23,102.00,ON_HOLD
8590,187,3,2023-04-15,2023-04-20,686.00,COMPLETED
8591,284,3,2026-07-20,2026-08-01,238.00,COMPLETED
8592,421,12,2024-01-31,2024-02-03,72.00,ON_HOLD
8593,180,5,2023-10-24,2023-10-30,564.00,COMPLETED
8594,457,1,2024-01-27,2024-02-06,530.00,IN_PROGRESS
8595,224,12,2024-11-18,2024-11-30,705.00,COMPLETED
8596,91,8,2023-02-15,2023-03-03,912.00,COMPLETED
8597,228,9,2023-01-13,2023-01-19,920.00,COMPLETED
8598,236,7,2025-01-26,2025-02-06,85.00,IN_PROGRESS
8599,296,9,2024-04-04,2024-04-07,240.00,ON_HOLD
8600,431,4,2023-05-27,2023-06-07,294.00,COMPLETED
8601,199,1,2025-05-09,2025-05-17,141.00,COMPLETED
8602,249,4,2024-02-26,2024-03-08,419.00,COMPLETED
8603,222,6,2025-04-20,2025-04-27,928.00,ON_HOLD
8604,332,5,2026-01-18,2026-02-01,109.00,COMPLETED
8605,133,2,2023-03-19,2023-04-03,921.00,ON_HOLD
8606,297,1,2023-08-04,2023-08-14,599.00,COMPLETED
8607,321,11,2025-07-13,2025-07-20,693.00,COMPLETED
8608,231,2,2024-04-13,2024-04-18,660.00,COMPLETED
8609,142,2,2023-08-25,2023-08-30,931.00,ON_HOLD
8610,74,11,2026-02-27,2026-03-07,565.00,ON_HOLD
8611,4,4,2024-09-25,2024-09-30,77.00,COMPLETED
8612,258,8,2023-08-07,2023-08-13,703.00,ON_HOLD
8613,81,10,2025-07-15,2025-07-18,465.00,ON_HOLD
8614,169,8,2025-05-27,2025-05-30,555.00,IN_PROGRESS
8615,333,3,2024-08-25,2024-09-01,362.00,ON_HOLD
8616,7,8,2025-05-17,2025-05-30,754.00,COMPLETED
8617,191,12,2026-01-22,2026-01-26,914.00,COMPLETED
8618,458,4,2025-06-26,2025-07-05,811.00,COMPLETED
8619,207,5,2025-11-21,2025-12-04,389.00,COMPLETED
8620,42,7,2026-04-08,2026-04-11,413.00,COMPLETED
8621,325,6,2025-06-20,2025-07-06,707.00,COMPLETED
8622,441,7,2026-07-17,2026-07-29,738.00,IN_PROGRESS
8623,472,3,2023-09-29,2023-10-02,70.00,COMPLETED
8624,91,5,2025-02-17,2025-02-21,443.00,COMPLETED
8625,14,3,2024-05-15,2024-05-28,886.00,COMPLETED
8626,110,3,2026-01-04,2026-01-07,305.00,COMPLETED
8627,2,2,2023-04-23,2023-05-02,324.00,ON_HOLD
8628,376,2,2024-04-26,2024-05-02,708.00,ON_HOLD
8629,178,9,2025-07-05,2025-07-15,996.00,COMPLETED
8630,103,10,2026-09-03,2026-09-17,240.00,COMPLETED
8631,270,10,2023-11-20,2023-11-26,724.00,COMPLETED
8632,31,2,2025-10-18,2025-11-02,553.00,COMPLETED
8633,437,11,2024-06-01,2024-06-12,758.00,ON_HOLD
8634,378,5,2023-08-27,2023-09-03,551.00,COMPLETED
8635,99,7,2023-11-09,2023-11-14,285.00,COMPLETED
8636,422,11,2024-10-07,2024-10-12,471.00,ON_HOLD
8637,224,8,2024-06-01,2024-06-12,435.00,IN_PROGRESS
8638,380,5,2023-04-12,2023-04-27,147.00,COMPLETED
8639,254,9,2024-10-25,2024-11-01,737.00,COMPLETED
8640,260,12,2026-04-09,2026-04-17,855.00,ON_HOLD
8641,174,10,2024-05-28,2024-06-07,448.00,COMPLETED
8642,473,7,2023-12-02,2023-12-06,54.00,COMPLETED
8643,349,5,2024-04-15,2024-04-22,576.00,COMPLETED
8644,275,7,2026-08-30,2026-09-05,716.00,ON_HOLD
8645,406,12,2024-12-11,2024-12-24,424.00,IN_PROGRESS
8646,294,12,2026-09-25,2026-09-30,640.00,IN_PROGRESS
8647,485,3,2025-01-11,2025-01-18,347.00,COMPLETED
8648,97,10,2025-09-19,2025-10-03,728.00,COMPLETED
8649,416,10,2024-09-13,2024-09-29,431.00,IN_PROGRESS
8650,228,9,2024-03-10,2024-03-17,294.00,COMPLETED
8651,175,4,2026-01-14,2026-01-23,402.00,COMPLETED
8652,111,1,2025-06-24,2025-06-28,893.00,ON_HOLD
8653,495,11,2023-07-09,2023-07-13,500.00,ON_HOLD
8654,260,7,2025-11-23,2025-11-28,218.00,COMPLETED
8655,369,9,2024-08-09,2024-08-12,395.00,COMPLETED
8656,155,4,2024-06-16,2024-06-30,142.00,ON_HOLD
8657,345,3,2024-12-23,2024-12-27,801.00,COMPLETED
8658,115,9,2026-02-07,2026-02-11,368.00,COMPLETED
8659,162,5,2023-10-01,2023-10-05,125.00,ON_HOLD
8660,375,11,2023-10-21,2023-10-25,710.00,IN_PROGRESS
8661,234,12,2026-05-07,2026-05-17,164.00,ON_HOLD
8662,149,9,2025-11-09,2025-11-19,207.00,COMPLETED
8663,340,5,2026-05-12,2026-05-27,385.00,IN_PROGRESS
8664,295,8,2025-07-07,2025-07-19,988.00,COMPLETED
8665,289,11,2024-08-22,2024-09-01,440.00,COMPLETED
8666,83,7,2025-10-14,2025-10-21,740.00,COMPLETED
8667,94,6,2023-10-04,2023-10-14,536.00,IN_PROGRESS
8668,75,7,2023-07-21,2023-07-25,685.00,COMPLETED
8669,124,3,2025-12-27,2026-01-01,223.00,COMPLETED
8670,154,2,2024-05-24,2024-06-09,340.00,COMPLETED
8671,226,11,2024-07-13,2024-07-29,393.00,IN_PROGRESS
8672,46,11,2025-01-27,2025-02-10,859.00,IN_PROGRESS
8673,115,8,2024-04-09,2024-04-15,500.00,COMPLETED
8674,303,8,2025-02-15,2025-02-27,800.00,COMPLETED
8675,249,6,2024-10-11,2024-10-22,740.00,COMPLETED
8676,344,4,2023-05-19,2023-05-30,834.00,IN_PROGRESS
8677,290,6,2025-12-19,2025-12-26,121.00,COMPLETED
8678,295,9,2024-02-23,2024-03-09,513.00,ON_HOLD
8679,5,7,2023-11-01,2023-11-14,886.00,ON_HOLD
8680,251,12,2024-10-03,2024-10-15,762.00,COMPLETED
8681,242,2,2023-06-28,2023-07-07,927.00,ON_HOLD
8682,172,2,2024-12-19,2024-12-28,196.00,COMPLETED
8683,196,10,2024-11-22,2024-12-03,347.00,COMPLETED
8684,395,12,2026-06-13,2026-06-25,618.00,COMPLETED
8685,187,7,2026-07-26,2026-08-06,735.00,COMPLETED
8686,166,8,2023-07-31,2023-08-05,159.00,COMPLETED
8687,201,6,2024-04-28,2024-05-12,246.00,IN_PROGRESS
8688,43,3,2023-11-06,2023-11-10,217.00,COMPLETED
8689,200,5,2024-04-23,2024-04-27,694.00,ON_HOLD
8690,326,5,2025-06-26,2025-07-07,185.00,COMPLETED
8691,497,7,2023-06-03,2023-06-15,230.00,COMPLETED
8692,432,11,2024-09-06,2024-09-09,859.00,COMPLETED
8693,302,4,2023-12-15,2023-12-21,647.00,IN_PROGRESS
8694,238,7,2025-04-18,2025-05-04,454.00,COMPLETED
8695,228,4,2026-05-27,2026-06-12,264.00,COMPLETED
8696,303,12,2024-07-05,2024-07-12,161.00,COMPLETED
8697,466,4,2023-07-23,2023-08-03,108.00,COMPLETED
8698,119,12,2024-12-16,2024-12-21,104.00,IN_PROGRESS
8699,112,8,2025-02-22,2025-03-04,296.00,COMPLETED
8700,299,2,2023-10-20,2023-11-04,519.00,COMPLETED
8701,395,8,2023-05-31,2023-06-12,91.00,COMPLETED
8702,6,1,2023-09-22,2023-09-28,685.00,COMPLETED
8703,439,3,2023-10-25,2023-10-30,275.00,ON_HOLD
8704,454,6,2023-11-04,2023-11-16,407.00,IN_PROGRESS
8705,380,2,2025-02-01,2025-02-10,544.00,COMPLETED
8706,332,1,2024-02-21,2024-02-24,60.00,COMPLETED
8707,68,1,2023-02-14,2023-02-24,554.00,COMPLETED
8708,136,5,2026-07-27,2026-08-03,212.00,COMPLETED
8709,182,1,2024-12-26,2025-01-10,820.00,COMPLETED
8710,327,6,2026-03-22,2026-03-31,174.00,IN_PROGRESS
8711,409,5,2023-02-16,2023-02-20,194.00,IN_PROGRESS
8712,474,1,2023-06-05,2023-06-12,996.00,ON_HOLD
8713,106,9,2023-09-15,2023-09-21,92.00,ON_HOLD
8714,247,12,2024-06-02,2024-06-06,82.00,COMPLETED
8715,137,3,2026-01-27,2026-02-04,114.00,COMPLETED
8716,40,6,2025-11-11,2025-11-26,335.00,COMPLETED
8717,438,2,2024-01-22,2024-01-30,189.00,COMPLETED
8718,128,4,2023-12-07,2023-12-20,418.00,ON_HOLD
8719,480,10,2025-05-28,2025-06-05,689.00,ON_HOLD
8720,109,12,2023-01-06,2023-01-22,560.00,IN_PROGRESS
8721,309,9,2026-08-07,2026-08-20,371.00,COMPLETED
8722,10,3,2026-01-18,2026-01-30,981.00,ON_HOLD
8723,195,5,2023-01-20,2023-01-26,344.00,IN_PROGRESS
8724,180,6,2023-04-19,2023-05-02,486.00,COMPLETED
8725,149,9,2026-04-28,2026-05-06,937.00,COMPLETED
8726,137,2,2025-09-15,2025-09-25,810.00,COMPLETED
8727,493,12,2025-06-01,2025-06-07,61.00,COMPLETED
8728,343,11,2025-02-09,2025-02-15,892.00,IN_PROGRESS
8729,92,3,2026-06-17,2026-06-30,832.00,COMPLETED
8730,26,1,2026-04-17,2026-04-20,137.00,COMPLETED
8731,47,2,2023-03-20,2023-03-24,705.00,IN_PROGRESS
8732,163,6,2023-10-01,2023-10-04,531.00,COMPLETED
8733,37,7,2023-05-25,2023-06-02,905.00,COMPLETED
8734,156,3,2023-10-24,2023-11-04,881.00,ON_HOLD
8735,376,7,2024-02-18,2024-03-04,442.00,IN_PROGRESS
8736,350,3,2025-07-14,2025-07-23,915.00,COMPLETED
8737,322,1,2024-06-10,2024-06-22,78.00,COMPLETED
8738,128,1,2024-12-19,2024-12-31,970.00,COMPLETED
8739,32,3,2023-05-17,2023-05-20,153.00,COMPLETED
8740,60,12,2024-11-26,2024-12-11,889.00,IN_PROGRESS
8741,429,5,2026-06-25,2026-07-09,568.00,IN_PROGRESS
8742,356,2,2025-06-14,2025-06-21,722.00,IN_PROGRESS
8743,286,1,2025-12-16,2025-12-26,729.00,COMPLETED
8744,89,4,2024-06-12,2024-06-25,255.00,COMPLETED
8745,418,12,2024-04-28,2024-05-10,68.00,COMPLETED
8746,171,11,2026-09-23,2026-10-03,830.00,IN_PROGRESS
8747,93,7,2023-09-27,2023-10-13,822.00,COMPLETED
8748,210,6,2024-02-26,2024-03-12,214.00,COMPLETED
8749,494,9,2024-02-17,2024-02-23,99.00,IN_PROGRESS
8750,83,8,2023-01-13,2023-01-24,430.00,COMPLETED
8751,210,9,2023-04-03,2023-04-13,157.00,ON_HOLD
8752,232,6,2025-08-12,2025-08-26,266.00,IN_PROGRESS
8753,387,3,2024-01-07,2024-01-16,134.00,COMPLETED
8754,216,11,2025-12-23,2025-12-30,622.00,ON_HOLD
8755,489,10,2026-07-21,2026-08-01,197.00,IN_PROGRESS
8756,396,1,2026-03-29,2026-04-01,72.00,IN_PROGRESS
8757,434,6,2025-03-26,2025-04-02,923.00,COMPLETED
8758,390,8,2025-09-10,2025-09-13,266.00,COMPLETED
8759,299,6,2026-01-08,2026-01-15,796.00,COMPLETED
8760,19,1,2024-07-21,2024-07-30,185.00,IN_PROGRESS
8761,357,11,2026-08-08,2026-08-19,378.00,COMPLETED
8762,114,4,2024-12-07,2024-12-12,241.00,IN_PROGRESS
8763,89,6,2025-08-04,2025-08-09,410.00,ON_HOLD
8764,362,12,2023-10-24,2023-11-08,950.00,IN_PROGRESS
8765,423,12,2025-03-14,2025-03-29,645.00,COMPLETED
8766,277,9,2023-01-12,2023-01-20,719.00,COMPLETED
8767,78,10,2024-06-02,2024-06-14,504.00,COMPLETED
8768,307,12,2025-07-03,2025-07-13,272.00,ON_HOLD
8769,300,7,2025-10-12,2025-10-25,939.00,COMPLETED
8770,340,4,2024-05-27,2024-06-05,142.00,IN_PROGRESS
8771,262,2,2026-09-06,2026-09-16,784.00,COMPLETED
8772,373,10,2023-01-28,2023-02-09,831.00,ON_HOLD
8773,183,7,2023-08-06,2023-08-20,256.00,COMPLETED
8774,196,9,2023-09-09,2023-09-24,705.00,COMPLETED
8775,223,12,2025-02-04,2025-02-18,860.00,COMPLETED
8776,56,5,2023-03-18,2023-03-29,896.00,COMPLETED
8777,409,1,2025-09-22,2025-10-07,174.00,IN_PROGRESS
8778,395,11,2023-10-13,2023-10-22,913.00,COMPLETED
8779,42,2,2025-04-22,2025-04-29,700.00,COMPLETED
8780,463,8,2023-12-05,2023-12-13,441.00,COMPLETED
8781,178,5,2023-02-20,2023-03-07,282.00,COMPLETED
8782,330,7,2024-07-27,2024-08-12,837.00,COMPLETED
8783,441,2,2024-07-10,2024-07-16,994.00,COMPLETED
8784,116,9,2024-01-04,2024-01-09,516.00,ON_HOLD
8785,82,10,2026-03-12,2026-03-19,690.00,COMPLETED
8786,256,6,2024-02-13,2024-02-20,894.00,ON_HOLD
8787,71,9,2026-05-02,2026-05-11,470.00,ON_HOLD
8788,8,8,2025-07-09,2025-07-18,915.00,ON_HOLD
8789,418,9,2023-09-01,2023-09-09,554.00,COMPLETED
8790,259,1,2024-08-16,2024-08-20,938.00,COMPLETED
8791,229,4,2026-07-06,2026-07-11,961.00,ON_HOLD
8792,62,4,2023-09-26,2023-10-07,546.00,IN_PROGRESS
8793,422,8,2026-08-12,2026-08-18,568.00,COMPLETED
8794,84,1,2025-08-01,2025-08-14,574.00,COMPLETED
8795,24,7,2024-05-15,2024-05-27,639.00,COMPLETED
8796,197,1,2024-09-29,2024-10-09,500.00,COMPLETED
8797,376,1,2026-07-04,2026-07-07,139.00,COMPLETED
8798,453,9,2025-03-21,2025-03-29,76.00,ON_HOLD
8799,75,11,2024-12-24,2025-01-06,769.00,COMPLETED
8800,426,7,2024-09-14,2024-09-21,553.00,COMPLETED
8801,270,11,2025-10-20,2025-10-30,350.00,IN_PROGRESS
8802,175,5,2025-10-11,2025-10-26,617.00,COMPLETED
8803,439,8,2026-02-11,2026-02-22,868.00,COMPLETED
8804,170,8,2023-07-07,2023-07-15,963.00,IN_PROGRESS
8805,315,12,2023-06-07,2023-06-18,867.00,COMPLETED
8806,430,7,2026-01-25,2026-01-30,950.00,IN_PROGRESS
8807,246,5,2024-11-16,2024-11-21,812.00,COMPLETED
8808,148,5,2023-02-02,2023-02-06,154.00,COMPLETED
8809,488,12,2025-04-28,2025-05-10,273.00,COMPLETED
8810,488,9,2024-04-20,2024-04-23,307.00,IN_PROGRESS
8811,11,2,2023-06-16,2023-06-26,147.00,COMPLETED
8812,82,10,2023-05-10,2023-05-17,621.00,COMPLETED
8813,6,10,2023-01-26,2023-02-11,563.00,ON_HOLD
8814,70,11,2024-07-21,2024-08-02,925.00,ON_HOLD
8815,44,10,2025-06-06,2025-06-11,154.00,IN_PROGRESS
8816,493,6,2024-01-12,2024-01-20,107.00,COMPLETED
8817,131,8,2025-06-15,2025-06-19,749.00,COMPLETED
8818,245,9,2026-01-16,2026-01-20,580.00,IN_PROGRESS
8819,255,8,2023-06-27,2023-07-07,263.00,ON_HOLD
8820,219,4,2024-08-21,2024-09-06,215.00,COMPLETED
8821,114,12,2026-04-27,2026-05-11,220.00,COMPLETED
8822,7,9,2025-10-04,2025-10-13,213.00,IN_PROGRESS
8823,165,10,2023-11-11,2023-11-25,381.00,IN_PROGRESS
8824,73,1,2024-03-01,2024-03-15,907.00,COMPLETED
8825,417,1,2024-03-13,2024-03-26,108.00,COMPLETED
8826,27,3,2025-11-18,2025-12-03,570.00,ON_HOLD
8827,357,1,2024-01-06,2024-01-09,745.00,COMPLETED
8828,491,7,2026-08-20,2026-08-24,671.00,COMPLETED
8829,125,5,2025-02-12,2025-02-22,508.00,IN_PROGRESS
8830,128,9,2026-04-11,2026-04-21,864.00,ON_HOLD
8831,211,1,2024-03-06,2024-03-14,899.00,ON_HOLD
8832,100,2,2025-11-18,2025-11-29,856.00,COMPLETED
8833,156,8,2023-05-04,2023-05-20,450.00,ON_HOLD
8834,433,1,2026-03-10,2026-03-17,947.00,ON_HOLD
8835,17,8,2024-07-04,2024-07-17,896.00,COMPLETED
8836,162,2,2024-10-23,2024-11-08,543.00,COMPLETED
8837,27,2,2024-09-23,2024-10-06,138.00,COMPLETED
8838,51,2,2023-08-25,2023-09-09,112.00,COMPLETED
8839,461,6,2026-07-02,2026-07-08,293.00,COMPLETED
8840,354,10,2025-02-24,2025-03-03,918.00,COMPLETED
8841,165,9,2026-06-02,2026-06-14,403.00,COMPLETED
8842,35,5,2024-06-10,2024-06-22,436.00,COMPLETED
8843,87,8,2024-05-03,2024-05-18,240.00,COMPLETED
8844,321,8,2024-08-28,2024-09-01,798.00,COMPLETED
8845,49,2,2026-06-06,2026-06-15,227.00,IN_PROGRESS
8846,71,11,2024-02-24,2024-03-07,586.00,COMPLETED
8847,433,9,2024-01-03,2024-01-15,598.00,IN_PROGRESS
8848,351,12,2024-02-12,2024-02-26,982.00,COMPLETED
8849,186,1,2024-06-02,2024-06-07,377.00,COMPLETED
8850,304,2,2023-11-28,2023-12-08,657.00,ON_HOLD
8851,55,7,2023-11-26,2023-12-07,391.00,COMPLETED
8852,108,7,2026-04-05,2026-04-19,767.00,ON_HOLD
8853,38,3,2025-09-12,2025-09-23,838.00,COMPLETED
8854,166,2,2024-04-02,2024-04-16,520.00,COMPLETED
8855,345,9,2023-07-30,2023-08-07,923.00,COMPLETED
8856,74,3,2025-09-02,2025-09-14,204.00,ON_HOLD
8857,345,3,2026-06-07,2026-06-22,253.00,COMPLETED
8858,342,8,2024-05-20,2024-05-25,891.00,ON_HOLD
8859,441,2,2025-09-07,2025-09-15,284.00,COMPLETED
8860,225,4,2025-12-30,2026-01-11,565.00,COMPLETED
8861,468,5,2025-06-16,2025-06-22,978.00,COMPLETED
8862,115,9,2026-05-17,2026-05-30,166.00,IN_PROGRESS
8863,450,8,2023-06-30,2023-07-08,56.00,COMPLETED
8864,212,5,2026-07-18,2026-07-21,577.00,ON_HOLD
8865,104,4,2026-07-14,2026-07-25,924.00,ON_HOLD
8866,469,5,2024-08-04,2024-08-12,191.00,ON_HOLD
8867,132,4,2023-01-22,2023-02-06,285.00,COMPLETED
8868,402,5,2024-01-07,2024-01-20,919.00,COMPLETED
8869,186,9,2024-03-05,2024-03-11,573.00,COMPLETED
8870,120,7,2024-02-08,2024-02-24,401.00,COMPLETED
8871,35,8,2024-05-09,2024-05-19,119.00,COMPLETED
8872,14,5,2026-04-30,2026-05-13,159.00,ON_HOLD
8873,299,5,2026-07-09,2026-07-15,814.00,ON_HOLD
8874,9,4,2025-08-29,2025-09-10,297.00,ON_HOLD
8875,131,11,2023-02-19,2023-03-07,740.00,IN_PROGRESS
8876,10,9,2023-12-01,2023-12-15,127.00,COMPLETED
8877,165,8,2024-07-17,2024-08-02,543.00,COMPLETED
8878,302,2,2025-10-24,2025-10-28,839.00,COMPLETED
8879,230,10,2024-04-19,2024-05-04,610.00,COMPLETED
8880,101,12,2024-09-28,2024-10-13,374.00,IN_PROGRESS
8881,292,5,2026-05-05,2026-05-09,734.00,ON_HOLD
8882,473,12,2024-03-17,2024-03-22,293.00,IN_PROGRESS
8883,158,5,2026-02-09,2026-02-12,393.00,ON_HOLD
8884,134,11,2023-03-25,2023-04-02,317.00,COMPLETED
8885,6,10,2023-11-03,2023-11-18,762.00,COMPLETED
8886,492,2,2024-04-12,2024-04-22,903.00,COMPLETED
8887,284,1,2024-03-03,2024-03-13,771.00,IN_PROGRESS
8888,25,8,2023-07-19,2023-07-29,577.00,ON_HOLD
8889,346,7,2023-08-13,2023-08-21,87.00,COMPLETED
8890,248,6,2025-09-26,2025-10-03,230.00,COMPLETED
8891,162,3,2024-12-14,2024-12-30,311.00,COMPLETED
8892,175,3,2025-12-13,2025-12-20,542.00,COMPLETED
8893,4,1,2024-08-16,2024-08-21,227.00,COMPLETED
8894,204,5,2024-12-31,2025-01-14,177.00,COMPLETED
8895,393,10,2024-02-29,2024-03-14,897.00,IN_PROGRESS
8896,265,2,2024-01-18,2024-02-03,953.00,COMPLETED
8897,191,7,2025-06-17,2025-06-23,469.00,IN_PROGRESS
8898,242,2,2026-09-04,2026-09-19,560.00,COMPLETED
8899,129,7,2025-03-13,2025-03-22,548.00,COMPLETED
8900,222,3,2026-06-14,2026-06-22,214.00,COMPLETED
8901,269,2,2026-01-27,2026-02-02,608.00,COMPLETED
8902,357,10,2026-04-03,2026-04-10,950.00,COMPLETED
8903,213,12,2026-01-16,2026-02-01,567.00,ON_HOLD
8904,237,3,2026-07-03,2026-07-14,533.00,COMPLETED
8905,331,7,2023-06-10,2023-06-20,523.00,COMPLETED
8906,51,4,2025-10-29,2025-11-06,583.00,COMPLETED
8907,459,10,2023-03-21,2023-04-04,729.00,ON_HOLD
8908,82,1,2026-07-28,2026-08-06,942.00,IN_PROGRESS
8909,339,1,2023-08-02,2023-08-11,783.00,COMPLETED
8910,104,1,2024-06-23,2024-06-27,732.00,COMPLETED
8911,343,9,2026-03-15,2026-03-27,932.00,COMPLETED
8912,328,11,2024-03-26,2024-04-08,339.00,COMPLETED
8913,24,6,2024-04-04,2024-04-07,439.00,COMPLETED
8914,192,2,2024-05-19,2024-05-27,583.00,COMPLETED
8915,179,11,2023-05-30,2023-06-07,397.00,COMPLETED
8916,229,7,2026-01-03,2026-01-06,894.00,IN_PROGRESS
8917,190,7,2025-07-07,2025-07-19,182.00,ON_HOLD
8918,186,12,2023-10-28,2023-11-01,135.00,ON_HOLD
8919,467,7,2025-08-16,2025-08-30,215.00,IN_PROGRESS
8920,395,7,2024-06-03,2024-06-11,688.00,IN_PROGRESS
8921,251,12,2023-06-07,2023-06-18,873.00,ON_HOLD
8922,90,6,2023-05-26,2023-06-11,837.00,COMPLETED
8923,257,11,2024-03-28,2024-04-11,582.00,ON_HOLD
8924,21,11,2024-08-06,2024-08-11,760.00,COMPLETED
8925,94,5,2024-07-29,2024-08-03,174.00,COMPLETED
8926,415,12,2026-01-26,2026-02-09,391.00,IN_PROGRESS
8927,92,6,2026-01-27,2026-02-08,360.00,COMPLETED
8928,291,5,2024-06-19,2024-06-22,734.00,ON_HOLD
8929,92,1,2024-03-29,2024-04-06,350.00,COMPLETED
8930,499,10,2026-03-25,2026-04-05,511.00,COMPLETED
8931,159,12,2024-08-01,2024-08-12,385.00,IN_PROGRESS
8932,391,10,2026-04-21,2026-04-27,385.00,COMPLETED
8933,71,4,2025-08-18,2025-08-29,60.00,COMPLETED
8934,395,7,2024-12-10,2024-12-23,548.00,COMPLETED
8935,110,5,2025-09-24,2025-10-08,227.00,IN_PROGRESS
8936,16,4,2026-08-23,2026-09-02,103.00,ON_HOLD
8937,156,2,2024-08-10,2024-08-18,377.00,COMPLETED
8938,320,12,2026-08-10,2026-08-19,718.00,IN_PROGRESS
8939,482,10,2023-03-30,2023-04-10,416.00,IN_PROGRESS
8940,49,2,2026-03-03,2026-03-16,357.00,COMPLETED
8941,153,12,2023-12-13,2023-12-23,719.00,COMPLETED
8942,463,10,2026-06-08,2026-06-15,334.00,ON_HOLD
8943,27,10,2025-01-31,2025-02-03,186.00,IN_PROGRESS
8944,360,9,2025-01-28,2025-02-03,148.00,COMPLETED
8945,98,8,2026-05-08,2026-05-24,199.00,ON_HOLD
8946,43,12,2023-08-01,2023-08-12,307.00,COMPLETED
8947,275,6,2024-06-05,2024-06-13,996.00,COMPLETED
8948,437,12,2026-09-28,2026-10-02,271.00,COMPLETED
8949,55,8,2024-11-27,2024-12-13,516.00,COMPLETED
8950,391,3,2025-10-13,2025-10-19,729.00,COMPLETED
8951,454,12,2023-05-16,2023-05-23,640.00,COMPLETED
8952,426,11,2024-03-16,2024-03-21,908.00,COMPLETED
8953,150,7,2024-02-06,2024-02-20,496.00,IN_PROGRESS
8954,143,6,2024-12-07,2024-12-18,645.00,COMPLETED
8955,451,10,2026-05-05,2026-05-12,652.00,ON_HOLD
8956,407,12,2026-06-06,2026-06-21,868.00,COMPLETED
8957,38,8,2024-08-09,2024-08-20,950.00,ON_HOLD
8958,441,1,2024-11-27,2024-12-02,746.00,IN_PROGRESS
8959,48,4,2024-12-02,2024-12-14,673.00,COMPLETED
8960,34,5,2023-11-13,2023-11-24,771.00,COMPLETED
8961,277,3,2023-04-17,2023-04-28,354.00,ON_HOLD
8962,164,8,2023-08-12,2023-08-28,588.00,COMPLETED
8963,325,11,2025-03-20,2025-03-28,587.00,COMPLETED
8964,321,7,2024-08-09,2024-08-17,713.00,COMPLETED
8965,50,9,2023-06-09,2023-06-20,227.00,ON_HOLD
8966,180,8,2026-03-19,2026-03-23,485.00,COMPLETED
8967,228,11,2024-08-19,2024-08-24,974.00,IN_PROGRESS
8968,95,3,2024-12-21,2025-01-02,356.00,COMPLETED
8969,119,4,2023-05-10,2023-05-24,642.00,COMPLETED
8970,282,4,2023-07-22,2023-08-01,158.00,COMPLETED
8971,483,6,2025-08-26,2025-08-31,952.00,COMPLETED
8972,433,11,2025-01-09,2025-01-14,734.00,COMPLETED
8973,436,11,2023-04-17,2023-04-26,215.00,COMPLETED
8974,196,9,2025-01-17,2025-01-26,904.00,ON_HOLD
8975,304,11,2026-03-20,2026-03-29,563.00,IN_PROGRESS
8976,476,3,2025-06-23,2025-07-05,363.00,COMPLETED
8977,59,8,2025-05-21,2025-06-05,418.00,COMPLETED
8978,126,8,2023-05-24,2023-06-04,658.00,ON_HOLD
8979,349,8,2026-04-15,2026-04-19,690.00,COMPLETED
8980,192,7,2026-01-12,2026-01-28,513.00,COMPLETED
8981,89,11,2023-02-09,2023-02-25,703.00,ON_HOLD
8982,58,12,2025-04-11,2025-04-24,873.00,COMPLETED
8983,346,7,2026-08-23,2026-08-27,463.00,ON_HOLD
8984,12,1,2025-11-02,2025-11-10,622.00,COMPLETED
8985,175,5,2023-07-31,2023-08-05,280.00,COMPLETED
8986,227,11,2023-03-12,2023-03-24,665.00,COMPLETED
8987,347,1,2025-11-07,2025-11-21,305.00,COMPLETED
8988,337,1,2025-04-08,2025-04-18,690.00,COMPLETED
8989,351,9,2025-06-06,2025-06-20,908.00,IN_PROGRESS
8990,483,2,2024-02-01,2024-02-10,716.00,ON_HOLD
8991,370,3,2024-02-15,2024-02-23,426.00,IN_PROGRESS
8992,299,3,2024-04-18,2024-05-02,965.00,COMPLETED
8993,73,10,2024-08-09,2024-08-20,933.00,COMPLETED
8994,320,12,2025-06-16,2025-06-26,495.00,COMPLETED
8995,217,5,2026-01-05,2026-01-18,919.00,IN_PROGRESS
8996,206,9,2026-06-15,2026-06-29,486.00,COMPLETED
8997,369,11,2024-04-02,2024-04-14,139.00,ON_HOLD
8998,346,4,2026-09-13,2026-09-23,907.00,COMPLETED
8999,239,7,2025-03-12,2025-03-24,847.00,COMPLETED
9000,83,3,2023-01-03,2023-01-15,426.00,IN_PROGRESS
9001,385,9,2023-07-03,2023-07-14,979.00,COMPLETED
9002,104,2,2023-08-28,2023-09-02,116.00,COMPLETED
9003,280,5,2023-09-15,2023-09-21,98.00,IN_PROGRESS
9004,192,2,2023-03-22,2023-04-05,620.00,COMPLETED
9005,240,5,2023-09-17,2023-09-20,467.00,COMPLETED
9006,476,8,2026-03-16,2026-03-29,841.00,ON_HOLD
9007,240,5,2024-12-04,2024-12-10,148.00,COMPLETED
9008,494,2,2026-07-17,2026-08-02,677.00,IN_PROGRESS
9009,296,3,2024-06-26,2024-07-11,851.00,COMPLETED
9010,289,10,2023-08-14,2023-08-25,966.00,COMPLETED
9011,281,5,2024-06-25,2024-07-02,576.00,COMPLETED
9012,4,1,2023-05-13,2023-05-21,340.00,COMPLETED
9013,446,8,2024-12-19,2024-12-23,515.00,ON_HOLD
9014,472,10,2025-05-06,2025-05-12,725.00,ON_HOLD
9015,324,10,2023-04-07,2023-04-19,572.00,COMPLETED
9016,234,8,2025-01-06,2025-01-09,69.00,ON_HOLD
9017,471,1,2026-01-11,2026-01-27,192.00,COMPLETED
9018,157,11,2024-07-16,2024-07-20,847.00,COMPLETED
9019,116,11,2023-12-29,2024-01-09,69.00,ON_HOLD
9020,319,2,2026-07-12,2026-07-28,53.00,COMPLETED
9021,266,11,2025-02-14,2025-02-21,528.00,COMPLETED
9022,230,4,2025-02-22,2025-02-25,953.00,COMPLETED
9023,26,5,2025-04-04,2025-04-14,689.00,COMPLETED
9024,288,6,2026-05-24,2026-06-03,899.00,COMPLETED
9025,165,10,2023-08-31,2023-09-15,256.00,COMPLETED
9026,168,12,2026-07-14,2026-07-30,847.00,COMPLETED
9027,123,9,2024-12-01,2024-12-06,463.00,COMPLETED
9028,409,12,2026-01-05,2026-01-20,943.00,COMPLETED
9029,422,12,2023-04-21,2023-05-06,216.00,COMPLETED
9030,359,10,2024-02-16,2024-02-28,122.00,ON_HOLD
9031,377,6,2023-11-11,2023-11-19,395.00,IN_PROGRESS
9032,393,4,2025-01-04,2025-01-07,598.00,COMPLETED
9033,61,2,2023-11-29,2023-12-05,757.00,COMPLETED
9034,293,7,2024-12-14,2024-12-23,217.00,COMPLETED
9035,194,8,2026-08-04,2026-08-12,177.00,COMPLETED
9036,134,7,2023-04-19,2023-04-30,458.00,IN_PROGRESS
9037,129,4,2025-05-02,2025-05-13,473.00,COMPLETED
9038,96,9,2024-03-03,2024-03-18,713.00,COMPLETED
9039,269,6,2025-07-13,2025-07-22,384.00,ON_HOLD
9040,315,3,2025-10-31,2025-11-03,470.00,COMPLETED
9041,276,2,2023-11-16,2023-11-27,330.00,IN_PROGRESS
9042,61,10,2026-08-06,2026-08-15,740.00,COMPLETED
9043,94,4,2023-08-20,2023-08-27,693.00,COMPLETED
9044,409,4,2023-11-18,2023-11-30,183.00,COMPLETED
9045,445,12,2025-04-26,2025-05-11,608.00,IN_PROGRESS
9046,251,1,2025-10-15,2025-10-31,295.00,ON_HOLD
9047,313,6,2023-10-10,2023-10-15,275.00,COMPLETED
9048,286,4,2025-12-31,2026-01-09,463.00,COMPLETED
9049,194,11,2023-05-05,2023-05-13,553.00,COMPLETED
9050,477,9,2026-08-27,2026-09-12,84.00,ON_HOLD
9051,8,10,2024-11-17,2024-11-29,77.00,COMPLETED
9052,131,2,2023-05-30,2023-06-08,311.00,COMPLETED
9053,480,6,2025-07-21,2025-08-02,96.00,COMPLETED
9054,310,3,2023-02-24,2023-03-07,230.00,IN_PROGRESS
9055,195,6,2025-01-05,2025-01-20,198.00,ON_HOLD
9056,101,3,2024-07-10,2024-07-22,324.00,COMPLETED
9057,451,6,2026-02-01,2026-02-16,332.00,IN_PROGRESS
9058,79,9,2023-04-21,2023-04-24,445.00,ON_HOLD
9059,72,6,2024-02-18,2024-02-27,156.00,COMPLETED
9060,190,8,2023-06-01,2023-06-06,313.00,COMPLETED
9061,137,5,2023-08-31,2023-09-16,640.00,ON_HOLD
9062,261,11,2023-10-25,2023-11-06,497.00,ON_HOLD
9063,229,4,2026-04-26,2026-05-07,115.00,COMPLETED
9064,76,10,2025-07-25,2025-08-04,590.00,COMPLETED
9065,68,4,2026-02-08,2026-02-18,560.00,COMPLETED
9066,435,5,2024-09-29,2024-10-04,842.00,ON_HOLD
9067,23,12,2023-11-19,2023-11-23,991.00,COMPLETED
9068,295,9,2026-07-05,2026-07-19,153.00,COMPLETED
9069,74,6,2024-12-12,2024-12-16,693.00,COMPLETED
9070,288,2,2025-07-24,2025-08-05,778.00,COMPLETED
9071,63,10,2025-08-23,2025-09-03,599.00,COMPLETED
9072,151,4,2023-04-24,2023-05-02,589.00,COMPLETED
9073,65,7,2025-03-23,2025-03-27,342.00,COMPLETED
9074,315,12,2024-11-08,2024-11-16,700.00,COMPLETED
9075,296,2,2024-02-26,2024-03-04,518.00,COMPLETED
9076,315,6,2025-04-15,2025-04-25,476.00,COMPLETED
9077,313,7,2025-02-03,2025-02-14,267.00,IN_PROGRESS
9078,283,4,2026-08-31,2026-09-06,580.00,ON_HOLD
9079,138,6,2025-02-10,2025-02-18,904.00,COMPLETED
9080,284,10,2023-05-18,2023-06-03,411.00,ON_HOLD
9081,381,8,2024-03-18,2024-03-28,942.00,IN_PROGRESS
9082,9,8,2025-12-18,2025-12-26,323.00,IN_PROGRESS
9083,310,2,2025-03-11,2025-03-25,978.00,COMPLETED
9084,359,2,2025-05-19,2025-05-25,511.00,COMPLETED
9085,303,7,2025-09-19,2025-09-26,727.00,ON_HOLD
9086,380,12,2026-05-17,2026-05-23,894.00,IN_PROGRESS
9087,139,8,2026-09-24,2026-09-29,68.00,COMPLETED
9088,4,10,2026-04-11,2026-04-14,69.00,COMPLETED
9089,98,9,2025-09-25,2025-09-29,270.00,COMPLETED
9090,156,6,2024-06-11,2024-06-20,374.00,ON_HOLD
9091,251,3,2023-02-26,2023-03-07,676.00,COMPLETED
9092,17,8,2026-01-15,2026-01-19,614.00,COMPLETED
9093,436,3,2025-01-30,2025-02-04,368.00,ON_HOLD
9094,8,9,2023-02-12,2023-02-28,967.00,COMPLETED
9095,276,5,2025-02-16,2025-02-27,706.00,ON_HOLD
9096,332,4,2024-05-18,2024-05-22,633.00,COMPLETED
9097,343,9,2025-08-07,2025-08-21,305.00,IN_PROGRESS
9098,155,10,2023-09-29,2023-10-09,936.00,ON_HOLD
9099,118,7,2023-03-30,2023-04-09,582.00,COMPLETED
9100,248,7,2023-12-03,2023-12-15,285.00,COMPLETED
9101,258,12,2024-08-14,2024-08-21,500.00,COMPLETED
9102,47,10,2023-10-18,2023-10-25,990.00,ON_HOLD
9103,117,3,2026-07-27,2026-08-11,81.00,COMPLETED
9104,122,2,2025-04-09,2025-04-12,630.00,IN_PROGRESS
9105,254,10,2025-01-17,2025-01-21,987.00,ON_HOLD
9106,296,10,2025-10-14,2025-10-17,416.00,ON_HOLD
9107,277,8,2024-11-12,2024-11-16,58.00,COMPLETED
9108,31,10,2023-01-28,2023-02-07,267.00,IN_PROGRESS
9109,404,12,2026-03-01,2026-03-13,666.00,IN_PROGRESS
9110,164,11,2024-06-11,2024-06-14,711.00,COMPLETED
9111,143,6,2024-10-02,2024-10-13,330.00,COMPLETED
9112,416,5,2025-09-06,2025-09-17,566.00,IN_PROGRESS
9113,166,9,2023-12-13,2023-12-23,900.00,COMPLETED
9114,433,3,2023-04-19,2023-04-30,284.00,IN_PROGRESS
9115,255,1,2026-08-14,2026-08-19,757.00,COMPLETED
9116,335,3,2026-08-26,2026-09-06,835.00,COMPLETED
9117,389,11,2024-07-20,2024-08-03,406.00,IN_PROGRESS
9118,82,3,2025-03-13,2025-03-20,664.00,COMPLETED
9119,294,3,2026-06-21,2026-06-28,231.00,ON_HOLD
9120,258,11,2024-10-27,2024-11-07,664.00,COMPLETED
9121,478,12,2023-10-19,2023-10-24,430.00,IN_PROGRESS
9122,219,10,2025-05-23,2025-05-26,501.00,COMPLETED
9123,40,7,2025-11-24,2025-12-02,490.00,COMPLETED
9124,79,9,2024-12-29,2025-01-06,434.00,COMPLETED
9125,179,5,2024-03-27,2024-04-07,277.00,COMPLETED
9126,167,10,2026-03-06,2026-03-21,860.00,COMPLETED
9127,460,10,2026-04-16,2026-05-01,840.00,COMPLETED
9128,197,10,2024-01-25,2024-02-06,904.00,ON_HOLD
9129,485,1,2024-10-10,2024-10-14,676.00,COMPLETED
9130,410,2,2025-12-04,2025-12-15,354.00,IN_PROGRESS
9131,430,9,2023-12-19,2024-01-04,228.00,IN_PROGRESS
9132,417,3,2023-08-17,2023-08-31,791.00,COMPLETED
9133,234,7,2025-06-18,2025-06-21,602.00,IN_PROGRESS
9134,465,10,2023-04-16,2023-04-29,969.00,IN_PROGRESS
9135,426,3,2023-08-10,2023-08-26,917.00,ON_HOLD
9136,71,4,2024-05-23,2024-06-02,153.00,COMPLETED
9137,397,7,2026-09-23,2026-10-08,758.00,COMPLETED
9138,309,4,2026-07-25,2026-08-07,948.00,IN_PROGRESS
9139,190,9,2024-01-05,2024-01-17,913.00,COMPLETED
9140,306,11,2023-09-30,2023-10-16,274.00,COMPLETED
9141,370,12,2025-12-07,2025-12-23,725.00,IN_PROGRESS
9142,82,5,2023-10-13,2023-10-16,274.00,IN_PROGRESS
9143,122,7,2024-03-09,2024-03-12,461.00,COMPLETED
9144,135,11,2023-11-23,2023-12-04,830.00,COMPLETED
9145,367,5,2023-08-18,2023-09-03,321.00,COMPLETED
9146,355,3,2025-08-23,2025-08-30,392.00,IN_PROGRESS
9147,239,1,2026-05-16,2026-05-26,947.00,COMPLETED
9148,290,5,2024-06-26,2024-07-04,194.00,COMPLETED
9149,87,9,2023-02-26,2023-03-05,619.00,COMPLETED
9150,104,2,2026-07-22,2026-08-03,772.00,COMPLETED
9151,279,8,2025-08-28,2025-09-09,517.00,ON_HOLD
9152,325,11,2026-06-04,2026-06-07,796.00,COMPLETED
9153,275,3,2023-04-04,2023-04-08,987.00,IN_PROGRESS
9154,66,2,2025-02-18,2025-02-23,180.00,COMPLETED
9155,471,12,2023-03-01,2023-03-07,294.00,IN_PROGRESS
9156,27,10,2024-10-12,2024-10-25,530.00,ON_HOLD
9157,184,9,2025-05-16,2025-05-28,120.00,IN_PROGRESS
9158,48,12,2024-11-03,2024-11-09,217.00,COMPLETED
9159,283,4,2025-05-10,2025-05-19,178.00,COMPLETED
9160,421,10,2023-01-28,2023-02-13,303.00,IN_PROGRESS
9161,403,6,2026-05-07,2026-05-16,456.00,ON_HOLD
9162,496,2,2024-09-28,2024-10-13,354.00,ON_HOLD
9163,300,12,2026-03-03,2026-03-06,248.00,IN_PROGRESS
9164,153,7,2025-08-18,2025-08-30,788.00,COMPLETED
9165,375,11,2024-05-28,2024-06-01,492.00,COMPLETED
9166,405,3,2024-11-06,2024-11-13,150.00,COMPLETED
9167,23,3,2025-10-16,2025-10-21,587.00,ON_HOLD
9168,149,7,2023-12-08,2023-12-21,779.00,COMPLETED
9169,109,3,2025-05-25,2025-05-30,377.00,COMPLETED
9170,238,9,2026-06-09,2026-06-23,441.00,IN_PROGRESS
9171,116,4,2025-12-19,2026-01-03,280.00,COMPLETED
9172,360,4,2024-07-26,2024-08-03,665.00,ON_HOLD
9173,251,6,2026-03-14,2026-03-30,193.00,COMPLETED
9174,276,3,2025-11-16,2025-12-02,449.00,COMPLETED
9175,472,9,2025-07-20,2025-08-03,791.00,ON_HOLD
9176,462,2,2025-01-05,2025-01-19,506.00,COMPLETED
9177,294,2,2025-05-28,2025-06-03,578.00,COMPLETED
9178,86,10,2023-01-26,2023-01-30,935.00,ON_HOLD
9179,86,8,2024-07-11,2024-07-19,404.00,ON_HOLD
9180,213,8,2024-09-24,2024-10-06,196.00,IN_PROGRESS
9181,447,3,2023-05-09,2023-05-14,266.00,IN_PROGRESS
9182,382,9,2023-03-31,2023-04-13,381.00,ON_HOLD
9183,238,11,2024-12-14,2024-12-19,449.00,COMPLETED
9184,309,8,2026-04-08,2026-04-16,864.00,COMPLETED
9185,291,3,2026-02-12,2026-02-22,167.00,COMPLETED
9186,112,11,2023-06-22,2023-07-04,299.00,IN_PROGRESS
9187,30,10,2024-02-15,2024-02-22,635.00,COMPLETED
9188,391,2,2024-09-07,2024-09-16,317.00,COMPLETED
9189,371,3,2025-01-26,2025-02-07,535.00,ON_HOLD
9190,19,2,2023-12-17,2024-01-01,355.00,COMPLETED
9191,145,4,2023-01-28,2023-02-10,709.00,COMPLETED
9192,168,10,2026-01-29,2026-02-09,189.00,COMPLETED
9193,438,2,2026-05-07,2026-05-23,732.00,COMPLETED
9194,327,2,2025-08-30,2025-09-15,419.00,COMPLETED
9195,52,12,2023-02-01,2023-02-06,162.00,COMPLETED
9196,378,1,2023-08-26,2023-09-10,880.00,COMPLETED
9197,482,6,2023-06-14,2023-06-30,255.00,IN_PROGRESS
9198,80,7,2026-07-16,2026-07-22,399.00,ON_HOLD
9199,49,12,2024-04-11,2024-04-20,291.00,IN_PROGRESS
9200,90,10,2023-04-21,2023-04-25,821.00,COMPLETED
9201,417,3,2024-04-02,2024-04-14,249.00,IN_PROGRESS
9202,169,1,2024-01-13,2024-01-22,837.00,ON_HOLD
9203,454,12,2025-03-21,2025-03-24,181.00,COMPLETED
9204,409,1,2025-11-06,2025-11-17,158.00,ON_HOLD
9205,170,6,2025-11-01,2025-11-11,857.00,COMPLETED
9206,438,9,2024-04-21,2024-05-06,67.00,ON_HOLD
9207,31,8,2023-11-17,2023-11-22,878.00,IN_PROGRESS
9208,431,5,2023-03-22,2023-04-05,534.00,COMPLETED
9209,269,1,2024-01-16,2024-01-27,817.00,IN_PROGRESS
9210,93,7,2025-11-27,2025-12-01,723.00,COMPLETED
9211,280,12,2026-03-24,2026-04-09,703.00,IN_PROGRESS
9212,97,9,2023-01-21,2023-02-05,246.00,COMPLETED
9213,495,10,2023-06-04,2023-06-09,502.00,ON_HOLD
9214,487,7,2026-07-04,2026-07-08,651.00,IN_PROGRESS
9215,459,5,2026-06-30,2026-07-14,340.00,COMPLETED
9216,34,3,2023-11-20,2023-12-03,500.00,COMPLETED
9217,282,5,2023-07-26,2023-07-29,558.00,COMPLETED
9218,82,1,2025-08-15,2025-08-23,390.00,IN_PROGRESS
9219,39,5,2024-10-20,2024-10-28,251.00,COMPLETED
9220,110,7,2026-07-13,2026-07-16,233.00,COMPLETED
9221,310,6,2026-02-16,2026-02-26,186.00,COMPLETED
9222,3,2,2024-06-05,2024-06-17,196.00,ON_HOLD
9223,172,9,2025-02-11,2025-02-16,291.00,COMPLETED
9224,169,7,2025-08-09,2025-08-25,992.00,ON_HOLD
9225,254,2,2023-09-19,2023-09-27,463.00,COMPLETED
9226,334,2,2024-09-09,2024-09-19,87.00,COMPLETED
9227,329,8,2024-07-23,2024-08-06,602.00,COMPLETED
9228,431,3,2026-02-22,2026-02-27,973.00,IN_PROGRESS
9229,431,10,2025-02-21,2025-03-06,761.00,COMPLETED
9230,432,1,2023-02-27,2023-03-07,153.00,ON_HOLD
9231,296,7,2025-02-16,2025-02-27,953.00,COMPLETED
9232,464,7,2026-04-09,2026-04-15,664.00,IN_PROGRESS
9233,394,12,2023-01-04,2023-01-15,677.00,ON_HOLD
9234,316,5,2025-04-27,2025-05-04,706.00,IN_PROGRESS
9235,87,10,2024-03-17,2024-03-30,902.00,COMPLETED
9236,485,3,2023-10-05,2023-10-20,142.00,ON_HOLD
9237,387,2,2023-06-11,2023-06-25,539.00,ON_HOLD
9238,391,10,2024-05-30,2024-06-02,435.00,COMPLETED
9239,304,7,2025-05-15,2025-05-26,154.00,IN_PROGRESS
9240,254,12,2026-05-20,2026-05-26,193.00,IN_PROGRESS
9241,359,10,2024-12-30,2025-01-11,686.00,IN_PROGRESS
9242,468,4,2026-01-26,2026-02-04,478.00,COMPLETED
9243,116,1,2026-08-01,2026-08-07,826.00,IN_PROGRESS
9244,42,12,2026-08-10,2026-08-23,240.00,IN_PROGRESS
9245,235,2,2024-01-20,2024-02-02,93.00,ON_HOLD
9246,305,5,2025-12-17,2025-12-24,869.00,COMPLETED
9247,91,10,2026-03-15,2026-03-20,925.00,COMPLETED
9248,161,11,2023-03-12,2023-03-15,129.00,IN_PROGRESS
9249,478,7,2025-10-02,2025-10-16,502.00,COMPLETED
9250,272,5,2024-02-16,2024-02-19,572.00,ON_HOLD
9251,301,1,2023-09-13,2023-09-23,439.00,COMPLETED
9252,325,2,2026-03-17,2026-03-31,380.00,COMPLETED
9253,194,2,2024-12-15,2024-12-20,860.00,IN_PROGRESS
9254,55,12,2024-09-09,2024-09-25,389.00,IN_PROGRESS
9255,417,6,2026-01-16,2026-01-20,421.00,IN_PROGRESS
9256,465,10,2026-07-16,2026-07-20,451.00,COMPLETED
9257,54,11,2026-04-26,2026-05-07,459.00,COMPLETED
9258,49,6,2023-09-23,2023-09-30,887.00,COMPLETED
9259,467,8,2024-01-24,2024-01-31,185.00,IN_PROGRESS
9260,132,12,2025-03-17,2025-03-22,430.00,COMPLETED
9261,414,4,2025-06-07,2025-06-20,493.00,ON_HOLD
9262,497,12,2024-11-12,2024-11-27,394.00,COMPLETED
9263,241,4,2026-02-04,2026-02-09,77.00,ON_HOLD
9264,332,9,2024-09-30,2024-10-13,618.00,IN_PROGRESS
9265,267,6,2024-11-19,2024-11-28,834.00,COMPLETED
9266,17,10,2023-04-24,2023-05-04,478.00,COMPLETED
9267,35,11,2023-08-20,2023-09-01,147.00,COMPLETED
9268,250,11,2024-09-21,2024-09-26,769.00,COMPLETED
9269,360,5,2024-03-12,2024-03-19,591.00,COMPLETED
9270,45,2,2023-07-21,2023-08-01,961.00,COMPLETED
9271,375,10,2023-01-23,2023-02-04,526.00,COMPLETED
9272,15,3,2024-06-05,2024-06-19,732.00,COMPLETED
9273,301,10,2024-04-13,2024-04-25,757.00,COMPLETED
9274,103,7,2023-05-25,2023-05-30,619.00,COMPLETED
9275,105,9,2023-08-12,2023-08-19,994.00,ON_HOLD
9276,488,6,2025-04-30,2025-05-13,391.00,IN_PROGRESS
9277,330,1,2024-10-13,2024-10-27,548.00,ON_HOLD
9278,226,3,2026-02-16,2026-02-28,650.00,IN_PROGRESS
9279,286,1,2023-04-05,2023-04-16,633.00,COMPLETED
9280,323,4,2023-05-30,2023-06-07,408.00,COMPLETED
9281,310,5,2024-04-05,2024-04-18,699.00,ON_HOLD
9282,272,10,2023-09-04,2023-09-20,113.00,ON_HOLD
9283,54,3,2024-12-27,2024-12-30,907.00,COMPLETED
9284,176,8,2025-09-14,2025-09-22,961.00,IN_PROGRESS
9285,396,3,2026-09-30,2026-10-07,895.00,IN_PROGRESS
9286,131,2,2024-12-06,2024-12-13,149.00,COMPLETED
9287,114,3,2026-03-24,2026-04-01,194.00,COMPLETED
9288,162,3,2023-08-03,2023-08-17,932.00,COMPLETED
9289,255,10,2023-05-03,2023-05-11,493.00,ON_HOLD
9290,355,6,2023-05-27,2023-06-11,709.00,ON_HOLD
9291,80,6,2024-11-08,2024-11-11,218.00,ON_HOLD
9292,143,1,2024-11-30,2024-12-06,539.00,IN_PROGRESS
9293,361,4,2026-05-08,2026-05-23,92.00,IN_PROGRESS
9294,440,2,2023-08-16,2023-08-29,409.00,IN_PROGRESS
9295,327,1,2026-06-19,2026-06-29,130.00,IN_PROGRESS
9296,135,5,2025-12-09,2025-12-18,810.00,COMPLETED
9297,57,7,2024-03-19,2024-03-29,516.00,IN_PROGRESS
9298,301,9,2023-05-24,2023-06-02,328.00,COMPLETED
9299,2,12,2025-01-15,2025-01-22,833.00,COMPLETED
9300,335,3,2025-10-07,2025-10-15,707.00,ON_HOLD
9301,357,10,2025-08-25,2025-09-05,703.00,IN_PROGRESS
9302,15,8,2023-04-22,2023-05-01,57.00,IN_PROGRESS
9303,146,9,2023-04-27,2023-05-10,359.00,COMPLETED
9304,292,2,2023-01-31,2023-02-13,365.00,COMPLETED
9305,7,9,2024-04-12,2024-04-25,989.00,ON_HOLD
9306,28,8,2025-02-11,2025-02-16,672.00,COMPLETED
9307,205,1,2025-10-12,2025-10-27,181.00,COMPLETED
9308,269,1,2024-09-04,2024-09-13,385.00,COMPLETED
9309,124,10,2024-08-15,2024-08-30,335.00,ON_HOLD
9310,471,6,2026-07-16,2026-07-31,883.00,COMPLETED
9311,210,8,2025-09-10,2025-09-22,821.00,IN_PROGRESS
9312,131,5,2025-12-07,2025-12-14,797.00,COMPLETED
9313,277,6,2023-10-03,2023-10-17,807.00,ON_HOLD
9314,230,12,2025-12-13,2025-12-21,616.00,COMPLETED
9315,111,11,2025-01-01,2025-01-15,146.00,COMPLETED
9316,3,2,2026-04-26,2026-04-30,277.00,IN_PROGRESS
9317,170,11,2025-06-18,2025-07-03,53.00,ON_HOLD
9318,350,4,2024-05-10,2024-05-19,680.00,COMPLETED
9319,483,4,2025-09-09,2025-09-24,267.00,ON_HOLD
9320,484,4,2024-08-19,2024-09-04,711.00,COMPLETED
9321,59,4,2024-08-11,2024-08-23,401.00,COMPLETED
9322,164,4,2024-10-01,2024-10-09,957.00,ON_HOLD
9323,189,8,2025-12-01,2025-12-14,262.00,COMPLETED
9324,418,3,2024-03-04,2024-03-18,446.00,IN_PROGRESS
9325,339,7,2024-12-08,2024-12-17,875.00,COMPLETED
9326,448,9,2025-03-14,2025-03-22,121.00,COMPLETED
9327,132,8,2025-03-19,2025-04-03,435.00,COMPLETED
9328,492,4,2023-10-08,2023-10-23,653.00,IN_PROGRESS
9329,96,4,2023-05-19,2023-05-27,501.00,COMPLETED
9330,354,1,2024-03-09,2024-03-20,619.00,ON_HOLD
9331,342,10,2024-06-25,2024-06-30,747.00,IN_PROGRESS
9332,12,5,2025-05-14,2025-05-27,870.00,COMPLETED
9333,119,2,2026-09-15,2026-09-28,697.00,ON_HOLD
9334,436,2,2025-11-17,2025-11-30,585.00,ON_HOLD
9335,103,11,2024-12-25,2024-12-31,838.00,IN_PROGRESS
9336,307,4,2026-09-21,2026-10-02,761.00,COMPLETED
9337,167,12,2025-12-20,2025-12-30,970.00,COMPLETED
9338,57,1,2024-11-11,2024-11-20,328.00,COMPLETED
9339,41,8,2023-04-28,2023-05-02,965.00,COMPLETED
9340,214,9,2023-11-08,2023-11-21,670.00,ON_HOLD
9341,24,8,2025-08-09,2025-08-14,55.00,COMPLETED
9342,316,9,2026-06-02,2026-06-14,227.00,COMPLETED
9343,200,10,2026-07-15,2026-07-24,997.00,COMPLETED
9344,234,8,2023-12-08,2023-12-21,391.00,ON_HOLD
9345,345,2,2024-05-02,2024-05-05,814.00,COMPLETED
9346,99,2,2024-06-27,2024-07-08,649.00,IN_PROGRESS
9347,259,7,2023-08-11,2023-08-21,813.00,IN_PROGRESS
9348,336,4,2024-12-23,2025-01-03,787.00,COMPLETED
9349,116,7,2023-04-06,2023-04-13,986.00,IN_PROGRESS
9350,477,2,2025-04-24,2025-05-03,351.00,COMPLETED
9351,405,8,2024-10-09,2024-10-24,289.00,COMPLETED
9352,100,10,2026-01-03,2026-01-06,651.00,COMPLETED
9353,147,11,2026-05-17,2026-05-25,217.00,COMPLETED
9354,310,2,2023-10-06,2023-10-17,667.00,COMPLETED
9355,467,1,2026-03-20,2026-04-05,115.00,COMPLETED
9356,262,2,2024-07-26,2024-08-05,281.00,ON_HOLD
9357,404,5,2025-02-21,2025-03-01,720.00,ON_HOLD
9358,30,10,2023-04-23,2023-05-06,938.00,COMPLETED
9359,166,7,2026-08-01,2026-08-10,398.00,IN_PROGRESS
9360,63,8,2024-04-27,2024-05-03,894.00,COMPLETED
9361,108,1,2026-03-19,2026-03-27,212.00,ON_HOLD
9362,385,8,2024-06-26,2024-07-06,102.00,COMPLETED
9363,129,12,2024-11-03,2024-11-19,715.00,COMPLETED
9364,172,6,2023-03-16,2023-03-23,236.00,COMPLETED
9365,497,2,2026-07-29,2026-08-11,239.00,ON_HOLD
9366,222,8,2023-10-16,2023-10-23,980.00,COMPLETED
9367,258,8,2026-05-22,2026-06-06,83.00,COMPLETED
9368,444,5,2023-12-13,2023-12-17,637.00,COMPLETED
9369,257,12,2023-12-06,2023-12-10,536.00,COMPLETED
9370,496,6,2025-03-25,2025-04-08,52.00,ON_HOLD
9371,184,4,2024-08-28,2024-08-31,243.00,COMPLETED
9372,377,7,2025-12-20,2025-12-24,488.00,COMPLETED
9373,162,1,2026-02-24,2026-03-09,552.00,IN_PROGRESS
9374,415,3,2024-06-01,2024-06-17,429.00,IN_PROGRESS
9375,230,9,2024-04-08,2024-04-17,828.00,IN_PROGRESS
9376,263,12,2026-08-17,2026-08-31,856.00,COMPLETED
9377,142,10,2026-02-20,2026-03-08,679.00,COMPLETED
9378,377,4,2023-08-31,2023-09-09,295.00,IN_PROGRESS
9379,54,3,2026-02-26,2026-03-10,374.00,COMPLETED
9380,454,10,2024-03-07,2024-03-10,741.00,IN_PROGRESS
9381,150,1,2024-11-13,2024-11-28,131.00,IN_PROGRESS
9382,89,6,2024-09-23,2024-09-28,710.00,COMPLETED
9383,414,7,2026-03-17,2026-03-20,801.00,ON_HOLD
9384,383,11,2026-06-14,2026-06-24,166.00,COMPLETED
9385,109,9,2026-04-14,2026-04-22,98.00,IN_PROGRESS
9386,466,8,2023-10-23,2023-11-06,875.00,COMPLETED
9387,323,5,2026-06-16,2026-06-22,348.00,COMPLETED
9388,40,5,2023-01-24,2023-02-02,471.00,IN_PROGRESS
9389,14,12,2024-10-18,2024-11-03,440.00,COMPLETED
9390,96,8,2023-12-04,2023-12-15,481.00,ON_HOLD
9391,290,4,2024-03-20,2024-03-31,95.00,COMPLETED
9392,256,12,2024-04-25,2024-05-07,390.00,COMPLETED
9393,261,4,2026-03-14,2026-03-30,757.00,COMPLETED
9394,408,4,2024-09-11,2024-09-18,108.00,COMPLETED
9395,453,12,2024-05-05,2024-05-12,726.00,COMPLETED
9396,154,6,2024-03-27,2024-03-31,590.00,COMPLETED
9397,223,1,2024-12-02,2024-12-08,392.00,COMPLETED
9398,15,1,2024-11-20,2024-12-03,92.00,COMPLETED
9399,102,4,2023-08-20,2023-09-05,311.00,IN_PROGRESS
9400,200,12,2024-08-13,2024-08-27,112.00,COMPLETED
9401,222,5,2026-01-29,2026-02-14,557.00,COMPLETED
9402,175,12,2026-09-05,2026-09-09,884.00,COMPLETED
9403,288,10,2026-06-20,2026-06-24,256.00,IN_PROGRESS
9404,320,5,2024-03-25,2024-03-31,470.00,IN_PROGRESS
9405,78,8,2025-12-31,2026-01-13,720.00,COMPLETED
9406,102,5,2023-11-03,2023-11-10,345.00,COMPLETED
9407,70,7,2024-06-29,2024-07-13,649.00,IN_PROGRESS
9408,292,6,2025-05-26,2025-05-30,528.00,COMPLETED
9409,260,4,2024-12-05,2024-12-17,210.00,COMPLETED
9410,451,8,2026-07-20,2026-08-04,962.00,IN_PROGRESS
9411,254,12,2025-06-21,2025-06-28,234.00,COMPLETED
9412,9,1,2025-09-09,2025-09-13,254.00,IN_PROGRESS
9413,124,6,2023-07-19,2023-07-24,420.00,ON_HOLD
9414,286,4,2026-03-25,2026-04-09,330.00,ON_HOLD
9415,438,10,2025-05-21,2025-06-05,716.00,COMPLETED
9416,192,11,2026-05-18,2026-05-21,323.00,ON_HOLD
9417,318,7,2024-12-14,2024-12-17,643.00,ON_HOLD
9418,148,5,2024-02-27,2024-03-04,683.00,COMPLETED
9419,297,2,2026-02-08,2026-02-20,131.00,COMPLETED
9420,189,3,2023-11-19,2023-11-29,401.00,IN_PROGRESS
9421,267,12,2023-04-02,2023-04-07,654.00,COMPLETED
9422,209,11,2025-05-05,2025-05-14,806.00,ON_HOLD
9423,154,6,2023-03-10,2023-03-15,458.00,ON_HOLD
9424,456,12,2023-05-19,2023-05-23,546.00,COMPLETED
9425,288,5,2025-10-10,2025-10-15,252.00,ON_HOLD
9426,359,11,2023-09-27,2023-10-12,346.00,ON_HOLD
9427,464,8,2026-01-13,2026-01-23,62.00,IN_PROGRESS
9428,326,10,2025-10-20,2025-10-29,798.00,IN_PROGRESS
9429,19,3,2026-07-18,2026-08-03,672.00,COMPLETED
9430,64,11,2025-10-13,2025-10-24,754.00,COMPLETED
9431,27,2,2025-12-29,2026-01-01,603.00,IN_PROGRESS
9432,412,5,2024-02-22,2024-03-04,892.00,COMPLETED
9433,11,11,2026-03-30,2026-04-05,164.00,IN_PROGRESS
9434,43,3,2026-04-08,2026-04-18,911.00,COMPLETED
9435,115,8,2026-03-11,2026-03-24,553.00,IN_PROGRESS
9436,11,3,2023-08-28,2023-09-10,67.00,ON_HOLD
9437,410,1,2024-06-13,2024-06-21,55.00,COMPLETED
9438,289,1,2025-10-18,2025-11-02,606.00,COMPLETED
9439,53,12,2025-11-04,2025-11-19,187.00,IN_PROGRESS
9440,342,4,2026-03-27,2026-03-30,537.00,COMPLETED
9441,189,5,2026-08-19,2026-08-26,719.00,COMPLETED
9442,415,9,2023-09-24,2023-10-06,988.00,COMPLETED
9443,215,8,2025-08-23,2025-08-27,332.00,COMPLETED
9444,422,3,2023-04-11,2023-04-18,247.00,ON_HOLD
9445,130,3,2024-11-18,2024-11-22,859.00,COMPLETED
9446,310,9,2024-05-20,2024-05-24,420.00,COMPLETED
9447,8,6,2023-03-26,2023-04-10,396.00,ON_HOLD
9448,390,7,2024-05-06,2024-05-22,384.00,IN_PROGRESS
9449,404,8,2026-04-09,2026-04-25,119.00,COMPLETED
9450,495,2,2024-10-24,2024-11-03,963.00,IN_PROGRESS
9451,15,9,2026-09-03,2026-09-13,751.00,ON_HOLD
9452,27,1,2023-11-19,2023-11-25,101.00,COMPLETED
9453,377,5,2024-08-14,2024-08-25,319.00,COMPLETED
9454,310,1,2025-03-12,2025-03-16,394.00,COMPLETED
9455,286,4,2024-08-10,2024-08-23,966.00,COMPLETED
9456,258,12,2026-04-30,2026-05-03,362.00,COMPLETED
9457,279,5,2024-06-02,2024-06-15,950.00,COMPLETED
9458,30,3,2026-03-22,2026-03-30,868.00,IN_PROGRESS
9459,192,2,2025-03-31,2025-04-07,721.00,COMPLETED
9460,89,7,2024-01-21,2024-02-01,833.00,IN_PROGRESS
9461,466,7,2024-02-19,2024-03-06,602.00,ON_HOLD
9462,419,5,2024-06-05,2024-06-19,142.00,COMPLETED
9463,319,6,2024-02-13,2024-02-20,682.00,COMPLETED
9464,304,7,2023-10-07,2023-10-13,968.00,IN_PROGRESS
9465,199,12,2026-02-20,2026-02-25,245.00,IN_PROGRESS
9466,478,10,2023-09-01,2023-09-05,99.00,COMPLETED
9467,215,5,2024-05-26,2024-05-31,113.00,COMPLETED
9468,83,10,2026-05-24,2026-06-07,863.00,COMPLETED
9469,139,3,2023-08-26,2023-08-30,413.00,COMPLETED
9470,320,3,2023-04-26,2023-05-04,672.00,ON_HOLD
9471,10,5,2026-03-19,2026-04-03,218.00,COMPLETED
9472,378,7,2023-07-02,2023-07-10,203.00,IN_PROGRESS
9473,464,8,2026-06-27,2026-07-06,758.00,COMPLETED
9474,389,1,2025-02-09,2025-02-21,72.00,COMPLETED
9475,137,1,2024-02-01,2024-02-04,145.00,ON_HOLD
9476,249,11,2024-01-08,2024-01-12,82.00,ON_HOLD
9477,110,12,2023-07-09,2023-07-14,87.00,COMPLETED
9478,119,7,2024-07-25,2024-08-04,315.00,COMPLETED
9479,363,7,2023-07-12,2023-07-22,181.00,COMPLETED
9480,148,11,2026-03-24,2026-04-02,660.00,IN_PROGRESS
9481,39,11,2025-05-19,2025-05-25,116.00,IN_PROGRESS
9482,281,10,2026-07-10,2026-07-26,678.00,ON_HOLD
9483,416,11,2025-07-12,2025-07-18,354.00,COMPLETED
9484,330,6,2023-07-29,2023-08-05,562.00,COMPLETED
9485,69,3,2024-11-23,2024-11-26,381.00,COMPLETED
9486,285,5,2025-08-23,2025-08-27,575.00,COMPLETED
9487,181,12,2025-11-30,2025-12-14,427.00,ON_HOLD
9488,138,6,2023-04-01,2023-04-14,656.00,COMPLETED
9489,174,4,2025-07-29,2025-08-14,450.00,COMPLETED
9490,26,10,2024-10-11,2024-10-23,779.00,COMPLETED
9491,18,3,2025-04-05,2025-04-13,611.00,IN_PROGRESS
9492,454,8,2023-01-08,2023-01-19,498.00,COMPLETED
9493,494,7,2025-07-23,2025-07-29,362.00,COMPLETED
9494,445,7,2023-11-16,2023-11-26,799.00,IN_PROGRESS
9495,141,10,2025-10-05,2025-10-17,532.00,COMPLETED
9496,54,8,2025-12-28,2026-01-03,253.00,IN_PROGRESS
9497,312,8,2023-08-01,2023-08-17,971.00,ON_HOLD
9498,328,4,2024-08-31,2024-09-15,892.00,COMPLETED
9499,207,4,2023-07-16,2023-07-30,309.00,COMPLETED
9500,430,11,2023-05-05,2023-05-16,325.00,IN_PROGRESS
9501,51,9,2024-01-22,2024-02-02,492.00,ON_HOLD
9502,464,6,2023-08-03,2023-08-18,942.00,COMPLETED
9503,370,11,2023-07-08,2023-07-21,227.00,COMPLETED
9504,364,12,2024-01-12,2024-01-26,680.00,COMPLETED
9505,386,12,2025-11-06,2025-11-21,211.00,ON_HOLD
9506,256,3,2025-03-02,2025-03-12,705.00,COMPLETED
9507,224,10,2026-03-23,2026-03-29,480.00,ON_HOLD
9508,222,12,2023-10-09,2023-10-20,576.00,IN_PROGRESS
9509,140,5,2023-07-15,2023-07-19,715.00,COMPLETED
9510,467,11,2024-11-07,2024-11-17,607.00,COMPLETED
9511,411,9,2024-11-23,2024-12-09,154.00,ON_HOLD
9512,354,8,2024-06-16,2024-06-26,561.00,COMPLETED
9513,210,3,2026-04-19,2026-05-02,576.00,COMPLETED
9514,139,8,2023-07-27,2023-07-30,374.00,COMPLETED
9515,36,9,2026-07-31,2026-08-06,853.00,COMPLETED
9516,224,5,2023-12-28,2024-01-03,544.00,IN_PROGRESS
9517,245,2,2026-01-28,2026-02-01,153.00,COMPLETED
9518,176,12,2024-04-02,2024-04-17,696.00,ON_HOLD
9519,294,4,2026-07-02,2026-07-16,260.00,COMPLETED
9520,363,2,2025-10-13,2025-10-16,108.00,COMPLETED
9521,273,1,2024-09-25,2024-10-05,869.00,COMPLETED
9522,305,9,2023-04-23,2023-05-02,962.00,ON_HOLD
9523,485,12,2025-02-18,2025-03-03,902.00,COMPLETED
9524,164,3,2025-09-24,2025-10-07,516.00,ON_HOLD
9525,392,9,2024-09-30,2024-10-04,247.00,IN_PROGRESS
9526,146,1,2024-10-03,2024-10-10,966.00,IN_PROGRESS
9527,60,6,2023-02-16,2023-02-22,706.00,IN_PROGRESS
9528,261,11,2024-11-25,2024-12-01,444.00,COMPLETED
9529,74,12,2025-07-29,2025-08-01,215.00,IN_PROGRESS
9530,258,9,2025-01-10,2025-01-15,235.00,COMPLETED
9531,205,9,2025-07-12,2025-07-22,831.00,IN_PROGRESS
9532,104,4,2024-09-15,2024-09-24,839.00,COMPLETED
9533,182,12,2025-12-15,2025-12-26,364.00,COMPLETED
9534,34,2,2023-09-24,2023-09-28,186.00,ON_HOLD
9535,430,6,2025-09-02,2025-09-11,280.00,COMPLETED
9536,222,6,2025-03-18,2025-03-23,969.00,COMPLETED
9537,201,5,2025-01-22,2025-01-26,942.00,ON_HOLD
9538,388,6,2026-05-03,2026-05-06,956.00,IN_PROGRESS
9539,100,6,2024-02-16,2024-03-02,241.00,COMPLETED
9540,402,11,2026-09-24,2026-10-09,899.00,COMPLETED
9541,277,8,2023-11-15,2023-11-19,440.00,COMPLETED
9542,383,2,2024-03-12,2024-03-19,878.00,IN_PROGRESS
9543,333,8,2026-06-18,2026-07-04,236.00,COMPLETED
9544,94,3,2025-07-10,2025-07-14,798.00,IN_PROGRESS
9545,226,4,2024-09-16,2024-09-28,584.00,ON_HOLD
9546,87,5,2023-11-24,2023-12-05,231.00,COMPLETED
9547,195,3,2023-03-24,2023-03-31,622.00,COMPLETED
9548,313,2,2024-12-16,2024-12-27,902.00,ON_HOLD
9549,155,1,2025-03-15,2025-03-19,405.00,IN_PROGRESS
9550,77,3,2025-06-10,2025-06-20,210.00,COMPLETED
9551,345,9,2023-07-25,2023-07-31,456.00,ON_HOLD
9552,472,10,2023-01-06,2023-01-20,133.00,ON_HOLD
9553,105,7,2024-05-30,2024-06-12,484.00,COMPLETED
9554,498,12,2024-06-08,2024-06-11,400.00,COMPLETED
9555,82,6,2024-09-09,2024-09-14,338.00,COMPLETED
9556,410,2,2023-01-11,2023-01-23,773.00,COMPLETED
9557,276,8,2025-08-17,2025-08-27,416.00,IN_PROGRESS
9558,260,3,2024-03-06,2024-03-10,790.00,IN_PROGRESS
9559,473,2,2025-11-24,2025-11-29,362.00,IN_PROGRESS
9560,425,5,2023-11-21,2023-11-26,322.00,COMPLETED
9561,8,1,2023-04-14,2023-04-24,591.00,COMPLETED
9562,151,1,2023-10-28,2023-11-11,417.00,ON_HOLD
9563,207,9,2023-09-15,2023-09-30,760.00,COMPLETED
9564,444,10,2024-01-23,2024-01-26,373.00,COMPLETED
9565,231,6,2023-07-13,2023-07-19,207.00,ON_HOLD
9566,497,11,2024-06-30,2024-07-04,407.00,COMPLETED
9567,100,4,2025-10-03,2025-10-16,560.00,COMPLETED
9568,386,8,2026-04-25,2026-04-28,997.00,COMPLETED
9569,260,6,2023-11-13,2023-11-25,711.00,IN_PROGRESS
9570,155,6,2026-01-17,2026-01-31,427.00,IN_PROGRESS
9571,66,10,2026-09-17,2026-09-24,249.00,COMPLETED
9572,42,9,2026-08-20,2026-08-30,297.00,COMPLETED
9573,481,12,2026-07-06,2026-07-11,913.00,COMPLETED
9574,245,11,2025-07-25,2025-08-02,479.00,COMPLETED
9575,397,11,2024-05-11,2024-05-23,838.00,COMPLETED
9576,112,7,2025-03-08,2025-03-15,921.00,IN_PROGRESS
9577,270,9,2024-03-26,2024-04-03,359.00,COMPLETED
9578,18,10,2025-11-13,2025-11-26,412.00,COMPLETED
9579,313,9,2025-11-30,2025-12-11,518.00,ON_HOLD
9580,316,8,2024-08-01,2024-08-07,139.00,COMPLETED
9581,45,4,2024-10-20,2024-10-29,365.00,COMPLETED
9582,94,10,2024-07-18,2024-07-25,824.00,COMPLETED
9583,8,1,2024-07-28,2024-08-12,488.00,COMPLETED
9584,494,7,2026-05-11,2026-05-15,515.00,COMPLETED
9585,106,10,2023-01-03,2023-01-07,925.00,COMPLETED
9586,153,4,2024-10-11,2024-10-18,458.00,ON_HOLD
9587,238,11,2025-02-19,2025-03-07,182.00,COMPLETED
9588,274,3,2024-08-11,2024-08-17,673.00,COMPLETED
9589,16,7,2026-04-13,2026-04-27,450.00,COMPLETED
9590,232,4,2025-06-13,2025-06-26,528.00,IN_PROGRESS
9591,66,8,2023-08-04,2023-08-10,310.00,COMPLETED
9592,332,2,2025-01-24,2025-01-29,558.00,COMPLETED
9593,83,11,2024-01-23,2024-02-03,654.00,COMPLETED
9594,158,3,2024-03-14,2024-03-25,358.00,COMPLETED
9595,45,10,2024-05-03,2024-05-14,296.00,COMPLETED
9596,41,3,2026-07-19,2026-08-01,265.00,COMPLETED
9597,182,6,2025-01-17,2025-01-20,759.00,IN_PROGRESS
9598,346,6,2026-08-16,2026-08-26,692.00,COMPLETED
9599,57,3,2025-08-09,2025-08-17,806.00,COMPLETED
9600,357,4,2026-04-25,2026-05-02,544.00,IN_PROGRESS
9601,219,2,2025-05-06,2025-05-22,396.00,COMPLETED
9602,477,8,2023-02-11,2023-02-17,340.00,COMPLETED
9603,89,12,2025-01-20,2025-02-03,128.00,COMPLETED
9604,483,8,2024-02-10,2024-02-16,647.00,COMPLETED
9605,39,1,2023-12-28,2024-01-05,467.00,ON_HOLD
9606,409,6,2026-09-11,2026-09-20,258.00,COMPLETED
9607,200,3,2024-04-29,2024-05-04,914.00,COMPLETED
9608,245,1,2024-01-17,2024-01-29,298.00,ON_HOLD
9609,256,9,2025-12-10,2025-12-21,759.00,ON_HOLD
9610,360,2,2025-04-14,2025-04-18,382.00,COMPLETED
9611,323,7,2026-05-11,2026-05-24,330.00,COMPLETED
9612,497,1,2023-12-28,2024-01-03,765.00,COMPLETED
9613,490,6,2023-03-03,2023-03-08,395.00,COMPLETED
9614,370,6,2023-08-17,2023-08-31,189.00,IN_PROGRESS
9615,412,6,2026-07-11,2026-07-20,756.00,ON_HOLD
9616,251,7,2025-03-19,2025-03-24,486.00,COMPLETED
9617,410,7,2025-11-07,2025-11-11,382.00,IN_PROGRESS
9618,467,5,2023-03-18,2023-04-02,410.00,COMPLETED
9619,64,9,2026-03-11,2026-03-24,831.00,IN_PROGRESS
9620,320,11,2023-07-23,2023-08-08,517.00,COMPLETED
9621,167,10,2025-01-24,2025-02-01,237.00,COMPLETED
9622,116,7,2025-05-28,2025-06-07,997.00,COMPLETED
9623,306,10,2026-01-25,2026-02-05,857.00,COMPLETED
9624,243,9,2024-10-29,2024-11-01,721.00,COMPLETED
9625,5,4,2025-09-30,2025-10-10,670.00,COMPLETED
9626,342,10,2023-02-01,2023-02-04,136.00,COMPLETED
9627,432,5,2024-12-09,2024-12-24,927.00,COMPLETED
9628,32,11,2026-02-17,2026-02-28,494.00,COMPLETED
9629,99,10,2023-06-15,2023-06-22,436.00,IN_PROGRESS
9630,373,1,2023-07-23,2023-08-08,462.00,IN_PROGRESS
9631,107,12,2025-04-18,2025-04-25,437.00,COMPLETED
9632,138,10,2024-05-11,2024-05-15,624.00,COMPLETED
9633,223,11,2023-07-30,2023-08-05,87.00,ON_HOLD
9634,118,10,2025-08-27,2025-09-10,371.00,COMPLETED
9635,21,1,2024-02-24,2024-03-04,656.00,COMPLETED
9636,241,2,2025-03-07,2025-03-14,207.00,COMPLETED
9637,317,9,2026-02-10,2026-02-19,523.00,ON_HOLD
9638,308,8,2023-03-03,2023-03-17,340.00,IN_PROGRESS
9639,495,3,2025-12-28,2026-01-09,785.00,COMPLETED
9640,58,1,2023-10-20,2023-10-26,602.00,COMPLETED
9641,242,3,2025-08-13,2025-08-18,453.00,COMPLETED
9642,243,8,2023-05-03,2023-05-17,246.00,IN_PROGRESS
9643,80,12,2023-12-17,2023-12-21,606.00,IN_PROGRESS
9644,62,3,2023-05-03,2023-05-14,466.00,COMPLETED
9645,176,10,2024-12-24,2024-12-27,349.00,ON_HOLD
9646,159,1,2025-07-08,2025-07-17,248.00,COMPLETED
9647,481,9,2024-04-09,2024-04-18,71.00,COMPLETED
9648,283,5,2026-07-13,2026-07-19,356.00,COMPLETED
9649,125,7,2024-07-06,2024-07-20,711.00,COMPLETED
9650,423,5,2025-05-22,2025-05-27,340.00,COMPLETED
9651,370,2,2025-11-20,2025-11-25,791.00,IN_PROGRESS
9652,469,12,2026-04-07,2026-04-18,477.00,ON_HOLD
9653,209,12,2025-07-05,2025-07-09,829.00,COMPLETED
9654,264,2,2025-11-06,2025-11-19,476.00,COMPLETED
9655,441,12,2026-05-06,2026-05-12,635.00,COMPLETED
9656,400,3,2026-03-28,2026-04-07,544.00,COMPLETED
9657,170,5,2023-02-10,2023-02-21,250.00,COMPLETED
9658,196,8,2024-11-30,2024-12-14,126.00,COMPLETED
9659,98,4,2023-09-02,2023-09-15,623.00,COMPLETED
9660,123,7,2023-09-04,2023-09-14,407.00,ON_HOLD
9661,323,10,2023-10-10,2023-10-15,443.00,COMPLETED
9662,163,8,2025-09-03,2025-09-17,826.00,IN_PROGRESS
9663,191,10,2025-10-09,2025-10-22,531.00,COMPLETED
9664,416,6,2026-01-02,2026-01-13,256.00,COMPLETED
9665,43,3,2026-08-10,2026-08-13,204.00,COMPLETED
9666,205,8,2026-02-21,2026-02-28,584.00,ON_HOLD
9667,489,5,2025-01-30,2025-02-11,923.00,COMPLETED
9668,252,5,2026-05-22,2026-05-28,855.00,COMPLETED
9669,79,3,2026-04-14,2026-04-17,591.00,COMPLETED
9670,116,5,2023-02-03,2023-02-12,612.00,COMPLETED
9671,420,5,2023-12-17,2023-12-20,565.00,COMPLETED
9672,473,2,2026-01-12,2026-01-28,114.00,COMPLETED
9673,398,1,2023-03-25,2023-04-08,572.00,COMPLETED
9674,224,2,2023-09-18,2023-09-28,537.00,COMPLETED
9675,16,6,2025-02-13,2025-02-22,972.00,COMPLETED
9676,184,2,2025-08-09,2025-08-18,865.00,ON_HOLD
9677,416,8,2025-07-28,2025-08-09,485.00,COMPLETED
9678,491,9,2026-02-11,2026-02-19,686.00,IN_PROGRESS
9679,493,6,2025-08-28,2025-09-11,340.00,IN_PROGRESS
9680,56,2,2023-06-25,2023-07-07,247.00,COMPLETED
9681,145,11,2025-06-28,2025-07-12,83.00,ON_HOLD
9682,195,1,2025-10-05,2025-10-16,99.00,ON_HOLD
9683,355,6,2023-03-24,2023-04-04,455.00,COMPLETED
9684,98,8,2024-12-03,2024-12-09,504.00,COMPLETED
9685,334,9,2024-01-02,2024-01-08,187.00,ON_HOLD
9686,463,12,2024-11-27,2024-12-07,309.00,COMPLETED
9687,282,7,2025-01-05,2025-01-15,478.00,COMPLETED
9688,91,7,2026-04-07,2026-04-15,767.00,ON_HOLD
9689,3,2,2026-07-19,2026-07-29,256.00,COMPLETED
9690,231,4,2023-10-04,2023-10-10,723.00,COMPLETED
9691,25,1,2023-12-26,2024-01-03,595.00,COMPLETED
9692,418,8,2024-03-03,2024-03-19,424.00,COMPLETED
9693,418,11,2023-10-23,2023-10-30,507.00,COMPLETED
9694,356,8,2025-05-08,2025-05-13,481.00,COMPLETED
9695,22,4,2026-04-08,2026-04-13,733.00,ON_HOLD
9696,267,3,2023-09-05,2023-09-18,995.00,COMPLETED
9697,361,4,2026-05-25,2026-06-07,272.00,COMPLETED
9698,422,5,2025-11-01,2025-11-16,762.00,ON_HOLD
9699,218,5,2025-12-04,2025-12-20,106.00,COMPLETED
9700,344,12,2026-01-31,2026-02-11,252.00,COMPLETED
9701,79,7,2023-07-09,2023-07-24,553.00,COMPLETED
9702,256,7,2026-04-09,2026-04-23,913.00,IN_PROGRESS
9703,442,2,2024-06-05,2024-06-17,546.00,ON_HOLD
9704,157,7,2026-04-02,2026-04-13,249.00,COMPLETED
9705,417,4,2023-10-29,2023-11-14,598.00,COMPLETED
9706,481,11,2023-11-24,2023-11-29,331.00,ON_HOLD
9707,16,5,2026-09-06,2026-09-11,210.00,COMPLETED
9708,417,10,2024-06-04,2024-06-15,628.00,COMPLETED
9709,332,8,2026-03-31,2026-04-12,605.00,COMPLETED
9710,136,12,2025-04-30,2025-05-04,574.00,IN_PROGRESS
9711,122,6,2026-01-08,2026-01-14,640.00,ON_HOLD
9712,357,7,2023-08-16,2023-08-26,759.00,ON_HOLD
9713,298,11,2023-02-22,2023-02-25,167.00,ON_HOLD
9714,500,5,2023-04-23,2023-05-06,699.00,IN_PROGRESS
9715,40,5,2024-03-06,2024-03-20,509.00,ON_HOLD
9716,247,3,2023-04-02,2023-04-06,85.00,COMPLETED
9717,313,4,2025-06-20,2025-07-01,638.00,IN_PROGRESS
9718,52,6,2023-03-17,2023-03-21,848.00,IN_PROGRESS
9719,235,4,2025-10-09,2025-10-15,441.00,ON_HOLD
9720,418,5,2026-01-01,2026-01-14,409.00,COMPLETED
9721,316,12,2024-10-25,2024-11-07,851.00,COMPLETED
9722,215,9,2023-08-01,2023-08-06,664.00,ON_HOLD
9723,61,2,2023-03-27,2023-04-06,109.00,IN_PROGRESS
9724,48,10,2025-03-14,2025-03-26,572.00,COMPLETED
9725,479,6,2024-04-24,2024-05-09,782.00,COMPLETED
9726,173,1,2025-11-15,2025-11-27,441.00,COMPLETED
9727,148,11,2025-05-04,2025-05-14,811.00,IN_PROGRESS
9728,333,7,2025-06-06,2025-06-19,826.00,IN_PROGRESS
9729,22,12,2023-08-24,2023-09-06,959.00,COMPLETED
9730,13,9,2024-09-12,2024-09-22,913.00,COMPLETED
9731,329,6,2026-07-01,2026-07-08,396.00,ON_HOLD
9732,21,2,2023-03-24,2023-03-29,769.00,COMPLETED
9733,1,2,2024-07-24,2024-07-28,850.00,COMPLETED
9734,83,5,2023-08-21,2023-09-02,729.00,IN_PROGRESS
9735,474,10,2025-03-06,2025-03-21,430.00,ON_HOLD
9736,3,1,2025-10-20,2025-10-25,215.00,COMPLETED
9737,404,12,2024-12-09,2024-12-16,665.00,IN_PROGRESS
9738,256,11,2024-07-24,2024-08-06,874.00,IN_PROGRESS
9739,44,2,2026-03-28,2026-04-02,151.00,COMPLETED
9740,108,12,2023-06-03,2023-06-10,909.00,COMPLETED
9741,414,9,2025-07-09,2025-07-20,332.00,ON_HOLD
9742,315,9,2025-10-31,2025-11-04,404.00,COMPLETED
9743,386,2,2023-08-05,2023-08-11,53.00,ON_HOLD
9744,303,3,2025-04-09,2025-04-14,742.00,COMPLETED
9745,497,2,2023-03-26,2023-04-03,394.00,COMPLETED
9746,458,1,2025-09-27,2025-10-06,521.00,ON_HOLD
9747,114,1,2023-07-17,2023-07-26,638.00,COMPLETED
9748,364,1,2024-10-26,2024-11-07,102.00,ON_HOLD
9749,154,5,2024-05-11,2024-05-15,289.00,COMPLETED
9750,202,7,2024-04-04,2024-04-20,671.00,ON_HOLD
9751,120,5,2025-12-12,2025-12-23,281.00,COMPLETED
9752,40,9,2025-12-06,2025-12-20,952.00,IN_PROGRESS
9753,223,10,2024-10-04,2024-10-08,999.00,COMPLETED
9754,221,3,2026-03-13,2026-03-24,215.00,IN_PROGRESS
9755,181,8,2023-12-18,2023-12-25,97.00,COMPLETED
9756,6,11,2024-03-23,2024-04-05,277.00,IN_PROGRESS
9757,29,8,2024-06-23,2024-07-03,849.00,IN_PROGRESS
9758,221,9,2025-06-10,2025-06-26,550.00,IN_PROGRESS
9759,307,1,2025-12-20,2025-12-24,401.00,ON_HOLD
9760,192,12,2024-07-23,2024-08-08,580.00,IN_PROGRESS
9761,73,10,2023-01-01,2023-01-07,444.00,COMPLETED
9762,496,6,2026-09-22,2026-09-29,98.00,IN_PROGRESS
9763,157,1,2026-08-09,2026-08-15,753.00,COMPLETED
9764,89,1,2024-03-14,2024-03-27,87.00,IN_PROGRESS
9765,304,6,2026-01-26,2026-02-11,431.00,COMPLETED
9766,453,3,2023-09-28,2023-10-05,987.00,COMPLETED
9767,131,6,2024-02-03,2024-02-08,873.00,COMPLETED
9768,291,9,2024-08-31,2024-09-05,955.00,ON_HOLD
9769,97,11,2024-01-13,2024-01-24,761.00,ON_HOLD
9770,5,8,2026-05-08,2026-05-17,922.00,ON_HOLD
9771,99,10,2025-12-02,2025-12-06,811.00,COMPLETED
9772,102,5,2026-06-25,2026-07-09,304.00,IN_PROGRESS
9773,345,7,2025-11-29,2025-12-08,973.00,COMPLETED
9774,131,5,2023-09-15,2023-09-28,874.00,IN_PROGRESS
9775,200,5,2025-10-01,2025-10-07,344.00,ON_HOLD
9776,20,6,2025-01-01,2025-01-17,693.00,COMPLETED
9777,347,11,2024-09-03,2024-09-18,682.00,IN_PROGRESS
9778,482,8,2025-05-14,2025-05-24,509.00,COMPLETED
9779,479,2,2026-02-25,2026-03-03,140.00,COMPLETED
9780,431,7,2024-10-05,2024-10-15,73.00,ON_HOLD
9781,379,3,2024-10-25,2024-11-09,880.00,ON_HOLD
9782,152,2,2025-07-21,2025-07-27,787.00,COMPLETED
9783,391,3,2026-07-09,2026-07-22,333.00,COMPLETED
9784,296,6,2025-03-19,2025-03-22,186.00,COMPLETED
9785,414,3,2023-04-06,2023-04-19,324.00,COMPLETED
9786,115,5,2023-06-26,2023-07-10,237.00,IN_PROGRESS
9787,362,2,2025-11-25,2025-12-09,107.00,COMPLETED
9788,170,7,2024-06-14,2024-06-25,979.00,IN_PROGRESS
9789,185,6,2025-06-24,2025-07-05,804.00,IN_PROGRESS
9790,427,5,2026-03-13,2026-03-21,114.00,COMPLETED
9791,120,5,2025-04-18,2025-04-28,426.00,COMPLETED
9792,455,5,2023-08-21,2023-08-30,751.00,ON_HOLD
9793,199,8,2024-10-22,2024-11-03,74.00,COMPLETED
9794,46,1,2026-04-21,2026-04-25,415.00,COMPLETED
9795,28,6,2023-12-05,2023-12-11,423.00,COMPLETED
9796,286,11,2025-10-06,2025-10-11,504.00,IN_PROGRESS
9797,306,6,2026-08-02,2026-08-06,775.00,COMPLETED
9798,307,3,2025-09-28,2025-10-10,794.00,COMPLETED
9799,351,4,2025-03-08,2025-03-21,634.00,COMPLETED
9800,85,5,2026-04-18,2026-04-21,631.00,IN_PROGRESS
9801,40,1,2026-01-24,2026-02-01,650.00,COMPLETED
9802,120,3,2024-02-08,2024-02-15,582.00,COMPLETED
9803,106,8,2025-09-23,2025-10-03,879.00,COMPLETED
9804,260,2,2025-02-27,2025-03-07,524.00,COMPLETED
9805,307,9,2024-05-30,2024-06-04,789.00,ON_HOLD
9806,142,3,2026-03-05,2026-03-10,172.00,COMPLETED
9807,170,12,2026-08-28,2026-09-02,111.00,ON_HOLD
9808,385,5,2024-08-10,2024-08-14,763.00,COMPLETED
9809,179,12,2023-04-18,2023-04-27,403.00,COMPLETED
9810,202,11,2025-08-12,2025-08-21,871.00,COMPLETED
9811,80,4,2025-04-21,2025-04-25,410.00,IN_PROGRESS
9812,231,11,2024-05-27,2024-06-12,569.00,IN_PROGRESS
9813,316,2,2024-05-24,2024-06-08,150.00,COMPLETED
9814,108,1,2023-02-21,2023-02-24,509.00,ON_HOLD
9815,436,9,2026-01-11,2026-01-26,962.00,ON_HOLD
9816,339,8,2023-05-04,2023-05-11,846.00,COMPLETED
9817,463,4,2026-04-19,2026-05-04,101.00,IN_PROGRESS
9818,111,1,2023-05-16,2023-05-20,482.00,COMPLETED
9819,89,6,2023-10-30,2023-11-11,737.00,COMPLETED
9820,130,6,2024-04-02,2024-04-18,129.00,COMPLETED
9821,297,4,2023-01-13,2023-01-25,122.00,IN_PROGRESS
9822,234,5,2026-04-07,2026-04-22,365.00,IN_PROGRESS
9823,262,7,2024-09-17,2024-09-27,560.00,COMPLETED
9824,160,8,2024-03-06,2024-03-10,239.00,IN_PROGRESS
9825,89,1,2023-02-08,2023-02-11,389.00,COMPLETED
9826,106,1,2023-11-26,2023-12-02,654.00,COMPLETED
9827,351,7,2025-04-26,2025-05-05,502.00,COMPLETED
9828,492,9,2025-06-21,2025-07-01,105.00,COMPLETED
9829,221,3,2025-03-19,2025-03-28,58.00,COMPLETED
9830,91,10,2023-08-24,2023-09-02,492.00,COMPLETED
9831,432,5,2023-01-06,2023-01-15,316.00,COMPLETED
9832,246,5,2025-06-03,2025-06-12,808.00,ON_HOLD
9833,463,12,2023-10-23,2023-10-26,765.00,COMPLETED
9834,323,9,2026-02-25,2026-03-01,495.00,COMPLETED
9835,48,6,2025-09-10,2025-09-24,622.00,COMPLETED
9836,243,7,2023-02-19,2023-03-05,229.00,COMPLETED
9837,472,1,2025-09-09,2025-09-19,901.00,COMPLETED
9838,466,8,2025-05-18,2025-05-31,727.00,IN_PROGRESS
9839,292,9,2024-09-01,2024-09-13,138.00,COMPLETED
9840,79,4,2025-11-28,2025-12-01,871.00,ON_HOLD
9841,23,9,2025-01-29,2025-02-06,742.00,COMPLETED
9842,485,5,2025-06-18,2025-06-23,199.00,ON_HOLD
9843,196,10,2023-01-08,2023-01-13,462.00,COMPLETED
9844,19,6,2026-09-18,2026-09-25,832.00,IN_PROGRESS
9845,254,6,2023-10-11,2023-10-21,472.00,COMPLETED
9846,484,1,2023-11-22,2023-12-04,206.00,ON_HOLD
9847,61,12,2024-07-01,2024-07-04,947.00,COMPLETED
9848,312,6,2024-03-01,2024-03-15,686.00,COMPLETED
9849,202,3,2025-09-22,2025-10-04,159.00,ON_HOLD
9850,245,3,2023-08-19,2023-08-25,429.00,COMPLETED
9851,369,12,2026-01-22,2026-01-30,543.00,IN_PROGRESS
9852,16,10,2025-08-10,2025-08-24,135.00,COMPLETED
9853,356,6,2023-10-29,2023-11-09,381.00,COMPLETED
9854,199,2,2023-06-15,2023-06-26,685.00,COMPLETED
9855,132,8,2026-03-27,2026-04-05,969.00,COMPLETED
9856,423,4,2023-08-15,2023-08-21,877.00,IN_PROGRESS
9857,473,5,2023-03-10,2023-03-24,196.00,COMPLETED
9858,317,4,2024-07-06,2024-07-10,404.00,IN_PROGRESS
9859,62,3,2024-06-04,2024-06-10,474.00,COMPLETED
9860,129,7,2025-05-25,2025-06-09,340.00,COMPLETED
9861,451,10,2024-09-21,2024-09-30,211.00,IN_PROGRESS
9862,242,10,2026-01-15,2026-01-23,596.00,COMPLETED
9863,74,7,2024-02-29,2024-03-07,139.00,COMPLETED
9864,187,11,2023-01-06,2023-01-13,187.00,COMPLETED
9865,76,4,2024-04-26,2024-05-11,139.00,ON_HOLD
9866,158,12,2024-05-18,2024-05-23,840.00,COMPLETED
9867,334,1,2024-07-12,2024-07-26,899.00,COMPLETED
9868,353,8,2024-05-25,2024-06-02,491.00,COMPLETED
9869,418,7,2025-12-11,2025-12-27,222.00,COMPLETED
9870,407,2,2023-05-29,2023-06-06,812.00,COMPLETED
9871,55,8,2025-05-20,2025-05-29,681.00,COMPLETED
9872,317,3,2026-01-05,2026-01-20,472.00,COMPLETED
9873,35,4,2025-11-24,2025-11-29,451.00,COMPLETED
9874,61,5,2023-06-18,2023-06-25,674.00,COMPLETED
9875,310,8,2025-09-21,2025-09-28,348.00,ON_HOLD
9876,385,7,2026-02-04,2026-02-13,308.00,COMPLETED
9877,96,7,2025-04-01,2025-04-16,762.00,COMPLETED
9878,401,12,2025-07-31,2025-08-10,76.00,COMPLETED
9879,428,9,2023-03-06,2023-03-16,991.00,IN_PROGRESS
9880,10,6,2023-10-07,2023-10-17,146.00,IN_PROGRESS
9881,471,7,2024-04-02,2024-04-09,947.00,ON_HOLD
9882,388,12,2025-12-19,2026-01-02,905.00,COMPLETED
9883,178,9,2024-04-22,2024-04-25,562.00,COMPLETED
9884,6,2,2024-12-24,2025-01-07,280.00,COMPLETED
9885,339,1,2025-02-10,2025-02-20,755.00,IN_PROGRESS
9886,187,5,2026-05-03,2026-05-11,429.00,COMPLETED
9887,15,6,2023-10-01,2023-10-06,96.00,ON_HOLD
9888,372,10,2023-10-05,2023-10-11,861.00,COMPLETED
9889,404,7,2023-11-06,2023-11-20,676.00,COMPLETED
9890,183,11,2023-10-11,2023-10-27,867.00,COMPLETED
9891,447,7,2025-02-24,2025-03-12,269.00,ON_HOLD
9892,305,6,2024-12-28,2025-01-02,257.00,ON_HOLD
9893,204,6,2024-08-22,2024-08-27,383.00,COMPLETED
9894,65,10,2023-05-09,2023-05-16,530.00,ON_HOLD
9895,222,5,2025-01-11,2025-01-15,463.00,ON_HOLD
9896,219,3,2025-03-28,2025-04-07,870.00,IN_PROGRESS
9897,6,3,2023-03-22,2023-04-01,374.00,ON_HOLD
9898,202,5,2023-06-09,2023-06-17,837.00,COMPLETED
9899,404,3,2025-05-03,2025-05-07,246.00,COMPLETED
9900,363,11,2023-03-19,2023-03-26,760.00,ON_HOLD
9901,306,5,2023-11-06,2023-11-16,541.00,IN_PROGRESS
9902,318,11,2025-07-20,2025-07-24,103.00,IN_PROGRESS
9903,405,8,2023-11-21,2023-12-06,218.00,ON_HOLD
9904,430,8,2024-12-19,2024-12-24,53.00,COMPLETED
9905,154,10,2024-07-28,2024-08-01,477.00,ON_HOLD
9906,419,10,2023-10-15,2023-10-22,855.00,COMPLETED
9907,464,6,2025-06-19,2025-06-24,937.00,ON_HOLD
9908,20,8,2026-03-10,2026-03-14,707.00,COMPLETED
9909,354,3,2023-12-24,2024-01-04,890.00,COMPLETED
9910,265,1,2024-08-23,2024-09-03,383.00,COMPLETED
9911,161,10,2025-07-16,2025-07-19,50.00,IN_PROGRESS
9912,199,3,2026-07-02,2026-07-12,520.00,COMPLETED
9913,202,1,2025-09-22,2025-10-04,721.00,COMPLETED
9914,494,6,2025-07-01,2025-07-17,930.00,ON_HOLD
9915,68,9,2023-11-27,2023-12-13,753.00,IN_PROGRESS
9916,387,9,2023-09-02,2023-09-12,163.00,IN_PROGRESS
9917,153,2,2023-02-15,2023-02-27,644.00,COMPLETED
9918,385,4,2025-04-10,2025-04-13,95.00,COMPLETED
9919,73,1,2025-06-15,2025-06-20,291.00,COMPLETED
9920,343,2,2026-04-12,2026-04-27,568.00,COMPLETED
9921,303,5,2025-10-01,2025-10-11,168.00,COMPLETED
9922,117,8,2023-03-05,2023-03-11,974.00,ON_HOLD
9923,155,4,2025-05-22,2025-06-07,590.00,COMPLETED
9924,60,4,2025-05-20,2025-06-01,295.00,COMPLETED
9925,4,6,2026-08-25,2026-09-06,792.00,COMPLETED
9926,232,2,2024-10-02,2024-10-15,276.00,ON_HOLD
9927,56,3,2026-06-05,2026-06-17,557.00,COMPLETED
9928,182,1,2024-06-27,2024-07-08,430.00,COMPLETED
9929,340,5,2024-03-28,2024-04-06,201.00,COMPLETED
9930,371,12,2024-03-30,2024-04-08,816.00,COMPLETED
9931,62,2,2023-10-05,2023-10-13,689.00,COMPLETED
9932,439,4,2024-06-13,2024-06-21,100.00,IN_PROGRESS
9933,75,4,2024-12-27,2024-12-30,487.00,COMPLETED
9934,88,9,2024-02-17,2024-02-20,509.00,ON_HOLD
9935,171,9,2025-01-12,2025-01-16,226.00,COMPLETED
9936,189,7,2023-06-24,2023-07-07,652.00,COMPLETED
9937,130,11,2023-09-26,2023-10-10,343.00,COMPLETED
9938,27,8,2024-03-17,2024-03-20,696.00,COMPLETED
9939,64,2,2026-05-20,2026-06-05,412.00,COMPLETED
9940,365,8,2026-05-11,2026-05-24,505.00,COMPLETED
9941,198,4,2025-09-04,2025-09-07,875.00,COMPLETED
9942,394,9,2026-05-18,2026-05-27,787.00,COMPLETED
9943,25,9,2024-04-09,2024-04-19,520.00,COMPLETED
9944,443,3,2025-06-23,2025-06-28,171.00,COMPLETED
9945,494,2,2025-04-06,2025-04-17,560.00,COMPLETED
9946,250,3,2024-10-04,2024-10-11,640.00,COMPLETED
9947,69,9,2024-10-17,2024-10-23,727.00,IN_PROGRESS
9948,409,12,2025-05-23,2025-06-08,103.00,COMPLETED
9949,49,6,2026-05-26,2026-06-08,78.00,COMPLETED
9950,123,10,2023-12-13,2023-12-23,444.00,IN_PROGRESS
9951,47,2,2023-09-29,2023-10-11,431.00,IN_PROGRESS
9952,142,8,2023-08-30,2023-09-04,825.00,COMPLETED
9953,331,4,2024-10-27,2024-10-30,428.00,ON_HOLD
9954,447,3,2026-02-02,2026-02-12,700.00,ON_HOLD
9955,44,2,2023-05-11,2023-05-24,518.00,COMPLETED
9956,339,7,2024-07-16,2024-07-24,140.00,COMPLETED
9957,333,4,2025-01-18,2025-01-23,115.00,COMPLETED
9958,103,10,2025-12-04,2025-12-19,912.00,COMPLETED
9959,204,2,2026-04-29,2026-05-13,793.00,COMPLETED
9960,220,1,2024-04-20,2024-04-28,370.00,COMPLETED
9961,225,3,2023-10-17,2023-10-23,118.00,ON_HOLD
9962,115,2,2026-09-28,2026-10-12,317.00,COMPLETED
9963,414,9,2023-09-23,2023-10-08,600.00,COMPLETED
9964,458,7,2024-07-20,2024-07-24,57.00,COMPLETED
9965,422,10,2023-07-14,2023-07-22,875.00,COMPLETED
9966,160,6,2024-02-17,2024-02-21,576.00,COMPLETED
9967,122,10,2023-06-24,2023-07-04,724.00,COMPLETED
9968,134,9,2026-02-21,2026-03-04,466.00,COMPLETED
9969,315,9,2025-06-09,2025-06-18,878.00,COMPLETED
9970,71,2,2026-07-10,2026-07-14,239.00,COMPLETED
9971,313,7,2026-07-22,2026-07-27,481.00,COMPLETED
9972,466,11,2024-11-04,2024-11-17,904.00,ON_HOLD
9973,262,1,2023-11-30,2023-12-06,366.00,COMPLETED
9974,155,9,2023-06-10,2023-06-25,588.00,COMPLETED
9975,469,5,2024-09-26,2024-10-03,772.00,COMPLETED
9976,470,1,2026-06-29,2026-07-13,942.00,IN_PROGRESS
9977,263,8,2025-07-21,2025-07-26,557.00,COMPLETED
9978,285,9,2024-06-12,2024-06-20,485.00,ON_HOLD
9979,95,1,2023-01-02,2023-01-07,292.00,COMPLETED
9980,334,5,2026-05-24,2026-05-28,482.00,COMPLETED
9981,470,7,2023-10-30,2023-11-12,522.00,COMPLETED
9982,390,4,2025-03-27,2025-04-12,853.00,COMPLETED
9983,149,11,2023-01-26,2023-02-04,293.00,COMPLETED
9984,8,4,2023-05-29,2023-06-07,454.00,IN_PROGRESS
9985,347,3,2025-03-18,2025-03-25,310.00,IN_PROGRESS
9986,299,6,2023-06-06,2023-06-22,440.00,IN_PROGRESS
9987,348,9,2023-05-07,2023-05-16,139.00,COMPLETED
9988,396,1,2025-10-13,2025-10-24,894.00,COMPLETED
9989,288,5,2023-01-05,2023-01-13,612.00,COMPLETED
9990,222,2,2026-06-30,2026-07-15,753.00,COMPLETED
9991,261,11,2025-04-24,2025-05-08,325.00,IN_PROGRESS
9992,468,12,2023-03-29,2023-04-05,249.00,COMPLETED
9993,456,3,2026-02-16,2026-02-19,173.00,ON_HOLD
9994,156,12,2023-05-13,2023-05-27,675.00,COMPLETED
9995,335,10,2024-03-08,2024-03-23,601.00,COMPLETED
9996,221,4,2025-08-22,2025-09-04,780.00,COMPLETED
9997,152,4,2026-04-22,2026-04-26,813.00,IN_PROGRESS
9998,79,9,2024-03-03,2024-03-06,356.00,COMPLETED
9999,139,3,2026-07-25,2026-08-09,194.00,COMPLETED
10000,479,5,2026-02-02,2026-02-17,678.00,ON_HOLD
